date,nav,nav_acc,daily_ret,suspicious_jump
2014-06-20,1.0,1.0,0.0,False
2014-06-27,1.005,1.005,0.0,False
2014-06-30,1.013,1.013,0.00796,False
2014-07-04,1.015,1.015,0.0,False
2014-07-11,0.997,0.997,0.0,False
2014-07-18,0.98,0.98,0.0,False
2014-07-25,0.995,0.995,0.0,False
2014-07-31,1.016,1.016,0.0,False
2014-08-01,1.0,1.0,-0.015747999999999998,False
2014-08-04,1.013,1.013,0.013000000000000001,False
2014-08-05,1.019,1.019,0.005923,False
2014-08-06,1.034,1.034,0.01472,False
2014-08-07,1.029,1.029,-0.004836,False
2014-08-08,1.039,1.039,0.009718,False
2014-08-11,1.046,1.046,0.006737,False
2014-08-12,1.043,1.043,-0.002868,False
2014-08-13,1.033,1.033,-0.009588,False
2014-08-14,1.027,1.027,-0.005808,False
2014-08-15,1.041,1.041,0.013632,False
2014-08-18,1.054,1.054,0.012487999999999999,False
2014-08-19,1.057,1.057,0.002846,False
2014-08-20,1.054,1.054,-0.002838,False
2014-08-21,1.059,1.059,0.004744,False
2014-08-22,1.062,1.062,0.002833,False
2014-08-25,1.053,1.053,-0.008475,False
2014-08-26,1.039,1.039,-0.013295,False
2014-08-27,1.04,1.04,0.000962,False
2014-08-28,1.03,1.03,-0.009615,False
2014-08-29,1.042,1.042,0.01165,False
2014-09-01,1.059,1.059,0.016315,False
2014-09-02,1.069,1.069,0.009443,False
2014-09-03,1.077,1.077,0.007483999999999999,False
2014-09-04,1.088,1.088,0.010214,False
2014-09-05,1.088,1.088,0.0,False
2014-09-09,1.091,1.091,0.002757,False
2014-09-10,1.093,1.093,0.001833,False
2014-09-11,1.099,1.099,0.005489000000000001,False
2014-09-12,1.106,1.106,0.0063690000000000005,False
2014-09-15,1.112,1.112,0.005425,False
2014-09-16,1.078,1.078,-0.030576,False
2014-09-17,1.081,1.081,0.002783,False
2014-09-18,1.085,1.085,0.0037,False
2014-09-19,1.095,1.095,0.009217,False
2014-09-22,1.082,1.082,-0.011872,False
2014-09-23,1.086,1.086,0.0036969999999999998,False
2014-09-24,1.094,1.094,0.007366,False
2014-09-25,1.095,1.095,0.000914,False
2014-09-26,1.1,1.1,0.004566,False
2014-09-29,1.115,1.115,0.013635999999999999,False
2014-09-30,1.127,1.127,0.010762,False
2014-10-08,1.136,1.136,0.007986,False
2014-10-09,1.145,1.145,0.007923,False
2014-10-10,1.151,1.151,0.00524,False
2014-10-13,1.148,1.148,-0.002606,False
2014-10-14,1.143,1.143,-0.004355,False
2014-10-15,1.155,1.155,0.010499000000000001,False
2014-10-16,1.135,1.135,-0.017316,False
2014-10-17,1.127,1.127,-0.007048,False
2014-10-20,1.147,1.147,0.017745999999999998,False
2014-10-21,1.141,1.141,-0.005231,False
2014-10-22,1.122,1.122,-0.016652,False
2014-10-23,1.106,1.106,-0.01426,False
2014-10-24,1.118,1.118,0.01085,False
2014-10-27,1.132,1.132,0.012522,False
2014-10-28,1.161,1.161,0.025618,False
2014-10-29,1.167,1.167,0.005168000000000001,False
2014-10-30,1.167,1.167,0.0,False
2014-10-31,1.155,1.155,-0.010283,False
2014-11-03,1.164,1.164,0.007792,False
2014-11-04,1.148,1.148,-0.013746000000000001,False
2014-11-05,1.148,1.148,0.0,False
2014-11-06,1.165,1.165,0.014807999999999998,False
2014-11-07,1.168,1.168,0.002575,False
2014-11-10,1.168,1.168,0.0,False
2014-11-11,1.13,1.13,-0.032534,False
2014-11-12,1.142,1.142,0.010619,False
2014-11-13,1.123,1.123,-0.016637,False
2014-11-14,1.116,1.116,-0.006233,False
2014-11-17,1.135,1.135,0.017025,False
2014-11-18,1.136,1.136,0.000881,False
2014-11-19,1.154,1.154,0.015845,False
2014-11-20,1.15,1.15,-0.0034660000000000003,False
2014-11-21,1.167,1.167,0.014783,False
2014-11-24,1.178,1.178,0.009426,False
2014-11-25,1.199,1.199,0.017827,False
2014-11-26,1.208,1.208,0.0075060000000000005,False
2014-11-27,1.211,1.211,0.002483,False
2014-11-28,1.214,1.214,0.002477,False
2014-12-01,1.21,1.21,-0.003295,False
2014-12-02,1.223,1.223,0.010744,False
2014-12-03,1.225,1.225,0.0016350000000000002,False
2014-12-04,1.273,1.273,0.039184000000000004,False
2014-12-05,1.233,1.233,-0.031422,False
2014-12-08,1.199,1.199,-0.027575,False
2014-12-09,1.127,1.127,-0.06005,False
2014-12-10,1.17,1.17,0.038154,False
2014-12-11,1.186,1.186,0.013675,False
2014-12-12,1.221,1.221,0.029511,False
2014-12-15,1.26,1.26,0.031941000000000004,False
2014-12-16,1.259,1.259,-0.000794,False
2014-12-17,1.258,1.258,-0.000794,False
2014-12-18,1.249,1.249,-0.007154000000000001,False
2014-12-19,1.215,1.215,-0.027222,False
2014-12-22,1.136,1.136,-0.06502100000000001,False
2014-12-23,1.112,1.112,-0.021126999999999996,False
2014-12-24,1.137,1.137,0.022482000000000002,False
2014-12-25,1.155,1.155,0.015830999999999998,False
2014-12-26,1.158,1.158,0.002597,False
2014-12-29,1.121,1.121,-0.031952,False
2014-12-30,1.087,1.087,-0.03033,False
2014-12-31,1.105,1.105,0.016559,False
2015-01-05,1.089,1.089,-0.01448,False
2015-01-06,1.124,1.124,0.03214,False
2015-01-07,1.119,1.119,-0.004448,False
2015-01-08,1.127,1.127,0.007149,False
2015-01-09,1.133,1.133,0.005324,False
2015-01-12,1.158,1.158,0.022065,False
2015-01-13,1.179,1.179,0.018135,False
2015-01-14,1.177,1.177,-0.001696,False
2015-01-15,1.177,1.177,0.0,False
2015-01-16,1.207,1.207,0.025489,False
2015-01-19,1.17,1.17,-0.030655,False
2015-01-20,1.216,1.216,0.039316,False
2015-01-21,1.232,1.232,0.013158000000000001,False
2015-01-22,1.249,1.249,0.013798999999999999,False
2015-01-23,1.222,1.222,-0.021617,False
2015-01-26,1.251,1.251,0.023732000000000003,False
2015-01-27,1.255,1.255,0.0031969999999999998,False
2015-01-28,1.242,1.242,-0.010359,False
2015-01-29,1.233,1.233,-0.007246,False
2015-01-30,1.218,1.218,-0.012164999999999999,False
2015-02-02,1.225,1.225,0.0057469999999999995,False
2015-02-03,1.254,1.254,0.023673000000000003,False
2015-02-04,1.256,1.256,0.001595,False
2015-02-05,1.254,1.254,-0.001592,False
2015-02-06,1.234,1.234,-0.015949,False
2015-02-09,1.223,1.223,-0.008914,False
2015-02-10,1.239,1.239,0.013083000000000001,False
2015-02-11,1.266,1.266,0.021792,False
2015-02-12,1.275,1.275,0.007109,False
2015-02-13,1.292,1.292,0.013333,False
2015-02-16,1.328,1.328,0.027864,False
2015-02-17,1.329,1.329,0.0007530000000000001,False
2015-02-25,1.309,1.309,-0.015049,False
2015-02-26,1.307,1.307,-0.0015279999999999998,False
2015-02-27,1.321,1.321,0.010712,False
2015-03-02,1.356,1.356,0.026495,False
2015-03-03,1.334,1.334,-0.016224000000000002,False
2015-03-04,1.344,1.344,0.007496,False
2015-03-05,1.344,1.344,0.0,False
2015-03-06,1.326,1.326,-0.013392999999999999,False
2015-03-09,1.35,1.35,0.0181,False
2015-03-10,1.37,1.37,0.014815,False
2015-03-11,1.371,1.371,0.00073,False
2015-03-12,1.351,1.351,-0.014588,False
2015-03-13,1.369,1.369,0.013323,False
2015-03-16,1.417,1.417,0.035062,False
2015-03-17,1.437,1.437,0.014114,False
2015-03-18,1.465,1.465,0.019485,False
2015-03-19,1.471,1.471,0.004096,False
2015-03-20,1.495,1.495,0.016315,False
2015-03-23,1.55,1.55,0.036789,False
2015-03-24,1.562,1.562,0.007742,False
2015-03-25,1.568,1.568,0.003841,False
2015-03-26,1.533,1.533,-0.022321,False
2015-03-27,1.558,1.558,0.016308,False
2015-03-30,1.558,1.558,0.0,False
2015-03-31,1.574,1.574,0.01027,False
2015-04-01,1.606,1.606,0.02033,False
2015-04-02,1.629,1.629,0.014320999999999999,False
2015-04-03,1.637,1.637,0.004911,False
2015-04-07,1.657,1.657,0.012217,False
2015-04-08,1.64,1.64,-0.01026,False
2015-04-09,1.631,1.631,-0.005488,False
2015-04-10,1.657,1.657,0.015941,False
2015-04-13,1.672,1.672,0.009053,False
2015-04-14,1.66,1.66,-0.007177,False
2015-04-15,1.6,1.6,-0.036145000000000004,False
2015-04-16,1.628,1.628,0.0175,False
2015-04-17,1.632,1.632,0.002457,False
2015-04-20,1.593,1.593,-0.023896999999999998,False
2015-04-21,1.659,1.659,0.041430999999999996,False
2015-04-22,1.715,1.715,0.033755,False
2015-04-23,1.744,1.744,0.01691,False
2015-04-24,1.732,1.732,-0.006881000000000001,False
2015-04-27,1.757,1.757,0.014434,False
2015-04-28,1.721,1.721,-0.020489,False
2015-04-29,1.764,1.764,0.024985,False
2015-04-30,1.797,1.797,0.018707,False
2015-05-04,1.792,1.792,-0.002782,False
2015-05-05,1.72,1.72,-0.040179,False
2015-05-06,1.73,1.73,0.005814000000000001,False
2015-05-07,1.717,1.717,-0.007514,False
2015-05-08,1.783,1.783,0.038439,False
2015-05-11,1.857,1.857,0.041503,False
2015-05-12,1.906,1.906,0.026387,False
2015-05-13,1.9,1.9,-0.003148,False
2015-05-14,1.885,1.885,-0.007895,False
2015-05-15,1.891,1.891,0.003183,False
2015-05-18,1.957,1.957,0.034902,False
2015-05-19,1.979,1.979,0.011242,False
2015-05-20,2.037,2.037,0.029308,False
2015-05-21,2.102,2.102,0.03191,False
2015-05-22,2.092,2.092,-0.004757,False
2015-05-25,2.108,2.108,0.007648,False
2015-05-26,2.19,2.19,0.038898999999999996,False
2015-05-27,2.223,2.223,0.015068,False
2015-05-28,2.119,2.119,-0.046784,False
2015-05-29,2.183,2.183,0.030203,False
2015-06-01,2.286,2.286,0.047183,False
2015-06-02,2.383,2.383,0.042432,False
2015-06-03,2.408,2.408,0.010490999999999999,False
2015-06-04,2.412,2.412,0.001661,False
2015-06-05,2.394,2.394,-0.007463,False
2015-06-08,2.292,2.292,-0.042607,False
2015-06-09,2.294,2.294,0.0008730000000000001,False
2015-06-10,2.355,2.355,0.026591,False
2015-06-11,2.393,2.393,0.016135999999999998,False
2015-06-12,2.439,2.439,0.019223,False
2015-06-15,2.377,2.377,-0.025419999999999998,False
2015-06-16,2.264,2.264,-0.047539,False
2015-06-17,2.324,2.324,0.026501999999999998,False
2015-06-18,2.224,2.224,-0.043029000000000005,False
2015-06-19,2.103,2.103,-0.054405999999999996,False
2015-06-23,2.128,2.128,0.011888000000000001,False
2015-06-24,2.145,2.145,0.007989000000000001,False
2015-06-25,2.035,2.035,-0.051281999999999994,False
2015-06-26,1.868,1.868,-0.082064,False
2015-06-29,1.689,1.689,-0.09582399999999999,False
2015-06-30,1.779,1.779,0.053286,False
2015-07-01,1.681,1.681,-0.055087000000000004,False
2015-07-02,1.56,1.56,-0.071981,False
2015-07-03,1.47,1.47,-0.05769199999999999,False
2015-07-06,1.407,1.407,-0.042857000000000006,False
2015-07-07,1.324,1.324,-0.058990999999999995,False
2015-07-08,1.303,1.303,-0.015861,False
2015-07-09,1.288,1.288,-0.011512,False
2015-07-10,1.33,1.33,0.032609,False
2015-07-13,1.387,1.387,0.042857000000000006,False
2015-07-14,1.425,1.425,0.027397,False
2015-07-15,1.365,1.365,-0.042105,False
2015-07-16,1.376,1.376,0.008059,False
2015-07-17,1.449,1.449,0.053052,False
2015-07-20,1.5,1.5,0.035197,False
2015-07-21,1.546,1.546,0.030667,False
2015-07-22,1.581,1.581,0.022639,False
2015-07-23,1.626,1.626,0.028463,False
2015-07-24,1.618,1.618,-0.00492,False
2015-07-27,1.505,1.505,-0.069839,False
2015-07-28,1.451,1.451,-0.03588,False
2015-07-29,1.515,1.515,0.044108,False
2015-07-30,1.454,1.454,-0.040263999999999994,False
2015-07-31,1.427,1.427,-0.018569,False
2015-08-03,1.357,1.357,-0.049054,False
2015-08-04,1.445,1.445,0.06484899999999999,False
2015-08-05,1.439,1.439,-0.004152,False
2015-08-06,1.442,1.442,0.002085,False
2015-08-07,1.498,1.498,0.038835,False
2015-08-10,1.582,1.582,0.056075,False
2015-08-11,1.592,1.592,0.006321,False
2015-08-12,1.555,1.555,-0.023241,False
2015-08-13,1.586,1.586,0.019936,False
2015-08-14,1.58,1.58,-0.0037830000000000003,False
2015-08-17,1.579,1.579,-0.000633,False
2015-08-18,1.456,1.456,-0.077897,False
2015-08-19,1.498,1.498,0.028845999999999997,False
2015-08-20,1.454,1.454,-0.029372,False
2015-08-21,1.355,1.355,-0.068088,False
2015-08-24,1.24,1.24,-0.084871,False
2015-08-25,1.137,1.137,-0.083065,False
2015-08-26,1.097,1.097,-0.035179999999999996,False
2015-08-27,1.152,1.152,0.050137,False
2015-08-28,1.227,1.227,0.065104,False
2015-08-31,1.178,1.178,-0.039935,False
2015-09-01,1.092,1.092,-0.073005,False
2015-09-02,1.06,1.06,-0.029304,False
2015-09-07,1.074,1.074,0.013208,False
2015-09-08,1.137,1.137,0.058658999999999996,False
2015-09-09,1.194,1.194,0.050132,False
2015-09-10,1.183,1.183,-0.009213,False
2015-09-11,1.199,1.199,0.013525,False
2015-09-14,1.086,1.086,-0.094245,False
2015-09-15,1.02,1.02,-0.060773,False
2015-09-16,1.108,1.108,0.08627499999999999,False
2015-09-17,1.106,1.106,-0.001805,False
2015-09-18,1.138,1.138,0.028933,False
2015-09-21,1.202,1.202,0.056239,False
2015-09-22,1.21,1.21,0.006656,False
2015-09-23,1.21,1.21,0.0,False
2015-09-24,1.217,1.217,0.005785,False
2015-09-25,1.164,1.164,-0.043550000000000005,False
2015-09-28,1.224,1.224,0.051546,False
2015-09-29,1.214,1.214,-0.00817,False
2015-09-30,1.218,1.218,0.003295,False
2015-10-08,1.282,1.282,0.052545,False
2015-10-09,1.315,1.315,0.025741,False
2015-10-12,1.368,1.368,0.040304,False
2015-10-13,1.393,1.393,0.018275,False
2015-10-14,1.361,1.361,-0.022972000000000003,False
2015-10-15,1.421,1.421,0.044085,False
2015-10-16,1.448,1.448,0.019001,False
2015-10-19,1.442,1.442,-0.004144,False
2015-10-20,1.491,1.491,0.033981,False
2015-10-21,1.375,1.375,-0.07780000000000001,False
2015-10-22,1.433,1.433,0.042182000000000004,False
2015-10-23,1.473,1.473,0.027913,False
2015-10-26,1.487,1.487,0.009504,False
2015-10-27,1.509,1.509,0.014795,False
2015-10-28,1.473,1.473,-0.023857,False
2015-10-29,1.483,1.483,0.006789,False
2015-10-30,1.507,1.507,0.016183,False
2015-11-02,1.462,1.462,-0.029861,False
2015-11-03,1.457,1.457,-0.0034200000000000003,False
2015-11-04,1.556,1.556,0.06794800000000001,False
2015-11-05,1.561,1.561,0.0032129999999999997,False
2015-11-06,1.633,1.633,0.046124,False
2015-11-09,1.686,1.686,0.032456,False
2015-11-10,1.733,1.733,0.027877,False
2015-11-11,1.767,1.767,0.019619,False
2015-11-12,1.742,1.742,-0.014148,False
2015-11-13,1.686,1.686,-0.032147,False
2015-11-16,1.748,1.748,0.036773,False
2015-11-17,1.727,1.727,-0.012014,False
2015-11-18,1.691,1.691,-0.020845,False
2015-11-19,1.755,1.755,0.037847,False
2015-11-20,1.785,1.785,0.017094,False
2015-11-23,1.76,1.76,-0.014006000000000001,False
2015-11-24,1.775,1.775,0.008523,False
2015-11-25,1.847,1.847,0.040563,False
2015-11-26,1.817,1.817,-0.016243,False
2015-11-27,1.695,1.695,-0.06714400000000001,False
2015-11-30,1.708,1.708,0.00767,False
2015-12-01,1.679,1.679,-0.016979,False
2015-12-02,1.643,1.643,-0.021440999999999998,False
2015-12-03,1.706,1.706,0.038344,False
2015-12-04,1.713,1.713,0.004103,False
2015-12-07,1.755,1.755,0.024517999999999998,False
2015-12-08,1.752,1.752,-0.001709,False
2015-12-09,1.759,1.759,0.003995,False
2015-12-10,1.753,1.753,-0.003411,False
2015-12-11,1.743,1.743,-0.005705,False
2015-12-14,1.75,1.75,0.0040160000000000005,False
2015-12-15,1.779,1.779,0.016571,False
2015-12-16,1.8,1.8,0.011803999999999999,False
2015-12-17,1.849,1.849,0.027222,False
2015-12-18,1.835,1.835,-0.007572,False
2015-12-21,1.815,1.815,-0.010899,False
2015-12-22,1.822,1.822,0.0038569999999999998,False
2015-12-23,1.786,1.786,-0.019759,False
2015-12-24,1.796,1.796,0.005599,False
2015-12-25,1.831,1.831,0.019488000000000002,False
2015-12-28,1.823,1.823,-0.0043690000000000005,False
2015-12-29,1.836,1.836,0.007130999999999999,False
2015-12-30,1.882,1.882,0.025054,False
2015-12-31,1.841,1.841,-0.021785000000000002,False
2016-01-04,1.679,1.679,-0.087996,False
2016-01-05,1.606,1.606,-0.043478,False
2016-01-06,1.639,1.639,0.020548,False
2016-01-07,1.493,1.493,-0.08907899999999999,False
2016-01-08,1.474,1.474,-0.012726,False
2016-01-11,1.356,1.356,-0.080054,False
2016-01-12,1.363,1.363,0.005162,False
2016-01-13,1.322,1.322,-0.030081000000000004,False
2016-01-14,1.394,1.394,0.054463,False
2016-01-15,1.364,1.364,-0.021521,False
2016-01-18,1.416,1.416,0.038123,False
2016-01-19,1.476,1.476,0.042373,False
2016-01-20,1.456,1.456,-0.01355,False
2016-01-21,1.378,1.378,-0.053571,False
2016-01-22,1.399,1.399,0.015239,False
2016-01-25,1.427,1.427,0.020013999999999997,False
2016-01-26,1.313,1.313,-0.079888,False
2016-01-27,1.284,1.284,-0.022087,False
2016-01-28,1.216,1.216,-0.05296,False
2016-01-29,1.273,1.273,0.046875,False
2016-02-01,1.278,1.278,0.003928,False
2016-02-02,1.351,1.351,0.057121000000000005,False
2016-02-03,1.365,1.365,0.010363,False
2016-02-04,1.389,1.389,0.017582,False
2016-02-05,1.37,1.37,-0.013678999999999998,False
2016-02-15,1.387,1.387,0.012408999999999998,False
2016-02-16,1.445,1.445,0.041817,False
2016-02-17,1.456,1.456,0.007612,False
2016-02-18,1.454,1.454,-0.001374,False
2016-02-19,1.452,1.452,-0.001376,False
2016-02-22,1.461,1.461,0.006198,False
2016-02-23,1.449,1.449,-0.008214,False
2016-02-24,1.418,1.418,-0.021394000000000003,False
2016-02-25,1.304,1.304,-0.08039500000000001,False
2016-02-26,1.28,1.28,-0.018405,False
2016-02-29,1.185,1.185,-0.074219,False
2016-03-01,1.208,1.208,0.019409,False
2016-03-02,1.262,1.262,0.044702,False
2016-03-03,1.252,1.252,-0.007924,False
2016-03-04,1.178,1.178,-0.059105,False
2016-03-07,1.205,1.205,0.02292,False
2016-03-08,1.232,1.232,0.022407,False
2016-03-09,1.228,1.228,-0.003247,False
2016-03-10,1.2,1.2,-0.022801000000000002,False
2016-03-11,1.191,1.191,-0.0075,False
2016-03-14,1.259,1.259,0.057095,False
2016-03-15,1.248,1.248,-0.008737,False
2016-03-16,1.237,1.237,-0.008813999999999999,False
2016-03-17,1.311,1.311,0.059822,False
2016-03-18,1.384,1.384,0.055682999999999996,False
2016-03-21,1.416,1.416,0.023121,False
2016-03-22,1.424,1.424,0.00565,False
2016-03-23,1.44,1.44,0.011236,False
2016-03-24,1.421,1.421,-0.013193999999999999,False
2016-03-25,1.415,1.415,-0.004222,False
2016-03-28,1.408,1.408,-0.004947,False
2016-03-29,1.361,1.361,-0.033381,False
2016-03-30,1.425,1.425,0.047023999999999996,False
2016-03-31,1.431,1.431,0.0042109999999999995,False
2016-04-01,1.415,1.415,-0.011181000000000002,False
2016-04-05,1.453,1.453,0.026855000000000004,False
2016-04-06,1.46,1.46,0.004818,False
2016-04-07,1.438,1.438,-0.015068,False
2016-04-08,1.417,1.417,-0.014603999999999999,False
2016-04-11,1.455,1.455,0.026817,False
2016-04-12,1.438,1.438,-0.011684000000000002,False
2016-04-13,1.469,1.469,0.021558,False
2016-04-14,1.488,1.488,0.012934000000000001,False
2016-04-15,1.484,1.484,-0.002688,False
2016-04-18,1.459,1.459,-0.016846,False
2016-04-19,1.454,1.454,-0.003427,False
2016-04-20,1.378,1.378,-0.052270000000000004,False
2016-04-21,1.36,1.36,-0.013062,False
2016-04-22,1.383,1.383,0.016912,False
2016-04-25,1.373,1.373,-0.007231,False
2016-04-26,1.392,1.392,0.013838,False
2016-04-27,1.39,1.39,-0.001437,False
2016-04-28,1.387,1.387,-0.0021579999999999998,False
2016-04-29,1.39,1.39,0.002163,False
2016-05-03,1.447,1.447,0.041006999999999995,False
2016-05-04,1.45,1.45,0.002073,False
2016-05-05,1.46,1.46,0.0068969999999999995,False
2016-05-06,1.409,1.409,-0.034932,False
2016-05-09,1.36,1.36,-0.034776,False
2016-05-10,1.349,1.349,-0.008088,False
2016-05-11,1.313,1.313,-0.026686,False
2016-05-12,1.319,1.319,0.00457,False
2016-05-13,1.318,1.318,-0.0007580000000000001,False
2016-05-16,1.341,1.341,0.017451,False
2016-05-17,1.339,1.339,-0.0014910000000000001,False
2016-05-18,1.294,1.294,-0.033607,False
2016-05-19,1.31,1.31,0.012365,False
2016-05-20,1.327,1.327,0.012977,False
2016-05-23,1.357,1.357,0.022607,False
2016-05-24,1.343,1.343,-0.010317,False
2016-05-25,1.342,1.342,-0.000745,False
2016-05-26,1.359,1.359,0.012667999999999999,False
2016-05-27,1.353,1.353,-0.004415,False
2016-05-30,1.352,1.352,-0.000739,False
2016-05-31,1.412,1.412,0.044379,False
2016-06-01,1.441,1.441,0.020537999999999997,False
2016-06-02,1.447,1.447,0.004164,False
2016-06-03,1.448,1.448,0.000691,False
2016-06-06,1.455,1.455,0.004834,False
2016-06-07,1.457,1.457,0.0013750000000000001,False
2016-06-08,1.449,1.449,-0.005491,False
2016-06-13,1.362,1.362,-0.060041000000000004,False
2016-06-14,1.365,1.365,0.002203,False
2016-06-15,1.42,1.42,0.040293,False
2016-06-16,1.422,1.422,0.0014080000000000002,False
2016-06-17,1.438,1.438,0.011252,False
2016-06-20,1.474,1.474,0.025034999999999998,False
2016-06-21,1.455,1.455,-0.012889999999999999,False
2016-06-22,1.486,1.486,0.021306,False
2016-06-23,1.487,1.487,0.000673,False
2016-06-24,1.48,1.48,-0.004707,False
2016-06-27,1.516,1.516,0.024324,False
2016-06-28,1.514,1.514,-0.0013189999999999999,False
2016-06-29,1.518,1.518,0.002642,False
2016-06-30,1.516,1.516,-0.001318,False
2016-07-01,1.508,1.508,-0.005277,False
2016-07-04,1.522,1.522,0.009284,False
2016-07-05,1.528,1.528,0.003942,False
2016-07-06,1.519,1.519,-0.005889999999999999,False
2016-07-07,1.52,1.52,0.000658,False
2016-07-08,1.517,1.517,-0.001974,False
2016-07-11,1.498,1.498,-0.012525,False
2016-07-12,1.519,1.519,0.014018999999999998,False
2016-07-13,1.538,1.538,0.012507999999999998,False
2016-07-14,1.54,1.54,0.0013,False
2016-07-15,1.533,1.533,-0.004545,False
2016-07-18,1.525,1.525,-0.0052190000000000005,False
2016-07-19,1.533,1.533,0.005246,False
2016-07-20,1.528,1.528,-0.0032619999999999997,False
2016-07-21,1.521,1.521,-0.004581,False
2016-07-22,1.511,1.511,-0.006575,False
2016-07-25,1.506,1.506,-0.0033090000000000003,False
2016-07-26,1.528,1.528,0.014608000000000001,False
2016-07-27,1.464,1.464,-0.041885000000000006,False
2016-07-28,1.454,1.454,-0.006831,False
2016-07-29,1.447,1.447,-0.004814,False
2016-08-01,1.422,1.422,-0.017277,False
2016-08-02,1.429,1.429,0.004923,False
2016-08-03,1.43,1.43,0.0007000000000000001,False
2016-08-04,1.445,1.445,0.01049,False
2016-08-05,1.436,1.436,-0.006228,False
2016-08-08,1.453,1.453,0.011838,False
2016-08-09,1.469,1.469,0.011012,False
2016-08-10,1.459,1.459,-0.006807,False
2016-08-11,1.435,1.435,-0.01645,False
2016-08-12,1.447,1.447,0.008362000000000001,False
2016-08-15,1.477,1.477,0.020733,False
2016-08-16,1.48,1.48,0.002031,False
2016-08-17,1.501,1.501,0.014189,False
2016-08-18,1.497,1.497,-0.0026650000000000003,False
2016-08-19,1.497,1.497,0.0,False
2016-08-22,1.482,1.482,-0.01002,False
2016-08-23,1.482,1.482,0.0,False
2016-08-24,1.488,1.488,0.004049,False
2016-08-25,1.475,1.475,-0.008737,False
2016-08-26,1.484,1.484,0.006102,False
2016-08-29,1.485,1.485,0.000674,False
2016-08-30,1.485,1.485,0.0,False
2016-08-31,1.478,1.478,-0.0047139999999999994,False
2016-09-01,1.47,1.47,-0.005413,False
2016-09-02,1.468,1.468,-0.001361,False
2016-09-05,1.48,1.48,0.008174,False
2016-09-06,1.497,1.497,0.011486000000000001,False
2016-09-07,1.5,1.5,0.002004,False
2016-09-08,1.507,1.507,0.004667,False
2016-09-09,1.493,1.493,-0.00929,False
2016-09-12,1.457,1.457,-0.024113000000000002,False
2016-09-13,1.466,1.466,0.006177,False
2016-09-14,1.456,1.456,-0.006821000000000001,False
2016-09-19,1.469,1.469,0.008929,False
2016-09-20,1.466,1.466,-0.002042,False
2016-09-21,1.469,1.469,0.002046,False
2016-09-22,1.472,1.472,0.002042,False
2016-09-23,1.469,1.469,-0.002038,False
2016-09-26,1.456,1.456,-0.00885,False
2016-09-27,1.47,1.47,0.009615,False
2016-09-28,1.466,1.466,-0.002721,False
2016-09-29,1.472,1.472,0.004093,False
2016-09-30,1.48,1.48,0.005435,False
2016-10-10,1.5,1.5,0.013514,False
2016-10-11,1.501,1.501,0.000667,False
2016-10-12,1.497,1.497,-0.0026650000000000003,False
2016-10-13,1.492,1.492,-0.00334,False
2016-10-14,1.484,1.484,-0.0053620000000000004,False
2016-10-17,1.477,1.477,-0.004717,False
2016-10-18,1.499,1.499,0.014895,False
2016-10-19,1.493,1.493,-0.004003,False
2016-10-20,1.509,1.509,0.010717,False
2016-10-21,1.501,1.501,-0.005302,False
2016-10-24,1.494,1.494,-0.004664,False
2016-10-25,1.498,1.498,0.002677,False
2016-10-26,1.488,1.488,-0.006676,False
2016-10-27,1.494,1.494,0.004032,False
2016-10-28,1.481,1.481,-0.008701,False
2016-10-31,1.476,1.476,-0.003376,False
2016-11-01,1.489,1.489,0.008808,False
2016-11-02,1.478,1.478,-0.0073880000000000005,False
2016-11-03,1.476,1.476,-0.001353,False
2016-11-04,1.469,1.469,-0.004743,False
2016-11-07,1.467,1.467,-0.001361,False
2016-11-08,1.473,1.473,0.00409,False
2016-11-09,1.461,1.461,-0.008147,False
2016-11-10,1.477,1.477,0.010950999999999999,False
2016-11-11,1.472,1.472,-0.0033850000000000004,False
2016-11-14,1.471,1.471,-0.000679,False
2016-11-15,1.47,1.47,-0.00068,False
2016-11-16,1.478,1.478,0.005442,False
2016-11-17,1.474,1.474,-0.002706,False
2016-11-18,1.475,1.475,0.000678,False
2016-11-21,1.483,1.483,0.005424,False
2016-11-22,1.482,1.482,-0.000674,False
2016-11-23,1.472,1.472,-0.006748,False
2016-11-24,1.464,1.464,-0.005435,False
2016-11-25,1.464,1.464,0.0,False
2016-11-28,1.46,1.46,-0.002732,False
2016-11-29,1.452,1.452,-0.005479,False
2016-11-30,1.447,1.447,-0.003444,False
2016-12-01,1.455,1.455,0.005528999999999999,False
2016-12-02,1.437,1.437,-0.012371,False
2016-12-05,1.453,1.453,0.011134,False
2016-12-06,1.45,1.45,-0.002065,False
2016-12-07,1.468,1.468,0.012414000000000001,False
2016-12-08,1.457,1.457,-0.007493,False
2016-12-09,1.443,1.443,-0.009609,False
2016-12-12,1.371,1.371,-0.049896,False
2016-12-13,1.376,1.376,0.003647,False
2016-12-14,1.367,1.367,-0.006541,False
2016-12-15,1.376,1.376,0.006584,False
2016-12-16,1.384,1.384,0.005814000000000001,False
2016-12-19,1.375,1.375,-0.006503,False
2016-12-20,1.367,1.367,-0.005818,False
2016-12-21,1.38,1.38,0.00951,False
2016-12-22,1.384,1.384,0.002899,False
2016-12-23,1.375,1.375,-0.006503,False
2016-12-26,1.375,1.375,0.0,False
2016-12-27,1.377,1.377,0.001455,False
2016-12-28,1.37,1.37,-0.005084,False
2016-12-29,1.367,1.367,-0.00219,False
2016-12-30,1.368,1.368,0.000732,False
2016-12-31,1.368,1.368,0.0,False
2017-01-03,1.387,1.387,0.013889,False
2017-01-04,1.406,1.406,0.013699,False
2017-01-05,1.406,1.406,0.0,False
2017-01-06,1.398,1.398,-0.00569,False
2017-01-09,1.398,1.398,0.0,False
2017-01-10,1.388,1.388,-0.0071530000000000005,False
2017-01-11,1.377,1.377,-0.007925,False
2017-01-12,1.363,1.363,-0.010166999999999999,False
2017-01-13,1.348,1.348,-0.011005000000000001,False
2017-01-16,1.312,1.312,-0.026705999999999997,False
2017-01-17,1.32,1.32,0.006098,False
2017-01-18,1.316,1.316,-0.0030299999999999997,False
2017-01-19,1.317,1.317,0.0007599999999999999,False
2017-01-20,1.334,1.334,0.012908,False
2017-01-23,1.349,1.349,0.011244,False
2017-01-24,1.353,1.353,0.0029649999999999998,False
2017-01-25,1.359,1.359,0.004435,False
2017-01-26,1.374,1.374,0.011038,False
2017-02-03,1.366,1.366,-0.005822000000000001,False
2017-02-06,1.371,1.371,0.00366,False
2017-02-07,1.367,1.367,-0.002918,False
2017-02-08,1.374,1.374,0.005121,False
2017-02-09,1.373,1.373,-0.000728,False
2017-02-10,1.381,1.381,0.005827,False
2017-02-13,1.39,1.39,0.006516999999999999,False
2017-02-14,1.393,1.393,0.0021579999999999998,False
2017-02-15,1.373,1.373,-0.014358,False
2017-02-16,1.387,1.387,0.010197000000000001,False
2017-02-17,1.368,1.368,-0.013699,False
2017-02-20,1.385,1.385,0.012426999999999999,False
2017-02-21,1.393,1.393,0.005776,False
2017-02-22,1.4,1.4,0.005024999999999999,False
2017-02-23,1.396,1.396,-0.002857,False
2017-02-24,1.392,1.392,-0.002865,False
2017-02-27,1.398,1.398,0.00431,False
2017-02-28,1.408,1.408,0.0071530000000000005,False
2017-03-01,1.412,1.412,0.002841,False
2017-03-02,1.41,1.41,-0.001416,False
2017-03-03,1.406,1.406,-0.002837,False
2017-03-06,1.418,1.418,0.008535000000000001,False
2017-03-07,1.42,1.42,0.0014099999999999998,False
2017-03-08,1.414,1.414,-0.004225,False
2017-03-09,1.405,1.405,-0.006364999999999999,False
2017-03-10,1.409,1.409,0.002847,False
2017-03-13,1.438,1.438,0.020582,False
2017-03-14,1.437,1.437,-0.0006950000000000001,False
2017-03-15,1.437,1.437,0.0,False
2017-03-16,1.45,1.45,0.009047,False
2017-03-17,1.439,1.439,-0.007586000000000001,False
2017-03-20,1.447,1.447,0.005559,False
2017-03-21,1.455,1.455,0.005528999999999999,False
2017-03-22,1.446,1.446,-0.0061860000000000005,False
2017-03-23,1.465,1.465,0.01314,False
2017-03-24,1.464,1.464,-0.000683,False
2017-03-27,1.444,1.444,-0.013661000000000001,False
2017-03-28,1.435,1.435,-0.006233,False
2017-03-29,1.437,1.437,0.001394,False
2017-03-30,1.417,1.417,-0.013918,False
2017-03-31,1.424,1.424,0.00494,False
2017-04-05,1.46,1.46,0.025280999999999998,False
2017-04-06,1.46,1.46,0.0,False
2017-04-07,1.458,1.458,-0.0013700000000000001,False
2017-04-10,1.451,1.451,-0.004801000000000001,False
2017-04-11,1.447,1.447,-0.002757,False
2017-04-12,1.427,1.427,-0.013822000000000001,False
2017-04-13,1.441,1.441,0.009811,False
2017-04-14,1.424,1.424,-0.011797,False
2017-04-17,1.411,1.411,-0.009129,False
2017-04-18,1.408,1.408,-0.0021260000000000003,False
2017-04-19,1.41,1.41,0.0014199999999999998,False
2017-04-20,1.416,1.416,0.004255,False
2017-04-21,1.409,1.409,-0.0049440000000000005,False
2017-04-24,1.387,1.387,-0.015614,False
2017-04-25,1.392,1.392,0.0036049999999999997,False
2017-04-26,1.407,1.407,0.010775999999999999,False
2017-04-27,1.408,1.408,0.0007109999999999999,False
2017-04-28,1.418,1.418,0.007102000000000001,False
2017-05-02,1.431,1.431,0.009167999999999999,False
2017-05-03,1.425,1.425,-0.004193,False
2017-05-04,1.422,1.422,-0.002105,False
2017-05-05,1.401,1.401,-0.014767999999999998,False
2017-05-08,1.39,1.39,-0.007852,False
2017-05-09,1.397,1.397,0.0050360000000000005,False
2017-05-10,1.382,1.382,-0.010737000000000002,False
2017-05-11,1.39,1.39,0.005789,False
2017-05-12,1.388,1.388,-0.001439,False
2017-05-15,1.39,1.39,0.001441,False
2017-05-16,1.426,1.426,0.025899000000000002,False
2017-05-17,1.423,1.423,-0.002104,False
2017-05-18,1.416,1.416,-0.004919,False
2017-05-19,1.403,1.403,-0.009181,False
2017-05-22,1.39,1.39,-0.009266,False
2017-05-23,1.374,1.374,-0.011511,False
2017-05-24,1.374,1.374,0.0,False
2017-05-25,1.383,1.383,0.00655,False
2017-05-26,1.381,1.381,-0.001446,False
2017-05-31,1.378,1.378,-0.002172,False
2017-06-01,1.361,1.361,-0.012337,False
2017-06-02,1.37,1.37,0.006613,False
2017-06-05,1.382,1.382,0.008759,False
2017-06-06,1.391,1.391,0.006512,False
2017-06-07,1.418,1.418,0.01941,False
2017-06-08,1.425,1.425,0.004937,False
2017-06-09,1.429,1.429,0.002807,False
2017-06-12,1.412,1.412,-0.011896,False
2017-06-13,1.426,1.426,0.009915,False
2017-06-14,1.413,1.413,-0.009115999999999999,False
2017-06-15,1.424,1.424,0.007784999999999999,False
2017-06-16,1.425,1.425,0.0007019999999999999,False
2017-06-19,1.428,1.428,0.002105,False
2017-06-20,1.436,1.436,0.005602,False
2017-06-21,1.456,1.456,0.013928000000000001,False
2017-06-22,1.433,1.433,-0.015797000000000002,False
2017-06-23,1.451,1.451,0.012561,False
2017-06-26,1.489,1.489,0.026189,False
2017-06-27,1.489,1.489,0.0,False
2017-06-28,1.478,1.478,-0.0073880000000000005,False
2017-06-29,1.486,1.486,0.005413,False
2017-06-30,1.494,1.494,0.005384,False
2017-07-03,1.497,1.497,0.0020080000000000002,False
2017-07-04,1.492,1.492,-0.00334,False
2017-07-05,1.51,1.51,0.012063999999999998,False
2017-07-06,1.517,1.517,0.004636,False
2017-07-07,1.509,1.509,-0.005274,False
2017-07-10,1.487,1.487,-0.014579,False
2017-07-11,1.477,1.477,-0.006725,False
2017-07-12,1.481,1.481,0.002708,False
2017-07-13,1.483,1.483,0.00135,False
2017-07-14,1.477,1.477,-0.004046,False
2017-07-17,1.436,1.436,-0.027759,False
2017-07-18,1.433,1.433,-0.002089,False
2017-07-19,1.456,1.456,0.01605,False
2017-07-20,1.469,1.469,0.008929,False
2017-07-21,1.476,1.476,0.004765,False
2017-07-24,1.47,1.47,-0.004065,False
2017-07-25,1.462,1.462,-0.005442,False
2017-07-26,1.451,1.451,-0.0075239999999999994,False
2017-07-27,1.47,1.47,0.013094,False
2017-07-28,1.479,1.479,0.006122,False
2017-07-31,1.477,1.477,-0.001352,False
2017-08-01,1.474,1.474,-0.002031,False
2017-08-02,1.473,1.473,-0.000678,False
2017-08-03,1.469,1.469,-0.002716,False
2017-08-04,1.453,1.453,-0.010891999999999999,False
2017-08-07,1.473,1.473,0.013765000000000001,False
2017-08-08,1.477,1.477,0.002716,False
2017-08-09,1.484,1.484,0.004739,False
2017-08-10,1.484,1.484,0.0,False
2017-08-11,1.462,1.462,-0.014825,False
2017-08-14,1.5,1.5,0.025992,False
2017-08-15,1.507,1.507,0.004667,False
2017-08-16,1.513,1.513,0.003981,False
2017-08-17,1.515,1.515,0.001322,False
2017-08-18,1.519,1.519,0.00264,False
2017-08-21,1.534,1.534,0.009875,False
2017-08-22,1.534,1.534,0.0,False
2017-08-23,1.528,1.528,-0.003911,False
2017-08-24,1.52,1.52,-0.005235999999999999,False
2017-08-25,1.529,1.529,0.005920999999999999,False
2017-08-28,1.547,1.547,0.011772,False
2017-08-29,1.548,1.548,0.0006460000000000001,False
2017-08-30,1.553,1.553,0.0032300000000000002,False
2017-08-31,1.562,1.562,0.005795,False
2017-09-01,1.573,1.573,0.0070420000000000005,False
2017-09-04,1.585,1.585,0.007629,False
2017-09-05,1.589,1.589,0.002524,False
2017-09-06,1.591,1.591,0.0012590000000000001,False
2017-09-07,1.584,1.584,-0.0044,False
2017-09-08,1.588,1.588,0.002525,False
2017-09-11,1.601,1.601,0.008186,False
2017-09-12,1.59,1.59,-0.006871,False
2017-09-13,1.602,1.602,0.007547000000000001,False
2017-09-14,1.608,1.608,0.003745,False
2017-09-15,1.602,1.602,-0.003731,False
2017-09-18,1.613,1.613,0.006866,False
2017-09-19,1.609,1.609,-0.00248,False
2017-09-20,1.619,1.619,0.006215000000000001,False
2017-09-21,1.606,1.606,-0.00803,False
2017-09-22,1.611,1.611,0.0031130000000000003,False
2017-09-25,1.61,1.61,-0.000621,False
2017-09-26,1.609,1.609,-0.000621,False
2017-09-27,1.621,1.621,0.007458,False
2017-09-28,1.627,1.627,0.003701,False
2017-09-29,1.639,1.639,0.007376000000000001,False
2017-10-09,1.658,1.658,0.011592,False
2017-10-10,1.654,1.654,-0.0024129999999999998,False
2017-10-11,1.66,1.66,0.003628,False
2017-10-12,1.669,1.669,0.005422,False
2017-10-13,1.679,1.679,0.005992,False
2017-10-16,1.687,1.687,0.004765,False
2017-10-17,1.695,1.695,0.004742,False
2017-10-18,1.689,1.689,-0.0035399999999999997,False
2017-10-19,1.678,1.678,-0.006513,False
2017-10-20,1.68,1.68,0.001192,False
2017-10-23,1.698,1.698,0.010714,False
2017-10-24,1.7,1.7,0.001178,False
2017-10-25,1.718,1.718,0.010588,False
2017-10-26,1.717,1.717,-0.000582,False
2017-10-27,1.72,1.72,0.0017469999999999999,False
2017-10-30,1.703,1.703,-0.009883999999999999,False
2017-10-31,1.711,1.711,0.004698,False
2017-11-01,1.711,1.711,0.0,False
2017-11-02,1.698,1.698,-0.007598000000000001,False
2017-11-03,1.695,1.695,-0.001767,False
2017-11-06,1.723,1.723,0.016519,False
2017-11-07,1.731,1.731,0.0046429999999999996,False
2017-11-08,1.724,1.724,-0.004044,False
2017-11-09,1.745,1.745,0.012180999999999999,False
2017-11-10,1.772,1.772,0.015472999999999999,False
2017-11-13,1.797,1.797,0.014108,False
2017-11-14,1.791,1.791,-0.003339,False
2017-11-15,1.763,1.763,-0.015634,False
2017-11-16,1.799,1.799,0.020419999999999997,False
2017-11-17,1.771,1.771,-0.015564,False
2017-11-20,1.81,1.81,0.022021000000000002,False
2017-11-21,1.846,1.846,0.01989,False
2017-11-22,1.839,1.839,-0.003792,False
2017-11-23,1.759,1.759,-0.043502,False
2017-11-24,1.751,1.751,-0.004548,False
2017-11-27,1.703,1.703,-0.027413,False
2017-11-28,1.729,1.729,0.015267,False
2017-11-29,1.738,1.738,0.0052049999999999996,False
2017-11-30,1.722,1.722,-0.009205999999999999,False
2017-12-01,1.738,1.738,0.009292,False
2017-12-04,1.735,1.735,-0.001726,False
2017-12-05,1.708,1.708,-0.015562,False
2017-12-06,1.719,1.719,0.00644,False
2017-12-07,1.7,1.7,-0.011053,False
2017-12-08,1.72,1.72,0.011765000000000001,False
2017-12-11,1.755,1.755,0.020349,False
2017-12-12,1.747,1.747,-0.0045579999999999996,False
2017-12-13,1.758,1.758,0.0062970000000000005,False
2017-12-14,1.759,1.759,0.000569,False
2017-12-15,1.735,1.735,-0.013644,False
2017-12-18,1.713,1.713,-0.01268,False
2017-12-19,1.739,1.739,0.015178,False
2017-12-20,1.736,1.736,-0.001725,False
2017-12-21,1.768,1.768,0.018432999999999998,False
2017-12-22,1.77,1.77,0.001131,False
2017-12-25,1.755,1.755,-0.008475,False
2017-12-26,1.757,1.757,0.00114,False
2017-12-27,1.722,1.722,-0.01992,False
2017-12-28,1.734,1.734,0.0069689999999999995,False
2017-12-29,1.748,1.748,0.008074,False
2017-12-31,1.748,1.748,0.0,False
2018-01-02,1.776,1.776,0.016017999999999998,False
2018-01-03,1.796,1.796,0.011261,False
2018-01-04,1.796,1.796,0.0,False
2018-01-05,1.787,1.787,-0.005011,False
2018-01-08,1.776,1.776,-0.006156,False
2018-01-09,1.782,1.782,0.003378,False
2018-01-10,1.767,1.767,-0.008418,False
2018-01-11,1.761,1.761,-0.003396,False
2018-01-12,1.763,1.763,0.001136,False
2018-01-15,1.753,1.753,-0.005672,False
2018-01-16,1.775,1.775,0.012549999999999999,False
2018-01-17,1.75,1.75,-0.014085,False
2018-01-18,1.752,1.752,0.001143,False
2018-01-19,1.741,1.741,-0.006279,False
2018-01-22,1.785,1.785,0.025273,False
2018-01-23,1.802,1.802,0.009524,False
2018-01-24,1.797,1.797,-0.002775,False
2018-01-25,1.805,1.805,0.004452,False
2018-01-26,1.802,1.802,-0.0016619999999999998,False
2018-01-29,1.763,1.763,-0.021643,False
2018-01-30,1.753,1.753,-0.005672,False
2018-01-31,1.751,1.751,-0.0011409999999999999,False
2018-02-01,1.732,1.732,-0.010851,False
2018-02-02,1.771,1.771,0.022517,False
2018-02-05,1.769,1.769,-0.001129,False
2018-02-06,1.691,1.691,-0.044093,False
2018-02-07,1.652,1.652,-0.023062999999999997,False
2018-02-08,1.654,1.654,0.001211,False
2018-02-09,1.581,1.581,-0.044135,False
2018-02-12,1.643,1.643,0.039216,False
2018-02-13,1.666,1.666,0.013999,False
2018-02-14,1.684,1.684,0.010804000000000001,False
2018-02-22,1.729,1.729,0.026722000000000003,False
2018-02-23,1.732,1.732,0.0017349999999999998,False
2018-02-26,1.764,1.764,0.018476,False
2018-02-27,1.736,1.736,-0.015872999999999998,False
2018-02-28,1.736,1.736,0.0,False
2018-03-01,1.751,1.751,0.008641,False
2018-03-02,1.74,1.74,-0.006281999999999999,False
2018-03-05,1.741,1.741,0.000575,False
2018-03-06,1.77,1.77,0.016656999999999998,False
2018-03-07,1.747,1.747,-0.012994,False
2018-03-08,1.765,1.765,0.010303,False
2018-03-09,1.79,1.79,0.014164000000000001,False
2018-03-12,1.812,1.812,0.012291000000000002,False
2018-03-13,1.796,1.796,-0.00883,False
2018-03-14,1.783,1.783,-0.007238,False
2018-03-15,1.784,1.784,0.000561,False
2018-03-16,1.756,1.756,-0.015695,False
2018-03-19,1.761,1.761,0.002847,False
2018-03-20,1.775,1.775,0.00795,False
2018-03-21,1.751,1.751,-0.013521,False
2018-03-22,1.723,1.723,-0.015991,False
2018-03-23,1.661,1.661,-0.035983999999999995,False
2018-03-26,1.676,1.676,0.009031,False
2018-03-27,1.703,1.703,0.01611,False
2018-03-28,1.675,1.675,-0.016442000000000002,False
2018-03-29,1.685,1.685,0.00597,False
2018-03-30,1.7,1.7,0.008902,False
2018-04-02,1.698,1.698,-0.001176,False
2018-04-03,1.668,1.668,-0.017668,False
2018-04-04,1.647,1.647,-0.012589999999999999,False
2018-04-09,1.645,1.645,-0.001214,False
2018-04-10,1.677,1.677,0.019453,False
2018-04-11,1.691,1.691,0.008348,False
2018-04-12,1.673,1.673,-0.010645,False
2018-04-13,1.662,1.662,-0.006575,False
2018-04-16,1.647,1.647,-0.009025,False
2018-04-17,1.608,1.608,-0.023679000000000002,False
2018-04-18,1.616,1.616,0.004975,False
2018-04-19,1.634,1.634,0.011139,False
2018-04-20,1.602,1.602,-0.019584,False
2018-04-23,1.584,1.584,-0.011236,False
2018-04-24,1.632,1.632,0.030303,False
2018-04-25,1.631,1.631,-0.000613,False
2018-04-26,1.593,1.593,-0.023299,False
2018-04-27,1.589,1.589,-0.0025109999999999998,False
2018-05-02,1.594,1.594,0.0031469999999999996,False
2018-05-03,1.609,1.609,0.00941,False
2018-05-04,1.612,1.612,0.001865,False
2018-05-07,1.634,1.634,0.013648,False
2018-05-08,1.645,1.645,0.006732,False
2018-05-09,1.643,1.643,-0.001216,False
2018-05-10,1.646,1.646,0.0018260000000000001,False
2018-05-11,1.637,1.637,-0.005468,False
2018-05-14,1.644,1.644,0.004275999999999999,False
2018-05-15,1.661,1.661,0.010341,False
2018-05-16,1.653,1.653,-0.004816,False
2018-05-17,1.641,1.641,-0.00726,False
2018-05-18,1.65,1.65,0.005484,False
2018-05-21,1.677,1.677,0.016364,False
2018-05-22,1.676,1.676,-0.000596,False
2018-05-23,1.646,1.646,-0.0179,False
2018-05-24,1.636,1.636,-0.0060750000000000005,False
2018-05-25,1.619,1.619,-0.010391,False
2018-05-28,1.613,1.613,-0.0037059999999999997,False
2018-05-29,1.584,1.584,-0.017979000000000002,False
2018-05-30,1.558,1.558,-0.016413999999999998,False
2018-05-31,1.586,1.586,0.017972,False
2018-06-01,1.569,1.569,-0.010719000000000001,False
2018-06-04,1.589,1.589,0.012747,False
2018-06-05,1.62,1.62,0.019509000000000002,False
2018-06-06,1.626,1.626,0.0037040000000000003,False
2018-06-07,1.619,1.619,-0.004305,False
2018-06-08,1.612,1.612,-0.004324,False
2018-06-11,1.599,1.599,-0.008065,False
2018-06-12,1.627,1.627,0.017511000000000002,False
2018-06-13,1.614,1.614,-0.00799,False
2018-06-14,1.602,1.602,-0.007435000000000001,False
2018-06-15,1.586,1.586,-0.009988,False
2018-06-19,1.517,1.517,-0.043506,False
2018-06-20,1.536,1.536,0.012525,False
2018-06-21,1.517,1.517,-0.01237,False
2018-06-22,1.532,1.532,0.009888000000000001,False
2018-06-25,1.509,1.509,-0.015013,False
2018-06-26,1.497,1.497,-0.007952,False
2018-06-27,1.465,1.465,-0.021376,False
2018-06-28,1.45,1.45,-0.010239,False
2018-06-29,1.505,1.505,0.037931,False
2018-06-30,1.504,1.504,0.0,False
2018-07-02,1.468,1.468,-0.024585,False
2018-07-03,1.48,1.48,0.008174,False
2018-07-04,1.459,1.459,-0.014189,False
2018-07-05,1.432,1.432,-0.018506,False
2018-07-06,1.437,1.437,0.0034920000000000003,False
2018-07-09,1.474,1.474,0.025748000000000004,False
2018-07-10,1.483,1.483,0.006106,False
2018-07-11,1.462,1.462,-0.014159999999999999,False
2018-07-12,1.505,1.505,0.029411999999999997,False
2018-07-13,1.529,1.529,0.015947,False
2018-07-16,1.531,1.531,0.001308,False
2018-07-17,1.528,1.528,-0.00196,False
2018-07-18,1.515,1.515,-0.008508,False
2018-07-19,1.525,1.525,0.006601,False
2018-07-20,1.535,1.535,0.0065569999999999995,False
2018-07-23,1.536,1.536,0.0006510000000000001,False
2018-07-24,1.564,1.564,0.018229,False
2018-07-25,1.569,1.569,0.0031969999999999998,False
2018-07-26,1.54,1.54,-0.018483,False
2018-07-27,1.534,1.534,-0.003896,False
2018-07-30,1.522,1.522,-0.007823,False
2018-07-31,1.518,1.518,-0.0026279999999999997,False
2018-08-01,1.494,1.494,-0.01581,False
2018-08-02,1.458,1.458,-0.024096000000000003,False
2018-08-03,1.426,1.426,-0.021948,False
2018-08-06,1.404,1.404,-0.015427999999999999,False
2018-08-07,1.453,1.453,0.0349,False
2018-08-08,1.428,1.428,-0.017206,False
2018-08-09,1.468,1.468,0.028010999999999998,False
2018-08-10,1.469,1.469,0.000681,False
2018-08-13,1.473,1.473,0.0027229999999999997,False
2018-08-14,1.465,1.465,-0.005431,False
2018-08-15,1.433,1.433,-0.021842999999999998,False
2018-08-16,1.417,1.417,-0.011165000000000001,False
2018-08-17,1.389,1.389,-0.01976,False
2018-08-20,1.397,1.397,0.0057599999999999995,False
2018-08-21,1.427,1.427,0.021475,False
2018-08-22,1.414,1.414,-0.00911,False
2018-08-23,1.425,1.425,0.007779,False
2018-08-24,1.423,1.423,-0.0014039999999999999,False
2018-08-27,1.465,1.465,0.029515,False
2018-08-28,1.473,1.473,0.005461000000000001,False
2018-08-29,1.456,1.456,-0.011541,False
2018-08-30,1.434,1.434,-0.015109999999999998,False
2018-08-31,1.42,1.42,-0.009762999999999999,False
2018-09-03,1.418,1.418,-0.0014080000000000002,False
2018-09-04,1.446,1.446,0.019746,False
2018-09-05,1.414,1.414,-0.02213,False
2018-09-06,1.392,1.392,-0.015559,False
2018-09-07,1.388,1.388,-0.002874,False
2018-09-10,1.36,1.36,-0.020173,False
2018-09-11,1.359,1.359,-0.000735,False
2018-09-12,1.348,1.348,-0.008094,False
2018-09-13,1.355,1.355,0.005193,False
2018-09-14,1.351,1.351,-0.002952,False
2018-09-17,1.325,1.325,-0.019245,False
2018-09-18,1.36,1.36,0.026415,False
2018-09-19,1.383,1.383,0.016912,False
2018-09-20,1.381,1.381,-0.001446,False
2018-09-21,1.419,1.419,0.027516,False
2018-09-25,1.401,1.401,-0.012685,False
2018-09-26,1.413,1.413,0.008565,False
2018-09-27,1.4,1.4,-0.0092,False
2018-09-28,1.411,1.411,0.007857,False
2018-10-08,1.346,1.346,-0.046067,False
2018-10-09,1.336,1.336,-0.007429,False
2018-10-10,1.334,1.334,-0.001497,False
2018-10-11,1.261,1.261,-0.054722999999999994,False
2018-10-12,1.281,1.281,0.01586,False
2018-10-15,1.263,1.263,-0.014052,False
2018-10-16,1.232,1.232,-0.024544999999999997,False
2018-10-17,1.241,1.241,0.007305000000000001,False
2018-10-18,1.217,1.217,-0.019339,False
2018-10-19,1.253,1.253,0.029581,False
2018-10-22,1.313,1.313,0.047885,False
2018-10-23,1.279,1.279,-0.025895,False
2018-10-24,1.271,1.271,-0.006254999999999999,False
2018-10-25,1.267,1.267,-0.0031469999999999996,False
2018-10-26,1.258,1.258,-0.007103000000000001,False
2018-10-29,1.216,1.216,-0.033386,False
2018-10-30,1.216,1.216,0.0,False
2018-10-31,1.24,1.24,0.019737,False
2018-11-01,1.253,1.253,0.010484,False
2018-11-02,1.303,1.303,0.039904,False
2018-11-05,1.293,1.293,-0.0076749999999999995,False
2018-11-06,1.285,1.285,-0.006187000000000001,False
2018-11-07,1.277,1.277,-0.006226000000000001,False
2018-11-08,1.265,1.265,-0.009396999999999999,False
2018-11-09,1.254,1.254,-0.008696,False
2018-11-12,1.282,1.282,0.022328999999999998,False
2018-11-13,1.301,1.301,0.014820999999999999,False
2018-11-14,1.294,1.294,-0.00538,False
2018-11-15,1.304,1.304,0.0077280000000000005,False
2018-11-16,1.308,1.308,0.003067,False
2018-11-19,1.319,1.319,0.008409999999999999,False
2018-11-20,1.287,1.287,-0.024260999999999998,False
2018-11-21,1.29,1.29,0.002331,False
2018-11-22,1.283,1.283,-0.005425999999999999,False
2018-11-23,1.251,1.251,-0.024942000000000002,False
2018-11-26,1.246,1.246,-0.003997,False
2018-11-27,1.25,1.25,0.00321,False
2018-11-28,1.267,1.267,0.013600000000000001,False
2018-11-29,1.248,1.248,-0.014996,False
2018-11-30,1.261,1.261,0.010417000000000001,False
2018-12-03,1.298,1.298,0.029342,False
2018-12-04,1.296,1.296,-0.0015409999999999998,False
2018-12-05,1.298,1.298,0.0015429999999999999,False
2018-12-06,1.27,1.27,-0.021572,False
2018-12-07,1.273,1.273,0.002362,False
2018-12-10,1.254,1.254,-0.014924999999999999,False
2018-12-11,1.266,1.266,0.009569,False
2018-12-12,1.267,1.267,0.00079,False
2018-12-13,1.289,1.289,0.017364,False
2018-12-14,1.269,1.269,-0.015516,False
2018-12-17,1.263,1.263,-0.0047279999999999996,False
2018-12-18,1.251,1.251,-0.009500999999999999,False
2018-12-19,1.231,1.231,-0.015987,False
2018-12-20,1.23,1.23,-0.0008119999999999999,False
2018-12-21,1.213,1.213,-0.013821000000000002,False
2018-12-24,1.22,1.22,0.005770999999999999,False
2018-12-25,1.214,1.214,-0.0049180000000000005,False
2018-12-26,1.209,1.209,-0.004119,False
2018-12-27,1.195,1.195,-0.01158,False
2018-12-28,1.198,1.198,0.00251,False
2018-12-31,1.198,1.198,0.0,False
2019-01-02,1.183,1.183,-0.012521,False
2019-01-03,1.171,1.171,-0.010144,False
2019-01-04,1.201,1.201,0.025619,False
2019-01-07,1.211,1.211,0.008326,False
2019-01-08,1.21,1.21,-0.000826,False
2019-01-09,1.22,1.22,0.008264,False
2019-01-10,1.214,1.214,-0.0049180000000000005,False
2019-01-11,1.22,1.22,0.004941999999999999,False
2019-01-14,1.21,1.21,-0.008197,False
2019-01-15,1.233,1.233,0.019008,False
2019-01-16,1.242,1.242,0.007299,False
2019-01-17,1.234,1.234,-0.006441,False
2019-01-18,1.248,1.248,0.011345000000000001,False
2019-01-21,1.253,1.253,0.004006,False
2019-01-22,1.244,1.244,-0.007183,False
2019-01-23,1.25,1.25,0.004823,False
2019-01-24,1.255,1.255,0.004,False
2019-01-25,1.267,1.267,0.009562000000000001,False
2019-01-28,1.266,1.266,-0.000789,False
2019-01-29,1.271,1.271,0.003948999999999999,False
2019-01-30,1.265,1.265,-0.004721,False
2019-01-31,1.272,1.272,0.005534,False
2019-02-01,1.295,1.295,0.018082,False
2019-02-11,1.323,1.323,0.021622,False
2019-02-12,1.332,1.332,0.006803,False
2019-02-13,1.357,1.357,0.018769,False
2019-02-14,1.353,1.353,-0.002948,False
2019-02-15,1.331,1.331,-0.01626,False
2019-02-18,1.38,1.38,0.036814,False
2019-02-19,1.37,1.37,-0.007246,False
2019-02-20,1.374,1.374,0.00292,False
2019-02-21,1.367,1.367,-0.005095,False
2019-02-22,1.391,1.391,0.017557,False
2019-02-25,1.46,1.46,0.049604999999999996,False
2019-02-26,1.455,1.455,-0.003425,False
2019-02-27,1.44,1.44,-0.010308999999999999,False
2019-02-28,1.464,1.464,0.016667,False
2019-03-01,1.492,1.492,0.019126,False
2019-03-04,1.522,1.522,0.020107,False
2019-03-05,1.536,1.536,0.009198,False
2019-03-06,1.534,1.534,-0.0013020000000000002,False
2019-03-07,1.51,1.51,-0.015645,False
2019-03-08,1.479,1.479,-0.02053,False
2019-03-11,1.531,1.531,0.035158999999999996,False
2019-03-12,1.553,1.553,0.01437,False
2019-03-13,1.532,1.532,-0.013522000000000001,False
2019-03-14,1.525,1.525,-0.004569,False
2019-03-15,1.562,1.562,0.024262000000000002,False
2019-03-18,1.615,1.615,0.033931,False
2019-03-19,1.611,1.611,-0.002477,False
2019-03-20,1.61,1.61,-0.000621,False
2019-03-21,1.614,1.614,0.002484,False
2019-03-22,1.615,1.615,0.00062,False
2019-03-25,1.584,1.584,-0.019195,False
2019-03-26,1.562,1.562,-0.013889,False
2019-03-27,1.588,1.588,0.016645,False
2019-03-28,1.582,1.582,-0.003778,False
2019-03-29,1.642,1.642,0.037927,False
2019-04-01,1.696,1.696,0.032887,False
2019-04-02,1.688,1.688,-0.004717,False
2019-04-03,1.692,1.692,0.0023699999999999997,False
2019-04-04,1.698,1.698,0.003546,False
2019-04-08,1.712,1.712,0.008245,False
2019-04-09,1.724,1.724,0.007009,False
2019-04-10,1.733,1.733,0.00522,False
2019-04-11,1.689,1.689,-0.025389,False
2019-04-12,1.666,1.666,-0.013617999999999998,False
2019-04-15,1.653,1.653,-0.007803,False
2019-04-16,1.696,1.696,0.026013,False
2019-04-17,1.694,1.694,-0.0011790000000000001,False
2019-04-18,1.689,1.689,-0.002952,False
2019-04-19,1.709,1.709,0.011840999999999999,False
2019-04-22,1.677,1.677,-0.018724,False
2019-04-23,1.677,1.677,0.0,False
2019-04-24,1.687,1.687,0.005963,False
2019-04-25,1.648,1.648,-0.023118,False
2019-04-26,1.641,1.641,-0.004248,False
2019-04-29,1.652,1.652,0.006703,False
2019-04-30,1.659,1.659,0.004237,False
2019-05-06,1.563,1.563,-0.057866,False
2019-05-07,1.591,1.591,0.017914,False
2019-05-08,1.574,1.574,-0.010685,False
2019-05-09,1.547,1.547,-0.017154,False
2019-05-10,1.621,1.621,0.047835,False
2019-05-13,1.61,1.61,-0.0067859999999999995,False
2019-05-14,1.596,1.596,-0.008696,False
2019-05-15,1.636,1.636,0.025063,False
2019-05-16,1.649,1.649,0.007946,False
2019-05-17,1.604,1.604,-0.027288999999999997,False
2019-05-20,1.58,1.58,-0.014962999999999999,False
2019-05-21,1.604,1.604,0.015189999999999999,False
2019-05-22,1.603,1.603,-0.000623,False
2019-05-23,1.559,1.559,-0.027448999999999998,False
2019-05-24,1.563,1.563,0.002566,False
2019-05-27,1.585,1.585,0.014074999999999999,False
2019-05-28,1.593,1.593,0.005047,False
2019-05-29,1.593,1.593,0.0,False
2019-05-30,1.574,1.574,-0.011927,False
2019-05-31,1.564,1.564,-0.006353,False
2019-06-03,1.561,1.561,-0.001918,False
2019-06-04,1.538,1.538,-0.014734,False
2019-06-05,1.538,1.538,0.0,False
2019-06-06,1.518,1.518,-0.013004,False
2019-06-10,1.551,1.551,0.021739,False
2019-06-11,1.608,1.608,0.03675,False
2019-06-12,1.593,1.593,-0.009328,False
2019-06-13,1.596,1.596,0.001883,False
2019-06-14,1.58,1.58,-0.010025,False
2019-06-17,1.574,1.574,-0.003797,False
2019-06-18,1.58,1.58,0.003812,False
2019-06-19,1.605,1.605,0.015823,False
2019-06-20,1.652,1.652,0.029283,False
2019-06-21,1.655,1.655,0.0018160000000000001,False
2019-06-24,1.662,1.662,0.00423,False
2019-06-25,1.65,1.65,-0.00722,False
2019-06-26,1.66,1.66,0.0060609999999999995,False
2019-06-27,1.693,1.693,0.01988,False
2019-06-28,1.693,1.693,0.0,False
2019-06-30,1.693,1.693,0.0,False
2019-07-01,1.754,1.754,0.036031,False
2019-07-02,1.761,1.761,0.003991,False
2019-07-03,1.744,1.744,-0.009654000000000001,False
2019-07-04,1.704,1.704,-0.022936,False
2019-07-05,1.726,1.726,0.012910999999999999,False
2019-07-08,1.685,1.685,-0.023754,False
2019-07-09,1.684,1.684,-0.000593,False
2019-07-10,1.68,1.68,-0.002375,False
2019-07-11,1.684,1.684,0.002381,False
2019-07-12,1.692,1.692,0.004751,False
2019-07-15,1.698,1.698,0.003546,False
2019-07-16,1.686,1.686,-0.007067,False
2019-07-17,1.699,1.699,0.007711,False
2019-07-18,1.676,1.676,-0.013536999999999999,False
2019-07-19,1.682,1.682,0.00358,False
2019-07-22,1.717,1.717,0.020809,False
2019-07-23,1.721,1.721,0.00233,False
2019-07-24,1.742,1.742,0.012202,False
2019-07-25,1.759,1.759,0.009759,False
2019-07-26,1.768,1.768,0.005117,False
2019-07-29,1.773,1.773,0.002828,False
2019-07-30,1.771,1.771,-0.0011279999999999999,False
2019-07-31,1.75,1.75,-0.011858,False
2019-08-01,1.736,1.736,-0.008,False
2019-08-02,1.719,1.719,-0.009793,False
2019-08-05,1.689,1.689,-0.017452000000000002,False
2019-08-06,1.677,1.677,-0.007105,False
2019-08-07,1.677,1.677,0.0,False
2019-08-08,1.711,1.711,0.020274,False
2019-08-09,1.696,1.696,-0.008767,False
2019-08-12,1.738,1.738,0.024763999999999998,False
2019-08-13,1.716,1.716,-0.012658,False
2019-08-14,1.727,1.727,0.00641,False
2019-08-15,1.739,1.739,0.006947999999999999,False
2019-08-16,1.752,1.752,0.007476,False
2019-08-19,1.797,1.797,0.025685,False
2019-08-20,1.806,1.806,0.005008,False
2019-08-21,1.805,1.805,-0.000554,False
2019-08-22,1.808,1.808,0.0016619999999999998,False
2019-08-23,1.824,1.824,0.00885,False
2019-08-26,1.805,1.805,-0.010417000000000001,False
2019-08-27,1.834,1.834,0.016066,False
2019-08-28,1.821,1.821,-0.007088,False
2019-08-29,1.832,1.832,0.0060409999999999995,False
2019-08-30,1.837,1.837,0.0027289999999999997,False
2019-09-02,1.868,1.868,0.016875,False
2019-09-03,1.877,1.877,0.004818,False
2019-09-04,1.887,1.887,0.005328,False
2019-09-05,1.915,1.915,0.014838,False
2019-09-06,1.923,1.923,0.004178,False
2019-09-09,1.973,1.973,0.026001,False
2019-09-10,1.964,1.964,-0.004562,False
2019-09-11,1.936,1.936,-0.014256999999999999,False
2019-09-12,1.952,1.952,0.008264,False
2019-09-16,1.938,1.938,-0.0071719999999999996,False
2019-09-17,1.904,1.904,-0.017544,False
2019-09-18,1.914,1.914,0.005252,False
2019-09-19,1.925,1.925,0.0057469999999999995,False
2019-09-20,1.949,1.949,0.012468,False
2019-09-23,1.935,1.935,-0.007183,False
2019-09-24,1.954,1.954,0.009819,False
2019-09-25,1.926,1.926,-0.01433,False
2019-09-26,1.889,1.889,-0.019211,False
2019-09-27,1.899,1.899,0.005294,False
2019-09-30,1.879,1.879,-0.010532,False
2019-10-08,1.89,1.89,0.005854000000000001,False
2019-10-09,1.896,1.896,0.003175,False
2019-10-10,1.921,1.921,0.013186,False
2019-10-11,1.927,1.927,0.0031230000000000003,False
2019-10-14,1.942,1.942,0.007784,False
2019-10-15,1.929,1.929,-0.006694,False
2019-10-16,1.92,1.92,-0.004666,False
2019-10-17,1.929,1.929,0.004688,False
2019-10-18,1.899,1.899,-0.015552,False
2019-10-21,1.905,1.905,0.00316,False
2019-10-22,1.916,1.916,0.0057740000000000005,False
2019-10-23,1.898,1.898,-0.009395,False
2019-10-24,1.891,1.891,-0.0036880000000000003,False
2019-10-25,1.907,1.907,0.008461,False
2019-10-28,1.924,1.924,0.008915,False
2019-10-29,1.926,1.926,0.00104,False
2019-10-30,1.932,1.932,0.003115,False
2019-10-31,1.936,1.936,0.00207,False
2019-11-01,1.971,1.971,0.018079,False
2019-11-04,1.993,1.993,0.011162,False
2019-11-05,2.011,2.011,0.009032,False
2019-11-06,2.003,2.003,-0.003978,False
2019-11-07,2.013,2.013,0.004993,False
2019-11-08,2.007,2.007,-0.0029809999999999997,False
2019-11-11,1.981,1.981,-0.012955000000000001,False
2019-11-12,1.984,1.984,0.0015140000000000002,False
2019-11-13,2.019,2.019,0.017641,False
2019-11-14,2.031,2.031,0.0059440000000000005,False
2019-11-15,2.031,2.031,0.0,False
2019-11-18,2.041,2.041,0.004924,False
2019-11-19,2.08,2.08,0.019108,False
2019-11-20,2.063,2.063,-0.008173,False
2019-11-21,2.057,2.057,-0.002908,False
2019-11-22,2.019,2.019,-0.018474,False
2019-11-25,2.012,2.012,-0.003467,False
2019-11-26,2.026,2.026,0.006958,False
2019-11-27,2.024,2.024,-0.000987,False
2019-11-28,2.009,2.009,-0.007411,False
2019-11-29,1.987,1.987,-0.010950999999999999,False
2019-12-02,1.997,1.997,0.005032999999999999,False
2019-12-03,2.01,2.01,0.00651,False
2019-12-04,2.007,2.007,-0.001493,False
2019-12-05,2.032,2.032,0.012456,False
2019-12-06,2.061,2.061,0.014272,False
2019-12-09,2.062,2.062,0.000485,False
2019-12-10,2.083,2.083,0.010184,False
2019-12-11,2.074,2.074,-0.004321,False
2019-12-12,2.073,2.073,-0.000482,False
2019-12-13,2.091,2.091,0.008683,False
2019-12-16,2.112,2.112,0.010043,False
2019-12-17,2.13,2.13,0.008523,False
2019-12-18,2.128,2.128,-0.000939,False
2019-12-19,2.118,2.118,-0.004699,False
2019-12-20,2.101,2.101,-0.008026,False
2019-12-23,2.076,2.076,-0.011899,False
2019-12-24,2.107,2.107,0.014933,False
2019-12-25,2.132,2.132,0.011865,False
2019-12-26,2.127,2.127,-0.002345,False
2019-12-27,2.114,2.114,-0.006111999999999999,False
2019-12-30,2.136,2.136,0.010407,False
2019-12-31,2.151,2.151,0.0070220000000000005,False
2020-01-02,2.188,2.188,0.017201,False
2020-01-03,2.178,2.178,-0.00457,False
2020-01-06,2.169,2.169,-0.004132,False
2020-01-07,2.203,2.203,0.015674999999999998,False
2020-01-08,2.173,2.173,-0.013617999999999998,False
2020-01-09,2.219,2.219,0.021168999999999997,False
2020-01-10,2.23,2.23,0.004957,False
2020-01-13,2.253,2.253,0.010314,False
2020-01-14,2.232,2.232,-0.009321000000000001,False
2020-01-15,2.237,2.237,0.0022400000000000002,False
2020-01-16,2.248,2.248,0.004917,False
2020-01-17,2.253,2.253,0.002224,False
2020-01-20,2.281,2.281,0.012428,False
2020-01-21,2.254,2.254,-0.011837,False
2020-01-22,2.262,2.262,0.003549,False
2020-01-23,2.201,2.201,-0.026966999999999998,False
2020-02-03,2.044,2.044,-0.07133099999999999,False
2020-02-04,2.132,2.132,0.043053,False
2020-02-05,2.162,2.162,0.014071,False
2020-02-06,2.218,2.218,0.025901999999999998,False
2020-02-07,2.23,2.23,0.005410000000000001,False
2020-02-10,2.238,2.238,0.0035870000000000003,False
2020-02-11,2.269,2.269,0.013852,False
2020-02-12,2.309,2.309,0.017629,False
2020-02-13,2.302,2.302,-0.0030320000000000004,False
2020-02-14,2.297,2.297,-0.002172,False
2020-02-17,2.352,2.352,0.023944,False
2020-02-18,2.372,2.372,0.008503,False
2020-02-19,2.362,2.362,-0.004216,False
2020-02-20,2.408,2.408,0.019475,False
2020-02-21,2.454,2.454,0.019103000000000002,False
2020-02-24,2.5,2.5,0.018745,False
2020-02-25,2.485,2.485,-0.006,False
2020-02-26,2.385,2.385,-0.040241,False
2020-02-27,2.418,2.418,0.013836,False
2020-02-28,2.317,2.317,-0.041769999999999995,False
2020-03-02,2.404,2.404,0.037549,False
2020-03-03,2.426,2.426,0.009151,False
2020-03-04,2.423,2.423,-0.001237,False
2020-03-05,2.457,2.457,0.014032,False
2020-03-06,2.437,2.437,-0.00814,False
2020-03-09,2.331,2.331,-0.043496,False
2020-03-10,2.382,2.382,0.021879,False
2020-03-11,2.347,2.347,-0.014694,False
2020-03-12,2.295,2.295,-0.022156,False
2020-03-13,2.268,2.268,-0.011765000000000001,False
2020-03-16,2.15,2.15,-0.052028,False
2020-03-17,2.168,2.168,0.008372000000000001,False
2020-03-18,2.138,2.138,-0.013838,False
2020-03-19,2.14,2.14,0.000935,False
2020-03-20,2.186,2.186,0.021495,False
2020-03-23,2.109,2.109,-0.035224000000000005,False
2020-03-24,2.152,2.152,0.020389,False
2020-03-25,2.209,2.209,0.026486999999999997,False
2020-03-26,2.204,2.204,-0.002263,False
2020-03-27,2.2,2.2,-0.001815,False
2020-03-30,2.178,2.178,-0.01,False
2020-03-31,2.18,2.18,0.0009180000000000001,False
2020-04-01,2.171,2.171,-0.004128,False
2020-04-02,2.212,2.212,0.018885,False
2020-04-03,2.201,2.201,-0.004973,False
2020-04-07,2.272,2.272,0.032258,False
2020-04-08,2.268,2.268,-0.001761,False
2020-04-09,2.286,2.286,0.007937,False
2020-04-10,2.247,2.247,-0.01706,False
2020-04-13,2.246,2.246,-0.000445,False
2020-04-14,2.303,2.303,0.025377999999999998,False
2020-04-15,2.298,2.298,-0.0021709999999999998,False
2020-04-16,2.312,2.312,0.006091999999999999,False
2020-04-17,2.322,2.322,0.004325,False
2020-04-20,2.352,2.352,0.012920000000000001,False
2020-04-21,2.331,2.331,-0.008929,False
2020-04-22,2.353,2.353,0.009438,False
2020-04-23,2.349,2.349,-0.0017000000000000001,False
2020-04-24,2.332,2.332,-0.007237,False
2020-04-27,2.354,2.354,0.009434,False
2020-04-28,2.364,2.364,0.004248,False
2020-04-29,2.367,2.367,0.0012690000000000002,False
2020-04-30,2.399,2.399,0.013519000000000002,False
2020-05-06,2.436,2.436,0.015423,False
2020-05-07,2.439,2.439,0.001232,False
2020-05-08,2.463,2.463,0.00984,False
2020-05-11,2.459,2.459,-0.0016239999999999998,False
2020-05-12,2.473,2.473,0.005693,False
2020-05-13,2.49,2.49,0.006874,False
2020-05-14,2.463,2.463,-0.010843,False
2020-05-15,2.461,2.461,-0.0008119999999999999,False
2020-05-18,2.463,2.463,0.0008129999999999999,False
2020-05-19,2.505,2.505,0.017052,False
2020-05-20,2.481,2.481,-0.009581,False
2020-05-21,2.456,2.456,-0.010077000000000001,False
2020-05-22,2.408,2.408,-0.019544,False
2020-05-25,2.413,2.413,0.002076,False
2020-05-26,2.457,2.457,0.018234999999999998,False
2020-05-27,2.415,2.415,-0.017094,False
2020-05-28,2.401,2.401,-0.005797,False
2020-05-29,2.448,2.448,0.019575,False
2020-06-01,2.528,2.528,0.03268,False
2020-06-02,2.523,2.523,-0.001978,False
2020-06-03,2.53,2.53,0.002774,False
2020-06-04,2.553,2.553,0.009091,False
2020-06-05,2.559,2.559,0.0023499999999999997,False
2020-06-08,2.547,2.547,-0.004689,False
2020-06-09,2.59,2.59,0.016883,False
2020-06-10,2.62,2.62,0.011583000000000001,False
2020-06-11,2.606,2.606,-0.005344,False
2020-06-12,2.622,2.622,0.00614,False
2020-06-15,2.615,2.615,-0.00267,False
2020-06-16,2.662,2.662,0.017973,False
2020-06-17,2.68,2.68,0.006762000000000001,False
2020-06-18,2.685,2.685,0.0018659999999999998,False
2020-06-19,2.719,2.719,0.012663,False
2020-06-22,2.723,2.723,0.001471,False
2020-06-23,2.765,2.765,0.015424,False
2020-06-24,2.774,2.774,0.003255,False
2020-06-29,2.803,2.803,0.010454000000000001,False
2020-06-30,2.856,2.856,0.018908,False
2020-07-01,2.866,2.866,0.003501,False
2020-07-02,2.881,2.881,0.005234,False
2020-07-03,2.893,2.893,0.004164999999999999,False
2020-07-06,2.966,2.966,0.025233,False
2020-07-07,3.001,3.001,0.0118,False
2020-07-08,3.026,3.026,0.008331,False
2020-07-09,3.118,3.118,0.030403,False
2020-07-10,3.132,3.132,0.00449,False
2020-07-13,3.241,3.241,0.034802,False
2020-07-14,3.212,3.212,-0.008948000000000001,False
2020-07-15,3.212,3.212,0.0,False
2020-07-16,3.032,3.032,-0.05604,False
2020-07-17,3.106,3.106,0.024405999999999997,False
2020-07-20,3.169,3.169,0.020283000000000002,False
2020-07-21,3.228,3.228,0.018618,False
2020-07-22,3.267,3.267,0.012081999999999999,False
2020-07-23,3.296,3.296,0.008877000000000001,False
2020-07-24,3.14,3.14,-0.04733,False
2020-07-27,3.144,3.144,0.0012740000000000002,False
2020-07-28,3.169,3.169,0.007952,False
2020-07-29,3.274,3.274,0.033132999999999996,False
2020-07-30,3.256,3.256,-0.005497999999999999,False
2020-07-31,3.293,3.293,0.011364,False
2020-08-03,3.367,3.367,0.022472,False
2020-08-04,3.341,3.341,-0.007722,False
2020-08-05,3.394,3.394,0.015864,False
2020-08-06,3.374,3.374,-0.005893000000000001,False
2020-08-07,3.317,3.317,-0.016894,False
2020-08-10,3.308,3.308,-0.0027129999999999997,False
2020-08-11,3.283,3.283,-0.007557,False
2020-08-12,3.181,3.181,-0.031069,False
2020-08-13,3.172,3.172,-0.002829,False
2020-08-14,3.218,3.218,0.014502,False
2020-08-17,3.278,3.278,0.018645000000000002,False
2020-08-18,3.308,3.308,0.009152,False
2020-08-19,3.263,3.263,-0.013603,False
2020-08-20,3.212,3.212,-0.015629999999999998,False
2020-08-21,3.259,3.259,0.014633,False
2020-08-24,3.304,3.304,0.0138,False
2020-08-25,3.302,3.302,-0.0006,False
2020-08-26,3.274,3.274,-0.0085,False
2020-08-27,3.313,3.313,0.011899999999999999,False
2020-08-28,3.391,3.391,0.0235,False
2020-08-31,3.367,3.367,-0.0070999999999999995,False
2020-09-01,3.394,3.394,0.008,False
2020-09-02,3.404,3.404,0.0029,False
2020-09-03,3.396,3.396,-0.0024,False
2020-09-04,3.343,3.343,-0.015600000000000001,False
2020-09-07,3.251,3.251,-0.0275,False
2020-09-08,3.24,3.24,-0.0034000000000000002,False
2020-09-09,3.131,3.131,-0.0336,False
2020-09-10,3.135,3.135,0.0013,False
2020-09-11,3.202,3.202,0.021400000000000002,False
2020-09-14,3.223,3.223,0.0066,False
2020-09-15,3.26,3.26,0.0115,False
2020-09-16,3.232,3.232,-0.0086,False
2020-09-17,3.227,3.227,-0.0015,False
2020-09-18,3.285,3.285,0.018000000000000002,False
2020-09-21,3.263,3.263,-0.0067,False
2020-09-22,3.229,3.229,-0.0104,False
2020-09-23,3.264,3.264,0.0108,False
2020-09-24,3.204,3.204,-0.0184,False
2020-09-25,3.197,3.197,-0.0022,False
2020-09-28,3.196,3.196,-0.0003,False
2020-09-29,3.219,3.219,0.0072,False
2020-09-30,3.236,3.236,0.0053,False
2020-10-09,3.334,3.334,0.030299999999999997,False
2020-10-12,3.417,3.417,0.024900000000000002,False
2020-10-13,3.46,3.46,0.0126,False
2020-10-14,3.458,3.458,-0.0006,False
2020-10-15,3.426,3.426,-0.009300000000000001,False
2020-10-16,3.396,3.396,-0.0088,False
2020-10-19,3.363,3.363,-0.0097,False
2020-10-20,3.395,3.395,0.0095,False
2020-10-21,3.356,3.356,-0.0115,False
2020-10-22,3.311,3.311,-0.0134,False
2020-10-23,3.223,3.223,-0.026600000000000002,False
2020-10-26,3.258,3.258,0.0109,False
2020-10-27,3.309,3.309,0.015700000000000002,False
2020-10-28,3.319,3.319,0.003,False
2020-10-29,3.349,3.349,0.009000000000000001,False
2020-10-30,3.306,3.306,-0.0128,False
2020-11-02,3.329,3.329,0.006999999999999999,False
2020-11-03,3.351,3.351,0.0066,False
2020-11-04,3.365,3.365,0.0042,False
2020-11-05,3.401,3.401,0.010700000000000001,False
2020-11-06,3.326,3.326,-0.022099999999999998,False
2020-11-09,3.383,3.383,0.0171,False
2020-11-10,3.346,3.346,-0.0109,False
2020-11-11,3.274,3.274,-0.0215,False
2020-11-12,3.29,3.29,0.0049,False
2020-11-13,3.272,3.272,-0.0055000000000000005,False
2020-11-16,3.282,3.282,0.0031,False
2020-11-17,3.252,3.252,-0.0091,False
2020-11-18,3.219,3.219,-0.0101,False
2020-11-19,3.249,3.249,0.009300000000000001,False
2020-11-20,3.275,3.275,0.008,False
2020-11-23,3.287,3.287,0.0037,False
2020-11-24,3.269,3.269,-0.0055000000000000005,False
2020-11-25,3.208,3.208,-0.0187,False
2020-11-26,3.206,3.206,-0.0006,False
2020-11-27,3.228,3.228,0.0069,False
2020-11-30,3.217,3.217,-0.0034000000000000002,False
2020-12-01,3.286,3.286,0.021400000000000002,False
2020-12-02,3.31,3.31,0.0073,False
2020-12-03,3.311,3.311,0.0003,False
2020-12-04,3.34,3.34,0.0088,False
2020-12-07,3.349,3.349,0.0027,False
2020-12-08,3.36,3.36,0.0033,False
2020-12-09,3.313,3.313,-0.013999999999999999,False
2020-12-10,3.345,3.345,0.0097,False
2020-12-11,3.311,3.311,-0.0102,False
2020-12-14,3.349,3.349,0.0115,False
2020-12-15,3.372,3.372,0.0069,False
2020-12-16,3.385,3.385,0.0039000000000000003,False
2020-12-17,3.399,3.399,0.0040999999999999995,False
2020-12-18,3.391,3.391,-0.0024,False
2020-12-21,3.453,3.453,0.0183,False
2020-12-22,3.43,3.43,-0.0067,False
2020-12-23,3.454,3.454,0.006999999999999999,False
2020-12-24,3.459,3.459,0.0014000000000000002,False
2020-12-25,3.491,3.491,0.009300000000000001,False
2020-12-28,3.497,3.497,0.0017000000000000001,False
2020-12-29,3.462,3.462,-0.01,False
2020-12-30,3.51,3.51,0.0139,False
2020-12-31,3.572,3.572,0.0177,False
2021-01-04,3.632,3.632,0.0168,False
2021-01-05,3.684,3.684,0.0143,False
2021-01-06,3.742,3.742,0.015700000000000002,False
2021-01-07,3.815,3.815,0.0195,False
2021-01-08,3.754,3.754,-0.016,False
2021-01-11,3.752,3.752,-0.0005,False
2021-01-12,3.853,3.853,0.0269,False
2021-01-13,3.805,3.805,-0.0125,False
2021-01-14,3.75,3.75,-0.014499999999999999,False
2021-01-15,3.758,3.758,0.0021,False
2021-01-18,3.839,3.839,0.0216,False
2021-01-19,3.769,3.769,-0.0182,False
2021-01-20,3.851,3.851,0.0218,False
2021-01-21,3.918,3.918,0.0174,False
2021-01-22,4.008,4.008,0.023,False
2021-01-25,4.054,4.054,0.0115,False
2021-01-26,3.918,3.918,-0.0335,False
2021-01-27,3.927,3.927,0.0023,False
2021-01-28,3.806,3.806,-0.0308,False
2021-01-29,3.797,3.797,-0.0024,False
2021-02-01,3.855,3.855,0.015300000000000001,False
2021-02-02,3.94,3.94,0.022000000000000002,False
2021-02-03,3.921,3.921,-0.0048,False
2021-02-04,3.89,3.89,-0.0079,False
2021-02-05,3.861,3.861,-0.0075,False
2021-02-08,3.947,3.947,0.0223,False
2021-02-09,4.039,4.039,0.0233,False
2021-02-10,4.154,4.154,0.0285,False
2021-02-18,4.1,4.1,-0.013000000000000001,False
2021-02-19,4.047,4.047,-0.0129,False
2021-02-22,3.882,3.882,-0.0408,False
2021-02-23,3.889,3.889,0.0018,False
2021-02-24,3.771,3.771,-0.030299999999999997,False
2021-02-25,3.778,3.778,0.0019,False
2021-02-26,3.694,3.694,-0.0222,False
2021-03-01,3.795,3.795,0.0273,False
2021-03-02,3.754,3.754,-0.0108,False
2021-03-03,3.801,3.801,0.0125,False
2021-03-04,3.638,3.638,-0.0429,False
2021-03-05,3.634,3.634,-0.0011,False
2021-03-08,3.474,3.474,-0.044000000000000004,False
2021-03-09,3.363,3.363,-0.032,False
2021-03-10,3.41,3.41,0.013999999999999999,False
2021-03-11,3.481,3.481,0.0208,False
2021-03-12,3.496,3.496,0.0043,False
2021-03-15,3.406,3.406,-0.025699999999999997,False
2021-03-16,3.426,3.426,0.0059,False
2021-03-17,3.469,3.469,0.0126,False
2021-03-18,3.517,3.517,0.0138,False
2021-03-19,3.467,3.467,-0.014199999999999999,False
2021-03-22,3.482,3.482,0.0043,False
2021-03-23,3.437,3.437,-0.0129,False
2021-03-24,3.386,3.386,-0.0148,False
2021-03-25,3.423,3.423,0.0109,False
2021-03-26,3.516,3.516,0.027200000000000002,False
2021-03-29,3.543,3.543,0.0077,False
2021-03-30,3.563,3.563,0.005600000000000001,False
2021-03-31,3.518,3.518,-0.0126,False
2021-04-01,3.574,3.574,0.0159,False
2021-04-02,3.632,3.632,0.016200000000000003,False
2021-04-06,3.599,3.599,-0.0091,False
2021-04-07,3.587,3.587,-0.0033,False
2021-04-08,3.615,3.615,0.0078000000000000005,False
2021-04-09,3.603,3.603,-0.0033,False
2021-04-12,3.513,3.513,-0.025,False
2021-04-13,3.521,3.521,0.0023,False
2021-04-14,3.557,3.557,0.0102,False
2021-04-15,3.566,3.566,0.0025,False
2021-04-16,3.566,3.566,0.0,False
2021-04-19,3.659,3.659,0.026099999999999998,False
2021-04-20,3.68,3.68,0.005699999999999999,False
2021-04-21,3.703,3.703,0.0062,False
2021-04-22,3.714,3.714,0.003,False
2021-04-23,3.751,3.751,0.01,False
2021-04-26,3.718,3.718,-0.0088,False
2021-04-27,3.734,3.734,0.0043,False
2021-04-28,3.801,3.801,0.0179,False
2021-04-29,3.788,3.788,-0.0034000000000000002,False
2021-04-30,3.801,3.801,0.0034000000000000002,False
2021-05-06,3.753,3.753,-0.0126,False
2021-05-07,3.649,3.649,-0.0277,False
2021-05-10,3.651,3.651,0.0005,False
2021-05-11,3.672,3.672,0.0058,False
2021-05-12,3.677,3.677,0.0014000000000000002,False
2021-05-13,3.656,3.656,-0.005699999999999999,False
2021-05-14,3.752,3.752,0.0263,False
2021-05-17,3.814,3.814,0.0165,False
2021-05-18,3.805,3.805,-0.0024,False
2021-05-19,3.816,3.816,0.0029,False
2021-05-20,3.855,3.855,0.0102,False
2021-05-21,3.81,3.81,-0.011699999999999999,False
2021-05-24,3.811,3.811,0.0003,False
2021-05-25,3.915,3.915,0.0273,False
2021-05-26,3.894,3.894,-0.0054,False
2021-05-27,3.938,3.938,0.0113,False
2021-05-28,3.91,3.91,-0.0070999999999999995,False
2021-05-31,4.009,4.009,0.0253,False
2021-06-01,4.037,4.037,0.006999999999999999,False
2021-06-02,3.966,3.966,-0.0176,False
2021-06-03,3.931,3.931,-0.0088,False
2021-06-04,3.945,3.945,0.0036,False
2021-06-07,3.949,3.949,0.001,False
2021-06-08,3.914,3.914,-0.0089,False
2021-06-09,3.928,3.928,0.0036,False
2021-06-10,3.968,3.968,0.0102,False
2021-06-11,3.938,3.938,-0.0076,False
2021-06-15,3.926,3.926,-0.003,False
2021-06-16,3.802,3.802,-0.0316,False
2021-06-17,3.851,3.851,0.0129,False
2021-06-18,3.862,3.862,0.0029,False
2021-06-21,3.909,3.909,0.012199999999999999,False
2021-06-22,3.924,3.924,0.0038,False
2021-06-23,3.959,3.959,0.0089,False
2021-06-24,3.916,3.916,-0.0109,False
2021-06-25,3.955,3.955,0.01,False
2021-06-28,3.995,3.995,0.0101,False
2021-06-29,3.969,3.969,-0.006500000000000001,False
2021-06-30,3.995,3.995,0.0066,False
2021-07-01,3.985,3.985,-0.0025,False
2021-07-02,3.843,3.843,-0.0356,False
2021-07-05,3.845,3.845,0.0005,False
2021-07-06,3.807,3.807,-0.009899999999999999,False
2021-07-07,3.88,3.88,0.0192,False
2021-07-08,3.888,3.888,0.0021,False
2021-07-09,3.867,3.867,-0.0054,False
2021-07-12,3.945,3.945,0.0202,False
2021-07-13,3.974,3.974,0.0074,False
2021-07-14,3.929,3.929,-0.0113,False
2021-07-15,3.943,3.943,0.0036,False
2021-07-16,3.9,3.9,-0.0109,False
2021-07-19,3.94,3.94,0.0103,False
2021-07-20,3.925,3.925,-0.0038,False
2021-07-21,3.971,3.971,0.011699999999999999,False
2021-07-22,3.947,3.947,-0.006,False
2021-07-23,3.89,3.89,-0.0144,False
2021-07-26,3.798,3.798,-0.023700000000000002,False
2021-07-27,3.671,3.671,-0.0334,False
2021-07-28,3.655,3.655,-0.0044,False
2021-07-29,3.78,3.78,0.0342,False
2021-07-30,3.746,3.746,-0.009000000000000001,False
2021-08-02,3.835,3.835,0.023799999999999998,False
2021-08-03,3.888,3.888,0.0138,False
2021-08-04,3.945,3.945,0.0147,False
2021-08-05,3.941,3.941,-0.001,False
2021-08-06,3.886,3.886,-0.013999999999999999,False
2021-08-09,3.931,3.931,0.0116,False
2021-08-10,3.957,3.957,0.0066,False
2021-08-11,3.966,3.966,0.0023,False
2021-08-12,3.953,3.953,-0.0033,False
2021-08-13,3.961,3.961,0.002,False
2021-08-16,3.925,3.925,-0.0091,False
2021-08-17,3.83,3.83,-0.0242,False
2021-08-18,3.854,3.854,0.0063,False
2021-08-19,3.864,3.864,0.0026,False
2021-08-20,3.836,3.836,-0.0072,False
2021-08-23,3.943,3.943,0.0279,False
2021-08-24,4.001,4.001,0.0147,False
2021-08-25,3.99,3.99,-0.0027,False
2021-08-26,3.915,3.915,-0.018799999999999997,False
2021-08-27,3.935,3.935,0.0051,False
2021-08-30,3.939,3.939,0.001,False
2021-08-31,3.871,3.871,-0.0173,False
2021-09-01,3.902,3.902,0.008,False
2021-09-02,3.859,3.859,-0.011000000000000001,False
2021-09-03,3.798,3.798,-0.0158,False
2021-09-06,3.891,3.891,0.0245,False
2021-09-07,3.909,3.909,0.0046,False
2021-09-08,3.863,3.863,-0.0118,False
2021-09-09,3.853,3.853,-0.0026,False
2021-09-10,3.875,3.875,0.005699999999999999,False
2021-09-13,3.838,3.838,-0.0095,False
2021-09-14,3.816,3.816,-0.005699999999999999,False
2021-09-15,3.775,3.775,-0.010700000000000001,False
2021-09-16,3.711,3.711,-0.017,False
2021-09-17,3.749,3.749,0.0102,False
2021-09-22,3.722,3.722,-0.0072,False
2021-09-23,3.723,3.723,0.0003,False
2021-09-24,3.713,3.713,-0.0027,False
2021-09-27,3.728,3.728,0.004,False
2021-09-28,3.734,3.734,0.0016,False
2021-09-29,3.687,3.687,-0.0126,False
2021-09-30,3.761,3.761,0.020099999999999996,False
2021-10-08,3.769,3.769,0.0021,False
2021-10-11,3.75,3.75,-0.005,False
2021-10-12,3.698,3.698,-0.0139,False
2021-10-13,3.786,3.786,0.023799999999999998,False
2021-10-14,3.791,3.791,0.0013,False
2021-10-15,3.825,3.825,0.009000000000000001,False
2021-10-18,3.787,3.787,-0.009899999999999999,False
2021-10-19,3.837,3.837,0.0132,False
2021-10-20,3.833,3.833,-0.001,False
2021-10-21,3.823,3.823,-0.0026,False
2021-10-22,3.84,3.84,0.0044,False
2021-10-25,3.854,3.854,0.0036,False
2021-10-26,3.851,3.851,-0.0008,False
2021-10-27,3.806,3.806,-0.011699999999999999,False
2021-10-28,3.788,3.788,-0.004699999999999999,False
2021-10-29,3.845,3.845,0.015,False
2021-11-01,3.849,3.849,0.001,False
2021-11-02,3.838,3.838,-0.0029,False
2021-11-03,3.826,3.826,-0.0031,False
2021-11-04,3.864,3.864,0.009899999999999999,False
2021-11-05,3.851,3.851,-0.0034000000000000002,False
2021-11-08,3.869,3.869,0.004699999999999999,False
2021-11-09,3.9,3.9,0.008,False
2021-11-10,3.886,3.886,-0.0036,False
2021-11-11,3.926,3.926,0.0103,False
2021-11-12,3.945,3.945,0.0048,False
2021-11-15,3.947,3.947,0.0005,False
2021-11-16,3.96,3.96,0.0033,False
2021-11-17,3.982,3.982,0.005600000000000001,False
2021-11-18,3.992,3.992,0.0025,False
2021-11-19,4.03,4.03,0.0095,False
2021-11-22,4.082,4.082,0.0129,False
2021-11-23,4.075,4.075,-0.0017000000000000001,False
2021-11-24,4.082,4.082,0.0017000000000000001,False
2021-11-25,4.081,4.081,-0.0002,False
2021-11-26,4.088,4.088,0.0017000000000000001,False
2021-11-29,4.092,4.092,0.001,False
2021-11-30,4.063,4.063,-0.0070999999999999995,False
2021-12-01,4.03,4.03,-0.008100000000000001,False
2021-12-02,4.023,4.023,-0.0017000000000000001,False
2021-12-03,4.069,4.069,0.011399999999999999,False
2021-12-06,4.01,4.01,-0.014499999999999999,False
2021-12-07,3.982,3.982,-0.006999999999999999,False
2021-12-08,4.049,4.049,0.0168,False
2021-12-09,4.101,4.101,0.0128,False
2021-12-10,4.094,4.094,-0.0017000000000000001,False
2021-12-13,4.129,4.129,0.0085,False
2021-12-14,4.11,4.11,-0.0046,False
2021-12-15,4.048,4.048,-0.0151,False
2021-12-16,4.081,4.081,0.008199999999999999,False
2021-12-17,3.999,3.999,-0.020099999999999996,False
2021-12-20,3.939,3.939,-0.015,False
2021-12-21,3.968,3.968,0.0074,False
2021-12-22,4.025,4.025,0.0144,False
2021-12-23,4.035,4.035,0.0025,False
2021-12-24,4.014,4.014,-0.0052,False
2021-12-27,4.014,4.014,0.0,False
2021-12-28,4.045,4.045,0.0077,False
2021-12-29,4.033,4.033,-0.003,False
2021-12-30,4.071,4.071,0.009399999999999999,False
2021-12-31,4.113,4.113,0.0103,False
2022-01-04,4.044,4.044,-0.0168,False
2022-01-05,3.927,3.927,-0.028900000000000002,False
2022-01-06,3.92,3.92,-0.0018,False
2022-01-07,3.875,3.875,-0.0115,False
2022-01-10,3.908,3.908,0.0085,False
2022-01-11,3.88,3.88,-0.0072,False
2022-01-12,3.947,3.947,0.0173,False
2022-01-13,3.841,3.841,-0.0269,False
2022-01-14,3.887,3.887,0.012,False
2022-01-17,3.931,3.931,0.0113,False
2022-01-18,3.959,3.959,0.0070999999999999995,False
2022-01-19,3.892,3.892,-0.0169,False
2022-01-20,3.853,3.853,-0.01,False
2022-01-21,3.8,3.8,-0.0138,False
2022-01-24,3.807,3.807,0.0018,False
2022-01-25,3.722,3.722,-0.0223,False
2022-01-26,3.746,3.746,0.0064,False
2022-01-27,3.658,3.658,-0.0235,False
2022-01-28,3.61,3.61,-0.0131,False
2022-02-07,3.626,3.626,0.0044,False
2022-02-08,3.576,3.576,-0.0138,False
2022-02-09,3.595,3.595,0.0053,False
2022-02-10,3.594,3.594,-0.0003,False
2022-02-11,3.549,3.549,-0.0125,False
2022-02-14,3.504,3.504,-0.0127,False
2022-02-15,3.569,3.569,0.018600000000000002,False
2022-02-16,3.584,3.584,0.0042,False
2022-02-17,3.617,3.617,0.0092,False
2022-02-18,3.613,3.613,-0.0011,False
2022-02-21,3.595,3.595,-0.005,False
2022-02-22,3.564,3.564,-0.0086,False
2022-02-23,3.637,3.637,0.020499999999999997,False
2022-02-24,3.552,3.552,-0.023399999999999997,False
2022-02-25,3.585,3.585,0.009300000000000001,False
2022-02-28,3.574,3.574,-0.0031,False
2022-03-01,3.57,3.57,-0.0011,False
2022-03-02,3.549,3.549,-0.0059,False
2022-03-03,3.505,3.505,-0.0124,False
2022-03-04,3.463,3.463,-0.012,False
2022-03-07,3.357,3.357,-0.030600000000000002,False
2022-03-08,3.269,3.269,-0.0262,False
2022-03-09,3.227,3.227,-0.0128,False
2022-03-10,3.31,3.31,0.025699999999999997,False
2022-03-11,3.319,3.319,0.0027,False
2022-03-14,3.21,3.21,-0.032799999999999996,False
2022-03-15,3.067,3.067,-0.044500000000000005,False
2022-03-16,3.176,3.176,0.0355,False
2022-03-17,3.272,3.272,0.0302,False
2022-03-18,3.266,3.266,-0.0018,False
2022-03-21,3.29,3.29,0.0073,False
2022-03-22,3.268,3.268,-0.0067,False
2022-03-23,3.305,3.305,0.0113,False
2022-03-24,3.283,3.283,-0.0067,False
2022-03-25,3.219,3.219,-0.0195,False
2022-03-28,3.183,3.183,-0.011200000000000002,False
2022-03-29,3.175,3.175,-0.0025,False
2022-03-30,3.244,3.244,0.0217,False
2022-03-31,3.195,3.195,-0.0151,False
2022-04-01,3.23,3.23,0.011000000000000001,False
2022-04-06,3.194,3.194,-0.0111,False
2022-04-07,3.129,3.129,-0.0204,False
2022-04-08,3.123,3.123,-0.0019,False
2022-04-11,3.026,3.026,-0.0311,False
2022-04-12,3.045,3.045,0.0063,False
2022-04-13,2.993,2.993,-0.0171,False
2022-04-14,3.02,3.02,0.009000000000000001,False
2022-04-15,3.051,3.051,0.0103,False
2022-04-18,3.082,3.082,0.0102,False
2022-04-19,3.055,3.055,-0.0088,False
2022-04-20,3.02,3.02,-0.0115,False
2022-04-21,2.927,2.927,-0.0308,False
2022-04-22,2.915,2.915,-0.0040999999999999995,False
2022-04-25,2.768,2.768,-0.0504,False
2022-04-26,2.769,2.769,0.0004,False
2022-04-27,2.911,2.911,0.0513,False
2022-04-28,2.954,2.954,0.0148,False
2022-04-29,3.062,3.062,0.0366,False
2022-05-05,3.082,3.082,0.006500000000000001,False
2022-05-06,3.025,3.025,-0.018500000000000003,False
2022-05-09,3.021,3.021,-0.0013,False
2022-05-10,3.078,3.078,0.0189,False
2022-05-11,3.132,3.132,0.0175,False
2022-05-12,3.122,3.122,-0.0032,False
2022-05-13,3.143,3.143,0.0067,False
2022-05-16,3.126,3.126,-0.0054,False
2022-05-17,3.183,3.183,0.0182,False
2022-05-18,3.161,3.161,-0.0069,False
2022-05-19,3.175,3.175,0.0044,False
2022-05-20,3.223,3.223,0.0151,False
2022-05-23,3.221,3.221,-0.0006,False
2022-05-24,3.112,3.112,-0.0338,False
2022-05-25,3.121,3.121,0.0029,False
2022-05-26,3.155,3.155,0.0109,False
2022-05-27,3.186,3.186,0.0098,False
2022-05-30,3.234,3.234,0.0151,False
2022-05-31,3.27,3.27,0.0111,False
2022-06-01,3.273,3.273,0.0009,False
2022-06-02,3.306,3.306,0.0101,False
2022-06-06,3.391,3.391,0.025699999999999997,False
2022-06-07,3.392,3.392,0.0003,False
2022-06-08,3.439,3.439,0.0139,False
2022-06-09,3.369,3.369,-0.0204,False
2022-06-10,3.434,3.434,0.019299999999999998,False
2022-06-13,3.436,3.436,0.0006,False
2022-06-14,3.419,3.419,-0.0049,False
2022-06-15,3.419,3.419,0.0,False
2022-06-16,3.443,3.443,0.006999999999999999,False
2022-06-17,3.489,3.489,0.0134,False
2022-06-20,3.531,3.531,0.012,False
2022-06-21,3.477,3.477,-0.015300000000000001,False
2022-06-22,3.414,3.414,-0.0181,False
2022-06-23,3.455,3.455,0.012,False
2022-06-24,3.446,3.446,-0.0026,False
2022-06-27,3.468,3.468,0.0064,False
2022-06-28,3.494,3.494,0.0075,False
2022-06-29,3.429,3.429,-0.018600000000000002,False
2022-06-30,3.505,3.505,0.0222,False
2022-07-01,3.468,3.468,-0.0106,False
2022-07-04,3.497,3.497,0.0084,False
2022-07-05,3.403,3.403,-0.0269,False
2022-07-06,3.379,3.379,-0.0070999999999999995,False
2022-07-07,3.395,3.395,0.004699999999999999,False
2022-07-08,3.37,3.37,-0.0074,False
2022-07-11,3.289,3.289,-0.024,False
2022-07-12,3.227,3.227,-0.0189,False
2022-07-13,3.224,3.224,-0.0009,False
2022-07-14,3.273,3.273,0.0152,False
2022-07-15,3.233,3.233,-0.012199999999999999,False
2022-07-18,3.272,3.272,0.0121,False
2022-07-19,3.265,3.265,-0.0021,False
2022-07-20,3.293,3.293,0.0086,False
2022-07-21,3.276,3.276,-0.0052,False
2022-07-22,3.251,3.251,-0.0076,False
2022-07-25,3.214,3.214,-0.011399999999999999,False
2022-07-26,3.252,3.252,0.0118,False
2022-07-27,3.279,3.279,0.0083,False
2022-07-28,3.317,3.317,0.0116,False
2022-07-29,3.284,3.284,-0.009899999999999999,False
2022-08-01,3.352,3.352,0.0207,False
2022-08-02,3.332,3.332,-0.006,False
2022-08-03,3.286,3.286,-0.0138,False
2022-08-04,3.309,3.309,0.006999999999999999,False
2022-08-05,3.348,3.348,0.0118,False
2022-08-08,3.396,3.396,0.0143,False
2022-08-09,3.391,3.391,-0.0015,False
2022-08-10,3.41,3.41,0.005600000000000001,False
2022-08-11,3.446,3.446,0.0106,False
2022-08-12,3.421,3.421,-0.0073,False
2022-08-15,3.486,3.486,0.019,False
2022-08-16,3.497,3.497,0.0032,False
2022-08-17,3.486,3.486,-0.0031,False
2022-08-18,3.502,3.502,0.0046,False
2022-08-19,3.44,3.44,-0.0177,False
2022-08-22,3.492,3.492,0.0151,False
2022-08-23,3.523,3.523,0.0089,False
2022-08-24,3.379,3.379,-0.0409,False
2022-08-25,3.357,3.357,-0.006500000000000001,False
2022-08-26,3.341,3.341,-0.0048,False
2022-08-29,3.336,3.336,-0.0015,False
2022-08-30,3.303,3.303,-0.009899999999999999,False
2022-08-31,3.193,3.193,-0.0333,False
2022-09-01,3.182,3.182,-0.0034000000000000002,False
2022-09-02,3.197,3.197,0.004699999999999999,False
2022-09-05,3.196,3.196,-0.0003,False
2022-09-06,3.246,3.246,0.015600000000000001,False
2022-09-07,3.254,3.254,0.0025,False
2022-09-08,3.226,3.226,-0.0086,False
2022-09-09,3.252,3.252,0.008100000000000001,False
2022-09-13,3.264,3.264,0.0037,False
2022-09-14,3.225,3.225,-0.011899999999999999,False
2022-09-15,3.109,3.109,-0.036000000000000004,False
2022-09-16,3.066,3.066,-0.0138,False
2022-09-19,3.039,3.039,-0.0088,False
2022-09-20,3.07,3.07,0.0102,False
2022-09-21,3.036,3.036,-0.0111,False
2022-09-22,3.025,3.025,-0.0036,False
2022-09-23,2.974,2.974,-0.0169,False
2022-09-26,3.006,3.006,0.0108,False
2022-09-27,3.049,3.049,0.0143,False
2022-09-28,2.967,2.967,-0.0269,False
2022-09-29,3.003,3.003,0.0121,False
2022-09-30,2.918,2.918,-0.028300000000000002,False
2022-10-10,2.83,2.83,-0.0302,False
2022-10-11,2.842,2.842,0.0042,False
2022-10-12,2.909,2.909,0.0236,False
2022-10-13,2.923,2.923,0.0048,False
2022-10-14,2.998,2.998,0.025699999999999997,False
2022-10-17,3.016,3.016,0.006,False
2022-10-18,3.048,3.048,0.0106,False
2022-10-19,3.03,3.03,-0.0059,False
2022-10-20,2.998,2.998,-0.0106,False
2022-10-21,3.004,3.004,0.002,False
2022-10-24,2.978,2.978,-0.0087,False
2022-10-25,2.98,2.98,0.0007000000000000001,False
2022-10-26,3.019,3.019,0.0131,False
2022-10-27,2.972,2.972,-0.015600000000000001,False
2022-10-28,2.919,2.919,-0.0178,False
2022-10-31,2.889,2.889,-0.0103,False
2022-11-01,2.958,2.958,0.0239,False
2022-11-02,3.01,3.01,0.0176,False
2022-11-03,3.038,3.038,0.009300000000000001,False
2022-11-04,3.13,3.13,0.030299999999999997,False
2022-11-07,3.114,3.114,-0.0051,False
2022-11-08,3.103,3.103,-0.0034999999999999996,False
2022-11-09,3.098,3.098,-0.0016,False
2022-11-10,3.053,3.053,-0.014499999999999999,False
2022-11-11,3.083,3.083,0.0098,False
2022-11-14,3.037,3.037,-0.0149,False
2022-11-15,3.114,3.114,0.0254,False
2022-11-16,3.119,3.119,0.0016,False
2022-11-17,3.085,3.085,-0.0109,False
2022-11-18,3.056,3.056,-0.009399999999999999,False
2022-11-21,3.061,3.061,0.0016,False
2022-11-22,3.016,3.016,-0.0147,False
2022-11-23,3.002,3.002,-0.0046,False
2022-11-24,3.0,3.0,-0.0007000000000000001,False
2022-11-25,2.959,2.959,-0.0137,False
2022-11-28,2.925,2.925,-0.0115,False
2022-11-29,2.967,2.967,0.0144,False
2022-11-30,2.957,2.957,-0.0034000000000000002,False
2022-12-01,3.012,3.012,0.018600000000000002,False
2022-12-02,3.008,3.008,-0.0013,False
2022-12-05,3.007,3.007,-0.0003,False
2022-12-06,3.039,3.039,0.0106,False
2022-12-07,3.038,3.038,-0.0003,False
2022-12-08,3.037,3.037,-0.0003,False
2022-12-09,3.077,3.077,0.0132,False
2022-12-12,3.049,3.049,-0.0091,False
2022-12-13,3.012,3.012,-0.0121,False
2022-12-14,3.004,3.004,-0.0027,False
2022-12-15,3.017,3.017,0.0043,False
2022-12-16,2.975,2.975,-0.0139,False
2022-12-19,2.922,2.922,-0.0178,False
2022-12-20,2.885,2.885,-0.0127,False
2022-12-21,2.874,2.874,-0.0038,False
2022-12-22,2.854,2.854,-0.006999999999999999,False
2022-12-23,2.862,2.862,0.0028000000000000004,False
2022-12-26,2.908,2.908,0.0161,False
2022-12-27,2.939,2.939,0.010700000000000001,False
2022-12-28,2.908,2.908,-0.0105,False
2022-12-29,2.923,2.923,0.0052,False
2022-12-30,2.915,2.915,-0.0027,False
2022-12-31,2.915,2.915,0.0,False
2023-01-03,2.936,2.936,0.0072,False
2023-01-04,2.941,2.941,0.0017000000000000001,False
2023-01-05,3.024,3.024,0.0282,False
2023-01-06,3.038,3.038,0.0046,False
2023-01-09,3.101,3.101,0.0207,False
2023-01-10,3.136,3.136,0.0113,False
2023-01-11,3.135,3.135,-0.0003,False
2023-01-12,3.103,3.103,-0.0102,False
2023-01-13,3.12,3.12,0.0055000000000000005,False
2023-01-16,3.167,3.167,0.0151,False
2023-01-17,3.188,3.188,0.0066,False
2023-01-18,3.173,3.173,-0.004699999999999999,False
2023-01-19,3.219,3.219,0.014499999999999999,False
2023-01-20,3.223,3.223,0.0012,False
2023-01-30,3.235,3.235,0.0037,False
2023-01-31,3.214,3.214,-0.006500000000000001,False
2023-02-01,3.273,3.273,0.0184,False
2023-02-02,3.272,3.272,-0.0003,False
2023-02-03,3.265,3.265,-0.0021,False
2023-02-06,3.231,3.231,-0.0104,False
2023-02-07,3.225,3.225,-0.0019,False
2023-02-08,3.198,3.198,-0.0084,False
2023-02-09,3.263,3.263,0.0203,False
2023-02-10,3.286,3.286,0.006999999999999999,False
2023-02-13,3.38,3.38,0.0286,False
2023-02-14,3.392,3.392,0.0036,False
2023-02-15,3.36,3.36,-0.009399999999999999,False
2023-02-16,3.319,3.319,-0.012199999999999999,False
2023-02-17,3.262,3.262,-0.0172,False
2023-02-20,3.317,3.317,0.0169,False
2023-02-21,3.298,3.298,-0.005699999999999999,False
2023-02-22,3.282,3.282,-0.0049,False
2023-02-23,3.273,3.273,-0.0027,False
2023-02-24,3.223,3.223,-0.015300000000000001,False
2023-02-27,3.203,3.203,-0.0062,False
2023-02-28,3.217,3.217,0.0044,False
2023-03-01,3.256,3.256,0.0121,False
2023-03-02,3.235,3.235,-0.0064,False
2023-03-03,3.241,3.241,0.0019,False
2023-03-06,3.23,3.23,-0.0034000000000000002,False
2023-03-07,3.182,3.182,-0.0149,False
2023-03-08,3.19,3.19,0.0025,False
2023-03-09,3.195,3.195,0.0016,False
2023-03-10,3.142,3.142,-0.0166,False
2023-03-13,3.14,3.14,-0.0006,False
2023-03-14,3.129,3.129,-0.0034999999999999996,False
2023-03-15,3.112,3.112,-0.0054,False
2023-03-16,3.073,3.073,-0.0125,False
2023-03-17,3.093,3.093,0.006500000000000001,False
2023-03-20,3.075,3.075,-0.0058,False
2023-03-21,3.132,3.132,0.018500000000000003,False
2023-03-22,3.117,3.117,-0.0048,False
2023-03-23,3.125,3.125,0.0026,False
2023-03-24,3.128,3.128,0.001,False
2023-03-27,3.119,3.119,-0.0029,False
2023-03-28,3.103,3.103,-0.0051,False
2023-03-29,3.133,3.133,0.0097,False
2023-03-30,3.146,3.146,0.0040999999999999995,False
2023-03-31,3.191,3.191,0.0143,False
2023-04-03,3.246,3.246,0.0172,False
2023-04-04,3.227,3.227,-0.0059,False
2023-04-06,3.225,3.225,-0.0006,False
2023-04-07,3.279,3.279,0.0167,False
2023-04-10,3.242,3.242,-0.0113,False
2023-04-11,3.225,3.225,-0.0052,False
2023-04-12,3.251,3.251,0.008100000000000001,False
2023-04-13,3.204,3.204,-0.014499999999999999,False
2023-04-14,3.224,3.224,0.0062,False
2023-04-17,3.249,3.249,0.0078000000000000005,False
2023-04-18,3.228,3.228,-0.006500000000000001,False
2023-04-19,3.205,3.205,-0.0070999999999999995,False
2023-04-20,3.212,3.212,0.0022,False
2023-04-21,3.182,3.182,-0.009300000000000001,False
2023-04-24,3.116,3.116,-0.0207,False
2023-04-25,3.158,3.158,0.013500000000000002,False
2023-04-26,3.139,3.139,-0.006,False
2023-04-27,3.184,3.184,0.0143,False
2023-04-28,3.175,3.175,-0.0028000000000000004,False
2023-05-04,3.135,3.135,-0.0126,False
2023-05-05,3.111,3.111,-0.0077,False
2023-05-08,3.117,3.117,0.0019,False
2023-05-09,3.072,3.072,-0.0144,False
2023-05-10,3.071,3.071,-0.0003,False
2023-05-11,3.066,3.066,-0.0016,False
2023-05-12,3.048,3.048,-0.0059,False
2023-05-15,3.081,3.081,0.0108,False
2023-05-16,3.079,3.079,-0.0006,False
2023-05-17,3.116,3.116,0.012,False
2023-05-18,3.109,3.109,-0.0022,False
2023-05-19,3.125,3.125,0.0051,False
2023-05-22,3.126,3.126,0.0003,False
2023-05-23,3.1,3.1,-0.0083,False
2023-05-24,3.099,3.099,-0.0003,False
2023-05-25,3.074,3.074,-0.008100000000000001,False
2023-05-26,3.09,3.09,0.0052,False
2023-05-29,3.082,3.082,-0.0026,False
2023-05-30,3.09,3.09,0.0026,False
2023-05-31,3.064,3.064,-0.0084,False
2023-06-01,3.083,3.083,0.0062,False
2023-06-02,3.116,3.116,0.010700000000000001,False
2023-06-05,3.126,3.126,0.0032,False
2023-06-06,3.109,3.109,-0.0054,False
2023-06-07,3.089,3.089,-0.0064,False
2023-06-08,3.084,3.084,-0.0016,False
2023-06-09,3.124,3.124,0.013000000000000001,False
2023-06-12,3.172,3.172,0.0154,False
2023-06-13,3.171,3.171,-0.0003,False
2023-06-14,3.182,3.182,0.0034999999999999996,False
2023-06-15,3.22,3.22,0.011899999999999999,False
2023-06-16,3.24,3.24,0.0062,False
2023-06-19,3.241,3.241,0.0003,False
2023-06-20,3.231,3.231,-0.0031,False
2023-06-21,3.221,3.221,-0.0031,False
2023-06-26,3.183,3.183,-0.0118,False
2023-06-27,3.261,3.261,0.0245,False
2023-06-28,3.243,3.243,-0.0055000000000000005,False
2023-06-29,3.237,3.237,-0.0019,False
2023-06-30,3.27,3.27,0.0102,False
2023-07-03,3.247,3.247,-0.006999999999999999,False
2023-07-04,3.256,3.256,0.0028000000000000004,False
2023-07-05,3.221,3.221,-0.010700000000000001,False
2023-07-06,3.2,3.2,-0.006500000000000001,False
2023-07-07,3.177,3.177,-0.0072,False
2023-07-10,3.184,3.184,0.0022,False
2023-07-11,3.207,3.207,0.0072,False
2023-07-12,3.188,3.188,-0.0059,False
2023-07-13,3.207,3.207,0.006,False
2023-07-14,3.202,3.202,-0.0016,False
2023-07-17,3.188,3.188,-0.0044,False
2023-07-18,3.215,3.215,0.0085,False
2023-07-19,3.206,3.206,-0.0028000000000000004,False
2023-07-20,3.191,3.191,-0.004699999999999999,False
2023-07-21,3.157,3.157,-0.010700000000000001,False
2023-07-24,3.143,3.143,-0.0044,False
2023-07-25,3.199,3.199,0.0178,False
2023-07-26,3.176,3.176,-0.0072,False
2023-07-27,3.155,3.155,-0.0066,False
2023-07-28,3.191,3.191,0.011399999999999999,False
2023-07-31,3.188,3.188,-0.0009,False
2023-08-01,3.184,3.184,-0.0013,False
2023-08-02,3.171,3.171,-0.0040999999999999995,False
2023-08-03,3.174,3.174,0.0009,False
2023-08-04,3.178,3.178,0.0013,False
2023-08-07,3.159,3.159,-0.006,False
2023-08-08,3.156,3.156,-0.0009,False
2023-08-09,3.176,3.176,0.0063,False
2023-08-10,3.191,3.191,0.004699999999999999,False
2023-08-11,3.151,3.151,-0.0125,False
2023-08-14,3.14,3.14,-0.0034999999999999996,False
2023-08-15,3.136,3.136,-0.0013,False
2023-08-16,3.1,3.1,-0.0115,False
2023-08-17,3.119,3.119,0.0060999999999999995,False
2023-08-18,3.081,3.081,-0.012199999999999999,False
2023-08-21,3.059,3.059,-0.0070999999999999995,False
2023-08-22,3.074,3.074,0.0049,False
2023-08-23,3.019,3.019,-0.0179,False
2023-08-24,3.042,3.042,0.0076,False
2023-08-25,3.007,3.007,-0.0115,False
2023-08-28,3.004,3.004,-0.001,False
2023-08-29,3.093,3.093,0.0296,False
2023-08-30,3.127,3.127,0.011000000000000001,False
2023-08-31,3.128,3.128,0.0003,False
2023-09-01,3.116,3.116,-0.0038,False
2023-09-04,3.143,3.143,0.0087,False
2023-09-05,3.131,3.131,-0.0038,False
2023-09-06,3.133,3.133,0.0006,False
2023-09-07,3.087,3.087,-0.0147,False
2023-09-08,3.089,3.089,0.0006,False
2023-09-11,3.111,3.111,0.0070999999999999995,False
2023-09-12,3.119,3.119,0.0026,False
2023-09-13,3.095,3.095,-0.0077,False
2023-09-14,3.092,3.092,-0.001,False
2023-09-15,3.114,3.114,0.0070999999999999995,False
2023-09-18,3.115,3.115,0.0003,False
2023-09-19,3.103,3.103,-0.0039000000000000003,False
2023-09-20,3.105,3.105,0.0006,False
2023-09-21,3.092,3.092,-0.0042,False
2023-09-22,3.129,3.129,0.012,False
2023-09-25,3.13,3.13,0.0003,False
2023-09-26,3.109,3.109,-0.0067,False
2023-09-27,3.103,3.103,-0.0019,False
2023-09-28,3.105,3.105,0.0006,False
2023-10-09,3.094,3.094,-0.0034999999999999996,False
2023-10-10,3.052,3.052,-0.013600000000000001,False
2023-10-11,3.064,3.064,0.0039000000000000003,False
2023-10-12,3.069,3.069,0.0016,False
2023-10-13,3.05,3.05,-0.0062,False
2023-10-16,3.023,3.023,-0.0089,False
2023-10-17,3.04,3.04,0.005600000000000001,False
2023-10-18,2.988,2.988,-0.0171,False
2023-10-19,2.93,2.93,-0.0194,False
2023-10-20,2.883,2.883,-0.016,False
2023-10-23,2.831,2.831,-0.018000000000000002,False
2023-10-24,2.856,2.856,0.0088,False
2023-10-25,2.854,2.854,-0.0007000000000000001,False
2023-10-26,2.845,2.845,-0.0032,False
2023-10-27,2.924,2.924,0.0278,False
2023-10-30,2.947,2.947,0.0079,False
2023-10-31,2.941,2.941,-0.002,False
2023-11-01,2.931,2.931,-0.0034000000000000002,False
2023-11-02,2.895,2.895,-0.0123,False
2023-11-03,2.907,2.907,0.0040999999999999995,False
2023-11-06,2.965,2.965,0.02,False
2023-11-07,2.973,2.973,0.0027,False
2023-11-08,2.953,2.953,-0.0067,False
2023-11-09,2.944,2.944,-0.003,False
2023-11-10,2.925,2.925,-0.006500000000000001,False
2023-11-13,2.911,2.911,-0.0048,False
2023-11-14,2.913,2.913,0.0007000000000000001,False
2023-11-15,2.944,2.944,0.0106,False
2023-11-16,2.906,2.906,-0.0129,False
2023-11-17,2.92,2.92,0.0048,False
2023-11-20,2.926,2.926,0.0021,False
2023-11-21,2.923,2.923,-0.001,False
2023-11-22,2.879,2.879,-0.0151,False
2023-11-23,2.918,2.918,0.013500000000000002,False
2023-11-24,2.88,2.88,-0.013000000000000001,False
2023-11-27,2.874,2.874,-0.0021,False
2023-11-28,2.874,2.874,0.0,False
2023-11-29,2.881,2.881,0.0024,False
2023-11-30,2.871,2.871,-0.0034999999999999996,False
2023-12-01,2.878,2.878,0.0024,False
2023-12-04,2.857,2.857,-0.0073,False
2023-12-05,2.851,2.851,-0.0021,False
2023-12-06,2.852,2.852,0.0004,False
2023-12-07,2.841,2.841,-0.0039000000000000003,False
2023-12-08,2.837,2.837,-0.0014000000000000002,False
2023-12-11,2.883,2.883,0.016200000000000003,False
2023-12-12,2.894,2.894,0.0038,False
2023-12-13,2.859,2.859,-0.0121,False
2023-12-14,2.853,2.853,-0.0021,False
2023-12-15,2.852,2.852,-0.0004,False
2023-12-18,2.825,2.825,-0.0095,False
2023-12-19,2.834,2.834,0.0032,False
2023-12-20,2.809,2.809,-0.0088,False
2023-12-21,2.821,2.821,0.0043,False
2023-12-22,2.812,2.812,-0.0032,False
2023-12-25,2.831,2.831,0.0068000000000000005,False
2023-12-26,2.825,2.825,-0.0021,False
2023-12-27,2.822,2.822,-0.0011,False
2023-12-28,2.862,2.862,0.014199999999999999,False
2023-12-29,2.897,2.897,0.012199999999999999,False
2023-12-31,2.896,2.896,-0.0003,False
2024-01-02,2.846,2.846,-0.0173,False
2024-01-03,2.808,2.808,-0.0134,False
2024-01-04,2.796,2.796,-0.0043,False
2024-01-05,2.749,2.749,-0.0168,False
2024-01-08,2.69,2.69,-0.0215,False
2024-01-09,2.708,2.708,0.0067,False
2024-01-10,2.689,2.689,-0.006999999999999999,False
2024-01-11,2.698,2.698,0.0033,False
2024-01-12,2.689,2.689,-0.0033,False
2024-01-15,2.673,2.673,-0.006,False
2024-01-16,2.672,2.672,-0.0004,False
2024-01-17,2.593,2.593,-0.0296,False
2024-01-18,2.6,2.6,0.0027,False
2024-01-19,2.588,2.588,-0.0046,False
2024-01-22,2.499,2.499,-0.0344,False
2024-01-23,2.516,2.516,0.0068000000000000005,False
2024-01-24,2.528,2.528,0.0048,False
2024-01-25,2.592,2.592,0.0253,False
2024-01-26,2.565,2.565,-0.0104,False
2024-01-29,2.523,2.523,-0.016399999999999998,False
2024-01-30,2.46,2.46,-0.025,False
2024-01-31,2.426,2.426,-0.0138,False
2024-02-01,2.4,2.4,-0.010700000000000001,False
2024-02-02,2.353,2.353,-0.0196,False
2024-02-05,2.305,2.305,-0.0204,False
2024-02-06,2.494,2.494,0.08199999999999999,False
2024-02-07,2.589,2.589,0.0381,False
2024-02-08,2.633,2.633,0.017,False
2024-02-19,2.601,2.601,-0.012199999999999999,False
2024-02-20,2.576,2.576,-0.0096,False
2024-02-21,2.6,2.6,0.009300000000000001,False
2024-02-22,2.61,2.61,0.0038,False
2024-02-23,2.593,2.593,-0.006500000000000001,False
2024-02-26,2.614,2.614,0.008100000000000001,False
2024-02-27,2.666,2.666,0.0199,False
2024-02-28,2.6,2.6,-0.0248,False
2024-02-29,2.675,2.675,0.0288,False
2024-03-01,2.687,2.687,0.0045000000000000005,False
2024-03-04,2.698,2.698,0.0040999999999999995,False
2024-03-05,2.709,2.709,0.0040999999999999995,False
2024-03-06,2.7,2.7,-0.0033,False
2024-03-07,2.666,2.666,-0.0126,False
2024-03-08,2.689,2.689,0.0086,False
2024-03-11,2.757,2.757,0.0253,False
2024-03-12,2.78,2.78,0.0083,False
2024-03-13,2.774,2.774,-0.0022,False
2024-03-14,2.774,2.774,0.0,False
2024-03-15,2.791,2.791,0.0060999999999999995,False
2024-03-18,2.819,2.819,0.01,False
2024-03-19,2.797,2.797,-0.0078000000000000005,False
2024-03-20,2.806,2.806,0.0032,False
2024-03-21,2.811,2.811,0.0018,False
2024-03-22,2.793,2.793,-0.0064,False
2024-03-25,2.75,2.75,-0.0154,False
2024-03-26,2.758,2.758,0.0029,False
2024-03-27,2.691,2.691,-0.024300000000000002,False
2024-03-28,2.707,2.707,0.0059,False
2024-03-29,2.726,2.726,0.006999999999999999,False
2024-04-01,2.781,2.781,0.0202,False
2024-04-02,2.797,2.797,0.0058,False
2024-04-03,2.785,2.785,-0.0043,False
2024-04-08,2.733,2.733,-0.0187,False
2024-04-09,2.78,2.78,0.0172,False
2024-04-10,2.749,2.749,-0.011200000000000002,False
2024-04-11,2.747,2.747,-0.0007000000000000001,False
2024-04-12,2.747,2.747,0.0,False
2024-04-15,2.775,2.775,0.0102,False
2024-04-16,2.726,2.726,-0.0177,False
2024-04-17,2.776,2.776,0.0183,False
2024-04-18,2.734,2.734,-0.0151,False
2024-04-19,2.746,2.746,0.0044,False
2024-04-22,2.746,2.746,0.0,False
2024-04-23,2.767,2.767,0.0076,False
2024-04-24,2.796,2.796,0.0105,False
2024-04-25,2.803,2.803,0.0025,False
2024-04-26,2.851,2.851,0.0171,False
2024-04-29,2.885,2.885,0.011899999999999999,False
2024-04-30,2.881,2.881,-0.0014000000000000002,False
2024-05-06,2.947,2.947,0.0229,False
2024-05-07,2.966,2.966,0.0064,False
2024-05-08,2.947,2.947,-0.0064,False
2024-05-09,3.018,3.018,0.0241,False
2024-05-10,3.026,3.026,0.0027,False
2024-05-13,3.027,3.027,0.0003,False
2024-05-14,3.046,3.046,0.0063,False
2024-05-15,2.994,2.994,-0.0171,False
2024-05-16,2.972,2.972,-0.0073,False
2024-05-17,2.972,2.972,0.0,False
2024-05-20,2.983,2.983,0.0037,False
2024-05-21,2.969,2.969,-0.004699999999999999,False
2024-05-22,2.932,2.932,-0.0125,False
2024-05-23,2.897,2.897,-0.011899999999999999,False
2024-05-24,2.882,2.882,-0.0052,False
2024-05-27,2.897,2.897,0.0052,False
2024-05-28,2.892,2.892,-0.0017000000000000001,False
2024-05-29,2.902,2.902,0.0034999999999999996,False
2024-05-30,2.9,2.9,-0.0007000000000000001,False
2024-05-31,2.892,2.892,-0.0028000000000000004,False
2024-06-03,2.872,2.872,-0.0069,False
2024-06-04,2.924,2.924,0.0181,False
2024-06-05,2.893,2.893,-0.0106,False
2024-06-06,2.869,2.869,-0.0083,False
2024-06-07,2.831,2.831,-0.0132,False
2024-06-11,2.847,2.847,0.005699999999999999,False
2024-06-12,2.846,2.846,-0.0004,False
2024-06-13,2.841,2.841,-0.0018,False
2024-06-14,2.829,2.829,-0.0042,False
2024-06-17,2.856,2.856,0.0095,False
2024-06-18,2.852,2.852,-0.0014000000000000002,False
2024-06-19,2.815,2.815,-0.013000000000000001,False
2024-06-20,2.813,2.813,-0.0007000000000000001,False
2024-06-21,2.832,2.832,0.0068000000000000005,False
2024-06-24,2.772,2.772,-0.0212,False
2024-06-25,2.744,2.744,-0.0101,False
2024-06-26,2.784,2.784,0.0146,False
2024-06-27,2.731,2.731,-0.019,False
2024-06-28,2.73,2.73,-0.0004,False
2024-06-30,2.73,2.73,0.0,False
2024-07-01,2.72,2.72,-0.0037,False
2024-07-02,2.684,2.684,-0.0132,False
2024-07-03,2.669,2.669,-0.005600000000000001,False
2024-07-04,2.673,2.673,0.0015,False
2024-07-05,2.68,2.68,0.0026,False
2024-07-08,2.658,2.658,-0.008199999999999999,False
2024-07-09,2.691,2.691,0.0124,False
2024-07-10,2.682,2.682,-0.0033,False
2024-07-11,2.732,2.732,0.018600000000000002,False
2024-07-12,2.742,2.742,0.0037,False
2024-07-15,2.726,2.726,-0.0058,False
2024-07-16,2.721,2.721,-0.0018,False
2024-07-17,2.692,2.692,-0.010700000000000001,False
2024-07-18,2.72,2.72,0.0104,False
2024-07-19,2.724,2.724,0.0015,False
2024-07-22,2.714,2.714,-0.0037,False
2024-07-23,2.63,2.63,-0.031,False
2024-07-24,2.582,2.582,-0.0183,False
2024-07-25,2.553,2.553,-0.011200000000000002,False
2024-07-26,2.588,2.588,0.0137,False
2024-07-29,2.556,2.556,-0.0124,False
2024-07-30,2.524,2.524,-0.0125,False
2024-07-31,2.601,2.601,0.0305,False
2024-08-01,2.583,2.583,-0.0069,False
2024-08-02,2.528,2.528,-0.0213,False
2024-08-05,2.466,2.466,-0.0245,False
2024-08-06,2.479,2.479,0.0053,False
2024-08-07,2.51,2.51,0.0125,False
2024-08-08,2.503,2.503,-0.0028000000000000004,False
2024-08-09,2.501,2.501,-0.0008,False
2024-08-12,2.497,2.497,-0.0016,False
2024-08-13,2.506,2.506,0.0036,False
2024-08-14,2.472,2.472,-0.013600000000000001,False
2024-08-15,2.476,2.476,0.0016,False
2024-08-16,2.458,2.458,-0.0073,False
2024-08-19,2.448,2.448,-0.0040999999999999995,False
2024-08-20,2.419,2.419,-0.0118,False
2024-08-21,2.416,2.416,-0.0012,False
2024-08-22,2.412,2.412,-0.0017000000000000001,False
2024-08-23,2.415,2.415,0.0012,False
2024-08-26,2.413,2.413,-0.0008,False
2024-08-27,2.423,2.423,0.0040999999999999995,False
2024-08-28,2.429,2.429,0.0025,False
2024-08-29,2.42,2.42,-0.0037,False
2024-08-30,2.467,2.467,0.0194,False
2024-09-02,2.403,2.403,-0.0259,False
2024-09-03,2.441,2.441,0.0158,False
2024-09-04,2.439,2.439,-0.0008,False
2024-09-05,2.433,2.433,-0.0025,False
2024-09-06,2.397,2.397,-0.0148,False
2024-09-09,2.376,2.376,-0.0088,False
2024-09-10,2.388,2.388,0.0051,False
2024-09-11,2.428,2.428,0.0168,False
2024-09-12,2.414,2.414,-0.0058,False
2024-09-13,2.391,2.391,-0.0095,False
2024-09-18,2.408,2.408,0.0070999999999999995,False
2024-09-19,2.417,2.417,0.0037,False
2024-09-20,2.397,2.397,-0.0083,False
2024-09-23,2.375,2.375,-0.0092,False
2024-09-24,2.443,2.443,0.0286,False
2024-09-25,2.476,2.476,0.013500000000000002,False
2024-09-26,2.545,2.545,0.0279,False
2024-09-27,2.69,2.69,0.057,False
2024-09-30,2.979,2.979,0.1074,False
2024-10-08,3.233,3.233,0.08529999999999999,False
2024-10-09,2.974,2.974,-0.0801,False
2024-10-10,2.959,2.959,-0.005,False
2024-10-11,2.835,2.835,-0.04190000000000001,False
2024-10-14,2.895,2.895,0.0212,False
2024-10-15,2.817,2.817,-0.0269,False
2024-10-16,2.789,2.789,-0.009899999999999999,False
2024-10-17,2.764,2.764,-0.009000000000000001,False
2024-10-18,2.905,2.905,0.051,False
2024-10-21,2.916,2.916,0.0038,False
2024-10-22,2.933,2.933,0.0058,False
2024-10-23,2.94,2.94,0.0024,False
2024-10-24,2.891,2.891,-0.0167,False
2024-10-25,2.909,2.909,0.0062,False
2024-10-28,2.892,2.892,-0.0058,False
2024-10-29,2.86,2.86,-0.0111,False
2024-10-30,2.857,2.857,-0.001,False
2024-10-31,2.84,2.84,-0.006,False
2024-11-01,2.821,2.821,-0.0067,False
2024-11-04,2.898,2.898,0.0273,False
2024-11-05,2.949,2.949,0.0176,False
2024-11-06,2.908,2.908,-0.0139,False
2024-11-07,2.937,2.937,0.01,False
2024-11-08,2.91,2.91,-0.0092,False
2024-11-11,2.97,2.97,0.0206,False
2024-11-12,2.957,2.957,-0.0044,False
2024-11-13,2.987,2.987,0.0101,False
2024-11-14,2.93,2.93,-0.0191,False
2024-11-15,2.867,2.867,-0.0215,False
2024-11-18,2.8,2.8,-0.023399999999999997,False
2024-11-19,2.854,2.854,0.019299999999999998,False
2024-11-20,2.853,2.853,-0.0004,False
2024-11-21,2.847,2.847,-0.0021,False
2024-11-22,2.752,2.752,-0.0334,False
2024-11-25,2.75,2.75,-0.0007000000000000001,False
2024-11-26,2.747,2.747,-0.0011,False
2024-11-27,2.797,2.797,0.0182,False
2024-11-28,2.761,2.761,-0.0129,False
2024-11-29,2.808,2.808,0.017,False
2024-12-02,2.856,2.856,0.0171,False
2024-12-03,2.841,2.841,-0.0053,False
2024-12-04,2.809,2.809,-0.0113,False
2024-12-05,2.818,2.818,0.0032,False
2024-12-06,2.844,2.844,0.0092,False
2024-12-09,2.809,2.809,-0.0123,False
2024-12-10,2.833,2.833,0.0085,False
2024-12-11,2.837,2.837,0.0014000000000000002,False
2024-12-12,2.853,2.853,0.005600000000000001,False
2024-12-13,2.814,2.814,-0.0137,False
2024-12-16,2.774,2.774,-0.014199999999999999,False
2024-12-17,2.791,2.791,0.0060999999999999995,False
2024-12-18,2.806,2.806,0.0054,False
2024-12-19,2.826,2.826,0.0070999999999999995,False
2024-12-20,2.822,2.822,-0.0014000000000000002,False
2024-12-23,2.801,2.801,-0.0074,False
2024-12-24,2.837,2.837,0.0129,False
2024-12-25,2.819,2.819,-0.0063,False
2024-12-26,2.85,2.85,0.011000000000000001,False
2024-12-27,2.831,2.831,-0.0067,False
2024-12-30,2.831,2.831,0.0,False
2024-12-31,2.776,2.776,-0.0194,False
2025-01-02,2.684,2.684,-0.0331,False
2025-01-03,2.661,2.661,-0.0086,False
2025-01-06,2.658,2.658,-0.0011,False
2025-01-07,2.704,2.704,0.0173,False
2025-01-08,2.709,2.709,0.0018,False
2025-01-09,2.723,2.723,0.0052,False
2025-01-10,2.718,2.718,-0.0018,False
2025-01-13,2.715,2.715,-0.0011,False
2025-01-14,2.811,2.811,0.0354,False
2025-01-15,2.787,2.787,-0.0085,False
2025-01-16,2.796,2.796,0.0032,False
2025-01-17,2.836,2.836,0.0143,False
2025-01-20,2.856,2.856,0.0070999999999999995,False
2025-01-21,2.89,2.89,0.011899999999999999,False
2025-01-22,2.866,2.866,-0.0083,False
2025-01-23,2.851,2.851,-0.0052,False
2025-01-24,2.905,2.905,0.0189,False
2025-01-27,2.896,2.896,-0.0031,False
2025-02-05,2.908,2.908,0.0040999999999999995,False
2025-02-06,3.003,3.003,0.0327,False
2025-02-07,3.047,3.047,0.0147,False
2025-02-10,3.027,3.027,-0.0066,False
2025-02-11,3.027,3.027,0.0,False
2025-02-12,3.062,3.062,0.0116,False
2025-02-13,3.006,3.006,-0.0183,False
2025-02-14,3.031,3.031,0.0083,False
2025-02-17,3.036,3.036,0.0016,False
2025-02-18,3.008,3.008,-0.0092,False
2025-02-19,3.085,3.085,0.0256,False
2025-02-20,3.132,3.132,0.0152,False
2025-02-21,3.188,3.188,0.0179,False
2025-02-24,3.165,3.165,-0.0072,False
2025-02-25,3.144,3.144,-0.0066,False
2025-02-26,3.144,3.144,0.0,False
2025-02-27,3.109,3.109,-0.0111,False
2025-02-28,3.022,3.022,-0.027999999999999997,False
2025-03-03,3.047,3.047,0.0083,False
2025-03-04,3.026,3.026,-0.0069,False
2025-03-05,3.044,3.044,0.0059,False
2025-03-06,3.124,3.124,0.0263,False
2025-03-07,3.109,3.109,-0.0048,False
2025-03-10,3.08,3.08,-0.009300000000000001,False
2025-03-11,3.044,3.044,-0.011699999999999999,False
2025-03-12,3.032,3.032,-0.0039000000000000003,False
2025-03-13,2.989,2.989,-0.014199999999999999,False
2025-03-14,3.054,3.054,0.0217,False
2025-03-17,3.036,3.036,-0.0059,False
2025-03-18,3.049,3.049,0.0043,False
2025-03-19,3.043,3.043,-0.002,False
2025-03-20,3.018,3.018,-0.008199999999999999,False
2025-03-21,2.938,2.938,-0.0265,False
2025-03-24,2.967,2.967,0.009899999999999999,False
2025-03-25,2.955,2.955,-0.004,False
2025-03-26,2.951,2.951,-0.0014000000000000002,False
2025-03-27,2.97,2.97,0.0064,False
2025-03-28,2.938,2.938,-0.0108,False
2025-03-31,2.925,2.925,-0.0044,False
2025-04-01,2.923,2.923,-0.0007000000000000001,False
2025-04-02,2.917,2.917,-0.0021,False
2025-04-03,2.823,2.823,-0.0322,False
2025-04-07,2.567,2.567,-0.0907,False
2025-04-08,2.541,2.541,-0.0101,False
2025-04-09,2.586,2.586,0.0177,False
2025-04-10,2.657,2.657,0.0275,False
2025-04-11,2.726,2.726,0.026000000000000002,False
2025-04-14,2.726,2.726,0.0,False
2025-04-15,2.718,2.718,-0.0029,False
2025-04-16,2.681,2.681,-0.013600000000000001,False
2025-04-17,2.682,2.682,0.0004,False
2025-04-18,2.694,2.694,0.0045000000000000005,False
2025-04-21,2.75,2.75,0.0208,False
2025-04-22,2.723,2.723,-0.0098,False
2025-04-23,2.773,2.773,0.0184,False
2025-04-24,2.74,2.74,-0.011899999999999999,False
2025-04-25,2.757,2.757,0.0062,False
2025-04-28,2.723,2.723,-0.0123,False
2025-04-29,2.739,2.739,0.0059,False
2025-04-30,2.751,2.751,0.0044,False
2025-05-06,2.821,2.821,0.0254,False
2025-05-07,2.812,2.812,-0.0032,False
2025-05-08,2.812,2.812,0.0,False
2025-05-09,2.797,2.797,-0.0053,False
2025-05-12,2.845,2.845,0.0172,False
2025-05-13,2.825,2.825,-0.006999999999999999,False
2025-05-14,2.817,2.817,-0.0028000000000000004,False
2025-05-15,2.777,2.777,-0.014199999999999999,False
2025-05-16,2.797,2.797,0.0072,False
2025-05-19,2.804,2.804,0.0025,False
2025-05-20,2.822,2.822,0.0064,False
2025-05-21,2.815,2.815,-0.0025,False
2025-05-22,2.795,2.795,-0.0070999999999999995,False
2025-05-23,2.786,2.786,-0.0032,False
2025-05-26,2.759,2.759,-0.0097,False
2025-05-27,2.717,2.717,-0.0152,False
2025-05-28,2.713,2.713,-0.0015,False
2025-05-29,2.754,2.754,0.0151,False
2025-05-30,2.718,2.718,-0.0131,False
2025-06-03,2.722,2.722,0.0015,False
2025-06-04,2.76,2.76,0.013999999999999999,False
2025-06-05,2.808,2.808,0.0174,False
2025-06-06,2.801,2.801,-0.0025,False
2025-06-09,2.821,2.821,0.0070999999999999995,False
2025-06-10,2.815,2.815,-0.0021,False
2025-06-11,2.85,2.85,0.0124,False
2025-06-12,2.864,2.864,0.0049,False
2025-06-13,2.859,2.859,-0.0017000000000000001,False
2025-06-16,2.865,2.865,0.0021,False
2025-06-17,2.851,2.851,-0.0049,False
2025-06-18,2.878,2.878,0.0095,False
2025-06-19,2.868,2.868,-0.0034999999999999996,False
2025-06-20,2.848,2.848,-0.006999999999999999,False
2025-06-23,2.849,2.849,0.0004,False
2025-06-24,2.907,2.907,0.0204,False
2025-06-25,2.934,2.934,0.009300000000000001,False
2025-06-26,2.915,2.915,-0.006500000000000001,False
2025-06-27,2.948,2.948,0.0113,False
2025-06-30,2.998,2.998,0.017,False
2025-07-01,2.987,2.987,-0.0037,False
2025-07-02,2.944,2.944,-0.0144,False
2025-07-03,2.996,2.996,0.0177,False
2025-07-04,3.011,3.011,0.005,False
2025-07-07,3.002,3.002,-0.003,False
2025-07-08,3.054,3.054,0.0173,False
2025-07-09,3.045,3.045,-0.0029,False
2025-07-10,3.028,3.028,-0.005600000000000001,False
2025-07-11,3.028,3.028,0.0,False
2025-07-14,3.047,3.047,0.0063,False
2025-07-15,3.113,3.113,0.0217,False
2025-07-16,3.074,3.074,-0.0125,False
2025-07-17,3.174,3.174,0.0325,False
2025-07-18,3.137,3.137,-0.011699999999999999,False
2025-07-21,3.15,3.15,0.0040999999999999995,False
2025-07-22,3.113,3.113,-0.011699999999999999,False
2025-07-23,3.1,3.1,-0.0042,False
2025-07-24,3.133,3.133,0.0106,False
2025-07-25,3.15,3.15,0.0054,False
2025-07-28,3.234,3.234,0.026699999999999998,False
2025-07-29,3.295,3.295,0.0189,False
2025-07-30,3.263,3.263,-0.0097,False
2025-07-31,3.242,3.242,-0.0064,False
2025-08-01,3.192,3.192,-0.0154,False
2025-08-04,3.241,3.241,0.0154,False
2025-08-05,3.249,3.249,0.0025,False
2025-08-06,3.297,3.297,0.0148,False
2025-08-07,3.278,3.278,-0.0058,False
2025-08-08,3.296,3.296,0.0055000000000000005,False
2025-08-11,3.337,3.337,0.0124,False
2025-08-12,3.395,3.395,0.0174,False
2025-08-13,3.497,3.497,0.03,False
2025-08-14,3.424,3.424,-0.0209,False
2025-08-15,3.461,3.461,0.0108,False
2025-08-18,3.512,3.512,0.0147,False
2025-08-19,3.547,3.547,0.01,False
2025-08-20,3.566,3.566,0.0054,False
2025-08-21,3.537,3.537,-0.008100000000000001,False
2025-08-22,3.592,3.592,0.0155,False
2025-08-25,3.675,3.675,0.0231,False
2025-08-26,3.654,3.654,-0.005699999999999999,False
2025-08-27,3.647,3.647,-0.0019,False
2025-08-28,3.78,3.78,0.0365,False
2025-08-29,3.869,3.869,0.0235,False
2025-09-01,4.008,4.008,0.0359,False
2025-09-02,3.886,3.886,-0.0304,False
2025-09-03,3.898,3.898,0.0031,False
2025-09-04,3.692,3.692,-0.0528,False
2025-09-05,3.914,3.914,0.0601,False
2025-09-08,3.879,3.879,-0.0089,False
2025-09-09,3.856,3.856,-0.0059,False
2025-09-10,3.921,3.921,0.0169,False
2025-09-11,4.087,4.087,0.042300000000000004,False
2025-09-12,4.047,4.047,-0.0098,False
2025-09-15,4.005,4.005,-0.0104,False
2025-09-16,4.022,4.022,0.0042,False
2025-09-17,4.084,4.084,0.0154,False
2025-09-18,4.074,4.074,-0.0024,False
2025-09-19,4.057,4.057,-0.0042,False
2025-09-22,4.083,4.083,0.0064,False
2025-09-23,4.104,4.104,0.0051,False
2025-09-24,4.171,4.171,0.0163,False
2025-09-25,4.202,4.202,0.0074,False
2025-09-26,4.111,4.111,-0.0217,False
2025-09-29,4.151,4.151,0.0097,False
2025-09-30,4.136,4.136,-0.0036,False
2025-10-09,4.159,4.159,0.005600000000000001,False
2025-10-10,4.047,4.047,-0.0269,False
2025-10-13,4.012,4.012,-0.0086,False
2025-10-14,3.867,3.867,-0.0361,False
2025-10-15,3.963,3.963,0.0248,False
2025-10-16,3.976,3.976,0.0033,False
2025-10-17,3.855,3.855,-0.0304,False
2025-10-20,3.926,3.926,0.0184,False
2025-10-21,4.065,4.065,0.0354,False
2025-10-22,4.036,4.036,-0.0070999999999999995,False
2025-10-23,4.013,4.013,-0.005699999999999999,False
2025-10-24,4.171,4.171,0.0394,False
2025-10-27,4.271,4.271,0.024,False
2025-10-28,4.269,4.269,-0.0005,False
2025-10-29,4.32,4.32,0.011899999999999999,False
2025-10-30,4.226,4.226,-0.0218,False
2025-10-31,4.124,4.124,-0.0241,False
2025-11-03,4.128,4.128,0.001,False
2025-11-04,4.06,4.06,-0.0165,False
2025-11-05,4.091,4.091,0.0076,False
2025-11-06,4.159,4.159,0.0166,False
2025-11-07,4.101,4.101,-0.0139,False
2025-11-10,4.08,4.08,-0.0051,False
2025-11-11,4.017,4.017,-0.0154,False
2025-11-12,3.997,3.997,-0.005,False
2025-11-13,4.029,4.029,0.008,False
2025-11-14,3.975,3.975,-0.0134,False
2025-11-17,3.972,3.972,-0.0008,False
2025-11-18,3.938,3.938,-0.0086,False
2025-11-19,3.979,3.979,0.0104,False
2025-11-20,3.972,3.972,-0.0018,False
2025-11-21,3.794,3.794,-0.044800000000000006,False
2025-11-24,3.807,3.807,0.0034000000000000002,False
2025-11-25,3.879,3.879,0.0189,False
2025-11-26,3.962,3.962,0.021400000000000002,False
2025-11-27,3.956,3.956,-0.0015,False
2025-11-28,4.005,4.005,0.0124,False
2025-12-01,4.042,4.042,0.0092,False
2025-12-02,4.016,4.016,-0.0064,False
2025-12-03,4.013,4.013,-0.0007000000000000001,False
2025-12-04,4.028,4.028,0.0037,False
2025-12-05,4.072,4.072,0.0109,False
2025-12-08,4.168,4.168,0.0236,False
2025-12-09,4.181,4.181,0.0031,False
2025-12-10,4.224,4.224,0.0103,False
2025-12-11,4.185,4.185,-0.0092,False
2025-12-12,4.278,4.278,0.0222,False
2025-12-15,4.193,4.193,-0.0199,False
2025-12-16,4.133,4.133,-0.0143,False
2025-12-17,4.264,4.264,0.0317,False
2025-12-18,4.19,4.19,-0.0174,False
2025-12-19,4.217,4.217,0.0064,False
2025-12-22,4.303,4.303,0.0204,False
2025-12-23,4.302,4.302,-0.0002,False
2025-12-24,4.335,4.335,0.0077,False
2025-12-25,4.334,4.334,-0.0002,False
2025-12-26,4.335,4.335,0.0002,False
2025-12-29,4.344,4.344,0.0021,False
2025-12-30,4.334,4.334,-0.0023,False
2025-12-31,4.281,4.281,-0.012199999999999999,False
2026-01-05,4.374,4.374,0.0217,False
2026-01-06,4.377,4.377,0.0007000000000000001,False
2026-01-07,4.435,4.435,0.013300000000000001,False
2026-01-08,4.401,4.401,-0.0077,False
2026-01-09,4.426,4.426,0.005699999999999999,False
2026-01-12,4.497,4.497,0.016,False
2026-01-13,4.438,4.438,-0.0131,False
2026-01-14,4.443,4.443,0.0011,False
2026-01-15,4.541,4.541,0.022099999999999998,False
2026-01-16,4.624,4.624,0.0183,False
2026-01-19,4.654,4.654,0.006500000000000001,False
2026-01-20,4.582,4.582,-0.0155,False
2026-01-21,4.63,4.63,0.0105,False
2026-01-22,4.606,4.606,-0.0052,False
2026-01-23,4.622,4.622,0.0034999999999999996,False
2026-01-26,4.592,4.592,-0.006500000000000001,False
2026-01-27,4.651,4.651,0.0128,False
2026-01-28,4.658,4.658,0.0015,False
2026-01-29,4.551,4.551,-0.023,False
2026-01-30,4.561,4.561,0.0022,False
2026-02-02,4.437,4.437,-0.027200000000000002,False
2026-02-03,4.554,4.554,0.0264,False
2026-02-04,4.529,4.529,-0.0055000000000000005,False
2026-02-05,4.449,4.449,-0.0177,False
2026-02-06,4.402,4.402,-0.0106,False
2026-02-09,4.537,4.537,0.030699999999999998,False
2026-02-10,4.571,4.571,0.0075,False
2026-02-11,4.568,4.568,-0.0007000000000000001,False
2026-02-12,4.67,4.67,0.0223,False
2026-02-13,4.607,4.607,-0.013500000000000002,False
2026-02-24,4.726,4.726,0.0258,False
2026-02-25,4.792,4.792,0.013999999999999999,False
2026-02-26,4.923,4.923,0.0273,False
2026-02-27,4.894,4.894,-0.0059,False
2026-03-02,4.939,4.939,0.0092,False
2026-03-03,4.791,4.791,-0.03,False
2026-03-04,4.766,4.766,-0.0052,False
2026-03-05,4.894,4.894,0.0269,False
2026-03-06,4.866,4.866,-0.005699999999999999,False
2026-03-09,4.736,4.736,-0.026699999999999998,False
2026-03-10,4.878,4.878,0.03,False
2026-03-11,4.848,4.848,-0.0062,False
2026-03-12,4.81,4.81,-0.0078000000000000005,False
2026-03-13,4.768,4.768,-0.0087,False
2026-03-16,4.728,4.728,-0.0084,False
2026-03-17,4.602,4.602,-0.026600000000000002,False
2026-03-18,4.683,4.683,0.0176,False
2026-03-19,4.548,4.548,-0.0288,False
2026-03-20,4.526,4.526,-0.0048,False
2026-03-23,4.349,4.349,-0.0391,False
2026-03-24,4.467,4.467,0.0271,False
2026-03-25,4.572,4.572,0.0235,False
2026-03-26,4.47,4.47,-0.0223,False
2026-03-27,4.515,4.515,0.0101,False
2026-03-30,4.552,4.552,0.008199999999999999,False
2026-03-31,4.474,4.474,-0.0171,False
2026-04-01,4.597,4.597,0.0275,False
2026-04-02,4.558,4.558,-0.0085,False
2026-04-03,4.588,4.588,0.0066,False
2026-04-07,4.593,4.593,0.0011,False
2026-04-08,4.861,4.861,0.0583,False
2026-04-09,4.88,4.88,0.0039000000000000003,False
2026-04-10,4.955,4.955,0.0154,False
2026-04-13,4.889,4.889,-0.013300000000000001,False
2026-04-14,4.931,4.931,0.0086,False
2026-04-15,4.89,4.89,-0.0083,False
2026-04-16,5.094,5.094,0.0417,False
2026-04-17,5.174,5.174,0.015700000000000002,False
2026-04-20,5.165,5.165,-0.0017000000000000001,False
2026-04-21,5.225,5.225,0.0116,False
2026-04-22,5.359,5.359,0.0256,False
2026-04-23,5.383,5.383,0.0045000000000000005,False
2026-04-24,5.356,5.356,-0.005,False
2026-04-27,5.382,5.382,0.0049,False
2026-04-28,5.313,5.313,-0.0128,False
2026-04-29,5.341,5.341,0.0053,False
2026-04-30,5.36,5.36,0.0036,False
2026-05-06,5.52,5.52,0.029900000000000003,False
2026-05-07,5.625,5.625,0.019,False
2026-05-08,5.559,5.559,-0.011699999999999999,False
2026-05-11,5.658,5.658,0.0178,False
2026-05-12,5.695,5.695,0.006500000000000001,False
2026-05-13,5.831,5.831,0.0239,False
2026-05-14,5.681,5.681,-0.025699999999999997,False
2026-05-15,5.631,5.631,-0.0088,False
2026-05-18,5.623,5.623,-0.0014000000000000002,False
2026-05-19,5.705,5.705,0.0146,False
2026-05-20,5.743,5.743,0.0067,False
2026-05-21,5.533,5.533,-0.0366,False
2026-05-22,5.652,5.652,0.0215,False
2026-05-25,5.8,5.8,0.0262,False
2026-05-26,5.719,5.719,-0.013999999999999999,False
2026-05-27,5.653,5.653,-0.0115,False
2026-05-28,5.773,5.773,0.0212,False
2026-05-29,5.631,5.631,-0.0246,False
2026-06-01,5.522,5.522,-0.0194,False
2026-06-02,5.634,5.634,0.0203,False
2026-06-03,5.713,5.713,0.013999999999999999,False
2026-06-04,5.827,5.827,0.02,False
2026-06-05,5.646,5.646,-0.0311,False
2026-06-08,5.493,5.493,-0.0271,False
2026-06-09,5.712,5.712,0.039900000000000005,False
2026-06-10,5.583,5.583,-0.0226,False
2026-06-11,5.538,5.538,-0.008100000000000001,False
2026-06-12,5.504,5.504,-0.0060999999999999995,False
2026-06-15,5.732,5.732,0.0414,False
2026-06-16,5.847,5.847,0.020099999999999996,False
2026-06-17,5.975,5.975,0.0219,False
2026-06-18,6.093,6.093,0.0197,False
2026-06-22,6.222,6.222,0.0212,False
2026-06-23,6.082,6.082,-0.0225,False
2026-06-24,6.203,6.203,0.0199,False
2026-06-25,6.363,6.363,0.0258,False
2026-06-26,6.171,6.171,-0.0302,False
2026-06-29,6.265,6.265,0.0152,False
2026-06-30,6.527,6.527,0.0418,False
2026-07-01,6.492,6.492,-0.0054,False
2026-07-02,6.141,6.141,-0.0541,False
2026-07-03,6.207,6.207,0.010700000000000001,False
2026-07-06,6.184,6.184,-0.0037,False
2026-07-07,6.126,6.126,-0.009399999999999999,False
2026-07-08,6.017,6.017,-0.0178,False
2026-07-09,6.344,6.344,0.054299999999999994,False
2026-07-10,6.033,6.033,-0.049,False
2026-07-13,5.844,5.844,-0.0313,False
2026-07-14,5.988,5.988,0.0246,False
2026-07-15,5.831,5.831,-0.0262,False
2026-07-16,5.686,5.686,-0.024900000000000002,False
2026-07-17,5.305,5.305,-0.067,False
2026-07-20,5.189,5.189,-0.0219,False
2026-07-21,5.565,5.565,0.0725,False
2026-07-22,5.377,5.377,-0.0338,False
2026-07-23,5.313,5.313,-0.011899999999999999,False
2026-07-24,5.266,5.266,-0.0088,False
2026-07-27,5.467,5.467,0.0382,False
2026-07-28,5.063,5.063,-0.0739,False
2026-07-29,5.049,5.049,-0.0028000000000000004,False
2026-07-30,4.736,4.736,-0.062,False
2026-07-31,4.92,4.92,0.038900000000000004,False
2026-08-03,4.798,4.798,-0.0248,False
2026-08-04,5.11,5.11,0.065,False
2026-08-05,5.224,5.224,0.0223,False
2026-08-06,5.25,5.25,0.005,False
2026-08-07,5.371,5.371,0.023,False
2026-08-10,5.339,5.339,-0.006,False
2026-08-11,5.327,5.327,-0.0022,False
2026-08-12,5.421,5.421,0.0176,False
2026-08-13,5.417,5.417,-0.0007000000000000001,False
2026-08-14,5.499,5.499,0.0151,False
2026-08-17,5.761,5.761,0.047599999999999996,False
2026-08-18,5.757,5.757,-0.0007000000000000001,False
2026-08-19,5.387,5.387,-0.0643,False
2026-08-20,5.425,5.425,0.0070999999999999995,False
2026-08-21,5.462,5.462,0.0068000000000000005,False
2026-08-24,5.284,5.284,-0.0326,False
2026-08-25,5.258,5.258,-0.0049,False
2026-08-26,5.283,5.283,0.0048,False
2026-08-27,5.423,5.423,0.0265,False
2026-08-28,5.34,5.34,-0.015300000000000001,False
2026-08-31,5.369,5.369,0.0054,False
2026-09-01,5.263,5.263,-0.0197,False
2026-09-02,5.149,5.149,-0.0217,False
2026-09-03,5.184,5.184,0.0068000000000000005,False
2026-09-04,5.113,5.113,-0.0137,False
2026-09-07,5.33,5.33,0.0424,False
2026-09-08,5.321,5.321,-0.0017000000000000001,False
2026-09-09,5.383,5.383,0.011699999999999999,False
2026-09-10,5.328,5.328,-0.0102,False
2026-09-11,5.299,5.299,-0.0054,False
2026-09-14,5.256,5.256,-0.008100000000000001,False
