date,nav,nav_acc,daily_ret,suspicious_jump
2014-04-30,1.0,1.0,0.0,False
2014-05-09,1.0,1.0,0.0,False
2014-05-12,1.0,1.0,0.0,False
2014-05-13,1.0,1.0,0.0,False
2014-05-14,1.0,1.0,0.0,False
2014-05-15,1.0,1.0,0.0,False
2014-05-16,1.0,1.0,0.0,False
2014-05-19,1.001,1.001,0.001,False
2014-05-20,1.001,1.001,0.0,False
2014-05-21,1.001,1.001,0.0,False
2014-05-22,1.001,1.001,0.0,False
2014-05-23,1.001,1.001,0.0,False
2014-05-26,1.001,1.001,0.0,False
2014-05-27,1.0,1.0,-0.000999,False
2014-05-28,1.001,1.001,0.001,False
2014-05-29,0.999,0.999,-0.001998,False
2014-05-30,0.999,0.999,0.0,False
2014-06-03,0.999,0.999,0.0,False
2014-06-04,1.0,1.0,0.001001,False
2014-06-05,1.001,1.001,0.001,False
2014-06-06,1.0,1.0,-0.000999,False
2014-06-09,0.999,0.999,-0.001,False
2014-06-10,1.0,1.0,0.001001,False
2014-06-11,1.0,1.0,0.0,False
2014-06-12,1.0,1.0,0.0,False
2014-06-13,1.001,1.001,0.001,False
2014-06-16,1.001,1.001,0.0,False
2014-06-17,1.0,1.0,-0.000999,False
2014-06-18,1.0,1.0,0.0,False
2014-06-19,0.998,0.998,-0.002,False
2014-06-20,0.999,0.999,0.001002,False
2014-06-23,1.001,1.001,0.002002,False
2014-06-24,1.001,1.001,0.0,False
2014-06-25,1.002,1.002,0.000999,False
2014-06-26,1.004,1.004,0.001996,False
2014-06-27,1.004,1.004,0.0,False
2014-06-30,1.004,1.004,0.0,False
2014-07-01,1.005,1.005,0.000996,False
2014-07-02,1.004,1.004,-0.000995,False
2014-07-03,1.006,1.006,0.001992,False
2014-07-04,1.006,1.006,0.0,False
2014-07-07,1.002,1.002,-0.003976,False
2014-07-08,1.004,1.004,0.001996,False
2014-07-09,1.0,1.0,-0.003984,False
2014-07-10,0.999,0.999,-0.001,False
2014-07-11,0.998,0.998,-0.001001,False
2014-07-14,1.001,1.001,0.003006,False
2014-07-15,0.999,0.999,-0.001998,False
2014-07-16,0.999,0.999,0.0,False
2014-07-17,0.995,0.995,-0.004004,False
2014-07-18,0.994,0.994,-0.001005,False
2014-07-21,0.995,0.995,0.001006,False
2014-07-22,1.0,1.0,0.005024999999999999,False
2014-07-23,0.995,0.995,-0.005,False
2014-07-24,0.992,0.992,-0.003015,False
2014-07-25,0.997,0.997,0.00504,False
2014-07-28,1.003,1.003,0.006018,False
2014-07-29,1.009,1.009,0.0059819999999999995,False
2014-07-30,1.009,1.009,0.0,False
2014-07-31,1.01,1.01,0.000991,False
2014-08-01,0.999,0.999,-0.010891,False
2014-08-04,1.007,1.007,0.008008,False
2014-08-05,1.011,1.011,0.003972,False
2014-08-06,1.019,1.019,0.007913,False
2014-08-07,1.014,1.014,-0.004907,False
2014-08-08,1.022,1.022,0.007890000000000001,False
2014-08-11,1.041,1.041,0.018591,False
2014-08-12,1.045,1.045,0.003842,False
2014-08-13,1.038,1.038,-0.006699,False
2014-08-14,1.034,1.034,-0.0038540000000000002,False
2014-08-15,1.041,1.041,0.006770000000000001,False
2014-08-18,1.056,1.056,0.014409,False
2014-08-19,1.059,1.059,0.002841,False
2014-08-20,1.048,1.048,-0.010387,False
2014-08-21,1.052,1.052,0.0038169999999999996,False
2014-08-22,1.062,1.062,0.009506,False
2014-08-25,1.051,1.051,-0.010358000000000001,False
2014-08-26,1.036,1.036,-0.014272,False
2014-08-27,1.038,1.038,0.001931,False
2014-08-28,1.028,1.028,-0.009634,False
2014-08-29,1.039,1.039,0.010700000000000001,False
2014-09-01,1.061,1.061,0.021174,False
2014-09-02,1.077,1.077,0.01508,False
2014-09-03,1.082,1.082,0.0046429999999999996,False
2014-09-04,1.092,1.092,0.009242,False
2014-09-05,1.087,1.087,-0.004579,False
2014-09-09,1.089,1.089,0.00184,False
2014-09-10,1.095,1.095,0.00551,False
2014-09-11,1.091,1.091,-0.003653,False
2014-09-12,1.099,1.099,0.007332999999999999,False
2014-09-15,1.1,1.1,0.00091,False
2014-09-16,1.057,1.057,-0.039091,False
2014-09-17,1.055,1.055,-0.001892,False
2014-09-18,1.06,1.06,0.004739,False
2014-09-19,1.07,1.07,0.009434,False
2014-09-22,1.057,1.057,-0.012150000000000001,False
2014-09-23,1.066,1.066,0.008515,False
2014-09-24,1.076,1.076,0.009381,False
2014-09-25,1.073,1.073,-0.002788,False
2014-09-26,1.073,1.073,0.0,False
2014-09-29,1.082,1.082,0.008388,False
2014-09-30,1.09,1.09,0.0073939999999999995,False
2014-10-08,1.103,1.103,0.011927,False
2014-10-09,1.114,1.114,0.009973,False
2014-10-10,1.109,1.109,-0.004488,False
2014-10-13,1.107,1.107,-0.001803,False
2014-10-14,1.098,1.098,-0.00813,False
2014-10-15,1.096,1.096,-0.0018210000000000001,False
2014-10-16,1.082,1.082,-0.012774,False
2014-10-17,1.074,1.074,-0.0073939999999999995,False
2014-10-20,1.085,1.085,0.010242,False
2014-10-21,1.074,1.074,-0.010138000000000001,False
2014-10-22,1.058,1.058,-0.014898,False
2014-10-23,1.044,1.044,-0.013233,False
2014-10-24,1.048,1.048,0.0038309999999999998,False
2014-10-27,1.058,1.058,0.009542,False
2014-10-28,1.089,1.089,0.029301,False
2014-10-29,1.105,1.105,0.014692,False
2014-10-30,1.104,1.104,-0.000905,False
2014-10-31,1.092,1.092,-0.01087,False
2014-11-03,1.1,1.1,0.007326,False
2014-11-04,1.091,1.091,-0.008182,False
2014-11-05,1.091,1.091,0.0,False
2014-11-06,1.109,1.109,0.016499,False
2014-11-07,1.092,1.092,-0.015328999999999999,False
2014-11-10,1.088,1.088,-0.003663,False
2014-11-11,1.043,1.043,-0.04136,False
2014-11-12,1.061,1.061,0.017258,False
2014-11-13,1.033,1.033,-0.026389999999999997,False
2014-11-14,1.031,1.031,-0.001936,False
2014-11-17,1.049,1.049,0.017459,False
2014-11-18,1.054,1.054,0.004766,False
2014-11-19,1.067,1.067,0.012334000000000001,False
2014-11-20,1.065,1.065,-0.001874,False
2014-11-21,1.072,1.072,0.006573,False
2014-11-24,1.077,1.077,0.004664,False
2014-11-25,1.099,1.099,0.020427,False
2014-11-26,1.106,1.106,0.0063690000000000005,False
2014-11-27,1.106,1.106,0.0,False
2014-11-28,1.103,1.103,-0.002712,False
2014-12-01,1.084,1.084,-0.017225999999999998,False
2014-12-02,1.093,1.093,0.008303,False
2014-12-03,1.1,1.1,0.006404,False
2014-12-04,1.114,1.114,0.012726999999999999,False
2014-12-05,1.067,1.067,-0.042190000000000005,False
2014-12-08,1.044,1.044,-0.021556000000000002,False
2014-12-09,1.004,1.004,-0.038314,False
2014-12-10,1.041,1.041,0.036853,False
2014-12-11,1.045,1.045,0.003842,False
2014-12-12,1.063,1.063,0.017225,False
2014-12-15,1.077,1.077,0.01317,False
2014-12-16,1.064,1.064,-0.012071,False
2014-12-17,1.055,1.055,-0.008459,False
2014-12-18,1.05,1.05,-0.004739,False
2014-12-19,1.032,1.032,-0.017143,False
2014-12-22,0.984,0.984,-0.046512000000000005,False
2014-12-23,0.976,0.976,-0.00813,False
2014-12-24,0.997,0.997,0.021516,False
2014-12-25,1.006,1.006,0.009027,False
2014-12-26,1.009,1.009,0.0029820000000000003,False
2014-12-29,0.995,0.995,-0.013875,False
2014-12-30,0.988,0.988,-0.0070350000000000005,False
2014-12-31,0.992,0.992,0.004049,False
2015-01-05,1.002,1.002,0.010081,False
2015-01-06,1.037,1.037,0.034929999999999996,False
2015-01-07,1.023,1.023,-0.013500000000000002,False
2015-01-08,1.027,1.027,0.00391,False
2015-01-09,1.032,1.032,0.004869,False
2015-01-12,1.044,1.044,0.011628000000000001,False
2015-01-13,1.063,1.063,0.018199,False
2015-01-14,1.059,1.059,-0.0037630000000000003,False
2015-01-15,1.055,1.055,-0.003777,False
2015-01-16,1.07,1.07,0.014218,False
2015-01-19,1.06,1.06,-0.009346,False
2015-01-20,1.108,1.108,0.045283,False
2015-01-21,1.129,1.129,0.018953,False
2015-01-22,1.154,1.154,0.022143000000000003,False
2015-01-23,1.132,1.132,-0.019064,False
2015-01-26,1.15,1.15,0.015901000000000002,False
2015-01-27,1.147,1.147,-0.002609,False
2015-01-28,1.139,1.139,-0.006975,False
2015-01-29,1.128,1.128,-0.009658,False
2015-01-30,1.12,1.12,-0.007092,False
2015-02-02,1.123,1.123,0.0026790000000000004,False
2015-02-03,1.15,1.15,0.024043000000000002,False
2015-02-04,1.145,1.145,-0.004348,False
2015-02-05,1.145,1.145,0.0,False
2015-02-06,1.124,1.124,-0.018341,False
2015-02-09,1.112,1.112,-0.010676000000000001,False
2015-02-10,1.133,1.133,0.018885,False
2015-02-11,1.151,1.151,0.015887,False
2015-02-12,1.167,1.167,0.013900999999999998,False
2015-02-13,1.189,1.189,0.018852,False
2015-02-16,1.221,1.221,0.026913,False
2015-02-17,1.228,1.228,0.005733,False
2015-02-25,1.224,1.224,-0.003257,False
2015-02-26,1.217,1.217,-0.005718999999999999,False
2015-02-27,1.239,1.239,0.018077,False
2015-03-02,1.274,1.274,0.028249,False
2015-03-03,1.26,1.26,-0.010989,False
2015-03-04,1.281,1.281,0.016667,False
2015-03-05,1.279,1.279,-0.0015609999999999999,False
2015-03-06,1.244,1.244,-0.027365,False
2015-03-09,1.269,1.269,0.020096,False
2015-03-10,1.288,1.288,0.014972000000000001,False
2015-03-11,1.29,1.29,0.001553,False
2015-03-12,1.277,1.277,-0.010078,False
2015-03-13,1.305,1.305,0.021926,False
2015-03-16,1.343,1.343,0.029119000000000003,False
2015-03-17,1.351,1.351,0.0059570000000000005,False
2015-03-18,1.383,1.383,0.023686,False
2015-03-19,1.394,1.394,0.007954,False
2015-03-20,1.412,1.412,0.012912,False
2015-03-23,1.478,1.478,0.046742,False
2015-03-24,1.52,1.52,0.028416999999999998,False
2015-03-25,1.533,1.533,0.008553,False
2015-03-26,1.471,1.471,-0.04044400000000001,False
2015-03-27,1.488,1.488,0.011557,False
2015-03-30,1.476,1.476,-0.008065,False
2015-03-31,1.499,1.499,0.015583,False
2015-04-01,1.549,1.549,0.033356,False
2015-04-02,1.598,1.598,0.031633,False
2015-04-03,1.654,1.654,0.035044,False
2015-04-07,1.691,1.691,0.02237,False
2015-04-08,1.678,1.678,-0.007688,False
2015-04-09,1.667,1.667,-0.006555,False
2015-04-10,1.716,1.716,0.029394,False
2015-04-13,1.733,1.733,0.009907000000000001,False
2015-04-14,1.721,1.721,-0.0069240000000000005,False
2015-04-15,1.641,1.641,-0.046485000000000005,False
2015-04-16,1.663,1.663,0.013406,False
2015-04-17,1.646,1.646,-0.010222,False
2015-04-20,1.598,1.598,-0.029162,False
2015-04-21,1.661,1.661,0.039424,False
2015-04-22,1.693,1.693,0.019266000000000002,False
2015-04-23,1.732,1.732,0.023035999999999997,False
2015-04-24,1.747,1.747,0.008661,False
2015-04-27,1.74,1.74,-0.004007,False
2015-04-28,1.671,1.671,-0.039655,False
2015-04-29,1.735,1.735,0.0383,False
2015-04-30,1.75,1.75,0.008646000000000001,False
2015-05-04,1.773,1.773,0.013143,False
2015-05-05,1.748,1.748,-0.0141,False
2015-05-06,1.767,1.767,0.01087,False
2015-05-07,1.735,1.735,-0.01811,False
2015-05-08,1.852,1.852,0.067435,False
2015-05-11,1.927,1.927,0.040497,False
2015-05-12,1.951,1.951,0.012455,False
2015-05-13,1.954,1.954,0.0015379999999999999,False
2015-05-14,1.947,1.947,-0.003582,False
2015-05-15,1.963,1.963,0.008218,False
2015-05-18,2.059,2.059,0.048905000000000004,False
2015-05-19,2.129,2.129,0.033997,False
2015-05-20,2.204,2.204,0.035228,False
2015-05-21,2.299,2.299,0.043102999999999995,False
2015-05-22,2.27,2.27,-0.012614,False
2015-05-25,2.293,2.293,0.010132,False
2015-05-26,2.4,2.4,0.046664000000000004,False
2015-05-27,2.457,2.457,0.02375,False
2015-05-28,2.307,2.307,-0.06105000000000001,False
2015-05-29,2.391,2.391,0.036411,False
2015-06-01,2.52,2.52,0.053952,False
2015-06-02,2.602,2.602,0.03254,False
2015-06-03,2.62,2.62,0.006918,False
2015-06-04,2.594,2.594,-0.009923999999999999,False
2015-06-05,2.591,2.591,-0.001157,False
2015-06-08,2.512,2.512,-0.03049,False
2015-06-09,2.499,2.499,-0.005175,False
2015-06-10,2.567,2.567,0.027211,False
2015-06-11,2.603,2.603,0.014024000000000002,False
2015-06-12,2.656,2.656,0.020360999999999997,False
2015-06-15,2.603,2.603,-0.019955,False
2015-06-16,2.475,2.475,-0.049173999999999995,False
2015-06-17,2.545,2.545,0.028283,False
2015-06-18,2.445,2.445,-0.039293,False
2015-06-19,2.31,2.31,-0.05521499999999999,False
2015-06-23,2.374,2.374,0.027705999999999998,False
2015-06-24,2.421,2.421,0.019798,False
2015-06-25,2.314,2.314,-0.044197,False
2015-06-26,2.122,2.122,-0.082973,False
2015-06-29,1.92,1.92,-0.095193,False
2015-06-30,1.961,1.961,0.021354,False
2015-07-01,1.816,1.816,-0.073942,False
2015-07-02,1.684,1.684,-0.072687,False
2015-07-03,1.574,1.574,-0.065321,False
2015-07-06,1.54,1.54,-0.021601,False
2015-07-07,1.427,1.427,-0.073377,False
2015-07-08,1.328,1.328,-0.069376,False
2015-07-09,1.39,1.39,0.046687000000000006,False
2015-07-10,1.462,1.462,0.051799,False
2015-07-13,1.531,1.531,0.047195999999999995,False
2015-07-14,1.576,1.576,0.029393,False
2015-07-15,1.454,1.454,-0.07741100000000001,False
2015-07-16,1.509,1.509,0.037827,False
2015-07-17,1.615,1.615,0.070245,False
2015-07-20,1.672,1.672,0.035294,False
2015-07-21,1.685,1.685,0.007775,False
2015-07-22,1.711,1.711,0.01543,False
2015-07-23,1.759,1.759,0.028054000000000003,False
2015-07-24,1.72,1.72,-0.022172,False
2015-07-27,1.568,1.568,-0.08837199999999999,False
2015-07-28,1.488,1.488,-0.05102,False
2015-07-29,1.562,1.562,0.049731,False
2015-07-30,1.493,1.493,-0.044174,False
2015-07-31,1.469,1.469,-0.016075,False
2015-08-03,1.382,1.382,-0.059224,False
2015-08-04,1.501,1.501,0.08610699999999999,False
2015-08-05,1.507,1.507,0.003997,False
2015-08-06,1.518,1.518,0.007299,False
2015-08-07,1.581,1.581,0.041502,False
2015-08-10,1.664,1.664,0.052497999999999996,False
2015-08-11,1.667,1.667,0.001803,False
2015-08-12,1.643,1.643,-0.014397,False
2015-08-13,1.697,1.697,0.032867,False
2015-08-14,1.711,1.711,0.00825,False
2015-08-17,1.733,1.733,0.012858000000000001,False
2015-08-18,1.586,1.586,-0.084824,False
2015-08-19,1.628,1.628,0.026482000000000002,False
2015-08-20,1.59,1.59,-0.023342,False
2015-08-21,1.479,1.479,-0.069811,False
2015-08-24,1.36,1.36,-0.08045999999999999,False
2015-08-25,1.249,1.249,-0.081618,False
2015-08-26,1.176,1.176,-0.058447,False
2015-08-27,1.242,1.242,0.056122,False
2015-08-28,1.332,1.332,0.072464,False
2015-08-31,1.275,1.275,-0.042793,False
2015-09-01,1.181,1.181,-0.073725,False
2015-09-02,1.164,1.164,-0.014395,False
2015-09-07,1.161,1.161,-0.002577,False
2015-09-08,1.232,1.232,0.061154,False
2015-09-09,1.282,1.282,0.040583999999999995,False
2015-09-10,1.263,1.263,-0.014820999999999999,False
2015-09-11,1.286,1.286,0.018210999999999998,False
2015-09-14,1.177,1.177,-0.08475899999999999,False
2015-09-15,1.1,1.1,-0.06542099999999999,False
2015-09-16,1.199,1.199,0.09,False
2015-09-17,1.193,1.193,-0.005004,False
2015-09-18,1.225,1.225,0.026823,False
2015-09-21,1.291,1.291,0.053878,False
2015-09-22,1.29,1.29,-0.000775,False
2015-09-23,1.288,1.288,-0.00155,False
2015-09-24,1.308,1.308,0.015528,False
2015-09-25,1.262,1.262,-0.035168,False
2015-09-28,1.307,1.307,0.035657999999999995,False
2015-09-29,1.28,1.28,-0.020658,False
2015-09-30,1.297,1.297,0.013281000000000001,False
2015-10-08,1.357,1.357,0.046261000000000004,False
2015-10-09,1.388,1.388,0.022845,False
2015-10-12,1.46,1.46,0.051872999999999996,False
2015-10-13,1.5,1.5,0.027397,False
2015-10-14,1.465,1.465,-0.023333,False
2015-10-15,1.52,1.52,0.037543,False
2015-10-16,1.544,1.544,0.015789,False
2015-10-19,1.538,1.538,-0.003886,False
2015-10-20,1.569,1.569,0.020156,False
2015-10-21,1.453,1.453,-0.073932,False
2015-10-22,1.517,1.517,0.044047,False
2015-10-23,1.576,1.576,0.038893,False
2015-10-26,1.589,1.589,0.008249,False
2015-10-27,1.616,1.616,0.016992,False
2015-10-28,1.582,1.582,-0.02104,False
2015-10-29,1.605,1.605,0.014539,False
2015-10-30,1.595,1.595,-0.0062309999999999996,False
2015-11-02,1.567,1.567,-0.017555,False
2015-11-03,1.559,1.559,-0.005104999999999999,False
2015-11-04,1.651,1.651,0.059012,False
2015-11-05,1.644,1.644,-0.00424,False
2015-11-06,1.694,1.694,0.030414,False
2015-11-09,1.722,1.722,0.016529000000000002,False
2015-11-10,1.731,1.731,0.005226,False
2015-11-11,1.77,1.77,0.02253,False
2015-11-12,1.781,1.781,0.006215000000000001,False
2015-11-13,1.73,1.73,-0.028635999999999998,False
2015-11-16,1.794,1.794,0.036994,False
2015-11-17,1.773,1.773,-0.011706000000000001,False
2015-11-18,1.732,1.732,-0.023125,False
2015-11-19,1.796,1.796,0.036952,False
2015-11-20,1.824,1.824,0.01559,False
2015-11-23,1.814,1.814,-0.005482,False
2015-11-24,1.86,1.86,0.025358000000000002,False
2015-11-25,1.891,1.891,0.016667,False
2015-11-26,1.87,1.87,-0.011105,False
2015-11-27,1.774,1.774,-0.051337,False
2015-11-30,1.811,1.811,0.020857,False
2015-12-01,1.793,1.793,-0.009939,False
2015-12-02,1.749,1.749,-0.024540000000000003,False
2015-12-03,1.796,1.796,0.026871999999999997,False
2015-12-04,1.788,1.788,-0.0044540000000000005,False
2015-12-07,1.809,1.809,0.011745,False
2015-12-08,1.776,1.776,-0.018242,False
2015-12-09,1.759,1.759,-0.009572,False
2015-12-10,1.757,1.757,-0.001137,False
2015-12-11,1.753,1.753,-0.002277,False
2015-12-14,1.782,1.782,0.016543000000000002,False
2015-12-15,1.796,1.796,0.007856,False
2015-12-16,1.81,1.81,0.007795,False
2015-12-17,1.864,1.864,0.029834,False
2015-12-18,1.851,1.851,-0.006974,False
2015-12-21,1.866,1.866,0.008104,False
2015-12-22,1.894,1.894,0.015005,False
2015-12-23,1.861,1.861,-0.017423,False
2015-12-24,1.876,1.876,0.008060000000000001,False
2015-12-25,1.909,1.909,0.017591000000000002,False
2015-12-28,1.91,1.91,0.000524,False
2015-12-29,1.922,1.922,0.0062829999999999995,False
2015-12-30,1.971,1.971,0.025494,False
2015-12-31,1.928,1.928,-0.021816,False
2016-01-04,1.759,1.759,-0.087656,False
2016-01-05,1.721,1.721,-0.021602999999999997,False
2016-01-06,1.771,1.771,0.029053,False
2016-01-07,1.615,1.615,-0.088086,False
2016-01-08,1.616,1.616,0.000619,False
2016-01-11,1.476,1.476,-0.08663399999999999,False
2016-01-12,1.457,1.457,-0.012873,False
2016-01-13,1.391,1.391,-0.045299,False
2016-01-14,1.462,1.462,0.051042,False
2016-01-15,1.412,1.412,-0.0342,False
2016-01-18,1.451,1.451,0.02762,False
2016-01-19,1.507,1.507,0.038593999999999996,False
2016-01-20,1.492,1.492,-0.009954,False
2016-01-21,1.416,1.416,-0.050938,False
2016-01-22,1.438,1.438,0.015537,False
2016-01-25,1.462,1.462,0.01669,False
2016-01-26,1.347,1.347,-0.07865899999999999,False
2016-01-27,1.354,1.354,0.005197,False
2016-01-28,1.299,1.299,-0.04062,False
2016-01-29,1.354,1.354,0.04234,False
2016-02-01,1.335,1.335,-0.014032,False
2016-02-02,1.4,1.4,0.048689,False
2016-02-03,1.412,1.412,0.008571,False
2016-02-04,1.438,1.438,0.018414,False
2016-02-05,1.418,1.418,-0.013908,False
2016-02-15,1.425,1.425,0.004937,False
2016-02-16,1.485,1.485,0.042105,False
2016-02-17,1.515,1.515,0.020202,False
2016-02-18,1.502,1.502,-0.008581,False
2016-02-19,1.514,1.514,0.007989000000000001,False
2016-02-22,1.538,1.538,0.015851999999999998,False
2016-02-23,1.525,1.525,-0.008453,False
2016-02-24,1.522,1.522,-0.001967,False
2016-02-25,1.391,1.391,-0.08607100000000001,False
2016-02-26,1.381,1.381,-0.007189,False
2016-02-29,1.294,1.294,-0.062998,False
2016-03-01,1.328,1.328,0.026275,False
2016-03-02,1.396,1.396,0.051205,False
2016-03-03,1.394,1.394,-0.001433,False
2016-03-04,1.339,1.339,-0.039455,False
2016-03-07,1.376,1.376,0.027633,False
2016-03-08,1.391,1.391,0.010901000000000001,False
2016-03-09,1.369,1.369,-0.015816,False
2016-03-10,1.341,1.341,-0.020453000000000002,False
2016-03-11,1.342,1.342,0.000746,False
2016-03-14,1.398,1.398,0.041729,False
2016-03-15,1.394,1.394,-0.0028610000000000003,False
2016-03-16,1.382,1.382,-0.008608,False
2016-03-17,1.441,1.441,0.042691999999999994,False
2016-03-18,1.496,1.496,0.038168,False
2016-03-21,1.537,1.537,0.027406,False
2016-03-22,1.54,1.54,0.0019520000000000002,False
2016-03-23,1.555,1.555,0.00974,False
2016-03-24,1.534,1.534,-0.013505,False
2016-03-25,1.549,1.549,0.009778,False
2016-03-28,1.525,1.525,-0.015494,False
2016-03-29,1.491,1.491,-0.022295,False
2016-03-30,1.558,1.558,0.044936,False
2016-03-31,1.564,1.564,0.003851,False
2016-04-01,1.56,1.56,-0.0025580000000000004,False
2016-04-05,1.611,1.611,0.032692,False
2016-04-06,1.624,1.624,0.00807,False
2016-04-07,1.585,1.585,-0.024014999999999998,False
2016-04-08,1.564,1.564,-0.013249,False
2016-04-11,1.603,1.603,0.024936,False
2016-04-12,1.585,1.585,-0.011229,False
2016-04-13,1.602,1.602,0.010726,False
2016-04-14,1.619,1.619,0.010612,False
2016-04-15,1.626,1.626,0.004324,False
2016-04-18,1.59,1.59,-0.02214,False
2016-04-19,1.595,1.595,0.0031450000000000002,False
2016-04-20,1.515,1.515,-0.050157,False
2016-04-21,1.487,1.487,-0.018482000000000002,False
2016-04-22,1.506,1.506,0.012777,False
2016-04-25,1.497,1.497,-0.005976,False
2016-04-26,1.522,1.522,0.0167,False
2016-04-27,1.521,1.521,-0.0006569999999999999,False
2016-04-28,1.515,1.515,-0.003945000000000001,False
2016-04-29,1.509,1.509,-0.00396,False
2016-05-03,1.559,1.559,0.033135,False
2016-05-04,1.562,1.562,0.001924,False
2016-05-05,1.575,1.575,0.008323,False
2016-05-06,1.513,1.513,-0.039365000000000004,False
2016-05-09,1.436,1.436,-0.050892,False
2016-05-10,1.427,1.427,-0.006267,False
2016-05-11,1.406,1.406,-0.014716,False
2016-05-12,1.419,1.419,0.009245999999999999,False
2016-05-13,1.417,1.417,-0.0014089999999999999,False
2016-05-16,1.456,1.456,0.027523,False
2016-05-17,1.462,1.462,0.0041210000000000005,False
2016-05-18,1.419,1.419,-0.029411999999999997,False
2016-05-19,1.438,1.438,0.013389999999999999,False
2016-05-20,1.471,1.471,0.022949,False
2016-05-23,1.505,1.505,0.023114,False
2016-05-24,1.484,1.484,-0.013953,False
2016-05-25,1.473,1.473,-0.007411999999999999,False
2016-05-26,1.491,1.491,0.01222,False
2016-05-27,1.489,1.489,-0.001341,False
2016-05-30,1.504,1.504,0.010074000000000001,False
2016-05-31,1.581,1.581,0.051197,False
2016-06-01,1.607,1.607,0.016445,False
2016-06-02,1.635,1.635,0.017424,False
2016-06-03,1.642,1.642,0.004281,False
2016-06-06,1.655,1.655,0.007917,False
2016-06-07,1.669,1.669,0.008459,False
2016-06-08,1.665,1.665,-0.002397,False
2016-06-13,1.572,1.572,-0.055856,False
2016-06-14,1.588,1.588,0.010178,False
2016-06-15,1.669,1.669,0.051008,False
2016-06-16,1.697,1.697,0.016777,False
2016-06-17,1.693,1.693,-0.0023569999999999997,False
2016-06-20,1.726,1.726,0.019492,False
2016-06-21,1.702,1.702,-0.013905,False
2016-06-22,1.739,1.739,0.021739,False
2016-06-23,1.735,1.735,-0.0023,False
2016-06-24,1.748,1.748,0.007493,False
2016-06-27,1.804,1.804,0.032037,False
2016-06-28,1.818,1.818,0.0077610000000000005,False
2016-06-29,1.819,1.819,0.00055,False
2016-06-30,1.812,1.812,-0.003848,False
2016-07-01,1.786,1.786,-0.014349,False
2016-07-04,1.814,1.814,0.015677,False
2016-07-05,1.82,1.82,0.0033079999999999997,False
2016-07-06,1.811,1.811,-0.004945,False
2016-07-07,1.813,1.813,0.001104,False
2016-07-08,1.813,1.813,0.0,False
2016-07-11,1.802,1.802,-0.006067,False
2016-07-12,1.813,1.813,0.006104000000000001,False
2016-07-13,1.834,1.834,0.011583000000000001,False
2016-07-14,1.838,1.838,0.0021809999999999998,False
2016-07-15,1.807,1.807,-0.016866000000000003,False
2016-07-18,1.801,1.801,-0.00332,False
2016-07-19,1.814,1.814,0.007218,False
2016-07-20,1.813,1.813,-0.0005510000000000001,False
2016-07-21,1.81,1.81,-0.001655,False
2016-07-22,1.799,1.799,-0.006077,False
2016-07-25,1.792,1.792,-0.003891,False
2016-07-26,1.825,1.825,0.018415,False
2016-07-27,1.723,1.723,-0.05589,False
2016-07-28,1.707,1.707,-0.009285999999999999,False
2016-07-29,1.681,1.681,-0.015231,False
2016-08-01,1.658,1.658,-0.013682000000000001,False
2016-08-02,1.677,1.677,0.01146,False
2016-08-03,1.677,1.677,0.0,False
2016-08-04,1.697,1.697,0.011926,False
2016-08-05,1.68,1.68,-0.010018,False
2016-08-08,1.704,1.704,0.014286,False
2016-08-09,1.714,1.714,0.005869,False
2016-08-10,1.707,1.707,-0.004084,False
2016-08-11,1.676,1.676,-0.018161,False
2016-08-12,1.696,1.696,0.011933000000000001,False
2016-08-15,1.738,1.738,0.024763999999999998,False
2016-08-16,1.75,1.75,0.006904,False
2016-08-17,1.753,1.753,0.001714,False
2016-08-18,1.747,1.747,-0.003423,False
2016-08-19,1.752,1.752,0.002862,False
2016-08-22,1.732,1.732,-0.011415999999999999,False
2016-08-23,1.737,1.737,0.0028870000000000002,False
2016-08-24,1.748,1.748,0.006333,False
2016-08-25,1.738,1.738,-0.005721,False
2016-08-26,1.758,1.758,0.011507,False
2016-08-29,1.762,1.762,0.002275,False
2016-08-30,1.762,1.762,0.0,False
2016-08-31,1.757,1.757,-0.002838,False
2016-09-01,1.743,1.743,-0.007968,False
2016-09-02,1.727,1.727,-0.00918,False
2016-09-05,1.732,1.732,0.002895,False
2016-09-06,1.768,1.768,0.020785,False
2016-09-07,1.773,1.773,0.002828,False
2016-09-08,1.779,1.779,0.003384,False
2016-09-09,1.774,1.774,-0.002811,False
2016-09-12,1.708,1.708,-0.037204,False
2016-09-13,1.726,1.726,0.010539,False
2016-09-14,1.729,1.729,0.0017380000000000002,False
2016-09-19,1.75,1.75,0.012145999999999999,False
2016-09-20,1.748,1.748,-0.001143,False
2016-09-21,1.756,1.756,0.004577,False
2016-09-22,1.772,1.772,0.009112,False
2016-09-23,1.763,1.763,-0.005079,False
2016-09-26,1.716,1.716,-0.026659000000000002,False
2016-09-27,1.731,1.731,0.008741,False
2016-09-28,1.732,1.732,0.000578,False
2016-09-29,1.746,1.746,0.008083,False
2016-09-30,1.762,1.762,0.009164,False
2016-10-10,1.808,1.808,0.026107,False
2016-10-11,1.816,1.816,0.004425,False
2016-10-12,1.818,1.818,0.001101,False
2016-10-13,1.827,1.827,0.0049499999999999995,False
2016-10-14,1.816,1.816,-0.0060209999999999994,False
2016-10-17,1.79,1.79,-0.014317,False
2016-10-18,1.821,1.821,0.017318,False
2016-10-19,1.819,1.819,-0.001098,False
2016-10-20,1.821,1.821,0.0011,False
2016-10-21,1.806,1.806,-0.008237,False
2016-10-24,1.813,1.813,0.003876,False
2016-10-25,1.824,1.824,0.006067,False
2016-10-26,1.816,1.816,-0.004386,False
2016-10-27,1.82,1.82,0.002203,False
2016-10-28,1.794,1.794,-0.014286,False
2016-10-31,1.791,1.791,-0.0016719999999999999,False
2016-11-01,1.813,1.813,0.012284,False
2016-11-02,1.795,1.795,-0.009928,False
2016-11-03,1.807,1.807,0.006685,False
2016-11-04,1.805,1.805,-0.0011070000000000001,False
2016-11-07,1.804,1.804,-0.000554,False
2016-11-08,1.817,1.817,0.007206000000000001,False
2016-11-09,1.795,1.795,-0.012108,False
2016-11-10,1.818,1.818,0.012813000000000001,False
2016-11-11,1.826,1.826,0.0044,False
2016-11-14,1.833,1.833,0.003834,False
2016-11-15,1.851,1.851,0.00982,False
2016-11-16,1.862,1.862,0.005943,False
2016-11-17,1.846,1.846,-0.008593,False
2016-11-18,1.84,1.84,-0.0032500000000000003,False
2016-11-21,1.845,1.845,0.002717,False
2016-11-22,1.858,1.858,0.007046,False
2016-11-23,1.852,1.852,-0.003229,False
2016-11-24,1.828,1.828,-0.012959,False
2016-11-25,1.832,1.832,0.002188,False
2016-11-28,1.828,1.828,-0.002183,False
2016-11-29,1.81,1.81,-0.009847,False
2016-11-30,1.811,1.811,0.000552,False
2016-12-01,1.809,1.809,-0.001104,False
2016-12-02,1.781,1.781,-0.015478,False
2016-12-05,1.787,1.787,0.0033689999999999996,False
2016-12-06,1.784,1.784,-0.001679,False
2016-12-07,1.804,1.804,0.011211,False
2016-12-08,1.786,1.786,-0.009978,False
2016-12-09,1.784,1.784,-0.0011200000000000001,False
2016-12-12,1.686,1.686,-0.054932999999999996,False
2016-12-13,1.691,1.691,0.002966,False
2016-12-14,1.673,1.673,-0.010645,False
2016-12-15,1.689,1.689,0.009564,False
2016-12-16,1.706,1.706,0.010065,False
2016-12-19,1.702,1.702,-0.002345,False
2016-12-20,1.704,1.704,0.0011749999999999998,False
2016-12-21,1.719,1.719,0.008803,False
2016-12-22,1.714,1.714,-0.002909,False
2016-12-23,1.697,1.697,-0.009918,False
2016-12-26,1.713,1.713,0.009427999999999999,False
2016-12-27,1.708,1.708,-0.0029189999999999997,False
2016-12-28,1.699,1.699,-0.005269,False
2016-12-29,1.693,1.693,-0.0035310000000000003,False
2016-12-30,1.699,1.699,0.003544,False
2016-12-31,1.699,1.699,0.0,False
2017-01-03,1.722,1.722,0.013536999999999999,False
2017-01-04,1.744,1.744,0.012776000000000001,False
2017-01-05,1.741,1.741,-0.00172,False
2017-01-06,1.724,1.724,-0.009765000000000001,False
2017-01-09,1.725,1.725,0.00058,False
2017-01-10,1.71,1.71,-0.008696,False
2017-01-11,1.688,1.688,-0.012865,False
2017-01-12,1.662,1.662,-0.015403,False
2017-01-13,1.635,1.635,-0.016245,False
2017-01-16,1.581,1.581,-0.033028,False
2017-01-17,1.608,1.608,0.017078,False
2017-01-18,1.599,1.599,-0.0055969999999999995,False
2017-01-19,1.594,1.594,-0.0031269999999999996,False
2017-01-20,1.62,1.62,0.016311,False
2017-01-23,1.635,1.635,0.009259,False
2017-01-24,1.624,1.624,-0.006728,False
2017-01-25,1.632,1.632,0.004926,False
2017-01-26,1.645,1.645,0.007965999999999999,False
2017-02-03,1.64,1.64,-0.0030399999999999997,False
2017-02-06,1.67,1.67,0.018293,False
2017-02-07,1.663,1.663,-0.004192,False
2017-02-08,1.677,1.677,0.008419,False
2017-02-09,1.689,1.689,0.007156,False
2017-02-10,1.681,1.681,-0.004737,False
2017-02-13,1.687,1.687,0.003569,False
2017-02-14,1.682,1.682,-0.002964,False
2017-02-15,1.662,1.662,-0.011891,False
2017-02-16,1.668,1.668,0.00361,False
2017-02-17,1.662,1.662,-0.0035970000000000004,False
2017-02-20,1.664,1.664,0.001203,False
2017-02-21,1.682,1.682,0.010817,False
2017-02-22,1.691,1.691,0.005351,False
2017-02-23,1.693,1.693,0.001183,False
2017-02-24,1.706,1.706,0.007679,False
2017-02-27,1.701,1.701,-0.0029310000000000004,False
2017-02-28,1.704,1.704,0.001764,False
2017-03-01,1.709,1.709,0.002934,False
2017-03-02,1.693,1.693,-0.009362,False
2017-03-03,1.705,1.705,0.007088,False
2017-03-06,1.73,1.73,0.014662999999999999,False
2017-03-07,1.731,1.731,0.000578,False
2017-03-08,1.726,1.726,-0.002889,False
2017-03-09,1.716,1.716,-0.0057940000000000005,False
2017-03-10,1.722,1.722,0.003497,False
2017-03-13,1.743,1.743,0.012195000000000001,False
2017-03-14,1.735,1.735,-0.00459,False
2017-03-15,1.734,1.734,-0.000576,False
2017-03-16,1.753,1.753,0.010957,False
2017-03-17,1.734,1.734,-0.010839000000000001,False
2017-03-20,1.737,1.737,0.0017299999999999998,False
2017-03-21,1.74,1.74,0.001727,False
2017-03-22,1.726,1.726,-0.008046,False
2017-03-23,1.722,1.722,-0.002317,False
2017-03-24,1.728,1.728,0.0034839999999999997,False
2017-03-27,1.723,1.723,-0.002894,False
2017-03-28,1.721,1.721,-0.001161,False
2017-03-29,1.701,1.701,-0.011621,False
2017-03-30,1.664,1.664,-0.021751999999999997,False
2017-03-31,1.674,1.674,0.00601,False
2017-04-05,1.709,1.709,0.020908000000000003,False
2017-04-06,1.718,1.718,0.005266,False
2017-04-07,1.726,1.726,0.004657,False
2017-04-10,1.709,1.709,-0.009849,False
2017-04-11,1.717,1.717,0.004681,False
2017-04-12,1.692,1.692,-0.01456,False
2017-04-13,1.707,1.707,0.008865,False
2017-04-14,1.682,1.682,-0.014646,False
2017-04-17,1.657,1.657,-0.014863,False
2017-04-18,1.64,1.64,-0.01026,False
2017-04-19,1.627,1.627,-0.007927,False
2017-04-20,1.62,1.62,-0.004302,False
2017-04-21,1.607,1.607,-0.008025,False
2017-04-24,1.576,1.576,-0.019291,False
2017-04-25,1.581,1.581,0.0031730000000000005,False
2017-04-26,1.585,1.585,0.00253,False
2017-04-27,1.617,1.617,0.020189,False
2017-04-28,1.618,1.618,0.0006180000000000001,False
2017-05-02,1.62,1.62,0.0012360000000000001,False
2017-05-03,1.612,1.612,-0.0049380000000000005,False
2017-05-04,1.608,1.608,-0.0024809999999999997,False
2017-05-05,1.595,1.595,-0.008085,False
2017-05-08,1.569,1.569,-0.016301,False
2017-05-09,1.597,1.597,0.017846,False
2017-05-10,1.573,1.573,-0.015028,False
2017-05-11,1.574,1.574,0.0006360000000000001,False
2017-05-12,1.565,1.565,-0.005718,False
2017-05-15,1.568,1.568,0.001917,False
2017-05-16,1.606,1.606,0.024235000000000003,False
2017-05-17,1.616,1.616,0.006227,False
2017-05-18,1.599,1.599,-0.01052,False
2017-05-19,1.593,1.593,-0.0037519999999999997,False
2017-05-22,1.549,1.549,-0.027621000000000003,False
2017-05-23,1.504,1.504,-0.029051,False
2017-05-24,1.518,1.518,0.009309,False
2017-05-25,1.521,1.521,0.001976,False
2017-05-26,1.52,1.52,-0.0006569999999999999,False
2017-05-31,1.519,1.519,-0.000658,False
2017-06-01,1.47,1.47,-0.032258,False
2017-06-02,1.492,1.492,0.014966,False
2017-06-05,1.505,1.505,0.008713,False
2017-06-06,1.513,1.513,0.0053159999999999995,False
2017-06-07,1.551,1.551,0.025116,False
2017-06-08,1.55,1.55,-0.0006450000000000001,False
2017-06-09,1.547,1.547,-0.001935,False
2017-06-12,1.513,1.513,-0.021978,False
2017-06-13,1.551,1.551,0.025116,False
2017-06-14,1.556,1.556,0.0032240000000000003,False
2017-06-15,1.584,1.584,0.017995,False
2017-06-16,1.577,1.577,-0.004419,False
2017-06-19,1.589,1.589,0.007609,False
2017-06-20,1.609,1.609,0.012587,False
2017-06-21,1.602,1.602,-0.004351,False
2017-06-22,1.568,1.568,-0.021223000000000002,False
2017-06-23,1.576,1.576,0.005102,False
2017-06-26,1.594,1.594,0.011420999999999999,False
2017-06-27,1.587,1.587,-0.004391,False
2017-06-28,1.558,1.558,-0.018272999999999998,False
2017-06-29,1.57,1.57,0.007702,False
2017-06-30,1.576,1.576,0.003822,False
2017-07-03,1.596,1.596,0.01269,False
2017-07-04,1.601,1.601,0.0031330000000000004,False
2017-07-05,1.608,1.608,0.004372,False
2017-07-06,1.614,1.614,0.003731,False
2017-07-07,1.638,1.638,0.014870000000000001,False
2017-07-10,1.612,1.612,-0.015872999999999998,False
2017-07-11,1.595,1.595,-0.010546,False
2017-07-12,1.605,1.605,0.00627,False
2017-07-13,1.582,1.582,-0.01433,False
2017-07-14,1.573,1.573,-0.005689,False
2017-07-17,1.479,1.479,-0.059758,False
2017-07-18,1.47,1.47,-0.006085,False
2017-07-19,1.486,1.486,0.010884,False
2017-07-20,1.495,1.495,0.006057,False
2017-07-21,1.494,1.494,-0.000669,False
2017-07-24,1.493,1.493,-0.000669,False
2017-07-25,1.488,1.488,-0.0033489999999999995,False
2017-07-26,1.489,1.489,0.000672,False
2017-07-27,1.497,1.497,0.005373,False
2017-07-28,1.509,1.509,0.008016,False
2017-07-31,1.519,1.519,0.006626999999999999,False
2017-08-01,1.516,1.516,-0.001975,False
2017-08-02,1.501,1.501,-0.009894,False
2017-08-03,1.496,1.496,-0.003331,False
2017-08-04,1.473,1.473,-0.015374,False
2017-08-07,1.484,1.484,0.007468,False
2017-08-08,1.475,1.475,-0.006065,False
2017-08-09,1.481,1.481,0.004068,False
2017-08-10,1.465,1.465,-0.010804000000000001,False
2017-08-11,1.449,1.449,-0.010922000000000001,False
2017-08-14,1.492,1.492,0.029676,False
2017-08-15,1.493,1.493,0.00067,False
2017-08-16,1.497,1.497,0.0026790000000000004,False
2017-08-17,1.511,1.511,0.009352000000000001,False
2017-08-18,1.496,1.496,-0.009927,False
2017-08-21,1.512,1.512,0.010695,False
2017-08-22,1.502,1.502,-0.006614,False
2017-08-23,1.495,1.495,-0.00466,False
2017-08-24,1.478,1.478,-0.011371,False
2017-08-25,1.49,1.49,0.008119,False
2017-08-28,1.517,1.517,0.018121,False
2017-08-29,1.524,1.524,0.004614,False
2017-08-30,1.524,1.524,0.0,False
2017-08-31,1.531,1.531,0.004593,False
2017-09-01,1.55,1.55,0.012410000000000001,False
2017-09-04,1.571,1.571,0.013548,False
2017-09-05,1.598,1.598,0.017186999999999997,False
2017-09-06,1.617,1.617,0.011890000000000001,False
2017-09-07,1.61,1.61,-0.004329,False
2017-09-08,1.602,1.602,-0.004969,False
2017-09-11,1.643,1.643,0.025592999999999998,False
2017-09-12,1.64,1.64,-0.0018260000000000001,False
2017-09-13,1.643,1.643,0.0018290000000000001,False
2017-09-14,1.634,1.634,-0.005477999999999999,False
2017-09-15,1.637,1.637,0.0018360000000000002,False
2017-09-18,1.667,1.667,0.018326,False
2017-09-19,1.647,1.647,-0.011998,False
2017-09-20,1.662,1.662,0.009106999999999999,False
2017-09-21,1.643,1.643,-0.011432,False
2017-09-22,1.644,1.644,0.0006090000000000001,False
2017-09-25,1.607,1.607,-0.022505999999999998,False
2017-09-26,1.606,1.606,-0.0006219999999999999,False
2017-09-27,1.632,1.632,0.016189,False
2017-09-28,1.636,1.636,0.002451,False
2017-09-29,1.655,1.655,0.011614,False
2017-10-09,1.659,1.659,0.002417,False
2017-10-10,1.673,1.673,0.008439,False
2017-10-11,1.657,1.657,-0.009564,False
2017-10-12,1.645,1.645,-0.007241999999999999,False
2017-10-13,1.663,1.663,0.010942,False
2017-10-16,1.63,1.63,-0.019844,False
2017-10-17,1.624,1.624,-0.003681,False
2017-10-18,1.61,1.61,-0.008621,False
2017-10-19,1.608,1.608,-0.001242,False
2017-10-20,1.626,1.626,0.011193999999999999,False
2017-10-23,1.638,1.638,0.00738,False
2017-10-24,1.628,1.628,-0.006105,False
2017-10-25,1.635,1.635,0.0043,False
2017-10-26,1.636,1.636,0.000612,False
2017-10-27,1.622,1.622,-0.008557,False
2017-10-30,1.573,1.573,-0.03021,False
2017-10-31,1.6,1.6,0.017165,False
2017-11-01,1.599,1.599,-0.000625,False
2017-11-02,1.583,1.583,-0.010006,False
2017-11-03,1.547,1.547,-0.022742,False
2017-11-06,1.563,1.563,0.010343,False
2017-11-07,1.571,1.571,0.005118,False
2017-11-08,1.599,1.599,0.017823,False
2017-11-09,1.613,1.613,0.008754999999999999,False
2017-11-10,1.638,1.638,0.015499,False
2017-11-13,1.66,1.66,0.013431,False
2017-11-14,1.645,1.645,-0.009035999999999999,False
2017-11-15,1.614,1.614,-0.018845,False
2017-11-16,1.594,1.594,-0.012392,False
2017-11-17,1.536,1.536,-0.036386,False
2017-11-20,1.56,1.56,0.015625,False
2017-11-21,1.54,1.54,-0.012821,False
2017-11-22,1.527,1.527,-0.008442,False
2017-11-23,1.48,1.48,-0.030779,False
2017-11-24,1.483,1.483,0.0020269999999999997,False
2017-11-27,1.452,1.452,-0.020904,False
2017-11-28,1.474,1.474,0.015152,False
2017-11-29,1.457,1.457,-0.011533,False
2017-11-30,1.443,1.443,-0.009609,False
2017-12-01,1.474,1.474,0.021483,False
2017-12-04,1.449,1.449,-0.016961,False
2017-12-05,1.401,1.401,-0.033126,False
2017-12-06,1.427,1.427,0.018557999999999998,False
2017-12-07,1.429,1.429,0.0014019999999999998,False
2017-12-08,1.45,1.45,0.014696,False
2017-12-11,1.477,1.477,0.018621000000000002,False
2017-12-12,1.468,1.468,-0.0060929999999999995,False
2017-12-13,1.479,1.479,0.007493,False
2017-12-14,1.476,1.476,-0.0020280000000000003,False
2017-12-15,1.474,1.474,-0.001355,False
2017-12-18,1.457,1.457,-0.011533,False
2017-12-19,1.472,1.472,0.010295,False
2017-12-20,1.457,1.457,-0.01019,False
2017-12-21,1.467,1.467,0.006863,False
2017-12-22,1.456,1.456,-0.007498,False
2017-12-25,1.436,1.436,-0.013736,False
2017-12-26,1.442,1.442,0.004178,False
2017-12-27,1.435,1.435,-0.004854,False
2017-12-28,1.436,1.436,0.000697,False
2017-12-29,1.46,1.46,0.016713,False
2017-12-31,1.46,1.46,0.0,False
2018-01-02,1.482,1.482,0.015068,False
2018-01-03,1.494,1.494,0.008097,False
2018-01-04,1.492,1.492,-0.001339,False
2018-01-05,1.476,1.476,-0.010724000000000001,False
2018-01-08,1.462,1.462,-0.009485,False
2018-01-09,1.463,1.463,0.000684,False
2018-01-10,1.458,1.458,-0.003418,False
2018-01-11,1.463,1.463,0.0034289999999999998,False
2018-01-12,1.445,1.445,-0.012303,False
2018-01-15,1.405,1.405,-0.027682000000000002,False
2018-01-16,1.414,1.414,0.006405999999999999,False
2018-01-17,1.415,1.415,0.000707,False
2018-01-18,1.418,1.418,0.00212,False
2018-01-19,1.422,1.422,0.002821,False
2018-01-22,1.446,1.446,0.016878,False
2018-01-23,1.452,1.452,0.004149,False
2018-01-24,1.471,1.471,0.013085,False
2018-01-25,1.458,1.458,-0.008838,False
2018-01-26,1.451,1.451,-0.004801000000000001,False
2018-01-29,1.415,1.415,-0.02481,False
2018-01-30,1.426,1.426,0.007774,False
2018-01-31,1.409,1.409,-0.011921,False
2018-02-01,1.371,1.371,-0.026969,False
2018-02-02,1.378,1.378,0.005106,False
2018-02-05,1.355,1.355,-0.016691,False
2018-02-06,1.308,1.308,-0.034686,False
2018-02-07,1.297,1.297,-0.008409999999999999,False
2018-02-08,1.325,1.325,0.021588,False
2018-02-09,1.303,1.303,-0.016604,False
2018-02-12,1.349,1.349,0.035303,False
2018-02-13,1.361,1.361,0.008895,False
2018-02-14,1.366,1.366,0.003674,False
2018-02-22,1.396,1.396,0.021962000000000002,False
2018-02-23,1.391,1.391,-0.003582,False
2018-02-26,1.436,1.436,0.032351,False
2018-02-27,1.445,1.445,0.006267,False
2018-02-28,1.456,1.456,0.007612,False
2018-03-01,1.486,1.486,0.020604,False
2018-03-02,1.47,1.47,-0.010767,False
2018-03-05,1.486,1.486,0.010884,False
2018-03-06,1.485,1.485,-0.000673,False
2018-03-07,1.477,1.477,-0.005386999999999999,False
2018-03-08,1.48,1.48,0.002031,False
2018-03-09,1.535,1.535,0.037162,False
2018-03-12,1.56,1.56,0.016287,False
2018-03-13,1.541,1.541,-0.012179,False
2018-03-14,1.527,1.527,-0.009085,False
2018-03-15,1.545,1.545,0.011788,False
2018-03-16,1.521,1.521,-0.015534,False
2018-03-19,1.544,1.544,0.015122,False
2018-03-20,1.554,1.554,0.006477,False
2018-03-21,1.531,1.531,-0.014801,False
2018-03-22,1.522,1.522,-0.005879,False
2018-03-23,1.475,1.475,-0.03088,False
2018-03-26,1.533,1.533,0.039321999999999996,False
2018-03-27,1.582,1.582,0.031963,False
2018-03-28,1.574,1.574,-0.005057000000000001,False
2018-03-29,1.578,1.578,0.002541,False
2018-03-30,1.62,1.62,0.026616,False
2018-04-02,1.62,1.62,0.0,False
2018-04-03,1.606,1.606,-0.008642,False
2018-04-04,1.583,1.583,-0.014320999999999999,False
2018-04-09,1.59,1.59,0.004422,False
2018-04-10,1.57,1.57,-0.012579,False
2018-04-11,1.584,1.584,0.008917000000000001,False
2018-04-12,1.576,1.576,-0.005051,False
2018-04-13,1.57,1.57,-0.0038069999999999996,False
2018-04-16,1.582,1.582,0.007643,False
2018-04-17,1.546,1.546,-0.022756,False
2018-04-18,1.58,1.58,0.021991999999999998,False
2018-04-19,1.584,1.584,0.002532,False
2018-04-20,1.554,1.554,-0.018938999999999998,False
2018-04-23,1.521,1.521,-0.021236,False
2018-04-24,1.564,1.564,0.028271,False
2018-04-25,1.578,1.578,0.008951,False
2018-04-26,1.557,1.557,-0.013308,False
2018-04-27,1.556,1.556,-0.0006419999999999999,False
2018-05-02,1.553,1.553,-0.001928,False
2018-05-03,1.569,1.569,0.010303,False
2018-05-04,1.569,1.569,0.0,False
2018-05-07,1.609,1.609,0.025494,False
2018-05-08,1.614,1.614,0.003108,False
2018-05-09,1.612,1.612,-0.0012389999999999999,False
2018-05-10,1.608,1.608,-0.0024809999999999997,False
2018-05-11,1.6,1.6,-0.004975,False
2018-05-14,1.595,1.595,-0.003125,False
2018-05-15,1.621,1.621,0.016301,False
2018-05-16,1.617,1.617,-0.0024679999999999997,False
2018-05-17,1.604,1.604,-0.00804,False
2018-05-18,1.616,1.616,0.007481,False
2018-05-21,1.628,1.628,0.007426,False
2018-05-22,1.644,1.644,0.009828,False
2018-05-23,1.625,1.625,-0.011557,False
2018-05-24,1.62,1.62,-0.003077,False
2018-05-25,1.612,1.612,-0.0049380000000000005,False
2018-05-28,1.606,1.606,-0.0037219999999999996,False
2018-05-29,1.583,1.583,-0.014320999999999999,False
2018-05-30,1.554,1.554,-0.01832,False
2018-05-31,1.585,1.585,0.019948999999999998,False
2018-06-01,1.573,1.573,-0.007571,False
2018-06-04,1.56,1.56,-0.008264,False
2018-06-05,1.597,1.597,0.023718,False
2018-06-06,1.596,1.596,-0.000626,False
2018-06-07,1.587,1.587,-0.005639,False
2018-06-08,1.571,1.571,-0.010082,False
2018-06-11,1.549,1.549,-0.014004,False
2018-06-12,1.567,1.567,0.011619999999999998,False
2018-06-13,1.542,1.542,-0.015954,False
2018-06-14,1.532,1.532,-0.0064849999999999994,False
2018-06-15,1.493,1.493,-0.025457,False
2018-06-19,1.407,1.407,-0.057602,False
2018-06-20,1.434,1.434,0.01919,False
2018-06-21,1.407,1.407,-0.018828,False
2018-06-22,1.435,1.435,0.0199,False
2018-06-25,1.429,1.429,-0.004181000000000001,False
2018-06-26,1.443,1.443,0.009797,False
2018-06-27,1.432,1.432,-0.007623,False
2018-06-28,1.419,1.419,-0.009078000000000001,False
2018-06-29,1.47,1.47,0.035941,False
2018-06-30,1.47,1.47,0.0,False
2018-07-02,1.451,1.451,-0.012924999999999999,False
2018-07-03,1.453,1.453,0.001378,False
2018-07-04,1.433,1.433,-0.013765000000000001,False
2018-07-05,1.396,1.396,-0.02582,False
2018-07-06,1.395,1.395,-0.000716,False
2018-07-09,1.434,1.434,0.027957,False
2018-07-10,1.447,1.447,0.009066,False
2018-07-11,1.423,1.423,-0.016586,False
2018-07-12,1.461,1.461,0.026704,False
2018-07-13,1.467,1.467,0.004107,False
2018-07-16,1.474,1.474,0.004772,False
2018-07-17,1.471,1.471,-0.002035,False
2018-07-18,1.453,1.453,-0.012237,False
2018-07-19,1.442,1.442,-0.007571,False
2018-07-20,1.455,1.455,0.009015,False
2018-07-23,1.459,1.459,0.0027489999999999997,False
2018-07-24,1.472,1.472,0.00891,False
2018-07-25,1.467,1.467,-0.003397,False
2018-07-26,1.445,1.445,-0.014997,False
2018-07-27,1.425,1.425,-0.013841000000000001,False
2018-07-30,1.387,1.387,-0.026667,False
2018-07-31,1.377,1.377,-0.007209999999999999,False
2018-08-01,1.359,1.359,-0.013071999999999999,False
2018-08-02,1.333,1.333,-0.019132,False
2018-08-03,1.312,1.312,-0.015754,False
2018-08-06,1.284,1.284,-0.021341000000000002,False
2018-08-07,1.319,1.319,0.027259000000000002,False
2018-08-08,1.287,1.287,-0.024260999999999998,False
2018-08-09,1.324,1.324,0.028748999999999997,False
2018-08-10,1.33,1.33,0.004532,False
2018-08-13,1.343,1.343,0.009774,False
2018-08-14,1.342,1.342,-0.000745,False
2018-08-15,1.305,1.305,-0.027571,False
2018-08-16,1.297,1.297,-0.00613,False
2018-08-17,1.277,1.277,-0.01542,False
2018-08-20,1.286,1.286,0.007048,False
2018-08-21,1.299,1.299,0.010109,False
2018-08-22,1.287,1.287,-0.009238,False
2018-08-23,1.307,1.307,0.01554,False
2018-08-24,1.308,1.308,0.000765,False
2018-08-27,1.336,1.336,0.021407,False
2018-08-28,1.339,1.339,0.0022459999999999997,False
2018-08-29,1.325,1.325,-0.010456,False
2018-08-30,1.311,1.311,-0.010565999999999999,False
2018-08-31,1.3,1.3,-0.008391,False
2018-09-03,1.298,1.298,-0.0015379999999999999,False
2018-09-04,1.318,1.318,0.015408,False
2018-09-05,1.307,1.307,-0.008346,False
2018-09-06,1.289,1.289,-0.013772,False
2018-09-07,1.293,1.293,0.0031030000000000003,False
2018-09-10,1.268,1.268,-0.019335,False
2018-09-11,1.276,1.276,0.006309,False
2018-09-12,1.275,1.275,-0.000784,False
2018-09-13,1.291,1.291,0.012549,False
2018-09-14,1.275,1.275,-0.012393000000000001,False
2018-09-17,1.255,1.255,-0.015686,False
2018-09-18,1.269,1.269,0.011155,False
2018-09-19,1.293,1.293,0.018913,False
2018-09-20,1.287,1.287,-0.00464,False
2018-09-21,1.307,1.307,0.01554,False
2018-09-25,1.305,1.305,-0.00153,False
2018-09-26,1.319,1.319,0.010728,False
2018-09-27,1.3,1.3,-0.014405,False
2018-09-28,1.31,1.31,0.007692,False
2018-10-08,1.262,1.262,-0.036641,False
2018-10-09,1.247,1.247,-0.011886,False
2018-10-10,1.255,1.255,0.006415,False
2018-10-11,1.167,1.167,-0.07012,False
2018-10-12,1.195,1.195,0.023993,False
2018-10-15,1.18,1.18,-0.012552,False
2018-10-16,1.144,1.144,-0.030508,False
2018-10-17,1.148,1.148,0.003497,False
2018-10-18,1.126,1.126,-0.019164,False
2018-10-19,1.167,1.167,0.036412,False
2018-10-22,1.229,1.229,0.053128,False
2018-10-23,1.211,1.211,-0.014646,False
2018-10-24,1.211,1.211,0.0,False
2018-10-25,1.197,1.197,-0.011560999999999998,False
2018-10-26,1.181,1.181,-0.013367,False
2018-10-29,1.172,1.172,-0.007621,False
2018-10-30,1.189,1.189,0.014504999999999999,False
2018-10-31,1.209,1.209,0.016821,False
2018-11-01,1.215,1.215,0.004963,False
2018-11-02,1.266,1.266,0.041975,False
2018-11-05,1.265,1.265,-0.00079,False
2018-11-06,1.258,1.258,-0.005534,False
2018-11-07,1.252,1.252,-0.004769,False
2018-11-08,1.241,1.241,-0.008786,False
2018-11-09,1.244,1.244,0.002417,False
2018-11-12,1.283,1.283,0.031349999999999996,False
2018-11-13,1.294,1.294,0.008574,False
2018-11-14,1.28,1.28,-0.010819,False
2018-11-15,1.309,1.309,0.022656,False
2018-11-16,1.316,1.316,0.005348,False
2018-11-19,1.317,1.317,0.0007599999999999999,False
2018-11-20,1.288,1.288,-0.022019999999999998,False
2018-11-21,1.299,1.299,0.008539999999999999,False
2018-11-22,1.296,1.296,-0.002309,False
2018-11-23,1.258,1.258,-0.029321,False
2018-11-26,1.24,1.24,-0.014308000000000001,False
2018-11-27,1.249,1.249,0.007258,False
2018-11-28,1.269,1.269,0.016013,False
2018-11-29,1.249,1.249,-0.01576,False
2018-11-30,1.261,1.261,0.009608,False
2018-12-03,1.289,1.289,0.022205,False
2018-12-04,1.291,1.291,0.001552,False
2018-12-05,1.299,1.299,0.006197,False
2018-12-06,1.272,1.272,-0.020785,False
2018-12-07,1.269,1.269,-0.0023580000000000003,False
2018-12-10,1.247,1.247,-0.017336,False
2018-12-11,1.258,1.258,0.008821,False
2018-12-12,1.256,1.256,-0.00159,False
2018-12-13,1.267,1.267,0.008758,False
2018-12-14,1.235,1.235,-0.025257,False
2018-12-17,1.22,1.22,-0.012145999999999999,False
2018-12-18,1.208,1.208,-0.009836000000000001,False
2018-12-19,1.194,1.194,-0.011589,False
2018-12-20,1.188,1.188,-0.005024999999999999,False
2018-12-21,1.181,1.181,-0.005892,False
2018-12-24,1.203,1.203,0.018628,False
2018-12-25,1.211,1.211,0.0066500000000000005,False
2018-12-26,1.204,1.204,-0.0057799999999999995,False
2018-12-27,1.194,1.194,-0.008306000000000001,False
2018-12-28,1.209,1.209,0.012563,False
2018-12-31,1.208,1.208,0.0,False
2019-01-02,1.184,1.184,-0.020678000000000002,False
2019-01-03,1.167,1.167,-0.014358,False
2019-01-04,1.19,1.19,0.019709,False
2019-01-07,1.22,1.22,0.02521,False
2019-01-08,1.214,1.214,-0.0049180000000000005,False
2019-01-09,1.225,1.225,0.009061,False
2019-01-10,1.218,1.218,-0.005714,False
2019-01-11,1.222,1.222,0.0032840000000000005,False
2019-01-14,1.216,1.216,-0.00491,False
2019-01-15,1.232,1.232,0.013158000000000001,False
2019-01-16,1.244,1.244,0.00974,False
2019-01-17,1.23,1.23,-0.011254,False
2019-01-18,1.252,1.252,0.017886,False
2019-01-21,1.275,1.275,0.018371,False
2019-01-22,1.262,1.262,-0.010196,False
2019-01-23,1.267,1.267,0.003962,False
2019-01-24,1.263,1.263,-0.0031569999999999997,False
2019-01-25,1.267,1.267,0.0031669999999999997,False
2019-01-28,1.262,1.262,-0.003946,False
2019-01-29,1.256,1.256,-0.0047539999999999995,False
2019-01-30,1.237,1.237,-0.015127,False
2019-01-31,1.226,1.226,-0.008892,False
2019-02-01,1.248,1.248,0.017945,False
2019-02-11,1.274,1.274,0.020833,False
2019-02-12,1.289,1.289,0.011774,False
2019-02-13,1.298,1.298,0.006982,False
2019-02-14,1.3,1.3,0.0015409999999999998,False
2019-02-15,1.29,1.29,-0.007692,False
2019-02-18,1.335,1.335,0.034884,False
2019-02-19,1.323,1.323,-0.008989,False
2019-02-20,1.319,1.319,-0.003023,False
2019-02-21,1.31,1.31,-0.006823,False
2019-02-22,1.33,1.33,0.015267,False
2019-02-25,1.391,1.391,0.045865,False
2019-02-26,1.389,1.389,-0.001438,False
2019-02-27,1.37,1.37,-0.013678999999999998,False
2019-02-28,1.392,1.392,0.016058,False
2019-03-01,1.407,1.407,0.010775999999999999,False
2019-03-04,1.438,1.438,0.022033,False
2019-03-05,1.451,1.451,0.00904,False
2019-03-06,1.453,1.453,0.001378,False
2019-03-07,1.452,1.452,-0.000688,False
2019-03-08,1.411,1.411,-0.028237,False
2019-03-11,1.466,1.466,0.038979,False
2019-03-12,1.507,1.507,0.027967,False
2019-03-13,1.474,1.474,-0.021898,False
2019-03-14,1.442,1.442,-0.021709999999999997,False
2019-03-15,1.457,1.457,0.010402,False
2019-03-18,1.49,1.49,0.022649,False
2019-03-19,1.496,1.496,0.004027,False
2019-03-20,1.494,1.494,-0.001337,False
2019-03-21,1.501,1.501,0.004685,False
2019-03-22,1.511,1.511,0.006662,False
2019-03-25,1.509,1.509,-0.0013239999999999999,False
2019-03-26,1.462,1.462,-0.031145999999999997,False
2019-03-27,1.473,1.473,0.0075239999999999994,False
2019-03-28,1.46,1.46,-0.008826,False
2019-03-29,1.504,1.504,0.030137,False
2019-04-01,1.542,1.542,0.025266,False
2019-04-02,1.546,1.546,0.0025940000000000004,False
2019-04-03,1.556,1.556,0.006468000000000001,False
2019-04-04,1.554,1.554,-0.0012850000000000001,False
2019-04-08,1.547,1.547,-0.004505,False
2019-04-09,1.544,1.544,-0.001939,False
2019-04-10,1.529,1.529,-0.009715,False
2019-04-11,1.49,1.49,-0.025507,False
2019-04-12,1.496,1.496,0.004027,False
2019-04-15,1.476,1.476,-0.013368999999999999,False
2019-04-16,1.503,1.503,0.018293,False
2019-04-17,1.502,1.502,-0.000665,False
2019-04-18,1.5,1.5,-0.001332,False
2019-04-19,1.498,1.498,-0.001333,False
2019-04-22,1.481,1.481,-0.011348,False
2019-04-23,1.45,1.45,-0.020932,False
2019-04-24,1.47,1.47,0.013793,False
2019-04-25,1.43,1.43,-0.027211,False
2019-04-26,1.43,1.43,0.0,False
2019-04-29,1.409,1.409,-0.014684999999999998,False
2019-04-30,1.417,1.417,0.005678,False
2019-05-06,1.325,1.325,-0.064926,False
2019-05-07,1.346,1.346,0.015849,False
2019-05-08,1.352,1.352,0.004458,False
2019-05-09,1.341,1.341,-0.008136,False
2019-05-10,1.387,1.387,0.034303,False
2019-05-13,1.373,1.373,-0.010094,False
2019-05-14,1.371,1.371,-0.001457,False
2019-05-15,1.391,1.391,0.014588,False
2019-05-16,1.4,1.4,0.00647,False
2019-05-17,1.362,1.362,-0.027143,False
2019-05-20,1.355,1.355,-0.0051400000000000005,False
2019-05-21,1.383,1.383,0.020664,False
2019-05-22,1.374,1.374,-0.006508000000000001,False
2019-05-23,1.344,1.344,-0.021834,False
2019-05-24,1.334,1.334,-0.0074399999999999996,False
2019-05-27,1.371,1.371,0.027736,False
2019-05-28,1.364,1.364,-0.005106,False
2019-05-29,1.368,1.368,0.002933,False
2019-05-30,1.359,1.359,-0.006579000000000001,False
2019-05-31,1.365,1.365,0.004415,False
2019-06-03,1.343,1.343,-0.016117,False
2019-06-04,1.328,1.328,-0.011169,False
2019-06-05,1.326,1.326,-0.0015060000000000002,False
2019-06-06,1.303,1.303,-0.017345,False
2019-06-10,1.317,1.317,0.010744,False
2019-06-11,1.355,1.355,0.028853,False
2019-06-12,1.36,1.36,0.00369,False
2019-06-13,1.362,1.362,0.001471,False
2019-06-14,1.345,1.345,-0.012482,False
2019-06-17,1.352,1.352,0.005203999999999999,False
2019-06-18,1.339,1.339,-0.009615,False
2019-06-19,1.358,1.358,0.014190000000000001,False
2019-06-20,1.369,1.369,0.008100000000000001,False
2019-06-21,1.392,1.392,0.016801,False
2019-06-24,1.388,1.388,-0.002874,False
2019-06-25,1.374,1.374,-0.010086,False
2019-06-26,1.381,1.381,0.005095,False
2019-06-27,1.394,1.394,0.009413,False
2019-06-28,1.382,1.382,-0.008608,False
2019-06-30,1.382,1.382,0.0,False
2019-07-01,1.42,1.42,0.027496,False
2019-07-02,1.419,1.419,-0.0007040000000000001,False
2019-07-03,1.414,1.414,-0.003524,False
2019-07-04,1.41,1.41,-0.002829,False
2019-07-05,1.418,1.418,0.005674,False
2019-07-08,1.386,1.386,-0.022567,False
2019-07-09,1.387,1.387,0.000722,False
2019-07-10,1.379,1.379,-0.005768,False
2019-07-11,1.371,1.371,-0.005801,False
2019-07-12,1.376,1.376,0.003647,False
2019-07-15,1.39,1.39,0.010174,False
2019-07-16,1.39,1.39,0.0,False
2019-07-17,1.395,1.395,0.0035970000000000004,False
2019-07-18,1.38,1.38,-0.010752999999999999,False
2019-07-19,1.395,1.395,0.01087,False
2019-07-22,1.367,1.367,-0.020072,False
2019-07-23,1.385,1.385,0.013168,False
2019-07-24,1.407,1.407,0.015884,False
2019-07-25,1.433,1.433,0.018479000000000002,False
2019-07-26,1.444,1.444,0.007676,False
2019-07-29,1.451,1.451,0.004848,False
2019-07-30,1.454,1.454,0.002068,False
2019-07-31,1.446,1.446,-0.005502,False
2019-08-01,1.447,1.447,0.000692,False
2019-08-02,1.434,1.434,-0.008983999999999999,False
2019-08-05,1.417,1.417,-0.011855,False
2019-08-06,1.394,1.394,-0.016231,False
2019-08-07,1.369,1.369,-0.017934000000000002,False
2019-08-08,1.385,1.385,0.011687000000000001,False
2019-08-09,1.367,1.367,-0.012996,False
2019-08-12,1.388,1.388,0.015362,False
2019-08-13,1.379,1.379,-0.006484,False
2019-08-14,1.401,1.401,0.015954,False
2019-08-15,1.419,1.419,0.012848,False
2019-08-16,1.438,1.438,0.013389999999999999,False
2019-08-19,1.488,1.488,0.034771,False
2019-08-20,1.487,1.487,-0.000672,False
2019-08-21,1.497,1.497,0.006725,False
2019-08-22,1.496,1.496,-0.000668,False
2019-08-23,1.495,1.495,-0.000668,False
2019-08-26,1.482,1.482,-0.008696,False
2019-08-27,1.494,1.494,0.008097,False
2019-08-28,1.492,1.492,-0.001339,False
2019-08-29,1.487,1.487,-0.0033510000000000002,False
2019-08-30,1.473,1.473,-0.009415,False
2019-09-02,1.51,1.51,0.025119,False
2019-09-03,1.514,1.514,0.0026490000000000003,False
2019-09-04,1.52,1.52,0.0039629999999999995,False
2019-09-05,1.531,1.531,0.007237,False
2019-09-06,1.538,1.538,0.004572,False
2019-09-09,1.565,1.565,0.017555,False
2019-09-10,1.572,1.572,0.0044729999999999995,False
2019-09-11,1.556,1.556,-0.010178,False
2019-09-12,1.558,1.558,0.0012850000000000001,False
2019-09-16,1.561,1.561,0.001926,False
2019-09-17,1.529,1.529,-0.020499999999999997,False
2019-09-18,1.537,1.537,0.005232,False
2019-09-19,1.561,1.561,0.015615,False
2019-09-20,1.57,1.57,0.005766,False
2019-09-23,1.565,1.565,-0.003185,False
2019-09-24,1.593,1.593,0.017891,False
2019-09-25,1.578,1.578,-0.009416,False
2019-09-26,1.535,1.535,-0.02725,False
2019-09-27,1.57,1.57,0.022801000000000002,False
2019-09-30,1.554,1.554,-0.010190999999999999,False
2019-10-08,1.537,1.537,-0.01094,False
2019-10-09,1.551,1.551,0.009109,False
2019-10-10,1.573,1.573,0.014184,False
2019-10-11,1.588,1.588,0.009536,False
2019-10-14,1.605,1.605,0.010705,False
2019-10-15,1.572,1.572,-0.020561,False
2019-10-16,1.574,1.574,0.0012720000000000001,False
2019-10-17,1.572,1.572,-0.001271,False
2019-10-18,1.553,1.553,-0.012087,False
2019-10-21,1.522,1.522,-0.019961,False
2019-10-22,1.539,1.539,0.01117,False
2019-10-23,1.537,1.537,-0.0013,False
2019-10-24,1.542,1.542,0.003253,False
2019-10-25,1.548,1.548,0.003891,False
2019-10-28,1.561,1.561,0.008398,False
2019-10-29,1.554,1.554,-0.004484,False
2019-10-30,1.569,1.569,0.009653,False
2019-10-31,1.567,1.567,-0.001275,False
2019-11-01,1.575,1.575,0.005104999999999999,False
2019-11-04,1.588,1.588,0.008254000000000001,False
2019-11-05,1.588,1.588,0.0,False
2019-11-06,1.59,1.59,0.0012590000000000001,False
2019-11-07,1.598,1.598,0.005031,False
2019-11-08,1.59,1.59,-0.005006,False
2019-11-11,1.555,1.555,-0.022012999999999998,False
2019-11-12,1.558,1.558,0.001929,False
2019-11-13,1.565,1.565,0.004493,False
2019-11-14,1.581,1.581,0.010224,False
2019-11-15,1.565,1.565,-0.01012,False
2019-11-18,1.583,1.583,0.011501999999999998,False
2019-11-19,1.616,1.616,0.020846,False
2019-11-20,1.615,1.615,-0.000619,False
2019-11-21,1.613,1.613,-0.001238,False
2019-11-22,1.592,1.592,-0.013019000000000001,False
2019-11-25,1.573,1.573,-0.011935,False
2019-11-26,1.6,1.6,0.017165,False
2019-11-27,1.602,1.602,0.00125,False
2019-11-28,1.604,1.604,0.001248,False
2019-11-29,1.6,1.6,-0.002494,False
2019-12-02,1.61,1.61,0.00625,False
2019-12-03,1.617,1.617,0.004348,False
2019-12-04,1.628,1.628,0.006803,False
2019-12-05,1.655,1.655,0.016585000000000003,False
2019-12-06,1.669,1.669,0.008459,False
2019-12-09,1.665,1.665,-0.002397,False
2019-12-10,1.667,1.667,0.001201,False
2019-12-11,1.655,1.655,-0.007199,False
2019-12-12,1.658,1.658,0.001813,False
2019-12-13,1.691,1.691,0.019903,False
2019-12-16,1.74,1.74,0.028977,False
2019-12-17,1.773,1.773,0.018966,False
2019-12-18,1.769,1.769,-0.0022559999999999998,False
2019-12-19,1.781,1.781,0.006783,False
2019-12-20,1.774,1.774,-0.00393,False
2019-12-23,1.751,1.751,-0.012964999999999999,False
2019-12-24,1.821,1.821,0.039977,False
2019-12-25,1.851,1.851,0.016474,False
2019-12-26,1.872,1.872,0.011345000000000001,False
2019-12-27,1.835,1.835,-0.019764999999999998,False
2019-12-30,1.849,1.849,0.007629,False
2019-12-31,1.845,1.845,-0.002163,False
2020-01-02,1.875,1.875,0.01626,False
2020-01-03,1.876,1.876,0.000533,False
2020-01-06,1.913,1.913,0.019723,False
2020-01-07,1.94,1.94,0.014114,False
2020-01-08,1.937,1.937,-0.0015459999999999998,False
2020-01-09,1.972,1.972,0.018068999999999998,False
2020-01-10,1.958,1.958,-0.007098999999999999,False
2020-01-13,2.001,2.001,0.021960999999999998,False
2020-01-14,1.994,1.994,-0.003498,False
2020-01-15,2.001,2.001,0.0035110000000000002,False
2020-01-16,1.999,1.999,-0.001,False
2020-01-17,2.005,2.005,0.0030020000000000003,False
2020-01-20,2.037,2.037,0.015960000000000002,False
2020-01-21,1.982,1.982,-0.027000000000000003,False
2020-01-22,2.002,2.002,0.010091000000000001,False
2020-01-23,1.93,1.93,-0.035964,False
2020-02-03,1.778,1.778,-0.078756,False
2020-02-04,1.814,1.814,0.020247,False
2020-02-05,1.866,1.866,0.028666,False
2020-02-06,1.916,1.916,0.026795,False
2020-02-07,1.935,1.935,0.009916000000000001,False
2020-02-10,1.971,1.971,0.018605,False
2020-02-11,1.96,1.96,-0.005581,False
2020-02-12,2.016,2.016,0.028571,False
2020-02-13,2.004,2.004,-0.005952,False
2020-02-14,1.997,1.997,-0.003493,False
2020-02-17,2.09,2.09,0.04657,False
2020-02-18,2.157,2.157,0.032057,False
2020-02-19,2.133,2.133,-0.011127,False
2020-02-20,2.177,2.177,0.020628,False
2020-02-21,2.228,2.228,0.023426999999999996,False
2020-02-24,2.272,2.272,0.019749000000000003,False
2020-02-25,2.278,2.278,0.002641,False
2020-02-26,2.194,2.194,-0.036874,False
2020-02-27,2.203,2.203,0.004102,False
2020-02-28,2.059,2.059,-0.065365,False
2020-03-02,2.126,2.126,0.03254,False
2020-03-03,2.163,2.163,0.017404,False
2020-03-04,2.142,2.142,-0.009709,False
2020-03-05,2.149,2.149,0.0032679999999999996,False
2020-03-06,2.13,2.13,-0.008841,False
2020-03-09,2.006,2.006,-0.058216000000000004,False
2020-03-10,2.08,2.08,0.036889,False
2020-03-11,2.044,2.044,-0.017308,False
2020-03-12,2.002,2.002,-0.020548,False
2020-03-13,1.998,1.998,-0.001998,False
2020-03-16,1.883,1.883,-0.057558,False
2020-03-17,1.901,1.901,0.009559,False
2020-03-18,1.883,1.883,-0.009469,False
2020-03-19,1.921,1.921,0.020181,False
2020-03-20,1.926,1.926,0.002603,False
2020-03-23,1.832,1.832,-0.048806,False
2020-03-24,1.848,1.848,0.008733999999999999,False
2020-03-25,1.897,1.897,0.026515,False
2020-03-26,1.867,1.867,-0.015813999999999998,False
2020-03-27,1.84,1.84,-0.014462,False
2020-03-30,1.775,1.775,-0.035325999999999996,False
2020-03-31,1.775,1.775,0.0,False
2020-04-01,1.785,1.785,0.005634,False
2020-04-02,1.835,1.835,0.028010999999999998,False
2020-04-03,1.812,1.812,-0.012534,False
2020-04-07,1.876,1.876,0.03532,False
2020-04-08,1.874,1.874,-0.001066,False
2020-04-09,1.888,1.888,0.007471,False
2020-04-10,1.84,1.84,-0.025424000000000002,False
2020-04-13,1.807,1.807,-0.017935,False
2020-04-14,1.86,1.86,0.02933,False
2020-04-15,1.856,1.856,-0.002151,False
2020-04-16,1.888,1.888,0.017241,False
2020-04-17,1.906,1.906,0.009534,False
2020-04-20,1.937,1.937,0.016264,False
2020-04-21,1.926,1.926,-0.005679,False
2020-04-22,1.93,1.93,0.002077,False
2020-04-23,1.915,1.915,-0.007772,False
2020-04-24,1.889,1.889,-0.013576999999999999,False
2020-04-27,1.89,1.89,0.0005290000000000001,False
2020-04-28,1.875,1.875,-0.007937,False
2020-04-29,1.885,1.885,0.005333,False
2020-04-30,1.942,1.942,0.030239,False
2020-05-06,1.985,1.985,0.022142,False
2020-05-07,1.978,1.978,-0.003526,False
2020-05-08,2.003,2.003,0.012639000000000001,False
2020-05-11,2.016,2.016,0.00649,False
2020-05-12,2.025,2.025,0.004464,False
2020-05-13,2.063,2.063,0.018765,False
2020-05-14,2.054,2.054,-0.0043630000000000006,False
2020-05-15,2.056,2.056,0.000974,False
2020-05-18,2.042,2.042,-0.006808999999999999,False
2020-05-19,2.084,2.084,0.020568,False
2020-05-20,2.057,2.057,-0.012956,False
2020-05-21,2.034,2.034,-0.011181000000000002,False
2020-05-22,1.988,1.988,-0.022616,False
2020-05-25,1.981,1.981,-0.0035210000000000003,False
2020-05-26,2.037,2.037,0.028269000000000002,False
2020-05-27,2.003,2.003,-0.016691,False
2020-05-28,1.987,1.987,-0.007988,False
2020-05-29,2.006,2.006,0.009562000000000001,False
2020-06-01,2.07,2.07,0.031904,False
2020-06-02,2.069,2.069,-0.00048300000000000003,False
2020-06-03,2.05,2.05,-0.009183,False
2020-06-04,2.045,2.045,-0.002439,False
2020-06-05,2.046,2.046,0.000489,False
2020-06-08,2.039,2.039,-0.003421,False
2020-06-09,2.052,2.052,0.006376,False
2020-06-10,2.048,2.048,-0.001949,False
2020-06-11,2.057,2.057,0.004395,False
2020-06-12,2.044,2.044,-0.00632,False
2020-06-15,2.016,2.016,-0.013699,False
2020-06-16,2.051,2.051,0.017361,False
2020-06-17,2.057,2.057,0.0029249999999999996,False
2020-06-18,2.047,2.047,-0.004861,False
2020-06-19,2.071,2.071,0.011724000000000002,False
2020-06-22,2.09,2.09,0.009174,False
2020-06-23,2.117,2.117,0.012919,False
2020-06-24,2.139,2.139,0.010391999999999998,False
2020-06-29,2.13,2.13,-0.004208,False
2020-06-30,2.169,2.169,0.01831,False
2020-07-01,2.16,2.16,-0.004149,False
2020-07-02,2.181,2.181,0.009722,False
2020-07-03,2.19,2.19,0.0041270000000000005,False
2020-07-06,2.25,2.25,0.027397,False
2020-07-07,2.276,2.276,0.011556,False
2020-07-08,2.329,2.329,0.023285999999999998,False
2020-07-09,2.354,2.354,0.010733999999999999,False
2020-07-10,2.35,2.35,-0.001699,False
2020-07-13,2.441,2.441,0.038723,False
2020-07-14,2.376,2.376,-0.026628,False
2020-07-15,2.308,2.308,-0.02862,False
2020-07-16,2.185,2.185,-0.053293,False
2020-07-17,2.188,2.188,0.001373,False
2020-07-20,2.257,2.257,0.031536,False
2020-07-21,2.281,2.281,0.010634,False
2020-07-22,2.333,2.333,0.022797,False
2020-07-23,2.326,2.326,-0.003,False
2020-07-24,2.213,2.213,-0.048581000000000006,False
2020-07-27,2.208,2.208,-0.0022589999999999997,False
2020-07-28,2.241,2.241,0.014946,False
2020-07-29,2.308,2.308,0.029897,False
2020-07-30,2.3,2.3,-0.0034660000000000003,False
2020-07-31,2.304,2.304,0.001739,False
2020-08-03,2.389,2.389,0.036892,False
2020-08-04,2.351,2.351,-0.015906,False
2020-08-05,2.374,2.374,0.009783,False
2020-08-06,2.396,2.396,0.009267,False
2020-08-07,2.386,2.386,-0.004174,False
2020-08-10,2.394,2.394,0.003353,False
2020-08-11,2.358,2.358,-0.015038000000000001,False
2020-08-12,2.32,2.32,-0.016115,False
2020-08-13,2.324,2.324,0.001724,False
2020-08-14,2.367,2.367,0.018503000000000002,False
2020-08-17,2.415,2.415,0.020279,False
2020-08-18,2.419,2.419,0.001656,False
2020-08-19,2.354,2.354,-0.026871,False
2020-08-20,2.323,2.323,-0.013169,False
2020-08-21,2.339,2.339,0.006888,False
2020-08-24,2.387,2.387,0.020499999999999997,False
2020-08-25,2.393,2.393,0.0025,False
2020-08-26,2.331,2.331,-0.0259,False
2020-08-27,2.371,2.371,0.0172,False
2020-08-28,2.39,2.39,0.008,False
2020-08-31,2.385,2.385,-0.0021,False
2020-09-01,2.418,2.418,0.0138,False
2020-09-02,2.433,2.433,0.0062,False
2020-09-03,2.394,2.394,-0.016,False
2020-09-04,2.419,2.419,0.0104,False
2020-09-07,2.402,2.402,-0.006999999999999999,False
2020-09-08,2.424,2.424,0.0092,False
2020-09-09,2.304,2.304,-0.0495,False
2020-09-10,2.222,2.222,-0.0356,False
2020-09-11,2.27,2.27,0.0216,False
2020-09-14,2.318,2.318,0.021099999999999997,False
2020-09-15,2.335,2.335,0.0073,False
2020-09-16,2.293,2.293,-0.018000000000000002,False
2020-09-17,2.322,2.322,0.0126,False
2020-09-18,2.348,2.348,0.011200000000000002,False
2020-09-21,2.339,2.339,-0.0038,False
2020-09-22,2.287,2.287,-0.0222,False
2020-09-23,2.316,2.316,0.0127,False
2020-09-24,2.235,2.235,-0.035,False
2020-09-25,2.222,2.222,-0.0058,False
2020-09-28,2.205,2.205,-0.0077,False
2020-09-29,2.232,2.232,0.012199999999999999,False
2020-09-30,2.23,2.23,-0.0009,False
2020-10-09,2.285,2.285,0.024700000000000003,False
2020-10-12,2.352,2.352,0.029300000000000003,False
2020-10-13,2.359,2.359,0.003,False
2020-10-14,2.328,2.328,-0.0131,False
2020-10-15,2.312,2.312,-0.0069,False
2020-10-16,2.291,2.291,-0.0091,False
2020-10-19,2.279,2.279,-0.0052,False
2020-10-20,2.307,2.307,0.0123,False
2020-10-21,2.282,2.282,-0.0108,False
2020-10-22,2.278,2.278,-0.0018,False
2020-10-23,2.245,2.245,-0.014499999999999999,False
2020-10-26,2.256,2.256,0.0049,False
2020-10-27,2.26,2.26,0.0018,False
2020-10-28,2.263,2.263,0.0013,False
2020-10-29,2.261,2.261,-0.0009,False
2020-10-30,2.226,2.226,-0.0155,False
2020-11-02,2.252,2.252,0.011699999999999999,False
2020-11-03,2.254,2.254,0.0009,False
2020-11-04,2.263,2.263,0.004,False
2020-11-05,2.302,2.302,0.0172,False
2020-11-06,2.283,2.283,-0.0083,False
2020-11-09,2.323,2.323,0.0175,False
2020-11-10,2.32,2.32,-0.0013,False
2020-11-11,2.267,2.267,-0.022799999999999997,False
2020-11-12,2.255,2.255,-0.0053,False
2020-11-13,2.287,2.287,0.014199999999999999,False
2020-11-16,2.298,2.298,0.0048,False
2020-11-17,2.263,2.263,-0.0152,False
2020-11-18,2.262,2.262,-0.0004,False
2020-11-19,2.285,2.285,0.0102,False
2020-11-20,2.288,2.288,0.0013,False
2020-11-23,2.291,2.291,0.0013,False
2020-11-24,2.293,2.293,0.0009,False
2020-11-25,2.248,2.248,-0.0196,False
2020-11-26,2.246,2.246,-0.0009,False
2020-11-27,2.242,2.242,-0.0018,False
2020-11-30,2.238,2.238,-0.0018,False
2020-12-01,2.29,2.29,0.0232,False
2020-12-02,2.308,2.308,0.0079,False
2020-12-03,2.296,2.296,-0.0052,False
2020-12-04,2.305,2.305,0.0039000000000000003,False
2020-12-07,2.309,2.309,0.0017000000000000001,False
2020-12-08,2.3,2.3,-0.0039000000000000003,False
2020-12-09,2.263,2.263,-0.0161,False
2020-12-10,2.277,2.277,0.0062,False
2020-12-11,2.229,2.229,-0.021099999999999997,False
2020-12-14,2.267,2.267,0.017,False
2020-12-15,2.293,2.293,0.0115,False
2020-12-16,2.268,2.268,-0.0109,False
2020-12-17,2.263,2.263,-0.0022,False
2020-12-18,2.255,2.255,-0.0034999999999999996,False
2020-12-21,2.303,2.303,0.0213,False
2020-12-22,2.244,2.244,-0.0256,False
2020-12-23,2.301,2.301,0.0254,False
2020-12-24,2.303,2.303,0.0009,False
2020-12-25,2.338,2.338,0.0152,False
2020-12-28,2.316,2.316,-0.009399999999999999,False
2020-12-29,2.304,2.304,-0.0052,False
2020-12-30,2.344,2.344,0.0174,False
2020-12-31,2.393,2.393,0.0209,False
2021-01-04,2.46,2.46,0.027999999999999997,False
2021-01-05,2.479,2.479,0.0077,False
2021-01-06,2.46,2.46,-0.0077,False
2021-01-07,2.475,2.475,0.0060999999999999995,False
2021-01-08,2.429,2.429,-0.018600000000000002,False
2021-01-11,2.379,2.379,-0.0206,False
2021-01-12,2.428,2.428,0.0206,False
2021-01-13,2.391,2.391,-0.0152,False
2021-01-14,2.366,2.366,-0.0105,False
2021-01-15,2.354,2.354,-0.0051,False
2021-01-18,2.43,2.43,0.0323,False
2021-01-19,2.395,2.395,-0.0144,False
2021-01-20,2.446,2.446,0.0213,False
2021-01-21,2.479,2.479,0.013500000000000002,False
2021-01-22,2.504,2.504,0.0101,False
2021-01-25,2.468,2.468,-0.0144,False
2021-01-26,2.405,2.405,-0.0255,False
2021-01-27,2.428,2.428,0.0096,False
2021-01-28,2.361,2.361,-0.0276,False
2021-01-29,2.334,2.334,-0.011399999999999999,False
2021-02-01,2.359,2.359,0.010700000000000001,False
2021-02-02,2.416,2.416,0.0242,False
2021-02-03,2.378,2.378,-0.015700000000000002,False
2021-02-04,2.35,2.35,-0.0118,False
2021-02-05,2.302,2.302,-0.0204,False
2021-02-08,2.339,2.339,0.0161,False
2021-02-09,2.398,2.398,0.0252,False
2021-02-10,2.409,2.409,0.0046,False
2021-02-18,2.438,2.438,0.012,False
2021-02-19,2.435,2.435,-0.0012,False
2021-02-22,2.402,2.402,-0.013600000000000001,False
2021-02-23,2.386,2.386,-0.0067,False
2021-02-24,2.368,2.368,-0.0075,False
2021-02-25,2.362,2.362,-0.0025,False
2021-02-26,2.332,2.332,-0.0127,False
2021-03-01,2.415,2.415,0.0356,False
2021-03-02,2.402,2.402,-0.0054,False
2021-03-03,2.4,2.4,-0.0008,False
2021-03-04,2.347,2.347,-0.022099999999999998,False
2021-03-05,2.364,2.364,0.0072,False
2021-03-08,2.262,2.262,-0.0431,False
2021-03-09,2.177,2.177,-0.037599999999999995,False
2021-03-10,2.165,2.165,-0.0055000000000000005,False
2021-03-11,2.195,2.195,0.0139,False
2021-03-12,2.194,2.194,-0.0005,False
2021-03-15,2.157,2.157,-0.0169,False
2021-03-16,2.14,2.14,-0.0079,False
2021-03-17,2.156,2.156,0.0075,False
2021-03-18,2.182,2.182,0.0121,False
2021-03-19,2.16,2.16,-0.0101,False
2021-03-22,2.19,2.19,0.0139,False
2021-03-23,2.176,2.176,-0.0064,False
2021-03-24,2.152,2.152,-0.011000000000000001,False
2021-03-25,2.175,2.175,0.010700000000000001,False
2021-03-26,2.212,2.212,0.017,False
2021-03-29,2.228,2.228,0.0072,False
2021-03-30,2.234,2.234,0.0027,False
2021-03-31,2.204,2.204,-0.0134,False
2021-04-01,2.225,2.225,0.0095,False
2021-04-02,2.241,2.241,0.0072,False
2021-04-06,2.262,2.262,0.009399999999999999,False
2021-04-07,2.241,2.241,-0.009300000000000001,False
2021-04-08,2.256,2.256,0.0067,False
2021-04-09,2.274,2.274,0.008,False
2021-04-12,2.217,2.217,-0.025099999999999997,False
2021-04-13,2.223,2.223,0.0027,False
2021-04-14,2.252,2.252,0.013000000000000001,False
2021-04-15,2.257,2.257,0.0022,False
2021-04-16,2.277,2.277,0.0089,False
2021-04-19,2.314,2.314,0.016200000000000003,False
2021-04-20,2.296,2.296,-0.0078000000000000005,False
2021-04-21,2.301,2.301,0.0022,False
2021-04-22,2.297,2.297,-0.0017000000000000001,False
2021-04-23,2.293,2.293,-0.0017000000000000001,False
2021-04-26,2.296,2.296,0.0013,False
2021-04-27,2.289,2.289,-0.003,False
2021-04-28,2.277,2.277,-0.0052,False
2021-04-29,2.255,2.255,-0.0097,False
2021-04-30,2.229,2.229,-0.0115,False
2021-05-06,2.232,2.232,0.0013,False
2021-05-07,2.199,2.199,-0.0148,False
2021-05-10,2.167,2.167,-0.0146,False
2021-05-11,2.185,2.185,0.0083,False
2021-05-12,2.198,2.198,0.0059,False
2021-05-13,2.178,2.178,-0.0091,False
2021-05-14,2.234,2.234,0.025699999999999997,False
2021-05-17,2.254,2.254,0.009000000000000001,False
2021-05-18,2.272,2.272,0.008,False
2021-05-19,2.27,2.27,-0.0009,False
2021-05-20,2.277,2.277,0.0031,False
2021-05-21,2.271,2.271,-0.0026,False
2021-05-24,2.302,2.302,0.0137,False
2021-05-25,2.347,2.347,0.0195,False
2021-05-26,2.348,2.348,0.0004,False
2021-05-27,2.396,2.396,0.0204,False
2021-05-28,2.399,2.399,0.0013,False
2021-05-31,2.439,2.439,0.0167,False
2021-06-01,2.443,2.443,0.0016,False
2021-06-02,2.396,2.396,-0.0192,False
2021-06-03,2.364,2.364,-0.0134,False
2021-06-04,2.366,2.366,0.0008,False
2021-06-07,2.402,2.402,0.0152,False
2021-06-08,2.407,2.407,0.0021,False
2021-06-09,2.418,2.418,0.0046,False
2021-06-10,2.451,2.451,0.013600000000000001,False
2021-06-11,2.426,2.426,-0.0102,False
2021-06-15,2.415,2.415,-0.0045000000000000005,False
2021-06-16,2.361,2.361,-0.022400000000000003,False
2021-06-17,2.399,2.399,0.0161,False
2021-06-18,2.412,2.412,0.0054,False
2021-06-21,2.48,2.48,0.0282,False
2021-06-22,2.461,2.461,-0.0077,False
2021-06-23,2.483,2.483,0.0089,False
2021-06-24,2.464,2.464,-0.0077,False
2021-06-25,2.474,2.474,0.0040999999999999995,False
2021-06-28,2.49,2.49,0.006500000000000001,False
2021-06-29,2.457,2.457,-0.013300000000000001,False
2021-06-30,2.499,2.499,0.0171,False
2021-07-01,2.47,2.47,-0.0116,False
2021-07-02,2.43,2.43,-0.016200000000000003,False
2021-07-05,2.459,2.459,0.011899999999999999,False
2021-07-06,2.466,2.466,0.0028000000000000004,False
2021-07-07,2.519,2.519,0.0215,False
2021-07-08,2.53,2.53,0.0044,False
2021-07-09,2.54,2.54,0.004,False
2021-07-12,2.583,2.583,0.0169,False
2021-07-13,2.564,2.564,-0.0074,False
2021-07-14,2.534,2.534,-0.011699999999999999,False
2021-07-15,2.529,2.529,-0.002,False
2021-07-16,2.532,2.532,0.0012,False
2021-07-19,2.543,2.543,0.0043,False
2021-07-20,2.572,2.572,0.011399999999999999,False
2021-07-21,2.645,2.645,0.028399999999999998,False
2021-07-22,2.624,2.624,-0.0079,False
2021-07-23,2.583,2.583,-0.015600000000000001,False
2021-07-26,2.581,2.581,-0.0008,False
2021-07-27,2.546,2.546,-0.013600000000000001,False
2021-07-28,2.509,2.509,-0.014499999999999999,False
2021-07-29,2.599,2.599,0.0359,False
2021-07-30,2.603,2.603,0.0015,False
2021-08-02,2.712,2.712,0.04190000000000001,False
2021-08-03,2.703,2.703,-0.0033,False
2021-08-04,2.756,2.756,0.0196,False
2021-08-05,2.73,2.73,-0.009399999999999999,False
2021-08-06,2.733,2.733,0.0011,False
2021-08-09,2.724,2.724,-0.0033,False
2021-08-10,2.779,2.779,0.0202,False
2021-08-11,2.775,2.775,-0.0014000000000000002,False
2021-08-12,2.761,2.761,-0.005,False
2021-08-13,2.751,2.751,-0.0036,False
2021-08-16,2.741,2.741,-0.0036,False
2021-08-17,2.656,2.656,-0.031,False
2021-08-18,2.685,2.685,0.0109,False
2021-08-19,2.725,2.725,0.0149,False
2021-08-20,2.733,2.733,0.0029,False
2021-08-23,2.847,2.847,0.0417,False
2021-08-24,2.844,2.844,-0.0011,False
2021-08-25,2.824,2.824,-0.006999999999999999,False
2021-08-26,2.814,2.814,-0.0034999999999999996,False
2021-08-27,2.791,2.791,-0.008199999999999999,False
2021-08-30,2.814,2.814,0.008199999999999999,False
2021-08-31,2.766,2.766,-0.0171,False
2021-09-01,2.736,2.736,-0.0108,False
2021-09-02,2.748,2.748,0.0044,False
2021-09-03,2.741,2.741,-0.0025,False
2021-09-06,2.774,2.774,0.012,False
2021-09-07,2.814,2.814,0.0144,False
2021-09-08,2.782,2.782,-0.011399999999999999,False
2021-09-09,2.759,2.759,-0.0083,False
2021-09-10,2.747,2.747,-0.0043,False
2021-09-13,2.724,2.724,-0.0084,False
2021-09-14,2.709,2.709,-0.0055000000000000005,False
2021-09-15,2.714,2.714,0.0018,False
2021-09-16,2.681,2.681,-0.012199999999999999,False
2021-09-17,2.696,2.696,0.005600000000000001,False
2021-09-22,2.694,2.694,-0.0007000000000000001,False
2021-09-23,2.735,2.735,0.0152,False
2021-09-24,2.722,2.722,-0.0048,False
2021-09-27,2.664,2.664,-0.0213,False
2021-09-28,2.667,2.667,0.0011,False
2021-09-29,2.601,2.601,-0.024700000000000003,False
2021-09-30,2.636,2.636,0.013500000000000002,False
2021-10-08,2.63,2.63,-0.0023,False
2021-10-11,2.676,2.676,0.0175,False
2021-10-12,2.599,2.599,-0.0288,False
2021-10-13,2.627,2.627,0.0108,False
2021-10-14,2.646,2.646,0.0072,False
2021-10-15,2.641,2.641,-0.0019,False
2021-10-18,2.643,2.643,0.0008,False
2021-10-19,2.665,2.665,0.0083,False
2021-10-20,2.682,2.682,0.0064,False
2021-10-21,2.641,2.641,-0.015300000000000001,False
2021-10-22,2.645,2.645,0.0015,False
2021-10-25,2.648,2.648,0.0011,False
2021-10-26,2.664,2.664,0.006,False
2021-10-27,2.643,2.643,-0.0079,False
2021-10-28,2.636,2.636,-0.0026,False
2021-10-29,2.678,2.678,0.0159,False
2021-11-01,2.727,2.727,0.0183,False
2021-11-02,2.728,2.728,0.0004,False
2021-11-03,2.746,2.746,0.0066,False
2021-11-04,2.782,2.782,0.0131,False
2021-11-05,2.776,2.776,-0.0022,False
2021-11-08,2.777,2.777,0.0004,False
2021-11-09,2.826,2.826,0.0176,False
2021-11-10,2.86,2.86,0.012,False
2021-11-11,2.847,2.847,-0.0045000000000000005,False
2021-11-12,2.899,2.899,0.0183,False
2021-11-15,2.884,2.884,-0.0052,False
2021-11-16,2.845,2.845,-0.013500000000000002,False
2021-11-17,2.901,2.901,0.0197,False
2021-11-18,2.903,2.903,0.0007000000000000001,False
2021-11-19,2.929,2.929,0.009000000000000001,False
2021-11-22,2.969,2.969,0.0137,False
2021-11-23,2.956,2.956,-0.0044,False
2021-11-24,2.936,2.936,-0.0068000000000000005,False
2021-11-25,2.924,2.924,-0.0040999999999999995,False
2021-11-26,2.923,2.923,-0.0003,False
2021-11-29,2.932,2.932,0.0031,False
2021-11-30,2.986,2.986,0.0184,False
2021-12-01,2.98,2.98,-0.002,False
2021-12-02,2.931,2.931,-0.016399999999999998,False
2021-12-03,2.963,2.963,0.0109,False
2021-12-06,2.918,2.918,-0.0152,False
2021-12-07,2.873,2.873,-0.0154,False
2021-12-08,2.929,2.929,0.0195,False
2021-12-09,2.926,2.926,-0.001,False
2021-12-10,2.909,2.909,-0.0058,False
2021-12-13,2.922,2.922,0.0045000000000000005,False
2021-12-14,2.965,2.965,0.0147,False
2021-12-15,2.954,2.954,-0.0037,False
2021-12-16,2.957,2.957,0.001,False
2021-12-17,2.916,2.916,-0.0139,False
2021-12-20,2.855,2.855,-0.0209,False
2021-12-21,2.899,2.899,0.0154,False
2021-12-22,2.943,2.943,0.0152,False
2021-12-23,2.949,2.949,0.002,False
2021-12-24,2.941,2.941,-0.0027,False
2021-12-27,2.921,2.921,-0.0068000000000000005,False
2021-12-28,2.961,2.961,0.0137,False
2021-12-29,2.984,2.984,0.0078000000000000005,False
2021-12-30,3.051,3.051,0.0225,False
2021-12-31,3.076,3.076,0.008199999999999999,False
2022-01-04,3.098,3.098,0.0072,False
2022-01-05,3.015,3.015,-0.0268,False
2022-01-06,3.014,3.014,-0.0003,False
2022-01-07,2.946,2.946,-0.0226,False
2022-01-10,2.961,2.961,0.0051,False
2022-01-11,2.896,2.896,-0.022000000000000002,False
2022-01-12,2.961,2.961,0.022400000000000003,False
2022-01-13,2.949,2.949,-0.0040999999999999995,False
2022-01-14,2.944,2.944,-0.0017000000000000001,False
2022-01-17,3.051,3.051,0.0363,False
2022-01-18,3.004,3.004,-0.0154,False
2022-01-19,2.989,2.989,-0.005,False
2022-01-20,2.927,2.927,-0.0207,False
2022-01-21,2.894,2.894,-0.0113,False
2022-01-24,2.933,2.933,0.013500000000000002,False
2022-01-25,2.817,2.817,-0.0395,False
2022-01-26,2.799,2.799,-0.0064,False
2022-01-27,2.704,2.704,-0.0339,False
2022-01-28,2.725,2.725,0.0078000000000000005,False
2022-02-07,2.708,2.708,-0.0062,False
2022-02-08,2.688,2.688,-0.0074,False
2022-02-09,2.761,2.761,0.027200000000000002,False
2022-02-10,2.724,2.724,-0.0134,False
2022-02-11,2.673,2.673,-0.0187,False
2022-02-14,2.657,2.657,-0.006,False
2022-02-15,2.705,2.705,0.0181,False
2022-02-16,2.693,2.693,-0.0044,False
2022-02-17,2.684,2.684,-0.0033,False
2022-02-18,2.706,2.706,0.008199999999999999,False
2022-02-21,2.746,2.746,0.0148,False
2022-02-22,2.697,2.697,-0.0178,False
2022-02-23,2.777,2.777,0.0297,False
2022-02-24,2.718,2.718,-0.0212,False
2022-02-25,2.745,2.745,0.009899999999999999,False
2022-02-28,2.771,2.771,0.0095,False
2022-03-01,2.779,2.779,0.0029,False
2022-03-02,2.77,2.77,-0.0032,False
2022-03-03,2.738,2.738,-0.0116,False
2022-03-04,2.72,2.72,-0.0066,False
2022-03-07,2.664,2.664,-0.0206,False
2022-03-08,2.607,2.607,-0.021400000000000002,False
2022-03-09,2.566,2.566,-0.015700000000000002,False
2022-03-10,2.598,2.598,0.0125,False
2022-03-11,2.617,2.617,0.0073,False
2022-03-14,2.542,2.542,-0.0287,False
2022-03-15,2.432,2.432,-0.0433,False
2022-03-16,2.498,2.498,0.0271,False
2022-03-17,2.543,2.543,0.018000000000000002,False
2022-03-18,2.522,2.522,-0.0083,False
2022-03-21,2.523,2.523,0.0004,False
2022-03-22,2.5,2.5,-0.0091,False
2022-03-23,2.514,2.514,0.005600000000000001,False
2022-03-24,2.475,2.475,-0.0155,False
2022-03-25,2.454,2.454,-0.0085,False
2022-03-28,2.436,2.436,-0.0073,False
2022-03-29,2.417,2.417,-0.0078000000000000005,False
2022-03-30,2.477,2.477,0.0248,False
2022-03-31,2.472,2.472,-0.002,False
2022-04-01,2.484,2.484,0.0049,False
2022-04-06,2.509,2.509,0.0101,False
2022-04-07,2.437,2.437,-0.0287,False
2022-04-08,2.413,2.413,-0.0098,False
2022-04-11,2.329,2.329,-0.0348,False
2022-04-12,2.366,2.366,0.0159,False
2022-04-13,2.299,2.299,-0.028300000000000002,False
2022-04-14,2.33,2.33,0.013500000000000002,False
2022-04-15,2.298,2.298,-0.0137,False
2022-04-18,2.311,2.311,0.005699999999999999,False
2022-04-19,2.301,2.301,-0.0043,False
2022-04-20,2.279,2.279,-0.0096,False
2022-04-21,2.198,2.198,-0.0355,False
2022-04-22,2.157,2.157,-0.0187,False
2022-04-25,2.011,2.011,-0.0677,False
2022-04-26,1.929,1.929,-0.0408,False
2022-04-27,1.992,1.992,0.0327,False
2022-04-28,1.959,1.959,-0.0166,False
2022-04-29,2.082,2.082,0.06280000000000001,False
2022-05-05,2.094,2.094,0.0058,False
2022-05-06,2.091,2.091,-0.0014000000000000002,False
2022-05-09,2.117,2.117,0.0124,False
2022-05-10,2.147,2.147,0.014199999999999999,False
2022-05-11,2.149,2.149,0.0009,False
2022-05-12,2.164,2.164,0.006999999999999999,False
2022-05-13,2.164,2.164,0.0,False
2022-05-16,2.154,2.154,-0.0046,False
2022-05-17,2.143,2.143,-0.0051,False
2022-05-18,2.163,2.163,0.009300000000000001,False
2022-05-19,2.155,2.155,-0.0037,False
2022-05-20,2.193,2.193,0.0176,False
2022-05-23,2.225,2.225,0.0146,False
2022-05-24,2.123,2.123,-0.0458,False
2022-05-25,2.167,2.167,0.0207,False
2022-05-26,2.198,2.198,0.0143,False
2022-05-27,2.188,2.188,-0.0045000000000000005,False
2022-05-30,2.211,2.211,0.0105,False
2022-05-31,2.223,2.223,0.0054,False
2022-06-01,2.248,2.248,0.011200000000000002,False
2022-06-02,2.281,2.281,0.0147,False
2022-06-06,2.33,2.33,0.0215,False
2022-06-07,2.319,2.319,-0.004699999999999999,False
2022-06-08,2.306,2.306,-0.005600000000000001,False
2022-06-09,2.26,2.26,-0.0199,False
2022-06-10,2.307,2.307,0.0208,False
2022-06-13,2.31,2.31,0.0013,False
2022-06-14,2.296,2.296,-0.0060999999999999995,False
2022-06-15,2.324,2.324,0.012199999999999999,False
2022-06-16,2.363,2.363,0.0168,False
2022-06-17,2.371,2.371,0.0034000000000000002,False
2022-06-20,2.406,2.406,0.0148,False
2022-06-21,2.392,2.392,-0.0058,False
2022-06-22,2.346,2.346,-0.0192,False
2022-06-23,2.415,2.415,0.0294,False
2022-06-24,2.439,2.439,0.009899999999999999,False
2022-06-27,2.437,2.437,-0.0008,False
2022-06-28,2.472,2.472,0.0144,False
2022-06-29,2.435,2.435,-0.015,False
2022-06-30,2.457,2.457,0.009000000000000001,False
2022-07-01,2.442,2.442,-0.0060999999999999995,False
2022-07-04,2.458,2.458,0.0066,False
2022-07-05,2.406,2.406,-0.0212,False
2022-07-06,2.373,2.373,-0.0137,False
2022-07-07,2.364,2.364,-0.0038,False
2022-07-08,2.38,2.38,0.0068000000000000005,False
2022-07-11,2.353,2.353,-0.0113,False
2022-07-12,2.323,2.323,-0.0127,False
2022-07-13,2.328,2.328,0.0022,False
2022-07-14,2.332,2.332,0.0017000000000000001,False
2022-07-15,2.281,2.281,-0.0219,False
2022-07-18,2.324,2.324,0.0189,False
2022-07-19,2.362,2.362,0.016399999999999998,False
2022-07-20,2.383,2.383,0.0089,False
2022-07-21,2.364,2.364,-0.008,False
2022-07-22,2.341,2.341,-0.0097,False
2022-07-25,2.328,2.328,-0.005600000000000001,False
2022-07-26,2.352,2.352,0.0103,False
2022-07-27,2.364,2.364,0.0051,False
2022-07-28,2.392,2.392,0.0118,False
2022-07-29,2.384,2.384,-0.0033,False
2022-08-01,2.389,2.389,0.0021,False
2022-08-02,2.318,2.318,-0.0297,False
2022-08-03,2.307,2.307,-0.004699999999999999,False
2022-08-04,2.329,2.329,0.0095,False
2022-08-05,2.404,2.404,0.0322,False
2022-08-08,2.46,2.46,0.0233,False
2022-08-09,2.443,2.443,-0.0069,False
2022-08-10,2.438,2.438,-0.002,False
2022-08-11,2.47,2.47,0.0131,False
2022-08-12,2.452,2.452,-0.0073,False
2022-08-15,2.458,2.458,0.0024,False
2022-08-16,2.461,2.461,0.0012,False
2022-08-17,2.453,2.453,-0.0033,False
2022-08-18,2.452,2.452,-0.0004,False
2022-08-19,2.421,2.421,-0.0126,False
2022-08-22,2.436,2.436,0.0062,False
2022-08-23,2.426,2.426,-0.0040999999999999995,False
2022-08-24,2.34,2.34,-0.0354,False
2022-08-25,2.326,2.326,-0.006,False
2022-08-26,2.304,2.304,-0.0095,False
2022-08-29,2.31,2.31,0.0026,False
2022-08-30,2.308,2.308,-0.0009,False
2022-08-31,2.281,2.281,-0.011699999999999999,False
2022-09-01,2.276,2.276,-0.0022,False
2022-09-02,2.296,2.296,0.0088,False
2022-09-05,2.276,2.276,-0.0087,False
2022-09-06,2.298,2.298,0.0097,False
2022-09-07,2.296,2.296,-0.0009,False
2022-09-08,2.265,2.265,-0.013500000000000002,False
2022-09-09,2.304,2.304,0.0172,False
2022-09-13,2.306,2.306,0.0009,False
2022-09-14,2.307,2.307,0.0004,False
2022-09-15,2.282,2.282,-0.0108,False
2022-09-16,2.24,2.24,-0.0184,False
2022-09-19,2.183,2.183,-0.0254,False
2022-09-20,2.177,2.177,-0.0027,False
2022-09-21,2.191,2.191,0.0064,False
2022-09-22,2.183,2.183,-0.0037,False
2022-09-23,2.134,2.134,-0.022400000000000003,False
2022-09-26,2.085,2.085,-0.023,False
2022-09-27,2.14,2.14,0.0264,False
2022-09-28,2.085,2.085,-0.025699999999999997,False
2022-09-29,2.093,2.093,0.0038,False
2022-09-30,2.095,2.095,0.001,False
2022-10-10,2.058,2.058,-0.0177,False
2022-10-11,2.054,2.054,-0.0019,False
2022-10-12,2.127,2.127,0.0355,False
2022-10-13,2.191,2.191,0.0301,False
2022-10-14,2.238,2.238,0.0215,False
2022-10-17,2.287,2.287,0.0219,False
2022-10-18,2.274,2.274,-0.005699999999999999,False
2022-10-19,2.255,2.255,-0.0084,False
2022-10-20,2.256,2.256,0.0004,False
2022-10-21,2.258,2.258,0.0009,False
2022-10-24,2.254,2.254,-0.0018,False
2022-10-25,2.237,2.237,-0.0075,False
2022-10-26,2.357,2.357,0.0536,False
2022-10-27,2.384,2.384,0.0115,False
2022-10-28,2.323,2.323,-0.0256,False
2022-10-31,2.411,2.411,0.0379,False
2022-11-01,2.445,2.445,0.0141,False
2022-11-02,2.447,2.447,0.0008,False
2022-11-03,2.423,2.423,-0.0098,False
2022-11-04,2.446,2.446,0.0095,False
2022-11-07,2.432,2.432,-0.005699999999999999,False
2022-11-08,2.486,2.486,0.0222,False
2022-11-09,2.476,2.476,-0.004,False
2022-11-10,2.468,2.468,-0.0032,False
2022-11-11,2.46,2.46,-0.0032,False
2022-11-14,2.512,2.512,0.021099999999999997,False
2022-11-15,2.529,2.529,0.0068000000000000005,False
2022-11-16,2.505,2.505,-0.0095,False
2022-11-17,2.564,2.564,0.0236,False
2022-11-18,2.552,2.552,-0.004699999999999999,False
2022-11-21,2.57,2.57,0.0070999999999999995,False
2022-11-22,2.538,2.538,-0.0125,False
2022-11-23,2.486,2.486,-0.020499999999999997,False
2022-11-24,2.476,2.476,-0.004,False
2022-11-25,2.429,2.429,-0.019,False
2022-11-28,2.431,2.431,0.0008,False
2022-11-29,2.451,2.451,0.008199999999999999,False
2022-11-30,2.427,2.427,-0.0098,False
2022-12-01,2.484,2.484,0.0235,False
2022-12-02,2.485,2.485,0.0004,False
2022-12-05,2.52,2.52,0.0141,False
2022-12-06,2.505,2.505,-0.006,False
2022-12-07,2.502,2.502,-0.0012,False
2022-12-08,2.47,2.47,-0.0128,False
2022-12-09,2.442,2.442,-0.0113,False
2022-12-12,2.493,2.493,0.0209,False
2022-12-13,2.426,2.426,-0.0269,False
2022-12-14,2.402,2.402,-0.009899999999999999,False
2022-12-15,2.419,2.419,0.0070999999999999995,False
2022-12-16,2.381,2.381,-0.015700000000000002,False
2022-12-19,2.341,2.341,-0.0168,False
2022-12-20,2.31,2.31,-0.0132,False
2022-12-21,2.297,2.297,-0.005600000000000001,False
2022-12-22,2.314,2.314,0.0074,False
2022-12-23,2.358,2.358,0.019,False
2022-12-26,2.397,2.397,0.0165,False
2022-12-27,2.431,2.431,0.014199999999999999,False
2022-12-28,2.423,2.423,-0.0033,False
2022-12-29,2.438,2.438,0.0062,False
2022-12-30,2.449,2.449,0.0045000000000000005,False
2022-12-31,2.449,2.449,0.0,False
2023-01-03,2.527,2.527,0.0318,False
2023-01-04,2.527,2.527,0.0,False
2023-01-05,2.533,2.533,0.0024,False
2023-01-06,2.518,2.518,-0.0059,False
2023-01-09,2.514,2.514,-0.0016,False
2023-01-10,2.525,2.525,0.0044,False
2023-01-11,2.495,2.495,-0.011899999999999999,False
2023-01-12,2.501,2.501,0.0024,False
2023-01-13,2.495,2.495,-0.0024,False
2023-01-16,2.538,2.538,0.0172,False
2023-01-17,2.538,2.538,0.0,False
2023-01-18,2.562,2.562,0.0095,False
2023-01-19,2.609,2.609,0.0183,False
2023-01-20,2.63,2.63,0.008,False
2023-01-30,2.672,2.672,0.016,False
2023-01-31,2.64,2.64,-0.012,False
2023-02-01,2.7,2.7,0.0227,False
2023-02-02,2.704,2.704,0.0015,False
2023-02-03,2.732,2.732,0.0104,False
2023-02-06,2.72,2.72,-0.0044,False
2023-02-07,2.721,2.721,0.0004,False
2023-02-08,2.689,2.689,-0.0118,False
2023-02-09,2.75,2.75,0.0227,False
2023-02-10,2.729,2.729,-0.0076,False
2023-02-13,2.747,2.747,0.0066,False
2023-02-14,2.75,2.75,0.0011,False
2023-02-15,2.812,2.812,0.0225,False
2023-02-16,2.764,2.764,-0.0171,False
2023-02-17,2.7,2.7,-0.0232,False
2023-02-20,2.739,2.739,0.0144,False
2023-02-21,2.728,2.728,-0.004,False
2023-02-22,2.725,2.725,-0.0011,False
2023-02-23,2.694,2.694,-0.011399999999999999,False
2023-02-24,2.699,2.699,0.0019,False
2023-02-27,2.691,2.691,-0.003,False
2023-02-28,2.738,2.738,0.0175,False
2023-03-01,2.799,2.799,0.0223,False
2023-03-02,2.786,2.786,-0.0046,False
2023-03-03,2.757,2.757,-0.0104,False
2023-03-06,2.75,2.75,-0.0025,False
2023-03-07,2.678,2.678,-0.0262,False
2023-03-08,2.713,2.713,0.0131,False
2023-03-09,2.739,2.739,0.0096,False
2023-03-10,2.713,2.713,-0.0095,False
2023-03-13,2.778,2.778,0.024,False
2023-03-14,2.776,2.776,-0.0007000000000000001,False
2023-03-15,2.762,2.762,-0.005,False
2023-03-16,2.73,2.73,-0.0116,False
2023-03-17,2.778,2.778,0.0176,False
2023-03-20,2.775,2.775,-0.0011,False
2023-03-21,2.801,2.801,0.009399999999999999,False
2023-03-22,2.881,2.881,0.0286,False
2023-03-23,2.91,2.91,0.0101,False
2023-03-24,2.933,2.933,0.0079,False
2023-03-27,2.961,2.961,0.0095,False
2023-03-28,2.923,2.923,-0.0128,False
2023-03-29,2.914,2.914,-0.0031,False
2023-03-30,2.897,2.897,-0.0058,False
2023-03-31,2.952,2.952,0.019,False
2023-04-03,3.011,3.011,0.02,False
2023-04-04,3.04,3.04,0.0096,False
2023-04-06,3.067,3.067,0.0089,False
2023-04-07,3.103,3.103,0.011699999999999999,False
2023-04-10,3.03,3.03,-0.0235,False
2023-04-11,3.045,3.045,0.005,False
2023-04-12,3.097,3.097,0.0171,False
2023-04-13,3.057,3.057,-0.0129,False
2023-04-14,3.072,3.072,0.0049,False
2023-04-17,3.036,3.036,-0.011699999999999999,False
2023-04-18,3.043,3.043,0.0023,False
2023-04-19,3.073,3.073,0.009899999999999999,False
2023-04-20,3.124,3.124,0.0166,False
2023-04-21,2.99,2.99,-0.0429,False
2023-04-24,2.994,2.994,0.0013,False
2023-04-25,2.929,2.929,-0.0217,False
2023-04-26,2.887,2.887,-0.0143,False
2023-04-27,2.877,2.877,-0.0034999999999999996,False
2023-04-28,2.936,2.936,0.020499999999999997,False
2023-05-04,2.914,2.914,-0.0075,False
2023-05-05,2.902,2.902,-0.0040999999999999995,False
2023-05-08,2.901,2.901,-0.0003,False
2023-05-09,2.854,2.854,-0.016200000000000003,False
2023-05-10,2.849,2.849,-0.0018,False
2023-05-11,2.832,2.832,-0.006,False
2023-05-12,2.805,2.805,-0.0095,False
2023-05-15,2.827,2.827,0.0078000000000000005,False
2023-05-16,2.781,2.781,-0.0163,False
2023-05-17,2.805,2.805,0.0086,False
2023-05-18,2.831,2.831,0.009300000000000001,False
2023-05-19,2.834,2.834,0.0011,False
2023-05-22,2.831,2.831,-0.0011,False
2023-05-23,2.795,2.795,-0.0127,False
2023-05-24,2.79,2.79,-0.0018,False
2023-05-25,2.786,2.786,-0.0014000000000000002,False
2023-05-26,2.804,2.804,0.006500000000000001,False
2023-05-29,2.806,2.806,0.0007000000000000001,False
2023-05-30,2.843,2.843,0.0132,False
2023-05-31,2.85,2.85,0.0025,False
2023-06-01,2.872,2.872,0.0077,False
2023-06-02,2.901,2.901,0.0101,False
2023-06-05,2.914,2.914,0.0045000000000000005,False
2023-06-06,2.841,2.841,-0.025099999999999997,False
2023-06-07,2.877,2.877,0.0127,False
2023-06-08,2.883,2.883,0.0021,False
2023-06-09,2.912,2.912,0.0101,False
2023-06-12,2.923,2.923,0.0038,False
2023-06-13,2.935,2.935,0.0040999999999999995,False
2023-06-14,2.959,2.959,0.008199999999999999,False
2023-06-15,2.945,2.945,-0.004699999999999999,False
2023-06-16,3.004,3.004,0.02,False
2023-06-19,3.04,3.04,0.012,False
2023-06-20,3.051,3.051,0.0036,False
2023-06-21,2.976,2.976,-0.0246,False
2023-06-26,2.897,2.897,-0.0265,False
2023-06-27,2.936,2.936,0.013500000000000002,False
2023-06-28,2.906,2.906,-0.0102,False
2023-06-29,2.604,2.951,0.0155,False
2023-06-30,2.628,2.975,0.0092,False
2023-07-03,2.625,2.972,-0.0011,False
2023-07-04,2.624,2.971,-0.0004,False
2023-07-05,2.587,2.934,-0.0141,False
2023-07-06,2.583,2.93,-0.0015,False
2023-07-07,2.564,2.911,-0.0074,False
2023-07-10,2.533,2.88,-0.0121,False
2023-07-11,2.556,2.903,0.0091,False
2023-07-12,2.515,2.862,-0.016,False
2023-07-13,2.557,2.904,0.0167,False
2023-07-14,2.593,2.94,0.0141,False
2023-07-17,2.581,2.928,-0.0046,False
2023-07-18,2.576,2.923,-0.0019,False
2023-07-19,2.563,2.91,-0.005,False
2023-07-20,2.504,2.851,-0.023,False
2023-07-21,2.5,2.847,-0.0016,False
2023-07-24,2.491,2.838,-0.0036,False
2023-07-25,2.519,2.866,0.011200000000000002,False
2023-07-26,2.473,2.82,-0.0183,False
2023-07-27,2.45,2.797,-0.009300000000000001,False
2023-07-28,2.464,2.811,0.005699999999999999,False
2023-07-31,2.49,2.837,0.0106,False
2023-08-01,2.485,2.832,-0.002,False
2023-08-02,2.483,2.83,-0.0008,False
2023-08-03,2.479,2.826,-0.0016,False
2023-08-04,2.501,2.848,0.0089,False
2023-08-07,2.506,2.853,0.002,False
2023-08-08,2.494,2.841,-0.0048,False
2023-08-09,2.481,2.828,-0.0052,False
2023-08-10,2.481,2.828,0.0,False
2023-08-11,2.426,2.773,-0.0222,False
2023-08-14,2.445,2.792,0.0078000000000000005,False
2023-08-15,2.423,2.77,-0.009000000000000001,False
2023-08-16,2.388,2.735,-0.0144,False
2023-08-17,2.42,2.767,0.0134,False
2023-08-18,2.377,2.724,-0.0178,False
2023-08-21,2.358,2.705,-0.008,False
2023-08-22,2.399,2.746,0.0174,False
2023-08-23,2.357,2.704,-0.0175,False
2023-08-24,2.355,2.702,-0.0008,False
2023-08-25,2.308,2.655,-0.02,False
2023-08-28,2.322,2.669,0.0060999999999999995,False
2023-08-29,2.396,2.743,0.0319,False
2023-08-30,2.425,2.772,0.0121,False
2023-08-31,2.407,2.754,-0.0074,False
2023-09-01,2.408,2.755,0.0004,False
2023-09-04,2.434,2.781,0.0108,False
2023-09-05,2.414,2.761,-0.008199999999999999,False
2023-09-06,2.405,2.752,-0.0037,False
2023-09-07,2.365,2.712,-0.0166,False
2023-09-08,2.369,2.716,0.0017000000000000001,False
2023-09-11,2.393,2.74,0.0101,False
2023-09-12,2.394,2.741,0.0004,False
2023-09-13,2.347,2.694,-0.0196,False
2023-09-14,2.321,2.668,-0.0111,False
2023-09-15,2.318,2.665,-0.0013,False
2023-09-18,2.336,2.683,0.0078000000000000005,False
2023-09-19,2.315,2.662,-0.009000000000000001,False
2023-09-20,2.305,2.652,-0.0043,False
2023-09-21,2.291,2.638,-0.0060999999999999995,False
2023-09-22,2.36,2.707,0.0301,False
2023-09-25,2.356,2.703,-0.0017000000000000001,False
2023-09-26,2.352,2.699,-0.0017000000000000001,False
2023-09-27,2.364,2.711,0.0051,False
2023-09-28,2.396,2.743,0.013500000000000002,False
2023-10-09,2.411,2.758,0.0063,False
2023-10-10,2.396,2.743,-0.0062,False
2023-10-11,2.403,2.75,0.0029,False
2023-10-12,2.409,2.756,0.0025,False
2023-10-13,2.397,2.744,-0.005,False
2023-10-16,2.373,2.72,-0.01,False
2023-10-17,2.378,2.725,0.0021,False
2023-10-18,2.356,2.703,-0.009300000000000001,False
2023-10-19,2.331,2.678,-0.0106,False
2023-10-20,2.294,2.641,-0.0159,False
2023-10-23,2.257,2.604,-0.0161,False
2023-10-24,2.277,2.624,0.0089,False
2023-10-25,2.295,2.642,0.0079,False
2023-10-26,2.316,2.663,0.0092,False
2023-10-27,2.347,2.694,0.0134,False
2023-10-30,2.377,2.724,0.0128,False
2023-10-31,2.347,2.694,-0.0126,False
2023-11-01,2.34,2.687,-0.003,False
2023-11-02,2.307,2.654,-0.0141,False
2023-11-03,2.338,2.685,0.0134,False
2023-11-06,2.384,2.731,0.0197,False
2023-11-07,2.38,2.727,-0.0017000000000000001,False
2023-11-08,2.377,2.724,-0.0013,False
2023-11-09,2.365,2.712,-0.005,False
2023-11-10,2.352,2.699,-0.0055000000000000005,False
2023-11-13,2.369,2.716,0.0072,False
2023-11-14,2.383,2.73,0.0059,False
2023-11-15,2.398,2.745,0.0063,False
2023-11-16,2.377,2.724,-0.0088,False
2023-11-17,2.39,2.737,0.0055000000000000005,False
2023-11-20,2.405,2.752,0.0063,False
2023-11-21,2.381,2.728,-0.01,False
2023-11-22,2.352,2.699,-0.012199999999999999,False
2023-11-23,2.382,2.729,0.0128,False
2023-11-24,2.351,2.698,-0.013000000000000001,False
2023-11-27,2.358,2.705,0.003,False
2023-11-28,2.366,2.713,0.0034000000000000002,False
2023-11-29,2.139,2.711,-0.0008,False
2023-11-30,2.131,2.703,-0.0037,False
2023-12-01,2.12,2.692,-0.0052,False
2023-12-04,2.116,2.688,-0.0019,False
2023-12-05,2.074,2.646,-0.019799999999999998,False
2023-12-06,2.091,2.663,0.008199999999999999,False
2023-12-07,2.097,2.669,0.0029,False
2023-12-08,2.115,2.687,0.0086,False
2023-12-11,2.141,2.713,0.0123,False
2023-12-12,2.146,2.718,0.0023,False
2023-12-13,2.121,2.693,-0.0116,False
2023-12-14,2.104,2.676,-0.008,False
2023-12-15,2.102,2.674,-0.001,False
2023-12-18,2.087,2.659,-0.0070999999999999995,False
2023-12-19,2.097,2.669,0.0048,False
2023-12-20,2.07,2.642,-0.0129,False
2023-12-21,2.087,2.659,0.008199999999999999,False
2023-12-22,2.07,2.642,-0.008100000000000001,False
2023-12-25,2.088,2.66,0.0087,False
2023-12-26,2.055,2.627,-0.0158,False
2023-12-27,2.077,2.649,0.010700000000000001,False
2023-12-28,2.107,2.679,0.0144,False
2023-12-29,2.136,2.708,0.0138,False
2023-12-31,2.135,2.707,-0.0005,False
2024-01-02,2.125,2.697,-0.004699999999999999,False
2024-01-03,2.101,2.673,-0.0113,False
2024-01-04,2.091,2.663,-0.0048,False
2024-01-05,2.06,2.632,-0.0148,False
2024-01-08,2.02,2.592,-0.0194,False
2024-01-09,2.026,2.598,0.003,False
2024-01-10,2.007,2.579,-0.009399999999999999,False
2024-01-11,2.041,2.613,0.0169,False
2024-01-12,2.037,2.609,-0.002,False
2024-01-15,2.027,2.599,-0.0049,False
2024-01-16,2.025,2.597,-0.001,False
2024-01-17,1.973,2.545,-0.025699999999999997,False
2024-01-18,1.987,2.559,0.0070999999999999995,False
2024-01-19,1.961,2.533,-0.0131,False
2024-01-22,1.886,2.458,-0.0382,False
2024-01-23,1.917,2.489,0.016399999999999998,False
2024-01-24,1.928,2.5,0.005699999999999999,False
2024-01-25,1.969,2.541,0.0213,False
2024-01-26,1.937,2.509,-0.0163,False
2024-01-29,1.898,2.47,-0.020099999999999996,False
2024-01-30,1.86,2.432,-0.02,False
2024-01-31,1.804,2.376,-0.0301,False
2024-02-01,1.821,2.393,0.009399999999999999,False
2024-02-02,1.784,2.356,-0.0203,False
2024-02-05,1.753,2.325,-0.0174,False
2024-02-06,1.84,2.412,0.0496,False
2024-02-07,1.883,2.455,0.023399999999999997,False
2024-02-08,1.924,2.496,0.0218,False
2024-02-19,1.936,2.508,0.0062,False
2024-02-20,1.939,2.511,0.0015,False
2024-02-21,1.944,2.516,0.0026,False
2024-02-22,1.972,2.544,0.0144,False
2024-02-23,1.985,2.557,0.0066,False
2024-02-26,2.009,2.581,0.0121,False
2024-02-27,2.059,2.631,0.024900000000000002,False
2024-02-28,1.982,2.554,-0.0374,False
2024-02-29,2.045,2.617,0.0318,False
2024-03-01,2.058,2.63,0.0064,False
2024-03-04,2.074,2.646,0.0078000000000000005,False
2024-03-05,2.066,2.638,-0.0039000000000000003,False
2024-03-06,2.063,2.635,-0.0015,False
2024-03-07,2.038,2.61,-0.0121,False
2024-03-08,2.07,2.642,0.015700000000000002,False
2024-03-11,2.086,2.658,0.0077,False
2024-03-12,2.084,2.656,-0.001,False
2024-03-13,2.076,2.648,-0.0038,False
2024-03-14,2.052,2.624,-0.0116,False
2024-03-15,2.07,2.642,0.0088,False
2024-03-18,2.093,2.665,0.0111,False
2024-03-19,2.082,2.654,-0.0053,False
2024-03-20,2.088,2.66,0.0029,False
2024-03-21,2.082,2.654,-0.0029,False
2024-03-22,2.065,2.637,-0.008199999999999999,False
2024-03-25,2.031,2.603,-0.0165,False
2024-03-26,2.027,2.599,-0.002,False
2024-03-27,1.972,2.544,-0.0271,False
2024-03-28,2.003,2.575,0.015700000000000002,False
2024-03-29,2.03,2.602,0.013500000000000002,False
2024-04-01,2.068,2.64,0.0187,False
2024-04-02,2.054,2.626,-0.0068000000000000005,False
2024-04-03,2.046,2.618,-0.0039000000000000003,False
2024-04-08,2.015,2.587,-0.0152,False
2024-04-09,2.022,2.594,0.0034999999999999996,False
2024-04-10,1.985,2.557,-0.0183,False
2024-04-11,1.983,2.555,-0.001,False
2024-04-12,1.971,2.543,-0.0060999999999999995,False
2024-04-15,1.98,2.552,0.0046,False
2024-04-16,1.943,2.515,-0.0187,False
2024-04-17,2.002,2.574,0.0304,False
2024-04-18,1.999,2.571,-0.0015,False
2024-04-19,1.982,2.554,-0.0085,False
2024-04-22,1.992,2.564,0.005,False
2024-04-23,1.96,2.532,-0.0161,False
2024-04-24,1.983,2.555,0.011699999999999999,False
2024-04-25,1.969,2.541,-0.0070999999999999995,False
2024-04-26,2.003,2.575,0.0173,False
2024-04-29,2.039,2.611,0.018000000000000002,False
2024-04-30,2.039,2.611,0.0,False
2024-05-06,2.081,2.653,0.0206,False
2024-05-07,2.084,2.656,0.0014000000000000002,False
2024-05-08,2.062,2.634,-0.0106,False
2024-05-09,2.091,2.663,0.0141,False
2024-05-10,2.075,2.647,-0.0077,False
2024-05-13,2.086,2.658,0.0053,False
2024-05-14,2.095,2.667,0.0043,False
2024-05-15,2.07,2.642,-0.011899999999999999,False
2024-05-16,2.071,2.643,0.0005,False
2024-05-17,2.073,2.645,0.001,False
2024-05-20,2.077,2.649,0.0019,False
2024-05-21,2.074,2.646,-0.0014000000000000002,False
2024-05-22,2.087,2.659,0.0063,False
2024-05-23,2.067,2.639,-0.0096,False
2024-05-24,2.045,2.617,-0.0106,False
2024-05-27,2.062,2.634,0.0083,False
2024-05-28,2.031,2.603,-0.015,False
2024-05-29,2.035,2.607,0.002,False
2024-05-30,2.044,2.616,0.0044,False
2024-05-31,2.046,2.618,0.001,False
2024-06-03,2.045,2.617,-0.0005,False
2024-06-04,2.057,2.629,0.0059,False
2024-06-05,2.048,2.62,-0.0044,False
2024-06-06,2.042,2.614,-0.0029,False
2024-06-07,2.023,2.595,-0.009300000000000001,False
2024-06-11,2.035,2.607,0.0059,False
2024-06-12,2.046,2.618,0.0054,False
2024-06-13,2.022,2.594,-0.011699999999999999,False
2024-06-14,2.044,2.616,0.0109,False
2024-06-17,2.06,2.632,0.0078000000000000005,False
2024-06-18,2.061,2.633,0.0005,False
2024-06-19,2.038,2.61,-0.011200000000000002,False
2024-06-20,2.014,2.586,-0.0118,False
2024-06-21,2.023,2.595,0.0045000000000000005,False
2024-06-24,1.993,2.565,-0.0148,False
2024-06-25,1.973,2.545,-0.01,False
2024-06-26,2.0,2.572,0.0137,False
2024-06-27,1.978,2.55,-0.011000000000000001,False
2024-06-28,1.987,2.559,0.0046,False
2024-06-30,1.987,2.559,0.0,False
2024-07-01,2.001,2.573,0.006999999999999999,False
2024-07-02,1.959,2.531,-0.021,False
2024-07-03,1.939,2.511,-0.0102,False
2024-07-04,1.929,2.501,-0.0052,False
2024-07-05,1.937,2.509,0.0040999999999999995,False
2024-07-08,1.923,2.495,-0.0072,False
2024-07-09,1.961,2.533,0.019799999999999998,False
2024-07-10,1.982,2.554,0.010700000000000001,False
2024-07-11,2.023,2.595,0.0207,False
2024-07-12,2.011,2.583,-0.0059,False
2024-07-15,2.017,2.589,0.003,False
2024-07-16,2.046,2.618,0.0144,False
2024-07-17,2.018,2.59,-0.0137,False
2024-07-18,2.015,2.587,-0.0015,False
2024-07-19,2.019,2.591,0.002,False
2024-07-22,2.013,2.585,-0.003,False
2024-07-23,1.957,2.529,-0.0278,False
2024-07-24,1.924,2.496,-0.0169,False
2024-07-25,1.911,2.483,-0.0068000000000000005,False
2024-07-26,1.944,2.516,0.0173,False
2024-07-29,1.931,2.503,-0.0067,False
2024-07-30,1.914,2.486,-0.0088,False
2024-07-31,1.974,2.546,0.0313,False
2024-08-01,1.96,2.532,-0.0070999999999999995,False
2024-08-02,1.941,2.513,-0.0097,False
2024-08-05,1.893,2.465,-0.024700000000000003,False
2024-08-06,1.919,2.491,0.0137,False
2024-08-07,1.918,2.49,-0.0005,False
2024-08-08,1.923,2.495,0.0026,False
2024-08-09,1.912,2.484,-0.005699999999999999,False
2024-08-12,1.918,2.49,0.0031,False
2024-08-13,1.928,2.5,0.0052,False
2024-08-14,1.906,2.478,-0.011399999999999999,False
2024-08-15,1.914,2.486,0.0042,False
2024-08-16,1.912,2.484,-0.001,False
2024-08-19,1.907,2.479,-0.0026,False
2024-08-20,1.884,2.456,-0.0121,False
2024-08-21,1.883,2.455,-0.0005,False
2024-08-22,1.867,2.439,-0.0085,False
2024-08-23,1.873,2.445,0.0032,False
2024-08-26,1.876,2.448,0.0016,False
2024-08-27,1.852,2.424,-0.0128,False
2024-08-28,1.853,2.425,0.0005,False
2024-08-29,1.877,2.449,0.013000000000000001,False
2024-08-30,1.915,2.487,0.0202,False
2024-09-02,1.889,2.461,-0.013600000000000001,False
2024-09-03,1.907,2.479,0.0095,False
2024-09-04,1.892,2.464,-0.0079,False
2024-09-05,1.89,2.462,-0.0011,False
2024-09-06,1.855,2.427,-0.018500000000000003,False
2024-09-09,1.844,2.416,-0.0059,False
2024-09-10,1.851,2.423,0.0038,False
2024-09-11,1.854,2.426,0.0016,False
2024-09-12,1.841,2.413,-0.006999999999999999,False
2024-09-13,1.836,2.408,-0.0027,False
2024-09-18,1.833,2.405,-0.0016,False
2024-09-19,1.84,2.412,0.0038,False
2024-09-20,1.831,2.403,-0.0049,False
2024-09-23,1.831,2.403,0.0,False
2024-09-24,1.892,2.464,0.0333,False
2024-09-25,1.901,2.473,0.0048,False
2024-09-26,1.96,2.532,0.031,False
2024-09-27,2.035,2.607,0.0383,False
2024-09-30,2.204,2.776,0.083,False
2024-10-08,2.339,2.911,0.0613,False
2024-10-09,2.154,2.726,-0.0791,False
2024-10-10,2.178,2.75,0.0111,False
2024-10-11,2.099,2.671,-0.0363,False
2024-10-14,2.151,2.723,0.0248,False
2024-10-15,2.093,2.665,-0.027000000000000003,False
2024-10-16,2.077,2.649,-0.0076,False
2024-10-17,2.067,2.639,-0.0048,False
2024-10-18,2.135,2.707,0.0329,False
2024-10-21,2.15,2.722,0.006999999999999999,False
2024-10-22,2.168,2.74,0.0084,False
2024-10-23,2.169,2.741,0.0005,False
2024-10-24,2.147,2.719,-0.0101,False
2024-10-25,2.167,2.739,0.009300000000000001,False
2024-10-28,2.173,2.745,0.0028000000000000004,False
2024-10-29,2.178,2.75,0.0023,False
2024-10-30,2.172,2.744,-0.0028000000000000004,False
2024-10-31,2.16,2.732,-0.0055000000000000005,False
2024-11-01,2.132,2.704,-0.013000000000000001,False
2024-11-04,2.167,2.739,0.016399999999999998,False
2024-11-05,2.214,2.786,0.0217,False
2024-11-06,2.192,2.764,-0.009899999999999999,False
2024-11-07,2.214,2.786,0.01,False
2024-11-08,2.203,2.775,-0.005,False
2024-11-11,2.234,2.806,0.0141,False
2024-11-12,2.247,2.819,0.0058,False
2024-11-13,2.238,2.81,-0.004,False
2024-11-14,2.188,2.76,-0.0223,False
2024-11-15,2.152,2.724,-0.0165,False
2024-11-18,2.113,2.685,-0.0181,False
2024-11-19,2.15,2.722,0.0175,False
2024-11-20,2.163,2.735,0.006,False
2024-11-21,2.164,2.736,0.0005,False
2024-11-22,2.114,2.686,-0.0231,False
2024-11-25,2.104,2.676,-0.004699999999999999,False
2024-11-26,2.096,2.668,-0.0038,False
2024-11-27,2.146,2.718,0.0239,False
2024-11-28,2.121,2.693,-0.0116,False
2024-11-29,2.141,2.713,0.009399999999999999,False
2024-12-02,2.174,2.746,0.0154,False
2024-12-03,2.165,2.737,-0.0040999999999999995,False
2024-12-04,2.142,2.714,-0.0106,False
2024-12-05,2.133,2.705,-0.0042,False
2024-12-06,2.16,2.732,0.0127,False
2024-12-09,2.163,2.735,0.0014000000000000002,False
2024-12-10,2.186,2.758,0.0106,False
2024-12-11,2.205,2.777,0.0087,False
2024-12-12,2.215,2.787,0.0045000000000000005,False
2024-12-13,2.172,2.744,-0.0194,False
2024-12-16,2.149,2.721,-0.0106,False
2024-12-17,2.145,2.717,-0.0019,False
2024-12-18,2.157,2.729,0.005600000000000001,False
2024-12-19,2.186,2.758,0.0134,False
2024-12-20,2.189,2.761,0.0014000000000000002,False
2024-12-23,2.159,2.731,-0.0137,False
2024-12-24,2.195,2.767,0.0167,False
2024-12-25,2.178,2.75,-0.0077,False
2024-12-26,2.203,2.775,0.0115,False
2024-12-27,2.198,2.77,-0.0023,False
2024-12-30,2.21,2.782,0.0055000000000000005,False
2024-12-31,2.167,2.739,-0.0195,False
2025-01-02,2.118,2.69,-0.0226,False
2025-01-03,2.088,2.66,-0.014199999999999999,False
2025-01-06,2.082,2.654,-0.0029,False
2025-01-07,2.123,2.695,0.0197,False
2025-01-08,2.122,2.694,-0.0005,False
2025-01-09,2.128,2.7,0.0028000000000000004,False
2025-01-10,2.081,2.653,-0.022099999999999998,False
2025-01-13,2.059,2.631,-0.0106,False
2025-01-14,2.124,2.696,0.0316,False
2025-01-15,2.107,2.679,-0.008,False
2025-01-16,2.113,2.685,0.0028000000000000004,False
2025-01-17,2.137,2.709,0.011399999999999999,False
2025-01-20,2.158,2.73,0.0098,False
2025-01-21,2.175,2.747,0.0079,False
2025-01-22,2.153,2.725,-0.0101,False
2025-01-23,2.133,2.705,-0.009300000000000001,False
2025-01-24,2.167,2.739,0.0159,False
2025-01-27,2.156,2.728,-0.0051,False
2025-02-05,2.142,2.714,-0.006500000000000001,False
2025-02-06,2.175,2.747,0.0154,False
2025-02-07,2.195,2.767,0.0092,False
2025-02-10,2.2,2.772,0.0023,False
2025-02-11,2.201,2.773,0.0005,False
2025-02-12,2.229,2.801,0.0127,False
2025-02-13,2.193,2.765,-0.016200000000000003,False
2025-02-14,2.204,2.776,0.005,False
2025-02-17,2.195,2.767,-0.0040999999999999995,False
2025-02-18,2.171,2.743,-0.0109,False
2025-02-19,2.2,2.772,0.0134,False
2025-02-20,2.228,2.8,0.0127,False
2025-02-21,2.252,2.824,0.0108,False
2025-02-24,2.246,2.818,-0.0027,False
2025-02-25,2.229,2.801,-0.0076,False
2025-02-26,2.244,2.816,0.0067,False
2025-02-27,2.269,2.841,0.0111,False
2025-02-28,2.203,2.775,-0.0291,False
2025-03-03,2.195,2.767,-0.0036,False
2025-03-04,2.199,2.771,0.0018,False
2025-03-05,2.208,2.78,0.0040999999999999995,False
2025-03-06,2.228,2.8,0.0091,False
2025-03-07,2.225,2.797,-0.0013,False
2025-03-10,2.218,2.79,-0.0031,False
2025-03-11,2.217,2.789,-0.0005,False
2025-03-12,2.208,2.78,-0.0040999999999999995,False
2025-03-13,2.189,2.761,-0.0086,False
2025-03-14,2.226,2.798,0.0169,False
2025-03-17,2.228,2.8,0.0009,False
2025-03-18,2.246,2.818,0.008100000000000001,False
2025-03-19,2.235,2.807,-0.0049,False
2025-03-20,2.225,2.797,-0.0045000000000000005,False
2025-03-21,2.184,2.756,-0.0184,False
2025-03-24,2.202,2.774,0.008199999999999999,False
2025-03-25,2.198,2.77,-0.0018,False
2025-03-26,2.194,2.766,-0.0018,False
2025-03-27,2.198,2.77,0.0018,False
2025-03-28,2.187,2.759,-0.005,False
2025-03-31,2.187,2.759,0.0,False
2025-04-01,2.175,2.747,-0.0055000000000000005,False
2025-04-02,2.174,2.746,-0.0005,False
2025-04-03,2.074,2.646,-0.046,False
2025-04-07,1.879,2.451,-0.094,False
2025-04-08,1.825,2.397,-0.0287,False
2025-04-09,1.829,2.401,0.0022,False
2025-04-10,1.904,2.476,0.040999999999999995,False
2025-04-11,1.943,2.515,0.020499999999999997,False
2025-04-14,1.951,2.523,0.0040999999999999995,False
2025-04-15,1.939,2.511,-0.0062,False
2025-04-16,1.901,2.473,-0.0196,False
2025-04-17,1.897,2.469,-0.0021,False
2025-04-18,1.909,2.481,0.0063,False
2025-04-21,1.941,2.513,0.0168,False
2025-04-22,1.926,2.498,-0.0077,False
2025-04-23,1.961,2.533,0.0182,False
2025-04-24,1.937,2.509,-0.012199999999999999,False
2025-04-25,1.957,2.529,0.0103,False
2025-04-28,1.937,2.509,-0.0102,False
2025-04-29,1.924,2.496,-0.0067,False
2025-04-30,1.935,2.507,0.005699999999999999,False
2025-05-06,1.97,2.542,0.0181,False
2025-05-07,1.971,2.543,0.0005,False
2025-05-08,1.989,2.561,0.0091,False
2025-05-09,1.968,2.54,-0.0106,False
2025-05-12,2.014,2.586,0.023399999999999997,False
2025-05-13,2.009,2.581,-0.0025,False
2025-05-14,2.011,2.583,0.001,False
2025-05-15,1.978,2.55,-0.016399999999999998,False
2025-05-16,1.974,2.546,-0.002,False
2025-05-19,1.976,2.548,0.001,False
2025-05-20,2.0,2.572,0.0121,False
2025-05-21,2.003,2.575,0.0015,False
2025-05-22,1.987,2.559,-0.008,False
2025-05-23,1.978,2.55,-0.0045000000000000005,False
2025-05-26,1.969,2.541,-0.0046,False
2025-05-27,1.955,2.527,-0.0070999999999999995,False
2025-05-28,1.958,2.53,0.0015,False
2025-05-29,1.999,2.571,0.0209,False
2025-05-30,1.974,2.546,-0.0125,False
2025-06-03,1.971,2.543,-0.0015,False
2025-06-04,1.994,2.566,0.011699999999999999,False
2025-06-05,2.01,2.582,0.008,False
2025-06-06,2.001,2.573,-0.0045000000000000005,False
2025-06-09,2.028,2.6,0.013500000000000002,False
2025-06-10,2.026,2.598,-0.001,False
2025-06-11,2.033,2.605,0.0034999999999999996,False
2025-06-12,2.041,2.613,0.0039000000000000003,False
2025-06-13,2.02,2.592,-0.0103,False
2025-06-16,2.027,2.599,0.0034999999999999996,False
2025-06-17,2.002,2.574,-0.0123,False
2025-06-18,2.012,2.584,0.005,False
2025-06-19,1.994,2.566,-0.0089,False
2025-06-20,1.992,2.564,-0.001,False
2025-06-23,2.008,2.58,0.008,False
2025-06-24,2.019,2.591,0.0055000000000000005,False
2025-06-25,2.036,2.608,0.0084,False
2025-06-26,2.024,2.596,-0.0059,False
2025-06-27,2.046,2.618,0.0109,False
2025-06-30,2.079,2.651,0.0161,False
2025-07-01,2.102,2.674,0.0111,False
2025-07-02,2.072,2.644,-0.0143,False
2025-07-03,2.121,2.693,0.0236,False
2025-07-04,2.113,2.685,-0.0038,False
2025-07-07,2.091,2.663,-0.0104,False
2025-07-08,2.11,2.682,0.0091,False
2025-07-09,2.102,2.674,-0.0038,False
2025-07-10,2.102,2.674,0.0,False
2025-07-11,2.11,2.682,0.0038,False
2025-07-14,2.131,2.703,0.01,False
2025-07-15,2.156,2.728,0.011699999999999999,False
2025-07-16,2.168,2.74,0.005600000000000001,False
2025-07-17,2.211,2.783,0.019799999999999998,False
2025-07-18,2.209,2.781,-0.0009,False
2025-07-21,2.249,2.821,0.0181,False
2025-07-22,2.237,2.809,-0.0053,False
2025-07-23,2.238,2.81,0.0004,False
2025-07-24,2.247,2.819,0.004,False
2025-07-25,2.246,2.818,-0.0004,False
2025-07-28,2.255,2.827,0.004,False
2025-07-29,2.272,2.844,0.0075,False
2025-07-30,2.264,2.836,-0.0034999999999999996,False
2025-07-31,2.249,2.821,-0.0066,False
2025-08-01,2.249,2.821,0.0,False
2025-08-04,2.256,2.828,0.0031,False
2025-08-05,2.265,2.837,0.004,False
2025-08-06,2.271,2.843,0.0026,False
2025-08-07,2.254,2.826,-0.0075,False
2025-08-08,2.263,2.835,0.004,False
2025-08-11,2.305,2.877,0.018600000000000002,False
2025-08-12,2.307,2.879,0.0009,False
2025-08-13,2.369,2.941,0.0269,False
2025-08-14,2.365,2.937,-0.0017000000000000001,False
2025-08-15,2.409,2.981,0.018600000000000002,False
2025-08-18,2.442,3.014,0.0137,False
2025-08-19,2.444,3.016,0.0008,False
2025-08-20,2.449,3.021,0.002,False
2025-08-21,2.449,3.021,0.0,False
2025-08-22,2.492,3.064,0.0176,False
2025-08-25,2.551,3.123,0.023700000000000002,False
2025-08-26,2.555,3.127,0.0016,False
2025-08-27,2.512,3.084,-0.0168,False
2025-08-28,2.569,3.141,0.0227,False
2025-08-29,2.573,3.145,0.0016,False
2025-09-01,2.61,3.182,0.0144,False
2025-09-02,2.53,3.102,-0.030699999999999998,False
2025-09-03,2.541,3.113,0.0043,False
2025-09-04,2.482,3.054,-0.0232,False
2025-09-05,2.576,3.148,0.0379,False
2025-09-08,2.589,3.161,0.005,False
2025-09-09,2.545,3.117,-0.017,False
2025-09-10,2.535,3.107,-0.0039000000000000003,False
2025-09-11,2.631,3.203,0.0379,False
2025-09-12,2.644,3.216,0.0049,False
2025-09-15,2.629,3.201,-0.005699999999999999,False
2025-09-16,2.645,3.217,0.0060999999999999995,False
2025-09-17,2.676,3.248,0.011699999999999999,False
2025-09-18,2.671,3.243,-0.0019,False
2025-09-19,2.674,3.246,0.0011,False
2025-09-22,2.733,3.305,0.022099999999999998,False
2025-09-23,2.738,3.31,0.0018,False
2025-09-24,2.792,3.364,0.0197,False
2025-09-25,2.803,3.375,0.0039000000000000003,False
2025-09-26,2.725,3.297,-0.0278,False
2025-09-29,2.756,3.328,0.011399999999999999,False
2025-09-30,2.769,3.341,0.004699999999999999,False
2025-10-09,2.781,3.353,0.0043,False
2025-10-10,2.692,3.264,-0.032,False
2025-10-13,2.671,3.243,-0.0078000000000000005,False
2025-10-14,2.592,3.164,-0.0296,False
2025-10-15,2.692,3.264,0.038599999999999995,False
2025-10-16,2.701,3.273,0.0033,False
2025-10-17,2.601,3.173,-0.037000000000000005,False
2025-10-20,2.642,3.214,0.0158,False
2025-10-21,2.681,3.253,0.0148,False
2025-10-22,2.654,3.226,-0.0101,False
2025-10-23,2.644,3.216,-0.0038,False
2025-10-24,2.717,3.289,0.0276,False
2025-10-27,2.763,3.335,0.0169,False
2025-10-28,2.733,3.305,-0.0109,False
2025-10-29,2.832,3.404,0.0362,False
2025-10-30,2.788,3.36,-0.0155,False
2025-10-31,2.774,3.346,-0.005,False
2025-11-03,2.793,3.365,0.0068000000000000005,False
2025-11-04,2.739,3.311,-0.019299999999999998,False
2025-11-05,2.759,3.331,0.0073,False
2025-11-06,2.818,3.39,0.021400000000000002,False
2025-11-07,2.783,3.355,-0.0124,False
2025-11-10,2.775,3.347,-0.0029,False
2025-11-11,2.741,3.313,-0.0123,False
2025-11-12,2.709,3.281,-0.011699999999999999,False
2025-11-13,2.754,3.326,0.0166,False
2025-11-14,2.686,3.258,-0.024700000000000003,False
2025-11-17,2.679,3.251,-0.0026,False
2025-11-18,2.661,3.233,-0.0067,False
2025-11-19,2.657,3.229,-0.0015,False
2025-11-20,2.638,3.21,-0.0072,False
2025-11-21,2.54,3.112,-0.0371,False
2025-11-24,2.562,3.134,0.0087,False
2025-11-25,2.624,3.196,0.0242,False
2025-11-26,2.645,3.217,0.008,False
2025-11-27,2.633,3.205,-0.0045000000000000005,False
2025-11-28,2.658,3.23,0.0095,False
2025-12-01,2.662,3.234,0.0015,False
2025-12-02,2.631,3.203,-0.0116,False
2025-12-03,2.621,3.193,-0.0038,False
2025-12-04,2.638,3.21,0.006500000000000001,False
2025-12-05,2.653,3.225,0.005699999999999999,False
2025-12-08,2.689,3.261,0.013600000000000001,False
2025-12-09,2.699,3.271,0.0037,False
2025-12-10,2.697,3.269,-0.0007000000000000001,False
2025-12-11,2.645,3.217,-0.019299999999999998,False
2025-12-12,2.672,3.244,0.0102,False
2025-12-15,2.62,3.192,-0.0195,False
2025-12-16,2.563,3.135,-0.0218,False
2025-12-17,2.64,3.212,0.03,False
2025-12-18,2.593,3.165,-0.0178,False
2025-12-19,2.595,3.167,0.0008,False
2025-12-22,2.65,3.222,0.0212,False
2025-12-23,2.657,3.229,0.0026,False
2025-12-24,2.708,3.28,0.0192,False
2025-12-25,2.702,3.274,-0.0022,False
2025-12-26,2.72,3.292,0.0067,False
2025-12-29,2.71,3.282,-0.0037,False
2025-12-30,2.715,3.287,0.0018,False
2025-12-31,2.692,3.264,-0.0085,False
2026-01-05,2.76,3.332,0.0253,False
2026-01-06,2.793,3.365,0.012,False
2026-01-07,2.818,3.39,0.009000000000000001,False
2026-01-08,2.815,3.387,-0.0011,False
2026-01-09,2.861,3.433,0.0163,False
2026-01-12,2.87,3.442,0.0031,False
2026-01-13,2.835,3.407,-0.012199999999999999,False
2026-01-14,2.861,3.433,0.0092,False
2026-01-15,2.897,3.469,0.0126,False
2026-01-16,2.923,3.495,0.009000000000000001,False
2026-01-19,2.958,3.53,0.012,False
2026-01-20,2.906,3.478,-0.0176,False
2026-01-21,2.966,3.538,0.0206,False
2026-01-22,2.975,3.547,0.003,False
2026-01-23,2.995,3.567,0.0067,False
2026-01-26,2.989,3.561,-0.002,False
2026-01-27,3.016,3.588,0.009000000000000001,False
2026-01-28,3.058,3.63,0.0139,False
2026-01-29,2.974,3.546,-0.0275,False
2026-01-30,2.972,3.544,-0.0007000000000000001,False
2026-02-02,2.888,3.46,-0.028300000000000002,False
2026-02-03,2.981,3.553,0.0322,False
2026-02-04,2.991,3.563,0.0034000000000000002,False
2026-02-05,2.925,3.497,-0.022099999999999998,False
2026-02-06,2.906,3.478,-0.006500000000000001,False
2026-02-09,3.027,3.599,0.0416,False
2026-02-10,3.054,3.626,0.0089,False
2026-02-11,3.049,3.621,-0.0016,False
2026-02-12,3.138,3.71,0.0292,False
2026-02-13,3.087,3.659,-0.0163,False
2026-02-24,3.152,3.724,0.021099999999999997,False
2026-02-25,3.22,3.792,0.0216,False
2026-02-26,3.271,3.843,0.0158,False
2026-02-27,3.255,3.827,-0.0049,False
2026-03-02,3.274,3.846,0.0058,False
2026-03-03,3.156,3.728,-0.036000000000000004,False
2026-03-04,3.128,3.7,-0.0089,False
2026-03-05,3.157,3.729,0.009300000000000001,False
2026-03-06,3.135,3.707,-0.006999999999999999,False
2026-03-09,3.112,3.684,-0.0073,False
2026-03-10,3.2,3.772,0.028300000000000002,False
2026-03-11,3.201,3.773,0.0003,False
2026-03-12,3.164,3.736,-0.0116,False
2026-03-13,3.141,3.713,-0.0073,False
2026-03-16,3.132,3.704,-0.0029,False
2026-03-17,3.06,3.632,-0.023,False
2026-03-18,3.117,3.689,0.018600000000000002,False
2026-03-19,3.05,3.622,-0.0215,False
2026-03-20,3.028,3.6,-0.0072,False
2026-03-23,2.903,3.475,-0.041299999999999996,False
2026-03-24,2.954,3.526,0.0176,False
2026-03-25,3.036,3.608,0.0278,False
2026-03-26,2.977,3.549,-0.0194,False
2026-03-27,2.984,3.556,0.0024,False
2026-03-30,2.985,3.557,0.0003,False
2026-03-31,2.92,3.492,-0.0218,False
2026-04-01,2.971,3.543,0.0175,False
2026-04-02,2.887,3.459,-0.028300000000000002,False
2026-04-03,2.888,3.46,0.0003,False
2026-04-07,2.93,3.502,0.014499999999999999,False
2026-04-08,3.075,3.647,0.0495,False
2026-04-09,3.103,3.675,0.0091,False
2026-04-10,3.158,3.73,0.0177,False
2026-04-13,3.193,3.765,0.0111,False
2026-04-14,3.28,3.852,0.027200000000000002,False
2026-04-15,3.246,3.818,-0.0104,False
2026-04-16,3.329,3.901,0.0256,False
2026-04-17,3.34,3.912,0.0033,False
2026-04-20,3.377,3.949,0.0111,False
2026-04-21,3.374,3.946,-0.0009,False
2026-04-22,3.44,4.012,0.0196,False
2026-04-23,3.437,4.009,-0.0009,False
2026-04-24,3.444,4.016,0.002,False
2026-04-27,3.472,4.044,0.008100000000000001,False
2026-04-28,3.462,4.034,-0.0029,False
2026-04-29,3.515,4.087,0.015300000000000001,False
2026-04-30,3.566,4.138,0.014499999999999999,False
2026-05-06,3.64,4.212,0.0208,False
2026-05-07,3.709,4.281,0.019,False
2026-05-08,3.69,4.262,-0.0051,False
2026-05-11,3.783,4.355,0.0252,False
2026-05-12,3.799,4.371,0.0042,False
2026-05-13,3.901,4.473,0.0268,False
2026-05-14,3.795,4.367,-0.027200000000000002,False
2026-05-15,3.76,4.332,-0.0092,False
2026-05-18,3.783,4.355,0.0060999999999999995,False
2026-05-19,3.83,4.402,0.0124,False
2026-05-20,3.862,4.434,0.0084,False
2026-05-21,3.767,4.339,-0.0246,False
2026-05-22,3.935,4.507,0.0446,False
2026-05-25,4.037,4.609,0.0259,False
2026-05-26,4.045,4.617,0.002,False
2026-05-27,4.031,4.603,-0.0034999999999999996,False
2026-05-28,4.097,4.669,0.016399999999999998,False
2026-05-29,4.0,4.572,-0.023700000000000002,False
2026-06-01,3.917,4.489,-0.0208,False
2026-06-02,4.038,4.61,0.030899999999999997,False
2026-06-03,4.037,4.609,-0.0002,False
2026-06-04,4.045,4.617,0.002,False
2026-06-05,3.91,4.482,-0.0334,False
2026-06-08,3.776,4.348,-0.034300000000000004,False
2026-06-09,3.954,4.526,0.0471,False
2026-06-10,3.861,4.433,-0.0235,False
2026-06-11,3.839,4.411,-0.005699999999999999,False
2026-06-12,3.871,4.443,0.0083,False
2026-06-15,4.096,4.668,0.0581,False
2026-06-16,4.135,4.707,0.0095,False
2026-06-17,4.228,4.8,0.0225,False
2026-06-18,4.339,4.911,0.0263,False
2026-06-22,4.415,4.987,0.0175,False
2026-06-23,4.247,4.819,-0.0381,False
2026-06-24,4.376,4.948,0.0304,False
2026-06-25,4.428,5.0,0.011899999999999999,False
2026-06-26,4.295,4.867,-0.03,False
2026-06-29,4.348,4.92,0.0123,False
2026-06-30,4.499,5.071,0.0347,False
2026-07-01,4.372,4.944,-0.0282,False
2026-07-02,4.144,4.716,-0.052199999999999996,False
2026-07-03,4.165,4.737,0.0051,False
2026-07-06,4.15,4.722,-0.0036,False
2026-07-07,4.09,4.662,-0.014499999999999999,False
2026-07-08,4.009,4.581,-0.019799999999999998,False
2026-07-09,4.146,4.718,0.0342,False
2026-07-10,4.018,4.59,-0.030899999999999997,False
2026-07-13,3.858,4.43,-0.0398,False
2026-07-14,3.975,4.547,0.030299999999999997,False
2026-07-15,3.88,4.452,-0.0239,False
2026-07-16,3.75,4.322,-0.0335,False
2026-07-17,3.519,4.091,-0.0616,False
2026-07-20,3.402,3.974,-0.0332,False
2026-07-21,3.628,4.2,0.0664,False
2026-07-22,3.59,4.162,-0.0105,False
2026-07-23,3.623,4.195,0.0092,False
2026-07-24,3.535,4.107,-0.024300000000000002,False
2026-07-27,3.654,4.226,0.0337,False
2026-07-28,3.436,4.008,-0.059699999999999996,False
2026-07-29,3.456,4.028,0.0058,False
2026-07-30,3.29,3.862,-0.048,False
2026-07-31,3.363,3.935,0.0222,False
2026-08-03,3.266,3.838,-0.0288,False
2026-08-04,3.411,3.983,0.0444,False
2026-08-05,3.541,4.113,0.0381,False
2026-08-06,3.568,4.14,0.0076,False
2026-08-07,3.67,4.242,0.0286,False
2026-08-10,3.647,4.219,-0.0063,False
2026-08-11,3.641,4.213,-0.0016,False
2026-08-12,3.695,4.267,0.0148,False
2026-08-13,3.652,4.224,-0.0116,False
2026-08-14,3.691,4.263,0.010700000000000001,False
2026-08-17,3.824,4.396,0.036000000000000004,False
2026-08-18,3.805,4.377,-0.005,False
2026-08-19,3.595,4.167,-0.0552,False
2026-08-20,3.606,4.178,0.0031,False
2026-08-21,3.668,4.24,0.0172,False
2026-08-24,3.579,4.151,-0.024300000000000002,False
2026-08-25,3.576,4.148,-0.0008,False
2026-08-26,3.629,4.201,0.0148,False
2026-08-27,3.693,4.265,0.0176,False
2026-08-28,3.67,4.242,-0.0062,False
2026-08-31,3.694,4.266,0.006500000000000001,False
2026-09-01,3.622,4.194,-0.0195,False
2026-09-02,3.563,4.135,-0.0163,False
2026-09-03,3.581,4.153,0.0051,False
2026-09-04,3.504,4.076,-0.0215,False
2026-09-07,3.599,4.171,0.0271,False
2026-09-08,3.597,4.169,-0.0006,False
2026-09-09,3.619,4.191,0.0060999999999999995,False
2026-09-10,3.593,4.165,-0.0072,False
2026-09-11,3.567,4.139,-0.0072,False
2026-09-14,3.541,4.113,-0.0073,False
