date,nav,nav_acc,daily_ret,suspicious_jump
2015-04-28,1.0,1.0,0.0,False
2015-04-30,0.999,0.999,0.0,False
2015-05-08,0.999,0.999,0.0,False
2015-05-11,1.003,1.003,0.004004,False
2015-05-12,1.006,1.006,0.0029909999999999997,False
2015-05-13,1.008,1.008,0.001988,False
2015-05-14,1.008,1.008,0.0,False
2015-05-15,1.008,1.008,0.0,False
2015-05-18,1.009,1.009,0.000992,False
2015-05-19,1.009,1.009,0.0,False
2015-05-20,1.01,1.01,0.000991,False
2015-05-21,1.012,1.012,0.00198,False
2015-05-22,1.012,1.012,0.0,False
2015-05-25,1.013,1.013,0.000988,False
2015-05-26,1.016,1.016,0.0029620000000000002,False
2015-05-27,1.016,1.016,0.0,False
2015-05-28,1.007,1.007,-0.008858,False
2015-05-29,1.008,1.008,0.000993,False
2015-06-01,1.015,1.015,0.0069440000000000005,False
2015-06-02,1.018,1.018,0.002956,False
2015-06-03,1.019,1.019,0.000982,False
2015-06-04,1.018,1.018,-0.000981,False
2015-06-05,1.019,1.019,0.000982,False
2015-06-08,1.017,1.017,-0.001963,False
2015-06-09,1.015,1.015,-0.001967,False
2015-06-10,1.018,1.018,0.002956,False
2015-06-11,1.019,1.019,0.000982,False
2015-06-12,1.021,1.021,0.001963,False
2015-06-15,1.017,1.017,-0.003918,False
2015-06-16,1.012,1.012,-0.004916,False
2015-06-17,1.013,1.013,0.000988,False
2015-06-18,1.012,1.012,-0.000987,False
2015-06-19,1.011,1.011,-0.000988,False
2015-06-23,1.011,1.011,0.0,False
2015-06-24,1.011,1.011,0.0,False
2015-06-25,1.011,1.011,0.0,False
2015-06-26,1.01,1.01,-0.000989,False
2015-06-29,1.009,1.009,-0.00099,False
2015-06-30,1.018,1.018,0.00892,False
2015-07-01,1.008,1.008,-0.009823,False
2015-07-02,1.011,1.011,0.002976,False
2015-07-03,0.998,0.998,-0.012859,False
2015-07-06,1.021,1.021,0.023046,False
2015-07-07,1.021,1.021,0.0,False
2015-07-08,1.023,1.023,0.001959,False
2015-07-09,1.025,1.025,0.001955,False
2015-07-10,1.031,1.031,0.005854000000000001,False
2015-07-13,1.034,1.034,0.00291,False
2015-07-14,1.03,1.03,-0.003868,False
2015-07-15,1.022,1.022,-0.007767,False
2015-07-16,1.019,1.019,-0.0029349999999999997,False
2015-07-17,1.021,1.021,0.001963,False
2015-07-20,1.022,1.022,0.000979,False
2015-07-21,1.022,1.022,0.0,False
2015-07-22,1.023,1.023,0.000978,False
2015-07-23,1.024,1.024,0.000978,False
2015-07-24,1.023,1.023,-0.000977,False
2015-07-27,1.018,1.018,-0.004888,False
2015-07-28,1.018,1.018,0.0,False
2015-07-29,1.018,1.018,0.0,False
2015-07-30,1.017,1.017,-0.000982,False
2015-07-31,1.018,1.018,0.000983,False
2015-08-03,1.021,1.021,0.002947,False
2015-08-04,1.022,1.022,0.000979,False
2015-08-05,1.021,1.021,-0.000978,False
2015-08-06,1.02,1.02,-0.000979,False
2015-08-07,1.021,1.021,0.00098,False
2015-08-10,1.024,1.024,0.002938,False
2015-08-11,1.025,1.025,0.000977,False
2015-08-12,1.022,1.022,-0.0029270000000000003,False
2015-08-13,1.022,1.022,0.0,False
2015-08-14,1.022,1.022,0.0,False
2015-08-17,1.022,1.022,0.0,False
2015-08-18,1.019,1.019,-0.0029349999999999997,False
2015-08-19,1.018,1.018,-0.000981,False
2015-08-20,1.018,1.018,0.0,False
2015-08-21,1.018,1.018,0.0,False
2015-08-24,1.018,1.018,0.0,False
2015-08-25,1.018,1.018,0.0,False
2015-08-26,1.018,1.018,0.0,False
2015-08-27,1.018,1.018,0.0,False
2015-08-28,1.018,1.018,0.0,False
2015-08-31,1.018,1.018,0.0,False
2015-09-01,1.018,1.018,0.0,False
2015-09-02,1.018,1.018,0.0,False
2015-09-07,1.018,1.018,0.0,False
2015-09-08,1.018,1.018,0.0,False
2015-09-09,1.019,1.019,0.000982,False
2015-09-10,1.017,1.017,-0.001963,False
2015-09-11,1.017,1.017,0.0,False
2015-09-14,1.015,1.015,-0.001967,False
2015-09-15,1.015,1.015,0.0,False
2015-09-16,1.015,1.015,0.0,False
2015-09-17,1.015,1.015,0.0,False
2015-09-18,1.015,1.015,0.0,False
2015-09-21,1.015,1.015,0.0,False
2015-09-22,1.015,1.015,0.0,False
2015-09-23,1.015,1.015,0.0,False
2015-09-24,1.015,1.015,0.0,False
2015-09-25,1.015,1.015,0.0,False
2015-09-28,1.015,1.015,0.0,False
2015-09-29,1.015,1.015,0.0,False
2015-09-30,1.015,1.015,0.0,False
2015-10-08,1.015,1.015,0.0,False
2015-10-09,1.015,1.015,0.0,False
2015-10-12,1.015,1.015,0.0,False
2015-10-13,1.015,1.015,0.0,False
2015-10-14,1.013,1.013,-0.00197,False
2015-10-15,1.017,1.017,0.003948999999999999,False
2015-10-16,1.019,1.019,0.001967,False
2015-10-19,1.02,1.02,0.000981,False
2015-10-20,1.029,1.029,0.008824,False
2015-10-21,0.992,0.992,-0.035956999999999996,False
2015-10-22,1.014,1.014,0.022177,False
2015-10-23,1.03,1.03,0.015779,False
2015-10-26,1.032,1.032,0.0019420000000000001,False
2015-10-27,1.029,1.029,-0.0029070000000000003,False
2015-10-28,1.01,1.01,-0.018465,False
2015-10-29,1.02,1.02,0.009901,False
2015-10-30,1.027,1.027,0.006863,False
2015-11-02,1.011,1.011,-0.015579,False
2015-11-03,1.01,1.01,-0.000989,False
2015-11-04,1.053,1.053,0.042573999999999994,False
2015-11-05,1.058,1.058,0.004748,False
2015-11-06,1.072,1.072,0.013233,False
2015-11-09,1.08,1.08,0.007463,False
2015-11-10,1.076,1.076,-0.0037040000000000003,False
2015-11-11,1.084,1.084,0.007435000000000001,False
2015-11-12,1.091,1.091,0.006458,False
2015-11-13,1.063,1.063,-0.025665,False
2015-11-16,1.082,1.082,0.017874,False
2015-11-17,1.077,1.077,-0.004621,False
2015-11-18,1.063,1.063,-0.012999,False
2015-11-19,1.087,1.087,0.022578,False
2015-11-20,1.084,1.084,-0.0027600000000000003,False
2015-11-23,1.077,1.077,-0.006458,False
2015-11-24,1.084,1.084,0.006500000000000001,False
2015-11-25,1.095,1.095,0.010147999999999999,False
2015-11-26,1.079,1.079,-0.014612,False
2015-11-27,1.025,1.025,-0.050046,False
2015-11-30,1.03,1.03,0.004878,False
2015-12-01,1.034,1.034,0.0038829999999999997,False
2015-12-02,1.04,1.04,0.005803,False
2015-12-03,1.059,1.059,0.018269,False
2015-12-04,1.052,1.052,-0.00661,False
2015-12-07,1.058,1.058,0.005703000000000001,False
2015-12-08,1.034,1.034,-0.022684000000000003,False
2015-12-09,1.039,1.039,0.004836,False
2015-12-10,1.039,1.039,0.0,False
2015-12-11,1.041,1.041,0.001925,False
2015-12-14,1.065,1.065,0.023055,False
2015-12-15,1.068,1.068,0.002817,False
2015-12-16,1.07,1.07,0.0018729999999999999,False
2015-12-17,1.09,1.09,0.018692,False
2015-12-18,1.092,1.092,0.001835,False
2015-12-21,1.114,1.114,0.020146999999999998,False
2015-12-22,1.116,1.116,0.001795,False
2015-12-23,1.109,1.109,-0.006272,False
2015-12-24,1.097,1.097,-0.010821,False
2015-12-25,1.097,1.097,0.0,False
2015-12-28,1.071,1.071,-0.023701,False
2015-12-29,1.082,1.082,0.010270999999999999,False
2015-12-30,1.084,1.084,0.0018479999999999998,False
2015-12-31,1.074,1.074,-0.009225,False
2016-01-04,0.991,0.991,-0.077281,False
2016-01-05,0.987,0.987,-0.0040360000000000005,False
2016-01-06,1.002,1.002,0.015198,False
2016-01-07,0.929,0.929,-0.072854,False
2016-01-08,0.943,0.943,0.015069999999999998,False
2016-01-11,0.888,0.888,-0.058324,False
2016-01-12,0.897,0.897,0.010135,False
2016-01-13,0.876,0.876,-0.023411,False
2016-01-14,0.9,0.9,0.027397,False
2016-01-15,0.87,0.87,-0.033333,False
2016-01-18,0.878,0.878,0.009195,False
2016-01-19,0.912,0.912,0.038724,False
2016-01-20,0.903,0.903,-0.009868,False
2016-01-21,0.876,0.876,-0.029900000000000003,False
2016-01-22,0.884,0.884,0.009132,False
2016-01-25,0.893,0.893,0.010181,False
2016-01-26,0.839,0.839,-0.060469999999999996,False
2016-01-27,0.832,0.832,-0.008343,False
2016-01-28,0.811,0.811,-0.02524,False
2016-01-29,0.841,0.841,0.036991,False
2016-02-01,0.836,0.836,-0.005945000000000001,False
2016-02-02,0.863,0.863,0.032297,False
2016-02-03,0.862,0.862,-0.001159,False
2016-02-04,0.87,0.87,0.009281000000000001,False
2016-02-05,0.866,0.866,-0.004598,False
2016-02-15,0.865,0.865,-0.001155,False
2016-02-16,0.883,0.883,0.020809,False
2016-02-17,0.887,0.887,0.00453,False
2016-02-18,0.891,0.891,0.00451,False
2016-02-19,0.9,0.9,0.010101,False
2016-02-22,0.917,0.917,0.018889,False
2016-02-23,0.911,0.911,-0.006543,False
2016-02-24,0.912,0.912,0.001098,False
2016-02-25,0.845,0.845,-0.073465,False
2016-02-26,0.857,0.857,0.014200999999999998,False
2016-02-29,0.83,0.83,-0.031505,False
2016-03-01,0.844,0.844,0.016867,False
2016-03-02,0.878,0.878,0.04028400000000001,False
2016-03-03,0.876,0.876,-0.002278,False
2016-03-04,0.876,0.876,0.0,False
2016-03-07,0.88,0.88,0.004566,False
2016-03-08,0.865,0.865,-0.017044999999999998,False
2016-03-09,0.841,0.841,-0.027746,False
2016-03-10,0.825,0.825,-0.019025,False
2016-03-11,0.826,0.826,0.001212,False
2016-03-14,0.839,0.839,0.015738000000000002,False
2016-03-15,0.83,0.83,-0.010727,False
2016-03-16,0.828,0.828,-0.00241,False
2016-03-17,0.844,0.844,0.019323999999999997,False
2016-03-18,0.869,0.869,0.029620999999999998,False
2016-03-21,0.895,0.895,0.029918999999999998,False
2016-03-22,0.888,0.888,-0.007821,False
2016-03-23,0.893,0.893,0.005631000000000001,False
2016-03-24,0.87,0.87,-0.025756,False
2016-03-25,0.875,0.875,0.0057469999999999995,False
2016-03-28,0.862,0.862,-0.014857,False
2016-03-29,0.853,0.853,-0.010441,False
2016-03-30,0.877,0.877,0.028136,False
2016-03-31,0.882,0.882,0.005701,False
2016-04-01,0.882,0.882,0.0,False
2016-04-05,0.896,0.896,0.015872999999999998,False
2016-04-06,0.889,0.889,-0.007813,False
2016-04-07,0.87,0.87,-0.021372,False
2016-04-08,0.856,0.856,-0.016092,False
2016-04-11,0.878,0.878,0.025701,False
2016-04-12,0.874,0.874,-0.004556,False
2016-04-13,0.899,0.899,0.028603999999999997,False
2016-04-14,0.901,0.901,0.002225,False
2016-04-15,0.897,0.897,-0.00444,False
2016-04-18,0.883,0.883,-0.015608,False
2016-04-19,0.885,0.885,0.002265,False
2016-04-20,0.867,0.867,-0.020339,False
2016-04-21,0.865,0.865,-0.002307,False
2016-04-22,0.859,0.859,-0.006936,False
2016-04-25,0.856,0.856,-0.0034920000000000003,False
2016-04-26,0.858,0.858,0.002336,False
2016-04-27,0.848,0.848,-0.011655,False
2016-04-28,0.842,0.842,-0.0070750000000000006,False
2016-04-29,0.843,0.843,0.001188,False
2016-05-03,0.861,0.861,0.021352000000000003,False
2016-05-04,0.858,0.858,-0.0034839999999999997,False
2016-05-05,0.859,0.859,0.001166,False
2016-05-06,0.831,0.831,-0.032596,False
2016-05-09,0.801,0.801,-0.036101,False
2016-05-10,0.8,0.8,-0.001248,False
2016-05-11,0.803,0.803,0.00375,False
2016-05-12,0.804,0.804,0.001245,False
2016-05-13,0.802,0.802,-0.0024879999999999998,False
2016-05-16,0.814,0.814,0.014962999999999999,False
2016-05-17,0.81,0.81,-0.004914,False
2016-05-18,0.798,0.798,-0.014815,False
2016-05-19,0.798,0.798,0.0,False
2016-05-20,0.802,0.802,0.005013,False
2016-05-23,0.807,0.807,0.006234,False
2016-05-24,0.8,0.8,-0.008674,False
2016-05-25,0.795,0.795,-0.00625,False
2016-05-26,0.802,0.802,0.008805,False
2016-05-27,0.801,0.801,-0.001247,False
2016-05-30,0.798,0.798,-0.003745,False
2016-05-31,0.833,0.833,0.04386,False
2016-06-01,0.833,0.833,0.0,False
2016-06-02,0.834,0.834,0.0012,False
2016-06-03,0.835,0.835,0.001199,False
2016-06-06,0.837,0.837,0.002395,False
2016-06-07,0.839,0.839,0.002389,False
2016-06-08,0.832,0.832,-0.008343,False
2016-06-13,0.802,0.802,-0.036058,False
2016-06-14,0.807,0.807,0.006234,False
2016-06-15,0.826,0.826,0.023544,False
2016-06-16,0.821,0.821,-0.006052999999999999,False
2016-06-17,0.83,0.83,0.010962000000000001,False
2016-06-20,0.83,0.83,0.0,False
2016-06-21,0.822,0.822,-0.009639,False
2016-06-22,0.837,0.837,0.018248,False
2016-06-23,0.825,0.825,-0.014336999999999999,False
2016-06-24,0.814,0.814,-0.013333,False
2016-06-27,0.834,0.834,0.024569999999999998,False
2016-06-28,0.846,0.846,0.014388000000000001,False
2016-06-29,0.847,0.847,0.0011819999999999999,False
2016-06-30,0.85,0.85,0.003542,False
2016-07-01,0.852,0.852,0.002353,False
2016-07-04,0.87,0.87,0.021126999999999996,False
2016-07-05,0.871,0.871,0.001149,False
2016-07-06,0.893,0.893,0.025258,False
2016-07-07,0.907,0.907,0.015677,False
2016-07-08,0.896,0.896,-0.012128000000000002,False
2016-07-11,0.897,0.897,0.001116,False
2016-07-12,0.907,0.907,0.011148,False
2016-07-13,0.908,0.908,0.001103,False
2016-07-14,0.91,0.91,0.002203,False
2016-07-15,0.903,0.903,-0.007692,False
2016-07-18,0.897,0.897,-0.006645,False
2016-07-19,0.898,0.898,0.001115,False
2016-07-20,0.895,0.895,-0.0033410000000000002,False
2016-07-21,0.897,0.897,0.002235,False
2016-07-22,0.887,0.887,-0.011148,False
2016-07-25,0.884,0.884,-0.003382,False
2016-07-26,0.898,0.898,0.015837,False
2016-07-27,0.873,0.873,-0.027839999999999997,False
2016-07-28,0.882,0.882,0.010308999999999999,False
2016-07-29,0.883,0.883,0.001134,False
2016-08-01,0.871,0.871,-0.01359,False
2016-08-02,0.874,0.874,0.003444,False
2016-08-03,0.875,0.875,0.001144,False
2016-08-04,0.88,0.88,0.005714,False
2016-08-05,0.879,0.879,-0.001136,False
2016-08-08,0.884,0.884,0.0056879999999999995,False
2016-08-09,0.885,0.885,0.001131,False
2016-08-10,0.888,0.888,0.0033900000000000002,False
2016-08-11,0.876,0.876,-0.013514,False
2016-08-12,0.887,0.887,0.012557,False
2016-08-15,0.91,0.91,0.025929999999999998,False
2016-08-16,0.91,0.91,0.0,False
2016-08-17,0.904,0.904,-0.006593,False
2016-08-18,0.896,0.896,-0.00885,False
2016-08-19,0.902,0.902,0.006696,False
2016-08-22,0.89,0.89,-0.013304,False
2016-08-23,0.893,0.893,0.0033710000000000003,False
2016-08-24,0.897,0.897,0.004479,False
2016-08-25,0.891,0.891,-0.0066890000000000005,False
2016-08-26,0.893,0.893,0.002245,False
2016-08-29,0.894,0.894,0.0011200000000000001,False
2016-08-30,0.896,0.896,0.0022370000000000003,False
2016-08-31,0.901,0.901,0.005580000000000001,False
2016-09-01,0.889,0.889,-0.013319000000000001,False
2016-09-02,0.889,0.889,0.0,False
2016-09-05,0.898,0.898,0.010124,False
2016-09-06,0.905,0.905,0.007795,False
2016-09-07,0.897,0.897,-0.00884,False
2016-09-08,0.9,0.9,0.0033439999999999998,False
2016-09-09,0.892,0.892,-0.008889000000000001,False
2016-09-12,0.865,0.865,-0.030269,False
2016-09-13,0.865,0.865,0.0,False
2016-09-14,0.859,0.859,-0.006936,False
2016-09-19,0.868,0.868,0.010477,False
2016-09-20,0.874,0.874,0.006912000000000001,False
2016-09-21,0.877,0.877,0.003432,False
2016-09-22,0.878,0.878,0.00114,False
2016-09-23,0.873,0.873,-0.005695,False
2016-09-26,0.86,0.86,-0.014891000000000001,False
2016-09-27,0.866,0.866,0.006977,False
2016-09-28,0.86,0.86,-0.006928,False
2016-09-29,0.87,0.87,0.011628000000000001,False
2016-09-30,0.871,0.871,0.001149,False
2016-10-10,0.876,0.876,0.0057410000000000004,False
2016-10-11,0.879,0.879,0.003425,False
2016-10-12,0.875,0.875,-0.004551,False
2016-10-13,0.875,0.875,0.0,False
2016-10-14,0.875,0.875,0.0,False
2016-10-17,0.871,0.871,-0.004571,False
2016-10-18,0.884,0.884,0.014924999999999999,False
2016-10-19,0.882,0.882,-0.002262,False
2016-10-20,0.881,0.881,-0.001134,False
2016-10-21,0.877,0.877,-0.00454,False
2016-10-24,0.893,0.893,0.018244,False
2016-10-25,0.903,0.903,0.011198,False
2016-10-26,0.895,0.895,-0.008859,False
2016-10-27,0.893,0.893,-0.002235,False
2016-10-28,0.895,0.895,0.0022400000000000002,False
2016-10-31,0.897,0.897,0.002235,False
2016-11-01,0.902,0.902,0.005574,False
2016-11-02,0.895,0.895,-0.0077610000000000005,False
2016-11-03,0.904,0.904,0.010056,False
2016-11-04,0.903,0.903,-0.001106,False
2016-11-07,0.917,0.917,0.015504,False
2016-11-08,0.913,0.913,-0.0043619999999999996,False
2016-11-09,0.914,0.914,0.001095,False
2016-11-10,0.923,0.923,0.009847,False
2016-11-11,0.947,0.947,0.026002,False
2016-11-14,0.954,0.954,0.007391999999999999,False
2016-11-15,0.948,0.948,-0.006289,False
2016-11-16,0.947,0.947,-0.001055,False
2016-11-17,0.947,0.947,0.0,False
2016-11-18,0.936,0.936,-0.011616,False
2016-11-21,0.942,0.942,0.00641,False
2016-11-22,0.963,0.963,0.022292999999999997,False
2016-11-23,0.962,0.962,-0.001038,False
2016-11-24,0.983,0.983,0.02183,False
2016-11-25,0.992,0.992,0.009156,False
2016-11-28,1.003,1.003,0.011089,False
2016-11-29,0.996,0.996,-0.006979,False
2016-11-30,0.987,0.987,-0.009035999999999999,False
2016-12-01,0.991,0.991,0.004053,False
2016-12-02,0.98,0.98,-0.0111,False
2016-12-05,0.954,0.954,-0.026531,False
2016-12-06,0.952,0.952,-0.002096,False
2016-12-07,0.96,0.96,0.008403,False
2016-12-08,0.956,0.956,-0.0041670000000000006,False
2016-12-09,0.958,0.958,0.002092,False
2016-12-12,0.932,0.932,-0.02714,False
2016-12-13,0.932,0.932,0.0,False
2016-12-14,0.928,0.928,-0.004292000000000001,False
2016-12-15,0.919,0.919,-0.009698,False
2016-12-16,0.919,0.919,0.0,False
2016-12-19,0.916,0.916,-0.0032640000000000004,False
2016-12-20,0.909,0.909,-0.0076419999999999995,False
2016-12-21,0.917,0.917,0.008801,False
2016-12-22,0.914,0.914,-0.0032719999999999997,False
2016-12-23,0.903,0.903,-0.012035,False
2016-12-26,0.905,0.905,0.002215,False
2016-12-27,0.905,0.905,0.0,False
2016-12-28,0.907,0.907,0.00221,False
2016-12-29,0.909,0.909,0.002205,False
2016-12-30,0.913,0.913,0.0044,False
2016-12-31,0.913,0.913,0.0,False
2017-01-03,0.913,0.913,0.0,False
2017-01-04,0.923,0.923,0.010953,False
2017-01-05,0.919,0.919,-0.004334,False
2017-01-06,0.908,0.908,-0.011970000000000001,False
2017-01-09,0.914,0.914,0.006608,False
2017-01-10,0.912,0.912,-0.002188,False
2017-01-11,0.906,0.906,-0.006579000000000001,False
2017-01-12,0.898,0.898,-0.00883,False
2017-01-13,0.89,0.89,-0.008909,False
2017-01-16,0.884,0.884,-0.006742000000000001,False
2017-01-17,0.893,0.893,0.010181,False
2017-01-18,0.895,0.895,0.0022400000000000002,False
2017-01-19,0.891,0.891,-0.004469,False
2017-01-20,0.9,0.9,0.010101,False
2017-01-23,0.908,0.908,0.008889000000000001,False
2017-01-24,0.907,0.907,-0.001101,False
2017-01-25,0.908,0.908,0.001103,False
2017-01-26,0.914,0.914,0.006608,False
2017-02-03,0.91,0.91,-0.004376,False
2017-02-06,0.914,0.914,0.004396,False
2017-02-07,0.914,0.914,0.0,False
2017-02-08,0.923,0.923,0.009847,False
2017-02-09,0.924,0.924,0.001083,False
2017-02-10,0.921,0.921,-0.003247,False
2017-02-13,0.925,0.925,0.0043430000000000005,False
2017-02-14,0.921,0.921,-0.004324,False
2017-02-15,0.913,0.913,-0.008686000000000001,False
2017-02-16,0.916,0.916,0.003286,False
2017-02-17,0.914,0.914,-0.002183,False
2017-02-20,0.924,0.924,0.010941000000000001,False
2017-02-21,0.925,0.925,0.001082,False
2017-02-22,0.929,0.929,0.004324,False
2017-02-23,0.925,0.925,-0.004306,False
2017-02-24,0.924,0.924,-0.001081,False
2017-02-27,0.916,0.916,-0.008658,False
2017-02-28,0.919,0.919,0.003275,False
2017-03-01,0.916,0.916,-0.0032640000000000004,False
2017-03-02,0.912,0.912,-0.004366999999999999,False
2017-03-03,0.911,0.911,-0.001096,False
2017-03-06,0.916,0.916,0.005488,False
2017-03-07,0.919,0.919,0.003275,False
2017-03-08,0.916,0.916,-0.0032640000000000004,False
2017-03-09,0.908,0.908,-0.008733999999999999,False
2017-03-10,0.908,0.908,0.0,False
2017-03-13,0.918,0.918,0.011013,False
2017-03-14,0.919,0.919,0.001089,False
2017-03-15,0.92,0.92,0.001088,False
2017-03-16,0.926,0.926,0.006522,False
2017-03-17,0.916,0.916,-0.010799000000000001,False
2017-03-20,0.914,0.914,-0.002183,False
2017-03-21,0.915,0.915,0.001094,False
2017-03-22,0.908,0.908,-0.0076500000000000005,False
2017-03-23,0.911,0.911,0.003304,False
2017-03-24,0.916,0.916,0.005488,False
2017-03-27,0.914,0.914,-0.002183,False
2017-03-28,0.91,0.91,-0.004376,False
2017-03-29,0.909,0.909,-0.001099,False
2017-03-30,0.903,0.903,-0.006601,False
2017-03-31,0.912,0.912,0.009967,False
2017-04-05,0.921,0.921,0.009868,False
2017-04-06,0.916,0.916,-0.005429000000000001,False
2017-04-07,0.92,0.92,0.004366999999999999,False
2017-04-10,0.914,0.914,-0.006522,False
2017-04-11,0.912,0.912,-0.002188,False
2017-04-12,0.915,0.915,0.0032890000000000003,False
2017-04-13,0.915,0.915,0.0,False
2017-04-14,0.907,0.907,-0.008742999999999999,False
2017-04-17,0.906,0.906,-0.001103,False
2017-04-18,0.898,0.898,-0.00883,False
2017-04-19,0.892,0.892,-0.0066820000000000004,False
2017-04-20,0.897,0.897,0.005605,False
2017-04-21,0.905,0.905,0.008919,False
2017-04-24,0.906,0.906,0.001105,False
2017-04-25,0.908,0.908,0.002208,False
2017-04-26,0.919,0.919,0.012115,False
2017-04-27,0.925,0.925,0.006529,False
2017-04-28,0.925,0.925,0.0,False
2017-05-02,0.919,0.919,-0.006486,False
2017-05-03,0.919,0.919,0.0,False
2017-05-04,0.918,0.918,-0.001088,False
2017-05-05,0.913,0.913,-0.005447,False
2017-05-08,0.915,0.915,0.002191,False
2017-05-09,0.913,0.913,-0.002186,False
2017-05-10,0.922,0.922,0.009858,False
2017-05-11,0.924,0.924,0.002169,False
2017-05-12,0.939,0.939,0.016234,False
2017-05-15,0.939,0.939,0.0,False
2017-05-16,0.943,0.943,0.00426,False
2017-05-17,0.935,0.935,-0.008484,False
2017-05-18,0.933,0.933,-0.0021390000000000003,False
2017-05-19,0.932,0.932,-0.001072,False
2017-05-22,0.943,0.943,0.011803,False
2017-05-23,0.952,0.952,0.009544,False
2017-05-24,0.944,0.944,-0.008403,False
2017-05-25,0.962,0.962,0.019068,False
2017-05-26,0.965,0.965,0.0031190000000000002,False
2017-05-31,0.967,0.967,0.002073,False
2017-06-01,0.974,0.974,0.007239,False
2017-06-02,0.963,0.963,-0.011294,False
2017-06-05,0.95,0.95,-0.013499,False
2017-06-06,0.958,0.958,0.008421,False
2017-06-07,0.965,0.965,0.007307,False
2017-06-08,0.977,0.977,0.012435,False
2017-06-09,0.982,0.982,0.005118,False
2017-06-12,0.984,0.984,0.0020369999999999997,False
2017-06-13,0.981,0.981,-0.003049,False
2017-06-14,0.969,0.969,-0.012232,False
2017-06-15,0.965,0.965,-0.004128,False
2017-06-16,0.967,0.967,0.002073,False
2017-06-19,0.972,0.972,0.005171,False
2017-06-20,0.975,0.975,0.0030859999999999998,False
2017-06-21,0.983,0.983,0.008205,False
2017-06-22,0.985,0.985,0.002035,False
2017-06-23,0.995,0.995,0.010152000000000001,False
2017-06-26,1.005,1.005,0.010049999999999998,False
2017-06-27,1.002,1.002,-0.002985,False
2017-06-28,0.993,0.993,-0.008982,False
2017-06-29,1.001,1.001,0.008056,False
2017-06-30,1.009,1.009,0.007992,False
2017-07-03,1.002,1.002,-0.006938,False
2017-07-04,0.996,0.996,-0.005988,False
2017-07-05,1.007,1.007,0.011044,False
2017-07-06,1.003,1.003,-0.003972,False
2017-07-07,1.0,1.0,-0.0029909999999999997,False
2017-07-10,0.996,0.996,-0.004,False
2017-07-11,1.002,1.002,0.006024000000000001,False
2017-07-12,1.002,1.002,0.0,False
2017-07-13,1.009,1.009,0.006986,False
2017-07-14,1.012,1.012,0.002973,False
2017-07-17,1.009,1.009,-0.002964,False
2017-07-18,1.005,1.005,-0.003964,False
2017-07-19,1.02,1.02,0.014924999999999999,False
2017-07-20,1.028,1.028,0.007843,False
2017-07-21,1.029,1.029,0.000973,False
2017-07-24,1.037,1.037,0.007775,False
2017-07-25,1.039,1.039,0.001929,False
2017-07-26,1.034,1.034,-0.004812,False
2017-07-27,1.028,1.028,-0.005803,False
2017-07-28,1.031,1.031,0.002918,False
2017-07-31,1.03,1.03,-0.00097,False
2017-08-01,1.034,1.034,0.0038829999999999997,False
2017-08-02,1.038,1.038,0.003868,False
2017-08-03,1.028,1.028,-0.009634,False
2017-08-04,1.017,1.017,-0.010700000000000001,False
2017-08-07,1.02,1.02,0.00295,False
2017-08-08,1.024,1.024,0.003922,False
2017-08-09,1.019,1.019,-0.004883,False
2017-08-10,1.015,1.015,-0.0039250000000000005,False
2017-08-11,1.009,1.009,-0.005911,False
2017-08-14,1.019,1.019,0.009911,False
2017-08-15,1.029,1.029,0.009814,False
2017-08-16,1.025,1.025,-0.003887,False
2017-08-17,1.021,1.021,-0.003902,False
2017-08-18,1.021,1.021,0.0,False
2017-08-21,1.025,1.025,0.003918,False
2017-08-22,1.02,1.02,-0.004878,False
2017-08-23,1.026,1.026,0.005881999999999999,False
2017-08-24,1.02,1.02,-0.005848,False
2017-08-25,1.032,1.032,0.011765000000000001,False
2017-08-28,1.044,1.044,0.011628000000000001,False
2017-08-29,1.05,1.05,0.0057469999999999995,False
2017-08-30,1.053,1.053,0.002857,False
2017-08-31,1.049,1.049,-0.0037990000000000003,False
2017-09-01,1.05,1.05,0.000953,False
2017-09-04,1.05,1.05,0.0,False
2017-09-05,1.056,1.056,0.005714,False
2017-09-06,1.048,1.048,-0.007576,False
2017-09-07,1.045,1.045,-0.002863,False
2017-09-08,1.038,1.038,-0.006699,False
2017-09-11,1.045,1.045,0.006744,False
2017-09-12,1.055,1.055,0.009569,False
2017-09-13,1.061,1.061,0.005687,False
2017-09-14,1.058,1.058,-0.002828,False
2017-09-15,1.05,1.05,-0.007561,False
2017-09-18,1.063,1.063,0.012381,False
2017-09-19,1.056,1.056,-0.006585,False
2017-09-20,1.058,1.058,0.001894,False
2017-09-21,1.056,1.056,-0.00189,False
2017-09-22,1.06,1.06,0.003788,False
2017-09-25,1.066,1.066,0.005659999999999999,False
2017-09-26,1.063,1.063,-0.0028139999999999997,False
2017-09-27,1.069,1.069,0.005644,False
2017-09-28,1.082,1.082,0.012161,False
2017-09-29,1.083,1.083,0.0009239999999999999,False
2017-10-09,1.09,1.09,0.006464,False
2017-10-10,1.092,1.092,0.001835,False
2017-10-11,1.105,1.105,0.011904999999999999,False
2017-10-12,1.107,1.107,0.00181,False
2017-10-13,1.113,1.113,0.00542,False
2017-10-16,1.104,1.104,-0.008086,False
2017-10-17,1.105,1.105,0.000906,False
2017-10-18,1.124,1.124,0.017195000000000002,False
2017-10-19,1.118,1.118,-0.005338000000000001,False
2017-10-20,1.115,1.115,-0.0026829999999999996,False
2017-10-23,1.129,1.129,0.012556000000000001,False
2017-10-24,1.139,1.139,0.008857,False
2017-10-25,1.141,1.141,0.001756,False
2017-10-26,1.144,1.144,0.0026290000000000003,False
2017-10-27,1.159,1.159,0.013111999999999999,False
2017-10-30,1.162,1.162,0.0025879999999999996,False
2017-10-31,1.167,1.167,0.004303,False
2017-11-01,1.164,1.164,-0.002571,False
2017-11-02,1.157,1.157,-0.006014,False
2017-11-03,1.161,1.161,0.003457,False
2017-11-06,1.185,1.185,0.020672000000000003,False
2017-11-07,1.183,1.183,-0.001688,False
2017-11-08,1.177,1.177,-0.005072,False
2017-11-09,1.187,1.187,0.008496,False
2017-11-10,1.207,1.207,0.016849,False
2017-11-13,1.212,1.212,0.004143,False
2017-11-14,1.186,1.186,-0.021452,False
2017-11-15,1.185,1.185,-0.000843,False
2017-11-16,1.201,1.201,0.013502,False
2017-11-17,1.183,1.183,-0.014988,False
2017-11-20,1.207,1.207,0.020287000000000003,False
2017-11-21,1.219,1.219,0.009942,False
2017-11-22,1.202,1.202,-0.013946,False
2017-11-23,1.153,1.153,-0.040765,False
2017-11-24,1.147,1.147,-0.005203999999999999,False
2017-11-27,1.124,1.124,-0.020052,False
2017-11-28,1.149,1.149,0.022242,False
2017-11-29,1.146,1.146,-0.002611,False
2017-11-30,1.128,1.128,-0.015707,False
2017-12-01,1.14,1.14,0.010638000000000002,False
2017-12-04,1.161,1.161,0.018421,False
2017-12-05,1.147,1.147,-0.012059,False
2017-12-06,1.148,1.148,0.0008719999999999999,False
2017-12-07,1.132,1.132,-0.013937,False
2017-12-08,1.153,1.153,0.018550999999999998,False
2017-12-11,1.179,1.179,0.02255,False
2017-12-12,1.164,1.164,-0.012723,False
2017-12-13,1.176,1.176,0.010308999999999999,False
2017-12-14,1.174,1.174,-0.001701,False
2017-12-15,1.162,1.162,-0.010221000000000001,False
2017-12-18,1.167,1.167,0.004303,False
2017-12-19,1.187,1.187,0.017138,False
2017-12-20,1.188,1.188,0.000842,False
2017-12-21,1.212,1.212,0.020202,False
2017-12-22,1.205,1.205,-0.005776,False
2017-12-25,1.204,1.204,-0.00083,False
2017-12-26,1.203,1.203,-0.0008309999999999999,False
2017-12-27,1.185,1.185,-0.014962999999999999,False
2017-12-28,1.208,1.208,0.019409,False
2017-12-29,1.214,1.214,0.004967,False
2017-12-31,1.214,1.214,0.0,False
2018-01-02,1.228,1.228,0.011532,False
2018-01-03,1.235,1.235,0.005699999999999999,False
2018-01-04,1.24,1.24,0.004049,False
2018-01-05,1.233,1.233,-0.005645,False
2018-01-08,1.231,1.231,-0.0016220000000000002,False
2018-01-09,1.239,1.239,0.0064990000000000004,False
2018-01-10,1.234,1.234,-0.0040360000000000005,False
2018-01-11,1.227,1.227,-0.005673,False
2018-01-12,1.231,1.231,0.0032600000000000003,False
2018-01-15,1.23,1.23,-0.0008119999999999999,False
2018-01-16,1.244,1.244,0.011382000000000001,False
2018-01-17,1.218,1.218,-0.0209,False
2018-01-18,1.232,1.232,0.011493999999999999,False
2018-01-19,1.224,1.224,-0.006494,False
2018-01-22,1.248,1.248,0.019608,False
2018-01-23,1.254,1.254,0.004808,False
2018-01-24,1.242,1.242,-0.009569,False
2018-01-25,1.23,1.23,-0.009661999999999999,False
2018-01-26,1.231,1.231,0.0008129999999999999,False
2018-01-29,1.201,1.201,-0.02437,False
2018-01-30,1.193,1.193,-0.006661,False
2018-01-31,1.214,1.214,0.017603,False
2018-02-01,1.197,1.197,-0.014003000000000002,False
2018-02-02,1.208,1.208,0.00919,False
2018-02-05,1.193,1.193,-0.012417000000000001,False
2018-02-06,1.136,1.136,-0.047778999999999995,False
2018-02-07,1.098,1.098,-0.033451,False
2018-02-08,1.1,1.1,0.0018210000000000001,False
2018-02-09,1.064,1.064,-0.032727,False
2018-02-12,1.093,1.093,0.027256,False
2018-02-13,1.106,1.106,0.011894,False
2018-02-14,1.116,1.116,0.009042,False
2018-02-22,1.149,1.149,0.02957,False
2018-02-23,1.156,1.156,0.006091999999999999,False
2018-02-26,1.167,1.167,0.009516,False
2018-02-27,1.154,1.154,-0.01114,False
2018-02-28,1.157,1.157,0.0026,False
2018-03-01,1.17,1.17,0.011236,False
2018-03-02,1.159,1.159,-0.009402,False
2018-03-05,1.158,1.158,-0.000863,False
2018-03-06,1.171,1.171,0.011226,False
2018-03-07,1.161,1.161,-0.008539999999999999,False
2018-03-08,1.177,1.177,0.013781000000000002,False
2018-03-09,1.195,1.195,0.015293000000000001,False
2018-03-12,1.202,1.202,0.0058579999999999995,False
2018-03-13,1.191,1.191,-0.009151,False
2018-03-14,1.19,1.19,-0.00084,False
2018-03-15,1.195,1.195,0.004202,False
2018-03-16,1.187,1.187,-0.0066949999999999996,False
2018-03-19,1.189,1.189,0.001685,False
2018-03-20,1.2,1.2,0.009251,False
2018-03-21,1.188,1.188,-0.01,False
2018-03-22,1.173,1.173,-0.012626,False
2018-03-23,1.13,1.13,-0.036657999999999996,False
2018-03-26,1.142,1.142,0.010619,False
2018-03-27,1.148,1.148,0.005254,False
2018-03-28,1.12,1.12,-0.024390000000000002,False
2018-03-29,1.128,1.128,0.007143,False
2018-03-30,1.143,1.143,0.013298,False
2018-04-02,1.134,1.134,-0.007873999999999999,False
2018-04-03,1.133,1.133,-0.000882,False
2018-04-04,1.135,1.135,0.0017649999999999999,False
2018-04-09,1.125,1.125,-0.008811,False
2018-04-10,1.139,1.139,0.012444,False
2018-04-11,1.151,1.151,0.010536,False
2018-04-12,1.148,1.148,-0.002606,False
2018-04-13,1.139,1.139,-0.00784,False
2018-04-16,1.134,1.134,-0.00439,False
2018-04-17,1.109,1.109,-0.022046,False
2018-04-18,1.106,1.106,-0.0027050000000000004,False
2018-04-19,1.119,1.119,0.011754,False
2018-04-20,1.097,1.097,-0.01966,False
2018-04-23,1.08,1.08,-0.015497,False
2018-04-24,1.108,1.108,0.025926,False
2018-04-25,1.116,1.116,0.00722,False
2018-04-26,1.092,1.092,-0.021505,False
2018-04-27,1.102,1.102,0.009158,False
2018-05-02,1.112,1.112,0.009074,False
2018-05-03,1.121,1.121,0.008094,False
2018-05-04,1.13,1.13,0.008029,False
2018-05-07,1.159,1.159,0.025664,False
2018-05-08,1.165,1.165,0.005177,False
2018-05-09,1.176,1.176,0.009442,False
2018-05-10,1.199,1.199,0.019558,False
2018-05-11,1.186,1.186,-0.010842000000000001,False
2018-05-14,1.196,1.196,0.008432,False
2018-05-15,1.209,1.209,0.01087,False
2018-05-16,1.213,1.213,0.0033090000000000003,False
2018-05-17,1.195,1.195,-0.014839,False
2018-05-18,1.202,1.202,0.0058579999999999995,False
2018-05-21,1.205,1.205,0.002496,False
2018-05-22,1.222,1.222,0.014108,False
2018-05-23,1.213,1.213,-0.007365,False
2018-05-24,1.203,1.203,-0.008244,False
2018-05-25,1.208,1.208,0.004156,False
2018-05-28,1.225,1.225,0.014073,False
2018-05-29,1.202,1.202,-0.018776,False
2018-05-30,1.203,1.203,0.000832,False
2018-05-31,1.234,1.234,0.025769,False
2018-06-01,1.196,1.196,-0.030794000000000002,False
2018-06-04,1.205,1.205,0.007525,False
2018-06-05,1.233,1.233,0.023237,False
2018-06-06,1.243,1.243,0.008110000000000001,False
2018-06-07,1.233,1.233,-0.008045,False
2018-06-08,1.223,1.223,-0.008110000000000001,False
2018-06-11,1.207,1.207,-0.013083000000000001,False
2018-06-12,1.235,1.235,0.023198,False
2018-06-13,1.209,1.209,-0.021053000000000002,False
2018-06-14,1.199,1.199,-0.008270999999999999,False
2018-06-15,1.177,1.177,-0.018349,False
2018-06-19,1.13,1.13,-0.039931999999999995,False
2018-06-20,1.162,1.162,0.028319,False
2018-06-21,1.147,1.147,-0.012908999999999999,False
2018-06-22,1.155,1.155,0.006975,False
2018-06-25,1.156,1.156,0.000866,False
2018-06-26,1.146,1.146,-0.008650999999999999,False
2018-06-27,1.111,1.111,-0.030541,False
2018-06-28,1.102,1.102,-0.008101,False
2018-06-29,1.148,1.148,0.041742,False
2018-06-30,1.148,1.148,0.0,False
2018-07-02,1.139,1.139,-0.00784,False
2018-07-03,1.126,1.126,-0.011414,False
2018-07-04,1.118,1.118,-0.007105,False
2018-07-05,1.089,1.089,-0.025939,False
2018-07-06,1.093,1.093,0.003673,False
2018-07-09,1.127,1.127,0.031107,False
2018-07-10,1.131,1.131,0.003549,False
2018-07-11,1.114,1.114,-0.015031000000000001,False
2018-07-12,1.155,1.155,0.036804,False
2018-07-13,1.173,1.173,0.015584,False
2018-07-16,1.172,1.172,-0.000853,False
2018-07-17,1.16,1.16,-0.010239,False
2018-07-18,1.157,1.157,-0.0025859999999999998,False
2018-07-19,1.132,1.132,-0.021608000000000002,False
2018-07-20,1.138,1.138,0.0053,False
2018-07-23,1.099,1.099,-0.034270999999999996,False
2018-07-24,1.122,1.122,0.020928,False
2018-07-25,1.125,1.125,0.002674,False
2018-07-26,1.108,1.108,-0.015111000000000001,False
2018-07-27,1.104,1.104,-0.00361,False
2018-07-30,1.085,1.085,-0.01721,False
2018-07-31,1.079,1.079,-0.00553,False
2018-08-01,1.067,1.067,-0.011121,False
2018-08-02,1.05,1.05,-0.015933,False
2018-08-03,1.011,1.011,-0.037143,False
2018-08-06,0.973,0.973,-0.037587,False
2018-08-07,0.995,0.995,0.02261,False
2018-08-08,0.965,0.965,-0.030150999999999997,False
2018-08-09,0.994,0.994,0.030052,False
2018-08-10,1.008,1.008,0.014085,False
2018-08-13,1.013,1.013,0.00496,False
2018-08-14,1.009,1.009,-0.003948999999999999,False
2018-08-15,0.984,0.984,-0.024777,False
2018-08-16,0.976,0.976,-0.00813,False
2018-08-17,0.956,0.956,-0.020492,False
2018-08-20,0.952,0.952,-0.004184,False
2018-08-21,0.97,0.97,0.018908,False
2018-08-22,0.96,0.96,-0.010308999999999999,False
2018-08-23,0.967,0.967,0.007292,False
2018-08-24,0.969,0.969,0.002068,False
2018-08-27,1.001,1.001,0.033024,False
2018-08-28,0.999,0.999,-0.001998,False
2018-08-29,0.996,0.996,-0.003003,False
2018-08-30,0.987,0.987,-0.009035999999999999,False
2018-08-31,0.979,0.979,-0.008105,False
2018-09-03,0.984,0.984,0.005107,False
2018-09-04,0.988,0.988,0.004065,False
2018-09-05,0.968,0.968,-0.020243,False
2018-09-06,0.963,0.963,-0.0051649999999999995,False
2018-09-07,0.963,0.963,0.0,False
2018-09-10,0.945,0.945,-0.018692,False
2018-09-11,0.945,0.945,0.0,False
2018-09-12,0.933,0.933,-0.012698000000000001,False
2018-09-13,0.937,0.937,0.004287,False
2018-09-14,0.927,0.927,-0.010672,False
2018-09-17,0.916,0.916,-0.011866000000000002,False
2018-09-18,0.937,0.937,0.022926000000000002,False
2018-09-19,0.952,0.952,0.016009,False
2018-09-20,0.95,0.95,-0.002101,False
2018-09-21,0.973,0.973,0.024211,False
2018-09-25,0.969,0.969,-0.004111,False
2018-09-26,0.975,0.975,0.006192,False
2018-09-27,0.976,0.976,0.001026,False
2018-09-28,0.98,0.98,0.004098,False
2018-10-08,0.94,0.94,-0.040816,False
2018-10-09,0.937,0.937,-0.003191,False
2018-10-10,0.932,0.932,-0.005336,False
2018-10-11,0.892,0.892,-0.042918000000000005,False
2018-10-12,0.911,0.911,0.0213,False
2018-10-15,0.897,0.897,-0.015368,False
2018-10-16,0.892,0.892,-0.005574,False
2018-10-17,0.89,0.89,-0.002242,False
2018-10-18,0.869,0.869,-0.023596,False
2018-10-19,0.9,0.9,0.035672999999999996,False
2018-10-22,0.93,0.93,0.033333,False
2018-10-23,0.906,0.906,-0.025806,False
2018-10-24,0.91,0.91,0.004415,False
2018-10-25,0.915,0.915,0.005495,False
2018-10-26,0.907,0.907,-0.008742999999999999,False
2018-10-29,0.879,0.879,-0.030871,False
2018-10-30,0.885,0.885,0.006826,False
2018-10-31,0.893,0.893,0.00904,False
2018-11-01,0.891,0.891,-0.0022400000000000002,False
2018-11-02,0.914,0.914,0.025814,False
2018-11-05,0.898,0.898,-0.017505,False
2018-11-06,0.895,0.895,-0.0033410000000000002,False
2018-11-07,0.892,0.892,-0.003352,False
2018-11-08,0.881,0.881,-0.012332000000000001,False
2018-11-09,0.876,0.876,-0.005675,False
2018-11-12,0.893,0.893,0.019406,False
2018-11-13,0.904,0.904,0.012318,False
2018-11-14,0.899,0.899,-0.005531,False
2018-11-15,0.91,0.91,0.012236,False
2018-11-16,0.913,0.913,0.003297,False
2018-11-19,0.921,0.921,0.008761999999999999,False
2018-11-20,0.892,0.892,-0.031488,False
2018-11-21,0.896,0.896,0.004484,False
2018-11-22,0.889,0.889,-0.007813,False
2018-11-23,0.867,0.867,-0.024746999999999998,False
2018-11-26,0.862,0.862,-0.0057669999999999996,False
2018-11-27,0.864,0.864,0.00232,False
2018-11-28,0.879,0.879,0.017361,False
2018-11-29,0.865,0.865,-0.015927,False
2018-11-30,0.874,0.874,0.010405,False
2018-12-03,0.897,0.897,0.026316000000000003,False
2018-12-04,0.901,0.901,0.004459,False
2018-12-05,0.897,0.897,-0.00444,False
2018-12-06,0.878,0.878,-0.021182,False
2018-12-07,0.88,0.88,0.002278,False
2018-12-10,0.87,0.87,-0.011364,False
2018-12-11,0.874,0.874,0.004598,False
2018-12-12,0.878,0.878,0.004577,False
2018-12-13,0.888,0.888,0.01139,False
2018-12-14,0.87,0.87,-0.02027,False
2018-12-17,0.871,0.871,0.001149,False
2018-12-18,0.861,0.861,-0.011480999999999998,False
2018-12-19,0.851,0.851,-0.011614,False
2018-12-20,0.852,0.852,0.0011749999999999998,False
2018-12-21,0.842,0.842,-0.011737,False
2018-12-24,0.844,0.844,0.002375,False
2018-12-25,0.832,0.832,-0.014218,False
2018-12-26,0.832,0.832,0.0,False
2018-12-27,0.829,0.829,-0.003606,False
2018-12-28,0.836,0.836,0.008444,False
2018-12-31,0.836,0.836,0.0,False
2019-01-02,0.825,0.825,-0.013158000000000001,False
2019-01-03,0.823,0.823,-0.002424,False
2019-01-04,0.84,0.84,0.020655999999999997,False
2019-01-07,0.847,0.847,0.008333,False
2019-01-08,0.84,0.84,-0.008264,False
2019-01-09,0.847,0.847,0.008333,False
2019-01-10,0.849,0.849,0.0023610000000000003,False
2019-01-11,0.85,0.85,0.001178,False
2019-01-14,0.843,0.843,-0.008235,False
2019-01-15,0.855,0.855,0.014235,False
2019-01-16,0.855,0.855,0.0,False
2019-01-17,0.851,0.851,-0.004678,False
2019-01-18,0.859,0.859,0.009401,False
2019-01-21,0.861,0.861,0.002328,False
2019-01-22,0.851,0.851,-0.011614,False
2019-01-23,0.851,0.851,0.0,False
2019-01-24,0.857,0.857,0.007050999999999999,False
2019-01-25,0.861,0.861,0.004667,False
2019-01-28,0.865,0.865,0.004646,False
2019-01-29,0.861,0.861,-0.004624,False
2019-01-30,0.854,0.854,-0.00813,False
2019-01-31,0.853,0.853,-0.001171,False
2019-02-01,0.885,0.885,0.037515,False
2019-02-11,0.9,0.9,0.016949000000000002,False
2019-02-12,0.908,0.908,0.008889000000000001,False
2019-02-13,0.923,0.923,0.01652,False
2019-02-14,0.921,0.921,-0.002167,False
2019-02-15,0.908,0.908,-0.014114999999999999,False
2019-02-18,0.943,0.943,0.038546,False
2019-02-19,0.939,0.939,-0.004242,False
2019-02-20,0.943,0.943,0.00426,False
2019-02-21,0.944,0.944,0.00106,False
2019-02-22,0.973,0.973,0.03072,False
2019-02-25,1.031,1.031,0.059608999999999995,False
2019-02-26,1.018,1.018,-0.012608999999999999,False
2019-02-27,1.007,1.007,-0.010806,False
2019-02-28,1.001,1.001,-0.005958,False
2019-03-01,1.014,1.014,0.012987,False
2019-03-04,1.03,1.03,0.015779,False
2019-03-05,1.036,1.036,0.005825,False
2019-03-06,1.061,1.061,0.024131,False
2019-03-07,1.065,1.065,0.00377,False
2019-03-08,1.004,1.004,-0.057276999999999995,False
2019-03-11,1.015,1.015,0.010955999999999999,False
2019-03-12,1.023,1.023,0.007882,False
2019-03-13,1.008,1.008,-0.014662999999999999,False
2019-03-14,0.98,0.98,-0.027778,False
2019-03-15,0.985,0.985,0.005102,False
2019-03-18,1.006,1.006,0.021320000000000002,False
2019-03-19,1.008,1.008,0.001988,False
2019-03-20,1.002,1.002,-0.005952,False
2019-03-21,1.031,1.031,0.028942000000000002,False
2019-03-22,1.023,1.023,-0.007759,False
2019-03-25,1.02,1.02,-0.002933,False
2019-03-26,1.012,1.012,-0.007843,False
2019-03-27,1.005,1.005,-0.0069169999999999995,False
2019-03-28,0.99,0.99,-0.014924999999999999,False
2019-03-29,1.006,1.006,0.016162,False
2019-04-01,1.027,1.027,0.020874999999999998,False
2019-04-02,1.035,1.035,0.00779,False
2019-04-03,1.042,1.042,0.006763,False
2019-04-04,1.048,1.048,0.005758,False
2019-04-08,1.041,1.041,-0.006679000000000001,False
2019-04-09,1.035,1.035,-0.005764,False
2019-04-10,1.05,1.05,0.014493,False
2019-04-11,1.022,1.022,-0.026667,False
2019-04-12,1.003,1.003,-0.018591,False
2019-04-15,0.995,0.995,-0.007976,False
2019-04-16,1.01,1.01,0.015075,False
2019-04-17,1.006,1.006,-0.00396,False
2019-04-18,0.996,0.996,-0.00994,False
2019-04-19,1.002,1.002,0.006024000000000001,False
2019-04-22,1.004,1.004,0.001996,False
2019-04-23,0.987,0.987,-0.016932,False
2019-04-24,0.992,0.992,0.005066,False
2019-04-25,0.973,0.973,-0.019153,False
2019-04-26,0.97,0.97,-0.0030830000000000002,False
2019-04-29,0.937,0.937,-0.034020999999999996,False
2019-04-30,0.952,0.952,0.016009,False
2019-05-06,0.917,0.917,-0.036765,False
2019-05-07,0.91,0.91,-0.007633999999999999,False
2019-05-08,0.944,0.944,0.037363,False
2019-05-09,0.932,0.932,-0.012712000000000001,False
2019-05-10,0.951,0.951,0.020386,False
2019-05-13,0.946,0.946,-0.0052580000000000005,False
2019-05-14,0.961,0.961,0.015856,False
2019-05-15,0.962,0.962,0.001041,False
2019-05-16,0.979,0.979,0.017672,False
2019-05-17,0.944,0.944,-0.035751,False
2019-05-20,0.922,0.922,-0.023305,False
2019-05-21,0.932,0.932,0.010846,False
2019-05-22,0.933,0.933,0.0010730000000000002,False
2019-05-23,0.918,0.918,-0.016076999999999998,False
2019-05-24,0.922,0.922,0.004357,False
2019-05-27,0.934,0.934,0.013015,False
2019-05-28,0.936,0.936,0.002141,False
2019-05-29,0.948,0.948,0.012821,False
2019-05-30,0.937,0.937,-0.011603,False
2019-05-31,0.96,0.96,0.024546000000000002,False
2019-06-03,0.984,0.984,0.025,False
2019-06-04,0.988,0.988,0.004065,False
2019-06-05,1.018,1.018,0.030364,False
2019-06-06,1.007,1.007,-0.010806,False
2019-06-10,1.002,1.002,-0.004965,False
2019-06-11,1.014,1.014,0.011976,False
2019-06-12,1.05,1.05,0.035503,False
2019-06-13,1.046,1.046,-0.00381,False
2019-06-14,1.061,1.061,0.014339999999999999,False
2019-06-17,1.04,1.04,-0.019793,False
2019-06-18,1.056,1.056,0.015385,False
2019-06-19,1.051,1.051,-0.004735,False
2019-06-20,1.091,1.091,0.038058999999999996,False
2019-06-21,1.129,1.129,0.03483,False
2019-06-24,1.142,1.142,0.011515,False
2019-06-25,1.186,1.186,0.038529,False
2019-06-26,1.149,1.149,-0.031197,False
2019-06-27,1.16,1.16,0.009574000000000001,False
2019-06-28,1.16,1.16,0.0,False
2019-06-30,1.16,1.16,0.0,False
2019-07-01,1.15,1.15,-0.008621,False
2019-07-02,1.156,1.156,0.005217,False
2019-07-03,1.171,1.171,0.012976000000000001,False
2019-07-04,1.147,1.147,-0.020495,False
2019-07-05,1.164,1.164,0.014820999999999999,False
2019-07-08,1.132,1.132,-0.027490999999999998,False
2019-07-09,1.116,1.116,-0.014134,False
2019-07-10,1.094,1.094,-0.019713,False
2019-07-11,1.139,1.139,0.041132999999999996,False
2019-07-12,1.125,1.125,-0.012291000000000002,False
2019-07-15,1.135,1.135,0.008889000000000001,False
2019-07-16,1.133,1.133,-0.001762,False
2019-07-17,1.115,1.115,-0.015887,False
2019-07-18,1.11,1.11,-0.004484,False
2019-07-19,1.15,1.15,0.036036,False
2019-07-22,1.119,1.119,-0.026957,False
2019-07-23,1.116,1.116,-0.0026810000000000002,False
2019-07-24,1.133,1.133,0.015233000000000002,False
2019-07-25,1.129,1.129,-0.0035299999999999997,False
2019-07-26,1.117,1.117,-0.010629,False
2019-07-29,1.113,1.113,-0.0035809999999999995,False
2019-07-30,1.138,1.138,0.022462,False
2019-07-31,1.137,1.137,-0.000879,False
2019-08-01,1.092,1.092,-0.039578,False
2019-08-02,1.101,1.101,0.008242000000000001,False
2019-08-05,1.163,1.163,0.056312,False
2019-08-06,1.148,1.148,-0.012898,False
2019-08-07,1.173,1.173,0.021777,False
2019-08-08,1.192,1.192,0.016198,False
2019-08-09,1.183,1.183,-0.00755,False
2019-08-12,1.185,1.185,0.001691,False
2019-08-13,1.228,1.228,0.036287,False
2019-08-14,1.197,1.197,-0.025244,False
2019-08-15,1.202,1.202,0.004177,False
2019-08-16,1.206,1.206,0.003328,False
2019-08-19,1.212,1.212,0.004975,False
2019-08-20,1.208,1.208,-0.0033,False
2019-08-21,1.201,1.201,-0.005795,False
2019-08-22,1.196,1.196,-0.004163,False
2019-08-23,1.193,1.193,-0.0025080000000000002,False
2019-08-26,1.19,1.19,-0.002515,False
2019-08-27,1.212,1.212,0.018487,False
2019-08-28,1.202,1.202,-0.008251,False
2019-08-29,1.207,1.207,0.00416,False
2019-08-30,1.199,1.199,-0.006627999999999999,False
2019-09-02,1.217,1.217,0.015013,False
2019-09-03,1.222,1.222,0.004108,False
2019-09-04,1.24,1.24,0.01473,False
2019-09-05,1.267,1.267,0.021774,False
2019-09-06,1.265,1.265,-0.001579,False
2019-09-09,1.278,1.278,0.010277000000000001,False
2019-09-10,1.273,1.273,-0.003912,False
2019-09-11,1.281,1.281,0.006284,False
2019-09-12,1.289,1.289,0.0062450000000000006,False
2019-09-16,1.28,1.28,-0.006982,False
2019-09-17,1.249,1.249,-0.024219,False
2019-09-18,1.242,1.242,-0.0056040000000000005,False
2019-09-19,1.25,1.25,0.006441,False
2019-09-20,1.248,1.248,-0.0016,False
2019-09-23,1.237,1.237,-0.008813999999999999,False
2019-09-24,1.239,1.239,0.0016170000000000002,False
2019-09-25,1.227,1.227,-0.009685000000000001,False
2019-09-26,1.197,1.197,-0.02445,False
2019-09-27,1.197,1.197,0.0,False
2019-09-30,1.177,1.177,-0.016708,False
2019-10-08,1.172,1.172,-0.004248,False
2019-10-09,1.185,1.185,0.011092,False
2019-10-10,1.193,1.193,0.006751,False
2019-10-11,1.206,1.206,0.010896999999999999,False
2019-10-14,1.216,1.216,0.008292,False
2019-10-15,1.201,1.201,-0.012336,False
2019-10-16,1.197,1.197,-0.003331,False
2019-10-17,1.195,1.195,-0.001671,False
2019-10-18,1.168,1.168,-0.022594,False
2019-10-21,1.167,1.167,-0.000856,False
2019-10-22,1.171,1.171,0.003428,False
2019-10-23,1.166,1.166,-0.0042699999999999995,False
2019-10-24,1.161,1.161,-0.004288,False
2019-10-25,1.18,1.18,0.016365,False
2019-10-28,1.2,1.2,0.016949000000000002,False
2019-10-29,1.175,1.175,-0.020833,False
2019-10-30,1.164,1.164,-0.009362,False
2019-10-31,1.162,1.162,-0.0017180000000000001,False
2019-11-01,1.176,1.176,0.012048000000000001,False
2019-11-04,1.178,1.178,0.001701,False
2019-11-05,1.186,1.186,0.006791,False
2019-11-06,1.174,1.174,-0.010118,False
2019-11-07,1.178,1.178,0.003407,False
2019-11-08,1.167,1.167,-0.009337999999999999,False
2019-11-11,1.146,1.146,-0.017995,False
2019-11-12,1.145,1.145,-0.0008730000000000001,False
2019-11-13,1.145,1.145,0.0,False
2019-11-14,1.145,1.145,0.0,False
2019-11-15,1.133,1.133,-0.01048,False
2019-11-18,1.151,1.151,0.015887,False
2019-11-19,1.162,1.162,0.009557,False
2019-11-20,1.154,1.154,-0.006885,False
2019-11-21,1.153,1.153,-0.000867,False
2019-11-22,1.151,1.151,-0.0017349999999999998,False
2019-11-25,1.152,1.152,0.0008690000000000001,False
2019-11-26,1.157,1.157,0.00434,False
2019-11-27,1.147,1.147,-0.008643,False
2019-11-28,1.148,1.148,0.0008719999999999999,False
2019-11-29,1.149,1.149,0.0008709999999999999,False
2019-12-02,1.156,1.156,0.006091999999999999,False
2019-12-03,1.166,1.166,0.008650999999999999,False
2019-12-04,1.177,1.177,0.009434,False
2019-12-05,1.187,1.187,0.008496,False
2019-12-06,1.191,1.191,0.00337,False
2019-12-09,1.186,1.186,-0.004198,False
2019-12-10,1.185,1.185,-0.000843,False
2019-12-11,1.187,1.187,0.001688,False
2019-12-12,1.181,1.181,-0.005055,False
2019-12-13,1.212,1.212,0.026248999999999998,False
2019-12-16,1.224,1.224,0.009901,False
2019-12-17,1.249,1.249,0.020425,False
2019-12-18,1.25,1.25,0.0008010000000000001,False
2019-12-19,1.244,1.244,-0.0048,False
2019-12-20,1.253,1.253,0.007235,False
2019-12-23,1.236,1.236,-0.013567000000000001,False
2019-12-24,1.244,1.244,0.006472,False
2019-12-25,1.243,1.243,-0.000804,False
2019-12-26,1.264,1.264,0.016895,False
2019-12-27,1.246,1.246,-0.014240999999999998,False
2019-12-30,1.301,1.301,0.04414100000000001,False
2019-12-31,1.301,1.301,0.0,False
2020-01-02,1.317,1.317,0.012298,False
2020-01-03,1.326,1.326,0.006834,False
2020-01-06,1.346,1.346,0.015083,False
2020-01-07,1.344,1.344,-0.0014860000000000001,False
2020-01-08,1.322,1.322,-0.016369,False
2020-01-09,1.318,1.318,-0.0030259999999999996,False
2020-01-10,1.318,1.318,0.0,False
2020-01-13,1.329,1.329,0.008346,False
2020-01-14,1.315,1.315,-0.010533999999999998,False
2020-01-15,1.311,1.311,-0.0030420000000000004,False
2020-01-16,1.303,1.303,-0.006102,False
2020-01-17,1.309,1.309,0.004605000000000001,False
2020-01-20,1.327,1.327,0.013751,False
2020-01-21,1.308,1.308,-0.014317999999999999,False
2020-01-22,1.306,1.306,-0.001529,False
2020-01-23,1.265,1.265,-0.031394000000000005,False
2020-02-03,1.16,1.16,-0.083004,False
2020-02-04,1.166,1.166,0.0051719999999999995,False
2020-02-05,1.187,1.187,0.018009999999999998,False
2020-02-06,1.212,1.212,0.021061,False
2020-02-07,1.214,1.214,0.00165,False
2020-02-10,1.225,1.225,0.009061,False
2020-02-11,1.221,1.221,-0.003265,False
2020-02-12,1.237,1.237,0.013104,False
2020-02-13,1.23,1.23,-0.005659,False
2020-02-14,1.243,1.243,0.010569,False
2020-02-17,1.29,1.29,0.037812,False
2020-02-18,1.293,1.293,0.002326,False
2020-02-19,1.301,1.301,0.006187000000000001,False
2020-02-20,1.358,1.358,0.043812,False
2020-02-21,1.381,1.381,0.016937,False
2020-02-24,1.39,1.39,0.006516999999999999,False
2020-02-25,1.388,1.388,-0.001439,False
2020-02-26,1.361,1.361,-0.019452,False
2020-02-27,1.369,1.369,0.0058779999999999995,False
2020-02-28,1.3,1.3,-0.050401999999999995,False
2020-03-02,1.339,1.339,0.03,False
2020-03-03,1.349,1.349,0.007468,False
2020-03-04,1.374,1.374,0.018532,False
2020-03-05,1.398,1.398,0.017467,False
2020-03-06,1.384,1.384,-0.010014,False
2020-03-09,1.341,1.341,-0.031069,False
2020-03-10,1.368,1.368,0.020134,False
2020-03-11,1.351,1.351,-0.012426999999999999,False
2020-03-12,1.328,1.328,-0.017023999999999997,False
2020-03-13,1.308,1.308,-0.01506,False
2020-03-16,1.259,1.259,-0.037462,False
2020-03-17,1.246,1.246,-0.010326,False
2020-03-18,1.222,1.222,-0.019261999999999998,False
2020-03-19,1.207,1.207,-0.012275000000000001,False
2020-03-20,1.226,1.226,0.015742,False
2020-03-23,1.191,1.191,-0.028548,False
2020-03-24,1.228,1.228,0.031065999999999996,False
2020-03-25,1.258,1.258,0.02443,False
2020-03-26,1.251,1.251,-0.005564,False
2020-03-27,1.257,1.257,0.004796,False
2020-03-30,1.246,1.246,-0.008751,False
2020-03-31,1.251,1.251,0.004013,False
2020-04-01,1.247,1.247,-0.0031969999999999998,False
2020-04-02,1.264,1.264,0.013633,False
2020-04-03,1.256,1.256,-0.006329,False
2020-04-07,1.279,1.279,0.018312,False
2020-04-08,1.271,1.271,-0.006254999999999999,False
2020-04-09,1.275,1.275,0.0031469999999999996,False
2020-04-10,1.267,1.267,-0.006274999999999999,False
2020-04-13,1.266,1.266,-0.000789,False
2020-04-14,1.287,1.287,0.016588000000000002,False
2020-04-15,1.278,1.278,-0.006993,False
2020-04-16,1.277,1.277,-0.000782,False
2020-04-17,1.287,1.287,0.007831,False
2020-04-20,1.291,1.291,0.003108,False
2020-04-21,1.277,1.277,-0.010844,False
2020-04-22,1.286,1.286,0.007048,False
2020-04-23,1.285,1.285,-0.0007779999999999999,False
2020-04-24,1.277,1.277,-0.006226000000000001,False
2020-04-27,1.281,1.281,0.003132,False
2020-04-28,1.285,1.285,0.0031230000000000003,False
2020-04-29,1.29,1.29,0.003891,False
2020-04-30,1.306,1.306,0.012402999999999999,False
2020-05-06,1.314,1.314,0.006126,False
2020-05-07,1.307,1.307,-0.005326999999999999,False
2020-05-08,1.322,1.322,0.011477,False
2020-05-11,1.323,1.323,0.000756,False
2020-05-12,1.321,1.321,-0.001512,False
2020-05-13,1.32,1.32,-0.0007570000000000001,False
2020-05-14,1.306,1.306,-0.010605999999999999,False
2020-05-15,1.302,1.302,-0.003063,False
2020-05-18,1.305,1.305,0.002304,False
2020-05-19,1.314,1.314,0.0068969999999999995,False
2020-05-20,1.311,1.311,-0.002283,False
2020-05-21,1.304,1.304,-0.005339,False
2020-05-22,1.278,1.278,-0.019939,False
2020-05-25,1.276,1.276,-0.001565,False
2020-05-26,1.287,1.287,0.008621,False
2020-05-27,1.28,1.28,-0.005439,False
2020-05-28,1.283,1.283,0.002344,False
2020-05-29,1.283,1.283,0.0,False
2020-06-01,1.319,1.319,0.028058999999999997,False
2020-06-02,1.332,1.332,0.009856,False
2020-06-03,1.333,1.333,0.000751,False
2020-06-04,1.333,1.333,0.0,False
2020-06-05,1.336,1.336,0.002251,False
2020-06-08,1.352,1.352,0.011976,False
2020-06-09,1.357,1.357,0.0036980000000000003,False
2020-06-10,1.356,1.356,-0.000737,False
2020-06-11,1.342,1.342,-0.010324,False
2020-06-12,1.341,1.341,-0.000745,False
2020-06-15,1.322,1.322,-0.014169000000000001,False
2020-06-16,1.343,1.343,0.015885,False
2020-06-17,1.343,1.343,0.0,False
2020-06-18,1.356,1.356,0.00968,False
2020-06-19,1.377,1.377,0.015486999999999999,False
2020-06-22,1.375,1.375,-0.001452,False
2020-06-23,1.375,1.375,0.0,False
2020-06-24,1.382,1.382,0.005091,False
2020-06-29,1.37,1.37,-0.008683,False
2020-06-30,1.383,1.383,0.009489,False
2020-07-01,1.409,1.409,0.018799999999999997,False
2020-07-02,1.443,1.443,0.024131,False
2020-07-03,1.48,1.48,0.025640999999999997,False
2020-07-06,1.563,1.563,0.056081000000000006,False
2020-07-07,1.569,1.569,0.0038390000000000004,False
2020-07-08,1.594,1.594,0.015934,False
2020-07-09,1.62,1.62,0.016311,False
2020-07-10,1.58,1.58,-0.024691,False
2020-07-13,1.608,1.608,0.017722,False
2020-07-14,1.605,1.605,-0.0018659999999999998,False
2020-07-15,1.58,1.58,-0.015576000000000001,False
2020-07-16,1.502,1.502,-0.049367,False
2020-07-17,1.51,1.51,0.005326,False
2020-07-20,1.552,1.552,0.027815,False
2020-07-21,1.554,1.554,0.0012889999999999998,False
2020-07-22,1.561,1.561,0.004505,False
2020-07-23,1.555,1.555,-0.003844,False
2020-07-24,1.495,1.495,-0.038585,False
2020-07-27,1.506,1.506,0.007358,False
2020-07-28,1.516,1.516,0.00664,False
2020-07-29,1.549,1.549,0.021768,False
2020-07-30,1.535,1.535,-0.009038000000000001,False
2020-07-31,1.54,1.54,0.003257,False
2020-08-03,1.565,1.565,0.016234,False
2020-08-04,1.572,1.572,0.0044729999999999995,False
2020-08-05,1.565,1.565,-0.0044529999999999995,False
2020-08-06,1.566,1.566,0.000639,False
2020-08-07,1.559,1.559,-0.00447,False
2020-08-10,1.561,1.561,0.001283,False
2020-08-11,1.552,1.552,-0.005766,False
2020-08-12,1.551,1.551,-0.000644,False
2020-08-13,1.553,1.553,0.0012889999999999998,False
2020-08-14,1.574,1.574,0.013522000000000001,False
2020-08-17,1.609,1.609,0.022236,False
2020-08-18,1.612,1.612,0.001865,False
2020-08-19,1.594,1.594,-0.011166,False
2020-08-20,1.577,1.577,-0.010665000000000001,False
2020-08-21,1.586,1.586,0.005707,False
2020-08-24,1.596,1.596,0.0063,False
2020-08-25,1.597,1.597,0.0006,False
2020-08-26,1.584,1.584,-0.008100000000000001,False
2020-08-27,1.587,1.587,0.0019,False
2020-08-28,1.628,1.628,0.0258,False
2020-08-31,1.628,1.628,0.0,False
2020-09-01,1.634,1.634,0.0037,False
2020-09-02,1.638,1.638,0.0024,False
2020-09-03,1.629,1.629,-0.0055000000000000005,False
2020-09-04,1.612,1.612,-0.0104,False
2020-09-07,1.587,1.587,-0.0155,False
2020-09-08,1.6,1.6,0.008199999999999999,False
2020-09-09,1.571,1.571,-0.0181,False
2020-09-10,1.571,1.571,0.0,False
2020-09-11,1.581,1.581,0.0064,False
2020-09-14,1.589,1.589,0.0051,False
2020-09-15,1.599,1.599,0.0063,False
2020-09-16,1.593,1.593,-0.0038,False
2020-09-17,1.583,1.583,-0.0063,False
2020-09-18,1.62,1.62,0.023399999999999997,False
2020-09-21,1.602,1.602,-0.0111,False
2020-09-22,1.586,1.586,-0.01,False
2020-09-23,1.584,1.584,-0.0013,False
2020-09-24,1.557,1.557,-0.017,False
2020-09-25,1.556,1.556,-0.0006,False
2020-09-28,1.56,1.56,0.0026,False
2020-09-29,1.563,1.563,0.0019,False
2020-09-30,1.565,1.565,0.0013,False
2020-10-09,1.587,1.587,0.0141,False
2020-10-12,1.627,1.627,0.0252,False
2020-10-13,1.629,1.629,0.0012,False
2020-10-14,1.62,1.62,-0.0055000000000000005,False
2020-10-15,1.622,1.622,0.0012,False
2020-10-16,1.623,1.623,0.0006,False
2020-10-19,1.619,1.619,-0.0025,False
2020-10-20,1.63,1.63,0.0068000000000000005,False
2020-10-21,1.637,1.637,0.0043,False
2020-10-22,1.632,1.632,-0.0031,False
2020-10-23,1.617,1.617,-0.0092,False
2020-10-26,1.616,1.616,-0.0006,False
2020-10-27,1.617,1.617,0.0006,False
2020-10-28,1.627,1.627,0.0062,False
2020-10-29,1.645,1.645,0.0111,False
2020-10-30,1.62,1.62,-0.0152,False
2020-11-02,1.629,1.629,0.005600000000000001,False
2020-11-03,1.648,1.648,0.011699999999999999,False
2020-11-04,1.661,1.661,0.0079,False
2020-11-05,1.691,1.691,0.0181,False
2020-11-06,1.704,1.704,0.0077,False
2020-11-09,1.73,1.73,0.015300000000000001,False
2020-11-10,1.716,1.716,-0.008100000000000001,False
2020-11-11,1.703,1.703,-0.0076,False
2020-11-12,1.704,1.704,0.0006,False
2020-11-13,1.685,1.685,-0.011200000000000002,False
2020-11-16,1.701,1.701,0.0095,False
2020-11-17,1.702,1.702,0.0006,False
2020-11-18,1.709,1.709,0.0040999999999999995,False
2020-11-19,1.723,1.723,0.008199999999999999,False
2020-11-20,1.726,1.726,0.0017000000000000001,False
2020-11-23,1.745,1.745,0.011000000000000001,False
2020-11-24,1.733,1.733,-0.0069,False
2020-11-25,1.715,1.715,-0.0104,False
2020-11-26,1.718,1.718,0.0017000000000000001,False
2020-11-27,1.739,1.739,0.012199999999999999,False
2020-11-30,1.731,1.731,-0.0046,False
2020-12-01,1.757,1.757,0.015,False
2020-12-02,1.757,1.757,0.0,False
2020-12-03,1.745,1.745,-0.0068000000000000005,False
2020-12-04,1.742,1.742,-0.0017000000000000001,False
2020-12-07,1.722,1.722,-0.0115,False
2020-12-08,1.715,1.715,-0.0040999999999999995,False
2020-12-09,1.694,1.694,-0.012199999999999999,False
2020-12-10,1.692,1.692,-0.0012,False
2020-12-11,1.686,1.686,-0.0034999999999999996,False
2020-12-14,1.697,1.697,0.006500000000000001,False
2020-12-15,1.699,1.699,0.0012,False
2020-12-16,1.698,1.698,-0.0006,False
2020-12-17,1.722,1.722,0.0141,False
2020-12-18,1.722,1.722,0.0,False
2020-12-21,1.724,1.724,0.0012,False
2020-12-22,1.691,1.691,-0.0191,False
2020-12-23,1.701,1.701,0.0059,False
2020-12-24,1.701,1.701,0.0,False
2020-12-25,1.713,1.713,0.0070999999999999995,False
2020-12-28,1.725,1.725,0.006999999999999999,False
2020-12-29,1.721,1.721,-0.0023,False
2020-12-30,1.744,1.744,0.0134,False
2020-12-31,1.769,1.769,0.0143,False
2021-01-04,1.787,1.787,0.0102,False
2021-01-05,1.828,1.828,0.0229,False
2021-01-06,1.849,1.849,0.0115,False
2021-01-07,1.873,1.873,0.013000000000000001,False
2021-01-08,1.87,1.87,-0.0016,False
2021-01-11,1.857,1.857,-0.006999999999999999,False
2021-01-12,1.917,1.917,0.0323,False
2021-01-13,1.925,1.925,0.0042,False
2021-01-14,1.892,1.892,-0.0171,False
2021-01-15,1.886,1.886,-0.0032,False
2021-01-18,1.901,1.901,0.008,False
2021-01-19,1.873,1.873,-0.0147,False
2021-01-20,1.876,1.876,0.0016,False
2021-01-21,1.898,1.898,0.011699999999999999,False
2021-01-22,1.892,1.892,-0.0032,False
2021-01-25,1.913,1.913,0.0111,False
2021-01-26,1.871,1.871,-0.022000000000000002,False
2021-01-27,1.88,1.88,0.0048,False
2021-01-28,1.833,1.833,-0.025,False
2021-01-29,1.823,1.823,-0.0055000000000000005,False
2021-02-01,1.835,1.835,0.0066,False
2021-02-02,1.844,1.844,0.0049,False
2021-02-03,1.826,1.826,-0.0098,False
2021-02-04,1.82,1.82,-0.0033,False
2021-02-05,1.825,1.825,0.0027,False
2021-02-08,1.838,1.838,0.0070999999999999995,False
2021-02-09,1.871,1.871,0.018000000000000002,False
2021-02-10,1.895,1.895,0.0128,False
2021-02-18,1.892,1.892,-0.0016,False
2021-02-19,1.918,1.918,0.0137,False
2021-02-22,1.883,1.883,-0.0182,False
2021-02-23,1.868,1.868,-0.008,False
2021-02-24,1.846,1.846,-0.0118,False
2021-02-25,1.866,1.866,0.0108,False
2021-02-26,1.828,1.828,-0.0204,False
2021-03-01,1.842,1.842,0.0077,False
2021-03-02,1.826,1.826,-0.0087,False
2021-03-03,1.86,1.86,0.018600000000000002,False
2021-03-04,1.821,1.821,-0.021,False
2021-03-05,1.817,1.817,-0.0022,False
2021-03-08,1.773,1.773,-0.0242,False
2021-03-09,1.743,1.743,-0.0169,False
2021-03-10,1.744,1.744,0.0006,False
2021-03-11,1.778,1.778,0.0195,False
2021-03-12,1.782,1.782,0.0022,False
2021-03-15,1.754,1.754,-0.015700000000000002,False
2021-03-16,1.766,1.766,0.0068000000000000005,False
2021-03-17,1.775,1.775,0.0051,False
2021-03-18,1.784,1.784,0.0051,False
2021-03-19,1.744,1.744,-0.022400000000000003,False
2021-03-22,1.759,1.759,0.0086,False
2021-03-23,1.746,1.746,-0.0074,False
2021-03-24,1.727,1.727,-0.0109,False
2021-03-25,1.722,1.722,-0.0029,False
2021-03-26,1.758,1.758,0.0209,False
2021-03-29,1.761,1.761,0.0017000000000000001,False
2021-03-30,1.771,1.771,0.005699999999999999,False
2021-03-31,1.761,1.761,-0.005600000000000001,False
2021-04-01,1.773,1.773,0.0068000000000000005,False
2021-04-02,1.783,1.783,0.005600000000000001,False
2021-04-06,1.776,1.776,-0.0039000000000000003,False
2021-04-07,1.768,1.768,-0.0045000000000000005,False
2021-04-08,1.772,1.772,0.0023,False
2021-04-09,1.751,1.751,-0.011899999999999999,False
2021-04-12,1.733,1.733,-0.0103,False
2021-04-13,1.731,1.731,-0.0012,False
2021-04-14,1.743,1.743,0.0069,False
2021-04-15,1.731,1.731,-0.0069,False
2021-04-16,1.743,1.743,0.0069,False
2021-04-19,1.774,1.774,0.0178,False
2021-04-20,1.765,1.765,-0.0051,False
2021-04-21,1.764,1.764,-0.0006,False
2021-04-22,1.768,1.768,0.0023,False
2021-04-23,1.777,1.777,0.0051,False
2021-04-26,1.756,1.756,-0.0118,False
2021-04-27,1.756,1.756,0.0,False
2021-04-28,1.76,1.76,0.0023,False
2021-04-29,1.777,1.777,0.0097,False
2021-04-30,1.761,1.761,-0.009000000000000001,False
2021-05-06,1.747,1.747,-0.008,False
2021-05-07,1.729,1.729,-0.0103,False
2021-05-10,1.735,1.735,0.0034999999999999996,False
2021-05-11,1.745,1.745,0.0058,False
2021-05-12,1.749,1.749,0.0023,False
2021-05-13,1.732,1.732,-0.0097,False
2021-05-14,1.771,1.771,0.0225,False
2021-05-17,1.786,1.786,0.0085,False
2021-05-18,1.793,1.793,0.0039000000000000003,False
2021-05-19,1.784,1.784,-0.005,False
2021-05-20,1.791,1.791,0.0039000000000000003,False
2021-05-21,1.78,1.78,-0.0060999999999999995,False
2021-05-24,1.786,1.786,0.0034000000000000002,False
2021-05-25,1.831,1.831,0.0252,False
2021-05-26,1.837,1.837,0.0033,False
2021-05-27,1.843,1.843,0.0033,False
2021-05-28,1.838,1.838,-0.0027,False
2021-05-31,1.835,1.835,-0.0016,False
2021-06-01,1.832,1.832,-0.0016,False
2021-06-02,1.816,1.816,-0.0087,False
2021-06-03,1.815,1.815,-0.0006,False
2021-06-04,1.821,1.821,0.0033,False
2021-06-07,1.815,1.815,-0.0033,False
2021-06-08,1.807,1.807,-0.0044,False
2021-06-09,1.812,1.812,0.0028000000000000004,False
2021-06-10,1.818,1.818,0.0033,False
2021-06-11,1.808,1.808,-0.0055000000000000005,False
2021-06-15,1.793,1.793,-0.0083,False
2021-06-16,1.782,1.782,-0.0060999999999999995,False
2021-06-17,1.782,1.782,0.0,False
2021-06-18,1.785,1.785,0.0017000000000000001,False
2021-06-21,1.768,1.768,-0.0095,False
2021-06-22,1.774,1.774,0.0034000000000000002,False
2021-06-23,1.782,1.782,0.0045000000000000005,False
2021-06-24,1.782,1.782,0.0,False
2021-06-25,1.805,1.805,0.0129,False
2021-06-28,1.807,1.807,0.0011,False
2021-06-29,1.779,1.779,-0.0155,False
2021-06-30,1.789,1.789,0.005600000000000001,False
2021-07-01,1.794,1.794,0.0028000000000000004,False
2021-07-02,1.748,1.748,-0.0256,False
2021-07-05,1.737,1.737,-0.0063,False
2021-07-06,1.74,1.74,0.0017000000000000001,False
2021-07-07,1.742,1.742,0.0011,False
2021-07-08,1.721,1.721,-0.0121,False
2021-07-09,1.721,1.721,0.0,False
2021-07-12,1.74,1.74,0.011000000000000001,False
2021-07-13,1.749,1.749,0.0052,False
2021-07-14,1.734,1.734,-0.0086,False
2021-07-15,1.742,1.742,0.0046,False
2021-07-16,1.735,1.735,-0.004,False
2021-07-19,1.748,1.748,0.0075,False
2021-07-20,1.738,1.738,-0.005699999999999999,False
2021-07-21,1.74,1.74,0.0012,False
2021-07-22,1.744,1.744,0.0023,False
2021-07-23,1.731,1.731,-0.0075,False
2021-07-26,1.681,1.681,-0.028900000000000002,False
2021-07-27,1.632,1.632,-0.0291,False
2021-07-28,1.634,1.634,0.0012,False
2021-07-29,1.644,1.644,0.0060999999999999995,False
2021-07-30,1.636,1.636,-0.0049,False
2021-08-02,1.678,1.678,0.025699999999999997,False
2021-08-03,1.684,1.684,0.0036,False
2021-08-04,1.684,1.684,0.0,False
2021-08-05,1.674,1.674,-0.0059,False
2021-08-06,1.664,1.664,-0.006,False
2021-08-09,1.692,1.692,0.0168,False
2021-08-10,1.706,1.706,0.0083,False
2021-08-11,1.693,1.693,-0.0076,False
2021-08-12,1.68,1.68,-0.0077,False
2021-08-13,1.672,1.672,-0.0048,False
2021-08-16,1.677,1.677,0.003,False
2021-08-17,1.647,1.647,-0.0179,False
2021-08-18,1.667,1.667,0.0121,False
2021-08-19,1.658,1.658,-0.0054,False
2021-08-20,1.623,1.623,-0.021099999999999997,False
2021-08-23,1.626,1.626,0.0018,False
2021-08-24,1.631,1.631,0.0031,False
2021-08-25,1.636,1.636,0.0031,False
2021-08-26,1.608,1.608,-0.0171,False
2021-08-27,1.615,1.615,0.0044,False
2021-08-30,1.598,1.598,-0.0105,False
2021-08-31,1.612,1.612,0.0088,False
2021-09-01,1.649,1.649,0.023,False
2021-09-02,1.648,1.648,-0.0006,False
2021-09-03,1.646,1.646,-0.0012,False
2021-09-06,1.675,1.675,0.0176,False
2021-09-07,1.687,1.687,0.0072,False
2021-09-08,1.69,1.69,0.0018,False
2021-09-09,1.695,1.695,0.003,False
2021-09-10,1.705,1.705,0.0059,False
2021-09-13,1.705,1.705,0.0,False
2021-09-14,1.675,1.675,-0.0176,False
2021-09-15,1.657,1.657,-0.010700000000000001,False
2021-09-16,1.646,1.646,-0.0066,False
2021-09-17,1.653,1.653,0.0043,False
2021-09-22,1.644,1.644,-0.0054,False
2021-09-23,1.653,1.653,0.0055000000000000005,False
2021-09-24,1.648,1.648,-0.003,False
2021-09-27,1.662,1.662,0.0085,False
2021-09-28,1.668,1.668,0.0036,False
2021-09-29,1.655,1.655,-0.0078000000000000005,False
2021-09-30,1.656,1.656,0.0006,False
2021-10-08,1.696,1.696,0.0242,False
2021-10-11,1.705,1.705,0.0053,False
2021-10-12,1.692,1.692,-0.0076,False
2021-10-13,1.696,1.696,0.0024,False
2021-10-14,1.688,1.688,-0.004699999999999999,False
2021-10-15,1.688,1.688,0.0,False
2021-10-18,1.674,1.674,-0.0083,False
2021-10-19,1.686,1.686,0.0072,False
2021-10-20,1.673,1.673,-0.0077,False
2021-10-21,1.686,1.686,0.0078000000000000005,False
2021-10-22,1.692,1.692,0.0036,False
2021-10-25,1.69,1.69,-0.0012,False
2021-10-26,1.676,1.676,-0.0083,False
2021-10-27,1.651,1.651,-0.0149,False
2021-10-28,1.636,1.636,-0.0091,False
2021-10-29,1.641,1.641,0.0031,False
2021-11-01,1.64,1.64,-0.0006,False
2021-11-02,1.623,1.623,-0.0104,False
2021-11-03,1.624,1.624,0.0006,False
2021-11-04,1.636,1.636,0.0074,False
2021-11-05,1.63,1.63,-0.0037,False
2021-11-08,1.631,1.631,0.0006,False
2021-11-09,1.627,1.627,-0.0025,False
2021-11-10,1.62,1.62,-0.0043,False
2021-11-11,1.652,1.652,0.019799999999999998,False
2021-11-12,1.645,1.645,-0.0042,False
2021-11-15,1.643,1.643,-0.0012,False
2021-11-16,1.637,1.637,-0.0037,False
2021-11-17,1.635,1.635,-0.0012,False
2021-11-18,1.623,1.623,-0.0073,False
2021-11-19,1.634,1.634,0.0068000000000000005,False
2021-11-22,1.635,1.635,0.0006,False
2021-11-23,1.633,1.633,-0.0012,False
2021-11-24,1.636,1.636,0.0018,False
2021-11-25,1.631,1.631,-0.0031,False
2021-11-26,1.61,1.61,-0.0129,False
2021-11-29,1.602,1.602,-0.005,False
2021-11-30,1.596,1.596,-0.0037,False
2021-12-01,1.607,1.607,0.0069,False
2021-12-02,1.611,1.611,0.0025,False
2021-12-03,1.631,1.631,0.0124,False
2021-12-06,1.635,1.635,0.0025,False
2021-12-07,1.651,1.651,0.0098,False
2021-12-08,1.661,1.661,0.0060999999999999995,False
2021-12-09,1.688,1.688,0.0163,False
2021-12-10,1.683,1.683,-0.003,False
2021-12-13,1.691,1.691,0.0048,False
2021-12-14,1.68,1.68,-0.006500000000000001,False
2021-12-15,1.673,1.673,-0.0042,False
2021-12-16,1.68,1.68,0.0042,False
2021-12-17,1.664,1.664,-0.0095,False
2021-12-20,1.657,1.657,-0.0042,False
2021-12-21,1.672,1.672,0.0091,False
2021-12-22,1.67,1.67,-0.0012,False
2021-12-23,1.678,1.678,0.0048,False
2021-12-24,1.678,1.678,0.0,False
2021-12-27,1.685,1.685,0.0042,False
2021-12-28,1.689,1.689,0.0024,False
2021-12-29,1.67,1.67,-0.011200000000000002,False
2021-12-30,1.674,1.674,0.0024,False
2021-12-31,1.686,1.686,0.0072,False
2022-01-04,1.702,1.702,0.0095,False
2022-01-05,1.701,1.701,-0.0006,False
2022-01-06,1.686,1.686,-0.0088,False
2022-01-07,1.699,1.699,0.0077,False
2022-01-10,1.716,1.716,0.01,False
2022-01-11,1.704,1.704,-0.006999999999999999,False
2022-01-12,1.701,1.701,-0.0018,False
2022-01-13,1.673,1.673,-0.0165,False
2022-01-14,1.644,1.644,-0.0173,False
2022-01-17,1.65,1.65,0.0036,False
2022-01-18,1.678,1.678,0.017,False
2022-01-19,1.679,1.679,0.0006,False
2022-01-20,1.695,1.695,0.0095,False
2022-01-21,1.678,1.678,-0.01,False
2022-01-24,1.668,1.668,-0.006,False
2022-01-25,1.634,1.634,-0.0204,False
2022-01-26,1.64,1.64,0.0037,False
2022-01-27,1.622,1.622,-0.011000000000000001,False
2022-01-28,1.604,1.604,-0.0111,False
2022-02-07,1.633,1.633,0.0181,False
2022-02-08,1.645,1.645,0.0073,False
2022-02-09,1.653,1.653,0.0049,False
2022-02-10,1.666,1.666,0.0079,False
2022-02-11,1.66,1.66,-0.0036,False
2022-02-14,1.625,1.625,-0.021099999999999997,False
2022-02-15,1.629,1.629,0.0025,False
2022-02-16,1.638,1.638,0.0055000000000000005,False
2022-02-17,1.638,1.638,0.0,False
2022-02-18,1.659,1.659,0.0128,False
2022-02-21,1.659,1.659,0.0,False
2022-02-22,1.646,1.646,-0.0078000000000000005,False
2022-02-23,1.644,1.644,-0.0012,False
2022-02-24,1.617,1.617,-0.016399999999999998,False
2022-02-25,1.615,1.615,-0.0012,False
2022-02-28,1.615,1.615,0.0,False
2022-03-01,1.639,1.639,0.0149,False
2022-03-02,1.635,1.635,-0.0024,False
2022-03-03,1.636,1.636,0.0006,False
2022-03-04,1.62,1.62,-0.0098,False
2022-03-07,1.582,1.582,-0.0235,False
2022-03-08,1.543,1.543,-0.024700000000000003,False
2022-03-09,1.534,1.534,-0.0058,False
2022-03-10,1.546,1.546,0.0078000000000000005,False
2022-03-11,1.545,1.545,-0.0006,False
2022-03-14,1.496,1.496,-0.0317,False
2022-03-15,1.425,1.425,-0.0475,False
2022-03-16,1.468,1.468,0.0302,False
2022-03-17,1.493,1.493,0.017,False
2022-03-18,1.515,1.515,0.0147,False
2022-03-21,1.516,1.516,0.0007000000000000001,False
2022-03-22,1.529,1.529,0.0086,False
2022-03-23,1.545,1.545,0.0105,False
2022-03-24,1.547,1.547,0.0013,False
2022-03-25,1.529,1.529,-0.0116,False
2022-03-28,1.542,1.542,0.0085,False
2022-03-29,1.545,1.545,0.0019,False
2022-03-30,1.553,1.553,0.0052,False
2022-03-31,1.557,1.557,0.0026,False
2022-04-01,1.572,1.572,0.0096,False
2022-04-06,1.578,1.578,0.0038,False
2022-04-07,1.553,1.553,-0.0158,False
2022-04-08,1.575,1.575,0.014199999999999999,False
2022-04-11,1.552,1.552,-0.0146,False
2022-04-12,1.542,1.542,-0.0064,False
2022-04-13,1.548,1.548,0.0039000000000000003,False
2022-04-14,1.576,1.576,0.0181,False
2022-04-15,1.567,1.567,-0.005699999999999999,False
2022-04-18,1.546,1.546,-0.0134,False
2022-04-19,1.549,1.549,0.0019,False
2022-04-20,1.503,1.503,-0.0297,False
2022-04-21,1.476,1.476,-0.018000000000000002,False
2022-04-22,1.501,1.501,0.0169,False
2022-04-25,1.447,1.447,-0.036000000000000004,False
2022-04-26,1.447,1.447,0.0,False
2022-04-27,1.454,1.454,0.0048,False
2022-04-28,1.477,1.477,0.0158,False
2022-04-29,1.486,1.486,0.0060999999999999995,False
2022-05-05,1.472,1.472,-0.009399999999999999,False
2022-05-06,1.43,1.43,-0.0285,False
2022-05-09,1.414,1.414,-0.011200000000000002,False
2022-05-10,1.417,1.417,0.0021,False
2022-05-11,1.422,1.422,0.0034999999999999996,False
2022-05-12,1.402,1.402,-0.0141,False
2022-05-13,1.429,1.429,0.019299999999999998,False
2022-05-16,1.455,1.455,0.0182,False
2022-05-17,1.465,1.465,0.0069,False
2022-05-18,1.437,1.437,-0.0191,False
2022-05-19,1.435,1.435,-0.0014000000000000002,False
2022-05-20,1.489,1.489,0.037599999999999995,False
2022-05-23,1.49,1.49,0.0007000000000000001,False
2022-05-24,1.46,1.46,-0.020099999999999996,False
2022-05-25,1.486,1.486,0.0178,False
2022-05-26,1.514,1.514,0.018799999999999997,False
2022-05-27,1.53,1.53,0.0106,False
2022-05-30,1.533,1.533,0.002,False
2022-05-31,1.535,1.535,0.0013,False
2022-06-01,1.544,1.544,0.0059,False
2022-06-02,1.503,1.503,-0.026600000000000002,False
2022-06-06,1.539,1.539,0.024,False
2022-06-07,1.551,1.551,0.0078000000000000005,False
2022-06-08,1.608,1.608,0.0368,False
2022-06-09,1.61,1.61,0.0012,False
2022-06-10,1.638,1.638,0.0174,False
2022-06-13,1.624,1.624,-0.0085,False
2022-06-14,1.646,1.646,0.013500000000000002,False
2022-06-15,1.604,1.604,-0.0255,False
2022-06-16,1.551,1.551,-0.033,False
2022-06-17,1.555,1.555,0.0026,False
2022-06-20,1.486,1.486,-0.0444,False
2022-06-21,1.484,1.484,-0.0013,False
2022-06-22,1.463,1.463,-0.014199999999999999,False
2022-06-23,1.487,1.487,0.016399999999999998,False
2022-06-24,1.488,1.488,0.0007000000000000001,False
2022-06-27,1.542,1.542,0.0363,False
2022-06-28,1.57,1.57,0.0182,False
2022-06-29,1.548,1.548,-0.013999999999999999,False
2022-06-30,1.563,1.563,0.0097,False
2022-07-01,1.553,1.553,-0.0064,False
2022-07-04,1.555,1.555,0.0013,False
2022-07-05,1.583,1.583,0.018000000000000002,False
2022-07-06,1.512,1.512,-0.0449,False
2022-07-07,1.522,1.522,0.0066,False
2022-07-08,1.507,1.507,-0.009899999999999999,False
2022-07-11,1.461,1.461,-0.0305,False
2022-07-12,1.451,1.451,-0.0068000000000000005,False
2022-07-13,1.446,1.446,-0.0034000000000000002,False
2022-07-14,1.446,1.446,0.0,False
2022-07-15,1.433,1.433,-0.009000000000000001,False
2022-07-18,1.455,1.455,0.0154,False
2022-07-19,1.448,1.448,-0.0048,False
2022-07-20,1.46,1.46,0.0083,False
2022-07-21,1.428,1.428,-0.0219,False
2022-07-22,1.421,1.421,-0.0049,False
2022-07-25,1.421,1.421,0.0,False
2022-07-26,1.445,1.445,0.0169,False
2022-07-27,1.453,1.453,0.0055000000000000005,False
2022-07-28,1.444,1.444,-0.0062,False
2022-07-29,1.413,1.413,-0.0215,False
2022-08-01,1.448,1.448,0.0248,False
2022-08-02,1.428,1.428,-0.0138,False
2022-08-03,1.414,1.414,-0.0098,False
2022-08-04,1.405,1.405,-0.0064,False
2022-08-05,1.412,1.412,0.005,False
2022-08-08,1.434,1.434,0.015600000000000001,False
2022-08-09,1.461,1.461,0.018799999999999997,False
2022-08-10,1.448,1.448,-0.0089,False
2022-08-11,1.462,1.462,0.0097,False
2022-08-12,1.461,1.461,-0.0007000000000000001,False
2022-08-15,1.481,1.481,0.0137,False
2022-08-16,1.487,1.487,0.0040999999999999995,False
2022-08-17,1.49,1.49,0.002,False
2022-08-18,1.491,1.491,0.0007000000000000001,False
2022-08-19,1.483,1.483,-0.0054,False
2022-08-22,1.51,1.51,0.0182,False
2022-08-23,1.526,1.526,0.0106,False
2022-08-24,1.489,1.489,-0.0242,False
2022-08-25,1.53,1.53,0.0275,False
2022-08-26,1.509,1.509,-0.0137,False
2022-08-29,1.522,1.522,0.0086,False
2022-08-30,1.478,1.478,-0.028900000000000002,False
2022-08-31,1.429,1.429,-0.0332,False
2022-09-01,1.443,1.443,0.0098,False
2022-09-02,1.446,1.446,0.0021,False
2022-09-05,1.492,1.492,0.0318,False
2022-09-06,1.51,1.51,0.0121,False
2022-09-07,1.505,1.505,-0.0033,False
2022-09-08,1.49,1.49,-0.01,False
2022-09-09,1.495,1.495,0.0034000000000000002,False
2022-09-13,1.483,1.483,-0.008,False
2022-09-14,1.478,1.478,-0.0034000000000000002,False
2022-09-15,1.458,1.458,-0.013500000000000002,False
2022-09-16,1.412,1.412,-0.0316,False
2022-09-19,1.417,1.417,0.0034999999999999996,False
2022-09-20,1.429,1.429,0.0085,False
2022-09-21,1.449,1.449,0.013999999999999999,False
2022-09-22,1.476,1.476,0.018600000000000002,False
2022-09-23,1.437,1.437,-0.0264,False
2022-09-26,1.413,1.413,-0.0167,False
2022-09-27,1.42,1.42,0.005,False
2022-09-28,1.413,1.413,-0.0049,False
2022-09-29,1.429,1.429,0.0113,False
2022-09-30,1.414,1.414,-0.0105,False
2022-10-10,1.417,1.417,0.0021,False
2022-10-11,1.413,1.413,-0.0028000000000000004,False
2022-10-12,1.416,1.416,0.0021,False
2022-10-13,1.382,1.382,-0.024,False
2022-10-14,1.405,1.405,0.0166,False
2022-10-17,1.397,1.397,-0.005699999999999999,False
2022-10-18,1.404,1.404,0.005,False
2022-10-19,1.401,1.401,-0.0021,False
2022-10-20,1.38,1.38,-0.015,False
2022-10-21,1.39,1.39,0.0072,False
2022-10-24,1.362,1.362,-0.020099999999999996,False
2022-10-25,1.345,1.345,-0.0125,False
2022-10-26,1.34,1.34,-0.0037,False
2022-10-27,1.332,1.332,-0.006,False
2022-10-28,1.33,1.33,-0.0015,False
2022-10-31,1.298,1.298,-0.0241,False
2022-11-01,1.295,1.295,-0.0023,False
2022-11-02,1.298,1.298,0.0023,False
2022-11-03,1.289,1.289,-0.0069,False
2022-11-04,1.324,1.324,0.027200000000000002,False
2022-11-07,1.33,1.33,0.0045000000000000005,False
2022-11-08,1.321,1.321,-0.0068000000000000005,False
2022-11-09,1.31,1.31,-0.0083,False
2022-11-10,1.297,1.297,-0.009899999999999999,False
2022-11-11,1.314,1.314,0.0131,False
2022-11-14,1.296,1.296,-0.0137,False
2022-11-15,1.314,1.314,0.0139,False
2022-11-16,1.311,1.311,-0.0023,False
2022-11-17,1.308,1.308,-0.0023,False
2022-11-18,1.303,1.303,-0.0038,False
2022-11-21,1.302,1.302,-0.0008,False
2022-11-22,1.302,1.302,0.0,False
2022-11-23,1.297,1.297,-0.0038,False
2022-11-24,1.289,1.289,-0.0062,False
2022-11-25,1.305,1.305,0.0124,False
2022-11-28,1.298,1.298,-0.0054,False
2022-11-29,1.31,1.31,0.0092,False
2022-11-30,1.317,1.317,0.0053,False
2022-12-01,1.309,1.309,-0.0060999999999999995,False
2022-12-02,1.295,1.295,-0.010700000000000001,False
2022-12-05,1.319,1.319,0.018500000000000003,False
2022-12-06,1.304,1.304,-0.011399999999999999,False
2022-12-07,1.291,1.291,-0.01,False
2022-12-08,1.288,1.288,-0.0023,False
2022-12-09,1.287,1.287,-0.0008,False
2022-12-12,1.272,1.272,-0.011699999999999999,False
2022-12-13,1.264,1.264,-0.0063,False
2022-12-14,1.262,1.262,-0.0016,False
2022-12-15,1.253,1.253,-0.0070999999999999995,False
2022-12-16,1.256,1.256,0.0024,False
2022-12-19,1.229,1.229,-0.0215,False
2022-12-20,1.211,1.211,-0.0146,False
2022-12-21,1.21,1.21,-0.0008,False
2022-12-22,1.212,1.212,0.0017000000000000001,False
2022-12-23,1.213,1.213,0.0008,False
2022-12-26,1.214,1.214,0.0008,False
2022-12-27,1.227,1.227,0.010700000000000001,False
2022-12-28,1.225,1.225,-0.0016,False
2022-12-29,1.223,1.223,-0.0016,False
2022-12-30,1.229,1.229,0.0049,False
2022-12-31,1.229,1.229,0.0,False
2023-01-03,1.243,1.243,0.011399999999999999,False
2023-01-04,1.259,1.259,0.0129,False
2023-01-05,1.276,1.276,0.013500000000000002,False
2023-01-06,1.271,1.271,-0.0039000000000000003,False
2023-01-09,1.286,1.286,0.0118,False
2023-01-10,1.29,1.29,0.0031,False
2023-01-11,1.286,1.286,-0.0031,False
2023-01-12,1.287,1.287,0.0008,False
2023-01-13,1.31,1.31,0.0179,False
2023-01-16,1.327,1.327,0.013000000000000001,False
2023-01-17,1.328,1.328,0.0008,False
2023-01-18,1.333,1.333,0.0038,False
2023-01-19,1.351,1.351,0.013500000000000002,False
2023-01-20,1.352,1.352,0.0007000000000000001,False
2023-01-30,1.344,1.344,-0.0059,False
2023-01-31,1.326,1.326,-0.0134,False
2023-02-01,1.339,1.339,0.0098,False
2023-02-02,1.333,1.333,-0.0045000000000000005,False
2023-02-03,1.327,1.327,-0.0045000000000000005,False
2023-02-06,1.311,1.311,-0.0121,False
2023-02-07,1.311,1.311,0.0,False
2023-02-08,1.305,1.305,-0.0046,False
2023-02-09,1.316,1.316,0.0084,False
2023-02-10,1.309,1.309,-0.0053,False
2023-02-13,1.315,1.315,0.0046,False
2023-02-14,1.313,1.313,-0.0015,False
2023-02-15,1.301,1.301,-0.0091,False
2023-02-16,1.293,1.293,-0.0060999999999999995,False
2023-02-17,1.271,1.271,-0.017,False
2023-02-20,1.312,1.312,0.0323,False
2023-02-21,1.313,1.313,0.0008,False
2023-02-22,1.301,1.301,-0.0091,False
2023-02-23,1.296,1.296,-0.0038,False
2023-02-24,1.281,1.281,-0.0116,False
2023-02-27,1.281,1.281,0.0,False
2023-02-28,1.286,1.286,0.0039000000000000003,False
2023-03-01,1.303,1.303,0.0132,False
2023-03-02,1.303,1.303,0.0,False
2023-03-03,1.3,1.3,-0.0023,False
2023-03-06,1.294,1.294,-0.0046,False
2023-03-07,1.27,1.27,-0.018500000000000003,False
2023-03-08,1.266,1.266,-0.0031,False
2023-03-09,1.258,1.258,-0.0063,False
2023-03-10,1.244,1.244,-0.0111,False
2023-03-13,1.26,1.26,0.0129,False
2023-03-14,1.25,1.25,-0.0079,False
2023-03-15,1.242,1.242,-0.0064,False
2023-03-16,1.237,1.237,-0.004,False
2023-03-17,1.243,1.243,0.0049,False
2023-03-20,1.241,1.241,-0.0016,False
2023-03-21,1.264,1.264,0.018500000000000003,False
2023-03-22,1.261,1.261,-0.0024,False
2023-03-23,1.278,1.278,0.013500000000000002,False
2023-03-24,1.275,1.275,-0.0023,False
2023-03-27,1.273,1.273,-0.0016,False
2023-03-28,1.276,1.276,0.0024,False
2023-03-29,1.28,1.28,0.0031,False
2023-03-30,1.294,1.294,0.0109,False
2023-03-31,1.298,1.298,0.0031,False
2023-04-03,1.307,1.307,0.0069,False
2023-04-04,1.313,1.313,0.0046,False
2023-04-06,1.301,1.301,-0.0091,False
2023-04-07,1.31,1.31,0.0069,False
2023-04-10,1.306,1.306,-0.0031,False
2023-04-11,1.299,1.299,-0.0054,False
2023-04-12,1.285,1.285,-0.0108,False
2023-04-13,1.294,1.294,0.006999999999999999,False
2023-04-14,1.287,1.287,-0.0054,False
2023-04-17,1.306,1.306,0.0148,False
2023-04-18,1.301,1.301,-0.0038,False
2023-04-19,1.291,1.291,-0.0077,False
2023-04-20,1.281,1.281,-0.0077,False
2023-04-21,1.269,1.269,-0.009399999999999999,False
2023-04-24,1.248,1.248,-0.0165,False
2023-04-25,1.248,1.248,0.0,False
2023-04-26,1.25,1.25,0.0016,False
2023-04-27,1.253,1.253,0.0024,False
2023-04-28,1.254,1.254,0.0008,False
2023-05-04,1.245,1.245,-0.0072,False
2023-05-05,1.24,1.24,-0.004,False
2023-05-08,1.239,1.239,-0.0008,False
2023-05-09,1.228,1.228,-0.0089,False
2023-05-10,1.222,1.222,-0.0049,False
2023-05-11,1.22,1.22,-0.0016,False
2023-05-12,1.212,1.212,-0.0066,False
2023-05-15,1.226,1.226,0.0116,False
2023-05-16,1.221,1.221,-0.0040999999999999995,False
2023-05-17,1.207,1.207,-0.0115,False
2023-05-18,1.202,1.202,-0.0040999999999999995,False
2023-05-19,1.215,1.215,0.0108,False
2023-05-22,1.236,1.236,0.0173,False
2023-05-23,1.223,1.223,-0.0105,False
2023-05-24,1.21,1.21,-0.0106,False
2023-05-25,1.204,1.204,-0.005,False
2023-05-26,1.202,1.202,-0.0017000000000000001,False
2023-05-29,1.196,1.196,-0.005,False
2023-05-30,1.186,1.186,-0.0084,False
2023-05-31,1.17,1.17,-0.013500000000000002,False
2023-06-01,1.17,1.17,0.0,False
2023-06-02,1.186,1.186,0.0137,False
2023-06-05,1.175,1.175,-0.009300000000000001,False
2023-06-06,1.169,1.169,-0.0051,False
2023-06-07,1.16,1.16,-0.0077,False
2023-06-08,1.167,1.167,0.006,False
2023-06-09,1.173,1.173,0.0051,False
2023-06-12,1.187,1.187,0.011899999999999999,False
2023-06-13,1.185,1.185,-0.0017000000000000001,False
2023-06-14,1.198,1.198,0.011000000000000001,False
2023-06-15,1.215,1.215,0.014199999999999999,False
2023-06-16,1.219,1.219,0.0033,False
2023-06-19,1.205,1.205,-0.0115,False
2023-06-20,1.197,1.197,-0.0066,False
2023-06-21,1.181,1.181,-0.0134,False
2023-06-26,1.169,1.169,-0.0102,False
2023-06-27,1.176,1.176,0.006,False
2023-06-28,1.182,1.182,0.0051,False
2023-06-29,1.174,1.174,-0.0068000000000000005,False
2023-06-30,1.174,1.174,0.0,False
2023-07-03,1.192,1.192,0.015300000000000001,False
2023-07-04,1.193,1.193,0.0008,False
2023-07-05,1.185,1.185,-0.0067,False
2023-07-06,1.173,1.173,-0.0101,False
2023-07-07,1.17,1.17,-0.0026,False
2023-07-10,1.175,1.175,0.0043,False
2023-07-11,1.179,1.179,0.0034000000000000002,False
2023-07-12,1.177,1.177,-0.0017000000000000001,False
2023-07-13,1.2,1.2,0.0195,False
2023-07-14,1.196,1.196,-0.0033,False
2023-07-17,1.177,1.177,-0.0159,False
2023-07-18,1.174,1.174,-0.0025,False
2023-07-19,1.172,1.172,-0.0017000000000000001,False
2023-07-20,1.169,1.169,-0.0026,False
2023-07-21,1.182,1.182,0.0111,False
2023-07-24,1.178,1.178,-0.0034000000000000002,False
2023-07-25,1.202,1.202,0.0204,False
2023-07-26,1.204,1.204,0.0017000000000000001,False
2023-07-27,1.208,1.208,0.0033,False
2023-07-28,1.223,1.223,0.0124,False
2023-07-31,1.222,1.222,-0.0008,False
2023-08-01,1.215,1.215,-0.005699999999999999,False
2023-08-02,1.202,1.202,-0.010700000000000001,False
2023-08-03,1.212,1.212,0.0083,False
2023-08-04,1.209,1.209,-0.0025,False
2023-08-07,1.195,1.195,-0.0116,False
2023-08-08,1.195,1.195,0.0,False
2023-08-09,1.199,1.199,0.0033,False
2023-08-10,1.196,1.196,-0.0025,False
2023-08-11,1.175,1.175,-0.0176,False
2023-08-14,1.17,1.17,-0.0043,False
2023-08-15,1.169,1.169,-0.0009,False
2023-08-16,1.164,1.164,-0.0043,False
2023-08-17,1.176,1.176,0.0103,False
2023-08-18,1.155,1.155,-0.0179,False
2023-08-21,1.144,1.144,-0.0095,False
2023-08-22,1.147,1.147,0.0026,False
2023-08-23,1.139,1.139,-0.006999999999999999,False
2023-08-24,1.15,1.15,0.0097,False
2023-08-25,1.147,1.147,-0.0026,False
2023-08-28,1.146,1.146,-0.0009,False
2023-08-29,1.161,1.161,0.0131,False
2023-08-30,1.16,1.16,-0.0009,False
2023-08-31,1.164,1.164,0.0034000000000000002,False
2023-09-01,1.167,1.167,0.0026,False
2023-09-04,1.174,1.174,0.006,False
2023-09-05,1.169,1.169,-0.0043,False
2023-09-06,1.164,1.164,-0.0043,False
2023-09-07,1.159,1.159,-0.0043,False
2023-09-08,1.159,1.159,0.0,False
2023-09-11,1.168,1.168,0.0078000000000000005,False
2023-09-12,1.167,1.167,-0.0009,False
2023-09-13,1.167,1.167,0.0,False
2023-09-14,1.173,1.173,0.0051,False
2023-09-15,1.175,1.175,0.0017000000000000001,False
2023-09-18,1.184,1.184,0.0077,False
2023-09-19,1.188,1.188,0.0034000000000000002,False
2023-09-20,1.18,1.18,-0.0067,False
2023-09-21,1.166,1.166,-0.011899999999999999,False
2023-09-22,1.178,1.178,0.0103,False
2023-09-25,1.185,1.185,0.0059,False
2023-09-26,1.176,1.176,-0.0076,False
2023-09-27,1.18,1.18,0.0034000000000000002,False
2023-09-28,1.17,1.17,-0.0085,False
2023-10-09,1.169,1.169,-0.0009,False
2023-10-10,1.159,1.159,-0.0086,False
2023-10-11,1.164,1.164,0.0043,False
2023-10-12,1.166,1.166,0.0017000000000000001,False
2023-10-13,1.165,1.165,-0.0009,False
2023-10-16,1.166,1.166,0.0009,False
2023-10-17,1.17,1.17,0.0034000000000000002,False
2023-10-18,1.162,1.162,-0.0068000000000000005,False
2023-10-19,1.135,1.135,-0.0232,False
2023-10-20,1.123,1.123,-0.0106,False
2023-10-23,1.116,1.116,-0.0062,False
2023-10-24,1.117,1.117,0.0009,False
2023-10-25,1.109,1.109,-0.0072,False
2023-10-26,1.114,1.114,0.0045000000000000005,False
2023-10-27,1.131,1.131,0.015300000000000001,False
2023-10-30,1.145,1.145,0.0124,False
2023-10-31,1.154,1.154,0.0079,False
2023-11-01,1.162,1.162,0.0069,False
2023-11-02,1.161,1.161,-0.0009,False
2023-11-03,1.164,1.164,0.0026,False
2023-11-06,1.157,1.157,-0.006,False
2023-11-07,1.158,1.158,0.0009,False
2023-11-08,1.175,1.175,0.0147,False
2023-11-09,1.175,1.175,0.0,False
2023-11-10,1.174,1.174,-0.0009,False
2023-11-13,1.165,1.165,-0.0077,False
2023-11-14,1.167,1.167,0.0017000000000000001,False
2023-11-15,1.172,1.172,0.0043,False
2023-11-16,1.167,1.167,-0.0043,False
2023-11-17,1.165,1.165,-0.0017000000000000001,False
2023-11-20,1.17,1.17,0.0043,False
2023-11-21,1.172,1.172,0.0017000000000000001,False
2023-11-22,1.165,1.165,-0.006,False
2023-11-23,1.169,1.169,0.0034000000000000002,False
2023-11-24,1.169,1.169,0.0,False
2023-11-27,1.164,1.164,-0.0043,False
2023-11-28,1.17,1.17,0.0052,False
2023-11-29,1.171,1.171,0.0009,False
2023-11-30,1.18,1.18,0.0077,False
2023-12-01,1.178,1.178,-0.0017000000000000001,False
2023-12-04,1.17,1.17,-0.0068000000000000005,False
2023-12-05,1.157,1.157,-0.0111,False
2023-12-06,1.16,1.16,0.0026,False
2023-12-07,1.157,1.157,-0.0026,False
2023-12-08,1.166,1.166,0.0078000000000000005,False
2023-12-11,1.177,1.177,0.009399999999999999,False
2023-12-12,1.176,1.176,-0.0008,False
2023-12-13,1.168,1.168,-0.0068000000000000005,False
2023-12-14,1.165,1.165,-0.0026,False
2023-12-15,1.156,1.156,-0.0077,False
2023-12-18,1.16,1.16,0.0034999999999999996,False
2023-12-19,1.16,1.16,0.0,False
2023-12-20,1.157,1.157,-0.0026,False
2023-12-21,1.155,1.155,-0.0017000000000000001,False
2023-12-22,1.155,1.155,0.0,False
2023-12-25,1.162,1.162,0.0060999999999999995,False
2023-12-26,1.149,1.149,-0.011200000000000002,False
2023-12-27,1.163,1.163,0.012199999999999999,False
2023-12-28,1.162,1.162,-0.0009,False
2023-12-29,1.172,1.172,0.0086,False
2023-12-31,1.172,1.172,0.0,False
2024-01-02,1.175,1.175,0.0026,False
2024-01-03,1.173,1.173,-0.0017000000000000001,False
2024-01-04,1.171,1.171,-0.0017000000000000001,False
2024-01-05,1.162,1.162,-0.0077,False
2024-01-08,1.152,1.152,-0.0086,False
2024-01-09,1.151,1.151,-0.0009,False
2024-01-10,1.141,1.141,-0.0087,False
2024-01-11,1.138,1.138,-0.0026,False
2024-01-12,1.138,1.138,0.0,False
2024-01-15,1.14,1.14,0.0018,False
2024-01-16,1.142,1.142,0.0018,False
2024-01-17,1.126,1.126,-0.013999999999999999,False
2024-01-18,1.133,1.133,0.0062,False
2024-01-19,1.131,1.131,-0.0018,False
2024-01-22,1.107,1.107,-0.0212,False
2024-01-23,1.116,1.116,0.008100000000000001,False
2024-01-24,1.135,1.135,0.017,False
2024-01-25,1.152,1.152,0.015,False
2024-01-26,1.152,1.152,0.0,False
2024-01-29,1.162,1.162,0.0087,False
2024-01-30,1.15,1.15,-0.0103,False
2024-01-31,1.161,1.161,0.0096,False
2024-02-01,1.15,1.15,-0.0095,False
2024-02-02,1.157,1.157,0.0060999999999999995,False
2024-02-05,1.177,1.177,0.0173,False
2024-02-06,1.194,1.194,0.0144,False
2024-02-07,1.202,1.202,0.0067,False
2024-02-08,1.194,1.194,-0.0067,False
2024-02-19,1.222,1.222,0.0235,False
2024-02-20,1.239,1.239,0.0139,False
2024-02-21,1.23,1.23,-0.0073,False
2024-02-22,1.245,1.245,0.012199999999999999,False
2024-02-23,1.243,1.243,-0.0016,False
2024-02-26,1.226,1.226,-0.0137,False
2024-02-27,1.23,1.23,0.0033,False
2024-02-28,1.226,1.226,-0.0033,False
2024-02-29,1.233,1.233,0.005699999999999999,False
2024-03-01,1.235,1.235,0.0016,False
2024-03-04,1.245,1.245,0.008100000000000001,False
2024-03-05,1.252,1.252,0.005600000000000001,False
2024-03-06,1.244,1.244,-0.0064,False
2024-03-07,1.249,1.249,0.004,False
2024-03-08,1.256,1.256,0.005600000000000001,False
2024-03-11,1.245,1.245,-0.0088,False
2024-03-12,1.213,1.213,-0.025699999999999997,False
2024-03-13,1.213,1.213,0.0,False
2024-03-14,1.223,1.223,0.008199999999999999,False
2024-03-15,1.228,1.228,0.0040999999999999995,False
2024-03-18,1.23,1.23,0.0016,False
2024-03-19,1.226,1.226,-0.0033,False
2024-03-20,1.232,1.232,0.0049,False
2024-03-21,1.229,1.229,-0.0024,False
2024-03-22,1.234,1.234,0.0040999999999999995,False
2024-03-25,1.232,1.232,-0.0016,False
2024-03-26,1.237,1.237,0.0040999999999999995,False
2024-03-27,1.24,1.24,0.0024,False
2024-03-28,1.243,1.243,0.0024,False
2024-03-29,1.254,1.254,0.0088,False
2024-04-01,1.244,1.244,-0.008,False
2024-04-02,1.248,1.248,0.0032,False
2024-04-03,1.249,1.249,0.0008,False
2024-04-08,1.255,1.255,0.0048,False
2024-04-09,1.247,1.247,-0.0064,False
2024-04-10,1.253,1.253,0.0048,False
2024-04-11,1.255,1.255,0.0016,False
2024-04-12,1.251,1.251,-0.0032,False
2024-04-15,1.278,1.278,0.0216,False
2024-04-16,1.271,1.271,-0.0055000000000000005,False
2024-04-17,1.285,1.285,0.011000000000000001,False
2024-04-18,1.273,1.273,-0.009300000000000001,False
2024-04-19,1.278,1.278,0.0039000000000000003,False
2024-04-22,1.263,1.263,-0.011699999999999999,False
2024-04-23,1.244,1.244,-0.015,False
2024-04-24,1.251,1.251,0.005600000000000001,False
2024-04-25,1.25,1.25,-0.0008,False
2024-04-26,1.246,1.246,-0.0032,False
2024-04-29,1.241,1.241,-0.004,False
2024-04-30,1.251,1.251,0.008100000000000001,False
2024-05-06,1.252,1.252,0.0008,False
2024-05-07,1.25,1.25,-0.0016,False
2024-05-08,1.252,1.252,0.0016,False
2024-05-09,1.255,1.255,0.0024,False
2024-05-10,1.262,1.262,0.005600000000000001,False
2024-05-13,1.263,1.263,0.0008,False
2024-05-14,1.261,1.261,-0.0016,False
2024-05-15,1.251,1.251,-0.0079,False
2024-05-16,1.244,1.244,-0.005600000000000001,False
2024-05-17,1.251,1.251,0.005600000000000001,False
2024-05-20,1.265,1.265,0.011200000000000002,False
2024-05-21,1.265,1.265,0.0,False
2024-05-22,1.263,1.263,-0.0016,False
2024-05-23,1.253,1.253,-0.0079,False
2024-05-24,1.258,1.258,0.004,False
2024-05-27,1.274,1.274,0.0127,False
2024-05-28,1.273,1.273,-0.0008,False
2024-05-29,1.276,1.276,0.0024,False
2024-05-30,1.266,1.266,-0.0078000000000000005,False
2024-05-31,1.263,1.263,-0.0024,False
2024-06-03,1.274,1.274,0.0087,False
2024-06-04,1.282,1.282,0.0063,False
2024-06-05,1.283,1.283,0.0008,False
2024-06-06,1.293,1.293,0.0078000000000000005,False
2024-06-07,1.302,1.302,0.006999999999999999,False
2024-06-11,1.285,1.285,-0.0131,False
2024-06-12,1.296,1.296,0.0086,False
2024-06-13,1.296,1.296,0.0,False
2024-06-14,1.283,1.283,-0.01,False
2024-06-17,1.272,1.272,-0.0086,False
2024-06-18,1.272,1.272,0.0,False
2024-06-19,1.276,1.276,0.0031,False
2024-06-20,1.284,1.284,0.0063,False
2024-06-21,1.285,1.285,0.0008,False
2024-06-24,1.29,1.29,0.0039000000000000003,False
2024-06-25,1.289,1.289,-0.0008,False
2024-06-26,1.289,1.289,0.0,False
2024-06-27,1.289,1.289,0.0,False
2024-06-28,1.308,1.308,0.0147,False
2024-06-30,1.308,1.308,0.0,False
2024-07-01,1.333,1.333,0.0191,False
2024-07-02,1.34,1.34,0.0053,False
2024-07-03,1.334,1.334,-0.0045000000000000005,False
2024-07-04,1.335,1.335,0.0007000000000000001,False
2024-07-05,1.331,1.331,-0.003,False
2024-07-08,1.347,1.347,0.012,False
2024-07-09,1.355,1.355,0.0059,False
2024-07-10,1.334,1.334,-0.0155,False
2024-07-11,1.342,1.342,0.006,False
2024-07-12,1.335,1.335,-0.0052,False
2024-07-15,1.35,1.35,0.011200000000000002,False
2024-07-16,1.357,1.357,0.0052,False
2024-07-17,1.339,1.339,-0.013300000000000001,False
2024-07-18,1.354,1.354,0.011200000000000002,False
2024-07-19,1.352,1.352,-0.0015,False
2024-07-22,1.335,1.335,-0.0126,False
2024-07-23,1.333,1.333,-0.0015,False
2024-07-24,1.35,1.35,0.0128,False
2024-07-25,1.336,1.336,-0.0104,False
2024-07-26,1.317,1.317,-0.014199999999999999,False
2024-07-29,1.325,1.325,0.0060999999999999995,False
2024-07-30,1.312,1.312,-0.0098,False
2024-07-31,1.296,1.296,-0.012199999999999999,False
2024-08-01,1.301,1.301,0.0039000000000000003,False
2024-08-02,1.298,1.298,-0.0023,False
2024-08-05,1.284,1.284,-0.0108,False
2024-08-06,1.276,1.276,-0.0062,False
2024-08-07,1.286,1.286,0.0078000000000000005,False
2024-08-08,1.282,1.282,-0.0031,False
2024-08-09,1.279,1.279,-0.0023,False
2024-08-12,1.275,1.275,-0.0031,False
2024-08-13,1.279,1.279,0.0031,False
2024-08-14,1.29,1.29,0.0086,False
2024-08-15,1.3,1.3,0.0078000000000000005,False
2024-08-16,1.299,1.299,-0.0008,False
2024-08-19,1.306,1.306,0.0054,False
2024-08-20,1.303,1.303,-0.0023,False
2024-08-21,1.299,1.299,-0.0031,False
2024-08-22,1.313,1.313,0.0108,False
2024-08-23,1.305,1.305,-0.0060999999999999995,False
2024-08-26,1.303,1.303,-0.0015,False
2024-08-27,1.312,1.312,0.0069,False
2024-08-28,1.307,1.307,-0.0038,False
2024-08-29,1.273,1.273,-0.026000000000000002,False
2024-08-30,1.248,1.248,-0.0196,False
2024-09-02,1.259,1.259,0.0088,False
2024-09-03,1.232,1.232,-0.021400000000000002,False
2024-09-04,1.229,1.229,-0.0024,False
2024-09-05,1.221,1.221,-0.006500000000000001,False
2024-09-06,1.221,1.221,0.0,False
2024-09-09,1.214,1.214,-0.005699999999999999,False
2024-09-10,1.224,1.224,0.008199999999999999,False
2024-09-11,1.194,1.194,-0.0245,False
2024-09-12,1.194,1.194,0.0,False
2024-09-13,1.196,1.196,0.0017000000000000001,False
2024-09-18,1.207,1.207,0.0092,False
2024-09-19,1.203,1.203,-0.0033,False
2024-09-20,1.209,1.209,0.005,False
2024-09-23,1.22,1.22,0.0091,False
2024-09-24,1.26,1.26,0.032799999999999996,False
2024-09-25,1.265,1.265,0.004,False
2024-09-26,1.282,1.282,0.0134,False
2024-09-27,1.264,1.264,-0.013999999999999999,False
2024-09-30,1.313,1.313,0.0388,False
2024-10-08,1.354,1.354,0.031200000000000002,False
2024-10-09,1.283,1.283,-0.0524,False
2024-10-10,1.301,1.301,0.013999999999999999,False
2024-10-11,1.295,1.295,-0.0046,False
2024-10-14,1.316,1.316,0.016200000000000003,False
2024-10-15,1.284,1.284,-0.024300000000000002,False
2024-10-16,1.295,1.295,0.0086,False
2024-10-17,1.283,1.283,-0.009300000000000001,False
2024-10-18,1.288,1.288,0.0039000000000000003,False
2024-10-21,1.274,1.274,-0.0109,False
2024-10-22,1.281,1.281,0.0055000000000000005,False
2024-10-23,1.279,1.279,-0.0016,False
2024-10-24,1.278,1.278,-0.0008,False
2024-10-25,1.264,1.264,-0.011000000000000001,False
2024-10-28,1.263,1.263,-0.0008,False
2024-10-29,1.259,1.259,-0.0032,False
2024-10-30,1.249,1.249,-0.0079,False
2024-10-31,1.239,1.239,-0.008,False
2024-11-01,1.256,1.256,0.0137,False
2024-11-04,1.258,1.258,0.0016,False
2024-11-05,1.263,1.263,0.004,False
2024-11-06,1.257,1.257,-0.0048,False
2024-11-07,1.273,1.273,0.0127,False
2024-11-08,1.263,1.263,-0.0079,False
2024-11-11,1.248,1.248,-0.011899999999999999,False
2024-11-12,1.234,1.234,-0.011200000000000002,False
2024-11-13,1.242,1.242,0.006500000000000001,False
2024-11-14,1.238,1.238,-0.0032,False
2024-11-15,1.234,1.234,-0.0032,False
2024-11-18,1.238,1.238,0.0032,False
2024-11-19,1.234,1.234,-0.0032,False
2024-11-20,1.238,1.238,0.0032,False
2024-11-21,1.242,1.242,0.0032,False
2024-11-22,1.215,1.215,-0.0217,False
2024-11-25,1.212,1.212,-0.0025,False
2024-11-26,1.216,1.216,0.0033,False
2024-11-27,1.229,1.229,0.010700000000000001,False
2024-11-28,1.22,1.22,-0.0073,False
2024-11-29,1.221,1.221,0.0008,False
2024-12-02,1.227,1.227,0.0049,False
2024-12-03,1.244,1.244,0.0139,False
2024-12-04,1.251,1.251,0.005600000000000001,False
2024-12-05,1.244,1.244,-0.005600000000000001,False
2024-12-06,1.247,1.247,0.0024,False
2024-12-09,1.251,1.251,0.0032,False
2024-12-10,1.255,1.255,0.0032,False
2024-12-11,1.258,1.258,0.0024,False
2024-12-12,1.268,1.268,0.0079,False
2024-12-13,1.26,1.26,-0.0063,False
2024-12-16,1.276,1.276,0.0127,False
2024-12-17,1.271,1.271,-0.0039000000000000003,False
2024-12-18,1.276,1.276,0.0039000000000000003,False
2024-12-19,1.266,1.266,-0.0078000000000000005,False
2024-12-20,1.261,1.261,-0.0039000000000000003,False
2024-12-23,1.276,1.276,0.011899999999999999,False
2024-12-24,1.286,1.286,0.0078000000000000005,False
2024-12-25,1.296,1.296,0.0078000000000000005,False
2024-12-26,1.285,1.285,-0.0085,False
2024-12-27,1.285,1.285,0.0,False
2024-12-30,1.29,1.29,0.0039000000000000003,False
2024-12-31,1.285,1.285,-0.0039000000000000003,False
2025-01-02,1.263,1.263,-0.0171,False
2025-01-03,1.262,1.262,-0.0008,False
2025-01-06,1.261,1.261,-0.0008,False
2025-01-07,1.265,1.265,0.0032,False
2025-01-08,1.274,1.274,0.0070999999999999995,False
2025-01-09,1.264,1.264,-0.0078000000000000005,False
2025-01-10,1.263,1.263,-0.0008,False
2025-01-13,1.256,1.256,-0.0055000000000000005,False
2025-01-14,1.265,1.265,0.0072,False
2025-01-15,1.267,1.267,0.0016,False
2025-01-16,1.282,1.282,0.0118,False
2025-01-17,1.275,1.275,-0.0055000000000000005,False
2025-01-20,1.269,1.269,-0.004699999999999999,False
2025-01-21,1.267,1.267,-0.0016,False
2025-01-22,1.255,1.255,-0.0095,False
2025-01-23,1.262,1.262,0.005600000000000001,False
2025-01-24,1.264,1.264,0.0016,False
2025-01-27,1.284,1.284,0.0158,False
2025-02-05,1.264,1.264,-0.015600000000000001,False
2025-02-06,1.257,1.257,-0.0055000000000000005,False
2025-02-07,1.263,1.263,0.0048,False
2025-02-10,1.259,1.259,-0.0032,False
2025-02-11,1.27,1.27,0.0087,False
2025-02-12,1.268,1.268,-0.0016,False
2025-02-13,1.267,1.267,-0.0008,False
2025-02-14,1.273,1.273,0.004699999999999999,False
2025-02-17,1.268,1.268,-0.0039000000000000003,False
2025-02-18,1.271,1.271,0.0024,False
2025-02-19,1.265,1.265,-0.004699999999999999,False
2025-02-20,1.268,1.268,0.0024,False
2025-02-21,1.262,1.262,-0.004699999999999999,False
2025-02-24,1.254,1.254,-0.0063,False
2025-02-25,1.236,1.236,-0.0144,False
2025-02-26,1.242,1.242,0.0049,False
2025-02-27,1.239,1.239,-0.0024,False
2025-02-28,1.237,1.237,-0.0016,False
2025-03-03,1.25,1.25,0.0105,False
2025-03-04,1.25,1.25,0.0,False
2025-03-05,1.276,1.276,0.0208,False
2025-03-06,1.278,1.278,0.0016,False
2025-03-07,1.291,1.291,0.0102,False
2025-03-10,1.292,1.292,0.0008,False
2025-03-11,1.29,1.29,-0.0015,False
2025-03-12,1.285,1.285,-0.0039000000000000003,False
2025-03-13,1.288,1.288,0.0023,False
2025-03-14,1.299,1.299,0.0085,False
2025-03-17,1.295,1.295,-0.0031,False
2025-03-18,1.288,1.288,-0.0054,False
2025-03-19,1.291,1.291,0.0023,False
2025-03-20,1.286,1.286,-0.0039000000000000003,False
2025-03-21,1.275,1.275,-0.0086,False
2025-03-24,1.288,1.288,0.0102,False
2025-03-25,1.287,1.287,-0.0008,False
2025-03-26,1.281,1.281,-0.004699999999999999,False
2025-03-27,1.284,1.284,0.0023,False
2025-03-28,1.284,1.284,0.0,False
2025-03-31,1.281,1.281,-0.0023,False
2025-04-01,1.283,1.283,0.0016,False
2025-04-02,1.282,1.282,-0.0008,False
2025-04-03,1.278,1.278,-0.0031,False
2025-04-07,1.221,1.221,-0.0446,False
2025-04-08,1.23,1.23,0.0074,False
2025-04-09,1.23,1.23,0.0,False
2025-04-10,1.234,1.234,0.0033,False
2025-04-11,1.237,1.237,0.0024,False
2025-04-14,1.24,1.24,0.0024,False
2025-04-15,1.246,1.246,0.0048,False
2025-04-16,1.25,1.25,0.0032,False
2025-04-17,1.25,1.25,0.0,False
2025-04-18,1.256,1.256,0.0048,False
2025-04-21,1.255,1.255,-0.0008,False
2025-04-22,1.259,1.259,0.0032,False
2025-04-23,1.256,1.256,-0.0024,False
2025-04-24,1.265,1.265,0.0072,False
2025-04-25,1.264,1.264,-0.0008,False
2025-04-28,1.27,1.27,0.004699999999999999,False
2025-04-29,1.267,1.267,-0.0024,False
2025-04-30,1.252,1.252,-0.0118,False
2025-05-06,1.255,1.255,0.0024,False
2025-05-07,1.265,1.265,0.008,False
2025-05-08,1.264,1.264,-0.0008,False
2025-05-09,1.269,1.269,0.004,False
2025-05-12,1.273,1.273,0.0032,False
2025-05-13,1.278,1.278,0.0039000000000000003,False
2025-05-14,1.285,1.285,0.0055000000000000005,False
2025-05-15,1.282,1.282,-0.0023,False
2025-05-16,1.276,1.276,-0.004699999999999999,False
2025-05-19,1.278,1.278,0.0016,False
2025-05-20,1.283,1.283,0.0039000000000000003,False
2025-05-21,1.289,1.289,0.004699999999999999,False
2025-05-22,1.286,1.286,-0.0023,False
2025-05-23,1.278,1.278,-0.0062,False
2025-05-26,1.275,1.275,-0.0023,False
2025-05-27,1.273,1.273,-0.0016,False
2025-05-28,1.278,1.278,0.0039000000000000003,False
2025-05-29,1.275,1.275,-0.0023,False
2025-05-30,1.275,1.275,0.0,False
2025-06-03,1.272,1.272,-0.0024,False
2025-06-04,1.271,1.271,-0.0008,False
2025-06-05,1.271,1.271,0.0,False
2025-06-06,1.272,1.272,0.0008,False
2025-06-09,1.27,1.27,-0.0016,False
2025-06-10,1.271,1.271,0.0008,False
2025-06-11,1.28,1.28,0.0070999999999999995,False
2025-06-12,1.283,1.283,0.0023,False
2025-06-13,1.285,1.285,0.0016,False
2025-06-16,1.286,1.286,0.0008,False
2025-06-17,1.291,1.291,0.0039000000000000003,False
2025-06-18,1.299,1.299,0.0062,False
2025-06-19,1.29,1.29,-0.0069,False
2025-06-20,1.295,1.295,0.0039000000000000003,False
2025-06-23,1.302,1.302,0.0054,False
2025-06-24,1.306,1.306,0.0031,False
2025-06-25,1.327,1.327,0.0161,False
2025-06-26,1.325,1.325,-0.0015,False
2025-06-27,1.317,1.317,-0.006,False
2025-06-30,1.317,1.317,0.0,False
2025-07-01,1.331,1.331,0.0106,False
2025-07-02,1.339,1.339,0.006,False
2025-07-03,1.335,1.335,-0.003,False
2025-07-04,1.345,1.345,0.0075,False
2025-07-07,1.338,1.338,-0.0052,False
2025-07-08,1.347,1.347,0.0067,False
2025-07-09,1.349,1.349,0.0015,False
2025-07-10,1.359,1.359,0.0074,False
2025-07-11,1.362,1.362,0.0022,False
2025-07-14,1.362,1.362,0.0,False
2025-07-15,1.359,1.359,-0.0022,False
2025-07-16,1.354,1.354,-0.0037,False
2025-07-17,1.349,1.349,-0.0037,False
2025-07-18,1.356,1.356,0.0052,False
2025-07-21,1.373,1.373,0.0125,False
2025-07-22,1.388,1.388,0.0109,False
2025-07-23,1.391,1.391,0.0022,False
2025-07-24,1.396,1.396,0.0036,False
2025-07-25,1.386,1.386,-0.0072,False
2025-07-28,1.389,1.389,0.0022,False
2025-07-29,1.384,1.384,-0.0036,False
2025-07-30,1.399,1.399,0.0108,False
2025-07-31,1.369,1.369,-0.021400000000000002,False
2025-08-01,1.379,1.379,0.0073,False
2025-08-04,1.395,1.395,0.0116,False
2025-08-05,1.408,1.408,0.009300000000000001,False
2025-08-06,1.412,1.412,0.0028000000000000004,False
2025-08-07,1.417,1.417,0.0034999999999999996,False
2025-08-08,1.422,1.422,0.0034999999999999996,False
2025-08-11,1.422,1.422,0.0,False
2025-08-12,1.434,1.434,0.0084,False
2025-08-13,1.452,1.452,0.0126,False
2025-08-14,1.446,1.446,-0.0040999999999999995,False
2025-08-15,1.474,1.474,0.0194,False
2025-08-18,1.472,1.472,-0.0014000000000000002,False
2025-08-19,1.461,1.461,-0.0075,False
2025-08-20,1.473,1.473,0.008199999999999999,False
2025-08-21,1.482,1.482,0.0060999999999999995,False
2025-08-22,1.492,1.492,0.0067,False
2025-08-25,1.529,1.529,0.0248,False
2025-08-26,1.538,1.538,0.0059,False
2025-08-27,1.514,1.514,-0.015600000000000001,False
2025-08-28,1.521,1.521,0.0046,False
2025-08-29,1.552,1.552,0.0204,False
2025-09-01,1.57,1.57,0.0116,False
2025-09-02,1.575,1.575,0.0032,False
2025-09-03,1.564,1.564,-0.006999999999999999,False
2025-09-04,1.522,1.522,-0.0269,False
2025-09-05,1.552,1.552,0.0197,False
2025-09-08,1.546,1.546,-0.0039000000000000003,False
2025-09-09,1.553,1.553,0.0045000000000000005,False
2025-09-10,1.553,1.553,0.0,False
2025-09-11,1.58,1.58,0.0174,False
2025-09-12,1.609,1.609,0.0184,False
2025-09-15,1.603,1.603,-0.0037,False
2025-09-16,1.587,1.587,-0.01,False
2025-09-17,1.586,1.586,-0.0006,False
2025-09-18,1.539,1.539,-0.0296,False
2025-09-19,1.55,1.55,0.0070999999999999995,False
2025-09-22,1.552,1.552,0.0013,False
2025-09-23,1.554,1.554,0.0013,False
2025-09-24,1.567,1.567,0.0084,False
2025-09-25,1.592,1.592,0.016,False
2025-09-26,1.593,1.593,0.0006,False
2025-09-29,1.618,1.618,0.015700000000000002,False
2025-09-30,1.635,1.635,0.0105,False
2025-10-09,1.686,1.686,0.031200000000000002,False
2025-10-10,1.662,1.662,-0.014199999999999999,False
2025-10-13,1.659,1.659,-0.0018,False
2025-10-14,1.655,1.655,-0.0024,False
2025-10-15,1.683,1.683,0.0169,False
2025-10-16,1.68,1.68,-0.0018,False
2025-10-17,1.648,1.648,-0.019,False
2025-10-20,1.645,1.645,-0.0018,False
2025-10-21,1.679,1.679,0.0207,False
2025-10-22,1.68,1.68,0.0006,False
2025-10-23,1.707,1.707,0.0161,False
2025-10-24,1.725,1.725,0.0105,False
2025-10-27,1.738,1.738,0.0075,False
2025-10-28,1.691,1.691,-0.027000000000000003,False
2025-10-29,1.746,1.746,0.0325,False
2025-10-30,1.74,1.74,-0.0034000000000000002,False
2025-10-31,1.718,1.718,-0.0126,False
2025-11-03,1.729,1.729,0.0064,False
2025-11-04,1.709,1.709,-0.0116,False
2025-11-05,1.704,1.704,-0.0029,False
2025-11-06,1.743,1.743,0.0229,False
2025-11-07,1.748,1.748,0.0029,False
2025-11-10,1.75,1.75,0.0011,False
2025-11-11,1.74,1.74,-0.005699999999999999,False
2025-11-12,1.761,1.761,0.0121,False
2025-11-13,1.792,1.792,0.0176,False
2025-11-14,1.762,1.762,-0.0167,False
2025-11-17,1.726,1.726,-0.0204,False
2025-11-18,1.692,1.692,-0.0197,False
2025-11-19,1.715,1.715,0.013600000000000001,False
2025-11-20,1.714,1.714,-0.0006,False
2025-11-21,1.671,1.671,-0.025099999999999997,False
2025-11-24,1.67,1.67,-0.0006,False
2025-11-25,1.696,1.696,0.015600000000000001,False
2025-11-26,1.694,1.694,-0.0012,False
2025-11-27,1.702,1.702,0.004699999999999999,False
2025-11-28,1.703,1.703,0.0006,False
2025-12-01,1.724,1.724,0.0123,False
2025-12-02,1.717,1.717,-0.0040999999999999995,False
2025-12-03,1.724,1.724,0.0040999999999999995,False
2025-12-04,1.732,1.732,0.0046,False
2025-12-05,1.76,1.76,0.016200000000000003,False
2025-12-08,1.765,1.765,0.0028000000000000004,False
2025-12-09,1.737,1.737,-0.0159,False
2025-12-10,1.744,1.744,0.004,False
2025-12-11,1.736,1.736,-0.0046,False
2025-12-12,1.75,1.75,0.008100000000000001,False
2025-12-15,1.754,1.754,0.0023,False
2025-12-16,1.737,1.737,-0.0097,False
2025-12-17,1.767,1.767,0.0173,False
2025-12-18,1.767,1.767,0.0,False
2025-12-19,1.782,1.782,0.0085,False
2025-12-22,1.794,1.794,0.0067,False
2025-12-23,1.804,1.804,0.005600000000000001,False
2025-12-24,1.803,1.803,-0.0006,False
2025-12-25,1.803,1.803,0.0,False
2025-12-26,1.823,1.823,0.0111,False
2025-12-29,1.803,1.803,-0.011000000000000001,False
2025-12-30,1.803,1.803,0.0,False
2025-12-31,1.803,1.803,0.0,False
2026-01-05,1.85,1.85,0.026099999999999998,False
2026-01-06,1.874,1.874,0.013000000000000001,False
2026-01-07,1.865,1.865,-0.0048,False
2026-01-08,1.851,1.851,-0.0075,False
2026-01-09,1.857,1.857,0.0032,False
2026-01-12,1.858,1.858,0.0005,False
2026-01-13,1.874,1.874,0.0086,False
2026-01-14,1.861,1.861,-0.0069,False
2026-01-15,1.865,1.865,0.0021,False
2026-01-16,1.842,1.842,-0.0123,False
2026-01-19,1.852,1.852,0.0054,False
2026-01-20,1.857,1.857,0.0027,False
2026-01-21,1.873,1.873,0.0086,False
2026-01-22,1.872,1.872,-0.0005,False
2026-01-23,1.882,1.882,0.0053,False
2026-01-26,1.9,1.9,0.0096,False
2026-01-27,1.893,1.893,-0.0037,False
2026-01-28,1.91,1.91,0.009000000000000001,False
2026-01-29,1.932,1.932,0.0115,False
2026-01-30,1.897,1.897,-0.0181,False
2026-02-02,1.861,1.861,-0.019,False
2026-02-03,1.867,1.867,0.0032,False
2026-02-04,1.88,1.88,0.006999999999999999,False
2026-02-05,1.864,1.864,-0.0085,False
2026-02-06,1.867,1.867,0.0016,False
2026-02-09,1.886,1.886,0.0102,False
2026-02-10,1.879,1.879,-0.0037,False
2026-02-11,1.88,1.88,0.0005,False
2026-02-12,1.882,1.882,0.0011,False
2026-02-13,1.862,1.862,-0.0106,False
2026-02-24,1.884,1.884,0.0118,False
2026-02-25,1.9,1.9,0.0085,False
2026-02-26,1.868,1.868,-0.0168,False
2026-02-27,1.864,1.864,-0.0021,False
2026-03-02,1.876,1.876,0.0064,False
2026-03-03,1.871,1.871,-0.0027,False
2026-03-04,1.853,1.853,-0.0096,False
2026-03-05,1.866,1.866,0.006999999999999999,False
2026-03-06,1.865,1.865,-0.0005,False
2026-03-09,1.86,1.86,-0.0027,False
2026-03-10,1.879,1.879,0.0102,False
2026-03-11,1.902,1.902,0.012199999999999999,False
2026-03-12,1.899,1.899,-0.0016,False
2026-03-13,1.902,1.902,0.0016,False
2026-03-16,1.897,1.897,-0.0026,False
2026-03-17,1.882,1.882,-0.0079,False
2026-03-18,1.884,1.884,0.0011,False
2026-03-19,1.858,1.858,-0.0138,False
2026-03-20,1.869,1.869,0.0059,False
2026-03-23,1.835,1.835,-0.0182,False
2026-03-24,1.85,1.85,0.008199999999999999,False
2026-03-25,1.873,1.873,0.0124,False
2026-03-26,1.869,1.869,-0.0021,False
2026-03-27,1.883,1.883,0.0075,False
2026-03-30,1.867,1.867,-0.0085,False
2026-03-31,1.845,1.845,-0.0118,False
2026-04-01,1.853,1.853,0.0043,False
2026-04-02,1.847,1.847,-0.0032,False
2026-04-03,1.838,1.838,-0.0049,False
2026-04-07,1.84,1.84,0.0011,False
2026-04-08,1.905,1.905,0.0353,False
2026-04-09,1.901,1.901,-0.0021,False
2026-04-10,1.925,1.925,0.0126,False
2026-04-13,1.933,1.933,0.0042,False
2026-04-14,1.956,1.956,0.011899999999999999,False
2026-04-15,1.95,1.95,-0.0031,False
2026-04-16,1.99,1.99,0.020499999999999997,False
2026-04-17,1.994,1.994,0.002,False
2026-04-20,1.987,1.987,-0.0034999999999999996,False
2026-04-21,1.994,1.994,0.0034999999999999996,False
2026-04-22,1.996,1.996,0.001,False
2026-04-23,1.974,1.974,-0.011000000000000001,False
2026-04-24,1.996,1.996,0.0111,False
2026-04-27,1.997,1.997,0.0005,False
2026-04-28,1.992,1.992,-0.0025,False
2026-04-29,2.031,2.031,0.0196,False
2026-04-30,2.058,2.058,0.013300000000000001,False
2026-05-06,2.087,2.087,0.0141,False
2026-05-07,2.08,2.08,-0.0034000000000000002,False
2026-05-08,2.079,2.079,-0.0005,False
2026-05-11,2.11,2.11,0.0149,False
2026-05-12,2.12,2.12,0.004699999999999999,False
2026-05-13,2.139,2.139,0.009000000000000001,False
2026-05-14,2.117,2.117,-0.0103,False
2026-05-15,2.111,2.111,-0.0028000000000000004,False
2026-05-18,2.11,2.11,-0.0005,False
2026-05-19,2.117,2.117,0.0033,False
2026-05-20,2.108,2.108,-0.0043,False
2026-05-21,2.077,2.077,-0.0147,False
2026-05-22,2.09,2.09,0.0063,False
2026-05-25,2.116,2.116,0.0124,False
2026-05-26,2.121,2.121,0.0024,False
2026-05-27,2.117,2.117,-0.0019,False
2026-05-28,2.129,2.129,0.005699999999999999,False
2026-05-29,2.15,2.15,0.009899999999999999,False
2026-06-01,2.137,2.137,-0.006,False
2026-06-02,2.163,2.163,0.012199999999999999,False
2026-06-03,2.179,2.179,0.0074,False
2026-06-04,2.173,2.173,-0.0028000000000000004,False
2026-06-05,2.122,2.122,-0.0235,False
2026-06-08,2.085,2.085,-0.0174,False
2026-06-09,2.119,2.119,0.0163,False
2026-06-10,2.098,2.098,-0.009899999999999999,False
2026-06-11,2.103,2.103,0.0024,False
2026-06-12,2.112,2.112,0.0043,False
2026-06-15,2.138,2.138,0.0123,False
2026-06-16,2.141,2.141,0.0014000000000000002,False
2026-06-17,2.179,2.179,0.0177,False
2026-06-18,2.176,2.176,-0.0014000000000000002,False
2026-06-22,2.194,2.194,0.0083,False
2026-06-23,2.16,2.16,-0.0155,False
2026-06-24,2.167,2.167,0.0032,False
2026-06-25,2.21,2.21,0.019799999999999998,False
2026-06-26,2.176,2.176,-0.0154,False
2026-06-29,2.187,2.187,0.0051,False
2026-06-30,2.215,2.215,0.0128,False
2026-07-01,2.201,2.201,-0.0063,False
2026-07-02,2.136,2.136,-0.029500000000000002,False
2026-07-03,2.139,2.139,0.0014000000000000002,False
2026-07-06,2.145,2.145,0.0028000000000000004,False
2026-07-07,2.136,2.136,-0.0042,False
2026-07-08,2.142,2.142,0.0028000000000000004,False
2026-07-09,2.183,2.183,0.0191,False
2026-07-10,2.146,2.146,-0.0169,False
2026-07-13,2.136,2.136,-0.004699999999999999,False
2026-07-14,2.181,2.181,0.021099999999999997,False
2026-07-15,2.187,2.187,0.0028000000000000004,False
2026-07-16,2.144,2.144,-0.0197,False
2026-07-17,2.105,2.105,-0.0182,False
2026-07-20,2.128,2.128,0.0109,False
2026-07-21,2.206,2.206,0.036699999999999997,False
2026-07-22,2.184,2.184,-0.01,False
2026-07-23,2.174,2.174,-0.0046,False
2026-07-24,2.147,2.147,-0.0124,False
2026-07-27,2.164,2.164,0.0079,False
2026-07-28,2.113,2.113,-0.0236,False
2026-07-29,2.13,2.13,0.008,False
2026-07-30,2.113,2.113,-0.008,False
2026-07-31,2.115,2.115,0.0009,False
2026-08-03,2.089,2.089,-0.0123,False
2026-08-04,2.109,2.109,0.0096,False
2026-08-05,2.123,2.123,0.0066,False
2026-08-06,2.137,2.137,0.0066,False
2026-08-07,2.145,2.145,0.0037,False
2026-08-10,2.158,2.158,0.0060999999999999995,False
2026-08-11,2.134,2.134,-0.0111,False
2026-08-12,2.155,2.155,0.0098,False
2026-08-13,2.137,2.137,-0.0084,False
2026-08-14,2.149,2.149,0.005600000000000001,False
2026-08-17,2.193,2.193,0.020499999999999997,False
2026-08-18,2.201,2.201,0.0036,False
2026-08-19,2.168,2.168,-0.015,False
2026-08-20,2.18,2.18,0.0055000000000000005,False
2026-08-21,2.197,2.197,0.0078000000000000005,False
2026-08-24,2.189,2.189,-0.0036,False
2026-08-25,2.175,2.175,-0.0064,False
2026-08-26,2.189,2.189,0.0064,False
2026-08-27,2.207,2.207,0.008199999999999999,False
2026-08-28,2.203,2.203,-0.0018,False
2026-08-31,2.207,2.207,0.0018,False
2026-09-01,2.205,2.205,-0.0009,False
2026-09-02,2.2,2.2,-0.0023,False
2026-09-03,2.204,2.204,0.0018,False
2026-09-04,2.193,2.193,-0.005,False
2026-09-07,2.18,2.18,-0.0059,False
2026-09-08,2.182,2.182,0.0009,False
2026-09-09,2.196,2.196,0.0064,False
2026-09-10,2.192,2.192,-0.0018,False
2026-09-11,2.168,2.168,-0.0109,False
2026-09-14,2.162,2.162,-0.0028000000000000004,False
