date,nav,nav_acc,daily_ret,suspicious_jump
2016-03-15,1.0,1.0,0.0,False
2016-03-18,1.005,1.005,0.0,False
2016-03-25,1.012,1.012,0.0,False
2016-04-01,1.021,1.021,0.0,False
2016-04-08,1.015,1.015,0.0,False
2016-04-15,1.048,1.048,0.0,False
2016-04-19,1.038,1.038,0.0,False
2016-04-20,0.994,0.994,-0.042389,False
2016-04-21,0.977,0.977,-0.017103,False
2016-04-22,0.991,0.991,0.01433,False
2016-04-25,0.98,0.98,-0.0111,False
2016-04-26,0.998,0.998,0.018367,False
2016-04-27,0.997,0.997,-0.001002,False
2016-04-28,0.995,0.995,-0.002006,False
2016-04-29,0.992,0.992,-0.003015,False
2016-05-03,1.025,1.025,0.033266,False
2016-05-04,1.024,1.024,-0.0009760000000000001,False
2016-05-05,1.03,1.03,0.005859,False
2016-05-06,0.984,0.984,-0.044660000000000005,False
2016-05-09,0.937,0.937,-0.047764,False
2016-05-10,0.935,0.935,-0.002134,False
2016-05-11,0.93,0.93,-0.005348,False
2016-05-12,0.929,0.929,-0.001075,False
2016-05-13,0.93,0.93,0.001076,False
2016-05-16,0.949,0.949,0.02043,False
2016-05-17,0.943,0.943,-0.0063219999999999995,False
2016-05-18,0.916,0.916,-0.028632,False
2016-05-19,0.917,0.917,0.001092,False
2016-05-20,0.931,0.931,0.015267,False
2016-05-23,0.946,0.946,0.016112,False
2016-05-24,0.935,0.935,-0.011628000000000001,False
2016-05-25,0.932,0.932,-0.003209,False
2016-05-26,0.937,0.937,0.005365,False
2016-05-27,0.936,0.936,-0.001067,False
2016-05-30,0.931,0.931,-0.005342,False
2016-05-31,0.972,0.972,0.044039,False
2016-06-01,0.977,0.977,0.005143999999999999,False
2016-06-02,0.989,0.989,0.012282,False
2016-06-03,0.996,0.996,0.007078,False
2016-06-06,0.995,0.995,-0.0010040000000000001,False
2016-06-07,0.996,0.996,0.001005,False
2016-06-08,0.992,0.992,-0.0040160000000000005,False
2016-06-13,0.945,0.945,-0.047379,False
2016-06-14,0.953,0.953,0.008466,False
2016-06-15,0.982,0.982,0.030430000000000002,False
2016-06-16,0.981,0.981,-0.001018,False
2016-06-17,0.986,0.986,0.005097000000000001,False
2016-06-20,0.996,0.996,0.010142,False
2016-06-21,0.987,0.987,-0.009035999999999999,False
2016-06-22,1.003,1.003,0.016211,False
2016-06-23,1.003,1.003,0.0,False
2016-06-24,0.992,0.992,-0.010967,False
2016-06-27,1.02,1.02,0.028226,False
2016-06-28,1.027,1.027,0.006863,False
2016-06-29,1.033,1.033,0.005842000000000001,False
2016-06-30,1.041,1.041,0.007744,False
2016-07-01,1.044,1.044,0.002882,False
2016-07-04,1.058,1.058,0.01341,False
2016-07-05,1.065,1.065,0.0066159999999999995,False
2016-07-06,1.068,1.068,0.002817,False
2016-07-07,1.057,1.057,-0.0103,False
2016-07-08,1.052,1.052,-0.00473,False
2016-07-11,1.062,1.062,0.009506,False
2016-07-12,1.074,1.074,0.011298999999999998,False
2016-07-13,1.075,1.075,0.000931,False
2016-07-14,1.081,1.081,0.005581,False
2016-07-15,1.079,1.079,-0.00185,False
2016-07-18,1.065,1.065,-0.012975,False
2016-07-19,1.07,1.07,0.0046949999999999995,False
2016-07-20,1.072,1.072,0.001869,False
2016-07-21,1.079,1.079,0.00653,False
2016-07-22,1.068,1.068,-0.010195000000000001,False
2016-07-25,1.065,1.065,-0.002809,False
2016-07-26,1.083,1.083,0.016901,False
2016-07-27,1.037,1.037,-0.042475,False
2016-07-28,1.037,1.037,0.0,False
2016-07-29,1.027,1.027,-0.009643,False
2016-08-01,1.01,1.01,-0.016553,False
2016-08-02,1.026,1.026,0.015842000000000002,False
2016-08-03,1.028,1.028,0.001949,False
2016-08-04,1.034,1.034,0.005837,False
2016-08-05,1.028,1.028,-0.005803,False
2016-08-08,1.039,1.039,0.010700000000000001,False
2016-08-09,1.054,1.054,0.014437,False
2016-08-10,1.047,1.047,-0.006641,False
2016-08-11,1.03,1.03,-0.016236999999999998,False
2016-08-12,1.039,1.039,0.008738000000000001,False
2016-08-15,1.064,1.064,0.024062,False
2016-08-16,1.069,1.069,0.004699,False
2016-08-17,1.072,1.072,0.0028060000000000003,False
2016-08-18,1.073,1.073,0.0009329999999999999,False
2016-08-19,1.077,1.077,0.0037280000000000004,False
2016-08-22,1.068,1.068,-0.008357,False
2016-08-23,1.07,1.07,0.0018729999999999999,False
2016-08-24,1.072,1.072,0.001869,False
2016-08-25,1.069,1.069,-0.002799,False
2016-08-26,1.077,1.077,0.007483999999999999,False
2016-08-29,1.076,1.076,-0.0009289999999999999,False
2016-08-30,1.071,1.071,-0.004647,False
2016-08-31,1.073,1.073,0.001867,False
2016-09-01,1.073,1.073,0.0,False
2016-09-02,1.069,1.069,-0.0037280000000000004,False
2016-09-05,1.072,1.072,0.0028060000000000003,False
2016-09-06,1.093,1.093,0.01959,False
2016-09-07,1.101,1.101,0.007319,False
2016-09-08,1.1,1.1,-0.0009080000000000001,False
2016-09-09,1.095,1.095,-0.004545,False
2016-09-12,1.065,1.065,-0.027397,False
2016-09-13,1.077,1.077,0.011268,False
2016-09-14,1.07,1.07,-0.006500000000000001,False
2016-09-19,1.079,1.079,0.008411,False
2016-09-20,1.083,1.083,0.003707,False
2016-09-21,1.087,1.087,0.003693,False
2016-09-22,1.096,1.096,0.00828,False
2016-09-23,1.093,1.093,-0.002737,False
2016-09-26,1.067,1.067,-0.023788,False
2016-09-27,1.077,1.077,0.009372,False
2016-09-28,1.074,1.074,-0.0027860000000000003,False
2016-09-29,1.074,1.074,0.0,False
2016-09-30,1.08,1.08,0.005587,False
2016-10-10,1.099,1.099,0.017593,False
2016-10-11,1.106,1.106,0.0063690000000000005,False
2016-10-12,1.11,1.11,0.0036170000000000004,False
2016-10-13,1.112,1.112,0.001802,False
2016-10-14,1.112,1.112,0.0,False
2016-10-17,1.09,1.09,-0.019784,False
2016-10-18,1.103,1.103,0.011927,False
2016-10-19,1.1,1.1,-0.00272,False
2016-10-20,1.111,1.111,0.01,False
2016-10-21,1.109,1.109,-0.0018,False
2016-10-24,1.12,1.12,0.009919,False
2016-10-25,1.12,1.12,0.0,False
2016-10-26,1.106,1.106,-0.0125,False
2016-10-27,1.106,1.106,0.0,False
2016-10-28,1.097,1.097,-0.008137,False
2016-10-31,1.09,1.09,-0.006381,False
2016-11-01,1.1,1.1,0.009174,False
2016-11-02,1.095,1.095,-0.004545,False
2016-11-03,1.103,1.103,0.007306,False
2016-11-04,1.102,1.102,-0.000907,False
2016-11-07,1.101,1.101,-0.000907,False
2016-11-08,1.109,1.109,0.007266,False
2016-11-09,1.102,1.102,-0.006312,False
2016-11-10,1.117,1.117,0.013611999999999999,False
2016-11-11,1.128,1.128,0.009848,False
2016-11-14,1.149,1.149,0.018616999999999998,False
2016-11-15,1.16,1.16,0.009574000000000001,False
2016-11-16,1.173,1.173,0.011207,False
2016-11-17,1.169,1.169,-0.0034100000000000003,False
2016-11-18,1.165,1.165,-0.003422,False
2016-11-21,1.167,1.167,0.001717,False
2016-11-22,1.175,1.175,0.006855,False
2016-11-23,1.162,1.162,-0.011064000000000001,False
2016-11-24,1.158,1.158,-0.003442,False
2016-11-25,1.162,1.162,0.003454,False
2016-11-28,1.163,1.163,0.000861,False
2016-11-29,1.151,1.151,-0.010318,False
2016-11-30,1.142,1.142,-0.007819,False
2016-12-01,1.15,1.15,0.007005,False
2016-12-02,1.135,1.135,-0.013043,False
2016-12-05,1.133,1.133,-0.001762,False
2016-12-06,1.138,1.138,0.004413,False
2016-12-07,1.153,1.153,0.013181,False
2016-12-08,1.148,1.148,-0.004337,False
2016-12-09,1.145,1.145,-0.002613,False
2016-12-12,1.087,1.087,-0.050655,False
2016-12-13,1.094,1.094,0.00644,False
2016-12-14,1.085,1.085,-0.008227,False
2016-12-15,1.092,1.092,0.006452,False
2016-12-16,1.101,1.101,0.008242000000000001,False
2016-12-19,1.1,1.1,-0.0009080000000000001,False
2016-12-20,1.098,1.098,-0.001818,False
2016-12-21,1.109,1.109,0.010018,False
2016-12-22,1.109,1.109,0.0,False
2016-12-23,1.102,1.102,-0.006312,False
2016-12-26,1.107,1.107,0.004537,False
2016-12-27,1.108,1.108,0.000903,False
2016-12-28,1.106,1.106,-0.001805,False
2016-12-29,1.1,1.1,-0.005425,False
2016-12-30,1.103,1.103,0.002727,False
2016-12-31,1.103,1.103,0.0,False
2017-01-03,1.111,1.111,0.007252999999999999,False
2017-01-04,1.122,1.122,0.009901,False
2017-01-05,1.12,1.12,-0.0017829999999999999,False
2017-01-06,1.106,1.106,-0.0125,False
2017-01-09,1.11,1.11,0.0036170000000000004,False
2017-01-10,1.106,1.106,-0.003604,False
2017-01-11,1.088,1.088,-0.016274999999999998,False
2017-01-12,1.076,1.076,-0.011029,False
2017-01-13,1.051,1.051,-0.023233999999999998,False
2017-01-16,1.016,1.016,-0.033302,False
2017-01-17,1.034,1.034,0.017717,False
2017-01-18,1.029,1.029,-0.004836,False
2017-01-19,1.024,1.024,-0.004859,False
2017-01-20,1.047,1.047,0.022461000000000002,False
2017-01-23,1.057,1.057,0.009550999999999999,False
2017-01-24,1.048,1.048,-0.008515,False
2017-01-25,1.05,1.05,0.001908,False
2017-01-26,1.056,1.056,0.005714,False
2017-02-03,1.053,1.053,-0.002841,False
2017-02-06,1.067,1.067,0.013295,False
2017-02-07,1.065,1.065,-0.001874,False
2017-02-08,1.073,1.073,0.007512,False
2017-02-09,1.079,1.079,0.005592000000000001,False
2017-02-10,1.072,1.072,-0.006487000000000001,False
2017-02-13,1.076,1.076,0.003731,False
2017-02-14,1.075,1.075,-0.0009289999999999999,False
2017-02-15,1.065,1.065,-0.009302,False
2017-02-16,1.068,1.068,0.002817,False
2017-02-17,1.054,1.054,-0.013108999999999999,False
2017-02-20,1.059,1.059,0.004744,False
2017-02-21,1.07,1.07,0.010387,False
2017-02-22,1.074,1.074,0.003738,False
2017-02-23,1.077,1.077,0.002793,False
2017-02-24,1.091,1.091,0.012999,False
2017-02-27,1.093,1.093,0.001833,False
2017-02-28,1.098,1.098,0.004575,False
2017-03-01,1.111,1.111,0.01184,False
2017-03-02,1.11,1.11,-0.0009,False
2017-03-03,1.116,1.116,0.005405,False
2017-03-06,1.138,1.138,0.019713,False
2017-03-07,1.142,1.142,0.003515,False
2017-03-08,1.138,1.138,-0.003503,False
2017-03-09,1.13,1.13,-0.00703,False
2017-03-10,1.137,1.137,0.006195000000000001,False
2017-03-13,1.15,1.15,0.011434,False
2017-03-14,1.149,1.149,-0.0008699999999999999,False
2017-03-15,1.145,1.145,-0.003481,False
2017-03-16,1.158,1.158,0.011354,False
2017-03-17,1.145,1.145,-0.011226,False
2017-03-20,1.152,1.152,0.0061140000000000005,False
2017-03-21,1.157,1.157,0.00434,False
2017-03-22,1.158,1.158,0.0008640000000000001,False
2017-03-23,1.165,1.165,0.006045,False
2017-03-24,1.171,1.171,0.00515,False
2017-03-27,1.168,1.168,-0.002562,False
2017-03-28,1.162,1.162,-0.005137,False
2017-03-29,1.153,1.153,-0.007744999999999999,False
2017-03-30,1.133,1.133,-0.017346,False
2017-03-31,1.142,1.142,0.007944,False
2017-04-05,1.169,1.169,0.023643,False
2017-04-06,1.174,1.174,0.004277,False
2017-04-07,1.176,1.176,0.001704,False
2017-04-10,1.164,1.164,-0.010204,False
2017-04-11,1.17,1.17,0.005155,False
2017-04-12,1.159,1.159,-0.009402,False
2017-04-13,1.158,1.158,-0.000863,False
2017-04-14,1.14,1.14,-0.015544,False
2017-04-17,1.132,1.132,-0.007018,False
2017-04-18,1.128,1.128,-0.003534,False
2017-04-19,1.127,1.127,-0.000887,False
2017-04-20,1.132,1.132,0.004437,False
2017-04-21,1.127,1.127,-0.004417,False
2017-04-24,1.117,1.117,-0.008872999999999999,False
2017-04-25,1.121,1.121,0.0035809999999999995,False
2017-04-26,1.126,1.126,0.00446,False
2017-04-27,1.144,1.144,0.015986,False
2017-04-28,1.143,1.143,-0.0008740000000000001,False
2017-05-02,1.146,1.146,0.002625,False
2017-05-03,1.145,1.145,-0.0008730000000000001,False
2017-05-04,1.142,1.142,-0.00262,False
2017-05-05,1.137,1.137,-0.004378,False
2017-05-08,1.132,1.132,-0.004398,False
2017-05-09,1.141,1.141,0.007951,False
2017-05-10,1.141,1.141,0.0,False
2017-05-11,1.147,1.147,0.005259000000000001,False
2017-05-12,1.14,1.14,-0.006103,False
2017-05-15,1.152,1.152,0.010526,False
2017-05-16,1.186,1.186,0.029514,False
2017-05-17,1.189,1.189,0.00253,False
2017-05-18,1.181,1.181,-0.006728,False
2017-05-19,1.171,1.171,-0.008467,False
2017-05-22,1.162,1.162,-0.007685999999999999,False
2017-05-23,1.142,1.142,-0.017212,False
2017-05-24,1.142,1.142,0.0,False
2017-05-25,1.137,1.137,-0.004378,False
2017-05-26,1.136,1.136,-0.0008799999999999999,False
2017-05-31,1.128,1.128,-0.0070420000000000005,False
2017-06-01,1.107,1.107,-0.018616999999999998,False
2017-06-02,1.116,1.116,0.00813,False
2017-06-05,1.133,1.133,0.015233000000000002,False
2017-06-06,1.136,1.136,0.0026479999999999997,False
2017-06-07,1.161,1.161,0.022007,False
2017-06-08,1.158,1.158,-0.0025840000000000004,False
2017-06-09,1.161,1.161,0.002591,False
2017-06-12,1.148,1.148,-0.011196999999999999,False
2017-06-13,1.171,1.171,0.020034999999999997,False
2017-06-14,1.162,1.162,-0.007685999999999999,False
2017-06-15,1.18,1.18,0.015491,False
2017-06-16,1.181,1.181,0.000847,False
2017-06-19,1.189,1.189,0.006774,False
2017-06-20,1.192,1.192,0.002523,False
2017-06-21,1.195,1.195,0.0025169999999999997,False
2017-06-22,1.179,1.179,-0.013389,False
2017-06-23,1.184,1.184,0.004241,False
2017-06-26,1.199,1.199,0.012669,False
2017-06-27,1.196,1.196,-0.002502,False
2017-06-28,1.184,1.184,-0.010033,False
2017-06-29,1.189,1.189,0.004223,False
2017-06-30,1.194,1.194,0.0042049999999999995,False
2017-07-03,1.199,1.199,0.004188,False
2017-07-04,1.186,1.186,-0.010842000000000001,False
2017-07-05,1.2,1.2,0.011803999999999999,False
2017-07-06,1.211,1.211,0.009167,False
2017-07-07,1.215,1.215,0.003303,False
2017-07-10,1.204,1.204,-0.009053,False
2017-07-11,1.187,1.187,-0.014119999999999999,False
2017-07-12,1.191,1.191,0.00337,False
2017-07-13,1.181,1.181,-0.008396,False
2017-07-14,1.184,1.184,0.00254,False
2017-07-17,1.137,1.137,-0.039695999999999995,False
2017-07-18,1.141,1.141,0.003518,False
2017-07-19,1.168,1.168,0.023663,False
2017-07-20,1.178,1.178,0.008562,False
2017-07-21,1.184,1.184,0.0050929999999999994,False
2017-07-24,1.179,1.179,-0.004223,False
2017-07-25,1.179,1.179,0.0,False
2017-07-26,1.177,1.177,-0.001696,False
2017-07-27,1.197,1.197,0.016992,False
2017-07-28,1.205,1.205,0.006683,False
2017-07-31,1.211,1.211,0.004979,False
2017-08-01,1.207,1.207,-0.003303,False
2017-08-02,1.2,1.2,-0.0058,False
2017-08-03,1.199,1.199,-0.000833,False
2017-08-04,1.18,1.18,-0.015847,False
2017-08-07,1.185,1.185,0.004237,False
2017-08-08,1.19,1.19,0.004219,False
2017-08-09,1.201,1.201,0.009244,False
2017-08-10,1.198,1.198,-0.002498,False
2017-08-11,1.18,1.18,-0.015025,False
2017-08-14,1.223,1.223,0.036441,False
2017-08-15,1.229,1.229,0.004906,False
2017-08-16,1.239,1.239,0.008137,False
2017-08-17,1.241,1.241,0.001614,False
2017-08-18,1.229,1.229,-0.00967,False
2017-08-21,1.234,1.234,0.004068,False
2017-08-22,1.227,1.227,-0.005673,False
2017-08-23,1.224,1.224,-0.002445,False
2017-08-24,1.212,1.212,-0.009804,False
2017-08-25,1.225,1.225,0.010726,False
2017-08-28,1.238,1.238,0.010612,False
2017-08-29,1.242,1.242,0.003231,False
2017-08-30,1.257,1.257,0.012077,False
2017-08-31,1.262,1.262,0.003978,False
2017-09-01,1.279,1.279,0.013471,False
2017-09-04,1.292,1.292,0.010164,False
2017-09-05,1.295,1.295,0.002322,False
2017-09-06,1.301,1.301,0.004633,False
2017-09-07,1.294,1.294,-0.00538,False
2017-09-08,1.292,1.292,-0.0015459999999999998,False
2017-09-11,1.312,1.312,0.01548,False
2017-09-12,1.306,1.306,-0.004573,False
2017-09-13,1.309,1.309,0.002297,False
2017-09-14,1.308,1.308,-0.0007639999999999999,False
2017-09-15,1.306,1.306,-0.001529,False
2017-09-18,1.315,1.315,0.006891,False
2017-09-19,1.302,1.302,-0.009886,False
2017-09-20,1.314,1.314,0.009217,False
2017-09-21,1.301,1.301,-0.009892999999999999,False
2017-09-22,1.298,1.298,-0.002306,False
2017-09-25,1.29,1.29,-0.006162999999999999,False
2017-09-26,1.29,1.29,0.0,False
2017-09-27,1.307,1.307,0.013178,False
2017-09-28,1.314,1.314,0.005356,False
2017-09-29,1.323,1.323,0.006848999999999999,False
2017-10-09,1.339,1.339,0.012094,False
2017-10-10,1.342,1.342,0.0022400000000000002,False
2017-10-11,1.334,1.334,-0.005960999999999999,False
2017-10-12,1.34,1.34,0.004497999999999999,False
2017-10-13,1.353,1.353,0.009701,False
2017-10-16,1.334,1.334,-0.014043000000000002,False
2017-10-17,1.336,1.336,0.0014990000000000001,False
2017-10-18,1.329,1.329,-0.00524,False
2017-10-19,1.325,1.325,-0.00301,False
2017-10-20,1.336,1.336,0.008302,False
2017-10-23,1.347,1.347,0.008234,False
2017-10-24,1.339,1.339,-0.005939,False
2017-10-25,1.357,1.357,0.013443,False
2017-10-26,1.362,1.362,0.003685,False
2017-10-27,1.36,1.36,-0.0014680000000000001,False
2017-10-30,1.347,1.347,-0.009559,False
2017-10-31,1.353,1.353,0.0044540000000000005,False
2017-11-01,1.352,1.352,-0.000739,False
2017-11-02,1.335,1.335,-0.012574,False
2017-11-03,1.326,1.326,-0.006742000000000001,False
2017-11-06,1.346,1.346,0.015083,False
2017-11-07,1.357,1.357,0.008172,False
2017-11-08,1.364,1.364,0.005158,False
2017-11-09,1.375,1.375,0.008065,False
2017-11-10,1.382,1.382,0.005091,False
2017-11-13,1.384,1.384,0.001447,False
2017-11-14,1.366,1.366,-0.013006,False
2017-11-15,1.345,1.345,-0.015373000000000001,False
2017-11-16,1.343,1.343,-0.001487,False
2017-11-17,1.306,1.306,-0.027549999999999998,False
2017-11-20,1.328,1.328,0.016845000000000002,False
2017-11-21,1.333,1.333,0.003765,False
2017-11-22,1.334,1.334,0.00075,False
2017-11-23,1.296,1.296,-0.028485999999999997,False
2017-11-24,1.287,1.287,-0.0069440000000000005,False
2017-11-27,1.279,1.279,-0.006216,False
2017-11-28,1.296,1.296,0.013292,False
2017-11-29,1.291,1.291,-0.003858,False
2017-11-30,1.282,1.282,-0.006971000000000001,False
2017-12-01,1.297,1.297,0.011699999999999999,False
2017-12-04,1.287,1.287,-0.00771,False
2017-12-05,1.261,1.261,-0.020202,False
2017-12-06,1.276,1.276,0.011895,False
2017-12-07,1.274,1.274,-0.001567,False
2017-12-08,1.298,1.298,0.018838,False
2017-12-11,1.312,1.312,0.010786,False
2017-12-12,1.304,1.304,-0.006098,False
2017-12-13,1.31,1.31,0.004601,False
2017-12-14,1.315,1.315,0.0038169999999999996,False
2017-12-15,1.306,1.306,-0.006844,False
2017-12-18,1.291,1.291,-0.011485,False
2017-12-19,1.305,1.305,0.010844,False
2017-12-20,1.294,1.294,-0.008428999999999999,False
2017-12-21,1.31,1.31,0.012365,False
2017-12-22,1.305,1.305,-0.0038169999999999996,False
2017-12-25,1.288,1.288,-0.013027,False
2017-12-26,1.292,1.292,0.003106,False
2017-12-27,1.275,1.275,-0.013158000000000001,False
2017-12-28,1.277,1.277,0.001569,False
2017-12-29,1.289,1.289,0.009396999999999999,False
2017-12-31,1.289,1.289,0.0,False
2018-01-02,1.297,1.297,0.006206000000000001,False
2018-01-03,1.307,1.307,0.00771,False
2018-01-04,1.307,1.307,0.0,False
2018-01-05,1.298,1.298,-0.006886,False
2018-01-08,1.289,1.289,-0.006934,False
2018-01-09,1.286,1.286,-0.002327,False
2018-01-10,1.273,1.273,-0.010109,False
2018-01-11,1.287,1.287,0.010998,False
2018-01-12,1.276,1.276,-0.008547,False
2018-01-15,1.24,1.24,-0.028213,False
2018-01-16,1.231,1.231,-0.007258,False
2018-01-17,1.231,1.231,0.0,False
2018-01-18,1.235,1.235,0.003249,False
2018-01-19,1.235,1.235,0.0,False
2018-01-22,1.247,1.247,0.009717,False
2018-01-23,1.247,1.247,0.0,False
2018-01-24,1.274,1.274,0.021652,False
2018-01-25,1.271,1.271,-0.002355,False
2018-01-26,1.268,1.268,-0.0023599999999999997,False
2018-01-29,1.248,1.248,-0.015773,False
2018-01-30,1.238,1.238,-0.008013,False
2018-01-31,1.22,1.22,-0.014539999999999999,False
2018-02-01,1.199,1.199,-0.017213,False
2018-02-02,1.207,1.207,0.006672,False
2018-02-05,1.187,1.187,-0.01657,False
2018-02-06,1.139,1.139,-0.040438,False
2018-02-07,1.149,1.149,0.00878,False
2018-02-08,1.171,1.171,0.019147,False
2018-02-09,1.149,1.149,-0.018787,False
2018-02-12,1.202,1.202,0.046127,False
2018-02-13,1.202,1.202,0.0,False
2018-02-14,1.197,1.197,-0.00416,False
2018-02-22,1.225,1.225,0.023392,False
2018-02-23,1.216,1.216,-0.007347,False
2018-02-26,1.256,1.256,0.032895,False
2018-02-27,1.27,1.27,0.011146,False
2018-02-28,1.283,1.283,0.010236,False
2018-03-01,1.323,1.323,0.031177,False
2018-03-02,1.303,1.303,-0.015117,False
2018-03-05,1.326,1.326,0.017652,False
2018-03-06,1.328,1.328,0.0015079999999999998,False
2018-03-07,1.316,1.316,-0.009035999999999999,False
2018-03-08,1.319,1.319,0.00228,False
2018-03-09,1.355,1.355,0.027292999999999998,False
2018-03-12,1.384,1.384,0.021402,False
2018-03-13,1.372,1.372,-0.008671,False
2018-03-14,1.346,1.346,-0.01895,False
2018-03-15,1.351,1.351,0.003715,False
2018-03-16,1.331,1.331,-0.014804,False
2018-03-19,1.354,1.354,0.01728,False
2018-03-20,1.358,1.358,0.002954,False
2018-03-21,1.335,1.335,-0.016937,False
2018-03-22,1.329,1.329,-0.004494000000000001,False
2018-03-23,1.27,1.27,-0.044394,False
2018-03-26,1.319,1.319,0.038583,False
2018-03-27,1.37,1.37,0.038666,False
2018-03-28,1.361,1.361,-0.006569,False
2018-03-29,1.368,1.368,0.005143,False
2018-03-30,1.42,1.42,0.038012000000000004,False
2018-04-02,1.43,1.43,0.0070420000000000005,False
2018-04-03,1.419,1.419,-0.007692,False
2018-04-04,1.393,1.393,-0.018323,False
2018-04-09,1.408,1.408,0.010768,False
2018-04-10,1.394,1.394,-0.009943,False
2018-04-11,1.395,1.395,0.000717,False
2018-04-12,1.381,1.381,-0.010036,False
2018-04-13,1.408,1.408,0.019551,False
2018-04-16,1.439,1.439,0.022017000000000002,False
2018-04-17,1.394,1.394,-0.031272,False
2018-04-18,1.441,1.441,0.033715999999999996,False
2018-04-19,1.422,1.422,-0.013185,False
2018-04-20,1.394,1.394,-0.019691,False
2018-04-23,1.361,1.361,-0.023673000000000003,False
2018-04-24,1.402,1.402,0.030125000000000002,False
2018-04-25,1.407,1.407,0.0035659999999999997,False
2018-04-26,1.393,1.393,-0.00995,False
2018-04-27,1.391,1.391,-0.001436,False
2018-05-02,1.386,1.386,-0.0035949999999999997,False
2018-05-03,1.414,1.414,0.020202,False
2018-05-04,1.4,1.4,-0.009901,False
2018-05-07,1.434,1.434,0.024286,False
2018-05-08,1.434,1.434,0.0,False
2018-05-09,1.428,1.428,-0.004184,False
2018-05-10,1.42,1.42,-0.005602,False
2018-05-11,1.402,1.402,-0.012676,False
2018-05-14,1.388,1.388,-0.009986,False
2018-05-15,1.411,1.411,0.016571,False
2018-05-16,1.4,1.4,-0.007796,False
2018-05-17,1.392,1.392,-0.005714,False
2018-05-18,1.392,1.392,0.0,False
2018-05-21,1.427,1.427,0.025144000000000003,False
2018-05-22,1.431,1.431,0.002803,False
2018-05-23,1.422,1.422,-0.006289,False
2018-05-24,1.416,1.416,-0.004219,False
2018-05-25,1.39,1.39,-0.018362,False
2018-05-28,1.369,1.369,-0.015108,False
2018-05-29,1.364,1.364,-0.0036520000000000003,False
2018-05-30,1.336,1.336,-0.020528,False
2018-05-31,1.342,1.342,0.004491,False
2018-06-01,1.327,1.327,-0.011177,False
2018-06-04,1.319,1.319,-0.006029,False
2018-06-05,1.352,1.352,0.025019,False
2018-06-06,1.358,1.358,0.004438,False
2018-06-07,1.346,1.346,-0.008837000000000001,False
2018-06-08,1.341,1.341,-0.003715,False
2018-06-11,1.335,1.335,-0.0044740000000000005,False
2018-06-12,1.349,1.349,0.010487,False
2018-06-13,1.33,1.33,-0.014085,False
2018-06-14,1.322,1.322,-0.006015,False
2018-06-15,1.291,1.291,-0.023449,False
2018-06-19,1.228,1.228,-0.048799,False
2018-06-20,1.252,1.252,0.019544,False
2018-06-21,1.215,1.215,-0.029553,False
2018-06-22,1.241,1.241,0.021398999999999998,False
2018-06-25,1.234,1.234,-0.005641,False
2018-06-26,1.275,1.275,0.033225,False
2018-06-27,1.275,1.275,0.0,False
2018-06-28,1.265,1.265,-0.007843,False
2018-06-29,1.329,1.329,0.050593000000000006,False
2018-06-30,1.329,1.329,0.0,False
2018-07-02,1.32,1.32,-0.006772,False
2018-07-03,1.346,1.346,0.019697,False
2018-07-04,1.315,1.315,-0.023031000000000003,False
2018-07-05,1.292,1.292,-0.017490000000000002,False
2018-07-06,1.294,1.294,0.001548,False
2018-07-09,1.329,1.329,0.027048000000000003,False
2018-07-10,1.335,1.335,0.004515,False
2018-07-11,1.321,1.321,-0.010487,False
2018-07-12,1.363,1.363,0.031793999999999996,False
2018-07-13,1.367,1.367,0.0029349999999999997,False
2018-07-16,1.366,1.366,-0.000732,False
2018-07-17,1.367,1.367,0.000732,False
2018-07-18,1.353,1.353,-0.010241,False
2018-07-19,1.347,1.347,-0.004435,False
2018-07-20,1.377,1.377,0.022272,False
2018-07-23,1.403,1.403,0.018882,False
2018-07-24,1.405,1.405,0.001426,False
2018-07-25,1.4,1.4,-0.003559,False
2018-07-26,1.371,1.371,-0.020714,False
2018-07-27,1.355,1.355,-0.01167,False
2018-07-30,1.345,1.345,-0.00738,False
2018-07-31,1.333,1.333,-0.008922,False
2018-08-01,1.321,1.321,-0.009002,False
2018-08-02,1.302,1.302,-0.014383,False
2018-08-03,1.26,1.26,-0.032258,False
2018-08-06,1.237,1.237,-0.018254,False
2018-08-07,1.276,1.276,0.031528,False
2018-08-08,1.247,1.247,-0.022727,False
2018-08-09,1.303,1.303,0.044908000000000003,False
2018-08-10,1.314,1.314,0.008442,False
2018-08-13,1.336,1.336,0.016742999999999997,False
2018-08-14,1.322,1.322,-0.010479,False
2018-08-15,1.297,1.297,-0.018911,False
2018-08-16,1.29,1.29,-0.005397,False
2018-08-17,1.269,1.269,-0.016279,False
2018-08-20,1.294,1.294,0.019701,False
2018-08-21,1.304,1.304,0.0077280000000000005,False
2018-08-22,1.283,1.283,-0.016104,False
2018-08-23,1.305,1.305,0.017147,False
2018-08-24,1.301,1.301,-0.003065,False
2018-08-27,1.341,1.341,0.030746000000000002,False
2018-08-28,1.346,1.346,0.003729,False
2018-08-29,1.336,1.336,-0.007429,False
2018-08-30,1.31,1.31,-0.019461,False
2018-08-31,1.299,1.299,-0.008397,False
2018-09-03,1.313,1.313,0.010778000000000001,False
2018-09-04,1.341,1.341,0.021324999999999997,False
2018-09-05,1.326,1.326,-0.011186,False
2018-09-06,1.33,1.33,0.003017,False
2018-09-07,1.301,1.301,-0.021804999999999998,False
2018-09-10,1.273,1.273,-0.021522,False
2018-09-11,1.286,1.286,0.010212,False
2018-09-12,1.276,1.276,-0.007776,False
2018-09-13,1.297,1.297,0.016458,False
2018-09-14,1.265,1.265,-0.024672,False
2018-09-17,1.251,1.251,-0.011067,False
2018-09-18,1.268,1.268,0.013589,False
2018-09-19,1.286,1.286,0.014196,False
2018-09-20,1.279,1.279,-0.005443,False
2018-09-21,1.294,1.294,0.011728,False
2018-09-25,1.296,1.296,0.0015459999999999998,False
2018-09-26,1.3,1.3,0.0030859999999999998,False
2018-09-27,1.285,1.285,-0.011538,False
2018-09-28,1.286,1.286,0.0007779999999999999,False
2018-10-08,1.235,1.235,-0.039658,False
2018-10-09,1.216,1.216,-0.015385,False
2018-10-10,1.216,1.216,0.0,False
2018-10-11,1.136,1.136,-0.065789,False
2018-10-12,1.158,1.158,0.019366,False
2018-10-15,1.148,1.148,-0.008636,False
2018-10-16,1.114,1.114,-0.029617,False
2018-10-17,1.14,1.14,0.023339,False
2018-10-18,1.125,1.125,-0.013158000000000001,False
2018-10-19,1.171,1.171,0.040888999999999995,False
2018-10-22,1.22,1.22,0.041845,False
2018-10-23,1.201,1.201,-0.015574,False
2018-10-24,1.194,1.194,-0.005828,False
2018-10-25,1.187,1.187,-0.005863,False
2018-10-26,1.17,1.17,-0.014322,False
2018-10-29,1.167,1.167,-0.0025640000000000003,False
2018-10-30,1.169,1.169,0.001714,False
2018-10-31,1.176,1.176,0.005988,False
2018-11-01,1.187,1.187,0.009354,False
2018-11-02,1.225,1.225,0.032013,False
2018-11-05,1.17,1.223,-0.001633,False
2018-11-06,1.165,1.218,-0.004274,False
2018-11-07,1.165,1.218,0.0,False
2018-11-08,1.149,1.202,-0.013734,False
2018-11-09,1.155,1.208,0.005222,False
2018-11-12,1.19,1.243,0.030303,False
2018-11-13,1.194,1.247,0.0033610000000000003,False
2018-11-14,1.19,1.243,-0.00335,False
2018-11-15,1.207,1.26,0.014286,False
2018-11-16,1.217,1.27,0.008285,False
2018-11-19,1.209,1.262,-0.006574,False
2018-11-20,1.181,1.234,-0.02316,False
2018-11-21,1.177,1.23,-0.003387,False
2018-11-22,1.173,1.226,-0.003398,False
2018-11-23,1.143,1.196,-0.025575,False
2018-11-26,1.14,1.193,-0.002625,False
2018-11-27,1.145,1.198,0.004386,False
2018-11-28,1.159,1.212,0.012226999999999998,False
2018-11-29,1.134,1.187,-0.02157,False
2018-11-30,1.145,1.198,0.0097,False
2018-12-03,1.185,1.238,0.034934,False
2018-12-04,1.183,1.236,-0.001688,False
2018-12-05,1.175,1.228,-0.006762000000000001,False
2018-12-06,1.153,1.206,-0.018723,False
2018-12-07,1.158,1.211,0.004337,False
2018-12-10,1.151,1.204,-0.006045,False
2018-12-11,1.158,1.211,0.006082,False
2018-12-12,1.155,1.208,-0.002591,False
2018-12-13,1.113,1.218,0.008658,False
2018-12-14,1.091,1.196,-0.019766,False
2018-12-17,1.08,1.185,-0.010082,False
2018-12-18,1.075,1.18,-0.0046300000000000004,False
2018-12-19,1.062,1.167,-0.012093,False
2018-12-20,1.065,1.17,0.002825,False
2018-12-21,1.058,1.163,-0.006573,False
2018-12-24,1.074,1.179,0.015123,False
2018-12-25,1.075,1.18,0.000931,False
2018-12-26,1.066,1.171,-0.008372000000000001,False
2018-12-27,1.059,1.164,-0.006567,False
2018-12-28,1.056,1.161,-0.002833,False
2018-12-31,1.056,1.161,0.0,False
2019-01-02,1.053,1.158,-0.002841,False
2019-01-03,1.044,1.149,-0.008547,False
2019-01-04,1.068,1.173,0.022989000000000002,False
2019-01-07,1.088,1.193,0.018727,False
2019-01-08,1.085,1.19,-0.002757,False
2019-01-09,1.086,1.191,0.0009220000000000001,False
2019-01-10,1.085,1.19,-0.000921,False
2019-01-11,1.092,1.197,0.006452,False
2019-01-14,1.083,1.188,-0.008242000000000001,False
2019-01-15,1.098,1.203,0.01385,False
2019-01-16,1.1,1.205,0.0018210000000000001,False
2019-01-17,1.091,1.196,-0.008182,False
2019-01-18,1.098,1.203,0.006416,False
2019-01-21,1.105,1.21,0.006375,False
2019-01-22,1.091,1.196,-0.012669999999999999,False
2019-01-23,1.093,1.198,0.001833,False
2019-01-24,1.106,1.211,0.011894,False
2019-01-25,1.107,1.212,0.000904,False
2019-01-28,1.109,1.214,0.001807,False
2019-01-29,1.098,1.203,-0.009919,False
2019-01-30,1.086,1.191,-0.010929,False
2019-01-31,1.088,1.193,0.001842,False
2019-02-01,1.114,1.219,0.023896999999999998,False
2019-02-11,1.138,1.243,0.021543999999999997,False
2019-02-12,1.146,1.251,0.00703,False
2019-02-13,1.172,1.277,0.022688,False
2019-02-14,1.175,1.28,0.00256,False
2019-02-15,1.162,1.267,-0.011064000000000001,False
2019-02-18,1.203,1.308,0.035284,False
2019-02-19,1.204,1.309,0.0008309999999999999,False
2019-02-20,1.197,1.302,-0.005814000000000001,False
2019-02-21,1.202,1.307,0.004177,False
2019-02-22,1.238,1.343,0.02995,False
2019-02-25,1.242,1.406,0.050889,False
2019-02-26,1.233,1.397,-0.007246,False
2019-02-27,1.227,1.391,-0.004866,False
2019-02-28,1.228,1.392,0.0008150000000000001,False
2019-03-01,1.236,1.4,0.006515,False
2019-03-04,1.255,1.419,0.015371999999999999,False
2019-03-05,1.293,1.457,0.030278999999999997,False
2019-03-06,1.302,1.466,0.006961,False
2019-03-07,1.306,1.47,0.0030719999999999996,False
2019-03-08,1.291,1.455,-0.011485,False
2019-03-11,1.321,1.485,0.023237999999999998,False
2019-03-12,1.358,1.522,0.028009,False
2019-03-13,1.309,1.473,-0.036082,False
2019-03-14,1.275,1.439,-0.025974,False
2019-03-15,1.278,1.442,0.002353,False
2019-03-18,1.3,1.464,0.017214,False
2019-03-19,1.307,1.471,0.005385,False
2019-03-20,1.298,1.462,-0.006886,False
2019-03-21,1.308,1.472,0.007704,False
2019-03-22,1.307,1.471,-0.000765,False
2019-03-25,1.297,1.461,-0.007651,False
2019-03-26,1.269,1.433,-0.021588,False
2019-03-27,1.272,1.436,0.0023639999999999998,False
2019-03-28,1.264,1.428,-0.006289,False
2019-03-29,1.294,1.458,0.023734,False
2019-04-01,1.334,1.498,0.030912000000000002,False
2019-04-02,1.34,1.504,0.004497999999999999,False
2019-04-03,1.344,1.508,0.002985,False
2019-04-04,1.339,1.503,-0.0037199999999999998,False
2019-04-08,1.318,1.482,-0.015683,False
2019-04-09,1.321,1.485,0.002276,False
2019-04-10,1.324,1.488,0.002271,False
2019-04-11,1.298,1.462,-0.019637,False
2019-04-12,1.291,1.455,-0.005393,False
2019-04-15,1.287,1.451,-0.003098,False
2019-04-16,1.313,1.477,0.020202,False
2019-04-17,1.311,1.475,-0.0015229999999999998,False
2019-04-18,1.306,1.47,-0.003814,False
2019-04-19,1.314,1.478,0.006126,False
2019-04-22,1.294,1.458,-0.015221,False
2019-04-23,1.28,1.444,-0.010819,False
2019-04-24,1.294,1.458,0.010938000000000002,False
2019-04-25,1.255,1.419,-0.030139,False
2019-04-26,1.25,1.414,-0.003984,False
2019-04-29,1.229,1.393,-0.0168,False
2019-04-30,1.228,1.392,-0.000814,False
2019-05-06,1.148,1.312,-0.06514700000000001,False
2019-05-07,1.154,1.318,0.005226,False
2019-05-08,1.152,1.316,-0.0017330000000000002,False
2019-05-09,1.145,1.309,-0.006076000000000001,False
2019-05-10,1.188,1.352,0.037555,False
2019-05-13,1.173,1.337,-0.012626,False
2019-05-14,1.166,1.33,-0.005968,False
2019-05-15,1.184,1.348,0.015437000000000001,False
2019-05-16,1.186,1.35,0.001689,False
2019-05-17,1.145,1.309,-0.03457,False
2019-05-20,1.137,1.301,-0.006987,False
2019-05-21,1.151,1.315,0.012313000000000001,False
2019-05-22,1.152,1.316,0.0008690000000000001,False
2019-05-23,1.123,1.287,-0.025174,False
2019-05-24,1.119,1.283,-0.003562,False
2019-05-27,1.147,1.311,0.025022000000000003,False
2019-05-28,1.15,1.314,0.002616,False
2019-05-29,1.147,1.311,-0.002609,False
2019-05-30,1.134,1.298,-0.011334,False
2019-05-31,1.134,1.298,0.0,False
2019-06-03,1.13,1.294,-0.003527,False
2019-06-04,1.125,1.289,-0.004425,False
2019-06-05,1.132,1.296,0.006222,False
2019-06-06,1.117,1.281,-0.013250999999999999,False
2019-06-10,1.128,1.292,0.009848,False
2019-06-11,1.156,1.32,0.024822999999999998,False
2019-06-12,1.152,1.316,-0.0034599999999999995,False
2019-06-13,1.15,1.314,-0.0017360000000000001,False
2019-06-14,1.135,1.299,-0.013043,False
2019-06-17,1.13,1.294,-0.004405,False
2019-06-18,1.133,1.297,0.0026550000000000002,False
2019-06-19,1.149,1.313,0.014122,False
2019-06-20,1.174,1.338,0.021758000000000003,False
2019-06-21,1.193,1.357,0.016184,False
2019-06-24,1.192,1.356,-0.000838,False
2019-06-25,1.184,1.348,-0.006711,False
2019-06-26,1.189,1.353,0.004223,False
2019-06-27,1.213,1.377,0.020184999999999998,False
2019-06-28,1.204,1.368,-0.0074199999999999995,False
2019-06-30,1.204,1.368,0.0,False
2019-07-01,1.235,1.399,0.025748000000000004,False
2019-07-02,1.234,1.398,-0.0008100000000000001,False
2019-07-03,1.218,1.382,-0.012966,False
2019-07-04,1.213,1.377,-0.004105,False
2019-07-05,1.219,1.383,0.004946,False
2019-07-08,1.191,1.355,-0.02297,False
2019-07-09,1.188,1.352,-0.002519,False
2019-07-10,1.184,1.348,-0.003367,False
2019-07-11,1.18,1.344,-0.003378,False
2019-07-12,1.178,1.342,-0.0016950000000000001,False
2019-07-15,1.199,1.363,0.017827,False
2019-07-16,1.199,1.363,0.0,False
2019-07-17,1.196,1.36,-0.002502,False
2019-07-18,1.174,1.338,-0.018394999999999998,False
2019-07-19,1.181,1.345,0.005963,False
2019-07-22,1.171,1.335,-0.008467,False
2019-07-23,1.186,1.35,0.012809999999999998,False
2019-07-24,1.203,1.367,0.014334,False
2019-07-25,1.21,1.374,0.0058189999999999995,False
2019-07-26,1.213,1.377,0.0024790000000000003,False
2019-07-29,1.217,1.381,0.0032979999999999997,False
2019-07-30,1.223,1.387,0.00493,False
2019-07-31,1.218,1.382,-0.004088,False
2019-08-01,1.215,1.379,-0.002463,False
2019-08-02,1.196,1.36,-0.015638,False
2019-08-05,1.182,1.346,-0.011706000000000001,False
2019-08-06,1.167,1.331,-0.01269,False
2019-08-07,1.156,1.32,-0.009426,False
2019-08-08,1.166,1.33,0.008650999999999999,False
2019-08-09,1.148,1.312,-0.015437000000000001,False
2019-08-12,1.18,1.344,0.027875,False
2019-08-13,1.174,1.338,-0.005084999999999999,False
2019-08-14,1.178,1.342,0.003407,False
2019-08-15,1.192,1.356,0.011885,False
2019-08-16,1.191,1.355,-0.000839,False
2019-08-19,1.227,1.391,0.030227,False
2019-08-20,1.229,1.393,0.0016300000000000002,False
2019-08-21,1.229,1.393,0.0,False
2019-08-22,1.222,1.386,-0.005696,False
2019-08-23,1.215,1.379,-0.005728,False
2019-08-26,1.203,1.367,-0.009877,False
2019-08-27,1.227,1.391,0.019950000000000002,False
2019-08-28,1.228,1.392,0.0008150000000000001,False
2019-08-29,1.236,1.4,0.006515,False
2019-08-30,1.225,1.389,-0.0089,False
2019-09-02,1.261,1.425,0.029388,False
2019-09-03,1.278,1.442,0.013481,False
2019-09-04,1.278,1.442,0.0,False
2019-09-05,1.296,1.46,0.014085,False
2019-09-06,1.303,1.467,0.005401,False
2019-09-09,1.343,1.507,0.030698,False
2019-09-10,1.334,1.498,-0.006701,False
2019-09-11,1.321,1.485,-0.009745,False
2019-09-12,1.325,1.489,0.0030280000000000003,False
2019-09-16,1.333,1.497,0.006038,False
2019-09-17,1.302,1.466,-0.023256000000000002,False
2019-09-18,1.299,1.463,-0.002304,False
2019-09-19,1.315,1.479,0.012317,False
2019-09-20,1.318,1.482,0.002281,False
2019-09-23,1.317,1.481,-0.0007589999999999999,False
2019-09-24,1.334,1.498,0.012908,False
2019-09-25,1.315,1.479,-0.014242999999999999,False
2019-09-26,1.281,1.445,-0.025856,False
2019-09-27,1.285,1.449,0.0031230000000000003,False
2019-09-30,1.272,1.436,-0.010117000000000001,False
2019-10-08,1.265,1.429,-0.005503,False
2019-10-09,1.271,1.435,0.004743,False
2019-10-10,1.297,1.461,0.020456,False
2019-10-11,1.296,1.46,-0.000771,False
2019-10-14,1.306,1.47,0.007716,False
2019-10-15,1.29,1.454,-0.012251000000000001,False
2019-10-16,1.289,1.453,-0.000775,False
2019-10-17,1.29,1.454,0.000776,False
2019-10-18,1.279,1.443,-0.008527,False
2019-10-21,1.286,1.45,0.0054730000000000004,False
2019-10-22,1.306,1.47,0.015552,False
2019-10-23,1.292,1.456,-0.01072,False
2019-10-24,1.293,1.457,0.000774,False
2019-10-25,1.299,1.463,0.00464,False
2019-10-28,1.326,1.49,0.020785,False
2019-10-29,1.304,1.468,-0.016591,False
2019-10-30,1.316,1.48,0.009202,False
2019-10-31,1.307,1.471,-0.006839,False
2019-11-01,1.324,1.488,0.013007,False
2019-11-04,1.331,1.495,0.005286999999999999,False
2019-11-05,1.347,1.511,0.012020999999999999,False
2019-11-06,1.342,1.506,-0.0037119999999999996,False
2019-11-07,1.34,1.504,-0.00149,False
2019-11-08,1.335,1.499,-0.003731,False
2019-11-11,1.311,1.475,-0.017978,False
2019-11-12,1.316,1.48,0.003814,False
2019-11-13,1.325,1.489,0.006839,False
2019-11-14,1.334,1.498,0.006792,False
2019-11-15,1.319,1.483,-0.011244,False
2019-11-18,1.324,1.488,0.003791,False
2019-11-19,1.346,1.51,0.016616,False
2019-11-20,1.333,1.497,-0.009658,False
2019-11-21,1.332,1.496,-0.00075,False
2019-11-22,1.316,1.48,-0.012012,False
2019-11-25,1.304,1.468,-0.009119,False
2019-11-26,1.313,1.477,0.006902,False
2019-11-27,1.319,1.483,0.00457,False
2019-11-28,1.321,1.485,0.0015160000000000002,False
2019-11-29,1.318,1.482,-0.002271,False
2019-12-02,1.318,1.482,0.0,False
2019-12-03,1.327,1.491,0.006828999999999999,False
2019-12-04,1.333,1.497,0.004521,False
2019-12-05,1.351,1.515,0.013503000000000001,False
2019-12-06,1.357,1.521,0.004441,False
2019-12-09,1.36,1.524,0.002211,False
2019-12-10,1.363,1.527,0.002206,False
2019-12-11,1.357,1.521,-0.004402,False
2019-12-12,1.356,1.52,-0.000737,False
2019-12-13,1.38,1.544,0.017699,False
2019-12-16,1.399,1.563,0.013768,False
2019-12-17,1.41,1.574,0.007863,False
2019-12-18,1.412,1.576,0.001418,False
2019-12-19,1.407,1.571,-0.0035410000000000003,False
2019-12-20,1.391,1.555,-0.011372,False
2019-12-23,1.369,1.533,-0.015816,False
2019-12-24,1.393,1.557,0.017531,False
2019-12-25,1.407,1.571,0.010049999999999998,False
2019-12-26,1.415,1.579,0.005686,False
2019-12-27,1.404,1.568,-0.007774,False
2019-12-30,1.418,1.582,0.009972,False
2019-12-31,1.425,1.589,0.004937,False
2020-01-02,1.464,1.628,0.027368,False
2020-01-03,1.48,1.644,0.010929,False
2020-01-06,1.501,1.665,0.014189,False
2020-01-07,1.509,1.673,0.0053300000000000005,False
2020-01-08,1.494,1.658,-0.00994,False
2020-01-09,1.518,1.682,0.016064000000000002,False
2020-01-10,1.523,1.687,0.003294,False
2020-01-13,1.551,1.715,0.018385,False
2020-01-14,1.551,1.715,0.0,False
2020-01-15,1.554,1.718,0.001934,False
2020-01-16,1.555,1.719,0.000644,False
2020-01-17,1.55,1.714,-0.003215,False
2020-01-20,1.582,1.746,0.020644999999999997,False
2020-01-21,1.573,1.737,-0.005689,False
2020-01-22,1.61,1.774,0.023521999999999998,False
2020-01-23,1.572,1.736,-0.023601999999999998,False
2020-02-03,1.458,1.622,-0.072519,False
2020-02-04,1.52,1.684,0.042524,False
2020-02-05,1.527,1.691,0.004605000000000001,False
2020-02-06,1.577,1.741,0.032744,False
2020-02-07,1.586,1.75,0.005707,False
2020-02-10,1.593,1.757,0.004414,False
2020-02-11,1.598,1.762,0.0031390000000000003,False
2020-02-12,1.634,1.798,0.022528000000000003,False
2020-02-13,1.634,1.798,0.0,False
2020-02-14,1.641,1.805,0.004284,False
2020-02-17,1.691,1.855,0.030469,False
2020-02-18,1.718,1.882,0.015967,False
2020-02-19,1.689,1.853,-0.01688,False
2020-02-20,1.726,1.89,0.021906,False
2020-02-21,1.753,1.917,0.015643,False
2020-02-24,1.78,1.944,0.015402,False
2020-02-25,1.806,1.97,0.014607000000000002,False
2020-02-26,1.726,1.89,-0.044297,False
2020-02-27,1.735,1.899,0.005214,False
2020-02-28,1.664,1.828,-0.040922,False
2020-03-02,1.697,1.861,0.019832000000000002,False
2020-03-03,1.708,1.872,0.006482,False
2020-03-04,1.694,1.858,-0.008197,False
2020-03-05,1.702,1.866,0.004723,False
2020-03-06,1.684,1.848,-0.010576,False
2020-03-09,1.608,1.772,-0.045131,False
2020-03-10,1.667,1.831,0.036692,False
2020-03-11,1.624,1.788,-0.025795,False
2020-03-12,1.597,1.761,-0.016626000000000002,False
2020-03-13,1.589,1.753,-0.005009,False
2020-03-16,1.496,1.66,-0.058526999999999996,False
2020-03-17,1.498,1.662,0.001337,False
2020-03-18,1.485,1.649,-0.008678,False
2020-03-19,1.5,1.664,0.010101,False
2020-03-20,1.51,1.674,0.006666999999999999,False
2020-03-23,1.433,1.597,-0.050993000000000004,False
2020-03-24,1.456,1.62,0.01605,False
2020-03-25,1.514,1.678,0.039834999999999995,False
2020-03-26,1.503,1.667,-0.007266,False
2020-03-27,1.49,1.654,-0.008649,False
2020-03-30,1.453,1.617,-0.024832,False
2020-03-31,1.454,1.618,0.000688,False
2020-04-01,1.465,1.629,0.007565,False
2020-04-02,1.514,1.678,0.033447,False
2020-04-03,1.5,1.664,-0.009247,False
2020-04-07,1.534,1.698,0.022667000000000003,False
2020-04-08,1.528,1.692,-0.003911,False
2020-04-09,1.533,1.697,0.0032719999999999997,False
2020-04-10,1.5,1.664,-0.021526,False
2020-04-13,1.48,1.644,-0.013333,False
2020-04-14,1.53,1.694,0.033784,False
2020-04-15,1.536,1.7,0.003922,False
2020-04-16,1.551,1.715,0.009766,False
2020-04-17,1.569,1.733,0.011605,False
2020-04-20,1.573,1.737,0.002549,False
2020-04-21,1.559,1.723,-0.0089,False
2020-04-22,1.566,1.73,0.00449,False
2020-04-23,1.551,1.715,-0.009578999999999999,False
2020-04-24,1.539,1.703,-0.007737000000000001,False
2020-04-27,1.545,1.709,0.003899,False
2020-04-28,1.566,1.73,0.013592,False
2020-04-29,1.582,1.746,0.010217,False
2020-04-30,1.64,1.804,0.036662,False
2020-05-06,1.665,1.829,0.015244,False
2020-05-07,1.668,1.832,0.001802,False
2020-05-08,1.679,1.843,0.006595,False
2020-05-11,1.673,1.837,-0.003574,False
2020-05-12,1.686,1.85,0.00777,False
2020-05-13,1.698,1.862,0.007117,False
2020-05-14,1.685,1.849,-0.007656,False
2020-05-15,1.704,1.868,0.011276,False
2020-05-18,1.675,1.839,-0.017019,False
2020-05-19,1.708,1.872,0.019701,False
2020-05-20,1.706,1.87,-0.001171,False
2020-05-21,1.68,1.844,-0.01524,False
2020-05-22,1.64,1.804,-0.023809999999999998,False
2020-05-25,1.623,1.787,-0.010366,False
2020-05-26,1.671,1.835,0.029575,False
2020-05-27,1.657,1.821,-0.008378,False
2020-05-28,1.654,1.818,-0.0018110000000000001,False
2020-05-29,1.673,1.837,0.011487,False
2020-06-01,1.742,1.906,0.041243,False
2020-06-02,1.74,1.904,-0.001148,False
2020-06-03,1.743,1.907,0.001724,False
2020-06-04,1.751,1.915,0.00459,False
2020-06-05,1.762,1.926,0.006281999999999999,False
2020-06-08,1.764,1.928,0.001135,False
2020-06-09,1.78,1.944,0.00907,False
2020-06-10,1.802,1.966,0.01236,False
2020-06-11,1.803,1.967,0.000555,False
2020-06-12,1.802,1.966,-0.000555,False
2020-06-15,1.786,1.95,-0.008879,False
2020-06-16,1.828,1.992,0.023516,False
2020-06-17,1.827,1.991,-0.000547,False
2020-06-18,1.86,2.024,0.018062,False
2020-06-19,1.898,2.062,0.02043,False
2020-06-22,1.91,2.074,0.0063219999999999995,False
2020-06-23,1.945,2.109,0.018325,False
2020-06-24,1.947,2.111,0.001028,False
2020-06-29,1.932,2.096,-0.007704,False
2020-06-30,1.99,2.154,0.030021,False
2020-07-01,1.981,2.145,-0.004523,False
2020-07-02,1.978,2.142,-0.0015140000000000002,False
2020-07-03,1.994,2.158,0.008088999999999999,False
2020-07-06,2.053,2.217,0.029588999999999997,False
2020-07-07,2.12,2.284,0.032635,False
2020-07-08,2.153,2.317,0.015566,False
2020-07-09,2.214,2.378,0.028333,False
2020-07-10,2.207,2.371,-0.003162,False
2020-07-13,2.281,2.445,0.033530000000000004,False
2020-07-14,2.243,2.407,-0.016659,False
2020-07-15,2.219,2.383,-0.010700000000000001,False
2020-07-16,2.114,2.278,-0.04731900000000001,False
2020-07-17,2.141,2.305,0.012771999999999999,False
2020-07-20,2.181,2.345,0.018683,False
2020-07-21,2.207,2.371,0.011921,False
2020-07-22,2.225,2.389,0.008156,False
2020-07-23,2.233,2.397,0.003596,False
2020-07-24,2.109,2.273,-0.055531,False
2020-07-27,2.101,2.265,-0.0037930000000000004,False
2020-07-28,2.152,2.316,0.024274,False
2020-07-29,2.209,2.373,0.026486999999999997,False
2020-07-30,2.193,2.357,-0.007243,False
2020-07-31,2.221,2.385,0.012768,False
2020-08-03,2.282,2.446,0.027465000000000003,False
2020-08-04,2.253,2.417,-0.012707999999999999,False
2020-08-05,2.293,2.457,0.017754000000000002,False
2020-08-06,2.297,2.461,0.0017439999999999999,False
2020-08-07,2.279,2.443,-0.007836,False
2020-08-10,2.239,2.403,-0.017552,False
2020-08-11,2.211,2.375,-0.012506,False
2020-08-12,2.187,2.351,-0.010854999999999998,False
2020-08-13,2.184,2.348,-0.001372,False
2020-08-14,2.217,2.381,0.015109999999999998,False
2020-08-17,2.246,2.41,0.013081,False
2020-08-18,2.253,2.417,0.003117,False
2020-08-19,2.181,2.345,-0.031957,False
2020-08-20,2.157,2.321,-0.011004,False
2020-08-21,2.187,2.351,0.013908,False
2020-08-24,2.225,2.389,0.0174,False
2020-08-25,2.204,2.368,-0.009399999999999999,False
2020-08-26,2.157,2.321,-0.0213,False
2020-08-27,2.183,2.347,0.0121,False
2020-08-28,2.221,2.385,0.0174,False
2020-08-31,2.221,2.385,0.0,False
2020-09-01,2.265,2.429,0.019799999999999998,False
2020-09-02,2.268,2.432,0.0013,False
2020-09-03,2.238,2.402,-0.0132,False
2020-09-04,2.22,2.384,-0.008,False
2020-09-07,2.143,2.307,-0.0347,False
2020-09-08,2.132,2.296,-0.0051,False
2020-09-09,2.093,2.257,-0.0183,False
2020-09-10,2.077,2.241,-0.0076,False
2020-09-11,2.122,2.286,0.0217,False
2020-09-14,2.139,2.303,0.008,False
2020-09-15,2.151,2.315,0.005600000000000001,False
2020-09-16,2.128,2.292,-0.010700000000000001,False
2020-09-17,2.146,2.31,0.0085,False
2020-09-18,2.18,2.344,0.0158,False
2020-09-21,2.173,2.337,-0.0032,False
2020-09-22,2.164,2.328,-0.0040999999999999995,False
2020-09-23,2.171,2.335,0.0032,False
2020-09-24,2.125,2.289,-0.0212,False
2020-09-25,2.13,2.294,0.0024,False
2020-09-28,2.126,2.29,-0.0019,False
2020-09-29,2.163,2.327,0.0174,False
2020-09-30,2.163,2.327,0.0,False
2020-10-09,2.227,2.391,0.0296,False
2020-10-12,2.277,2.441,0.0225,False
2020-10-13,2.284,2.448,0.0031,False
2020-10-14,2.277,2.441,-0.0031,False
2020-10-15,2.271,2.435,-0.0026,False
2020-10-16,2.249,2.413,-0.0097,False
2020-10-19,2.222,2.386,-0.012,False
2020-10-20,2.25,2.414,0.0126,False
2020-10-21,2.218,2.382,-0.014199999999999999,False
2020-10-22,2.204,2.368,-0.0063,False
2020-10-23,2.142,2.306,-0.0281,False
2020-10-26,2.173,2.337,0.014499999999999999,False
2020-10-27,2.187,2.351,0.0064,False
2020-10-28,2.201,2.365,0.0064,False
2020-10-29,2.204,2.368,0.0014000000000000002,False
2020-10-30,2.172,2.336,-0.014499999999999999,False
2020-11-02,2.214,2.378,0.019299999999999998,False
2020-11-03,2.228,2.392,0.0063,False
2020-11-04,2.256,2.42,0.0126,False
2020-11-05,2.299,2.463,0.0191,False
2020-11-06,2.275,2.439,-0.0104,False
2020-11-09,2.305,2.469,0.0132,False
2020-11-10,2.258,2.422,-0.0204,False
2020-11-11,2.199,2.363,-0.026099999999999998,False
2020-11-12,2.207,2.371,0.0036,False
2020-11-13,2.211,2.375,0.0018,False
2020-11-16,2.212,2.376,0.0005,False
2020-11-17,2.189,2.353,-0.0104,False
2020-11-18,2.171,2.335,-0.008199999999999999,False
2020-11-19,2.198,2.362,0.0124,False
2020-11-20,2.209,2.373,0.005,False
2020-11-23,2.207,2.371,-0.0009,False
2020-11-24,2.186,2.35,-0.0095,False
2020-11-25,2.141,2.305,-0.0206,False
2020-11-26,2.143,2.307,0.0009,False
2020-11-27,2.15,2.314,0.0033,False
2020-11-30,2.161,2.325,0.0051,False
2020-12-01,2.196,2.36,0.016200000000000003,False
2020-12-02,2.197,2.361,0.0005,False
2020-12-03,2.193,2.357,-0.0018,False
2020-12-04,2.209,2.373,0.0073,False
2020-12-07,2.225,2.389,0.0072,False
2020-12-08,2.23,2.394,0.0022,False
2020-12-09,2.203,2.367,-0.0121,False
2020-12-10,2.204,2.368,0.0005,False
2020-12-11,2.182,2.346,-0.01,False
2020-12-14,2.191,2.355,0.0040999999999999995,False
2020-12-15,2.215,2.379,0.011000000000000001,False
2020-12-16,2.217,2.381,0.0009,False
2020-12-17,2.222,2.386,0.0023,False
2020-12-18,2.231,2.395,0.0040999999999999995,False
2020-12-21,2.308,2.472,0.0345,False
2020-12-22,2.27,2.434,-0.0165,False
2020-12-23,2.315,2.479,0.019799999999999998,False
2020-12-24,2.303,2.467,-0.0052,False
2020-12-25,2.308,2.472,0.0022,False
2020-12-28,2.304,2.468,-0.0017000000000000001,False
2020-12-29,2.292,2.456,-0.0052,False
2020-12-30,2.353,2.517,0.026600000000000002,False
2020-12-31,2.399,2.563,0.0195,False
2021-01-04,2.492,2.656,0.0388,False
2021-01-05,2.499,2.663,0.0028000000000000004,False
2021-01-06,2.503,2.667,0.0016,False
2021-01-07,2.533,2.697,0.012,False
2021-01-08,2.515,2.679,-0.0070999999999999995,False
2021-01-11,2.501,2.665,-0.005600000000000001,False
2021-01-12,2.557,2.721,0.022400000000000003,False
2021-01-13,2.528,2.692,-0.0113,False
2021-01-14,2.5,2.664,-0.0111,False
2021-01-15,2.515,2.679,0.006,False
2021-01-18,2.589,2.753,0.0294,False
2021-01-19,2.56,2.724,-0.011200000000000002,False
2021-01-20,2.604,2.768,0.0172,False
2021-01-21,2.652,2.816,0.0184,False
2021-01-22,2.666,2.83,0.0053,False
2021-01-25,2.633,2.797,-0.0124,False
2021-01-26,2.553,2.717,-0.0304,False
2021-01-27,2.565,2.729,0.004699999999999999,False
2021-01-28,2.501,2.665,-0.025,False
2021-01-29,2.491,2.655,-0.004,False
2021-02-01,2.527,2.691,0.014499999999999999,False
2021-02-02,2.554,2.718,0.010700000000000001,False
2021-02-03,2.544,2.708,-0.0039000000000000003,False
2021-02-04,2.502,2.666,-0.0165,False
2021-02-05,2.487,2.651,-0.006,False
2021-02-08,2.507,2.671,0.008,False
2021-02-09,2.564,2.728,0.0227,False
2021-02-10,2.578,2.742,0.0055000000000000005,False
2021-02-18,2.534,2.698,-0.0171,False
2021-02-19,2.53,2.694,-0.0016,False
2021-02-22,2.44,2.604,-0.0356,False
2021-02-23,2.442,2.606,0.0008,False
2021-02-24,2.385,2.549,-0.0233,False
2021-02-25,2.38,2.544,-0.0021,False
2021-02-26,2.322,2.486,-0.024399999999999998,False
2021-03-01,2.369,2.533,0.0202,False
2021-03-02,2.36,2.524,-0.0038,False
2021-03-03,2.388,2.552,0.011899999999999999,False
2021-03-04,2.308,2.472,-0.0335,False
2021-03-05,2.315,2.479,0.003,False
2021-03-08,2.228,2.392,-0.037599999999999995,False
2021-03-09,2.154,2.318,-0.0332,False
2021-03-10,2.165,2.329,0.0051,False
2021-03-11,2.194,2.358,0.0134,False
2021-03-12,2.181,2.345,-0.0059,False
2021-03-15,2.104,2.268,-0.0353,False
2021-03-16,2.123,2.287,0.009000000000000001,False
2021-03-17,2.145,2.309,0.0104,False
2021-03-18,2.169,2.333,0.011200000000000002,False
2021-03-19,2.11,2.274,-0.027200000000000002,False
2021-03-22,2.121,2.285,0.0052,False
2021-03-23,2.1,2.264,-0.009899999999999999,False
2021-03-24,2.058,2.222,-0.02,False
2021-03-25,2.067,2.231,0.0044,False
2021-03-26,2.122,2.286,0.026600000000000002,False
2021-03-29,2.107,2.271,-0.0070999999999999995,False
2021-03-30,2.136,2.3,0.0138,False
2021-03-31,2.119,2.283,-0.008,False
2021-04-01,2.158,2.322,0.0184,False
2021-04-02,2.182,2.346,0.0111,False
2021-04-06,2.191,2.355,0.0040999999999999995,False
2021-04-07,2.166,2.33,-0.011399999999999999,False
2021-04-08,2.175,2.339,0.0042,False
2021-04-09,2.156,2.32,-0.0087,False
2021-04-12,2.104,2.268,-0.0241,False
2021-04-13,2.111,2.275,0.0033,False
2021-04-14,2.134,2.298,0.0109,False
2021-04-15,2.128,2.292,-0.0028000000000000004,False
2021-04-16,2.117,2.281,-0.0052,False
2021-04-19,2.194,2.358,0.0364,False
2021-04-20,2.189,2.353,-0.0023,False
2021-04-21,2.189,2.353,0.0,False
2021-04-22,2.206,2.37,0.0078000000000000005,False
2021-04-23,2.228,2.392,0.01,False
2021-04-26,2.205,2.369,-0.0103,False
2021-04-27,2.201,2.365,-0.0018,False
2021-04-28,2.239,2.403,0.0173,False
2021-04-29,2.246,2.41,0.0031,False
2021-04-30,2.227,2.391,-0.0085,False
2021-05-06,2.213,2.377,-0.0063,False
2021-05-07,2.155,2.319,-0.0262,False
2021-05-10,2.146,2.31,-0.0042,False
2021-05-11,2.132,2.296,-0.006500000000000001,False
2021-05-12,2.136,2.3,0.0019,False
2021-05-13,2.119,2.283,-0.008,False
2021-05-14,2.162,2.326,0.0203,False
2021-05-17,2.217,2.381,0.0254,False
2021-05-18,2.22,2.384,0.0014000000000000002,False
2021-05-19,2.236,2.4,0.0072,False
2021-05-20,2.256,2.42,0.0089,False
2021-05-21,2.222,2.386,-0.0151,False
2021-05-24,2.269,2.433,0.0212,False
2021-05-25,2.33,2.494,0.0269,False
2021-05-26,2.311,2.475,-0.008199999999999999,False
2021-05-27,2.329,2.493,0.0078000000000000005,False
2021-05-28,2.334,2.498,0.0021,False
2021-05-31,2.375,2.539,0.0176,False
2021-06-01,2.365,2.529,-0.0042,False
2021-06-02,2.346,2.51,-0.008,False
2021-06-03,2.331,2.495,-0.0064,False
2021-06-04,2.358,2.522,0.0116,False
2021-06-07,2.355,2.519,-0.0013,False
2021-06-08,2.363,2.527,0.0034000000000000002,False
2021-06-09,2.369,2.533,0.0025,False
2021-06-10,2.391,2.555,0.009300000000000001,False
2021-06-11,2.371,2.535,-0.0084,False
2021-06-15,2.362,2.526,-0.0038,False
2021-06-16,2.296,2.46,-0.0279,False
2021-06-17,2.321,2.485,0.0109,False
2021-06-18,2.327,2.491,0.0026,False
2021-06-21,2.355,2.519,0.012,False
2021-06-22,2.348,2.512,-0.003,False
2021-06-23,2.379,2.543,0.0132,False
2021-06-24,2.374,2.538,-0.0021,False
2021-06-25,2.4,2.564,0.011000000000000001,False
2021-06-28,2.408,2.572,0.0033,False
2021-06-29,2.402,2.566,-0.0025,False
2021-06-30,2.427,2.591,0.0104,False
2021-07-01,2.404,2.568,-0.0095,False
2021-07-02,2.338,2.502,-0.0275,False
2021-07-05,2.359,2.523,0.009000000000000001,False
2021-07-06,2.354,2.518,-0.0021,False
2021-07-07,2.398,2.562,0.0187,False
2021-07-08,2.426,2.59,0.011699999999999999,False
2021-07-09,2.41,2.574,-0.0066,False
2021-07-12,2.458,2.622,0.0199,False
2021-07-13,2.449,2.613,-0.0037,False
2021-07-14,2.406,2.57,-0.0176,False
2021-07-15,2.437,2.601,0.0129,False
2021-07-16,2.408,2.572,-0.011899999999999999,False
2021-07-19,2.391,2.555,-0.0070999999999999995,False
2021-07-20,2.4,2.564,0.0038,False
2021-07-21,2.471,2.635,0.0296,False
2021-07-22,2.496,2.66,0.0101,False
2021-07-23,2.462,2.626,-0.013600000000000001,False
2021-07-26,2.454,2.618,-0.0032,False
2021-07-27,2.377,2.541,-0.031400000000000004,False
2021-07-28,2.369,2.533,-0.0034000000000000002,False
2021-07-29,2.476,2.64,0.0452,False
2021-07-30,2.498,2.662,0.0089,False
2021-08-02,2.513,2.677,0.006,False
2021-08-03,2.44,2.604,-0.028999999999999998,False
2021-08-04,2.509,2.673,0.028300000000000002,False
2021-08-05,2.5,2.664,-0.0036,False
2021-08-06,2.498,2.662,-0.0008,False
2021-08-09,2.491,2.655,-0.0028000000000000004,False
2021-08-10,2.522,2.686,0.0124,False
2021-08-11,2.518,2.682,-0.0016,False
2021-08-12,2.497,2.661,-0.0083,False
2021-08-13,2.47,2.634,-0.0108,False
2021-08-16,2.444,2.608,-0.0105,False
2021-08-17,2.389,2.553,-0.0225,False
2021-08-18,2.432,2.596,0.018000000000000002,False
2021-08-19,2.477,2.641,0.018500000000000003,False
2021-08-20,2.457,2.621,-0.008100000000000001,False
2021-08-23,2.539,2.703,0.0334,False
2021-08-24,2.538,2.702,-0.0004,False
2021-08-25,2.499,2.663,-0.0154,False
2021-08-26,2.45,2.614,-0.0196,False
2021-08-27,2.419,2.583,-0.0127,False
2021-08-30,2.389,2.553,-0.0124,False
2021-08-31,2.379,2.543,-0.0042,False
2021-09-01,2.343,2.507,-0.0151,False
2021-09-02,2.324,2.488,-0.008100000000000001,False
2021-09-03,2.295,2.459,-0.0125,False
2021-09-06,2.356,2.52,0.026600000000000002,False
2021-09-07,2.366,2.53,0.0042,False
2021-09-08,2.355,2.519,-0.0046,False
2021-09-09,2.345,2.509,-0.0042,False
2021-09-10,2.372,2.536,0.0115,False
2021-09-13,2.331,2.495,-0.0173,False
2021-09-14,2.343,2.507,0.0051,False
2021-09-15,2.35,2.514,0.003,False
2021-09-16,2.295,2.459,-0.023399999999999997,False
2021-09-17,2.284,2.448,-0.0048,False
2021-09-22,2.287,2.451,0.0013,False
2021-09-23,2.314,2.478,0.0118,False
2021-09-24,2.312,2.476,-0.0009,False
2021-09-27,2.296,2.46,-0.0069,False
2021-09-28,2.303,2.467,0.003,False
2021-09-29,2.268,2.432,-0.0152,False
2021-09-30,2.308,2.472,0.0176,False
2021-10-08,2.311,2.475,0.0013,False
2021-10-11,2.297,2.461,-0.0060999999999999995,False
2021-10-12,2.232,2.396,-0.028300000000000002,False
2021-10-13,2.259,2.423,0.0121,False
2021-10-14,2.273,2.437,0.0062,False
2021-10-15,2.318,2.482,0.019799999999999998,False
2021-10-18,2.33,2.494,0.0052,False
2021-10-19,2.324,2.488,-0.0026,False
2021-10-20,2.321,2.485,-0.0013,False
2021-10-21,2.319,2.483,-0.0009,False
2021-10-22,2.346,2.51,0.0116,False
2021-10-25,2.372,2.536,0.0111,False
2021-10-26,2.369,2.533,-0.0013,False
2021-10-27,2.373,2.537,0.0017000000000000001,False
2021-10-28,2.364,2.528,-0.0038,False
2021-10-29,2.417,2.581,0.022400000000000003,False
2021-11-01,2.431,2.595,0.0058,False
2021-11-02,2.444,2.608,0.0053,False
2021-11-03,2.431,2.595,-0.0053,False
2021-11-04,2.458,2.622,0.0111,False
2021-11-05,2.453,2.617,-0.002,False
2021-11-08,2.468,2.632,0.0060999999999999995,False
2021-11-09,2.502,2.666,0.0138,False
2021-11-10,2.501,2.665,-0.0004,False
2021-11-11,2.531,2.695,0.012,False
2021-11-12,2.543,2.707,0.004699999999999999,False
2021-11-15,2.523,2.687,-0.0079,False
2021-11-16,2.494,2.658,-0.0115,False
2021-11-17,2.51,2.674,0.0064,False
2021-11-18,2.5,2.664,-0.004,False
2021-11-19,2.514,2.678,0.005600000000000001,False
2021-11-22,2.558,2.722,0.0175,False
2021-11-23,2.521,2.685,-0.014499999999999999,False
2021-11-24,2.504,2.668,-0.0067,False
2021-11-25,2.49,2.654,-0.005600000000000001,False
2021-11-26,2.467,2.631,-0.0092,False
2021-11-29,2.489,2.653,0.0089,False
2021-11-30,2.503,2.667,0.005600000000000001,False
2021-12-01,2.503,2.667,0.0,False
2021-12-02,2.494,2.658,-0.0036,False
2021-12-03,2.513,2.677,0.0076,False
2021-12-06,2.503,2.667,-0.004,False
2021-12-07,2.479,2.643,-0.0096,False
2021-12-08,2.529,2.693,0.0202,False
2021-12-09,2.533,2.697,0.0016,False
2021-12-10,2.526,2.69,-0.0028000000000000004,False
2021-12-13,2.539,2.703,0.0051,False
2021-12-14,2.537,2.701,-0.0008,False
2021-12-15,2.513,2.677,-0.0095,False
2021-12-16,2.548,2.712,0.0139,False
2021-12-17,2.503,2.667,-0.0177,False
2021-12-20,2.453,2.617,-0.02,False
2021-12-21,2.468,2.632,0.0060999999999999995,False
2021-12-22,2.484,2.648,0.006500000000000001,False
2021-12-23,2.507,2.671,0.009300000000000001,False
2021-12-24,2.487,2.651,-0.008,False
2021-12-27,2.471,2.635,-0.0064,False
2021-12-28,2.507,2.671,0.0146,False
2021-12-29,2.478,2.642,-0.0116,False
2021-12-30,2.527,2.691,0.019799999999999998,False
2021-12-31,2.552,2.716,0.009899999999999999,False
2022-01-04,2.503,2.667,-0.0192,False
2022-01-05,2.442,2.606,-0.024399999999999998,False
2022-01-06,2.416,2.58,-0.0106,False
2022-01-07,2.424,2.588,0.0033,False
2022-01-10,2.436,2.6,0.005,False
2022-01-11,2.384,2.548,-0.0213,False
2022-01-12,2.425,2.589,0.0172,False
2022-01-13,2.384,2.548,-0.0169,False
2022-01-14,2.394,2.558,0.0042,False
2022-01-17,2.422,2.586,0.011699999999999999,False
2022-01-18,2.436,2.6,0.0058,False
2022-01-19,2.415,2.579,-0.0086,False
2022-01-20,2.393,2.557,-0.0091,False
2022-01-21,2.348,2.512,-0.018799999999999997,False
2022-01-24,2.355,2.519,0.003,False
2022-01-25,2.29,2.454,-0.0276,False
2022-01-26,2.304,2.468,0.0060999999999999995,False
2022-01-27,2.238,2.402,-0.0286,False
2022-01-28,2.225,2.389,-0.0058,False
2022-02-07,2.227,2.391,0.0009,False
2022-02-08,2.184,2.348,-0.019299999999999998,False
2022-02-09,2.215,2.379,0.014199999999999999,False
2022-02-10,2.198,2.362,-0.0077,False
2022-02-11,2.145,2.309,-0.0241,False
2022-02-14,2.128,2.292,-0.0079,False
2022-02-15,2.176,2.34,0.0226,False
2022-02-16,2.169,2.333,-0.0032,False
2022-02-17,2.185,2.349,0.0074,False
2022-02-18,2.18,2.344,-0.0023,False
2022-02-21,2.169,2.333,-0.005,False
2022-02-22,2.143,2.307,-0.012,False
2022-02-23,2.21,2.374,0.0313,False
2022-02-24,2.181,2.345,-0.0131,False
2022-02-25,2.203,2.367,0.0101,False
2022-02-28,2.209,2.373,0.0027,False
2022-03-01,2.205,2.369,-0.0018,False
2022-03-02,2.18,2.344,-0.0113,False
2022-03-03,2.13,2.294,-0.0229,False
2022-03-04,2.105,2.269,-0.011699999999999999,False
2022-03-07,2.038,2.202,-0.0318,False
2022-03-08,2.013,2.177,-0.0123,False
2022-03-09,2.015,2.179,0.001,False
2022-03-10,2.046,2.21,0.0154,False
2022-03-11,2.043,2.207,-0.0015,False
2022-03-14,2.012,2.176,-0.0152,False
2022-03-15,1.956,2.12,-0.0278,False
2022-03-16,2.017,2.181,0.031200000000000002,False
2022-03-17,2.062,2.226,0.0223,False
2022-03-18,2.05,2.214,-0.0058,False
2022-03-21,2.054,2.218,0.002,False
2022-03-22,2.046,2.21,-0.0039000000000000003,False
2022-03-23,2.048,2.212,0.001,False
2022-03-24,2.029,2.193,-0.009300000000000001,False
2022-03-25,2.002,2.166,-0.013300000000000001,False
2022-03-28,1.983,2.147,-0.0095,False
2022-03-29,1.968,2.132,-0.0076,False
2022-03-30,2.019,2.183,0.0259,False
2022-03-31,1.992,2.156,-0.0134,False
2022-04-01,1.998,2.162,0.003,False
2022-04-06,1.962,2.126,-0.018000000000000002,False
2022-04-07,1.937,2.101,-0.0127,False
2022-04-08,1.928,2.092,-0.0046,False
2022-04-11,1.848,2.012,-0.0415,False
2022-04-12,1.862,2.026,0.0076,False
2022-04-13,1.831,1.995,-0.0166,False
2022-04-14,1.857,2.021,0.014199999999999999,False
2022-04-15,1.855,2.019,-0.0011,False
2022-04-18,1.886,2.05,0.0167,False
2022-04-19,1.862,2.026,-0.0127,False
2022-04-20,1.849,2.013,-0.006999999999999999,False
2022-04-21,1.825,1.989,-0.013000000000000001,False
2022-04-22,1.816,1.98,-0.0049,False
2022-04-25,1.713,1.877,-0.0567,False
2022-04-26,1.684,1.848,-0.0169,False
2022-04-27,1.753,1.917,0.040999999999999995,False
2022-04-28,1.76,1.924,0.004,False
2022-04-29,1.834,1.998,0.042,False
2022-05-05,1.851,2.015,0.009300000000000001,False
2022-05-06,1.824,1.988,-0.0146,False
2022-05-09,1.824,1.988,0.0,False
2022-05-10,1.864,2.028,0.0219,False
2022-05-11,1.892,2.056,0.015,False
2022-05-12,1.893,2.057,0.0005,False
2022-05-13,1.904,2.068,0.0058,False
2022-05-16,1.88,2.044,-0.0126,False
2022-05-17,1.916,2.08,0.0191,False
2022-05-18,1.922,2.086,0.0031,False
2022-05-19,1.932,2.096,0.0052,False
2022-05-20,1.945,2.109,0.0067,False
2022-05-23,1.945,2.109,0.0,False
2022-05-24,1.891,2.055,-0.0278,False
2022-05-25,1.899,2.063,0.0042,False
2022-05-26,1.918,2.082,0.01,False
2022-05-27,1.916,2.08,-0.001,False
2022-05-30,1.948,2.112,0.0167,False
2022-05-31,1.975,2.139,0.0139,False
2022-06-01,1.993,2.157,0.0091,False
2022-06-02,2.049,2.213,0.0281,False
2022-06-06,2.098,2.262,0.0239,False
2022-06-07,2.077,2.241,-0.01,False
2022-06-08,2.076,2.24,-0.0005,False
2022-06-09,2.033,2.197,-0.0207,False
2022-06-10,2.097,2.261,0.0315,False
2022-06-13,2.094,2.258,-0.0014000000000000002,False
2022-06-14,2.086,2.25,-0.0038,False
2022-06-15,2.074,2.238,-0.0058,False
2022-06-16,2.098,2.262,0.0116,False
2022-06-17,2.117,2.281,0.0091,False
2022-06-20,2.14,2.304,0.0109,False
2022-06-21,2.121,2.285,-0.0089,False
2022-06-22,2.096,2.26,-0.0118,False
2022-06-23,2.165,2.329,0.0329,False
2022-06-24,2.193,2.357,0.0129,False
2022-06-27,2.209,2.373,0.0073,False
2022-06-28,2.232,2.396,0.0104,False
2022-06-29,2.172,2.336,-0.0269,False
2022-06-30,2.188,2.352,0.0074,False
2022-07-01,2.177,2.341,-0.005,False
2022-07-04,2.189,2.353,0.0055000000000000005,False
2022-07-05,2.17,2.334,-0.0087,False
2022-07-06,2.182,2.346,0.0055000000000000005,False
2022-07-07,2.214,2.378,0.0147,False
2022-07-08,2.195,2.359,-0.0086,False
2022-07-11,2.174,2.338,-0.0096,False
2022-07-12,2.142,2.306,-0.0147,False
2022-07-13,2.138,2.302,-0.0019,False
2022-07-14,2.179,2.343,0.0192,False
2022-07-15,2.205,2.369,0.011899999999999999,False
2022-07-18,2.234,2.398,0.0132,False
2022-07-19,2.229,2.393,-0.0022,False
2022-07-20,2.25,2.414,0.009399999999999999,False
2022-07-21,2.271,2.435,0.009300000000000001,False
2022-07-22,2.257,2.421,-0.0062,False
2022-07-25,2.246,2.41,-0.0049,False
2022-07-26,2.27,2.434,0.010700000000000001,False
2022-07-27,2.284,2.448,0.0062,False
2022-07-28,2.317,2.481,0.0144,False
2022-07-29,2.314,2.478,-0.0013,False
2022-08-01,2.356,2.52,0.0182,False
2022-08-02,2.35,2.514,-0.0025,False
2022-08-03,2.35,2.514,0.0,False
2022-08-04,2.347,2.511,-0.0013,False
2022-08-05,2.407,2.571,0.0256,False
2022-08-08,2.44,2.604,0.0137,False
2022-08-09,2.447,2.611,0.0029,False
2022-08-10,2.438,2.602,-0.0037,False
2022-08-11,2.438,2.602,0.0,False
2022-08-12,2.391,2.555,-0.019299999999999998,False
2022-08-15,2.397,2.561,0.0025,False
2022-08-16,2.399,2.563,0.0008,False
2022-08-17,2.403,2.567,0.0017000000000000001,False
2022-08-18,2.45,2.614,0.0196,False
2022-08-19,2.386,2.55,-0.026099999999999998,False
2022-08-22,2.408,2.572,0.0092,False
2022-08-23,2.404,2.568,-0.0017000000000000001,False
2022-08-24,2.303,2.467,-0.042,False
2022-08-25,2.287,2.451,-0.0069,False
2022-08-26,2.254,2.418,-0.0144,False
2022-08-29,2.289,2.453,0.0155,False
2022-08-30,2.299,2.463,0.0044,False
2022-08-31,2.231,2.395,-0.0296,False
2022-09-01,2.233,2.397,0.0009,False
2022-09-02,2.255,2.419,0.009899999999999999,False
2022-09-05,2.285,2.449,0.013300000000000001,False
2022-09-06,2.331,2.495,0.020099999999999996,False
2022-09-07,2.398,2.562,0.0287,False
2022-09-08,2.398,2.562,0.0,False
2022-09-09,2.372,2.536,-0.0108,False
2022-09-13,2.366,2.53,-0.0025,False
2022-09-14,2.4,2.564,0.0144,False
2022-09-15,2.304,2.468,-0.04,False
2022-09-16,2.314,2.478,0.0043,False
2022-09-19,2.28,2.444,-0.0147,False
2022-09-20,2.292,2.456,0.0053,False
2022-09-21,2.249,2.413,-0.018799999999999997,False
2022-09-22,2.278,2.442,0.0129,False
2022-09-23,2.237,2.401,-0.018000000000000002,False
2022-09-26,2.25,2.414,0.0058,False
2022-09-27,2.281,2.445,0.0138,False
2022-09-28,2.231,2.395,-0.0219,False
2022-09-29,2.253,2.417,0.009899999999999999,False
2022-09-30,2.186,2.35,-0.0297,False
2022-10-10,2.082,2.246,-0.047599999999999996,False
2022-10-11,2.073,2.237,-0.0043,False
2022-10-12,2.143,2.307,0.0338,False
2022-10-13,2.15,2.314,0.0033,False
2022-10-14,2.17,2.334,0.009300000000000001,False
2022-10-17,2.192,2.356,0.0101,False
2022-10-18,2.196,2.36,0.0018,False
2022-10-19,2.199,2.363,0.0014000000000000002,False
2022-10-20,2.21,2.374,0.005,False
2022-10-21,2.214,2.378,0.0018,False
2022-10-24,2.235,2.399,0.0095,False
2022-10-25,2.232,2.396,-0.0013,False
2022-10-26,2.254,2.418,0.009899999999999999,False
2022-10-27,2.223,2.387,-0.0138,False
2022-10-28,2.196,2.36,-0.0121,False
2022-10-31,2.225,2.389,0.0132,False
2022-11-01,2.233,2.397,0.0036,False
2022-11-02,2.252,2.416,0.0085,False
2022-11-03,2.274,2.438,0.0098,False
2022-11-04,2.301,2.465,0.011899999999999999,False
2022-11-07,2.266,2.43,-0.0152,False
2022-11-08,2.255,2.419,-0.0049,False
2022-11-09,2.232,2.396,-0.0102,False
2022-11-10,2.19,2.354,-0.018799999999999997,False
2022-11-11,2.209,2.373,0.0087,False
2022-11-14,2.177,2.341,-0.014499999999999999,False
2022-11-15,2.238,2.402,0.027999999999999997,False
2022-11-16,2.204,2.368,-0.0152,False
2022-11-17,2.217,2.381,0.0059,False
2022-11-18,2.194,2.358,-0.0104,False
2022-11-21,2.207,2.371,0.0059,False
2022-11-22,2.187,2.351,-0.0091,False
2022-11-23,2.183,2.347,-0.0018,False
2022-11-24,2.172,2.336,-0.005,False
2022-11-25,2.153,2.317,-0.0087,False
2022-11-28,2.152,2.316,-0.0005,False
2022-11-29,2.144,2.308,-0.0037,False
2022-11-30,2.149,2.313,0.0023,False
2022-12-01,2.168,2.332,0.0088,False
2022-12-02,2.158,2.322,-0.0046,False
2022-12-05,2.134,2.298,-0.0111,False
2022-12-06,2.152,2.316,0.0084,False
2022-12-07,2.148,2.312,-0.0019,False
2022-12-08,2.127,2.291,-0.0098,False
2022-12-09,2.126,2.29,-0.0005,False
2022-12-12,2.138,2.302,0.005600000000000001,False
2022-12-13,2.1,2.264,-0.0178,False
2022-12-14,2.081,2.245,-0.009000000000000001,False
2022-12-15,2.11,2.274,0.0139,False
2022-12-16,2.072,2.236,-0.018000000000000002,False
2022-12-19,2.058,2.222,-0.0068000000000000005,False
2022-12-20,2.045,2.209,-0.0063,False
2022-12-21,2.022,2.186,-0.011200000000000002,False
2022-12-22,2.004,2.168,-0.0089,False
2022-12-23,1.978,2.142,-0.013000000000000001,False
2022-12-26,2.034,2.198,0.028300000000000002,False
2022-12-27,2.062,2.226,0.0138,False
2022-12-28,2.035,2.199,-0.0131,False
2022-12-29,2.042,2.206,0.0034000000000000002,False
2022-12-30,2.037,2.201,-0.0024,False
2022-12-31,2.037,2.201,0.0,False
2023-01-03,2.077,2.241,0.0196,False
2023-01-04,2.045,2.209,-0.0154,False
2023-01-05,2.081,2.245,0.0176,False
2023-01-06,2.091,2.255,0.0048,False
2023-01-09,2.09,2.254,-0.0005,False
2023-01-10,2.104,2.268,0.0067,False
2023-01-11,2.078,2.242,-0.0124,False
2023-01-12,2.084,2.248,0.0029,False
2023-01-13,2.074,2.238,-0.0048,False
2023-01-16,2.084,2.248,0.0048,False
2023-01-17,2.106,2.27,0.0106,False
2023-01-18,2.111,2.275,0.0024,False
2023-01-19,2.124,2.288,0.0062,False
2023-01-20,2.134,2.298,0.004699999999999999,False
2023-01-30,2.158,2.322,0.011200000000000002,False
2023-01-31,2.128,2.292,-0.0139,False
2023-02-01,2.15,2.314,0.0103,False
2023-02-02,2.152,2.316,0.0009,False
2023-02-03,2.156,2.32,0.0019,False
2023-02-06,2.13,2.294,-0.0121,False
2023-02-07,2.113,2.277,-0.008,False
2023-02-08,2.097,2.261,-0.0076,False
2023-02-09,2.135,2.299,0.0181,False
2023-02-10,2.103,2.267,-0.015,False
2023-02-13,2.109,2.273,0.0029,False
2023-02-14,2.107,2.271,-0.0009,False
2023-02-15,2.113,2.277,0.0028000000000000004,False
2023-02-16,2.087,2.251,-0.0123,False
2023-02-17,2.04,2.204,-0.0225,False
2023-02-20,2.056,2.22,0.0078000000000000005,False
2023-02-21,2.056,2.22,0.0,False
2023-02-22,2.052,2.216,-0.0019,False
2023-02-23,2.055,2.219,0.0015,False
2023-02-24,2.051,2.215,-0.0019,False
2023-02-27,2.039,2.203,-0.0059,False
2023-02-28,2.043,2.207,0.002,False
2023-03-01,2.055,2.219,0.0059,False
2023-03-02,2.04,2.204,-0.0073,False
2023-03-03,2.045,2.209,0.0025,False
2023-03-06,2.063,2.227,0.0088,False
2023-03-07,2.023,2.187,-0.0194,False
2023-03-08,2.04,2.204,0.0084,False
2023-03-09,2.037,2.201,-0.0015,False
2023-03-10,2.011,2.175,-0.0128,False
2023-03-13,2.027,2.191,0.008,False
2023-03-14,2.016,2.18,-0.0054,False
2023-03-15,2.002,2.166,-0.0069,False
2023-03-16,1.973,2.137,-0.014499999999999999,False
2023-03-17,1.989,2.153,0.008100000000000001,False
2023-03-20,1.989,2.153,0.0,False
2023-03-21,2.004,2.168,0.0075,False
2023-03-22,2.007,2.171,0.0015,False
2023-03-23,2.027,2.191,0.01,False
2023-03-24,2.036,2.2,0.0044,False
2023-03-27,2.04,2.204,0.002,False
2023-03-28,2.015,2.179,-0.0123,False
2023-03-29,2.023,2.187,0.004,False
2023-03-30,2.022,2.186,-0.0005,False
2023-03-31,2.037,2.201,0.0074,False
2023-04-03,2.052,2.216,0.0074,False
2023-04-04,2.064,2.228,0.0058,False
2023-04-06,2.083,2.247,0.0092,False
2023-04-07,2.093,2.257,0.0048,False
2023-04-10,2.063,2.227,-0.0143,False
2023-04-11,2.051,2.215,-0.0058,False
2023-04-12,2.068,2.232,0.0083,False
2023-04-13,2.045,2.209,-0.0111,False
2023-04-14,2.063,2.227,0.0088,False
2023-04-17,2.058,2.222,-0.0024,False
2023-04-18,2.046,2.21,-0.0058,False
2023-04-19,2.035,2.199,-0.0054,False
2023-04-20,2.029,2.193,-0.0029,False
2023-04-21,1.968,2.132,-0.0301,False
2023-04-24,1.949,2.113,-0.0097,False
2023-04-25,1.904,2.068,-0.0231,False
2023-04-26,1.893,2.057,-0.0058,False
2023-04-27,1.907,2.071,0.0074,False
2023-04-28,1.912,2.076,0.0026,False
2023-05-04,1.878,2.042,-0.0178,False
2023-05-05,1.862,2.026,-0.0085,False
2023-05-08,1.879,2.043,0.0091,False
2023-05-09,1.857,2.021,-0.011699999999999999,False
2023-05-10,1.867,2.031,0.0054,False
2023-05-11,1.871,2.035,0.0021,False
2023-05-12,1.854,2.018,-0.0091,False
2023-05-15,1.873,2.037,0.0102,False
2023-05-16,1.877,2.041,0.0021,False
2023-05-17,1.89,2.054,0.0069,False
2023-05-18,1.9,2.064,0.0053,False
2023-05-19,1.907,2.071,0.0037,False
2023-05-22,1.904,2.068,-0.0016,False
2023-05-23,1.886,2.05,-0.0095,False
2023-05-24,1.89,2.054,0.0021,False
2023-05-25,1.893,2.057,0.0016,False
2023-05-26,1.911,2.075,0.0095,False
2023-05-29,1.904,2.068,-0.0037,False
2023-05-30,1.924,2.088,0.0105,False
2023-05-31,1.931,2.095,0.0036,False
2023-06-01,1.946,2.11,0.0078000000000000005,False
2023-06-02,1.951,2.115,0.0026,False
2023-06-05,1.945,2.109,-0.0031,False
2023-06-06,1.902,2.066,-0.022099999999999998,False
2023-06-07,1.889,2.053,-0.0068000000000000005,False
2023-06-08,1.876,2.04,-0.0069,False
2023-06-09,1.905,2.069,0.0155,False
2023-06-12,1.899,2.063,-0.0031,False
2023-06-13,1.929,2.093,0.0158,False
2023-06-14,1.931,2.095,0.001,False
2023-06-15,1.946,2.11,0.0078000000000000005,False
2023-06-16,1.976,2.14,0.0154,False
2023-06-19,1.988,2.152,0.0060999999999999995,False
2023-06-20,2.01,2.174,0.0111,False
2023-06-21,1.951,2.115,-0.0294,False
2023-06-26,1.916,2.08,-0.0179,False
2023-06-27,1.916,2.08,0.0,False
2023-06-28,1.912,2.076,-0.0021,False
2023-06-29,1.921,2.085,0.004699999999999999,False
2023-06-30,1.94,2.104,0.009899999999999999,False
2023-07-03,1.946,2.11,0.0031,False
2023-07-04,1.978,2.142,0.016399999999999998,False
2023-07-05,1.949,2.113,-0.0147,False
2023-07-06,1.942,2.106,-0.0036,False
2023-07-07,1.919,2.083,-0.0118,False
2023-07-10,1.919,2.083,0.0,False
2023-07-11,1.95,2.114,0.016200000000000003,False
2023-07-12,1.918,2.082,-0.016399999999999998,False
2023-07-13,1.945,2.109,0.0141,False
2023-07-14,1.941,2.105,-0.0021,False
2023-07-17,1.932,2.096,-0.0046,False
2023-07-18,1.926,2.09,-0.0031,False
2023-07-19,1.915,2.079,-0.005699999999999999,False
2023-07-20,1.881,2.045,-0.0178,False
2023-07-21,1.872,2.036,-0.0048,False
2023-07-24,1.867,2.031,-0.0027,False
2023-07-25,1.888,2.052,0.011200000000000002,False
2023-07-26,1.873,2.037,-0.0079,False
2023-07-27,1.856,2.02,-0.0091,False
2023-07-28,1.868,2.032,0.006500000000000001,False
2023-07-31,1.88,2.044,0.0064,False
2023-08-01,1.897,2.061,0.009000000000000001,False
2023-08-02,1.899,2.063,0.0011,False
2023-08-03,1.897,2.061,-0.0011,False
2023-08-04,1.9,2.064,0.0016,False
2023-08-07,1.904,2.068,0.0021,False
2023-08-08,1.896,2.06,-0.0042,False
2023-08-09,1.875,2.039,-0.0111,False
2023-08-10,1.882,2.046,0.0037,False
2023-08-11,1.851,2.015,-0.0165,False
2023-08-14,1.854,2.018,0.0016,False
2023-08-15,1.832,1.996,-0.011899999999999999,False
2023-08-16,1.793,1.957,-0.0213,False
2023-08-17,1.811,1.975,0.01,False
2023-08-18,1.786,1.95,-0.0138,False
2023-08-21,1.77,1.934,-0.009000000000000001,False
2023-08-22,1.792,1.956,0.0124,False
2023-08-23,1.754,1.918,-0.0212,False
2023-08-24,1.765,1.929,0.0063,False
2023-08-25,1.725,1.889,-0.0227,False
2023-08-28,1.73,1.894,0.0029,False
2023-08-29,1.794,1.958,0.037000000000000005,False
2023-08-30,1.824,1.988,0.0167,False
2023-08-31,1.83,1.994,0.0033,False
2023-09-01,1.819,1.983,-0.006,False
2023-09-04,1.829,1.993,0.0055000000000000005,False
2023-09-05,1.82,1.984,-0.0049,False
2023-09-06,1.832,1.996,0.0066,False
2023-09-07,1.791,1.955,-0.022400000000000003,False
2023-09-08,1.797,1.961,0.0034000000000000002,False
2023-09-11,1.798,1.962,0.0006,False
2023-09-12,1.79,1.954,-0.0044,False
2023-09-13,1.77,1.934,-0.011200000000000002,False
2023-09-14,1.752,1.916,-0.0102,False
2023-09-15,1.749,1.913,-0.0017000000000000001,False
2023-09-18,1.736,1.9,-0.0074,False
2023-09-19,1.725,1.889,-0.0063,False
2023-09-20,1.704,1.868,-0.012199999999999999,False
2023-09-21,1.696,1.86,-0.004699999999999999,False
2023-09-22,1.733,1.897,0.0218,False
2023-09-25,1.723,1.887,-0.0058,False
2023-09-26,1.724,1.888,0.0006,False
2023-09-27,1.73,1.894,0.0034999999999999996,False
2023-09-28,1.761,1.925,0.0179,False
2023-10-09,1.772,1.936,0.0062,False
2023-10-10,1.77,1.934,-0.0011,False
2023-10-11,1.782,1.946,0.0068000000000000005,False
2023-10-12,1.801,1.965,0.010700000000000001,False
2023-10-13,1.799,1.963,-0.0011,False
2023-10-16,1.771,1.935,-0.015600000000000001,False
2023-10-17,1.783,1.947,0.0068000000000000005,False
2023-10-18,1.758,1.922,-0.013999999999999999,False
2023-10-19,1.741,1.905,-0.0097,False
2023-10-20,1.712,1.876,-0.0167,False
2023-10-23,1.685,1.849,-0.0158,False
2023-10-24,1.72,1.884,0.0208,False
2023-10-25,1.716,1.88,-0.0023,False
2023-10-26,1.718,1.882,0.0012,False
2023-10-27,1.742,1.906,0.013999999999999999,False
2023-10-30,1.794,1.958,0.029900000000000003,False
2023-10-31,1.791,1.955,-0.0017000000000000001,False
2023-11-01,1.781,1.945,-0.005600000000000001,False
2023-11-02,1.761,1.925,-0.011200000000000002,False
2023-11-03,1.795,1.959,0.019299999999999998,False
2023-11-06,1.827,1.991,0.0178,False
2023-11-07,1.828,1.992,0.0005,False
2023-11-08,1.837,2.001,0.0049,False
2023-11-09,1.822,1.986,-0.008199999999999999,False
2023-11-10,1.816,1.98,-0.0033,False
2023-11-13,1.821,1.985,0.0028000000000000004,False
2023-11-14,1.821,1.985,0.0,False
2023-11-15,1.821,1.985,0.0,False
2023-11-16,1.799,1.963,-0.0121,False
2023-11-17,1.805,1.969,0.0033,False
2023-11-20,1.798,1.962,-0.0039000000000000003,False
2023-11-21,1.776,1.94,-0.012199999999999999,False
2023-11-22,1.753,1.917,-0.013000000000000001,False
2023-11-23,1.767,1.931,0.008,False
2023-11-24,1.744,1.908,-0.013000000000000001,False
2023-11-27,1.758,1.922,0.008,False
2023-11-28,1.762,1.926,0.0023,False
2023-11-29,1.756,1.92,-0.0034000000000000002,False
2023-11-30,1.749,1.913,-0.004,False
2023-12-01,1.753,1.917,0.0023,False
2023-12-04,1.738,1.902,-0.0086,False
2023-12-05,1.704,1.868,-0.0196,False
2023-12-06,1.705,1.869,0.0006,False
2023-12-07,1.688,1.852,-0.01,False
2023-12-08,1.706,1.87,0.010700000000000001,False
2023-12-11,1.73,1.894,0.0141,False
2023-12-12,1.729,1.893,-0.0006,False
2023-12-13,1.718,1.882,-0.0064,False
2023-12-14,1.71,1.874,-0.004699999999999999,False
2023-12-15,1.699,1.863,-0.0064,False
2023-12-18,1.677,1.841,-0.0129,False
2023-12-19,1.69,1.854,0.0078000000000000005,False
2023-12-20,1.671,1.835,-0.011200000000000002,False
2023-12-21,1.684,1.848,0.0078000000000000005,False
2023-12-22,1.671,1.835,-0.0077,False
2023-12-25,1.677,1.841,0.0036,False
2023-12-26,1.653,1.817,-0.0143,False
2023-12-27,1.674,1.838,0.0127,False
2023-12-28,1.709,1.873,0.0209,False
2023-12-29,1.723,1.887,0.008199999999999999,False
2023-12-31,1.723,1.887,0.0,False
2024-01-02,1.69,1.854,-0.0192,False
2024-01-03,1.657,1.821,-0.0195,False
2024-01-04,1.637,1.801,-0.0121,False
2024-01-05,1.611,1.775,-0.0159,False
2024-01-08,1.568,1.732,-0.026699999999999998,False
2024-01-09,1.565,1.729,-0.0019,False
2024-01-10,1.553,1.717,-0.0077,False
2024-01-11,1.572,1.736,0.012199999999999999,False
2024-01-12,1.562,1.726,-0.0064,False
2024-01-15,1.562,1.726,0.0,False
2024-01-16,1.567,1.731,0.0032,False
2024-01-17,1.53,1.694,-0.0236,False
2024-01-18,1.552,1.716,0.0144,False
2024-01-19,1.543,1.707,-0.0058,False
2024-01-22,1.493,1.657,-0.032400000000000005,False
2024-01-23,1.504,1.668,0.0074,False
2024-01-24,1.501,1.665,-0.002,False
2024-01-25,1.534,1.698,0.022000000000000002,False
2024-01-26,1.492,1.656,-0.0274,False
2024-01-29,1.451,1.615,-0.0275,False
2024-01-30,1.414,1.578,-0.0255,False
2024-01-31,1.389,1.553,-0.0177,False
2024-02-01,1.398,1.562,0.006500000000000001,False
2024-02-02,1.358,1.522,-0.0286,False
2024-02-05,1.348,1.512,-0.0074,False
2024-02-06,1.417,1.581,0.0512,False
2024-02-07,1.446,1.61,0.020499999999999997,False
2024-02-08,1.48,1.644,0.0235,False
2024-02-19,1.488,1.652,0.0054,False
2024-02-20,1.48,1.644,-0.0054,False
2024-02-21,1.489,1.653,0.0060999999999999995,False
2024-02-22,1.505,1.669,0.010700000000000001,False
2024-02-23,1.509,1.673,0.0027,False
2024-02-26,1.511,1.675,0.0013,False
2024-02-27,1.552,1.716,0.0271,False
2024-02-28,1.506,1.67,-0.0296,False
2024-02-29,1.573,1.737,0.044500000000000005,False
2024-03-01,1.594,1.758,0.0134,False
2024-03-04,1.598,1.762,0.0025,False
2024-03-05,1.599,1.763,0.0006,False
2024-03-06,1.594,1.758,-0.0031,False
2024-03-07,1.572,1.736,-0.0138,False
2024-03-08,1.599,1.763,0.0172,False
2024-03-11,1.632,1.796,0.0206,False
2024-03-12,1.643,1.807,0.0067,False
2024-03-13,1.644,1.808,0.0006,False
2024-03-14,1.631,1.795,-0.0079,False
2024-03-15,1.634,1.798,0.0018,False
2024-03-18,1.666,1.83,0.0196,False
2024-03-19,1.658,1.822,-0.0048,False
2024-03-20,1.659,1.823,0.0006,False
2024-03-21,1.663,1.827,0.0024,False
2024-03-22,1.667,1.831,0.0024,False
2024-03-25,1.64,1.804,-0.016200000000000003,False
2024-03-26,1.629,1.793,-0.0067,False
2024-03-27,1.588,1.752,-0.0252,False
2024-03-28,1.602,1.766,0.0088,False
2024-03-29,1.604,1.768,0.0012,False
2024-04-01,1.636,1.8,0.02,False
2024-04-02,1.616,1.78,-0.012199999999999999,False
2024-04-03,1.607,1.771,-0.005600000000000001,False
2024-04-08,1.591,1.755,-0.01,False
2024-04-09,1.595,1.759,0.0025,False
2024-04-10,1.563,1.727,-0.020099999999999996,False
2024-04-11,1.564,1.728,0.0006,False
2024-04-12,1.569,1.733,0.0032,False
2024-04-15,1.593,1.757,0.015300000000000001,False
2024-04-16,1.557,1.721,-0.0226,False
2024-04-17,1.591,1.755,0.0218,False
2024-04-18,1.581,1.745,-0.0063,False
2024-04-19,1.552,1.716,-0.0183,False
2024-04-22,1.558,1.722,0.0039000000000000003,False
2024-04-23,1.558,1.722,0.0,False
2024-04-24,1.576,1.74,0.0116,False
2024-04-25,1.579,1.743,0.0019,False
2024-04-26,1.603,1.767,0.0152,False
2024-04-29,1.649,1.813,0.0287,False
2024-04-30,1.641,1.805,-0.0049,False
2024-05-06,1.671,1.835,0.0183,False
2024-05-07,1.666,1.83,-0.003,False
2024-05-08,1.642,1.806,-0.0144,False
2024-05-09,1.663,1.827,0.0128,False
2024-05-10,1.643,1.807,-0.012,False
2024-05-13,1.648,1.812,0.003,False
2024-05-14,1.643,1.807,-0.003,False
2024-05-15,1.633,1.797,-0.0060999999999999995,False
2024-05-16,1.633,1.797,0.0,False
2024-05-17,1.639,1.803,0.0037,False
2024-05-20,1.644,1.808,0.0031,False
2024-05-21,1.644,1.808,0.0,False
2024-05-22,1.643,1.807,-0.0006,False
2024-05-23,1.624,1.788,-0.0116,False
2024-05-24,1.599,1.763,-0.0154,False
2024-05-27,1.625,1.789,0.0163,False
2024-05-28,1.615,1.779,-0.0062,False
2024-05-29,1.612,1.776,-0.0019,False
2024-05-30,1.623,1.787,0.0068000000000000005,False
2024-05-31,1.615,1.779,-0.0049,False
2024-06-03,1.63,1.794,0.009300000000000001,False
2024-06-04,1.648,1.812,0.011000000000000001,False
2024-06-05,1.651,1.815,0.0018,False
2024-06-06,1.646,1.81,-0.003,False
2024-06-07,1.634,1.798,-0.0073,False
2024-06-11,1.656,1.82,0.013500000000000002,False
2024-06-12,1.654,1.818,-0.0012,False
2024-06-13,1.661,1.825,0.0042,False
2024-06-14,1.667,1.831,0.0036,False
2024-06-17,1.692,1.856,0.015,False
2024-06-18,1.694,1.858,0.0012,False
2024-06-19,1.68,1.844,-0.0083,False
2024-06-20,1.667,1.831,-0.0077,False
2024-06-21,1.671,1.835,0.0024,False
2024-06-24,1.647,1.811,-0.0144,False
2024-06-25,1.612,1.776,-0.0213,False
2024-06-26,1.636,1.8,0.0149,False
2024-06-27,1.62,1.784,-0.0098,False
2024-06-28,1.627,1.791,0.0043,False
2024-06-30,1.627,1.791,0.0,False
2024-07-01,1.62,1.784,-0.0043,False
2024-07-02,1.59,1.754,-0.018500000000000003,False
2024-07-03,1.591,1.755,0.0006,False
2024-07-04,1.578,1.742,-0.008199999999999999,False
2024-07-05,1.577,1.741,-0.0006,False
2024-07-08,1.57,1.734,-0.0044,False
2024-07-09,1.616,1.78,0.029300000000000003,False
2024-07-10,1.613,1.777,-0.0019,False
2024-07-11,1.631,1.795,0.011200000000000002,False
2024-07-12,1.628,1.792,-0.0018,False
2024-07-15,1.623,1.787,-0.0031,False
2024-07-16,1.665,1.829,0.0259,False
2024-07-17,1.644,1.808,-0.0126,False
2024-07-18,1.648,1.812,0.0024,False
2024-07-19,1.655,1.819,0.0042,False
2024-07-22,1.653,1.817,-0.0012,False
2024-07-23,1.606,1.77,-0.028399999999999998,False
2024-07-24,1.591,1.755,-0.009300000000000001,False
2024-07-25,1.585,1.749,-0.0038,False
2024-07-26,1.606,1.77,0.0132,False
2024-07-29,1.599,1.763,-0.0044,False
2024-07-30,1.591,1.755,-0.005,False
2024-07-31,1.633,1.797,0.0264,False
2024-08-01,1.625,1.789,-0.0049,False
2024-08-02,1.593,1.757,-0.0197,False
2024-08-05,1.539,1.703,-0.0339,False
2024-08-06,1.556,1.72,0.011000000000000001,False
2024-08-07,1.552,1.716,-0.0026,False
2024-08-08,1.558,1.722,0.0039000000000000003,False
2024-08-09,1.557,1.721,-0.0006,False
2024-08-12,1.554,1.718,-0.0019,False
2024-08-13,1.564,1.728,0.0064,False
2024-08-14,1.543,1.707,-0.0134,False
2024-08-15,1.544,1.708,0.0006,False
2024-08-16,1.547,1.711,0.0019,False
2024-08-19,1.54,1.704,-0.0045000000000000005,False
2024-08-20,1.528,1.692,-0.0078000000000000005,False
2024-08-21,1.531,1.695,0.002,False
2024-08-22,1.524,1.688,-0.0046,False
2024-08-23,1.52,1.684,-0.0026,False
2024-08-26,1.517,1.681,-0.002,False
2024-08-27,1.495,1.659,-0.014499999999999999,False
2024-08-28,1.503,1.667,0.0054,False
2024-08-29,1.522,1.686,0.0126,False
2024-08-30,1.564,1.728,0.0276,False
2024-09-02,1.525,1.689,-0.024900000000000002,False
2024-09-03,1.543,1.707,0.0118,False
2024-09-04,1.53,1.694,-0.0084,False
2024-09-05,1.525,1.689,-0.0033,False
2024-09-06,1.5,1.664,-0.016399999999999998,False
2024-09-09,1.49,1.654,-0.0067,False
2024-09-10,1.498,1.662,0.0054,False
2024-09-11,1.507,1.671,0.006,False
2024-09-12,1.496,1.66,-0.0073,False
2024-09-13,1.49,1.654,-0.004,False
2024-09-18,1.487,1.651,-0.002,False
2024-09-19,1.494,1.658,0.004699999999999999,False
2024-09-20,1.487,1.651,-0.004699999999999999,False
2024-09-23,1.475,1.639,-0.008100000000000001,False
2024-09-24,1.525,1.689,0.0339,False
2024-09-25,1.528,1.692,0.002,False
2024-09-26,1.563,1.727,0.0229,False
2024-09-27,1.646,1.81,0.053099999999999994,False
2024-09-30,1.799,1.963,0.09300000000000001,False
2024-10-08,1.948,2.112,0.0828,False
2024-10-09,1.852,2.016,-0.0493,False
2024-10-10,1.844,2.008,-0.0043,False
2024-10-11,1.78,1.944,-0.0347,False
2024-10-14,1.818,1.982,0.0213,False
2024-10-15,1.775,1.939,-0.023700000000000002,False
2024-10-16,1.756,1.92,-0.010700000000000001,False
2024-10-17,1.747,1.911,-0.0051,False
2024-10-18,1.822,1.986,0.0429,False
2024-10-21,1.836,2.0,0.0077,False
2024-10-22,1.85,2.014,0.0076,False
2024-10-23,1.843,2.007,-0.0038,False
2024-10-24,1.825,1.989,-0.0098,False
2024-10-25,1.845,2.009,0.011000000000000001,False
2024-10-28,1.844,2.008,-0.0005,False
2024-10-29,1.847,2.011,0.0016,False
2024-10-30,1.843,2.007,-0.0022,False
2024-10-31,1.847,2.011,0.0022,False
2024-11-01,1.825,1.989,-0.011899999999999999,False
2024-11-04,1.846,2.01,0.0115,False
2024-11-05,1.888,2.052,0.022799999999999997,False
2024-11-06,1.869,2.033,-0.0101,False
2024-11-07,1.88,2.044,0.0059,False
2024-11-08,1.87,2.034,-0.0053,False
2024-11-11,1.902,2.066,0.0171,False
2024-11-12,1.892,2.056,-0.0053,False
2024-11-13,1.9,2.064,0.0042,False
2024-11-14,1.858,2.022,-0.022099999999999998,False
2024-11-15,1.82,1.984,-0.020499999999999997,False
2024-11-18,1.799,1.963,-0.0115,False
2024-11-19,1.823,1.987,0.013300000000000001,False
2024-11-20,1.822,1.986,-0.0005,False
2024-11-21,1.818,1.982,-0.0022,False
2024-11-22,1.774,1.938,-0.0242,False
2024-11-25,1.761,1.925,-0.0073,False
2024-11-26,1.756,1.92,-0.0028000000000000004,False
2024-11-27,1.798,1.962,0.0239,False
2024-11-28,1.783,1.947,-0.0083,False
2024-11-29,1.799,1.963,0.009000000000000001,False
2024-12-02,1.821,1.985,0.012199999999999999,False
2024-12-03,1.814,1.978,-0.0038,False
2024-12-04,1.793,1.957,-0.0116,False
2024-12-05,1.791,1.955,-0.0011,False
2024-12-06,1.814,1.978,0.0128,False
2024-12-09,1.811,1.975,-0.0017000000000000001,False
2024-12-10,1.821,1.985,0.0055000000000000005,False
2024-12-11,1.822,1.986,0.0005,False
2024-12-12,1.833,1.997,0.006,False
2024-12-13,1.806,1.97,-0.0147,False
2024-12-16,1.783,1.947,-0.0127,False
2024-12-17,1.792,1.956,0.005,False
2024-12-18,1.797,1.961,0.0028000000000000004,False
2024-12-19,1.817,1.981,0.0111,False
2024-12-20,1.811,1.975,-0.0033,False
2024-12-23,1.799,1.963,-0.0066,False
2024-12-24,1.83,1.994,0.0172,False
2024-12-25,1.828,1.992,-0.0011,False
2024-12-26,1.841,2.005,0.0070999999999999995,False
2024-12-27,1.828,1.992,-0.0070999999999999995,False
2024-12-30,1.834,1.998,0.0033,False
2024-12-31,1.806,1.97,-0.015300000000000001,False
2025-01-02,1.756,1.92,-0.0277,False
2025-01-03,1.733,1.897,-0.0131,False
2025-01-06,1.723,1.887,-0.0058,False
2025-01-07,1.761,1.925,0.022099999999999998,False
2025-01-08,1.759,1.923,-0.0011,False
2025-01-09,1.763,1.927,0.0023,False
2025-01-10,1.745,1.909,-0.0102,False
2025-01-13,1.726,1.89,-0.0109,False
2025-01-14,1.787,1.951,0.0353,False
2025-01-15,1.765,1.929,-0.0123,False
2025-01-16,1.76,1.924,-0.0028000000000000004,False
2025-01-17,1.781,1.945,0.011899999999999999,False
2025-01-20,1.802,1.966,0.0118,False
2025-01-21,1.821,1.985,0.0105,False
2025-01-22,1.81,1.974,-0.006,False
2025-01-23,1.794,1.958,-0.0088,False
2025-01-24,1.821,1.985,0.0151,False
2025-01-27,1.793,1.957,-0.0154,False
2025-02-05,1.78,1.944,-0.0073,False
2025-02-06,1.804,1.968,0.013500000000000002,False
2025-02-07,1.826,1.99,0.012199999999999999,False
2025-02-10,1.836,2.0,0.0055000000000000005,False
2025-02-11,1.827,1.991,-0.0049,False
2025-02-12,1.858,2.022,0.017,False
2025-02-13,1.828,1.992,-0.0161,False
2025-02-14,1.841,2.005,0.0070999999999999995,False
2025-02-17,1.844,2.008,0.0016,False
2025-02-18,1.822,1.986,-0.011899999999999999,False
2025-02-19,1.853,2.017,0.017,False
2025-02-20,1.858,2.022,0.0027,False
2025-02-21,1.894,2.058,0.0194,False
2025-02-24,1.888,2.052,-0.0032,False
2025-02-25,1.89,2.054,0.0011,False
2025-02-26,1.897,2.061,0.0037,False
2025-02-27,1.902,2.066,0.0026,False
2025-02-28,1.856,2.02,-0.0242,False
2025-03-03,1.854,2.018,-0.0011,False
2025-03-04,1.869,2.033,0.008100000000000001,False
2025-03-05,1.895,2.059,0.0139,False
2025-03-06,1.915,2.079,0.0106,False
2025-03-07,1.91,2.074,-0.0026,False
2025-03-10,1.907,2.071,-0.0016,False
2025-03-11,1.898,2.062,-0.004699999999999999,False
2025-03-12,1.887,2.051,-0.0058,False
2025-03-13,1.867,2.031,-0.0106,False
2025-03-14,1.889,2.053,0.0118,False
2025-03-17,1.881,2.045,-0.0042,False
2025-03-18,1.891,2.055,0.0053,False
2025-03-19,1.882,2.046,-0.0048,False
2025-03-20,1.868,2.032,-0.0074,False
2025-03-21,1.84,2.004,-0.015,False
2025-03-24,1.852,2.016,0.006500000000000001,False
2025-03-25,1.84,2.004,-0.006500000000000001,False
2025-03-26,1.835,1.999,-0.0027,False
2025-03-27,1.842,2.006,0.0038,False
2025-03-28,1.824,1.988,-0.0098,False
2025-03-31,1.816,1.98,-0.0044,False
2025-04-01,1.812,1.976,-0.0022,False
2025-04-02,1.819,1.983,0.0039000000000000003,False
2025-04-03,1.793,1.957,-0.0143,False
2025-04-07,1.681,1.845,-0.0625,False
2025-04-08,1.664,1.828,-0.0101,False
2025-04-09,1.696,1.86,0.0192,False
2025-04-10,1.724,1.888,0.0165,False
2025-04-11,1.788,1.952,0.0371,False
2025-04-14,1.792,1.956,0.0022,False
2025-04-15,1.788,1.952,-0.0022,False
2025-04-16,1.796,1.96,0.0045000000000000005,False
2025-04-17,1.81,1.974,0.0078000000000000005,False
2025-04-18,1.802,1.966,-0.0044,False
2025-04-21,1.805,1.969,0.0017000000000000001,False
2025-04-22,1.799,1.963,-0.0033,False
2025-04-23,1.796,1.96,-0.0017000000000000001,False
2025-04-24,1.784,1.948,-0.0067,False
2025-04-25,1.763,1.927,-0.0118,False
2025-04-28,1.765,1.929,0.0011,False
2025-04-29,1.765,1.929,0.0,False
2025-04-30,1.755,1.919,-0.005699999999999999,False
2025-05-06,1.78,1.944,0.014199999999999999,False
2025-05-07,1.774,1.938,-0.0034000000000000002,False
2025-05-08,1.78,1.944,0.0034000000000000002,False
2025-05-09,1.763,1.927,-0.0096,False
2025-05-12,1.774,1.938,0.0062,False
2025-05-13,1.768,1.932,-0.0034000000000000002,False
2025-05-14,1.769,1.933,0.0006,False
2025-05-15,1.743,1.907,-0.0147,False
2025-05-16,1.747,1.911,0.0023,False
2025-05-19,1.751,1.915,0.0023,False
2025-05-20,1.756,1.92,0.0029,False
2025-05-21,1.753,1.917,-0.0017000000000000001,False
2025-05-22,1.746,1.91,-0.004,False
2025-05-23,1.732,1.896,-0.008,False
2025-05-26,1.742,1.906,0.0058,False
2025-05-27,1.724,1.888,-0.0103,False
2025-05-28,1.718,1.882,-0.0034999999999999996,False
2025-05-29,1.745,1.909,0.015700000000000002,False
2025-05-30,1.728,1.892,-0.0097,False
2025-06-03,1.737,1.901,0.0052,False
2025-06-04,1.745,1.909,0.0046,False
2025-06-05,1.76,1.924,0.0086,False
2025-06-06,1.758,1.922,-0.0011,False
2025-06-09,1.756,1.92,-0.0011,False
2025-06-10,1.736,1.9,-0.011399999999999999,False
2025-06-11,1.743,1.907,0.004,False
2025-06-12,1.732,1.896,-0.0063,False
2025-06-13,1.723,1.887,-0.0052,False
2025-06-16,1.726,1.89,0.0017000000000000001,False
2025-06-17,1.725,1.889,-0.0006,False
2025-06-18,1.737,1.901,0.006999999999999999,False
2025-06-19,1.726,1.89,-0.0063,False
2025-06-20,1.721,1.885,-0.0029,False
2025-06-23,1.733,1.897,0.006999999999999999,False
2025-06-24,1.751,1.915,0.0104,False
2025-06-25,1.785,1.949,0.0194,False
2025-06-26,1.77,1.934,-0.0084,False
2025-06-27,1.774,1.938,0.0023,False
2025-06-30,1.793,1.957,0.010700000000000001,False
2025-07-01,1.793,1.957,0.0,False
2025-07-02,1.78,1.944,-0.0073,False
2025-07-03,1.795,1.959,0.0084,False
2025-07-04,1.789,1.953,-0.0033,False
2025-07-07,1.781,1.945,-0.0045000000000000005,False
2025-07-08,1.8,1.964,0.010700000000000001,False
2025-07-09,1.787,1.951,-0.0072,False
2025-07-10,1.786,1.95,-0.0006,False
2025-07-11,1.799,1.963,0.0073,False
2025-07-14,1.796,1.96,-0.0017000000000000001,False
2025-07-15,1.801,1.965,0.0028000000000000004,False
2025-07-16,1.803,1.967,0.0011,False
2025-07-17,1.818,1.982,0.0083,False
2025-07-18,1.808,1.972,-0.0055000000000000005,False
2025-07-21,1.831,1.995,0.0127,False
2025-07-22,1.848,2.012,0.009300000000000001,False
2025-07-23,1.846,2.01,-0.0011,False
2025-07-24,1.861,2.025,0.008100000000000001,False
2025-07-25,1.874,2.038,0.006999999999999999,False
2025-07-28,1.874,2.038,0.0,False
2025-07-29,1.893,2.057,0.0101,False
2025-07-30,1.873,2.037,-0.0106,False
2025-07-31,1.854,2.018,-0.0101,False
2025-08-01,1.854,2.018,0.0,False
2025-08-04,1.872,2.036,0.0097,False
2025-08-05,1.869,2.033,-0.0016,False
2025-08-06,1.877,2.041,0.0043,False
2025-08-07,1.88,2.044,0.0016,False
2025-08-08,1.856,2.02,-0.0128,False
2025-08-11,1.873,2.037,0.0092,False
2025-08-12,1.904,2.068,0.0166,False
2025-08-13,1.921,2.085,0.0089,False
2025-08-14,1.924,2.088,0.0016,False
2025-08-15,1.949,2.113,0.013000000000000001,False
2025-08-18,1.977,2.141,0.0144,False
2025-08-19,1.96,2.124,-0.0086,False
2025-08-20,2.016,2.18,0.0286,False
2025-08-21,2.027,2.191,0.0055000000000000005,False
2025-08-22,2.137,2.301,0.054299999999999994,False
2025-08-25,2.165,2.329,0.0131,False
2025-08-26,2.155,2.319,-0.0046,False
2025-08-27,2.143,2.307,-0.005600000000000001,False
2025-08-28,2.211,2.375,0.0317,False
2025-08-29,2.184,2.348,-0.012199999999999999,False
2025-09-01,2.21,2.374,0.011899999999999999,False
2025-09-02,2.161,2.325,-0.0222,False
2025-09-03,2.127,2.291,-0.015700000000000002,False
2025-09-04,2.041,2.205,-0.0404,False
2025-09-05,2.1,2.264,0.028900000000000002,False
2025-09-08,2.12,2.284,0.0095,False
2025-09-09,2.081,2.245,-0.0184,False
2025-09-10,2.09,2.254,0.0043,False
2025-09-11,2.18,2.344,0.0431,False
2025-09-12,2.198,2.362,0.0083,False
2025-09-15,2.237,2.401,0.0177,False
2025-09-16,2.246,2.41,0.004,False
2025-09-17,2.265,2.429,0.0085,False
2025-09-18,2.271,2.435,0.0026,False
2025-09-19,2.263,2.427,-0.0034999999999999996,False
2025-09-22,2.316,2.48,0.023399999999999997,False
2025-09-23,2.32,2.484,0.0017000000000000001,False
2025-09-24,2.389,2.553,0.0297,False
2025-09-25,2.393,2.557,0.0017000000000000001,False
2025-09-26,2.341,2.505,-0.0217,False
2025-09-29,2.359,2.523,0.0077,False
2025-09-30,2.393,2.557,0.0144,False
2025-10-09,2.439,2.603,0.0192,False
2025-10-10,2.353,2.517,-0.0353,False
2025-10-13,2.38,2.544,0.0115,False
2025-10-14,2.309,2.473,-0.0298,False
2025-10-15,2.346,2.51,0.016,False
2025-10-16,2.328,2.492,-0.0077,False
2025-10-17,2.246,2.41,-0.0352,False
2025-10-20,2.261,2.425,0.0067,False
2025-10-21,2.311,2.475,0.022099999999999998,False
2025-10-22,2.308,2.472,-0.0013,False
2025-10-23,2.298,2.462,-0.0043,False
2025-10-24,2.366,2.53,0.0296,False
2025-10-27,2.394,2.558,0.0118,False
2025-10-28,2.377,2.541,-0.0070999999999999995,False
2025-10-29,2.397,2.561,0.0084,False
2025-10-30,2.36,2.524,-0.0154,False
2025-10-31,2.32,2.484,-0.0169,False
2025-11-03,2.308,2.472,-0.0052,False
2025-11-04,2.274,2.438,-0.0147,False
2025-11-05,2.268,2.432,-0.0026,False
2025-11-06,2.318,2.482,0.022000000000000002,False
2025-11-07,2.287,2.451,-0.0134,False
2025-11-10,2.271,2.435,-0.006999999999999999,False
2025-11-11,2.247,2.411,-0.0106,False
2025-11-12,2.24,2.404,-0.0031,False
2025-11-13,2.271,2.435,0.0138,False
2025-11-14,2.216,2.38,-0.0242,False
2025-11-17,2.208,2.372,-0.0036,False
2025-11-18,2.204,2.368,-0.0018,False
2025-11-19,2.193,2.357,-0.005,False
2025-11-20,2.168,2.332,-0.011399999999999999,False
2025-11-21,2.1,2.264,-0.031400000000000004,False
2025-11-24,2.122,2.286,0.0105,False
2025-11-25,2.15,2.314,0.0132,False
2025-11-26,2.162,2.326,0.005600000000000001,False
2025-11-27,2.152,2.316,-0.0046,False
2025-11-28,2.171,2.335,0.0088,False
2025-12-01,2.195,2.359,0.0111,False
2025-12-02,2.18,2.344,-0.0068000000000000005,False
2025-12-03,2.172,2.336,-0.0037,False
2025-12-04,2.195,2.359,0.0106,False
2025-12-05,2.227,2.391,0.0146,False
2025-12-08,2.255,2.419,0.0126,False
2025-12-09,2.246,2.41,-0.004,False
2025-12-10,2.247,2.411,0.0004,False
2025-12-11,2.225,2.389,-0.0098,False
2025-12-12,2.248,2.412,0.0103,False
2025-12-15,2.216,2.38,-0.014199999999999999,False
2025-12-16,2.19,2.354,-0.011699999999999999,False
2025-12-17,2.219,2.383,0.0132,False
2025-12-18,2.197,2.361,-0.009899999999999999,False
2025-12-19,2.209,2.373,0.0055000000000000005,False
2025-12-22,2.226,2.39,0.0077,False
2025-12-23,2.237,2.401,0.0049,False
2025-12-24,2.279,2.443,0.018799999999999997,False
2025-12-25,2.277,2.441,-0.0009,False
2025-12-26,2.281,2.445,0.0018,False
2025-12-29,2.288,2.452,0.0031,False
2025-12-30,2.298,2.462,0.0044,False
2025-12-31,2.277,2.441,-0.0091,False
2026-01-05,2.337,2.501,0.0264,False
2026-01-06,2.383,2.547,0.0197,False
2026-01-07,2.411,2.575,0.011699999999999999,False
2026-01-08,2.407,2.571,-0.0017000000000000001,False
2026-01-09,2.441,2.605,0.0141,False
2026-01-12,2.466,2.63,0.0102,False
2026-01-13,2.423,2.587,-0.0174,False
2026-01-14,2.463,2.627,0.0165,False
2026-01-15,2.473,2.637,0.0040999999999999995,False
2026-01-16,2.541,2.705,0.0275,False
2026-01-19,2.559,2.723,0.0070999999999999995,False
2026-01-20,2.549,2.713,-0.0039000000000000003,False
2026-01-21,2.61,2.774,0.0239,False
2026-01-22,2.602,2.766,-0.0031,False
2026-01-23,2.6,2.764,-0.0008,False
2026-01-26,2.555,2.719,-0.0173,False
2026-01-27,2.606,2.77,0.02,False
2026-01-28,2.612,2.776,0.0023,False
2026-01-29,2.525,2.689,-0.0333,False
2026-01-30,2.535,2.699,0.004,False
2026-02-02,2.454,2.618,-0.032,False
2026-02-03,2.483,2.647,0.0118,False
2026-02-04,2.462,2.626,-0.0085,False
2026-02-05,2.455,2.619,-0.0028000000000000004,False
2026-02-06,2.437,2.601,-0.0073,False
2026-02-09,2.488,2.652,0.0209,False
2026-02-10,2.492,2.656,0.0016,False
2026-02-11,2.467,2.631,-0.01,False
2026-02-12,2.512,2.676,0.0182,False
2026-02-13,2.514,2.678,0.0008,False
2026-02-24,2.549,2.713,0.0139,False
2026-02-25,2.569,2.733,0.0078000000000000005,False
2026-02-26,2.59,2.754,0.008199999999999999,False
2026-02-27,2.571,2.735,-0.0073,False
2026-03-02,2.555,2.719,-0.0062,False
2026-03-03,2.444,2.608,-0.0434,False
2026-03-04,2.435,2.599,-0.0037,False
2026-03-05,2.488,2.652,0.0218,False
2026-03-06,2.491,2.655,0.0012,False
2026-03-09,2.458,2.622,-0.0132,False
2026-03-10,2.529,2.693,0.028900000000000002,False
2026-03-11,2.521,2.685,-0.0032,False
2026-03-12,2.498,2.662,-0.0091,False
2026-03-13,2.474,2.638,-0.0096,False
2026-03-16,2.499,2.663,0.0101,False
2026-03-17,2.45,2.614,-0.0196,False
2026-03-18,2.492,2.656,0.0171,False
2026-03-19,2.441,2.605,-0.020499999999999997,False
2026-03-20,2.437,2.601,-0.0016,False
2026-03-23,2.339,2.503,-0.04019999999999999,False
2026-03-24,2.375,2.539,0.0154,False
2026-03-25,2.425,2.589,0.021099999999999997,False
2026-03-26,2.378,2.542,-0.0194,False
2026-03-27,2.392,2.556,0.0059,False
2026-03-30,2.377,2.541,-0.0063,False
2026-03-31,2.325,2.489,-0.0219,False
2026-04-01,2.382,2.546,0.0245,False
2026-04-02,2.326,2.49,-0.0235,False
2026-04-03,2.313,2.477,-0.005600000000000001,False
2026-04-07,2.329,2.493,0.0069,False
2026-04-08,2.451,2.615,0.0524,False
2026-04-09,2.449,2.613,-0.0008,False
2026-04-10,2.495,2.659,0.018799999999999997,False
2026-04-13,2.504,2.668,0.0036,False
2026-04-14,2.555,2.719,0.0204,False
2026-04-15,2.546,2.71,-0.0034999999999999996,False
2026-04-16,2.602,2.766,0.022000000000000002,False
2026-04-17,2.633,2.797,0.011899999999999999,False
2026-04-20,2.669,2.833,0.0137,False
2026-04-21,2.672,2.836,0.0011,False
2026-04-22,2.741,2.905,0.0258,False
2026-04-23,2.713,2.877,-0.0102,False
2026-04-24,2.708,2.872,-0.0018,False
2026-04-27,2.76,2.924,0.0192,False
2026-04-28,2.731,2.895,-0.0105,False
2026-04-29,2.749,2.913,0.0066,False
2026-04-30,2.811,2.975,0.0226,False
2026-05-06,2.914,3.078,0.0366,False
2026-05-07,2.952,3.116,0.013000000000000001,False
2026-05-08,2.896,3.06,-0.019,False
2026-05-11,3.023,3.187,0.043899999999999995,False
2026-05-12,3.064,3.228,0.013600000000000001,False
2026-05-13,3.128,3.292,0.0209,False
2026-05-14,3.046,3.21,-0.0262,False
2026-05-15,3.013,3.177,-0.0108,False
2026-05-18,3.031,3.195,0.006,False
2026-05-19,3.09,3.254,0.0195,False
2026-05-20,3.182,3.346,0.0298,False
2026-05-21,3.098,3.262,-0.0264,False
2026-05-22,3.21,3.374,0.0362,False
2026-05-25,3.366,3.53,0.048600000000000004,False
2026-05-26,3.382,3.546,0.0048,False
2026-05-27,3.35,3.514,-0.0095,False
2026-05-28,3.386,3.55,0.010700000000000001,False
2026-05-29,3.268,3.432,-0.0348,False
2026-06-01,3.153,3.317,-0.0352,False
2026-06-02,3.225,3.389,0.022799999999999997,False
2026-06-03,3.284,3.448,0.0183,False
2026-06-04,3.348,3.512,0.0195,False
2026-06-05,3.231,3.395,-0.0349,False
2026-06-08,3.17,3.334,-0.0189,False
2026-06-09,3.311,3.475,0.044500000000000005,False
2026-06-10,3.235,3.399,-0.023,False
2026-06-11,3.221,3.385,-0.0043,False
2026-06-12,3.225,3.389,0.0012,False
2026-06-15,3.404,3.568,0.0555,False
2026-06-16,3.466,3.63,0.0182,False
2026-06-17,3.592,3.756,0.0364,False
2026-06-18,3.681,3.845,0.0248,False
2026-06-22,3.76,3.924,0.0215,False
2026-06-23,3.68,3.844,-0.0213,False
2026-06-24,3.768,3.932,0.0239,False
2026-06-25,3.924,4.088,0.0414,False
2026-06-26,3.867,4.031,-0.014499999999999999,False
2026-06-29,3.904,4.068,0.0096,False
2026-06-30,4.126,4.29,0.056900000000000006,False
2026-07-01,4.052,4.216,-0.0179,False
2026-07-02,3.835,3.999,-0.0536,False
2026-07-03,3.816,3.98,-0.005,False
2026-07-06,3.799,3.963,-0.0045000000000000005,False
2026-07-07,3.748,3.912,-0.0134,False
2026-07-08,3.732,3.896,-0.0043,False
2026-07-09,3.913,4.077,0.048499999999999995,False
2026-07-10,3.715,3.879,-0.0506,False
2026-07-13,3.557,3.721,-0.0425,False
2026-07-14,3.656,3.82,0.0278,False
2026-07-15,3.527,3.691,-0.0353,False
2026-07-16,3.394,3.558,-0.0377,False
2026-07-17,3.178,3.342,-0.0636,False
2026-07-20,3.129,3.293,-0.0154,False
2026-07-21,3.388,3.552,0.0828,False
2026-07-22,3.325,3.489,-0.018600000000000002,False
2026-07-23,3.259,3.423,-0.019799999999999998,False
2026-07-24,3.237,3.401,-0.0068000000000000005,False
2026-07-27,3.349,3.513,0.0346,False
2026-07-28,3.125,3.289,-0.0669,False
2026-07-29,3.145,3.309,0.0064,False
2026-07-30,2.983,3.147,-0.051500000000000004,False
2026-07-31,3.075,3.239,0.0308,False
2026-08-03,2.979,3.143,-0.031200000000000002,False
2026-08-04,3.124,3.288,0.0487,False
2026-08-05,3.234,3.398,0.0352,False
2026-08-06,3.244,3.408,0.0031,False
2026-08-07,3.327,3.491,0.0256,False
2026-08-10,3.297,3.461,-0.009000000000000001,False
2026-08-11,3.286,3.45,-0.0033,False
2026-08-12,3.337,3.501,0.0155,False
2026-08-13,3.295,3.459,-0.0126,False
2026-08-14,3.324,3.488,0.0088,False
2026-08-17,3.474,3.638,0.0451,False
2026-08-18,3.473,3.637,-0.0003,False
2026-08-19,3.233,3.397,-0.0691,False
2026-08-20,3.268,3.432,0.0108,False
2026-08-21,3.296,3.46,0.0086,False
2026-08-24,3.197,3.361,-0.03,False
2026-08-25,3.199,3.363,0.0006,False
2026-08-26,3.218,3.382,0.0059,False
2026-08-27,3.312,3.476,0.0292,False
2026-08-28,3.263,3.427,-0.0148,False
2026-08-31,3.318,3.482,0.0169,False
2026-09-01,3.24,3.404,-0.0235,False
2026-09-02,3.189,3.353,-0.015700000000000002,False
2026-09-03,3.18,3.344,-0.0028000000000000004,False
2026-09-04,3.099,3.263,-0.0255,False
2026-09-07,3.211,3.375,0.0361,False
2026-09-08,3.173,3.337,-0.0118,False
2026-09-09,3.171,3.335,-0.0006,False
2026-09-10,3.144,3.308,-0.0085,False
2026-09-11,3.122,3.286,-0.006999999999999999,False
2026-09-14,3.114,3.278,-0.0026,False
