date,nav,nav_acc,daily_ret,suspicious_jump
2014-01-02,1.0,1.0,0.0,False
2014-01-03,1.0,1.0,0.0,False
2014-01-10,1.0,1.0,0.0,False
2014-01-13,1.002,1.002,0.002,False
2014-01-14,1.014,1.014,0.011976,False
2014-01-15,1.023,1.023,0.008876,False
2014-01-16,1.017,1.017,-0.005865,False
2014-01-17,1.014,1.014,-0.00295,False
2014-01-20,1.009,1.009,-0.004931,False
2014-01-21,1.016,1.016,0.006938,False
2014-01-22,1.024,1.024,0.007873999999999999,False
2014-01-23,1.034,1.034,0.009766,False
2014-01-24,1.045,1.045,0.010638000000000002,False
2014-01-27,1.041,1.041,-0.003828,False
2014-01-28,1.037,1.037,-0.003842,False
2014-01-29,1.049,1.049,0.011572,False
2014-01-30,1.048,1.048,-0.000953,False
2014-02-07,1.067,1.067,0.01813,False
2014-02-10,1.084,1.084,0.015933,False
2014-02-11,1.074,1.074,-0.009225,False
2014-02-12,1.067,1.067,-0.006518,False
2014-02-13,1.043,1.043,-0.022493,False
2014-02-14,1.055,1.055,0.011505000000000001,False
2014-02-17,1.078,1.078,0.021801,False
2014-02-18,1.075,1.075,-0.002783,False
2014-02-19,1.071,1.071,-0.003721,False
2014-02-20,1.054,1.054,-0.015872999999999998,False
2014-02-21,1.053,1.053,-0.000949,False
2014-02-24,1.068,1.068,0.014245,False
2014-02-25,1.038,1.038,-0.02809,False
2014-02-26,1.042,1.042,0.0038540000000000002,False
2014-02-27,1.017,1.017,-0.023992,False
2014-02-28,1.036,1.036,0.018682,False
2014-03-03,1.051,1.051,0.014478999999999999,False
2014-03-04,1.048,1.048,-0.0028539999999999998,False
2014-03-05,1.051,1.051,0.002863,False
2014-03-06,1.048,1.048,-0.0028539999999999998,False
2014-03-07,1.049,1.049,0.000954,False
2014-03-10,1.012,1.012,-0.035272,False
2014-03-11,1.005,1.005,-0.0069169999999999995,False
2014-03-12,0.999,0.999,-0.00597,False
2014-03-13,1.018,1.018,0.019018999999999998,False
2014-03-14,1.018,1.018,0.0,False
2014-03-17,1.042,1.042,0.023576,False
2014-03-18,1.042,1.042,0.0,False
2014-03-19,1.035,1.035,-0.006717999999999999,False
2014-03-20,1.021,1.021,-0.013527,False
2014-03-21,1.024,1.024,0.002938,False
2014-03-24,1.009,1.009,-0.014648000000000001,False
2014-03-25,1.006,1.006,-0.002973,False
2014-03-26,1.011,1.011,0.00497,False
2014-03-27,0.994,0.994,-0.016815,False
2014-03-28,0.984,0.984,-0.01006,False
2014-03-31,0.987,0.987,0.003049,False
2014-04-01,0.996,0.996,0.009119,False
2014-04-02,0.986,0.986,-0.01004,False
2014-04-03,0.98,0.98,-0.006085,False
2014-04-04,0.988,0.988,0.008163,False
2014-04-08,0.984,0.984,-0.004049,False
2014-04-09,0.988,0.988,0.004065,False
2014-04-10,0.997,0.997,0.009109,False
2014-04-11,0.993,0.993,-0.004012,False
2014-04-14,0.993,0.993,0.0,False
2014-04-15,0.991,0.991,-0.002014,False
2014-04-16,0.989,0.989,-0.0020180000000000003,False
2014-04-17,0.99,0.99,0.001011,False
2014-04-18,0.992,0.992,0.00202,False
2014-04-21,0.988,0.988,-0.004032,False
2014-04-22,0.978,0.978,-0.010121,False
2014-04-23,0.971,0.971,-0.007157,False
2014-04-24,0.966,0.966,-0.005149,False
2014-04-25,0.958,0.958,-0.008282000000000001,False
2014-04-28,0.953,0.953,-0.0052190000000000005,False
2014-04-29,0.957,0.957,0.004197,False
2014-04-30,0.959,0.959,0.00209,False
2014-05-05,0.97,0.97,0.011470000000000001,False
2014-05-06,0.976,0.976,0.0061860000000000005,False
2014-05-07,0.966,0.966,-0.010246,False
2014-05-08,0.96,0.96,-0.0062109999999999995,False
2014-05-09,0.951,0.951,-0.009375,False
2014-05-12,0.959,0.959,0.008412,False
2014-05-13,0.957,0.957,-0.002086,False
2014-05-14,0.961,0.961,0.00418,False
2014-05-15,0.953,0.953,-0.008325,False
2014-05-16,0.949,0.949,-0.004197,False
2014-05-19,0.945,0.945,-0.004215,False
2014-05-20,0.954,0.954,0.009524,False
2014-05-21,0.955,0.955,0.001048,False
2014-05-22,0.959,0.959,0.004188,False
2014-05-23,0.963,0.963,0.004171,False
2014-05-26,0.973,0.973,0.010384,False
2014-05-27,0.967,0.967,-0.0061660000000000005,False
2014-05-28,0.98,0.98,0.013444000000000001,False
2014-05-29,0.969,0.969,-0.011224000000000001,False
2014-05-30,0.97,0.97,0.001032,False
2014-06-03,0.974,0.974,0.004124,False
2014-06-04,0.967,0.967,-0.007187,False
2014-06-05,0.981,0.981,0.014478,False
2014-06-06,0.979,0.979,-0.002039,False
2014-06-09,0.961,0.961,-0.018386,False
2014-06-10,0.976,0.976,0.015609,False
2014-06-11,0.984,0.984,0.008197,False
2014-06-12,0.982,0.982,-0.002033,False
2014-06-13,0.991,0.991,0.009165,False
2014-06-16,0.994,0.994,0.003027,False
2014-06-17,0.983,0.983,-0.011066,False
2014-06-18,0.978,0.978,-0.005086,False
2014-06-19,0.956,0.956,-0.022494999999999998,False
2014-06-20,0.964,0.964,0.008368,False
2014-06-23,0.974,0.974,0.010373,False
2014-06-24,0.977,0.977,0.00308,False
2014-06-25,0.973,0.973,-0.0040939999999999995,False
2014-06-26,0.982,0.982,0.009250000000000001,False
2014-06-27,0.981,0.981,-0.001018,False
2014-06-30,0.992,0.992,0.011212999999999999,False
2014-07-01,0.994,0.994,0.002016,False
2014-07-02,1.003,1.003,0.009054,False
2014-07-03,0.999,0.999,-0.003988,False
2014-07-04,0.995,0.995,-0.004004,False
2014-07-07,0.986,0.986,-0.009045,False
2014-07-08,0.99,0.99,0.004057,False
2014-07-09,0.976,0.976,-0.014140999999999999,False
2014-07-10,0.957,0.957,-0.019467,False
2014-07-11,0.955,0.955,-0.00209,False
2014-07-14,0.961,0.961,0.0062829999999999995,False
2014-07-15,0.942,0.942,-0.019771,False
2014-07-16,0.932,0.932,-0.010616,False
2014-07-17,0.931,0.931,-0.0010730000000000002,False
2014-07-18,0.931,0.931,0.0,False
2014-07-21,0.935,0.935,0.0042959999999999995,False
2014-07-22,0.943,0.943,0.008556000000000001,False
2014-07-23,0.921,0.921,-0.023330000000000004,False
2014-07-24,0.911,0.911,-0.010858000000000001,False
2014-07-25,0.922,0.922,0.012075,False
2014-07-28,0.941,0.941,0.020607,False
2014-07-29,0.951,0.951,0.010627,False
2014-07-30,0.956,0.956,0.0052580000000000005,False
2014-07-31,0.958,0.958,0.002092,False
2014-08-01,0.943,0.943,-0.015658000000000002,False
2014-08-04,0.949,0.949,0.006363,False
2014-08-05,0.955,0.955,0.0063219999999999995,False
2014-08-06,0.957,0.957,0.002094,False
2014-08-07,0.952,0.952,-0.005225,False
2014-08-08,0.957,0.957,0.005252,False
2014-08-11,0.973,0.973,0.016718999999999998,False
2014-08-12,0.97,0.97,-0.0030830000000000002,False
2014-08-13,0.967,0.967,-0.0030930000000000003,False
2014-08-14,0.964,0.964,-0.0031019999999999997,False
2014-08-15,0.975,0.975,0.011411,False
2014-08-18,0.991,0.991,0.01641,False
2014-08-19,0.993,0.993,0.0020180000000000003,False
2014-08-20,0.987,0.987,-0.006042,False
2014-08-21,0.996,0.996,0.009119,False
2014-08-22,1.004,1.004,0.008032000000000001,False
2014-08-25,0.996,0.996,-0.007968,False
2014-08-26,0.978,0.978,-0.018071999999999998,False
2014-08-27,0.975,0.975,-0.003067,False
2014-08-28,0.967,0.967,-0.008205,False
2014-08-29,0.978,0.978,0.011375,False
2014-09-01,0.997,0.997,0.019427,False
2014-09-02,1.006,1.006,0.009027,False
2014-09-03,1.013,1.013,0.006958,False
2014-09-04,1.016,1.016,0.0029620000000000002,False
2014-09-05,1.01,1.01,-0.005906,False
2014-09-09,1.014,1.014,0.00396,False
2014-09-10,1.02,1.02,0.005917,False
2014-09-11,1.02,1.02,0.0,False
2014-09-12,1.028,1.028,0.007843,False
2014-09-15,1.031,1.031,0.002918,False
2014-09-16,0.992,0.992,-0.037827,False
2014-09-17,0.993,0.993,0.001008,False
2014-09-18,0.999,0.999,0.006042,False
2014-09-19,1.007,1.007,0.008008,False
2014-09-22,0.996,0.996,-0.010924,False
2014-09-23,1.005,1.005,0.009035999999999999,False
2014-09-24,1.02,1.02,0.014924999999999999,False
2014-09-25,1.018,1.018,-0.001961,False
2014-09-26,1.02,1.02,0.001965,False
2014-09-29,1.029,1.029,0.008824,False
2014-09-30,1.038,1.038,0.008746,False
2014-10-08,1.056,1.056,0.017341,False
2014-10-09,1.057,1.057,0.000947,False
2014-10-10,1.052,1.052,-0.00473,False
2014-10-13,1.049,1.049,-0.002852,False
2014-10-14,1.039,1.039,-0.009533,False
2014-10-15,1.046,1.046,0.006737,False
2014-10-16,1.034,1.034,-0.011472,False
2014-10-17,1.017,1.017,-0.016440999999999997,False
2014-10-20,1.03,1.03,0.012783,False
2014-10-21,1.019,1.019,-0.01068,False
2014-10-22,1.004,1.004,-0.01472,False
2014-10-23,0.988,0.988,-0.015936,False
2014-10-24,0.996,0.996,0.008097,False
2014-10-27,1.005,1.005,0.009035999999999999,False
2014-10-28,1.027,1.027,0.021890999999999997,False
2014-10-29,1.039,1.039,0.011685000000000001,False
2014-10-30,1.031,1.031,-0.0077,False
2014-10-31,1.024,1.024,-0.006790000000000001,False
2014-11-03,1.03,1.03,0.005859,False
2014-11-04,1.02,1.02,-0.009709,False
2014-11-05,1.012,1.012,-0.007843,False
2014-11-06,1.017,1.017,0.004941,False
2014-11-07,1.009,1.009,-0.007866,False
2014-11-10,1.005,1.005,-0.003964,False
2014-11-11,0.971,0.971,-0.033831,False
2014-11-12,0.983,0.983,0.012358000000000001,False
2014-11-13,0.965,0.965,-0.018311,False
2014-11-14,0.961,0.961,-0.004144999999999999,False
2014-11-17,0.974,0.974,0.013528,False
2014-11-18,0.974,0.974,0.0,False
2014-11-19,0.983,0.983,0.00924,False
2014-11-20,0.978,0.978,-0.005086,False
2014-11-21,0.987,0.987,0.009202,False
2014-11-24,0.997,0.997,0.010132,False
2014-11-25,1.02,1.02,0.023069000000000003,False
2014-11-26,1.026,1.026,0.005881999999999999,False
2014-11-27,1.039,1.039,0.012670999999999998,False
2014-11-28,1.037,1.037,-0.001925,False
2014-12-01,1.038,1.038,0.000964,False
2014-12-02,1.049,1.049,0.010597,False
2014-12-03,1.058,1.058,0.008579999999999999,False
2014-12-04,1.089,1.089,0.029301,False
2014-12-05,1.073,1.073,-0.014692,False
2014-12-08,1.083,1.083,0.00932,False
2014-12-09,1.028,1.028,-0.050785,False
2014-12-10,1.076,1.076,0.046693,False
2014-12-11,1.082,1.082,0.005576,False
2014-12-12,1.09,1.09,0.0073939999999999995,False
2014-12-15,1.11,1.11,0.018349,False
2014-12-16,1.113,1.113,0.0027029999999999997,False
2014-12-17,1.108,1.108,-0.0044919999999999995,False
2014-12-18,1.105,1.105,-0.002708,False
2014-12-19,1.094,1.094,-0.009955,False
2014-12-22,1.044,1.044,-0.045704,False
2014-12-23,1.023,1.023,-0.020114999999999997,False
2014-12-24,1.014,1.014,-0.008798,False
2014-12-25,1.04,1.04,0.025640999999999997,False
2014-12-26,1.056,1.056,0.015385,False
2014-12-29,1.065,1.065,0.008523,False
2014-12-30,1.058,1.058,-0.006573,False
2014-12-31,1.078,1.078,0.018904,False
2015-01-05,1.091,1.091,0.012059,False
2015-01-06,1.096,1.096,0.004583,False
2015-01-07,1.092,1.092,-0.00365,False
2015-01-08,1.074,1.074,-0.016484000000000002,False
2015-01-09,1.088,1.088,0.013035000000000001,False
2015-01-12,1.085,1.085,-0.002757,False
2015-01-13,1.1,1.1,0.013825,False
2015-01-14,1.104,1.104,0.003636,False
2015-01-15,1.131,1.131,0.024457,False
2015-01-16,1.146,1.146,0.013263,False
2015-01-19,1.082,1.082,-0.055846,False
2015-01-20,1.132,1.132,0.046211,False
2015-01-21,1.171,1.171,0.034451999999999997,False
2015-01-22,1.188,1.188,0.014518,False
2015-01-23,1.177,1.177,-0.009259,False
2015-01-26,1.193,1.193,0.013594,False
2015-01-27,1.192,1.192,-0.000838,False
2015-01-28,1.168,1.168,-0.020134,False
2015-01-29,1.155,1.155,-0.01113,False
2015-01-30,1.151,1.151,-0.003463,False
2015-02-02,1.151,1.151,0.0,False
2015-02-03,1.186,1.186,0.030408,False
2015-02-04,1.181,1.181,-0.004216,False
2015-02-05,1.19,1.19,0.007621,False
2015-02-06,1.165,1.165,-0.021008,False
2015-02-09,1.152,1.152,-0.011158999999999999,False
2015-02-10,1.18,1.18,0.024306,False
2015-02-11,1.204,1.204,0.020339,False
2015-02-12,1.215,1.215,0.009136,False
2015-02-13,1.224,1.224,0.007407,False
2015-02-16,1.243,1.243,0.015523,False
2015-02-17,1.245,1.245,0.001609,False
2015-02-25,1.207,1.207,-0.030522,False
2015-02-26,1.218,1.218,0.009114,False
2015-02-27,1.251,1.251,0.027094,False
2015-03-02,1.274,1.274,0.018385,False
2015-03-03,1.244,1.244,-0.023548,False
2015-03-04,1.268,1.268,0.019293,False
2015-03-05,1.262,1.262,-0.004732,False
2015-03-06,1.239,1.239,-0.018225,False
2015-03-09,1.266,1.266,0.021792,False
2015-03-10,1.292,1.292,0.020537,False
2015-03-11,1.299,1.299,0.005417999999999999,False
2015-03-12,1.306,1.306,0.0053890000000000006,False
2015-03-13,1.333,1.333,0.020674,False
2015-03-16,1.388,1.388,0.041260000000000005,False
2015-03-17,1.387,1.387,-0.0007199999999999999,False
2015-03-18,1.412,1.412,0.018025,False
2015-03-19,1.419,1.419,0.004958000000000001,False
2015-03-20,1.438,1.438,0.013389999999999999,False
2015-03-23,1.484,1.484,0.031989000000000004,False
2015-03-24,1.5,1.5,0.010782,False
2015-03-25,1.511,1.511,0.007332999999999999,False
2015-03-26,1.441,1.441,-0.046327,False
2015-03-27,1.467,1.467,0.018043,False
2015-03-30,1.465,1.465,-0.001363,False
2015-03-31,1.482,1.482,0.011604000000000001,False
2015-04-01,1.512,1.512,0.020243,False
2015-04-02,1.53,1.53,0.011904999999999999,False
2015-04-03,1.554,1.554,0.015686,False
2015-04-07,1.583,1.583,0.018662,False
2015-04-08,1.549,1.549,-0.021478,False
2015-04-09,1.517,1.517,-0.020658,False
2015-04-10,1.553,1.553,0.023731,False
2015-04-13,1.56,1.56,0.004507,False
2015-04-14,1.551,1.551,-0.005769,False
2015-04-15,1.49,1.49,-0.039329,False
2015-04-16,1.505,1.505,0.010067,False
2015-04-17,1.508,1.508,0.001993,False
2015-04-20,1.47,1.47,-0.025199,False
2015-04-21,1.533,1.533,0.042857000000000006,False
2015-04-22,1.573,1.573,0.026093,False
2015-04-23,1.583,1.583,0.006357000000000001,False
2015-04-24,1.56,1.56,-0.014529,False
2015-04-27,1.561,1.561,0.0006410000000000001,False
2015-04-28,1.508,1.508,-0.033953000000000004,False
2015-04-29,1.54,1.54,0.02122,False
2015-04-30,1.562,1.562,0.014286,False
2015-05-04,1.564,1.564,0.00128,False
2015-05-05,1.515,1.515,-0.03133,False
2015-05-06,1.529,1.529,0.009241000000000001,False
2015-05-07,1.546,1.546,0.011118,False
2015-05-08,1.639,1.639,0.060155,False
2015-05-11,1.727,1.727,0.053691,False
2015-05-12,1.743,1.743,0.009265,False
2015-05-13,1.758,1.758,0.008606,False
2015-05-14,1.757,1.757,-0.000569,False
2015-05-15,1.767,1.767,0.005692,False
2015-05-18,1.854,1.854,0.049236,False
2015-05-19,1.9,1.9,0.024811,False
2015-05-20,1.962,1.962,0.032632,False
2015-05-21,2.033,2.033,0.036188,False
2015-05-22,2.041,2.041,0.003935,False
2015-05-25,2.026,2.026,-0.007349,False
2015-05-26,2.082,2.082,0.027641,False
2015-05-27,2.077,2.077,-0.002402,False
2015-05-28,1.96,1.96,-0.056331,False
2015-05-29,2.014,2.014,0.027551000000000003,False
2015-06-01,2.132,2.132,0.05859,False
2015-06-02,2.25,2.25,0.055347,False
2015-06-03,2.299,2.299,0.021778,False
2015-06-04,2.264,2.264,-0.015224,False
2015-06-05,2.252,2.252,-0.0053,False
2015-06-08,2.154,2.154,-0.043517,False
2015-06-09,2.144,2.144,-0.0046429999999999996,False
2015-06-10,2.222,2.222,0.036381000000000004,False
2015-06-11,2.252,2.252,0.013501,False
2015-06-12,2.287,2.287,0.015542,False
2015-06-15,2.195,2.195,-0.040227000000000006,False
2015-06-16,2.109,2.109,-0.03918,False
2015-06-17,2.194,2.194,0.040303000000000005,False
2015-06-18,2.082,2.082,-0.051048,False
2015-06-19,1.97,1.97,-0.053794,False
2015-06-23,1.988,1.988,0.009137,False
2015-06-24,1.992,1.992,0.002012,False
2015-06-25,1.899,1.899,-0.046687000000000006,False
2015-06-26,1.758,1.758,-0.07425,False
2015-06-29,1.636,1.636,-0.069397,False
2015-06-30,1.735,1.735,0.060513000000000004,False
2015-07-01,1.646,1.646,-0.051296999999999995,False
2015-07-02,1.545,1.545,-0.061361,False
2015-07-03,1.501,1.501,-0.028479,False
2015-07-06,1.437,1.437,-0.042637999999999995,False
2015-07-07,1.378,1.378,-0.041058000000000004,False
2015-07-08,1.276,1.276,-0.07402,False
2015-07-09,1.338,1.338,0.048589,False
2015-07-10,1.4,1.4,0.046338,False
2015-07-13,1.483,1.483,0.059286000000000005,False
2015-07-14,1.54,1.54,0.038436,False
2015-07-15,1.445,1.445,-0.061688,False
2015-07-16,1.464,1.464,0.013149,False
2015-07-17,1.563,1.563,0.067623,False
2015-07-20,1.612,1.612,0.031349999999999996,False
2015-07-21,1.657,1.657,0.027916,False
2015-07-22,1.676,1.676,0.011467,False
2015-07-23,1.722,1.722,0.027446,False
2015-07-24,1.708,1.708,-0.00813,False
2015-07-27,1.6,1.6,-0.063232,False
2015-07-28,1.554,1.554,-0.02875,False
2015-07-29,1.635,1.635,0.052124,False
2015-07-30,1.558,1.558,-0.047095000000000005,False
2015-07-31,1.521,1.521,-0.023748000000000002,False
2015-08-03,1.442,1.442,-0.05194,False
2015-08-04,1.541,1.541,0.068655,False
2015-08-05,1.506,1.506,-0.022713,False
2015-08-06,1.499,1.499,-0.004648,False
2015-08-07,1.555,1.555,0.037357999999999995,False
2015-08-10,1.639,1.639,0.054019000000000005,False
2015-08-11,1.644,1.644,0.003051,False
2015-08-12,1.591,1.591,-0.032238,False
2015-08-13,1.621,1.621,0.018855999999999998,False
2015-08-14,1.609,1.609,-0.007403,False
2015-08-17,1.62,1.62,0.006836999999999999,False
2015-08-18,1.497,1.497,-0.075926,False
2015-08-19,1.547,1.547,0.0334,False
2015-08-20,1.497,1.497,-0.032321,False
2015-08-21,1.394,1.394,-0.068804,False
2015-08-24,1.266,1.266,-0.091822,False
2015-08-25,1.166,1.166,-0.078989,False
2015-08-26,1.155,1.155,-0.009434,False
2015-08-27,1.224,1.224,0.05974,False
2015-08-28,1.289,1.289,0.053105,False
2015-08-31,1.268,1.268,-0.016292,False
2015-09-01,1.225,1.225,-0.033912,False
2015-09-02,1.2,1.2,-0.020408,False
2015-09-07,1.181,1.181,-0.015833,False
2015-09-08,1.24,1.24,0.049958,False
2015-09-09,1.292,1.292,0.041935,False
2015-09-10,1.274,1.274,-0.013932,False
2015-09-11,1.284,1.284,0.007849,False
2015-09-14,1.235,1.235,-0.038162,False
2015-09-15,1.192,1.192,-0.034817999999999995,False
2015-09-16,1.256,1.256,0.053691,False
2015-09-17,1.237,1.237,-0.015127,False
2015-09-18,1.25,1.25,0.010509,False
2015-09-21,1.295,1.295,0.036000000000000004,False
2015-09-22,1.296,1.296,0.000772,False
2015-09-23,1.287,1.287,-0.0069440000000000005,False
2015-09-24,1.304,1.304,0.013209,False
2015-09-25,1.276,1.276,-0.021472,False
2015-09-28,1.297,1.297,0.016458,False
2015-09-29,1.284,1.284,-0.010022999999999999,False
2015-09-30,1.288,1.288,0.003115,False
2015-10-08,1.339,1.339,0.039596,False
2015-10-09,1.367,1.367,0.020911,False
2015-10-12,1.408,1.408,0.029993,False
2015-10-13,1.418,1.418,0.007102000000000001,False
2015-10-14,1.397,1.397,-0.01481,False
2015-10-15,1.445,1.445,0.034359,False
2015-10-16,1.457,1.457,0.008304,False
2015-10-19,1.445,1.445,-0.008236,False
2015-10-20,1.469,1.469,0.016609,False
2015-10-21,1.401,1.401,-0.04629,False
2015-10-22,1.437,1.437,0.025696,False
2015-10-23,1.467,1.467,0.020877,False
2015-10-26,1.472,1.472,0.003408,False
2015-10-27,1.481,1.481,0.0061140000000000005,False
2015-10-28,1.444,1.444,-0.024982999999999998,False
2015-10-29,1.447,1.447,0.002078,False
2015-10-30,1.462,1.462,0.010366,False
2015-11-02,1.436,1.436,-0.017784,False
2015-11-03,1.438,1.438,0.0013930000000000001,False
2015-11-04,1.516,1.516,0.054242,False
2015-11-05,1.514,1.514,-0.0013189999999999999,False
2015-11-06,1.552,1.552,0.025099,False
2015-11-09,1.58,1.58,0.018041,False
2015-11-10,1.595,1.595,0.009494,False
2015-11-11,1.613,1.613,0.011285,False
2015-11-12,1.627,1.627,0.008679,False
2015-11-13,1.57,1.57,-0.035034,False
2015-11-16,1.602,1.602,0.020381999999999997,False
2015-11-17,1.584,1.584,-0.011236,False
2015-11-18,1.539,1.539,-0.028409,False
2015-11-19,1.582,1.582,0.02794,False
2015-11-20,1.598,1.598,0.010114000000000001,False
2015-11-23,1.588,1.588,-0.0062580000000000005,False
2015-11-24,1.623,1.623,0.02204,False
2015-11-25,1.68,1.68,0.03512,False
2015-11-26,1.649,1.649,-0.018452,False
2015-11-27,1.556,1.556,-0.056398000000000004,False
2015-11-30,1.584,1.584,0.017995,False
2015-12-01,1.575,1.575,-0.005682,False
2015-12-02,1.539,1.539,-0.022857,False
2015-12-03,1.587,1.587,0.031189,False
2015-12-04,1.591,1.591,0.00252,False
2015-12-07,1.628,1.628,0.023256000000000002,False
2015-12-08,1.62,1.62,-0.004914,False
2015-12-09,1.634,1.634,0.008642,False
2015-12-10,1.626,1.626,-0.004896,False
2015-12-11,1.6,1.6,-0.01599,False
2015-12-14,1.606,1.606,0.00375,False
2015-12-15,1.628,1.628,0.013699,False
2015-12-16,1.643,1.643,0.009214,False
2015-12-17,1.684,1.684,0.024954,False
2015-12-18,1.682,1.682,-0.001188,False
2015-12-21,1.681,1.681,-0.0005949999999999999,False
2015-12-22,1.691,1.691,0.005948999999999999,False
2015-12-23,1.671,1.671,-0.011827,False
2015-12-24,1.316,1.666,-0.0029920000000000003,False
2015-12-25,1.326,1.676,0.007599,False
2015-12-28,1.317,1.667,-0.006787,False
2015-12-29,1.337,1.687,0.015186,False
2015-12-30,1.344,1.694,0.005235999999999999,False
2015-12-31,1.321,1.671,-0.017113,False
2016-01-04,1.211,1.561,-0.08327,False
2016-01-05,1.178,1.528,-0.02725,False
2016-01-06,1.211,1.561,0.028014,False
2016-01-07,1.106,1.456,-0.086705,False
2016-01-08,1.112,1.462,0.005425,False
2016-01-11,1.043,1.393,-0.06205,False
2016-01-12,1.047,1.397,0.003835,False
2016-01-13,1.012,1.362,-0.033429,False
2016-01-14,1.056,1.406,0.043478,False
2016-01-15,1.024,1.374,-0.030303,False
2016-01-18,1.037,1.387,0.012695000000000001,False
2016-01-19,1.077,1.427,0.038572999999999996,False
2016-01-20,1.067,1.417,-0.009285,False
2016-01-21,1.019,1.369,-0.044986,False
2016-01-22,1.026,1.376,0.006868999999999999,False
2016-01-25,1.041,1.391,0.01462,False
2016-01-26,0.97,1.32,-0.068204,False
2016-01-27,0.958,1.308,-0.012371,False
2016-01-28,0.916,1.266,-0.043841,False
2016-01-29,0.954,1.304,0.041485,False
2016-02-01,0.952,1.302,-0.002096,False
2016-02-02,0.983,1.333,0.032563,False
2016-02-03,0.988,1.338,0.005086,False
2016-02-04,1.01,1.36,0.022267000000000002,False
2016-02-05,0.997,1.347,-0.012870999999999999,False
2016-02-15,1.01,1.36,0.013039,False
2016-02-16,1.06,1.41,0.049505,False
2016-02-17,1.073,1.423,0.012263999999999999,False
2016-02-18,1.065,1.415,-0.007456000000000001,False
2016-02-19,1.071,1.421,0.005634,False
2016-02-22,1.093,1.443,0.020541999999999998,False
2016-02-23,1.091,1.441,-0.00183,False
2016-02-24,1.086,1.436,-0.004583,False
2016-02-25,1.001,1.351,-0.078269,False
2016-02-26,0.999,1.349,-0.001998,False
2016-02-29,0.935,1.285,-0.064064,False
2016-03-01,0.956,1.306,0.02246,False
2016-03-02,0.996,1.346,0.041840999999999996,False
2016-03-03,0.989,1.339,-0.0070279999999999995,False
2016-03-04,0.953,1.303,-0.0364,False
2016-03-07,0.968,1.318,0.01574,False
2016-03-08,0.972,1.322,0.004132,False
2016-03-09,0.947,1.297,-0.02572,False
2016-03-10,0.943,1.293,-0.004224,False
2016-03-11,0.938,1.288,-0.005302,False
2016-03-14,0.979,1.329,0.043710000000000006,False
2016-03-15,0.959,1.309,-0.020429,False
2016-03-16,0.953,1.303,-0.006257,False
2016-03-17,0.994,1.344,0.043022,False
2016-03-18,1.032,1.382,0.038229,False
2016-03-21,1.053,1.403,0.020349,False
2016-03-22,1.061,1.411,0.0075970000000000005,False
2016-03-23,1.064,1.414,0.002828,False
2016-03-24,1.056,1.406,-0.0075190000000000005,False
2016-03-25,1.062,1.412,0.005682,False
2016-03-28,1.054,1.404,-0.007533,False
2016-03-29,1.029,1.379,-0.023719,False
2016-03-30,1.075,1.425,0.044703999999999994,False
2016-03-31,1.087,1.437,0.011163000000000001,False
2016-04-01,1.086,1.436,-0.00092,False
2016-04-05,1.107,1.457,0.019337,False
2016-04-06,1.114,1.464,0.006323,False
2016-04-07,1.09,1.44,-0.021543999999999997,False
2016-04-08,1.072,1.422,-0.016514,False
2016-04-11,1.092,1.442,0.018657,False
2016-04-12,1.078,1.428,-0.012821,False
2016-04-13,1.098,1.448,0.018553,False
2016-04-14,1.108,1.458,0.009106999999999999,False
2016-04-15,1.107,1.457,-0.000903,False
2016-04-18,1.1,1.45,-0.006323,False
2016-04-19,1.104,1.454,0.003636,False
2016-04-20,1.051,1.401,-0.048007,False
2016-04-21,1.034,1.384,-0.016175,False
2016-04-22,1.047,1.397,0.012573,False
2016-04-25,1.039,1.389,-0.007641,False
2016-04-26,1.044,1.394,0.004812,False
2016-04-27,1.039,1.389,-0.004789,False
2016-04-28,1.042,1.392,0.0028870000000000002,False
2016-04-29,1.045,1.395,0.002879,False
2016-05-03,1.088,1.438,0.041148,False
2016-05-04,1.09,1.44,0.001838,False
2016-05-05,1.103,1.453,0.011927,False
2016-05-06,1.069,1.419,-0.030825,False
2016-05-09,1.033,1.383,-0.033676,False
2016-05-10,1.041,1.391,0.007744,False
2016-05-11,1.04,1.39,-0.000961,False
2016-05-12,1.042,1.392,0.001923,False
2016-05-13,1.037,1.387,-0.004798,False
2016-05-16,1.066,1.416,0.027965,False
2016-05-17,1.061,1.411,-0.00469,False
2016-05-18,1.03,1.38,-0.029218,False
2016-05-19,1.037,1.387,0.006796,False
2016-05-20,1.041,1.391,0.0038569999999999998,False
2016-05-23,1.06,1.41,0.018252,False
2016-05-24,1.055,1.405,-0.004717,False
2016-05-25,1.035,1.385,-0.018956999999999998,False
2016-05-26,1.044,1.394,0.008696,False
2016-05-27,1.036,1.386,-0.007663,False
2016-05-30,1.031,1.381,-0.0048259999999999996,False
2016-05-31,1.077,1.427,0.044617000000000004,False
2016-06-01,1.084,1.434,0.006500000000000001,False
2016-06-02,1.085,1.435,0.0009229999999999999,False
2016-06-03,1.099,1.449,0.012903,False
2016-06-06,1.109,1.459,0.009099000000000001,False
2016-06-07,1.108,1.458,-0.000902,False
2016-06-08,1.099,1.449,-0.008123,False
2016-06-13,1.043,1.393,-0.050955,False
2016-06-14,1.05,1.4,0.006711,False
2016-06-15,1.089,1.439,0.037143,False
2016-06-16,1.087,1.437,-0.001837,False
2016-06-17,1.093,1.443,0.005520000000000001,False
2016-06-20,1.096,1.446,0.002745,False
2016-06-21,1.069,1.419,-0.024634999999999997,False
2016-06-22,1.081,1.431,0.011225,False
2016-06-23,1.07,1.42,-0.010176000000000001,False
2016-06-24,1.064,1.414,-0.005607,False
2016-06-27,1.084,1.434,0.018796999999999998,False
2016-06-28,1.082,1.432,-0.001845,False
2016-06-29,1.094,1.444,0.011091,False
2016-06-30,1.081,1.431,-0.011883,False
2016-07-01,1.081,1.431,0.0,False
2016-07-04,1.094,1.444,0.012025999999999998,False
2016-07-05,1.106,1.456,0.010969,False
2016-07-06,1.113,1.463,0.006329,False
2016-07-07,1.13,1.48,0.015274000000000001,False
2016-07-08,1.116,1.466,-0.012388999999999999,False
2016-07-11,1.108,1.458,-0.007168,False
2016-07-12,1.104,1.454,-0.00361,False
2016-07-13,1.108,1.458,0.003623,False
2016-07-14,1.109,1.459,0.000903,False
2016-07-15,1.108,1.458,-0.000902,False
2016-07-18,1.104,1.454,-0.00361,False
2016-07-19,1.105,1.455,0.000906,False
2016-07-20,1.102,1.452,-0.0027150000000000004,False
2016-07-21,1.096,1.446,-0.005445,False
2016-07-22,1.073,1.423,-0.020985,False
2016-07-25,1.063,1.413,-0.00932,False
2016-07-26,1.079,1.429,0.015052000000000001,False
2016-07-27,1.031,1.381,-0.044486,False
2016-07-28,1.034,1.384,0.00291,False
2016-07-29,1.034,1.384,0.0,False
2016-08-01,1.025,1.375,-0.008704,False
2016-08-02,1.033,1.383,0.0078049999999999994,False
2016-08-03,1.029,1.379,-0.003872,False
2016-08-04,1.038,1.388,0.008746,False
2016-08-05,1.03,1.38,-0.007707,False
2016-08-08,1.042,1.392,0.01165,False
2016-08-09,1.047,1.397,0.004798,False
2016-08-10,1.047,1.397,0.0,False
2016-08-11,1.024,1.374,-0.021968,False
2016-08-12,1.032,1.382,0.007813,False
2016-08-15,1.051,1.401,0.018411,False
2016-08-16,1.061,1.411,0.009515000000000001,False
2016-08-17,1.063,1.413,0.001885,False
2016-08-18,1.053,1.403,-0.009407,False
2016-08-19,1.052,1.402,-0.00095,False
2016-08-22,1.04,1.39,-0.011407,False
2016-08-23,1.039,1.389,-0.000962,False
2016-08-24,1.041,1.391,0.001925,False
2016-08-25,1.038,1.388,-0.002882,False
2016-08-26,1.047,1.397,0.008671,False
2016-08-29,1.045,1.395,-0.00191,False
2016-08-30,1.053,1.403,0.007656,False
2016-08-31,1.048,1.398,-0.004748,False
2016-09-01,1.048,1.398,0.0,False
2016-09-02,1.044,1.394,-0.0038169999999999996,False
2016-09-05,1.05,1.4,0.0057469999999999995,False
2016-09-06,1.073,1.423,0.021905,False
2016-09-07,1.066,1.416,-0.006523999999999999,False
2016-09-08,1.07,1.42,0.0037519999999999997,False
2016-09-09,1.063,1.413,-0.006542,False
2016-09-12,1.039,1.389,-0.022578,False
2016-09-13,1.038,1.388,-0.000962,False
2016-09-14,1.029,1.379,-0.008671,False
2016-09-19,1.04,1.39,0.01069,False
2016-09-20,1.039,1.389,-0.000962,False
2016-09-21,1.045,1.395,0.005775,False
2016-09-22,1.054,1.404,0.008612,False
2016-09-23,1.051,1.401,-0.002846,False
2016-09-26,1.029,1.379,-0.020932,False
2016-09-27,1.031,1.381,0.001944,False
2016-09-28,1.034,1.384,0.00291,False
2016-09-29,1.041,1.391,0.006770000000000001,False
2016-09-30,1.047,1.397,0.005764,False
2016-10-10,1.064,1.414,0.016236999999999998,False
2016-10-11,1.069,1.419,0.004699,False
2016-10-12,1.068,1.418,-0.000935,False
2016-10-13,1.073,1.423,0.004682,False
2016-10-14,1.071,1.421,-0.0018640000000000002,False
2016-10-17,1.056,1.406,-0.014006000000000001,False
2016-10-18,1.074,1.424,0.017044999999999998,False
2016-10-19,1.067,1.417,-0.006518,False
2016-10-20,1.072,1.422,0.004686,False
2016-10-21,1.068,1.418,-0.003731,False
2016-10-24,1.075,1.425,0.006554,False
2016-10-25,1.075,1.425,0.0,False
2016-10-26,1.066,1.416,-0.008372000000000001,False
2016-10-27,1.067,1.417,0.0009379999999999999,False
2016-10-28,1.058,1.408,-0.008435,False
2016-10-31,1.058,1.408,0.0,False
2016-11-01,1.071,1.421,0.012287,False
2016-11-02,1.058,1.408,-0.012138,False
2016-11-03,1.068,1.418,0.009452,False
2016-11-04,1.059,1.409,-0.008427,False
2016-11-07,1.059,1.409,0.0,False
2016-11-08,1.064,1.414,0.004721,False
2016-11-09,1.057,1.407,-0.006579000000000001,False
2016-11-10,1.07,1.42,0.012299,False
2016-11-11,1.066,1.416,-0.003738,False
2016-11-14,1.066,1.416,0.0,False
2016-11-15,1.07,1.42,0.0037519999999999997,False
2016-11-16,1.07,1.42,0.0,False
2016-11-17,1.065,1.415,-0.004673,False
2016-11-18,1.064,1.414,-0.000939,False
2016-11-21,1.073,1.423,0.008459,False
2016-11-22,1.077,1.427,0.0037280000000000004,False
2016-11-23,1.07,1.42,-0.006500000000000001,False
2016-11-24,1.063,1.413,-0.006542,False
2016-11-25,1.066,1.416,0.002822,False
2016-11-28,1.067,1.417,0.0009379999999999999,False
2016-11-29,1.068,1.418,0.000937,False
2016-11-30,1.066,1.416,-0.0018729999999999999,False
2016-12-01,1.069,1.419,0.0028139999999999997,False
2016-12-02,1.049,1.399,-0.018709,False
2016-12-05,1.04,1.39,-0.008579999999999999,False
2016-12-06,1.042,1.392,0.001923,False
2016-12-07,1.047,1.397,0.004798,False
2016-12-08,1.045,1.395,-0.00191,False
2016-12-09,1.043,1.393,-0.001914,False
2016-12-12,0.999,1.349,-0.042186,False
2016-12-13,1.003,1.353,0.004004,False
2016-12-14,0.993,1.343,-0.00997,False
2016-12-15,0.992,1.342,-0.001007,False
2016-12-16,1.002,1.352,0.010081,False
2016-12-19,1.002,1.352,0.0,False
2016-12-20,1.0,1.35,-0.001996,False
2016-12-21,1.01,1.36,0.01,False
2016-12-22,1.017,1.367,0.0069310000000000005,False
2016-12-23,1.004,1.354,-0.012783,False
2016-12-26,1.019,1.369,0.01494,False
2016-12-27,1.029,1.379,0.009814,False
2016-12-28,1.028,1.378,-0.000972,False
2016-12-29,1.023,1.373,-0.004864,False
2016-12-30,1.024,1.374,0.000978,False
2016-12-31,1.024,1.374,0.0,False
2017-01-03,1.027,1.377,0.00293,False
2017-01-04,1.041,1.391,0.013632,False
2017-01-05,1.042,1.392,0.000961,False
2017-01-06,1.032,1.382,-0.009597,False
2017-01-09,1.035,1.385,0.0029070000000000003,False
2017-01-10,1.032,1.382,-0.002899,False
2017-01-11,1.02,1.37,-0.011628000000000001,False
2017-01-12,1.013,1.363,-0.006863,False
2017-01-13,1.0,1.35,-0.012833,False
2017-01-16,0.981,1.331,-0.019,False
2017-01-17,0.994,1.344,0.013252,False
2017-01-18,0.994,1.344,0.0,False
2017-01-19,0.99,1.34,-0.004024,False
2017-01-20,1.006,1.356,0.016162,False
2017-01-23,1.015,1.365,0.008945999999999999,False
2017-01-24,1.009,1.359,-0.005911,False
2017-01-25,1.014,1.364,0.004955,False
2017-01-26,1.022,1.372,0.007890000000000001,False
2017-02-03,1.018,1.368,-0.003914,False
2017-02-06,1.027,1.377,0.008841,False
2017-02-07,1.026,1.376,-0.000974,False
2017-02-08,1.032,1.382,0.005848,False
2017-02-09,1.037,1.387,0.0048449999999999995,False
2017-02-10,1.037,1.387,0.0,False
2017-02-13,1.046,1.396,0.008679,False
2017-02-14,1.05,1.4,0.003824,False
2017-02-15,1.041,1.391,-0.008571,False
2017-02-16,1.047,1.397,0.005764,False
2017-02-17,1.035,1.385,-0.011460999999999999,False
2017-02-20,1.046,1.396,0.010628,False
2017-02-21,1.052,1.402,0.005736,False
2017-02-22,1.057,1.407,0.004753,False
2017-02-23,1.06,1.41,0.002838,False
2017-02-24,1.063,1.413,0.0028299999999999996,False
2017-02-27,1.054,1.404,-0.008467,False
2017-02-28,1.053,1.403,-0.000949,False
2017-03-01,1.056,1.406,0.002849,False
2017-03-02,1.051,1.401,-0.004735,False
2017-03-03,1.056,1.406,0.004757,False
2017-03-06,1.071,1.421,0.014205,False
2017-03-07,1.074,1.424,0.002801,False
2017-03-08,1.07,1.42,-0.003724,False
2017-03-09,1.06,1.41,-0.009346,False
2017-03-10,1.063,1.413,0.0028299999999999996,False
2017-03-13,1.074,1.424,0.010348,False
2017-03-14,1.073,1.423,-0.000931,False
2017-03-15,1.073,1.423,0.0,False
2017-03-16,1.078,1.428,0.00466,False
2017-03-17,1.065,1.415,-0.012059,False
2017-03-20,1.073,1.423,0.007512,False
2017-03-21,1.085,1.435,0.011184000000000001,False
2017-03-22,1.092,1.442,0.006452,False
2017-03-23,1.094,1.444,0.001832,False
2017-03-24,1.104,1.454,0.009141,False
2017-03-27,1.096,1.446,-0.007246,False
2017-03-28,1.087,1.437,-0.008212,False
2017-03-29,1.081,1.431,-0.005520000000000001,False
2017-03-30,1.067,1.417,-0.012950999999999999,False
2017-03-31,1.08,1.43,0.012183999999999999,False
2017-04-05,1.108,1.458,0.025926,False
2017-04-06,1.111,1.461,0.002708,False
2017-04-07,1.116,1.466,0.0045000000000000005,False
2017-04-10,1.109,1.459,-0.006272,False
2017-04-11,1.115,1.465,0.005410000000000001,False
2017-04-12,1.1,1.45,-0.013453,False
2017-04-13,1.105,1.455,0.004545,False
2017-04-14,1.091,1.441,-0.012669999999999999,False
2017-04-17,1.092,1.442,0.0009170000000000001,False
2017-04-18,1.088,1.438,-0.003663,False
2017-04-19,1.074,1.424,-0.012868,False
2017-04-20,1.085,1.435,0.010242,False
2017-04-21,1.068,1.418,-0.015668,False
2017-04-24,1.041,1.391,-0.025280999999999998,False
2017-04-25,1.043,1.393,0.001921,False
2017-04-26,1.06,1.41,0.016298999999999998,False
2017-04-27,1.059,1.409,-0.0009429999999999999,False
2017-04-28,1.057,1.407,-0.001889,False
2017-05-02,1.065,1.415,0.007569,False
2017-05-03,1.063,1.413,-0.001878,False
2017-05-04,1.051,1.401,-0.011289,False
2017-05-05,1.032,1.382,-0.018078,False
2017-05-08,1.011,1.361,-0.020349,False
2017-05-09,1.012,1.362,0.000989,False
2017-05-10,0.992,1.342,-0.019763,False
2017-05-11,1.0,1.35,0.008065,False
2017-05-12,1.004,1.354,0.004,False
2017-05-15,1.0,1.35,-0.003984,False
2017-05-16,1.018,1.368,0.018000000000000002,False
2017-05-17,1.021,1.371,0.002947,False
2017-05-18,1.017,1.367,-0.003918,False
2017-05-19,1.011,1.361,-0.0059,False
2017-05-22,1.002,1.352,-0.008902,False
2017-05-23,0.99,1.34,-0.011976,False
2017-05-24,0.995,1.345,0.005051,False
2017-05-25,1.003,1.353,0.00804,False
2017-05-26,0.998,1.348,-0.004985,False
2017-05-31,0.993,1.343,-0.00501,False
2017-06-01,0.984,1.334,-0.009063,False
2017-06-02,0.992,1.342,0.00813,False
2017-06-05,0.996,1.346,0.004032,False
2017-06-06,1.002,1.352,0.006024000000000001,False
2017-06-07,1.022,1.372,0.01996,False
2017-06-08,1.022,1.372,0.0,False
2017-06-09,1.023,1.373,0.000978,False
2017-06-12,1.02,1.37,-0.002933,False
2017-06-13,1.027,1.377,0.006863,False
2017-06-14,1.019,1.369,-0.00779,False
2017-06-15,1.026,1.376,0.006868999999999999,False
2017-06-16,1.025,1.375,-0.0009750000000000001,False
2017-06-19,1.034,1.384,0.00878,False
2017-06-20,1.033,1.383,-0.000967,False
2017-06-21,1.047,1.397,0.013552999999999999,False
2017-06-22,1.038,1.388,-0.008596,False
2017-06-23,1.046,1.396,0.007707,False
2017-06-26,1.062,1.412,0.015296,False
2017-06-27,1.067,1.417,0.004708,False
2017-06-28,1.054,1.404,-0.012183999999999999,False
2017-06-29,1.058,1.408,0.003795,False
2017-06-30,1.058,1.408,0.0,False
2017-07-03,1.052,1.402,-0.005671000000000001,False
2017-07-04,1.042,1.392,-0.009506,False
2017-07-05,1.059,1.409,0.016315,False
2017-07-06,1.064,1.414,0.004721,False
2017-07-07,1.059,1.409,-0.004699,False
2017-07-10,1.052,1.402,-0.00661,False
2017-07-11,1.051,1.401,-0.000951,False
2017-07-12,1.046,1.396,-0.004757,False
2017-07-13,1.051,1.401,0.0047799999999999995,False
2017-07-14,1.053,1.403,0.001903,False
2017-07-17,1.037,1.387,-0.015195,False
2017-07-18,1.039,1.389,0.001929,False
2017-07-19,1.062,1.412,0.022136999999999997,False
2017-07-20,1.061,1.411,-0.000942,False
2017-07-21,1.061,1.411,0.0,False
2017-07-24,1.067,1.417,0.005655,False
2017-07-25,1.054,1.404,-0.012183999999999999,False
2017-07-26,1.047,1.397,-0.006641,False
2017-07-27,1.04,1.39,-0.006686,False
2017-07-28,1.047,1.397,0.006731,False
2017-07-31,1.056,1.406,0.008596,False
2017-08-01,1.054,1.404,-0.001894,False
2017-08-02,1.051,1.401,-0.002846,False
2017-08-03,1.036,1.386,-0.014272,False
2017-08-04,1.025,1.375,-0.010618,False
2017-08-07,1.038,1.388,0.012683,False
2017-08-08,1.038,1.388,0.0,False
2017-08-09,1.047,1.397,0.008671,False
2017-08-10,1.047,1.397,0.0,False
2017-08-11,1.032,1.382,-0.014327000000000001,False
2017-08-14,1.058,1.408,0.025194,False
2017-08-15,1.062,1.412,0.003781,False
2017-08-16,1.062,1.412,0.0,False
2017-08-17,1.057,1.407,-0.004708,False
2017-08-18,1.053,1.403,-0.003784,False
2017-08-21,1.064,1.414,0.010446,False
2017-08-22,1.06,1.41,-0.003759,False
2017-08-23,1.055,1.405,-0.004717,False
2017-08-24,1.044,1.394,-0.010426999999999999,False
2017-08-25,1.048,1.398,0.0038309999999999998,False
2017-08-28,1.064,1.414,0.015267,False
2017-08-29,1.065,1.415,0.00094,False
2017-08-30,1.08,1.43,0.014085,False
2017-08-31,1.081,1.431,0.0009260000000000001,False
2017-09-01,1.083,1.433,0.00185,False
2017-09-04,1.09,1.44,0.006464,False
2017-09-05,1.087,1.437,-0.002752,False
2017-09-06,1.085,1.435,-0.00184,False
2017-09-07,1.08,1.43,-0.004608,False
2017-09-08,1.082,1.432,0.0018520000000000001,False
2017-09-11,1.088,1.438,0.005545,False
2017-09-12,1.089,1.439,0.000919,False
2017-09-13,1.09,1.44,0.0009180000000000001,False
2017-09-14,1.088,1.438,-0.001835,False
2017-09-15,1.086,1.436,-0.001838,False
2017-09-18,1.103,1.453,0.015653999999999998,False
2017-09-19,1.086,1.436,-0.015413,False
2017-09-20,1.088,1.438,0.001842,False
2017-09-21,1.077,1.427,-0.01011,False
2017-09-22,1.08,1.43,0.0027860000000000003,False
2017-09-25,1.073,1.423,-0.006481,False
2017-09-26,1.078,1.428,0.00466,False
2017-09-27,1.092,1.442,0.012987,False
2017-09-28,1.101,1.451,0.008242000000000001,False
2017-09-29,1.106,1.456,0.004541,False
2017-10-09,1.119,1.469,0.011754,False
2017-10-10,1.12,1.47,0.0008939999999999999,False
2017-10-11,1.114,1.464,-0.005357,False
2017-10-12,1.12,1.47,0.005385999999999999,False
2017-10-13,1.134,1.484,0.0125,False
2017-10-16,1.129,1.479,-0.004409,False
2017-10-17,1.136,1.486,0.0062,False
2017-10-18,1.151,1.501,0.013204,False
2017-10-19,1.142,1.492,-0.007819,False
2017-10-20,1.14,1.49,-0.001751,False
2017-10-23,1.153,1.503,0.011404000000000001,False
2017-10-24,1.156,1.506,0.0026019999999999997,False
2017-10-25,1.171,1.521,0.012976000000000001,False
2017-10-26,1.176,1.526,0.0042699999999999995,False
2017-10-27,1.183,1.533,0.005952,False
2017-10-30,1.184,1.534,0.000845,False
2017-10-31,1.188,1.538,0.003378,False
2017-11-01,1.179,1.529,-0.007576,False
2017-11-02,1.168,1.518,-0.00933,False
2017-11-03,1.164,1.514,-0.003425,False
2017-11-06,1.195,1.545,0.026632,False
2017-11-07,1.199,1.549,0.003347,False
2017-11-08,1.194,1.544,-0.00417,False
2017-11-09,1.213,1.563,0.015913,False
2017-11-10,1.237,1.587,0.019785999999999998,False
2017-11-13,1.239,1.589,0.0016170000000000002,False
2017-11-14,1.219,1.569,-0.016142,False
2017-11-15,1.209,1.559,-0.008203,False
2017-11-16,1.228,1.578,0.015715,False
2017-11-17,1.211,1.561,-0.013844,False
2017-11-20,1.233,1.583,0.018167,False
2017-11-21,1.244,1.594,0.008921,False
2017-11-22,1.221,1.571,-0.018489,False
2017-11-23,1.163,1.513,-0.047502,False
2017-11-24,1.164,1.514,0.00086,False
2017-11-27,1.144,1.494,-0.017182,False
2017-11-28,1.159,1.509,0.013111999999999999,False
2017-11-29,1.142,1.492,-0.014668,False
2017-11-30,1.128,1.478,-0.012258999999999999,False
2017-12-01,1.137,1.487,0.007979,False
2017-12-04,1.152,1.502,0.013193,False
2017-12-05,1.143,1.493,-0.007813,False
2017-12-06,1.143,1.493,0.0,False
2017-12-07,1.131,1.481,-0.010499000000000001,False
2017-12-08,1.149,1.499,0.015915,False
2017-12-11,1.176,1.526,0.023499,False
2017-12-12,1.162,1.512,-0.011904999999999999,False
2017-12-13,1.168,1.518,0.005163999999999999,False
2017-12-14,1.165,1.515,-0.0025679999999999995,False
2017-12-15,1.153,1.503,-0.0103,False
2017-12-18,1.159,1.509,0.005203999999999999,False
2017-12-19,1.174,1.524,0.012942,False
2017-12-20,1.174,1.524,0.0,False
2017-12-21,1.184,1.534,0.008518,False
2017-12-22,1.181,1.531,-0.0025340000000000002,False
2017-12-25,1.179,1.529,-0.001693,False
2017-12-26,1.181,1.531,0.001696,False
2017-12-27,1.165,1.515,-0.013548,False
2017-12-28,1.175,1.525,0.008584000000000001,False
2017-12-29,1.177,1.527,0.001702,False
2017-12-31,1.177,1.527,0.0,False
2018-01-02,1.197,1.547,0.016992,False
2018-01-03,1.2,1.55,0.002506,False
2018-01-04,1.205,1.555,0.0041670000000000006,False
2018-01-05,1.208,1.558,0.00249,False
2018-01-08,1.218,1.568,0.008278,False
2018-01-09,1.227,1.577,0.007389,False
2018-01-10,1.229,1.579,0.0016300000000000002,False
2018-01-11,1.227,1.577,-0.0016270000000000002,False
2018-01-12,1.236,1.586,0.007335,False
2018-01-15,1.234,1.584,-0.001618,False
2018-01-16,1.244,1.594,0.008104,False
2018-01-17,1.237,1.587,-0.005627,False
2018-01-18,1.245,1.595,0.0064670000000000005,False
2018-01-19,1.245,1.595,0.0,False
2018-01-22,1.261,1.611,0.012851,False
2018-01-23,1.274,1.624,0.010308999999999999,False
2018-01-24,1.267,1.617,-0.005495,False
2018-01-25,1.266,1.616,-0.000789,False
2018-01-26,1.275,1.625,0.007109,False
2018-01-29,1.26,1.61,-0.011765000000000001,False
2018-01-30,1.253,1.603,-0.005556,False
2018-01-31,1.258,1.608,0.0039900000000000005,False
2018-02-01,1.25,1.6,-0.006359,False
2018-02-02,1.259,1.609,0.0072,False
2018-02-05,1.263,1.613,0.0031769999999999997,False
2018-02-06,1.228,1.578,-0.027712,False
2018-02-07,1.204,1.554,-0.019544,False
2018-02-08,1.192,1.542,-0.009967,False
2018-02-09,1.144,1.494,-0.040268,False
2018-02-12,1.16,1.51,0.013986,False
2018-02-13,1.176,1.526,0.013793,False
2018-02-14,1.184,1.534,0.006803,False
2018-02-22,1.211,1.561,0.022804,False
2018-02-23,1.214,1.564,0.002477,False
2018-02-26,1.228,1.578,0.011532,False
2018-02-27,1.21,1.56,-0.014658,False
2018-02-28,1.202,1.552,-0.006612,False
2018-03-01,1.21,1.56,0.006656,False
2018-03-02,1.198,1.548,-0.009917,False
2018-03-05,1.195,1.545,-0.002504,False
2018-03-06,1.208,1.558,0.010879000000000002,False
2018-03-07,1.199,1.549,-0.00745,False
2018-03-08,1.21,1.56,0.009174,False
2018-03-09,1.216,1.566,0.004959,False
2018-03-12,1.22,1.57,0.0032890000000000003,False
2018-03-13,1.214,1.564,-0.0049180000000000005,False
2018-03-14,1.21,1.56,-0.003295,False
2018-03-15,1.215,1.565,0.004132,False
2018-03-16,1.207,1.557,-0.006584,False
2018-03-19,1.208,1.558,0.000829,False
2018-03-20,1.211,1.561,0.002483,False
2018-03-21,1.204,1.554,-0.0057799999999999995,False
2018-03-22,1.193,1.543,-0.009136,False
2018-03-23,1.159,1.509,-0.0285,False
2018-03-26,1.151,1.501,-0.006903,False
2018-03-27,1.162,1.512,0.009557,False
2018-03-28,1.14,1.49,-0.018933,False
2018-03-29,1.157,1.507,0.014912000000000002,False
2018-03-30,1.155,1.505,-0.001729,False
2018-04-02,1.15,1.5,-0.004329,False
2018-04-03,1.143,1.493,-0.006087,False
2018-04-04,1.142,1.492,-0.0008749999999999999,False
2018-04-09,1.14,1.49,-0.001751,False
2018-04-10,1.164,1.514,0.021053000000000002,False
2018-04-11,1.168,1.518,0.0034360000000000003,False
2018-04-12,1.156,1.506,-0.010274,False
2018-04-13,1.15,1.5,-0.00519,False
2018-04-16,1.13,1.48,-0.017391,False
2018-04-17,1.112,1.462,-0.015929,False
2018-04-18,1.12,1.47,0.007194000000000001,False
2018-04-19,1.134,1.484,0.0125,False
2018-04-20,1.116,1.466,-0.015872999999999998,False
2018-04-23,1.116,1.466,0.0,False
2018-04-24,1.129,1.479,0.011649,False
2018-04-25,1.128,1.478,-0.000886,False
2018-04-26,1.113,1.463,-0.013298,False
2018-04-27,1.112,1.462,-0.000898,False
2018-05-02,1.117,1.467,0.004496,False
2018-05-03,1.124,1.474,0.006267,False
2018-05-04,1.122,1.472,-0.001779,False
2018-05-07,1.14,1.49,0.016043,False
2018-05-08,1.151,1.501,0.009649,False
2018-05-09,1.151,1.501,0.0,False
2018-05-10,1.156,1.506,0.004344,False
2018-05-11,1.148,1.498,-0.006919999999999999,False
2018-05-14,1.154,1.504,0.005226,False
2018-05-15,1.16,1.51,0.0051990000000000005,False
2018-05-16,1.151,1.501,-0.007759,False
2018-05-17,1.146,1.496,-0.004344,False
2018-05-18,1.157,1.507,0.009599,False
2018-05-21,1.164,1.514,0.00605,False
2018-05-22,1.162,1.512,-0.0017180000000000001,False
2018-05-23,1.143,1.493,-0.016351,False
2018-05-24,1.138,1.488,-0.004374,False
2018-05-25,1.135,1.485,-0.002636,False
2018-05-28,1.136,1.486,0.000881,False
2018-05-29,1.129,1.479,-0.006162,False
2018-05-30,1.106,1.456,-0.020371999999999998,False
2018-05-31,1.129,1.479,0.020796000000000002,False
2018-06-01,1.122,1.472,-0.0062,False
2018-06-04,1.133,1.483,0.009804,False
2018-06-05,1.144,1.494,0.009709,False
2018-06-06,1.141,1.491,-0.0026219999999999998,False
2018-06-07,1.139,1.489,-0.0017530000000000002,False
2018-06-08,1.125,1.475,-0.012291000000000002,False
2018-06-11,1.125,1.475,0.0,False
2018-06-12,1.141,1.491,0.014221999999999999,False
2018-06-13,1.131,1.481,-0.008764,False
2018-06-14,1.127,1.477,-0.003537,False
2018-06-15,1.121,1.471,-0.005324,False
2018-06-19,1.082,1.432,-0.03479,False
2018-06-20,1.092,1.442,0.009242,False
2018-06-21,1.084,1.434,-0.007326,False
2018-06-22,1.091,1.441,0.006458,False
2018-06-25,1.082,1.432,-0.008249,False
2018-06-26,1.074,1.424,-0.0073939999999999995,False
2018-06-27,1.054,1.404,-0.018622,False
2018-06-28,1.042,1.392,-0.011385000000000001,False
2018-06-29,1.068,1.418,0.024952000000000002,False
2018-06-30,1.068,1.418,0.0,False
2018-07-02,1.042,1.392,-0.024345,False
2018-07-03,1.042,1.392,0.0,False
2018-07-04,1.031,1.381,-0.010557,False
2018-07-05,1.02,1.37,-0.010669,False
2018-07-06,1.026,1.376,0.005881999999999999,False
2018-07-09,1.057,1.407,0.030213999999999998,False
2018-07-10,1.062,1.412,0.00473,False
2018-07-11,1.048,1.398,-0.013183,False
2018-07-12,1.071,1.421,0.021947,False
2018-07-13,1.078,1.428,0.006535999999999999,False
2018-07-16,1.071,1.421,-0.006494,False
2018-07-17,1.064,1.414,-0.006535999999999999,False
2018-07-18,1.058,1.408,-0.005639,False
2018-07-19,1.054,1.404,-0.003781,False
2018-07-20,1.073,1.423,0.018027,False
2018-07-23,1.079,1.429,0.005592000000000001,False
2018-07-24,1.097,1.447,0.016682,False
2018-07-25,1.097,1.447,0.0,False
2018-07-26,1.086,1.436,-0.010027,False
2018-07-27,1.085,1.435,-0.000921,False
2018-07-30,1.084,1.434,-0.0009220000000000001,False
2018-07-31,1.084,1.434,0.0,False
2018-08-01,1.062,1.412,-0.020295,False
2018-08-02,1.042,1.392,-0.018832,False
2018-08-03,1.029,1.379,-0.012476000000000001,False
2018-08-06,1.015,1.365,-0.013605,False
2018-08-07,1.045,1.395,0.029557000000000003,False
2018-08-08,1.03,1.38,-0.014354,False
2018-08-09,1.054,1.404,0.023301,False
2018-08-10,1.055,1.405,0.000949,False
2018-08-13,1.05,1.4,-0.004739,False
2018-08-14,1.046,1.396,-0.00381,False
2018-08-15,1.022,1.372,-0.022945000000000004,False
2018-08-16,1.016,1.366,-0.0058709999999999995,False
2018-08-17,1.004,1.354,-0.011811,False
2018-08-20,1.015,1.365,0.010955999999999999,False
2018-08-21,1.033,1.383,0.017734,False
2018-08-22,1.027,1.377,-0.005808,False
2018-08-23,1.03,1.38,0.0029210000000000004,False
2018-08-24,1.03,1.38,0.0,False
2018-08-27,1.052,1.402,0.021359,False
2018-08-28,1.049,1.399,-0.002852,False
2018-08-29,1.045,1.395,-0.0038129999999999995,False
2018-08-30,1.034,1.384,-0.010526,False
2018-08-31,1.029,1.379,-0.004836,False
2018-09-03,1.021,1.371,-0.007775,False
2018-09-04,1.032,1.382,0.010773999999999999,False
2018-09-05,1.014,1.364,-0.017442,False
2018-09-06,1.005,1.355,-0.008876,False
2018-09-07,1.011,1.361,0.00597,False
2018-09-10,0.999,1.349,-0.011869000000000001,False
2018-09-11,0.994,1.344,-0.005004999999999999,False
2018-09-12,0.988,1.338,-0.0060360000000000006,False
2018-09-13,0.997,1.347,0.009109,False
2018-09-14,0.997,1.347,0.0,False
2018-09-17,0.987,1.337,-0.010029999999999999,False
2018-09-18,1.006,1.356,0.01925,False
2018-09-19,1.018,1.368,0.011928000000000001,False
2018-09-20,1.019,1.369,0.000982,False
2018-09-21,1.048,1.398,0.028458999999999998,False
2018-09-25,1.037,1.387,-0.010496,False
2018-09-26,1.049,1.399,0.011572,False
2018-09-27,1.046,1.396,-0.0028599999999999997,False
2018-09-28,1.056,1.406,0.009559999999999999,False
2018-10-08,1.016,1.366,-0.037879,False
2018-10-09,1.013,1.363,-0.002953,False
2018-10-10,1.013,1.363,0.0,False
2018-10-11,0.968,1.318,-0.044423000000000004,False
2018-10-12,0.985,1.335,0.017562,False
2018-10-15,0.969,1.319,-0.016244,False
2018-10-16,0.963,1.313,-0.006192,False
2018-10-17,0.966,1.316,0.003115,False
2018-10-18,0.941,1.291,-0.02588,False
2018-10-19,0.97,1.32,0.030817999999999998,False
2018-10-22,1.008,1.358,0.039175,False
2018-10-23,0.984,1.334,-0.023809999999999998,False
2018-10-24,0.984,1.334,0.0,False
2018-10-25,0.985,1.335,0.001016,False
2018-10-26,0.978,1.328,-0.007107,False
2018-10-29,0.951,1.301,-0.027607,False
2018-10-30,0.96,1.31,0.009464,False
2018-10-31,0.973,1.323,0.013542,False
2018-11-01,0.978,1.328,0.005139,False
2018-11-02,1.006,1.356,0.02863,False
2018-11-05,0.997,1.347,-0.008945999999999999,False
2018-11-06,0.993,1.343,-0.004012,False
2018-11-07,0.988,1.338,-0.0050349999999999995,False
2018-11-08,0.984,1.334,-0.004049,False
2018-11-09,0.972,1.322,-0.012195000000000001,False
2018-11-12,0.981,1.331,0.009259,False
2018-11-13,0.99,1.34,0.009174,False
2018-11-14,0.981,1.331,-0.009091,False
2018-11-15,0.99,1.34,0.009174,False
2018-11-16,0.991,1.341,0.00101,False
2018-11-19,1.0,1.35,0.009082,False
2018-11-20,0.979,1.329,-0.021,False
2018-11-21,0.98,1.33,0.001021,False
2018-11-22,0.975,1.325,-0.005102,False
2018-11-23,0.956,1.306,-0.019487,False
2018-11-26,0.956,1.306,0.0,False
2018-11-27,0.954,1.304,-0.002092,False
2018-11-28,0.965,1.315,0.01153,False
2018-11-29,0.953,1.303,-0.012435,False
2018-11-30,0.962,1.312,0.009444000000000001,False
2018-12-03,0.984,1.334,0.022869,False
2018-12-04,0.987,1.337,0.003049,False
2018-12-05,0.981,1.331,-0.006079,False
2018-12-06,0.964,1.314,-0.017329,False
2018-12-07,0.964,1.314,0.0,False
2018-12-10,0.953,1.303,-0.011411,False
2018-12-11,0.959,1.309,0.006296,False
2018-12-12,0.963,1.313,0.004171,False
2018-12-13,0.977,1.327,0.014538,False
2018-12-14,0.963,1.313,-0.01433,False
2018-12-17,0.962,1.312,-0.001038,False
2018-12-18,0.954,1.304,-0.008316,False
2018-12-19,0.943,1.293,-0.01153,False
2018-12-20,0.937,1.287,-0.006363,False
2018-12-21,0.928,1.278,-0.009605,False
2018-12-24,0.932,1.282,0.00431,False
2018-12-25,0.925,1.275,-0.007511,False
2018-12-26,0.923,1.273,-0.002162,False
2018-12-27,0.919,1.269,-0.004334,False
2018-12-28,0.922,1.272,0.0032640000000000004,False
2018-12-31,0.921,1.271,0.0,False
2019-01-02,0.906,1.256,-0.017354,False
2019-01-03,0.905,1.255,-0.001104,False
2019-01-04,0.922,1.272,0.018785,False
2019-01-07,0.926,1.276,0.004338,False
2019-01-08,0.923,1.273,-0.0032400000000000003,False
2019-01-09,0.932,1.282,0.009751,False
2019-01-10,0.929,1.279,-0.003219,False
2019-01-11,0.934,1.284,0.0053820000000000005,False
2019-01-14,0.929,1.279,-0.005353,False
2019-01-15,0.944,1.294,0.016146,False
2019-01-16,0.946,1.296,0.0021190000000000002,False
2019-01-17,0.943,1.293,-0.0031709999999999998,False
2019-01-18,0.955,1.305,0.012725,False
2019-01-21,0.961,1.311,0.0062829999999999995,False
2019-01-22,0.95,1.3,-0.011446000000000001,False
2019-01-23,0.951,1.301,0.0010530000000000001,False
2019-01-24,0.955,1.305,0.004206,False
2019-01-25,0.962,1.312,0.00733,False
2019-01-28,0.962,1.312,0.0,False
2019-01-29,0.964,1.314,0.002079,False
2019-01-30,0.959,1.309,-0.005187000000000001,False
2019-01-31,0.963,1.313,0.004171,False
2019-02-01,0.977,1.327,0.014538,False
2019-02-11,0.992,1.342,0.015353,False
2019-02-12,0.998,1.348,0.006048,False
2019-02-13,1.01,1.36,0.012024,False
2019-02-14,1.01,1.36,0.0,False
2019-02-15,0.993,1.343,-0.016832,False
2019-02-18,1.023,1.373,0.030211000000000002,False
2019-02-19,1.019,1.369,-0.00391,False
2019-02-20,1.021,1.371,0.001963,False
2019-02-21,1.017,1.367,-0.003918,False
2019-02-22,1.037,1.387,0.019666,False
2019-02-25,1.092,1.442,0.053038,False
2019-02-26,1.079,1.429,-0.011904999999999999,False
2019-02-27,1.075,1.425,-0.003707,False
2019-02-28,1.074,1.424,-0.0009299999999999999,False
2019-03-01,1.096,1.446,0.020484,False
2019-03-04,1.113,1.463,0.015510999999999999,False
2019-03-05,1.118,1.468,0.0044919999999999995,False
2019-03-06,1.129,1.479,0.009839,False
2019-03-07,1.117,1.467,-0.010629,False
2019-03-08,1.075,1.425,-0.037601,False
2019-03-11,1.095,1.445,0.018605,False
2019-03-12,1.104,1.454,0.008218999999999999,False
2019-03-13,1.1,1.45,-0.003623,False
2019-03-14,1.092,1.442,-0.007272999999999999,False
2019-03-15,1.108,1.458,0.014652,False
2019-03-18,1.14,1.49,0.028881,False
2019-03-19,1.135,1.485,-0.004386,False
2019-03-20,1.138,1.488,0.002643,False
2019-03-21,1.139,1.489,0.000879,False
2019-03-22,1.137,1.487,-0.001756,False
2019-03-25,1.111,1.461,-0.022867000000000002,False
2019-03-26,1.098,1.448,-0.011701,False
2019-03-27,1.114,1.464,0.014572,False
2019-03-28,1.107,1.457,-0.006284,False
2019-03-29,1.147,1.497,0.036134,False
2019-04-01,1.171,1.521,0.020924,False
2019-04-02,1.169,1.519,-0.001708,False
2019-04-03,1.188,1.538,0.016253,False
2019-04-04,1.201,1.551,0.010943000000000001,False
2019-04-08,1.21,1.56,0.007494,False
2019-04-09,1.213,1.563,0.0024790000000000003,False
2019-04-10,1.219,1.569,0.004946,False
2019-04-11,1.194,1.544,-0.020509,False
2019-04-12,1.194,1.544,0.0,False
2019-04-15,1.188,1.538,-0.005024999999999999,False
2019-04-16,1.218,1.568,0.025253,False
2019-04-17,1.217,1.567,-0.0008210000000000001,False
2019-04-18,1.213,1.563,-0.003287,False
2019-04-19,1.226,1.576,0.010717,False
2019-04-22,1.198,1.548,-0.022837999999999997,False
2019-04-23,1.197,1.547,-0.000835,False
2019-04-24,1.198,1.548,0.000835,False
2019-04-25,1.171,1.521,-0.022538,False
2019-04-26,1.158,1.508,-0.011102,False
2019-04-29,1.166,1.516,0.006908,False
2019-04-30,1.171,1.521,0.004288,False
2019-05-06,1.107,1.457,-0.054654,False
2019-05-07,1.118,1.468,0.009937,False
2019-05-08,1.101,1.451,-0.015205999999999999,False
2019-05-09,1.084,1.434,-0.015441,False
2019-05-10,1.122,1.472,0.035055,False
2019-05-13,1.107,1.457,-0.013368999999999999,False
2019-05-14,1.099,1.449,-0.007227,False
2019-05-15,1.124,1.474,0.022748,False
2019-05-16,1.132,1.482,0.007117,False
2019-05-17,1.102,1.452,-0.026501999999999998,False
2019-05-20,1.088,1.438,-0.012704,False
2019-05-21,1.102,1.452,0.012868,False
2019-05-22,1.097,1.447,-0.004537,False
2019-05-23,1.08,1.43,-0.015497,False
2019-05-24,1.084,1.434,0.0037040000000000003,False
2019-05-27,1.097,1.447,0.011993,False
2019-05-28,1.104,1.454,0.006381,False
2019-05-29,1.101,1.451,-0.002717,False
2019-05-30,1.095,1.445,-0.00545,False
2019-05-31,1.093,1.443,-0.0018260000000000001,False
2019-06-03,1.088,1.438,-0.004575,False
2019-06-04,1.08,1.43,-0.007352999999999999,False
2019-06-05,1.079,1.429,-0.0009260000000000001,False
2019-06-06,1.072,1.422,-0.006487000000000001,False
2019-06-10,1.084,1.434,0.011193999999999999,False
2019-06-11,1.117,1.467,0.030442999999999998,False
2019-06-12,1.108,1.458,-0.008057,False
2019-06-13,1.106,1.456,-0.001805,False
2019-06-14,1.097,1.447,-0.008137,False
2019-06-17,1.098,1.448,0.000912,False
2019-06-18,1.1,1.45,0.0018210000000000001,False
2019-06-19,1.114,1.464,0.012726999999999999,False
2019-06-20,1.146,1.496,0.028725,False
2019-06-21,1.149,1.499,0.0026179999999999997,False
2019-06-24,1.152,1.502,0.002611,False
2019-06-25,1.143,1.493,-0.007813,False
2019-06-26,1.144,1.494,0.0008749999999999999,False
2019-06-27,1.156,1.506,0.01049,False
2019-06-28,1.155,1.505,-0.0008649999999999999,False
2019-06-30,1.155,1.505,0.0,False
2019-07-01,1.184,1.534,0.025108000000000002,False
2019-07-02,1.184,1.534,0.0,False
2019-07-03,1.175,1.525,-0.007601,False
2019-07-04,1.171,1.521,-0.003404,False
2019-07-05,1.179,1.529,0.006832,False
2019-07-08,1.154,1.504,-0.021204,False
2019-07-09,1.153,1.503,-0.000867,False
2019-07-10,1.149,1.499,-0.003469,False
2019-07-11,1.149,1.499,0.0,False
2019-07-12,1.161,1.511,0.010444,False
2019-07-15,1.165,1.515,0.0034449999999999997,False
2019-07-16,1.162,1.512,-0.002575,False
2019-07-17,1.161,1.511,-0.000861,False
2019-07-18,1.151,1.501,-0.008612999999999999,False
2019-07-19,1.163,1.513,0.010426,False
2019-07-22,1.155,1.505,-0.006879,False
2019-07-23,1.157,1.507,0.001732,False
2019-07-24,1.163,1.513,0.005186,False
2019-07-25,1.171,1.521,0.006879,False
2019-07-26,1.174,1.524,0.002562,False
2019-07-29,1.172,1.522,-0.001704,False
2019-07-30,1.175,1.525,0.00256,False
2019-07-31,1.165,1.515,-0.008511,False
2019-08-01,1.158,1.508,-0.006009,False
2019-08-02,1.143,1.493,-0.012953,False
2019-08-05,1.124,1.474,-0.016623000000000002,False
2019-08-06,1.114,1.464,-0.008897,False
2019-08-07,1.11,1.46,-0.0035909999999999996,False
2019-08-08,1.121,1.471,0.00991,False
2019-08-09,1.113,1.463,-0.007136,False
2019-08-12,1.13,1.48,0.015274000000000001,False
2019-08-13,1.121,1.471,-0.007965,False
2019-08-14,1.126,1.476,0.00446,False
2019-08-15,1.128,1.478,0.001776,False
2019-08-16,1.131,1.481,0.00266,False
2019-08-19,1.155,1.505,0.02122,False
2019-08-20,1.154,1.504,-0.000866,False
2019-08-21,1.154,1.504,0.0,False
2019-08-22,1.155,1.505,0.000867,False
2019-08-23,1.163,1.513,0.006926,False
2019-08-26,1.151,1.501,-0.010318,False
2019-08-27,1.163,1.513,0.010426,False
2019-08-28,1.162,1.512,-0.00086,False
2019-08-29,1.162,1.512,0.0,False
2019-08-30,1.164,1.514,0.001721,False
2019-09-02,1.18,1.53,0.013746000000000001,False
2019-09-03,1.182,1.532,0.0016950000000000001,False
2019-09-04,1.193,1.543,0.009306,False
2019-09-05,1.202,1.552,0.0075439999999999995,False
2019-09-06,1.21,1.56,0.006656,False
2019-09-09,1.217,1.567,0.005785,False
2019-09-10,1.214,1.564,-0.002465,False
2019-09-11,1.211,1.561,-0.0024709999999999997,False
2019-09-12,1.223,1.573,0.009909,False
2019-09-16,1.218,1.568,-0.004088,False
2019-09-17,1.201,1.551,-0.013956999999999999,False
2019-09-18,1.208,1.558,0.005828,False
2019-09-19,1.21,1.56,0.001656,False
2019-09-20,1.212,1.562,0.001653,False
2019-09-23,1.199,1.549,-0.010726,False
2019-09-24,1.205,1.555,0.005004,False
2019-09-25,1.201,1.551,-0.00332,False
2019-09-26,1.192,1.542,-0.007494,False
2019-09-27,1.195,1.545,0.0025169999999999997,False
2019-09-30,1.183,1.533,-0.010042,False
2019-10-08,1.191,1.541,0.006762000000000001,False
2019-10-09,1.197,1.547,0.005038,False
2019-10-10,1.206,1.556,0.0075190000000000005,False
2019-10-11,1.219,1.569,0.010779,False
2019-10-14,1.234,1.584,0.012305,False
2019-10-15,1.232,1.582,-0.001621,False
2019-10-16,1.226,1.576,-0.00487,False
2019-10-17,1.226,1.576,0.0,False
2019-10-18,1.208,1.558,-0.014681999999999999,False
2019-10-21,1.211,1.561,0.002483,False
2019-10-22,1.215,1.565,0.003303,False
2019-10-23,1.208,1.558,-0.005761,False
2019-10-24,1.208,1.558,0.0,False
2019-10-25,1.213,1.563,0.004139,False
2019-10-28,1.221,1.571,0.006595,False
2019-10-29,1.216,1.566,-0.004095,False
2019-10-30,1.214,1.564,-0.001645,False
2019-10-31,1.208,1.558,-0.004941999999999999,False
2019-11-01,1.224,1.574,0.013245,False
2019-11-04,1.23,1.58,0.004902,False
2019-11-05,1.242,1.592,0.009756,False
2019-11-06,1.236,1.586,-0.004830999999999999,False
2019-11-07,1.238,1.588,0.001618,False
2019-11-08,1.233,1.583,-0.004039,False
2019-11-11,1.213,1.563,-0.016221,False
2019-11-12,1.211,1.561,-0.0016489999999999999,False
2019-11-13,1.212,1.562,0.000826,False
2019-11-14,1.216,1.566,0.0033,False
2019-11-15,1.208,1.558,-0.006579000000000001,False
2019-11-18,1.232,1.582,0.019868,False
2019-11-19,1.244,1.594,0.00974,False
2019-11-20,1.234,1.584,-0.008039,False
2019-11-21,1.228,1.578,-0.004862,False
2019-11-22,1.214,1.564,-0.011401,False
2019-11-25,1.222,1.572,0.00659,False
2019-11-26,1.227,1.577,0.004092,False
2019-11-27,1.225,1.575,-0.0016300000000000002,False
2019-11-28,1.222,1.572,-0.0024490000000000002,False
2019-11-29,1.211,1.561,-0.009002,False
2019-12-02,1.215,1.565,0.003303,False
2019-12-03,1.22,1.57,0.004115,False
2019-12-04,1.221,1.571,0.00082,False
2019-12-05,1.228,1.578,0.005733,False
2019-12-06,1.234,1.584,0.004886,False
2019-12-09,1.235,1.585,0.0008100000000000001,False
2019-12-10,1.235,1.585,0.0,False
2019-12-11,1.241,1.591,0.004858,False
2019-12-12,1.237,1.587,-0.0032229999999999997,False
2019-12-13,1.256,1.606,0.01536,False
2019-12-16,1.26,1.61,0.003185,False
2019-12-17,1.274,1.624,0.011111,False
2019-12-18,1.27,1.62,-0.00314,False
2019-12-19,1.267,1.617,-0.002362,False
2019-12-20,1.262,1.612,-0.003946,False
2019-12-23,1.249,1.599,-0.010301,False
2019-12-24,1.256,1.606,0.0056040000000000005,False
2019-12-25,1.258,1.608,0.001592,False
2019-12-26,1.267,1.617,0.007154000000000001,False
2019-12-27,1.265,1.615,-0.001579,False
2019-12-30,1.281,1.631,0.012648,False
2019-12-31,1.288,1.638,0.005464,False
2020-01-02,1.306,1.656,0.013975,False
2020-01-03,1.301,1.651,-0.003828,False
2020-01-06,1.297,1.647,-0.003075,False
2020-01-07,1.308,1.658,0.008480999999999999,False
2020-01-08,1.291,1.641,-0.012997000000000002,False
2020-01-09,1.306,1.656,0.011618999999999999,False
2020-01-10,1.31,1.66,0.003063,False
2020-01-13,1.324,1.674,0.010687,False
2020-01-14,1.32,1.67,-0.003021,False
2020-01-15,1.317,1.667,-0.002273,False
2020-01-16,1.313,1.663,-0.003037,False
2020-01-17,1.318,1.668,0.003808,False
2020-01-20,1.33,1.68,0.009105,False
2020-01-21,1.309,1.659,-0.015789,False
2020-01-22,1.319,1.669,0.007639,False
2020-01-23,1.282,1.632,-0.028052,False
2020-02-03,1.185,1.535,-0.075663,False
2020-02-04,1.212,1.562,0.022785000000000003,False
2020-02-05,1.224,1.574,0.009901,False
2020-02-06,1.244,1.594,0.01634,False
2020-02-07,1.244,1.594,0.0,False
2020-02-10,1.251,1.601,0.005627,False
2020-02-11,1.266,1.616,0.01199,False
2020-02-12,1.274,1.624,0.006319,False
2020-02-13,1.268,1.618,-0.00471,False
2020-02-14,1.274,1.624,0.004732,False
2020-02-17,1.302,1.652,0.021978,False
2020-02-18,1.296,1.646,-0.004608,False
2020-02-19,1.296,1.646,0.0,False
2020-02-20,1.323,1.673,0.020833,False
2020-02-21,1.327,1.677,0.003023,False
2020-02-24,1.323,1.673,-0.003014,False
2020-02-25,1.317,1.667,-0.004535,False
2020-02-26,1.302,1.652,-0.01139,False
2020-02-27,1.31,1.66,0.006143999999999999,False
2020-02-28,1.272,1.622,-0.029008,False
2020-03-02,1.311,1.661,0.03066,False
2020-03-03,1.317,1.667,0.004577,False
2020-03-04,1.324,1.674,0.005314999999999999,False
2020-03-05,1.35,1.7,0.019637,False
2020-03-06,1.328,1.678,-0.016295999999999998,False
2020-03-09,1.281,1.631,-0.035392,False
2020-03-10,1.308,1.658,0.021077,False
2020-03-11,1.291,1.641,-0.012997000000000002,False
2020-03-12,1.269,1.619,-0.017041,False
2020-03-13,1.254,1.604,-0.011819999999999999,False
2020-03-16,1.203,1.553,-0.040670000000000005,False
2020-03-17,1.2,1.55,-0.002494,False
2020-03-18,1.182,1.532,-0.015,False
2020-03-19,1.169,1.519,-0.010998,False
2020-03-20,1.188,1.538,0.016253,False
2020-03-23,1.152,1.502,-0.030303,False
2020-03-24,1.179,1.529,0.023438,False
2020-03-25,1.209,1.559,0.025445000000000002,False
2020-03-26,1.203,1.553,-0.004963,False
2020-03-27,1.209,1.559,0.004988,False
2020-03-30,1.201,1.551,-0.006617,False
2020-03-31,1.202,1.552,0.000833,False
2020-04-01,1.2,1.55,-0.001664,False
2020-04-02,1.219,1.569,0.015833,False
2020-04-03,1.214,1.564,-0.004102,False
2020-04-07,1.241,1.591,0.022241,False
2020-04-08,1.238,1.588,-0.002417,False
2020-04-09,1.242,1.592,0.003231,False
2020-04-10,1.236,1.586,-0.004830999999999999,False
2020-04-13,1.231,1.581,-0.004045,False
2020-04-14,1.251,1.601,0.016247,False
2020-04-15,1.244,1.594,-0.005596,False
2020-04-16,1.247,1.597,0.002412,False
2020-04-17,1.258,1.608,0.008821,False
2020-04-20,1.263,1.613,0.003975,False
2020-04-21,1.248,1.598,-0.011876,False
2020-04-22,1.255,1.605,0.005608999999999999,False
2020-04-23,1.252,1.602,-0.0023899999999999998,False
2020-04-24,1.243,1.593,-0.007188,False
2020-04-27,1.249,1.599,0.0048270000000000006,False
2020-04-28,1.263,1.613,0.011209,False
2020-04-29,1.268,1.618,0.003959,False
2020-04-30,1.278,1.628,0.007885999999999999,False
2020-05-06,1.286,1.636,0.00626,False
2020-05-07,1.285,1.635,-0.0007779999999999999,False
2020-05-08,1.297,1.647,0.009339,False
2020-05-11,1.292,1.642,-0.003855,False
2020-05-12,1.294,1.644,0.001548,False
2020-05-13,1.3,1.65,0.004637,False
2020-05-14,1.286,1.636,-0.010768999999999999,False
2020-05-15,1.283,1.633,-0.002333,False
2020-05-18,1.291,1.641,0.006235000000000001,False
2020-05-19,1.3,1.65,0.006971000000000001,False
2020-05-20,1.291,1.641,-0.006923,False
2020-05-21,1.285,1.635,-0.004648,False
2020-05-22,1.257,1.607,-0.021789999999999997,False
2020-05-25,1.263,1.613,0.004773,False
2020-05-26,1.275,1.625,0.009500999999999999,False
2020-05-27,1.266,1.616,-0.007058999999999999,False
2020-05-28,1.27,1.62,0.00316,False
2020-05-29,1.274,1.624,0.00315,False
2020-06-01,1.303,1.653,0.022763,False
2020-06-02,1.305,1.655,0.001535,False
2020-06-03,1.305,1.655,0.0,False
2020-06-04,1.305,1.655,0.0,False
2020-06-05,1.311,1.661,0.004598,False
2020-06-08,1.312,1.662,0.0007630000000000001,False
2020-06-09,1.323,1.673,0.008384,False
2020-06-10,1.322,1.672,-0.000756,False
2020-06-11,1.312,1.662,-0.0075639999999999995,False
2020-06-12,1.316,1.666,0.003049,False
2020-06-15,1.305,1.655,-0.008359,False
2020-06-16,1.325,1.675,0.015326,False
2020-06-17,1.328,1.678,0.002264,False
2020-06-18,1.334,1.684,0.0045179999999999994,False
2020-06-19,1.357,1.707,0.017241,False
2020-06-22,1.357,1.707,0.0,False
2020-06-23,1.366,1.716,0.006632,False
2020-06-24,1.374,1.724,0.005857,False
2020-06-29,1.367,1.717,-0.005095,False
2020-06-30,1.392,1.742,0.018288,False
2020-07-01,1.416,1.766,0.017241,False
2020-07-02,1.442,1.792,0.018362,False
2020-07-03,1.464,1.814,0.015257,False
2020-07-06,1.538,1.888,0.050546,False
2020-07-07,1.561,1.911,0.014954,False
2020-07-08,1.595,1.945,0.021781000000000002,False
2020-07-09,1.629,1.979,0.021317,False
2020-07-10,1.612,1.962,-0.010436,False
2020-07-13,1.643,1.993,0.019231,False
2020-07-14,1.631,1.981,-0.007304000000000001,False
2020-07-15,1.613,1.963,-0.011035999999999999,False
2020-07-16,1.549,1.899,-0.039678,False
2020-07-17,1.56,1.91,0.007101,False
2020-07-20,1.605,1.955,0.028845999999999997,False
2020-07-21,1.609,1.959,0.002492,False
2020-07-22,1.613,1.963,0.002486,False
2020-07-23,1.611,1.961,-0.00124,False
2020-07-24,1.546,1.896,-0.040347999999999995,False
2020-07-27,1.55,1.9,0.002587,False
2020-07-28,1.565,1.915,0.009677,False
2020-07-29,1.595,1.945,0.019169000000000002,False
2020-07-30,1.587,1.937,-0.0050160000000000005,False
2020-07-31,1.6,1.95,0.008192,False
2020-08-03,1.621,1.971,0.013125,False
2020-08-04,1.63,1.98,0.0055520000000000005,False
2020-08-05,1.63,1.98,0.0,False
2020-08-06,1.626,1.976,-0.002454,False
2020-08-07,1.609,1.959,-0.010455,False
2020-08-10,1.623,1.973,0.008701,False
2020-08-11,1.608,1.958,-0.009242,False
2020-08-12,1.599,1.949,-0.0055969999999999995,False
2020-08-13,1.597,1.947,-0.001251,False
2020-08-14,1.624,1.974,0.016907000000000002,False
2020-08-17,1.661,2.011,0.022783,False
2020-08-18,1.66,2.01,-0.000602,False
2020-08-19,1.637,1.987,-0.013855,False
2020-08-20,1.621,1.971,-0.009774,False
2020-08-21,1.635,1.985,0.008637,False
2020-08-24,1.646,1.996,0.0067,False
2020-08-25,1.648,1.998,0.0012,False
2020-08-26,1.627,1.977,-0.0127,False
2020-08-27,1.637,1.987,0.0060999999999999995,False
2020-08-28,1.675,2.025,0.0232,False
2020-08-31,1.666,2.016,-0.0054,False
2020-09-01,1.674,2.024,0.0048,False
2020-09-02,1.67,2.02,-0.0024,False
2020-09-03,1.658,2.008,-0.0072,False
2020-09-04,1.637,1.987,-0.0127,False
2020-09-07,1.601,1.951,-0.022000000000000002,False
2020-09-08,1.611,1.961,0.0062,False
2020-09-09,1.577,1.927,-0.021099999999999997,False
2020-09-10,1.574,1.924,-0.0019,False
2020-09-11,1.585,1.935,0.006999999999999999,False
2020-09-14,1.592,1.942,0.0044,False
2020-09-15,1.608,1.958,0.0101,False
2020-09-16,1.597,1.947,-0.0068000000000000005,False
2020-09-17,1.592,1.942,-0.0031,False
2020-09-18,1.625,1.975,0.0207,False
2020-09-21,1.61,1.96,-0.0092,False
2020-09-22,1.601,1.951,-0.005600000000000001,False
2020-09-23,1.605,1.955,0.0025,False
2020-09-24,1.58,1.93,-0.015600000000000001,False
2020-09-25,1.583,1.933,0.0019,False
2020-09-28,1.582,1.932,-0.0006,False
2020-09-29,1.59,1.94,0.0051,False
2020-09-30,1.589,1.939,-0.0006,False
2020-10-09,1.621,1.971,0.020099999999999996,False
2020-10-12,1.661,2.011,0.024700000000000003,False
2020-10-13,1.665,2.015,0.0024,False
2020-10-14,1.656,2.006,-0.0054,False
2020-10-15,1.65,2.0,-0.0036,False
2020-10-16,1.648,1.998,-0.0012,False
2020-10-19,1.636,1.986,-0.0073,False
2020-10-20,1.645,1.995,0.0055000000000000005,False
2020-10-21,1.641,1.991,-0.0024,False
2020-10-22,1.634,1.984,-0.0043,False
2020-10-23,1.615,1.965,-0.0116,False
2020-10-26,1.608,1.958,-0.0043,False
2020-10-27,1.608,1.958,0.0,False
2020-10-28,1.618,1.968,0.0062,False
2020-10-29,1.632,1.982,0.0087,False
2020-10-30,1.599,1.949,-0.0202,False
2020-11-02,1.607,1.957,0.005,False
2020-11-03,1.621,1.971,0.0087,False
2020-11-04,1.632,1.982,0.0068000000000000005,False
2020-11-05,1.651,2.001,0.0116,False
2020-11-06,1.649,1.999,-0.0012,False
2020-11-09,1.672,2.022,0.0139,False
2020-11-10,1.663,2.013,-0.0054,False
2020-11-11,1.651,2.001,-0.0072,False
2020-11-12,1.654,2.004,0.0018,False
2020-11-13,1.635,1.985,-0.0115,False
2020-11-16,1.646,1.996,0.0067,False
2020-11-17,1.642,1.992,-0.0024,False
2020-11-18,1.644,1.994,0.0012,False
2020-11-19,1.655,2.005,0.0067,False
2020-11-20,1.665,2.015,0.006,False
2020-11-23,1.692,2.042,0.016200000000000003,False
2020-11-24,1.683,2.033,-0.0053,False
2020-11-25,1.657,2.007,-0.0154,False
2020-11-26,1.658,2.008,0.0006,False
2020-11-27,1.674,2.024,0.0097,False
2020-11-30,1.664,2.014,-0.006,False
2020-12-01,1.703,2.053,0.023399999999999997,False
2020-12-02,1.701,2.051,-0.0012,False
2020-12-03,1.699,2.049,-0.0012,False
2020-12-04,1.703,2.053,0.0024,False
2020-12-07,1.69,2.04,-0.0076,False
2020-12-08,1.685,2.035,-0.003,False
2020-12-09,1.666,2.016,-0.0113,False
2020-12-10,1.67,2.02,0.0024,False
2020-12-11,1.656,2.006,-0.0084,False
2020-12-14,1.671,2.021,0.0091,False
2020-12-15,1.675,2.025,0.0024,False
2020-12-16,1.679,2.029,0.0024,False
2020-12-17,1.701,2.051,0.0131,False
2020-12-18,1.695,2.045,-0.0034999999999999996,False
2020-12-21,1.709,2.059,0.0083,False
2020-12-22,1.683,2.033,-0.0152,False
2020-12-23,1.697,2.047,0.0083,False
2020-12-24,1.691,2.041,-0.0034999999999999996,False
2020-12-25,1.708,2.058,0.0101,False
2020-12-28,1.722,2.072,0.008199999999999999,False
2020-12-29,1.71,2.06,-0.006999999999999999,False
2020-12-30,1.739,2.089,0.017,False
2020-12-31,1.769,2.119,0.0173,False
2021-01-04,1.784,2.134,0.0085,False
2021-01-05,1.805,2.155,0.0118,False
2021-01-06,1.828,2.178,0.0127,False
2021-01-07,1.866,2.216,0.0208,False
2021-01-08,1.859,2.209,-0.0038,False
2021-01-11,1.849,2.199,-0.0054,False
2021-01-12,1.899,2.249,0.027000000000000003,False
2021-01-13,1.888,2.238,-0.0058,False
2021-01-14,1.857,2.207,-0.016399999999999998,False
2021-01-15,1.864,2.214,0.0038,False
2021-01-18,1.886,2.236,0.0118,False
2021-01-19,1.859,2.209,-0.0143,False
2021-01-20,1.877,2.227,0.0097,False
2021-01-21,1.917,2.267,0.0213,False
2021-01-22,1.928,2.278,0.005699999999999999,False
2021-01-25,1.952,2.302,0.0124,False
2021-01-26,1.908,2.258,-0.0225,False
2021-01-27,1.914,2.264,0.0031,False
2021-01-28,1.868,2.218,-0.024,False
2021-01-29,1.86,2.21,-0.0043,False
2021-02-01,1.883,2.233,0.0124,False
2021-02-02,1.911,2.261,0.0149,False
2021-02-03,1.915,2.265,0.0021,False
2021-02-04,1.915,2.265,0.0,False
2021-02-05,1.919,2.269,0.0021,False
2021-02-08,1.942,2.292,0.012,False
2021-02-09,1.979,2.329,0.0191,False
2021-02-10,2.012,2.362,0.0167,False
2021-02-18,2.003,2.353,-0.0045000000000000005,False
2021-02-19,2.003,2.353,0.0,False
2021-02-22,1.936,2.286,-0.0334,False
2021-02-23,1.93,2.28,-0.0031,False
2021-02-24,1.88,2.23,-0.0259,False
2021-02-25,1.888,2.238,0.0043,False
2021-02-26,1.84,2.19,-0.0254,False
2021-03-01,1.865,2.215,0.013600000000000001,False
2021-03-02,1.84,2.19,-0.0134,False
2021-03-03,1.877,2.227,0.020099999999999996,False
2021-03-04,1.823,2.173,-0.0288,False
2021-03-05,1.818,2.168,-0.0027,False
2021-03-08,1.761,2.111,-0.031400000000000004,False
2021-03-09,1.724,2.074,-0.021,False
2021-03-10,1.742,2.092,0.0104,False
2021-03-11,1.784,2.134,0.0241,False
2021-03-12,1.798,2.148,0.0078000000000000005,False
2021-03-15,1.763,2.113,-0.0195,False
2021-03-16,1.777,2.127,0.0079,False
2021-03-17,1.783,2.133,0.0034000000000000002,False
2021-03-18,1.8,2.15,0.0095,False
2021-03-19,1.761,2.111,-0.0217,False
2021-03-22,1.782,2.132,0.011899999999999999,False
2021-03-23,1.763,2.113,-0.010700000000000001,False
2021-03-24,1.739,2.089,-0.013600000000000001,False
2021-03-25,1.738,2.088,-0.0006,False
2021-03-26,1.776,2.126,0.0219,False
2021-03-29,1.776,2.126,0.0,False
2021-03-30,1.793,2.143,0.0096,False
2021-03-31,1.78,2.13,-0.0073,False
2021-04-01,1.803,2.153,0.0129,False
2021-04-02,1.821,2.171,0.01,False
2021-04-06,1.814,2.164,-0.0038,False
2021-04-07,1.806,2.156,-0.0044,False
2021-04-08,1.813,2.163,0.0039000000000000003,False
2021-04-09,1.793,2.143,-0.011000000000000001,False
2021-04-12,1.767,2.117,-0.014499999999999999,False
2021-04-13,1.765,2.115,-0.0011,False
2021-04-14,1.783,2.133,0.0102,False
2021-04-15,1.774,2.124,-0.005,False
2021-04-16,1.778,2.128,0.0023,False
2021-04-19,1.812,2.162,0.0191,False
2021-04-20,1.812,2.162,0.0,False
2021-04-21,1.817,2.167,0.0028000000000000004,False
2021-04-22,1.819,2.169,0.0011,False
2021-04-23,1.839,2.189,0.011000000000000001,False
2021-04-26,1.819,2.169,-0.0109,False
2021-04-27,1.826,2.176,0.0038,False
2021-04-28,1.832,2.182,0.0033,False
2021-04-29,1.84,2.19,0.0044,False
2021-04-30,1.822,2.172,-0.0098,False
2021-05-06,1.812,2.162,-0.0055000000000000005,False
2021-05-07,1.793,2.143,-0.0105,False
2021-05-10,1.79,2.14,-0.0017000000000000001,False
2021-05-11,1.792,2.142,0.0011,False
2021-05-12,1.802,2.152,0.005600000000000001,False
2021-05-13,1.78,2.13,-0.012199999999999999,False
2021-05-14,1.816,2.166,0.0202,False
2021-05-17,1.838,2.188,0.0121,False
2021-05-18,1.841,2.191,0.0016,False
2021-05-19,1.835,2.185,-0.0033,False
2021-05-20,1.837,2.187,0.0011,False
2021-05-21,1.826,2.176,-0.006,False
2021-05-24,1.828,2.178,0.0011,False
2021-05-25,1.876,2.226,0.0263,False
2021-05-26,1.881,2.231,0.0027,False
2021-05-27,1.886,2.236,0.0027,False
2021-05-28,1.88,2.23,-0.0032,False
2021-05-31,1.891,2.241,0.0059,False
2021-06-01,1.895,2.245,0.0021,False
2021-06-02,1.877,2.227,-0.0095,False
2021-06-03,1.865,2.215,-0.0064,False
2021-06-04,1.873,2.223,0.0043,False
2021-06-07,1.873,2.223,0.0,False
2021-06-08,1.858,2.208,-0.008,False
2021-06-09,1.866,2.216,0.0043,False
2021-06-10,1.876,2.226,0.0054,False
2021-06-11,1.868,2.218,-0.0043,False
2021-06-15,1.852,2.202,-0.0086,False
2021-06-16,1.823,2.173,-0.015700000000000002,False
2021-06-17,1.831,2.181,0.0044,False
2021-06-18,1.836,2.186,0.0027,False
2021-06-21,1.832,2.182,-0.0022,False
2021-06-22,1.848,2.198,0.0087,False
2021-06-23,1.854,2.204,0.0032,False
2021-06-24,1.858,2.208,0.0022,False
2021-06-25,1.89,2.24,0.0172,False
2021-06-28,1.894,2.244,0.0021,False
2021-06-29,1.879,2.229,-0.0079,False
2021-06-30,1.893,2.243,0.0075,False
2021-07-01,1.893,2.243,0.0,False
2021-07-02,1.842,2.192,-0.0269,False
2021-07-05,1.848,2.198,0.0033,False
2021-07-06,1.849,2.199,0.0005,False
2021-07-07,1.873,2.223,0.013000000000000001,False
2021-07-08,1.854,2.204,-0.0101,False
2021-07-09,1.85,2.2,-0.0022,False
2021-07-12,1.867,2.217,0.0092,False
2021-07-13,1.88,2.23,0.006999999999999999,False
2021-07-14,1.868,2.218,-0.0064,False
2021-07-15,1.897,2.247,0.0155,False
2021-07-16,1.879,2.229,-0.0095,False
2021-07-19,1.884,2.234,0.0027,False
2021-07-20,1.878,2.228,-0.0032,False
2021-07-21,1.888,2.238,0.0053,False
2021-07-22,1.892,2.242,0.0021,False
2021-07-23,1.87,2.22,-0.0116,False
2021-07-26,1.807,2.157,-0.0337,False
2021-07-27,1.751,2.101,-0.031,False
2021-07-28,1.751,2.101,0.0,False
2021-07-29,1.785,2.135,0.0194,False
2021-07-30,1.77,2.12,-0.0084,False
2021-08-02,1.813,2.163,0.024300000000000002,False
2021-08-03,1.815,2.165,0.0011,False
2021-08-04,1.825,2.175,0.0055000000000000005,False
2021-08-05,1.814,2.164,-0.006,False
2021-08-06,1.808,2.158,-0.0033,False
2021-08-09,1.824,2.174,0.0088,False
2021-08-10,1.847,2.197,0.0126,False
2021-08-11,1.841,2.191,-0.0032,False
2021-08-12,1.832,2.182,-0.0049,False
2021-08-13,1.827,2.177,-0.0027,False
2021-08-16,1.825,2.175,-0.0011,False
2021-08-17,1.783,2.133,-0.023,False
2021-08-18,1.806,2.156,0.0129,False
2021-08-19,1.791,2.141,-0.0083,False
2021-08-20,1.764,2.114,-0.0151,False
2021-08-23,1.781,2.131,0.0096,False
2021-08-24,1.803,2.153,0.0124,False
2021-08-25,1.807,2.157,0.0022,False
2021-08-26,1.781,2.131,-0.0144,False
2021-08-27,1.799,2.149,0.0101,False
2021-08-30,1.8,2.15,0.0006,False
2021-08-31,1.802,2.152,0.0011,False
2021-09-01,1.817,2.167,0.0083,False
2021-09-02,1.822,2.172,0.0028000000000000004,False
2021-09-03,1.803,2.153,-0.0104,False
2021-09-06,1.83,2.18,0.015,False
2021-09-07,1.856,2.206,0.014199999999999999,False
2021-09-08,1.853,2.203,-0.0016,False
2021-09-09,1.857,2.207,0.0022,False
2021-09-10,1.87,2.22,0.006999999999999999,False
2021-09-13,1.872,2.222,0.0011,False
2021-09-14,1.843,2.193,-0.0155,False
2021-09-15,1.831,2.181,-0.006500000000000001,False
2021-09-16,1.806,2.156,-0.0137,False
2021-09-17,1.823,2.173,0.009399999999999999,False
2021-09-22,1.81,2.16,-0.0070999999999999995,False
2021-09-23,1.816,2.166,0.0033,False
2021-09-24,1.803,2.153,-0.0072,False
2021-09-27,1.797,2.147,-0.0033,False
2021-09-28,1.8,2.15,0.0017000000000000001,False
2021-09-29,1.773,2.123,-0.015,False
2021-09-30,1.785,2.135,0.0068000000000000005,False
2021-10-08,1.797,2.147,0.0067,False
2021-10-11,1.798,2.148,0.0006,False
2021-10-12,1.777,2.127,-0.011699999999999999,False
2021-10-13,1.794,2.144,0.0096,False
2021-10-14,1.791,2.141,-0.0017000000000000001,False
2021-10-15,1.8,2.15,0.005,False
2021-10-18,1.786,2.136,-0.0078000000000000005,False
2021-10-19,1.8,2.15,0.0078000000000000005,False
2021-10-20,1.79,2.14,-0.005600000000000001,False
2021-10-21,1.795,2.145,0.0028000000000000004,False
2021-10-22,1.8,2.15,0.0028000000000000004,False
2021-10-25,1.81,2.16,0.005600000000000001,False
2021-10-26,1.807,2.157,-0.0017000000000000001,False
2021-10-27,1.781,2.131,-0.0144,False
2021-10-28,1.765,2.115,-0.009000000000000001,False
2021-10-29,1.789,2.139,0.013600000000000001,False
2021-11-01,1.782,2.132,-0.0039000000000000003,False
2021-11-02,1.758,2.108,-0.013500000000000002,False
2021-11-03,1.749,2.099,-0.0051,False
2021-11-04,1.757,2.107,0.0046,False
2021-11-05,1.747,2.097,-0.005699999999999999,False
2021-11-08,1.745,2.095,-0.0011,False
2021-11-09,1.748,2.098,0.0017000000000000001,False
2021-11-10,1.739,2.089,-0.0051,False
2021-11-11,1.765,2.115,0.015,False
2021-11-12,1.757,2.107,-0.0045000000000000005,False
2021-11-15,1.753,2.103,-0.0023,False
2021-11-16,1.751,2.101,-0.0011,False
2021-11-17,1.752,2.102,0.0006,False
2021-11-18,1.739,2.089,-0.0074,False
2021-11-19,1.757,2.107,0.0104,False
2021-11-22,1.761,2.111,0.0023,False
2021-11-23,1.758,2.108,-0.0017000000000000001,False
2021-11-24,1.758,2.108,0.0,False
2021-11-25,1.752,2.102,-0.0034000000000000002,False
2021-11-26,1.743,2.093,-0.0051,False
2021-11-29,1.742,2.092,-0.0006,False
2021-11-30,1.738,2.088,-0.0023,False
2021-12-01,1.742,2.092,0.0023,False
2021-12-02,1.745,2.095,0.0017000000000000001,False
2021-12-03,1.761,2.111,0.0092,False
2021-12-06,1.757,2.107,-0.0023,False
2021-12-07,1.762,2.112,0.0028000000000000004,False
2021-12-08,1.785,2.135,0.0131,False
2021-12-09,1.805,2.155,0.011200000000000002,False
2021-12-10,1.805,2.155,0.0,False
2021-12-13,1.812,2.162,0.0039000000000000003,False
2021-12-14,1.8,2.15,-0.0066,False
2021-12-15,1.789,2.139,-0.0060999999999999995,False
2021-12-16,1.797,2.147,0.0045000000000000005,False
2021-12-17,1.775,2.125,-0.012199999999999999,False
2021-12-20,1.748,2.098,-0.0152,False
2021-12-21,1.757,2.107,0.0051,False
2021-12-22,1.759,2.109,0.0011,False
2021-12-23,1.768,2.118,0.0051,False
2021-12-24,1.753,2.103,-0.0085,False
2021-12-27,1.752,2.102,-0.0006,False
2021-12-28,1.767,2.117,0.0086,False
2021-12-29,1.748,2.098,-0.0108,False
2021-12-30,1.763,2.113,0.0086,False
2021-12-31,1.769,2.119,0.0034000000000000002,False
2022-01-04,1.754,2.104,-0.0085,False
2022-01-05,1.732,2.082,-0.0125,False
2022-01-06,1.717,2.067,-0.0087,False
2022-01-07,1.716,2.066,-0.0006,False
2022-01-10,1.725,2.075,0.0052,False
2022-01-11,1.715,2.065,-0.0058,False
2022-01-12,1.733,2.083,0.0105,False
2022-01-13,1.712,2.062,-0.0121,False
2022-01-14,1.697,2.047,-0.0088,False
2022-01-17,1.713,2.063,0.009399999999999999,False
2022-01-18,1.726,2.076,0.0076,False
2022-01-19,1.715,2.065,-0.0064,False
2022-01-20,1.725,2.075,0.0058,False
2022-01-21,1.711,2.061,-0.008100000000000001,False
2022-01-24,1.713,2.063,0.0012,False
2022-01-25,1.681,2.031,-0.0187,False
2022-01-26,1.692,2.042,0.006500000000000001,False
2022-01-27,1.667,2.017,-0.0148,False
2022-01-28,1.646,1.996,-0.0126,False
2022-02-07,1.671,2.021,0.0152,False
2022-02-08,1.66,2.01,-0.0066,False
2022-02-09,1.677,2.027,0.0102,False
2022-02-10,1.669,2.019,-0.0048,False
2022-02-11,1.657,2.007,-0.0072,False
2022-02-14,1.639,1.989,-0.0109,False
2022-02-15,1.654,2.004,0.0092,False
2022-02-16,1.665,2.015,0.0067,False
2022-02-17,1.671,2.021,0.0036,False
2022-02-18,1.678,2.028,0.0042,False
2022-02-21,1.673,2.023,-0.003,False
2022-02-22,1.655,2.005,-0.0108,False
2022-02-23,1.673,2.023,0.0109,False
2022-02-24,1.642,1.992,-0.018500000000000003,False
2022-02-25,1.658,2.008,0.0097,False
2022-02-28,1.664,2.014,0.0036,False
2022-03-01,1.675,2.025,0.0066,False
2022-03-02,1.663,2.013,-0.0072,False
2022-03-03,1.661,2.011,-0.0012,False
2022-03-04,1.643,1.993,-0.0108,False
2022-03-07,1.594,1.944,-0.0298,False
2022-03-08,1.563,1.913,-0.0194,False
2022-03-09,1.553,1.903,-0.0064,False
2022-03-10,1.579,1.929,0.0167,False
2022-03-11,1.585,1.935,0.0038,False
2022-03-14,1.54,1.89,-0.028399999999999998,False
2022-03-15,1.48,1.83,-0.039,False
2022-03-16,1.541,1.891,0.0412,False
2022-03-17,1.568,1.918,0.0175,False
2022-03-18,1.578,1.928,0.0064,False
2022-03-21,1.577,1.927,-0.0006,False
2022-03-22,1.576,1.926,-0.0006,False
2022-03-23,1.587,1.937,0.006999999999999999,False
2022-03-24,1.582,1.932,-0.0032,False
2022-03-25,1.556,1.906,-0.016399999999999998,False
2022-03-28,1.547,1.897,-0.0058,False
2022-03-29,1.546,1.896,-0.0006,False
2022-03-30,1.585,1.935,0.0252,False
2022-03-31,1.577,1.927,-0.005,False
2022-04-01,1.595,1.945,0.011399999999999999,False
2022-04-06,1.587,1.937,-0.005,False
2022-04-07,1.572,1.922,-0.0095,False
2022-04-08,1.573,1.923,0.0006,False
2022-04-11,1.541,1.891,-0.0203,False
2022-04-12,1.582,1.932,0.026600000000000002,False
2022-04-13,1.569,1.919,-0.008199999999999999,False
2022-04-14,1.604,1.954,0.0223,False
2022-04-15,1.612,1.962,0.005,False
2022-04-18,1.596,1.946,-0.009899999999999999,False
2022-04-19,1.576,1.926,-0.0125,False
2022-04-20,1.576,1.926,0.0,False
2022-04-21,1.55,1.9,-0.0165,False
2022-04-22,1.564,1.914,0.009000000000000001,False
2022-04-25,1.51,1.86,-0.0345,False
2022-04-26,1.534,1.884,0.0159,False
2022-04-27,1.557,1.907,0.015,False
2022-04-28,1.554,1.904,-0.0019,False
2022-04-29,1.581,1.931,0.0174,False
2022-05-05,1.578,1.928,-0.0019,False
2022-05-06,1.53,1.88,-0.0304,False
2022-05-09,1.511,1.861,-0.0124,False
2022-05-10,1.527,1.877,0.0106,False
2022-05-11,1.547,1.897,0.0131,False
2022-05-12,1.549,1.899,0.0013,False
2022-05-13,1.554,1.904,0.0032,False
2022-05-16,1.545,1.895,-0.0058,False
2022-05-17,1.553,1.903,0.0052,False
2022-05-18,1.54,1.89,-0.0084,False
2022-05-19,1.534,1.884,-0.0039000000000000003,False
2022-05-20,1.569,1.919,0.022799999999999997,False
2022-05-23,1.551,1.901,-0.0115,False
2022-05-24,1.521,1.871,-0.019299999999999998,False
2022-05-25,1.526,1.876,0.0033,False
2022-05-26,1.525,1.875,-0.0007000000000000001,False
2022-05-27,1.527,1.877,0.0013,False
2022-05-30,1.547,1.897,0.0131,False
2022-05-31,1.577,1.927,0.0194,False
2022-06-01,1.57,1.92,-0.0044,False
2022-06-02,1.564,1.914,-0.0038,False
2022-06-06,1.583,1.933,0.0121,False
2022-06-07,1.596,1.946,0.008199999999999999,False
2022-06-08,1.607,1.957,0.0069,False
2022-06-09,1.584,1.934,-0.0143,False
2022-06-10,1.596,1.946,0.0076,False
2022-06-13,1.565,1.915,-0.0194,False
2022-06-14,1.578,1.928,0.0083,False
2022-06-15,1.596,1.946,0.011399999999999999,False
2022-06-16,1.602,1.952,0.0038,False
2022-06-17,1.624,1.974,0.0137,False
2022-06-20,1.648,1.998,0.0148,False
2022-06-21,1.648,1.998,0.0,False
2022-06-22,1.619,1.969,-0.0176,False
2022-06-23,1.635,1.985,0.009899999999999999,False
2022-06-24,1.658,2.008,0.0141,False
2022-06-27,1.689,2.039,0.0187,False
2022-06-28,1.693,2.043,0.0024,False
2022-06-29,1.689,2.039,-0.0024,False
2022-06-30,1.731,2.081,0.024900000000000002,False
2022-07-01,1.708,2.058,-0.013300000000000001,False
2022-07-04,1.719,2.069,0.0064,False
2022-07-05,1.696,2.046,-0.0134,False
2022-07-06,1.665,2.015,-0.0183,False
2022-07-07,1.654,2.004,-0.0066,False
2022-07-08,1.646,1.996,-0.0048,False
2022-07-11,1.618,1.968,-0.017,False
2022-07-12,1.602,1.952,-0.009899999999999999,False
2022-07-13,1.608,1.958,0.0037,False
2022-07-14,1.602,1.952,-0.0037,False
2022-07-15,1.588,1.938,-0.0087,False
2022-07-18,1.594,1.944,0.0038,False
2022-07-19,1.59,1.94,-0.0025,False
2022-07-20,1.603,1.953,0.008199999999999999,False
2022-07-21,1.594,1.944,-0.005600000000000001,False
2022-07-22,1.587,1.937,-0.0044,False
2022-07-25,1.597,1.947,0.0063,False
2022-07-26,1.612,1.962,0.009399999999999999,False
2022-07-27,1.599,1.949,-0.008100000000000001,False
2022-07-28,1.592,1.942,-0.0044,False
2022-07-29,1.557,1.907,-0.022000000000000002,False
2022-08-01,1.566,1.916,0.0058,False
2022-08-02,1.544,1.894,-0.013999999999999999,False
2022-08-03,1.531,1.881,-0.0084,False
2022-08-04,1.538,1.888,0.0046,False
2022-08-05,1.555,1.905,0.0111,False
2022-08-08,1.544,1.894,-0.0070999999999999995,False
2022-08-09,1.546,1.896,0.0013,False
2022-08-10,1.521,1.871,-0.016200000000000003,False
2022-08-11,1.554,1.904,0.0217,False
2022-08-12,1.558,1.908,0.0026,False
2022-08-15,1.539,1.889,-0.012199999999999999,False
2022-08-16,1.53,1.88,-0.0058,False
2022-08-17,1.54,1.89,0.006500000000000001,False
2022-08-18,1.518,1.868,-0.0143,False
2022-08-19,1.51,1.86,-0.0053,False
2022-08-22,1.519,1.869,0.006,False
2022-08-23,1.499,1.849,-0.0132,False
2022-08-24,1.485,1.835,-0.009300000000000001,False
2022-08-25,1.507,1.857,0.0148,False
2022-08-26,1.515,1.865,0.0053,False
2022-08-29,1.509,1.859,-0.004,False
2022-08-30,1.511,1.861,0.0013,False
2022-08-31,1.529,1.879,0.011899999999999999,False
2022-09-01,1.511,1.861,-0.0118,False
2022-09-02,1.496,1.846,-0.009899999999999999,False
2022-09-05,1.479,1.829,-0.011399999999999999,False
2022-09-06,1.48,1.83,0.0007000000000000001,False
2022-09-07,1.469,1.819,-0.0074,False
2022-09-08,1.475,1.825,0.0040999999999999995,False
2022-09-09,1.497,1.847,0.0149,False
2022-09-13,1.507,1.857,0.0067,False
2022-09-14,1.5,1.85,-0.0046,False
2022-09-15,1.503,1.853,0.002,False
2022-09-16,1.476,1.826,-0.018000000000000002,False
2022-09-19,1.471,1.821,-0.0034000000000000002,False
2022-09-20,1.473,1.823,0.0014000000000000002,False
2022-09-21,1.45,1.8,-0.015600000000000001,False
2022-09-22,1.431,1.781,-0.0131,False
2022-09-23,1.427,1.777,-0.0028000000000000004,False
2022-09-26,1.442,1.792,0.0105,False
2022-09-27,1.49,1.84,0.0333,False
2022-09-28,1.479,1.829,-0.0074,False
2022-09-29,1.467,1.817,-0.008100000000000001,False
2022-09-30,1.462,1.812,-0.0034000000000000002,False
2022-10-10,1.428,1.778,-0.0233,False
2022-10-11,1.418,1.768,-0.006999999999999999,False
2022-10-12,1.42,1.77,0.0014000000000000002,False
2022-10-13,1.416,1.766,-0.0028000000000000004,False
2022-10-14,1.453,1.803,0.026099999999999998,False
2022-10-17,1.447,1.797,-0.0040999999999999995,False
2022-10-18,1.444,1.794,-0.0021,False
2022-10-19,1.412,1.762,-0.0222,False
2022-10-20,1.411,1.761,-0.0007000000000000001,False
2022-10-21,1.397,1.747,-0.009899999999999999,False
2022-10-24,1.346,1.696,-0.0365,False
2022-10-25,1.339,1.689,-0.0052,False
2022-10-26,1.365,1.715,0.0194,False
2022-10-27,1.341,1.691,-0.0176,False
2022-10-28,1.319,1.669,-0.016399999999999998,False
2022-10-31,1.3,1.65,-0.0144,False
2022-11-01,1.364,1.714,0.0492,False
2022-11-02,1.394,1.744,0.022000000000000002,False
2022-11-03,1.377,1.727,-0.012199999999999999,False
2022-11-04,1.425,1.775,0.0349,False
2022-11-07,1.424,1.774,-0.0007000000000000001,False
2022-11-08,1.411,1.761,-0.0091,False
2022-11-09,1.399,1.749,-0.0085,False
2022-11-10,1.4,1.75,0.0007000000000000001,False
2022-11-11,1.439,1.789,0.0279,False
2022-11-14,1.435,1.785,-0.0028000000000000004,False
2022-11-15,1.459,1.809,0.0167,False
2022-11-16,1.459,1.809,0.0,False
2022-11-17,1.46,1.81,0.0007000000000000001,False
2022-11-18,1.46,1.81,0.0,False
2022-11-21,1.437,1.787,-0.0158,False
2022-11-22,1.431,1.781,-0.0042,False
2022-11-23,1.42,1.77,-0.0077,False
2022-11-24,1.415,1.765,-0.0034999999999999996,False
2022-11-25,1.42,1.77,0.0034999999999999996,False
2022-11-28,1.416,1.766,-0.0028000000000000004,False
2022-11-29,1.47,1.82,0.0381,False
2022-11-30,1.471,1.821,0.0007000000000000001,False
2022-12-01,1.5,1.85,0.0197,False
2022-12-02,1.493,1.843,-0.004699999999999999,False
2022-12-05,1.518,1.868,0.0167,False
2022-12-06,1.537,1.887,0.0125,False
2022-12-07,1.536,1.886,-0.0007000000000000001,False
2022-12-08,1.536,1.886,0.0,False
2022-12-09,1.555,1.905,0.0124,False
2022-12-12,1.54,1.89,-0.0096,False
2022-12-13,1.548,1.898,0.0052,False
2022-12-14,1.568,1.918,0.0129,False
2022-12-15,1.554,1.904,-0.0089,False
2022-12-16,1.56,1.91,0.0039000000000000003,False
2022-12-19,1.54,1.89,-0.0128,False
2022-12-20,1.507,1.857,-0.021400000000000002,False
2022-12-21,1.519,1.869,0.008,False
2022-12-22,1.549,1.899,0.0197,False
2022-12-23,1.558,1.908,0.0058,False
2022-12-26,1.546,1.896,-0.0077,False
2022-12-27,1.573,1.923,0.0175,False
2022-12-28,1.573,1.923,0.0,False
2022-12-29,1.568,1.918,-0.0032,False
2022-12-30,1.57,1.92,0.0013,False
2022-12-31,1.57,1.92,0.0,False
2023-01-03,1.557,1.907,-0.0083,False
2023-01-04,1.573,1.923,0.0103,False
2023-01-05,1.61,1.96,0.0235,False
2023-01-06,1.604,1.954,-0.0037,False
2023-01-09,1.621,1.971,0.0106,False
2023-01-10,1.627,1.977,0.0037,False
2023-01-11,1.625,1.975,-0.0012,False
2023-01-12,1.622,1.972,-0.0018,False
2023-01-13,1.659,2.009,0.022799999999999997,False
2023-01-16,1.685,2.035,0.015700000000000002,False
2023-01-17,1.676,2.026,-0.0053,False
2023-01-18,1.662,2.012,-0.0084,False
2023-01-19,1.673,2.023,0.0066,False
2023-01-20,1.669,2.019,-0.0024,False
2023-01-30,1.662,2.012,-0.0042,False
2023-01-31,1.626,1.976,-0.0217,False
2023-02-01,1.639,1.989,0.008,False
2023-02-02,1.646,1.996,0.0043,False
2023-02-03,1.634,1.984,-0.0073,False
2023-02-06,1.609,1.959,-0.015300000000000001,False
2023-02-07,1.609,1.959,0.0,False
2023-02-08,1.602,1.952,-0.0044,False
2023-02-09,1.627,1.977,0.015600000000000001,False
2023-02-10,1.629,1.979,0.0012,False
2023-02-13,1.658,2.008,0.0178,False
2023-02-14,1.657,2.007,-0.0006,False
2023-02-15,1.643,1.993,-0.0084,False
2023-02-16,1.647,1.997,0.0024,False
2023-02-17,1.635,1.985,-0.0073,False
2023-02-20,1.669,2.019,0.0208,False
2023-02-21,1.652,2.002,-0.0102,False
2023-02-22,1.646,1.996,-0.0036,False
2023-02-23,1.632,1.982,-0.0085,False
2023-02-24,1.613,1.963,-0.0116,False
2023-02-27,1.615,1.965,0.0012,False
2023-02-28,1.624,1.974,0.005600000000000001,False
2023-03-01,1.631,1.981,0.0043,False
2023-03-02,1.628,1.978,-0.0018,False
2023-03-03,1.624,1.974,-0.0025,False
2023-03-06,1.619,1.969,-0.0031,False
2023-03-07,1.594,1.944,-0.0154,False
2023-03-08,1.584,1.934,-0.0063,False
2023-03-09,1.576,1.926,-0.0051,False
2023-03-10,1.563,1.913,-0.008199999999999999,False
2023-03-13,1.586,1.936,0.0147,False
2023-03-14,1.573,1.923,-0.008199999999999999,False
2023-03-15,1.564,1.914,-0.005699999999999999,False
2023-03-16,1.556,1.906,-0.0051,False
2023-03-17,1.54,1.89,-0.0103,False
2023-03-20,1.521,1.871,-0.0123,False
2023-03-21,1.562,1.912,0.027000000000000003,False
2023-03-22,1.556,1.906,-0.0038,False
2023-03-23,1.563,1.913,0.0045000000000000005,False
2023-03-24,1.563,1.913,0.0,False
2023-03-27,1.558,1.908,-0.0032,False
2023-03-28,1.572,1.922,0.009000000000000001,False
2023-03-29,1.579,1.929,0.0045000000000000005,False
2023-03-30,1.601,1.951,0.0139,False
2023-03-31,1.594,1.944,-0.0044,False
2023-04-03,1.587,1.937,-0.0044,False
2023-04-04,1.597,1.947,0.0063,False
2023-04-06,1.581,1.931,-0.01,False
2023-04-07,1.591,1.941,0.0063,False
2023-04-10,1.586,1.936,-0.0031,False
2023-04-11,1.568,1.918,-0.0113,False
2023-04-12,1.539,1.889,-0.018500000000000003,False
2023-04-13,1.551,1.901,0.0078000000000000005,False
2023-04-14,1.535,1.885,-0.0103,False
2023-04-17,1.552,1.902,0.0111,False
2023-04-18,1.555,1.905,0.0019,False
2023-04-19,1.539,1.889,-0.0103,False
2023-04-20,1.52,1.87,-0.0123,False
2023-04-21,1.505,1.855,-0.009899999999999999,False
2023-04-24,1.48,1.83,-0.0166,False
2023-04-25,1.48,1.83,0.0,False
2023-04-26,1.48,1.83,0.0,False
2023-04-27,1.493,1.843,0.0088,False
2023-04-28,1.498,1.848,0.0033,False
2023-05-04,1.496,1.846,-0.0013,False
2023-05-05,1.493,1.843,-0.002,False
2023-05-08,1.48,1.83,-0.0087,False
2023-05-09,1.472,1.822,-0.0054,False
2023-05-10,1.469,1.819,-0.002,False
2023-05-11,1.464,1.814,-0.0034000000000000002,False
2023-05-12,1.453,1.803,-0.0075,False
2023-05-15,1.47,1.82,0.011699999999999999,False
2023-05-16,1.459,1.809,-0.0075,False
2023-05-17,1.444,1.794,-0.0103,False
2023-05-18,1.441,1.791,-0.0021,False
2023-05-19,1.461,1.811,0.0139,False
2023-05-22,1.488,1.838,0.018500000000000003,False
2023-05-23,1.47,1.82,-0.0121,False
2023-05-24,1.445,1.795,-0.017,False
2023-05-25,1.434,1.784,-0.0076,False
2023-05-26,1.433,1.783,-0.0007000000000000001,False
2023-05-29,1.424,1.774,-0.0063,False
2023-05-30,1.413,1.763,-0.0077,False
2023-05-31,1.39,1.74,-0.0163,False
2023-06-01,1.393,1.743,0.0022,False
2023-06-02,1.423,1.773,0.0215,False
2023-06-05,1.406,1.756,-0.011899999999999999,False
2023-06-06,1.404,1.754,-0.0014000000000000002,False
2023-06-07,1.386,1.736,-0.0128,False
2023-06-08,1.398,1.748,0.0087,False
2023-06-09,1.399,1.749,0.0007000000000000001,False
2023-06-12,1.428,1.778,0.0207,False
2023-06-13,1.437,1.787,0.0063,False
2023-06-14,1.454,1.804,0.0118,False
2023-06-15,1.476,1.826,0.0151,False
2023-06-16,1.482,1.832,0.0040999999999999995,False
2023-06-19,1.459,1.809,-0.0155,False
2023-06-20,1.447,1.797,-0.008199999999999999,False
2023-06-21,1.429,1.779,-0.0124,False
2023-06-26,1.406,1.756,-0.0161,False
2023-06-27,1.422,1.772,0.011399999999999999,False
2023-06-28,1.424,1.774,0.0014000000000000002,False
2023-06-29,1.407,1.757,-0.011899999999999999,False
2023-06-30,1.405,1.755,-0.0014000000000000002,False
2023-07-03,1.427,1.777,0.015700000000000002,False
2023-07-04,1.428,1.778,0.0007000000000000001,False
2023-07-05,1.414,1.764,-0.0098,False
2023-07-06,1.402,1.752,-0.0085,False
2023-07-07,1.398,1.748,-0.0029,False
2023-07-10,1.402,1.752,0.0029,False
2023-07-11,1.407,1.757,0.0036,False
2023-07-12,1.405,1.755,-0.0014000000000000002,False
2023-07-13,1.437,1.787,0.022799999999999997,False
2023-07-14,1.432,1.782,-0.0034999999999999996,False
2023-07-17,1.418,1.768,-0.0098,False
2023-07-18,1.421,1.771,0.0021,False
2023-07-19,1.42,1.77,-0.0007000000000000001,False
2023-07-20,1.422,1.772,0.0014000000000000002,False
2023-07-21,1.439,1.789,0.012,False
2023-07-24,1.429,1.779,-0.0069,False
2023-07-25,1.48,1.83,0.035699999999999996,False
2023-07-26,1.479,1.829,-0.0007000000000000001,False
2023-07-27,1.484,1.834,0.0034000000000000002,False
2023-07-28,1.514,1.864,0.0202,False
2023-07-31,1.52,1.87,0.004,False
2023-08-01,1.508,1.858,-0.0079,False
2023-08-02,1.502,1.852,-0.004,False
2023-08-03,1.513,1.863,0.0073,False
2023-08-04,1.51,1.86,-0.002,False
2023-08-07,1.49,1.84,-0.0132,False
2023-08-08,1.488,1.838,-0.0013,False
2023-08-09,1.492,1.842,0.0027,False
2023-08-10,1.499,1.849,0.004699999999999999,False
2023-08-11,1.477,1.827,-0.0147,False
2023-08-14,1.464,1.814,-0.0088,False
2023-08-15,1.457,1.807,-0.0048,False
2023-08-16,1.456,1.806,-0.0007000000000000001,False
2023-08-17,1.477,1.827,0.0144,False
2023-08-18,1.454,1.804,-0.015600000000000001,False
2023-08-21,1.445,1.795,-0.0062,False
2023-08-22,1.443,1.793,-0.0014000000000000002,False
2023-08-23,1.424,1.774,-0.0132,False
2023-08-24,1.45,1.8,0.0183,False
2023-08-25,1.442,1.792,-0.0055000000000000005,False
2023-08-28,1.447,1.797,0.0034999999999999996,False
2023-08-29,1.461,1.811,0.0097,False
2023-08-30,1.466,1.816,0.0034000000000000002,False
2023-08-31,1.458,1.808,-0.0055000000000000005,False
2023-09-01,1.478,1.828,0.0137,False
2023-09-04,1.505,1.855,0.0183,False
2023-09-05,1.492,1.842,-0.0086,False
2023-09-06,1.479,1.829,-0.0087,False
2023-09-07,1.465,1.815,-0.0095,False
2023-09-08,1.457,1.807,-0.0055000000000000005,False
2023-09-11,1.466,1.816,0.0062,False
2023-09-12,1.46,1.81,-0.0040999999999999995,False
2023-09-13,1.458,1.808,-0.0014000000000000002,False
2023-09-14,1.451,1.801,-0.0048,False
2023-09-15,1.444,1.794,-0.0048,False
2023-09-18,1.455,1.805,0.0076,False
2023-09-19,1.45,1.8,-0.0034000000000000002,False
2023-09-20,1.445,1.795,-0.0034000000000000002,False
2023-09-21,1.427,1.777,-0.0125,False
2023-09-22,1.441,1.791,0.0098,False
2023-09-25,1.435,1.785,-0.0042,False
2023-09-26,1.425,1.775,-0.006999999999999999,False
2023-09-27,1.433,1.783,0.005600000000000001,False
2023-09-28,1.422,1.772,-0.0077,False
2023-10-09,1.41,1.76,-0.0084,False
2023-10-10,1.397,1.747,-0.0092,False
2023-10-11,1.401,1.751,0.0029,False
2023-10-12,1.4,1.75,-0.0007000000000000001,False
2023-10-13,1.384,1.734,-0.011399999999999999,False
2023-10-16,1.369,1.719,-0.0108,False
2023-10-17,1.37,1.72,0.0007000000000000001,False
2023-10-18,1.361,1.711,-0.0066,False
2023-10-19,1.336,1.686,-0.0184,False
2023-10-20,1.328,1.678,-0.006,False
2023-10-23,1.318,1.668,-0.0075,False
2023-10-24,1.324,1.674,0.0046,False
2023-10-25,1.338,1.688,0.0106,False
2023-10-26,1.341,1.691,0.0022,False
2023-10-27,1.367,1.717,0.0194,False
2023-10-30,1.381,1.731,0.0102,False
2023-10-31,1.379,1.729,-0.0014000000000000002,False
2023-11-01,1.387,1.737,0.0058,False
2023-11-02,1.375,1.725,-0.0087,False
2023-11-03,1.385,1.735,0.0073,False
2023-11-06,1.395,1.745,0.0072,False
2023-11-07,1.4,1.75,0.0036,False
2023-11-08,1.401,1.751,0.0007000000000000001,False
2023-11-09,1.403,1.753,0.0014000000000000002,False
2023-11-10,1.394,1.744,-0.0064,False
2023-11-13,1.398,1.748,0.0029,False
2023-11-14,1.403,1.753,0.0036,False
2023-11-15,1.406,1.756,0.0021,False
2023-11-16,1.382,1.732,-0.0171,False
2023-11-17,1.4,1.75,0.013000000000000001,False
2023-11-20,1.393,1.743,-0.005,False
2023-11-21,1.384,1.734,-0.006500000000000001,False
2023-11-22,1.362,1.712,-0.0159,False
2023-11-23,1.376,1.726,0.0103,False
2023-11-24,1.354,1.704,-0.016,False
2023-11-27,1.368,1.718,0.0103,False
2023-11-28,1.377,1.727,0.0066,False
2023-11-29,1.376,1.726,-0.0007000000000000001,False
2023-11-30,1.376,1.726,0.0,False
2023-12-01,1.392,1.742,0.0116,False
2023-12-04,1.388,1.738,-0.0029,False
2023-12-05,1.372,1.722,-0.0115,False
2023-12-06,1.374,1.724,0.0015,False
2023-12-07,1.379,1.729,0.0036,False
2023-12-08,1.413,1.763,0.024700000000000003,False
2023-12-11,1.438,1.788,0.0177,False
2023-12-12,1.423,1.773,-0.0104,False
2023-12-13,1.417,1.767,-0.0042,False
2023-12-14,1.408,1.758,-0.0064,False
2023-12-15,1.396,1.746,-0.0085,False
2023-12-18,1.387,1.737,-0.0064,False
2023-12-19,1.395,1.745,0.0058,False
2023-12-20,1.371,1.721,-0.0172,False
2023-12-21,1.389,1.739,0.0131,False
2023-12-22,1.368,1.718,-0.0151,False
2023-12-25,1.373,1.723,0.0037,False
2023-12-26,1.347,1.697,-0.0189,False
2023-12-27,1.353,1.703,0.0045000000000000005,False
2023-12-28,1.158,1.711,0.0059,False
2023-12-29,1.179,1.732,0.0181,False
2023-12-31,1.179,1.732,0.0,False
2024-01-02,1.153,1.706,-0.022099999999999998,False
2024-01-03,1.128,1.681,-0.0217,False
2024-01-04,1.12,1.673,-0.0070999999999999995,False
2024-01-05,1.097,1.65,-0.020499999999999997,False
2024-01-08,1.076,1.629,-0.0191,False
2024-01-09,1.084,1.637,0.0074,False
2024-01-10,1.069,1.622,-0.0138,False
2024-01-11,1.089,1.642,0.0187,False
2024-01-12,1.069,1.622,-0.0184,False
2024-01-15,1.071,1.624,0.0019,False
2024-01-16,1.073,1.626,0.0019,False
2024-01-17,1.048,1.601,-0.0233,False
2024-01-18,1.083,1.636,0.0334,False
2024-01-19,1.075,1.628,-0.0074,False
2024-01-22,1.048,1.601,-0.025099999999999997,False
2024-01-23,1.064,1.617,0.015300000000000001,False
2024-01-24,1.059,1.612,-0.004699999999999999,False
2024-01-25,1.073,1.626,0.0132,False
2024-01-26,1.034,1.587,-0.0363,False
2024-01-29,0.976,1.529,-0.056100000000000004,False
2024-01-30,0.957,1.51,-0.0195,False
2024-01-31,0.94,1.493,-0.0178,False
2024-02-01,0.964,1.517,0.0255,False
2024-02-02,0.942,1.495,-0.022799999999999997,False
2024-02-05,0.927,1.48,-0.0159,False
2024-02-06,0.996,1.549,0.07440000000000001,False
2024-02-07,1.005,1.558,0.009000000000000001,False
2024-02-08,1.044,1.597,0.0388,False
2024-02-19,1.11,1.663,0.0632,False
2024-02-20,1.113,1.666,0.0027,False
2024-02-21,1.103,1.656,-0.009000000000000001,False
2024-02-22,1.121,1.674,0.0163,False
2024-02-23,1.137,1.69,0.0143,False
2024-02-26,1.144,1.697,0.0062,False
2024-02-27,1.196,1.749,0.0455,False
2024-02-28,1.134,1.687,-0.0518,False
2024-02-29,1.177,1.73,0.0379,False
2024-03-01,1.208,1.761,0.0263,False
2024-03-04,1.241,1.794,0.0273,False
2024-03-05,1.233,1.786,-0.0064,False
2024-03-06,1.228,1.781,-0.0040999999999999995,False
2024-03-07,1.208,1.761,-0.0163,False
2024-03-08,1.244,1.797,0.0298,False
2024-03-11,1.259,1.812,0.0121,False
2024-03-12,1.254,1.807,-0.004,False
2024-03-13,1.256,1.809,0.0016,False
2024-03-14,1.256,1.809,0.0,False
2024-03-15,1.291,1.844,0.0279,False
2024-03-18,1.32,1.873,0.0225,False
2024-03-19,1.308,1.861,-0.0091,False
2024-03-20,1.3,1.853,-0.0060999999999999995,False
2024-03-21,1.293,1.846,-0.0054,False
2024-03-22,1.288,1.841,-0.0039000000000000003,False
2024-03-25,1.26,1.813,-0.0217,False
2024-03-26,1.25,1.803,-0.0079,False
2024-03-27,1.216,1.769,-0.027200000000000002,False
2024-03-28,1.241,1.794,0.0206,False
2024-03-29,1.234,1.787,-0.005600000000000001,False
2024-04-01,1.27,1.823,0.0292,False
2024-04-02,1.254,1.807,-0.0126,False
2024-04-03,1.219,1.772,-0.0279,False
2024-04-08,1.223,1.776,0.0033,False
2024-04-09,1.219,1.772,-0.0033,False
2024-04-10,1.191,1.744,-0.023,False
2024-04-11,1.192,1.745,0.0008,False
2024-04-12,1.222,1.775,0.0252,False
2024-04-15,1.223,1.776,0.0008,False
2024-04-16,1.197,1.75,-0.0213,False
2024-04-17,1.234,1.787,0.030899999999999997,False
2024-04-18,1.235,1.788,0.0008,False
2024-04-19,1.201,1.754,-0.0275,False
2024-04-22,1.172,1.725,-0.0241,False
2024-04-23,1.186,1.739,0.011899999999999999,False
2024-04-24,1.232,1.785,0.0388,False
2024-04-25,1.224,1.777,-0.006500000000000001,False
2024-04-26,1.28,1.833,0.0458,False
2024-04-29,1.312,1.865,0.025,False
2024-04-30,1.3,1.853,-0.0091,False
2024-05-06,1.3,1.853,0.0,False
2024-05-07,1.281,1.834,-0.0146,False
2024-05-08,1.259,1.812,-0.0172,False
2024-05-09,1.263,1.816,0.0032,False
2024-05-10,1.242,1.795,-0.0166,False
2024-05-13,1.235,1.788,-0.005600000000000001,False
2024-05-14,1.227,1.78,-0.006500000000000001,False
2024-05-15,1.232,1.785,0.0040999999999999995,False
2024-05-16,1.251,1.804,0.0154,False
2024-05-17,1.263,1.816,0.0096,False
2024-05-20,1.286,1.839,0.0182,False
2024-05-21,1.275,1.828,-0.0086,False
2024-05-22,1.274,1.827,-0.0008,False
2024-05-23,1.265,1.818,-0.0070999999999999995,False
2024-05-24,1.228,1.781,-0.0292,False
2024-05-27,1.246,1.799,0.0147,False
2024-05-28,1.225,1.778,-0.0169,False
2024-05-29,1.227,1.78,0.0016,False
2024-05-30,1.226,1.779,-0.0008,False
2024-05-31,1.221,1.774,-0.0040999999999999995,False
2024-06-03,1.261,1.814,0.032799999999999996,False
2024-06-04,1.267,1.82,0.0048,False
2024-06-05,1.256,1.809,-0.0087,False
2024-06-06,1.271,1.824,0.011899999999999999,False
2024-06-07,1.236,1.789,-0.0275,False
2024-06-11,1.247,1.8,0.0089,False
2024-06-12,1.258,1.811,0.0088,False
2024-06-13,1.285,1.838,0.0215,False
2024-06-14,1.336,1.889,0.0397,False
2024-06-17,1.364,1.917,0.021,False
2024-06-18,1.389,1.942,0.0183,False
2024-06-19,1.378,1.931,-0.0079,False
2024-06-20,1.366,1.919,-0.0087,False
2024-06-21,1.362,1.915,-0.0029,False
2024-06-24,1.338,1.891,-0.0176,False
2024-06-25,1.298,1.851,-0.029900000000000003,False
2024-06-26,1.326,1.879,0.0216,False
2024-06-27,1.303,1.856,-0.0173,False
2024-06-28,1.316,1.869,0.01,False
2024-06-30,1.316,1.869,0.0,False
2024-07-01,1.336,1.889,0.0152,False
2024-07-02,1.323,1.876,-0.0097,False
2024-07-03,1.314,1.867,-0.0068000000000000005,False
2024-07-04,1.313,1.866,-0.0008,False
2024-07-05,1.309,1.862,-0.003,False
2024-07-08,1.312,1.865,0.0023,False
2024-07-09,1.377,1.93,0.0495,False
2024-07-10,1.392,1.945,0.0109,False
2024-07-11,1.385,1.938,-0.005,False
2024-07-12,1.367,1.92,-0.013000000000000001,False
2024-07-15,1.36,1.913,-0.0051,False
2024-07-16,1.393,1.946,0.024300000000000002,False
2024-07-17,1.351,1.904,-0.0302,False
2024-07-18,1.351,1.904,0.0,False
2024-07-19,1.332,1.885,-0.0141,False
2024-07-22,1.335,1.888,0.0023,False
2024-07-23,1.3,1.853,-0.0262,False
2024-07-24,1.291,1.844,-0.0069,False
2024-07-25,1.246,1.799,-0.0349,False
2024-07-26,1.261,1.814,0.012,False
2024-07-29,1.276,1.829,0.011899999999999999,False
2024-07-30,1.264,1.817,-0.009399999999999999,False
2024-07-31,1.299,1.852,0.0277,False
2024-08-01,1.298,1.851,-0.0008,False
2024-08-02,1.232,1.785,-0.0508,False
2024-08-05,1.165,1.718,-0.054400000000000004,False
2024-08-06,1.195,1.748,0.0258,False
2024-08-07,1.187,1.74,-0.0067,False
2024-08-08,1.177,1.73,-0.0084,False
2024-08-09,1.197,1.75,0.017,False
2024-08-12,1.198,1.751,0.0008,False
2024-08-13,1.21,1.763,0.01,False
2024-08-14,1.195,1.748,-0.0124,False
2024-08-15,1.199,1.752,0.0033,False
2024-08-16,1.222,1.775,0.0192,False
2024-08-19,1.225,1.778,0.0025,False
2024-08-20,1.215,1.768,-0.008199999999999999,False
2024-08-21,1.226,1.779,0.0091,False
2024-08-22,1.221,1.774,-0.0040999999999999995,False
2024-08-23,1.211,1.764,-0.008199999999999999,False
2024-08-26,1.196,1.749,-0.0124,False
2024-08-27,1.182,1.735,-0.011699999999999999,False
2024-08-28,1.181,1.734,-0.0008,False
2024-08-29,1.169,1.722,-0.0102,False
2024-08-30,1.206,1.759,0.0317,False
2024-09-02,1.171,1.724,-0.028999999999999998,False
2024-09-03,1.18,1.733,0.0077,False
2024-09-04,1.163,1.716,-0.0144,False
2024-09-05,1.161,1.714,-0.0017000000000000001,False
2024-09-06,1.14,1.693,-0.0181,False
2024-09-09,1.141,1.694,0.0009,False
2024-09-10,1.155,1.708,0.0123,False
2024-09-11,1.163,1.716,0.0069,False
2024-09-12,1.163,1.716,0.0,False
2024-09-13,1.187,1.74,0.0206,False
2024-09-18,1.176,1.729,-0.009300000000000001,False
2024-09-19,1.165,1.718,-0.009399999999999999,False
2024-09-20,1.165,1.718,0.0,False
2024-09-23,1.16,1.713,-0.0043,False
2024-09-24,1.228,1.781,0.058600000000000006,False
2024-09-25,1.228,1.781,0.0,False
2024-09-26,1.262,1.815,0.0277,False
2024-09-27,1.33,1.883,0.053899999999999997,False
2024-09-30,1.486,2.039,0.1173,False
2024-10-08,1.679,2.232,0.12990000000000002,False
2024-10-09,1.589,2.142,-0.0536,False
2024-10-10,1.556,2.109,-0.0208,False
2024-10-11,1.513,2.066,-0.0276,False
2024-10-14,1.546,2.099,0.0218,False
2024-10-15,1.509,2.062,-0.0239,False
2024-10-16,1.471,2.024,-0.0252,False
2024-10-17,1.474,2.027,0.002,False
2024-10-18,1.58,2.133,0.0719,False
2024-10-21,1.585,2.138,0.0032,False
2024-10-22,1.596,2.149,0.0069,False
2024-10-23,1.575,2.128,-0.0132,False
2024-10-24,1.584,2.137,0.005699999999999999,False
2024-10-25,1.599,2.152,0.0095,False
2024-10-28,1.592,2.145,-0.0044,False
2024-10-29,1.564,2.117,-0.0176,False
2024-10-30,1.555,2.108,-0.0058,False
2024-10-31,1.545,2.098,-0.0064,False
2024-11-01,1.514,2.067,-0.020099999999999996,False
2024-11-04,1.542,2.095,0.018500000000000003,False
2024-11-05,1.587,2.14,0.0292,False
2024-11-06,1.577,2.13,-0.0063,False
2024-11-07,1.608,2.161,0.0197,False
2024-11-08,1.62,2.173,0.0075,False
2024-11-11,1.663,2.216,0.0265,False
2024-11-12,1.654,2.207,-0.0054,False
2024-11-13,1.684,2.237,0.0181,False
2024-11-14,1.627,2.18,-0.0338,False
2024-11-15,1.561,2.114,-0.0406,False
2024-11-18,1.534,2.087,-0.0173,False
2024-11-19,1.578,2.131,0.0287,False
2024-11-20,1.596,2.149,0.011399999999999999,False
2024-11-21,1.592,2.145,-0.0025,False
2024-11-22,1.546,2.099,-0.028900000000000002,False
2024-11-25,1.522,2.075,-0.0155,False
2024-11-26,1.506,2.059,-0.0105,False
2024-11-27,1.547,2.1,0.027200000000000002,False
2024-11-28,1.521,2.074,-0.0168,False
2024-11-29,1.556,2.109,0.023,False
2024-12-02,1.592,2.145,0.0231,False
2024-12-03,1.584,2.137,-0.005,False
2024-12-04,1.559,2.112,-0.0158,False
2024-12-05,1.582,2.135,0.0148,False
2024-12-06,1.584,2.137,0.0013,False
2024-12-09,1.559,2.112,-0.0158,False
2024-12-10,1.555,2.108,-0.0026,False
2024-12-11,1.559,2.112,0.0026,False
2024-12-12,1.584,2.137,0.016,False
2024-12-13,1.56,2.113,-0.0152,False
2024-12-16,1.546,2.099,-0.009000000000000001,False
2024-12-17,1.546,2.099,0.0,False
2024-12-18,1.556,2.109,0.006500000000000001,False
2024-12-19,1.583,2.136,0.0174,False
2024-12-20,1.601,2.154,0.011399999999999999,False
2024-12-23,1.566,2.119,-0.0219,False
2024-12-24,1.579,2.132,0.0083,False
2024-12-25,1.584,2.137,0.0032,False
2024-12-26,1.65,2.203,0.0417,False
2024-12-27,1.624,2.177,-0.0158,False
2024-12-30,1.618,2.171,-0.0037,False
2024-12-31,1.558,2.111,-0.0371,False
2025-01-02,1.544,2.097,-0.009000000000000001,False
2025-01-03,1.513,2.066,-0.020099999999999996,False
2025-01-06,1.518,2.071,0.0033,False
2025-01-07,1.601,2.154,0.0547,False
2025-01-08,1.619,2.172,0.011200000000000002,False
2025-01-09,1.631,2.184,0.0074,False
2025-01-10,1.587,2.14,-0.027000000000000003,False
2025-01-13,1.58,2.133,-0.0044,False
2025-01-14,1.64,2.193,0.038,False
2025-01-15,1.626,2.179,-0.0085,False
2025-01-16,1.638,2.191,0.0074,False
2025-01-17,1.652,2.205,0.0085,False
2025-01-20,1.689,2.242,0.022400000000000003,False
2025-01-21,1.729,2.282,0.023700000000000002,False
2025-01-22,1.776,2.329,0.027200000000000002,False
2025-01-23,1.753,2.306,-0.013000000000000001,False
2025-01-24,1.781,2.334,0.016,False
2025-01-27,1.698,2.251,-0.0466,False
2025-02-05,1.619,2.172,-0.04650000000000001,False
2025-02-06,1.68,2.233,0.0377,False
2025-02-07,1.718,2.271,0.0226,False
2025-02-10,1.721,2.274,0.0017000000000000001,False
2025-02-11,1.735,2.288,0.008100000000000001,False
2025-02-12,1.758,2.311,0.013300000000000001,False
2025-02-13,1.727,2.28,-0.0176,False
2025-02-14,1.713,2.266,-0.008100000000000001,False
2025-02-17,1.778,2.331,0.0379,False
2025-02-18,1.746,2.299,-0.018000000000000002,False
2025-02-19,1.785,2.338,0.0223,False
2025-02-20,1.796,2.349,0.0062,False
2025-02-21,1.875,2.428,0.044000000000000004,False
2025-02-24,1.846,2.399,-0.0155,False
2025-02-25,1.824,2.377,-0.011899999999999999,False
2025-02-26,1.829,2.382,0.0027,False
2025-02-27,1.774,2.327,-0.0301,False
2025-02-28,1.665,2.218,-0.061399999999999996,False
2025-03-03,1.63,2.183,-0.021,False
2025-03-04,1.64,2.193,0.0060999999999999995,False
2025-03-05,1.677,2.23,0.0226,False
2025-03-06,1.71,2.263,0.0197,False
2025-03-07,1.686,2.239,-0.013999999999999999,False
2025-03-10,1.702,2.255,0.0095,False
2025-03-11,1.683,2.236,-0.011200000000000002,False
2025-03-12,1.678,2.231,-0.003,False
2025-03-13,1.637,2.19,-0.024399999999999998,False
2025-03-14,1.691,2.244,0.033,False
2025-03-17,1.683,2.236,-0.004699999999999999,False
2025-03-18,1.681,2.234,-0.0012,False
2025-03-19,1.633,2.186,-0.0286,False
2025-03-20,1.618,2.171,-0.0092,False
2025-03-21,1.581,2.134,-0.0229,False
2025-03-24,1.595,2.148,0.0089,False
2025-03-25,1.556,2.109,-0.0245,False
2025-03-26,1.552,2.105,-0.0026,False
2025-03-27,1.547,2.1,-0.0032,False
2025-03-28,1.533,2.086,-0.009000000000000001,False
2025-03-31,1.538,2.091,0.0033,False
2025-04-01,1.528,2.081,-0.006500000000000001,False
2025-04-02,1.542,2.095,0.0092,False
2025-04-03,1.5,2.053,-0.027200000000000002,False
2025-04-07,1.321,1.874,-0.1193,False
2025-04-08,1.298,1.851,-0.0174,False
2025-04-09,1.325,1.878,0.0208,False
2025-04-10,1.369,1.922,0.0332,False
2025-04-11,1.393,1.946,0.0175,False
2025-04-14,1.403,1.956,0.0072,False
2025-04-15,1.394,1.947,-0.0064,False
2025-04-16,1.371,1.924,-0.0165,False
2025-04-17,1.373,1.926,0.0015,False
2025-04-18,1.376,1.929,0.0022,False
2025-04-21,1.426,1.979,0.0363,False
2025-04-22,1.399,1.952,-0.0189,False
2025-04-23,1.443,1.996,0.0315,False
2025-04-24,1.427,1.98,-0.0111,False
2025-04-25,1.442,1.995,0.0105,False
2025-04-28,1.444,1.997,0.0014000000000000002,False
2025-04-29,1.443,1.996,-0.0007000000000000001,False
2025-04-30,1.461,2.014,0.0125,False
2025-05-06,1.499,2.052,0.026000000000000002,False
2025-05-07,1.501,2.054,0.0013,False
2025-05-08,1.51,2.063,0.006,False
2025-05-09,1.483,2.036,-0.0179,False
2025-05-12,1.507,2.06,0.016200000000000003,False
2025-05-13,1.504,2.057,-0.002,False
2025-05-14,1.51,2.063,0.004,False
2025-05-15,1.472,2.025,-0.0252,False
2025-05-16,1.481,2.034,0.0060999999999999995,False
2025-05-19,1.463,2.016,-0.012199999999999999,False
2025-05-20,1.468,2.021,0.0034000000000000002,False
2025-05-21,1.452,2.005,-0.0109,False
2025-05-22,1.448,2.001,-0.0028000000000000004,False
2025-05-23,1.436,1.989,-0.0083,False
2025-05-26,1.439,1.992,0.0021,False
2025-05-27,1.402,1.955,-0.025699999999999997,False
2025-05-28,1.424,1.977,0.015700000000000002,False
2025-05-29,1.444,1.997,0.013999999999999999,False
2025-05-30,1.423,1.976,-0.014499999999999999,False
2025-06-03,1.413,1.966,-0.006999999999999999,False
2025-06-04,1.466,2.019,0.0375,False
2025-06-05,1.524,2.077,0.039599999999999996,False
2025-06-06,1.533,2.086,0.0059,False
2025-06-09,1.549,2.102,0.0104,False
2025-06-10,1.528,2.081,-0.013600000000000001,False
2025-06-11,1.533,2.086,0.0033,False
2025-06-12,1.551,2.104,0.011699999999999999,False
2025-06-13,1.541,2.094,-0.0064,False
2025-06-16,1.571,2.124,0.0195,False
2025-06-17,1.559,2.112,-0.0076,False
2025-06-18,1.594,2.147,0.0225,False
2025-06-19,1.589,2.142,-0.0031,False
2025-06-20,1.563,2.116,-0.016399999999999998,False
2025-06-23,1.552,2.105,-0.006999999999999999,False
2025-06-24,1.574,2.127,0.014199999999999999,False
2025-06-25,1.59,2.143,0.0102,False
2025-06-26,1.59,2.143,0.0,False
2025-06-27,1.608,2.161,0.0113,False
2025-06-30,1.641,2.194,0.020499999999999997,False
2025-07-01,1.642,2.195,0.0006,False
2025-07-02,1.602,2.155,-0.024399999999999998,False
2025-07-03,1.622,2.175,0.0125,False
2025-07-04,1.621,2.174,-0.0006,False
2025-07-07,1.609,2.162,-0.0074,False
2025-07-08,1.659,2.212,0.0311,False
2025-07-09,1.662,2.215,0.0018,False
2025-07-10,1.66,2.213,-0.0012,False
2025-07-11,1.663,2.216,0.0018,False
2025-07-14,1.673,2.226,0.006,False
2025-07-15,1.742,2.295,0.0412,False
2025-07-16,1.75,2.303,0.0046,False
2025-07-17,1.799,2.352,0.027999999999999997,False
2025-07-18,1.786,2.339,-0.0072,False
2025-07-21,1.78,2.333,-0.0034000000000000002,False
2025-07-22,1.778,2.331,-0.0011,False
2025-07-23,1.779,2.332,0.0006,False
2025-07-24,1.767,2.32,-0.0067,False
2025-07-25,1.776,2.329,0.0051,False
2025-07-28,1.809,2.362,0.018600000000000002,False
2025-07-29,1.872,2.425,0.0348,False
2025-07-30,1.866,2.419,-0.0032,False
2025-07-31,1.87,2.423,0.0021,False
2025-08-01,1.831,2.384,-0.0209,False
2025-08-04,1.839,2.392,0.0044,False
2025-08-05,1.854,2.407,0.008199999999999999,False
2025-08-06,1.86,2.413,0.0032,False
2025-08-07,1.859,2.412,-0.0005,False
2025-08-08,1.846,2.399,-0.006999999999999999,False
2025-08-11,1.892,2.445,0.024900000000000002,False
2025-08-12,1.953,2.506,0.0322,False
2025-08-13,2.062,2.615,0.0558,False
2025-08-14,2.026,2.579,-0.0175,False
2025-08-15,2.029,2.582,0.0015,False
2025-08-18,2.088,2.641,0.0291,False
2025-08-19,2.14,2.693,0.024900000000000002,False
2025-08-20,2.136,2.689,-0.0019,False
2025-08-21,2.124,2.677,-0.005600000000000001,False
2025-08-22,2.195,2.748,0.0334,False
2025-08-25,2.299,2.852,0.047400000000000005,False
2025-08-26,2.278,2.831,-0.0091,False
2025-08-27,2.329,2.882,0.022400000000000003,False
2025-08-28,2.476,3.029,0.06309999999999999,False
2025-08-29,2.501,3.054,0.0101,False
2025-09-01,2.574,3.127,0.0292,False
2025-09-02,2.543,3.096,-0.012,False
2025-09-03,2.579,3.132,0.014199999999999999,False
2025-09-04,2.452,3.005,-0.0492,False
2025-09-05,2.55,3.103,0.04,False
2025-09-08,2.483,3.036,-0.0263,False
2025-09-09,2.467,3.02,-0.0064,False
2025-09-10,2.522,3.075,0.0223,False
2025-09-11,2.649,3.202,0.0504,False
2025-09-12,2.616,3.169,-0.0125,False
2025-09-15,2.601,3.154,-0.005699999999999999,False
2025-09-16,2.624,3.177,0.0088,False
2025-09-17,2.644,3.197,0.0076,False
2025-09-18,2.684,3.237,0.0151,False
2025-09-19,2.676,3.229,-0.003,False
2025-09-22,2.723,3.276,0.0176,False
2025-09-23,2.704,3.257,-0.006999999999999999,False
2025-09-24,2.681,3.234,-0.0085,False
2025-09-25,2.7,3.253,0.0070999999999999995,False
2025-09-26,2.609,3.162,-0.0337,False
2025-09-29,2.674,3.227,0.024900000000000002,False
2025-09-30,2.664,3.217,-0.0037,False
2025-10-09,2.648,3.201,-0.006,False
2025-10-10,2.56,3.113,-0.0332,False
2025-10-13,2.504,3.057,-0.0219,False
2025-10-14,2.393,2.946,-0.0443,False
2025-10-15,2.459,3.012,0.0276,False
2025-10-16,2.461,3.014,0.0008,False
2025-10-17,2.401,2.954,-0.024399999999999998,False
2025-10-20,2.475,3.028,0.0308,False
2025-10-21,2.616,3.169,0.057,False
2025-10-22,2.599,3.152,-0.006500000000000001,False
2025-10-23,2.566,3.119,-0.0127,False
2025-10-24,2.717,3.27,0.0588,False
2025-10-27,2.814,3.367,0.035699999999999996,False
2025-10-28,2.825,3.378,0.0039000000000000003,False
2025-10-29,2.871,3.424,0.0163,False
2025-10-30,2.781,3.334,-0.0313,False
2025-10-31,2.689,3.242,-0.0331,False
2025-11-03,2.715,3.268,0.0097,False
2025-11-04,2.669,3.222,-0.0169,False
2025-11-05,2.671,3.224,0.0007000000000000001,False
2025-11-06,2.758,3.311,0.0326,False
2025-11-07,2.701,3.254,-0.0207,False
2025-11-10,2.659,3.212,-0.0155,False
2025-11-11,2.602,3.155,-0.021400000000000002,False
2025-11-12,2.6,3.153,-0.0008,False
2025-11-13,2.599,3.152,-0.0004,False
2025-11-14,2.517,3.07,-0.0316,False
2025-11-17,2.545,3.098,0.0111,False
2025-11-18,2.548,3.101,0.0012,False
2025-11-19,2.57,3.123,0.0086,False
2025-11-20,2.597,3.15,0.0105,False
2025-11-21,2.484,3.037,-0.0435,False
2025-11-24,2.483,3.036,-0.0004,False
2025-11-25,2.59,3.143,0.0431,False
2025-11-26,2.696,3.249,0.0409,False
2025-11-27,2.666,3.219,-0.0111,False
2025-11-28,2.677,3.23,0.0040999999999999995,False
2025-12-01,2.71,3.263,0.0123,False
2025-12-02,2.707,3.26,-0.0011,False
2025-12-03,2.707,3.26,0.0,False
2025-12-04,2.736,3.289,0.010700000000000001,False
2025-12-05,2.759,3.312,0.0084,False
2025-12-08,2.882,3.435,0.0446,False
2025-12-09,2.982,3.535,0.0347,False
2025-12-10,2.968,3.521,-0.004699999999999999,False
2025-12-11,2.888,3.441,-0.027000000000000003,False
2025-12-12,2.911,3.464,0.008,False
2025-12-15,2.848,3.401,-0.0216,False
2025-12-16,2.801,3.354,-0.0165,False
2025-12-17,2.945,3.498,0.051399999999999994,False
2025-12-18,2.862,3.415,-0.0282,False
2025-12-19,2.845,3.398,-0.0059,False
2025-12-22,2.948,3.501,0.0362,False
2025-12-23,2.982,3.535,0.0115,False
2025-12-24,3.018,3.571,0.0121,False
2025-12-25,3.032,3.585,0.0046,False
2025-12-26,3.009,3.562,-0.0076,False
2025-12-29,3.033,3.586,0.008,False
2025-12-30,3.041,3.594,0.0026,False
2025-12-31,2.984,3.537,-0.0187,False
2026-01-05,3.045,3.598,0.0204,False
2026-01-06,3.022,3.575,-0.0076,False
2026-01-07,3.061,3.614,0.0129,False
2026-01-08,3.011,3.564,-0.0163,False
2026-01-09,3.016,3.569,0.0017000000000000001,False
2026-01-12,3.021,3.574,0.0017000000000000001,False
2026-01-13,2.965,3.518,-0.018500000000000003,False
2026-01-14,3.021,3.574,0.0189,False
2026-01-15,3.087,3.64,0.0218,False
2026-01-16,3.145,3.698,0.018799999999999997,False
2026-01-19,3.121,3.674,-0.0076,False
2026-01-20,3.033,3.586,-0.0282,False
2026-01-21,3.119,3.672,0.028399999999999998,False
2026-01-22,3.203,3.756,0.0269,False
2026-01-23,3.111,3.664,-0.0287,False
2026-01-26,3.103,3.656,-0.0026,False
2026-01-27,3.178,3.731,0.0242,False
2026-01-28,3.195,3.748,0.0053,False
2026-01-29,3.132,3.685,-0.0197,False
2026-01-30,3.243,3.796,0.0354,False
2026-02-02,3.17,3.723,-0.0225,False
2026-02-03,3.271,3.824,0.0319,False
2026-02-04,3.218,3.771,-0.016200000000000003,False
2026-02-05,3.138,3.691,-0.024900000000000002,False
2026-02-06,3.111,3.664,-0.0086,False
2026-02-09,3.266,3.819,0.049800000000000004,False
2026-02-10,3.247,3.8,-0.0058,False
2026-02-11,3.187,3.74,-0.018500000000000003,False
2026-02-12,3.283,3.836,0.0301,False
2026-02-13,3.217,3.77,-0.020099999999999996,False
2026-02-24,3.323,3.876,0.0329,False
2026-02-25,3.353,3.906,0.009000000000000001,False
2026-02-26,3.423,3.976,0.0209,False
2026-02-27,3.326,3.879,-0.028300000000000002,False
2026-03-02,3.359,3.912,0.009899999999999999,False
2026-03-03,3.263,3.816,-0.0286,False
2026-03-04,3.235,3.788,-0.0086,False
2026-03-05,3.261,3.814,0.008,False
2026-03-06,3.253,3.806,-0.0025,False
2026-03-09,3.161,3.714,-0.028300000000000002,False
2026-03-10,3.304,3.857,0.0452,False
2026-03-11,3.264,3.817,-0.0121,False
2026-03-12,3.216,3.769,-0.0147,False
2026-03-13,3.212,3.765,-0.0012,False
2026-03-16,3.263,3.816,0.0159,False
2026-03-17,3.126,3.679,-0.042,False
2026-03-18,3.257,3.81,0.04190000000000001,False
2026-03-19,3.194,3.747,-0.019299999999999998,False
2026-03-20,3.267,3.82,0.0229,False
2026-03-23,3.138,3.691,-0.0395,False
2026-03-24,3.204,3.757,0.021,False
2026-03-25,3.297,3.85,0.028999999999999998,False
2026-03-26,3.241,3.794,-0.017,False
2026-03-27,3.236,3.789,-0.0015,False
2026-03-30,3.219,3.772,-0.0053,False
2026-03-31,3.128,3.681,-0.028300000000000002,False
2026-04-01,3.26,3.813,0.042199999999999994,False
2026-04-02,3.187,3.74,-0.022400000000000003,False
2026-04-03,3.269,3.822,0.025699999999999997,False
2026-04-07,3.262,3.815,-0.0021,False
2026-04-08,3.5,4.053,0.073,False
2026-04-09,3.52,4.073,0.005699999999999999,False
2026-04-10,3.632,4.185,0.0318,False
2026-04-13,3.656,4.209,0.0066,False
2026-04-14,3.755,4.308,0.0271,False
2026-04-15,3.717,4.27,-0.0101,False
2026-04-16,3.809,4.362,0.0248,False
2026-04-17,3.946,4.499,0.036000000000000004,False
2026-04-20,3.974,4.527,0.0070999999999999995,False
2026-04-21,3.988,4.541,0.0034999999999999996,False
2026-04-22,4.127,4.68,0.0349,False
2026-04-23,4.067,4.62,-0.014499999999999999,False
2026-04-24,3.989,4.542,-0.0192,False
2026-04-27,4.047,4.6,0.014499999999999999,False
2026-04-28,3.999,4.552,-0.011899999999999999,False
2026-04-29,4.026,4.579,0.0068000000000000005,False
2026-04-30,4.03,4.583,0.001,False
2026-05-06,4.156,4.709,0.0313,False
2026-05-07,4.279,4.832,0.0296,False
2026-05-08,4.262,4.815,-0.004,False
2026-05-11,4.406,4.959,0.0338,False
2026-05-12,4.439,4.992,0.0075,False
2026-05-13,4.585,5.138,0.0329,False
2026-05-14,4.506,5.059,-0.0172,False
2026-05-15,4.422,4.975,-0.018600000000000002,False
2026-05-18,4.42,4.973,-0.0005,False
2026-05-19,4.38,4.933,-0.009000000000000001,False
2026-05-20,4.45,5.003,0.016,False
2026-05-21,4.325,4.878,-0.0281,False
2026-05-22,4.582,5.135,0.0594,False
2026-05-25,4.794,5.347,0.0463,False
2026-05-26,4.853,5.406,0.0123,False
2026-05-27,4.828,5.381,-0.0052,False
2026-05-28,4.959,5.512,0.0271,False
2026-05-29,4.885,5.438,-0.0149,False
2026-06-01,4.7,5.253,-0.0379,False
2026-06-02,4.933,5.486,0.0496,False
2026-06-03,5.103,5.656,0.0345,False
2026-06-04,5.147,5.7,0.0086,False
2026-06-05,4.947,5.5,-0.038900000000000004,False
2026-06-08,4.815,5.368,-0.026699999999999998,False
2026-06-09,5.023,5.576,0.0432,False
2026-06-10,4.874,5.427,-0.0297,False
2026-06-11,4.844,5.397,-0.0062,False
2026-06-12,4.825,5.378,-0.0039000000000000003,False
2026-06-15,5.144,5.697,0.0661,False
2026-06-16,5.297,5.85,0.0297,False
2026-06-17,5.442,5.995,0.0274,False
2026-06-18,5.639,6.192,0.0362,False
2026-06-22,5.753,6.306,0.0202,False
2026-06-23,5.52,6.073,-0.0405,False
2026-06-24,5.655,6.208,0.0245,False
2026-06-25,5.824,6.377,0.029900000000000003,False
2026-06-26,5.526,6.079,-0.0512,False
2026-06-29,5.435,5.988,-0.0165,False
2026-06-30,5.691,6.244,0.0471,False
2026-07-01,5.484,6.037,-0.0364,False
2026-07-02,5.115,5.668,-0.0673,False
2026-07-03,5.155,5.708,0.0078000000000000005,False
2026-07-06,5.09,5.643,-0.0126,False
2026-07-07,5.056,5.609,-0.0067,False
2026-07-08,5.007,5.56,-0.0097,False
2026-07-09,5.29,5.843,0.0565,False
2026-07-10,5.063,5.616,-0.0429,False
2026-07-13,4.87,5.423,-0.0381,False
2026-07-14,5.152,5.705,0.0579,False
2026-07-15,4.99,5.543,-0.031400000000000004,False
2026-07-16,4.796,5.349,-0.038900000000000004,False
2026-07-17,4.381,4.934,-0.08650000000000001,False
2026-07-20,4.222,4.775,-0.0363,False
2026-07-21,4.589,5.142,0.08689999999999999,False
2026-07-22,4.489,5.042,-0.0218,False
2026-07-23,4.478,5.031,-0.0025,False
2026-07-24,4.38,4.933,-0.0219,False
2026-07-27,4.511,5.064,0.029900000000000003,False
2026-07-28,4.082,4.635,-0.0951,False
2026-07-29,4.088,4.641,0.0015,False
2026-07-30,3.77,4.323,-0.07780000000000001,False
2026-07-31,3.948,4.501,0.0472,False
2026-08-03,3.901,4.454,-0.011899999999999999,False
2026-08-04,4.254,4.807,0.09050000000000001,False
2026-08-05,4.344,4.897,0.0212,False
2026-08-06,4.369,4.922,0.0058,False
2026-08-07,4.484,5.037,0.0263,False
2026-08-10,4.377,4.93,-0.0239,False
2026-08-11,4.357,4.91,-0.0046,False
2026-08-12,4.498,5.051,0.032400000000000005,False
2026-08-13,4.516,5.069,0.004,False
2026-08-14,4.606,5.159,0.0199,False
2026-08-17,4.806,5.359,0.0434,False
2026-08-18,4.762,5.315,-0.0092,False
2026-08-19,4.433,4.986,-0.0691,False
2026-08-20,4.44,4.993,0.0016,False
2026-08-21,4.53,5.083,0.0203,False
2026-08-24,4.331,4.884,-0.043899999999999995,False
2026-08-25,4.315,4.868,-0.0037,False
2026-08-26,4.344,4.897,0.0067,False
2026-08-27,4.549,5.102,0.0472,False
2026-08-28,4.489,5.042,-0.0132,False
2026-08-31,4.549,5.102,0.0134,False
2026-09-01,4.437,4.99,-0.0246,False
2026-09-02,4.37,4.923,-0.0151,False
2026-09-03,4.401,4.954,0.0070999999999999995,False
2026-09-04,4.325,4.878,-0.0173,False
2026-09-07,4.644,5.197,0.0738,False
2026-09-08,4.622,5.175,-0.004699999999999999,False
2026-09-09,4.6,5.153,-0.0048,False
2026-09-10,4.584,5.137,-0.0034999999999999996,False
2026-09-11,4.587,5.14,0.0007000000000000001,False
2026-09-14,4.477,5.03,-0.024,False
