date,nav,nav_acc,daily_ret,suspicious_jump
2014-08-26,1.0,1.0,0.0,False
2014-08-29,1.001,1.001,0.0,False
2014-09-01,1.006,1.006,0.004995,False
2014-09-05,1.017,1.017,0.0,False
2014-09-12,1.037,1.037,0.0,False
2014-09-19,1.037,1.037,0.0,False
2014-09-26,1.052,1.052,0.0,False
2014-09-30,1.072,1.072,0.0,False
2014-10-10,1.072,1.072,0.0,False
2014-10-17,1.045,1.045,0.0,False
2014-10-24,1.04,1.04,0.0,False
2014-10-27,1.054,1.054,0.013462,False
2014-10-28,1.085,1.085,0.029411999999999997,False
2014-10-29,1.103,1.103,0.01659,False
2014-10-30,1.098,1.098,-0.004533,False
2014-10-31,1.087,1.087,-0.010018,False
2014-11-03,1.107,1.107,0.018399000000000002,False
2014-11-04,1.09,1.09,-0.015357,False
2014-11-05,1.082,1.082,-0.007339,False
2014-11-06,1.099,1.099,0.015712,False
2014-11-07,1.099,1.099,0.0,False
2014-11-10,1.101,1.101,0.00182,False
2014-11-11,1.066,1.066,-0.031789,False
2014-11-12,1.092,1.092,0.024390000000000002,False
2014-11-13,1.087,1.087,-0.004579,False
2014-11-14,1.075,1.075,-0.011040000000000001,False
2014-11-17,1.105,1.105,0.027907,False
2014-11-18,1.121,1.121,0.01448,False
2014-11-19,1.143,1.143,0.019625,False
2014-11-20,1.136,1.136,-0.006124000000000001,False
2014-11-21,1.135,1.135,-0.0008799999999999999,False
2014-11-24,1.15,1.15,0.013216,False
2014-11-25,1.185,1.185,0.030435,False
2014-11-26,1.211,1.211,0.021941000000000002,False
2014-11-27,1.217,1.217,0.004955,False
2014-11-28,1.246,1.246,0.023829,False
2014-12-01,1.269,1.269,0.018459,False
2014-12-02,1.275,1.275,0.0047279999999999996,False
2014-12-03,1.282,1.282,0.00549,False
2014-12-04,1.334,1.334,0.040561999999999994,False
2014-12-05,1.313,1.313,-0.015742,False
2014-12-08,1.258,1.258,-0.041889,False
2014-12-09,1.173,1.173,-0.067568,False
2014-12-10,1.205,1.205,0.027280000000000002,False
2014-12-11,1.197,1.197,-0.006639000000000001,False
2014-12-12,1.258,1.258,0.050961,False
2014-12-15,1.336,1.336,0.062003,False
2014-12-16,1.346,1.346,0.007485,False
2014-12-17,1.356,1.356,0.007429,False
2014-12-18,1.347,1.347,-0.006637,False
2014-12-19,1.321,1.321,-0.019302,False
2014-12-22,1.228,1.228,-0.07040099999999999,False
2014-12-23,1.189,1.189,-0.031759,False
2014-12-24,1.201,1.201,0.010093000000000001,False
2014-12-25,1.226,1.226,0.020815999999999998,False
2014-12-26,1.227,1.227,0.0008160000000000001,False
2014-12-29,1.17,1.17,-0.046455,False
2014-12-30,1.15,1.15,-0.017094,False
2014-12-31,1.161,1.161,0.009565,False
2015-01-05,1.15,1.15,-0.009475,False
2015-01-06,1.189,1.189,0.033913,False
2015-01-07,1.193,1.193,0.003364,False
2015-01-08,1.202,1.202,0.0075439999999999995,False
2015-01-09,1.213,1.213,0.009151,False
2015-01-12,1.247,1.247,0.02803,False
2015-01-13,1.277,1.277,0.024058000000000003,False
2015-01-14,1.273,1.273,-0.003132,False
2015-01-15,1.282,1.282,0.00707,False
2015-01-16,1.349,1.349,0.052262,False
2015-01-19,1.319,1.319,-0.022239,False
2015-01-20,1.38,1.38,0.046246999999999996,False
2015-01-21,1.405,1.405,0.018116,False
2015-01-22,1.407,1.407,0.001423,False
2015-01-23,1.352,1.352,-0.03909,False
2015-01-26,1.406,1.406,0.039941,False
2015-01-27,1.417,1.417,0.007824,False
2015-01-28,1.396,1.396,-0.01482,False
2015-01-29,1.374,1.374,-0.015759000000000002,False
2015-01-30,1.351,1.351,-0.016739,False
2015-02-02,1.393,1.393,0.031088,False
2015-02-03,1.467,1.467,0.053123,False
2015-02-04,1.482,1.482,0.010225,False
2015-02-05,1.52,1.52,0.025640999999999997,False
2015-02-06,1.454,1.454,-0.043421,False
2015-02-09,1.45,1.45,-0.002751,False
2015-02-10,1.501,1.501,0.035172,False
2015-02-11,1.545,1.545,0.029314,False
2015-02-12,1.547,1.547,0.0012939999999999998,False
2015-02-13,1.57,1.57,0.014866999999999998,False
2015-02-16,1.632,1.632,0.03949,False
2015-02-17,1.642,1.642,0.0061270000000000005,False
2015-02-25,1.588,1.588,-0.032887,False
2015-02-26,1.595,1.595,0.0044080000000000005,False
2015-02-27,1.642,1.642,0.029467,False
2015-03-02,1.691,1.691,0.029842,False
2015-03-03,1.661,1.661,-0.017741,False
2015-03-04,1.7,1.7,0.023479999999999997,False
2015-03-05,1.707,1.707,0.004118,False
2015-03-06,1.658,1.658,-0.028704999999999998,False
2015-03-09,1.704,1.704,0.027744,False
2015-03-10,1.74,1.74,0.021126999999999996,False
2015-03-11,1.737,1.737,-0.001724,False
2015-03-12,1.726,1.726,-0.006333,False
2015-03-13,1.796,1.796,0.040556,False
2015-03-16,1.884,1.884,0.048998,False
2015-03-17,1.881,1.881,-0.001592,False
2015-03-18,1.909,1.909,0.014886,False
2015-03-19,1.911,1.911,0.001048,False
2015-03-20,1.985,1.985,0.038723,False
2015-03-23,2.08,2.08,0.047859,False
2015-03-24,2.167,2.167,0.041826999999999996,False
2015-03-25,2.188,2.188,0.009691,False
2015-03-26,2.093,2.093,-0.043419,False
2015-03-27,2.131,2.131,0.018156000000000002,False
2015-03-30,2.035,2.035,-0.045049,False
2015-03-31,2.104,2.104,0.033907,False
2015-04-01,2.156,2.156,0.024714999999999997,False
2015-04-02,2.216,2.216,0.027829000000000003,False
2015-04-03,2.253,2.253,0.016697,False
2015-04-07,2.295,2.295,0.018642000000000002,False
2015-04-08,2.257,2.257,-0.016558,False
2015-04-09,2.286,2.286,0.012849,False
2015-04-10,2.35,2.35,0.027997,False
2015-04-13,2.406,2.406,0.02383,False
2015-04-14,2.4,2.4,-0.002494,False
2015-04-15,2.231,2.231,-0.070417,False
2015-04-16,2.253,2.253,0.009861,False
2015-04-17,2.221,2.221,-0.014202999999999999,False
2015-04-20,2.152,2.152,-0.031067,False
2015-04-21,2.293,2.293,0.06552,False
2015-04-22,2.4,2.4,0.046664000000000004,False
2015-04-23,2.461,2.461,0.025417000000000002,False
2015-04-24,2.475,2.475,0.005689,False
2015-04-27,2.488,2.488,0.005253,False
2015-04-28,2.42,2.42,-0.027330999999999998,False
2015-04-29,2.529,2.529,0.045041000000000005,False
2015-04-30,2.683,2.683,0.060894000000000004,False
2015-05-04,2.643,2.643,-0.014908999999999999,False
2015-05-05,2.58,2.58,-0.023837,False
2015-05-06,2.7,2.7,0.046512000000000005,False
2015-05-07,2.774,2.774,0.027407,False
2015-05-08,2.971,2.971,0.071017,False
2015-05-11,3.193,3.193,0.074722,False
2015-05-12,3.399,3.399,0.064516,False
2015-05-13,3.339,3.339,-0.017652,False
2015-05-14,3.189,3.189,-0.044924,False
2015-05-15,3.242,3.242,0.01662,False
2015-05-18,3.388,3.388,0.045034,False
2015-05-19,3.397,3.397,0.002656,False
2015-05-20,3.455,3.455,0.017074,False
2015-05-21,3.489,3.489,0.009840999999999999,False
2015-05-22,3.442,3.442,-0.013471,False
2015-05-25,3.337,3.337,-0.030506000000000002,False
2015-05-26,3.458,3.458,0.03626,False
2015-05-27,3.385,3.385,-0.021110000000000004,False
2015-05-28,3.256,3.256,-0.038109000000000004,False
2015-05-29,3.405,3.405,0.045762,False
2015-06-01,3.546,3.546,0.04141,False
2015-06-02,3.694,3.694,0.041737,False
2015-06-03,3.805,3.805,0.030049000000000003,False
2015-06-04,3.73,3.73,-0.019711,False
2015-06-05,3.696,3.696,-0.009115,False
2015-06-08,3.46,3.46,-0.063853,False
2015-06-09,3.405,3.405,-0.015896,False
2015-06-10,3.52,3.52,0.033774,False
2015-06-11,3.55,3.55,0.008523,False
2015-06-12,3.551,3.551,0.00028199999999999997,False
2015-06-15,3.331,3.331,-0.061954,False
2015-06-16,3.175,3.175,-0.046833,False
2015-06-17,3.386,3.386,0.066457,False
2015-06-18,3.193,3.193,-0.056999,False
2015-06-19,3.066,3.066,-0.039775,False
2015-06-23,3.12,3.12,0.017613,False
2015-06-24,3.049,3.049,-0.022756,False
2015-06-25,2.851,2.851,-0.064939,False
2015-06-26,2.593,2.593,-0.090495,False
2015-06-29,2.343,2.343,-0.096413,False
2015-06-30,2.449,2.449,0.045240999999999996,False
2015-07-01,2.3,2.3,-0.060841000000000006,False
2015-07-02,2.144,2.144,-0.067826,False
2015-07-03,2.002,2.002,-0.066231,False
2015-07-06,1.902,1.902,-0.04995,False
2015-07-07,1.779,1.779,-0.064669,False
2015-07-08,1.645,1.645,-0.075323,False
2015-07-09,1.715,1.715,0.042553,False
2015-07-10,1.815,1.815,0.058309,False
2015-07-13,1.932,1.932,0.06446299999999999,False
2015-07-14,1.972,1.972,0.020703999999999997,False
2015-07-15,1.843,1.843,-0.065416,False
2015-07-16,1.835,1.835,-0.004341,False
2015-07-17,1.951,1.951,0.06321500000000001,False
2015-07-20,2.016,2.016,0.033316,False
2015-07-21,2.072,2.072,0.027778,False
2015-07-22,2.087,2.087,0.007239,False
2015-07-23,2.171,2.171,0.040249,False
2015-07-24,2.16,2.16,-0.005067,False
2015-07-27,2.003,2.003,-0.072685,False
2015-07-28,1.852,1.852,-0.07538700000000001,False
2015-07-29,1.941,1.941,0.048056,False
2015-07-30,1.813,1.813,-0.065945,False
2015-07-31,1.735,1.735,-0.043023,False
2015-08-03,1.614,1.614,-0.069741,False
2015-08-04,1.727,1.727,0.070012,False
2015-08-05,1.7,1.7,-0.015634,False
2015-08-06,1.675,1.675,-0.014705999999999999,False
2015-08-07,1.78,1.78,0.06268699999999999,False
2015-08-10,1.895,1.895,0.064607,False
2015-08-11,1.916,1.916,0.011082000000000002,False
2015-08-12,1.85,1.85,-0.034447,False
2015-08-13,1.931,1.931,0.043784000000000003,False
2015-08-14,1.945,1.945,0.0072499999999999995,False
2015-08-17,1.957,1.957,0.00617,False
2015-08-18,1.803,1.803,-0.078692,False
2015-08-19,1.877,1.877,0.041043,False
2015-08-20,1.812,1.812,-0.03463,False
2015-08-21,1.682,1.682,-0.071744,False
2015-08-24,1.543,1.543,-0.08263999999999999,False
2015-08-25,1.416,1.416,-0.082307,False
2015-08-26,1.331,1.331,-0.060028,False
2015-08-27,1.371,1.371,0.030053,False
2015-08-28,1.459,1.459,0.06418700000000001,False
2015-08-31,1.389,1.389,-0.04797799999999999,False
2015-09-01,1.292,1.292,-0.069834,False
2015-09-02,1.235,1.235,-0.044118000000000004,False
2015-09-07,1.269,1.269,0.027530000000000002,False
2015-09-08,1.333,1.333,0.050433000000000006,False
2015-09-09,1.4,1.4,0.050263,False
2015-09-10,1.372,1.372,-0.02,False
2015-09-11,1.405,1.405,0.024051999999999997,False
2015-09-14,1.298,1.298,-0.076157,False
2015-09-15,1.21,1.21,-0.067797,False
2015-09-16,1.303,1.303,0.07686,False
2015-09-17,1.297,1.297,-0.004605000000000001,False
2015-09-18,1.331,1.331,0.026214,False
2015-09-21,1.412,1.412,0.060856,False
2015-09-22,1.426,1.426,0.009915,False
2015-09-23,1.441,1.441,0.010519,False
2015-09-24,1.458,1.458,0.011797,False
2015-09-25,1.383,1.383,-0.05144,False
2015-09-28,1.457,1.457,0.053507,False
2015-09-29,1.436,1.436,-0.014413,False
2015-09-30,1.426,1.426,-0.006964000000000001,False
2015-10-08,1.508,1.508,0.057504,False
2015-10-09,1.531,1.531,0.015251999999999998,False
2015-10-12,1.617,1.617,0.05617200000000001,False
2015-10-13,1.659,1.659,0.025974,False
2015-10-14,1.649,1.649,-0.006028,False
2015-10-15,1.721,1.721,0.043663,False
2015-10-16,1.771,1.771,0.029053,False
2015-10-19,1.781,1.781,0.005647,False
2015-10-20,1.853,1.853,0.040427,False
2015-10-21,1.741,1.741,-0.060443,False
2015-10-22,1.818,1.818,0.044226999999999995,False
2015-10-23,1.857,1.857,0.021452,False
2015-10-26,1.85,1.85,-0.00377,False
2015-10-27,1.886,1.886,0.019459,False
2015-10-28,1.806,1.806,-0.042418,False
2015-10-29,1.818,1.818,0.006645,False
2015-10-30,1.844,1.844,0.014301,False
2015-11-02,1.797,1.797,-0.025488,False
2015-11-03,1.788,1.788,-0.005008,False
2015-11-04,1.912,1.912,0.069351,False
2015-11-05,1.927,1.927,0.007845,False
2015-11-06,2.008,2.008,0.042034,False
2015-11-09,2.073,2.073,0.032371,False
2015-11-10,2.079,2.079,0.002894,False
2015-11-11,2.126,2.126,0.022607,False
2015-11-12,2.095,2.095,-0.014581,False
2015-11-13,2.037,2.037,-0.027685,False
2015-11-16,2.113,2.113,0.037309999999999996,False
2015-11-17,2.073,2.073,-0.01893,False
2015-11-18,2.019,2.019,-0.026049000000000003,False
2015-11-19,2.11,2.11,0.045072,False
2015-11-20,2.157,2.157,0.022275,False
2015-11-23,2.103,2.103,-0.025034999999999998,False
2015-11-24,2.146,2.146,0.020447000000000003,False
2015-11-25,2.204,2.204,0.027027000000000002,False
2015-11-26,2.178,2.178,-0.011797,False
2015-11-27,2.044,2.044,-0.061524,False
2015-11-30,2.048,2.048,0.001957,False
2015-12-01,1.998,1.998,-0.024413999999999998,False
2015-12-02,1.959,1.959,-0.01952,False
2015-12-03,2.04,2.04,0.041348,False
2015-12-04,2.025,2.025,-0.007352999999999999,False
2015-12-07,2.056,2.056,0.015309,False
2015-12-08,2.059,2.059,0.001459,False
2015-12-09,2.068,2.068,0.004371,False
2015-12-10,2.064,2.064,-0.001934,False
2015-12-11,2.048,2.048,-0.007752,False
2015-12-14,2.068,2.068,0.009766,False
2015-12-15,2.103,2.103,0.016925,False
2015-12-16,2.13,2.13,0.012839,False
2015-12-17,2.189,2.189,0.0277,False
2015-12-18,2.161,2.161,-0.012790999999999999,False
2015-12-21,2.147,2.147,-0.006478,False
2015-12-22,2.168,2.168,0.009781,False
2015-12-23,2.117,2.117,-0.023524,False
2015-12-24,2.105,2.105,-0.005667999999999999,False
2015-12-25,2.116,2.116,0.005226,False
2015-12-28,2.079,2.079,-0.017485999999999998,False
2015-12-29,2.069,2.069,-0.00481,False
2015-12-30,2.097,2.097,0.013533,False
2015-12-31,2.039,2.039,-0.027659,False
2016-01-04,1.877,1.877,-0.079451,False
2016-01-05,1.818,1.818,-0.031433,False
2016-01-06,1.867,1.867,0.026953,False
2016-01-07,1.711,1.711,-0.083557,False
2016-01-08,1.712,1.712,0.000584,False
2016-01-11,1.583,1.583,-0.07535,False
2016-01-12,1.578,1.578,-0.0031590000000000003,False
2016-01-13,1.501,1.501,-0.048796,False
2016-01-14,1.582,1.582,0.053964,False
2016-01-15,1.534,1.534,-0.030341,False
2016-01-18,1.588,1.588,0.035202,False
2016-01-19,1.652,1.652,0.040302,False
2016-01-20,1.631,1.631,-0.012712000000000001,False
2016-01-21,1.545,1.545,-0.052728000000000004,False
2016-01-22,1.574,1.574,0.01877,False
2016-01-25,1.592,1.592,0.011436,False
2016-01-26,1.476,1.476,-0.072864,False
2016-01-27,1.468,1.468,-0.00542,False
2016-01-28,1.376,1.376,-0.06267,False
2016-01-29,1.433,1.433,0.041424,False
2016-02-01,1.409,1.409,-0.016748,False
2016-02-02,1.484,1.484,0.053229,False
2016-02-03,1.493,1.493,0.006065,False
2016-02-04,1.526,1.526,0.022103,False
2016-02-05,1.488,1.488,-0.024902,False
2016-02-15,1.505,1.505,0.011425000000000001,False
2016-02-16,1.587,1.587,0.054485,False
2016-02-17,1.629,1.629,0.026465000000000002,False
2016-02-18,1.612,1.612,-0.010436,False
2016-02-19,1.623,1.623,0.006824,False
2016-02-22,1.662,1.662,0.02403,False
2016-02-23,1.662,1.662,0.0,False
2016-02-24,1.631,1.631,-0.018652,False
2016-02-25,1.511,1.511,-0.073574,False
2016-02-26,1.492,1.492,-0.012574,False
2016-02-29,1.402,1.402,-0.060321999999999994,False
2016-03-01,1.428,1.428,0.018545,False
2016-03-02,1.489,1.489,0.042717,False
2016-03-03,1.491,1.491,0.001343,False
2016-03-04,1.417,1.417,-0.049631,False
2016-03-07,1.453,1.453,0.025405999999999998,False
2016-03-08,1.471,1.471,0.012388,False
2016-03-09,1.434,1.434,-0.025153,False
2016-03-10,1.403,1.403,-0.021618,False
2016-03-11,1.398,1.398,-0.003564,False
2016-03-14,1.471,1.471,0.052217,False
2016-03-15,1.46,1.46,-0.007478,False
2016-03-16,1.445,1.445,-0.010274,False
2016-03-17,1.516,1.516,0.049135,False
2016-03-18,1.593,1.593,0.050792000000000004,False
2016-03-21,1.638,1.638,0.028249,False
2016-03-22,1.63,1.63,-0.004884,False
2016-03-23,1.675,1.675,0.027607,False
2016-03-24,1.637,1.637,-0.022687,False
2016-03-25,1.629,1.629,-0.004887,False
2016-03-28,1.615,1.615,-0.008594000000000001,False
2016-03-29,1.585,1.585,-0.018576,False
2016-03-30,1.659,1.659,0.046688,False
2016-03-31,1.655,1.655,-0.002411,False
2016-04-01,1.643,1.643,-0.007251,False
2016-04-05,1.697,1.697,0.032867,False
2016-04-06,1.695,1.695,-0.0011790000000000001,False
2016-04-07,1.671,1.671,-0.014159,False
2016-04-08,1.655,1.655,-0.009575,False
2016-04-11,1.682,1.682,0.016314,False
2016-04-12,1.67,1.67,-0.007134000000000001,False
2016-04-13,1.695,1.695,0.01497,False
2016-04-14,1.711,1.711,0.009439999999999999,False
2016-04-15,1.704,1.704,-0.004091,False
2016-04-18,1.673,1.673,-0.018192,False
2016-04-19,1.678,1.678,0.002989,False
2016-04-20,1.593,1.593,-0.050656,False
2016-04-21,1.567,1.567,-0.016321000000000002,False
2016-04-22,1.589,1.589,0.014039999999999999,False
2016-04-25,1.575,1.575,-0.008811,False
2016-04-26,1.591,1.591,0.010159,False
2016-04-27,1.587,1.587,-0.002514,False
2016-04-28,1.587,1.587,0.0,False
2016-04-29,1.584,1.584,-0.00189,False
2016-05-03,1.641,1.641,0.035985,False
2016-05-04,1.642,1.642,0.0006090000000000001,False
2016-05-05,1.658,1.658,0.009744000000000001,False
2016-05-06,1.589,1.589,-0.041616,False
2016-05-09,1.531,1.531,-0.036501,False
2016-05-10,1.522,1.522,-0.005879,False
2016-05-11,1.492,1.492,-0.019711,False
2016-05-12,1.497,1.497,0.0033510000000000002,False
2016-05-13,1.485,1.485,-0.008016,False
2016-05-16,1.509,1.509,0.016162,False
2016-05-17,1.526,1.526,0.011266,False
2016-05-18,1.483,1.483,-0.028178,False
2016-05-19,1.493,1.493,0.006743,False
2016-05-20,1.513,1.513,0.013395999999999998,False
2016-05-23,1.533,1.533,0.013219000000000002,False
2016-05-24,1.52,1.52,-0.00848,False
2016-05-25,1.515,1.515,-0.0032890000000000003,False
2016-05-26,1.527,1.527,0.007921000000000001,False
2016-05-27,1.516,1.516,-0.007204,False
2016-05-30,1.513,1.513,-0.001979,False
2016-05-31,1.594,1.594,0.053536,False
2016-06-01,1.608,1.608,0.008783,False
2016-06-02,1.625,1.625,0.010572,False
2016-06-03,1.639,1.639,0.008615000000000001,False
2016-06-06,1.644,1.644,0.003051,False
2016-06-07,1.643,1.643,-0.000608,False
2016-06-08,1.635,1.635,-0.004869,False
2016-06-13,1.54,1.54,-0.058103999999999996,False
2016-06-14,1.531,1.531,-0.005844,False
2016-06-15,1.584,1.584,0.034618,False
2016-06-16,1.576,1.576,-0.005051,False
2016-06-17,1.583,1.583,0.004442,False
2016-06-20,1.592,1.592,0.005685,False
2016-06-21,1.577,1.577,-0.009422,False
2016-06-22,1.617,1.617,0.025365000000000002,False
2016-06-23,1.621,1.621,0.002474,False
2016-06-24,1.609,1.609,-0.007403,False
2016-06-27,1.652,1.652,0.026725,False
2016-06-28,1.663,1.663,0.006659000000000001,False
2016-06-29,1.66,1.66,-0.001804,False
2016-06-30,1.666,1.666,0.003614,False
2016-07-01,1.652,1.652,-0.008403,False
2016-07-04,1.678,1.678,0.015738000000000002,False
2016-07-05,1.68,1.68,0.001192,False
2016-07-06,1.684,1.684,0.002381,False
2016-07-07,1.674,1.674,-0.005938,False
2016-07-08,1.678,1.678,0.002389,False
2016-07-11,1.672,1.672,-0.0035759999999999998,False
2016-07-12,1.687,1.687,0.008971,False
2016-07-13,1.705,1.705,0.010669999999999999,False
2016-07-14,1.706,1.706,0.0005870000000000001,False
2016-07-15,1.688,1.688,-0.010551,False
2016-07-18,1.684,1.684,-0.0023699999999999997,False
2016-07-19,1.696,1.696,0.007126,False
2016-07-20,1.697,1.697,0.0005899999999999999,False
2016-07-21,1.696,1.696,-0.000589,False
2016-07-22,1.679,1.679,-0.010024,False
2016-07-25,1.671,1.671,-0.004765,False
2016-07-26,1.69,1.69,0.01137,False
2016-07-27,1.594,1.594,-0.056805,False
2016-07-28,1.571,1.571,-0.014429,False
2016-07-29,1.553,1.553,-0.011458,False
2016-08-01,1.538,1.538,-0.009659,False
2016-08-02,1.553,1.553,0.009753,False
2016-08-03,1.553,1.553,0.0,False
2016-08-04,1.572,1.572,0.012234,False
2016-08-05,1.553,1.553,-0.012087,False
2016-08-08,1.57,1.57,0.010947,False
2016-08-09,1.583,1.583,0.00828,False
2016-08-10,1.576,1.576,-0.004422,False
2016-08-11,1.545,1.545,-0.01967,False
2016-08-12,1.557,1.557,0.007767,False
2016-08-15,1.606,1.606,0.031471,False
2016-08-16,1.606,1.606,0.0,False
2016-08-17,1.614,1.614,0.004981,False
2016-08-18,1.608,1.608,-0.003717,False
2016-08-19,1.611,1.611,0.0018659999999999998,False
2016-08-22,1.585,1.585,-0.016139,False
2016-08-23,1.588,1.588,0.001893,False
2016-08-24,1.603,1.603,0.009446,False
2016-08-25,1.594,1.594,-0.005614,False
2016-08-26,1.597,1.597,0.001882,False
2016-08-29,1.599,1.599,0.001252,False
2016-08-30,1.599,1.599,0.0,False
2016-08-31,1.591,1.591,-0.005003,False
2016-09-01,1.584,1.584,-0.0044,False
2016-09-02,1.579,1.579,-0.0031569999999999997,False
2016-09-05,1.583,1.583,0.002533,False
2016-09-06,1.612,1.612,0.01832,False
2016-09-07,1.607,1.607,-0.0031019999999999997,False
2016-09-08,1.615,1.615,0.004978,False
2016-09-09,1.594,1.594,-0.013003,False
2016-09-12,1.543,1.543,-0.031995,False
2016-09-13,1.548,1.548,0.0032400000000000003,False
2016-09-14,1.545,1.545,-0.001938,False
2016-09-19,1.565,1.565,0.012945,False
2016-09-20,1.561,1.561,-0.002556,False
2016-09-21,1.563,1.563,0.001281,False
2016-09-22,1.568,1.568,0.003199,False
2016-09-23,1.563,1.563,-0.003189,False
2016-09-26,1.532,1.532,-0.019834,False
2016-09-27,1.545,1.545,0.008486,False
2016-09-28,1.541,1.541,-0.002589,False
2016-09-29,1.545,1.545,0.002596,False
2016-09-30,1.556,1.556,0.00712,False
2016-10-10,1.598,1.598,0.026992,False
2016-10-11,1.598,1.598,0.0,False
2016-10-12,1.595,1.595,-0.001877,False
2016-10-13,1.595,1.595,0.0,False
2016-10-14,1.592,1.592,-0.0018809999999999999,False
2016-10-17,1.575,1.575,-0.010678,False
2016-10-18,1.597,1.597,0.013968000000000001,False
2016-10-19,1.596,1.596,-0.000626,False
2016-10-20,1.609,1.609,0.008145,False
2016-10-21,1.6,1.6,-0.005594,False
2016-10-24,1.615,1.615,0.009375,False
2016-10-25,1.62,1.62,0.003096,False
2016-10-26,1.606,1.606,-0.008642,False
2016-10-27,1.602,1.602,-0.0024909999999999997,False
2016-10-28,1.596,1.596,-0.003745,False
2016-10-31,1.594,1.594,-0.001253,False
2016-11-01,1.605,1.605,0.006901000000000001,False
2016-11-02,1.588,1.588,-0.010591999999999999,False
2016-11-03,1.593,1.593,0.0031490000000000003,False
2016-11-04,1.584,1.584,-0.00565,False
2016-11-07,1.581,1.581,-0.001894,False
2016-11-08,1.59,1.59,0.005693,False
2016-11-09,1.57,1.57,-0.012579,False
2016-11-10,1.591,1.591,0.013375999999999999,False
2016-11-11,1.593,1.593,0.001257,False
2016-11-14,1.602,1.602,0.00565,False
2016-11-15,1.616,1.616,0.008739,False
2016-11-16,1.615,1.615,-0.000619,False
2016-11-17,1.602,1.602,-0.00805,False
2016-11-18,1.597,1.597,-0.003121,False
2016-11-21,1.595,1.595,-0.001252,False
2016-11-22,1.618,1.618,0.014419999999999999,False
2016-11-23,1.618,1.618,0.0,False
2016-11-24,1.593,1.593,-0.015451,False
2016-11-25,1.605,1.605,0.007533,False
2016-11-28,1.596,1.596,-0.005607,False
2016-11-29,1.583,1.583,-0.008145,False
2016-11-30,1.597,1.597,0.008844,False
2016-12-01,1.596,1.596,-0.000626,False
2016-12-02,1.571,1.571,-0.015664,False
2016-12-05,1.564,1.564,-0.004456,False
2016-12-06,1.561,1.561,-0.001918,False
2016-12-07,1.572,1.572,0.007047,False
2016-12-08,1.555,1.555,-0.010813999999999999,False
2016-12-09,1.541,1.541,-0.009003,False
2016-12-12,1.452,1.452,-0.057755,False
2016-12-13,1.448,1.448,-0.002755,False
2016-12-14,1.437,1.437,-0.0075970000000000005,False
2016-12-15,1.447,1.447,0.006959,False
2016-12-16,1.47,1.47,0.015895,False
2016-12-19,1.457,1.457,-0.008844,False
2016-12-20,1.452,1.452,-0.003432,False
2016-12-21,1.459,1.459,0.004821,False
2016-12-22,1.456,1.456,-0.002056,False
2016-12-23,1.443,1.443,-0.008929,False
2016-12-26,1.443,1.443,0.0,False
2016-12-27,1.44,1.44,-0.002079,False
2016-12-28,1.431,1.431,-0.00625,False
2016-12-29,1.43,1.43,-0.0006990000000000001,False
2016-12-30,1.43,1.43,0.0,False
2016-12-31,1.43,1.43,0.0,False
2017-01-03,1.436,1.436,0.004196,False
2017-01-04,1.453,1.453,0.011838,False
2017-01-05,1.461,1.461,0.005506,False
2017-01-06,1.437,1.437,-0.016427,False
2017-01-09,1.439,1.439,0.001392,False
2017-01-10,1.435,1.435,-0.0027800000000000004,False
2017-01-11,1.424,1.424,-0.007665999999999999,False
2017-01-12,1.412,1.412,-0.008427,False
2017-01-13,1.384,1.384,-0.01983,False
2017-01-16,1.325,1.325,-0.04263,False
2017-01-17,1.345,1.345,0.015094000000000002,False
2017-01-18,1.334,1.334,-0.008178,False
2017-01-19,1.327,1.327,-0.005247000000000001,False
2017-01-20,1.351,1.351,0.018086,False
2017-01-23,1.358,1.358,0.005181,False
2017-01-24,1.345,1.345,-0.009573,False
2017-01-25,1.353,1.353,0.005948,False
2017-01-26,1.374,1.374,0.015521,False
2017-02-03,1.366,1.366,-0.005822000000000001,False
2017-02-06,1.382,1.382,0.011713,False
2017-02-07,1.376,1.376,-0.0043419999999999995,False
2017-02-08,1.387,1.387,0.007994,False
2017-02-09,1.394,1.394,0.005047,False
2017-02-10,1.383,1.383,-0.007891,False
2017-02-13,1.389,1.389,0.004338,False
2017-02-14,1.386,1.386,-0.00216,False
2017-02-15,1.373,1.373,-0.00938,False
2017-02-16,1.377,1.377,0.0029130000000000002,False
2017-02-17,1.367,1.367,-0.007261999999999999,False
2017-02-20,1.371,1.371,0.002926,False
2017-02-21,1.393,1.393,0.016047,False
2017-02-22,1.4,1.4,0.005024999999999999,False
2017-02-23,1.403,1.403,0.002143,False
2017-02-24,1.418,1.418,0.010690999999999999,False
2017-02-27,1.423,1.423,0.003526,False
2017-02-28,1.424,1.424,0.0007030000000000001,False
2017-03-01,1.431,1.431,0.004916,False
2017-03-02,1.428,1.428,-0.002096,False
2017-03-03,1.444,1.444,0.011204,False
2017-03-06,1.462,1.462,0.012464999999999999,False
2017-03-07,1.465,1.465,0.002052,False
2017-03-08,1.444,1.444,-0.014334,False
2017-03-09,1.438,1.438,-0.004155,False
2017-03-10,1.435,1.435,-0.002086,False
2017-03-13,1.455,1.455,0.013937,False
2017-03-14,1.453,1.453,-0.0013750000000000001,False
2017-03-15,1.447,1.447,-0.004129,False
2017-03-16,1.458,1.458,0.007602,False
2017-03-17,1.445,1.445,-0.008916,False
2017-03-20,1.445,1.445,0.0,False
2017-03-21,1.444,1.444,-0.000692,False
2017-03-22,1.434,1.434,-0.006925,False
2017-03-23,1.439,1.439,0.003487,False
2017-03-24,1.443,1.443,0.0027800000000000004,False
2017-03-27,1.431,1.431,-0.008316,False
2017-03-28,1.427,1.427,-0.002795,False
2017-03-29,1.421,1.421,-0.0042049999999999995,False
2017-03-30,1.394,1.394,-0.019001,False
2017-03-31,1.393,1.393,-0.000717,False
2017-04-05,1.415,1.415,0.015792999999999998,False
2017-04-06,1.419,1.419,0.002827,False
2017-04-07,1.42,1.42,0.0007049999999999999,False
2017-04-10,1.399,1.399,-0.014789000000000002,False
2017-04-11,1.396,1.396,-0.002144,False
2017-04-12,1.387,1.387,-0.0064470000000000005,False
2017-04-13,1.392,1.392,0.0036049999999999997,False
2017-04-14,1.376,1.376,-0.011493999999999999,False
2017-04-17,1.354,1.354,-0.015988,False
2017-04-18,1.345,1.345,-0.006646999999999999,False
2017-04-19,1.331,1.331,-0.010409,False
2017-04-20,1.332,1.332,0.000751,False
2017-04-21,1.314,1.314,-0.013514,False
2017-04-24,1.291,1.291,-0.017504,False
2017-04-25,1.3,1.3,0.006971000000000001,False
2017-04-26,1.311,1.311,0.008461999999999999,False
2017-04-27,1.322,1.322,0.008391,False
2017-04-28,1.326,1.326,0.0030259999999999996,False
2017-05-02,1.322,1.322,-0.003017,False
2017-05-03,1.323,1.323,0.000756,False
2017-05-04,1.324,1.324,0.000756,False
2017-05-05,1.315,1.315,-0.006797999999999999,False
2017-05-08,1.315,1.315,0.0,False
2017-05-09,1.329,1.329,0.010646,False
2017-05-10,1.323,1.323,-0.004515,False
2017-05-11,1.32,1.32,-0.002268,False
2017-05-12,1.311,1.311,-0.006817999999999999,False
2017-05-15,1.32,1.32,0.006865,False
2017-05-16,1.351,1.351,0.023485,False
2017-05-17,1.353,1.353,0.00148,False
2017-05-18,1.341,1.341,-0.008869,False
2017-05-19,1.333,1.333,-0.005966,False
2017-05-22,1.322,1.322,-0.008252,False
2017-05-23,1.297,1.297,-0.018911,False
2017-05-24,1.301,1.301,0.003084,False
2017-05-25,1.301,1.301,0.0,False
2017-05-26,1.289,1.289,-0.009224,False
2017-05-31,1.289,1.289,0.0,False
2017-06-01,1.262,1.262,-0.020946,False
2017-06-02,1.274,1.274,0.009509,False
2017-06-05,1.288,1.288,0.010989,False
2017-06-06,1.296,1.296,0.0062109999999999995,False
2017-06-07,1.322,1.322,0.020062000000000003,False
2017-06-08,1.321,1.321,-0.000756,False
2017-06-09,1.322,1.322,0.0007570000000000001,False
2017-06-12,1.302,1.302,-0.015128999999999998,False
2017-06-13,1.315,1.315,0.009985,False
2017-06-14,1.305,1.305,-0.007605,False
2017-06-15,1.327,1.327,0.016857999999999998,False
2017-06-16,1.324,1.324,-0.002261,False
2017-06-19,1.329,1.329,0.003776,False
2017-06-20,1.333,1.333,0.00301,False
2017-06-21,1.341,1.341,0.0060019999999999995,False
2017-06-22,1.321,1.321,-0.014914,False
2017-06-23,1.321,1.321,0.0,False
2017-06-26,1.338,1.338,0.012868999999999998,False
2017-06-27,1.337,1.337,-0.000747,False
2017-06-28,1.323,1.323,-0.010471,False
2017-06-29,1.334,1.334,0.008314,False
2017-06-30,1.332,1.332,-0.0014990000000000001,False
2017-07-03,1.344,1.344,0.009009,False
2017-07-04,1.331,1.331,-0.009673000000000001,False
2017-07-05,1.35,1.35,0.014275,False
2017-07-06,1.353,1.353,0.002222,False
2017-07-07,1.356,1.356,0.0022170000000000002,False
2017-07-10,1.338,1.338,-0.013274,False
2017-07-11,1.333,1.333,-0.003737,False
2017-07-12,1.326,1.326,-0.0052510000000000005,False
2017-07-13,1.326,1.326,0.0,False
2017-07-14,1.315,1.315,-0.008296,False
2017-07-17,1.25,1.25,-0.049429999999999995,False
2017-07-18,1.235,1.235,-0.012,False
2017-07-19,1.261,1.261,0.021053000000000002,False
2017-07-20,1.262,1.262,0.000793,False
2017-07-21,1.263,1.263,0.0007920000000000001,False
2017-07-24,1.265,1.265,0.0015840000000000001,False
2017-07-25,1.27,1.27,0.003953,False
2017-07-26,1.265,1.265,-0.0039369999999999995,False
2017-07-27,1.29,1.29,0.019763,False
2017-07-28,1.292,1.292,0.00155,False
2017-07-31,1.297,1.297,0.00387,False
2017-08-01,1.297,1.297,0.0,False
2017-08-02,1.284,1.284,-0.010022999999999999,False
2017-08-03,1.286,1.286,0.001558,False
2017-08-04,1.273,1.273,-0.010109,False
2017-08-07,1.283,1.283,0.007855,False
2017-08-08,1.29,1.29,0.005456,False
2017-08-09,1.297,1.297,0.005425999999999999,False
2017-08-10,1.295,1.295,-0.001542,False
2017-08-11,1.285,1.285,-0.007722,False
2017-08-14,1.325,1.325,0.031128,False
2017-08-15,1.337,1.337,0.009056999999999999,False
2017-08-16,1.348,1.348,0.008227,False
2017-08-17,1.361,1.361,0.009644,False
2017-08-18,1.351,1.351,-0.007348,False
2017-08-21,1.354,1.354,0.002221,False
2017-08-22,1.362,1.362,0.005908,False
2017-08-23,1.346,1.346,-0.011747,False
2017-08-24,1.333,1.333,-0.009658,False
2017-08-25,1.349,1.349,0.012003,False
2017-08-28,1.376,1.376,0.020015,False
2017-08-29,1.374,1.374,-0.001453,False
2017-08-30,1.392,1.392,0.0131,False
2017-08-31,1.401,1.401,0.0064659999999999995,False
2017-09-01,1.431,1.431,0.021413,False
2017-09-04,1.456,1.456,0.01747,False
2017-09-05,1.463,1.463,0.004808,False
2017-09-06,1.47,1.47,0.004785,False
2017-09-07,1.465,1.465,-0.003401,False
2017-09-08,1.472,1.472,0.004778,False
2017-09-11,1.511,1.511,0.026495,False
2017-09-12,1.483,1.483,-0.018531,False
2017-09-13,1.498,1.498,0.010115,False
2017-09-14,1.497,1.497,-0.000668,False
2017-09-15,1.479,1.479,-0.012024,False
2017-09-18,1.492,1.492,0.00879,False
2017-09-19,1.483,1.483,-0.006031999999999999,False
2017-09-20,1.492,1.492,0.006069,False
2017-09-21,1.459,1.459,-0.022118000000000002,False
2017-09-22,1.444,1.444,-0.010281,False
2017-09-25,1.424,1.424,-0.01385,False
2017-09-26,1.44,1.44,0.011236,False
2017-09-27,1.468,1.468,0.019444,False
2017-09-28,1.464,1.464,-0.002725,False
2017-09-29,1.474,1.474,0.006831,False
2017-10-09,1.485,1.485,0.007463,False
2017-10-10,1.484,1.484,-0.000673,False
2017-10-11,1.463,1.463,-0.014151,False
2017-10-12,1.452,1.452,-0.0075190000000000005,False
2017-10-13,1.47,1.47,0.012397,False
2017-10-16,1.455,1.455,-0.010204,False
2017-10-17,1.444,1.444,-0.00756,False
2017-10-18,1.43,1.43,-0.009695,False
2017-10-19,1.428,1.428,-0.001399,False
2017-10-20,1.472,1.472,0.030812,False
2017-10-23,1.482,1.482,0.006793,False
2017-10-24,1.491,1.491,0.006072999999999999,False
2017-10-25,1.494,1.494,0.002012,False
2017-10-26,1.506,1.506,0.008032000000000001,False
2017-10-27,1.499,1.499,-0.004648,False
2017-10-30,1.47,1.47,-0.019346000000000002,False
2017-10-31,1.506,1.506,0.024489999999999998,False
2017-11-01,1.527,1.527,0.013944000000000002,False
2017-11-02,1.499,1.499,-0.018337000000000003,False
2017-11-03,1.483,1.483,-0.010674,False
2017-11-06,1.48,1.48,-0.002023,False
2017-11-07,1.475,1.475,-0.003378,False
2017-11-08,1.488,1.488,0.008813999999999999,False
2017-11-09,1.486,1.486,-0.001344,False
2017-11-10,1.496,1.496,0.006729000000000001,False
2017-11-13,1.491,1.491,-0.003342,False
2017-11-14,1.458,1.458,-0.022133,False
2017-11-15,1.404,1.404,-0.037037,False
2017-11-16,1.4,1.4,-0.002849,False
2017-11-17,1.343,1.343,-0.040714,False
2017-11-20,1.378,1.378,0.026061,False
2017-11-21,1.378,1.378,0.0,False
2017-11-22,1.379,1.379,0.000726,False
2017-11-23,1.345,1.345,-0.024655999999999997,False
2017-11-24,1.349,1.349,0.002974,False
2017-11-27,1.299,1.299,-0.037064,False
2017-11-28,1.334,1.334,0.026944,False
2017-11-29,1.333,1.333,-0.00075,False
2017-11-30,1.326,1.326,-0.0052510000000000005,False
2017-12-01,1.348,1.348,0.016591,False
2017-12-04,1.339,1.339,-0.006677,False
2017-12-05,1.291,1.291,-0.035848,False
2017-12-06,1.305,1.305,0.010844,False
2017-12-07,1.285,1.285,-0.015326,False
2017-12-08,1.305,1.305,0.015564,False
2017-12-11,1.339,1.339,0.026054,False
2017-12-12,1.35,1.35,0.008215,False
2017-12-13,1.341,1.341,-0.006666999999999999,False
2017-12-14,1.331,1.331,-0.007457,False
2017-12-15,1.31,1.31,-0.015778,False
2017-12-18,1.291,1.291,-0.014504,False
2017-12-19,1.293,1.293,0.001549,False
2017-12-20,1.282,1.282,-0.008507,False
2017-12-21,1.298,1.298,0.01248,False
2017-12-22,1.299,1.299,0.00077,False
2017-12-25,1.273,1.273,-0.020015,False
2017-12-26,1.277,1.277,0.003142,False
2017-12-27,1.277,1.277,0.0,False
2017-12-28,1.285,1.285,0.006265,False
2017-12-29,1.291,1.291,0.0046689999999999995,False
2017-12-31,1.291,1.291,0.0,False
2018-01-02,1.295,1.295,0.003098,False
2018-01-03,1.327,1.327,0.02471,False
2018-01-04,1.335,1.335,0.006029,False
2018-01-05,1.334,1.334,-0.000749,False
2018-01-08,1.343,1.343,0.0067469999999999995,False
2018-01-09,1.338,1.338,-0.003723,False
2018-01-10,1.333,1.333,-0.003737,False
2018-01-11,1.354,1.354,0.015754,False
2018-01-12,1.332,1.332,-0.016248,False
2018-01-15,1.281,1.281,-0.038288,False
2018-01-16,1.277,1.277,-0.0031230000000000003,False
2018-01-17,1.259,1.259,-0.014096,False
2018-01-18,1.268,1.268,0.007149,False
2018-01-19,1.285,1.285,0.013407,False
2018-01-22,1.308,1.308,0.017899,False
2018-01-23,1.319,1.319,0.008409999999999999,False
2018-01-24,1.347,1.347,0.021227999999999997,False
2018-01-25,1.329,1.329,-0.013363,False
2018-01-26,1.337,1.337,0.00602,False
2018-01-29,1.328,1.328,-0.006731,False
2018-01-30,1.32,1.32,-0.006024000000000001,False
2018-01-31,1.296,1.296,-0.018182,False
2018-02-01,1.266,1.266,-0.023148,False
2018-02-02,1.282,1.282,0.012638,False
2018-02-05,1.256,1.256,-0.020280999999999997,False
2018-02-06,1.203,1.203,-0.042197,False
2018-02-07,1.208,1.208,0.004156,False
2018-02-08,1.241,1.241,0.027318,False
2018-02-09,1.216,1.216,-0.020145,False
2018-02-12,1.282,1.282,0.054276,False
2018-02-13,1.281,1.281,-0.00078,False
2018-02-14,1.289,1.289,0.0062450000000000006,False
2018-02-22,1.329,1.329,0.031032,False
2018-02-23,1.344,1.344,0.011287,False
2018-02-26,1.387,1.387,0.031993999999999995,False
2018-02-27,1.396,1.396,0.006489,False
2018-02-28,1.427,1.427,0.022206,False
2018-03-01,1.45,1.45,0.016118,False
2018-03-02,1.433,1.433,-0.011724000000000002,False
2018-03-05,1.455,1.455,0.015352,False
2018-03-06,1.446,1.446,-0.0061860000000000005,False
2018-03-07,1.446,1.446,0.0,False
2018-03-08,1.427,1.427,-0.01314,False
2018-03-09,1.475,1.475,0.033637,False
2018-03-12,1.532,1.532,0.038644,False
2018-03-13,1.532,1.532,0.0,False
2018-03-14,1.503,1.503,-0.01893,False
2018-03-15,1.529,1.529,0.017299,False
2018-03-16,1.499,1.499,-0.019621,False
2018-03-19,1.503,1.503,0.002668,False
2018-03-20,1.501,1.501,-0.001331,False
2018-03-21,1.463,1.463,-0.025316,False
2018-03-22,1.463,1.463,0.0,False
2018-03-23,1.361,1.361,-0.06972,False
2018-03-26,1.43,1.43,0.050698,False
2018-03-27,1.49,1.49,0.041958,False
2018-03-28,1.478,1.478,-0.008054,False
2018-03-29,1.472,1.472,-0.00406,False
2018-03-30,1.507,1.507,0.023777,False
2018-04-02,1.489,1.489,-0.011944,False
2018-04-03,1.469,1.469,-0.013432,False
2018-04-04,1.433,1.433,-0.024506,False
2018-04-09,1.442,1.442,0.006281,False
2018-04-10,1.464,1.464,0.015257,False
2018-04-11,1.461,1.461,-0.002049,False
2018-04-12,1.427,1.427,-0.023272,False
2018-04-13,1.434,1.434,0.004905,False
2018-04-16,1.446,1.446,0.008368,False
2018-04-17,1.382,1.382,-0.04426,False
2018-04-18,1.421,1.421,0.028220000000000002,False
2018-04-19,1.399,1.399,-0.015482000000000001,False
2018-04-20,1.377,1.377,-0.015726,False
2018-04-23,1.365,1.365,-0.008715,False
2018-04-24,1.413,1.413,0.035165,False
2018-04-25,1.412,1.412,-0.000708,False
2018-04-26,1.368,1.368,-0.031160999999999998,False
2018-04-27,1.38,1.38,0.008772,False
2018-05-02,1.389,1.389,0.006522,False
2018-05-03,1.394,1.394,0.0036,False
2018-05-04,1.387,1.387,-0.0050219999999999996,False
2018-05-07,1.442,1.442,0.039653999999999995,False
2018-05-08,1.442,1.442,0.0,False
2018-05-09,1.445,1.445,0.00208,False
2018-05-10,1.437,1.437,-0.005536,False
2018-05-11,1.454,1.454,0.01183,False
2018-05-14,1.448,1.448,-0.0041270000000000005,False
2018-05-15,1.472,1.472,0.016575,False
2018-05-16,1.454,1.454,-0.012228000000000001,False
2018-05-17,1.438,1.438,-0.011004,False
2018-05-18,1.435,1.435,-0.002086,False
2018-05-21,1.448,1.448,0.009059000000000001,False
2018-05-22,1.455,1.455,0.004834,False
2018-05-23,1.435,1.435,-0.013746000000000001,False
2018-05-24,1.435,1.435,0.0,False
2018-05-25,1.388,1.388,-0.032753000000000004,False
2018-05-28,1.377,1.377,-0.007925,False
2018-05-29,1.366,1.366,-0.007988,False
2018-05-30,1.318,1.318,-0.035139000000000004,False
2018-05-31,1.33,1.33,0.009105,False
2018-06-01,1.32,1.32,-0.0075190000000000005,False
2018-06-04,1.3,1.3,-0.015152,False
2018-06-05,1.34,1.34,0.030769,False
2018-06-06,1.343,1.343,0.0022389999999999997,False
2018-06-07,1.336,1.336,-0.005212,False
2018-06-08,1.325,1.325,-0.008234,False
2018-06-11,1.325,1.325,0.0,False
2018-06-12,1.326,1.326,0.000755,False
2018-06-13,1.296,1.296,-0.022624,False
2018-06-14,1.287,1.287,-0.0069440000000000005,False
2018-06-15,1.262,1.262,-0.019424999999999998,False
2018-06-19,1.164,1.164,-0.077655,False
2018-06-20,1.18,1.18,0.013746000000000001,False
2018-06-21,1.134,1.134,-0.038983,False
2018-06-22,1.175,1.175,0.036155,False
2018-06-25,1.179,1.179,0.003404,False
2018-06-26,1.204,1.204,0.021204,False
2018-06-27,1.194,1.194,-0.008306000000000001,False
2018-06-28,1.187,1.187,-0.005863,False
2018-06-29,1.24,1.24,0.044649999999999995,False
2018-06-30,1.24,1.24,0.0,False
2018-07-02,1.222,1.222,-0.014516,False
2018-07-03,1.24,1.24,0.01473,False
2018-07-04,1.197,1.197,-0.034677,False
2018-07-05,1.179,1.179,-0.015038000000000001,False
2018-07-06,1.19,1.19,0.00933,False
2018-07-09,1.209,1.209,0.015966,False
2018-07-10,1.226,1.226,0.014060999999999999,False
2018-07-11,1.213,1.213,-0.010604,False
2018-07-12,1.248,1.248,0.028854,False
2018-07-13,1.264,1.264,0.012821,False
2018-07-16,1.262,1.262,-0.001582,False
2018-07-17,1.279,1.279,0.013471,False
2018-07-18,1.257,1.257,-0.017201,False
2018-07-19,1.249,1.249,-0.006364,False
2018-07-20,1.273,1.273,0.019215,False
2018-07-23,1.294,1.294,0.016496,False
2018-07-24,1.302,1.302,0.006182,False
2018-07-25,1.283,1.283,-0.014593,False
2018-07-26,1.253,1.253,-0.023382999999999998,False
2018-07-27,1.242,1.242,-0.008779,False
2018-07-30,1.238,1.238,-0.003221,False
2018-07-31,1.218,1.218,-0.016155,False
2018-08-01,1.208,1.208,-0.00821,False
2018-08-02,1.183,1.183,-0.020695,False
2018-08-03,1.152,1.152,-0.026205,False
2018-08-06,1.103,1.103,-0.042534999999999996,False
2018-08-07,1.127,1.127,0.021759,False
2018-08-08,1.097,1.097,-0.026619,False
2018-08-09,1.142,1.142,0.041021,False
2018-08-10,1.148,1.148,0.005254,False
2018-08-13,1.164,1.164,0.013937,False
2018-08-14,1.143,1.143,-0.018041,False
2018-08-15,1.116,1.116,-0.023622,False
2018-08-16,1.095,1.095,-0.018817,False
2018-08-17,1.077,1.077,-0.016437999999999998,False
2018-08-20,1.096,1.096,0.017642,False
2018-08-21,1.103,1.103,0.006387,False
2018-08-22,1.083,1.083,-0.018132,False
2018-08-23,1.099,1.099,0.014774,False
2018-08-24,1.092,1.092,-0.0063690000000000005,False
2018-08-27,1.124,1.124,0.029304,False
2018-08-28,1.129,1.129,0.004448,False
2018-08-29,1.117,1.117,-0.010629,False
2018-08-30,1.101,1.101,-0.014323999999999998,False
2018-08-31,1.088,1.088,-0.011807000000000002,False
2018-09-03,1.104,1.104,0.014705999999999999,False
2018-09-04,1.109,1.109,0.004529,False
2018-09-05,1.088,1.088,-0.018935999999999998,False
2018-09-06,1.082,1.082,-0.005515,False
2018-09-07,1.064,1.064,-0.016635999999999998,False
2018-09-10,1.041,1.041,-0.021617,False
2018-09-11,1.048,1.048,0.006724,False
2018-09-12,1.05,1.05,0.001908,False
2018-09-13,1.062,1.062,0.011429,False
2018-09-14,1.038,1.038,-0.022599,False
2018-09-17,1.018,1.018,-0.019268,False
2018-09-18,1.044,1.044,0.025539999999999997,False
2018-09-19,1.05,1.05,0.0057469999999999995,False
2018-09-20,1.053,1.053,0.002857,False
2018-09-21,1.078,1.078,0.023742,False
2018-09-25,1.076,1.076,-0.0018549999999999999,False
2018-09-26,1.076,1.076,0.0,False
2018-09-27,1.057,1.057,-0.017658,False
2018-09-28,1.061,1.061,0.003784,False
2018-10-08,1.006,1.006,-0.051837999999999995,False
2018-10-09,0.997,0.997,-0.008945999999999999,False
2018-10-10,0.985,0.985,-0.012036,False
2018-10-11,0.913,0.913,-0.073096,False
2018-10-12,0.915,0.915,0.002191,False
2018-10-15,0.907,0.907,-0.008742999999999999,False
2018-10-16,0.884,0.884,-0.025358000000000002,False
2018-10-17,0.886,0.886,0.002262,False
2018-10-18,0.869,0.869,-0.019187,False
2018-10-19,0.896,0.896,0.03107,False
2018-10-22,0.937,0.937,0.045759,False
2018-10-23,0.912,0.912,-0.026681,False
2018-10-24,0.906,0.906,-0.006579000000000001,False
2018-10-25,0.89,0.89,-0.01766,False
2018-10-26,0.885,0.885,-0.005618,False
2018-10-29,0.875,0.875,-0.011298999999999998,False
2018-10-30,0.884,0.884,0.010286,False
2018-10-31,0.897,0.897,0.014705999999999999,False
2018-11-01,0.91,0.91,0.014493,False
2018-11-02,0.938,0.938,0.030769,False
2018-11-05,0.93,0.93,-0.008529,False
2018-11-06,0.918,0.918,-0.012903,False
2018-11-07,0.923,0.923,0.005447,False
2018-11-08,0.91,0.91,-0.014085,False
2018-11-09,0.91,0.91,0.0,False
2018-11-12,0.935,0.935,0.027473,False
2018-11-13,0.942,0.942,0.007487000000000001,False
2018-11-14,0.935,0.935,-0.007431,False
2018-11-15,0.954,0.954,0.020321,False
2018-11-16,0.959,0.959,0.005241,False
2018-11-19,0.954,0.954,-0.005214,False
2018-11-20,0.928,0.928,-0.027254,False
2018-11-21,0.926,0.926,-0.002155,False
2018-11-22,0.924,0.924,-0.00216,False
2018-11-23,0.897,0.897,-0.029221,False
2018-11-26,0.895,0.895,-0.00223,False
2018-11-27,0.903,0.903,0.008939,False
2018-11-28,0.91,0.91,0.007752,False
2018-11-29,0.889,0.889,-0.023077,False
2018-11-30,0.899,0.899,0.011249,False
2018-12-03,0.927,0.927,0.031145999999999997,False
2018-12-04,0.924,0.924,-0.003236,False
2018-12-05,0.919,0.919,-0.005411,False
2018-12-06,0.899,0.899,-0.021762999999999998,False
2018-12-07,0.902,0.902,0.003337,False
2018-12-10,0.902,0.902,0.0,False
2018-12-11,0.908,0.908,0.006652,False
2018-12-12,0.907,0.907,-0.001101,False
2018-12-13,0.919,0.919,0.013229999999999999,False
2018-12-14,0.899,0.899,-0.021762999999999998,False
2018-12-17,0.889,0.889,-0.011123000000000001,False
2018-12-18,0.883,0.883,-0.006749000000000001,False
2018-12-19,0.869,0.869,-0.015854999999999998,False
2018-12-20,0.871,0.871,0.002301,False
2018-12-21,0.867,0.867,-0.004592,False
2018-12-24,0.879,0.879,0.013841000000000001,False
2018-12-25,0.879,0.879,0.0,False
2018-12-26,0.87,0.87,-0.010239,False
2018-12-27,0.859,0.859,-0.012643999999999999,False
2018-12-28,0.852,0.852,-0.008149,False
2018-12-31,0.852,0.852,0.0,False
2019-01-02,0.843,0.843,-0.010563,False
2019-01-03,0.835,0.835,-0.00949,False
2019-01-04,0.861,0.861,0.031138,False
2019-01-07,0.88,0.88,0.022067,False
2019-01-08,0.875,0.875,-0.005682,False
2019-01-09,0.877,0.877,0.002286,False
2019-01-10,0.873,0.873,-0.004561,False
2019-01-11,0.877,0.877,0.004582,False
2019-01-14,0.867,0.867,-0.011403000000000002,False
2019-01-15,0.888,0.888,0.024221,False
2019-01-16,0.891,0.891,0.003378,False
2019-01-17,0.875,0.875,-0.017957,False
2019-01-18,0.886,0.886,0.012571,False
2019-01-21,0.888,0.888,0.0022570000000000003,False
2019-01-22,0.871,0.871,-0.019144,False
2019-01-23,0.871,0.871,0.0,False
2019-01-24,0.881,0.881,0.011480999999999998,False
2019-01-25,0.883,0.883,0.00227,False
2019-01-28,0.883,0.883,0.0,False
2019-01-29,0.879,0.879,-0.00453,False
2019-01-30,0.87,0.87,-0.010239,False
2019-01-31,0.868,0.868,-0.002299,False
2019-02-01,0.896,0.896,0.032258,False
2019-02-11,0.922,0.922,0.029018000000000002,False
2019-02-12,0.926,0.926,0.004338,False
2019-02-13,0.941,0.941,0.016198999999999998,False
2019-02-14,0.943,0.943,0.002125,False
2019-02-15,0.928,0.928,-0.015907,False
2019-02-18,0.962,0.962,0.036638000000000004,False
2019-02-19,0.964,0.964,0.002079,False
2019-02-20,0.959,0.959,-0.005187000000000001,False
2019-02-21,0.96,0.96,0.001043,False
2019-02-22,0.994,0.994,0.035417000000000004,False
2019-02-25,1.056,1.056,0.062374,False
2019-02-26,1.056,1.056,0.0,False
2019-02-27,1.039,1.039,-0.016097999999999998,False
2019-02-28,1.044,1.044,0.004812,False
2019-03-01,1.059,1.059,0.014368,False
2019-03-04,1.075,1.075,0.015109,False
2019-03-05,1.089,1.089,0.013023,False
2019-03-06,1.1,1.1,0.010101,False
2019-03-07,1.11,1.11,0.009091,False
2019-03-08,1.077,1.077,-0.02973,False
2019-03-11,1.11,1.11,0.030640999999999998,False
2019-03-12,1.137,1.137,0.024324,False
2019-03-13,1.094,1.094,-0.037819,False
2019-03-14,1.07,1.07,-0.021938,False
2019-03-15,1.079,1.079,0.008411,False
2019-03-18,1.102,1.102,0.021316,False
2019-03-19,1.105,1.105,0.002722,False
2019-03-20,1.099,1.099,-0.005430000000000001,False
2019-03-21,1.112,1.112,0.011829000000000001,False
2019-03-22,1.107,1.107,-0.004496,False
2019-03-25,1.093,1.093,-0.012646999999999999,False
2019-03-26,1.076,1.076,-0.015553999999999998,False
2019-03-27,1.074,1.074,-0.0018590000000000002,False
2019-03-28,1.071,1.071,-0.002793,False
2019-03-29,1.111,1.111,0.037348,False
2019-04-01,1.145,1.145,0.030602999999999998,False
2019-04-02,1.15,1.15,0.004366999999999999,False
2019-04-03,1.157,1.157,0.006087,False
2019-04-04,1.146,1.146,-0.009507,False
2019-04-08,1.128,1.128,-0.015707,False
2019-04-09,1.126,1.126,-0.001773,False
2019-04-10,1.119,1.119,-0.006217,False
2019-04-11,1.099,1.099,-0.017873,False
2019-04-12,1.099,1.099,0.0,False
2019-04-15,1.087,1.087,-0.010919000000000002,False
2019-04-16,1.114,1.114,0.024839000000000003,False
2019-04-17,1.113,1.113,-0.000898,False
2019-04-18,1.106,1.106,-0.006289,False
2019-04-19,1.116,1.116,0.009042,False
2019-04-22,1.101,1.101,-0.013441000000000002,False
2019-04-23,1.094,1.094,-0.006358,False
2019-04-24,1.111,1.111,0.015539,False
2019-04-25,1.09,1.09,-0.018902000000000002,False
2019-04-26,1.08,1.08,-0.009174,False
2019-04-29,1.07,1.07,-0.009259,False
2019-04-30,1.066,1.066,-0.003738,False
2019-05-06,0.989,0.989,-0.072233,False
2019-05-07,0.998,0.998,0.0091,False
2019-05-08,0.992,0.992,-0.006012,False
2019-05-09,0.984,0.984,-0.008065,False
2019-05-10,1.033,1.033,0.049797,False
2019-05-13,1.018,1.018,-0.014521,False
2019-05-14,1.012,1.012,-0.005894,False
2019-05-15,1.03,1.03,0.017787,False
2019-05-16,1.022,1.022,-0.007767,False
2019-05-17,0.996,0.996,-0.02544,False
2019-05-20,0.994,0.994,-0.0020080000000000002,False
2019-05-21,1.005,1.005,0.011066,False
2019-05-22,1.008,1.008,0.002985,False
2019-05-23,0.979,0.979,-0.028769999999999997,False
2019-05-24,0.972,0.972,-0.00715,False
2019-05-27,1.0,1.0,0.028807,False
2019-05-28,1.006,1.006,0.006,False
2019-05-29,0.999,0.999,-0.006958,False
2019-05-30,0.991,0.991,-0.008008,False
2019-05-31,0.99,0.99,-0.0010090000000000001,False
2019-06-03,0.986,0.986,-0.00404,False
2019-06-04,0.976,0.976,-0.010142,False
2019-06-05,0.979,0.979,0.003074,False
2019-06-06,0.963,0.963,-0.016343,False
2019-06-10,0.973,0.973,0.010384,False
2019-06-11,1.013,1.013,0.04111,False
2019-06-12,1.004,1.004,-0.008884999999999999,False
2019-06-13,1.008,1.008,0.003984,False
2019-06-14,0.993,0.993,-0.014881,False
2019-06-17,0.991,0.991,-0.002014,False
2019-06-18,0.997,0.997,0.006054,False
2019-06-19,1.019,1.019,0.022066,False
2019-06-20,1.048,1.048,0.028458999999999998,False
2019-06-21,1.07,1.07,0.020992,False
2019-06-24,1.063,1.063,-0.006542,False
2019-06-25,1.051,1.051,-0.011289,False
2019-06-26,1.054,1.054,0.0028539999999999998,False
2019-06-27,1.071,1.071,0.016129,False
2019-06-28,1.072,1.072,0.0009339999999999999,False
2019-06-30,1.072,1.072,0.0,False
2019-07-01,1.112,1.112,0.037313,False
2019-07-02,1.106,1.106,-0.005396,False
2019-07-03,1.087,1.087,-0.017179,False
2019-07-04,1.077,1.077,-0.0092,False
2019-07-05,1.084,1.084,0.006500000000000001,False
2019-07-08,1.057,1.057,-0.024908,False
2019-07-09,1.054,1.054,-0.002838,False
2019-07-10,1.057,1.057,0.002846,False
2019-07-11,1.054,1.054,-0.002838,False
2019-07-12,1.057,1.057,0.002846,False
2019-07-15,1.086,1.086,0.027436,False
2019-07-16,1.081,1.081,-0.004604,False
2019-07-17,1.081,1.081,0.0,False
2019-07-18,1.063,1.063,-0.016651,False
2019-07-19,1.069,1.069,0.005644,False
2019-07-22,1.062,1.062,-0.006548000000000001,False
2019-07-23,1.08,1.08,0.016949000000000002,False
2019-07-24,1.096,1.096,0.014815,False
2019-07-25,1.113,1.113,0.015510999999999999,False
2019-07-26,1.115,1.115,0.001797,False
2019-07-29,1.117,1.117,0.001794,False
2019-07-30,1.116,1.116,-0.000895,False
2019-07-31,1.117,1.117,0.000896,False
2019-08-01,1.115,1.115,-0.001791,False
2019-08-02,1.103,1.103,-0.010762,False
2019-08-05,1.08,1.08,-0.020852,False
2019-08-06,1.069,1.069,-0.010185,False
2019-08-07,1.061,1.061,-0.007483999999999999,False
2019-08-08,1.076,1.076,0.014138,False
2019-08-09,1.062,1.062,-0.013011,False
2019-08-12,1.093,1.093,0.02919,False
2019-08-13,1.078,1.078,-0.013724,False
2019-08-14,1.087,1.087,0.008349,False
2019-08-15,1.106,1.106,0.017479,False
2019-08-16,1.115,1.115,0.008137,False
2019-08-19,1.158,1.158,0.038565,False
2019-08-20,1.149,1.149,-0.007772,False
2019-08-21,1.152,1.152,0.002611,False
2019-08-22,1.154,1.154,0.0017360000000000001,False
2019-08-23,1.156,1.156,0.0017330000000000002,False
2019-08-26,1.146,1.146,-0.008650999999999999,False
2019-08-27,1.165,1.165,0.016579,False
2019-08-28,1.162,1.162,-0.002575,False
2019-08-29,1.173,1.173,0.009466,False
2019-08-30,1.159,1.159,-0.011935,False
2019-09-02,1.197,1.197,0.032787000000000004,False
2019-09-03,1.212,1.212,0.012531,False
2019-09-04,1.215,1.215,0.0024749999999999998,False
2019-09-05,1.236,1.236,0.017284,False
2019-09-06,1.241,1.241,0.004045,False
2019-09-09,1.28,1.28,0.031425999999999996,False
2019-09-10,1.268,1.268,-0.009375,False
2019-09-11,1.25,1.25,-0.014196,False
2019-09-12,1.256,1.256,0.0048,False
2019-09-16,1.258,1.258,0.001592,False
2019-09-17,1.236,1.236,-0.017488,False
2019-09-18,1.241,1.241,0.004045,False
2019-09-19,1.259,1.259,0.014504,False
2019-09-20,1.264,1.264,0.003971,False
2019-09-23,1.265,1.265,0.000791,False
2019-09-24,1.272,1.272,0.005534,False
2019-09-25,1.25,1.25,-0.017296,False
2019-09-26,1.212,1.212,-0.0304,False
2019-09-27,1.228,1.228,0.013201000000000001,False
2019-09-30,1.208,1.208,-0.016287,False
2019-10-08,1.193,1.193,-0.012417000000000001,False
2019-10-09,1.201,1.201,0.006706,False
2019-10-10,1.227,1.227,0.021648999999999998,False
2019-10-11,1.226,1.226,-0.0008150000000000001,False
2019-10-14,1.243,1.243,0.013866,False
2019-10-15,1.22,1.22,-0.018504,False
2019-10-16,1.22,1.22,0.0,False
2019-10-17,1.226,1.226,0.0049180000000000005,False
2019-10-18,1.21,1.21,-0.013051,False
2019-10-21,1.208,1.208,-0.001653,False
2019-10-22,1.229,1.229,0.017384,False
2019-10-23,1.218,1.218,-0.00895,False
2019-10-24,1.208,1.208,-0.00821,False
2019-10-25,1.217,1.217,0.00745,False
2019-10-28,1.252,1.252,0.028759,False
2019-10-29,1.223,1.223,-0.023163,False
2019-10-30,1.229,1.229,0.004906,False
2019-10-31,1.216,1.216,-0.010578,False
2019-11-01,1.226,1.226,0.008224,False
2019-11-04,1.244,1.244,0.014681999999999999,False
2019-11-05,1.255,1.255,0.008842,False
2019-11-06,1.239,1.239,-0.012749,False
2019-11-07,1.242,1.242,0.002421,False
2019-11-08,1.25,1.25,0.006441,False
2019-11-11,1.233,1.233,-0.013600000000000001,False
2019-11-12,1.229,1.229,-0.0032440000000000004,False
2019-11-13,1.249,1.249,0.016273,False
2019-11-14,1.263,1.263,0.011209,False
2019-11-15,1.256,1.256,-0.005542,False
2019-11-18,1.258,1.258,0.001592,False
2019-11-19,1.28,1.28,0.017488,False
2019-11-20,1.272,1.272,-0.00625,False
2019-11-21,1.263,1.263,-0.0070750000000000006,False
2019-11-22,1.233,1.233,-0.023753000000000003,False
2019-11-25,1.202,1.202,-0.025142,False
2019-11-26,1.214,1.214,0.009982999999999999,False
2019-11-27,1.218,1.218,0.003295,False
2019-11-28,1.212,1.212,-0.004926,False
2019-11-29,1.209,1.209,-0.0024749999999999998,False
2019-12-02,1.214,1.214,0.004136,False
2019-12-03,1.229,1.229,0.012356,False
2019-12-04,1.229,1.229,0.0,False
2019-12-05,1.253,1.253,0.019528,False
2019-12-06,1.264,1.264,0.008779,False
2019-12-09,1.263,1.263,-0.000791,False
2019-12-10,1.279,1.279,0.012667999999999999,False
2019-12-11,1.274,1.274,-0.003909,False
2019-12-12,1.278,1.278,0.00314,False
2019-12-13,1.298,1.298,0.015649,False
2019-12-16,1.316,1.316,0.013867,False
2019-12-17,1.328,1.328,0.009119,False
2019-12-18,1.323,1.323,-0.003765,False
2019-12-19,1.308,1.308,-0.011337999999999999,False
2019-12-20,1.299,1.299,-0.006881000000000001,False
2019-12-23,1.269,1.269,-0.023094999999999997,False
2019-12-24,1.289,1.289,0.01576,False
2019-12-25,1.306,1.306,0.013189,False
2019-12-26,1.303,1.303,-0.002297,False
2019-12-27,1.28,1.28,-0.017652,False
2019-12-30,1.291,1.291,0.008594000000000001,False
2019-12-31,1.299,1.299,0.006197,False
2020-01-02,1.337,1.337,0.029253,False
2020-01-03,1.337,1.337,0.0,False
2020-01-06,1.344,1.344,0.005235999999999999,False
2020-01-07,1.35,1.35,0.004464,False
2020-01-08,1.338,1.338,-0.008889000000000001,False
2020-01-09,1.374,1.374,0.026906,False
2020-01-10,1.382,1.382,0.005822000000000001,False
2020-01-13,1.415,1.415,0.023878,False
2020-01-14,1.406,1.406,-0.00636,False
2020-01-15,1.415,1.415,0.0064010000000000004,False
2020-01-16,1.416,1.416,0.000707,False
2020-01-17,1.422,1.422,0.004237,False
2020-01-20,1.459,1.459,0.026019999999999998,False
2020-01-21,1.448,1.448,-0.0075390000000000006,False
2020-01-22,1.49,1.49,0.029005999999999997,False
2020-01-23,1.454,1.454,-0.024161000000000002,False
2020-02-03,1.339,1.339,-0.079092,False
2020-02-04,1.418,1.418,0.058998999999999996,False
2020-02-05,1.439,1.439,0.01481,False
2020-02-06,1.494,1.494,0.038221,False
2020-02-07,1.519,1.519,0.016734,False
2020-02-10,1.506,1.506,-0.008558,False
2020-02-11,1.516,1.516,0.00664,False
2020-02-12,1.561,1.561,0.029683,False
2020-02-13,1.553,1.553,-0.005124999999999999,False
2020-02-14,1.556,1.556,0.0019320000000000001,False
2020-02-17,1.605,1.605,0.031491,False
2020-02-18,1.616,1.616,0.006854,False
2020-02-19,1.599,1.599,-0.01052,False
2020-02-20,1.632,1.632,0.020638,False
2020-02-21,1.666,1.666,0.020833,False
2020-02-24,1.703,1.703,0.022209,False
2020-02-25,1.716,1.716,0.007633999999999999,False
2020-02-26,1.625,1.625,-0.05303,False
2020-02-27,1.641,1.641,0.009846,False
2020-02-28,1.567,1.567,-0.045094,False
2020-03-02,1.611,1.611,0.028079,False
2020-03-03,1.632,1.632,0.013035000000000001,False
2020-03-04,1.603,1.603,-0.017769999999999998,False
2020-03-05,1.595,1.595,-0.004991,False
2020-03-06,1.578,1.578,-0.010658,False
2020-03-09,1.495,1.495,-0.052598000000000006,False
2020-03-10,1.56,1.56,0.043478,False
2020-03-11,1.517,1.517,-0.027564,False
2020-03-12,1.49,1.49,-0.017798,False
2020-03-13,1.493,1.493,0.002013,False
2020-03-16,1.398,1.398,-0.06363,False
2020-03-17,1.412,1.412,0.010014,False
2020-03-18,1.392,1.392,-0.014164000000000001,False
2020-03-19,1.41,1.41,0.012931,False
2020-03-20,1.419,1.419,0.006383,False
2020-03-23,1.349,1.349,-0.04933099999999999,False
2020-03-24,1.373,1.373,0.017790999999999998,False
2020-03-25,1.417,1.417,0.032047,False
2020-03-26,1.407,1.407,-0.007057,False
2020-03-27,1.385,1.385,-0.015636,False
2020-03-30,1.347,1.347,-0.027437,False
2020-03-31,1.348,1.348,0.000742,False
2020-04-01,1.352,1.352,0.002967,False
2020-04-02,1.405,1.405,0.039201,False
2020-04-03,1.396,1.396,-0.006405999999999999,False
2020-04-07,1.435,1.435,0.027937,False
2020-04-08,1.425,1.425,-0.0069689999999999995,False
2020-04-09,1.435,1.435,0.007018,False
2020-04-10,1.392,1.392,-0.029965000000000002,False
2020-04-13,1.368,1.368,-0.017241,False
2020-04-14,1.413,1.413,0.032895,False
2020-04-15,1.412,1.412,-0.000708,False
2020-04-16,1.433,1.433,0.014873,False
2020-04-17,1.45,1.45,0.011862999999999999,False
2020-04-20,1.466,1.466,0.011033999999999999,False
2020-04-21,1.455,1.455,-0.007502999999999999,False
2020-04-22,1.462,1.462,0.004811,False
2020-04-23,1.448,1.448,-0.009576,False
2020-04-24,1.438,1.438,-0.006906,False
2020-04-27,1.444,1.444,0.004172,False
2020-04-28,1.464,1.464,0.01385,False
2020-04-29,1.467,1.467,0.002049,False
2020-04-30,1.509,1.509,0.02863,False
2020-05-06,1.533,1.533,0.015905,False
2020-05-07,1.534,1.534,0.0006519999999999999,False
2020-05-08,1.547,1.547,0.008475,False
2020-05-11,1.536,1.536,-0.007110999999999999,False
2020-05-12,1.545,1.545,0.005859,False
2020-05-13,1.555,1.555,0.006472,False
2020-05-14,1.54,1.54,-0.009646,False
2020-05-15,1.553,1.553,0.008442,False
2020-05-18,1.533,1.533,-0.012878,False
2020-05-19,1.571,1.571,0.024788,False
2020-05-20,1.536,1.536,-0.022279,False
2020-05-21,1.512,1.512,-0.015625,False
2020-05-22,1.481,1.481,-0.020503,False
2020-05-25,1.469,1.469,-0.008103,False
2020-05-26,1.51,1.51,0.02791,False
2020-05-27,1.476,1.476,-0.022517,False
2020-05-28,1.474,1.474,-0.001355,False
2020-05-29,1.494,1.494,0.013569,False
2020-06-01,1.549,1.549,0.036814,False
2020-06-02,1.535,1.535,-0.009038000000000001,False
2020-06-03,1.534,1.534,-0.0006510000000000001,False
2020-06-04,1.526,1.526,-0.005215,False
2020-06-05,1.545,1.545,0.012451,False
2020-06-08,1.539,1.539,-0.0038829999999999997,False
2020-06-09,1.561,1.561,0.014295,False
2020-06-10,1.575,1.575,0.008969,False
2020-06-11,1.582,1.582,0.004444,False
2020-06-12,1.595,1.595,0.008217,False
2020-06-15,1.59,1.59,-0.003135,False
2020-06-16,1.619,1.619,0.018239000000000002,False
2020-06-17,1.628,1.628,0.005559,False
2020-06-18,1.657,1.657,0.017813000000000002,False
2020-06-19,1.674,1.674,0.01026,False
2020-06-22,1.693,1.693,0.01135,False
2020-06-23,1.736,1.736,0.025398999999999998,False
2020-06-24,1.754,1.754,0.010369,False
2020-06-29,1.738,1.738,-0.009122,False
2020-06-30,1.804,1.804,0.037975,False
2020-07-01,1.81,1.81,0.003326,False
2020-07-02,1.795,1.795,-0.008287,False
2020-07-03,1.816,1.816,0.011699,False
2020-07-06,1.889,1.889,0.040198,False
2020-07-07,1.932,1.932,0.022763,False
2020-07-08,1.976,1.976,0.022774000000000003,False
2020-07-09,2.023,2.023,0.023784999999999997,False
2020-07-10,2.03,2.03,0.0034599999999999995,False
2020-07-13,2.072,2.072,0.02069,False
2020-07-14,2.052,2.052,-0.009653,False
2020-07-15,2.008,2.008,-0.021442000000000003,False
2020-07-16,1.893,1.893,-0.057271,False
2020-07-17,1.906,1.906,0.006867,False
2020-07-20,1.936,1.936,0.01574,False
2020-07-21,1.956,1.956,0.010331,False
2020-07-22,1.984,1.984,0.014315,False
2020-07-23,1.987,1.987,0.001512,False
2020-07-24,1.872,1.872,-0.057876000000000004,False
2020-07-27,1.878,1.878,0.003205,False
2020-07-28,1.903,1.903,0.013312,False
2020-07-29,1.972,1.972,0.036259,False
2020-07-30,1.953,1.953,-0.009635,False
2020-07-31,1.993,1.993,0.020481,False
2020-08-03,2.028,2.028,0.017561,False
2020-08-04,1.994,1.994,-0.016765000000000002,False
2020-08-05,2.012,2.012,0.009027,False
2020-08-06,1.99,1.99,-0.010934,False
2020-08-07,1.952,1.952,-0.019095,False
2020-08-10,1.937,1.937,-0.007684,False
2020-08-11,1.9,1.9,-0.019101999999999997,False
2020-08-12,1.877,1.877,-0.012105,False
2020-08-13,1.878,1.878,0.000533,False
2020-08-14,1.917,1.917,0.020767,False
2020-08-17,1.924,1.924,0.0036520000000000003,False
2020-08-18,1.926,1.926,0.00104,False
2020-08-19,1.877,1.877,-0.025441,False
2020-08-20,1.858,1.858,-0.010123,False
2020-08-21,1.891,1.891,0.017761,False
2020-08-24,1.928,1.928,0.0196,False
2020-08-25,1.934,1.934,0.0031,False
2020-08-26,1.909,1.909,-0.0129,False
2020-08-27,1.934,1.934,0.0131,False
2020-08-28,1.976,1.976,0.0217,False
2020-08-31,1.945,1.945,-0.015700000000000002,False
2020-09-01,1.961,1.961,0.008199999999999999,False
2020-09-02,1.982,1.982,0.010700000000000001,False
2020-09-03,1.958,1.958,-0.0121,False
2020-09-04,1.94,1.94,-0.0092,False
2020-09-07,1.874,1.874,-0.034,False
2020-09-08,1.866,1.866,-0.0043,False
2020-09-09,1.803,1.803,-0.0338,False
2020-09-10,1.803,1.803,0.0,False
2020-09-11,1.845,1.845,0.0233,False
2020-09-14,1.858,1.858,0.006999999999999999,False
2020-09-15,1.876,1.876,0.0097,False
2020-09-16,1.851,1.851,-0.013300000000000001,False
2020-09-17,1.844,1.844,-0.0038,False
2020-09-18,1.876,1.876,0.0174,False
2020-09-21,1.851,1.851,-0.013300000000000001,False
2020-09-22,1.841,1.841,-0.0054,False
2020-09-23,1.86,1.86,0.0103,False
2020-09-24,1.822,1.822,-0.0204,False
2020-09-25,1.825,1.825,0.0016,False
2020-09-28,1.829,1.829,0.0022,False
2020-09-29,1.856,1.856,0.0148,False
2020-09-30,1.863,1.863,0.0038,False
2020-10-09,1.915,1.915,0.0279,False
2020-10-12,1.978,1.978,0.0329,False
2020-10-13,1.988,1.988,0.0051,False
2020-10-14,1.966,1.966,-0.0111,False
2020-10-15,1.957,1.957,-0.0046,False
2020-10-16,1.94,1.94,-0.0087,False
2020-10-19,1.921,1.921,-0.0098,False
2020-10-20,1.946,1.946,0.013000000000000001,False
2020-10-21,1.917,1.917,-0.0149,False
2020-10-22,1.903,1.903,-0.0073,False
2020-10-23,1.854,1.854,-0.025699999999999997,False
2020-10-26,1.865,1.865,0.0059,False
2020-10-27,1.878,1.878,0.006999999999999999,False
2020-10-28,1.897,1.897,0.0101,False
2020-10-29,1.899,1.899,0.0011,False
2020-10-30,1.877,1.877,-0.0116,False
2020-11-02,1.904,1.904,0.0144,False
2020-11-03,1.929,1.929,0.0131,False
2020-11-04,1.939,1.939,0.0052,False
2020-11-05,1.977,1.977,0.0196,False
2020-11-06,1.966,1.966,-0.005600000000000001,False
2020-11-09,2.025,2.025,0.03,False
2020-11-10,1.982,1.982,-0.0212,False
2020-11-11,1.922,1.922,-0.030299999999999997,False
2020-11-12,1.929,1.929,0.0036,False
2020-11-13,1.929,1.929,0.0,False
2020-11-16,1.931,1.931,0.001,False
2020-11-17,1.922,1.922,-0.004699999999999999,False
2020-11-18,1.902,1.902,-0.0104,False
2020-11-19,1.932,1.932,0.0158,False
2020-11-20,1.931,1.931,-0.0005,False
2020-11-23,1.92,1.92,-0.005699999999999999,False
2020-11-24,1.905,1.905,-0.0078000000000000005,False
2020-11-25,1.866,1.866,-0.020499999999999997,False
2020-11-26,1.867,1.867,0.0005,False
2020-11-27,1.878,1.878,0.0059,False
2020-11-30,1.896,1.896,0.0096,False
2020-12-01,1.926,1.926,0.0158,False
2020-12-02,1.917,1.917,-0.004699999999999999,False
2020-12-03,1.92,1.92,0.0016,False
2020-12-04,1.931,1.931,0.005699999999999999,False
2020-12-07,1.948,1.948,0.0088,False
2020-12-08,1.955,1.955,0.0036,False
2020-12-09,1.934,1.934,-0.010700000000000001,False
2020-12-10,1.945,1.945,0.005699999999999999,False
2020-12-11,1.934,1.934,-0.005699999999999999,False
2020-12-14,1.956,1.956,0.011399999999999999,False
2020-12-15,1.958,1.958,0.001,False
2020-12-16,1.957,1.957,-0.0005,False
2020-12-17,1.961,1.961,0.002,False
2020-12-18,1.952,1.952,-0.0046,False
2020-12-21,1.988,1.988,0.0184,False
2020-12-22,1.953,1.953,-0.0176,False
2020-12-23,1.983,1.983,0.0154,False
2020-12-24,1.971,1.971,-0.0060999999999999995,False
2020-12-25,1.97,1.97,-0.0005,False
2020-12-28,1.967,1.967,-0.0015,False
2020-12-29,1.977,1.977,0.0051,False
2020-12-30,2.025,2.025,0.024300000000000002,False
2020-12-31,2.074,2.074,0.0242,False
2021-01-04,2.125,2.125,0.0246,False
2021-01-05,2.165,2.165,0.018799999999999997,False
2021-01-06,2.151,2.151,-0.006500000000000001,False
2021-01-07,2.164,2.164,0.006,False
2021-01-08,2.156,2.156,-0.0037,False
2021-01-11,2.171,2.171,0.006999999999999999,False
2021-01-12,2.225,2.225,0.024900000000000002,False
2021-01-13,2.2,2.2,-0.011200000000000002,False
2021-01-14,2.175,2.175,-0.011399999999999999,False
2021-01-15,2.164,2.164,-0.0051,False
2021-01-18,2.223,2.223,0.0273,False
2021-01-19,2.196,2.196,-0.0121,False
2021-01-20,2.24,2.24,0.02,False
2021-01-21,2.292,2.292,0.0232,False
2021-01-22,2.309,2.309,0.0074,False
2021-01-25,2.317,2.317,0.0034999999999999996,False
2021-01-26,2.243,2.243,-0.0319,False
2021-01-27,2.268,2.268,0.0111,False
2021-01-28,2.184,2.184,-0.037000000000000005,False
2021-01-29,2.196,2.196,0.0055000000000000005,False
2021-02-01,2.208,2.208,0.0055000000000000005,False
2021-02-02,2.258,2.258,0.0226,False
2021-02-03,2.234,2.234,-0.0106,False
2021-02-04,2.192,2.192,-0.018799999999999997,False
2021-02-05,2.174,2.174,-0.008199999999999999,False
2021-02-08,2.208,2.208,0.015600000000000001,False
2021-02-09,2.254,2.254,0.0208,False
2021-02-10,2.303,2.303,0.0217,False
2021-02-18,2.267,2.267,-0.015600000000000001,False
2021-02-19,2.233,2.233,-0.015,False
2021-02-22,2.137,2.137,-0.043,False
2021-02-23,2.126,2.126,-0.0051,False
2021-02-24,2.078,2.078,-0.0226,False
2021-02-25,2.063,2.063,-0.0072,False
2021-02-26,2.026,2.026,-0.0179,False
2021-03-01,2.069,2.069,0.0212,False
2021-03-02,2.07,2.07,0.0005,False
2021-03-03,2.092,2.092,0.0106,False
2021-03-04,2.008,2.008,-0.04019999999999999,False
2021-03-05,2.012,2.012,0.002,False
2021-03-08,1.931,1.931,-0.0403,False
2021-03-09,1.876,1.876,-0.0285,False
2021-03-10,1.907,1.907,0.0165,False
2021-03-11,1.936,1.936,0.0152,False
2021-03-12,1.921,1.921,-0.0077,False
2021-03-15,1.86,1.86,-0.0318,False
2021-03-16,1.875,1.875,0.008100000000000001,False
2021-03-17,1.894,1.894,0.0101,False
2021-03-18,1.915,1.915,0.0111,False
2021-03-19,1.864,1.864,-0.026600000000000002,False
2021-03-22,1.881,1.881,0.0091,False
2021-03-23,1.855,1.855,-0.0138,False
2021-03-24,1.828,1.828,-0.0146,False
2021-03-25,1.834,1.834,0.0033,False
2021-03-26,1.892,1.892,0.0316,False
2021-03-29,1.883,1.883,-0.0048,False
2021-03-30,1.905,1.905,0.011699999999999999,False
2021-03-31,1.89,1.89,-0.0079,False
2021-04-01,1.934,1.934,0.0233,False
2021-04-02,1.965,1.965,0.016,False
2021-04-06,1.969,1.969,0.002,False
2021-04-07,1.955,1.955,-0.0070999999999999995,False
2021-04-08,1.959,1.959,0.002,False
2021-04-09,1.94,1.94,-0.0097,False
2021-04-12,1.9,1.9,-0.0206,False
2021-04-13,1.897,1.897,-0.0016,False
2021-04-14,1.927,1.927,0.0158,False
2021-04-15,1.915,1.915,-0.0062,False
2021-04-16,1.922,1.922,0.0037,False
2021-04-19,2.003,2.003,0.0421,False
2021-04-20,1.996,1.996,-0.0034999999999999996,False
2021-04-21,2.002,2.002,0.003,False
2021-04-22,2.019,2.019,0.0085,False
2021-04-23,2.028,2.028,0.0045000000000000005,False
2021-04-26,2.016,2.016,-0.0059,False
2021-04-27,2.032,2.032,0.0079,False
2021-04-28,2.057,2.057,0.0123,False
2021-04-29,2.05,2.05,-0.0034000000000000002,False
2021-04-30,2.042,2.042,-0.0039000000000000003,False
2021-05-06,2.002,2.002,-0.0196,False
2021-05-07,1.938,1.938,-0.032,False
2021-05-10,1.936,1.936,-0.001,False
2021-05-11,1.934,1.934,-0.001,False
2021-05-12,1.948,1.948,0.0072,False
2021-05-13,1.924,1.924,-0.0123,False
2021-05-14,1.96,1.96,0.0187,False
2021-05-17,2.015,2.015,0.0281,False
2021-05-18,2.014,2.014,-0.0005,False
2021-05-19,2.028,2.028,0.006999999999999999,False
2021-05-20,2.052,2.052,0.0118,False
2021-05-21,2.03,2.03,-0.010700000000000001,False
2021-05-24,2.051,2.051,0.0103,False
2021-05-25,2.122,2.122,0.0346,False
2021-05-26,2.107,2.107,-0.0070999999999999995,False
2021-05-27,2.118,2.118,0.0052,False
2021-05-28,2.107,2.107,-0.0052,False
2021-05-31,2.127,2.127,0.0095,False
2021-06-01,2.12,2.12,-0.0033,False
2021-06-02,2.091,2.091,-0.0137,False
2021-06-03,2.069,2.069,-0.0105,False
2021-06-04,2.086,2.086,0.008199999999999999,False
2021-06-07,2.097,2.097,0.0053,False
2021-06-08,2.094,2.094,-0.0014000000000000002,False
2021-06-09,2.104,2.104,0.0048,False
2021-06-10,2.134,2.134,0.0143,False
2021-06-11,2.134,2.134,0.0,False
2021-06-15,2.131,2.131,-0.0014000000000000002,False
2021-06-16,2.051,2.051,-0.0375,False
2021-06-17,2.085,2.085,0.0166,False
2021-06-18,2.106,2.106,0.0101,False
2021-06-21,2.126,2.126,0.0095,False
2021-06-22,2.128,2.128,0.0009,False
2021-06-23,2.163,2.163,0.016399999999999998,False
2021-06-24,2.161,2.161,-0.0009,False
2021-06-25,2.191,2.191,0.0139,False
2021-06-28,2.209,2.209,0.008199999999999999,False
2021-06-29,2.204,2.204,-0.0023,False
2021-06-30,2.242,2.242,0.0172,False
2021-07-01,2.223,2.223,-0.0085,False
2021-07-02,2.153,2.153,-0.0315,False
2021-07-05,2.18,2.18,0.0125,False
2021-07-06,2.164,2.164,-0.0073,False
2021-07-07,2.212,2.212,0.0222,False
2021-07-08,2.227,2.227,0.0068000000000000005,False
2021-07-09,2.227,2.227,0.0,False
2021-07-12,2.291,2.291,0.0287,False
2021-07-13,2.276,2.276,-0.006500000000000001,False
2021-07-14,2.26,2.26,-0.006999999999999999,False
2021-07-15,2.278,2.278,0.008,False
2021-07-16,2.238,2.238,-0.0176,False
2021-07-19,2.242,2.242,0.0018,False
2021-07-20,2.255,2.255,0.0058,False
2021-07-21,2.34,2.34,0.0377,False
2021-07-22,2.368,2.368,0.012,False
2021-07-23,2.333,2.333,-0.0148,False
2021-07-26,2.284,2.284,-0.021,False
2021-07-27,2.217,2.217,-0.029300000000000003,False
2021-07-28,2.209,2.209,-0.0036,False
2021-07-29,2.299,2.299,0.0407,False
2021-07-30,2.302,2.302,0.0013,False
2021-08-02,2.305,2.305,0.0013,False
2021-08-03,2.25,2.25,-0.0239,False
2021-08-04,2.314,2.314,0.028399999999999998,False
2021-08-05,2.308,2.308,-0.0026,False
2021-08-06,2.293,2.293,-0.006500000000000001,False
2021-08-09,2.282,2.282,-0.0048,False
2021-08-10,2.268,2.268,-0.0060999999999999995,False
2021-08-11,2.256,2.256,-0.0053,False
2021-08-12,2.242,2.242,-0.0062,False
2021-08-13,2.192,2.192,-0.0223,False
2021-08-16,2.168,2.168,-0.0109,False
2021-08-17,2.104,2.104,-0.029500000000000002,False
2021-08-18,2.122,2.122,0.0086,False
2021-08-19,2.149,2.149,0.0127,False
2021-08-20,2.134,2.134,-0.006999999999999999,False
2021-08-23,2.188,2.188,0.0253,False
2021-08-24,2.208,2.208,0.0091,False
2021-08-25,2.197,2.197,-0.005,False
2021-08-26,2.15,2.15,-0.021400000000000002,False
2021-08-27,2.167,2.167,0.0079,False
2021-08-30,2.151,2.151,-0.0074,False
2021-08-31,2.112,2.112,-0.0181,False
2021-09-01,2.093,2.093,-0.009000000000000001,False
2021-09-02,2.067,2.067,-0.0124,False
2021-09-03,2.045,2.045,-0.0106,False
2021-09-06,2.093,2.093,0.0235,False
2021-09-07,2.109,2.109,0.0076,False
2021-09-08,2.099,2.099,-0.004699999999999999,False
2021-09-09,2.087,2.087,-0.005699999999999999,False
2021-09-10,2.126,2.126,0.0187,False
2021-09-13,2.091,2.091,-0.0165,False
2021-09-14,2.093,2.093,0.001,False
2021-09-15,2.089,2.089,-0.0019,False
2021-09-16,2.035,2.035,-0.0258,False
2021-09-17,2.053,2.053,0.0088,False
2021-09-22,2.051,2.051,-0.001,False
2021-09-23,2.065,2.065,0.0068000000000000005,False
2021-09-24,2.071,2.071,0.0029,False
2021-09-27,2.08,2.08,0.0043,False
2021-09-28,2.074,2.074,-0.0029,False
2021-09-29,2.049,2.049,-0.0121,False
2021-09-30,2.085,2.085,0.0176,False
2021-10-08,2.086,2.086,0.0005,False
2021-10-11,2.078,2.078,-0.0038,False
2021-10-12,2.046,2.046,-0.0154,False
2021-10-13,2.097,2.097,0.024900000000000002,False
2021-10-14,2.107,2.107,0.0048,False
2021-10-15,2.145,2.145,0.018000000000000002,False
2021-10-18,2.144,2.144,-0.0005,False
2021-10-19,2.152,2.152,0.0037,False
2021-10-20,2.154,2.154,0.0009,False
2021-10-21,2.137,2.137,-0.0079,False
2021-10-22,2.143,2.143,0.0028000000000000004,False
2021-10-25,2.17,2.17,0.0126,False
2021-10-26,2.178,2.178,0.0037,False
2021-10-27,2.159,2.159,-0.0087,False
2021-10-28,2.156,2.156,-0.0014000000000000002,False
2021-10-29,2.2,2.2,0.0204,False
2021-11-01,2.216,2.216,0.0073,False
2021-11-02,2.214,2.214,-0.0009,False
2021-11-03,2.208,2.208,-0.0027,False
2021-11-04,2.238,2.238,0.013600000000000001,False
2021-11-05,2.237,2.237,-0.0004,False
2021-11-08,2.233,2.233,-0.0018,False
2021-11-09,2.241,2.241,0.0036,False
2021-11-10,2.239,2.239,-0.0009,False
2021-11-11,2.279,2.279,0.0179,False
2021-11-12,2.293,2.293,0.0060999999999999995,False
2021-11-15,2.277,2.277,-0.006999999999999999,False
2021-11-16,2.264,2.264,-0.005699999999999999,False
2021-11-17,2.269,2.269,0.0022,False
2021-11-18,2.244,2.244,-0.011000000000000001,False
2021-11-19,2.273,2.273,0.0129,False
2021-11-22,2.327,2.327,0.023799999999999998,False
2021-11-23,2.308,2.308,-0.008199999999999999,False
2021-11-24,2.296,2.296,-0.0052,False
2021-11-25,2.296,2.296,0.0,False
2021-11-26,2.271,2.271,-0.0109,False
2021-11-29,2.274,2.274,0.0013,False
2021-11-30,2.28,2.28,0.0026,False
2021-12-01,2.278,2.278,-0.0009,False
2021-12-02,2.279,2.279,0.0004,False
2021-12-03,2.292,2.292,0.005699999999999999,False
2021-12-06,2.271,2.271,-0.0092,False
2021-12-07,2.255,2.255,-0.006999999999999999,False
2021-12-08,2.311,2.311,0.0248,False
2021-12-09,2.333,2.333,0.0095,False
2021-12-10,2.328,2.328,-0.0021,False
2021-12-13,2.358,2.358,0.0129,False
2021-12-14,2.35,2.35,-0.0034000000000000002,False
2021-12-15,2.331,2.331,-0.008100000000000001,False
2021-12-16,2.347,2.347,0.0069,False
2021-12-17,2.303,2.303,-0.0187,False
2021-12-20,2.255,2.255,-0.0208,False
2021-12-21,2.273,2.273,0.008,False
2021-12-22,2.3,2.3,0.011899999999999999,False
2021-12-23,2.319,2.319,0.0083,False
2021-12-24,2.298,2.298,-0.0091,False
2021-12-27,2.286,2.286,-0.0052,False
2021-12-28,2.3,2.3,0.0060999999999999995,False
2021-12-29,2.267,2.267,-0.0143,False
2021-12-30,2.3,2.3,0.0146,False
2021-12-31,2.312,2.312,0.0052,False
2022-01-04,2.289,2.289,-0.009899999999999999,False
2022-01-05,2.208,2.208,-0.0354,False
2022-01-06,2.177,2.177,-0.013999999999999999,False
2022-01-07,2.159,2.159,-0.0083,False
2022-01-10,2.159,2.159,0.0,False
2022-01-11,2.114,2.114,-0.0208,False
2022-01-12,2.137,2.137,0.0109,False
2022-01-13,2.091,2.091,-0.0215,False
2022-01-14,2.099,2.099,0.0038,False
2022-01-17,2.138,2.138,0.018600000000000002,False
2022-01-18,2.158,2.158,0.009399999999999999,False
2022-01-19,2.137,2.137,-0.0097,False
2022-01-20,2.128,2.128,-0.0042,False
2022-01-21,2.092,2.092,-0.0169,False
2022-01-24,2.115,2.115,0.011000000000000001,False
2022-01-25,2.055,2.055,-0.028399999999999998,False
2022-01-26,2.072,2.072,0.0083,False
2022-01-27,2.01,2.01,-0.029900000000000003,False
2022-01-28,1.987,1.987,-0.011399999999999999,False
2022-02-07,1.986,1.986,-0.0005,False
2022-02-08,1.951,1.951,-0.0176,False
2022-02-09,1.973,1.973,0.0113,False
2022-02-10,1.956,1.956,-0.0086,False
2022-02-11,1.917,1.917,-0.0199,False
2022-02-14,1.892,1.892,-0.013000000000000001,False
2022-02-15,1.94,1.94,0.0254,False
2022-02-16,1.928,1.928,-0.0062,False
2022-02-17,1.945,1.945,0.0088,False
2022-02-18,1.936,1.936,-0.0046,False
2022-02-21,1.932,1.932,-0.0021,False
2022-02-22,1.913,1.913,-0.0098,False
2022-02-23,1.979,1.979,0.0345,False
2022-02-24,1.94,1.94,-0.0197,False
2022-02-25,1.96,1.96,0.0103,False
2022-02-28,1.966,1.966,0.0031,False
2022-03-01,1.968,1.968,0.001,False
2022-03-02,1.93,1.93,-0.019299999999999998,False
2022-03-03,1.896,1.896,-0.0176,False
2022-03-04,1.881,1.881,-0.0079,False
2022-03-07,1.822,1.822,-0.031400000000000004,False
2022-03-08,1.802,1.802,-0.011000000000000001,False
2022-03-09,1.808,1.808,0.0033,False
2022-03-10,1.824,1.824,0.0088,False
2022-03-11,1.814,1.814,-0.0055000000000000005,False
2022-03-14,1.754,1.754,-0.0331,False
2022-03-15,1.709,1.709,-0.025699999999999997,False
2022-03-16,1.78,1.78,0.0415,False
2022-03-17,1.816,1.816,0.0202,False
2022-03-18,1.801,1.801,-0.0083,False
2022-03-21,1.809,1.809,0.0044,False
2022-03-22,1.8,1.8,-0.005,False
2022-03-23,1.804,1.804,0.0022,False
2022-03-24,1.78,1.78,-0.013300000000000001,False
2022-03-25,1.755,1.755,-0.013999999999999999,False
2022-03-28,1.731,1.731,-0.0137,False
2022-03-29,1.71,1.71,-0.0121,False
2022-03-30,1.753,1.753,0.025099999999999997,False
2022-03-31,1.723,1.723,-0.0171,False
2022-04-01,1.73,1.73,0.0040999999999999995,False
2022-04-06,1.691,1.691,-0.0225,False
2022-04-07,1.665,1.665,-0.0154,False
2022-04-08,1.666,1.666,0.0006,False
2022-04-11,1.598,1.598,-0.0408,False
2022-04-12,1.618,1.618,0.0125,False
2022-04-13,1.585,1.585,-0.0204,False
2022-04-14,1.603,1.603,0.011399999999999999,False
2022-04-15,1.606,1.606,0.0019,False
2022-04-18,1.64,1.64,0.0212,False
2022-04-19,1.613,1.613,-0.0165,False
2022-04-20,1.592,1.592,-0.013000000000000001,False
2022-04-21,1.573,1.573,-0.011899999999999999,False
2022-04-22,1.559,1.559,-0.0089,False
2022-04-25,1.484,1.484,-0.0481,False
2022-04-26,1.467,1.467,-0.0115,False
2022-04-27,1.543,1.543,0.0518,False
2022-04-28,1.525,1.525,-0.011699999999999999,False
2022-04-29,1.589,1.589,0.042,False
2022-05-05,1.573,1.573,-0.0101,False
2022-05-06,1.534,1.534,-0.0248,False
2022-05-09,1.512,1.512,-0.0143,False
2022-05-10,1.553,1.553,0.0271,False
2022-05-11,1.594,1.594,0.0264,False
2022-05-12,1.588,1.588,-0.0038,False
2022-05-13,1.592,1.592,0.0025,False
2022-05-16,1.583,1.583,-0.005699999999999999,False
2022-05-17,1.623,1.623,0.0253,False
2022-05-18,1.621,1.621,-0.0012,False
2022-05-19,1.629,1.629,0.0049,False
2022-05-20,1.649,1.649,0.0123,False
2022-05-23,1.641,1.641,-0.0049,False
2022-05-24,1.593,1.593,-0.029300000000000003,False
2022-05-25,1.597,1.597,0.0025,False
2022-05-26,1.596,1.596,-0.0006,False
2022-05-27,1.6,1.6,0.0025,False
2022-05-30,1.621,1.621,0.0131,False
2022-05-31,1.66,1.66,0.0241,False
2022-06-01,1.657,1.657,-0.0018,False
2022-06-02,1.694,1.694,0.0223,False
2022-06-06,1.726,1.726,0.0189,False
2022-06-07,1.717,1.717,-0.0052,False
2022-06-08,1.71,1.71,-0.0040999999999999995,False
2022-06-09,1.668,1.668,-0.0246,False
2022-06-10,1.692,1.692,0.0144,False
2022-06-13,1.666,1.666,-0.0154,False
2022-06-14,1.656,1.656,-0.006,False
2022-06-15,1.68,1.68,0.014499999999999999,False
2022-06-16,1.683,1.683,0.0018,False
2022-06-17,1.692,1.692,0.0053,False
2022-06-20,1.705,1.705,0.0077,False
2022-06-21,1.702,1.702,-0.0018,False
2022-06-22,1.668,1.668,-0.02,False
2022-06-23,1.724,1.724,0.0336,False
2022-06-24,1.74,1.74,0.009300000000000001,False
2022-06-27,1.754,1.754,0.008,False
2022-06-28,1.775,1.775,0.012,False
2022-06-29,1.735,1.735,-0.0225,False
2022-06-30,1.767,1.767,0.0184,False
2022-07-01,1.757,1.757,-0.005699999999999999,False
2022-07-04,1.75,1.75,-0.004,False
2022-07-05,1.733,1.733,-0.0097,False
2022-07-06,1.751,1.751,0.0104,False
2022-07-07,1.758,1.758,0.004,False
2022-07-08,1.763,1.763,0.0028000000000000004,False
2022-07-11,1.733,1.733,-0.017,False
2022-07-12,1.69,1.69,-0.0248,False
2022-07-13,1.688,1.688,-0.0012,False
2022-07-14,1.713,1.713,0.0148,False
2022-07-15,1.709,1.709,-0.0023,False
2022-07-18,1.716,1.716,0.0040999999999999995,False
2022-07-19,1.711,1.711,-0.0029,False
2022-07-20,1.715,1.715,0.0023,False
2022-07-21,1.721,1.721,0.0034999999999999996,False
2022-07-22,1.708,1.708,-0.0076,False
2022-07-25,1.684,1.684,-0.0141,False
2022-07-26,1.695,1.695,0.006500000000000001,False
2022-07-27,1.692,1.692,-0.0018,False
2022-07-28,1.713,1.713,0.0124,False
2022-07-29,1.692,1.692,-0.0123,False
2022-08-01,1.714,1.714,0.013000000000000001,False
2022-08-02,1.705,1.705,-0.0053,False
2022-08-03,1.705,1.705,0.0,False
2022-08-04,1.718,1.718,0.0076,False
2022-08-05,1.776,1.776,0.0338,False
2022-08-08,1.773,1.773,-0.0017000000000000001,False
2022-08-09,1.774,1.774,0.0006,False
2022-08-10,1.758,1.758,-0.009000000000000001,False
2022-08-11,1.798,1.798,0.022799999999999997,False
2022-08-12,1.758,1.758,-0.0222,False
2022-08-15,1.771,1.771,0.0074,False
2022-08-16,1.759,1.759,-0.0068000000000000005,False
2022-08-17,1.769,1.769,0.005699999999999999,False
2022-08-18,1.777,1.777,0.0045000000000000005,False
2022-08-19,1.741,1.741,-0.0203,False
2022-08-22,1.761,1.761,0.0115,False
2022-08-23,1.755,1.755,-0.0034000000000000002,False
2022-08-24,1.695,1.695,-0.0342,False
2022-08-25,1.694,1.694,-0.0006,False
2022-08-26,1.684,1.684,-0.0059,False
2022-08-29,1.692,1.692,0.0048,False
2022-08-30,1.688,1.688,-0.0024,False
2022-08-31,1.658,1.658,-0.0178,False
2022-09-01,1.649,1.649,-0.0054,False
2022-09-02,1.668,1.668,0.0115,False
2022-09-05,1.655,1.655,-0.0078000000000000005,False
2022-09-06,1.675,1.675,0.0121,False
2022-09-07,1.706,1.706,0.018500000000000003,False
2022-09-08,1.704,1.704,-0.0012,False
2022-09-09,1.691,1.691,-0.0076,False
2022-09-13,1.701,1.701,0.0059,False
2022-09-14,1.697,1.697,-0.0024,False
2022-09-15,1.65,1.65,-0.0277,False
2022-09-16,1.634,1.634,-0.0097,False
2022-09-19,1.616,1.616,-0.011000000000000001,False
2022-09-20,1.619,1.619,0.0019,False
2022-09-21,1.597,1.597,-0.013600000000000001,False
2022-09-22,1.596,1.596,-0.0006,False
2022-09-23,1.571,1.571,-0.015700000000000002,False
2022-09-26,1.575,1.575,0.0025,False
2022-09-27,1.602,1.602,0.0171,False
2022-09-28,1.569,1.569,-0.0206,False
2022-09-29,1.581,1.581,0.0076,False
2022-09-30,1.541,1.541,-0.0253,False
2022-10-10,1.482,1.482,-0.0383,False
2022-10-11,1.47,1.47,-0.008100000000000001,False
2022-10-12,1.522,1.522,0.0354,False
2022-10-13,1.525,1.525,0.002,False
2022-10-14,1.552,1.552,0.0177,False
2022-10-17,1.574,1.574,0.014199999999999999,False
2022-10-18,1.566,1.566,-0.0051,False
2022-10-19,1.555,1.555,-0.006999999999999999,False
2022-10-20,1.581,1.581,0.0167,False
2022-10-21,1.577,1.577,-0.0025,False
2022-10-24,1.578,1.578,0.0006,False
2022-10-25,1.565,1.565,-0.008199999999999999,False
2022-10-26,1.598,1.598,0.021099999999999997,False
2022-10-27,1.589,1.589,-0.005600000000000001,False
2022-10-28,1.578,1.578,-0.0069,False
2022-10-31,1.613,1.613,0.0222,False
2022-11-01,1.615,1.615,0.0012,False
2022-11-02,1.625,1.625,0.0062,False
2022-11-03,1.642,1.642,0.0105,False
2022-11-04,1.657,1.657,0.0091,False
2022-11-07,1.636,1.636,-0.0127,False
2022-11-08,1.624,1.624,-0.0073,False
2022-11-09,1.61,1.61,-0.0086,False
2022-11-10,1.578,1.578,-0.0199,False
2022-11-11,1.601,1.601,0.0146,False
2022-11-14,1.593,1.593,-0.005,False
2022-11-15,1.647,1.647,0.0339,False
2022-11-16,1.621,1.621,-0.0158,False
2022-11-17,1.643,1.643,0.013600000000000001,False
2022-11-18,1.621,1.621,-0.0134,False
2022-11-21,1.612,1.612,-0.005600000000000001,False
2022-11-22,1.596,1.596,-0.009899999999999999,False
2022-11-23,1.588,1.588,-0.005,False
2022-11-24,1.577,1.577,-0.0069,False
2022-11-25,1.565,1.565,-0.0076,False
2022-11-28,1.552,1.552,-0.0083,False
2022-11-29,1.566,1.566,0.009000000000000001,False
2022-11-30,1.562,1.562,-0.0026,False
2022-12-01,1.59,1.59,0.0179,False
2022-12-02,1.575,1.575,-0.009399999999999999,False
2022-12-05,1.577,1.577,0.0013,False
2022-12-06,1.597,1.597,0.0127,False
2022-12-07,1.592,1.592,-0.0031,False
2022-12-08,1.579,1.579,-0.008199999999999999,False
2022-12-09,1.588,1.588,0.005699999999999999,False
2022-12-12,1.599,1.599,0.0069,False
2022-12-13,1.574,1.574,-0.015600000000000001,False
2022-12-14,1.579,1.579,0.0032,False
2022-12-15,1.59,1.59,0.006999999999999999,False
2022-12-16,1.57,1.57,-0.0126,False
2022-12-19,1.552,1.552,-0.0115,False
2022-12-20,1.531,1.531,-0.013500000000000002,False
2022-12-21,1.524,1.524,-0.0046,False
2022-12-22,1.527,1.527,0.002,False
2022-12-23,1.522,1.522,-0.0033,False
2022-12-26,1.552,1.552,0.0197,False
2022-12-27,1.57,1.57,0.0116,False
2022-12-28,1.56,1.56,-0.0064,False
2022-12-29,1.571,1.571,0.0070999999999999995,False
2022-12-30,1.57,1.57,-0.0006,False
2022-12-31,1.57,1.57,0.0,False
2023-01-03,1.604,1.604,0.0217,False
2023-01-04,1.592,1.592,-0.0075,False
2023-01-05,1.611,1.611,0.011899999999999999,False
2023-01-06,1.606,1.606,-0.0031,False
2023-01-09,1.62,1.62,0.0087,False
2023-01-10,1.627,1.627,0.0043,False
2023-01-11,1.608,1.608,-0.011699999999999999,False
2023-01-12,1.617,1.617,0.005600000000000001,False
2023-01-13,1.62,1.62,0.0019,False
2023-01-16,1.641,1.641,0.013000000000000001,False
2023-01-17,1.647,1.647,0.0037,False
2023-01-18,1.663,1.663,0.0097,False
2023-01-19,1.692,1.692,0.0174,False
2023-01-20,1.692,1.692,0.0,False
2023-01-30,1.701,1.701,0.0053,False
2023-01-31,1.672,1.672,-0.017,False
2023-02-01,1.697,1.697,0.015,False
2023-02-02,1.702,1.702,0.0029,False
2023-02-03,1.715,1.715,0.0076,False
2023-02-06,1.701,1.701,-0.008199999999999999,False
2023-02-07,1.694,1.694,-0.0040999999999999995,False
2023-02-08,1.681,1.681,-0.0077,False
2023-02-09,1.704,1.704,0.0137,False
2023-02-10,1.692,1.692,-0.006999999999999999,False
2023-02-13,1.705,1.705,0.0077,False
2023-02-14,1.696,1.696,-0.0053,False
2023-02-15,1.705,1.705,0.0053,False
2023-02-16,1.693,1.693,-0.006999999999999999,False
2023-02-17,1.643,1.643,-0.029500000000000002,False
2023-02-20,1.668,1.668,0.0152,False
2023-02-21,1.659,1.659,-0.0054,False
2023-02-22,1.659,1.659,0.0,False
2023-02-23,1.653,1.653,-0.0036,False
2023-02-24,1.646,1.646,-0.0042,False
2023-02-27,1.634,1.634,-0.0073,False
2023-02-28,1.643,1.643,0.0055000000000000005,False
2023-03-01,1.669,1.669,0.0158,False
2023-03-02,1.667,1.667,-0.0012,False
2023-03-03,1.669,1.669,0.0012,False
2023-03-06,1.675,1.675,0.0036,False
2023-03-07,1.637,1.637,-0.0227,False
2023-03-08,1.653,1.653,0.0098,False
2023-03-09,1.668,1.668,0.0091,False
2023-03-10,1.656,1.656,-0.0072,False
2023-03-13,1.688,1.688,0.019299999999999998,False
2023-03-14,1.68,1.68,-0.004699999999999999,False
2023-03-15,1.664,1.664,-0.0095,False
2023-03-16,1.65,1.65,-0.0084,False
2023-03-17,1.69,1.69,0.0242,False
2023-03-20,1.691,1.691,0.0006,False
2023-03-21,1.697,1.697,0.0034999999999999996,False
2023-03-22,1.698,1.698,0.0006,False
2023-03-23,1.716,1.716,0.0106,False
2023-03-24,1.726,1.726,0.0058,False
2023-03-27,1.744,1.744,0.0104,False
2023-03-28,1.712,1.712,-0.0183,False
2023-03-29,1.725,1.725,0.0076,False
2023-03-30,1.714,1.714,-0.0064,False
2023-03-31,1.762,1.762,0.027999999999999997,False
2023-04-03,1.824,1.824,0.0352,False
2023-04-04,1.807,1.807,-0.009300000000000001,False
2023-04-06,1.814,1.814,0.0039000000000000003,False
2023-04-07,1.849,1.849,0.019299999999999998,False
2023-04-10,1.807,1.807,-0.0227,False
2023-04-11,1.81,1.81,0.0017000000000000001,False
2023-04-12,1.858,1.858,0.0265,False
2023-04-13,1.837,1.837,-0.0113,False
2023-04-14,1.878,1.878,0.0223,False
2023-04-17,1.849,1.849,-0.0154,False
2023-04-18,1.85,1.85,0.0005,False
2023-04-19,1.852,1.852,0.0011,False
2023-04-20,1.872,1.872,0.0108,False
2023-04-21,1.816,1.816,-0.029900000000000003,False
2023-04-24,1.8,1.8,-0.0088,False
2023-04-25,1.788,1.788,-0.0067,False
2023-04-26,1.75,1.75,-0.0213,False
2023-04-27,1.744,1.744,-0.0034000000000000002,False
2023-04-28,1.762,1.762,0.0103,False
2023-05-04,1.75,1.75,-0.0068000000000000005,False
2023-05-05,1.74,1.74,-0.005699999999999999,False
2023-05-08,1.743,1.743,0.0017000000000000001,False
2023-05-09,1.72,1.72,-0.0132,False
2023-05-10,1.71,1.71,-0.0058,False
2023-05-11,1.716,1.716,0.0034999999999999996,False
2023-05-12,1.692,1.692,-0.013999999999999999,False
2023-05-15,1.698,1.698,0.0034999999999999996,False
2023-05-16,1.689,1.689,-0.0053,False
2023-05-17,1.692,1.692,0.0018,False
2023-05-18,1.705,1.705,0.0077,False
2023-05-19,1.702,1.702,-0.0018,False
2023-05-22,1.688,1.688,-0.008199999999999999,False
2023-05-23,1.671,1.671,-0.0101,False
2023-05-24,1.664,1.664,-0.0042,False
2023-05-25,1.659,1.659,-0.003,False
2023-05-26,1.671,1.671,0.0072,False
2023-05-29,1.664,1.664,-0.0042,False
2023-05-30,1.681,1.681,0.0102,False
2023-05-31,1.677,1.677,-0.0024,False
2023-06-01,1.699,1.699,0.0131,False
2023-06-02,1.709,1.709,0.0059,False
2023-06-05,1.712,1.712,0.0018,False
2023-06-06,1.68,1.68,-0.0187,False
2023-06-07,1.681,1.681,0.0006,False
2023-06-08,1.672,1.672,-0.0054,False
2023-06-09,1.694,1.694,0.0132,False
2023-06-12,1.7,1.7,0.0034999999999999996,False
2023-06-13,1.735,1.735,0.0206,False
2023-06-14,1.742,1.742,0.004,False
2023-06-15,1.746,1.746,0.0023,False
2023-06-16,1.782,1.782,0.0206,False
2023-06-19,1.813,1.813,0.0174,False
2023-06-20,1.834,1.834,0.0116,False
2023-06-21,1.775,1.775,-0.0322,False
2023-06-26,1.733,1.733,-0.023700000000000002,False
2023-06-27,1.738,1.738,0.0029,False
2023-06-28,1.721,1.721,-0.0098,False
2023-06-29,1.73,1.73,0.0052,False
2023-06-30,1.737,1.737,0.004,False
2023-07-03,1.737,1.737,0.0,False
2023-07-04,1.751,1.751,0.008100000000000001,False
2023-07-05,1.721,1.721,-0.0171,False
2023-07-06,1.712,1.712,-0.0052,False
2023-07-07,1.698,1.698,-0.008199999999999999,False
2023-07-10,1.694,1.694,-0.0024,False
2023-07-11,1.7,1.7,0.0034999999999999996,False
2023-07-12,1.667,1.667,-0.0194,False
2023-07-13,1.69,1.69,0.0138,False
2023-07-14,1.697,1.697,0.0040999999999999995,False
2023-07-17,1.681,1.681,-0.009399999999999999,False
2023-07-18,1.677,1.677,-0.0024,False
2023-07-19,1.673,1.673,-0.0024,False
2023-07-20,1.644,1.644,-0.0173,False
2023-07-21,1.642,1.642,-0.0012,False
2023-07-24,1.637,1.637,-0.003,False
2023-07-25,1.677,1.677,0.024399999999999998,False
2023-07-26,1.658,1.658,-0.0113,False
2023-07-27,1.641,1.641,-0.0103,False
2023-07-28,1.668,1.668,0.0165,False
2023-07-31,1.691,1.691,0.0138,False
2023-08-01,1.691,1.691,0.0,False
2023-08-02,1.695,1.695,0.0024,False
2023-08-03,1.705,1.705,0.0059,False
2023-08-04,1.727,1.727,0.0129,False
2023-08-07,1.726,1.726,-0.0006,False
2023-08-08,1.718,1.718,-0.0046,False
2023-08-09,1.706,1.706,-0.006999999999999999,False
2023-08-10,1.71,1.71,0.0023,False
2023-08-11,1.677,1.677,-0.019299999999999998,False
2023-08-14,1.677,1.677,0.0,False
2023-08-15,1.66,1.66,-0.0101,False
2023-08-16,1.635,1.635,-0.0151,False
2023-08-17,1.634,1.634,-0.0006,False
2023-08-18,1.609,1.609,-0.015300000000000001,False
2023-08-21,1.597,1.597,-0.0075,False
2023-08-22,1.608,1.608,0.0069,False
2023-08-23,1.571,1.571,-0.023,False
2023-08-24,1.584,1.584,0.0083,False
2023-08-25,1.561,1.561,-0.014499999999999999,False
2023-08-28,1.573,1.573,0.0077,False
2023-08-29,1.616,1.616,0.0273,False
2023-08-30,1.632,1.632,0.009899999999999999,False
2023-08-31,1.633,1.633,0.0006,False
2023-09-01,1.626,1.626,-0.0043,False
2023-09-04,1.629,1.629,0.0018,False
2023-09-05,1.614,1.614,-0.0092,False
2023-09-06,1.617,1.617,0.0019,False
2023-09-07,1.59,1.59,-0.0167,False
2023-09-08,1.591,1.591,0.0006,False
2023-09-11,1.598,1.598,0.0044,False
2023-09-12,1.595,1.595,-0.0019,False
2023-09-13,1.572,1.572,-0.0144,False
2023-09-14,1.558,1.558,-0.0089,False
2023-09-15,1.545,1.545,-0.0083,False
2023-09-18,1.547,1.547,0.0013,False
2023-09-19,1.531,1.531,-0.0103,False
2023-09-20,1.519,1.519,-0.0078000000000000005,False
2023-09-21,1.509,1.509,-0.0066,False
2023-09-22,1.544,1.544,0.0232,False
2023-09-25,1.53,1.53,-0.0091,False
2023-09-26,1.527,1.527,-0.002,False
2023-09-27,1.531,1.531,0.0026,False
2023-09-28,1.537,1.537,0.0039000000000000003,False
2023-10-09,1.539,1.539,0.0013,False
2023-10-10,1.537,1.537,-0.0013,False
2023-10-11,1.547,1.547,0.006500000000000001,False
2023-10-12,1.554,1.554,0.0045000000000000005,False
2023-10-13,1.537,1.537,-0.0109,False
2023-10-16,1.521,1.521,-0.0104,False
2023-10-17,1.532,1.532,0.0072,False
2023-10-18,1.519,1.519,-0.0085,False
2023-10-19,1.495,1.495,-0.0158,False
2023-10-20,1.476,1.476,-0.0127,False
2023-10-23,1.454,1.454,-0.0149,False
2023-10-24,1.469,1.469,0.0103,False
2023-10-25,1.458,1.458,-0.0075,False
2023-10-26,1.458,1.458,0.0,False
2023-10-27,1.479,1.479,0.0144,False
2023-10-30,1.504,1.504,0.0169,False
2023-10-31,1.495,1.495,-0.006,False
2023-11-01,1.481,1.481,-0.009399999999999999,False
2023-11-02,1.461,1.461,-0.013500000000000002,False
2023-11-03,1.484,1.484,0.015700000000000002,False
2023-11-06,1.524,1.524,0.027000000000000003,False
2023-11-07,1.527,1.527,0.002,False
2023-11-08,1.539,1.539,0.0079,False
2023-11-09,1.526,1.526,-0.0084,False
2023-11-10,1.52,1.52,-0.0039000000000000003,False
2023-11-13,1.526,1.526,0.0039000000000000003,False
2023-11-14,1.532,1.532,0.0039000000000000003,False
2023-11-15,1.534,1.534,0.0013,False
2023-11-16,1.515,1.515,-0.0124,False
2023-11-17,1.52,1.52,0.0033,False
2023-11-20,1.516,1.516,-0.0026,False
2023-11-21,1.505,1.505,-0.0073,False
2023-11-22,1.491,1.491,-0.009300000000000001,False
2023-11-23,1.5,1.5,0.006,False
2023-11-24,1.479,1.479,-0.013999999999999999,False
2023-11-27,1.483,1.483,0.0027,False
2023-11-28,1.487,1.487,0.0027,False
2023-11-29,1.479,1.479,-0.0054,False
2023-11-30,1.478,1.478,-0.0007000000000000001,False
2023-12-01,1.489,1.489,0.0074,False
2023-12-04,1.485,1.485,-0.0027,False
2023-12-05,1.458,1.458,-0.0182,False
2023-12-06,1.463,1.463,0.0034000000000000002,False
2023-12-07,1.465,1.465,0.0014000000000000002,False
2023-12-08,1.482,1.482,0.0116,False
2023-12-11,1.508,1.508,0.0175,False
2023-12-12,1.501,1.501,-0.0046,False
2023-12-13,1.489,1.489,-0.008,False
2023-12-14,1.477,1.477,-0.008100000000000001,False
2023-12-15,1.469,1.469,-0.0054,False
2023-12-18,1.455,1.455,-0.0095,False
2023-12-19,1.467,1.467,0.008199999999999999,False
2023-12-20,1.439,1.439,-0.0191,False
2023-12-21,1.447,1.447,0.005600000000000001,False
2023-12-22,1.431,1.431,-0.0111,False
2023-12-25,1.429,1.429,-0.0014000000000000002,False
2023-12-26,1.415,1.415,-0.0098,False
2023-12-27,1.423,1.423,0.005699999999999999,False
2023-12-28,1.457,1.457,0.0239,False
2023-12-29,1.472,1.472,0.0103,False
2023-12-31,1.472,1.472,0.0,False
2024-01-02,1.442,1.442,-0.0204,False
2024-01-03,1.418,1.418,-0.0166,False
2024-01-04,1.401,1.401,-0.012,False
2024-01-05,1.387,1.387,-0.01,False
2024-01-08,1.361,1.361,-0.0187,False
2024-01-09,1.355,1.355,-0.0044,False
2024-01-10,1.341,1.341,-0.0103,False
2024-01-11,1.355,1.355,0.0104,False
2024-01-12,1.34,1.34,-0.0111,False
2024-01-15,1.333,1.333,-0.0052,False
2024-01-16,1.327,1.327,-0.0045000000000000005,False
2024-01-17,1.293,1.293,-0.0256,False
2024-01-18,1.312,1.312,0.0147,False
2024-01-19,1.305,1.305,-0.0053,False
2024-01-22,1.267,1.267,-0.0291,False
2024-01-23,1.284,1.284,0.0134,False
2024-01-24,1.295,1.295,0.0086,False
2024-01-25,1.311,1.311,0.0124,False
2024-01-26,1.287,1.287,-0.0183,False
2024-01-29,1.259,1.259,-0.0218,False
2024-01-30,1.232,1.232,-0.021400000000000002,False
2024-01-31,1.211,1.211,-0.017,False
2024-02-01,1.224,1.224,0.010700000000000001,False
2024-02-02,1.199,1.199,-0.0204,False
2024-02-05,1.194,1.194,-0.0042,False
2024-02-06,1.248,1.248,0.0452,False
2024-02-07,1.265,1.265,0.013600000000000001,False
2024-02-08,1.289,1.289,0.019,False
2024-02-19,1.301,1.301,0.009300000000000001,False
2024-02-20,1.304,1.304,0.0023,False
2024-02-21,1.31,1.31,0.0046,False
2024-02-22,1.326,1.326,0.012199999999999999,False
2024-02-23,1.329,1.329,0.0023,False
2024-02-26,1.324,1.324,-0.0038,False
2024-02-27,1.361,1.361,0.0279,False
2024-02-28,1.318,1.318,-0.0316,False
2024-02-29,1.36,1.36,0.0319,False
2024-03-01,1.384,1.384,0.0176,False
2024-03-04,1.39,1.39,0.0043,False
2024-03-05,1.385,1.385,-0.0036,False
2024-03-06,1.377,1.377,-0.0058,False
2024-03-07,1.355,1.355,-0.016,False
2024-03-08,1.376,1.376,0.0155,False
2024-03-11,1.397,1.397,0.015300000000000001,False
2024-03-12,1.399,1.399,0.0014000000000000002,False
2024-03-13,1.395,1.395,-0.0029,False
2024-03-14,1.376,1.376,-0.013600000000000001,False
2024-03-15,1.379,1.379,0.0022,False
2024-03-18,1.406,1.406,0.0196,False
2024-03-19,1.399,1.399,-0.005,False
2024-03-20,1.414,1.414,0.010700000000000001,False
2024-03-21,1.416,1.416,0.0014000000000000002,False
2024-03-22,1.415,1.415,-0.0007000000000000001,False
2024-03-25,1.385,1.385,-0.0212,False
2024-03-26,1.371,1.371,-0.0101,False
2024-03-27,1.334,1.334,-0.027000000000000003,False
2024-03-28,1.352,1.352,0.013500000000000002,False
2024-03-29,1.35,1.35,-0.0015,False
2024-04-01,1.375,1.375,0.018500000000000003,False
2024-04-02,1.357,1.357,-0.0131,False
2024-04-03,1.34,1.34,-0.0125,False
2024-04-08,1.322,1.322,-0.0134,False
2024-04-09,1.328,1.328,0.0045000000000000005,False
2024-04-10,1.305,1.305,-0.0173,False
2024-04-11,1.3,1.3,-0.0038,False
2024-04-12,1.292,1.292,-0.0062,False
2024-04-15,1.313,1.313,0.0163,False
2024-04-16,1.292,1.292,-0.016,False
2024-04-17,1.318,1.318,0.020099999999999996,False
2024-04-18,1.314,1.314,-0.003,False
2024-04-19,1.298,1.298,-0.012199999999999999,False
2024-04-22,1.3,1.3,0.0015,False
2024-04-23,1.3,1.3,0.0,False
2024-04-24,1.317,1.317,0.0131,False
2024-04-25,1.314,1.314,-0.0023,False
2024-04-26,1.346,1.346,0.024399999999999998,False
2024-04-29,1.371,1.371,0.018600000000000002,False
2024-04-30,1.35,1.35,-0.015300000000000001,False
2024-05-06,1.368,1.368,0.013300000000000001,False
2024-05-07,1.367,1.367,-0.0007000000000000001,False
2024-05-08,1.339,1.339,-0.020499999999999997,False
2024-05-09,1.351,1.351,0.009000000000000001,False
2024-05-10,1.341,1.341,-0.0074,False
2024-05-13,1.339,1.339,-0.0015,False
2024-05-14,1.34,1.34,0.0007000000000000001,False
2024-05-15,1.339,1.339,-0.0007000000000000001,False
2024-05-16,1.347,1.347,0.006,False
2024-05-17,1.354,1.354,0.0052,False
2024-05-20,1.36,1.36,0.0044,False
2024-05-21,1.354,1.354,-0.0044,False
2024-05-22,1.353,1.353,-0.0007000000000000001,False
2024-05-23,1.34,1.34,-0.0096,False
2024-05-24,1.318,1.318,-0.016399999999999998,False
2024-05-27,1.337,1.337,0.0144,False
2024-05-28,1.321,1.321,-0.012,False
2024-05-29,1.317,1.317,-0.003,False
2024-05-30,1.319,1.319,0.0015,False
2024-05-31,1.311,1.311,-0.0060999999999999995,False
2024-06-03,1.328,1.328,0.013000000000000001,False
2024-06-04,1.336,1.336,0.006,False
2024-06-05,1.33,1.33,-0.0045000000000000005,False
2024-06-06,1.338,1.338,0.006,False
2024-06-07,1.319,1.319,-0.014199999999999999,False
2024-06-11,1.327,1.327,0.0060999999999999995,False
2024-06-12,1.327,1.327,0.0,False
2024-06-13,1.344,1.344,0.0128,False
2024-06-14,1.368,1.368,0.0179,False
2024-06-17,1.382,1.382,0.0102,False
2024-06-18,1.393,1.393,0.008,False
2024-06-19,1.386,1.386,-0.005,False
2024-06-20,1.377,1.377,-0.006500000000000001,False
2024-06-21,1.378,1.378,0.0007000000000000001,False
2024-06-24,1.352,1.352,-0.0189,False
2024-06-25,1.32,1.32,-0.023700000000000002,False
2024-06-26,1.345,1.345,0.0189,False
2024-06-27,1.333,1.333,-0.0089,False
2024-06-28,1.343,1.343,0.0075,False
2024-06-30,1.343,1.343,0.0,False
2024-07-01,1.349,1.349,0.0045000000000000005,False
2024-07-02,1.34,1.34,-0.0067,False
2024-07-03,1.34,1.34,0.0,False
2024-07-04,1.331,1.331,-0.0067,False
2024-07-05,1.327,1.327,-0.003,False
2024-07-08,1.327,1.327,0.0,False
2024-07-09,1.374,1.374,0.0354,False
2024-07-10,1.385,1.385,0.008,False
2024-07-11,1.39,1.39,0.0036,False
2024-07-12,1.386,1.386,-0.0029,False
2024-07-15,1.385,1.385,-0.0007000000000000001,False
2024-07-16,1.412,1.412,0.0195,False
2024-07-17,1.383,1.383,-0.020499999999999997,False
2024-07-18,1.384,1.384,0.0007000000000000001,False
2024-07-19,1.38,1.38,-0.0029,False
2024-07-22,1.375,1.375,-0.0036,False
2024-07-23,1.334,1.334,-0.0298,False
2024-07-24,1.318,1.318,-0.012,False
2024-07-25,1.291,1.291,-0.020499999999999997,False
2024-07-26,1.302,1.302,0.0085,False
2024-07-29,1.307,1.307,0.0038,False
2024-07-30,1.299,1.299,-0.0060999999999999995,False
2024-07-31,1.331,1.331,0.0246,False
2024-08-01,1.339,1.339,0.006,False
2024-08-02,1.299,1.299,-0.029900000000000003,False
2024-08-05,1.242,1.242,-0.043899999999999995,False
2024-08-06,1.257,1.257,0.0121,False
2024-08-07,1.25,1.25,-0.005600000000000001,False
2024-08-08,1.254,1.254,0.0032,False
2024-08-09,1.252,1.252,-0.0016,False
2024-08-12,1.25,1.25,-0.0016,False
2024-08-13,1.259,1.259,0.0072,False
2024-08-14,1.25,1.25,-0.0070999999999999995,False
2024-08-15,1.255,1.255,0.004,False
2024-08-16,1.268,1.268,0.0104,False
2024-08-19,1.266,1.266,-0.0016,False
2024-08-20,1.256,1.256,-0.0079,False
2024-08-21,1.261,1.261,0.004,False
2024-08-22,1.253,1.253,-0.0063,False
2024-08-23,1.249,1.249,-0.0032,False
2024-08-26,1.244,1.244,-0.004,False
2024-08-27,1.233,1.233,-0.0088,False
2024-08-28,1.233,1.233,0.0,False
2024-08-29,1.232,1.232,-0.0008,False
2024-08-30,1.265,1.265,0.0268,False
2024-09-02,1.231,1.231,-0.0269,False
2024-09-03,1.24,1.24,0.0073,False
2024-09-04,1.231,1.231,-0.0073,False
2024-09-05,1.231,1.231,0.0,False
2024-09-06,1.208,1.208,-0.0187,False
2024-09-09,1.205,1.205,-0.0025,False
2024-09-10,1.219,1.219,0.0116,False
2024-09-11,1.215,1.215,-0.0033,False
2024-09-12,1.206,1.206,-0.0074,False
2024-09-13,1.215,1.215,0.0075,False
2024-09-18,1.207,1.207,-0.0066,False
2024-09-19,1.204,1.204,-0.0025,False
2024-09-20,1.206,1.206,0.0017000000000000001,False
2024-09-23,1.198,1.198,-0.0066,False
2024-09-24,1.25,1.25,0.0434,False
2024-09-25,1.252,1.252,0.0016,False
2024-09-26,1.285,1.285,0.0264,False
2024-09-27,1.334,1.334,0.0381,False
2024-09-30,1.466,1.466,0.099,False
2024-10-08,1.602,1.602,0.0928,False
2024-10-09,1.499,1.499,-0.0643,False
2024-10-10,1.493,1.493,-0.004,False
2024-10-11,1.441,1.441,-0.0348,False
2024-10-14,1.476,1.476,0.024300000000000002,False
2024-10-15,1.451,1.451,-0.0169,False
2024-10-16,1.425,1.425,-0.0179,False
2024-10-17,1.422,1.422,-0.0021,False
2024-10-18,1.505,1.505,0.0584,False
2024-10-21,1.516,1.516,0.0073,False
2024-10-22,1.517,1.517,0.0007000000000000001,False
2024-10-23,1.494,1.494,-0.0152,False
2024-10-24,1.488,1.488,-0.004,False
2024-10-25,1.499,1.499,0.0074,False
2024-10-28,1.493,1.493,-0.004,False
2024-10-29,1.479,1.479,-0.009399999999999999,False
2024-10-30,1.476,1.476,-0.002,False
2024-10-31,1.487,1.487,0.0075,False
2024-11-01,1.443,1.443,-0.0296,False
2024-11-04,1.486,1.486,0.0298,False
2024-11-05,1.542,1.542,0.0377,False
2024-11-06,1.532,1.532,-0.006500000000000001,False
2024-11-07,1.567,1.567,0.022799999999999997,False
2024-11-08,1.587,1.587,0.0128,False
2024-11-11,1.659,1.659,0.0454,False
2024-11-12,1.641,1.641,-0.0108,False
2024-11-13,1.664,1.664,0.013999999999999999,False
2024-11-14,1.606,1.606,-0.0349,False
2024-11-15,1.537,1.537,-0.043,False
2024-11-18,1.492,1.492,-0.029300000000000003,False
2024-11-19,1.528,1.528,0.0241,False
2024-11-20,1.546,1.546,0.0118,False
2024-11-21,1.549,1.549,0.0019,False
2024-11-22,1.502,1.502,-0.030299999999999997,False
2024-11-25,1.486,1.486,-0.010700000000000001,False
2024-11-26,1.475,1.475,-0.0074,False
2024-11-27,1.511,1.511,0.024399999999999998,False
2024-11-28,1.5,1.5,-0.0073,False
2024-11-29,1.535,1.535,0.0233,False
2024-12-02,1.572,1.572,0.0241,False
2024-12-03,1.554,1.554,-0.0115,False
2024-12-04,1.533,1.533,-0.013500000000000002,False
2024-12-05,1.551,1.551,0.011699999999999999,False
2024-12-06,1.554,1.554,0.0019,False
2024-12-09,1.537,1.537,-0.0109,False
2024-12-10,1.547,1.547,0.006500000000000001,False
2024-12-11,1.561,1.561,0.009000000000000001,False
2024-12-12,1.567,1.567,0.0038,False
2024-12-13,1.538,1.538,-0.018500000000000003,False
2024-12-16,1.519,1.519,-0.0124,False
2024-12-17,1.503,1.503,-0.0105,False
2024-12-18,1.527,1.527,0.016,False
2024-12-19,1.555,1.555,0.0183,False
2024-12-20,1.593,1.593,0.024399999999999998,False
2024-12-23,1.549,1.549,-0.0276,False
2024-12-24,1.563,1.563,0.009000000000000001,False
2024-12-25,1.548,1.548,-0.0096,False
2024-12-26,1.592,1.592,0.028399999999999998,False
2024-12-27,1.574,1.574,-0.0113,False
2024-12-30,1.572,1.572,-0.0013,False
2024-12-31,1.512,1.512,-0.0382,False
2025-01-02,1.466,1.466,-0.0304,False
2025-01-03,1.429,1.429,-0.0252,False
2025-01-06,1.421,1.421,-0.005600000000000001,False
2025-01-07,1.474,1.474,0.0373,False
2025-01-08,1.471,1.471,-0.002,False
2025-01-09,1.488,1.488,0.0116,False
2025-01-10,1.47,1.47,-0.0121,False
2025-01-13,1.463,1.463,-0.0048,False
2025-01-14,1.536,1.536,0.0499,False
2025-01-15,1.527,1.527,-0.0059,False
2025-01-16,1.512,1.512,-0.0098,False
2025-01-17,1.533,1.533,0.0139,False
2025-01-20,1.549,1.549,0.0104,False
2025-01-21,1.588,1.588,0.0252,False
2025-01-22,1.596,1.596,0.005,False
2025-01-23,1.573,1.573,-0.0144,False
2025-01-24,1.607,1.607,0.0216,False
2025-01-27,1.545,1.545,-0.038599999999999995,False
2025-02-05,1.551,1.551,0.0039000000000000003,False
2025-02-06,1.622,1.622,0.0458,False
2025-02-07,1.647,1.647,0.0154,False
2025-02-10,1.671,1.671,0.0146,False
2025-02-11,1.663,1.663,-0.0048,False
2025-02-12,1.694,1.694,0.018600000000000002,False
2025-02-13,1.638,1.638,-0.0331,False
2025-02-14,1.638,1.638,0.0,False
2025-02-17,1.683,1.683,0.0275,False
2025-02-18,1.642,1.642,-0.024399999999999998,False
2025-02-19,1.694,1.694,0.0317,False
2025-02-20,1.703,1.703,0.0053,False
2025-02-21,1.764,1.764,0.0358,False
2025-02-24,1.763,1.763,-0.0006,False
2025-02-25,1.754,1.754,-0.0051,False
2025-02-26,1.766,1.766,0.0068000000000000005,False
2025-02-27,1.746,1.746,-0.0113,False
2025-02-28,1.655,1.655,-0.0521,False
2025-03-03,1.633,1.633,-0.013300000000000001,False
2025-03-04,1.658,1.658,0.015300000000000001,False
2025-03-05,1.671,1.671,0.0078000000000000005,False
2025-03-06,1.74,1.74,0.041299999999999996,False
2025-03-07,1.73,1.73,-0.005699999999999999,False
2025-03-10,1.718,1.718,-0.0069,False
2025-03-11,1.713,1.713,-0.0029,False
2025-03-12,1.711,1.711,-0.0012,False
2025-03-13,1.671,1.671,-0.023399999999999997,False
2025-03-14,1.713,1.713,0.025099999999999997,False
2025-03-17,1.716,1.716,0.0018,False
2025-03-18,1.731,1.731,0.0087,False
2025-03-19,1.697,1.697,-0.0196,False
2025-03-20,1.679,1.679,-0.0106,False
2025-03-21,1.633,1.633,-0.0274,False
2025-03-24,1.64,1.64,0.0043,False
2025-03-25,1.608,1.608,-0.0195,False
2025-03-26,1.612,1.612,0.0025,False
2025-03-27,1.618,1.618,0.0037,False
2025-03-28,1.596,1.596,-0.013600000000000001,False
2025-03-31,1.597,1.597,0.0006,False
2025-04-01,1.596,1.596,-0.0006,False
2025-04-02,1.603,1.603,0.0044,False
2025-04-03,1.568,1.568,-0.0218,False
2025-04-07,1.429,1.429,-0.0886,False
2025-04-08,1.403,1.403,-0.0182,False
2025-04-09,1.444,1.444,0.0292,False
2025-04-10,1.464,1.464,0.0139,False
2025-04-11,1.489,1.489,0.0171,False
2025-04-14,1.5,1.5,0.0074,False
2025-04-15,1.487,1.487,-0.0087,False
2025-04-16,1.486,1.486,-0.0007000000000000001,False
2025-04-17,1.496,1.496,0.0067,False
2025-04-18,1.482,1.482,-0.009399999999999999,False
2025-04-21,1.498,1.498,0.0108,False
2025-04-22,1.484,1.484,-0.009300000000000001,False
2025-04-23,1.479,1.479,-0.0034000000000000002,False
2025-04-24,1.46,1.46,-0.0128,False
2025-04-25,1.464,1.464,0.0027,False
2025-04-28,1.462,1.462,-0.0014000000000000002,False
2025-04-29,1.466,1.466,0.0027,False
2025-04-30,1.477,1.477,0.0075,False
2025-05-06,1.508,1.508,0.021,False
2025-05-07,1.499,1.499,-0.006,False
2025-05-08,1.503,1.503,0.0027,False
2025-05-09,1.467,1.467,-0.024,False
2025-05-12,1.487,1.487,0.013600000000000001,False
2025-05-13,1.48,1.48,-0.004699999999999999,False
2025-05-14,1.482,1.482,0.0014000000000000002,False
2025-05-15,1.445,1.445,-0.025,False
2025-05-16,1.448,1.448,0.0021,False
2025-05-19,1.447,1.447,-0.0007000000000000001,False
2025-05-20,1.454,1.454,0.0048,False
2025-05-21,1.443,1.443,-0.0076,False
2025-05-22,1.436,1.436,-0.0049,False
2025-05-23,1.418,1.418,-0.0125,False
2025-05-26,1.433,1.433,0.0106,False
2025-05-27,1.414,1.414,-0.013300000000000001,False
2025-05-28,1.411,1.411,-0.0021,False
2025-05-29,1.438,1.438,0.0191,False
2025-05-30,1.419,1.419,-0.0132,False
2025-06-03,1.425,1.425,0.0042,False
2025-06-04,1.439,1.439,0.0098,False
2025-06-05,1.479,1.479,0.0278,False
2025-06-06,1.475,1.475,-0.0027,False
2025-06-09,1.481,1.481,0.0040999999999999995,False
2025-06-10,1.456,1.456,-0.0169,False
2025-06-11,1.459,1.459,0.0021,False
2025-06-12,1.461,1.461,0.0014000000000000002,False
2025-06-13,1.449,1.449,-0.008199999999999999,False
2025-06-16,1.472,1.472,0.0159,False
2025-06-17,1.468,1.468,-0.0027,False
2025-06-18,1.496,1.496,0.0191,False
2025-06-19,1.489,1.489,-0.004699999999999999,False
2025-06-20,1.47,1.47,-0.0128,False
2025-06-23,1.473,1.473,0.002,False
2025-06-24,1.494,1.494,0.0143,False
2025-06-25,1.53,1.53,0.0241,False
2025-06-26,1.525,1.525,-0.0033,False
2025-06-27,1.541,1.541,0.0105,False
2025-06-30,1.563,1.563,0.0143,False
2025-07-01,1.56,1.56,-0.0019,False
2025-07-02,1.531,1.531,-0.018600000000000002,False
2025-07-03,1.546,1.546,0.0098,False
2025-07-04,1.556,1.556,0.006500000000000001,False
2025-07-07,1.551,1.551,-0.0032,False
2025-07-08,1.598,1.598,0.030299999999999997,False
2025-07-09,1.585,1.585,-0.008100000000000001,False
2025-07-10,1.578,1.578,-0.0044,False
2025-07-11,1.586,1.586,0.0051,False
2025-07-14,1.583,1.583,-0.0019,False
2025-07-15,1.641,1.641,0.0366,False
2025-07-16,1.632,1.632,-0.0055000000000000005,False
2025-07-17,1.676,1.676,0.027000000000000003,False
2025-07-18,1.67,1.67,-0.0036,False
2025-07-21,1.661,1.661,-0.0054,False
2025-07-22,1.652,1.652,-0.0054,False
2025-07-23,1.654,1.654,0.0012,False
2025-07-24,1.671,1.671,0.0103,False
2025-07-25,1.691,1.691,0.012,False
2025-07-28,1.715,1.715,0.014199999999999999,False
2025-07-29,1.765,1.765,0.0292,False
2025-07-30,1.767,1.767,0.0011,False
2025-07-31,1.778,1.778,0.0062,False
2025-08-01,1.759,1.759,-0.010700000000000001,False
2025-08-04,1.767,1.767,0.0045000000000000005,False
2025-08-05,1.764,1.764,-0.0017000000000000001,False
2025-08-06,1.779,1.779,0.0085,False
2025-08-07,1.775,1.775,-0.0022,False
2025-08-08,1.751,1.751,-0.013500000000000002,False
2025-08-11,1.787,1.787,0.0206,False
2025-08-12,1.838,1.838,0.0285,False
2025-08-13,1.942,1.942,0.056600000000000004,False
2025-08-14,1.896,1.896,-0.023700000000000002,False
2025-08-15,1.931,1.931,0.018500000000000003,False
2025-08-18,1.995,1.995,0.0331,False
2025-08-19,2.038,2.038,0.0216,False
2025-08-20,2.059,2.059,0.0103,False
2025-08-21,2.033,2.033,-0.0126,False
2025-08-22,2.139,2.139,0.0521,False
2025-08-25,2.243,2.243,0.048600000000000004,False
2025-08-26,2.187,2.187,-0.025,False
2025-08-27,2.215,2.215,0.0128,False
2025-08-28,2.367,2.367,0.06860000000000001,False
2025-08-29,2.374,2.374,0.003,False
2025-09-01,2.444,2.444,0.029500000000000002,False
2025-09-02,2.352,2.352,-0.037599999999999995,False
2025-09-03,2.353,2.353,0.0004,False
2025-09-04,2.175,2.175,-0.0756,False
2025-09-05,2.289,2.289,0.0524,False
2025-09-08,2.216,2.216,-0.0319,False
2025-09-09,2.182,2.182,-0.015300000000000001,False
2025-09-10,2.248,2.248,0.0302,False
2025-09-11,2.42,2.42,0.0765,False
2025-09-12,2.472,2.472,0.0215,False
2025-09-15,2.438,2.438,-0.0138,False
2025-09-16,2.467,2.467,0.011899999999999999,False
2025-09-17,2.507,2.507,0.016200000000000003,False
2025-09-18,2.517,2.517,0.004,False
2025-09-19,2.513,2.513,-0.0016,False
2025-09-22,2.597,2.597,0.0334,False
2025-09-23,2.611,2.611,0.0054,False
2025-09-24,2.618,2.618,0.0027,False
2025-09-25,2.632,2.632,0.0053,False
2025-09-26,2.539,2.539,-0.0353,False
2025-09-29,2.596,2.596,0.022400000000000003,False
2025-09-30,2.58,2.58,-0.0062,False
2025-10-09,2.6,2.6,0.0078000000000000005,False
2025-10-10,2.497,2.497,-0.039599999999999996,False
2025-10-13,2.459,2.459,-0.0152,False
2025-10-14,2.32,2.32,-0.0565,False
2025-10-15,2.37,2.37,0.0216,False
2025-10-16,2.391,2.391,0.0089,False
2025-10-17,2.324,2.324,-0.027999999999999997,False
2025-10-20,2.382,2.382,0.025,False
2025-10-21,2.505,2.505,0.0516,False
2025-10-22,2.504,2.504,-0.0004,False
2025-10-23,2.458,2.458,-0.0184,False
2025-10-24,2.605,2.605,0.059800000000000006,False
2025-10-27,2.713,2.713,0.0415,False
2025-10-28,2.716,2.716,0.0011,False
2025-10-29,2.74,2.74,0.0088,False
2025-10-30,2.64,2.64,-0.0365,False
2025-10-31,2.516,2.516,-0.047,False
2025-11-03,2.544,2.544,0.0111,False
2025-11-04,2.514,2.514,-0.0118,False
2025-11-05,2.505,2.505,-0.0036,False
2025-11-06,2.596,2.596,0.0363,False
2025-11-07,2.575,2.575,-0.008100000000000001,False
2025-11-10,2.56,2.56,-0.0058,False
2025-11-11,2.498,2.498,-0.0242,False
2025-11-12,2.515,2.515,0.0068000000000000005,False
2025-11-13,2.52,2.52,0.002,False
2025-11-14,2.415,2.415,-0.0417,False
2025-11-17,2.439,2.439,0.009899999999999999,False
2025-11-18,2.452,2.452,0.0053,False
2025-11-19,2.452,2.452,0.0,False
2025-11-20,2.453,2.453,0.0004,False
2025-11-21,2.326,2.326,-0.0518,False
2025-11-24,2.306,2.306,-0.0086,False
2025-11-25,2.4,2.4,0.0408,False
2025-11-26,2.497,2.497,0.0404,False
2025-11-27,2.485,2.485,-0.0048,False
2025-11-28,2.505,2.505,0.008,False
2025-12-01,2.527,2.527,0.0088,False
2025-12-02,2.504,2.504,-0.0091,False
2025-12-03,2.501,2.501,-0.0012,False
2025-12-04,2.538,2.538,0.0148,False
2025-12-05,2.557,2.557,0.0075,False
2025-12-08,2.684,2.684,0.049699999999999994,False
2025-12-09,2.753,2.753,0.025699999999999997,False
2025-12-10,2.758,2.758,0.0018,False
2025-12-11,2.694,2.694,-0.0232,False
2025-12-12,2.761,2.761,0.024900000000000002,False
2025-12-15,2.674,2.674,-0.0315,False
2025-12-16,2.604,2.604,-0.0262,False
2025-12-17,2.726,2.726,0.046900000000000004,False
2025-12-18,2.665,2.665,-0.022400000000000003,False
2025-12-19,2.65,2.65,-0.005600000000000001,False
2025-12-22,2.776,2.776,0.0475,False
2025-12-23,2.809,2.809,0.011899999999999999,False
2025-12-24,2.845,2.845,0.0128,False
2025-12-25,2.828,2.828,-0.006,False
2025-12-26,2.791,2.791,-0.0131,False
2025-12-29,2.81,2.81,0.0068000000000000005,False
2025-12-30,2.803,2.803,-0.0025,False
2025-12-31,2.744,2.744,-0.021,False
2026-01-05,2.817,2.817,0.026600000000000002,False
2026-01-06,2.821,2.821,0.0014000000000000002,False
2026-01-07,2.877,2.877,0.0199,False
2026-01-08,2.833,2.833,-0.015300000000000001,False
2026-01-09,2.853,2.853,0.0070999999999999995,False
2026-01-12,2.851,2.851,-0.0007000000000000001,False
2026-01-13,2.788,2.788,-0.022099999999999998,False
2026-01-14,2.825,2.825,0.013300000000000001,False
2026-01-15,2.856,2.856,0.011000000000000001,False
2026-01-16,2.894,2.894,0.013300000000000001,False
2026-01-19,2.889,2.889,-0.0017000000000000001,False
2026-01-20,2.822,2.822,-0.0232,False
2026-01-21,2.889,2.889,0.023700000000000002,False
2026-01-22,2.916,2.916,0.009300000000000001,False
2026-01-23,2.861,2.861,-0.0189,False
2026-01-26,2.826,2.826,-0.012199999999999999,False
2026-01-27,2.891,2.891,0.023,False
2026-01-28,2.923,2.923,0.0111,False
2026-01-29,2.844,2.844,-0.027000000000000003,False
2026-01-30,2.897,2.897,0.018600000000000002,False
2026-02-02,2.776,2.776,-0.0418,False
2026-02-03,2.844,2.844,0.0245,False
2026-02-04,2.787,2.787,-0.02,False
2026-02-05,2.731,2.731,-0.020099999999999996,False
2026-02-06,2.703,2.703,-0.0103,False
2026-02-09,2.819,2.819,0.0429,False
2026-02-10,2.805,2.805,-0.005,False
2026-02-11,2.736,2.736,-0.0246,False
2026-02-12,2.821,2.821,0.0311,False
2026-02-13,2.788,2.788,-0.011699999999999999,False
2026-02-24,2.855,2.855,0.024,False
2026-02-25,2.871,2.871,0.005600000000000001,False
2026-02-26,2.936,2.936,0.0226,False
2026-02-27,2.905,2.905,-0.0106,False
2026-03-02,2.921,2.921,0.0055000000000000005,False
2026-03-03,2.797,2.797,-0.0425,False
2026-03-04,2.783,2.783,-0.005,False
2026-03-05,2.827,2.827,0.0158,False
2026-03-06,2.805,2.805,-0.0078000000000000005,False
2026-03-09,2.73,2.73,-0.026699999999999998,False
2026-03-10,2.858,2.858,0.046900000000000004,False
2026-03-11,2.842,2.842,-0.005600000000000001,False
2026-03-12,2.791,2.791,-0.0179,False
2026-03-13,2.777,2.777,-0.005,False
2026-03-16,2.839,2.839,0.0223,False
2026-03-17,2.717,2.717,-0.043,False
2026-03-18,2.83,2.83,0.0416,False
2026-03-19,2.789,2.789,-0.014499999999999999,False
2026-03-20,2.823,2.823,0.012199999999999999,False
2026-03-23,2.696,2.696,-0.045,False
2026-03-24,2.745,2.745,0.0182,False
2026-03-25,2.828,2.828,0.0302,False
2026-03-26,2.765,2.765,-0.0223,False
2026-03-27,2.783,2.783,0.006500000000000001,False
2026-03-30,2.773,2.773,-0.0036,False
2026-03-31,2.649,2.649,-0.0447,False
2026-04-01,2.791,2.791,0.0536,False
2026-04-02,2.726,2.726,-0.0233,False
2026-04-03,2.817,2.817,0.0334,False
2026-04-07,2.814,2.814,-0.0011,False
2026-04-08,3.015,3.015,0.07139999999999999,False
2026-04-09,3.038,3.038,0.0076,False
2026-04-10,3.108,3.108,0.023,False
2026-04-13,3.133,3.133,0.008,False
2026-04-14,3.251,3.251,0.0377,False
2026-04-15,3.19,3.19,-0.018799999999999997,False
2026-04-16,3.29,3.29,0.0313,False
2026-04-17,3.406,3.406,0.0353,False
2026-04-20,3.406,3.406,0.0,False
2026-04-21,3.455,3.455,0.0144,False
2026-04-22,3.592,3.592,0.0397,False
2026-04-23,3.565,3.565,-0.0075,False
2026-04-24,3.501,3.501,-0.018000000000000002,False
2026-04-27,3.571,3.571,0.02,False
2026-04-28,3.514,3.514,-0.016,False
2026-04-29,3.528,3.528,0.004,False
2026-04-30,3.541,3.541,0.0037,False
2026-05-06,3.641,3.641,0.0282,False
2026-05-07,3.779,3.779,0.0379,False
2026-05-08,3.783,3.783,0.0011,False
2026-05-11,3.951,3.951,0.0444,False
2026-05-12,4.013,4.013,0.015700000000000002,False
2026-05-13,4.151,4.151,0.0344,False
2026-05-14,4.102,4.102,-0.0118,False
2026-05-15,4.047,4.047,-0.0134,False
2026-05-18,4.048,4.048,0.0002,False
2026-05-19,4.067,4.067,0.004699999999999999,False
2026-05-20,4.189,4.189,0.03,False
2026-05-21,4.005,4.005,-0.043899999999999995,False
2026-05-22,4.174,4.174,0.042199999999999994,False
2026-05-25,4.355,4.355,0.0434,False
2026-05-26,4.317,4.317,-0.0087,False
2026-05-27,4.258,4.258,-0.0137,False
2026-05-28,4.348,4.348,0.021099999999999997,False
2026-05-29,4.212,4.212,-0.0313,False
2026-06-01,4.028,4.028,-0.0437,False
2026-06-02,4.201,4.201,0.0429,False
2026-06-03,4.344,4.344,0.034,False
2026-06-04,4.418,4.418,0.017,False
2026-06-05,4.208,4.208,-0.0475,False
2026-06-08,4.047,4.047,-0.0383,False
2026-06-09,4.246,4.246,0.0492,False
2026-06-10,4.118,4.118,-0.0301,False
2026-06-11,4.111,4.111,-0.0017000000000000001,False
2026-06-12,4.057,4.057,-0.0131,False
2026-06-15,4.353,4.353,0.073,False
2026-06-16,4.488,4.488,0.031,False
2026-06-17,4.648,4.648,0.035699999999999996,False
2026-06-18,4.818,4.818,0.0366,False
2026-06-22,4.894,4.894,0.0158,False
2026-06-23,4.772,4.772,-0.024900000000000002,False
2026-06-24,4.991,4.991,0.045899999999999996,False
2026-06-25,5.252,5.252,0.052300000000000006,False
2026-06-26,5.11,5.11,-0.027000000000000003,False
2026-06-29,5.151,5.151,0.008,False
2026-06-30,5.385,5.385,0.0454,False
2026-07-01,5.178,5.178,-0.0384,False
2026-07-02,4.747,4.747,-0.0832,False
2026-07-03,4.732,4.732,-0.0032,False
2026-07-06,4.644,4.644,-0.018600000000000002,False
2026-07-07,4.641,4.641,-0.0006,False
2026-07-08,4.597,4.597,-0.0095,False
2026-07-09,4.88,4.88,0.0616,False
2026-07-10,4.607,4.607,-0.0559,False
2026-07-13,4.438,4.438,-0.036699999999999997,False
2026-07-14,4.63,4.63,0.0433,False
2026-07-15,4.494,4.494,-0.0294,False
2026-07-16,4.368,4.368,-0.027999999999999997,False
2026-07-17,3.99,3.99,-0.08650000000000001,False
2026-07-20,3.906,3.906,-0.021099999999999997,False
2026-07-21,4.218,4.218,0.0799,False
2026-07-22,4.065,4.065,-0.0363,False
2026-07-23,3.985,3.985,-0.0197,False
2026-07-24,3.904,3.904,-0.0203,False
2026-07-27,3.998,3.998,0.0241,False
2026-07-28,3.663,3.663,-0.08380000000000001,False
2026-07-29,3.672,3.672,0.0025,False
2026-07-30,3.451,3.451,-0.0602,False
2026-07-31,3.571,3.571,0.0348,False
2026-08-03,3.528,3.528,-0.012,False
2026-08-04,3.785,3.785,0.0728,False
2026-08-05,3.854,3.854,0.0182,False
2026-08-06,3.916,3.916,0.0161,False
2026-08-07,4.036,4.036,0.030600000000000002,False
2026-08-10,3.966,3.966,-0.0173,False
2026-08-11,3.961,3.961,-0.0013,False
2026-08-12,4.066,4.066,0.0265,False
2026-08-13,4.066,4.066,0.0,False
2026-08-14,4.14,4.14,0.0182,False
2026-08-17,4.314,4.314,0.042,False
2026-08-18,4.292,4.292,-0.0051,False
2026-08-19,3.934,3.934,-0.0834,False
2026-08-20,3.941,3.941,0.0018,False
2026-08-21,4.041,4.041,0.0254,False
2026-08-24,3.852,3.852,-0.046799999999999994,False
2026-08-25,3.839,3.839,-0.0034000000000000002,False
2026-08-26,3.867,3.867,0.0073,False
2026-08-27,4.028,4.028,0.0416,False
2026-08-28,3.969,3.969,-0.0146,False
2026-08-31,4.055,4.055,0.0217,False
2026-09-01,3.923,3.923,-0.0326,False
2026-09-02,3.845,3.845,-0.0199,False
2026-09-03,3.815,3.815,-0.0078000000000000005,False
2026-09-04,3.717,3.717,-0.025699999999999997,False
2026-09-07,3.97,3.97,0.0681,False
2026-09-08,3.942,3.942,-0.0070999999999999995,False
2026-09-09,3.958,3.958,0.0040999999999999995,False
2026-09-10,3.953,3.953,-0.0013,False
2026-09-11,3.962,3.962,0.0023,False
2026-09-14,3.881,3.881,-0.0204,False
