date,nav,nav_acc,daily_ret,suspicious_jump
2016-01-20,1.0,1.0,0.0,False
2016-01-21,1.0,1.0,0.0,False
2016-01-22,1.0,1.0,0.0,False
2016-01-25,1.0,1.0,0.0,False
2016-01-29,0.999,0.999,0.0,False
2016-02-05,1.005,1.005,0.0,False
2016-02-19,1.015,1.015,0.0,False
2016-02-22,1.017,1.017,0.00197,False
2016-02-23,1.017,1.017,0.0,False
2016-02-24,1.014,1.014,-0.00295,False
2016-02-25,1.002,1.002,-0.011834,False
2016-02-26,1.006,1.006,0.003992,False
2016-02-29,0.994,0.994,-0.011928000000000001,False
2016-03-01,0.995,0.995,0.001006,False
2016-03-02,1.0,1.0,0.005024999999999999,False
2016-03-03,1.001,1.001,0.001,False
2016-03-04,0.999,0.999,-0.001998,False
2016-03-07,1.004,1.004,0.005004999999999999,False
2016-03-08,1.003,1.003,-0.000996,False
2016-03-09,0.998,0.998,-0.004985,False
2016-03-10,0.996,0.996,-0.002004,False
2016-03-11,0.997,0.997,0.0010040000000000001,False
2016-03-14,1.004,1.004,0.0070209999999999995,False
2016-03-15,1.005,1.005,0.000996,False
2016-03-16,1.004,1.004,-0.000995,False
2016-03-17,1.011,1.011,0.006972000000000001,False
2016-03-18,1.016,1.016,0.004946,False
2016-03-21,1.019,1.019,0.002953,False
2016-03-22,1.024,1.024,0.004907,False
2016-03-23,1.022,1.022,-0.001953,False
2016-03-24,1.019,1.019,-0.0029349999999999997,False
2016-03-25,1.022,1.022,0.002944,False
2016-03-28,1.021,1.021,-0.000978,False
2016-03-29,1.014,1.014,-0.006856,False
2016-03-30,1.02,1.02,0.005917,False
2016-03-31,1.023,1.023,0.0029409999999999996,False
2016-04-01,1.022,1.022,-0.000978,False
2016-04-05,1.025,1.025,0.0029349999999999997,False
2016-04-06,1.026,1.026,0.0009760000000000001,False
2016-04-07,1.022,1.022,-0.003899,False
2016-04-08,1.024,1.024,0.001957,False
2016-04-11,1.027,1.027,0.00293,False
2016-04-12,1.025,1.025,-0.0019470000000000002,False
2016-04-13,1.027,1.027,0.001951,False
2016-04-14,1.028,1.028,0.000974,False
2016-04-15,1.026,1.026,-0.001946,False
2016-04-18,1.019,1.019,-0.006823,False
2016-04-19,1.019,1.019,0.0,False
2016-04-20,1.007,1.007,-0.011776,False
2016-04-21,1.003,1.003,-0.003972,False
2016-04-22,1.007,1.007,0.003988,False
2016-04-25,1.007,1.007,0.0,False
2016-04-26,1.009,1.009,0.001986,False
2016-04-27,1.009,1.009,0.0,False
2016-04-28,1.011,1.011,0.001982,False
2016-04-29,1.016,1.016,0.004946,False
2016-05-03,1.029,1.029,0.012795,False
2016-05-04,1.029,1.029,0.0,False
2016-05-05,1.03,1.03,0.000972,False
2016-05-06,1.016,1.016,-0.013592,False
2016-05-09,1.006,1.006,-0.009843,False
2016-05-10,1.004,1.004,-0.001988,False
2016-05-11,1.006,1.006,0.001992,False
2016-05-12,1.005,1.005,-0.000994,False
2016-05-13,1.007,1.007,0.00199,False
2016-05-16,1.018,1.018,0.010924,False
2016-05-17,1.021,1.021,0.002947,False
2016-05-18,1.01,1.01,-0.010773999999999999,False
2016-05-19,1.011,1.011,0.00099,False
2016-05-20,1.016,1.016,0.004946,False
2016-05-23,1.023,1.023,0.006889999999999999,False
2016-05-24,1.019,1.019,-0.00391,False
2016-05-25,1.015,1.015,-0.0039250000000000005,False
2016-05-26,1.022,1.022,0.0068969999999999995,False
2016-05-27,1.021,1.021,-0.000978,False
2016-05-30,1.019,1.019,-0.001959,False
2016-05-31,1.032,1.032,0.012758,False
2016-06-01,1.043,1.043,0.010659,False
2016-06-02,1.043,1.043,0.0,False
2016-06-03,1.042,1.042,-0.000959,False
2016-06-06,1.05,1.05,0.007678000000000001,False
2016-06-07,1.053,1.053,0.002857,False
2016-06-08,1.067,1.067,0.013295,False
2016-06-13,1.045,1.045,-0.020619000000000002,False
2016-06-14,1.055,1.055,0.009569,False
2016-06-15,1.096,1.096,0.038863,False
2016-06-16,1.095,1.095,-0.000912,False
2016-06-17,1.094,1.094,-0.0009130000000000001,False
2016-06-20,1.105,1.105,0.010055000000000001,False
2016-06-21,1.087,1.087,-0.01629,False
2016-06-22,1.11,1.11,0.021158999999999997,False
2016-06-23,1.104,1.104,-0.005405,False
2016-06-24,1.098,1.098,-0.005435,False
2016-06-27,1.133,1.133,0.031876,False
2016-06-28,1.136,1.136,0.0026479999999999997,False
2016-06-29,1.13,1.13,-0.005282,False
2016-06-30,1.131,1.131,0.0008849999999999999,False
2016-07-01,1.127,1.127,-0.003537,False
2016-07-04,1.148,1.148,0.018633999999999998,False
2016-07-05,1.157,1.157,0.00784,False
2016-07-06,1.163,1.163,0.005186,False
2016-07-07,1.172,1.172,0.007739,False
2016-07-08,1.179,1.179,0.005973000000000001,False
2016-07-11,1.171,1.171,-0.006785,False
2016-07-12,1.18,1.18,0.007685999999999999,False
2016-07-13,1.197,1.197,0.014407000000000001,False
2016-07-14,1.205,1.205,0.006683,False
2016-07-15,1.203,1.203,-0.00166,False
2016-07-18,1.195,1.195,-0.0066500000000000005,False
2016-07-19,1.214,1.214,0.0159,False
2016-07-20,1.216,1.216,0.001647,False
2016-07-21,1.22,1.22,0.0032890000000000003,False
2016-07-22,1.225,1.225,0.004098,False
2016-07-25,1.212,1.212,-0.010612,False
2016-07-26,1.227,1.227,0.012376,False
2016-07-27,1.175,1.175,-0.04238,False
2016-07-28,1.16,1.16,-0.012766,False
2016-07-29,1.159,1.159,-0.000862,False
2016-08-01,1.146,1.146,-0.011217,False
2016-08-02,1.165,1.165,0.016579,False
2016-08-03,1.165,1.165,0.0,False
2016-08-04,1.171,1.171,0.00515,False
2016-08-05,1.161,1.161,-0.008539999999999999,False
2016-08-08,1.171,1.171,0.008612999999999999,False
2016-08-09,1.174,1.174,0.002562,False
2016-08-10,1.17,1.17,-0.003407,False
2016-08-11,1.151,1.151,-0.016239,False
2016-08-12,1.155,1.155,0.003475,False
2016-08-15,1.183,1.183,0.024242,False
2016-08-16,1.197,1.197,0.011834,False
2016-08-17,1.198,1.198,0.000835,False
2016-08-18,1.194,1.194,-0.003339,False
2016-08-19,1.197,1.197,0.002513,False
2016-08-22,1.184,1.184,-0.010860000000000002,False
2016-08-23,1.184,1.184,0.0,False
2016-08-24,1.195,1.195,0.009291,False
2016-08-25,1.184,1.184,-0.009205,False
2016-08-26,1.194,1.194,0.008446,False
2016-08-29,1.195,1.195,0.000838,False
2016-08-30,1.191,1.191,-0.003347,False
2016-08-31,1.187,1.187,-0.0033589999999999996,False
2016-09-01,1.181,1.181,-0.005055,False
2016-09-02,1.18,1.18,-0.000847,False
2016-09-05,1.185,1.185,0.004237,False
2016-09-06,1.195,1.195,0.008439,False
2016-09-07,1.196,1.196,0.000837,False
2016-09-08,1.197,1.197,0.0008359999999999999,False
2016-09-09,1.197,1.197,0.0,False
2016-09-12,1.166,1.166,-0.025897999999999997,False
2016-09-13,1.17,1.17,0.003431,False
2016-09-14,1.173,1.173,0.0025640000000000003,False
2016-09-19,1.191,1.191,0.015345,False
2016-09-20,1.194,1.194,0.002519,False
2016-09-21,1.188,1.188,-0.005024999999999999,False
2016-09-22,1.195,1.195,0.005892,False
2016-09-23,1.192,1.192,-0.00251,False
2016-09-26,1.169,1.169,-0.019295,False
2016-09-27,1.165,1.165,-0.003422,False
2016-09-28,1.16,1.16,-0.004292000000000001,False
2016-09-29,1.166,1.166,0.0051719999999999995,False
2016-09-30,1.177,1.177,0.009434,False
2016-10-10,1.218,1.218,0.034834000000000004,False
2016-10-11,1.226,1.226,0.006568000000000001,False
2016-10-12,1.227,1.227,0.0008160000000000001,False
2016-10-13,1.225,1.225,-0.0016300000000000002,False
2016-10-14,1.214,1.214,-0.00898,False
2016-10-17,1.202,1.202,-0.009885,False
2016-10-18,1.223,1.223,0.017471,False
2016-10-19,1.217,1.217,-0.004906,False
2016-10-20,1.222,1.222,0.004108,False
2016-10-21,1.209,1.209,-0.010638000000000002,False
2016-10-24,1.218,1.218,0.007443999999999999,False
2016-10-25,1.224,1.224,0.004926,False
2016-10-26,1.208,1.208,-0.013071999999999999,False
2016-10-27,1.211,1.211,0.002483,False
2016-10-28,1.199,1.199,-0.009909,False
2016-10-31,1.199,1.199,0.0,False
2016-11-01,1.213,1.213,0.011675999999999999,False
2016-11-02,1.21,1.21,-0.002473,False
2016-11-03,1.206,1.206,-0.003306,False
2016-11-04,1.201,1.201,-0.004146,False
2016-11-07,1.203,1.203,0.001665,False
2016-11-08,1.211,1.211,0.0066500000000000005,False
2016-11-09,1.208,1.208,-0.002477,False
2016-11-10,1.22,1.22,0.009934,False
2016-11-11,1.225,1.225,0.004098,False
2016-11-14,1.225,1.225,0.0,False
2016-11-15,1.228,1.228,0.0024490000000000002,False
2016-11-16,1.241,1.241,0.010586,False
2016-11-17,1.229,1.229,-0.00967,False
2016-11-18,1.229,1.229,0.0,False
2016-11-21,1.228,1.228,-0.000814,False
2016-11-22,1.236,1.236,0.006515,False
2016-11-23,1.22,1.22,-0.012945,False
2016-11-24,1.213,1.213,-0.005738,False
2016-11-25,1.217,1.217,0.0032979999999999997,False
2016-11-28,1.208,1.208,-0.0073950000000000005,False
2016-11-29,1.196,1.196,-0.009934,False
2016-11-30,1.204,1.204,0.0066890000000000005,False
2016-12-01,1.207,1.207,0.002492,False
2016-12-02,1.178,1.178,-0.024027,False
2016-12-05,1.172,1.172,-0.0050929999999999994,False
2016-12-06,1.174,1.174,0.001706,False
2016-12-07,1.187,1.187,0.011073,False
2016-12-08,1.182,1.182,-0.0042120000000000005,False
2016-12-09,1.177,1.177,-0.00423,False
2016-12-12,1.099,1.099,-0.06627,False
2016-12-13,1.099,1.099,0.0,False
2016-12-14,1.098,1.098,-0.00091,False
2016-12-15,1.114,1.114,0.014572,False
2016-12-16,1.132,1.132,0.016158,False
2016-12-19,1.128,1.128,-0.003534,False
2016-12-20,1.133,1.133,0.004433,False
2016-12-21,1.141,1.141,0.007061,False
2016-12-22,1.137,1.137,-0.0035060000000000004,False
2016-12-23,1.128,1.128,-0.007916,False
2016-12-26,1.13,1.13,0.001773,False
2016-12-27,1.124,1.124,-0.0053100000000000005,False
2016-12-28,1.117,1.117,-0.006228,False
2016-12-29,1.113,1.113,-0.0035809999999999995,False
2016-12-30,1.114,1.114,0.000898,False
2016-12-31,1.114,1.114,0.0,False
2017-01-03,1.126,1.126,0.010771999999999999,False
2017-01-04,1.137,1.137,0.009769,False
2017-01-05,1.137,1.137,0.0,False
2017-01-06,1.131,1.131,-0.005277,False
2017-01-09,1.136,1.136,0.004421,False
2017-01-10,1.132,1.132,-0.0035210000000000003,False
2017-01-11,1.12,1.12,-0.010601000000000001,False
2017-01-12,1.113,1.113,-0.00625,False
2017-01-13,1.092,1.092,-0.018868,False
2017-01-16,1.034,1.034,-0.053114,False
2017-01-17,1.05,1.05,0.015474000000000002,False
2017-01-18,1.04,1.04,-0.009524,False
2017-01-19,1.033,1.033,-0.006731,False
2017-01-20,1.053,1.053,0.019361,False
2017-01-23,1.065,1.065,0.011396,False
2017-01-24,1.058,1.058,-0.006573,False
2017-01-25,1.066,1.066,0.007561,False
2017-01-26,1.073,1.073,0.006567,False
2017-02-03,1.067,1.067,-0.005592000000000001,False
2017-02-06,1.077,1.077,0.009372,False
2017-02-07,1.074,1.074,-0.0027860000000000003,False
2017-02-08,1.093,1.093,0.017691,False
2017-02-09,1.1,1.1,0.006404,False
2017-02-10,1.089,1.089,-0.01,False
2017-02-13,1.09,1.09,0.0009180000000000001,False
2017-02-14,1.088,1.088,-0.001835,False
2017-02-15,1.079,1.079,-0.008272,False
2017-02-16,1.075,1.075,-0.003707,False
2017-02-17,1.064,1.064,-0.010233,False
2017-02-20,1.068,1.068,0.003759,False
2017-02-21,1.08,1.08,0.011236,False
2017-02-22,1.084,1.084,0.0037040000000000003,False
2017-02-23,1.084,1.084,0.0,False
2017-02-24,1.098,1.098,0.012915000000000001,False
2017-02-27,1.096,1.096,-0.0018210000000000001,False
2017-02-28,1.1,1.1,0.00365,False
2017-03-01,1.104,1.104,0.003636,False
2017-03-02,1.099,1.099,-0.004529,False
2017-03-03,1.102,1.102,0.0027300000000000002,False
2017-03-06,1.116,1.116,0.012704,False
2017-03-07,1.122,1.122,0.005376,False
2017-03-08,1.112,1.112,-0.008912999999999999,False
2017-03-09,1.106,1.106,-0.005396,False
2017-03-10,1.116,1.116,0.009042,False
2017-03-13,1.126,1.126,0.008961,False
2017-03-14,1.128,1.128,0.001776,False
2017-03-15,1.118,1.118,-0.008865,False
2017-03-16,1.127,1.127,0.00805,False
2017-03-17,1.125,1.125,-0.0017749999999999999,False
2017-03-20,1.126,1.126,0.000889,False
2017-03-21,1.125,1.125,-0.000888,False
2017-03-22,1.122,1.122,-0.002667,False
2017-03-23,1.12,1.12,-0.0017829999999999999,False
2017-03-24,1.128,1.128,0.007143,False
2017-03-27,1.121,1.121,-0.006206000000000001,False
2017-03-28,1.111,1.111,-0.008921,False
2017-03-29,1.098,1.098,-0.011701,False
2017-03-30,1.082,1.082,-0.014572,False
2017-03-31,1.075,1.075,-0.00647,False
2017-04-05,1.094,1.094,0.017674000000000002,False
2017-04-06,1.093,1.093,-0.000914,False
2017-04-07,1.088,1.088,-0.004575,False
2017-04-10,1.072,1.072,-0.014705999999999999,False
2017-04-11,1.078,1.078,0.0055969999999999995,False
2017-04-12,1.065,1.065,-0.012059,False
2017-04-13,1.064,1.064,-0.000939,False
2017-04-14,1.049,1.049,-0.014098,False
2017-04-17,1.03,1.03,-0.018112,False
2017-04-18,1.018,1.018,-0.01165,False
2017-04-19,1.009,1.009,-0.008841,False
2017-04-20,1.006,1.006,-0.002973,False
2017-04-21,0.993,0.993,-0.012922,False
2017-04-24,0.98,0.98,-0.013092,False
2017-04-25,0.985,0.985,0.005102,False
2017-04-26,0.995,0.995,0.010152000000000001,False
2017-04-27,1.019,1.019,0.024121,False
2017-04-28,1.021,1.021,0.001963,False
2017-05-02,1.033,1.033,0.011753,False
2017-05-03,1.031,1.031,-0.001936,False
2017-05-04,1.024,1.024,-0.006790000000000001,False
2017-05-05,1.015,1.015,-0.008789,False
2017-05-08,1.014,1.014,-0.000985,False
2017-05-09,1.027,1.027,0.012821,False
2017-05-10,1.005,1.005,-0.021422,False
2017-05-11,0.993,0.993,-0.01194,False
2017-05-12,0.987,0.987,-0.006042,False
2017-05-15,1.0,1.0,0.013170999999999999,False
2017-05-16,1.023,1.023,0.023,False
2017-05-17,1.028,1.028,0.004888,False
2017-05-18,1.022,1.022,-0.005837,False
2017-05-19,1.01,1.01,-0.011741999999999999,False
2017-05-22,0.967,0.967,-0.042573999999999994,False
2017-05-23,0.936,0.936,-0.032058,False
2017-05-24,0.94,0.94,0.004274,False
2017-05-25,0.943,0.943,0.003191,False
2017-05-26,0.945,0.945,0.002121,False
2017-05-31,0.941,0.941,-0.004233,False
2017-06-01,0.898,0.898,-0.045696,False
2017-06-02,0.911,0.911,0.014477,False
2017-06-05,0.924,0.924,0.01427,False
2017-06-06,0.928,0.928,0.004329,False
2017-06-07,0.953,0.953,0.02694,False
2017-06-08,0.947,0.947,-0.006296,False
2017-06-09,0.957,0.957,0.01056,False
2017-06-12,0.94,0.94,-0.017764,False
2017-06-13,0.954,0.954,0.014894000000000001,False
2017-06-14,0.952,0.952,-0.002096,False
2017-06-15,0.968,0.968,0.016807000000000002,False
2017-06-16,0.969,0.969,0.001033,False
2017-06-19,0.976,0.976,0.007224,False
2017-06-20,0.98,0.98,0.004098,False
2017-06-21,0.987,0.987,0.007143,False
2017-06-22,0.971,0.971,-0.016211,False
2017-06-23,0.973,0.973,0.0020599999999999998,False
2017-06-26,0.986,0.986,0.013361000000000001,False
2017-06-27,0.992,0.992,0.006085,False
2017-06-28,0.98,0.98,-0.012097,False
2017-06-29,0.987,0.987,0.007143,False
2017-06-30,0.988,0.988,0.001013,False
2017-07-03,0.996,0.996,0.008097,False
2017-07-04,0.996,0.996,0.0,False
2017-07-05,0.996,0.996,0.0,False
2017-07-06,0.998,0.998,0.0020080000000000002,False
2017-07-07,1.009,1.009,0.011022,False
2017-07-10,1.001,1.001,-0.007929,False
2017-07-11,0.989,0.989,-0.011988,False
2017-07-12,0.978,0.978,-0.011122,False
2017-07-13,0.967,0.967,-0.011247,False
2017-07-14,0.953,0.953,-0.014478,False
2017-07-17,0.895,0.895,-0.060860000000000004,False
2017-07-18,0.899,0.899,0.004469,False
2017-07-19,0.913,0.913,0.015572999999999998,False
2017-07-20,0.915,0.915,0.002191,False
2017-07-21,0.912,0.912,-0.0032790000000000002,False
2017-07-24,0.898,0.898,-0.015350999999999998,False
2017-07-25,0.889,0.889,-0.010022,False
2017-07-26,0.887,0.887,-0.0022500000000000003,False
2017-07-27,0.888,0.888,0.001127,False
2017-07-28,0.898,0.898,0.011261,False
2017-07-31,0.914,0.914,0.017817,False
2017-08-01,0.913,0.913,-0.001094,False
2017-08-02,0.92,0.92,0.007667,False
2017-08-03,0.928,0.928,0.008696,False
2017-08-04,0.923,0.923,-0.0053879999999999996,False
2017-08-07,0.943,0.943,0.021668,False
2017-08-08,0.947,0.947,0.004242,False
2017-08-09,0.952,0.952,0.00528,False
2017-08-10,0.941,0.941,-0.011555,False
2017-08-11,0.917,0.917,-0.025505,False
2017-08-14,0.936,0.936,0.020720000000000002,False
2017-08-15,0.935,0.935,-0.0010680000000000002,False
2017-08-16,0.941,0.941,0.006417000000000001,False
2017-08-17,0.945,0.945,0.004251,False
2017-08-18,0.933,0.933,-0.012698000000000001,False
2017-08-21,0.943,0.943,0.010718,False
2017-08-22,0.94,0.94,-0.003181,False
2017-08-23,0.932,0.932,-0.008511,False
2017-08-24,0.924,0.924,-0.008584000000000001,False
2017-08-25,0.938,0.938,0.015152,False
2017-08-28,0.944,0.944,0.006397000000000001,False
2017-08-29,0.939,0.939,-0.005297,False
2017-08-30,0.947,0.947,0.00852,False
2017-08-31,0.946,0.946,-0.001056,False
2017-09-01,0.957,0.957,0.011628000000000001,False
2017-09-04,0.964,0.964,0.007315,False
2017-09-05,0.96,0.96,-0.004149,False
2017-09-06,0.965,0.965,0.005208000000000001,False
2017-09-07,0.952,0.952,-0.013472,False
2017-09-08,0.952,0.952,0.0,False
2017-09-11,0.971,0.971,0.019958,False
2017-09-12,0.966,0.966,-0.005149,False
2017-09-13,0.968,0.968,0.00207,False
2017-09-14,0.963,0.963,-0.0051649999999999995,False
2017-09-15,0.956,0.956,-0.007269,False
2017-09-18,0.964,0.964,0.008368,False
2017-09-19,0.958,0.958,-0.0062239999999999995,False
2017-09-20,0.969,0.969,0.011482000000000001,False
2017-09-21,0.954,0.954,-0.01548,False
2017-09-22,0.951,0.951,-0.0031450000000000002,False
2017-09-25,0.936,0.936,-0.015773,False
2017-09-26,0.943,0.943,0.007479,False
2017-09-27,0.953,0.953,0.010604,False
2017-09-28,0.953,0.953,0.0,False
2017-09-29,0.959,0.959,0.006296,False
2017-10-09,0.968,0.968,0.009385,False
2017-10-10,0.969,0.969,0.001033,False
2017-10-11,0.971,0.971,0.002064,False
2017-10-12,0.981,0.981,0.010299,False
2017-10-13,0.982,0.982,0.001019,False
2017-10-16,0.971,0.971,-0.011202,False
2017-10-17,0.971,0.971,0.0,False
2017-10-18,0.956,0.956,-0.015448,False
2017-10-19,0.947,0.947,-0.009414,False
2017-10-20,0.957,0.957,0.01056,False
2017-10-23,0.965,0.965,0.008359,False
2017-10-24,0.955,0.955,-0.010363,False
2017-10-25,0.965,0.965,0.010471,False
2017-10-26,0.971,0.971,0.0062180000000000004,False
2017-10-27,0.958,0.958,-0.013388,False
2017-10-30,0.943,0.943,-0.015658000000000002,False
2017-10-31,0.947,0.947,0.004242,False
2017-11-01,0.949,0.949,0.002112,False
2017-11-02,0.933,0.933,-0.01686,False
2017-11-03,0.924,0.924,-0.009646,False
2017-11-06,0.939,0.939,0.016234,False
2017-11-07,0.951,0.951,0.01278,False
2017-11-08,0.956,0.956,0.0052580000000000005,False
2017-11-09,0.964,0.964,0.008368,False
2017-11-10,0.966,0.966,0.002075,False
2017-11-13,0.974,0.974,0.008282000000000001,False
2017-11-14,0.977,0.977,0.00308,False
2017-11-15,0.954,0.954,-0.023541,False
2017-11-16,0.955,0.955,0.001048,False
2017-11-17,0.927,0.927,-0.029319,False
2017-11-20,0.941,0.941,0.015101999999999999,False
2017-11-21,0.947,0.947,0.006376,False
2017-11-22,0.954,0.954,0.007391999999999999,False
2017-11-23,0.931,0.931,-0.024109,False
2017-11-24,0.936,0.936,0.005371,False
2017-11-27,0.922,0.922,-0.014957,False
2017-11-28,0.939,0.939,0.018438,False
2017-11-29,0.94,0.94,0.001065,False
2017-11-30,0.935,0.935,-0.005319000000000001,False
2017-12-01,0.94,0.94,0.005348,False
2017-12-04,0.932,0.932,-0.008511,False
2017-12-05,0.911,0.911,-0.022532,False
2017-12-06,0.918,0.918,0.007684,False
2017-12-07,0.918,0.918,0.0,False
2017-12-08,0.928,0.928,0.010893,False
2017-12-11,0.941,0.941,0.014009,False
2017-12-12,0.931,0.931,-0.010627,False
2017-12-13,0.943,0.943,0.012889,False
2017-12-14,0.945,0.945,0.002121,False
2017-12-15,0.935,0.935,-0.010582000000000001,False
2017-12-18,0.94,0.94,0.005348,False
2017-12-19,0.95,0.95,0.010638000000000002,False
2017-12-20,0.936,0.936,-0.014737,False
2017-12-21,0.952,0.952,0.017094,False
2017-12-22,0.948,0.948,-0.004202,False
2017-12-25,0.928,0.928,-0.021097,False
2017-12-26,0.93,0.93,0.002155,False
2017-12-27,0.922,0.922,-0.008602,False
2017-12-28,0.924,0.924,0.002169,False
2017-12-29,0.939,0.939,0.016234,False
2017-12-31,0.939,0.939,0.0,False
2018-01-02,0.955,0.955,0.017039,False
2018-01-03,0.961,0.961,0.0062829999999999995,False
2018-01-04,0.971,0.971,0.010406,False
2018-01-05,0.962,0.962,-0.009269,False
2018-01-08,0.964,0.964,0.002079,False
2018-01-09,0.972,0.972,0.008298999999999999,False
2018-01-10,0.957,0.957,-0.015432,False
2018-01-11,0.961,0.961,0.00418,False
2018-01-12,0.948,0.948,-0.013528,False
2018-01-15,0.917,0.917,-0.0327,False
2018-01-16,0.916,0.916,-0.001091,False
2018-01-17,0.915,0.915,-0.001092,False
2018-01-18,0.927,0.927,0.013115000000000002,False
2018-01-19,0.94,0.94,0.014024000000000002,False
2018-01-22,0.952,0.952,0.012766,False
2018-01-23,0.951,0.951,-0.00105,False
2018-01-24,0.954,0.954,0.003155,False
2018-01-25,0.962,0.962,0.008386,False
2018-01-26,0.966,0.966,0.004158,False
2018-01-29,0.955,0.955,-0.011387000000000001,False
2018-01-30,0.955,0.955,0.0,False
2018-01-31,0.928,0.928,-0.028272,False
2018-02-01,0.899,0.899,-0.03125,False
2018-02-02,0.902,0.902,0.003337,False
2018-02-05,0.887,0.887,-0.01663,False
2018-02-06,0.829,0.829,-0.065389,False
2018-02-07,0.82,0.82,-0.010856,False
2018-02-08,0.834,0.834,0.017073,False
2018-02-09,0.803,0.803,-0.03717,False
2018-02-12,0.829,0.829,0.032379,False
2018-02-13,0.83,0.83,0.001206,False
2018-02-14,0.834,0.834,0.004819,False
2018-02-22,0.853,0.853,0.022782,False
2018-02-23,0.861,0.861,0.009379,False
2018-02-26,0.888,0.888,0.031359,False
2018-02-27,0.882,0.882,-0.006757,False
2018-02-28,0.874,0.874,-0.00907,False
2018-03-01,0.882,0.882,0.009153,False
2018-03-02,0.865,0.865,-0.019274,False
2018-03-05,0.864,0.864,-0.001156,False
2018-03-06,0.878,0.878,0.016204,False
2018-03-07,0.865,0.865,-0.014806,False
2018-03-08,0.872,0.872,0.008092,False
2018-03-09,0.888,0.888,0.018349,False
2018-03-12,0.9,0.9,0.013514,False
2018-03-13,0.89,0.89,-0.011111,False
2018-03-14,0.877,0.877,-0.014607000000000002,False
2018-03-15,0.877,0.877,0.0,False
2018-03-16,0.869,0.869,-0.009122,False
2018-03-19,0.867,0.867,-0.002301,False
2018-03-20,0.871,0.871,0.004614,False
2018-03-21,0.865,0.865,-0.006888999999999999,False
2018-03-22,0.854,0.854,-0.012717000000000001,False
2018-03-23,0.824,0.824,-0.035129,False
2018-03-26,0.841,0.841,0.020631,False
2018-03-27,0.859,0.859,0.021403,False
2018-03-28,0.846,0.846,-0.015134000000000002,False
2018-03-29,0.842,0.842,-0.0047279999999999996,False
2018-03-30,0.868,0.868,0.030879,False
2018-04-02,0.893,0.893,0.028801999999999998,False
2018-04-03,0.889,0.889,-0.004479,False
2018-04-04,0.874,0.874,-0.016873,False
2018-04-09,0.888,0.888,0.016017999999999998,False
2018-04-10,0.877,0.877,-0.012386999999999999,False
2018-04-11,0.872,0.872,-0.005701,False
2018-04-12,0.867,0.867,-0.005734,False
2018-04-13,0.872,0.872,0.0057669999999999996,False
2018-04-16,0.879,0.879,0.008028,False
2018-04-17,0.864,0.864,-0.017065,False
2018-04-18,0.892,0.892,0.032407,False
2018-04-19,0.907,0.907,0.016816,False
2018-04-20,0.897,0.897,-0.011025,False
2018-04-23,0.863,0.863,-0.037904,False
2018-04-24,0.89,0.89,0.031286,False
2018-04-25,0.887,0.887,-0.0033710000000000003,False
2018-04-26,0.87,0.87,-0.019166000000000002,False
2018-04-27,0.862,0.862,-0.009195,False
2018-05-02,0.859,0.859,-0.0034799999999999996,False
2018-05-03,0.862,0.862,0.0034920000000000003,False
2018-05-04,0.859,0.859,-0.0034799999999999996,False
2018-05-07,0.874,0.874,0.017462,False
2018-05-08,0.882,0.882,0.009153,False
2018-05-09,0.879,0.879,-0.003401,False
2018-05-10,0.871,0.871,-0.009101,False
2018-05-11,0.862,0.862,-0.010333000000000002,False
2018-05-14,0.849,0.849,-0.015081,False
2018-05-15,0.861,0.861,0.014134,False
2018-05-16,0.863,0.863,0.002323,False
2018-05-17,0.857,0.857,-0.006952000000000001,False
2018-05-18,0.859,0.859,0.002334,False
2018-05-21,0.87,0.87,0.012806,False
2018-05-22,0.868,0.868,-0.002299,False
2018-05-23,0.864,0.864,-0.004608,False
2018-05-24,0.855,0.855,-0.010417000000000001,False
2018-05-25,0.847,0.847,-0.009356999999999999,False
2018-05-28,0.835,0.835,-0.014168,False
2018-05-29,0.826,0.826,-0.010778000000000001,False
2018-05-30,0.811,0.811,-0.01816,False
2018-05-31,0.815,0.815,0.004932000000000001,False
2018-06-01,0.806,0.806,-0.011043,False
2018-06-04,0.806,0.806,0.0,False
2018-06-05,0.828,0.828,0.027295,False
2018-06-06,0.836,0.836,0.009661999999999999,False
2018-06-07,0.828,0.828,-0.009569,False
2018-06-08,0.825,0.825,-0.003623,False
2018-06-11,0.823,0.823,-0.002424,False
2018-06-12,0.829,0.829,0.00729,False
2018-06-13,0.818,0.818,-0.013269,False
2018-06-14,0.81,0.81,-0.00978,False
2018-06-15,0.793,0.793,-0.020988000000000003,False
2018-06-19,0.763,0.763,-0.037831000000000004,False
2018-06-20,0.779,0.779,0.02097,False
2018-06-21,0.766,0.766,-0.016688,False
2018-06-22,0.777,0.777,0.01436,False
2018-06-25,0.772,0.772,-0.006435,False
2018-06-26,0.782,0.782,0.012953,False
2018-06-27,0.778,0.778,-0.005115,False
2018-06-28,0.775,0.775,-0.003856,False
2018-06-29,0.805,0.805,0.03871,False
2018-06-30,0.805,0.805,0.0,False
2018-07-02,0.804,0.804,-0.001242,False
2018-07-03,0.812,0.812,0.00995,False
2018-07-04,0.796,0.796,-0.019704,False
2018-07-05,0.779,0.779,-0.021357,False
2018-07-06,0.785,0.785,0.007702,False
2018-07-09,0.804,0.804,0.024204,False
2018-07-10,0.805,0.805,0.0012439999999999999,False
2018-07-11,0.795,0.795,-0.012421999999999999,False
2018-07-12,0.813,0.813,0.022642000000000002,False
2018-07-13,0.814,0.814,0.00123,False
2018-07-16,0.815,0.815,0.001229,False
2018-07-17,0.813,0.813,-0.002454,False
2018-07-18,0.806,0.806,-0.00861,False
2018-07-19,0.796,0.796,-0.012407,False
2018-07-20,0.811,0.811,0.018844,False
2018-07-23,0.838,0.838,0.033292,False
2018-07-24,0.846,0.846,0.009547,False
2018-07-25,0.845,0.845,-0.0011819999999999999,False
2018-07-26,0.828,0.828,-0.020118,False
2018-07-27,0.825,0.825,-0.003623,False
2018-07-30,0.818,0.818,-0.008485,False
2018-07-31,0.812,0.812,-0.007335,False
2018-08-01,0.797,0.797,-0.018473,False
2018-08-02,0.778,0.778,-0.023839000000000003,False
2018-08-03,0.765,0.765,-0.01671,False
2018-08-06,0.745,0.745,-0.026143999999999997,False
2018-08-07,0.765,0.765,0.026846000000000002,False
2018-08-08,0.75,0.75,-0.019608,False
2018-08-09,0.777,0.777,0.036000000000000004,False
2018-08-10,0.783,0.783,0.007722,False
2018-08-13,0.792,0.792,0.011493999999999999,False
2018-08-14,0.778,0.778,-0.017677000000000002,False
2018-08-15,0.764,0.764,-0.017995,False
2018-08-16,0.751,0.751,-0.017016,False
2018-08-17,0.741,0.741,-0.013316,False
2018-08-20,0.748,0.748,0.009447,False
2018-08-21,0.758,0.758,0.013368999999999999,False
2018-08-22,0.75,0.75,-0.010554,False
2018-08-23,0.763,0.763,0.017333,False
2018-08-24,0.768,0.768,0.006553,False
2018-08-27,0.796,0.796,0.036458,False
2018-08-28,0.796,0.796,0.0,False
2018-08-29,0.793,0.793,-0.003769,False
2018-08-30,0.783,0.783,-0.01261,False
2018-08-31,0.778,0.778,-0.006385999999999999,False
2018-09-03,0.8,0.8,0.028277999999999998,False
2018-09-04,0.814,0.814,0.0175,False
2018-09-05,0.802,0.802,-0.014742,False
2018-09-06,0.801,0.801,-0.001247,False
2018-09-07,0.79,0.79,-0.013733,False
2018-09-10,0.773,0.773,-0.021519,False
2018-09-11,0.782,0.782,0.011642999999999999,False
2018-09-12,0.785,0.785,0.003836,False
2018-09-13,0.798,0.798,0.016561,False
2018-09-14,0.766,0.766,-0.0401,False
2018-09-17,0.753,0.753,-0.016971,False
2018-09-18,0.771,0.771,0.023904,False
2018-09-19,0.788,0.788,0.022049,False
2018-09-20,0.78,0.78,-0.010152000000000001,False
2018-09-21,0.785,0.785,0.00641,False
2018-09-25,0.79,0.79,0.0063690000000000005,False
2018-09-26,0.795,0.795,0.006329,False
2018-09-27,0.785,0.785,-0.012579,False
2018-09-28,0.787,0.787,0.0025480000000000004,False
2018-10-08,0.76,0.76,-0.034307,False
2018-10-09,0.741,0.741,-0.025,False
2018-10-10,0.74,0.74,-0.00135,False
2018-10-11,0.702,0.702,-0.05135100000000001,False
2018-10-12,0.717,0.717,0.021368,False
2018-10-15,0.711,0.711,-0.008368,False
2018-10-16,0.694,0.694,-0.02391,False
2018-10-17,0.695,0.695,0.001441,False
2018-10-18,0.679,0.679,-0.023022,False
2018-10-19,0.697,0.697,0.02651,False
2018-10-22,0.732,0.732,0.050214999999999996,False
2018-10-23,0.722,0.722,-0.013661000000000001,False
2018-10-24,0.718,0.718,-0.005540000000000001,False
2018-10-25,0.713,0.713,-0.006964000000000001,False
2018-10-26,0.701,0.701,-0.01683,False
2018-10-29,0.692,0.692,-0.012839,False
2018-10-30,0.69,0.69,-0.0028899999999999998,False
2018-10-31,0.698,0.698,0.011594,False
2018-11-01,0.709,0.709,0.015759000000000002,False
2018-11-02,0.732,0.732,0.032440000000000004,False
2018-11-05,0.733,0.733,0.001366,False
2018-11-06,0.728,0.728,-0.006821000000000001,False
2018-11-07,0.725,0.725,-0.0041210000000000005,False
2018-11-08,0.71,0.71,-0.02069,False
2018-11-09,0.713,0.713,0.004225,False
2018-11-12,0.728,0.728,0.021038,False
2018-11-13,0.731,0.731,0.0041210000000000005,False
2018-11-14,0.727,0.727,-0.005472,False
2018-11-15,0.744,0.744,0.023384000000000002,False
2018-11-16,0.752,0.752,0.010752999999999999,False
2018-11-19,0.751,0.751,-0.00133,False
2018-11-20,0.732,0.732,-0.0253,False
2018-11-21,0.727,0.727,-0.006831,False
2018-11-22,0.723,0.723,-0.005502,False
2018-11-23,0.707,0.707,-0.02213,False
2018-11-26,0.704,0.704,-0.004243,False
2018-11-27,0.71,0.71,0.008523,False
2018-11-28,0.719,0.719,0.012676,False
2018-11-29,0.708,0.708,-0.015299,False
2018-11-30,0.714,0.714,0.008475,False
2018-12-03,0.736,0.736,0.030812,False
2018-12-04,0.731,0.731,-0.006793,False
2018-12-05,0.727,0.727,-0.005472,False
2018-12-06,0.712,0.712,-0.020633,False
2018-12-07,0.716,0.716,0.005618,False
2018-12-10,0.708,0.708,-0.011172999999999999,False
2018-12-11,0.713,0.713,0.007062000000000001,False
2018-12-12,0.715,0.715,0.002805,False
2018-12-13,0.726,0.726,0.015385,False
2018-12-14,0.714,0.714,-0.016529000000000002,False
2018-12-17,0.709,0.709,-0.0070030000000000005,False
2018-12-18,0.699,0.699,-0.014104,False
2018-12-19,0.691,0.691,-0.011445,False
2018-12-20,0.691,0.691,0.0,False
2018-12-21,0.686,0.686,-0.007236,False
2018-12-24,0.696,0.696,0.014577,False
2018-12-25,0.696,0.696,0.0,False
2018-12-26,0.689,0.689,-0.010057,False
2018-12-27,0.683,0.683,-0.008708,False
2018-12-28,0.683,0.683,0.0,False
2018-12-31,0.684,0.684,0.0,False
2019-01-02,0.677,0.677,-0.008785,False
2019-01-03,0.671,0.671,-0.008863,False
2019-01-04,0.691,0.691,0.029806,False
2019-01-07,0.707,0.707,0.023155000000000002,False
2019-01-08,0.705,0.705,-0.002829,False
2019-01-09,0.703,0.703,-0.002837,False
2019-01-10,0.701,0.701,-0.002845,False
2019-01-11,0.703,0.703,0.002853,False
2019-01-14,0.698,0.698,-0.007112,False
2019-01-15,0.708,0.708,0.014327000000000001,False
2019-01-16,0.709,0.709,0.0014119999999999998,False
2019-01-17,0.701,0.701,-0.011283000000000001,False
2019-01-18,0.706,0.706,0.0071330000000000005,False
2019-01-21,0.713,0.713,0.009915,False
2019-01-22,0.702,0.702,-0.015427999999999999,False
2019-01-23,0.706,0.706,0.005698,False
2019-01-24,0.713,0.713,0.009915,False
2019-01-25,0.711,0.711,-0.002805,False
2019-01-28,0.71,0.71,-0.0014060000000000001,False
2019-01-29,0.705,0.705,-0.0070420000000000005,False
2019-01-30,0.698,0.698,-0.009929,False
2019-01-31,0.697,0.697,-0.001433,False
2019-02-01,0.711,0.711,0.020086,False
2019-02-11,0.728,0.728,0.02391,False
2019-02-12,0.733,0.733,0.006868,False
2019-02-13,0.747,0.747,0.0191,False
2019-02-14,0.748,0.748,0.001339,False
2019-02-15,0.737,0.737,-0.014705999999999999,False
2019-02-18,0.767,0.767,0.040706,False
2019-02-19,0.767,0.767,0.0,False
2019-02-20,0.767,0.767,0.0,False
2019-02-21,0.766,0.766,-0.0013039999999999998,False
2019-02-22,0.787,0.787,0.027415,False
2019-02-25,0.832,0.832,0.057179,False
2019-02-26,0.826,0.826,-0.007212,False
2019-02-27,0.824,0.824,-0.002421,False
2019-02-28,0.828,0.828,0.004854,False
2019-03-01,0.835,0.835,0.008454,False
2019-03-04,0.848,0.848,0.015569,False
2019-03-05,0.869,0.869,0.024763999999999998,False
2019-03-06,0.876,0.876,0.008055,False
2019-03-07,0.875,0.875,-0.001142,False
2019-03-08,0.851,0.851,-0.027429000000000002,False
2019-03-11,0.883,0.883,0.037603,False
2019-03-12,0.902,0.902,0.021518000000000002,False
2019-03-13,0.868,0.868,-0.037694,False
2019-03-14,0.85,0.85,-0.020737000000000002,False
2019-03-15,0.85,0.85,0.0,False
2019-03-18,0.865,0.865,0.017647,False
2019-03-19,0.872,0.872,0.008092,False
2019-03-20,0.865,0.865,-0.008028,False
2019-03-21,0.872,0.872,0.008092,False
2019-03-22,0.871,0.871,-0.001147,False
2019-03-25,0.878,0.878,0.008036999999999999,False
2019-03-26,0.851,0.851,-0.030752,False
2019-03-27,0.849,0.849,-0.0023499999999999997,False
2019-03-28,0.849,0.849,0.0,False
2019-03-29,0.873,0.873,0.028269000000000002,False
2019-04-01,0.904,0.904,0.03551,False
2019-04-02,0.907,0.907,0.003319,False
2019-04-03,0.914,0.914,0.007718,False
2019-04-04,0.91,0.91,-0.004376,False
2019-04-08,0.891,0.891,-0.020878999999999998,False
2019-04-09,0.893,0.893,0.002245,False
2019-04-10,0.889,0.889,-0.004479,False
2019-04-11,0.871,0.871,-0.020247,False
2019-04-12,0.87,0.87,-0.001148,False
2019-04-15,0.864,0.864,-0.0068969999999999995,False
2019-04-16,0.884,0.884,0.023148,False
2019-04-17,0.885,0.885,0.001131,False
2019-04-18,0.883,0.883,-0.00226,False
2019-04-19,0.887,0.887,0.00453,False
2019-04-22,0.878,0.878,-0.010147,False
2019-04-23,0.861,0.861,-0.019362,False
2019-04-24,0.873,0.873,0.013937,False
2019-04-25,0.841,0.841,-0.036655,False
2019-04-26,0.834,0.834,-0.008323,False
2019-04-29,0.822,0.822,-0.014388000000000001,False
2019-04-30,0.818,0.818,-0.004866,False
2019-05-06,0.768,0.768,-0.061125,False
2019-05-07,0.769,0.769,0.0013020000000000002,False
2019-05-08,0.768,0.768,-0.0013,False
2019-05-09,0.764,0.764,-0.005208000000000001,False
2019-05-10,0.792,0.792,0.036649,False
2019-05-13,0.786,0.786,-0.007576,False
2019-05-14,0.782,0.782,-0.005089,False
2019-05-15,0.795,0.795,0.016624,False
2019-05-16,0.793,0.793,-0.002516,False
2019-05-17,0.775,0.775,-0.022698999999999997,False
2019-05-20,0.774,0.774,-0.0012900000000000001,False
2019-05-21,0.783,0.783,0.011628000000000001,False
2019-05-22,0.783,0.783,0.0,False
2019-05-23,0.769,0.769,-0.01788,False
2019-05-24,0.765,0.765,-0.005202,False
2019-05-27,0.779,0.779,0.018301,False
2019-05-28,0.785,0.785,0.007702,False
2019-05-29,0.785,0.785,0.0,False
2019-05-30,0.784,0.784,-0.0012740000000000002,False
2019-05-31,0.788,0.788,0.005102,False
2019-06-03,0.786,0.786,-0.0025380000000000003,False
2019-06-04,0.776,0.776,-0.012723,False
2019-06-05,0.779,0.779,0.003866,False
2019-06-06,0.768,0.768,-0.014121,False
2019-06-10,0.778,0.778,0.013021,False
2019-06-11,0.795,0.795,0.021851,False
2019-06-12,0.787,0.787,-0.010062999999999999,False
2019-06-13,0.786,0.786,-0.001271,False
2019-06-14,0.774,0.774,-0.015267,False
2019-06-17,0.77,0.77,-0.005168000000000001,False
2019-06-18,0.772,0.772,0.002597,False
2019-06-19,0.782,0.782,0.012953,False
2019-06-20,0.8,0.8,0.023018,False
2019-06-21,0.807,0.807,0.00875,False
2019-06-24,0.808,0.808,0.0012389999999999999,False
2019-06-25,0.804,0.804,-0.0049499999999999995,False
2019-06-26,0.809,0.809,0.006219,False
2019-06-27,0.823,0.823,0.017305,False
2019-06-28,0.822,0.822,-0.001215,False
2019-06-30,0.822,0.822,0.0,False
2019-07-01,0.848,0.848,0.03163,False
2019-07-02,0.849,0.849,0.0011790000000000001,False
2019-07-03,0.84,0.84,-0.010601000000000001,False
2019-07-04,0.837,0.837,-0.0035709999999999995,False
2019-07-05,0.84,0.84,0.003584,False
2019-07-08,0.818,0.818,-0.02619,False
2019-07-09,0.818,0.818,0.0,False
2019-07-10,0.816,0.816,-0.002445,False
2019-07-11,0.815,0.815,-0.001225,False
2019-07-12,0.815,0.815,0.0,False
2019-07-15,0.832,0.832,0.020859000000000003,False
2019-07-16,0.833,0.833,0.001202,False
2019-07-17,0.831,0.831,-0.002401,False
2019-07-18,0.817,0.817,-0.016847,False
2019-07-19,0.824,0.824,0.008568,False
2019-07-22,0.814,0.814,-0.012136000000000001,False
2019-07-23,0.82,0.82,0.007371,False
2019-07-24,0.832,0.832,0.014634000000000001,False
2019-07-25,0.837,0.837,0.00601,False
2019-07-26,0.836,0.836,-0.0011949999999999999,False
2019-07-29,0.836,0.836,0.0,False
2019-07-30,0.838,0.838,0.002392,False
2019-07-31,0.835,0.835,-0.00358,False
2019-08-01,0.829,0.829,-0.0071860000000000005,False
2019-08-02,0.816,0.816,-0.015682,False
2019-08-05,0.809,0.809,-0.008578,False
2019-08-06,0.804,0.804,-0.00618,False
2019-08-07,0.795,0.795,-0.011193999999999999,False
2019-08-08,0.803,0.803,0.010062999999999999,False
2019-08-09,0.794,0.794,-0.011208000000000001,False
2019-08-12,0.806,0.806,0.015113000000000001,False
2019-08-13,0.803,0.803,-0.0037219999999999996,False
2019-08-14,0.807,0.807,0.004981,False
2019-08-15,0.811,0.811,0.004957,False
2019-08-16,0.812,0.812,0.0012330000000000002,False
2019-08-19,0.834,0.834,0.027094,False
2019-08-20,0.835,0.835,0.001199,False
2019-08-21,0.838,0.838,0.0035930000000000003,False
2019-08-22,0.84,0.84,0.002387,False
2019-08-23,0.842,0.842,0.002381,False
2019-08-26,0.838,0.838,-0.004751,False
2019-08-27,0.848,0.848,0.011933000000000001,False
2019-08-28,0.846,0.846,-0.0023580000000000003,False
2019-08-29,0.848,0.848,0.0023639999999999998,False
2019-08-30,0.855,0.855,0.008255,False
2019-09-02,0.879,0.879,0.028069999999999998,False
2019-09-03,0.885,0.885,0.006826,False
2019-09-04,0.89,0.89,0.00565,False
2019-09-05,0.895,0.895,0.005618,False
2019-09-06,0.897,0.897,0.002235,False
2019-09-09,0.906,0.906,0.010033,False
2019-09-10,0.9,0.9,-0.006623,False
2019-09-11,0.892,0.892,-0.008889000000000001,False
2019-09-12,0.894,0.894,0.002242,False
2019-09-16,0.895,0.895,0.001119,False
2019-09-17,0.877,0.877,-0.020112,False
2019-09-18,0.874,0.874,-0.003421,False
2019-09-19,0.882,0.882,0.009153,False
2019-09-20,0.881,0.881,-0.001134,False
2019-09-23,0.874,0.874,-0.007946,False
2019-09-24,0.877,0.877,0.003432,False
2019-09-25,0.861,0.861,-0.018244,False
2019-09-26,0.844,0.844,-0.019743999999999998,False
2019-09-27,0.846,0.846,0.0023699999999999997,False
2019-09-30,0.838,0.838,-0.009455999999999999,False
2019-10-08,0.837,0.837,-0.001193,False
2019-10-09,0.841,0.841,0.004779,False
2019-10-10,0.849,0.849,0.009512,False
2019-10-11,0.851,0.851,0.002356,False
2019-10-14,0.863,0.863,0.014100999999999999,False
2019-10-15,0.848,0.848,-0.017381,False
2019-10-16,0.846,0.846,-0.0023580000000000003,False
2019-10-17,0.845,0.845,-0.0011819999999999999,False
2019-10-18,0.832,0.832,-0.015385,False
2019-10-21,0.833,0.833,0.001202,False
2019-10-22,0.837,0.837,0.004802,False
2019-10-23,0.829,0.829,-0.009558,False
2019-10-24,0.83,0.83,0.001206,False
2019-10-25,0.839,0.839,0.010843,False
2019-10-28,0.857,0.857,0.021454,False
2019-10-29,0.844,0.844,-0.015168999999999998,False
2019-10-30,0.845,0.845,0.0011849999999999999,False
2019-10-31,0.844,0.844,-0.001183,False
2019-11-01,0.852,0.852,0.009479,False
2019-11-04,0.858,0.858,0.0070420000000000005,False
2019-11-05,0.863,0.863,0.005828,False
2019-11-06,0.862,0.862,-0.001159,False
2019-11-07,0.86,0.86,-0.00232,False
2019-11-08,0.856,0.856,-0.004651,False
2019-11-11,0.84,0.84,-0.018692,False
2019-11-12,0.84,0.84,0.0,False
2019-11-13,0.839,0.839,-0.0011899999999999999,False
2019-11-14,0.844,0.844,0.005959,False
2019-11-15,0.841,0.841,-0.003555,False
2019-11-18,0.851,0.851,0.011891,False
2019-11-19,0.859,0.859,0.009401,False
2019-11-20,0.856,0.856,-0.0034920000000000003,False
2019-11-21,0.856,0.856,0.0,False
2019-11-22,0.845,0.845,-0.012849999999999999,False
2019-11-25,0.845,0.845,0.0,False
2019-11-26,0.848,0.848,0.0035499999999999998,False
2019-11-27,0.844,0.844,-0.004717,False
2019-11-28,0.842,0.842,-0.0023699999999999997,False
2019-11-29,0.842,0.842,0.0,False
2019-12-02,0.844,0.844,0.002375,False
2019-12-03,0.85,0.85,0.007109,False
2019-12-04,0.852,0.852,0.002353,False
2019-12-05,0.855,0.855,0.0035210000000000003,False
2019-12-06,0.858,0.858,0.003509,False
2019-12-09,0.865,0.865,0.008159,False
2019-12-10,0.87,0.87,0.0057799999999999995,False
2019-12-11,0.871,0.871,0.001149,False
2019-12-12,0.873,0.873,0.002296,False
2019-12-13,0.885,0.885,0.013746000000000001,False
2019-12-16,0.905,0.905,0.022599,False
2019-12-17,0.914,0.914,0.009945,False
2019-12-18,0.912,0.912,-0.002188,False
2019-12-19,0.905,0.905,-0.0076749999999999995,False
2019-12-20,0.9,0.9,-0.0055249999999999995,False
2019-12-23,0.888,0.888,-0.013333,False
2019-12-24,0.9,0.9,0.013514,False
2019-12-25,0.9,0.9,0.0,False
2019-12-26,0.905,0.905,0.005556,False
2019-12-27,0.9,0.9,-0.0055249999999999995,False
2019-12-30,0.909,0.909,0.01,False
2019-12-31,0.907,0.907,-0.0022,False
2020-01-02,0.919,0.919,0.013229999999999999,False
2020-01-03,0.919,0.919,0.0,False
2020-01-06,0.925,0.925,0.006529,False
2020-01-07,0.93,0.93,0.005405,False
2020-01-08,0.92,0.92,-0.010752999999999999,False
2020-01-09,0.933,0.933,0.01413,False
2020-01-10,0.932,0.932,-0.001072,False
2020-01-13,0.942,0.942,0.01073,False
2020-01-14,0.944,0.944,0.002123,False
2020-01-15,0.95,0.95,0.0063560000000000005,False
2020-01-16,0.957,0.957,0.007368,False
2020-01-17,0.971,0.971,0.014629000000000001,False
2020-01-20,0.978,0.978,0.007209,False
2020-01-21,0.964,0.964,-0.014315,False
2020-01-22,0.984,0.984,0.020747,False
2020-01-23,0.955,0.955,-0.029472,False
2020-02-03,0.878,0.878,-0.08062799999999999,False
2020-02-04,0.927,0.927,0.055809,False
2020-02-05,0.933,0.933,0.006472,False
2020-02-06,0.955,0.955,0.02358,False
2020-02-07,1.0,1.0,0.047119999999999995,False
2020-02-10,0.987,0.987,-0.013000000000000001,False
2020-02-11,0.982,0.982,-0.005066,False
2020-02-12,1.009,1.009,0.027495,False
2020-02-13,1.0,1.0,-0.00892,False
2020-02-14,0.996,0.996,-0.004,False
2020-02-17,1.026,1.026,0.03012,False
2020-02-18,1.049,1.049,0.022417,False
2020-02-19,1.035,1.035,-0.013346,False
2020-02-20,1.037,1.037,0.0019320000000000001,False
2020-02-21,1.055,1.055,0.017358,False
2020-02-24,1.084,1.084,0.027488000000000002,False
2020-02-25,1.085,1.085,0.0009229999999999999,False
2020-02-26,1.053,1.053,-0.029493000000000002,False
2020-02-27,1.055,1.055,0.001899,False
2020-02-28,1.007,1.007,-0.045498000000000004,False
2020-03-02,1.038,1.038,0.030785,False
2020-03-03,1.06,1.06,0.021195,False
2020-03-04,1.041,1.041,-0.017925,False
2020-03-05,1.042,1.042,0.000961,False
2020-03-06,1.031,1.031,-0.010557,False
2020-03-09,0.98,0.98,-0.049467,False
2020-03-10,1.009,1.009,0.029592,False
2020-03-11,0.995,0.995,-0.013875,False
2020-03-12,0.989,0.989,-0.00603,False
2020-03-13,0.991,0.991,0.002022,False
2020-03-16,0.954,0.954,-0.037336,False
2020-03-17,0.959,0.959,0.005241,False
2020-03-18,0.945,0.945,-0.014598999999999999,False
2020-03-19,0.954,0.954,0.009524,False
2020-03-20,0.954,0.954,0.0,False
2020-03-23,0.914,0.914,-0.041929,False
2020-03-24,0.929,0.929,0.016411,False
2020-03-25,0.953,0.953,0.025834000000000003,False
2020-03-26,0.952,0.952,-0.001049,False
2020-03-27,0.953,0.953,0.00105,False
2020-03-30,0.938,0.938,-0.01574,False
2020-03-31,0.933,0.933,-0.0053300000000000005,False
2020-04-01,0.93,0.93,-0.003215,False
2020-04-02,0.956,0.956,0.027957,False
2020-04-03,0.947,0.947,-0.009414,False
2020-04-07,0.973,0.973,0.027454999999999997,False
2020-04-08,0.973,0.973,0.0,False
2020-04-09,0.971,0.971,-0.002055,False
2020-04-10,0.949,0.949,-0.022656999999999997,False
2020-04-13,0.943,0.943,-0.0063219999999999995,False
2020-04-14,0.96,0.96,0.018028,False
2020-04-15,0.96,0.96,0.0,False
2020-04-16,0.968,0.968,0.008333,False
2020-04-17,0.97,0.97,0.002066,False
2020-04-20,0.982,0.982,0.012371,False
2020-04-21,0.983,0.983,0.001018,False
2020-04-22,0.985,0.985,0.002035,False
2020-04-23,0.982,0.982,-0.0030459999999999997,False
2020-04-24,0.971,0.971,-0.011202,False
2020-04-27,0.965,0.965,-0.0061790000000000005,False
2020-04-28,0.962,0.962,-0.0031090000000000002,False
2020-04-29,0.958,0.958,-0.004158,False
2020-04-30,0.984,0.984,0.02714,False
2020-05-06,1.013,1.013,0.029472,False
2020-05-07,1.009,1.009,-0.003948999999999999,False
2020-05-08,1.021,1.021,0.011893,False
2020-05-11,1.013,1.013,-0.007835,False
2020-05-12,1.011,1.011,-0.001974,False
2020-05-13,1.014,1.014,0.002967,False
2020-05-14,1.008,1.008,-0.005917,False
2020-05-15,1.018,1.018,0.009921,False
2020-05-18,1.017,1.017,-0.000982,False
2020-05-19,1.032,1.032,0.014749000000000002,False
2020-05-20,1.013,1.013,-0.018411,False
2020-05-21,0.994,0.994,-0.018756,False
2020-05-22,0.979,0.979,-0.015091,False
2020-05-25,0.972,0.972,-0.00715,False
2020-05-26,0.987,0.987,0.015432,False
2020-05-27,0.974,0.974,-0.013170999999999999,False
2020-05-28,0.975,0.975,0.001027,False
2020-05-29,0.978,0.978,0.003077,False
2020-06-01,1.005,1.005,0.027607,False
2020-06-02,1.001,1.001,-0.00398,False
2020-06-03,0.996,0.996,-0.004995,False
2020-06-04,0.986,0.986,-0.01004,False
2020-06-05,0.988,0.988,0.0020280000000000003,False
2020-06-08,0.984,0.984,-0.004049,False
2020-06-09,0.987,0.987,0.003049,False
2020-06-10,0.987,0.987,0.0,False
2020-06-11,0.992,0.992,0.005066,False
2020-06-12,0.989,0.989,-0.003024,False
2020-06-15,0.975,0.975,-0.014156,False
2020-06-16,0.988,0.988,0.013333,False
2020-06-17,0.997,0.997,0.009109,False
2020-06-18,0.999,0.999,0.002006,False
2020-06-19,1.006,1.006,0.007007,False
2020-06-22,1.017,1.017,0.010934,False
2020-06-23,1.032,1.032,0.014749000000000002,False
2020-06-24,1.036,1.036,0.003876,False
2020-06-29,1.029,1.029,-0.006757,False
2020-06-30,1.053,1.053,0.023323999999999998,False
2020-07-01,1.055,1.055,0.001899,False
2020-07-02,1.051,1.051,-0.003791,False
2020-07-03,1.065,1.065,0.013321000000000001,False
2020-07-06,1.116,1.116,0.047887000000000006,False
2020-07-07,1.146,1.146,0.026882000000000003,False
2020-07-08,1.199,1.199,0.046248,False
2020-07-09,1.267,1.267,0.056714,False
2020-07-10,1.252,1.252,-0.011838999999999999,False
2020-07-13,1.274,1.274,0.017572,False
2020-07-14,1.244,1.244,-0.023548,False
2020-07-15,1.201,1.201,-0.034566,False
2020-07-16,1.138,1.138,-0.052455999999999996,False
2020-07-17,1.148,1.148,0.008787,False
2020-07-20,1.197,1.197,0.042683,False
2020-07-21,1.187,1.187,-0.008354,False
2020-07-22,1.202,1.202,0.012637,False
2020-07-23,1.217,1.217,0.012479,False
2020-07-24,1.151,1.151,-0.054231999999999995,False
2020-07-27,1.148,1.148,-0.002606,False
2020-07-28,1.171,1.171,0.020034999999999997,False
2020-07-29,1.201,1.201,0.025619,False
2020-07-30,1.182,1.182,-0.01582,False
2020-07-31,1.2,1.2,0.015227999999999998,False
2020-08-03,1.257,1.257,0.0475,False
2020-08-04,1.223,1.223,-0.027049,False
2020-08-05,1.256,1.256,0.026983,False
2020-08-06,1.288,1.288,0.025478,False
2020-08-07,1.296,1.296,0.0062109999999999995,False
2020-08-10,1.278,1.278,-0.013889,False
2020-08-11,1.236,1.236,-0.032864,False
2020-08-12,1.212,1.212,-0.019417,False
2020-08-13,1.214,1.214,0.00165,False
2020-08-14,1.243,1.243,0.023888,False
2020-08-17,1.268,1.268,0.020113,False
2020-08-18,1.275,1.275,0.005521000000000001,False
2020-08-19,1.23,1.23,-0.035294,False
2020-08-20,1.208,1.208,-0.017886,False
2020-08-21,1.214,1.214,0.004967,False
2020-08-24,1.216,1.216,0.0016,False
2020-08-25,1.2,1.2,-0.0132,False
2020-08-26,1.169,1.169,-0.0258,False
2020-08-27,1.187,1.187,0.0154,False
2020-08-28,1.204,1.204,0.0143,False
2020-08-31,1.214,1.214,0.0083,False
2020-09-01,1.232,1.232,0.0148,False
2020-09-02,1.225,1.225,-0.005699999999999999,False
2020-09-03,1.21,1.21,-0.012199999999999999,False
2020-09-04,1.206,1.206,-0.0033,False
2020-09-07,1.174,1.174,-0.0265,False
2020-09-08,1.176,1.176,0.0017000000000000001,False
2020-09-09,1.16,1.16,-0.013600000000000001,False
2020-09-10,1.131,1.131,-0.025,False
2020-09-11,1.136,1.136,0.0044,False
2020-09-14,1.14,1.14,0.0034999999999999996,False
2020-09-15,1.15,1.15,0.0088,False
2020-09-16,1.136,1.136,-0.012199999999999999,False
2020-09-17,1.149,1.149,0.011399999999999999,False
2020-09-18,1.176,1.176,0.0235,False
2020-09-21,1.191,1.191,0.0128,False
2020-09-22,1.179,1.179,-0.0101,False
2020-09-23,1.183,1.183,0.0034000000000000002,False
2020-09-24,1.152,1.152,-0.0262,False
2020-09-25,1.145,1.145,-0.0060999999999999995,False
2020-09-28,1.131,1.131,-0.012199999999999999,False
2020-09-29,1.162,1.162,0.0274,False
2020-09-30,1.16,1.16,-0.0017000000000000001,False
2020-10-09,1.172,1.172,0.0103,False
2020-10-12,1.21,1.21,0.032400000000000005,False
2020-10-13,1.208,1.208,-0.0017000000000000001,False
2020-10-14,1.197,1.197,-0.0091,False
2020-10-15,1.182,1.182,-0.0125,False
2020-10-16,1.168,1.168,-0.0118,False
2020-10-19,1.162,1.162,-0.0051,False
2020-10-20,1.172,1.172,0.0086,False
2020-10-21,1.145,1.145,-0.023,False
2020-10-22,1.143,1.143,-0.0017000000000000001,False
2020-10-23,1.113,1.113,-0.0262,False
2020-10-26,1.108,1.108,-0.0045000000000000005,False
2020-10-27,1.126,1.126,0.016200000000000003,False
2020-10-28,1.121,1.121,-0.0044,False
2020-10-29,1.103,1.103,-0.0161,False
2020-10-30,1.091,1.091,-0.0109,False
2020-11-02,1.084,1.084,-0.0064,False
2020-11-03,1.108,1.108,0.022099999999999998,False
2020-11-04,1.111,1.111,0.0027,False
2020-11-05,1.118,1.118,0.0063,False
2020-11-06,1.102,1.102,-0.0143,False
2020-11-09,1.13,1.13,0.0254,False
2020-11-10,1.108,1.108,-0.0195,False
2020-11-11,1.079,1.079,-0.0262,False
2020-11-12,1.074,1.074,-0.0046,False
2020-11-13,1.087,1.087,0.0121,False
2020-11-16,1.09,1.09,0.0028000000000000004,False
2020-11-17,1.08,1.08,-0.0092,False
2020-11-18,1.08,1.08,0.0,False
2020-11-19,1.115,1.115,0.032400000000000005,False
2020-11-20,1.115,1.115,0.0,False
2020-11-23,1.098,1.098,-0.0152,False
2020-11-24,1.095,1.095,-0.0027,False
2020-11-25,1.069,1.069,-0.023700000000000002,False
2020-11-26,1.067,1.067,-0.0019,False
2020-11-27,1.068,1.068,0.0009,False
2020-11-30,1.062,1.062,-0.005600000000000001,False
2020-12-01,1.093,1.093,0.0292,False
2020-12-02,1.103,1.103,0.0091,False
2020-12-03,1.101,1.101,-0.0018,False
2020-12-04,1.107,1.107,0.0054,False
2020-12-07,1.11,1.11,0.0027,False
2020-12-08,1.112,1.112,0.0018,False
2020-12-09,1.096,1.096,-0.0144,False
2020-12-10,1.104,1.104,0.0073,False
2020-12-11,1.093,1.093,-0.01,False
2020-12-14,1.098,1.098,0.0046,False
2020-12-15,1.104,1.104,0.0055000000000000005,False
2020-12-16,1.1,1.1,-0.0036,False
2020-12-17,1.098,1.098,-0.0018,False
2020-12-18,1.086,1.086,-0.0109,False
2020-12-21,1.107,1.107,0.019299999999999998,False
2020-12-22,1.089,1.089,-0.0163,False
2020-12-23,1.103,1.103,0.0129,False
2020-12-24,1.088,1.088,-0.013600000000000001,False
2020-12-25,1.105,1.105,0.015600000000000001,False
2020-12-28,1.098,1.098,-0.0063,False
2020-12-29,1.089,1.089,-0.008199999999999999,False
2020-12-30,1.105,1.105,0.0147,False
2020-12-31,1.126,1.126,0.019,False
2021-01-04,1.159,1.159,0.029300000000000003,False
2021-01-05,1.187,1.187,0.0242,False
2021-01-06,1.2,1.2,0.011000000000000001,False
2021-01-07,1.22,1.22,0.0167,False
2021-01-08,1.213,1.213,-0.005699999999999999,False
2021-01-11,1.214,1.214,0.0008,False
2021-01-12,1.247,1.247,0.027200000000000002,False
2021-01-13,1.246,1.246,-0.0008,False
2021-01-14,1.214,1.214,-0.025699999999999997,False
2021-01-15,1.214,1.214,0.0,False
2021-01-18,1.253,1.253,0.0321,False
2021-01-19,1.232,1.232,-0.0168,False
2021-01-20,1.248,1.248,0.013000000000000001,False
2021-01-21,1.255,1.255,0.005600000000000001,False
2021-01-22,1.264,1.264,0.0072,False
2021-01-25,1.259,1.259,-0.004,False
2021-01-26,1.229,1.229,-0.023799999999999998,False
2021-01-27,1.241,1.241,0.0098,False
2021-01-28,1.2,1.2,-0.033,False
2021-01-29,1.195,1.195,-0.0042,False
2021-02-01,1.226,1.226,0.0259,False
2021-02-02,1.257,1.257,0.0253,False
2021-02-03,1.262,1.262,0.004,False
2021-02-04,1.244,1.244,-0.0143,False
2021-02-05,1.224,1.224,-0.0161,False
2021-02-08,1.255,1.255,0.0253,False
2021-02-09,1.299,1.299,0.0351,False
2021-02-10,1.299,1.299,0.0,False
2021-02-18,1.325,1.325,0.02,False
2021-02-19,1.301,1.301,-0.0181,False
2021-02-22,1.288,1.288,-0.01,False
2021-02-23,1.269,1.269,-0.0148,False
2021-02-24,1.223,1.223,-0.0362,False
2021-02-25,1.229,1.229,0.0049,False
2021-02-26,1.196,1.196,-0.0269,False
2021-03-01,1.232,1.232,0.0301,False
2021-03-02,1.213,1.213,-0.0154,False
2021-03-03,1.242,1.242,0.0239,False
2021-03-04,1.203,1.203,-0.031400000000000004,False
2021-03-05,1.195,1.195,-0.0067,False
2021-03-08,1.167,1.167,-0.023399999999999997,False
2021-03-09,1.135,1.135,-0.0274,False
2021-03-10,1.136,1.136,0.0009,False
2021-03-11,1.169,1.169,0.028999999999999998,False
2021-03-12,1.153,1.153,-0.0137,False
2021-03-15,1.139,1.139,-0.0121,False
2021-03-16,1.156,1.156,0.0149,False
2021-03-17,1.16,1.16,0.0034999999999999996,False
2021-03-18,1.186,1.186,0.022400000000000003,False
2021-03-19,1.171,1.171,-0.0126,False
2021-03-22,1.194,1.194,0.0196,False
2021-03-23,1.18,1.18,-0.011699999999999999,False
2021-03-24,1.138,1.138,-0.0356,False
2021-03-25,1.137,1.137,-0.0009,False
2021-03-26,1.157,1.157,0.0176,False
2021-03-29,1.171,1.171,0.0121,False
2021-03-30,1.168,1.168,-0.0026,False
2021-03-31,1.161,1.161,-0.006,False
2021-04-01,1.168,1.168,0.006,False
2021-04-02,1.17,1.17,0.0017000000000000001,False
2021-04-06,1.176,1.176,0.0051,False
2021-04-07,1.171,1.171,-0.0043,False
2021-04-08,1.179,1.179,0.0068000000000000005,False
2021-04-09,1.173,1.173,-0.0051,False
2021-04-12,1.143,1.143,-0.0256,False
2021-04-13,1.141,1.141,-0.0017000000000000001,False
2021-04-14,1.163,1.163,0.019299999999999998,False
2021-04-15,1.165,1.165,0.0017000000000000001,False
2021-04-16,1.18,1.18,0.0129,False
2021-04-19,1.194,1.194,0.011899999999999999,False
2021-04-20,1.197,1.197,0.0025,False
2021-04-21,1.192,1.192,-0.0042,False
2021-04-22,1.211,1.211,0.0159,False
2021-04-23,1.213,1.213,0.0017000000000000001,False
2021-04-26,1.221,1.221,0.0066,False
2021-04-27,1.221,1.221,0.0,False
2021-04-28,1.242,1.242,0.0172,False
2021-04-29,1.239,1.239,-0.0024,False
2021-04-30,1.249,1.249,0.008100000000000001,False
2021-05-06,1.25,1.25,0.0008,False
2021-05-07,1.229,1.229,-0.0168,False
2021-05-10,1.222,1.222,-0.005699999999999999,False
2021-05-11,1.214,1.214,-0.006500000000000001,False
2021-05-12,1.232,1.232,0.0148,False
2021-05-13,1.21,1.21,-0.0179,False
2021-05-14,1.226,1.226,0.0132,False
2021-05-17,1.23,1.23,0.0033,False
2021-05-18,1.232,1.232,0.0016,False
2021-05-19,1.23,1.23,-0.0016,False
2021-05-20,1.237,1.237,0.005699999999999999,False
2021-05-21,1.25,1.25,0.0105,False
2021-05-24,1.253,1.253,0.0024,False
2021-05-25,1.264,1.264,0.0088,False
2021-05-26,1.269,1.269,0.004,False
2021-05-27,1.285,1.285,0.0126,False
2021-05-28,1.281,1.281,-0.0031,False
2021-05-31,1.324,1.324,0.0336,False
2021-06-01,1.322,1.322,-0.0015,False
2021-06-02,1.323,1.323,0.0008,False
2021-06-03,1.312,1.312,-0.0083,False
2021-06-04,1.323,1.323,0.0084,False
2021-06-07,1.333,1.333,0.0076,False
2021-06-08,1.325,1.325,-0.006,False
2021-06-09,1.324,1.324,-0.0008,False
2021-06-10,1.333,1.333,0.0068000000000000005,False
2021-06-11,1.325,1.325,-0.006,False
2021-06-15,1.318,1.318,-0.0053,False
2021-06-16,1.286,1.286,-0.024300000000000002,False
2021-06-17,1.319,1.319,0.025699999999999997,False
2021-06-18,1.327,1.327,0.0060999999999999995,False
2021-06-21,1.338,1.338,0.0083,False
2021-06-22,1.351,1.351,0.0097,False
2021-06-23,1.383,1.383,0.023700000000000002,False
2021-06-24,1.378,1.378,-0.0036,False
2021-06-25,1.383,1.383,0.0036,False
2021-06-28,1.409,1.409,0.018799999999999997,False
2021-06-29,1.398,1.398,-0.0078000000000000005,False
2021-06-30,1.412,1.412,0.01,False
2021-07-01,1.381,1.381,-0.022000000000000002,False
2021-07-02,1.366,1.366,-0.0109,False
2021-07-05,1.388,1.388,0.0161,False
2021-07-06,1.4,1.4,0.0086,False
2021-07-07,1.433,1.433,0.0236,False
2021-07-08,1.437,1.437,0.0028000000000000004,False
2021-07-09,1.443,1.443,0.0042,False
2021-07-12,1.489,1.489,0.0319,False
2021-07-13,1.501,1.501,0.008100000000000001,False
2021-07-14,1.489,1.489,-0.008,False
2021-07-15,1.482,1.482,-0.004699999999999999,False
2021-07-16,1.482,1.482,0.0,False
2021-07-19,1.471,1.471,-0.0074,False
2021-07-20,1.488,1.488,0.0116,False
2021-07-21,1.531,1.531,0.028900000000000002,False
2021-07-22,1.571,1.571,0.026099999999999998,False
2021-07-23,1.557,1.557,-0.0089,False
2021-07-26,1.553,1.553,-0.0026,False
2021-07-27,1.511,1.511,-0.027000000000000003,False
2021-07-28,1.489,1.489,-0.0146,False
2021-07-29,1.562,1.562,0.049,False
2021-07-30,1.588,1.588,0.0166,False
2021-08-02,1.613,1.613,0.015700000000000002,False
2021-08-03,1.575,1.575,-0.0236,False
2021-08-04,1.626,1.626,0.032400000000000005,False
2021-08-05,1.64,1.64,0.0086,False
2021-08-06,1.641,1.641,0.0006,False
2021-08-09,1.623,1.623,-0.011000000000000001,False
2021-08-10,1.639,1.639,0.009899999999999999,False
2021-08-11,1.653,1.653,0.0085,False
2021-08-12,1.673,1.673,0.0121,False
2021-08-13,1.677,1.677,0.0024,False
2021-08-16,1.653,1.653,-0.0143,False
2021-08-17,1.614,1.614,-0.0236,False
2021-08-18,1.623,1.623,0.005600000000000001,False
2021-08-19,1.637,1.637,0.0086,False
2021-08-20,1.647,1.647,0.0060999999999999995,False
2021-08-23,1.695,1.695,0.0291,False
2021-08-24,1.713,1.713,0.0106,False
2021-08-25,1.714,1.714,0.0006,False
2021-08-26,1.708,1.708,-0.0034999999999999996,False
2021-08-27,1.721,1.721,0.0076,False
2021-08-30,1.735,1.735,0.008100000000000001,False
2021-08-31,1.726,1.726,-0.0052,False
2021-09-01,1.696,1.696,-0.0174,False
2021-09-02,1.744,1.744,0.028300000000000002,False
2021-09-03,1.725,1.725,-0.0109,False
2021-09-06,1.728,1.728,0.0017000000000000001,False
2021-09-07,1.746,1.746,0.0104,False
2021-09-08,1.744,1.744,-0.0011,False
2021-09-09,1.746,1.746,0.0011,False
2021-09-10,1.76,1.76,0.008,False
2021-09-13,1.763,1.763,0.0017000000000000001,False
2021-09-14,1.763,1.763,0.0,False
2021-09-15,1.792,1.792,0.016399999999999998,False
2021-09-16,1.758,1.758,-0.019,False
2021-09-17,1.761,1.761,0.0017000000000000001,False
2021-09-22,1.779,1.779,0.0102,False
2021-09-23,1.753,1.753,-0.0146,False
2021-09-24,1.7228,1.7228,-0.0172,False
2021-09-27,1.6826,1.6826,-0.0233,False
2021-09-28,1.6988,1.6988,0.0096,False
2021-09-29,1.6382,1.6382,-0.035699999999999996,False
2021-09-30,1.6762,1.6762,0.0232,False
2021-10-08,1.6685,1.6685,-0.0046,False
2021-10-11,1.6342,1.6342,-0.0206,False
2021-10-12,1.6005,1.6005,-0.0206,False
2021-10-13,1.6275,1.6275,0.0169,False
2021-10-14,1.6568,1.6568,0.018000000000000002,False
2021-10-15,1.6461,1.6461,-0.006500000000000001,False
2021-10-18,1.6621,1.6621,0.0097,False
2021-10-19,1.6756,1.6756,0.008100000000000001,False
2021-10-20,1.6722,1.6722,-0.002,False
2021-10-21,1.666,1.666,-0.0037,False
2021-10-22,1.659,1.659,-0.0042,False
2021-10-25,1.676,1.676,0.0102,False
2021-10-26,1.6803,1.6803,0.0026,False
2021-10-27,1.6765,1.6765,-0.0023,False
2021-10-28,1.6377,1.6377,-0.0231,False
2021-10-29,1.655,1.655,0.0106,False
2021-11-01,1.6829,1.6829,0.0169,False
2021-11-02,1.6858,1.6858,0.0017000000000000001,False
2021-11-03,1.6998,1.6998,0.0083,False
2021-11-04,1.736,1.736,0.0213,False
2021-11-05,1.7125,1.7125,-0.013500000000000002,False
2021-11-08,1.7257,1.7257,0.0077,False
2021-11-09,1.7546,1.7546,0.0167,False
2021-11-10,1.7492,1.7492,-0.0031,False
2021-11-11,1.7667,1.7667,0.01,False
2021-11-12,1.7997,1.7997,0.0187,False
2021-11-15,1.7925,1.7925,-0.004,False
2021-11-16,1.7775,1.7775,-0.0084,False
2021-11-17,1.8023,1.8023,0.013999999999999999,False
2021-11-18,1.7919,1.7919,-0.0058,False
2021-11-19,1.8077,1.8077,0.0088,False
2021-11-22,1.8342,1.8342,0.0147,False
2021-11-23,1.819,1.819,-0.0083,False
2021-11-24,1.8121,1.8121,-0.0038,False
2021-11-25,1.818,1.818,0.0033,False
2021-11-26,1.8381,1.8381,0.0111,False
2021-11-29,1.8622,1.8622,0.0131,False
2021-11-30,1.8707,1.8707,0.0046,False
2021-12-01,1.8716,1.8716,0.0005,False
2021-12-02,1.857,1.857,-0.0078000000000000005,False
2021-12-03,1.8621,1.8621,0.0027,False
2021-12-06,1.8449,1.8449,-0.0092,False
2021-12-07,1.8157,1.8157,-0.0158,False
2021-12-08,1.8421,1.8421,0.014499999999999999,False
2021-12-09,1.8392,1.8392,-0.0016,False
2021-12-10,1.8395,1.8395,0.0002,False
2021-12-13,1.841,1.841,0.0008,False
2021-12-14,1.8386,1.8386,-0.0013,False
2021-12-15,1.8418,1.8418,0.0017000000000000001,False
2021-12-16,1.851,1.851,0.005,False
2021-12-17,1.8269,1.8269,-0.013000000000000001,False
2021-12-20,1.7974,1.7974,-0.0161,False
2021-12-21,1.8196,1.8196,0.0124,False
2021-12-22,1.8364,1.8364,0.0092,False
2021-12-23,1.8463,1.8463,0.0054,False
2021-12-24,1.8198,1.8198,-0.0144,False
2021-12-27,1.8281,1.8281,0.0046,False
2021-12-28,1.835,1.835,0.0038,False
2021-12-29,1.8386,1.8386,0.002,False
2021-12-30,1.8585,1.8585,0.0108,False
2021-12-31,1.8561,1.8561,-0.0013,False
2022-01-04,1.8306,1.8306,-0.0137,False
2022-01-05,1.7902,1.7902,-0.022099999999999998,False
2022-01-06,1.8109,1.8109,0.0116,False
2022-01-07,1.7901,1.7901,-0.0115,False
2022-01-10,1.784,1.784,-0.0034000000000000002,False
2022-01-11,1.7685,1.7685,-0.0087,False
2022-01-12,1.7905,1.7905,0.0124,False
2022-01-13,1.7602,1.7602,-0.0169,False
2022-01-14,1.7649,1.7649,0.0027,False
2022-01-17,1.7974,1.7974,0.0184,False
2022-01-18,1.7807,1.7807,-0.009300000000000001,False
2022-01-19,1.776,1.776,-0.0026,False
2022-01-20,1.7449,1.7449,-0.0175,False
2022-01-21,1.7112,1.7112,-0.019299999999999998,False
2022-01-24,1.7177,1.7177,0.0038,False
2022-01-25,1.664,1.664,-0.0313,False
2022-01-26,1.6726,1.6726,0.0052,False
2022-01-27,1.6274,1.6274,-0.027000000000000003,False
2022-01-28,1.6338,1.6338,0.0039000000000000003,False
2022-02-07,1.6397,1.6397,0.0036,False
2022-02-08,1.6266,1.6266,-0.008,False
2022-02-09,1.6457,1.6457,0.011699999999999999,False
2022-02-10,1.6273,1.6273,-0.011200000000000002,False
2022-02-11,1.6055,1.6055,-0.0134,False
2022-02-14,1.5794,1.5794,-0.0163,False
2022-02-15,1.588,1.588,0.0054,False
2022-02-16,1.6033,1.6033,0.0096,False
2022-02-17,1.595,1.595,-0.0052,False
2022-02-18,1.6005,1.6005,0.0034000000000000002,False
2022-02-21,1.6038,1.6038,0.0021,False
2022-02-22,1.5784,1.5784,-0.0158,False
2022-02-23,1.6138,1.6138,0.022400000000000003,False
2022-02-24,1.578,1.578,-0.0222,False
2022-02-25,1.598,1.598,0.0127,False
2022-02-28,1.6014,1.6014,0.0021,False
2022-03-01,1.6033,1.6033,0.0012,False
2022-03-02,1.595,1.595,-0.0052,False
2022-03-03,1.5751,1.5751,-0.0125,False
2022-03-04,1.5524,1.5524,-0.0144,False
2022-03-07,1.5142,1.5142,-0.0246,False
2022-03-08,1.4746,1.4746,-0.0262,False
2022-03-09,1.4596,1.4596,-0.0102,False
2022-03-10,1.4771,1.4771,0.012,False
2022-03-11,1.4738,1.4738,-0.0022,False
2022-03-14,1.4311,1.4311,-0.028999999999999998,False
2022-03-15,1.3632,1.3632,-0.047400000000000005,False
2022-03-16,1.3964,1.3964,0.024399999999999998,False
2022-03-17,1.4289,1.4289,0.0233,False
2022-03-18,1.4295,1.4295,0.0004,False
2022-03-21,1.4355,1.4355,0.0042,False
2022-03-22,1.4348,1.4348,-0.0005,False
2022-03-23,1.4503,1.4503,0.0108,False
2022-03-24,1.4248,1.4248,-0.0176,False
2022-03-25,1.4082,1.4082,-0.011699999999999999,False
2022-03-28,1.399,1.399,-0.006500000000000001,False
2022-03-29,1.3859,1.3859,-0.009399999999999999,False
2022-03-30,1.4272,1.4272,0.0298,False
2022-03-31,1.4145,1.4145,-0.0089,False
2022-04-01,1.4111,1.4111,-0.0024,False
2022-04-06,1.4016,1.4016,-0.0067,False
2022-04-07,1.375,1.375,-0.019,False
2022-04-08,1.3747,1.3747,-0.0002,False
2022-04-11,1.3162,1.3162,-0.0426,False
2022-04-12,1.3232,1.3232,0.0053,False
2022-04-13,1.3016,1.3016,-0.0163,False
2022-04-14,1.3074,1.3074,0.0045000000000000005,False
2022-04-15,1.2958,1.2958,-0.0089,False
2022-04-18,1.2986,1.2986,0.0022,False
2022-04-19,1.293,1.293,-0.0043,False
2022-04-20,1.2765,1.2765,-0.0128,False
2022-04-21,1.2264,1.2264,-0.0392,False
2022-04-22,1.2224,1.2224,-0.0033,False
2022-04-25,1.1536,1.1536,-0.056299999999999996,False
2022-04-26,1.1349,1.1349,-0.016200000000000003,False
2022-04-27,1.1773,1.1773,0.0374,False
2022-04-28,1.1803,1.1803,0.0025,False
2022-04-29,1.2279,1.2279,0.0403,False
2022-05-05,1.2429,1.2429,0.012199999999999999,False
2022-05-06,1.2246,1.2246,-0.0147,False
2022-05-09,1.2256,1.2256,0.0008,False
2022-05-10,1.2435,1.2435,0.0146,False
2022-05-11,1.2565,1.2565,0.0105,False
2022-05-12,1.258,1.258,0.0012,False
2022-05-13,1.2729,1.2729,0.0118,False
2022-05-16,1.2808,1.2808,0.0062,False
2022-05-17,1.2958,1.2958,0.011699999999999999,False
2022-05-18,1.2995,1.2995,0.0029,False
2022-05-19,1.3049,1.3049,0.0042,False
2022-05-20,1.3243,1.3243,0.0149,False
2022-05-23,1.3239,1.3239,-0.0003,False
2022-05-24,1.2829,1.2829,-0.031,False
2022-05-25,1.3024,1.3024,0.0152,False
2022-05-26,1.3078,1.3078,0.0040999999999999995,False
2022-05-27,1.3104,1.3104,0.002,False
2022-05-30,1.3211,1.3211,0.008199999999999999,False
2022-05-31,1.3361,1.3361,0.011399999999999999,False
2022-06-01,1.3416,1.3416,0.0040999999999999995,False
2022-06-02,1.3753,1.3753,0.025099999999999997,False
2022-06-06,1.3981,1.3981,0.0166,False
2022-06-07,1.3771,1.3771,-0.015,False
2022-06-08,1.3719,1.3719,-0.0038,False
2022-06-09,1.3422,1.3422,-0.0216,False
2022-06-10,1.3789,1.3789,0.0273,False
2022-06-13,1.3814,1.3814,0.0018,False
2022-06-14,1.3717,1.3717,-0.006999999999999999,False
2022-06-15,1.3624,1.3624,-0.0068000000000000005,False
2022-06-16,1.3692,1.3692,0.005,False
2022-06-17,1.3871,1.3871,0.0131,False
2022-06-20,1.3881,1.3881,0.0007000000000000001,False
2022-06-21,1.3711,1.3711,-0.012199999999999999,False
2022-06-22,1.3524,1.3524,-0.013600000000000001,False
2022-06-23,1.399,1.399,0.0345,False
2022-06-24,1.424,1.424,0.0179,False
2022-06-27,1.4258,1.4258,0.0013,False
2022-06-28,1.4469,1.4469,0.0148,False
2022-06-29,1.3976,1.3976,-0.0341,False
2022-06-30,1.4087,1.4087,0.0079,False
2022-07-01,1.4085,1.4085,-0.0001,False
2022-07-04,1.4201,1.4201,0.008199999999999999,False
2022-07-05,1.4026,1.4026,-0.0123,False
2022-07-06,1.3998,1.3998,-0.002,False
2022-07-07,1.4116,1.4116,0.0084,False
2022-07-08,1.3942,1.3942,-0.0123,False
2022-07-11,1.3722,1.3722,-0.0158,False
2022-07-12,1.3459,1.3459,-0.0192,False
2022-07-13,1.3595,1.3595,0.0101,False
2022-07-14,1.3896,1.3896,0.022099999999999998,False
2022-07-15,1.3843,1.3843,-0.0038,False
2022-07-18,1.4012,1.4012,0.012199999999999999,False
2022-07-19,1.4116,1.4116,0.0074,False
2022-07-20,1.4398,1.4398,0.02,False
2022-07-21,1.4393,1.4393,-0.0003,False
2022-07-22,1.4377,1.4377,-0.0011,False
2022-07-25,1.4288,1.4288,-0.0062,False
2022-07-26,1.4471,1.4471,0.0128,False
2022-07-27,1.4787,1.4787,0.0218,False
2022-07-28,1.492,1.492,0.009000000000000001,False
2022-07-29,1.4926,1.4926,0.0004,False
2022-08-01,1.502,1.502,0.0063,False
2022-08-02,1.4737,1.4737,-0.018799999999999997,False
2022-08-03,1.4709,1.4709,-0.0019,False
2022-08-04,1.4897,1.4897,0.0128,False
2022-08-05,1.4934,1.4934,0.0025,False
2022-08-08,1.5328,1.5328,0.0264,False
2022-08-09,1.528,1.528,-0.0031,False
2022-08-10,1.5372,1.5372,0.006,False
2022-08-11,1.5463,1.5463,0.0059,False
2022-08-12,1.5237,1.5237,-0.0146,False
2022-08-15,1.5443,1.5443,0.013500000000000002,False
2022-08-16,1.5448,1.5448,0.0003,False
2022-08-17,1.5404,1.5404,-0.0028000000000000004,False
2022-08-18,1.5552,1.5552,0.0096,False
2022-08-19,1.5165,1.5165,-0.024900000000000002,False
2022-08-22,1.5116,1.5116,-0.0032,False
2022-08-23,1.5187,1.5187,0.004699999999999999,False
2022-08-24,1.4619,1.4619,-0.0374,False
2022-08-25,1.4356,1.4356,-0.018000000000000002,False
2022-08-26,1.4259,1.4259,-0.0068000000000000005,False
2022-08-29,1.4376,1.4376,0.008199999999999999,False
2022-08-30,1.4219,1.4219,-0.0109,False
2022-08-31,1.3701,1.3701,-0.0364,False
2022-09-01,1.3679,1.3679,-0.0016,False
2022-09-02,1.3841,1.3841,0.0118,False
2022-09-05,1.3723,1.3723,-0.0085,False
2022-09-06,1.3962,1.3962,0.0174,False
2022-09-07,1.4165,1.4165,0.014499999999999999,False
2022-09-08,1.3967,1.3967,-0.013999999999999999,False
2022-09-09,1.396,1.396,-0.0005,False
2022-09-13,1.3958,1.3958,-0.0001,False
2022-09-14,1.385,1.385,-0.0077,False
2022-09-15,1.341,1.341,-0.0318,False
2022-09-16,1.3244,1.3244,-0.0124,False
2022-09-19,1.3154,1.3154,-0.0068000000000000005,False
2022-09-20,1.3308,1.3308,0.011699999999999999,False
2022-09-21,1.3201,1.3201,-0.008,False
2022-09-22,1.3185,1.3185,-0.0012,False
2022-09-23,1.2908,1.2908,-0.021,False
2022-09-26,1.2832,1.2832,-0.0059,False
2022-09-27,1.3066,1.3066,0.0182,False
2022-09-28,1.261,1.261,-0.0349,False
2022-09-29,1.2657,1.2657,0.0037,False
2022-09-30,1.2363,1.2363,-0.0232,False
2022-10-10,1.207,1.207,-0.023700000000000002,False
2022-10-11,1.2104,1.2104,0.0028000000000000004,False
2022-10-12,1.2546,1.2546,0.0365,False
2022-10-13,1.2708,1.2708,0.0129,False
2022-10-14,1.2991,1.2991,0.0223,False
2022-10-17,1.327,1.327,0.0215,False
2022-10-18,1.3408,1.3408,0.0104,False
2022-10-19,1.3258,1.3258,-0.011200000000000002,False
2022-10-20,1.3182,1.3182,-0.005699999999999999,False
2022-10-21,1.3343,1.3343,0.012199999999999999,False
2022-10-24,1.3304,1.3304,-0.0029,False
2022-10-25,1.3288,1.3288,-0.0012,False
2022-10-26,1.3548,1.3548,0.0196,False
2022-10-27,1.3341,1.3341,-0.015300000000000001,False
2022-10-28,1.3008,1.3008,-0.025,False
2022-10-31,1.3096,1.3096,0.0068000000000000005,False
2022-11-01,1.336,1.336,0.0202,False
2022-11-02,1.3456,1.3456,0.0072,False
2022-11-03,1.3635,1.3635,0.013300000000000001,False
2022-11-04,1.384,1.384,0.015,False
2022-11-07,1.3754,1.3754,-0.0062,False
2022-11-08,1.3693,1.3693,-0.0044,False
2022-11-09,1.3722,1.3722,0.0021,False
2022-11-10,1.3505,1.3505,-0.0158,False
2022-11-11,1.3509,1.3509,0.0003,False
2022-11-14,1.3549,1.3549,0.003,False
2022-11-15,1.3894,1.3894,0.0255,False
2022-11-16,1.3779,1.3779,-0.0083,False
2022-11-17,1.387,1.387,0.0066,False
2022-11-18,1.3744,1.3744,-0.0091,False
2022-11-21,1.3874,1.3874,0.0095,False
2022-11-22,1.3618,1.3618,-0.018500000000000003,False
2022-11-23,1.3526,1.3526,-0.0068000000000000005,False
2022-11-24,1.3588,1.3588,0.0046,False
2022-11-25,1.3321,1.3321,-0.0196,False
2022-11-28,1.324,1.324,-0.0060999999999999995,False
2022-11-29,1.3322,1.3322,0.0062,False
2022-11-30,1.331,1.331,-0.0009,False
2022-12-01,1.3585,1.3585,0.0207,False
2022-12-02,1.357,1.357,-0.0011,False
2022-12-05,1.3647,1.3647,0.005699999999999999,False
2022-12-06,1.3552,1.3552,-0.006999999999999999,False
2022-12-07,1.3438,1.3438,-0.0084,False
2022-12-08,1.3338,1.3338,-0.0074,False
2022-12-09,1.3324,1.3324,-0.001,False
2022-12-12,1.3429,1.3429,0.0079,False
2022-12-13,1.3226,1.3226,-0.0151,False
2022-12-14,1.3207,1.3207,-0.0014000000000000002,False
2022-12-15,1.3302,1.3302,0.0072,False
2022-12-16,1.307,1.307,-0.0174,False
2022-12-19,1.2866,1.2866,-0.015600000000000001,False
2022-12-20,1.2896,1.2896,0.0023,False
2022-12-21,1.2831,1.2831,-0.005,False
2022-12-22,1.2588,1.2588,-0.0189,False
2022-12-23,1.253,1.253,-0.0046,False
2022-12-26,1.2913,1.2913,0.030600000000000002,False
2022-12-27,1.3029,1.3029,0.009000000000000001,False
2022-12-28,1.2888,1.2888,-0.0108,False
2022-12-29,1.2924,1.2924,0.0028000000000000004,False
2022-12-30,1.2912,1.2912,-0.0009,False
2022-12-31,1.2911,1.2911,-0.0001,False
2023-01-03,1.3374,1.3374,0.0358,False
2023-01-04,1.3346,1.3346,-0.0021,False
2023-01-05,1.3467,1.3467,0.0091,False
2023-01-06,1.3579,1.3579,0.0083,False
2023-01-09,1.3607,1.3607,0.0021,False
2023-01-10,1.3593,1.3593,-0.001,False
2023-01-11,1.3392,1.3392,-0.0148,False
2023-01-12,1.3415,1.3415,0.0017000000000000001,False
2023-01-13,1.3372,1.3372,-0.0032,False
2023-01-16,1.3576,1.3576,0.015300000000000001,False
2023-01-17,1.3685,1.3685,0.008,False
2023-01-18,1.3775,1.3775,0.0066,False
2023-01-19,1.3956,1.3956,0.0131,False
2023-01-20,1.3982,1.3982,0.0019,False
2023-01-30,1.4225,1.4225,0.0174,False
2023-01-31,1.4147,1.4147,-0.0055000000000000005,False
2023-02-01,1.4305,1.4305,0.011200000000000002,False
2023-02-02,1.429,1.429,-0.001,False
2023-02-03,1.4358,1.4358,0.0048,False
2023-02-06,1.439,1.439,0.0022,False
2023-02-07,1.4452,1.4452,0.0043,False
2023-02-08,1.4309,1.4309,-0.009899999999999999,False
2023-02-09,1.4512,1.4512,0.014199999999999999,False
2023-02-10,1.4372,1.4372,-0.0096,False
2023-02-13,1.4629,1.4629,0.0179,False
2023-02-14,1.4528,1.4528,-0.0069,False
2023-02-15,1.4578,1.4578,0.0034000000000000002,False
2023-02-16,1.4136,1.4136,-0.030299999999999997,False
2023-02-17,1.3946,1.3946,-0.0134,False
2023-02-20,1.4089,1.4089,0.0103,False
2023-02-21,1.4144,1.4144,0.0039000000000000003,False
2023-02-22,1.4154,1.4154,0.0007000000000000001,False
2023-02-23,1.4199,1.4199,0.0032,False
2023-02-24,1.417,1.417,-0.002,False
2023-02-27,1.3948,1.3948,-0.015700000000000002,False
2023-02-28,1.4103,1.4103,0.0111,False
2023-03-01,1.4173,1.4173,0.005,False
2023-03-02,1.4073,1.4073,-0.0070999999999999995,False
2023-03-03,1.4042,1.4042,-0.0022,False
2023-03-06,1.408,1.408,0.0027,False
2023-03-07,1.3725,1.3725,-0.0252,False
2023-03-08,1.3772,1.3772,0.0034000000000000002,False
2023-03-09,1.3861,1.3861,0.006500000000000001,False
2023-03-10,1.3693,1.3693,-0.0121,False
2023-03-13,1.3799,1.3799,0.0077,False
2023-03-14,1.3711,1.3711,-0.0064,False
2023-03-15,1.3755,1.3755,0.0032,False
2023-03-16,1.3529,1.3529,-0.016399999999999998,False
2023-03-17,1.3588,1.3588,0.0044,False
2023-03-20,1.354,1.354,-0.0034999999999999996,False
2023-03-21,1.3674,1.3674,0.009899999999999999,False
2023-03-22,1.3722,1.3722,0.0034999999999999996,False
2023-03-23,1.3826,1.3826,0.0076,False
2023-03-24,1.382,1.382,-0.0004,False
2023-03-27,1.3781,1.3781,-0.0028000000000000004,False
2023-03-28,1.3592,1.3592,-0.0137,False
2023-03-29,1.35,1.35,-0.0068000000000000005,False
2023-03-30,1.348,1.348,-0.0015,False
2023-03-31,1.356,1.356,0.0059,False
2023-04-03,1.3675,1.3675,0.0085,False
2023-04-04,1.3531,1.3531,-0.0105,False
2023-04-06,1.3641,1.3641,0.008100000000000001,False
2023-04-07,1.3806,1.3806,0.0121,False
2023-04-10,1.3715,1.3715,-0.0066,False
2023-04-11,1.3571,1.3571,-0.0105,False
2023-04-12,1.37,1.37,0.0095,False
2023-04-13,1.3464,1.3464,-0.0172,False
2023-04-14,1.3653,1.3653,0.013999999999999999,False
2023-04-17,1.3747,1.3747,0.0069,False
2023-04-18,1.3687,1.3687,-0.0044,False
2023-04-19,1.3654,1.3654,-0.0024,False
2023-04-20,1.3674,1.3674,0.0015,False
2023-04-21,1.3075,1.3075,-0.0438,False
2023-04-24,1.2951,1.2951,-0.0095,False
2023-04-25,1.2635,1.2635,-0.024399999999999998,False
2023-04-26,1.241,1.241,-0.0178,False
2023-04-27,1.2498,1.2498,0.0070999999999999995,False
2023-04-28,1.2683,1.2683,0.0148,False
2023-05-04,1.2482,1.2482,-0.0158,False
2023-05-05,1.2261,1.2261,-0.0177,False
2023-05-08,1.2305,1.2305,0.0036,False
2023-05-09,1.2071,1.2071,-0.019,False
2023-05-10,1.1977,1.1977,-0.0078000000000000005,False
2023-05-11,1.1985,1.1985,0.0007000000000000001,False
2023-05-12,1.1933,1.1933,-0.0043,False
2023-05-15,1.2094,1.2094,0.013500000000000002,False
2023-05-16,1.2251,1.2251,0.013000000000000001,False
2023-05-17,1.226,1.226,0.0007000000000000001,False
2023-05-18,1.2382,1.2382,0.01,False
2023-05-19,1.2466,1.2466,0.0068000000000000005,False
2023-05-22,1.2349,1.2349,-0.009399999999999999,False
2023-05-23,1.2175,1.2175,-0.0141,False
2023-05-24,1.2225,1.2225,0.0040999999999999995,False
2023-05-25,1.2279,1.2279,0.0044,False
2023-05-26,1.2423,1.2423,0.011699999999999999,False
2023-05-29,1.2563,1.2563,0.0113,False
2023-05-30,1.262,1.262,0.0045000000000000005,False
2023-05-31,1.2606,1.2606,-0.0011,False
2023-06-01,1.2614,1.2614,0.0006,False
2023-06-02,1.2666,1.2666,0.0040999999999999995,False
2023-06-05,1.2706,1.2706,0.0032,False
2023-06-06,1.2315,1.2315,-0.0308,False
2023-06-07,1.2343,1.2343,0.0023,False
2023-06-08,1.2186,1.2186,-0.0127,False
2023-06-09,1.2436,1.2436,0.020499999999999997,False
2023-06-12,1.2575,1.2575,0.011200000000000002,False
2023-06-13,1.2818,1.2818,0.019299999999999998,False
2023-06-14,1.2956,1.2956,0.0108,False
2023-06-15,1.286,1.286,-0.0074,False
2023-06-16,1.3066,1.3066,0.016,False
2023-06-19,1.3535,1.3535,0.0359,False
2023-06-20,1.3409,1.3409,-0.009300000000000001,False
2023-06-21,1.2958,1.2958,-0.0336,False
2023-06-26,1.2606,1.2606,-0.027200000000000002,False
2023-06-27,1.2623,1.2623,0.0013,False
2023-06-28,1.251,1.251,-0.009000000000000001,False
2023-06-29,1.2784,1.2784,0.0219,False
2023-06-30,1.3119,1.3119,0.0262,False
2023-07-03,1.2966,1.2966,-0.011699999999999999,False
2023-07-04,1.3106,1.3106,0.0108,False
2023-07-05,1.2871,1.2871,-0.0179,False
2023-07-06,1.289,1.289,0.0015,False
2023-07-07,1.2722,1.2722,-0.013000000000000001,False
2023-07-10,1.2703,1.2703,-0.0015,False
2023-07-11,1.2915,1.2915,0.0167,False
2023-07-12,1.2502,1.2502,-0.032,False
2023-07-13,1.2661,1.2661,0.0127,False
2023-07-14,1.2708,1.2708,0.0037,False
2023-07-17,1.2615,1.2615,-0.0073,False
2023-07-18,1.2523,1.2523,-0.0073,False
2023-07-19,1.2379,1.2379,-0.0115,False
2023-07-20,1.2075,1.2075,-0.0246,False
2023-07-21,1.1956,1.1956,-0.009899999999999999,False
2023-07-24,1.198,1.198,0.002,False
2023-07-25,1.2093,1.2093,0.009399999999999999,False
2023-07-26,1.1978,1.1978,-0.0095,False
2023-07-27,1.1728,1.1728,-0.0209,False
2023-07-28,1.1656,1.1656,-0.0060999999999999995,False
2023-07-31,1.1698,1.1698,0.0036,False
2023-08-01,1.1788,1.1788,0.0077,False
2023-08-02,1.1915,1.1915,0.0108,False
2023-08-03,1.1926,1.1926,0.0009,False
2023-08-04,1.1964,1.1964,0.0032,False
2023-08-07,1.1976,1.1976,0.001,False
2023-08-08,1.1911,1.1911,-0.0054,False
2023-08-09,1.1799,1.1799,-0.009399999999999999,False
2023-08-10,1.1836,1.1836,0.0031,False
2023-08-11,1.1675,1.1675,-0.013600000000000001,False
2023-08-14,1.1634,1.1634,-0.0034999999999999996,False
2023-08-15,1.1478,1.1478,-0.0134,False
2023-08-16,1.1329,1.1329,-0.013000000000000001,False
2023-08-17,1.1492,1.1492,0.0144,False
2023-08-18,1.1482,1.1482,-0.0009,False
2023-08-21,1.1384,1.1384,-0.0085,False
2023-08-22,1.1502,1.1502,0.0104,False
2023-08-23,1.1263,1.1263,-0.0208,False
2023-08-24,1.1369,1.1369,0.009399999999999999,False
2023-08-25,1.113,1.113,-0.021,False
2023-08-28,1.1123,1.1123,-0.0006,False
2023-08-29,1.1666,1.1666,0.048799999999999996,False
2023-08-30,1.1906,1.1906,0.0206,False
2023-08-31,1.1898,1.1898,-0.0007000000000000001,False
2023-09-01,1.1784,1.1784,-0.0096,False
2023-09-04,1.1916,1.1916,0.011200000000000002,False
2023-09-05,1.1906,1.1906,-0.0008,False
2023-09-06,1.2193,1.2193,0.0241,False
2023-09-07,1.1912,1.1912,-0.023,False
2023-09-08,1.2113,1.2113,0.0169,False
2023-09-11,1.2023,1.2023,-0.0074,False
2023-09-12,1.2093,1.2093,0.0058,False
2023-09-13,1.1968,1.1968,-0.0103,False
2023-09-14,1.1759,1.1759,-0.0175,False
2023-09-15,1.1878,1.1878,0.0101,False
2023-09-18,1.173,1.173,-0.0125,False
2023-09-19,1.1673,1.1673,-0.0049,False
2023-09-20,1.1562,1.1562,-0.0095,False
2023-09-21,1.1593,1.1593,0.0027,False
2023-09-22,1.1758,1.1758,0.014199999999999999,False
2023-09-25,1.1751,1.1751,-0.0006,False
2023-09-26,1.1663,1.1663,-0.0075,False
2023-09-27,1.1641,1.1641,-0.0019,False
2023-09-28,1.1885,1.1885,0.021,False
2023-10-09,1.1964,1.1964,0.0066,False
2023-10-10,1.1938,1.1938,-0.0022,False
2023-10-11,1.2121,1.2121,0.015300000000000001,False
2023-10-12,1.2131,1.2131,0.0008,False
2023-10-13,1.2052,1.2052,-0.006500000000000001,False
2023-10-16,1.1806,1.1806,-0.0204,False
2023-10-17,1.1809,1.1809,0.0003,False
2023-10-18,1.171,1.171,-0.0084,False
2023-10-19,1.1683,1.1683,-0.0023,False
2023-10-20,1.1433,1.1433,-0.021400000000000002,False
2023-10-23,1.1441,1.1441,0.0007000000000000001,False
2023-10-24,1.1525,1.1525,0.0073,False
2023-10-25,1.1562,1.1562,0.0032,False
2023-10-26,1.1678,1.1678,0.01,False
2023-10-27,1.1668,1.1668,-0.0009,False
2023-10-30,1.2108,1.2108,0.0377,False
2023-10-31,1.2093,1.2093,-0.0012,False
2023-11-01,1.196,1.196,-0.011000000000000001,False
2023-11-02,1.1678,1.1678,-0.0236,False
2023-11-03,1.1938,1.1938,0.0223,False
2023-11-06,1.2197,1.2197,0.0217,False
2023-11-07,1.2259,1.2259,0.0051,False
2023-11-08,1.2456,1.2456,0.0161,False
2023-11-09,1.245,1.245,-0.0005,False
2023-11-10,1.248,1.248,0.0024,False
2023-11-13,1.2593,1.2593,0.0091,False
2023-11-14,1.2673,1.2673,0.0064,False
2023-11-15,1.2687,1.2687,0.0011,False
2023-11-16,1.2722,1.2722,0.0028000000000000004,False
2023-11-17,1.2923,1.2923,0.0158,False
2023-11-20,1.3023,1.3023,0.0077,False
2023-11-21,1.2761,1.2761,-0.020099999999999996,False
2023-11-22,1.251,1.251,-0.0197,False
2023-11-23,1.2655,1.2655,0.0116,False
2023-11-24,1.2472,1.2472,-0.014499999999999999,False
2023-11-27,1.262,1.262,0.011899999999999999,False
2023-11-28,1.2657,1.2657,0.0029,False
2023-11-29,1.2684,1.2684,0.0021,False
2023-11-30,1.26,1.26,-0.0066,False
2023-12-01,1.2636,1.2636,0.0029,False
2023-12-04,1.2589,1.2589,-0.0037,False
2023-12-05,1.2239,1.2239,-0.0278,False
2023-12-06,1.2212,1.2212,-0.0022,False
2023-12-07,1.2091,1.2091,-0.009899999999999999,False
2023-12-08,1.223,1.223,0.0115,False
2023-12-11,1.2423,1.2423,0.0158,False
2023-12-12,1.2391,1.2391,-0.0026,False
2023-12-13,1.2328,1.2328,-0.0051,False
2023-12-14,1.218,1.218,-0.012,False
2023-12-15,1.2091,1.2091,-0.0073,False
2023-12-18,1.1897,1.1897,-0.016,False
2023-12-19,1.206,1.206,0.0137,False
2023-12-20,1.1924,1.1924,-0.0113,False
2023-12-21,1.195,1.195,0.0022,False
2023-12-22,1.1819,1.1819,-0.011000000000000001,False
2023-12-25,1.1831,1.1831,0.001,False
2023-12-26,1.1616,1.1616,-0.0182,False
2023-12-27,1.1772,1.1772,0.0134,False
2023-12-28,1.1917,1.1917,0.0123,False
2023-12-29,1.2314,1.2314,0.0333,False
2023-12-31,1.2313,1.2313,-0.0001,False
2024-01-02,1.2092,1.2092,-0.0179,False
2024-01-03,1.1818,1.1818,-0.0227,False
2024-01-04,1.1767,1.1767,-0.0043,False
2024-01-05,1.1486,1.1486,-0.0239,False
2024-01-08,1.1164,1.1164,-0.027999999999999997,False
2024-01-09,1.1151,1.1151,-0.0012,False
2024-01-10,1.0954,1.0954,-0.0177,False
2024-01-11,1.1191,1.1191,0.0216,False
2024-01-12,1.1071,1.1071,-0.010700000000000001,False
2024-01-15,1.102,1.102,-0.0046,False
2024-01-16,1.0967,1.0967,-0.0048,False
2024-01-17,1.0676,1.0676,-0.0265,False
2024-01-18,1.0746,1.0746,0.0066,False
2024-01-19,1.0588,1.0588,-0.0147,False
2024-01-22,1.0117,1.0117,-0.044500000000000005,False
2024-01-23,1.0207,1.0207,0.0089,False
2024-01-24,1.018,1.018,-0.0026,False
2024-01-25,1.0447,1.0447,0.0262,False
2024-01-26,1.0197,1.0197,-0.0239,False
2024-01-29,0.9854,0.9854,-0.0336,False
2024-01-30,0.9672,0.9672,-0.018500000000000003,False
2024-01-31,0.9427,0.9427,-0.0253,False
2024-02-01,0.9528,0.9528,0.010700000000000001,False
2024-02-02,0.9348,0.9348,-0.0189,False
2024-02-05,0.915,0.915,-0.0212,False
2024-02-06,0.966,0.966,0.0557,False
2024-02-07,0.9822,0.9822,0.0168,False
2024-02-08,1.0155,1.0155,0.0339,False
2024-02-19,1.0571,1.0571,0.040999999999999995,False
2024-02-20,1.0567,1.0567,-0.0004,False
2024-02-21,1.0434,1.0434,-0.0126,False
2024-02-22,1.0656,1.0656,0.0213,False
2024-02-23,1.0689,1.0689,0.0031,False
2024-02-26,1.0754,1.0754,0.0060999999999999995,False
2024-02-27,1.1175,1.1175,0.0391,False
2024-02-28,1.0567,1.0567,-0.054400000000000004,False
2024-02-29,1.1155,1.1155,0.0556,False
2024-03-01,1.1354,1.1354,0.0178,False
2024-03-04,1.16,1.16,0.0217,False
2024-03-05,1.1479,1.1479,-0.0104,False
2024-03-06,1.1438,1.1438,-0.0036,False
2024-03-07,1.1409,1.1409,-0.0025,False
2024-03-08,1.1807,1.1807,0.0349,False
2024-03-11,1.1991,1.1991,0.015600000000000001,False
2024-03-12,1.1807,1.1807,-0.015300000000000001,False
2024-03-13,1.1887,1.1887,0.0068000000000000005,False
2024-03-14,1.1747,1.1747,-0.0118,False
2024-03-15,1.1899,1.1899,0.0129,False
2024-03-18,1.2256,1.2256,0.03,False
2024-03-19,1.2149,1.2149,-0.0087,False
2024-03-20,1.2161,1.2161,0.001,False
2024-03-21,1.2194,1.2194,0.0027,False
2024-03-22,1.224,1.224,0.0038,False
2024-03-25,1.195,1.195,-0.023700000000000002,False
2024-03-26,1.1786,1.1786,-0.0137,False
2024-03-27,1.1399,1.1399,-0.032799999999999996,False
2024-03-28,1.1616,1.1616,0.019,False
2024-03-29,1.1683,1.1683,0.0058,False
2024-04-01,1.1882,1.1882,0.017,False
2024-04-02,1.1746,1.1746,-0.011399999999999999,False
2024-04-03,1.1562,1.1562,-0.015700000000000002,False
2024-04-08,1.1406,1.1406,-0.013500000000000002,False
2024-04-09,1.1369,1.1369,-0.0032,False
2024-04-10,1.1116,1.1116,-0.0223,False
2024-04-11,1.1163,1.1163,0.0042,False
2024-04-12,1.1334,1.1334,0.015300000000000001,False
2024-04-15,1.1435,1.1435,0.0089,False
2024-04-16,1.1129,1.1129,-0.0268,False
2024-04-17,1.1507,1.1507,0.034,False
2024-04-18,1.1419,1.1419,-0.0076,False
2024-04-19,1.1211,1.1211,-0.0182,False
2024-04-22,1.1059,1.1059,-0.013600000000000001,False
2024-04-23,1.1107,1.1107,0.0043,False
2024-04-24,1.1418,1.1418,0.027999999999999997,False
2024-04-25,1.1416,1.1416,-0.0002,False
2024-04-26,1.1795,1.1795,0.0332,False
2024-04-29,1.2039,1.2039,0.0207,False
2024-04-30,1.1952,1.1952,-0.0072,False
2024-05-06,1.2022,1.2022,0.0059,False
2024-05-07,1.1952,1.1952,-0.0058,False
2024-05-08,1.181,1.181,-0.011899999999999999,False
2024-05-09,1.1893,1.1893,0.006999999999999999,False
2024-05-10,1.1652,1.1652,-0.0203,False
2024-05-13,1.1568,1.1568,-0.0072,False
2024-05-14,1.1466,1.1466,-0.0088,False
2024-05-15,1.1519,1.1519,0.0046,False
2024-05-16,1.1555,1.1555,0.0031,False
2024-05-17,1.159,1.159,0.003,False
2024-05-20,1.1743,1.1743,0.0132,False
2024-05-21,1.1682,1.1682,-0.0052,False
2024-05-22,1.1634,1.1634,-0.0040999999999999995,False
2024-05-23,1.1538,1.1538,-0.0083,False
2024-05-24,1.1235,1.1235,-0.0263,False
2024-05-27,1.1576,1.1576,0.0304,False
2024-05-28,1.1461,1.1461,-0.009899999999999999,False
2024-05-29,1.1425,1.1425,-0.0031,False
2024-05-30,1.1418,1.1418,-0.0006,False
2024-05-31,1.1298,1.1298,-0.0105,False
2024-06-03,1.1599,1.1599,0.026600000000000002,False
2024-06-04,1.163,1.163,0.0027,False
2024-06-05,1.1463,1.1463,-0.0144,False
2024-06-06,1.1676,1.1676,0.018600000000000002,False
2024-06-07,1.1418,1.1418,-0.022099999999999998,False
2024-06-11,1.1563,1.1563,0.0127,False
2024-06-12,1.1659,1.1659,0.0083,False
2024-06-13,1.1848,1.1848,0.016200000000000003,False
2024-06-14,1.2237,1.2237,0.032799999999999996,False
2024-06-17,1.2457,1.2457,0.018000000000000002,False
2024-06-18,1.2621,1.2621,0.0132,False
2024-06-19,1.2579,1.2579,-0.0033,False
2024-06-20,1.248,1.248,-0.0079,False
2024-06-21,1.2353,1.2353,-0.0102,False
2024-06-24,1.2044,1.2044,-0.025,False
2024-06-25,1.1575,1.1575,-0.038900000000000004,False
2024-06-26,1.1842,1.1842,0.0231,False
2024-06-27,1.1589,1.1589,-0.021400000000000002,False
2024-06-28,1.1828,1.1828,0.0206,False
2024-06-30,1.1827,1.1827,-0.0001,False
2024-07-01,1.2075,1.2075,0.021,False
2024-07-02,1.1855,1.1855,-0.0182,False
2024-07-03,1.1757,1.1757,-0.0083,False
2024-07-04,1.1692,1.1692,-0.0055000000000000005,False
2024-07-05,1.1659,1.1659,-0.0028000000000000004,False
2024-07-08,1.1668,1.1668,0.0008,False
2024-07-09,1.2278,1.2278,0.052300000000000006,False
2024-07-10,1.2339,1.2339,0.005,False
2024-07-11,1.235,1.235,0.0009,False
2024-07-12,1.2139,1.2139,-0.0171,False
2024-07-15,1.2086,1.2086,-0.0044,False
2024-07-16,1.2306,1.2306,0.0182,False
2024-07-17,1.1836,1.1836,-0.0382,False
2024-07-18,1.1871,1.1871,0.003,False
2024-07-19,1.1713,1.1713,-0.013300000000000001,False
2024-07-22,1.173,1.173,0.0015,False
2024-07-23,1.1356,1.1356,-0.0319,False
2024-07-24,1.1259,1.1259,-0.0085,False
2024-07-25,1.0925,1.0925,-0.0297,False
2024-07-26,1.1033,1.1033,0.009899999999999999,False
2024-07-29,1.1175,1.1175,0.0129,False
2024-07-30,1.1103,1.1103,-0.0064,False
2024-07-31,1.1387,1.1387,0.0256,False
2024-08-01,1.1462,1.1462,0.0066,False
2024-08-02,1.0872,1.0872,-0.051500000000000004,False
2024-08-05,1.0321,1.0321,-0.0507,False
2024-08-06,1.0436,1.0436,0.0111,False
2024-08-07,1.0458,1.0458,0.0021,False
2024-08-08,1.0368,1.0368,-0.0086,False
2024-08-09,1.04,1.04,0.0031,False
2024-08-12,1.0374,1.0374,-0.0025,False
2024-08-13,1.0452,1.0452,0.0075,False
2024-08-14,1.0346,1.0346,-0.0101,False
2024-08-15,1.036,1.036,0.0014000000000000002,False
2024-08-16,1.0497,1.0497,0.0132,False
2024-08-19,1.0514,1.0514,0.0016,False
2024-08-20,1.0407,1.0407,-0.0102,False
2024-08-21,1.0424,1.0424,0.0016,False
2024-08-22,1.0363,1.0363,-0.0059,False
2024-08-23,1.0305,1.0305,-0.005600000000000001,False
2024-08-26,1.0187,1.0187,-0.0115,False
2024-08-27,1.0034,1.0034,-0.015,False
2024-08-28,1.0043,1.0043,0.0009,False
2024-08-29,1.0011,1.0011,-0.0032,False
2024-08-30,1.025,1.025,0.0239,False
2024-09-02,0.9979,0.9979,-0.0264,False
2024-09-03,1.0037,1.0037,0.0058,False
2024-09-04,0.9919,0.9919,-0.0118,False
2024-09-05,0.9873,0.9873,-0.0046,False
2024-09-06,0.9714,0.9714,-0.0161,False
2024-09-09,0.9736,0.9736,0.0023,False
2024-09-10,0.9831,0.9831,0.0098,False
2024-09-11,0.9863,0.9863,0.0033,False
2024-09-12,0.9884,0.9884,0.0021,False
2024-09-13,1.006,1.006,0.0178,False
2024-09-18,1.0053,1.0053,-0.0007000000000000001,False
2024-09-19,1.002,1.002,-0.0033,False
2024-09-20,1.0024,1.0024,0.0004,False
2024-09-23,0.999,0.999,-0.0034000000000000002,False
2024-09-24,1.0423,1.0423,0.0433,False
2024-09-25,1.0395,1.0395,-0.0027,False
2024-09-26,1.0717,1.0717,0.031,False
2024-09-27,1.1161,1.1161,0.0414,False
2024-09-30,1.2262,1.2262,0.0986,False
2024-10-08,1.3421,1.3421,0.09449999999999999,False
2024-10-09,1.2708,1.2708,-0.053099999999999994,False
2024-10-10,1.2597,1.2597,-0.0087,False
2024-10-11,1.2324,1.2324,-0.0217,False
2024-10-14,1.257,1.257,0.02,False
2024-10-15,1.2232,1.2232,-0.0269,False
2024-10-16,1.1897,1.1897,-0.0274,False
2024-10-17,1.1984,1.1984,0.0073,False
2024-10-18,1.2826,1.2826,0.0703,False
2024-10-21,1.2924,1.2924,0.0076,False
2024-10-22,1.3061,1.3061,0.0106,False
2024-10-23,1.2911,1.2911,-0.0115,False
2024-10-24,1.2962,1.2962,0.004,False
2024-10-25,1.3089,1.3089,0.0098,False
2024-10-28,1.2977,1.2977,-0.0086,False
2024-10-29,1.2787,1.2787,-0.0146,False
2024-10-30,1.2751,1.2751,-0.0028000000000000004,False
2024-10-31,1.279,1.279,0.0031,False
2024-11-01,1.2412,1.2412,-0.0296,False
2024-11-04,1.2582,1.2582,0.0137,False
2024-11-05,1.3032,1.3032,0.0358,False
2024-11-06,1.2925,1.2925,-0.008199999999999999,False
2024-11-07,1.3176,1.3176,0.0194,False
2024-11-08,1.332,1.332,0.0109,False
2024-11-11,1.3702,1.3702,0.0287,False
2024-11-12,1.3387,1.3387,-0.023,False
2024-11-13,1.3625,1.3625,0.0178,False
2024-11-14,1.3128,1.3128,-0.0365,False
2024-11-15,1.2616,1.2616,-0.039,False
2024-11-18,1.2336,1.2336,-0.0222,False
2024-11-19,1.2576,1.2576,0.0195,False
2024-11-20,1.2763,1.2763,0.0149,False
2024-11-21,1.2763,1.2763,0.0,False
2024-11-22,1.2419,1.2419,-0.027000000000000003,False
2024-11-25,1.2292,1.2292,-0.0102,False
2024-11-26,1.2237,1.2237,-0.0045000000000000005,False
2024-11-27,1.2501,1.2501,0.0216,False
2024-11-28,1.2503,1.2503,0.0002,False
2024-11-29,1.2631,1.2631,0.0102,False
2024-12-02,1.2912,1.2912,0.0222,False
2024-12-03,1.2716,1.2716,-0.0152,False
2024-12-04,1.2536,1.2536,-0.014199999999999999,False
2024-12-05,1.2629,1.2629,0.0074,False
2024-12-06,1.2656,1.2656,0.0021,False
2024-12-09,1.2534,1.2534,-0.0096,False
2024-12-10,1.2556,1.2556,0.0018,False
2024-12-11,1.2958,1.2958,0.032,False
2024-12-12,1.3043,1.3043,0.0066,False
2024-12-13,1.3082,1.3082,0.003,False
2024-12-16,1.2808,1.2808,-0.0209,False
2024-12-17,1.2663,1.2663,-0.0113,False
2024-12-18,1.2974,1.2974,0.0246,False
2024-12-19,1.3245,1.3245,0.0209,False
2024-12-20,1.3607,1.3607,0.0273,False
2024-12-23,1.3126,1.3126,-0.0353,False
2024-12-24,1.3217,1.3217,0.0069,False
2024-12-25,1.3285,1.3285,0.0051,False
2024-12-26,1.3726,1.3726,0.0332,False
2024-12-27,1.3435,1.3435,-0.0212,False
2024-12-30,1.3211,1.3211,-0.0167,False
2024-12-31,1.2683,1.2683,-0.04,False
2025-01-02,1.2459,1.2459,-0.0177,False
2025-01-03,1.2118,1.2118,-0.0274,False
2025-01-06,1.2136,1.2136,0.0015,False
2025-01-07,1.2834,1.2834,0.0575,False
2025-01-08,1.2907,1.2907,0.005699999999999999,False
2025-01-09,1.295,1.295,0.0033,False
2025-01-10,1.2696,1.2696,-0.0196,False
2025-01-13,1.2828,1.2828,0.0104,False
2025-01-14,1.3399,1.3399,0.044500000000000005,False
2025-01-15,1.3319,1.3319,-0.006,False
2025-01-16,1.3277,1.3277,-0.0032,False
2025-01-17,1.3536,1.3536,0.0195,False
2025-01-20,1.3747,1.3747,0.015600000000000001,False
2025-01-21,1.4063,1.4063,0.023,False
2025-01-22,1.4264,1.4264,0.0143,False
2025-01-23,1.3903,1.3903,-0.0253,False
2025-01-24,1.4162,1.4162,0.018600000000000002,False
2025-01-27,1.3521,1.3521,-0.0453,False
2025-02-05,1.3306,1.3306,-0.0159,False
2025-02-06,1.3732,1.3732,0.032,False
2025-02-07,1.3808,1.3808,0.0055000000000000005,False
2025-02-10,1.3944,1.3944,0.0098,False
2025-02-11,1.3816,1.3816,-0.0092,False
2025-02-12,1.407,1.407,0.0184,False
2025-02-13,1.3565,1.3565,-0.0359,False
2025-02-14,1.3448,1.3448,-0.0086,False
2025-02-17,1.3952,1.3952,0.0375,False
2025-02-18,1.3596,1.3596,-0.0255,False
2025-02-19,1.4064,1.4064,0.0344,False
2025-02-20,1.4133,1.4133,0.0049,False
2025-02-21,1.4953,1.4953,0.057999999999999996,False
2025-02-24,1.4986,1.4986,0.0022,False
2025-02-25,1.4835,1.4835,-0.0101,False
2025-02-26,1.4969,1.4969,0.009000000000000001,False
2025-02-27,1.478,1.478,-0.0126,False
2025-02-28,1.3934,1.3934,-0.0572,False
2025-03-03,1.3691,1.3691,-0.0174,False
2025-03-04,1.3968,1.3968,0.0202,False
2025-03-05,1.445,1.445,0.0345,False
2025-03-06,1.4666,1.4666,0.0149,False
2025-03-07,1.4541,1.4541,-0.0085,False
2025-03-10,1.4619,1.4619,0.0054,False
2025-03-11,1.4675,1.4675,0.0038,False
2025-03-12,1.4559,1.4559,-0.0079,False
2025-03-13,1.4227,1.4227,-0.022799999999999997,False
2025-03-14,1.4484,1.4484,0.0181,False
2025-03-17,1.4505,1.4505,0.0014000000000000002,False
2025-03-18,1.4574,1.4574,0.0048,False
2025-03-19,1.4275,1.4275,-0.020499999999999997,False
2025-03-20,1.4165,1.4165,-0.0077,False
2025-03-21,1.3794,1.3794,-0.0262,False
2025-03-24,1.3835,1.3835,0.003,False
2025-03-25,1.3532,1.3532,-0.0219,False
2025-03-26,1.357,1.357,0.0028000000000000004,False
2025-03-27,1.3631,1.3631,0.0045000000000000005,False
2025-03-28,1.3446,1.3446,-0.013600000000000001,False
2025-03-31,1.3446,1.3446,0.0,False
2025-04-01,1.344,1.344,-0.0004,False
2025-04-02,1.3581,1.3581,0.0105,False
2025-04-03,1.3229,1.3229,-0.0259,False
2025-04-07,1.1443,1.1443,-0.135,False
2025-04-08,1.1537,1.1537,0.008199999999999999,False
2025-04-09,1.2085,1.2085,0.0475,False
2025-04-10,1.2354,1.2354,0.0223,False
2025-04-11,1.2852,1.2852,0.0403,False
2025-04-14,1.3011,1.3011,0.0124,False
2025-04-15,1.2897,1.2897,-0.0088,False
2025-04-16,1.2786,1.2786,-0.0086,False
2025-04-17,1.2909,1.2909,0.0096,False
2025-04-18,1.286,1.286,-0.0038,False
2025-04-21,1.306,1.306,0.015600000000000001,False
2025-04-22,1.3009,1.3009,-0.0039000000000000003,False
2025-04-23,1.3102,1.3102,0.0070999999999999995,False
2025-04-24,1.3018,1.3018,-0.0064,False
2025-04-25,1.2858,1.2858,-0.0123,False
2025-04-28,1.283,1.283,-0.0022,False
2025-04-29,1.2974,1.2974,0.011200000000000002,False
2025-04-30,1.3104,1.3104,0.01,False
2025-05-06,1.3478,1.3478,0.0285,False
2025-05-07,1.3417,1.3417,-0.0045000000000000005,False
2025-05-08,1.3521,1.3521,0.0078000000000000005,False
2025-05-09,1.3234,1.3234,-0.0212,False
2025-05-12,1.3523,1.3523,0.0218,False
2025-05-13,1.3265,1.3265,-0.0191,False
2025-05-14,1.3256,1.3256,-0.0007000000000000001,False
2025-05-15,1.2934,1.2934,-0.024300000000000002,False
2025-05-16,1.2945,1.2945,0.0009,False
2025-05-19,1.2955,1.2955,0.0008,False
2025-05-20,1.2933,1.2933,-0.0017000000000000001,False
2025-05-21,1.2849,1.2849,-0.006500000000000001,False
2025-05-22,1.2751,1.2751,-0.0076,False
2025-05-23,1.2638,1.2638,-0.0089,False
2025-05-26,1.267,1.267,0.0025,False
2025-05-27,1.262,1.262,-0.0039000000000000003,False
2025-05-28,1.254,1.254,-0.0063,False
2025-05-29,1.2784,1.2784,0.0195,False
2025-05-30,1.2625,1.2625,-0.0124,False
2025-06-03,1.2657,1.2657,0.0025,False
2025-06-04,1.2738,1.2738,0.0064,False
2025-06-05,1.3038,1.3038,0.0236,False
2025-06-06,1.2996,1.2996,-0.0032,False
2025-06-09,1.3189,1.3189,0.0149,False
2025-06-10,1.2983,1.2983,-0.015600000000000001,False
2025-06-11,1.2976,1.2976,-0.0005,False
2025-06-12,1.2909,1.2909,-0.0052,False
2025-06-13,1.2806,1.2806,-0.008,False
2025-06-16,1.2993,1.2993,0.0146,False
2025-06-17,1.2894,1.2894,-0.0076,False
2025-06-18,1.2967,1.2967,0.005699999999999999,False
2025-06-19,1.2729,1.2729,-0.0184,False
2025-06-20,1.2622,1.2622,-0.0084,False
2025-06-23,1.2793,1.2793,0.013500000000000002,False
2025-06-24,1.2965,1.2965,0.0134,False
2025-06-25,1.3244,1.3244,0.0215,False
2025-06-26,1.3233,1.3233,-0.0008,False
2025-06-27,1.3364,1.3364,0.009899999999999999,False
2025-06-30,1.3597,1.3597,0.0174,False
2025-07-01,1.3652,1.3652,0.004,False
2025-07-02,1.3362,1.3362,-0.0212,False
2025-07-03,1.3496,1.3496,0.01,False
2025-07-04,1.3427,1.3427,-0.0051,False
2025-07-07,1.3459,1.3459,0.0024,False
2025-07-08,1.3742,1.3742,0.021,False
2025-07-09,1.3676,1.3676,-0.0048,False
2025-07-10,1.3645,1.3645,-0.0023,False
2025-07-11,1.3683,1.3683,0.0028000000000000004,False
2025-07-14,1.3786,1.3786,0.0075,False
2025-07-15,1.389,1.389,0.0075,False
2025-07-16,1.398,1.398,0.006500000000000001,False
2025-07-17,1.4251,1.4251,0.0194,False
2025-07-18,1.4209,1.4209,-0.0029,False
2025-07-21,1.4202,1.4202,-0.0005,False
2025-07-22,1.4166,1.4166,-0.0025,False
2025-07-23,1.4191,1.4191,0.0018,False
2025-07-24,1.4377,1.4377,0.0131,False
2025-07-25,1.4574,1.4574,0.0137,False
2025-07-28,1.4856,1.4856,0.019299999999999998,False
2025-07-29,1.5175,1.5175,0.0215,False
2025-07-30,1.4906,1.4906,-0.0177,False
2025-07-31,1.516,1.516,0.017,False
2025-08-01,1.51,1.51,-0.004,False
2025-08-04,1.5404,1.5404,0.020099999999999996,False
2025-08-05,1.5414,1.5414,0.0006,False
2025-08-06,1.5613,1.5613,0.0129,False
2025-08-07,1.5748,1.5748,0.0086,False
2025-08-08,1.5745,1.5745,-0.0002,False
2025-08-11,1.595,1.595,0.013000000000000001,False
2025-08-12,1.6256,1.6256,0.0192,False
2025-08-13,1.6977,1.6977,0.0444,False
2025-08-14,1.6723,1.6723,-0.015,False
2025-08-15,1.7135,1.7135,0.0246,False
2025-08-18,1.746,1.746,0.019,False
2025-08-19,1.749,1.749,0.0017000000000000001,False
2025-08-20,1.7481,1.7481,-0.0005,False
2025-08-21,1.7037,1.7037,-0.0254,False
2025-08-22,1.7763,1.7763,0.0426,False
2025-08-25,1.8305,1.8305,0.0305,False
2025-08-26,1.8029,1.8029,-0.0151,False
2025-08-27,1.7994,1.7994,-0.0019,False
2025-08-28,1.9144,1.9144,0.0639,False
2025-08-29,1.9182,1.9182,0.002,False
2025-09-01,1.9543,1.9543,0.018799999999999997,False
2025-09-02,1.8606,1.8606,-0.0479,False
2025-09-03,1.857,1.857,-0.0019,False
2025-09-04,1.7429,1.7429,-0.061399999999999996,False
2025-09-05,1.814,1.814,0.0408,False
2025-09-08,1.7835,1.7835,-0.0168,False
2025-09-09,1.7464,1.7464,-0.0208,False
2025-09-10,1.7832,1.7832,0.021099999999999997,False
2025-09-11,1.8477,1.8477,0.0362,False
2025-09-12,1.835,1.835,-0.0069,False
2025-09-15,1.8152,1.8152,-0.0108,False
2025-09-16,1.8318,1.8318,0.0091,False
2025-09-17,1.8732,1.8732,0.0226,False
2025-09-18,1.8885,1.8885,0.008199999999999999,False
2025-09-19,1.8879,1.8879,-0.0003,False
2025-09-22,1.8987,1.8987,0.005699999999999999,False
2025-09-23,1.8962,1.8962,-0.0013,False
2025-09-24,1.9101,1.9101,0.0073,False
2025-09-25,1.9427,1.9427,0.0171,False
2025-09-26,1.8972,1.8972,-0.023399999999999997,False
2025-09-29,1.9459,1.9459,0.025699999999999997,False
2025-09-30,1.9797,1.9797,0.0174,False
2025-10-09,2.0229,2.0229,0.0218,False
2025-10-10,1.9752,1.9752,-0.0236,False
2025-10-13,2.0042,2.0042,0.0147,False
2025-10-14,1.8895,1.8895,-0.0572,False
2025-10-15,1.943,1.943,0.028300000000000002,False
2025-10-16,1.9219,1.9219,-0.0109,False
2025-10-17,1.8333,1.8333,-0.0461,False
2025-10-20,1.8794,1.8794,0.025099999999999997,False
2025-10-21,1.9272,1.9272,0.0254,False
2025-10-22,1.9118,1.9118,-0.008,False
2025-10-23,1.8555,1.8555,-0.0294,False
2025-10-24,1.9628,1.9628,0.057800000000000004,False
2025-10-27,2.0438,2.0438,0.041299999999999996,False
2025-10-28,2.0392,2.0392,-0.0023,False
2025-10-29,2.0619,2.0619,0.0111,False
2025-10-30,1.999,1.999,-0.0305,False
2025-10-31,1.9182,1.9182,-0.0404,False
2025-11-03,1.9257,1.9257,0.0039000000000000003,False
2025-11-04,1.8901,1.8901,-0.018500000000000003,False
2025-11-05,1.8979,1.8979,0.0040999999999999995,False
2025-11-06,1.9637,1.9637,0.0347,False
2025-11-07,1.9821,1.9821,0.009399999999999999,False
2025-11-10,1.9785,1.9785,-0.0018,False
2025-11-11,1.9315,1.9315,-0.023799999999999998,False
2025-11-12,1.9319,1.9319,0.0002,False
2025-11-13,1.9345,1.9345,0.0013,False
2025-11-14,1.8799,1.8799,-0.0282,False
2025-11-17,1.8914,1.8914,0.0060999999999999995,False
2025-11-18,1.8817,1.8817,-0.0051,False
2025-11-19,1.8797,1.8797,-0.0011,False
2025-11-20,1.8774,1.8774,-0.0012,False
2025-11-21,1.7799,1.7799,-0.0519,False
2025-11-24,1.8144,1.8144,0.0194,False
2025-11-25,1.8518,1.8518,0.0206,False
2025-11-26,1.8875,1.8875,0.019299999999999998,False
2025-11-27,1.8801,1.8801,-0.0039000000000000003,False
2025-11-28,1.9124,1.9124,0.0172,False
2025-12-01,1.921,1.921,0.0045000000000000005,False
2025-12-02,1.9117,1.9117,-0.0048,False
2025-12-03,1.9257,1.9257,0.0073,False
2025-12-04,1.9731,1.9731,0.0246,False
2025-12-05,2.0239,2.0239,0.025699999999999997,False
2025-12-08,2.0993,2.0993,0.0373,False
2025-12-09,2.1112,2.1112,0.005699999999999999,False
2025-12-10,2.142,2.142,0.0146,False
2025-12-11,2.1338,2.1338,-0.0038,False
2025-12-12,2.1593,2.1593,0.012,False
2025-12-15,2.1676,2.1676,0.0038,False
2025-12-16,2.1132,2.1132,-0.025099999999999997,False
2025-12-17,2.2007,2.2007,0.0414,False
2025-12-18,2.1937,2.1937,-0.0032,False
2025-12-19,2.2011,2.2011,0.0034000000000000002,False
2025-12-22,2.3132,2.3132,0.0509,False
2025-12-23,2.2887,2.2887,-0.0106,False
2025-12-24,2.3597,2.3597,0.031,False
2025-12-25,2.4071,2.4071,0.020099999999999996,False
2025-12-26,2.4281,2.4281,0.0087,False
2025-12-29,2.4342,2.4342,0.0025,False
2025-12-30,2.4186,2.4186,-0.0064,False
2025-12-31,2.439,2.439,0.0084,False
2026-01-05,2.4756,2.4756,0.015,False
2026-01-06,2.499,2.499,0.0095,False
2026-01-07,2.4912,2.4912,-0.0031,False
2026-01-08,2.5373,2.5373,0.018500000000000003,False
2026-01-09,2.5998,2.5998,0.0246,False
2026-01-12,2.682,2.682,0.0316,False
2026-01-13,2.6064,2.6064,-0.0282,False
2026-01-14,2.6159,2.6159,0.0036,False
2026-01-15,2.5953,2.5953,-0.0079,False
2026-01-16,2.6943,2.6943,0.0381,False
2026-01-19,2.6897,2.6897,-0.0017000000000000001,False
2026-01-20,2.6082,2.6082,-0.030299999999999997,False
2026-01-21,2.5861,2.5861,-0.0085,False
2026-01-22,2.6461,2.6461,0.0232,False
2026-01-23,2.7719,2.7719,0.0475,False
2026-01-26,2.7243,2.7243,-0.0172,False
2026-01-27,2.7734,2.7734,0.018000000000000002,False
2026-01-28,2.7849,2.7849,0.0040999999999999995,False
2026-01-29,2.7174,2.7174,-0.0242,False
2026-01-30,2.75,2.75,0.012,False
2026-02-02,2.657,2.657,-0.0338,False
2026-02-03,2.7895,2.7895,0.0499,False
2026-02-04,2.7368,2.7368,-0.0189,False
2026-02-05,2.6502,2.6502,-0.0316,False
2026-02-06,2.6366,2.6366,-0.0051,False
2026-02-09,2.7258,2.7258,0.0338,False
2026-02-10,2.6858,2.6858,-0.0147,False
2026-02-11,2.6315,2.6315,-0.0202,False
2026-02-12,2.6988,2.6988,0.0256,False
2026-02-13,2.6605,2.6605,-0.014199999999999999,False
2026-02-24,2.7377,2.7377,0.028999999999999998,False
2026-02-25,2.7639,2.7639,0.0096,False
2026-02-26,2.8307,2.8307,0.0242,False
2026-02-27,2.813,2.813,-0.0063,False
2026-03-02,2.8208,2.8208,0.0028000000000000004,False
2026-03-03,2.6779,2.6779,-0.0507,False
2026-03-04,2.6745,2.6745,-0.0013,False
2026-03-05,2.7246,2.7246,0.0187,False
2026-03-06,2.7382,2.7382,0.005,False
2026-03-09,2.6769,2.6769,-0.022400000000000003,False
2026-03-10,2.8086,2.8086,0.0492,False
2026-03-11,2.7988,2.7988,-0.0034999999999999996,False
2026-03-12,2.754,2.754,-0.016,False
2026-03-13,2.6994,2.6994,-0.019799999999999998,False
2026-03-16,2.737,2.737,0.0139,False
2026-03-17,2.5966,2.5966,-0.0513,False
2026-03-18,2.7045,2.7045,0.0416,False
2026-03-19,2.6688,2.6688,-0.0132,False
2026-03-20,2.7068,2.7068,0.014199999999999999,False
2026-03-23,2.5677,2.5677,-0.051399999999999994,False
2026-03-24,2.6365,2.6365,0.0268,False
2026-03-25,2.7329,2.7329,0.0366,False
2026-03-26,2.6877,2.6877,-0.0165,False
2026-03-27,2.6888,2.6888,0.0004,False
2026-03-30,2.7123,2.7123,0.0087,False
2026-03-31,2.6228,2.6228,-0.033,False
2026-04-01,2.743,2.743,0.0458,False
2026-04-02,2.6883,2.6883,-0.0199,False
2026-04-03,2.7409,2.7409,0.0196,False
2026-04-07,2.7183,2.7183,-0.008199999999999999,False
2026-04-08,2.9194,2.9194,0.07400000000000001,False
2026-04-09,2.9687,2.9687,0.0169,False
2026-04-10,3.0409,3.0409,0.024300000000000002,False
2026-04-13,3.0445,3.0445,0.0012,False
2026-04-14,3.1357,3.1357,0.03,False
2026-04-15,3.104,3.104,-0.0101,False
2026-04-16,3.1981,3.1981,0.030299999999999997,False
2026-04-17,3.3151,3.3151,0.0366,False
2026-04-20,3.3155,3.3155,0.0001,False
2026-04-21,3.3332,3.3332,0.0053,False
2026-04-22,3.4886,3.4886,0.0466,False
2026-04-23,3.4298,3.4298,-0.0169,False
2026-04-24,3.3589,3.3589,-0.0207,False
2026-04-27,3.4085,3.4085,0.0148,False
2026-04-28,3.3778,3.3778,-0.009000000000000001,False
2026-04-29,3.3821,3.3821,0.0013,False
2026-04-30,3.4374,3.4374,0.016399999999999998,False
2026-05-06,3.5535,3.5535,0.0338,False
2026-05-07,3.7333,3.7333,0.0506,False
2026-05-08,3.742,3.742,0.0023,False
2026-05-11,3.8686,3.8686,0.0338,False
2026-05-12,3.9437,3.9437,0.0194,False
2026-05-13,4.0421,4.0421,0.025,False
2026-05-14,4.014,4.014,-0.006999999999999999,False
2026-05-15,3.897,3.897,-0.0291,False
2026-05-18,3.987,3.987,0.0231,False
2026-05-19,4.0114,4.0114,0.0060999999999999995,False
2026-05-20,4.1501,4.1501,0.0346,False
2026-05-21,3.9307,3.9307,-0.0529,False
2026-05-22,4.1248,4.1248,0.049400000000000006,False
2026-05-25,4.2102,4.2102,0.0207,False
2026-05-26,4.1093,4.1093,-0.024,False
2026-05-27,4.0687,4.0687,-0.009899999999999999,False
2026-05-28,4.2002,4.2002,0.0323,False
2026-05-29,4.0458,4.0458,-0.0368,False
2026-06-01,3.8394,3.8394,-0.051,False
2026-06-02,3.991,3.991,0.0395,False
2026-06-03,4.1345,4.1345,0.036000000000000004,False
2026-06-04,4.2336,4.2336,0.024,False
2026-06-05,4.0798,4.0798,-0.0363,False
2026-06-08,3.9223,3.9223,-0.038599999999999995,False
2026-06-09,4.1257,4.1257,0.0519,False
2026-06-10,3.9841,3.9841,-0.034300000000000004,False
2026-06-11,4.0113,4.0113,0.0068000000000000005,False
2026-06-12,3.9356,3.9356,-0.0189,False
2026-06-15,4.2588,4.2588,0.0821,False
2026-06-16,4.3683,4.3683,0.025699999999999997,False
2026-06-17,4.5362,4.5362,0.0384,False
2026-06-18,4.7049,4.7049,0.037200000000000004,False
2026-06-22,4.7124,4.7124,0.0016,False
2026-06-23,4.5759,4.5759,-0.028999999999999998,False
2026-06-24,4.7709,4.7709,0.0426,False
2026-06-25,4.9223,4.9223,0.0317,False
2026-06-26,4.7127,4.7127,-0.0426,False
2026-06-29,4.685,4.685,-0.0059,False
2026-06-30,4.8399,4.8399,0.0331,False
2026-07-01,4.6948,4.6948,-0.03,False
2026-07-02,4.2985,4.2985,-0.08439999999999999,False
2026-07-03,4.2552,4.2552,-0.0101,False
2026-07-06,4.1706,4.1706,-0.0199,False
2026-07-07,4.2001,4.2001,0.0070999999999999995,False
2026-07-08,4.1741,4.1741,-0.0062,False
2026-07-09,4.4502,4.4502,0.0661,False
2026-07-10,4.1999,4.1999,-0.0562,False
2026-07-13,3.9819,3.9819,-0.0519,False
2026-07-14,4.146,4.146,0.0412,False
2026-07-15,3.9932,3.9932,-0.0369,False
2026-07-16,3.8409,3.8409,-0.0381,False
2026-07-17,3.4464,3.4464,-0.1027,False
2026-07-20,3.3256,3.3256,-0.0351,False
2026-07-21,3.6805,3.6805,0.1067,False
2026-07-22,3.545,3.545,-0.0368,False
2026-07-23,3.4069,3.4069,-0.039,False
2026-07-24,3.3578,3.3578,-0.0144,False
2026-07-27,3.4918,3.4918,0.039900000000000005,False
2026-07-28,3.1487,3.1487,-0.0983,False
2026-07-29,3.0974,3.0974,-0.0163,False
2026-07-30,2.8165,2.8165,-0.0907,False
2026-07-31,2.9368,2.9368,0.042699999999999995,False
2026-08-03,2.8623,2.8623,-0.0254,False
2026-08-04,3.1094,3.1094,0.0863,False
2026-08-05,3.1794,3.1794,0.0225,False
2026-08-06,3.208,3.208,0.009000000000000001,False
2026-08-07,3.2968,3.2968,0.0277,False
2026-08-10,3.2354,3.2354,-0.018600000000000002,False
2026-08-11,3.2489,3.2489,0.0042,False
2026-08-12,3.3557,3.3557,0.0329,False
2026-08-13,3.3843,3.3843,0.0085,False
2026-08-14,3.4382,3.4382,0.0159,False
2026-08-17,3.6427,3.6427,0.059500000000000004,False
2026-08-18,3.6006,3.6006,-0.0116,False
2026-08-19,3.3146,3.3146,-0.0794,False
2026-08-20,3.321,3.321,0.0019,False
2026-08-21,3.3692,3.3692,0.014499999999999999,False
2026-08-24,3.2491,3.2491,-0.0356,False
2026-08-25,3.2698,3.2698,0.0064,False
2026-08-26,3.272,3.272,0.0007000000000000001,False
2026-08-27,3.4125,3.4125,0.0429,False
2026-08-28,3.3371,3.3371,-0.022099999999999998,False
2026-08-31,3.3799,3.3799,0.0128,False
2026-09-01,3.2813,3.2813,-0.0292,False
2026-09-02,3.2306,3.2306,-0.0155,False
2026-09-03,3.2453,3.2453,0.0046,False
2026-09-04,3.1599,3.1599,-0.0263,False
2026-09-07,3.3435,3.3435,0.0581,False
2026-09-08,3.2988,3.2988,-0.0134,False
2026-09-09,3.3019,3.3019,0.0009,False
2026-09-10,3.2916,3.2916,-0.0031,False
2026-09-11,3.2659,3.2659,-0.0078000000000000005,False
2026-09-14,3.2101,3.2101,-0.0171,False
