date,nav,nav_acc,daily_ret,suspicious_jump
2006-09-20,1.0,1.0,0.0,False
2006-09-27,0.9985,0.9985,-0.0015,False
2006-10-11,1.0085,1.0085,0.010015000000000001,False
2006-10-18,1.0215,1.0215,0.012889999999999999,False
2006-10-19,1.0214,1.0214,-9.8e-05,False
2006-10-20,1.0234,1.0234,0.001958,False
2006-10-23,1.0146,1.0146,-0.008599,False
2006-10-24,1.034,1.034,0.019121,False
2006-10-25,1.0357,1.0357,0.0016439999999999998,False
2006-10-26,1.0417,1.0417,0.005793,False
2006-10-27,1.0391,1.0391,-0.002496,False
2006-10-30,1.0431,1.0431,0.003849,False
2006-10-31,1.0523,1.0523,0.00882,False
2006-11-01,1.0591,1.0591,0.006462,False
2006-11-02,1.0614,1.0614,0.002172,False
2006-11-03,1.0654,1.0654,0.003769,False
2006-11-06,1.0783,1.0783,0.012108,False
2006-11-07,1.0824,1.0824,0.003802,False
2006-11-08,1.0758,1.0758,-0.006098,False
2006-11-09,1.091,1.091,0.014129000000000001,False
2006-11-10,1.0835,1.0835,-0.006874,False
2006-11-13,1.0702,1.0702,-0.012275000000000001,False
2006-11-14,1.0811,1.0811,0.010185,False
2006-11-15,1.1013,1.1013,0.018685,False
2006-11-16,1.1031,1.1031,0.0016339999999999998,False
2006-11-17,1.1158,1.1158,0.011513,False
2006-11-20,1.1334,1.1334,0.015773,False
2006-11-21,1.1395,1.1395,0.0053820000000000005,False
2006-11-22,1.1441,1.1441,0.004037,False
2006-11-23,1.1524,1.1524,0.007255,False
2006-11-24,1.1517,1.1517,-0.000607,False
2006-11-27,1.1572,1.1572,0.004776,False
2006-11-28,1.1547,1.1547,-0.00216,False
2006-11-29,1.1693,1.1693,0.012643999999999999,False
2006-11-30,1.1988,1.1988,0.025228999999999998,False
2006-12-01,1.2108,1.2108,0.010009999999999998,False
2006-12-04,1.2383,1.2383,0.022712,False
2006-12-05,1.2392,1.2392,0.000727,False
2006-12-06,1.2299,1.2299,-0.0075049999999999995,False
2006-12-07,1.2296,1.2296,-0.00024400000000000002,False
2006-12-08,1.1921,1.1921,-0.030497999999999997,False
2006-12-11,1.2404,1.2404,0.040517000000000004,False
2006-12-12,1.2518,1.2518,0.009191,False
2006-12-13,1.2521,1.2521,0.00024,False
2006-12-14,1.2717,1.2717,0.015653999999999998,False
2006-12-15,1.2905,1.2905,0.014783,False
2006-12-18,1.3267,1.3267,0.028051,False
2006-12-19,1.3279,1.3279,0.000904,False
2006-12-20,1.3346,1.3346,0.005046,False
2006-12-21,1.3187,1.3187,-0.011914000000000001,False
2006-12-22,1.3137,1.3137,-0.003792,False
2006-12-25,1.3493,1.3493,0.027099,False
2006-12-26,1.3533,1.3533,0.0029649999999999998,False
2006-12-27,1.3842,1.3842,0.022833000000000003,False
2006-12-28,1.3849,1.3849,0.0005059999999999999,False
2006-12-29,1.423,1.423,0.027511,False
2006-12-31,1.423,1.423,0.0,False
2007-01-04,1.4417,1.4417,0.013141,False
2007-01-05,1.443,1.443,0.000902,False
2007-01-08,1.4752,1.4752,0.022315,False
2007-01-09,1.5218,1.5218,0.031589,False
2007-01-10,1.5423,1.5423,0.013471,False
2007-01-11,1.5175,1.5175,-0.01608,False
2007-01-12,1.4853,1.4853,-0.021219000000000002,False
2007-01-15,1.547,1.547,0.04154,False
2007-01-16,1.583,1.583,0.023271,False
2007-01-17,1.5685,1.5685,-0.00916,False
2007-01-18,1.5621,1.5621,-0.004079999999999999,False
2007-01-19,1.6043,1.6043,0.027014999999999997,False
2007-01-22,1.6591,1.6591,0.034158,False
2007-01-23,1.6783,1.6783,0.011573,False
2007-01-24,1.6912,1.6912,0.007685999999999999,False
2007-01-25,1.6407,1.6407,-0.02986,False
2007-01-26,1.6785,1.6785,0.023039,False
2007-01-29,1.7216,1.7216,0.025678,False
2007-01-30,1.7065,1.7065,-0.008771,False
2007-01-31,1.6063,1.6063,-0.058717,False
2007-02-01,1.6064,1.6064,6.2e-05,False
2007-02-02,1.547,1.547,-0.036977,False
2007-02-05,1.5314,1.5314,-0.010084,False
2007-02-06,1.5571,1.5571,0.016782,False
2007-02-07,1.5903,1.5903,0.021322,False
2007-02-08,1.6122,1.6122,0.013771,False
2007-02-09,1.604,1.604,-0.005086,False
2007-02-12,1.6557,1.6557,0.032232,False
2007-02-13,1.6789,1.6789,0.014012,False
2007-02-14,1.724,1.724,0.026863,False
2007-02-15,1.7717,1.7717,0.027667999999999998,False
2007-02-16,1.7783,1.7783,0.003725,False
2007-02-26,1.7783,1.7783,0.0,False
2007-02-27,1.6315,1.6315,-0.082551,False
2007-02-28,1.6826,1.6826,0.031321,False
2007-03-01,1.6496,1.6496,-0.019613000000000002,False
2007-03-02,1.6755,1.6755,0.015701,False
2007-03-05,1.6721,1.6721,-0.002029,False
2007-03-06,1.7015,1.7015,0.017583,False
2007-03-07,1.7367,1.7367,0.020687999999999998,False
2007-03-08,1.7617,1.7617,0.014395,False
2007-03-09,1.7579,1.7579,-0.002157,False
2007-03-12,1.7694,1.7694,0.006542,False
2007-03-13,1.7715,1.7715,0.001187,False
2007-03-14,1.7526,1.7526,-0.010669,False
2007-03-15,1.7939,1.7939,0.023565,False
2007-03-16,1.7763,1.7763,-0.009811,False
2007-03-19,1.8017,1.8017,0.014299,False
2007-03-20,1.8106,1.8106,0.00494,False
2007-03-21,1.8356,1.8356,0.013808,False
2007-03-22,1.8428,1.8428,0.003922,False
2007-03-23,1.8454,1.8454,0.001411,False
2007-03-26,1.8644,1.8644,0.010296000000000001,False
2007-03-27,1.8852,1.8852,0.011156,False
2007-03-28,1.8844,1.8844,-0.000424,False
2007-03-29,1.8764,1.8764,-0.004245,False
2007-03-30,1.8818,1.8818,0.002878,False
2007-03-31,1.8817,1.8817,-5.3e-05,False
2007-04-02,1.9233,1.9233,0.022108,False
2007-04-03,1.9466,1.9466,0.012115,False
2007-04-04,1.9715,1.9715,0.012792,False
2007-04-05,1.9788,1.9788,0.003703,False
2007-04-06,1.9977,1.9977,0.009550999999999999,False
2007-04-09,2.0495,2.0495,0.025929999999999998,False
2007-04-10,2.0738,2.0738,0.011857,False
2007-04-11,2.1041,2.1041,0.014611,False
2007-04-12,2.1473,2.1473,0.020531,False
2007-04-13,2.1431,2.1431,-0.001956,False
2007-04-16,2.1938,2.1938,0.023656999999999997,False
2007-04-17,2.2094,2.2094,0.007110999999999999,False
2007-04-18,2.2223,2.2223,0.005839,False
2007-04-19,2.1368,2.1368,-0.038474,False
2007-04-20,2.1998,2.1998,0.029483000000000002,False
2007-04-23,2.2635,2.2635,0.028957,False
2007-04-24,2.2733,2.2733,0.00433,False
2007-04-25,2.2683,2.2683,-0.002199,False
2007-04-26,2.2716,2.2716,0.001455,False
2007-04-27,2.2444,2.2444,-0.011974,False
2007-04-30,2.3617,2.3617,0.052263000000000004,False
2007-05-08,2.4046,2.4046,0.018165,False
2007-05-09,2.4087,2.4087,0.0017050000000000001,False
2007-05-10,2.4318,2.4318,0.00959,False
2007-05-11,2.4174,2.4174,-0.005921999999999999,False
2007-05-14,2.4385,2.4385,0.008728,False
2007-05-15,2.3937,2.3937,-0.018372,False
2007-05-16,2.45,2.45,0.02352,False
2007-05-17,2.5045,2.5045,0.022245,False
2007-05-18,2.509,2.509,0.001797,False
2007-05-21,2.5321,2.5321,0.009207,False
2007-05-22,2.533,2.533,0.00035499999999999996,False
2007-05-23,2.5645,2.5645,0.012436000000000001,False
2007-05-24,2.5501,2.5501,-0.005615,False
2007-05-25,2.5794,2.5794,0.01149,False
2007-05-28,2.6269,2.6269,0.018415,False
2007-05-29,2.678,2.678,0.019453,False
2007-05-30,2.54,2.54,-0.051531,False
2007-05-31,2.5933,2.5933,0.020984,False
2007-06-01,2.5284,2.5284,-0.025026000000000003,False
2007-06-04,2.4013,2.4013,-0.050269,False
2007-06-05,2.4372,2.4372,0.014950000000000001,False
2007-06-06,2.4604,2.4604,0.009519,False
2007-06-07,2.5366,2.5366,0.030971000000000002,False
2007-06-08,2.5514,2.5514,0.005835,False
2007-06-11,2.6189,2.6189,0.026456,False
2007-06-12,2.6798,2.6798,0.023254,False
2007-06-13,2.7271,2.7271,0.017651,False
2007-06-14,2.6929,2.6929,-0.012541,False
2007-06-15,2.6935,2.6935,0.000223,False
2007-06-18,2.7614,2.7614,0.025209000000000002,False
2007-06-19,2.7716,2.7716,0.0036940000000000002,False
2007-06-20,2.7302,2.7302,-0.014937,False
2007-06-21,2.7693,2.7693,0.014320999999999999,False
2007-06-22,2.6992,2.6992,-0.025313,False
2007-06-25,2.6547,2.6547,-0.016486,False
2007-06-26,2.6696,2.6696,0.005613,False
2007-06-27,2.7375,2.7375,0.025435,False
2007-06-28,2.6544,2.6544,-0.030356,False
2007-06-29,2.6098,2.6098,-0.016801999999999997,False
2007-06-30,2.6097,2.6097,-3.8e-05,False
2007-07-02,2.6082,2.6082,-0.000575,False
2007-07-03,2.6497,2.6497,0.015910999999999998,False
2007-07-04,2.6044,2.6044,-0.017096,False
2007-07-05,2.5061,2.5061,-0.037744,False
2007-07-06,2.5801,2.5801,0.029528,False
2007-07-09,2.6507,2.6507,0.027363,False
2007-07-10,2.6268,2.6268,-0.009016,False
2007-07-11,2.6281,2.6281,0.000495,False
2007-07-12,2.6374,2.6374,0.003539,False
2007-07-13,2.6398,2.6398,0.00091,False
2007-07-16,2.5791,2.5791,-0.022994,False
2007-07-17,2.6304,2.6304,0.019891000000000002,False
2007-07-18,2.6486,2.6486,0.006919,False
2007-07-19,2.6462,2.6462,-0.000906,False
2007-07-20,2.746,2.746,0.037714,False
2007-07-23,2.8344,2.8344,0.032192,False
2007-07-24,2.8397,2.8397,0.00187,False
2007-07-25,2.8774,2.8774,0.013276,False
2007-07-26,2.8894,2.8894,0.00417,False
2007-07-27,2.8919,2.8919,0.0008649999999999999,False
2007-07-30,2.9583,2.9583,0.022961,False
2007-07-31,2.9955,2.9955,0.012575000000000001,False
2007-08-01,2.9116,2.9116,-0.028009,False
2007-08-02,2.9899,2.9899,0.026892,False
2007-08-03,3.0816,3.0816,0.030670000000000003,False
2007-08-06,3.1545,3.1545,0.023656999999999997,False
2007-08-07,3.1574,3.1574,0.000919,False
2007-08-08,3.1251,3.1251,-0.01023,False
2007-08-09,3.1942,3.1942,0.022111000000000002,False
2007-08-10,3.1571,3.1571,-0.011615,False
2007-08-13,3.1488,3.1488,-0.0026290000000000003,False
2007-08-14,3.1731,3.1731,0.007717000000000001,False
2007-08-15,3.1789,3.1789,0.001828,False
2007-08-16,3.1326,3.1326,-0.014565,False
2007-08-17,3.0793,3.0793,-0.017015,False
2007-08-20,3.2285,3.2285,0.048452999999999996,False
2007-08-21,3.269,3.269,0.012544999999999999,False
2007-08-22,3.2945,3.2945,0.007801,False
2007-08-23,3.3221,3.3221,0.008378,False
2007-08-24,3.3755,3.3755,0.016073999999999998,False
2007-08-27,3.3934,3.3934,0.0053029999999999996,False
2007-08-28,3.4197,3.4197,0.00775,False
2007-08-29,3.3746,3.3746,-0.013188,False
2007-08-30,3.429,3.429,0.016120000000000002,False
2007-08-31,3.4844,3.4844,0.016156,False
2007-09-03,3.5558,3.5558,0.020491000000000002,False
2007-09-04,3.5201,3.5201,-0.01004,False
2007-09-05,3.5231,3.5231,0.000852,False
2007-09-06,3.5609,3.5609,0.010728999999999999,False
2007-09-07,3.4714,3.4714,-0.025134,False
2007-09-10,3.5036,3.5036,0.009276,False
2007-09-11,3.3435,3.3435,-0.045696,False
2007-09-12,3.3602,3.3602,0.004995,False
2007-09-13,3.4197,3.4197,0.017707,False
2007-09-14,3.4913,3.4913,0.020938,False
2007-09-17,3.5574,3.5574,0.018933,False
2007-09-18,3.5215,3.5215,-0.010092,False
2007-09-19,3.498,3.498,-0.006673,False
2007-09-20,3.527,3.527,0.008289999999999999,False
2007-09-21,3.5025,3.5025,-0.006946,False
2007-09-24,3.5368,3.5368,0.009793,False
2007-09-25,3.5032,3.5032,-0.0095,False
2007-09-26,3.4833,3.4833,-0.005681,False
2007-09-27,3.5331,3.5331,0.014296999999999999,False
2007-09-28,3.5989,3.5989,0.018624,False
2007-09-30,3.5987,3.5987,-5.6e-05,False
2007-10-08,3.6303,3.6303,0.008781,False
2007-10-09,3.6254,3.6254,-0.00135,False
2007-10-10,3.6278,3.6278,0.0006619999999999999,False
2007-10-11,3.6458,3.6458,0.004961999999999999,False
2007-10-12,3.619,3.619,-0.007351,False
2007-10-15,3.6743,3.6743,0.01528,False
2007-10-16,3.704,3.704,0.008083,False
2007-10-17,3.6821,3.6821,-0.005913000000000001,False
2007-10-18,3.5677,3.5677,-0.031069,False
2007-10-19,3.5752,3.5752,0.002102,False
2007-10-22,3.516,3.516,-0.016559,False
2007-10-23,3.5617,3.5617,0.012998000000000001,False
2007-10-24,3.5784,3.5784,0.004689,False
2007-10-25,3.4624,3.4624,-0.032417,False
2007-10-26,3.4926,3.4926,0.008722,False
2007-10-29,3.5527,3.5527,0.017208,False
2007-10-30,3.5609,3.5609,0.002308,False
2007-10-31,3.6399,3.6399,0.022185,False
2007-11-01,3.6089,3.6089,-0.008517,False
2007-11-02,3.5102,3.5102,-0.027349000000000002,False
2007-11-05,3.4884,3.4884,-0.00621,False
2007-11-06,3.482,3.482,-0.001835,False
2007-11-07,3.4899,3.4899,0.0022689999999999997,False
2007-11-08,3.3719,3.3719,-0.033812,False
2007-11-09,3.3563,3.3563,-0.004626,False
2007-11-12,3.341,3.341,-0.0045590000000000006,False
2007-11-13,3.3134,3.3134,-0.008261,False
2007-11-14,3.4046,3.4046,0.027525,False
2007-11-15,3.3726,3.3726,-0.009399,False
2007-11-16,3.3394,3.3394,-0.009844,False
2007-11-19,3.3363,3.3363,-0.0009279999999999999,False
2007-11-20,3.3844,3.3844,0.014417,False
2007-11-21,3.3548,3.3548,-0.008746,False
2007-11-22,3.2581,3.2581,-0.028824000000000002,False
2007-11-23,3.3075,3.3075,0.015162,False
2007-11-26,3.2922,3.2922,-0.004626,False
2007-11-27,3.2474,3.2474,-0.013608,False
2007-11-28,3.2083,3.2083,-0.01204,False
2007-11-29,3.2726,3.2726,0.020042,False
2007-11-30,3.2187,3.2187,-0.01647,False
2007-12-03,3.2445,3.2445,0.008016,False
2007-12-04,3.2784,3.2784,0.010447999999999999,False
2007-12-05,3.3547,3.3547,0.023274,False
2007-12-06,3.3692,3.3692,0.0043219999999999995,False
2007-12-07,3.4134,3.4134,0.013119,False
2007-12-10,3.4715,3.4715,0.017020999999999998,False
2007-12-11,3.4719,3.4719,0.000115,False
2007-12-12,3.4481,3.4481,-0.006855,False
2007-12-13,3.3505,3.3505,-0.028304999999999997,False
2007-12-14,3.416,3.416,0.019549,False
2007-12-17,3.3526,3.3526,-0.01856,False
2007-12-18,3.3411,3.3411,-0.0034300000000000003,False
2007-12-19,3.4039,3.4039,0.018796,False
2007-12-20,3.4464,3.4464,0.012485999999999999,False
2007-12-21,3.4731,3.4731,0.007747,False
2007-12-24,3.5203,3.5203,0.01359,False
2007-12-25,3.5314,3.5314,0.0031530000000000004,False
2007-12-26,3.5582,3.5582,0.007589,False
2007-12-27,3.6106,3.6106,0.014726999999999999,False
2007-12-28,3.5927,3.5927,-0.004958000000000001,False
2007-12-29,3.5925,3.5925,-5.6e-05,False
2007-12-31,3.5922,3.5922,-8.4e-05,False
2008-01-02,3.6519,3.6519,0.016619,False
2008-01-03,3.6885,3.6885,0.010022,False
2008-01-04,3.6953,3.6953,0.0018440000000000002,False
2008-01-07,3.7437,3.7437,0.013098,False
2008-01-08,3.7249,3.7249,-0.0050219999999999996,False
2008-01-09,3.7786,3.7786,0.014416,False
2008-01-10,3.8134,3.8134,0.009210000000000001,False
2008-01-11,3.8395,3.8395,0.006844,False
2008-01-14,3.8529,3.8529,0.0034899999999999996,False
2008-01-15,3.8423,3.8423,-0.002751,False
2008-01-16,3.7647,3.7647,-0.020196000000000002,False
2008-01-17,3.7115,3.7115,-0.014131,False
2008-01-18,3.725,3.725,0.003637,False
2008-01-21,3.6105,3.6105,-0.030737999999999998,False
2008-01-22,3.4268,3.4268,-0.050879,False
2008-01-23,3.55,3.55,0.035952000000000005,False
2008-01-24,3.6048,3.6048,0.015437000000000001,False
2008-01-25,3.6172,3.6172,0.00344,False
2008-01-28,3.4552,3.4552,-0.044786,False
2008-01-29,3.4725,3.4725,0.005007,False
2008-01-30,3.4488,3.4488,-0.006825,False
2008-01-31,3.4175,3.4175,-0.009075999999999999,False
2008-02-01,3.4012,3.4012,-0.00477,False
2008-02-04,3.5863,3.5863,0.054422,False
2008-02-05,3.5693,3.5693,-0.004739999999999999,False
2008-02-13,3.5072,3.5072,-0.017398,False
2008-02-14,3.545,3.545,0.010778000000000001,False
2008-02-15,3.5124,3.5124,-0.009196,False
2008-02-18,3.5777,3.5777,0.018591,False
2008-02-19,3.6251,3.6251,0.013249,False
2008-02-20,3.5675,3.5675,-0.015889,False
2008-02-21,3.5694,3.5694,0.000533,False
2008-02-22,3.4776,3.4776,-0.025719,False
2008-02-25,3.4021,3.4021,-0.021709999999999997,False
2008-02-26,3.3919,3.3919,-0.0029980000000000002,False
2008-02-27,3.4513,3.4513,0.017512,False
2008-02-28,3.4517,3.4517,0.00011599999999999999,False
2008-02-29,3.4629,3.4629,0.003245,False
2008-03-03,3.524,3.524,0.017644,False
2008-03-04,3.4621,3.4621,-0.017565,False
2008-03-05,3.4474,3.4474,-0.004246,False
2008-03-06,3.4742,3.4742,0.007774,False
2008-03-07,3.4263,3.4263,-0.013787,False
2008-03-10,3.3122,3.3122,-0.033301,False
2008-03-11,3.3087,3.3087,-0.001057,False
2008-03-12,3.2358,3.2358,-0.022033,False
2008-03-13,3.1942,3.1942,-0.012856000000000001,False
2008-03-14,3.1677,3.1677,-0.008296,False
2008-03-17,3.0755,3.0755,-0.029106,False
2008-03-18,2.9858,2.9858,-0.029165999999999997,False
2008-03-19,3.0478,3.0478,0.020765,False
2008-03-20,3.115,3.115,0.022049,False
2008-03-21,3.1349,3.1349,0.0063880000000000004,False
2008-03-24,3.0389,3.0389,-0.030623,False
2008-03-25,3.0608,3.0608,0.007207,False
2008-03-26,3.0765,3.0765,0.005129,False
2008-03-27,3.006,3.006,-0.022916,False
2008-03-28,3.1065,3.1065,0.033433000000000004,False
2008-03-31,3.0413,3.0413,-0.020988000000000003,False
2008-04-01,2.946,2.946,-0.031335,False
2008-04-02,2.9335,2.9335,-0.004243,False
2008-04-03,2.9867,2.9867,0.018135,False
2008-04-07,3.0915,3.0915,0.035089,False
2008-04-08,3.1103,3.1103,0.006081,False
2008-04-09,3.0006,3.0006,-0.03527,False
2008-04-10,3.0416,3.0416,0.013664,False
2008-04-11,3.0588,3.0588,0.005655,False
2008-04-14,2.9335,2.9335,-0.040964,False
2008-04-15,2.9444,2.9444,0.0037159999999999997,False
2008-04-16,2.9031,2.9031,-0.014027000000000001,False
2008-04-17,2.8492,2.8492,-0.018566,False
2008-04-18,2.7928,2.7928,-0.019795,False
2008-04-21,2.8138,2.8138,0.0075190000000000005,False
2008-04-22,2.8401,2.8401,0.009347,False
2008-04-23,2.9432,2.9432,0.036302,False
2008-04-24,3.1426,3.1426,0.067749,False
2008-04-25,3.1532,3.1532,0.0033729999999999997,False
2008-04-28,3.1118,3.1118,-0.01313,False
2008-04-29,3.1255,3.1255,0.004403000000000001,False
2008-04-30,3.2259,3.2259,0.032123,False
2008-05-05,3.2753,3.2753,0.015314000000000001,False
2008-05-06,3.2495,3.2495,-0.007877,False
2008-05-07,3.1462,3.1462,-0.03179,False
2008-05-08,3.2017,3.2017,0.01764,False
2008-05-09,3.1836,3.1836,-0.005653,False
2008-05-12,3.2006,3.2006,0.00534,False
2008-05-13,3.1896,3.1896,-0.003437,False
2008-05-14,3.2575,3.2575,0.021288,False
2008-05-15,3.2264,3.2264,-0.009547,False
2008-05-16,3.213,3.213,-0.0041530000000000004,False
2008-05-19,3.2007,3.2007,-0.003828,False
2008-05-20,3.1,3.1,-0.031462,False
2008-05-21,3.1323,3.1323,0.010419000000000001,False
2008-05-22,3.0973,3.0973,-0.011174,False
2008-05-23,3.085,3.085,-0.003971,False
2008-05-26,3.0173,3.0173,-0.021945000000000003,False
2008-05-27,3.0219,3.0219,0.0015249999999999999,False
2008-05-28,3.0757,3.0757,0.017803,False
2008-05-29,3.0197,3.0197,-0.018207,False
2008-05-30,3.0265,3.0265,0.002252,False
2008-06-02,3.0324,3.0324,0.001949,False
2008-06-03,3.0212,3.0212,-0.003693,False
2008-06-04,2.9762,2.9762,-0.014895,False
2008-06-05,2.9478,2.9478,-0.009542,False
2008-06-06,2.9455,2.9455,-0.00078,False
2008-06-10,2.7917,2.7917,-0.052215,False
2008-06-11,2.7521,2.7521,-0.014185000000000001,False
2008-06-12,2.7253,2.7253,-0.009738,False
2008-06-13,2.6923,2.6923,-0.012109000000000002,False
2008-06-16,2.688,2.688,-0.0015970000000000001,False
2008-06-17,2.6345,2.6345,-0.019903,False
2008-06-18,2.7185,2.7185,0.031885,False
2008-06-19,2.583,2.583,-0.049844,False
2008-06-20,2.6292,2.6292,0.017886,False
2008-06-23,2.5911,2.5911,-0.014491,False
2008-06-24,2.6234,2.6234,0.012466,False
2008-06-25,2.7005,2.7005,0.029389,False
2008-06-26,2.7082,2.7082,0.0028510000000000002,False
2008-06-27,2.6184,2.6184,-0.033159,False
2008-06-30,2.6053,2.6053,-0.005003,False
2008-07-01,2.5346,2.5346,-0.027136999999999998,False
2008-07-02,2.532,2.532,-0.001026,False
2008-07-03,2.5713,2.5713,0.015521,False
2008-07-04,2.5648,2.5648,-0.0025280000000000003,False
2008-07-07,2.6525,2.6525,0.034194,False
2008-07-08,2.6676,2.6676,0.005693,False
2008-07-09,2.732,2.732,0.024142,False
2008-07-10,2.7103,2.7103,-0.007943,False
2008-07-11,2.6971,2.6971,-0.00487,False
2008-07-14,2.7152,2.7152,0.006711,False
2008-07-15,2.6426,2.6426,-0.026737999999999998,False
2008-07-16,2.5813,2.5813,-0.023197000000000002,False
2008-07-17,2.5688,2.5688,-0.004843,False
2008-07-18,2.6173,2.6173,0.018879999999999997,False
2008-07-21,2.6796,2.6796,0.023803,False
2008-07-22,2.6788,2.6788,-0.000299,False
2008-07-23,2.6606,2.6606,-0.006794,False
2008-07-24,2.7167,2.7167,0.021085,False
2008-07-25,2.703,2.703,-0.005043,False
2008-07-28,2.7202,2.7202,0.006363,False
2008-07-29,2.698,2.698,-0.008161,False
2008-07-30,2.6791,2.6791,-0.007005,False
2008-07-31,2.6287,2.6287,-0.018812,False
2008-08-01,2.646,2.646,0.006581,False
2008-08-04,2.6126,2.6126,-0.012623,False
2008-08-05,2.5735,2.5735,-0.014966,False
2008-08-06,2.5932,2.5932,0.0076549999999999995,False
2008-08-07,2.593,2.593,-7.7e-05,False
2008-08-08,2.5244,2.5244,-0.026456,False
2008-08-11,2.4531,2.4531,-0.028244,False
2008-08-12,2.4628,2.4628,0.003954,False
2008-08-13,2.4654,2.4654,0.001056,False
2008-08-14,2.4635,2.4635,-0.000771,False
2008-08-15,2.4641,2.4641,0.00024400000000000002,False
2008-08-18,2.3957,2.3957,-0.027759,False
2008-08-19,2.4156,2.4156,0.008307,False
2008-08-20,2.5353,2.5353,0.049553,False
2008-08-21,2.468,2.468,-0.026545,False
2008-08-22,2.4421,2.4421,-0.010494000000000002,False
2008-08-25,2.4427,2.4427,0.000246,False
2008-08-26,2.407,2.407,-0.014615,False
2008-08-27,2.3971,2.3971,-0.004113,False
2008-08-28,2.403,2.403,0.002461,False
2008-08-29,2.4366,2.4366,0.013983,False
2008-09-01,2.3832,2.3832,-0.021916,False
2008-09-02,2.3511,2.3511,-0.013469,False
2008-09-03,2.3081,2.3081,-0.018289,False
2008-09-04,2.3067,2.3067,-0.000607,False
2008-09-05,2.2647,2.2647,-0.018208,False
2008-09-08,2.2315,2.2315,-0.01466,False
2008-09-09,2.2366,2.2366,0.002285,False
2008-09-10,2.2315,2.2315,-0.00228,False
2008-09-11,2.1859,2.1859,-0.020435,False
2008-09-12,2.1846,2.1846,-0.0005949999999999999,False
2008-09-16,2.1313,2.1313,-0.024398,False
2008-09-17,2.0734,2.0734,-0.027167,False
2008-09-18,2.0607,2.0607,-0.006125,False
2008-09-19,2.1975,2.1975,0.066385,False
2008-09-22,2.268,2.268,0.032082,False
2008-09-23,2.1911,2.1911,-0.033907,False
2008-09-24,2.1878,2.1878,-0.0015060000000000002,False
2008-09-25,2.2483,2.2483,0.027652999999999997,False
2008-09-26,2.2653,2.2653,0.007561,False
2008-09-30,2.265,2.265,-0.000132,False
2008-10-06,2.1615,2.1615,-0.045695,False
2008-10-07,2.1432,2.1432,-0.008466,False
2008-10-08,2.0873,2.0873,-0.026082,False
2008-10-09,2.0681,2.0681,-0.009198,False
2008-10-10,2.0062,2.0062,-0.029931,False
2008-10-13,2.0557,2.0557,0.024674,False
2008-10-14,2.0193,2.0193,-0.017707,False
2008-10-15,2.0007,2.0007,-0.009211,False
2008-10-16,1.9292,1.9292,-0.035737,False
2008-10-17,1.9343,1.9343,0.002644,False
2008-10-20,1.9775,1.9775,0.022334,False
2008-10-21,1.9756,1.9756,-0.000961,False
2008-10-22,1.9591,1.9591,-0.008352,False
2008-10-23,1.957,1.957,-0.001072,False
2008-10-24,1.9194,1.9194,-0.019213,False
2008-10-27,1.8302,1.8302,-0.04647300000000001,False
2008-10-28,1.8642,1.8642,0.018577,False
2008-10-29,1.8379,1.8379,-0.014108,False
2008-10-30,1.8602,1.8602,0.012133,False
2008-10-31,1.8315,1.8315,-0.015427999999999999,False
2008-11-03,1.8229,1.8229,-0.0046960000000000005,False
2008-11-04,1.8086,1.8086,-0.007845,False
2008-11-05,1.8591,1.8591,0.027922,False
2008-11-06,1.8281,1.8281,-0.016675,False
2008-11-07,1.845,1.845,0.009245,False
2008-11-10,1.9403,1.9403,0.051653000000000004,False
2008-11-11,1.9269,1.9269,-0.006906,False
2008-11-12,1.9355,1.9355,0.004463,False
2008-11-13,1.9892,1.9892,0.027745000000000002,False
2008-11-14,2.0411,2.0411,0.026091000000000003,False
2008-11-17,2.0698,2.0698,0.014060999999999999,False
2008-11-18,1.9584,1.9584,-0.053822,False
2008-11-19,2.0382,2.0382,0.040748,False
2008-11-20,2.0173,2.0173,-0.010254000000000001,False
2008-11-21,1.9982,1.9982,-0.009467999999999999,False
2008-11-24,1.9494,1.9494,-0.024422000000000003,False
2008-11-25,1.9388,1.9388,-0.005437999999999999,False
2008-11-26,1.9399,1.9399,0.000567,False
2008-11-27,1.9555,1.9555,0.008042,False
2008-11-28,1.9221,1.9221,-0.017079999999999998,False
2008-12-01,1.9456,1.9456,0.012225999999999999,False
2008-12-02,1.9568,1.9568,0.005757,False
2008-12-03,2.0274,2.0274,0.036079,False
2008-12-04,2.0522,2.0522,0.012232,False
2008-12-05,2.0743,2.0743,0.010768999999999999,False
2008-12-08,2.1406,2.1406,0.031963,False
2008-12-09,2.0968,2.0968,-0.020461999999999998,False
2008-12-10,2.1387,2.1387,0.019983,False
2008-12-11,2.0968,2.0968,-0.019591,False
2008-12-12,2.0335,2.0335,-0.030189,False
2008-12-15,2.0504,2.0504,0.008310999999999999,False
2008-12-16,2.0596,2.0596,0.004487,False
2008-12-17,2.0677,2.0677,0.003933,False
2008-12-18,2.1099,2.1099,0.020409,False
2008-12-19,2.1282,2.1282,0.008673,False
2008-12-22,2.1133,2.1133,-0.007000999999999999,False
2008-12-23,2.0543,2.0543,-0.027918,False
2008-12-24,2.0347,2.0347,-0.009541,False
2008-12-25,2.0221,2.0221,-0.006193,False
2008-12-26,2.0216,2.0216,-0.000247,False
2008-12-29,2.02,2.02,-0.000791,False
2008-12-30,2.0104,2.0104,-0.004752,False
2008-12-31,2.0059,2.0059,-0.002238,False
2009-01-05,2.0468,2.0468,0.020390000000000002,False
2009-01-06,2.0886,2.0886,0.020422,False
2009-01-07,2.0795,2.0795,-0.004357,False
2009-01-08,2.0403,2.0403,-0.018851,False
2009-01-09,2.0736,2.0736,0.016321000000000002,False
2009-01-12,2.0758,2.0758,0.001061,False
2009-01-13,2.0439,2.0439,-0.015368,False
2009-01-14,2.1009,2.1009,0.027888000000000003,False
2009-01-15,2.1023,2.1023,0.000666,False
2009-01-16,2.1268,2.1268,0.011654,False
2009-01-19,2.1369,2.1369,0.004749,False
2009-01-20,2.1552,2.1552,0.008564,False
2009-01-21,2.1588,2.1588,0.00167,False
2009-01-22,2.1824,2.1824,0.010931999999999999,False
2009-01-23,2.1796,2.1796,-0.001283,False
2009-02-02,2.1977,2.1977,0.008304,False
2009-02-03,2.2324,2.2324,0.015789,False
2009-02-04,2.2672,2.2672,0.015588999999999999,False
2009-02-05,2.2553,2.2553,-0.005249,False
2009-02-06,2.3192,2.3192,0.028333,False
2009-02-09,2.3513,2.3513,0.013841000000000001,False
2009-02-10,2.3642,2.3642,0.0054859999999999996,False
2009-02-11,2.3737,2.3737,0.004018,False
2009-02-12,2.3702,2.3702,-0.001474,False
2009-02-13,2.4234,2.4234,0.022445,False
2009-02-16,2.4847,2.4847,0.025295,False
2009-02-17,2.4182,2.4182,-0.026764,False
2009-02-18,2.3425,2.3425,-0.031304,False
2009-02-19,2.3527,2.3527,0.004354,False
2009-02-20,2.3851,2.3851,0.013771,False
2009-02-23,2.4277,2.4277,0.017861000000000002,False
2009-02-24,2.3469,2.3469,-0.033283,False
2009-02-25,2.3564,2.3564,0.0040479999999999995,False
2009-02-26,2.283,2.283,-0.031149,False
2009-02-27,2.2495,2.2495,-0.014674,False
2009-03-02,2.2702,2.2702,0.009202,False
2009-03-03,2.2607,2.2607,-0.0041849999999999995,False
2009-03-04,2.3539,2.3539,0.041226000000000006,False
2009-03-05,2.3593,2.3593,0.002294,False
2009-03-06,2.3425,2.3425,-0.007121,False
2009-03-09,2.2832,2.2832,-0.025314999999999997,False
2009-03-10,2.3125,2.3125,0.012833,False
2009-03-11,2.3008,2.3008,-0.005059,False
2009-03-12,2.2915,2.2915,-0.0040420000000000005,False
2009-03-13,2.2889,2.2889,-0.001135,False
2009-03-16,2.3024,2.3024,0.005898,False
2009-03-17,2.3537,2.3537,0.022281,False
2009-03-18,2.3627,2.3627,0.003824,False
2009-03-19,2.393,2.393,0.012824,False
2009-03-20,2.3881,2.3881,-0.002048,False
2009-03-23,2.4108,2.4108,0.009505,False
2009-03-24,2.4176,2.4176,0.002821,False
2009-03-25,2.3852,2.3852,-0.013402,False
2009-03-26,2.4255,2.4255,0.016896,False
2009-03-27,2.4387,2.4387,0.005442,False
2009-03-30,2.438,2.438,-0.000287,False
2009-03-31,2.4477,2.4477,0.003979,False
2009-04-01,2.4867,2.4867,0.015933,False
2009-04-02,2.5032,2.5032,0.006634999999999999,False
2009-04-03,2.514,2.514,0.004314,False
2009-04-07,2.5322,2.5322,0.007239,False
2009-04-08,2.4696,2.4696,-0.024722,False
2009-04-09,2.4979,2.4979,0.011458999999999999,False
2009-04-10,2.5481,2.5481,0.020097,False
2009-04-13,2.5919,2.5919,0.017189,False
2009-04-14,2.6049,2.6049,0.0050160000000000005,False
2009-04-15,2.6239,2.6239,0.007294,False
2009-04-16,2.6369,2.6369,0.004954,False
2009-04-17,2.6133,2.6133,-0.00895,False
2009-04-20,2.6616,2.6616,0.018482000000000002,False
2009-04-21,2.6432,2.6432,-0.006913,False
2009-04-22,2.5641,2.5641,-0.029925999999999998,False
2009-04-23,2.5719,2.5719,0.0030420000000000004,False
2009-04-24,2.5618,2.5618,-0.003927,False
2009-04-27,2.5105,2.5105,-0.020025,False
2009-04-28,2.5099,2.5099,-0.000239,False
2009-04-29,2.5616,2.5616,0.020598,False
2009-04-30,2.566,2.566,0.0017180000000000001,False
2009-05-04,2.6204,2.6204,0.0212,False
2009-05-05,2.6298,2.6298,0.0035870000000000003,False
2009-05-06,2.6528,2.6528,0.008746,False
2009-05-07,2.6589,2.6589,0.002299,False
2009-05-08,2.6764,2.6764,0.006582,False
2009-05-11,2.634,2.634,-0.015842000000000002,False
2009-05-12,2.6833,2.6833,0.018716999999999998,False
2009-05-13,2.6888,2.6888,0.0020499999999999997,False
2009-05-14,2.6732,2.6732,-0.005802000000000001,False
2009-05-15,2.675,2.675,0.000673,False
2009-05-18,2.6903,2.6903,0.005719999999999999,False
2009-05-19,2.7075,2.7075,0.006392999999999999,False
2009-05-20,2.6841,2.6841,-0.008643,False
2009-05-21,2.6327,2.6327,-0.01915,False
2009-05-22,2.633,2.633,0.000114,False
2009-05-25,2.643,2.643,0.003798,False
2009-05-26,2.6344,2.6344,-0.0032540000000000004,False
2009-05-27,2.6664,2.6664,0.012146999999999998,False
2009-06-01,2.7282,2.7282,0.023177,False
2009-06-02,2.745,2.745,0.006158,False
2009-06-03,2.7972,2.7972,0.019015999999999998,False
2009-06-04,2.7997,2.7997,0.0008939999999999999,False
2009-06-05,2.7976,2.7976,-0.00075,False
2009-06-08,2.8352,2.8352,0.01344,False
2009-06-09,2.848,2.848,0.004515,False
2009-06-10,2.867,2.867,0.006671,False
2009-06-11,2.8702,2.8702,0.001116,False
2009-06-12,2.8278,2.8278,-0.014772,False
2009-06-15,2.8983,2.8983,0.024931000000000002,False
2009-06-16,2.8904,2.8904,-0.002726,False
2009-06-17,2.9282,2.9282,0.013078000000000001,False
2009-06-18,2.9592,2.9592,0.010587,False
2009-06-19,2.9813,2.9813,0.007468,False
2009-06-22,2.9709,2.9709,-0.0034879999999999998,False
2009-06-23,2.9697,2.9697,-0.000404,False
2009-06-24,2.9809,2.9809,0.003771,False
2009-06-25,2.9815,2.9815,0.000201,False
2009-06-26,2.9812,2.9812,-0.000101,False
2009-06-29,3.0228,3.0228,0.013954,False
2009-06-30,2.9953,2.9953,-0.009098,False
2009-07-01,3.0345,3.0345,0.013087,False
2009-07-02,3.0586,3.0586,0.007942,False
2009-07-03,3.0998,3.0998,0.01347,False
2009-07-06,3.1154,3.1154,0.005032999999999999,False
2009-07-07,3.1171,3.1171,0.000546,False
2009-07-08,3.119,3.119,0.00061,False
2009-07-09,3.1472,3.1472,0.009041,False
2009-07-10,3.1551,3.1551,0.00251,False
2009-07-13,3.1371,3.1371,-0.005705,False
2009-07-14,3.1915,3.1915,0.017341,False
2009-07-15,3.2021,3.2021,0.003321,False
2009-07-16,3.1957,3.1957,-0.001999,False
2009-07-17,3.2027,3.2027,0.00219,False
2009-07-20,3.2412,3.2412,0.012020999999999999,False
2009-07-21,3.2162,3.2162,-0.007713,False
2009-07-22,3.2719,3.2719,0.017319,False
2009-07-23,3.3235,3.3235,0.015771,False
2009-07-24,3.3323,3.3323,0.0026479999999999997,False
2009-07-27,3.3657,3.3657,0.010022999999999999,False
2009-07-28,3.3579,3.3579,-0.002317,False
2009-07-29,3.2412,3.2412,-0.034754,False
2009-07-30,3.2873,3.2873,0.014223,False
2009-07-31,3.3447,3.3447,0.017461,False
2009-08-03,3.389,3.389,0.013245,False
2009-08-04,3.3969,3.3969,0.002331,False
2009-08-05,3.3672,3.3672,-0.008742999999999999,False
2009-08-06,3.3292,3.3292,-0.011285,False
2009-08-07,3.2637,3.2637,-0.019674,False
2009-08-10,3.2667,3.2667,0.000919,False
2009-08-11,3.2863,3.2863,0.006,False
2009-08-12,3.1881,3.1881,-0.029882,False
2009-08-13,3.1912,3.1912,0.000972,False
2009-08-14,3.1043,3.1043,-0.027231,False
2009-08-17,2.9664,2.9664,-0.044421999999999996,False
2009-08-18,2.9921,2.9921,0.008664,False
2009-08-19,2.9379,2.9379,-0.018113999999999998,False
2009-08-20,3.0144,3.0144,0.026039,False
2009-08-21,3.0569,3.0569,0.014098999999999999,False
2009-08-24,3.0842,3.0842,0.008931,False
2009-08-25,3.034,3.034,-0.016277,False
2009-08-26,3.0688,3.0688,0.011470000000000001,False
2009-08-27,3.0757,3.0757,0.002248,False
2009-08-28,3.0078,3.0078,-0.022076,False
2009-08-31,2.8761,2.8761,-0.043786,False
2009-09-01,2.8999,2.8999,0.008275,False
2009-09-02,2.9264,2.9264,0.009138,False
2009-09-03,3.0114,3.0114,0.029046,False
2009-09-04,3.0315,3.0315,0.0066749999999999995,False
2009-09-07,3.061,3.061,0.009731,False
2009-09-08,3.104,3.104,0.014048,False
2009-09-09,3.1137,3.1137,0.003125,False
2009-09-10,3.0974,3.0974,-0.005235,False
2009-09-11,3.1435,3.1435,0.014883,False
2009-09-14,3.1811,3.1811,0.011961,False
2009-09-15,3.1854,3.1854,0.001352,False
2009-09-16,3.1495,3.1495,-0.01127,False
2009-09-17,3.1954,3.1954,0.014574,False
2009-09-18,3.1231,3.1231,-0.022626,False
2009-09-21,3.1498,3.1498,0.008549,False
2009-09-22,3.1171,3.1171,-0.010382,False
2009-09-23,3.0688,3.0688,-0.015495000000000002,False
2009-09-24,3.0589,3.0589,-0.003226,False
2009-09-25,3.0536,3.0536,-0.0017330000000000002,False
2009-09-28,3.0165,3.0165,-0.012150000000000001,False
2009-09-29,3.0061,3.0061,-0.003448,False
2009-09-30,3.0315,3.0315,0.008449,False
2009-10-09,3.1208,3.1208,0.029457,False
2009-10-12,3.1202,3.1202,-0.00019199999999999998,False
2009-10-13,3.1458,3.1458,0.008205,False
2009-10-14,3.1511,3.1511,0.001685,False
2009-10-15,3.1549,3.1549,0.001206,False
2009-10-16,3.165,3.165,0.003201,False
2009-10-19,3.2117,3.2117,0.014755,False
2009-10-20,3.2408,3.2408,0.009061,False
2009-10-21,3.2192,3.2192,-0.006665,False
2009-10-22,3.2066,3.2066,-0.003914,False
2009-10-23,3.2529,3.2529,0.014439,False
2009-10-26,3.268,3.268,0.004642,False
2009-10-27,3.2161,3.2161,-0.015881,False
2009-10-28,3.2267,3.2267,0.003296,False
2009-10-29,3.1836,3.1836,-0.013357,False
2009-10-30,3.2214,3.2214,0.011873,False
2009-11-02,3.3095,3.3095,0.027347999999999997,False
2009-11-03,3.3418,3.3418,0.00976,False
2009-11-04,3.3648,3.3648,0.006883,False
2009-11-05,3.3729,3.3729,0.002407,False
2009-11-06,3.3682,3.3682,-0.0013930000000000001,False
2009-11-09,3.3926,3.3926,0.0072440000000000004,False
2009-11-10,3.4149,3.4149,0.006573,False
2009-11-11,3.4084,3.4084,-0.001903,False
2009-11-12,3.4146,3.4146,0.001819,False
2009-11-13,3.4228,3.4228,0.002401,False
2009-11-16,3.4937,3.4937,0.020714,False
2009-11-17,3.495,3.495,0.000372,False
2009-11-18,3.4993,3.4993,0.00123,False
2009-11-19,3.5054,3.5054,0.0017430000000000002,False
2009-11-20,3.4934,3.4934,-0.003423,False
2009-11-23,3.5177,3.5177,0.006956,False
2009-11-24,3.415,3.415,-0.029195000000000002,False
2009-11-25,3.4861,3.4861,0.020819999999999998,False
2009-11-26,3.3706,3.3706,-0.033132,False
2009-11-27,3.3248,3.3248,-0.013588,False
2009-11-30,3.4421,3.4421,0.03528,False
2009-12-01,3.4917,3.4917,0.014410000000000001,False
2009-12-02,3.4972,3.4972,0.001575,False
2009-12-03,3.4997,3.4997,0.0007149999999999999,False
2009-12-04,3.5128,3.5128,0.0037430000000000002,False
2009-12-07,3.5333,3.5333,0.005836,False
2009-12-08,3.5066,3.5066,-0.007557,False
2009-12-09,3.4643,3.4643,-0.012062999999999999,False
2009-12-10,3.4768,3.4768,0.003608,False
2009-12-11,3.487,3.487,0.002934,False
2009-12-14,3.5137,3.5137,0.007657000000000001,False
2009-12-15,3.511,3.511,-0.0007679999999999999,False
2009-12-16,3.4951,3.4951,-0.004529,False
2009-12-17,3.4316,3.4316,-0.018168,False
2009-12-18,3.3513,3.3513,-0.023399999999999997,False
2009-12-21,3.355,3.355,0.001104,False
2009-12-22,3.308,3.308,-0.014009,False
2009-12-23,3.3444,3.3444,0.011004,False
2009-12-24,3.4337,3.4337,0.026701000000000003,False
2009-12-25,3.4384,3.4384,0.001369,False
2009-12-28,3.47,3.47,0.00919,False
2009-12-29,3.4862,3.4862,0.0046689999999999995,False
2009-12-30,3.5262,3.5262,0.011474,False
2009-12-31,3.5521,3.5521,0.007345000000000001,False
2010-01-04,3.5286,3.5286,-0.0066159999999999995,False
2010-01-05,3.5485,3.5485,0.005639999999999999,False
2010-01-06,3.5354,3.5354,-0.0036919999999999995,False
2010-01-07,3.4677,3.4677,-0.019149,False
2010-01-08,3.4682,3.4682,0.000144,False
2010-01-11,3.4616,3.4616,-0.001903,False
2010-01-12,3.5219,3.5219,0.01742,False
2010-01-13,3.4708,3.4708,-0.014509000000000001,False
2010-01-14,3.5106,3.5106,0.011467,False
2010-01-15,3.5217,3.5217,0.003162,False
2010-01-18,3.5424,3.5424,0.0058779999999999995,False
2010-01-19,3.5326,3.5326,-0.0027660000000000002,False
2010-01-20,3.4404,3.4404,-0.026099999999999998,False
2010-01-21,3.4588,3.4588,0.005348,False
2010-01-22,3.4266,3.4266,-0.00931,False
2010-01-25,3.3834,3.3834,-0.012607,False
2010-01-26,3.3342,3.3342,-0.014542,False
2010-01-27,3.2963,3.2963,-0.011367,False
2010-01-28,3.3015,3.3015,0.001578,False
2010-01-29,3.3187,3.3187,0.00521,False
2010-02-01,3.2956,3.2956,-0.006961,False
2010-02-02,3.2754,3.2754,-0.006129,False
2010-02-03,3.3177,3.3177,0.012914000000000002,False
2010-02-04,3.3154,3.3154,-0.000693,False
2010-02-05,3.2761,3.2761,-0.011854,False
2010-02-08,3.2761,3.2761,0.0,False
2010-02-09,3.2898,3.2898,0.004182,False
2010-02-10,3.3305,3.3305,0.012372000000000001,False
2010-02-11,3.3362,3.3362,0.001711,False
2010-02-12,3.361,3.361,0.007434,False
2010-02-22,3.3369,3.3369,-0.007169999999999999,False
2010-02-23,3.3087,3.3087,-0.008451,False
2010-02-24,3.3574,3.3574,0.014719,False
2010-02-25,3.3948,3.3948,0.01114,False
2010-02-26,3.3825,3.3825,-0.003623,False
2010-03-01,3.4099,3.4099,0.008101,False
2010-03-02,3.3963,3.3963,-0.003988,False
2010-03-03,3.4098,3.4098,0.003975,False
2010-03-04,3.3394,3.3394,-0.020646,False
2010-03-05,3.3487,3.3487,0.002785,False
2010-03-08,3.3735,3.3735,0.007406,False
2010-03-09,3.3929,3.3929,0.005750999999999999,False
2010-03-10,3.3764,3.3764,-0.004863,False
2010-03-11,3.3697,3.3697,-0.001984,False
2010-03-12,3.337,3.337,-0.009704,False
2010-03-15,3.2912,3.2912,-0.013725000000000001,False
2010-03-16,3.3012,3.3012,0.0030380000000000003,False
2010-03-17,3.3625,3.3625,0.018569,False
2010-03-18,3.3572,3.3572,-0.001576,False
2010-03-19,3.3653,3.3653,0.0024129999999999998,False
2010-03-22,3.3665,3.3665,0.000357,False
2010-03-23,3.3484,3.3484,-0.005377,False
2010-03-24,3.3614,3.3614,0.003882,False
2010-03-25,3.3353,3.3353,-0.007764999999999999,False
2010-03-26,3.3759,3.3759,0.012173,False
2010-03-29,3.4363,3.4363,0.017891999999999998,False
2010-03-30,3.441,3.441,0.001368,False
2010-03-31,3.429,3.429,-0.003487,False
2010-04-01,3.4643,3.4643,0.010295,False
2010-04-02,3.4558,3.4558,-0.002454,False
2010-04-06,3.4565,3.4565,0.00020299999999999997,False
2010-04-07,3.4445,3.4445,-0.0034720000000000003,False
2010-04-08,3.4204,3.4204,-0.006997,False
2010-04-09,3.4624,3.4624,0.012279,False
2010-04-12,3.4551,3.4551,-0.002108,False
2010-04-13,3.4913,3.4913,0.010477,False
2010-04-14,3.5094,3.5094,0.005183999999999999,False
2010-04-15,3.4954,3.4954,-0.0039889999999999995,False
2010-04-16,3.4655,3.4655,-0.008554,False
2010-04-19,3.3384,3.3384,-0.036676,False
2010-04-20,3.3758,3.3758,0.011203000000000001,False
2010-04-21,3.4289,3.4289,0.01573,False
2010-04-22,3.3879,3.3879,-0.011957,False
2010-04-23,3.365,3.365,-0.006758999999999999,False
2010-04-26,3.3592,3.3592,-0.001724,False
2010-04-27,3.3157,3.3157,-0.01295,False
2010-04-28,3.3119,3.3119,-0.0011459999999999999,False
2010-04-29,3.2613,3.2613,-0.015278,False
2010-04-30,3.2442,3.2442,-0.005243,False
2010-05-04,3.2315,3.2315,-0.003915,False
2010-05-05,3.261,3.261,0.009129,False
2010-05-06,3.1607,3.1607,-0.030757,False
2010-05-07,3.1268,3.1268,-0.010725,False
2010-05-10,3.1298,3.1298,0.000959,False
2010-05-11,3.0792,3.0792,-0.016167,False
2010-05-12,3.0807,3.0807,0.000487,False
2010-05-13,3.1459,3.1459,0.021164000000000002,False
2010-05-14,3.1493,3.1493,0.001081,False
2010-05-17,3.0311,3.0311,-0.037532,False
2010-05-18,3.0698,3.0698,0.012768,False
2010-05-19,3.0678,3.0678,-0.0006519999999999999,False
2010-05-20,3.0348,3.0348,-0.010757000000000001,False
2010-05-21,3.068,3.068,0.01094,False
2010-05-24,3.1576,3.1576,0.029205000000000002,False
2010-05-25,3.1093,3.1093,-0.015296,False
2010-05-26,3.1102,3.1102,0.000289,False
2010-05-27,3.1552,3.1552,0.014469000000000001,False
2010-05-28,3.1601,3.1601,0.001553,False
2010-05-31,3.1094,3.1094,-0.016044,False
2010-06-01,3.0781,3.0781,-0.010065999999999999,False
2010-06-02,3.0863,3.0863,0.002664,False
2010-06-03,3.0796,3.0796,-0.0021709999999999998,False
2010-06-04,3.0854,3.0854,0.001883,False
2010-06-07,3.0493,3.0493,-0.011699999999999999,False
2010-06-08,3.0459,3.0459,-0.001115,False
2010-06-09,3.1258,3.1258,0.026232000000000002,False
2010-06-10,3.1073,3.1073,-0.005918,False
2010-06-11,3.1022,3.1022,-0.0016409999999999999,False
2010-06-17,3.0774,3.0774,-0.007994,False
2010-06-18,3.0161,3.0161,-0.019919,False
2010-06-21,3.0845,3.0845,0.022677999999999997,False
2010-06-22,3.0853,3.0853,0.000259,False
2010-06-23,3.067,3.067,-0.005931,False
2010-06-24,3.0732,3.0732,0.002022,False
2010-06-25,3.0549,3.0549,-0.005955,False
2010-06-28,3.0376,3.0376,-0.0056630000000000005,False
2010-06-29,2.9402,2.9402,-0.032065,False
2010-06-30,2.9238,2.9238,-0.005578,False
2010-07-01,2.8859,2.8859,-0.012963,False
2010-07-02,2.88,2.88,-0.002044,False
2010-07-05,2.8593,2.8593,-0.007188,False
2010-07-06,2.9221,2.9221,0.021963,False
2010-07-07,2.9426,2.9426,0.007016,False
2010-07-08,2.9453,2.9453,0.0009180000000000001,False
2010-07-09,3.0172,3.0172,0.024412,False
2010-07-12,3.0429,3.0429,0.008518,False
2010-07-13,3.0079,3.0079,-0.011501999999999998,False
2010-07-14,3.0287,3.0287,0.006915,False
2010-07-15,2.9821,2.9821,-0.015386,False
2010-07-16,2.99,2.99,0.0026490000000000003,False
2010-07-19,3.0498,3.0498,0.02,False
2010-07-20,3.1005,3.1005,0.016624,False
2010-07-21,3.1046,3.1046,0.001322,False
2010-07-22,3.1383,3.1383,0.010854999999999998,False
2010-07-23,3.1575,3.1575,0.006118,False
2010-07-26,3.1759,3.1759,0.005827,False
2010-07-27,3.168,3.168,-0.002487,False
2010-07-28,3.2297,3.2297,0.019476,False
2010-07-29,3.2326,3.2326,0.000898,False
2010-07-30,3.2225,3.2225,-0.003124,False
2010-08-02,3.2768,3.2768,0.01685,False
2010-08-03,3.2244,3.2244,-0.015991,False
2010-08-04,3.2298,3.2298,0.001675,False
2010-08-05,3.2232,3.2232,-0.002043,False
2010-08-06,3.2659,3.2659,0.013248,False
2010-08-09,3.2845,3.2845,0.005695,False
2010-08-10,3.2023,3.2023,-0.025027,False
2010-08-11,3.2162,3.2162,0.004341,False
2010-08-12,3.1811,3.1811,-0.010914,False
2010-08-13,3.2129,3.2129,0.009997,False
2010-08-16,3.2752,3.2752,0.019391000000000002,False
2010-08-17,3.2839,3.2839,0.002656,False
2010-08-18,3.2686,3.2686,-0.004659,False
2010-08-19,3.2752,3.2752,0.002019,False
2010-08-20,3.222,3.222,-0.016243,False
2010-08-23,3.2317,3.2317,0.003011,False
2010-08-24,3.2437,3.2437,0.003713,False
2010-08-25,3.1896,3.1896,-0.016678,False
2010-08-26,3.1992,3.1992,0.00301,False
2010-08-27,3.2159,3.2159,0.00522,False
2010-08-30,3.2899,3.2899,0.023011,False
2010-08-31,3.2937,3.2937,0.001155,False
2010-09-01,3.2679,3.2679,-0.007833,False
2010-09-02,3.3249,3.3249,0.017442,False
2010-09-03,3.342,3.342,0.005143,False
2010-09-06,3.3696,3.3696,0.008258999999999999,False
2010-09-07,3.3656,3.3656,-0.001187,False
2010-09-08,3.3739,3.3739,0.0024660000000000003,False
2010-09-09,3.3245,3.3245,-0.014641999999999999,False
2010-09-10,3.364,3.364,0.011881,False
2010-09-13,3.3967,3.3967,0.009721,False
2010-09-14,3.4159,3.4159,0.005653,False
2010-09-15,3.3772,3.3772,-0.011329,False
2010-09-16,3.3206,3.3206,-0.016759,False
2010-09-17,3.3376,3.3376,0.00512,False
2010-09-20,3.3376,3.3376,0.0,False
2010-09-21,3.3378,3.3378,6e-05,False
2010-09-27,3.4045,3.4045,0.019983,False
2010-09-28,3.3915,3.3915,-0.0038179999999999998,False
2010-09-29,3.3646,3.3646,-0.007932,False
2010-09-30,3.4319,3.4319,0.020002,False
2010-10-08,3.5314,3.5314,0.028993,False
2010-10-11,3.5619,3.5619,0.008637,False
2010-10-12,3.5957,3.5957,0.009489,False
2010-10-13,3.6572,3.6572,0.017103999999999998,False
2010-10-14,3.6377,3.6377,-0.005332,False
2010-10-15,3.7098,3.7098,0.01982,False
2010-10-18,3.655,3.655,-0.014772,False
2010-10-19,3.7365,3.7365,0.022298,False
2010-10-20,3.7767,3.7767,0.010759000000000001,False
2010-10-21,3.7427,3.7427,-0.009003,False
2010-10-22,3.7663,3.7663,0.006306000000000001,False
2010-10-25,3.8612,3.8612,0.025196999999999997,False
2010-10-26,3.8294,3.8294,-0.008236,False
2010-10-27,3.7698,3.7698,-0.015564,False
2010-10-28,3.7613,3.7613,-0.002255,False
2010-10-29,3.7508,3.7508,-0.002792,False
2010-11-01,3.8195,3.8195,0.018316,False
2010-11-02,3.805,3.805,-0.003796,False
2010-11-03,3.7752,3.7752,-0.007832,False
2010-11-04,3.8209,3.8209,0.012105,False
2010-11-05,3.8424,3.8424,0.005627,False
2010-11-08,3.8824,3.8824,0.010409999999999999,False
2010-11-09,3.8728,3.8728,-0.002473,False
2010-11-10,3.8445,3.8445,-0.007307,False
2010-11-11,3.8539,3.8539,0.002445,False
2010-11-12,3.6576,3.6576,-0.050934999999999994,False
2010-11-15,3.6995,3.6995,0.011456,False
2010-11-16,3.5537,3.5537,-0.039411,False
2010-11-17,3.4799,3.4799,-0.020767,False
2010-11-18,3.5248,3.5248,0.012903,False
2010-11-19,3.5618,3.5618,0.010497000000000001,False
2010-11-22,3.5739,3.5739,0.003397,False
2010-11-23,3.5184,3.5184,-0.015529,False
2010-11-24,3.5945,3.5945,0.021629,False
2010-11-25,3.6421,3.6421,0.013242,False
2010-11-26,3.6059,3.6059,-0.009939,False
2010-11-29,3.6032,3.6032,-0.000749,False
2010-11-30,3.5536,3.5536,-0.013766,False
2010-12-01,3.5459,3.5459,-0.002167,False
2010-12-02,3.5767,3.5767,0.008686000000000001,False
2010-12-03,3.6137,3.6137,0.010345,False
2010-12-06,3.6539,3.6539,0.011124,False
2010-12-07,3.7388,3.7388,0.023235000000000002,False
2010-12-08,3.7326,3.7326,-0.001658,False
2010-12-09,3.6729,3.6729,-0.015993999999999998,False
2010-12-10,3.6723,3.6723,-0.00016299999999999998,False
2010-12-13,3.7764,3.7764,0.028347,False
2010-12-14,3.7924,3.7924,0.004237,False
2010-12-15,3.7568,3.7568,-0.009387,False
2010-12-16,3.7497,3.7497,-0.00189,False
2010-12-17,3.762,3.762,0.00328,False
2010-12-20,3.7209,3.7209,-0.010925,False
2010-12-21,3.8214,3.8214,0.02701,False
2010-12-22,3.8088,3.8088,-0.003297,False
2010-12-23,3.7706,3.7706,-0.010029,False
2010-12-24,3.7634,3.7634,-0.00191,False
2010-12-27,3.7035,3.7035,-0.015916,False
2010-12-28,3.6218,3.6218,-0.02206,False
2010-12-29,3.6394,3.6394,0.004859,False
2010-12-30,3.6327,3.6327,-0.0018410000000000002,False
2010-12-31,3.6931,3.6931,0.016627,False
2011-01-04,3.7757,3.7757,0.022366,False
2011-01-05,3.7545,3.7545,-0.005615,False
2011-01-06,3.7543,3.7543,-5.3e-05,False
2011-01-07,3.752,3.752,-0.000613,False
2011-01-10,3.6789,3.6789,-0.019483,False
2011-01-11,3.71,3.71,0.008454,False
2011-01-12,3.752,3.752,0.011321000000000001,False
2011-01-13,3.7357,3.7357,-0.004344,False
2011-01-14,3.7084,3.7084,-0.007308,False
2011-01-17,3.5551,3.5551,-0.041338999999999994,False
2011-01-18,3.5606,3.5606,0.001547,False
2011-01-19,3.6315,3.6315,0.019912,False
2011-01-20,3.5244,3.5244,-0.029491999999999997,False
2011-01-21,3.5614,3.5614,0.010498,False
2011-01-24,3.5305,3.5305,-0.008676,False
2011-01-25,3.5253,3.5253,-0.001473,False
2011-01-26,3.5503,3.5503,0.007092,False
2011-01-27,3.5533,3.5533,0.000845,False
2011-01-28,3.5598,3.5598,0.0018290000000000001,False
2011-01-31,3.5936,3.5936,0.009495,False
2011-02-01,3.6056,3.6056,0.003339,False
2011-02-09,3.5795,3.5795,-0.007239,False
2011-02-10,3.6519,3.6519,0.020226,False
2011-02-11,3.6757,3.6757,0.006516999999999999,False
2011-02-14,3.7501,3.7501,0.020241,False
2011-02-15,3.7449,3.7449,-0.001387,False
2011-02-16,3.7498,3.7498,0.001308,False
2011-02-17,3.7258,3.7258,-0.0064,False
2011-02-18,3.7036,3.7036,-0.005958,False
2011-02-21,3.7727,3.7727,0.018657999999999998,False
2011-02-22,3.6742,3.6742,-0.026109,False
2011-02-23,3.6982,3.6982,0.006532,False
2011-02-24,3.6994,3.6994,0.00032399999999999996,False
2011-02-25,3.7129,3.7129,0.003649,False
2011-02-28,3.757,3.757,0.011878,False
2011-03-01,3.7777,3.7777,0.00551,False
2011-03-02,3.7818,3.7818,0.001085,False
2011-03-03,3.7762,3.7762,-0.0014810000000000001,False
2011-03-04,3.8172,3.8172,0.010857,False
2011-03-07,3.8299,3.8299,0.003327,False
2011-03-08,3.8331,3.8331,0.0008359999999999999,False
2011-03-09,3.8461,3.8461,0.003392,False
2011-03-10,3.8094,3.8094,-0.009542,False
2011-03-11,3.7784,3.7784,-0.008138,False
2011-03-14,3.8152,3.8152,0.00974,False
2011-03-15,3.7253,3.7253,-0.023563999999999998,False
2011-03-16,3.7529,3.7529,0.007409,False
2011-03-17,3.6981,3.6981,-0.014601999999999999,False
2011-03-18,3.6594,3.6594,-0.010465,False
2011-03-21,3.6564,3.6564,-0.00082,False
2011-03-22,3.6731,3.6731,0.004567,False
2011-03-23,3.7213,3.7213,0.013122,False
2011-03-24,3.7119,3.7119,-0.002526,False
2011-03-25,3.7658,3.7658,0.014521,False
2011-03-28,3.749,3.749,-0.004461,False
2011-03-29,3.7287,3.7287,-0.005415,False
2011-03-30,3.7264,3.7264,-0.0006169999999999999,False
2011-03-31,3.7035,3.7035,-0.006145,False
2011-04-01,3.7457,3.7457,0.011394999999999999,False
2011-04-06,3.7495,3.7495,0.0010140000000000001,False
2011-04-07,3.7506,3.7506,0.000293,False
2011-04-08,3.762,3.762,0.0030399999999999997,False
2011-04-11,3.7358,3.7358,-0.006964000000000001,False
2011-04-12,3.7488,3.7488,0.0034799999999999996,False
2011-04-13,3.7768,3.7768,0.007469,False
2011-04-14,3.7648,3.7648,-0.0031769999999999997,False
2011-04-15,3.7785,3.7785,0.003639,False
2011-04-18,3.7875,3.7875,0.002382,False
2011-04-19,3.7347,3.7347,-0.013940999999999999,False
2011-04-20,3.6639,3.6639,-0.018956999999999998,False
2011-04-21,3.6854,3.6854,0.005868,False
2011-04-22,3.6948,3.6948,0.002551,False
2011-04-25,3.6389,3.6389,-0.015128999999999998,False
2011-04-26,3.6276,3.6276,-0.003105,False
2011-04-27,3.6136,3.6136,-0.003859,False
2011-04-28,3.5414,3.5414,-0.01998,False
2011-04-29,3.5761,3.5761,0.009798,False
2011-05-03,3.5907,3.5907,0.004083,False
2011-05-04,3.5087,3.5087,-0.022837,False
2011-05-05,3.5265,3.5265,0.005072999999999999,False
2011-05-06,3.5574,3.5574,0.008761999999999999,False
2011-05-09,3.5557,3.5557,-0.000478,False
2011-05-10,3.5853,3.5853,0.008325,False
2011-05-11,3.5853,3.5853,0.0,False
2011-05-12,3.5701,3.5701,-0.00424,False
2011-05-13,3.5915,3.5915,0.005994,False
2011-05-16,3.5837,3.5837,-0.002172,False
2011-05-17,3.586,3.586,0.0006419999999999999,False
2011-05-18,3.6051,3.6051,0.005326,False
2011-05-19,3.5818,3.5818,-0.006463,False
2011-05-20,3.5654,3.5654,-0.004579,False
2011-05-23,3.4781,3.4781,-0.024485,False
2011-05-24,3.4771,3.4771,-0.000288,False
2011-05-25,3.4536,3.4536,-0.006758999999999999,False
2011-05-26,3.4336,3.4336,-0.005790999999999999,False
2011-05-27,3.4179,3.4179,-0.004572,False
2011-05-30,3.4058,3.4058,-0.0035399999999999997,False
2011-05-31,3.43,3.43,0.007106,False
2011-06-01,3.461,3.461,0.009038000000000001,False
2011-06-02,3.4232,3.4232,-0.010922000000000001,False
2011-06-03,3.4602,3.4602,0.010809,False
2011-06-07,3.4729,3.4729,0.00367,False
2011-06-08,3.4854,3.4854,0.0035989999999999998,False
2011-06-09,3.4294,3.4294,-0.016067,False
2011-06-10,3.4514,3.4514,0.006415,False
2011-06-13,3.4489,3.4489,-0.000724,False
2011-06-14,3.4912,3.4912,0.012265,False
2011-06-15,3.4732,3.4732,-0.005155999999999999,False
2011-06-16,3.4584,3.4584,-0.004261,False
2011-06-17,3.4391,3.4391,-0.005581,False
2011-06-20,3.3929,3.3929,-0.013434,False
2011-06-21,3.4151,3.4151,0.006543,False
2011-06-22,3.4213,3.4213,0.001815,False
2011-06-23,3.4608,3.4608,0.011545000000000001,False
2011-06-24,3.5307,3.5307,0.020198,False
2011-06-27,3.5367,3.5367,0.001699,False
2011-06-28,3.5459,3.5459,0.002601,False
2011-06-29,3.531,3.531,-0.004202,False
2011-06-30,3.5663,3.5663,0.009997,False
2011-07-01,3.6074,3.6074,0.011525,False
2011-07-04,3.6506,3.6506,0.011975,False
2011-07-05,3.655,3.655,0.001205,False
2011-07-06,3.6744,3.6744,0.005308,False
2011-07-07,3.7117,3.7117,0.010150999999999999,False
2011-07-08,3.7104,3.7104,-0.00035000000000000005,False
2011-07-11,3.7325,3.7325,0.005956,False
2011-07-12,3.7002,3.7002,-0.008654,False
2011-07-13,3.7418,3.7418,0.011243000000000001,False
2011-07-14,3.7375,3.7375,-0.001149,False
2011-07-15,3.7599,3.7599,0.005993000000000001,False
2011-07-18,3.7589,3.7589,-0.00026599999999999996,False
2011-07-19,3.7225,3.7225,-0.009684,False
2011-07-20,3.7436,3.7436,0.005667999999999999,False
2011-07-21,3.7362,3.7362,-0.001977,False
2011-07-22,3.7516,3.7516,0.004122,False
2011-07-25,3.6825,3.6825,-0.018419,False
2011-07-26,3.7168,3.7168,0.009314,False
2011-07-27,3.7399,3.7399,0.006215000000000001,False
2011-07-28,3.7422,3.7422,0.000615,False
2011-07-29,3.7207,3.7207,-0.005745,False
2011-08-01,3.7282,3.7282,0.002016,False
2011-08-02,3.6956,3.6956,-0.008744,False
2011-08-03,3.6884,3.6884,-0.001948,False
2011-08-04,3.7193,3.7193,0.008378,False
2011-08-05,3.6932,3.6932,-0.007017,False
2011-08-08,3.5773,3.5773,-0.031382,False
2011-08-09,3.5998,3.5998,0.0062900000000000005,False
2011-08-10,3.6375,3.6375,0.010473,False
2011-08-11,3.723,3.723,0.023504999999999998,False
2011-08-12,3.7421,3.7421,0.00513,False
2011-08-15,3.7547,3.7547,0.003367,False
2011-08-16,3.7383,3.7383,-0.004368,False
2011-08-17,3.7406,3.7406,0.000615,False
2011-08-18,3.6882,3.6882,-0.014008,False
2011-08-19,3.6653,3.6653,-0.006209,False
2011-08-22,3.6198,3.6198,-0.012414000000000001,False
2011-08-23,3.6605,3.6605,0.011244,False
2011-08-24,3.6646,3.6646,0.0011200000000000001,False
2011-08-25,3.7239,3.7239,0.016182000000000002,False
2011-08-26,3.7261,3.7261,0.0005909999999999999,False
2011-08-29,3.6792,3.6792,-0.012587,False
2011-08-30,3.6546,3.6546,-0.006686,False
2011-08-31,3.6498,3.6498,-0.001313,False
2011-09-01,3.6232,3.6232,-0.007288,False
2011-09-02,3.574,3.574,-0.013579,False
2011-09-05,3.5156,3.5156,-0.01634,False
2011-09-06,3.4765,3.4765,-0.011122,False
2011-09-07,3.5287,3.5287,0.015015,False
2011-09-08,3.5126,3.5126,-0.004563,False
2011-09-09,3.4959,3.4959,-0.0047539999999999995,False
2011-09-13,3.4673,3.4673,-0.008181,False
2011-09-14,3.4843,3.4843,0.004903,False
2011-09-15,3.4898,3.4898,0.001579,False
2011-09-16,3.4959,3.4959,0.0017480000000000002,False
2011-09-19,3.4539,3.4539,-0.012014,False
2011-09-20,3.4617,3.4617,0.002258,False
2011-09-21,3.5239,3.5239,0.017967999999999998,False
2011-09-22,3.4446,3.4446,-0.022503000000000002,False
2011-09-23,3.4186,3.4186,-0.007548,False
2011-09-26,3.3663,3.3663,-0.015299,False
2011-09-27,3.3826,3.3826,0.004842,False
2011-09-28,3.3509,3.3509,-0.009371,False
2011-09-29,3.3021,3.3021,-0.014563,False
2011-09-30,3.3062,3.3062,0.001242,False
2011-10-10,3.2856,3.2856,-0.0062309999999999996,False
2011-10-11,3.277,3.277,-0.002617,False
2011-10-12,3.3586,3.3586,0.024901,False
2011-10-13,3.3971,3.3971,0.011463000000000001,False
2011-10-14,3.3958,3.3958,-0.000383,False
2011-10-17,3.4044,3.4044,0.002533,False
2011-10-18,3.3181,3.3181,-0.02535,False
2011-10-19,3.3146,3.3146,-0.001055,False
2011-10-20,3.2494,3.2494,-0.019671,False
2011-10-21,3.2242,3.2242,-0.007755,False
2011-10-24,3.2665,3.2665,0.01312,False
2011-10-25,3.3247,3.3247,0.017817,False
2011-10-26,3.3499,3.3499,0.00758,False
2011-10-27,3.3588,3.3588,0.002657,False
2011-10-28,3.4159,3.4159,0.017,False
2011-10-31,3.4297,3.4297,0.00404,False
2011-11-01,3.4434,3.4434,0.003995,False
2011-11-02,3.4803,3.4803,0.010716000000000002,False
2011-11-03,3.4955,3.4955,0.004366999999999999,False
2011-11-04,3.4973,3.4973,0.0005149999999999999,False
2011-11-07,3.4765,3.4765,-0.005947,False
2011-11-08,3.4706,3.4706,-0.001697,False
2011-11-09,3.4946,3.4946,0.006915,False
2011-11-10,3.4757,3.4757,-0.005408,False
2011-11-11,3.4787,3.4787,0.000863,False
2011-11-14,3.5406,3.5406,0.017794,False
2011-11-15,3.5409,3.5409,8.5e-05,False
2011-11-16,3.4721,3.4721,-0.01943,False
2011-11-17,3.4691,3.4691,-0.0008640000000000001,False
2011-11-18,3.4075,3.4075,-0.017757000000000002,False
2011-11-21,3.4132,3.4132,0.001673,False
2011-11-22,3.4276,3.4276,0.004219,False
2011-11-23,3.4297,3.4297,0.000613,False
2011-11-24,3.4332,3.4332,0.0010199999999999999,False
2011-11-25,3.4214,3.4214,-0.003437,False
2011-11-28,3.4323,3.4323,0.003186,False
2011-11-29,3.4588,3.4588,0.007721,False
2011-11-30,3.3835,3.3835,-0.021771,False
2011-12-01,3.4387,3.4387,0.016314,False
2011-12-02,3.4116,3.4116,-0.007881,False
2011-12-05,3.3526,3.3526,-0.017294,False
2011-12-06,3.3403,3.3403,-0.003669,False
2011-12-07,3.355,3.355,0.0044009999999999995,False
2011-12-08,3.3535,3.3535,-0.00044699999999999997,False
2011-12-09,3.3361,3.3361,-0.005189,False
2011-12-12,3.3119,3.3119,-0.007254,False
2011-12-13,3.2525,3.2525,-0.017935,False
2011-12-14,3.2266,3.2266,-0.007963,False
2011-12-15,3.1859,3.1859,-0.012614,False
2011-12-16,3.2419,3.2419,0.017577,False
2011-12-19,3.2387,3.2387,-0.000987,False
2011-12-20,3.2395,3.2395,0.000247,False
2011-12-21,3.1863,3.1863,-0.016422000000000003,False
2011-12-22,3.1759,3.1759,-0.0032640000000000004,False
2011-12-23,3.1934,3.1934,0.00551,False
2011-12-26,3.1646,3.1646,-0.009019000000000001,False
2011-12-27,3.1192,3.1192,-0.014346000000000001,False
2011-12-28,3.1111,3.1111,-0.002597,False
2011-12-29,3.133,3.133,0.007039,False
2011-12-30,3.1803,3.1803,0.015097000000000001,False
2011-12-31,3.1801,3.1801,-6.3e-05,False
2012-01-04,3.1084,3.1084,-0.022546,False
2012-01-05,3.0716,3.0716,-0.011838999999999999,False
2012-01-06,3.0701,3.0701,-0.00048800000000000004,False
2012-01-09,3.1412,3.1412,0.023159,False
2012-01-10,3.2304,3.2304,0.028397000000000002,False
2012-01-11,3.219,3.219,-0.003529,False
2012-01-12,3.2114,3.2114,-0.0023610000000000003,False
2012-01-13,3.1503,3.1503,-0.019026,False
2012-01-16,3.0758,3.0758,-0.023649,False
2012-01-17,3.1743,3.1743,0.032024,False
2012-01-18,3.1115,3.1115,-0.019784,False
2012-01-19,3.1504,3.1504,0.012502,False
2012-01-20,3.2033,3.2033,0.016792,False
2012-01-30,3.1597,3.1597,-0.013611,False
2012-01-31,3.1617,3.1617,0.000633,False
2012-02-01,3.142,3.142,-0.0062309999999999996,False
2012-02-02,3.1886,3.1886,0.014831,False
2012-02-03,3.2221,3.2221,0.010506,False
2012-02-06,3.2296,3.2296,0.002328,False
2012-02-07,3.2021,3.2021,-0.008515,False
2012-02-08,3.2529,3.2529,0.015865,False
2012-02-09,3.26,3.26,0.002183,False
2012-02-10,3.2709,3.2709,0.0033439999999999998,False
2012-02-13,3.2749,3.2749,0.0012230000000000001,False
2012-02-14,3.2678,3.2678,-0.002168,False
2012-02-15,3.2906,3.2906,0.006977,False
2012-02-16,3.2744,3.2744,-0.004923,False
2012-02-17,3.2789,3.2789,0.001374,False
2012-02-20,3.2774,3.2774,-0.000457,False
2012-02-21,3.2959,3.2959,0.005645,False
2012-02-22,3.3382,3.3382,0.012834000000000002,False
2012-02-23,3.345,3.345,0.0020369999999999997,False
2012-02-24,3.3842,3.3842,0.011719,False
2012-02-27,3.3937,3.3937,0.002807,False
2012-02-28,3.3906,3.3906,-0.0009130000000000001,False
2012-02-29,3.3642,3.3642,-0.0077859999999999995,False
2012-03-01,3.3587,3.3587,-0.0016350000000000002,False
2012-03-02,3.398,3.398,0.011701,False
2012-03-05,3.3824,3.3824,-0.0045910000000000005,False
2012-03-06,3.3587,3.3587,-0.007007,False
2012-03-07,3.3441,3.3441,-0.004347,False
2012-03-08,3.3652,3.3652,0.00631,False
2012-03-09,3.406,3.406,0.012124,False
2012-03-12,3.3992,3.3992,-0.001996,False
2012-03-13,3.4316,3.4316,0.009532,False
2012-03-14,3.3649,3.3649,-0.019437,False
2012-03-15,3.3604,3.3604,-0.001337,False
2012-03-16,3.4083,3.4083,0.014254,False
2012-03-19,3.4037,3.4037,-0.00135,False
2012-03-20,3.3747,3.3747,-0.00852,False
2012-03-21,3.3652,3.3652,-0.002815,False
2012-03-22,3.3709,3.3709,0.001694,False
2012-03-23,3.345,3.345,-0.007683,False
2012-03-26,3.3393,3.3393,-0.001704,False
2012-03-27,3.3259,3.3259,-0.004013,False
2012-03-28,3.269,3.269,-0.017108,False
2012-03-29,3.2583,3.2583,-0.003273,False
2012-03-30,3.2656,3.2656,0.0022400000000000002,False
2012-03-31,3.2655,3.2655,-3.1e-05,False
2012-04-05,3.308,3.308,0.013015,False
2012-04-06,3.316,3.316,0.002418,False
2012-04-09,3.2989,3.2989,-0.005157,False
2012-04-10,3.3109,3.3109,0.003638,False
2012-04-11,3.3241,3.3241,0.003987,False
2012-04-12,3.3631,3.3631,0.011732,False
2012-04-13,3.3664,3.3664,0.000981,False
2012-04-16,3.3661,3.3661,-8.9e-05,False
2012-04-17,3.3342,3.3342,-0.009477,False
2012-04-18,3.371,3.371,0.011036999999999998,False
2012-04-19,3.3661,3.3661,-0.001454,False
2012-04-20,3.3822,3.3822,0.004783,False
2012-04-23,3.3555,3.3555,-0.007894,False
2012-04-24,3.3557,3.3557,6e-05,False
2012-04-25,3.3721,3.3721,0.004887,False
2012-04-26,3.3658,3.3658,-0.0018679999999999999,False
2012-04-27,3.3712,3.3712,0.001604,False
2012-05-02,3.4087,3.4087,0.011124,False
2012-05-03,3.4166,3.4166,0.002318,False
2012-05-04,3.4423,3.4423,0.007522,False
2012-05-07,3.4477,3.4477,0.001569,False
2012-05-08,3.4375,3.4375,-0.002958,False
2012-05-09,3.3965,3.3965,-0.011927,False
2012-05-10,3.393,3.393,-0.0010299999999999999,False
2012-05-11,3.3883,3.3883,-0.0013850000000000002,False
2012-05-14,3.3759,3.3759,-0.00366,False
2012-05-15,3.3786,3.3786,0.0008,False
2012-05-16,3.3456,3.3456,-0.009767,False
2012-05-17,3.3756,3.3756,0.008967000000000001,False
2012-05-18,3.3458,3.3458,-0.008828,False
2012-05-21,3.3526,3.3526,0.002032,False
2012-05-22,3.3974,3.3974,0.013363,False
2012-05-23,3.3836,3.3836,-0.004062,False
2012-05-24,3.3422,3.3422,-0.012235000000000001,False
2012-05-25,3.312,3.312,-0.009035999999999999,False
2012-05-28,3.338,3.338,0.007850000000000001,False
2012-05-29,3.3669,3.3669,0.008658,False
2012-05-30,3.3617,3.3617,-0.001544,False
2012-05-31,3.3624,3.3624,0.000208,False
2012-06-01,3.3722,3.3722,0.0029149999999999996,False
2012-06-04,3.3145,3.3145,-0.01711,False
2012-06-05,3.3154,3.3154,0.000272,False
2012-06-06,3.3067,3.3067,-0.002624,False
2012-06-07,3.2937,3.2937,-0.0039310000000000005,False
2012-06-08,3.2787,3.2787,-0.004554,False
2012-06-11,3.2978,3.2978,0.005825,False
2012-06-12,3.2962,3.2962,-0.000485,False
2012-06-13,3.3588,3.3588,0.018992,False
2012-06-14,3.3639,3.3639,0.0015179999999999998,False
2012-06-15,3.3692,3.3692,0.001576,False
2012-06-18,3.3879,3.3879,0.00555,False
2012-06-19,3.376,3.376,-0.003513,False
2012-06-20,3.3623,3.3623,-0.004058,False
2012-06-21,3.3336,3.3336,-0.008536,False
2012-06-25,3.2964,3.2964,-0.011158999999999999,False
2012-06-26,3.295,3.295,-0.00042500000000000003,False
2012-06-27,3.3007,3.3007,0.0017299999999999998,False
2012-06-28,3.2845,3.2845,-0.004908,False
2012-06-29,3.3124,3.3124,0.008494,False
2012-06-30,3.3123,3.3123,-3e-05,False
2012-07-02,3.3325,3.3325,0.006098,False
2012-07-03,3.3356,3.3356,0.0009299999999999999,False
2012-07-04,3.3275,3.3275,-0.002428,False
2012-07-05,3.3167,3.3167,-0.003246,False
2012-07-06,3.3682,3.3682,0.015527,False
2012-07-09,3.3359,3.3359,-0.00959,False
2012-07-10,3.3161,3.3161,-0.005935,False
2012-07-11,3.3382,3.3382,0.006664,False
2012-07-12,3.3524,3.3524,0.004254,False
2012-07-13,3.3563,3.3563,0.001163,False
2012-07-16,3.2988,3.2988,-0.017132,False
2012-07-17,3.2985,3.2985,-9.1e-05,False
2012-07-18,3.3014,3.3014,0.000879,False
2012-07-19,3.3206,3.3206,0.005816,False
2012-07-20,3.3061,3.3061,-0.004366999999999999,False
2012-07-23,3.2827,3.2827,-0.007078,False
2012-07-24,3.2925,3.2925,0.002985,False
2012-07-25,3.2729,3.2729,-0.005953000000000001,False
2012-07-26,3.2511,3.2511,-0.006661,False
2012-07-27,3.2365,3.2365,-0.004491,False
2012-07-30,3.2166,3.2166,-0.006149,False
2012-07-31,3.2088,3.2088,-0.002425,False
2012-08-01,3.2372,3.2372,0.008851,False
2012-08-02,3.2239,3.2239,-0.004108,False
2012-08-03,3.2429,3.2429,0.005893000000000001,False
2012-08-06,3.2746,3.2746,0.009775,False
2012-08-07,3.2714,3.2714,-0.000977,False
2012-08-08,3.2679,3.2679,-0.00107,False
2012-08-09,3.291,3.291,0.007069,False
2012-08-10,3.3032,3.3032,0.003707,False
2012-08-13,3.2547,3.2547,-0.014683,False
2012-08-14,3.2555,3.2555,0.000246,False
2012-08-15,3.236,3.236,-0.00599,False
2012-08-16,3.2169,3.2169,-0.005901999999999999,False
2012-08-17,3.2178,3.2178,0.00028000000000000003,False
2012-08-20,3.2115,3.2115,-0.001958,False
2012-08-21,3.2315,3.2315,0.006228,False
2012-08-22,3.2131,3.2131,-0.005694,False
2012-08-23,3.2175,3.2175,0.001369,False
2012-08-24,3.2029,3.2029,-0.0045379999999999995,False
2012-08-27,3.1577,3.1577,-0.014112,False
2012-08-28,3.1608,3.1608,0.000982,False
2012-08-29,3.1502,3.1502,-0.0033539999999999998,False
2012-08-30,3.1381,3.1381,-0.003841,False
2012-08-31,3.1365,3.1365,-0.0005099999999999999,False
2012-09-03,3.16,3.16,0.0074919999999999995,False
2012-09-04,3.141,3.141,-0.006012999999999999,False
2012-09-05,3.1397,3.1397,-0.000414,False
2012-09-06,3.1496,3.1496,0.0031530000000000004,False
2012-09-07,3.1936,3.1936,0.01397,False
2012-09-10,3.1965,3.1965,0.0009080000000000001,False
2012-09-11,3.1899,3.1899,-0.002065,False
2012-09-12,2.0825,3.1925,0.0008150000000000001,False
2012-09-13,2.0727,3.1827,-0.004706,False
2012-09-14,2.0763,3.1863,0.0017369999999999998,False
2012-09-17,2.0468,3.1568,-0.014208,False
2012-09-18,2.0362,3.1462,-0.0051790000000000004,False
2012-09-19,2.045,3.155,0.0043219999999999995,False
2012-09-20,2.0106,3.1206,-0.016822,False
2012-09-21,2.0078,3.1178,-0.0013930000000000001,False
2012-09-24,2.0182,3.1282,0.005180000000000001,False
2012-09-25,2.0166,3.1266,-0.000793,False
2012-09-26,1.9924,3.1024,-0.012,False
2012-09-27,2.0318,3.1418,0.019775,False
2012-09-28,2.0634,3.1734,0.015552999999999999,False
2012-09-30,2.0633,3.1733,-4.7999999999999994e-05,False
2012-10-08,2.0521,3.1621,-0.005428,False
2012-10-09,2.0886,3.1986,0.017787,False
2012-10-10,2.0929,3.2029,0.002059,False
2012-10-11,2.0745,3.1845,-0.008792,False
2012-10-12,2.0688,3.1788,-0.002748,False
2012-10-15,2.0694,3.1794,0.00029,False
2012-10-16,2.067,3.177,-0.00116,False
2012-10-17,2.0601,3.1701,-0.003338,False
2012-10-18,2.0847,3.1947,0.011941,False
2012-10-19,2.0804,3.1904,-0.002063,False
2012-10-22,2.0856,3.1956,0.0025,False
2012-10-23,2.0616,3.1716,-0.011507,False
2012-10-24,2.0554,3.1654,-0.003007,False
2012-10-25,2.039,3.149,-0.007979,False
2012-10-26,2.0093,3.1193,-0.014565999999999999,False
2012-10-29,1.9934,3.1034,-0.007913,False
2012-10-30,1.9947,3.1047,0.0006519999999999999,False
2012-10-31,2.0048,3.1148,0.005063,False
2012-11-01,2.0344,3.1444,0.014764999999999999,False
2012-11-02,2.0385,3.1485,0.0020150000000000003,False
2012-11-05,2.0348,3.1448,-0.001815,False
2012-11-06,2.0291,3.1391,-0.002801,False
2012-11-07,2.0273,3.1373,-0.000887,False
2012-11-08,1.9997,3.1097,-0.013614,False
2012-11-09,1.9956,3.1056,-0.0020499999999999997,False
2012-11-12,1.9945,3.1045,-0.0005510000000000001,False
2012-11-13,1.9679,3.0779,-0.013337000000000002,False
2012-11-14,1.9733,3.0833,0.002744,False
2012-11-15,1.9661,3.0761,-0.003649,False
2012-11-16,1.9565,3.0665,-0.004883,False
2012-11-19,1.9503,3.0603,-0.003169,False
2012-11-20,1.9461,3.0561,-0.002154,False
2012-11-21,1.9597,3.0697,0.006987999999999999,False
2012-11-22,1.9474,3.0574,-0.006276,False
2012-11-23,1.9578,3.0678,0.00534,False
2012-11-26,1.9433,3.0533,-0.007406,False
2012-11-27,1.919,3.029,-0.012504999999999999,False
2012-11-28,1.8982,3.0082,-0.010839000000000001,False
2012-11-29,1.8951,3.0051,-0.001633,False
2012-11-30,1.9182,3.0282,0.012189,False
2012-12-03,1.9036,3.0136,-0.007611,False
2012-12-04,1.9081,3.0181,0.0023639999999999998,False
2012-12-05,1.9528,3.0628,0.023426,False
2012-12-06,1.9463,3.0563,-0.003329,False
2012-12-07,1.9598,3.0698,0.006936,False
2012-12-10,1.9698,3.0798,0.005103,False
2012-12-11,1.9618,3.0718,-0.004061,False
2012-12-12,1.9611,3.0711,-0.000357,False
2012-12-13,1.9577,3.0677,-0.001734,False
2012-12-14,2.0251,3.1351,0.034428,False
2012-12-17,2.0055,3.1155,-0.009679,False
2012-12-18,1.9985,3.1085,-0.0034899999999999996,False
2012-12-19,2.0094,3.1194,0.005454,False
2012-12-20,2.0277,3.1377,0.009106999999999999,False
2012-12-21,2.0359,3.1459,0.004044,False
2012-12-24,2.0621,3.1721,0.012868999999999998,False
2012-12-25,2.1044,3.2144,0.020513,False
2012-12-26,2.1184,3.2284,0.006653,False
2012-12-27,2.108,3.218,-0.004909,False
2012-12-28,2.1303,3.2403,0.010579,False
2012-12-31,2.1673,3.2773,0.017367999999999998,False
2013-01-04,2.1447,3.2547,-0.010428,False
2013-01-07,2.1527,3.2627,0.00373,False
2013-01-08,2.1548,3.2648,0.0009760000000000001,False
2013-01-09,2.1694,3.2794,0.006776,False
2013-01-10,2.1755,3.2855,0.0028120000000000003,False
2013-01-11,2.1497,3.2597,-0.011859,False
2013-01-14,2.2282,3.3382,0.036517,False
2013-01-15,2.2502,3.3602,0.009873,False
2013-01-16,2.2379,3.3479,-0.0054659999999999995,False
2013-01-17,2.2196,3.3296,-0.008177,False
2013-01-18,2.2692,3.3792,0.022345999999999998,False
2013-01-21,2.2673,3.3773,-0.000837,False
2013-01-22,2.2519,3.3619,-0.006792,False
2013-01-23,2.2608,3.3708,0.003952,False
2013-01-24,2.2425,3.3525,-0.008094,False
2013-01-25,2.2456,3.3556,0.001382,False
2013-01-28,2.3037,3.4137,0.025873,False
2013-01-29,2.3189,3.4289,0.0065980000000000006,False
2013-01-30,2.3185,3.4285,-0.000172,False
2013-01-31,2.3037,3.4137,-0.006383,False
2013-02-01,2.3372,3.4472,0.014542,False
2013-02-04,2.3162,3.4262,-0.008985,False
2013-02-05,2.3351,3.4451,0.008159999999999999,False
2013-02-06,2.3449,3.4549,0.004197,False
2013-02-07,2.3493,3.4593,0.0018759999999999998,False
2013-02-08,2.3707,3.4807,0.009109,False
2013-02-18,2.355,3.465,-0.006623,False
2013-02-19,2.3124,3.4224,-0.018089,False
2013-02-20,2.3403,3.4503,0.012065,False
2013-02-21,2.2931,3.4031,-0.020168,False
2013-02-22,2.2798,3.3898,-0.0058,False
2013-02-25,2.2941,3.4041,0.006272,False
2013-02-26,2.2668,3.3768,-0.011899999999999999,False
2013-02-27,2.2773,3.3873,0.004632,False
2013-02-28,2.3324,3.4424,0.024195,False
2013-03-01,2.3465,3.4565,0.006045,False
2013-03-04,2.2687,3.3787,-0.033156,False
2013-03-05,2.3281,3.4381,0.026181999999999997,False
2013-03-06,2.3415,3.4515,0.005756,False
2013-03-07,2.3016,3.4116,-0.01704,False
2013-03-08,2.2895,3.3995,-0.0052569999999999995,False
2013-03-11,2.2889,3.3989,-0.000262,False
2013-03-12,2.2578,3.3678,-0.013587,False
2013-03-13,2.2379,3.3479,-0.008813999999999999,False
2013-03-14,2.2637,3.3737,0.011529000000000001,False
2013-03-15,2.277,3.387,0.005875,False
2013-03-18,2.2618,3.3718,-0.0066749999999999995,False
2013-03-19,2.268,3.378,0.002741,False
2013-03-20,2.3327,3.4427,0.028527,False
2013-03-21,2.3493,3.4593,0.007116,False
2013-03-22,2.3576,3.4676,0.003533,False
2013-03-25,2.3513,3.4613,-0.002672,False
2013-03-26,2.3455,3.4555,-0.002467,False
2013-03-27,2.3542,3.4642,0.003709,False
2013-03-28,2.3125,3.4225,-0.017713,False
2013-03-29,2.3086,3.4186,-0.001686,False
2013-04-01,2.3081,3.4181,-0.00021700000000000002,False
2013-04-02,2.2785,3.3885,-0.012824,False
2013-04-03,2.2622,3.3722,-0.007154000000000001,False
2013-04-08,2.278,3.388,0.006984000000000001,False
2013-04-09,2.2834,3.3934,0.002371,False
2013-04-10,2.262,3.372,-0.009372,False
2013-04-11,2.2583,3.3683,-0.0016359999999999999,False
2013-04-12,2.2609,3.3709,0.001151,False
2013-04-15,2.2525,3.3625,-0.003715,False
2013-04-16,2.2741,3.3841,0.009589,False
2013-04-17,2.3037,3.4137,0.013016000000000002,False
2013-04-18,2.3092,3.4192,0.002387,False
2013-04-19,2.3546,3.4646,0.01966,False
2013-04-22,2.3584,3.4684,0.001614,False
2013-04-23,2.3128,3.4228,-0.019335,False
2013-04-24,2.3548,3.4648,0.01816,False
2013-04-25,2.3289,3.4389,-0.010999000000000002,False
2013-04-26,2.3148,3.4248,-0.006054,False
2013-05-02,2.339,3.449,0.010454000000000001,False
2013-05-03,2.37,3.48,0.013253999999999998,False
2013-05-06,2.3955,3.5055,0.010759000000000001,False
2013-05-07,2.3931,3.5031,-0.001002,False
2013-05-08,2.4085,3.5185,0.006435,False
2013-05-09,2.4083,3.5183,-8.3e-05,False
2013-05-10,2.4101,3.5201,0.000747,False
2013-05-13,2.4014,3.5114,-0.00361,False
2013-05-14,2.3932,3.5032,-0.003415,False
2013-05-15,1.7111,3.5071,0.0016300000000000002,False
2013-05-16,1.7361,3.5321,0.014610000000000001,False
2013-05-17,1.7538,3.5498,0.010195000000000001,False
2013-05-20,1.7488,3.5448,-0.0028510000000000002,False
2013-05-21,1.7524,3.5484,0.002059,False
2013-05-22,1.7484,3.5444,-0.002283,False
2013-05-23,1.7322,3.5282,-0.009266,False
2013-05-24,1.7477,3.5437,0.008948000000000001,False
2013-05-27,1.7563,3.5523,0.004921,False
2013-05-28,1.7682,3.5642,0.006776,False
2013-05-29,1.7801,3.5761,0.006730000000000001,False
2013-05-30,1.7813,3.5773,0.000674,False
2013-05-31,1.7589,3.5549,-0.012575000000000001,False
2013-06-03,1.7457,3.5417,-0.0075049999999999995,False
2013-06-04,1.7191,3.5151,-0.015237,False
2013-06-05,1.72,3.516,0.000524,False
2013-06-06,1.7015,3.4975,-0.010755999999999998,False
2013-06-07,1.6823,3.4783,-0.011284,False
2013-06-13,1.6501,3.4461,-0.01914,False
2013-06-14,1.6781,3.4741,0.016969,False
2013-06-17,1.6847,3.4807,0.003933,False
2013-06-18,1.693,3.489,0.004927,False
2013-06-19,1.6843,3.4803,-0.005139,False
2013-06-20,1.6376,3.4336,-0.027726999999999998,False
2013-06-21,1.6451,3.4411,0.00458,False
2013-06-24,1.5659,3.3619,-0.048143000000000005,False
2013-06-25,1.5695,3.3655,0.002299,False
2013-06-26,1.6002,3.3962,0.01956,False
2013-06-27,1.5984,3.3944,-0.0011250000000000001,False
2013-06-28,1.6149,3.4109,0.010323,False
2013-06-30,1.6149,3.4109,0.0,False
2013-07-01,1.647,3.443,0.019877,False
2013-07-02,1.6726,3.4686,0.015543,False
2013-07-03,1.6799,3.4759,0.004364,False
2013-07-04,1.6809,3.4769,0.0005949999999999999,False
2013-07-05,1.6708,3.4668,-0.006009,False
2013-07-08,1.6487,3.4447,-0.013227,False
2013-07-09,1.6512,3.4472,0.0015160000000000002,False
2013-07-10,1.6815,3.4775,0.018349999999999998,False
2013-07-11,1.7258,3.5218,0.026345999999999998,False
2013-07-12,1.7179,3.5139,-0.004578,False
2013-07-15,1.7491,3.5451,0.018162,False
2013-07-16,1.7584,3.5544,0.005317,False
2013-07-17,1.733,3.529,-0.014445,False
2013-07-18,1.7211,3.5171,-0.006867,False
2013-07-19,1.6968,3.4928,-0.014119,False
2013-07-22,1.7116,3.5076,0.008722,False
2013-07-23,1.746,3.542,0.020097999999999998,False
2013-07-24,1.7472,3.5432,0.000687,False
2013-07-25,1.7314,3.5274,-0.009043,False
2013-07-26,1.7227,3.5187,-0.005024999999999999,False
2013-07-29,1.703,3.499,-0.011436,False
2013-07-30,1.6956,3.4916,-0.004345,False
2013-07-31,1.7026,3.4986,0.004128,False
2013-08-01,1.741,3.537,0.022553999999999998,False
2013-08-02,1.7438,3.5398,0.001608,False
2013-08-05,1.7669,3.5629,0.013247,False
2013-08-06,1.7792,3.5752,0.006961,False
2013-08-07,1.7689,3.5649,-0.005789,False
2013-08-08,1.769,3.565,5.7e-05,False
2013-08-09,1.7675,3.5635,-0.000848,False
2013-08-12,1.7822,3.5782,0.008317,False
2013-08-13,1.7823,3.5783,5.6e-05,False
2013-08-14,1.7786,3.5746,-0.002076,False
2013-08-15,1.7556,3.5516,-0.012931999999999999,False
2013-08-16,1.7313,3.5273,-0.013841000000000001,False
2013-08-19,1.7585,3.5545,0.015711,False
2013-08-20,1.7579,3.5539,-0.000341,False
2013-08-21,1.7519,3.5479,-0.003413,False
2013-08-22,1.7631,3.5591,0.006392999999999999,False
2013-08-23,1.7645,3.5605,0.000794,False
2013-08-26,1.7817,3.5777,0.009748,False
2013-08-27,1.7788,3.5748,-0.001628,False
2013-08-28,1.7543,3.5503,-0.013773,False
2013-08-29,1.7453,3.5413,-0.00513,False
2013-08-30,1.7227,3.5187,-0.012948999999999999,False
2013-09-02,1.7295,3.5255,0.003947,False
2013-09-03,1.7572,3.5532,0.016016,False
2013-09-04,1.7512,3.5472,-0.003415,False
2013-09-05,1.7579,3.5539,0.003826,False
2013-09-06,1.7659,3.5619,0.004551,False
2013-09-09,1.7815,3.5775,0.008834,False
2013-09-10,1.7804,3.5764,-0.0006169999999999999,False
2013-09-11,1.7843,3.5803,0.002191,False
2013-09-12,1.784,3.58,-0.000168,False
2013-09-13,1.7854,3.5814,0.000785,False
2013-09-16,1.7888,3.5848,0.001904,False
2013-09-17,1.7715,3.5675,-0.009670999999999999,False
2013-09-18,1.764,3.56,-0.004234,False
2013-09-23,1.7952,3.5912,0.017686999999999998,False
2013-09-24,1.7911,3.5871,-0.002284,False
2013-09-25,1.7774,3.5734,-0.007649,False
2013-09-26,1.7684,3.5644,-0.005064,False
2013-09-27,1.7685,3.5645,5.7e-05,False
2013-09-30,1.7811,3.5771,0.007125,False
2013-10-08,1.7929,3.5889,0.006625,False
2013-10-09,1.8012,3.5972,0.0046289999999999994,False
2013-10-10,1.7839,3.5799,-0.009605,False
2013-10-11,1.802,3.598,0.010145999999999999,False
2013-10-14,1.8118,3.6078,0.005437999999999999,False
2013-10-15,1.8141,3.6101,0.0012690000000000002,False
2013-10-16,1.7834,3.5794,-0.016923,False
2013-10-17,1.7754,3.5714,-0.004486,False
2013-10-18,1.7873,3.5833,0.006703,False
2013-10-21,1.8299,3.6259,0.023835000000000002,False
2013-10-22,1.8138,3.6098,-0.008798,False
2013-10-23,1.7926,3.5886,-0.011688,False
2013-10-24,1.7742,3.5702,-0.010264,False
2013-10-25,1.7517,3.5477,-0.012682,False
2013-10-28,1.7482,3.5442,-0.001998,False
2013-10-29,1.7327,3.5287,-0.008866,False
2013-10-30,1.7605,3.5565,0.016044,False
2013-10-31,1.74,3.536,-0.011644000000000002,False
2013-11-01,1.7417,3.5377,0.000977,False
2013-11-04,1.7362,3.5322,-0.003158,False
2013-11-05,1.7462,3.5422,0.0057599999999999995,False
2013-11-06,1.728,3.524,-0.010423,False
2013-11-07,1.7038,3.4998,-0.014005,False
2013-11-08,1.6909,3.4869,-0.007571,False
2013-11-11,1.7054,3.5014,0.008575000000000001,False
2013-11-12,1.7238,3.5198,0.010789,False
2013-11-13,1.6946,3.4906,-0.016939,False
2013-11-14,1.7131,3.5091,0.010917,False
2013-11-15,1.7367,3.5327,0.013776,False
2013-11-18,1.7751,3.5711,0.022111000000000002,False
2013-11-19,1.7694,3.5654,-0.003211,False
2013-11-20,1.7717,3.5677,0.0013,False
2013-11-21,1.7625,3.5585,-0.005193,False
2013-11-22,1.7613,3.5573,-0.000681,False
2013-11-25,1.7647,3.5607,0.00193,False
2013-11-26,1.7667,3.5627,0.001133,False
2013-11-27,1.7813,3.5773,0.008264,False
2013-11-28,1.7991,3.5951,0.009993,False
2013-11-29,1.8103,3.6063,0.0062250000000000005,False
2013-12-02,1.7641,3.5601,-0.025521,False
2013-12-03,1.7886,3.5846,0.013888000000000001,False
2013-12-04,1.7999,3.5959,0.006318000000000001,False
2013-12-05,1.7907,3.5867,-0.005111,False
2013-12-06,1.782,3.578,-0.004858,False
2013-12-09,1.796,3.592,0.007856,False
2013-12-10,1.7996,3.5956,0.002004,False
2013-12-11,1.7833,3.5793,-0.009058,False
2013-12-12,1.7977,3.5937,0.008075,False
2013-12-13,1.8022,3.5982,0.002503,False
2013-12-16,1.79,3.586,-0.006770000000000001,False
2013-12-17,1.7823,3.5783,-0.004302,False
2013-12-18,1.7789,3.5749,-0.001908,False
2013-12-19,1.7746,3.5706,-0.002417,False
2013-12-20,1.7576,3.5536,-0.00958,False
2013-12-23,1.7776,3.5736,0.011378999999999998,False
2013-12-24,1.7942,3.5902,0.009337999999999999,False
2013-12-25,1.811,3.607,0.009364,False
2013-12-26,1.7865,3.5825,-0.013528,False
2013-12-27,1.8092,3.6052,0.012706,False
2013-12-30,1.8159,3.6119,0.003703,False
2013-12-31,1.8283,3.6243,0.006828999999999999,False
2014-01-02,1.8441,3.6401,0.008642,False
2014-01-03,1.844,3.64,-5.4000000000000005e-05,False
2014-01-06,1.8174,3.6134,-0.014424999999999999,False
2014-01-07,1.8312,3.6272,0.007593,False
2014-01-08,1.8574,3.6534,0.014308000000000001,False
2014-01-09,1.8411,3.6371,-0.008776,False
2014-01-10,1.8195,3.6155,-0.011732,False
2014-01-13,1.822,3.618,0.001374,False
2014-01-14,1.8508,3.6468,0.015807,False
2014-01-15,1.8577,3.6537,0.0037280000000000004,False
2014-01-16,1.8511,3.6471,-0.003553,False
2014-01-17,1.8367,3.6327,-0.007779,False
2014-01-20,1.8244,3.6204,-0.006697,False
2014-01-21,1.8368,3.6328,0.006797,False
2014-01-22,1.8705,3.6665,0.018347,False
2014-01-23,1.8822,3.6782,0.006254999999999999,False
2014-01-24,1.9139,3.7099,0.016842,False
2014-01-27,1.9029,3.6989,-0.0057469999999999995,False
2014-01-28,1.91,3.706,0.003731,False
2014-01-29,1.9309,3.7269,0.010942,False
2014-01-30,1.9213,3.7173,-0.004972,False
2014-02-07,1.9651,3.7611,0.022797,False
2014-02-10,2.0061,3.8021,0.020863999999999997,False
2014-02-11,1.9977,3.7937,-0.004187,False
2014-02-12,2.0091,3.8051,0.005707,False
2014-02-13,1.9898,3.7858,-0.009606,False
2014-02-14,2.0098,3.8058,0.010051000000000001,False
2014-02-17,2.0366,3.8326,0.013335,False
2014-02-18,2.0271,3.8231,-0.004665,False
2014-02-19,2.0261,3.8221,-0.000493,False
2014-02-20,2.0107,3.8067,-0.007601,False
2014-02-21,2.0023,3.7983,-0.004178,False
2014-02-24,1.9954,3.7914,-0.0034460000000000003,False
2014-02-25,1.9367,3.7327,-0.029418000000000003,False
2014-02-26,1.9381,3.7341,0.000723,False
2014-02-27,1.8868,3.6828,-0.026469,False
2014-02-28,1.9171,3.7131,0.016059,False
2014-03-03,1.9457,3.7417,0.014918,False
2014-03-04,1.9311,3.7271,-0.007503999999999999,False
2014-03-05,1.9181,3.7141,-0.006732,False
2014-03-06,1.9212,3.7172,0.001616,False
2014-03-07,1.9207,3.7167,-0.00026,False
2014-03-10,1.8918,3.6878,-0.015047,False
2014-03-11,1.8915,3.6875,-0.00015900000000000002,False
2014-03-12,1.8886,3.6846,-0.0015329999999999999,False
2014-03-13,1.9193,3.7153,0.016255,False
2014-03-14,1.9152,3.7112,-0.0021360000000000003,False
2014-03-17,1.9517,3.7477,0.019058,False
2014-03-18,1.9505,3.7465,-0.000615,False
2014-03-19,1.936,3.732,-0.007434,False
2014-03-20,1.8996,3.6956,-0.018802,False
2014-03-21,1.9106,3.7066,0.005790999999999999,False
2014-03-24,1.8957,3.6917,-0.007799,False
2014-03-25,1.8927,3.6887,-0.001583,False
2014-03-26,1.8988,3.6948,0.0032229999999999997,False
2014-03-27,1.8605,3.6565,-0.020171,False
2014-03-28,1.8263,3.6223,-0.018382,False
2014-03-31,1.8246,3.6206,-0.000931,False
2014-04-01,1.8581,3.6541,0.01836,False
2014-04-02,1.8449,3.6409,-0.007104,False
2014-04-03,1.8473,3.6433,0.0013009999999999999,False
2014-04-04,1.8663,3.6623,0.010284999999999999,False
2014-04-08,1.882,3.678,0.008412,False
2014-04-09,1.8998,3.6958,0.009458,False
2014-04-10,1.9167,3.7127,0.008896,False
2014-04-11,1.9013,3.6973,-0.008035,False
2014-04-14,1.908,3.704,0.003524,False
2014-04-15,1.8917,3.6877,-0.008543,False
2014-04-16,1.8853,3.6813,-0.0033829999999999997,False
2014-04-17,1.8861,3.6821,0.000424,False
2014-04-18,1.8904,3.6864,0.00228,False
2014-04-21,1.8796,3.6756,-0.005713,False
2014-04-22,1.8543,3.6503,-0.013460000000000001,False
2014-04-23,1.8505,3.6465,-0.002049,False
2014-04-24,1.8419,3.6379,-0.004647,False
2014-04-25,1.8275,3.6235,-0.007818,False
2014-04-28,1.7958,3.5918,-0.017346,False
2014-04-29,1.821,3.617,0.014033,False
2014-04-30,1.8424,3.6384,0.011752,False
2014-05-05,1.8571,3.6531,0.007979,False
2014-05-06,1.8591,3.6551,0.001077,False
2014-05-07,1.8281,3.6241,-0.016675,False
2014-05-08,1.8181,3.6141,-0.00547,False
2014-05-09,1.798,3.594,-0.011054999999999999,False
2014-05-12,1.8182,3.6142,0.011235,False
2014-05-13,1.816,3.612,-0.00121,False
2014-05-14,1.8218,3.6178,0.0031940000000000002,False
2014-05-15,1.7994,3.5954,-0.012296,False
2014-05-16,1.7781,3.5741,-0.011837,False
2014-05-19,1.7789,3.5749,0.00045,False
2014-05-20,1.7787,3.5747,-0.000112,False
2014-05-21,1.7883,3.5843,0.005397,False
2014-05-22,1.799,3.595,0.0059830000000000005,False
2014-05-23,1.8139,3.6099,0.008282000000000001,False
2014-05-26,1.8409,3.6369,0.014884999999999999,False
2014-05-27,1.8298,3.6258,-0.00603,False
2014-05-28,1.8535,3.6495,0.012951999999999998,False
2014-05-29,1.8434,3.6394,-0.005449000000000001,False
2014-05-30,1.8448,3.6408,0.0007589999999999999,False
2014-06-03,1.838,3.634,-0.003686,False
2014-06-04,1.8277,3.6237,-0.0056040000000000005,False
2014-06-05,1.8399,3.6359,0.0066749999999999995,False
2014-06-06,1.8368,3.6328,-0.001685,False
2014-06-09,1.8208,3.6168,-0.008711,False
2014-06-10,1.8376,3.6336,0.009226999999999999,False
2014-06-11,1.8453,3.6413,0.00419,False
2014-06-12,1.8401,3.6361,-0.0028179999999999998,False
2014-06-13,1.8606,3.6566,0.011141000000000002,False
2014-06-16,1.8665,3.6625,0.0031709999999999998,False
2014-06-17,1.8517,3.6477,-0.007929,False
2014-06-18,1.8456,3.6416,-0.003294,False
2014-06-19,1.8131,3.6091,-0.017609,False
2014-06-20,1.8265,3.6225,0.007391,False
2014-06-23,1.8324,3.6284,0.0032300000000000002,False
2014-06-24,1.8479,3.6439,0.008459,False
2014-06-25,1.848,3.644,5.4000000000000005e-05,False
2014-06-26,1.8638,3.6598,0.00855,False
2014-06-27,1.8643,3.6603,0.000268,False
2014-06-30,1.8793,3.6753,0.008046,False
2014-07-01,1.8818,3.6778,0.00133,False
2014-07-02,1.8888,3.6848,0.0037199999999999998,False
2014-07-03,1.9035,3.6995,0.007783,False
2014-07-04,1.8913,3.6873,-0.006409000000000001,False
2014-07-07,1.8849,3.6809,-0.003384,False
2014-07-08,1.8909,3.6869,0.003183,False
2014-07-09,1.8738,3.6698,-0.009043,False
2014-07-10,1.8591,3.6551,-0.007845,False
2014-07-11,1.8634,3.6594,0.002313,False
2014-07-14,1.8709,3.6669,0.004025,False
2014-07-15,1.8618,3.6578,-0.004864,False
2014-07-16,1.3876,3.6536,-0.0022559999999999998,False
2014-07-17,1.3821,3.6481,-0.003964,False
2014-07-18,1.3855,3.6515,0.00246,False
2014-07-21,1.3852,3.6512,-0.00021700000000000002,False
2014-07-22,1.3971,3.6631,0.008591,False
2014-07-23,1.3825,3.6485,-0.01045,False
2014-07-24,1.382,3.648,-0.000362,False
2014-07-25,1.3947,3.6607,0.00919,False
2014-07-28,1.414,3.68,0.013838,False
2014-07-29,1.4253,3.6913,0.007992,False
2014-07-30,1.4265,3.6925,0.000842,False
2014-07-31,1.4267,3.6927,0.00014000000000000001,False
2014-08-01,1.4211,3.6871,-0.0039250000000000005,False
2014-08-04,1.4381,3.7041,0.011963,False
2014-08-05,1.4423,3.7083,0.0029210000000000004,False
2014-08-06,1.443,3.709,0.000485,False
2014-08-07,1.4326,3.6986,-0.007207,False
2014-08-08,1.4392,3.7052,0.004607,False
2014-08-11,1.4524,3.7184,0.009172,False
2014-08-12,1.4502,3.7162,-0.0015149999999999999,False
2014-08-13,1.4423,3.7083,-0.005448,False
2014-08-14,1.434,3.7,-0.005755,False
2014-08-15,1.4429,3.7089,0.006206000000000001,False
2014-08-18,1.4583,3.7243,0.010672999999999998,False
2014-08-19,1.4563,3.7223,-0.001371,False
2014-08-20,1.4483,3.7143,-0.0054930000000000005,False
2014-08-21,1.4531,3.7191,0.0033139999999999997,False
2014-08-22,1.4564,3.7224,0.002271,False
2014-08-25,1.4459,3.7119,-0.007209999999999999,False
2014-08-26,1.4356,3.7016,-0.007124,False
2014-08-27,1.4377,3.7037,0.001463,False
2014-08-28,1.4266,3.6926,-0.007721,False
2014-08-29,1.4402,3.7062,0.009533,False
2014-09-01,1.4514,3.7174,0.007776999999999999,False
2014-09-02,1.4607,3.7267,0.0064080000000000005,False
2014-09-03,1.4717,3.7377,0.0075309999999999995,False
2014-09-04,1.4829,3.7489,0.0076100000000000004,False
2014-09-05,1.4909,3.7569,0.005395,False
2014-09-09,1.4952,3.7612,0.002884,False
2014-09-10,1.5023,3.7683,0.004749,False
2014-09-11,1.4943,3.7603,-0.005325,False
2014-09-12,1.4993,3.7653,0.003346,False
2014-09-15,1.5036,3.7696,0.002868,False
2014-09-16,1.4719,3.7379,-0.021082999999999998,False
2014-09-17,1.4741,3.7401,0.001495,False
2014-09-18,1.4829,3.7489,0.00597,False
2014-09-19,1.4891,3.7551,0.004181000000000001,False
2014-09-22,1.468,3.734,-0.01417,False
2014-09-23,1.4811,3.7471,0.008924,False
2014-09-24,1.4925,3.7585,0.007697000000000001,False
2014-09-25,1.4839,3.7499,-0.005762000000000001,False
2014-09-26,1.483,3.749,-0.000607,False
2014-09-29,1.4887,3.7547,0.003844,False
2014-09-30,1.4968,3.7628,0.0054410000000000005,False
2014-10-08,1.5114,3.7774,0.009754,False
2014-10-09,1.5136,3.7796,0.001456,False
2014-10-10,1.5049,3.7709,-0.005748,False
2014-10-13,1.5084,3.7744,0.002326,False
2014-10-14,1.4946,3.7606,-0.009149000000000001,False
2014-10-15,1.5009,3.7669,0.004215,False
2014-10-16,1.4888,3.7548,-0.008062,False
2014-10-17,1.4824,3.7484,-0.004299,False
2014-10-20,1.4911,3.7571,0.005869,False
2014-10-21,1.4798,3.7458,-0.0075780000000000005,False
2014-10-22,1.4684,3.7344,-0.007704,False
2014-10-23,1.4603,3.7263,-0.005516,False
2014-10-24,1.4498,3.7158,-0.007189999999999999,False
2014-10-27,1.4506,3.7166,0.000552,False
2014-10-28,1.4746,3.7406,0.016545,False
2014-10-29,1.4885,3.7545,0.009426,False
2014-10-30,1.4889,3.7549,0.000269,False
2014-10-31,1.4843,3.7503,-0.00309,False
2014-11-03,1.4878,3.7538,0.0023580000000000003,False
2014-11-04,1.4792,3.7452,-0.0057799999999999995,False
2014-11-05,1.4707,3.7367,-0.005746,False
2014-11-06,1.4817,3.7477,0.007479,False
2014-11-07,1.4701,3.7361,-0.007829000000000001,False
2014-11-10,1.478,3.744,0.005374,False
2014-11-11,1.4447,3.7107,-0.02253,False
2014-11-12,1.4572,3.7232,0.008652,False
2014-11-13,1.4404,3.7064,-0.011529000000000001,False
2014-11-14,1.4449,3.7109,0.003124,False
2014-11-17,1.4572,3.7232,0.008513,False
2014-11-18,1.4518,3.7178,-0.0037059999999999997,False
2014-11-19,1.4602,3.7262,0.005786,False
2014-11-20,1.4566,3.7226,-0.002465,False
2014-11-21,1.4635,3.7295,0.004737,False
2014-11-24,1.4748,3.7408,0.007721,False
2014-11-25,1.4908,3.7568,0.010849,False
2014-11-26,1.5123,3.7783,0.014421999999999999,False
2014-11-27,1.5166,3.7826,0.002843,False
2014-11-28,1.5195,3.7855,0.001912,False
2014-12-01,1.5236,3.7896,0.002698,False
2014-12-02,1.5544,3.8204,0.020215,False
2014-12-03,1.556,3.822,0.001029,False
2014-12-04,1.5978,3.8638,0.026864,False
2014-12-05,1.5594,3.8254,-0.024033000000000002,False
2014-12-08,1.5741,3.8401,0.009427,False
2014-12-09,1.5065,3.7725,-0.042945000000000004,False
2014-12-10,1.5614,3.8274,0.036442,False
2014-12-11,1.554,3.82,-0.004739,False
2014-12-12,1.5656,3.8316,0.007465,False
2014-12-15,1.5763,3.8423,0.006834,False
2014-12-16,1.5952,3.8612,0.01199,False
2014-12-17,1.603,3.869,0.00489,False
2014-12-18,1.5957,3.8617,-0.004554,False
2014-12-19,1.5908,3.8568,-0.003071,False
2014-12-22,1.5726,3.8386,-0.011441,False
2014-12-23,1.5625,3.8285,-0.006422,False
2014-12-24,1.5517,3.8177,-0.006912000000000001,False
2014-12-25,1.5837,3.8497,0.020623,False
2014-12-26,1.6122,3.8782,0.017996,False
2014-12-29,1.6246,3.8906,0.007691,False
2014-12-30,1.6351,3.9011,0.006463,False
2014-12-31,1.6598,3.9258,0.015106,False
2015-01-05,1.7026,3.9686,0.025785999999999996,False
2015-01-06,1.7275,3.9935,0.014624999999999999,False
2015-01-07,1.7194,3.9854,-0.004689,False
2015-01-08,1.7225,3.9885,0.001803,False
2015-01-09,1.7263,3.9923,0.002206,False
2015-01-12,1.7417,4.0077,0.008921,False
2015-01-13,1.7543,4.0203,0.007234000000000001,False
2015-01-14,1.7412,4.0072,-0.0074670000000000005,False
2015-01-15,1.7652,4.0312,0.013784000000000001,False
2015-01-16,1.7934,4.0594,0.015976,False
2015-01-19,1.724,3.99,-0.038697,False
2015-01-20,1.7779,4.0439,0.031265,False
2015-01-21,1.8089,4.0749,0.017436,False
2015-01-22,1.8152,4.0812,0.003483,False
2015-01-23,1.7955,4.0615,-0.010853,False
2015-01-26,1.8186,4.0846,0.012865,False
2015-01-27,1.8301,4.0961,0.006324,False
2015-01-28,1.8065,4.0725,-0.012895,False
2015-01-29,1.7791,4.0451,-0.015167,False
2015-01-30,1.759,4.025,-0.011297999999999999,False
2015-02-02,1.7572,4.0232,-0.001023,False
2015-02-03,1.7979,4.0639,0.023162,False
2015-02-04,1.786,4.052,-0.006619000000000001,False
2015-02-05,1.7741,4.0401,-0.006663,False
2015-02-06,1.7505,4.0165,-0.013303,False
2015-02-09,1.7452,4.0112,-0.0030280000000000003,False
2015-02-10,1.7788,4.0448,0.019253,False
2015-02-11,1.8023,4.0683,0.013210999999999999,False
2015-02-12,1.8119,4.0779,0.005326999999999999,False
2015-02-13,1.845,4.111,0.018268,False
2015-02-16,1.8929,4.1589,0.025962,False
2015-02-17,1.9143,4.1803,0.011305,False
2015-02-25,1.884,4.15,-0.015828,False
2015-02-26,1.9051,4.1711,0.011200000000000002,False
2015-02-27,1.9442,4.2102,0.020524,False
2015-03-02,1.9731,4.2391,0.014865,False
2015-03-03,1.939,4.205,-0.017282,False
2015-03-04,1.9655,4.2315,0.013667,False
2015-03-05,1.9737,4.2397,0.004172,False
2015-03-06,1.9261,4.1921,-0.024117000000000003,False
2015-03-09,1.9515,4.2175,0.013186999999999999,False
2015-03-10,1.9805,4.2465,0.01486,False
2015-03-11,1.9736,4.2396,-0.0034839999999999997,False
2015-03-12,1.9632,4.2292,-0.00527,False
2015-03-13,1.9832,4.2492,0.010187,False
2015-03-16,2.0444,4.3104,0.030859,False
2015-03-17,2.0516,4.3176,0.003522,False
2015-03-18,2.0873,4.3533,0.017401,False
2015-03-19,2.0918,4.3578,0.002156,False
2015-03-20,2.1105,4.3765,0.00894,False
2015-03-23,2.1441,4.4101,0.01592,False
2015-03-24,2.151,4.417,0.003218,False
2015-03-25,2.1728,4.4388,0.010135,False
2015-03-26,2.1544,4.4204,-0.008468,False
2015-03-27,2.1611,4.4271,0.00311,False
2015-03-30,2.1698,4.4358,0.004026,False
2015-03-31,2.1848,4.4508,0.006913,False
2015-04-01,2.2426,4.5086,0.026456,False
2015-04-02,2.312,4.578,0.030945999999999998,False
2015-04-03,2.3591,4.6251,0.020371999999999998,False
2015-04-07,2.3784,4.6444,0.008181,False
2015-04-08,2.3399,4.6059,-0.016187,False
2015-04-09,2.3152,4.5812,-0.010556000000000001,False
2015-04-10,2.3789,4.6449,0.027513999999999997,False
2015-04-13,2.4065,4.6725,0.011602,False
2015-04-14,2.374,4.64,-0.013505,False
2015-04-15,2.3089,4.5749,-0.027422,False
2015-04-16,2.3481,4.6141,0.016978,False
2015-04-17,2.3369,4.6029,-0.00477,False
2015-04-20,2.2708,4.5368,-0.028285,False
2015-04-21,2.3536,4.6196,0.036463,False
2015-04-22,2.4012,4.6672,0.020224000000000002,False
2015-04-23,2.4494,4.7154,0.020072999999999997,False
2015-04-24,2.4481,4.7141,-0.000531,False
2015-04-27,2.4638,4.7298,0.006412999999999999,False
2015-04-28,2.3828,4.6488,-0.032875999999999996,False
2015-04-29,2.4482,4.7142,0.027447,False
2015-04-30,2.4617,4.7277,0.005514,False
2015-05-04,2.4697,4.7357,0.0032500000000000003,False
2015-05-05,2.3945,4.6605,-0.030449,False
2015-05-06,2.4218,4.6878,0.011401,False
2015-05-07,2.3999,4.6659,-0.009043,False
2015-05-08,2.4927,4.7587,0.038668,False
2015-05-11,2.5993,4.8653,0.042765000000000004,False
2015-05-12,2.6388,4.9048,0.015196000000000001,False
2015-05-13,2.6375,4.9035,-0.000493,False
2015-05-14,2.6396,4.9056,0.000796,False
2015-05-15,2.6417,4.9077,0.000796,False
2015-05-18,2.7038,4.9698,0.023508,False
2015-05-19,2.7259,4.9919,0.008174,False
2015-05-20,2.7737,5.0397,0.017535000000000002,False
2015-05-21,2.8601,5.1261,0.03115,False
2015-05-22,2.8571,5.1231,-0.001049,False
2015-05-25,2.8691,5.1351,0.0042,False
2015-05-26,2.9566,5.2226,0.030497,False
2015-05-27,2.9452,5.2112,-0.003856,False
2015-05-28,2.7997,5.0657,-0.049402,False
2015-05-29,2.8522,5.1182,0.018752,False
2015-06-01,2.9597,5.2257,0.03769,False
2015-06-02,3.0552,5.3212,0.032267000000000004,False
2015-06-03,3.1013,5.3673,0.015088999999999998,False
2015-06-04,3.0907,5.3567,-0.003418,False
2015-06-05,3.0974,5.3634,0.002168,False
2015-06-08,2.9838,5.2498,-0.036676,False
2015-06-09,2.9775,5.2435,-0.002111,False
2015-06-10,3.0651,5.3311,0.029421,False
2015-06-11,3.0953,5.3613,0.009852999999999999,False
2015-06-12,3.1356,5.4016,0.01302,False
2015-06-15,3.0443,5.3103,-0.029117,False
2015-06-16,2.935,5.201,-0.035903,False
2015-06-17,3.0087,5.2747,0.025110999999999998,False
2015-06-18,2.8856,5.1516,-0.040915,False
2015-06-19,2.7384,5.0044,-0.051012,False
2015-06-23,2.742,5.008,0.001315,False
2015-06-24,2.7508,5.0168,0.003209,False
2015-06-25,2.6367,4.9027,-0.041479,False
2015-06-26,2.4772,4.7432,-0.060492,False
2015-06-29,2.3756,4.6416,-0.041014,False
2015-06-30,2.4999,4.7659,0.052324,False
2015-07-01,2.4308,4.6968,-0.027641,False
2015-07-02,2.3286,4.5946,-0.042044,False
2015-07-03,2.2567,4.5227,-0.030876999999999998,False
2015-07-06,2.2322,4.4982,-0.010857,False
2015-07-07,2.1407,4.4067,-0.040991,False
2015-07-08,2.0573,4.3233,-0.038959,False
2015-07-09,2.1168,4.3828,0.028921000000000002,False
2015-07-10,2.1925,4.4585,0.035762,False
2015-07-13,2.319,4.585,0.057697000000000005,False
2015-07-14,2.3556,4.6216,0.015783000000000002,False
2015-07-15,2.2158,4.4818,-0.059348,False
2015-07-16,2.2379,4.5039,0.009974,False
2015-07-17,2.358,4.624,0.053666,False
2015-07-20,2.3942,4.6602,0.015352,False
2015-07-21,2.4029,4.6689,0.003634,False
2015-07-22,2.4185,4.6845,0.006492,False
2015-07-23,2.4664,4.7324,0.019806,False
2015-07-24,2.4275,4.6935,-0.015771999999999998,False
2015-07-27,2.2657,4.5317,-0.066653,False
2015-07-28,2.2129,4.4789,-0.023304000000000002,False
2015-07-29,2.3081,4.5741,0.043019999999999996,False
2015-07-30,2.2517,4.5177,-0.024436,False
2015-07-31,2.2618,4.5278,0.004485,False
2015-08-03,2.2119,4.4779,-0.022062,False
2015-08-04,2.3155,4.5815,0.046838,False
2015-08-05,2.2955,4.5615,-0.008637,False
2015-08-06,2.3001,4.5661,0.002004,False
2015-08-07,2.3574,4.6234,0.024912,False
2015-08-10,2.4575,4.7235,0.042462,False
2015-08-11,2.4566,4.7226,-0.000366,False
2015-08-12,2.4062,4.6722,-0.020516,False
2015-08-13,2.451,4.717,0.018619,False
2015-08-14,2.4667,4.7327,0.006405999999999999,False
2015-08-17,2.4641,4.7301,-0.001054,False
2015-08-18,2.3035,4.5695,-0.065176,False
2015-08-19,2.3549,4.6209,0.022313999999999997,False
2015-08-20,2.2928,4.5588,-0.026371000000000002,False
2015-08-21,2.1706,4.4366,-0.053297,False
2015-08-24,2.0053,4.2713,-0.076154,False
2015-08-25,1.8717,4.1377,-0.066623,False
2015-08-26,1.8328,4.0988,-0.020783,False
2015-08-27,1.9305,4.1965,0.05330599999999999,False
2015-08-28,2.0299,4.2959,0.051489,False
2015-08-31,1.9827,4.2487,-0.023252000000000002,False
2015-09-01,1.8934,4.1594,-0.04504,False
2015-09-02,1.8501,4.1161,-0.022869,False
2015-09-07,1.852,4.118,0.001027,False
2015-09-08,1.9297,4.1957,0.041955,False
2015-09-09,2.0013,4.2673,0.037104,False
2015-09-10,1.9675,4.2335,-0.016889,False
2015-09-11,1.9811,4.2471,0.006912000000000001,False
2015-09-14,1.8861,4.1521,-0.047953,False
2015-09-15,1.8141,4.0801,-0.038174,False
2015-09-16,1.9173,4.1833,0.056887999999999994,False
2015-09-17,1.9117,4.1777,-0.0029210000000000004,False
2015-09-18,1.944,4.21,0.016896,False
2015-09-21,2.0109,4.2769,0.034414,False
2015-09-22,2.0214,4.2874,0.005222,False
2015-09-23,2.0158,4.2818,-0.0027700000000000003,False
2015-09-24,2.0201,4.2861,0.002133,False
2015-09-25,1.9573,4.2233,-0.031088,False
2015-09-28,2.022,4.288,0.033056,False
2015-09-29,2.0029,4.2689,-0.009446,False
2015-09-30,1.9984,4.2644,-0.0022470000000000003,False
2015-10-08,2.068,4.334,0.034828,False
2015-10-09,2.1096,4.3756,0.020116000000000002,False
2015-10-12,2.1981,4.4641,0.041951,False
2015-10-13,2.2188,4.4848,0.009417,False
2015-10-14,2.1804,4.4464,-0.017307,False
2015-10-15,2.2583,4.5243,0.035727,False
2015-10-16,2.2956,4.5616,0.016517,False
2015-10-19,2.2982,4.5642,0.001133,False
2015-10-20,2.3587,4.6247,0.026324999999999998,False
2015-10-21,2.2149,4.4809,-0.06096599999999999,False
2015-10-22,2.2949,4.5609,0.036119,False
2015-10-23,2.3477,4.6137,0.023008,False
2015-10-26,2.3539,4.6199,0.002641,False
2015-10-27,2.3726,4.6386,0.007944,False
2015-10-28,2.3276,4.5936,-0.018967,False
2015-10-29,2.3433,4.6093,0.006745,False
2015-10-30,2.3462,4.6122,0.001238,False
2015-11-02,2.315,4.581,-0.013298,False
2015-11-03,2.3068,4.5728,-0.003542,False
2015-11-04,2.4067,4.6727,0.043307000000000005,False
2015-11-05,2.3908,4.6568,-0.006606999999999999,False
2015-11-06,2.4357,4.7017,0.018779999999999998,False
2015-11-09,2.4656,4.7316,0.012276,False
2015-11-10,2.4826,4.7486,0.006895,False
2015-11-11,2.5087,4.7747,0.010513,False
2015-11-12,2.5161,4.7821,0.00295,False
2015-11-13,2.4698,4.7358,-0.018401,False
2015-11-16,2.5236,4.7896,0.021783,False
2015-11-17,2.483,4.749,-0.016088,False
2015-11-18,2.429,4.695,-0.021748,False
2015-11-19,2.4891,4.7551,0.024743,False
2015-11-20,2.5502,4.8162,0.024547,False
2015-11-23,2.5159,4.7819,-0.01345,False
2015-11-24,2.5472,4.8132,0.012441,False
2015-11-25,2.6136,4.8796,0.026067999999999997,False
2015-11-26,2.5831,4.8491,-0.01167,False
2015-11-27,2.4686,4.7346,-0.044327,False
2015-11-30,2.4653,4.7313,-0.001337,False
2015-12-01,2.4618,4.7278,-0.0014199999999999998,False
2015-12-02,2.4166,4.6826,-0.018361000000000002,False
2015-12-03,2.4701,4.7361,0.022139000000000002,False
2015-12-04,2.461,4.727,-0.003684,False
2015-12-07,2.4844,4.7504,0.009507999999999999,False
2015-12-08,2.4553,4.7213,-0.011713,False
2015-12-09,2.4542,4.7202,-0.000448,False
2015-12-10,2.4483,4.7143,-0.002404,False
2015-12-11,2.4171,4.6831,-0.012744,False
2015-12-14,2.4442,4.7102,0.011212,False
2015-12-15,2.4817,4.7477,0.015342,False
2015-12-16,2.506,4.772,0.009792,False
2015-12-17,2.5772,4.8432,0.028412000000000003,False
2015-12-18,2.5786,4.8446,0.000543,False
2015-12-21,2.6026,4.8686,0.009307,False
2015-12-22,2.6029,4.8689,0.000115,False
2015-12-23,2.5473,4.8133,-0.021360999999999998,False
2015-12-24,2.553,4.819,0.002238,False
2015-12-25,2.5532,4.8192,7.8e-05,False
2015-12-28,2.4901,4.7561,-0.024714,False
2015-12-29,2.5026,4.7686,0.00502,False
2015-12-30,2.53,4.796,0.010949,False
2015-12-31,2.4921,4.7581,-0.01498,False
2016-01-04,2.3103,4.5763,-0.072951,False
2016-01-05,2.2674,4.5334,-0.018569,False
2016-01-06,2.314,4.58,0.020552,False
2016-01-07,2.1451,4.4111,-0.07299,False
2016-01-08,2.1443,4.4103,-0.000373,False
2016-01-11,2.0072,4.2732,-0.063937,False
2016-01-12,2.0337,4.2997,0.013202,False
2016-01-13,1.9603,4.2263,-0.036092,False
2016-01-14,2.0409,4.3069,0.041116,False
2016-01-15,1.9811,4.2471,-0.029301,False
2016-01-18,2.032,4.298,0.025693,False
2016-01-19,2.0967,4.3627,0.031841,False
2016-01-20,2.072,4.338,-0.011779999999999999,False
2016-01-21,2.0012,4.2672,-0.03417,False
2016-01-22,2.022,4.288,0.010394,False
2016-01-25,2.0372,4.3032,0.007517,False
2016-01-26,1.9101,4.1761,-0.06239,False
2016-01-27,1.884,4.15,-0.013664,False
2016-01-28,1.8127,4.0787,-0.037845,False
2016-01-29,1.8768,4.1428,0.035362,False
2016-02-01,1.884,4.15,0.003836,False
2016-02-02,1.9416,4.2076,0.030573000000000003,False
2016-02-03,1.9468,4.2128,0.002678,False
2016-02-04,1.9722,4.2382,0.013047,False
2016-02-05,1.9519,4.2179,-0.010293000000000002,False
2016-02-15,1.9499,4.2159,-0.0010249999999999999,False
2016-02-16,2.0401,4.3061,0.046258999999999995,False
2016-02-17,2.06,4.326,0.009754,False
2016-02-18,2.055,4.321,-0.002427,False
2016-02-19,2.0575,4.3235,0.001217,False
2016-02-22,2.0895,4.3555,0.015552999999999999,False
2016-02-23,2.054,4.32,-0.01699,False
2016-02-24,2.0418,4.3078,-0.00594,False
2016-02-25,1.8966,4.1626,-0.071114,False
2016-02-26,1.8972,4.1632,0.00031600000000000004,False
2016-02-29,1.8035,4.0695,-0.049389,False
2016-03-01,1.8383,4.1043,0.019296,False
2016-03-02,1.9213,4.1873,0.045149999999999996,False
2016-03-03,1.9196,4.1856,-0.0008849999999999999,False
2016-03-04,1.8641,4.1301,-0.028912,False
2016-03-07,1.8969,4.1629,0.017596,False
2016-03-08,1.9146,4.1806,0.009331,False
2016-03-09,1.8864,4.1524,-0.014729,False
2016-03-10,1.8628,4.1288,-0.012511000000000001,False
2016-03-11,1.8603,4.1263,-0.001342,False
2016-03-14,1.9225,4.1885,0.033435,False
2016-03-15,1.9222,4.1882,-0.000156,False
2016-03-16,1.9062,4.1722,-0.008324,False
2016-03-17,1.962,4.228,0.029272999999999997,False
2016-03-18,2.009,4.275,0.023955,False
2016-03-21,2.0239,4.2899,0.007417,False
2016-03-22,2.0248,4.2908,0.000445,False
2016-03-23,2.0291,4.2951,0.002124,False
2016-03-24,1.5448,4.2908,-0.0021190000000000002,False
2016-03-25,1.5556,4.3016,0.006991000000000001,False
2016-03-28,1.5421,4.2881,-0.008678,False
2016-03-29,1.5252,4.2712,-0.010959000000000002,False
2016-03-30,1.5842,4.3302,0.038683,False
2016-03-31,1.5848,4.3308,0.00037900000000000005,False
2016-04-01,1.5766,4.3226,-0.005174,False
2016-04-05,1.6125,4.3585,0.022771,False
2016-04-06,1.6241,4.3701,0.007194000000000001,False
2016-04-07,1.5974,4.3434,-0.01644,False
2016-04-08,1.5795,4.3255,-0.011206,False
2016-04-11,1.6266,4.3726,0.029820000000000003,False
2016-04-12,1.6115,4.3575,-0.009283,False
2016-04-13,1.6258,4.3718,0.008874,False
2016-04-14,1.6352,4.3812,0.005782000000000001,False
2016-04-15,1.6344,4.3804,-0.000489,False
2016-04-18,1.6123,4.3583,-0.013522000000000001,False
2016-04-19,1.611,4.357,-0.0008060000000000001,False
2016-04-20,1.556,4.302,-0.034140000000000004,False
2016-04-21,1.5478,4.2938,-0.00527,False
2016-04-22,1.5674,4.3134,0.012663,False
2016-04-25,1.5651,4.3111,-0.001467,False
2016-04-26,1.578,4.324,0.008242000000000001,False
2016-04-27,1.5772,4.3232,-0.0005070000000000001,False
2016-04-28,1.5806,4.3266,0.002156,False
2016-04-29,1.5863,4.3323,0.003606,False
2016-05-03,1.626,4.372,0.025027,False
2016-05-04,1.6244,4.3704,-0.000984,False
2016-05-05,1.6271,4.3731,0.0016619999999999998,False
2016-05-06,1.5779,4.3239,-0.030238,False
2016-05-09,1.5355,4.2815,-0.026871,False
2016-05-10,1.5425,4.2885,0.0045590000000000006,False
2016-05-11,1.5362,4.2822,-0.004084,False
2016-05-12,1.5373,4.2833,0.000716,False
2016-05-13,1.5354,4.2814,-0.0012360000000000001,False
2016-05-16,1.5526,4.2986,0.011202,False
2016-05-17,1.5555,4.3015,0.0018679999999999999,False
2016-05-18,1.5091,4.2551,-0.029830000000000002,False
2016-05-19,1.5151,4.2611,0.003976,False
2016-05-20,1.531,4.277,0.010494000000000002,False
2016-05-23,1.56,4.306,0.018942,False
2016-05-24,1.5477,4.2937,-0.007885,False
2016-05-25,1.5401,4.2861,-0.004911,False
2016-05-26,1.5461,4.2921,0.003896,False
2016-05-27,1.5444,4.2904,-0.0011,False
2016-05-30,1.5465,4.2925,0.00136,False
2016-05-31,1.6018,4.3478,0.035758,False
2016-06-01,1.6191,4.3651,0.0108,False
2016-06-02,1.6243,4.3703,0.003212,False
2016-06-03,1.6361,4.3821,0.007265000000000001,False
2016-06-06,1.6472,4.3932,0.006784,False
2016-06-07,1.6489,4.3949,0.001032,False
2016-06-08,1.6381,4.3841,-0.00655,False
2016-06-13,1.5739,4.3199,-0.039192,False
2016-06-14,1.5778,4.3238,0.0024779999999999997,False
2016-06-15,1.6291,4.3751,0.032514,False
2016-06-16,1.626,4.372,-0.001903,False
2016-06-17,1.6419,4.3879,0.009779,False
2016-06-20,1.6575,4.4035,0.009500999999999999,False
2016-06-21,1.6415,4.3875,-0.009653,False
2016-06-22,1.6556,4.4016,0.00859,False
2016-06-23,1.6399,4.3859,-0.009483,False
2016-06-24,1.6276,4.3736,-0.0075,False
2016-06-27,1.662,4.408,0.021135,False
2016-06-28,1.6679,4.4139,0.0035499999999999998,False
2016-06-29,1.6689,4.4149,0.0006,False
2016-06-30,1.6663,4.4123,-0.001558,False
2016-07-01,1.6651,4.4111,-0.0007199999999999999,False
2016-07-04,1.6892,4.4352,0.014474,False
2016-07-05,1.6891,4.4351,-5.9e-05,False
2016-07-06,1.6896,4.4356,0.00029600000000000004,False
2016-07-07,1.7057,4.4517,0.009529,False
2016-07-08,1.6986,4.4446,-0.004163,False
2016-07-11,1.6907,4.4367,-0.004651,False
2016-07-12,1.7021,4.4481,0.006743,False
2016-07-13,1.7181,4.4641,0.009399999999999999,False
2016-07-14,1.7175,4.4635,-0.000349,False
2016-07-15,1.7141,4.4601,-0.00198,False
2016-07-18,1.7002,4.4462,-0.008109,False
2016-07-19,1.7061,4.4521,0.0034699999999999996,False
2016-07-20,1.704,4.45,-0.001231,False
2016-07-21,1.7057,4.4517,0.000998,False
2016-07-22,1.6907,4.4367,-0.008794,False
2016-07-25,1.6954,4.4414,0.0027800000000000004,False
2016-07-26,1.7181,4.4641,0.013389,False
2016-07-27,1.6802,4.4262,-0.022059000000000002,False
2016-07-28,1.6781,4.4241,-0.00125,False
2016-07-29,1.6713,4.4173,-0.004052,False
2016-08-01,1.6517,4.3977,-0.011727000000000001,False
2016-08-02,1.6683,4.4143,0.010049999999999998,False
2016-08-03,1.6741,4.4201,0.003477,False
2016-08-04,1.6828,4.4288,0.005197,False
2016-08-05,1.6777,4.4237,-0.003031,False
2016-08-08,1.6924,4.4384,0.008761999999999999,False
2016-08-09,1.709,4.455,0.009809,False
2016-08-10,1.7016,4.4476,-0.00433,False
2016-08-11,1.6865,4.4325,-0.008874,False
2016-08-12,1.7028,4.4488,0.009665,False
2016-08-15,1.7337,4.4797,0.018147,False
2016-08-16,1.7313,4.4773,-0.001384,False
2016-08-17,1.7384,4.4844,0.0041010000000000005,False
2016-08-18,1.7326,4.4786,-0.003336,False
2016-08-19,1.737,4.483,0.00254,False
2016-08-22,1.7323,4.4783,-0.002706,False
2016-08-23,1.7328,4.4788,0.000289,False
2016-08-24,1.7346,4.4806,0.001039,False
2016-08-25,1.7302,4.4762,-0.0025369999999999998,False
2016-08-26,1.7421,4.4881,0.0068779999999999996,False
2016-08-29,1.7422,4.4882,5.7e-05,False
2016-08-30,1.7458,4.4918,0.002066,False
2016-08-31,1.738,4.484,-0.004468,False
2016-09-01,1.7289,4.4749,-0.005235999999999999,False
2016-09-02,1.7234,4.4694,-0.003181,False
2016-09-05,1.7258,4.4718,0.0013930000000000001,False
2016-09-06,1.7487,4.4947,0.013269,False
2016-09-07,1.7577,4.5037,0.0051470000000000005,False
2016-09-08,1.7539,4.4999,-0.002162,False
2016-09-09,1.7526,4.4986,-0.000741,False
2016-09-12,1.7193,4.4653,-0.019,False
2016-09-13,1.7259,4.4719,0.0038390000000000004,False
2016-09-14,1.7176,4.4636,-0.004809,False
2016-09-19,1.7412,4.4872,0.01374,False
2016-09-20,1.7425,4.4885,0.000747,False
2016-09-21,1.7497,4.4957,0.004132,False
2016-09-22,1.7549,4.5009,0.0029720000000000002,False
2016-09-23,1.7546,4.5006,-0.000171,False
2016-09-26,1.7271,4.4731,-0.015673,False
2016-09-27,1.7414,4.4874,0.00828,False
2016-09-28,1.7452,4.4912,0.002182,False
2016-09-29,1.752,4.498,0.003896,False
2016-09-30,1.7626,4.5086,0.00605,False
2016-10-10,1.7966,4.5426,0.01929,False
2016-10-11,1.8023,4.5483,0.0031730000000000005,False
2016-10-12,1.8007,4.5467,-0.000888,False
2016-10-13,1.7997,4.5457,-0.000555,False
2016-10-14,1.7929,4.5389,-0.003778,False
2016-10-17,1.7853,4.5313,-0.004239,False
2016-10-18,1.8075,4.5535,0.012435,False
2016-10-19,1.799,4.545,-0.004703,False
2016-10-20,1.8009,4.5469,0.001056,False
2016-10-21,1.7936,4.5396,-0.0040539999999999994,False
2016-10-24,1.808,4.554,0.008029,False
2016-10-25,1.8087,4.5547,0.000387,False
2016-10-26,1.801,4.547,-0.004257,False
2016-10-27,1.7965,4.5425,-0.002499,False
2016-10-28,1.7896,4.5356,-0.003841,False
2016-10-31,1.7847,4.5307,-0.002738,False
2016-11-01,1.7937,4.5397,0.005043,False
2016-11-02,1.7849,4.5309,-0.004906,False
2016-11-03,1.7886,4.5346,0.002073,False
2016-11-04,1.7773,4.5233,-0.006318000000000001,False
2016-11-07,1.7632,4.5092,-0.007933,False
2016-11-08,1.78,4.526,0.009528,False
2016-11-09,1.7713,4.5173,-0.004888,False
2016-11-10,1.7843,4.5303,0.007339,False
2016-11-11,1.7795,4.5255,-0.00269,False
2016-11-14,1.785,4.531,0.003091,False
2016-11-15,1.7872,4.5332,0.001232,False
2016-11-16,1.7942,4.5402,0.003917,False
2016-11-17,1.7822,4.5282,-0.0066879999999999995,False
2016-11-18,1.7742,4.5202,-0.004489,False
2016-11-21,1.7752,4.5212,0.0005639999999999999,False
2016-11-22,1.7867,4.5327,0.006478,False
2016-11-23,1.7844,4.5304,-0.0012870000000000002,False
2016-11-24,1.7793,4.5253,-0.002858,False
2016-11-25,1.7945,4.5405,0.008543,False
2016-11-28,1.7933,4.5393,-0.000669,False
2016-11-29,1.7842,4.5302,-0.0050739999999999995,False
2016-11-30,1.7707,4.5167,-0.007566000000000001,False
2016-12-01,1.7775,4.5235,0.00384,False
2016-12-02,1.7623,4.5083,-0.008551,False
2016-12-05,1.7578,4.5038,-0.002553,False
2016-12-06,1.7551,4.5011,-0.0015359999999999998,False
2016-12-07,1.7641,4.5101,0.005128000000000001,False
2016-12-08,1.752,4.498,-0.006859,False
2016-12-09,1.7389,4.4849,-0.007477,False
2016-12-12,1.6777,4.4237,-0.035195,False
2016-12-13,1.6819,4.4279,0.002503,False
2016-12-14,1.6601,4.4061,-0.012962,False
2016-12-15,1.6591,4.4051,-0.000602,False
2016-12-16,1.683,4.429,0.014405,False
2016-12-19,1.6766,4.4226,-0.0038030000000000004,False
2016-12-20,1.6737,4.4197,-0.0017299999999999998,False
2016-12-21,1.6824,4.4284,0.005198,False
2016-12-22,1.6811,4.4271,-0.0007729999999999999,False
2016-12-23,1.672,4.418,-0.005413,False
2016-12-26,1.6727,4.4187,0.000419,False
2016-12-27,1.6709,4.4169,-0.001076,False
2016-12-28,1.6665,4.4125,-0.002633,False
2016-12-29,1.6677,4.4137,0.0007199999999999999,False
2016-12-30,1.6762,4.4222,0.005097000000000001,False
2016-12-31,1.6762,4.4222,0.0,False
2017-01-03,1.6818,4.4278,0.0033410000000000002,False
2017-01-04,1.6922,4.4382,0.006183999999999999,False
2017-01-05,1.6933,4.4393,0.00065,False
2017-01-06,1.6845,4.4305,-0.005197,False
2017-01-09,1.6845,4.4305,0.0,False
2017-01-10,1.6799,4.4259,-0.002731,False
2017-01-11,1.6623,4.4083,-0.010477,False
2017-01-12,1.6524,4.3984,-0.005956,False
2017-01-13,1.6257,4.3717,-0.016158,False
2017-01-16,1.5892,4.3352,-0.022452,False
2017-01-17,1.5998,4.3458,0.006670000000000001,False
2017-01-18,1.6003,4.3463,0.000313,False
2017-01-19,1.5925,4.3385,-0.004874,False
2017-01-20,1.6126,4.3586,0.012622,False
2017-01-23,1.6175,4.3635,0.003039,False
2017-01-24,1.6099,4.3559,-0.004699,False
2017-01-25,1.6184,4.3644,0.00528,False
2017-01-26,1.6293,4.3753,0.006735,False
2017-02-03,1.6226,4.3686,-0.004112,False
2017-02-06,1.636,4.382,0.008258,False
2017-02-07,1.6303,4.3763,-0.0034839999999999997,False
2017-02-08,1.6349,4.3809,0.002822,False
2017-02-09,1.6415,4.3875,0.004037,False
2017-02-10,1.6357,4.3817,-0.003533,False
2017-02-13,1.6479,4.3939,0.007459,False
2017-02-14,1.6516,4.3976,0.002245,False
2017-02-15,1.6386,4.3846,-0.007871,False
2017-02-16,1.6406,4.3866,0.001221,False
2017-02-17,1.6317,4.3777,-0.005425,False
2017-02-20,1.6445,4.3905,0.007845,False
2017-02-21,1.6542,4.4002,0.005898,False
2017-02-22,1.6545,4.4005,0.000181,False
2017-02-23,1.6686,4.4146,0.008522,False
2017-02-24,1.6787,4.4247,0.006052999999999999,False
2017-02-27,1.6734,4.4194,-0.0031569999999999997,False
2017-02-28,1.67,4.416,-0.002032,False
2017-03-01,1.6712,4.4172,0.000719,False
2017-03-02,1.6636,4.4096,-0.004548,False
2017-03-03,1.6705,4.4165,0.004148,False
2017-03-06,1.6805,4.4265,0.005986,False
2017-03-07,1.6921,4.4381,0.006903,False
2017-03-08,1.6907,4.4367,-0.0008269999999999999,False
2017-03-09,1.6806,4.4266,-0.005974,False
2017-03-10,1.6801,4.4261,-0.000298,False
2017-03-13,1.69,4.436,0.005893000000000001,False
2017-03-14,1.681,4.427,-0.005325,False
2017-03-15,1.6757,4.4217,-0.0031530000000000004,False
2017-03-16,1.6842,4.4302,0.005072999999999999,False
2017-03-17,1.6684,4.4144,-0.009381,False
2017-03-20,1.6744,4.4204,0.003596,False
2017-03-21,1.6769,4.4229,0.001493,False
2017-03-22,1.6785,4.4245,0.000954,False
2017-03-23,1.6785,4.4245,0.0,False
2017-03-24,1.6898,4.4358,0.006732,False
2017-03-27,1.6775,4.4235,-0.007279,False
2017-03-28,1.6733,4.4193,-0.002504,False
2017-03-29,1.6583,4.4043,-0.008964,False
2017-03-30,1.6299,4.3759,-0.017126,False
2017-03-31,1.6245,4.3705,-0.003313,False
2017-04-05,1.6447,4.3907,0.012435,False
2017-04-06,1.6487,4.3947,0.002432,False
2017-04-07,1.651,4.397,0.0013950000000000002,False
2017-04-10,1.6411,4.3871,-0.0059960000000000005,False
2017-04-11,1.6516,4.3976,0.006398,False
2017-04-12,1.6487,4.3947,-0.001756,False
2017-04-13,1.6558,4.4018,0.004306,False
2017-04-14,1.6374,4.3834,-0.011112,False
2017-04-17,1.6258,4.3718,-0.007084,False
2017-04-18,1.6121,4.3581,-0.008427,False
2017-04-19,1.6054,4.3514,-0.004156,False
2017-04-20,1.6077,4.3537,0.001433,False
2017-04-21,1.6108,4.3568,0.001928,False
2017-04-24,1.5979,4.3439,-0.008008,False
2017-04-25,1.5978,4.3438,-6.3e-05,False
2017-04-26,1.5889,4.3349,-0.00557,False
2017-04-27,1.5866,4.3326,-0.001448,False
2017-04-28,1.594,4.34,0.004664,False
2017-05-02,1.5874,4.3334,-0.004141000000000001,False
2017-05-03,1.5809,4.3269,-0.004095,False
2017-05-04,1.5767,4.3227,-0.002657,False
2017-05-05,1.5676,4.3136,-0.005772,False
2017-05-08,1.5572,4.3032,-0.006634,False
2017-05-09,1.5561,4.3021,-0.0007059999999999999,False
2017-05-10,1.5355,4.2815,-0.013238000000000002,False
2017-05-11,1.531,4.277,-0.0029310000000000004,False
2017-05-12,1.5312,4.2772,0.000131,False
2017-05-15,1.5409,4.2869,0.0063349999999999995,False
2017-05-16,1.5699,4.3159,0.01882,False
2017-05-17,1.565,4.311,-0.003121,False
2017-05-18,1.5633,4.3093,-0.001086,False
2017-05-19,1.5531,4.2991,-0.0065249999999999996,False
2017-05-22,1.5382,4.2842,-0.009594,False
2017-05-23,1.5169,4.2629,-0.013847,False
2017-05-24,1.5214,4.2674,0.002967,False
2017-05-25,1.5507,4.2967,0.019259,False
2017-05-26,1.5567,4.3027,0.003869,False
2017-05-31,1.533,4.279,-0.015224999999999999,False
2017-06-01,1.4849,4.2309,-0.031376,False
2017-06-02,1.4854,4.2314,0.000337,False
2017-06-05,1.5027,4.2487,0.011647000000000001,False
2017-06-06,1.5038,4.2498,0.000732,False
2017-06-07,1.5453,4.2913,0.027597,False
2017-06-08,1.5479,4.2939,0.001683,False
2017-06-09,1.5543,4.3003,0.004135,False
2017-06-12,1.5397,4.2857,-0.009393,False
2017-06-13,1.5598,4.3058,0.013054,False
2017-06-14,1.5519,4.2979,-0.005064999999999999,False
2017-06-15,1.5715,4.3175,0.012629999999999999,False
2017-06-16,1.5687,4.3147,-0.001782,False
2017-06-19,1.5692,4.3152,0.000319,False
2017-06-20,1.5669,4.3129,-0.001466,False
2017-06-21,1.5693,4.3153,0.001532,False
2017-06-22,1.5543,4.3003,-0.009558,False
2017-06-23,1.5595,4.3055,0.003346,False
2017-06-26,1.5861,4.3321,0.017057,False
2017-06-27,1.5813,4.3273,-0.0030259999999999996,False
2017-06-28,1.5768,4.3228,-0.002846,False
2017-06-29,1.5812,4.3272,0.0027900000000000004,False
2017-06-30,1.5776,4.3236,-0.002277,False
2017-07-03,1.5867,4.3327,0.005768,False
2017-07-04,1.5859,4.3319,-0.000504,False
2017-07-05,1.5763,4.3223,-0.006052999999999999,False
2017-07-06,1.563,4.309,-0.008437,False
2017-07-07,1.5554,4.3014,-0.004862,False
2017-07-10,1.5382,4.2842,-0.011057999999999998,False
2017-07-11,1.5239,4.2699,-0.009297,False
2017-07-12,1.52,4.266,-0.002559,False
2017-07-13,1.5178,4.2638,-0.001447,False
2017-07-14,1.5226,4.2686,0.003162,False
2017-07-17,1.4611,4.2071,-0.040391,False
2017-07-18,1.4623,4.2083,0.0008210000000000001,False
2017-07-19,1.4761,4.2221,0.009437,False
2017-07-20,1.4855,4.2315,0.006368,False
2017-07-21,1.4801,4.2261,-0.0036349999999999998,False
2017-07-24,1.4743,4.2203,-0.003919000000000001,False
2017-07-25,1.4773,4.2233,0.002035,False
2017-07-26,1.4755,4.2215,-0.0012180000000000001,False
2017-07-27,1.5127,4.2587,0.025212,False
2017-07-28,1.5231,4.2691,0.006875,False
2017-07-31,1.5316,4.2776,0.005581,False
2017-08-01,1.5331,4.2791,0.000979,False
2017-08-02,1.516,4.262,-0.011153999999999999,False
2017-08-03,1.5183,4.2643,0.0015170000000000001,False
2017-08-04,1.5087,4.2547,-0.006323,False
2017-08-07,1.5234,4.2694,0.009743,False
2017-08-08,1.5275,4.2735,0.0026910000000000002,False
2017-08-09,1.5358,4.2818,0.005434,False
2017-08-10,1.527,4.273,-0.00573,False
2017-08-11,1.5139,4.2599,-0.008579,False
2017-08-14,1.5472,4.2932,0.021996,False
2017-08-15,1.5499,4.2959,0.0017449999999999998,False
2017-08-16,1.5645,4.3105,0.00942,False
2017-08-17,1.5791,4.3251,0.009332,False
2017-08-18,1.5703,4.3163,-0.005573,False
2017-08-21,1.5676,4.3136,-0.001719,False
2017-08-22,1.5551,4.3011,-0.007974,False
2017-08-23,1.545,4.291,-0.006495,False
2017-08-24,1.5367,4.2827,-0.005372,False
2017-08-25,1.5465,4.2925,0.006377000000000001,False
2017-08-28,1.5547,4.3007,0.005302,False
2017-08-29,1.5438,4.2898,-0.007011,False
2017-08-30,1.548,4.294,0.002721,False
2017-08-31,1.5462,4.2922,-0.001163,False
2017-09-01,1.5521,4.2981,0.003816,False
2017-09-04,1.5686,4.3146,0.010631,False
2017-09-05,1.5656,4.3116,-0.001913,False
2017-09-06,1.5704,4.3164,0.0030659999999999997,False
2017-09-07,1.5699,4.3159,-0.00031800000000000003,False
2017-09-08,1.565,4.311,-0.003121,False
2017-09-11,1.5719,4.3179,0.004409,False
2017-09-12,1.578,4.324,0.003881,False
2017-09-13,1.5856,4.3316,0.004816,False
2017-09-14,1.5784,4.3244,-0.004541,False
2017-09-15,1.5654,4.3114,-0.008236,False
2017-09-18,1.5775,4.3235,0.00773,False
2017-09-19,1.5666,4.3126,-0.0069099999999999995,False
2017-09-20,1.5757,4.3217,0.005809,False
2017-09-21,1.5674,4.3134,-0.005268,False
2017-09-22,1.5627,4.3087,-0.002999,False
2017-09-25,1.5437,4.2897,-0.012158,False
2017-09-26,1.5425,4.2885,-0.000777,False
2017-09-27,1.5479,4.2939,0.003501,False
2017-09-28,1.5478,4.2938,-6.5e-05,False
2017-09-29,1.5523,4.2983,0.0029070000000000003,False
2017-10-09,1.5688,4.3148,0.010629,False
2017-10-10,1.5827,4.3287,0.00886,False
2017-10-11,1.5856,4.3316,0.001832,False
2017-10-12,1.5919,4.3379,0.003973,False
2017-10-13,1.593,4.339,0.000691,False
2017-10-16,1.5716,4.3176,-0.013434,False
2017-10-17,1.5676,4.3136,-0.002545,False
2017-10-18,1.5818,4.3278,0.009058,False
2017-10-19,1.5793,4.3253,-0.00158,False
2017-10-20,1.5765,4.3225,-0.001773,False
2017-10-23,1.5837,4.3297,0.004567,False
2017-10-24,1.5919,4.3379,0.005178,False
2017-10-25,1.6131,4.3591,0.013317,False
2017-10-26,1.6057,4.3517,-0.004587,False
2017-10-27,1.6114,4.3574,0.0035499999999999998,False
2017-10-30,1.6021,4.3481,-0.005770999999999999,False
2017-10-31,1.5985,4.3445,-0.0022470000000000003,False
2017-11-01,1.5862,4.3322,-0.007695,False
2017-11-02,1.5922,4.3382,0.0037830000000000003,False
2017-11-03,1.6021,4.3481,0.0062180000000000004,False
2017-11-06,1.6423,4.3883,0.025092,False
2017-11-07,1.6498,4.3958,0.004567,False
2017-11-08,1.6471,4.3931,-0.0016370000000000002,False
2017-11-09,1.6681,4.4141,0.01275,False
2017-11-10,1.7067,4.4527,0.02314,False
2017-11-13,1.7052,4.4512,-0.000879,False
2017-11-14,1.6808,4.4268,-0.014309,False
2017-11-15,1.6731,4.4191,-0.004581,False
2017-11-16,1.7063,4.4523,0.019843,False
2017-11-17,1.6913,4.4373,-0.008791,False
2017-11-20,1.7139,4.4599,0.013363,False
2017-11-21,1.7369,4.4829,0.013420000000000001,False
2017-11-22,1.7226,4.4686,-0.008233,False
2017-11-23,1.6543,4.4003,-0.039649000000000004,False
2017-11-24,1.6464,4.3924,-0.004775,False
2017-11-27,1.62,4.366,-0.016035,False
2017-11-28,1.6423,4.3883,0.013765000000000001,False
2017-11-29,1.6413,4.3873,-0.0006090000000000001,False
2017-11-30,1.6143,4.3603,-0.01645,False
2017-12-01,1.6361,4.3821,0.013504,False
2017-12-04,1.6489,4.3949,0.007823,False
2017-12-05,1.6397,4.3857,-0.005579,False
2017-12-06,1.6392,4.3852,-0.000305,False
2017-12-07,1.6205,4.3665,-0.011408,False
2017-12-08,1.6435,4.3895,0.014193,False
2017-12-11,1.6665,4.4125,0.013995,False
2017-12-12,1.659,4.405,-0.0045000000000000005,False
2017-12-13,1.675,4.421,0.009644,False
2017-12-14,1.6659,4.4119,-0.005433,False
2017-12-15,1.6516,4.3976,-0.008584000000000001,False
2017-12-18,1.6424,4.3884,-0.00557,False
2017-12-19,1.666,4.412,0.014369,False
2017-12-20,1.6631,4.4091,-0.0017410000000000001,False
2017-12-21,1.688,4.434,0.014972000000000001,False
2017-12-22,1.6769,4.4229,-0.006575999999999999,False
2017-12-25,1.6597,4.4057,-0.010257,False
2017-12-26,1.6599,4.4059,0.000121,False
2017-12-27,1.6391,4.3851,-0.012531,False
2017-12-28,1.6514,4.3974,0.007503999999999999,False
2017-12-29,1.664,4.41,0.0076300000000000005,False
2017-12-31,1.6638,4.4098,0.0,False
2018-01-02,1.6787,4.4247,0.008834,False
2018-01-03,1.6914,4.4374,0.007565,False
2018-01-04,1.7015,4.4475,0.005971,False
2018-01-05,1.7029,4.4489,0.000823,False
2018-01-08,1.7114,4.4574,0.004991,False
2018-01-09,1.7366,4.4826,0.014724999999999999,False
2018-01-10,1.7473,4.4933,0.006161,False
2018-01-11,1.7516,4.4976,0.002461,False
2018-01-12,1.7586,4.5046,0.003996,False
2018-01-15,1.7566,4.5026,-0.001137,False
2018-01-16,1.7749,4.5209,0.010418,False
2018-01-17,1.7524,4.4984,-0.012677,False
2018-01-18,1.7447,4.4907,-0.004394,False
2018-01-19,1.7271,4.4731,-0.010088,False
2018-01-22,1.7731,4.5191,0.026634,False
2018-01-23,1.7768,4.5228,0.002087,False
2018-01-24,1.782,4.528,0.0029270000000000003,False
2018-01-25,1.7523,4.4983,-0.016667,False
2018-01-26,1.7531,4.4991,0.000457,False
2018-01-29,1.7206,4.4666,-0.018539,False
2018-01-30,1.7109,4.4569,-0.005638,False
2018-01-31,1.7184,4.4644,0.004384,False
2018-02-01,1.6954,4.4414,-0.013385000000000001,False
2018-02-02,1.708,4.454,0.007431999999999999,False
2018-02-05,1.7008,4.4468,-0.004215,False
2018-02-06,1.6371,4.3831,-0.037453,False
2018-02-07,1.5848,4.3308,-0.031947,False
2018-02-08,1.5841,4.3301,-0.000442,False
2018-02-09,1.5148,4.2608,-0.043747,False
2018-02-12,1.5605,4.3065,0.030169,False
2018-02-13,1.5824,4.3284,0.014034,False
2018-02-14,1.5895,4.3355,0.004487,False
2018-02-22,1.6354,4.3814,0.028877,False
2018-02-23,1.6456,4.3916,0.006237,False
2018-02-26,1.6577,4.4037,0.007352999999999999,False
2018-02-27,1.6445,4.3905,-0.007963,False
2018-02-28,1.635,4.381,-0.005777,False
2018-03-01,1.6461,4.3921,0.006789,False
2018-03-02,1.6399,4.3859,-0.003766,False
2018-03-05,1.6485,4.3945,0.0052439999999999995,False
2018-03-06,1.6723,4.4183,0.014437,False
2018-03-07,1.6636,4.4096,-0.005202,False
2018-03-08,1.6866,4.4326,0.013825,False
2018-03-09,1.7057,4.4517,0.011325,False
2018-03-12,1.7096,4.4556,0.002286,False
2018-03-13,1.6922,4.4382,-0.010178,False
2018-03-14,1.674,4.42,-0.010754999999999999,False
2018-03-15,1.6856,4.4316,0.0069299999999999995,False
2018-03-16,1.6706,4.4166,-0.008899,False
2018-03-19,1.6852,4.4312,0.008739,False
2018-03-20,1.6886,4.4346,0.0020180000000000003,False
2018-03-21,1.6777,4.4237,-0.006455,False
2018-03-22,1.6514,4.3974,-0.015676000000000002,False
2018-03-23,1.6018,4.3478,-0.030035,False
2018-03-26,1.6113,4.3573,0.005931,False
2018-03-27,1.6255,4.3715,0.008813,False
2018-03-28,1.5904,4.3364,-0.021593,False
2018-03-29,1.6129,4.3589,0.014147,False
2018-03-30,1.6291,4.3751,0.010043999999999999,False
2018-04-02,1.6323,4.3783,0.001964,False
2018-04-03,1.6162,4.3622,-0.009863,False
2018-04-04,1.6037,4.3497,-0.0077339999999999996,False
2018-04-09,1.601,4.347,-0.001684,False
2018-04-10,1.6276,4.3736,0.016615,False
2018-04-11,1.649,4.395,0.013148,False
2018-04-12,1.6479,4.3939,-0.000667,False
2018-04-13,1.632,4.378,-0.009649,False
2018-04-16,1.6223,4.3683,-0.0059440000000000005,False
2018-04-17,1.587,4.333,-0.021759,False
2018-04-18,1.6023,4.3483,0.009641,False
2018-04-19,1.612,4.358,0.006054,False
2018-04-20,1.5952,4.3412,-0.010422,False
2018-04-23,1.5678,4.3138,-0.017177,False
2018-04-24,1.6204,4.3664,0.033549999999999996,False
2018-04-25,1.6378,4.3838,0.010738000000000001,False
2018-04-26,1.6032,4.3492,-0.021126,False
2018-04-27,1.6118,4.3578,0.005364,False
2018-05-02,1.6263,4.3723,0.008995999999999999,False
2018-05-03,1.6337,4.3797,0.00455,False
2018-05-04,1.6399,4.3859,0.003795,False
2018-05-07,1.6828,4.4288,0.026160000000000003,False
2018-05-08,1.6882,4.4342,0.003209,False
2018-05-09,1.6886,4.4346,0.000237,False
2018-05-10,1.7015,4.4475,0.007639,False
2018-05-11,1.6799,4.4259,-0.012695000000000001,False
2018-05-14,1.688,4.434,0.004822,False
2018-05-15,1.7136,4.4596,0.015165999999999999,False
2018-05-16,1.7107,4.4567,-0.001692,False
2018-05-17,1.6829,4.4289,-0.016251,False
2018-05-18,1.6941,4.4401,0.0066549999999999995,False
2018-05-21,1.7079,4.4539,0.008146,False
2018-05-22,1.7151,4.4611,0.004216,False
2018-05-23,1.6898,4.4358,-0.014751,False
2018-05-24,1.6829,4.4289,-0.004083,False
2018-05-25,1.6735,4.4195,-0.005586,False
2018-05-28,1.6914,4.4374,0.010696,False
2018-05-29,1.6624,4.4084,-0.017145999999999998,False
2018-05-30,1.632,4.378,-0.018287,False
2018-05-31,1.6611,4.4071,0.017831,False
2018-06-01,1.6328,4.3788,-0.017037,False
2018-06-04,1.6482,4.3942,0.009432000000000001,False
2018-06-05,1.6865,4.4325,0.023237,False
2018-06-06,1.6899,4.4359,0.002016,False
2018-06-07,1.6819,4.4279,-0.0047339999999999995,False
2018-06-08,1.6821,4.4281,0.000119,False
2018-06-11,1.6653,4.4113,-0.009988,False
2018-06-12,1.6922,4.4382,0.016153,False
2018-06-13,1.6727,4.4187,-0.011523,False
2018-06-14,1.6607,4.4067,-0.007174000000000001,False
2018-06-15,1.6489,4.3949,-0.007105,False
2018-06-19,1.5753,4.3213,-0.044635999999999995,False
2018-06-20,1.5945,4.3405,0.012188000000000001,False
2018-06-21,1.5826,4.3286,-0.007463,False
2018-06-22,1.5959,4.3419,0.008404,False
2018-06-25,1.5714,4.3174,-0.015352,False
2018-06-26,1.5691,4.3151,-0.001464,False
2018-06-27,1.5334,4.2794,-0.022751999999999998,False
2018-06-28,1.519,4.265,-0.009391,False
2018-06-29,1.5913,4.3373,0.047596999999999993,False
2018-06-30,1.5912,4.3372,0.0,False
2018-07-02,1.5508,4.2968,-0.025451,False
2018-07-03,1.55,4.296,-0.000516,False
2018-07-04,1.5201,4.2661,-0.01929,False
2018-07-05,1.4883,4.2343,-0.02092,False
2018-07-06,1.4901,4.2361,0.001209,False
2018-07-09,1.5546,4.3006,0.043286,False
2018-07-10,1.5615,4.3075,0.004438,False
2018-07-11,1.5461,4.2921,-0.009862,False
2018-07-12,1.586,4.332,0.025807000000000004,False
2018-07-13,1.6015,4.3475,0.009772999999999999,False
2018-07-16,1.5985,4.3445,-0.0018729999999999999,False
2018-07-17,1.5937,4.3397,-0.003003,False
2018-07-18,1.57,4.316,-0.014871,False
2018-07-19,1.5521,4.2981,-0.011401,False
2018-07-20,1.5732,4.3192,0.013594,False
2018-07-23,1.5662,4.3122,-0.00445,False
2018-07-24,1.5759,4.3219,0.006193,False
2018-07-25,1.5903,4.3363,0.009138,False
2018-07-26,1.5571,4.3031,-0.020877,False
2018-07-27,1.5431,4.2891,-0.008991,False
2018-07-30,1.5135,4.2595,-0.019181999999999998,False
2018-07-31,1.5179,4.2639,0.0029070000000000003,False
2018-08-01,1.485,4.231,-0.021675,False
2018-08-02,1.4717,4.2177,-0.008955999999999999,False
2018-08-03,1.4329,4.1789,-0.026364000000000002,False
2018-08-06,1.3992,4.1452,-0.023519,False
2018-08-07,1.4513,4.1973,0.037236,False
2018-08-08,1.4167,4.1627,-0.023841,False
2018-08-09,1.4744,4.2204,0.040728,False
2018-08-10,1.4875,4.2335,0.008884999999999999,False
2018-08-13,1.4984,4.2444,0.007328,False
2018-08-14,1.4808,4.2268,-0.011746000000000001,False
2018-08-15,1.4435,4.1895,-0.025189,False
2018-08-16,1.4351,4.1811,-0.0058189999999999995,False
2018-08-17,1.41,4.156,-0.017490000000000002,False
2018-08-20,1.419,4.165,0.006383,False
2018-08-21,1.4497,4.1957,0.021635,False
2018-08-22,1.4342,4.1802,-0.010692,False
2018-08-23,1.4488,4.1948,0.01018,False
2018-08-24,1.4529,4.1989,0.0028299999999999996,False
2018-08-27,1.4975,4.2435,0.030697000000000002,False
2018-08-28,1.4939,4.2399,-0.002404,False
2018-08-29,1.4773,4.2233,-0.011112,False
2018-08-30,1.4559,4.2019,-0.014486,False
2018-08-31,1.4435,4.1895,-0.008517,False
2018-09-03,1.4334,4.1794,-0.006997,False
2018-09-04,1.4573,4.2033,0.016674,False
2018-09-05,1.4295,4.1755,-0.019076,False
2018-09-06,1.4125,4.1585,-0.011892,False
2018-09-07,1.4194,4.1654,0.004885,False
2018-09-10,1.3907,4.1367,-0.02022,False
2018-09-11,1.3893,4.1353,-0.001007,False
2018-09-12,1.3685,4.1145,-0.014972000000000001,False
2018-09-13,1.37,4.116,0.001096,False
2018-09-14,1.365,4.111,-0.00365,False
2018-09-17,1.3343,4.0803,-0.022490999999999997,False
2018-09-18,1.3575,4.1035,0.017387,False
2018-09-19,1.3878,4.1338,0.022320000000000003,False
2018-09-20,1.3867,4.1327,-0.000793,False
2018-09-21,1.4214,4.1674,0.025023,False
2018-09-25,1.4046,4.1506,-0.011819,False
2018-09-26,1.4188,4.1648,0.01011,False
2018-09-27,1.41,4.156,-0.006202,False
2018-09-28,1.4228,4.1688,0.009078000000000001,False
2018-10-08,1.3581,4.1041,-0.045473999999999994,False
2018-10-09,1.3505,4.0965,-0.005596,False
2018-10-10,1.3455,4.0915,-0.0037019999999999996,False
2018-10-11,1.2805,4.0265,-0.048309,False
2018-10-12,1.2914,4.0374,0.008511999999999999,False
2018-10-15,1.2773,4.0233,-0.010918,False
2018-10-16,1.2521,3.9981,-0.019729,False
2018-10-17,1.2592,4.0052,0.00567,False
2018-10-18,1.233,3.979,-0.020807000000000003,False
2018-10-19,1.2846,4.0306,0.041849,False
2018-10-22,1.3432,4.0892,0.045617,False
2018-10-23,1.3132,4.0592,-0.022334999999999997,False
2018-10-24,1.301,4.047,-0.00929,False
2018-10-25,1.3009,4.0469,-7.7e-05,False
2018-10-26,1.2767,4.0227,-0.018603,False
2018-10-29,1.2651,4.0111,-0.009086,False
2018-10-30,1.282,4.028,0.013359000000000001,False
2018-10-31,1.3072,4.0532,0.019657,False
2018-11-01,1.3185,4.0645,0.008643999999999999,False
2018-11-02,1.3651,4.1111,0.035343,False
2018-11-05,1.3565,4.1025,-0.0063,False
2018-11-06,1.3525,4.0985,-0.002949,False
2018-11-07,1.3443,4.0903,-0.006063,False
2018-11-08,1.3348,4.0808,-0.007067,False
2018-11-09,1.3226,4.0686,-0.00914,False
2018-11-12,1.3551,4.1011,0.024573,False
2018-11-13,1.3653,4.1113,0.007527000000000001,False
2018-11-14,1.3547,4.1007,-0.007764,False
2018-11-15,1.3593,4.1053,0.003396,False
2018-11-16,1.3632,4.1092,0.002869,False
2018-11-19,1.369,4.115,0.004255,False
2018-11-20,1.3391,4.0851,-0.021841,False
2018-11-21,1.3483,4.0943,0.00687,False
2018-11-22,1.3437,4.0897,-0.003412,False
2018-11-23,1.3177,4.0637,-0.01935,False
2018-11-26,1.3168,4.0628,-0.000683,False
2018-11-27,1.3168,4.0628,0.0,False
2018-11-28,1.3382,4.0842,0.016252,False
2018-11-29,1.3198,4.0658,-0.01375,False
2018-11-30,1.3334,4.0794,0.010305,False
2018-12-03,1.3696,4.1156,0.027149,False
2018-12-04,1.3703,4.1163,0.000511,False
2018-12-05,1.3784,4.1244,0.005911,False
2018-12-06,1.3494,4.0954,-0.021039,False
2018-12-07,1.3474,4.0934,-0.001482,False
2018-12-10,1.3363,4.0823,-0.008238,False
2018-12-11,1.3423,4.0883,0.00449,False
2018-12-12,1.3385,4.0845,-0.002831,False
2018-12-13,1.3623,4.1083,0.017781,False
2018-12-14,1.335,4.081,-0.02004,False
2018-12-17,1.3153,4.0613,-0.014757,False
2018-12-18,1.2984,4.0444,-0.012849,False
2018-12-19,1.2815,4.0275,-0.013016000000000002,False
2018-12-20,1.2828,4.0288,0.0010140000000000001,False
2018-12-21,1.2725,4.0185,-0.008029,False
2018-12-24,1.2889,4.0349,0.012888,False
2018-12-25,1.2881,4.0341,-0.000621,False
2018-12-26,1.2819,4.0279,-0.0048130000000000004,False
2018-12-27,1.281,4.027,-0.0007019999999999999,False
2018-12-28,1.285,4.031,0.0031230000000000003,False
2018-12-31,1.2849,4.0309,0.0,False
2019-01-02,1.2574,4.0034,-0.021478999999999998,False
2019-01-03,1.245,3.991,-0.009862,False
2019-01-04,1.2689,4.0149,0.019197,False
2019-01-07,1.2844,4.0304,0.012215,False
2019-01-08,1.2831,4.0291,-0.0010119999999999999,False
2019-01-09,1.2928,4.0388,0.00756,False
2019-01-10,1.2853,4.0313,-0.005801,False
2019-01-11,1.291,4.037,0.004435,False
2019-01-14,1.263,4.009,-0.021689,False
2019-01-15,1.2872,4.0332,0.019160999999999997,False
2019-01-16,1.2929,4.0389,0.0044280000000000005,False
2019-01-17,1.2861,4.0321,-0.005259000000000001,False
2019-01-18,1.3066,4.0526,0.01594,False
2019-01-21,1.3141,4.0601,0.0057399999999999994,False
2019-01-22,1.2978,4.0438,-0.012404,False
2019-01-23,1.2982,4.0442,0.000308,False
2019-01-24,1.3044,4.0504,0.004776,False
2019-01-25,1.3086,4.0546,0.00322,False
2019-01-28,1.3022,4.0482,-0.0048909999999999995,False
2019-01-29,1.3026,4.0486,0.00030700000000000004,False
2019-01-30,1.2891,4.0351,-0.010364,False
2019-01-31,1.292,4.038,0.0022500000000000003,False
2019-02-01,1.3214,4.0674,0.022755,False
2019-02-11,1.3484,4.0944,0.020433,False
2019-02-12,1.3598,4.1058,0.008454,False
2019-02-13,1.3845,4.1305,0.018164,False
2019-02-14,1.3818,4.1278,-0.0019500000000000001,False
2019-02-15,1.3613,4.1073,-0.014836,False
2019-02-18,1.4043,4.1503,0.031587000000000004,False
2019-02-19,1.3916,4.1376,-0.009044,False
2019-02-20,1.3902,4.1362,-0.001006,False
2019-02-21,1.3842,4.1302,-0.0043159999999999995,False
2019-02-22,1.4341,4.1801,0.03605,False
2019-02-25,1.5202,4.2662,0.060038,False
2019-02-26,1.4996,4.2456,-0.013551,False
2019-02-27,1.4855,4.2315,-0.009403,False
2019-02-28,1.5054,4.2514,0.013395999999999998,False
2019-03-01,1.5205,4.2665,0.010031000000000002,False
2019-03-04,1.5439,4.2899,0.01539,False
2019-03-05,1.5534,4.2994,0.006153,False
2019-03-06,1.5676,4.3136,0.009141,False
2019-03-07,1.5548,4.3008,-0.008165,False
2019-03-08,1.5266,4.2726,-0.018137,False
2019-03-11,1.5723,4.3183,0.029935999999999997,False
2019-03-12,1.5987,4.3447,0.016791,False
2019-03-13,1.5773,4.3233,-0.013386,False
2019-03-14,1.5729,4.3189,-0.0027900000000000004,False
2019-03-15,1.5939,4.3399,0.013351,False
2019-03-18,1.6294,4.3754,0.022272,False
2019-03-19,1.6227,4.3687,-0.004112,False
2019-03-20,1.6165,4.3625,-0.0038209999999999997,False
2019-03-21,1.6288,4.3748,0.007609,False
2019-03-22,1.6309,4.3769,0.0012889999999999998,False
2019-03-25,1.6002,4.3462,-0.018824,False
2019-03-26,1.5731,4.3191,-0.016935,False
2019-03-27,1.5992,4.3452,0.016591,False
2019-03-28,1.591,4.337,-0.005128000000000001,False
2019-03-29,1.6419,4.3879,0.031992,False
2019-04-01,1.6857,4.4317,0.026676000000000002,False
2019-04-02,1.6758,4.4218,-0.005873000000000001,False
2019-04-03,1.6878,4.4338,0.007161,False
2019-04-04,1.6946,4.4406,0.004029,False
2019-04-08,1.6789,4.4249,-0.009265,False
2019-04-09,1.6843,4.4303,0.003216,False
2019-04-10,1.6871,4.4331,0.0016619999999999998,False
2019-04-11,1.6493,4.3953,-0.022404999999999998,False
2019-04-12,1.6464,4.3924,-0.001758,False
2019-04-15,1.6348,4.3808,-0.007046,False
2019-04-16,1.6714,4.4174,0.022387999999999998,False
2019-04-17,1.6825,4.4285,0.006641,False
2019-04-18,1.6796,4.4256,-0.001724,False
2019-04-19,1.6974,4.4434,0.010598000000000002,False
2019-04-22,1.6615,4.4075,-0.021150000000000002,False
2019-04-23,1.65,4.396,-0.006921,False
2019-04-24,1.6552,4.4012,0.003152,False
2019-04-25,1.6308,4.3768,-0.014740999999999999,False
2019-04-26,1.6231,4.3691,-0.0047220000000000005,False
2019-04-29,1.6423,4.3883,0.011829000000000001,False
2019-04-30,1.6412,4.3872,-0.00067,False
2019-05-06,1.5534,4.2994,-0.053497,False
2019-05-07,1.5653,4.3113,0.007661,False
2019-05-08,1.5594,4.3054,-0.003769,False
2019-05-09,1.5272,4.2732,-0.020649,False
2019-05-10,1.5849,4.3309,0.037782,False
2019-05-13,1.5667,4.3127,-0.011483,False
2019-05-14,1.5555,4.3015,-0.007149,False
2019-05-15,1.5941,4.3401,0.024815,False
2019-05-16,1.5958,4.3418,0.001066,False
2019-05-17,1.5591,4.3051,-0.022997999999999998,False
2019-05-20,1.5435,4.2895,-0.010006,False
2019-05-21,1.5705,4.3165,0.017493,False
2019-05-22,1.5698,4.3158,-0.000446,False
2019-05-23,1.5419,4.2879,-0.017773,False
2019-05-24,1.5374,4.2834,-0.002918,False
2019-05-27,1.5601,4.3061,0.014764999999999999,False
2019-05-28,1.5725,4.3185,0.007948,False
2019-05-29,1.5757,4.3217,0.002035,False
2019-05-30,1.5674,4.3134,-0.005268,False
2019-05-31,1.5747,4.3207,0.004657,False
2019-06-03,1.5679,4.3139,-0.004318,False
2019-06-04,1.5471,4.2931,-0.013266,False
2019-06-05,1.5471,4.2931,0.0,False
2019-06-06,1.527,4.273,-0.012991999999999998,False
2019-06-10,1.5474,4.2934,0.01336,False
2019-06-11,1.5804,4.3264,0.021326,False
2019-06-12,1.5732,4.3192,-0.004556,False
2019-06-13,1.5702,4.3162,-0.001907,False
2019-06-14,1.562,4.308,-0.005222,False
2019-06-17,1.5569,4.3029,-0.003265,False
2019-06-18,1.5684,4.3144,0.007386,False
2019-06-19,1.5971,4.3431,0.018299,False
2019-06-20,1.6311,4.3771,0.021289,False
2019-06-21,1.6416,4.3876,0.006437000000000001,False
2019-06-24,1.6449,4.3909,0.00201,False
2019-06-25,1.6279,4.3739,-0.010335,False
2019-06-26,1.6375,4.3835,0.005897,False
2019-06-27,1.6582,4.4042,0.012641,False
2019-06-28,1.6548,4.4008,-0.0020499999999999997,False
2019-06-30,1.6546,4.4006,0.0,False
2019-07-01,1.7064,4.4524,0.031181999999999998,False
2019-07-02,1.7205,4.4665,0.008263,False
2019-07-03,1.696,4.442,-0.01424,False
2019-07-04,1.6846,4.4306,-0.0067220000000000005,False
2019-07-05,1.6988,4.4448,0.008428999999999999,False
2019-07-08,1.6711,4.4171,-0.016306,False
2019-07-09,1.6709,4.4169,-0.00012,False
2019-07-10,1.6692,4.4152,-0.001017,False
2019-07-11,1.6735,4.4195,0.002576,False
2019-07-12,1.6787,4.4247,0.003107,False
2019-07-15,1.6954,4.4414,0.009948,False
2019-07-16,1.6898,4.4358,-0.003303,False
2019-07-17,1.6956,4.4416,0.003432,False
2019-07-18,1.6784,4.4244,-0.010144,False
2019-07-19,1.6891,4.4351,0.006375,False
2019-07-22,1.6921,4.4381,0.001776,False
2019-07-23,1.7063,4.4523,0.008392,False
2019-07-24,1.7235,4.4695,0.01008,False
2019-07-25,1.739,4.485,0.008993,False
2019-07-26,1.7449,4.4909,0.0033929999999999997,False
2019-07-29,1.7415,4.4875,-0.001949,False
2019-07-30,1.7529,4.4989,0.006546,False
2019-07-31,1.7422,4.4882,-0.006104000000000001,False
2019-08-01,1.7273,4.4733,-0.008551999999999999,False
2019-08-02,1.7193,4.4653,-0.004632,False
2019-08-05,1.6877,4.4337,-0.01838,False
2019-08-06,1.6845,4.4305,-0.001896,False
2019-08-07,1.6864,4.4324,0.0011279999999999999,False
2019-08-08,1.7175,4.4635,0.018442,False
2019-08-09,1.7017,4.4477,-0.009199,False
2019-08-12,1.7357,4.4817,0.01998,False
2019-08-13,1.7178,4.4638,-0.010313000000000001,False
2019-08-14,1.7395,4.4855,0.012632,False
2019-08-15,1.7648,4.5108,0.014544,False
2019-08-16,1.7742,4.5202,0.005326,False
2019-08-19,1.819,4.565,0.025251000000000003,False
2019-08-20,1.8154,4.5614,-0.001979,False
2019-08-21,1.8144,4.5604,-0.0005510000000000001,False
2019-08-22,1.8112,4.5572,-0.001764,False
2019-08-23,1.8255,4.5715,0.007895,False
2019-08-26,1.812,4.558,-0.0073950000000000005,False
2019-08-27,1.8437,4.5897,0.017494,False
2019-08-28,1.8335,4.5795,-0.0055320000000000005,False
2019-08-29,1.834,4.58,0.000273,False
2019-08-30,1.8296,4.5756,-0.002399,False
2019-09-02,1.8592,4.6052,0.016177999999999998,False
2019-09-03,1.8623,4.6083,0.0016669999999999999,False
2019-09-04,1.8651,4.6111,0.0015040000000000001,False
2019-09-05,1.8767,4.6227,0.00622,False
2019-09-06,1.8836,4.6296,0.003677,False
2019-09-09,1.9135,4.6595,0.015874,False
2019-09-10,1.8994,4.6454,-0.007369,False
2019-09-11,1.8833,4.6293,-0.008476000000000001,False
2019-09-12,1.8901,4.6361,0.0036109999999999996,False
2019-09-16,1.8901,4.6361,0.0,False
2019-09-17,1.8625,4.6085,-0.014601999999999999,False
2019-09-18,1.8787,4.6247,0.008698000000000001,False
2019-09-19,1.895,4.641,0.008676,False
2019-09-20,1.9038,4.6498,0.004644,False
2019-09-23,1.8846,4.6306,-0.010085,False
2019-09-24,1.8951,4.6411,0.005571,False
2019-09-25,1.8709,4.6169,-0.012769999999999998,False
2019-09-26,1.8559,4.6019,-0.008017999999999999,False
2019-09-27,1.8633,4.6093,0.003987,False
2019-09-30,1.8442,4.5902,-0.010251,False
2019-10-08,1.8444,4.5904,0.00010800000000000001,False
2019-10-09,1.8565,4.6025,0.00656,False
2019-10-10,1.8844,4.6304,0.015028,False
2019-10-11,1.8816,4.6276,-0.0014860000000000001,False
2019-10-14,1.8902,4.6362,0.004571,False
2019-10-15,1.8831,4.6291,-0.003756,False
2019-10-16,1.8783,4.6243,-0.002549,False
2019-10-17,1.8773,4.6233,-0.0005319999999999999,False
2019-10-18,1.8547,4.6007,-0.012039,False
2019-10-21,1.8566,4.6026,0.001024,False
2019-10-22,1.878,4.624,0.011526000000000002,False
2019-10-23,1.8591,4.6051,-0.010064,False
2019-10-24,1.8502,4.5962,-0.0047870000000000005,False
2019-10-25,1.8752,4.6212,0.013512,False
2019-10-28,1.8908,4.6368,0.008319,False
2019-10-29,1.8654,4.6114,-0.013432999999999999,False
2019-10-30,1.8507,4.5967,-0.00788,False
2019-10-31,1.8464,4.5924,-0.002323,False
2019-11-01,1.8668,4.6128,0.011049,False
2019-11-04,1.8976,4.6436,0.016499,False
2019-11-05,1.9002,4.6462,0.0013700000000000001,False
2019-11-06,1.8902,4.6362,-0.005263,False
2019-11-07,1.9069,4.6529,0.008834999999999999,False
2019-11-08,1.9089,4.6549,0.001049,False
2019-11-11,1.8703,4.6163,-0.020221,False
2019-11-12,1.885,4.631,0.00786,False
2019-11-13,1.8777,4.6237,-0.0038729999999999997,False
2019-11-14,1.8949,4.6409,0.00916,False
2019-11-15,1.8814,4.6274,-0.007124,False
2019-11-18,1.8904,4.6364,0.004784,False
2019-11-19,1.9206,4.6666,0.015975,False
2019-11-20,1.9228,4.6688,0.001145,False
2019-11-21,1.9,4.646,-0.011858,False
2019-11-22,1.8721,4.6181,-0.014684,False
2019-11-25,1.867,4.613,-0.002724,False
2019-11-26,1.8783,4.6243,0.006051999999999999,False
2019-11-27,1.8708,4.6168,-0.003993,False
2019-11-28,1.8731,4.6191,0.001229,False
2019-11-29,1.8751,4.6211,0.0010680000000000002,False
2019-12-02,1.881,4.627,0.003146,False
2019-12-03,1.8843,4.6303,0.001754,False
2019-12-04,1.887,4.633,0.001433,False
2019-12-05,1.91,4.656,0.012189,False
2019-12-06,1.9236,4.6696,0.00712,False
2019-12-09,1.9214,4.6674,-0.001144,False
2019-12-10,1.9388,4.6848,0.009056,False
2019-12-11,1.9315,4.6775,-0.003765,False
2019-12-12,1.9328,4.6788,0.000673,False
2019-12-13,1.9575,4.7035,0.012779,False
2019-12-16,1.9899,4.7359,0.016552,False
2019-12-17,1.9975,4.7435,0.0038190000000000003,False
2019-12-18,1.9989,4.7449,0.0007009999999999999,False
2019-12-19,1.9953,4.7413,-0.001801,False
2019-12-20,1.982,4.728,-0.006666,False
2019-12-23,1.9458,4.6918,-0.018264,False
2019-12-24,1.9645,4.7105,0.00961,False
2019-12-25,1.9725,4.7185,0.004072,False
2019-12-26,1.9908,4.7368,0.009278,False
2019-12-27,1.9741,4.7201,-0.008389,False
2019-12-30,1.9877,4.7337,0.006888999999999999,False
2019-12-31,1.9957,4.7417,0.004025,False
2020-01-02,2.0371,4.7831,0.020745,False
2020-01-03,2.0412,4.7872,0.002013,False
2020-01-06,2.0529,4.7989,0.005732,False
2020-01-07,2.0751,4.8211,0.010813999999999999,False
2020-01-08,2.0436,4.7896,-0.01518,False
2020-01-09,2.0767,4.8227,0.016197,False
2020-01-10,2.0814,4.8274,0.002263,False
2020-01-13,2.1136,4.8596,0.01547,False
2020-01-14,2.1103,4.8563,-0.0015609999999999999,False
2020-01-15,2.1096,4.8556,-0.000332,False
2020-01-16,2.1246,4.8706,0.00711,False
2020-01-17,2.1288,4.8748,0.001977,False
2020-01-20,2.1556,4.9016,0.012589,False
2020-01-21,2.1393,4.8853,-0.007562,False
2020-01-22,2.1614,4.9074,0.010329999999999999,False
2020-01-23,2.1052,4.8512,-0.026002,False
2020-02-03,1.9637,4.7097,-0.067215,False
2020-02-04,2.0601,4.8061,0.049090999999999996,False
2020-02-05,2.0974,4.8434,0.018106,False
2020-02-06,2.1671,4.9131,0.033232,False
2020-02-07,2.1824,4.9284,0.0070599999999999994,False
2020-02-10,2.2052,4.9512,0.010447,False
2020-02-11,2.2059,4.9519,0.000317,False
2020-02-12,2.2431,4.9891,0.016864,False
2020-02-13,2.2217,4.9677,-0.00954,False
2020-02-14,2.2216,4.9676,-4.4999999999999996e-05,False
2020-02-17,2.2738,5.0198,0.023497,False
2020-02-18,2.2947,5.0407,0.009192,False
2020-02-19,2.2636,5.0096,-0.013552999999999999,False
2020-02-20,2.3016,5.0476,0.016787,False
2020-02-21,2.3375,5.0835,0.015598,False
2020-02-24,2.3427,5.0887,0.002225,False
2020-02-25,2.3509,5.0969,0.0034999999999999996,False
2020-02-26,2.272,5.018,-0.033562,False
2020-02-27,2.2958,5.0418,0.010475000000000002,False
2020-02-28,2.2096,4.9556,-0.037547000000000004,False
2020-03-02,2.2805,5.0265,0.032087,False
2020-03-03,2.3174,5.0634,0.016181,False
2020-03-04,2.3076,5.0536,-0.004229,False
2020-03-05,2.3296,5.0756,0.009534,False
2020-03-06,2.3027,5.0487,-0.011547,False
2020-03-09,2.2096,4.9556,-0.040431,False
2020-03-10,2.2614,5.0074,0.023443000000000002,False
2020-03-11,2.222,4.968,-0.017423,False
2020-03-12,2.1756,4.9216,-0.020882,False
2020-03-13,2.1678,4.9138,-0.0035849999999999996,False
2020-03-16,2.0677,4.8137,-0.046176,False
2020-03-17,2.0807,4.8267,0.006287,False
2020-03-18,2.0484,4.7944,-0.015524,False
2020-03-19,2.0294,4.7754,-0.009276,False
2020-03-20,2.0721,4.8181,0.021040999999999997,False
2020-03-23,1.9953,4.7413,-0.037064,False
2020-03-24,2.0352,4.7812,0.019997,False
2020-03-25,2.1018,4.8478,0.032724,False
2020-03-26,2.1028,4.8488,0.000476,False
2020-03-27,2.0853,4.8313,-0.008322000000000001,False
2020-03-30,2.0451,4.7911,-0.019278,False
2020-03-31,2.0459,4.7919,0.000391,False
2020-04-01,2.0332,4.7792,-0.006208,False
2020-04-02,2.073,4.819,0.019575,False
2020-04-03,2.0583,4.8043,-0.007090999999999999,False
2020-04-07,2.1159,4.8619,0.027984,False
2020-04-08,2.0955,4.8415,-0.009641,False
2020-04-09,2.1206,4.8666,0.011977999999999999,False
2020-04-10,2.0731,4.8191,-0.022399,False
2020-04-13,2.0573,4.8033,-0.007621,False
2020-04-14,2.1139,4.8599,0.027511999999999998,False
2020-04-15,2.0975,4.8435,-0.007758,False
2020-04-16,2.1194,4.8654,0.010441,False
2020-04-17,2.1235,4.8695,0.001935,False
2020-04-20,2.1381,4.8841,0.006875,False
2020-04-21,2.1295,4.8755,-0.004022,False
2020-04-22,2.1466,4.8926,0.00803,False
2020-04-23,2.1355,4.8815,-0.005171,False
2020-04-24,2.1019,4.8479,-0.015733999999999998,False
2020-04-27,2.1107,4.8567,0.004187,False
2020-04-28,2.1242,4.8702,0.006396,False
2020-04-29,2.1266,4.8726,0.00113,False
2020-04-30,2.167,4.913,0.018997,False
2020-05-06,2.182,4.928,0.006922,False
2020-05-07,2.1756,4.9216,-0.002933,False
2020-05-08,2.2049,4.9509,0.013468,False
2020-05-11,2.2113,4.9573,0.002903,False
2020-05-12,2.2298,4.9758,0.008366,False
2020-05-13,2.2382,4.9842,0.003767,False
2020-05-14,2.2155,4.9615,-0.010142,False
2020-05-15,2.2092,4.9552,-0.0028439999999999997,False
2020-05-18,2.1962,4.9422,-0.005884,False
2020-05-19,2.2321,4.9781,0.016346,False
2020-05-20,2.212,4.958,-0.009004999999999999,False
2020-05-21,2.206,4.952,-0.002712,False
2020-05-22,2.1633,4.9093,-0.019355999999999998,False
2020-05-25,2.154,4.9,-0.004299,False
2020-05-26,2.1957,4.9417,0.019359,False
2020-05-27,2.1713,4.9173,-0.011113,False
2020-05-28,2.1692,4.9152,-0.000967,False
2020-05-29,2.1908,4.9368,0.009958,False
2020-06-01,2.2576,5.0036,0.030491,False
2020-06-02,2.2394,4.9854,-0.008062,False
2020-06-03,2.2445,4.9905,0.002277,False
2020-06-04,2.2417,4.9877,-0.001247,False
2020-06-05,2.2433,4.9893,0.000714,False
2020-06-08,2.2366,4.9826,-0.002987,False
2020-06-09,2.2496,4.9956,0.005812,False
2020-06-10,2.2634,5.0094,0.006134,False
2020-06-11,2.2579,5.0039,-0.00243,False
2020-06-12,2.2755,5.0215,0.007795,False
2020-06-15,2.2844,5.0304,0.003911,False
2020-06-16,2.3282,5.0742,0.019174,False
2020-06-17,2.3362,5.0822,0.0034360000000000003,False
2020-06-18,2.3466,5.0926,0.004452,False
2020-06-19,2.3783,5.1243,0.013509,False
2020-06-22,2.3875,5.1335,0.003868,False
2020-06-23,2.4136,5.1596,0.010931999999999999,False
2020-06-24,2.4188,5.1648,0.002154,False
2020-06-29,2.4342,5.1802,0.006367,False
2020-06-30,2.4847,5.2307,0.020746,False
2020-07-01,2.4885,5.2345,0.001529,False
2020-07-02,2.5018,5.2478,0.005345,False
2020-07-03,2.5198,5.2658,0.007195,False
2020-07-06,2.5923,5.3383,0.028772000000000002,False
2020-07-07,2.6494,5.3954,0.022027,False
2020-07-08,2.6954,5.4414,0.017362,False
2020-07-09,2.7466,5.4926,0.018994999999999998,False
2020-07-10,2.7635,5.5095,0.006153,False
2020-07-13,2.863,5.609,0.036004999999999995,False
2020-07-14,2.8152,5.5612,-0.016696,False
2020-07-15,2.7611,5.5071,-0.019216999999999998,False
2020-07-16,2.6513,5.3973,-0.039767000000000004,False
2020-07-17,2.6616,5.4076,0.003885,False
2020-07-20,2.7184,5.4644,0.021341000000000002,False
2020-07-21,2.7537,5.4997,0.012986,False
2020-07-22,2.7705,5.5165,0.006101,False
2020-07-23,2.7586,5.5046,-0.004295,False
2020-07-24,2.6136,5.3596,-0.052563000000000006,False
2020-07-27,2.6099,5.3559,-0.001416,False
2020-07-28,2.6309,5.3769,0.008046,False
2020-07-29,2.7194,5.4654,0.033639,False
2020-07-30,2.699,5.445,-0.007502,False
2020-07-31,2.7336,5.4796,0.01282,False
2020-08-03,2.7906,5.5366,0.020852,False
2020-08-04,2.7781,5.5241,-0.004479,False
2020-08-05,2.7929,5.5389,0.005326999999999999,False
2020-08-06,2.7885,5.5345,-0.001575,False
2020-08-07,2.7436,5.4896,-0.016102,False
2020-08-10,2.7467,5.4927,0.00113,False
2020-08-11,2.7201,5.4661,-0.009684,False
2020-08-12,2.6911,5.4371,-0.010661,False
2020-08-13,2.7023,5.4483,0.004162,False
2020-08-14,2.7458,5.4918,0.016097,False
2020-08-17,2.7904,5.5364,0.016243,False
2020-08-18,2.7912,5.5372,0.000287,False
2020-08-19,2.7399,5.4859,-0.018379,False
2020-08-20,2.7151,5.4611,-0.009051,False
2020-08-21,2.7507,5.4967,0.013111999999999999,False
2020-08-24,2.8167,5.5627,0.024,False
2020-08-25,2.823,5.569,0.0022,False
2020-08-26,2.7827,5.5287,-0.0143,False
2020-08-27,2.8097,5.5557,0.0097,False
2020-08-28,2.8618,5.6078,0.018500000000000003,False
2020-08-31,2.8188,5.5648,-0.015,False
2020-09-01,2.8247,5.5707,0.0021,False
2020-09-02,2.8205,5.5665,-0.0015,False
2020-09-03,2.8038,5.5498,-0.0059,False
2020-09-04,2.7768,5.5228,-0.0096,False
2020-09-07,2.7139,5.4599,-0.0227,False
2020-09-08,2.7044,5.4504,-0.0034999999999999996,False
2020-09-09,2.6214,5.3674,-0.030699999999999998,False
2020-09-10,2.6105,5.3565,-0.0042,False
2020-09-11,2.6585,5.4045,0.0184,False
2020-09-14,2.6716,5.4176,0.0049,False
2020-09-15,2.6918,5.4378,0.0076,False
2020-09-16,2.6867,5.4327,-0.0019,False
2020-09-17,2.7083,5.4543,0.008,False
2020-09-18,2.7502,5.4962,0.0155,False
2020-09-21,2.7064,5.4524,-0.0159,False
2020-09-22,2.6815,5.4275,-0.0092,False
2020-09-23,2.6974,5.4434,0.0059,False
2020-09-24,2.6346,5.3806,-0.0233,False
2020-09-25,2.6387,5.3847,0.0016,False
2020-09-28,2.6211,5.3671,-0.0067,False
2020-09-29,2.6397,5.3857,0.0070999999999999995,False
2020-09-30,2.65,5.396,0.0039000000000000003,False
2020-10-09,2.7309,5.4769,0.0305,False
2020-10-12,2.8018,5.5478,0.026000000000000002,False
2020-10-13,2.8301,5.5761,0.0101,False
2020-10-14,2.8152,5.5612,-0.0053,False
2020-10-15,2.7908,5.5368,-0.0087,False
2020-10-16,2.7707,5.5167,-0.0072,False
2020-10-19,2.7408,5.4868,-0.0108,False
2020-10-20,2.7765,5.5225,0.013000000000000001,False
2020-10-21,2.763,5.509,-0.0049,False
2020-10-22,2.7318,5.4778,-0.0113,False
2020-10-23,2.6955,5.4415,-0.013300000000000001,False
2020-10-26,2.7097,5.4557,0.0053,False
2020-10-27,2.725,5.471,0.005600000000000001,False
2020-10-28,2.7579,5.5039,0.0121,False
2020-10-29,2.8046,5.5506,0.0169,False
2020-10-30,2.7508,5.4968,-0.0192,False
2020-11-02,2.7704,5.5164,0.0070999999999999995,False
2020-11-03,2.788,5.534,0.0064,False
2020-11-04,2.7878,5.5338,-0.0001,False
2020-11-05,2.7997,5.5457,0.0043,False
2020-11-06,2.7794,5.5254,-0.0073,False
2020-11-09,2.8315,5.5775,0.0187,False
2020-11-10,2.7864,5.5324,-0.0159,False
2020-11-11,2.7212,5.4672,-0.023399999999999997,False
2020-11-12,2.7219,5.4679,0.0003,False
2020-11-13,2.711,5.457,-0.004,False
2020-11-16,2.7462,5.4922,0.013000000000000001,False
2020-11-17,2.7362,5.4822,-0.0036,False
2020-11-18,2.7296,5.4756,-0.0024,False
2020-11-19,2.753,5.499,0.0086,False
2020-11-20,2.7752,5.5212,0.008100000000000001,False
2020-11-23,2.7855,5.5315,0.0037,False
2020-11-24,2.7723,5.5183,-0.004699999999999999,False
2020-11-25,2.7207,5.4667,-0.018600000000000002,False
2020-11-26,2.7207,5.4667,0.0,False
2020-11-27,2.744,5.49,0.0086,False
2020-11-30,2.7454,5.4914,0.0005,False
2020-12-01,2.7986,5.5446,0.0194,False
2020-12-02,2.8029,5.5489,0.0015,False
2020-12-03,2.8123,5.5583,0.0034000000000000002,False
2020-12-04,2.8169,5.5629,0.0016,False
2020-12-07,2.806,5.552,-0.0039000000000000003,False
2020-12-08,2.8005,5.5465,-0.002,False
2020-12-09,2.7676,5.5136,-0.011699999999999999,False
2020-12-10,2.7695,5.5155,0.0007000000000000001,False
2020-12-11,2.7328,5.4788,-0.013300000000000001,False
2020-12-14,2.773,5.519,0.0147,False
2020-12-15,2.797,5.543,0.0087,False
2020-12-16,2.7903,5.5363,-0.0024,False
2020-12-17,2.8061,5.5521,0.005699999999999999,False
2020-12-18,2.8004,5.5464,-0.002,False
2020-12-21,2.8321,5.5781,0.0113,False
2020-12-22,2.7804,5.5264,-0.0183,False
2020-12-23,2.7989,5.5449,0.0067,False
2020-12-24,2.7768,5.5228,-0.0079,False
2020-12-25,2.7962,5.5422,0.006999999999999999,False
2020-12-28,2.804,5.55,0.0028000000000000004,False
2020-12-29,2.7994,5.5454,-0.0016,False
2020-12-30,2.8492,5.5952,0.0178,False
2020-12-31,2.9107,5.6567,0.0216,False
2021-01-04,2.9734,5.7194,0.0215,False
2021-01-05,3.0141,5.7601,0.0137,False
2021-01-06,3.0364,5.7824,0.0074,False
2021-01-07,3.0618,5.8078,0.0084,False
2021-01-08,3.0754,5.8214,0.0044,False
2021-01-11,3.0705,5.8165,-0.0016,False
2021-01-12,3.1342,5.8802,0.0207,False
2021-01-13,3.1038,5.8498,-0.0097,False
2021-01-14,3.0479,5.7939,-0.018000000000000002,False
2021-01-15,3.0639,5.8099,0.0052,False
2021-01-18,3.1454,5.8914,0.026600000000000002,False
2021-01-19,3.0957,5.8417,-0.0158,False
2021-01-20,3.1372,5.8832,0.0134,False
2021-01-21,3.1796,5.9256,0.013500000000000002,False
2021-01-22,3.2536,5.9996,0.0233,False
2021-01-25,3.2715,6.0175,0.0055000000000000005,False
2021-01-26,3.1961,5.9421,-0.023,False
2021-01-27,3.2345,5.9805,0.012,False
2021-01-28,3.1238,5.8698,-0.0342,False
2021-01-29,3.1024,5.8484,-0.0069,False
2021-02-01,3.1712,5.9172,0.0222,False
2021-02-02,3.2068,5.9528,0.011200000000000002,False
2021-02-03,3.1863,5.9323,-0.0064,False
2021-02-04,3.1329,5.8789,-0.0168,False
2021-02-05,3.1044,5.8504,-0.0091,False
2021-02-08,3.1337,5.8797,0.009399999999999999,False
2021-02-09,3.1995,5.9455,0.021,False
2021-02-10,3.2249,5.9709,0.0079,False
2021-02-18,3.2233,5.9693,-0.0005,False
2021-02-19,3.2202,5.9662,-0.001,False
2021-02-22,3.166,5.912,-0.0168,False
2021-02-23,3.1391,5.8851,-0.0085,False
2021-02-24,3.0628,5.8088,-0.024300000000000002,False
2021-02-25,3.0656,5.8116,0.0009,False
2021-02-26,3.0012,5.7472,-0.021,False
2021-03-01,3.0678,5.8138,0.0222,False
2021-03-02,3.0435,5.7895,-0.0079,False
2021-03-03,3.0898,5.8358,0.0152,False
2021-03-04,2.9998,5.7458,-0.0291,False
2021-03-05,2.9934,5.7394,-0.0021,False
2021-03-08,2.8753,5.6213,-0.0395,False
2021-03-09,2.7814,5.5274,-0.0327,False
2021-03-10,2.7918,5.5378,0.0037,False
2021-03-11,2.8566,5.6026,0.0232,False
2021-03-12,2.8528,5.5988,-0.0013,False
2021-03-15,2.7951,5.5411,-0.0202,False
2021-03-16,2.8007,5.5467,0.002,False
2021-03-17,2.8283,5.5743,0.009899999999999999,False
2021-03-18,2.8656,5.6116,0.0132,False
2021-03-19,2.8191,5.5651,-0.016200000000000003,False
2021-03-22,2.8601,5.6061,0.014499999999999999,False
2021-03-23,2.8466,5.5926,-0.004699999999999999,False
2021-03-24,2.7962,5.5422,-0.0177,False
2021-03-25,2.8028,5.5488,0.0024,False
2021-03-26,2.8904,5.6364,0.0313,False
2021-03-29,2.9058,5.6518,0.0053,False
2021-03-30,2.9228,5.6688,0.0059,False
2021-03-31,2.8911,5.6371,-0.0108,False
2021-04-01,2.9396,5.6856,0.0168,False
2021-04-02,2.9429,5.6889,0.0011,False
2021-04-06,2.9311,5.6771,-0.004,False
2021-04-07,2.8874,5.6334,-0.0149,False
2021-04-08,2.912,5.658,0.0085,False
2021-04-09,2.8948,5.6408,-0.0059,False
2021-04-12,2.8096,5.5556,-0.0294,False
2021-04-13,2.8188,5.5648,0.0033,False
2021-04-14,2.8573,5.6033,0.0137,False
2021-04-15,2.8529,5.5989,-0.0015,False
2021-04-16,2.8608,5.6068,0.0028000000000000004,False
2021-04-19,2.9321,5.6781,0.024900000000000002,False
2021-04-20,2.9413,5.6873,0.0031,False
2021-04-21,2.9818,5.7278,0.0138,False
2021-04-22,2.9824,5.7284,0.0002,False
2021-04-23,3.0036,5.7496,0.0070999999999999995,False
2021-04-26,3.0012,5.7472,-0.0008,False
2021-04-27,3.0151,5.7611,0.0046,False
2021-04-28,3.0462,5.7922,0.0103,False
2021-04-29,3.0352,5.7812,-0.0036,False
2021-04-30,3.0489,5.7949,0.0045000000000000005,False
2021-05-06,3.0352,5.7812,-0.0045000000000000005,False
2021-05-07,2.9679,5.7139,-0.0222,False
2021-05-10,2.9561,5.7021,-0.004,False
2021-05-11,2.9634,5.7094,0.0025,False
2021-05-12,2.9767,5.7227,0.0045000000000000005,False
2021-05-13,2.9363,5.6823,-0.013600000000000001,False
2021-05-14,3.0003,5.7463,0.0218,False
2021-05-17,3.0669,5.8129,0.0222,False
2021-05-18,3.0703,5.8163,0.0011,False
2021-05-19,3.073,5.819,0.0009,False
2021-05-20,3.0833,5.8293,0.0034000000000000002,False
2021-05-21,3.0664,5.8124,-0.0055000000000000005,False
2021-05-24,3.0998,5.8458,0.0109,False
2021-05-25,3.1681,5.9141,0.022000000000000002,False
2021-05-26,3.1524,5.8984,-0.005,False
2021-05-27,3.1759,5.9219,0.0075,False
2021-05-28,3.1682,5.9142,-0.0024,False
2021-05-31,3.2062,5.9522,0.012,False
2021-06-01,3.2062,5.9522,0.0,False
2021-06-02,3.1504,5.8964,-0.0174,False
2021-06-03,3.1194,5.8654,-0.0098,False
2021-06-04,3.1536,5.8996,0.011000000000000001,False
2021-06-07,3.1707,5.9167,0.0054,False
2021-06-08,3.1489,5.8949,-0.0069,False
2021-06-09,3.1607,5.9067,0.0037,False
2021-06-10,3.1842,5.9302,0.0074,False
2021-06-11,3.147,5.893,-0.011699999999999999,False
2021-06-15,3.1268,5.8728,-0.0064,False
2021-06-16,3.0352,5.7812,-0.029300000000000003,False
2021-06-17,3.0826,5.8286,0.015600000000000001,False
2021-06-18,3.0906,5.8366,0.0026,False
2021-06-21,3.1328,5.8788,0.0137,False
2021-06-22,3.1519,5.8979,0.0060999999999999995,False
2021-06-23,3.1795,5.9255,0.0088,False
2021-06-24,3.1564,5.9024,-0.0073,False
2021-06-25,3.1843,5.9303,0.0088,False
2021-06-28,3.2177,5.9637,0.0105,False
2021-06-29,3.1974,5.9434,-0.0063,False
2021-06-30,3.2609,6.0069,0.0199,False
2021-07-01,3.222,5.968,-0.011899999999999999,False
2021-07-02,3.1433,5.8893,-0.024399999999999998,False
2021-07-05,3.2041,5.9501,0.019299999999999998,False
2021-07-06,3.1834,5.9294,-0.006500000000000001,False
2021-07-07,3.2531,5.9991,0.0219,False
2021-07-08,3.2508,5.9968,-0.0007000000000000001,False
2021-07-09,3.2457,5.9917,-0.0016,False
2021-07-12,3.3247,6.0707,0.024300000000000002,False
2021-07-13,3.2826,6.0286,-0.0127,False
2021-07-14,3.2586,6.0046,-0.0073,False
2021-07-15,3.2837,6.0297,0.0077,False
2021-07-16,3.2617,6.0077,-0.0067,False
2021-07-19,3.2621,6.0081,0.0001,False
2021-07-20,3.2842,6.0302,0.0068000000000000005,False
2021-07-21,3.3483,6.0943,0.0195,False
2021-07-22,3.3696,6.1156,0.0064,False
2021-07-23,3.3343,6.0803,-0.0105,False
2021-07-26,3.2827,6.0287,-0.0155,False
2021-07-27,3.1721,5.9181,-0.0337,False
2021-07-28,3.1537,5.8997,-0.0058,False
2021-07-29,3.2575,6.0035,0.0329,False
2021-07-30,3.2387,5.9847,-0.0058,False
2021-08-02,3.274,6.02,0.0109,False
2021-08-03,3.2157,5.9617,-0.0178,False
2021-08-04,3.2629,6.0089,0.0147,False
2021-08-05,3.2679,6.0139,0.0015,False
2021-08-06,3.2541,6.0001,-0.0042,False
2021-08-09,3.2616,6.0076,0.0023,False
2021-08-10,3.2925,6.0385,0.0095,False
2021-08-11,3.2659,6.0119,-0.008100000000000001,False
2021-08-12,3.2601,6.0061,-0.0018,False
2021-08-13,3.2292,5.9752,-0.0095,False
2021-08-16,3.2148,5.9608,-0.0045000000000000005,False
2021-08-17,3.149,5.895,-0.020499999999999997,False
2021-08-18,3.1657,5.9117,0.0053,False
2021-08-19,3.2193,5.9653,0.0169,False
2021-08-20,3.2422,5.9882,0.0070999999999999995,False
2021-08-23,3.294,6.04,0.016,False
2021-08-24,3.2986,6.0446,0.0014000000000000002,False
2021-08-25,3.2962,6.0422,-0.0007000000000000001,False
2021-08-26,3.2472,5.9932,-0.0149,False
2021-08-27,3.236,5.982,-0.0034000000000000002,False
2021-08-30,3.21,5.956,-0.008,False
2021-08-31,3.2116,5.9576,0.0005,False
2021-09-01,3.1829,5.9289,-0.0089,False
2021-09-02,3.1759,5.9219,-0.0022,False
2021-09-03,3.1492,5.8952,-0.0084,False
2021-09-06,3.2203,5.9663,0.0226,False
2021-09-07,3.2447,5.9907,0.0076,False
2021-09-08,3.2316,5.9776,-0.004,False
2021-09-09,3.2212,5.9672,-0.0032,False
2021-09-10,3.2866,6.0326,0.0203,False
2021-09-13,3.2182,5.9642,-0.0208,False
2021-09-14,3.1873,5.9333,-0.0096,False
2021-09-15,3.1746,5.9206,-0.004,False
2021-09-16,3.1098,5.8558,-0.0204,False
2021-09-17,3.1378,5.8838,0.009000000000000001,False
2021-09-22,3.1387,5.8847,0.0003,False
2021-09-23,3.1496,5.8956,0.0034999999999999996,False
2021-09-24,3.1468,5.8928,-0.0009,False
2021-09-27,3.1173,5.8633,-0.009399999999999999,False
2021-09-28,3.1324,5.8784,0.0048,False
2021-09-29,3.0721,5.8181,-0.019299999999999998,False
2021-09-30,3.1206,5.8666,0.0158,False
2021-10-08,3.1047,5.8507,-0.0051,False
2021-10-11,3.1323,5.8783,0.0089,False
2021-10-12,3.0885,5.8345,-0.013999999999999999,False
2021-10-13,3.1119,5.8579,0.0076,False
2021-10-14,3.1312,5.8772,0.0062,False
2021-10-15,3.159,5.905,0.0089,False
2021-10-18,3.1315,5.8775,-0.0087,False
2021-10-19,3.1601,5.9061,0.0091,False
2021-10-20,3.1584,5.9044,-0.0005,False
2021-10-21,3.1387,5.8847,-0.0062,False
2021-10-22,3.1358,5.8818,-0.0009,False
2021-10-25,3.1725,5.9185,0.011699999999999999,False
2021-10-26,3.1508,5.8968,-0.0068000000000000005,False
2021-10-27,3.1373,5.8833,-0.0043,False
2021-10-28,3.1215,5.8675,-0.005,False
2021-10-29,3.1688,5.9148,0.0152,False
2021-11-01,3.1863,5.9323,0.0055000000000000005,False
2021-11-02,3.1898,5.9358,0.0011,False
2021-11-03,3.1788,5.9248,-0.0034000000000000002,False
2021-11-04,3.2166,5.9626,0.011899999999999999,False
2021-11-05,3.1798,5.9258,-0.011399999999999999,False
2021-11-08,3.1768,5.9228,-0.0009,False
2021-11-09,3.2076,5.9536,0.0097,False
2021-11-10,3.1858,5.9318,-0.0068000000000000005,False
2021-11-11,3.2086,5.9546,0.0072,False
2021-11-12,3.2304,5.9764,0.0068000000000000005,False
2021-11-15,3.1943,5.9403,-0.011200000000000002,False
2021-11-16,3.1808,5.9268,-0.0042,False
2021-11-17,3.2023,5.9483,0.0068000000000000005,False
2021-11-18,3.2002,5.9462,-0.0007000000000000001,False
2021-11-19,3.2314,5.9774,0.0097,False
2021-11-22,3.2724,6.0184,0.0127,False
2021-11-23,3.2458,5.9918,-0.008100000000000001,False
2021-11-24,3.2299,5.9759,-0.0049,False
2021-11-25,3.2394,5.9854,0.0029,False
2021-11-26,3.2184,5.9644,-0.006500000000000001,False
2021-11-29,3.2507,5.9967,0.01,False
2021-11-30,3.2788,6.0248,0.0086,False
2021-12-01,3.2769,6.0229,-0.0006,False
2021-12-02,3.2486,5.9946,-0.0086,False
2021-12-03,3.2873,6.0333,0.011899999999999999,False
2021-12-06,3.2598,6.0058,-0.0084,False
2021-12-07,3.2156,5.9616,-0.013600000000000001,False
2021-12-08,3.2666,6.0126,0.0159,False
2021-12-09,3.2954,6.0414,0.0088,False
2021-12-10,3.3008,6.0468,0.0016,False
2021-12-13,3.3248,6.0708,0.0073,False
2021-12-14,3.3232,6.0692,-0.0005,False
2021-12-15,3.2913,6.0373,-0.0096,False
2021-12-16,3.3026,6.0486,0.0034000000000000002,False
2021-12-17,3.2496,5.9956,-0.016,False
2021-12-20,3.1955,5.9415,-0.0166,False
2021-12-21,3.2257,5.9717,0.0095,False
2021-12-22,3.229,5.975,0.001,False
2021-12-23,3.2492,5.9952,0.0063,False
2021-12-24,3.245,5.991,-0.0013,False
2021-12-27,3.2307,5.9767,-0.0044,False
2021-12-28,3.2483,5.9943,0.0054,False
2021-12-29,3.2426,5.9886,-0.0018,False
2021-12-30,3.3051,6.0511,0.019299999999999998,False
2021-12-31,3.3095,6.0555,0.0013,False
2022-01-04,3.2715,6.0175,-0.0115,False
2022-01-05,3.2053,5.9513,-0.0202,False
2022-01-06,3.194,5.94,-0.0034999999999999996,False
2022-01-07,3.1829,5.9289,-0.0034999999999999996,False
2022-01-10,3.1637,5.9097,-0.006,False
2022-01-11,3.1197,5.8657,-0.0139,False
2022-01-12,3.1614,5.9074,0.0134,False
2022-01-13,3.111,5.857,-0.0159,False
2022-01-14,3.1249,5.8709,0.0045000000000000005,False
2022-01-17,3.1674,5.9134,0.013600000000000001,False
2022-01-18,3.1902,5.9362,0.0072,False
2022-01-19,3.1593,5.9053,-0.0097,False
2022-01-20,3.1412,5.8872,-0.005699999999999999,False
2022-01-21,3.0988,5.8448,-0.013500000000000002,False
2022-01-24,3.1224,5.8684,0.0076,False
2022-01-25,3.0683,5.8143,-0.0173,False
2022-01-26,3.081,5.827,0.0040999999999999995,False
2022-01-27,3.0024,5.7484,-0.0255,False
2022-01-28,2.9822,5.7282,-0.0067,False
2022-02-07,2.9906,5.7366,0.0028000000000000004,False
2022-02-08,2.9366,5.6826,-0.0181,False
2022-02-09,2.9624,5.7084,0.0088,False
2022-02-10,2.9516,5.6976,-0.0036,False
2022-02-11,2.904,5.65,-0.0161,False
2022-02-14,2.8886,5.6346,-0.0053,False
2022-02-15,2.9587,5.7047,0.024300000000000002,False
2022-02-16,2.9429,5.6889,-0.0053,False
2022-02-17,2.9531,5.6991,0.0034999999999999996,False
2022-02-18,2.9455,5.6915,-0.0026,False
2022-02-21,2.9389,5.6849,-0.0022,False
2022-02-22,2.9135,5.6595,-0.0086,False
2022-02-23,3.0166,5.7626,0.0354,False
2022-02-24,2.9981,5.7441,-0.0060999999999999995,False
2022-02-25,3.021,5.767,0.0076,False
2022-02-28,3.0458,5.7918,0.008199999999999999,False
2022-03-01,3.0409,5.7869,-0.0016,False
2022-03-02,3.0239,5.7699,-0.005600000000000001,False
2022-03-03,2.9942,5.7402,-0.0098,False
2022-03-04,2.968,5.714,-0.0088,False
2022-03-07,2.8737,5.6197,-0.0318,False
2022-03-08,2.8284,5.5744,-0.0158,False
2022-03-09,2.8273,5.5733,-0.0004,False
2022-03-10,2.8636,5.6096,0.0128,False
2022-03-11,2.8694,5.6154,0.002,False
2022-03-14,2.7963,5.5423,-0.0255,False
2022-03-15,2.7078,5.4538,-0.0316,False
2022-03-16,2.8002,5.5462,0.0341,False
2022-03-17,2.8524,5.5984,0.018600000000000002,False
2022-03-18,2.8344,5.5804,-0.0063,False
2022-03-21,2.8565,5.6025,0.0078000000000000005,False
2022-03-22,2.8285,5.5745,-0.0098,False
2022-03-23,2.8456,5.5916,0.006,False
2022-03-24,2.8118,5.5578,-0.011899999999999999,False
2022-03-25,2.7655,5.5115,-0.0165,False
2022-03-28,2.7397,5.4857,-0.009300000000000001,False
2022-03-29,2.7087,5.4547,-0.0113,False
2022-03-30,2.7611,5.5071,0.019299999999999998,False
2022-03-31,2.7212,5.4672,-0.014499999999999999,False
2022-04-01,2.7262,5.4722,0.0018,False
2022-04-06,2.6784,5.4244,-0.0175,False
2022-04-07,2.6359,5.3819,-0.0159,False
2022-04-08,2.6415,5.3875,0.0021,False
2022-04-11,2.5439,5.2899,-0.0369,False
2022-04-12,2.5819,5.3279,0.0149,False
2022-04-13,2.5351,5.2811,-0.0181,False
2022-04-14,2.5668,5.3128,0.0125,False
2022-04-15,2.5727,5.3187,0.0023,False
2022-04-18,2.605,5.351,0.0126,False
2022-04-19,2.5776,5.3236,-0.0105,False
2022-04-20,2.5393,5.2853,-0.0149,False
2022-04-21,2.4923,5.2383,-0.018500000000000003,False
2022-04-22,2.4825,5.2285,-0.0039000000000000003,False
2022-04-25,2.3722,5.1182,-0.0444,False
2022-04-26,2.3615,5.1075,-0.0045000000000000005,False
2022-04-27,2.4534,5.1994,0.038900000000000004,False
2022-04-28,2.4495,5.1955,-0.0016,False
2022-04-29,2.529,5.275,0.0325,False
2022-05-05,2.5441,5.2901,0.006,False
2022-05-06,2.4848,5.2308,-0.0233,False
2022-05-09,2.4668,5.2128,-0.0072,False
2022-05-10,2.5078,5.2538,0.0166,False
2022-05-11,2.5564,5.3024,0.0194,False
2022-05-12,2.5753,5.3213,0.0074,False
2022-05-13,2.5924,5.3384,0.0066,False
2022-05-16,2.5717,5.3177,-0.008,False
2022-05-17,2.6238,5.3698,0.0203,False
2022-05-18,2.6206,5.3666,-0.0012,False
2022-05-19,2.6336,5.3796,0.005,False
2022-05-20,2.6498,5.3958,0.0062,False
2022-05-23,2.6492,5.3952,-0.0002,False
2022-05-24,2.5727,5.3187,-0.028900000000000002,False
2022-05-25,2.5939,5.3399,0.008199999999999999,False
2022-05-26,2.599,5.345,0.002,False
2022-05-27,2.6082,5.3542,0.0034999999999999996,False
2022-05-30,2.6466,5.3926,0.0147,False
2022-05-31,2.6736,5.4196,0.0102,False
2022-06-01,2.6738,5.4198,0.0001,False
2022-06-02,2.7264,5.4724,0.0197,False
2022-06-06,2.8099,5.5559,0.030600000000000002,False
2022-06-07,2.7816,5.5276,-0.0101,False
2022-06-08,2.7958,5.5418,0.0051,False
2022-06-09,2.7464,5.4924,-0.0177,False
2022-06-10,2.8357,5.5817,0.0325,False
2022-06-13,2.802,5.548,-0.011899999999999999,False
2022-06-14,2.7751,5.5211,-0.0096,False
2022-06-15,2.7654,5.5114,-0.0034999999999999996,False
2022-06-16,2.7817,5.5277,0.0059,False
2022-06-17,2.8056,5.5516,0.0086,False
2022-06-20,2.8018,5.5478,-0.0014000000000000002,False
2022-06-21,2.773,5.519,-0.0103,False
2022-06-22,2.7413,5.4873,-0.011399999999999999,False
2022-06-23,2.8143,5.5603,0.026600000000000002,False
2022-06-24,2.8312,5.5772,0.006,False
2022-06-27,2.8559,5.6019,0.0087,False
2022-06-28,2.8935,5.6395,0.0132,False
2022-06-29,2.818,5.564,-0.026099999999999998,False
2022-06-30,2.8619,5.6079,0.015600000000000001,False
2022-07-01,2.8629,5.6089,0.0003,False
2022-07-04,2.8877,5.6337,0.0087,False
2022-07-05,2.8748,5.6208,-0.0045000000000000005,False
2022-07-06,2.8507,5.5967,-0.0084,False
2022-07-07,2.8851,5.6311,0.0121,False
2022-07-08,2.8564,5.6024,-0.009899999999999999,False
2022-07-11,2.824,5.57,-0.0113,False
2022-07-12,2.7828,5.5288,-0.0146,False
2022-07-13,2.792,5.538,0.0033,False
2022-07-14,2.8422,5.5882,0.018000000000000002,False
2022-07-15,2.8327,5.5787,-0.0033,False
2022-07-18,2.853,5.599,0.0072,False
2022-07-19,2.8388,5.5848,-0.005,False
2022-07-20,2.8585,5.6045,0.0069,False
2022-07-21,2.8556,5.6016,-0.001,False
2022-07-22,2.8483,5.5943,-0.0026,False
2022-07-25,2.8179,5.5639,-0.010700000000000001,False
2022-07-26,2.8363,5.5823,0.006500000000000001,False
2022-07-27,2.8564,5.6024,0.0070999999999999995,False
2022-07-28,2.8718,5.6178,0.0054,False
2022-07-29,2.8377,5.5837,-0.011899999999999999,False
2022-08-01,2.868,5.614,0.010700000000000001,False
2022-08-02,2.8368,5.5828,-0.0109,False
2022-08-03,2.8281,5.5741,-0.0031,False
2022-08-04,2.8246,5.5706,-0.0012,False
2022-08-05,2.8628,5.6088,0.013500000000000002,False
2022-08-08,2.87,5.616,0.0025,False
2022-08-09,2.8929,5.6389,0.008,False
2022-08-10,2.8704,5.6164,-0.0078000000000000005,False
2022-08-11,2.8793,5.6253,0.0031,False
2022-08-12,2.8418,5.5878,-0.013000000000000001,False
2022-08-15,2.8496,5.5956,0.0027,False
2022-08-16,2.8429,5.5889,-0.0024,False
2022-08-17,2.8618,5.6078,0.0066,False
2022-08-18,2.859,5.605,-0.001,False
2022-08-19,2.8161,5.5621,-0.015,False
2022-08-22,2.8394,5.5854,0.0083,False
2022-08-23,2.8436,5.5896,0.0015,False
2022-08-24,2.7579,5.5039,-0.0301,False
2022-08-25,2.7555,5.5015,-0.0009,False
2022-08-26,2.7472,5.4932,-0.003,False
2022-08-29,2.7589,5.5049,0.0043,False
2022-08-30,2.7422,5.4882,-0.0060999999999999995,False
2022-08-31,2.7066,5.4526,-0.013000000000000001,False
2022-09-01,2.6873,5.4333,-0.0070999999999999995,False
2022-09-02,2.6828,5.4288,-0.0017000000000000001,False
2022-09-05,2.6723,5.4183,-0.0039000000000000003,False
2022-09-06,2.708,5.454,0.0134,False
2022-09-07,2.7433,5.4893,0.013000000000000001,False
2022-09-08,2.7316,5.4776,-0.0043,False
2022-09-09,2.7407,5.4867,0.0033,False
2022-09-13,2.7511,5.4971,0.0038,False
2022-09-14,2.7583,5.5043,0.0026,False
2022-09-15,2.7027,5.4487,-0.0202,False
2022-09-16,2.6754,5.4214,-0.0101,False
2022-09-19,2.6626,5.4086,-0.0048,False
2022-09-20,2.6598,5.4058,-0.0011,False
2022-09-21,2.6307,5.3767,-0.0109,False
2022-09-22,2.6333,5.3793,0.001,False
2022-09-23,2.6031,5.3491,-0.0115,False
2022-09-26,2.5998,5.3458,-0.0013,False
2022-09-27,2.6446,5.3906,0.0172,False
2022-09-28,2.5852,5.3312,-0.0225,False
2022-09-29,2.5972,5.3432,0.0046,False
2022-09-30,2.5633,5.3093,-0.0131,False
2022-10-10,2.4839,5.2299,-0.031,False
2022-10-11,2.4832,5.2292,-0.0003,False
2022-10-12,2.5348,5.2808,0.0208,False
2022-10-13,2.5408,5.2868,0.0024,False
2022-10-14,2.5947,5.3407,0.0212,False
2022-10-17,2.6049,5.3509,0.0039000000000000003,False
2022-10-18,2.6094,5.3554,0.0017000000000000001,False
2022-10-19,2.582,5.328,-0.0105,False
2022-10-20,2.591,5.337,0.0034999999999999996,False
2022-10-21,2.6042,5.3502,0.0051,False
2022-10-24,2.5965,5.3425,-0.003,False
2022-10-25,2.5747,5.3207,-0.0084,False
2022-10-26,2.6094,5.3554,0.013500000000000002,False
2022-10-27,2.5999,5.3459,-0.0036,False
2022-10-28,2.566,5.312,-0.013000000000000001,False
2022-10-31,2.5907,5.3367,0.0096,False
2022-11-01,2.625,5.371,0.0132,False
2022-11-02,2.6588,5.4048,0.0129,False
2022-11-03,2.6934,5.4394,0.013000000000000001,False
2022-11-04,2.7523,5.4983,0.0219,False
2022-11-07,2.7385,5.4845,-0.005,False
2022-11-08,2.7271,5.4731,-0.0042,False
2022-11-09,2.721,5.467,-0.0022,False
2022-11-10,2.7051,5.4511,-0.0058,False
2022-11-11,2.7536,5.4996,0.0179,False
2022-11-14,2.744,5.49,-0.0034999999999999996,False
2022-11-15,2.8044,5.5504,0.022000000000000002,False
2022-11-16,2.7503,5.4963,-0.019299999999999998,False
2022-11-17,2.7756,5.5216,0.0092,False
2022-11-18,2.7557,5.5017,-0.0072,False
2022-11-21,2.7478,5.4938,-0.0029,False
2022-11-22,2.7311,5.4771,-0.0060999999999999995,False
2022-11-23,2.7223,5.4683,-0.0032,False
2022-11-24,2.7231,5.4691,0.0003,False
2022-11-25,2.7046,5.4506,-0.0068000000000000005,False
2022-11-28,2.6882,5.4342,-0.0060999999999999995,False
2022-11-29,2.7341,5.4801,0.0171,False
2022-11-30,2.7209,5.4669,-0.0048,False
2022-12-01,2.74,5.486,0.006999999999999999,False
2022-12-02,2.724,5.47,-0.0058,False
2022-12-05,2.7136,5.4596,-0.0038,False
2022-12-06,2.7218,5.4678,0.003,False
2022-12-07,2.7299,5.4759,0.003,False
2022-12-08,2.7319,5.4779,0.0007000000000000001,False
2022-12-09,2.7311,5.4771,-0.0003,False
2022-12-12,2.7294,5.4754,-0.0006,False
2022-12-13,2.6967,5.4427,-0.012,False
2022-12-14,2.6754,5.4214,-0.0079,False
2022-12-15,2.6905,5.4365,0.005600000000000001,False
2022-12-16,2.6871,5.4331,-0.0013,False
2022-12-19,2.6566,5.4026,-0.011399999999999999,False
2022-12-20,2.6345,5.3805,-0.0083,False
2022-12-21,2.6287,5.3747,-0.0022,False
2022-12-22,2.6267,5.3727,-0.0008,False
2022-12-23,2.6138,5.3598,-0.0049,False
2022-12-26,2.6208,5.3668,0.0027,False
2022-12-27,2.6416,5.3876,0.0079,False
2022-12-28,2.6263,5.3723,-0.0058,False
2022-12-29,2.6219,5.3679,-0.0017000000000000001,False
2022-12-30,2.6176,5.3636,-0.0016,False
2022-12-31,2.6174,5.3634,-0.0001,False
2023-01-03,2.6523,5.3983,0.013300000000000001,False
2023-01-04,2.662,5.408,0.0037,False
2023-01-05,2.7014,5.4474,0.0148,False
2023-01-06,2.6736,5.4196,-0.0103,False
2023-01-09,2.6801,5.4261,0.0024,False
2023-01-10,2.683,5.429,0.0011,False
2023-01-11,2.6762,5.4222,-0.0025,False
2023-01-12,2.6673,5.4133,-0.0033,False
2023-01-13,2.6626,5.4086,-0.0018,False
2023-01-16,2.6865,5.4325,0.009000000000000001,False
2023-01-17,2.6983,5.4443,0.0044,False
2023-01-18,2.692,5.438,-0.0023,False
2023-01-19,2.7101,5.4561,0.0067,False
2023-01-20,2.7261,5.4721,0.0059,False
2023-01-30,2.7132,5.4592,-0.004699999999999999,False
2023-01-31,2.6936,5.4396,-0.0072,False
2023-02-01,2.715,5.461,0.0079,False
2023-02-02,2.7146,5.4606,-0.0001,False
2023-02-03,2.6964,5.4424,-0.0067,False
2023-02-06,2.6709,5.4169,-0.0095,False
2023-02-07,2.6775,5.4235,0.0025,False
2023-02-08,2.6711,5.4171,-0.0024,False
2023-02-09,2.717,5.463,0.0172,False
2023-02-10,2.6964,5.4424,-0.0076,False
2023-02-13,2.7138,5.4598,0.006500000000000001,False
2023-02-14,2.7167,5.4627,0.0011,False
2023-02-15,2.7049,5.4509,-0.0043,False
2023-02-16,2.6659,5.4119,-0.0144,False
2023-02-17,2.6408,5.3868,-0.009399999999999999,False
2023-02-20,2.6714,5.4174,0.0116,False
2023-02-21,2.6753,5.4213,0.0015,False
2023-02-22,2.6514,5.3974,-0.0089,False
2023-02-23,2.6529,5.3989,0.0006,False
2023-02-24,2.6385,5.3845,-0.0054,False
2023-02-27,2.6298,5.3758,-0.0033,False
2023-02-28,2.6402,5.3862,0.004,False
2023-03-01,2.6612,5.4072,0.008,False
2023-03-02,2.6488,5.3948,-0.004699999999999999,False
2023-03-03,2.6398,5.3858,-0.0034000000000000002,False
2023-03-06,2.6402,5.3862,0.0002,False
2023-03-07,2.5853,5.3313,-0.0208,False
2023-03-08,2.5814,5.3274,-0.0015,False
2023-03-09,2.5759,5.3219,-0.0021,False
2023-03-10,2.5453,5.2913,-0.011899999999999999,False
2023-03-13,2.5565,5.3025,0.0044,False
2023-03-14,2.5403,5.2863,-0.0063,False
2023-03-15,2.537,5.283,-0.0013,False
2023-03-16,2.511,5.257,-0.0102,False
2023-03-17,2.5265,5.2725,0.0062,False
2023-03-20,2.5253,5.2713,-0.0005,False
2023-03-21,2.5474,5.2934,0.0088,False
2023-03-22,2.5558,5.3018,0.0033,False
2023-03-23,2.5884,5.3344,0.0128,False
2023-03-24,2.5983,5.3443,0.0038,False
2023-03-27,2.5908,5.3368,-0.0029,False
2023-03-28,2.5519,5.2979,-0.015,False
2023-03-29,2.5766,5.3226,0.0097,False
2023-03-30,2.5981,5.3441,0.0083,False
2023-03-31,2.6251,5.3711,0.0104,False
2023-04-03,2.662,5.408,0.0141,False
2023-04-04,2.6677,5.4137,0.0021,False
2023-04-06,2.6933,5.4393,0.0096,False
2023-04-07,2.7318,5.4778,0.0143,False
2023-04-10,2.7019,5.4479,-0.0109,False
2023-04-11,2.7016,5.4476,-0.0001,False
2023-04-12,2.7069,5.4529,0.002,False
2023-04-13,2.6685,5.4145,-0.014199999999999999,False
2023-04-14,2.6958,5.4418,0.0102,False
2023-04-17,2.6954,5.4414,-0.0001,False
2023-04-18,2.6799,5.4259,-0.0058,False
2023-04-19,2.6692,5.4152,-0.004,False
2023-04-20,2.6816,5.4276,0.0046,False
2023-04-21,2.6219,5.3679,-0.0223,False
2023-04-24,2.6045,5.3505,-0.0066,False
2023-04-25,2.5932,5.3392,-0.0043,False
2023-04-26,2.5945,5.3405,0.0005,False
2023-04-27,2.5983,5.3443,0.0015,False
2023-04-28,2.5972,5.3432,-0.0004,False
2023-05-04,2.5649,5.3109,-0.0124,False
2023-05-05,2.5613,5.3073,-0.0014000000000000002,False
2023-05-08,2.5501,5.2961,-0.0044,False
2023-05-09,2.5163,5.2623,-0.013300000000000001,False
2023-05-10,2.4955,5.2415,-0.0083,False
2023-05-11,2.4968,5.2428,0.0005,False
2023-05-12,2.4576,5.2036,-0.015700000000000002,False
2023-05-15,2.4716,5.2176,0.005699999999999999,False
2023-05-16,2.4785,5.2245,0.0028000000000000004,False
2023-05-17,2.4936,5.2396,0.0060999999999999995,False
2023-05-18,2.5051,5.2511,0.0046,False
2023-05-19,2.5209,5.2669,0.0063,False
2023-05-22,2.5219,5.2679,0.0004,False
2023-05-23,2.5032,5.2492,-0.0074,False
2023-05-24,2.4939,5.2399,-0.0037,False
2023-05-25,2.4891,5.2351,-0.0019,False
2023-05-26,2.5004,5.2464,0.0045000000000000005,False
2023-05-29,2.4918,5.2378,-0.0034000000000000002,False
2023-05-30,2.4936,5.2396,0.0007000000000000001,False
2023-05-31,2.4863,5.2323,-0.0029,False
2023-06-01,2.4721,5.2181,-0.005699999999999999,False
2023-06-02,2.4996,5.2456,0.0111,False
2023-06-05,2.4848,5.2308,-0.0059,False
2023-06-06,2.4386,5.1846,-0.018600000000000002,False
2023-06-07,2.4288,5.1748,-0.004,False
2023-06-08,2.4101,5.1561,-0.0077,False
2023-06-09,2.4439,5.1899,0.013999999999999999,False
2023-06-12,2.4604,5.2064,0.0068000000000000005,False
2023-06-13,2.4872,5.2332,0.0109,False
2023-06-14,2.4927,5.2387,0.0022,False
2023-06-15,2.5194,5.2654,0.010700000000000001,False
2023-06-16,2.5327,5.2787,0.0053,False
2023-06-19,2.5445,5.2905,0.004699999999999999,False
2023-06-20,2.5654,5.3114,0.008199999999999999,False
2023-06-21,2.4932,5.2392,-0.0281,False
2023-06-26,2.449,5.195,-0.0177,False
2023-06-27,2.4819,5.2279,0.0134,False
2023-06-28,2.477,5.223,-0.002,False
2023-06-29,2.4878,5.2338,0.0044,False
2023-06-30,2.5077,5.2537,0.008,False
2023-07-03,2.4986,5.2446,-0.0036,False
2023-07-04,2.5307,5.2767,0.0128,False
2023-07-05,2.5156,5.2616,-0.006,False
2023-07-06,2.5182,5.2642,0.001,False
2023-07-07,2.4974,5.2434,-0.0083,False
2023-07-10,2.5005,5.2465,0.0012,False
2023-07-11,2.5191,5.2651,0.0074,False
2023-07-12,2.4828,5.2288,-0.0144,False
2023-07-13,2.4951,5.2411,0.005,False
2023-07-14,2.4921,5.2381,-0.0012,False
2023-07-17,2.4743,5.2203,-0.0070999999999999995,False
2023-07-18,2.4768,5.2228,0.001,False
2023-07-19,2.4588,5.2048,-0.0073,False
2023-07-20,2.4334,5.1794,-0.0103,False
2023-07-21,2.4249,5.1709,-0.0034999999999999996,False
2023-07-24,2.4277,5.1737,0.0012,False
2023-07-25,2.4737,5.2197,0.0189,False
2023-07-26,2.4612,5.2072,-0.0051,False
2023-07-27,2.4463,5.1923,-0.0060999999999999995,False
2023-07-28,2.4668,5.2128,0.0084,False
2023-07-31,2.4775,5.2235,0.0043,False
2023-08-01,2.4772,5.2232,-0.0001,False
2023-08-02,2.4588,5.2048,-0.0074,False
2023-08-03,2.4651,5.2111,0.0026,False
2023-08-04,2.4694,5.2154,0.0017000000000000001,False
2023-08-07,2.4462,5.1922,-0.009399999999999999,False
2023-08-08,2.4382,5.1842,-0.0033,False
2023-08-09,2.4271,5.1731,-0.0046,False
2023-08-10,2.4329,5.1789,0.0024,False
2023-08-11,2.3873,5.1333,-0.0187,False
2023-08-14,2.39,5.136,0.0011,False
2023-08-15,2.368,5.114,-0.0092,False
2023-08-16,2.3531,5.0991,-0.0063,False
2023-08-17,2.3738,5.1198,0.0088,False
2023-08-18,2.3528,5.0988,-0.0088,False
2023-08-21,2.3295,5.0755,-0.009899999999999999,False
2023-08-22,2.3407,5.0867,0.0048,False
2023-08-23,2.2987,5.0447,-0.0179,False
2023-08-24,2.33,5.076,0.013600000000000001,False
2023-08-25,2.3124,5.0584,-0.0076,False
2023-08-28,2.3376,5.0836,0.0109,False
2023-08-29,2.3904,5.1364,0.0226,False
2023-08-30,2.4098,5.1558,0.008100000000000001,False
2023-08-31,2.3887,5.1347,-0.0088,False
2023-09-01,2.3878,5.1338,-0.0004,False
2023-09-04,2.3921,5.1381,0.0018,False
2023-09-05,2.3773,5.1233,-0.0062,False
2023-09-06,2.3858,5.1318,0.0036,False
2023-09-07,2.3527,5.0987,-0.0139,False
2023-09-08,2.3627,5.1087,0.0043,False
2023-09-11,2.3735,5.1195,0.0046,False
2023-09-12,2.3652,5.1112,-0.0034999999999999996,False
2023-09-13,2.3454,5.0914,-0.0084,False
2023-09-14,2.3341,5.0801,-0.0048,False
2023-09-15,2.3395,5.0855,0.0023,False
2023-09-18,2.3432,5.0892,0.0016,False
2023-09-19,2.3311,5.0771,-0.0052,False
2023-09-20,2.3203,5.0663,-0.0046,False
2023-09-21,2.3126,5.0586,-0.0033,False
2023-09-22,2.345,5.091,0.013999999999999999,False
2023-09-25,2.3435,5.0895,-0.0006,False
2023-09-26,2.3271,5.0731,-0.006999999999999999,False
2023-09-27,2.3466,5.0926,0.0084,False
2023-09-28,2.3527,5.0987,0.0026,False
2023-10-09,2.3558,5.1018,0.0013,False
2023-10-10,2.3469,5.0929,-0.0038,False
2023-10-11,2.3372,5.0832,-0.0040999999999999995,False
2023-10-12,2.3445,5.0905,0.0031,False
2023-10-13,2.3437,5.0897,-0.0003,False
2023-10-16,2.3194,5.0654,-0.0104,False
2023-10-17,2.3274,5.0734,0.0034000000000000002,False
2023-10-18,2.3002,5.0462,-0.011699999999999999,False
2023-10-19,2.2723,5.0183,-0.0121,False
2023-10-20,2.2448,4.9908,-0.0121,False
2023-10-23,2.2102,4.9562,-0.0154,False
2023-10-24,2.234,4.98,0.0108,False
2023-10-25,2.24,4.986,0.0027,False
2023-10-26,2.2466,4.9926,0.0029,False
2023-10-27,2.2834,5.0294,0.016399999999999998,False
2023-10-30,2.3262,5.0722,0.0187,False
2023-10-31,2.3365,5.0825,0.0044,False
2023-11-01,2.3276,5.0736,-0.0038,False
2023-11-02,2.3078,5.0538,-0.0085,False
2023-11-03,2.3243,5.0703,0.0070999999999999995,False
2023-11-06,2.3686,5.1146,0.0191,False
2023-11-07,2.373,5.119,0.0019,False
2023-11-08,2.3703,5.1163,-0.0011,False
2023-11-09,2.3567,5.1027,-0.005699999999999999,False
2023-11-10,2.3553,5.1013,-0.0006,False
2023-11-13,2.3678,5.1138,0.0053,False
2023-11-14,2.3769,5.1229,0.0038,False
2023-11-15,2.3795,5.1255,0.0011,False
2023-11-16,2.3579,5.1039,-0.0091,False
2023-11-17,2.3665,5.1125,0.0036,False
2023-11-20,2.3731,5.1191,0.0028000000000000004,False
2023-11-21,2.3665,5.1125,-0.0028000000000000004,False
2023-11-22,2.3395,5.0855,-0.011399999999999999,False
2023-11-23,2.3567,5.1027,0.0074,False
2023-11-24,2.3323,5.0783,-0.0104,False
2023-11-27,2.342,5.088,0.0042,False
2023-11-28,2.3474,5.0934,0.0023,False
2023-11-29,2.3549,5.1009,0.0032,False
2023-11-30,2.3498,5.0958,-0.0022,False
2023-12-01,2.3508,5.0968,0.0004,False
2023-12-04,2.3408,5.0868,-0.0043,False
2023-12-05,2.2996,5.0456,-0.0176,False
2023-12-06,2.3022,5.0482,0.0011,False
2023-12-07,2.2909,5.0369,-0.0049,False
2023-12-08,2.304,5.05,0.005699999999999999,False
2023-12-11,2.3372,5.0832,0.0144,False
2023-12-12,2.3489,5.0949,0.005,False
2023-12-13,2.327,5.073,-0.009300000000000001,False
2023-12-14,2.3197,5.0657,-0.0031,False
2023-12-15,2.291,5.037,-0.0124,False
2023-12-18,2.2657,5.0117,-0.011000000000000001,False
2023-12-19,2.2655,5.0115,-0.0001,False
2023-12-20,2.231,4.977,-0.0152,False
2023-12-21,2.2407,4.9867,0.0043,False
2023-12-22,2.2209,4.9669,-0.0088,False
2023-12-25,2.2271,4.9731,0.0028000000000000004,False
2023-12-26,2.1999,4.9459,-0.012199999999999999,False
2023-12-27,2.2121,4.9581,0.0055000000000000005,False
2023-12-28,2.2494,4.9954,0.0169,False
2023-12-29,2.2745,5.0205,0.011200000000000002,False
2023-12-31,2.2744,5.0204,0.0,False
2024-01-02,2.2526,4.9986,-0.0096,False
2024-01-03,2.2208,4.9668,-0.0141,False
2024-01-04,2.199,4.945,-0.0098,False
2024-01-05,2.1714,4.9174,-0.0126,False
2024-01-08,2.1352,4.8812,-0.0167,False
2024-01-09,2.1331,4.8791,-0.001,False
2024-01-10,2.1206,4.8666,-0.0059,False
2024-01-11,2.1354,4.8814,0.006999999999999999,False
2024-01-12,2.1241,4.8701,-0.0053,False
2024-01-15,2.1199,4.8659,-0.002,False
2024-01-16,2.1071,4.8531,-0.006,False
2024-01-17,2.0551,4.8011,-0.024700000000000003,False
2024-01-18,2.0726,4.8186,0.0085,False
2024-01-19,2.0805,4.8265,0.0038,False
2024-01-22,2.0158,4.7618,-0.0311,False
2024-01-23,2.05,4.796,0.017,False
2024-01-24,2.0517,4.7977,0.0008,False
2024-01-25,2.0864,4.8324,0.0169,False
2024-01-26,2.0522,4.7982,-0.016399999999999998,False
2024-01-29,2.0189,4.7649,-0.016200000000000003,False
2024-01-30,1.9759,4.7219,-0.0213,False
2024-01-31,1.9304,4.6764,-0.023,False
2024-02-01,1.9278,4.6738,-0.0013,False
2024-02-02,1.8839,4.6299,-0.022799999999999997,False
2024-02-05,1.8639,4.6099,-0.0106,False
2024-02-06,1.9621,4.7081,0.0527,False
2024-02-07,2.0269,4.7729,0.033,False
2024-02-08,2.0605,4.8065,0.0166,False
2024-02-19,2.0682,4.8142,0.0037,False
2024-02-20,2.0664,4.8124,-0.0009,False
2024-02-21,2.0741,4.8201,0.0037,False
2024-02-22,2.0824,4.8284,0.004,False
2024-02-23,2.0901,4.8361,0.0037,False
2024-02-26,2.1008,4.8468,0.0051,False
2024-02-27,2.1449,4.8909,0.021,False
2024-02-28,2.0937,4.8397,-0.0239,False
2024-02-29,2.1555,4.9015,0.029500000000000002,False
2024-03-01,2.1679,4.9139,0.0058,False
2024-03-04,2.1729,4.9189,0.0023,False
2024-03-05,2.1588,4.9048,-0.006500000000000001,False
2024-03-06,2.1414,4.8874,-0.008100000000000001,False
2024-03-07,2.1022,4.8482,-0.0183,False
2024-03-08,2.1173,4.8633,0.0072,False
2024-03-11,2.1522,4.8982,0.0165,False
2024-03-12,2.1717,4.9177,0.0091,False
2024-03-13,2.1701,4.9161,-0.0007000000000000001,False
2024-03-14,2.1504,4.8964,-0.0091,False
2024-03-15,2.1639,4.9099,0.0063,False
2024-03-18,2.1994,4.9454,0.016399999999999998,False
2024-03-19,2.1676,4.9136,-0.014499999999999999,False
2024-03-20,2.1679,4.9139,0.0001,False
2024-03-21,2.1533,4.8993,-0.0067,False
2024-03-22,2.134,4.88,-0.009000000000000001,False
2024-03-25,2.1055,4.8515,-0.0134,False
2024-03-26,2.1107,4.8567,0.0025,False
2024-03-27,2.0683,4.8143,-0.020099999999999996,False
2024-03-28,2.0852,4.8312,0.008199999999999999,False
2024-03-29,2.1029,4.8489,0.0085,False
2024-04-01,2.1343,4.8803,0.0149,False
2024-04-02,2.1151,4.8611,-0.009000000000000001,False
2024-04-03,2.1119,4.8579,-0.0015,False
2024-04-08,2.0824,4.8284,-0.013999999999999999,False
2024-04-09,2.089,4.835,0.0032,False
2024-04-10,2.0605,4.8065,-0.013600000000000001,False
2024-04-11,2.0727,4.8187,0.0059,False
2024-04-12,2.0755,4.8215,0.0014000000000000002,False
2024-04-15,2.1053,4.8513,0.0144,False
2024-04-16,2.0623,4.8083,-0.0204,False
2024-04-17,2.1106,4.8566,0.023399999999999997,False
2024-04-18,2.095,4.841,-0.0074,False
2024-04-19,2.0767,4.8227,-0.0087,False
2024-04-22,2.0812,4.8272,0.0022,False
2024-04-23,2.0708,4.8168,-0.005,False
2024-04-24,2.0852,4.8312,0.006999999999999999,False
2024-04-25,2.0855,4.8315,0.0001,False
2024-04-26,2.1222,4.8682,0.0176,False
2024-04-29,2.1723,4.9183,0.0236,False
2024-04-30,2.1624,4.9084,-0.0046,False
2024-05-06,2.2065,4.9525,0.0204,False
2024-05-07,2.1959,4.9419,-0.0048,False
2024-05-08,2.177,4.923,-0.0086,False
2024-05-09,2.2095,4.9555,0.0149,False
2024-05-10,2.1945,4.9405,-0.0068000000000000005,False
2024-05-13,2.1872,4.9332,-0.0033,False
2024-05-14,2.1916,4.9376,0.002,False
2024-05-15,2.168,4.914,-0.0108,False
2024-05-16,2.1601,4.9061,-0.0036,False
2024-05-17,2.1712,4.9172,0.0051,False
2024-05-20,2.1749,4.9209,0.0017000000000000001,False
2024-05-21,2.1597,4.9057,-0.006999999999999999,False
2024-05-22,2.1559,4.9019,-0.0018,False
2024-05-23,2.1369,4.8829,-0.0088,False
2024-05-24,2.1115,4.8575,-0.011899999999999999,False
2024-05-27,2.1327,4.8787,0.01,False
2024-05-28,2.1154,4.8614,-0.008100000000000001,False
2024-05-29,2.115,4.861,-0.0002,False
2024-05-30,2.117,4.863,0.0009,False
2024-05-31,2.1094,4.8554,-0.0036,False
2024-06-03,2.1268,4.8728,0.008199999999999999,False
2024-06-04,2.1437,4.8897,0.0079,False
2024-06-05,2.1305,4.8765,-0.0062,False
2024-06-06,2.1292,4.8752,-0.0006,False
2024-06-07,2.1063,4.8523,-0.0108,False
2024-06-11,2.1108,4.8568,0.0021,False
2024-06-12,2.1109,4.8569,0.0,False
2024-06-13,2.1147,4.8607,0.0018,False
2024-06-14,2.1045,4.8505,-0.0048,False
2024-06-17,2.115,4.861,0.005,False
2024-06-18,2.1235,4.8695,0.004,False
2024-06-19,2.106,4.852,-0.008199999999999999,False
2024-06-20,2.0981,4.8441,-0.0038,False
2024-06-21,2.0931,4.8391,-0.0024,False
2024-06-24,2.0762,4.8222,-0.008100000000000001,False
2024-06-25,2.0555,4.8015,-0.01,False
2024-06-26,2.0686,4.8146,0.0064,False
2024-06-27,2.05,4.796,-0.009000000000000001,False
2024-06-28,2.0633,4.8093,0.006500000000000001,False
2024-06-30,2.0632,4.8092,0.0,False
2024-07-01,2.0682,4.8142,0.0024,False
2024-07-02,2.0407,4.7867,-0.013300000000000001,False
2024-07-03,2.0247,4.7707,-0.0078000000000000005,False
2024-07-04,2.0174,4.7634,-0.0036,False
2024-07-05,2.0238,4.7698,0.0032,False
2024-07-08,2.0152,4.7612,-0.0042,False
2024-07-09,2.0471,4.7931,0.0158,False
2024-07-10,2.0422,4.7882,-0.0024,False
2024-07-11,2.0572,4.8032,0.0073,False
2024-07-12,2.0584,4.8044,0.0006,False
2024-07-15,2.0459,4.7919,-0.0060999999999999995,False
2024-07-16,2.0563,4.8023,0.0051,False
2024-07-17,2.0429,4.7889,-0.006500000000000001,False
2024-07-18,2.0621,4.8081,0.009399999999999999,False
2024-07-19,2.0646,4.8106,0.0012,False
2024-07-22,2.0645,4.8105,0.0,False
2024-07-23,2.0038,4.7498,-0.0294,False
2024-07-24,1.9936,4.7396,-0.0051,False
2024-07-25,1.9795,4.7255,-0.0070999999999999995,False
2024-07-26,1.9965,4.7425,0.0086,False
2024-07-29,1.9833,4.7293,-0.0066,False
2024-07-30,1.9678,4.7138,-0.0078000000000000005,False
2024-07-31,2.0214,4.7674,0.027200000000000002,False
2024-08-01,2.0017,4.7477,-0.0097,False
2024-08-02,1.9725,4.7185,-0.0146,False
2024-08-05,1.934,4.68,-0.0195,False
2024-08-06,1.9433,4.6893,0.0048,False
2024-08-07,1.946,4.692,0.0014000000000000002,False
2024-08-08,1.9429,4.6889,-0.0016,False
2024-08-09,1.9355,4.6815,-0.0038,False
2024-08-12,1.9433,4.6893,0.004,False
2024-08-13,1.9499,4.6959,0.0034000000000000002,False
2024-08-14,1.9284,4.6744,-0.011000000000000001,False
2024-08-15,1.9321,4.6781,0.0019,False
2024-08-16,1.9313,4.6773,-0.0004,False
2024-08-19,1.9247,4.6707,-0.0034000000000000002,False
2024-08-20,1.9084,4.6544,-0.0085,False
2024-08-21,1.9116,4.6576,0.0017000000000000001,False
2024-08-22,1.9093,4.6553,-0.0012,False
2024-08-23,1.9174,4.6634,0.0042,False
2024-08-26,1.9075,4.6535,-0.0052,False
2024-08-27,1.8941,4.6401,-0.006999999999999999,False
2024-08-28,1.8889,4.6349,-0.0027,False
2024-08-29,1.8942,4.6402,0.0028000000000000004,False
2024-08-30,1.9363,4.6823,0.0222,False
2024-09-02,1.9006,4.6466,-0.0184,False
2024-09-03,1.9282,4.6742,0.014499999999999999,False
2024-09-04,1.9227,4.6687,-0.0029,False
2024-09-05,1.9304,4.6764,0.004,False
2024-09-06,1.9026,4.6486,-0.0144,False
2024-09-09,1.8876,4.6336,-0.0079,False
2024-09-10,1.8818,4.6278,-0.0031,False
2024-09-11,1.8906,4.6366,0.004699999999999999,False
2024-09-12,1.8749,4.6209,-0.0083,False
2024-09-13,1.8622,4.6082,-0.0068000000000000005,False
2024-09-18,1.8618,4.6078,-0.0002,False
2024-09-19,1.8623,4.6083,0.0003,False
2024-09-20,1.8599,4.6059,-0.0013,False
2024-09-23,1.8522,4.5982,-0.0040999999999999995,False
2024-09-24,1.9127,4.6587,0.0327,False
2024-09-25,1.9196,4.6656,0.0036,False
2024-09-26,1.9736,4.7196,0.0281,False
2024-09-27,2.0647,4.8107,0.0462,False
2024-09-30,2.2457,4.9917,0.0877,False
2024-10-08,2.4021,5.1481,0.0696,False
2024-10-09,2.2689,5.0149,-0.0555,False
2024-10-10,2.2679,5.0139,-0.0004,False
2024-10-11,2.1938,4.9398,-0.0327,False
2024-10-14,2.2339,4.9799,0.0183,False
2024-10-15,2.1871,4.9331,-0.0209,False
2024-10-16,2.1711,4.9171,-0.0073,False
2024-10-17,2.1601,4.9061,-0.0051,False
2024-10-18,2.2354,4.9814,0.0349,False
2024-10-21,2.2537,4.9997,0.008199999999999999,False
2024-10-22,2.2586,5.0046,0.0022,False
2024-10-23,2.2506,4.9966,-0.0034999999999999996,False
2024-10-24,2.2304,4.9764,-0.009000000000000001,False
2024-10-25,2.2395,4.9855,0.0040999999999999995,False
2024-10-28,2.2497,4.9957,0.0046,False
2024-10-29,2.2368,4.9828,-0.005699999999999999,False
2024-10-30,2.2339,4.9799,-0.0013,False
2024-10-31,2.2128,4.9588,-0.009399999999999999,False
2024-11-01,2.1834,4.9294,-0.013300000000000001,False
2024-11-04,2.2188,4.9648,0.016200000000000003,False
2024-11-05,2.2642,5.0102,0.020499999999999997,False
2024-11-06,2.2538,4.9998,-0.0046,False
2024-11-07,2.2778,5.0238,0.0106,False
2024-11-08,2.2763,5.0223,-0.0007000000000000001,False
2024-11-11,2.3365,5.0825,0.0264,False
2024-11-12,2.3181,5.0641,-0.0079,False
2024-11-13,2.3277,5.0737,0.0040999999999999995,False
2024-11-14,2.2687,5.0147,-0.0253,False
2024-11-15,2.2301,4.9761,-0.017,False
2024-11-18,2.2161,4.9621,-0.0063,False
2024-11-19,2.2458,4.9918,0.0134,False
2024-11-20,2.2526,4.9986,0.003,False
2024-11-21,2.2461,4.9921,-0.0029,False
2024-11-22,2.1874,4.9334,-0.026099999999999998,False
2024-11-25,2.176,4.922,-0.0052,False
2024-11-26,2.1605,4.9065,-0.0070999999999999995,False
2024-11-27,2.1977,4.9437,0.0172,False
2024-11-28,2.178,4.924,-0.009000000000000001,False
2024-11-29,2.2065,4.9525,0.0131,False
2024-12-02,2.2259,4.9719,0.0088,False
2024-12-03,2.2176,4.9636,-0.0037,False
2024-12-04,2.1969,4.9429,-0.009300000000000001,False
2024-12-05,2.1935,4.9395,-0.0015,False
2024-12-06,2.2198,4.9658,0.012,False
2024-12-09,2.2201,4.9661,0.0001,False
2024-12-10,2.2373,4.9833,0.0077,False
2024-12-11,2.2345,4.9805,-0.0013,False
2024-12-12,2.2532,4.9992,0.0084,False
2024-12-13,2.2161,4.9621,-0.0165,False
2024-12-16,2.197,4.943,-0.0086,False
2024-12-17,2.2031,4.9491,0.0028000000000000004,False
2024-12-18,2.2066,4.9526,0.0016,False
2024-12-19,2.2097,4.9557,0.0014000000000000002,False
2024-12-20,2.2042,4.9502,-0.0025,False
2024-12-23,2.1898,4.9358,-0.006500000000000001,False
2024-12-24,2.2148,4.9608,0.011399999999999999,False
2024-12-25,2.2013,4.9473,-0.0060999999999999995,False
2024-12-26,2.2151,4.9611,0.0063,False
2024-12-27,2.2027,4.9487,-0.005600000000000001,False
2024-12-30,2.2083,4.9543,0.0025,False
2024-12-31,2.1793,4.9253,-0.0131,False
2025-01-02,2.1242,4.8702,-0.0253,False
2025-01-03,2.1013,4.8473,-0.0108,False
2025-01-06,2.1022,4.8482,0.0004,False
2025-01-07,2.1266,4.8726,0.0116,False
2025-01-08,2.1213,4.8673,-0.0025,False
2025-01-09,2.1237,4.8697,0.0011,False
2025-01-10,2.1096,4.8556,-0.0066,False
2025-01-13,2.1006,4.8466,-0.0043,False
2025-01-14,2.1749,4.9209,0.0354,False
2025-01-15,2.1395,4.8855,-0.0163,False
2025-01-16,2.1426,4.8886,0.0014000000000000002,False
2025-01-17,2.161,4.907,0.0086,False
2025-01-20,2.1829,4.9289,0.0101,False
2025-01-21,2.2018,4.9478,0.0087,False
2025-01-22,2.1851,4.9311,-0.0076,False
2025-01-23,2.1691,4.9151,-0.0073,False
2025-01-24,2.2024,4.9484,0.0154,False
2025-01-27,2.1903,4.9363,-0.0055000000000000005,False
2025-02-05,2.1977,4.9437,0.0034000000000000002,False
2025-02-06,2.2565,5.0025,0.0268,False
2025-02-07,2.2851,5.0311,0.0127,False
2025-02-10,2.2936,5.0396,0.0037,False
2025-02-11,2.2777,5.0237,-0.0069,False
2025-02-12,2.2999,5.0459,0.0097,False
2025-02-13,2.2818,5.0278,-0.0079,False
2025-02-14,2.3062,5.0522,0.010700000000000001,False
2025-02-17,2.3022,5.0482,-0.0017000000000000001,False
2025-02-18,2.277,5.023,-0.0109,False
2025-02-19,2.3125,5.0585,0.015600000000000001,False
2025-02-20,2.3156,5.0616,0.0013,False
2025-02-21,2.3426,5.0886,0.011699999999999999,False
2025-02-24,2.3341,5.0801,-0.0036,False
2025-02-25,2.3219,5.0679,-0.0052,False
2025-02-26,2.3304,5.0764,0.0037,False
2025-02-27,2.3185,5.0645,-0.0051,False
2025-02-28,2.2577,5.0037,-0.0262,False
2025-03-03,2.2657,5.0117,0.0034999999999999996,False
2025-03-04,2.2748,5.0208,0.004,False
2025-03-05,2.2827,5.0287,0.0034999999999999996,False
2025-03-06,2.3142,5.0602,0.0138,False
2025-03-07,2.3172,5.0632,0.0013,False
2025-03-10,2.3091,5.0551,-0.0034999999999999996,False
2025-03-11,2.3026,5.0486,-0.0028000000000000004,False
2025-03-12,2.2982,5.0442,-0.0019,False
2025-03-13,2.2713,5.0173,-0.011699999999999999,False
2025-03-14,2.3089,5.0549,0.0166,False
2025-03-17,2.3002,5.0462,-0.0038,False
2025-03-18,2.3084,5.0544,0.0036,False
2025-03-19,2.3007,5.0467,-0.0033,False
2025-03-20,2.2927,5.0387,-0.0034999999999999996,False
2025-03-21,2.2489,4.9949,-0.0191,False
2025-03-24,2.2611,5.0071,0.0054,False
2025-03-25,2.2593,5.0053,-0.0008,False
2025-03-26,2.2556,5.0016,-0.0016,False
2025-03-27,2.2624,5.0084,0.003,False
2025-03-28,2.2517,4.9977,-0.004699999999999999,False
2025-03-31,2.2278,4.9738,-0.0106,False
2025-04-01,2.2348,4.9808,0.0031,False
2025-04-02,2.2319,4.9779,-0.0013,False
2025-04-03,2.198,4.944,-0.0152,False
2025-04-07,2.0287,4.7747,-0.077,False
2025-04-08,2.0462,4.7922,0.0086,False
2025-04-09,2.0814,4.8274,0.0172,False
2025-04-10,2.1259,4.8719,0.021400000000000002,False
2025-04-11,2.1466,4.8926,0.0097,False
2025-04-14,2.1581,4.9041,0.0054,False
2025-04-15,2.1463,4.8923,-0.0055000000000000005,False
2025-04-16,2.14,4.886,-0.0029,False
2025-04-17,2.1387,4.8847,-0.0006,False
2025-04-18,2.1336,4.8796,-0.0024,False
2025-04-21,2.1628,4.9088,0.0137,False
2025-04-22,2.1683,4.9143,0.0025,False
2025-04-23,2.1706,4.9166,0.0011,False
2025-04-24,2.1624,4.9084,-0.0038,False
2025-04-25,2.1597,4.9057,-0.0012,False
2025-04-28,2.1456,4.8916,-0.006500000000000001,False
2025-04-29,2.1406,4.8866,-0.0023,False
2025-04-30,2.1405,4.8865,0.0,False
2025-05-06,2.1692,4.9152,0.0134,False
2025-05-07,2.1751,4.9211,0.0027,False
2025-05-08,2.1886,4.9346,0.0062,False
2025-05-09,2.1716,4.9176,-0.0078000000000000005,False
2025-05-12,2.1985,4.9445,0.0124,False
2025-05-13,2.1928,4.9388,-0.0026,False
2025-05-14,2.1931,4.9391,0.0001,False
2025-05-15,2.1668,4.9128,-0.012,False
2025-05-16,2.1681,4.9141,0.0006,False
2025-05-19,2.1702,4.9162,0.001,False
2025-05-20,2.1848,4.9308,0.0067,False
2025-05-21,2.1979,4.9439,0.006,False
2025-05-22,2.1884,4.9344,-0.0043,False
2025-05-23,2.1772,4.9232,-0.0051,False
2025-05-26,2.1714,4.9174,-0.0027,False
2025-05-27,2.1576,4.9036,-0.0064,False
2025-05-28,2.1516,4.8976,-0.0028000000000000004,False
2025-05-29,2.1757,4.9217,0.011200000000000002,False
2025-05-30,2.1715,4.9175,-0.0019,False
2025-06-03,2.188,4.934,0.0076,False
2025-06-04,2.1966,4.9426,0.0039000000000000003,False
2025-06-05,2.2015,4.9475,0.0022,False
2025-06-06,2.2007,4.9467,-0.0004,False
2025-06-09,2.2115,4.9575,0.0049,False
2025-06-10,2.1991,4.9451,-0.005600000000000001,False
2025-06-11,2.2141,4.9601,0.0068000000000000005,False
2025-06-12,2.2108,4.9568,-0.0015,False
2025-06-13,2.1983,4.9443,-0.005699999999999999,False
2025-06-16,2.2038,4.9498,0.0025,False
2025-06-17,2.1996,4.9456,-0.0019,False
2025-06-18,2.2058,4.9518,0.0028000000000000004,False
2025-06-19,2.186,4.932,-0.009000000000000001,False
2025-06-20,2.1768,4.9228,-0.0042,False
2025-06-23,2.1845,4.9305,0.0034999999999999996,False
2025-06-24,2.2074,4.9534,0.0105,False
2025-06-25,2.2404,4.9864,0.0149,False
2025-06-26,2.2264,4.9724,-0.0062,False
2025-06-27,2.235,4.981,0.0039000000000000003,False
2025-06-30,2.2684,5.0144,0.0149,False
2025-07-01,2.2846,5.0306,0.0070999999999999995,False
2025-07-02,2.265,5.011,-0.0086,False
2025-07-03,2.3025,5.0485,0.0166,False
2025-07-04,2.2986,5.0446,-0.0017000000000000001,False
2025-07-07,2.2884,5.0344,-0.0044,False
2025-07-08,2.3172,5.0632,0.0126,False
2025-07-09,2.3111,5.0571,-0.0026,False
2025-07-10,2.3156,5.0616,0.0019,False
2025-07-11,2.3221,5.0681,0.0028000000000000004,False
2025-07-14,2.3279,5.0739,0.0025,False
2025-07-15,2.3393,5.0853,0.0049,False
2025-07-16,2.3371,5.0831,-0.0009,False
2025-07-17,2.369,5.115,0.013600000000000001,False
2025-07-18,2.3787,5.1247,0.0040999999999999995,False
2025-07-21,2.41,5.156,0.0132,False
2025-07-22,2.4377,5.1837,0.0115,False
2025-07-23,2.4237,5.1697,-0.005699999999999999,False
2025-07-24,2.4434,5.1894,0.008100000000000001,False
2025-07-25,2.4447,5.1907,0.0005,False
2025-07-28,2.4542,5.2002,0.0039000000000000003,False
2025-07-29,2.4798,5.2258,0.0104,False
2025-07-30,2.4671,5.2131,-0.0051,False
2025-07-31,2.4314,5.1774,-0.014499999999999999,False
2025-08-01,2.4187,5.1647,-0.0052,False
2025-08-04,2.452,5.198,0.0138,False
2025-08-05,2.4604,5.2064,0.0034000000000000002,False
2025-08-06,2.467,5.213,0.0027,False
2025-08-07,2.465,5.211,-0.0008,False
2025-08-08,2.4622,5.2082,-0.0011,False
2025-08-11,2.4835,5.2295,0.0087,False
2025-08-12,2.4898,5.2358,0.0025,False
2025-08-13,2.5375,5.2835,0.0192,False
2025-08-14,2.5304,5.2764,-0.0028000000000000004,False
2025-08-15,2.5691,5.3151,0.015300000000000001,False
2025-08-18,2.6013,5.3473,0.0125,False
2025-08-19,2.5877,5.3337,-0.0052,False
2025-08-20,2.6133,5.3593,0.009899999999999999,False
2025-08-21,2.6143,5.3603,0.0004,False
2025-08-22,2.6661,5.4121,0.019799999999999998,False
2025-08-25,2.7155,5.4615,0.018500000000000003,False
2025-08-26,2.7287,5.4747,0.0049,False
2025-08-27,2.6936,5.4396,-0.0129,False
2025-08-28,2.766,5.512,0.0269,False
2025-08-29,2.7878,5.5338,0.0079,False
2025-09-01,2.8123,5.5583,0.0088,False
2025-09-02,2.7298,5.4758,-0.029300000000000003,False
2025-09-03,2.7323,5.4783,0.0009,False
2025-09-04,2.6374,5.3834,-0.0347,False
2025-09-05,2.7383,5.4843,0.0383,False
2025-09-08,2.7352,5.4812,-0.0011,False
2025-09-09,2.7123,5.4583,-0.0084,False
2025-09-10,2.7281,5.4741,0.0058,False
2025-09-11,2.8132,5.5592,0.031200000000000002,False
2025-09-12,2.8229,5.5689,0.0034000000000000002,False
2025-09-15,2.8364,5.5824,0.0048,False
2025-09-16,2.8458,5.5918,0.0033,False
2025-09-17,2.8899,5.6359,0.0155,False
2025-09-18,2.8751,5.6211,-0.0051,False
2025-09-19,2.8966,5.6426,0.0075,False
2025-09-22,2.9371,5.6831,0.013999999999999999,False
2025-09-23,2.9493,5.6953,0.0042,False
2025-09-24,3.0064,5.7524,0.0194,False
2025-09-25,3.0222,5.7682,0.0053,False
2025-09-26,2.9553,5.7013,-0.022099999999999998,False
2025-09-29,3.0049,5.7509,0.0168,False
2025-09-30,3.0466,5.7926,0.0139,False
2025-10-09,3.0965,5.8425,0.016399999999999998,False
2025-10-10,2.996,5.742,-0.0325,False
2025-10-13,2.979,5.725,-0.005699999999999999,False
2025-10-14,2.8654,5.6114,-0.0381,False
2025-10-15,2.9159,5.6619,0.0176,False
2025-10-16,2.8934,5.6394,-0.0077,False
2025-10-17,2.8073,5.5533,-0.0298,False
2025-10-20,2.8373,5.5833,0.010700000000000001,False
2025-10-21,2.8998,5.6458,0.022000000000000002,False
2025-10-22,2.8843,5.6303,-0.0053,False
2025-10-23,2.8718,5.6178,-0.0043,False
2025-10-24,2.9393,5.6853,0.0235,False
2025-10-27,2.9907,5.7367,0.0175,False
2025-10-28,2.9701,5.7161,-0.0069,False
2025-10-29,3.0385,5.7845,0.023,False
2025-10-30,3.017,5.763,-0.0070999999999999995,False
2025-10-31,2.9577,5.7037,-0.0197,False
2025-11-03,2.9712,5.7172,0.0046,False
2025-11-04,2.9308,5.6768,-0.013600000000000001,False
2025-11-05,2.9427,5.6887,0.0040999999999999995,False
2025-11-06,3.0128,5.7588,0.023799999999999998,False
2025-11-07,2.9993,5.7453,-0.0045000000000000005,False
2025-11-10,2.9879,5.7339,-0.0038,False
2025-11-11,2.9628,5.7088,-0.0084,False
2025-11-12,2.9528,5.6988,-0.0034000000000000002,False
2025-11-13,2.9864,5.7324,0.011399999999999999,False
2025-11-14,2.9368,5.6828,-0.0166,False
2025-11-17,2.9092,5.6552,-0.009399999999999999,False
2025-11-18,2.898,5.644,-0.0038,False
2025-11-19,2.8939,5.6399,-0.0014000000000000002,False
2025-11-20,2.8684,5.6144,-0.0088,False
2025-11-21,2.7785,5.5245,-0.0313,False
2025-11-24,2.7929,5.5389,0.0052,False
2025-11-25,2.8335,5.5795,0.014499999999999999,False
2025-11-26,2.8704,5.6164,0.013000000000000001,False
2025-11-27,2.8564,5.6024,-0.0049,False
2025-11-28,2.8819,5.6279,0.0089,False
2025-12-01,2.9104,5.6564,0.009899999999999999,False
2025-12-02,2.914,5.66,0.0012,False
2025-12-03,2.9052,5.6512,-0.003,False
2025-12-04,2.9113,5.6573,0.0021,False
2025-12-05,2.955,5.701,0.015,False
2025-12-08,3.0168,5.7628,0.0209,False
2025-12-09,3.0259,5.7719,0.003,False
2025-12-10,3.0238,5.7698,-0.0007000000000000001,False
2025-12-11,3.0054,5.7514,-0.0060999999999999995,False
2025-12-12,3.0728,5.8188,0.022400000000000003,False
2025-12-15,3.0373,5.7833,-0.0116,False
2025-12-16,2.9996,5.7456,-0.0124,False
2025-12-17,3.0667,5.8127,0.022400000000000003,False
2025-12-18,3.0399,5.7859,-0.0087,False
2025-12-19,3.0485,5.7945,0.0028000000000000004,False
2025-12-22,3.1066,5.8526,0.0191,False
2025-12-23,3.1287,5.8747,0.0070999999999999995,False
2025-12-24,3.1897,5.9357,0.0195,False
2025-12-25,3.203,5.949,0.0042,False
2025-12-26,3.1943,5.9403,-0.0027,False
2025-12-29,3.1998,5.9458,0.0017000000000000001,False
2025-12-30,3.1963,5.9423,-0.0011,False
2025-12-31,3.1775,5.9235,-0.0059,False
2026-01-05,3.2725,6.0185,0.029900000000000003,False
2026-01-06,3.3207,6.0667,0.0147,False
2026-01-07,3.3504,6.0964,0.0089,False
2026-01-08,3.3411,6.0871,-0.0028000000000000004,False
2026-01-09,3.3636,6.1096,0.0067,False
2026-01-12,3.3862,6.1322,0.0067,False
2026-01-13,3.3279,6.0739,-0.0172,False
2026-01-14,3.3254,6.0714,-0.0008,False
2026-01-15,3.3636,6.1096,0.0115,False
2026-01-16,3.432,6.178,0.0203,False
2026-01-19,3.4664,6.2124,0.01,False
2026-01-20,3.4616,6.2076,-0.0014000000000000002,False
2026-01-21,3.4807,6.2267,0.0055000000000000005,False
2026-01-22,3.5205,6.2665,0.011399999999999999,False
2026-01-23,3.5385,6.2845,0.0051,False
2026-01-26,3.5004,6.2464,-0.0108,False
2026-01-27,3.5951,6.3411,0.0271,False
2026-01-28,3.581,6.327,-0.0039000000000000003,False
2026-01-29,3.4886,6.2346,-0.0258,False
2026-01-30,3.4662,6.2122,-0.0064,False
2026-02-02,3.3476,6.0936,-0.0342,False
2026-02-03,3.4969,6.2429,0.0446,False
2026-02-04,3.4894,6.2354,-0.0021,False
2026-02-05,3.4294,6.1754,-0.0172,False
2026-02-06,3.4061,6.1521,-0.0068000000000000005,False
2026-02-09,3.4764,6.2224,0.0206,False
2026-02-10,3.4636,6.2096,-0.0037,False
2026-02-11,3.4446,6.1906,-0.0055000000000000005,False
2026-02-12,3.49,6.236,0.0132,False
2026-02-13,3.4566,6.2026,-0.0096,False
2026-02-24,3.5498,6.2958,0.027000000000000003,False
2026-02-25,3.5878,6.3338,0.010700000000000001,False
2026-02-26,3.681,6.427,0.026000000000000002,False
2026-02-27,3.7546,6.5006,0.02,False
2026-03-02,3.7682,6.5142,0.0036,False
2026-03-03,3.6544,6.4004,-0.0302,False
2026-03-04,3.6357,6.3817,-0.0051,False
2026-03-05,3.705,6.451,0.0191,False
2026-03-06,3.6859,6.4319,-0.0052,False
2026-03-09,3.6151,6.3611,-0.0192,False
2026-03-10,3.7158,6.4618,0.0279,False
2026-03-11,3.721,6.467,0.0014000000000000002,False
2026-03-12,3.6877,6.4337,-0.0089,False
2026-03-13,3.6327,6.3787,-0.0149,False
2026-03-16,3.6388,6.3848,0.0017000000000000001,False
2026-03-17,3.5459,6.2919,-0.0255,False
2026-03-18,3.5978,6.3438,0.0146,False
2026-03-19,3.5059,6.2519,-0.0255,False
2026-03-20,3.5031,6.2491,-0.0008,False
2026-03-23,3.3984,6.1444,-0.029900000000000003,False
2026-03-24,3.4638,6.2098,0.0192,False
2026-03-25,3.5312,6.2772,0.0195,False
2026-03-26,3.4673,6.2133,-0.0181,False
2026-03-27,3.5185,6.2645,0.0148,False
2026-03-30,3.542,6.288,0.0067,False
2026-03-31,3.4581,6.2041,-0.023700000000000002,False
2026-04-01,3.5269,6.2729,0.0199,False
2026-04-02,3.4751,6.2211,-0.0147,False
2026-04-03,3.479,6.225,0.0011,False
2026-04-07,3.5144,6.2604,0.0102,False
2026-04-08,3.6706,6.4166,0.0444,False
2026-04-09,3.7128,6.4588,0.0115,False
2026-04-10,3.7502,6.4962,0.0101,False
2026-04-13,3.7412,6.4872,-0.0024,False
2026-04-14,3.7923,6.5383,0.0137,False
2026-04-15,3.755,6.501,-0.0098,False
2026-04-16,3.8838,6.6298,0.034300000000000004,False
2026-04-17,3.9066,6.6526,0.0059,False
2026-04-20,3.9245,6.6705,0.0046,False
2026-04-21,3.9975,6.7435,0.018600000000000002,False
2026-04-22,4.0374,6.7834,0.01,False
2026-04-23,4.0045,6.7505,-0.008100000000000001,False
2026-04-24,4.0144,6.7604,0.0025,False
2026-04-27,4.0575,6.8035,0.010700000000000001,False
2026-04-28,4.0402,6.7862,-0.0043,False
2026-04-29,4.069,6.815,0.0070999999999999995,False
2026-04-30,4.0887,6.8347,0.0048,False
2026-05-06,4.1673,6.9133,0.0192,False
2026-05-07,4.2213,6.9673,0.013000000000000001,False
2026-05-08,4.2435,6.9895,0.0053,False
2026-05-11,4.3653,7.1113,0.0287,False
2026-05-12,4.3559,7.1019,-0.0022,False
2026-05-13,4.4771,7.2231,0.0278,False
2026-05-14,4.3895,7.1355,-0.0196,False
2026-05-15,4.3436,7.0896,-0.0105,False
2026-05-18,4.3718,7.1178,0.006500000000000001,False
2026-05-19,4.4186,7.1646,0.010700000000000001,False
2026-05-20,4.4624,7.2084,0.009899999999999999,False
2026-05-21,4.3548,7.1008,-0.0241,False
2026-05-22,4.5737,7.3197,0.050300000000000004,False
2026-05-25,4.6282,7.3742,0.011899999999999999,False
2026-05-26,4.5056,7.2516,-0.0265,False
2026-05-27,4.4927,7.2387,-0.0029,False
2026-05-28,4.5715,7.3175,0.0175,False
2026-05-29,4.3906,7.1366,-0.039599999999999996,False
2026-06-01,4.3009,7.0469,-0.0204,False
2026-06-02,4.3905,7.1365,0.0208,False
2026-06-03,4.4159,7.1619,0.0058,False
2026-06-04,4.4549,7.2009,0.0088,False
2026-06-05,4.3673,7.1133,-0.0197,False
2026-06-08,4.1932,6.9392,-0.039900000000000005,False
2026-06-09,4.3415,7.0875,0.0354,False
2026-06-10,4.2339,6.9799,-0.0248,False
2026-06-11,4.2213,6.9673,-0.003,False
2026-06-12,4.2208,6.9668,-0.0001,False
2026-06-15,4.4008,7.1468,0.0426,False
2026-06-16,4.4654,7.2114,0.0147,False
2026-06-17,4.5952,7.3412,0.0291,False
2026-06-18,4.6326,7.3786,0.008100000000000001,False
2026-06-22,4.6918,7.4378,0.0128,False
2026-06-23,4.5525,7.2985,-0.0297,False
2026-06-24,4.6508,7.3968,0.0216,False
2026-06-25,4.7344,7.4804,0.018000000000000002,False
2026-06-26,4.6381,7.3841,-0.0203,False
2026-06-29,4.6221,7.3681,-0.0034000000000000002,False
2026-06-30,4.7888,7.5348,0.0361,False
2026-07-01,4.7076,7.4536,-0.017,False
2026-07-02,4.4941,7.2401,-0.0454,False
2026-07-03,4.482,7.228,-0.0027,False
2026-07-06,4.4423,7.1883,-0.0089,False
2026-07-07,4.3823,7.1283,-0.013500000000000002,False
2026-07-08,4.2908,7.0368,-0.0209,False
2026-07-09,4.454,7.2,0.038,False
2026-07-10,4.3568,7.1028,-0.0218,False
2026-07-13,4.1783,6.9243,-0.040999999999999995,False
2026-07-14,4.2486,6.9946,0.0168,False
2026-07-15,4.1845,6.9305,-0.0151,False
2026-07-16,4.0257,6.7717,-0.0379,False
2026-07-17,3.7754,6.5214,-0.0622,False
2026-07-20,3.6132,6.3592,-0.043,False
2026-07-21,3.8428,6.5888,0.0635,False
2026-07-22,3.7683,6.5143,-0.0194,False
2026-07-23,3.8019,6.5479,0.0089,False
2026-07-24,3.7349,6.4809,-0.0176,False
2026-07-27,3.849,6.595,0.0305,False
2026-07-28,3.6441,6.3901,-0.053200000000000004,False
2026-07-29,3.6699,6.4159,0.0070999999999999995,False
2026-07-30,3.4814,6.2274,-0.051399999999999994,False
2026-07-31,3.585,6.331,0.0298,False
2026-08-03,3.5246,6.2706,-0.0168,False
2026-08-04,3.6778,6.4238,0.0435,False
2026-08-05,3.8166,6.5626,0.0377,False
2026-08-06,3.8482,6.5942,0.0083,False
2026-08-07,3.9252,6.6712,0.02,False
2026-08-10,3.906,6.652,-0.0049,False
2026-08-11,3.8645,6.6105,-0.0106,False
2026-08-12,3.9029,6.6489,0.009899999999999999,False
2026-08-13,3.8981,6.6441,-0.0012,False
2026-08-14,3.9879,6.7339,0.023,False
2026-08-17,4.1204,6.8664,0.0332,False
2026-08-18,4.1463,6.8923,0.0063,False
2026-08-19,3.9061,6.6521,-0.0579,False
2026-08-20,3.9317,6.6777,0.0066,False
2026-08-21,3.988,6.734,0.0143,False
2026-08-24,3.9149,6.6609,-0.0183,False
2026-08-25,3.9329,6.6789,0.0046,False
2026-08-26,3.9289,6.6749,-0.001,False
2026-08-27,4.0092,6.7552,0.0204,False
2026-08-28,3.954,6.7,-0.0138,False
2026-08-31,4.0014,6.7474,0.012,False
2026-09-01,3.9408,6.6868,-0.0151,False
2026-09-02,3.8936,6.6396,-0.012,False
2026-09-03,3.9566,6.7026,0.016200000000000003,False
2026-09-04,3.8517,6.5977,-0.0265,False
2026-09-07,3.9535,6.6995,0.0264,False
2026-09-08,3.9045,6.6505,-0.0124,False
2026-09-09,3.9527,6.6987,0.0123,False
2026-09-10,3.9211,6.6671,-0.008,False
2026-09-11,3.8745,6.6205,-0.011899999999999999,False
2026-09-14,3.8479,6.5939,-0.0069,False
