date,nav,nav_acc,daily_ret,suspicious_jump
2014-08-12,1.0,1.0,0.0,False
2014-08-15,1.002,1.002,0.0,False
2014-08-22,1.009,1.009,0.0,False
2014-08-29,0.998,0.998,0.0,False
2014-09-05,1.039,1.039,0.0,False
2014-09-12,1.05,1.05,0.0,False
2014-09-19,1.032,1.032,0.0,False
2014-09-26,1.043,1.043,0.0,False
2014-09-30,1.055,1.055,0.0,False
2014-10-10,1.059,1.059,0.0,False
2014-10-17,1.046,1.046,0.0,False
2014-10-24,1.029,1.029,0.0,False
2014-10-31,1.055,1.055,0.0,False
2014-11-07,1.048,1.048,0.0,False
2014-11-10,1.059,1.059,0.029580000000000002,False
2014-11-11,1.008,1.028,-0.048159,False
2014-11-12,1.019,1.039,0.010912999999999999,False
2014-11-13,1.001,1.021,-0.017664,False
2014-11-14,0.998,1.018,-0.002997,False
2014-11-17,1.009,1.029,0.011022,False
2014-11-18,1.008,1.028,-0.000991,False
2014-11-19,1.011,1.031,0.002976,False
2014-11-20,1.008,1.028,-0.002967,False
2014-11-21,1.015,1.035,0.0069440000000000005,False
2014-11-24,1.024,1.044,0.008867,False
2014-11-25,1.041,1.061,0.016602,False
2014-11-26,1.045,1.065,0.003842,False
2014-11-27,1.044,1.064,-0.000957,False
2014-11-28,1.047,1.067,0.002874,False
2014-12-01,1.048,1.068,0.000955,False
2014-12-02,1.056,1.076,0.007633999999999999,False
2014-12-03,1.077,1.097,0.019886,False
2014-12-04,1.1,1.12,0.021356,False
2014-12-05,1.086,1.106,-0.012726999999999999,False
2014-12-08,1.099,1.119,0.011971,False
2014-12-09,1.05,1.07,-0.044585999999999994,False
2014-12-10,1.102,1.122,0.049524,False
2014-12-11,1.114,1.134,0.010889,False
2014-12-12,1.116,1.136,0.001795,False
2014-12-15,1.129,1.149,0.011649,False
2014-12-16,1.124,1.144,-0.004429,False
2014-12-17,1.119,1.139,-0.004448,False
2014-12-18,1.115,1.135,-0.003575,False
2014-12-19,1.101,1.121,-0.012556000000000001,False
2014-12-22,1.074,1.094,-0.024523000000000003,False
2014-12-23,1.065,1.085,-0.00838,False
2014-12-24,1.068,1.088,0.002817,False
2014-12-25,1.082,1.102,0.013108999999999999,False
2014-12-26,1.09,1.11,0.0073939999999999995,False
2014-12-29,1.072,1.092,-0.016514,False
2014-12-30,1.052,1.072,-0.018657,False
2014-12-31,1.07,1.09,0.01711,False
2015-01-05,1.099,1.119,0.027103000000000002,False
2015-01-06,1.136,1.156,0.033666999999999996,False
2015-01-07,1.126,1.146,-0.008803,False
2015-01-08,1.114,1.134,-0.010657000000000002,False
2015-01-09,1.11,1.13,-0.0035909999999999996,False
2015-01-12,1.11,1.13,0.0,False
2015-01-13,1.124,1.144,0.012613000000000001,False
2015-01-14,1.116,1.136,-0.007117,False
2015-01-15,1.139,1.159,0.020609000000000002,False
2015-01-16,1.152,1.172,0.011414,False
2015-01-19,1.088,1.108,-0.055556,False
2015-01-20,1.122,1.142,0.03125,False
2015-01-21,1.163,1.183,0.036542,False
2015-01-22,1.171,1.191,0.006879,False
2015-01-23,1.165,1.185,-0.005124,False
2015-01-26,1.18,1.2,0.012876,False
2015-01-27,1.179,1.199,-0.000847,False
2015-01-28,1.159,1.179,-0.016964,False
2015-01-29,1.145,1.165,-0.012079,False
2015-01-30,1.137,1.157,-0.006987,False
2015-02-02,1.129,1.149,-0.007036,False
2015-02-03,1.161,1.181,0.028344,False
2015-02-04,1.162,1.182,0.000861,False
2015-02-05,1.155,1.175,-0.006024000000000001,False
2015-02-06,1.132,1.152,-0.019913,False
2015-02-09,1.131,1.151,-0.000883,False
2015-02-10,1.158,1.178,0.023873000000000002,False
2015-02-11,1.176,1.196,0.015544,False
2015-02-12,1.176,1.196,0.0,False
2015-02-13,1.19,1.21,0.011904999999999999,False
2015-02-16,1.206,1.226,0.013445,False
2015-02-17,1.219,1.239,0.010779,False
2015-02-25,1.206,1.226,-0.010664,False
2015-02-26,1.215,1.235,0.007463,False
2015-02-27,1.225,1.245,0.00823,False
2015-03-02,1.248,1.268,0.018776,False
2015-03-03,1.216,1.236,-0.025640999999999997,False
2015-03-04,1.228,1.248,0.009868,False
2015-03-05,1.221,1.241,-0.005699999999999999,False
2015-03-06,1.194,1.214,-0.022113,False
2015-03-09,1.214,1.234,0.01675,False
2015-03-10,1.226,1.246,0.009885,False
2015-03-11,1.226,1.246,0.0,False
2015-03-12,1.23,1.25,0.003263,False
2015-03-13,1.248,1.268,0.014634000000000001,False
2015-03-16,1.293,1.313,0.036058,False
2015-03-17,1.293,1.313,0.0,False
2015-03-18,1.307,1.327,0.010827999999999999,False
2015-03-19,1.311,1.331,0.00306,False
2015-03-20,1.33,1.35,0.014493,False
2015-03-23,1.369,1.389,0.029323000000000002,False
2015-03-24,1.385,1.405,0.011687000000000001,False
2015-03-25,1.402,1.422,0.012274,False
2015-03-26,1.359,1.379,-0.030670000000000003,False
2015-03-27,1.386,1.406,0.019868,False
2015-03-30,1.414,1.434,0.020202,False
2015-03-31,1.418,1.438,0.002829,False
2015-04-01,1.445,1.465,0.019041,False
2015-04-02,1.46,1.48,0.010381,False
2015-04-03,1.494,1.514,0.023288000000000003,False
2015-04-07,1.511,1.531,0.011378999999999998,False
2015-04-08,1.483,1.503,-0.018531,False
2015-04-09,1.469,1.489,-0.009439999999999999,False
2015-04-10,1.511,1.531,0.028591000000000002,False
2015-04-13,1.527,1.547,0.010589,False
2015-04-14,1.509,1.529,-0.011788,False
2015-04-15,1.457,1.477,-0.034460000000000005,False
2015-04-16,1.48,1.5,0.015786,False
2015-04-17,1.492,1.512,0.008107999999999999,False
2015-04-20,1.449,1.469,-0.028820000000000002,False
2015-04-21,1.501,1.521,0.035886999999999995,False
2015-04-22,1.539,1.559,0.025316,False
2015-04-23,1.559,1.579,0.012995000000000001,False
2015-04-24,1.57,1.59,0.007056,False
2015-04-27,1.557,1.577,-0.00828,False
2015-04-28,1.525,1.545,-0.020552,False
2015-04-29,1.56,1.58,0.022951000000000003,False
2015-04-30,1.565,1.585,0.003205,False
2015-05-04,1.581,1.601,0.010224,False
2015-05-05,1.527,1.547,-0.034156,False
2015-05-06,1.52,1.54,-0.0045839999999999995,False
2015-05-07,1.513,1.533,-0.004605000000000001,False
2015-05-08,1.579,1.599,0.043621999999999994,False
2015-05-11,1.657,1.677,0.049398,False
2015-05-12,1.687,1.707,0.018105,False
2015-05-13,1.695,1.715,0.004742,False
2015-05-14,1.702,1.722,0.00413,False
2015-05-15,1.708,1.728,0.003525,False
2015-05-18,1.753,1.773,0.026347,False
2015-05-19,1.813,1.833,0.034227,False
2015-05-20,1.841,1.861,0.015444,False
2015-05-21,1.896,1.916,0.029875,False
2015-05-22,1.937,1.957,0.021623999999999997,False
2015-05-25,1.95,1.97,0.006711,False
2015-05-26,2.015,2.035,0.033333,False
2015-05-27,2.005,2.025,-0.004963,False
2015-05-28,1.879,1.899,-0.062843,False
2015-05-29,1.923,1.943,0.023417,False
2015-06-01,2.014,2.034,0.047321999999999996,False
2015-06-02,2.076,2.096,0.030785,False
2015-06-03,2.083,2.103,0.003372,False
2015-06-04,2.06,2.08,-0.011042000000000001,False
2015-06-05,2.069,2.089,0.0043690000000000005,False
2015-06-08,2.003,2.023,-0.031899000000000004,False
2015-06-09,1.985,2.005,-0.008987,False
2015-06-10,2.04,2.06,0.027708,False
2015-06-11,2.06,2.08,0.009804,False
2015-06-12,2.077,2.097,0.008252,False
2015-06-15,2.006,2.026,-0.034184,False
2015-06-16,1.947,1.967,-0.029411999999999997,False
2015-06-17,1.978,1.998,0.015922000000000002,False
2015-06-18,1.886,1.906,-0.046512000000000005,False
2015-06-19,1.75,1.77,-0.07211000000000001,False
2015-06-23,1.776,1.796,0.014857,False
2015-06-24,1.794,1.814,0.010135,False
2015-06-25,1.72,1.74,-0.041249,False
2015-06-26,1.56,1.58,-0.09302300000000001,False
2015-06-29,1.448,1.468,-0.071795,False
2015-06-30,1.541,1.561,0.06422699999999999,False
2015-07-01,1.453,1.473,-0.057106000000000004,False
2015-07-02,1.361,1.381,-0.063317,False
2015-07-03,1.289,1.309,-0.052902,False
2015-07-06,1.25,1.27,-0.030255999999999998,False
2015-07-07,1.215,1.235,-0.027999999999999997,False
2015-07-08,1.123,1.143,-0.07572,False
2015-07-09,1.182,1.202,0.052538,False
2015-07-10,1.243,1.263,0.051607,False
2015-07-13,1.319,1.339,0.061142,False
2015-07-14,1.364,1.384,0.034117,False
2015-07-15,1.302,1.322,-0.045454999999999995,False
2015-07-16,1.332,1.352,0.023041,False
2015-07-17,1.415,1.435,0.062312000000000006,False
2015-07-20,1.449,1.469,0.024028,False
2015-07-21,1.476,1.496,0.018633999999999998,False
2015-07-22,1.488,1.508,0.00813,False
2015-07-23,1.536,1.556,0.032258,False
2015-07-24,1.512,1.532,-0.015625,False
2015-07-27,1.409,1.429,-0.068122,False
2015-07-28,1.347,1.367,-0.044002999999999994,False
2015-07-29,1.408,1.428,0.045286,False
2015-07-30,1.369,1.389,-0.027698999999999998,False
2015-07-31,1.343,1.363,-0.018992,False
2015-08-03,1.273,1.293,-0.052122,False
2015-08-04,1.351,1.371,0.061273,False
2015-08-05,1.34,1.36,-0.008142,False
2015-08-06,1.342,1.362,0.001493,False
2015-08-07,1.395,1.415,0.039493,False
2015-08-10,1.472,1.492,0.055197,False
2015-08-11,1.472,1.492,0.0,False
2015-08-12,1.438,1.458,-0.023098,False
2015-08-13,1.484,1.504,0.031989000000000004,False
2015-08-14,1.48,1.5,-0.0026950000000000003,False
2015-08-17,1.488,1.508,0.005405,False
2015-08-18,1.375,1.395,-0.075941,False
2015-08-19,1.403,1.423,0.020364,False
2015-08-20,1.35,1.37,-0.037776000000000004,False
2015-08-21,1.272,1.292,-0.057778,False
2015-08-24,1.172,1.192,-0.078616,False
2015-08-25,1.081,1.101,-0.077645,False
2015-08-26,1.04,1.06,-0.037928,False
2015-08-27,1.098,1.118,0.055769,False
2015-08-28,1.177,1.197,0.071949,False
2015-08-31,1.146,1.166,-0.026338,False
2015-09-01,1.077,1.097,-0.060209,False
2015-09-02,1.054,1.074,-0.021356,False
2015-09-07,1.069,1.089,0.014231,False
2015-09-08,1.126,1.146,0.05332099999999999,False
2015-09-09,1.174,1.194,0.042629,False
2015-09-10,1.161,1.181,-0.011073,False
2015-09-11,1.171,1.191,0.008612999999999999,False
2015-09-14,1.097,1.117,-0.063194,False
2015-09-15,1.045,1.065,-0.047402,False
2015-09-16,1.128,1.148,0.079426,False
2015-09-17,1.119,1.139,-0.007979,False
2015-09-18,1.139,1.159,0.017873,False
2015-09-21,1.184,1.204,0.039508,False
2015-09-22,1.184,1.204,0.0,False
2015-09-23,1.174,1.194,-0.008446,False
2015-09-24,1.187,1.207,0.011073,False
2015-09-25,1.143,1.163,-0.037068,False
2015-09-28,1.175,1.195,0.027997,False
2015-09-29,1.156,1.176,-0.01617,False
2015-09-30,1.165,1.185,0.007784999999999999,False
2015-10-08,1.223,1.243,0.049785,False
2015-10-09,1.241,1.261,0.014718,False
2015-10-12,1.28,1.3,0.031425999999999996,False
2015-10-13,1.294,1.314,0.010938000000000002,False
2015-10-14,1.273,1.293,-0.016229,False
2015-10-15,1.317,1.337,0.034564,False
2015-10-16,1.336,1.356,0.014427,False
2015-10-19,1.322,1.342,-0.010479,False
2015-10-20,1.349,1.369,0.020424,False
2015-10-21,1.265,1.285,-0.062268,False
2015-10-22,1.316,1.336,0.040316,False
2015-10-23,1.354,1.374,0.028875,False
2015-10-26,1.36,1.38,0.004431,False
2015-10-27,1.37,1.39,0.007352999999999999,False
2015-10-28,1.331,1.351,-0.028467,False
2015-10-29,1.343,1.363,0.009016,False
2015-10-30,1.346,1.366,0.002234,False
2015-11-02,1.32,1.34,-0.019316,False
2015-11-03,1.322,1.342,0.0015149999999999999,False
2015-11-04,1.39,1.41,0.051437,False
2015-11-05,1.382,1.402,-0.005755,False
2015-11-06,1.417,1.437,0.025326,False
2015-11-09,1.443,1.463,0.018349,False
2015-11-10,1.444,1.464,0.000693,False
2015-11-11,1.469,1.489,0.017313000000000002,False
2015-11-12,1.459,1.479,-0.006807,False
2015-11-13,1.411,1.431,-0.032899,False
2015-11-16,1.429,1.449,0.012757000000000001,False
2015-11-17,1.406,1.426,-0.016094999999999998,False
2015-11-18,1.382,1.402,-0.017070000000000002,False
2015-11-19,1.413,1.433,0.022431,False
2015-11-20,1.43,1.45,0.012031,False
2015-11-23,1.418,1.438,-0.008392,False
2015-11-24,1.43,1.45,0.008463,False
2015-11-25,1.46,1.48,0.020979,False
2015-11-26,1.446,1.466,-0.009589,False
2015-11-27,1.366,1.386,-0.055325,False
2015-11-30,1.392,1.412,0.019034,False
2015-12-01,1.4,1.42,0.0057469999999999995,False
2015-12-02,1.394,1.414,-0.004286,False
2015-12-03,1.435,1.455,0.029411999999999997,False
2015-12-04,1.424,1.444,-0.007665999999999999,False
2015-12-07,1.443,1.463,0.013343,False
2015-12-08,1.421,1.441,-0.015246,False
2015-12-09,1.431,1.451,0.007037,False
2015-12-10,1.441,1.461,0.006987999999999999,False
2015-12-11,1.421,1.441,-0.013878999999999999,False
2015-12-14,1.437,1.457,0.01126,False
2015-12-15,1.445,1.465,0.005567,False
2015-12-16,1.457,1.477,0.008304,False
2015-12-17,1.5,1.52,0.029512999999999998,False
2015-12-18,1.515,1.535,0.01,False
2015-12-21,1.548,1.568,0.021782,False
2015-12-22,1.572,1.592,0.015504,False
2015-12-23,1.543,1.563,-0.018448,False
2015-12-24,1.541,1.561,-0.0012959999999999998,False
2015-12-25,1.545,1.565,0.002596,False
2015-12-28,1.505,1.525,-0.02589,False
2015-12-29,1.511,1.531,0.003987,False
2015-12-30,1.516,1.536,0.0033090000000000003,False
2015-12-31,1.485,1.505,-0.020449000000000002,False
2016-01-04,1.363,1.383,-0.082155,False
2016-01-05,1.334,1.354,-0.021277,False
2016-01-06,1.356,1.376,0.016492,False
2016-01-07,1.241,1.261,-0.08480800000000001,False
2016-01-08,1.248,1.268,0.005641,False
2016-01-11,1.161,1.181,-0.069712,False
2016-01-12,1.183,1.203,0.018949,False
2016-01-13,1.143,1.163,-0.033812,False
2016-01-14,1.193,1.213,0.043745000000000006,False
2016-01-15,1.151,1.171,-0.035205,False
2016-01-18,1.171,1.191,0.017376,False
2016-01-19,1.215,1.235,0.037575,False
2016-01-20,1.195,1.215,-0.016461,False
2016-01-21,1.142,1.162,-0.044351,False
2016-01-22,1.157,1.177,0.013134999999999999,False
2016-01-25,1.165,1.185,0.006914,False
2016-01-26,1.075,1.095,-0.077253,False
2016-01-27,1.056,1.076,-0.017674000000000002,False
2016-01-28,1.019,1.039,-0.035038,False
2016-01-29,1.065,1.085,0.045141999999999995,False
2016-02-01,1.063,1.083,-0.001878,False
2016-02-02,1.101,1.121,0.035748,False
2016-02-03,1.102,1.122,0.0009080000000000001,False
2016-02-04,1.12,1.14,0.016334,False
2016-02-05,1.108,1.128,-0.010714,False
2016-02-15,1.104,1.124,-0.00361,False
2016-02-16,1.164,1.184,0.054348,False
2016-02-17,1.176,1.196,0.010308999999999999,False
2016-02-18,1.172,1.192,-0.003401,False
2016-02-19,1.177,1.197,0.004266,False
2016-02-22,1.2,1.22,0.019541,False
2016-02-23,1.189,1.209,-0.009167,False
2016-02-24,1.181,1.201,-0.006728,False
2016-02-25,1.09,1.11,-0.077053,False
2016-02-26,1.089,1.109,-0.0009170000000000001,False
2016-02-29,1.023,1.043,-0.060606,False
2016-03-01,1.045,1.065,0.021505,False
2016-03-02,1.094,1.114,0.04689,False
2016-03-03,1.091,1.111,-0.002742,False
2016-03-04,1.055,1.075,-0.032997,False
2016-03-07,1.082,1.102,0.025592,False
2016-03-08,1.09,1.11,0.0073939999999999995,False
2016-03-09,1.071,1.091,-0.017431000000000002,False
2016-03-10,1.052,1.072,-0.01774,False
2016-03-11,1.047,1.067,-0.004753,False
2016-03-14,1.09,1.11,0.04107,False
2016-03-15,1.082,1.102,-0.007339,False
2016-03-16,1.069,1.089,-0.012015,False
2016-03-17,1.119,1.139,0.046772999999999995,False
2016-03-18,1.166,1.186,0.042002,False
2016-03-21,1.19,1.21,0.020583,False
2016-03-22,1.192,1.212,0.001681,False
2016-03-23,1.2,1.22,0.006711,False
2016-03-24,1.187,1.207,-0.010832999999999999,False
2016-03-25,1.191,1.211,0.00337,False
2016-03-28,1.179,1.199,-0.010076,False
2016-03-29,1.149,1.169,-0.025445000000000002,False
2016-03-30,1.197,1.217,0.041775,False
2016-03-31,1.201,1.221,0.003342,False
2016-04-01,1.191,1.211,-0.008326,False
2016-04-05,1.218,1.238,0.02267,False
2016-04-06,1.23,1.25,0.009852,False
2016-04-07,1.215,1.235,-0.012195000000000001,False
2016-04-08,1.194,1.214,-0.017284,False
2016-04-11,1.224,1.244,0.025126,False
2016-04-12,1.22,1.24,-0.0032679999999999996,False
2016-04-13,1.234,1.254,0.011474999999999999,False
2016-04-14,1.246,1.266,0.009724,False
2016-04-15,1.244,1.264,-0.001605,False
2016-04-18,1.23,1.25,-0.011254,False
2016-04-19,1.231,1.251,0.0008129999999999999,False
2016-04-20,1.169,1.189,-0.050366,False
2016-04-21,1.151,1.171,-0.015398,False
2016-04-22,1.168,1.188,0.01477,False
2016-04-25,1.159,1.179,-0.007705,False
2016-04-26,1.167,1.187,0.006903,False
2016-04-27,1.172,1.192,0.004284,False
2016-04-28,1.173,1.193,0.000853,False
2016-04-29,1.175,1.195,0.0017050000000000001,False
2016-05-03,1.216,1.236,0.034894,False
2016-05-04,1.216,1.236,0.0,False
2016-05-05,1.221,1.241,0.004112,False
2016-05-06,1.176,1.196,-0.036855,False
2016-05-09,1.131,1.151,-0.038265,False
2016-05-10,1.139,1.159,0.007073,False
2016-05-11,1.131,1.151,-0.007024,False
2016-05-12,1.134,1.154,0.002653,False
2016-05-13,1.13,1.15,-0.003527,False
2016-05-16,1.151,1.171,0.018584,False
2016-05-17,1.146,1.166,-0.004344,False
2016-05-18,1.113,1.133,-0.028796,False
2016-05-19,1.117,1.137,0.003594,False
2016-05-20,1.135,1.155,0.016115,False
2016-05-23,1.15,1.17,0.013216,False
2016-05-24,1.141,1.161,-0.007826,False
2016-05-25,1.131,1.151,-0.008764,False
2016-05-26,1.133,1.153,0.001768,False
2016-05-27,1.132,1.152,-0.000883,False
2016-05-30,1.131,1.151,-0.000883,False
2016-05-31,1.179,1.199,0.04244,False
2016-06-01,1.19,1.21,0.00933,False
2016-06-02,1.201,1.221,0.009244,False
2016-06-03,1.211,1.231,0.008326,False
2016-06-06,1.216,1.236,0.004129,False
2016-06-07,1.213,1.233,-0.002467,False
2016-06-08,1.209,1.229,-0.0032979999999999997,False
2016-06-13,1.154,1.174,-0.045492,False
2016-06-14,1.16,1.18,0.0051990000000000005,False
2016-06-15,1.2,1.22,0.034483,False
2016-06-16,1.194,1.214,-0.005,False
2016-06-17,1.217,1.237,0.019263,False
2016-06-20,1.223,1.243,0.00493,False
2016-06-21,1.206,1.226,-0.0139,False
2016-06-22,1.227,1.247,0.017413,False
2016-06-23,1.224,1.244,-0.002445,False
2016-06-24,1.22,1.24,-0.0032679999999999996,False
2016-06-27,1.245,1.265,0.020492,False
2016-06-28,1.262,1.282,0.013654999999999999,False
2016-06-29,1.27,1.29,0.006339,False
2016-06-30,1.274,1.294,0.00315,False
2016-07-01,1.269,1.289,-0.0039250000000000005,False
2016-07-04,1.291,1.311,0.017336,False
2016-07-05,1.285,1.305,-0.004648,False
2016-07-06,1.294,1.314,0.007004,False
2016-07-07,1.292,1.312,-0.0015459999999999998,False
2016-07-08,1.287,1.307,-0.00387,False
2016-07-11,1.281,1.301,-0.004662,False
2016-07-12,1.305,1.325,0.018734999999999998,False
2016-07-13,1.311,1.331,0.004598,False
2016-07-14,1.312,1.332,0.0007630000000000001,False
2016-07-15,1.304,1.324,-0.006098,False
2016-07-18,1.305,1.325,0.000767,False
2016-07-19,1.303,1.323,-0.0015329999999999999,False
2016-07-20,1.301,1.321,-0.001535,False
2016-07-21,1.31,1.33,0.006918,False
2016-07-22,1.297,1.317,-0.009923999999999999,False
2016-07-25,1.303,1.323,0.004626,False
2016-07-26,1.321,1.341,0.013814,False
2016-07-27,1.256,1.276,-0.049205,False
2016-07-28,1.253,1.273,-0.002389,False
2016-07-29,1.246,1.266,-0.005587,False
2016-08-01,1.232,1.252,-0.011236,False
2016-08-02,1.244,1.264,0.00974,False
2016-08-03,1.241,1.261,-0.002412,False
2016-08-04,1.252,1.272,0.008864,False
2016-08-05,1.247,1.267,-0.003994,False
2016-08-08,1.267,1.287,0.016038,False
2016-08-09,1.281,1.301,0.011049999999999999,False
2016-08-10,1.277,1.297,-0.0031230000000000003,False
2016-08-11,1.252,1.272,-0.019577,False
2016-08-12,1.262,1.282,0.007987,False
2016-08-15,1.287,1.307,0.01981,False
2016-08-16,1.294,1.314,0.005439,False
2016-08-17,1.291,1.311,-0.002318,False
2016-08-18,1.286,1.306,-0.0038729999999999997,False
2016-08-19,1.285,1.305,-0.0007779999999999999,False
2016-08-22,1.273,1.293,-0.009339,False
2016-08-23,1.274,1.294,0.000786,False
2016-08-24,1.277,1.297,0.002355,False
2016-08-25,1.273,1.293,-0.003132,False
2016-08-26,1.282,1.302,0.00707,False
2016-08-29,1.284,1.304,0.00156,False
2016-08-30,1.282,1.302,-0.001558,False
2016-08-31,1.275,1.295,-0.0054600000000000004,False
2016-09-01,1.269,1.289,-0.004706,False
2016-09-02,1.26,1.28,-0.007092,False
2016-09-05,1.27,1.29,0.007937,False
2016-09-06,1.293,1.313,0.01811,False
2016-09-07,1.294,1.314,0.0007729999999999999,False
2016-09-08,1.297,1.317,0.002318,False
2016-09-09,1.281,1.301,-0.012336,False
2016-09-12,1.245,1.265,-0.028103,False
2016-09-13,1.25,1.27,0.0040160000000000005,False
2016-09-14,1.244,1.264,-0.0048,False
2016-09-19,1.254,1.274,0.008039,False
2016-09-20,1.258,1.278,0.00319,False
2016-09-21,1.266,1.286,0.006359,False
2016-09-22,1.27,1.29,0.00316,False
2016-09-23,1.268,1.288,-0.001575,False
2016-09-26,1.241,1.261,-0.021293000000000003,False
2016-09-27,1.25,1.27,0.007252,False
2016-09-28,1.253,1.273,0.0024,False
2016-09-29,1.259,1.279,0.004789,False
2016-09-30,1.267,1.287,0.006353999999999999,False
2016-10-10,1.286,1.306,0.014996,False
2016-10-11,1.292,1.312,0.004666,False
2016-10-12,1.297,1.317,0.00387,False
2016-10-13,1.295,1.315,-0.001542,False
2016-10-14,1.295,1.315,0.0,False
2016-10-17,1.277,1.297,-0.0139,False
2016-10-18,1.292,1.312,0.011746000000000001,False
2016-10-19,1.285,1.305,-0.005417999999999999,False
2016-10-20,1.288,1.308,0.0023350000000000003,False
2016-10-21,1.283,1.303,-0.003882,False
2016-10-24,1.284,1.304,0.000779,False
2016-10-25,1.288,1.308,0.003115,False
2016-10-26,1.287,1.307,-0.000776,False
2016-10-27,1.286,1.306,-0.000777,False
2016-10-28,1.28,1.3,-0.004666,False
2016-10-31,1.286,1.306,0.004688,False
2016-11-01,1.299,1.319,0.010109,False
2016-11-02,1.289,1.309,-0.007698,False
2016-11-03,1.292,1.312,0.002327,False
2016-11-04,1.284,1.304,-0.006192,False
2016-11-07,1.282,1.302,-0.001558,False
2016-11-08,1.285,1.305,0.00234,False
2016-11-09,1.276,1.296,-0.007004,False
2016-11-10,1.288,1.308,0.009404000000000001,False
2016-11-11,1.282,1.302,-0.004658,False
2016-11-14,1.279,1.299,-0.00234,False
2016-11-15,1.288,1.308,0.007037,False
2016-11-16,1.293,1.313,0.003882,False
2016-11-17,1.292,1.312,-0.0007729999999999999,False
2016-11-18,1.291,1.311,-0.000774,False
2016-11-21,1.284,1.304,-0.005422,False
2016-11-22,1.296,1.316,0.009346,False
2016-11-23,1.29,1.31,-0.0046300000000000004,False
2016-11-24,1.286,1.306,-0.003101,False
2016-11-25,1.293,1.313,0.005443,False
2016-11-28,1.294,1.314,0.0007729999999999999,False
2016-11-29,1.296,1.316,0.0015459999999999998,False
2016-11-30,1.293,1.313,-0.0023150000000000002,False
2016-12-01,1.295,1.315,0.001547,False
2016-12-02,1.284,1.304,-0.008494,False
2016-12-05,1.283,1.303,-0.000779,False
2016-12-06,1.288,1.308,0.003897,False
2016-12-07,1.29,1.31,0.001553,False
2016-12-08,1.284,1.304,-0.004651,False
2016-12-09,1.278,1.298,-0.004673,False
2016-12-12,1.236,1.256,-0.032864,False
2016-12-13,1.24,1.26,0.003236,False
2016-12-14,1.223,1.243,-0.01371,False
2016-12-15,1.222,1.242,-0.0008179999999999999,False
2016-12-16,1.231,1.251,0.007365,False
2016-12-19,1.225,1.245,-0.004874,False
2016-12-20,1.225,1.245,0.0,False
2016-12-21,1.229,1.249,0.003265,False
2016-12-22,1.229,1.249,0.0,False
2016-12-23,1.22,1.24,-0.007323,False
2016-12-26,1.225,1.245,0.004098,False
2016-12-27,1.223,1.243,-0.001633,False
2016-12-28,1.221,1.241,-0.0016350000000000002,False
2016-12-29,1.219,1.239,-0.001638,False
2016-12-30,1.224,1.244,0.004102,False
2016-12-31,1.224,1.244,0.0,False
2017-01-03,1.228,1.248,0.0032679999999999996,False
2017-01-04,1.237,1.257,0.007329,False
2017-01-05,1.235,1.255,-0.0016170000000000002,False
2017-01-06,1.228,1.248,-0.005667999999999999,False
2017-01-09,1.232,1.252,0.003257,False
2017-01-10,1.23,1.25,-0.001623,False
2017-01-11,1.219,1.239,-0.008943,False
2017-01-12,1.209,1.229,-0.008203,False
2017-01-13,1.201,1.221,-0.006617,False
2017-01-16,1.177,1.197,-0.019983,False
2017-01-17,1.185,1.205,0.006797,False
2017-01-18,1.185,1.205,0.0,False
2017-01-19,1.183,1.203,-0.001688,False
2017-01-20,1.199,1.219,0.013525,False
2017-01-23,1.202,1.222,0.002502,False
2017-01-24,1.201,1.221,-0.000832,False
2017-01-25,1.208,1.228,0.005828,False
2017-01-26,1.214,1.234,0.004967,False
2017-02-03,1.209,1.229,-0.004119,False
2017-02-06,1.222,1.242,0.010752999999999999,False
2017-02-07,1.213,1.233,-0.007365,False
2017-02-08,1.214,1.234,0.000824,False
2017-02-09,1.217,1.237,0.0024709999999999997,False
2017-02-10,1.219,1.239,0.001643,False
2017-02-13,1.227,1.247,0.006563,False
2017-02-14,1.229,1.249,0.0016300000000000002,False
2017-02-15,1.216,1.236,-0.010578,False
2017-02-16,1.225,1.245,0.007401,False
2017-02-17,1.214,1.234,-0.00898,False
2017-02-20,1.234,1.254,0.016474,False
2017-02-21,1.243,1.263,0.007292999999999999,False
2017-02-22,1.252,1.272,0.007241,False
2017-02-23,1.249,1.269,-0.002396,False
2017-02-24,1.247,1.267,-0.001601,False
2017-02-27,1.237,1.257,-0.008019,False
2017-02-28,1.238,1.258,0.000808,False
2017-03-01,1.241,1.261,0.002423,False
2017-03-02,1.236,1.256,-0.004029,False
2017-03-03,1.238,1.258,0.001618,False
2017-03-06,1.253,1.273,0.012116,False
2017-03-07,1.251,1.271,-0.001596,False
2017-03-08,1.246,1.266,-0.003997,False
2017-03-09,1.237,1.257,-0.007223,False
2017-03-10,1.244,1.264,0.005659,False
2017-03-13,1.255,1.275,0.008842,False
2017-03-14,1.256,1.276,0.000797,False
2017-03-15,1.26,1.28,0.003185,False
2017-03-16,1.267,1.287,0.005556,False
2017-03-17,1.252,1.272,-0.011838999999999999,False
2017-03-20,1.255,1.275,0.002396,False
2017-03-21,1.259,1.279,0.0031869999999999997,False
2017-03-22,1.254,1.274,-0.003971,False
2017-03-23,1.256,1.276,0.001595,False
2017-03-24,1.267,1.287,0.008758,False
2017-03-27,1.263,1.283,-0.0031569999999999997,False
2017-03-28,1.26,1.28,-0.002375,False
2017-03-29,1.257,1.277,-0.002381,False
2017-03-30,1.245,1.265,-0.009547,False
2017-03-31,1.255,1.275,0.008032000000000001,False
2017-04-05,1.28,1.3,0.01992,False
2017-04-06,1.286,1.306,0.004688,False
2017-04-07,1.295,1.315,0.006998,False
2017-04-10,1.296,1.316,0.000772,False
2017-04-11,1.305,1.325,0.0069440000000000005,False
2017-04-12,1.304,1.324,-0.000766,False
2017-04-13,1.31,1.33,0.004601,False
2017-04-14,1.298,1.318,-0.00916,False
2017-04-17,1.289,1.309,-0.006934,False
2017-04-18,1.289,1.309,0.0,False
2017-04-19,1.277,1.297,-0.00931,False
2017-04-20,1.281,1.301,0.003132,False
2017-04-21,1.288,1.308,0.005464,False
2017-04-24,1.267,1.287,-0.016304,False
2017-04-25,1.27,1.29,0.0023680000000000003,False
2017-04-26,1.273,1.293,0.002362,False
2017-04-27,1.275,1.295,0.001571,False
2017-04-28,1.278,1.298,0.002353,False
2017-05-02,1.275,1.295,-0.002347,False
2017-05-03,1.269,1.289,-0.004706,False
2017-05-04,1.265,1.285,-0.003152,False
2017-05-05,1.248,1.268,-0.013439000000000001,False
2017-05-08,1.228,1.248,-0.016026,False
2017-05-09,1.236,1.256,0.006515,False
2017-05-10,1.225,1.245,-0.0089,False
2017-05-11,1.224,1.244,-0.0008160000000000001,False
2017-05-12,1.228,1.248,0.0032679999999999996,False
2017-05-15,1.235,1.255,0.005699999999999999,False
2017-05-16,1.254,1.274,0.015385,False
2017-05-17,1.252,1.272,-0.001595,False
2017-05-18,1.248,1.268,-0.003195,False
2017-05-19,1.248,1.268,0.0,False
2017-05-22,1.239,1.259,-0.007212,False
2017-05-23,1.226,1.246,-0.010492,False
2017-05-24,1.229,1.249,0.002447,False
2017-05-25,1.245,1.265,0.013019000000000001,False
2017-05-26,1.246,1.266,0.000803,False
2017-05-31,1.243,1.263,-0.002408,False
2017-06-01,1.232,1.252,-0.00885,False
2017-06-02,1.237,1.257,0.004058,False
2017-06-05,1.24,1.26,0.002425,False
2017-06-06,1.249,1.269,0.007258,False
2017-06-07,1.269,1.289,0.016013,False
2017-06-08,1.276,1.296,0.005516,False
2017-06-09,1.279,1.299,0.0023510000000000002,False
2017-06-12,1.274,1.294,-0.003909,False
2017-06-13,1.284,1.304,0.007849,False
2017-06-14,1.275,1.295,-0.007009,False
2017-06-15,1.28,1.3,0.003922,False
2017-06-16,1.279,1.299,-0.000781,False
2017-06-19,1.291,1.311,0.009382,False
2017-06-20,1.291,1.311,0.0,False
2017-06-21,1.3,1.32,0.006971000000000001,False
2017-06-22,1.291,1.311,-0.006923,False
2017-06-23,1.3,1.32,0.006971000000000001,False
2017-06-26,1.325,1.345,0.019231,False
2017-06-27,1.329,1.349,0.003019,False
2017-06-28,1.324,1.344,-0.0037619999999999997,False
2017-06-29,1.333,1.353,0.006797999999999999,False
2017-06-30,1.334,1.354,0.00075,False
2017-07-03,1.343,1.363,0.0067469999999999995,False
2017-07-04,1.334,1.354,-0.006701,False
2017-07-05,1.349,1.369,0.011244,False
2017-07-06,1.354,1.374,0.0037059999999999997,False
2017-07-07,1.36,1.38,0.004431,False
2017-07-10,1.363,1.383,0.002206,False
2017-07-11,1.356,1.376,-0.005135999999999999,False
2017-07-12,1.356,1.376,0.0,False
2017-07-13,1.362,1.382,0.004425,False
2017-07-14,1.367,1.387,0.003671,False
2017-07-17,1.334,1.354,-0.02414,False
2017-07-18,1.347,1.367,0.009745,False
2017-07-19,1.376,1.396,0.021529,False
2017-07-20,1.38,1.4,0.0029070000000000003,False
2017-07-21,1.381,1.401,0.000725,False
2017-07-24,1.392,1.412,0.007965,False
2017-07-25,1.389,1.409,-0.002155,False
2017-07-26,1.391,1.411,0.0014399999999999999,False
2017-07-27,1.39,1.41,-0.000719,False
2017-07-28,1.398,1.418,0.005755,False
2017-07-31,1.415,1.435,0.012159999999999999,False
2017-08-01,1.419,1.439,0.002827,False
2017-08-02,1.416,1.436,-0.002114,False
2017-08-03,1.416,1.436,0.0,False
2017-08-04,1.408,1.428,-0.00565,False
2017-08-07,1.423,1.443,0.010653,False
2017-08-08,1.422,1.442,-0.0007030000000000001,False
2017-08-09,1.428,1.448,0.004219,False
2017-08-10,1.416,1.436,-0.008403,False
2017-08-11,1.384,1.404,-0.022599,False
2017-08-14,1.402,1.422,0.013006,False
2017-08-15,1.406,1.426,0.002853,False
2017-08-16,1.405,1.425,-0.0007109999999999999,False
2017-08-17,1.414,1.434,0.006405999999999999,False
2017-08-18,1.417,1.437,0.002122,False
2017-08-21,1.425,1.445,0.005646,False
2017-08-22,1.422,1.442,-0.002105,False
2017-08-23,1.412,1.432,-0.007032,False
2017-08-24,1.402,1.422,-0.007082000000000001,False
2017-08-25,1.423,1.443,0.014979,False
2017-08-28,1.434,1.454,0.00773,False
2017-08-29,1.435,1.455,0.000697,False
2017-08-30,1.447,1.467,0.008362000000000001,False
2017-08-31,1.447,1.467,0.0,False
2017-09-01,1.458,1.478,0.007602,False
2017-09-04,1.46,1.48,0.001372,False
2017-09-05,1.463,1.483,0.002055,False
2017-09-06,1.467,1.487,0.002734,False
2017-09-07,1.458,1.478,-0.006135000000000001,False
2017-09-08,1.463,1.483,0.0034289999999999998,False
2017-09-11,1.469,1.489,0.0041010000000000005,False
2017-09-12,1.469,1.489,0.0,False
2017-09-13,1.477,1.497,0.0054459999999999995,False
2017-09-14,1.471,1.491,-0.004062,False
2017-09-15,1.459,1.479,-0.008158,False
2017-09-18,1.469,1.489,0.006854,False
2017-09-19,1.464,1.484,-0.003404,False
2017-09-20,1.471,1.491,0.0047810000000000005,False
2017-09-21,1.462,1.482,-0.006118,False
2017-09-22,1.461,1.481,-0.000684,False
2017-09-25,1.446,1.466,-0.010267,False
2017-09-26,1.452,1.472,0.004149,False
2017-09-27,1.464,1.484,0.008264,False
2017-09-28,1.459,1.479,-0.003415,False
2017-09-29,1.47,1.49,0.0075390000000000006,False
2017-10-09,1.489,1.509,0.012924999999999999,False
2017-10-10,1.494,1.514,0.003358,False
2017-10-11,1.488,1.508,-0.0040160000000000005,False
2017-10-12,1.491,1.511,0.002016,False
2017-10-13,1.5,1.52,0.0060360000000000006,False
2017-10-16,1.49,1.51,-0.006666999999999999,False
2017-10-17,1.492,1.512,0.001342,False
2017-10-18,1.488,1.508,-0.0026810000000000002,False
2017-10-19,1.476,1.496,-0.008065,False
2017-10-20,1.483,1.503,0.004743,False
2017-10-23,1.492,1.512,0.006069,False
2017-10-24,1.494,1.514,0.00134,False
2017-10-25,1.512,1.532,0.012048000000000001,False
2017-10-26,1.524,1.544,0.007937,False
2017-10-27,1.523,1.543,-0.000656,False
2017-10-30,1.51,1.53,-0.008536,False
2017-10-31,1.516,1.536,0.003974,False
2017-11-01,1.515,1.535,-0.00066,False
2017-11-02,1.501,1.521,-0.009241000000000001,False
2017-11-03,1.489,1.509,-0.007995,False
2017-11-06,1.509,1.529,0.013432,False
2017-11-07,1.517,1.537,0.005302,False
2017-11-08,1.518,1.538,0.000659,False
2017-11-09,1.526,1.546,0.00527,False
2017-11-10,1.541,1.561,0.00983,False
2017-11-13,1.552,1.572,0.007138,False
2017-11-14,1.545,1.565,-0.00451,False
2017-11-15,1.535,1.555,-0.006472,False
2017-11-16,1.549,1.569,0.009121,False
2017-11-17,1.52,1.54,-0.018722000000000003,False
2017-11-20,1.533,1.553,0.008553,False
2017-11-21,1.548,1.568,0.009785,False
2017-11-22,1.545,1.565,-0.001938,False
2017-11-23,1.506,1.526,-0.025243,False
2017-11-24,1.505,1.525,-0.000664,False
2017-11-27,1.486,1.506,-0.012624999999999999,False
2017-11-28,1.509,1.529,0.015478,False
2017-11-29,1.516,1.536,0.004639,False
2017-11-30,1.502,1.522,-0.009235,False
2017-12-01,1.51,1.53,0.005326,False
2017-12-04,1.505,1.525,-0.003311,False
2017-12-05,1.484,1.504,-0.013953,False
2017-12-06,1.485,1.505,0.000674,False
2017-12-07,1.472,1.492,-0.008754,False
2017-12-08,1.491,1.511,0.012908,False
2017-12-11,1.509,1.529,0.012072000000000001,False
2017-12-12,1.495,1.515,-0.009278,False
2017-12-13,1.508,1.528,0.008696,False
2017-12-14,1.508,1.528,0.0,False
2017-12-15,1.491,1.511,-0.011273,False
2017-12-18,1.492,1.512,0.000671,False
2017-12-19,1.509,1.529,0.011394,False
2017-12-20,1.502,1.522,-0.004639,False
2017-12-21,1.515,1.535,0.008655000000000001,False
2017-12-22,1.515,1.535,0.0,False
2017-12-25,1.509,1.529,-0.00396,False
2017-12-26,1.516,1.536,0.004639,False
2017-12-27,1.499,1.519,-0.011214,False
2017-12-28,1.512,1.532,0.008672,False
2017-12-29,1.52,1.54,0.0052910000000000006,False
2017-12-31,1.52,1.54,0.0,False
2018-01-02,1.548,1.568,0.018421,False
2018-01-03,1.556,1.576,0.005168000000000001,False
2018-01-04,1.563,1.583,0.004499,False
2018-01-05,1.571,1.591,0.005118,False
2018-01-08,1.586,1.606,0.009548,False
2018-01-09,1.592,1.612,0.0037830000000000003,False
2018-01-10,1.588,1.608,-0.002513,False
2018-01-11,1.588,1.608,0.0,False
2018-01-12,1.593,1.613,0.0031490000000000003,False
2018-01-15,1.575,1.595,-0.011298999999999998,False
2018-01-16,1.591,1.611,0.010159,False
2018-01-17,1.579,1.599,-0.007542,False
2018-01-18,1.59,1.61,0.006966,False
2018-01-19,1.587,1.607,-0.001887,False
2018-01-22,1.606,1.626,0.011972,False
2018-01-23,1.616,1.636,0.006227,False
2018-01-24,1.615,1.635,-0.000619,False
2018-01-25,1.617,1.637,0.001238,False
2018-01-26,1.626,1.646,0.005566,False
2018-01-29,1.613,1.633,-0.007995,False
2018-01-30,1.613,1.633,0.0,False
2018-01-31,1.602,1.622,-0.0068200000000000005,False
2018-02-01,1.573,1.593,-0.018102,False
2018-02-02,1.584,1.604,0.006993,False
2018-02-05,1.588,1.608,0.002525,False
2018-02-06,1.531,1.551,-0.035894,False
2018-02-07,1.516,1.536,-0.009798,False
2018-02-08,1.515,1.535,-0.00066,False
2018-02-09,1.454,1.474,-0.040263999999999994,False
2018-02-12,1.483,1.503,0.019945,False
2018-02-13,1.499,1.519,0.010789,False
2018-02-14,1.506,1.526,0.0046700000000000005,False
2018-02-22,1.539,1.559,0.021911999999999997,False
2018-02-23,1.543,1.563,0.002599,False
2018-02-26,1.57,1.59,0.017498,False
2018-02-27,1.555,1.575,-0.009554,False
2018-02-28,1.554,1.574,-0.0006429999999999999,False
2018-03-01,1.57,1.59,0.010296000000000001,False
2018-03-02,1.554,1.574,-0.010190999999999999,False
2018-03-05,1.554,1.574,0.0,False
2018-03-06,1.572,1.592,0.011583000000000001,False
2018-03-07,1.558,1.578,-0.008905999999999999,False
2018-03-08,1.57,1.59,0.007702,False
2018-03-09,1.584,1.604,0.008917000000000001,False
2018-03-12,1.593,1.613,0.005682,False
2018-03-13,1.586,1.606,-0.004394,False
2018-03-14,1.577,1.597,-0.005675,False
2018-03-15,1.581,1.601,0.002536,False
2018-03-16,1.574,1.594,-0.0044280000000000005,False
2018-03-19,1.575,1.595,0.000635,False
2018-03-20,1.58,1.6,0.003175,False
2018-03-21,1.567,1.587,-0.008228,False
2018-03-22,1.555,1.575,-0.007658000000000001,False
2018-03-23,1.495,1.515,-0.038585,False
2018-03-26,1.503,1.523,0.005351,False
2018-03-27,1.528,1.548,0.016633,False
2018-03-28,1.504,1.524,-0.015707,False
2018-03-29,1.526,1.546,0.014628,False
2018-03-30,1.534,1.554,0.005242,False
2018-04-02,1.533,1.553,-0.0006519999999999999,False
2018-04-03,1.523,1.543,-0.006523,False
2018-04-04,1.518,1.538,-0.003283,False
2018-04-09,1.515,1.535,-0.001976,False
2018-04-10,1.536,1.556,0.013861000000000002,False
2018-04-11,1.542,1.562,0.003906,False
2018-04-12,1.535,1.555,-0.00454,False
2018-04-13,1.533,1.553,-0.001303,False
2018-04-16,1.518,1.538,-0.009785,False
2018-04-17,1.489,1.509,-0.019104,False
2018-04-18,1.507,1.527,0.012089,False
2018-04-19,1.522,1.542,0.009954,False
2018-04-20,1.494,1.514,-0.018397,False
2018-04-23,1.487,1.507,-0.004685,False
2018-04-24,1.524,1.544,0.024882,False
2018-04-25,1.526,1.546,0.001312,False
2018-04-26,1.499,1.519,-0.017693,False
2018-04-27,1.496,1.516,-0.002001,False
2018-05-02,1.498,1.518,0.001337,False
2018-05-03,1.508,1.528,0.006676,False
2018-05-04,1.506,1.526,-0.001326,False
2018-05-07,1.529,1.549,0.015271999999999999,False
2018-05-08,1.541,1.561,0.007848,False
2018-05-09,1.541,1.561,0.0,False
2018-05-10,1.549,1.569,0.005191,False
2018-05-11,1.534,1.554,-0.009684,False
2018-05-14,1.537,1.557,0.001956,False
2018-05-15,1.55,1.57,0.008458,False
2018-05-16,1.541,1.561,-0.005806,False
2018-05-17,1.534,1.554,-0.004543,False
2018-05-18,1.548,1.568,0.009126,False
2018-05-21,1.564,1.584,0.010336000000000001,False
2018-05-22,1.566,1.586,0.0012790000000000002,False
2018-05-23,1.543,1.563,-0.014686999999999999,False
2018-05-24,1.541,1.561,-0.0012959999999999998,False
2018-05-25,1.532,1.552,-0.00584,False
2018-05-28,1.533,1.553,0.0006529999999999999,False
2018-05-29,1.521,1.541,-0.007828,False
2018-05-30,1.486,1.506,-0.023011,False
2018-05-31,1.518,1.538,0.021534,False
2018-06-01,1.505,1.525,-0.008564,False
2018-06-04,1.513,1.533,0.0053159999999999995,False
2018-06-05,1.53,1.55,0.011236,False
2018-06-06,1.531,1.551,0.000654,False
2018-06-07,1.525,1.545,-0.003919000000000001,False
2018-06-08,1.508,1.528,-0.011148,False
2018-06-11,1.503,1.523,-0.003316,False
2018-06-12,1.525,1.545,0.014637,False
2018-06-13,1.509,1.529,-0.010492,False
2018-06-14,1.504,1.524,-0.003313,False
2018-06-15,1.489,1.509,-0.009973,False
2018-06-19,1.418,1.438,-0.047683,False
2018-06-20,1.441,1.461,0.016220000000000002,False
2018-06-21,1.428,1.448,-0.009022,False
2018-06-22,1.443,1.463,0.010504,False
2018-06-25,1.433,1.453,-0.0069299999999999995,False
2018-06-26,1.422,1.442,-0.007676,False
2018-06-27,1.393,1.413,-0.020394000000000002,False
2018-06-28,1.376,1.396,-0.012204,False
2018-06-29,1.414,1.434,0.027616,False
2018-06-30,1.414,1.434,0.0,False
2018-07-02,1.388,1.408,-0.018388,False
2018-07-03,1.393,1.413,0.003602,False
2018-07-04,1.381,1.401,-0.008615000000000001,False
2018-07-05,1.351,1.371,-0.021723,False
2018-07-06,1.358,1.378,0.005181,False
2018-07-09,1.399,1.419,0.030191,False
2018-07-10,1.41,1.43,0.007863,False
2018-07-11,1.39,1.41,-0.014184,False
2018-07-12,1.425,1.445,0.025179999999999998,False
2018-07-13,1.438,1.458,0.009123,False
2018-07-16,1.435,1.455,-0.002086,False
2018-07-17,1.426,1.446,-0.006272,False
2018-07-18,1.408,1.428,-0.012623,False
2018-07-19,1.405,1.425,-0.002131,False
2018-07-20,1.424,1.444,0.013523,False
2018-07-23,1.436,1.456,0.008427,False
2018-07-24,1.463,1.483,0.018802,False
2018-07-25,1.466,1.486,0.002051,False
2018-07-26,1.454,1.474,-0.008186,False
2018-07-27,1.456,1.476,0.001376,False
2018-07-30,1.45,1.47,-0.0041210000000000005,False
2018-07-31,1.451,1.471,0.0006900000000000001,False
2018-08-01,1.421,1.441,-0.020675,False
2018-08-02,1.397,1.417,-0.016890000000000002,False
2018-08-03,1.381,1.401,-0.011453,False
2018-08-06,1.36,1.38,-0.015205999999999999,False
2018-08-07,1.4,1.42,0.029411999999999997,False
2018-08-08,1.382,1.402,-0.012857,False
2018-08-09,1.412,1.432,0.021707999999999998,False
2018-08-10,1.414,1.434,0.001416,False
2018-08-13,1.417,1.437,0.002122,False
2018-08-14,1.408,1.428,-0.006351,False
2018-08-15,1.376,1.396,-0.022727,False
2018-08-16,1.356,1.376,-0.014535,False
2018-08-17,1.336,1.356,-0.014749000000000002,False
2018-08-20,1.348,1.368,0.008982,False
2018-08-21,1.368,1.388,0.014837,False
2018-08-22,1.357,1.377,-0.008041,False
2018-08-23,1.36,1.38,0.002211,False
2018-08-24,1.356,1.376,-0.0029409999999999996,False
2018-08-27,1.387,1.407,0.022861,False
2018-08-28,1.386,1.406,-0.000721,False
2018-08-29,1.381,1.401,-0.003608,False
2018-08-30,1.363,1.383,-0.013033999999999999,False
2018-08-31,1.354,1.374,-0.006603,False
2018-09-03,1.349,1.369,-0.003693,False
2018-09-04,1.358,1.378,0.006672,False
2018-09-05,1.335,1.355,-0.016937,False
2018-09-06,1.325,1.345,-0.007491,False
2018-09-07,1.331,1.351,0.004528,False
2018-09-10,1.313,1.333,-0.013524000000000001,False
2018-09-11,1.307,1.327,-0.00457,False
2018-09-12,1.301,1.321,-0.0045910000000000005,False
2018-09-13,1.309,1.329,0.006149,False
2018-09-14,1.307,1.327,-0.0015279999999999998,False
2018-09-17,1.291,1.311,-0.012242,False
2018-09-18,1.317,1.337,0.020139,False
2018-09-19,1.329,1.349,0.009112,False
2018-09-20,1.33,1.35,0.0007520000000000001,False
2018-09-21,1.357,1.377,0.020301,False
2018-09-25,1.348,1.368,-0.006632,False
2018-09-26,1.359,1.379,0.008159999999999999,False
2018-09-27,1.353,1.373,-0.004415,False
2018-09-28,1.363,1.383,0.007391,False
2018-10-08,1.319,1.339,-0.032282000000000005,False
2018-10-09,1.315,1.335,-0.003033,False
2018-10-10,1.316,1.336,0.0007599999999999999,False
2018-10-11,1.248,1.268,-0.051672,False
2018-10-12,1.26,1.28,0.009615,False
2018-10-15,1.241,1.261,-0.015079,False
2018-10-16,1.228,1.248,-0.010475000000000002,False
2018-10-17,1.232,1.252,0.003257,False
2018-10-18,1.199,1.219,-0.026785999999999997,False
2018-10-19,1.232,1.252,0.027523,False
2018-10-22,1.282,1.302,0.040583999999999995,False
2018-10-23,1.256,1.276,-0.020280999999999997,False
2018-10-24,1.255,1.275,-0.000796,False
2018-10-25,1.253,1.273,-0.001594,False
2018-10-26,1.249,1.269,-0.003192,False
2018-10-29,1.223,1.243,-0.020817000000000002,False
2018-10-30,1.235,1.255,0.009812,False
2018-10-31,1.253,1.273,0.014575,False
2018-11-01,1.258,1.278,0.0039900000000000005,False
2018-11-02,1.29,1.31,0.025436999999999998,False
2018-11-05,1.284,1.304,-0.004651,False
2018-11-06,1.282,1.302,-0.001558,False
2018-11-07,1.274,1.294,-0.00624,False
2018-11-08,1.267,1.287,-0.005495,False
2018-11-09,1.257,1.277,-0.007893,False
2018-11-12,1.276,1.296,0.015115,False
2018-11-13,1.291,1.311,0.011755,False
2018-11-14,1.281,1.301,-0.007745999999999999,False
2018-11-15,1.294,1.314,0.010147999999999999,False
2018-11-16,1.297,1.317,0.002318,False
2018-11-19,1.306,1.326,0.006939,False
2018-11-20,1.276,1.296,-0.022971,False
2018-11-21,1.277,1.297,0.000784,False
2018-11-22,1.274,1.294,-0.002349,False
2018-11-23,1.241,1.261,-0.025903,False
2018-11-26,1.24,1.26,-0.0008060000000000001,False
2018-11-27,1.241,1.261,0.0008060000000000001,False
2018-11-28,1.254,1.274,0.010475000000000002,False
2018-11-29,1.235,1.255,-0.015152,False
2018-11-30,1.245,1.265,0.008097,False
2018-12-03,1.276,1.296,0.024900000000000002,False
2018-12-04,1.28,1.3,0.003135,False
2018-12-05,1.271,1.291,-0.007030999999999999,False
2018-12-06,1.25,1.27,-0.016522,False
2018-12-07,1.249,1.269,-0.0008,False
2018-12-10,1.234,1.254,-0.01201,False
2018-12-11,1.242,1.262,0.006483,False
2018-12-12,1.246,1.266,0.003221,False
2018-12-13,1.262,1.282,0.012841,False
2018-12-14,1.242,1.262,-0.015848,False
2018-12-17,1.239,1.259,-0.002415,False
2018-12-18,1.228,1.248,-0.008878,False
2018-12-19,1.215,1.235,-0.010586,False
2018-12-20,1.212,1.232,-0.0024690000000000003,False
2018-12-21,1.202,1.222,-0.008251,False
2018-12-24,1.211,1.231,0.007488,False
2018-12-25,1.2,1.22,-0.009083,False
2018-12-26,1.198,1.218,-0.0016669999999999999,False
2018-12-27,1.19,1.21,-0.006678,False
2018-12-28,1.19,1.21,0.0,False
2018-12-31,1.19,1.21,0.0,False
2019-01-02,1.172,1.192,-0.015125999999999999,False
2019-01-03,1.169,1.189,-0.00256,False
2019-01-04,1.192,1.212,0.019675,False
2019-01-07,1.202,1.222,0.008389,False
2019-01-08,1.201,1.221,-0.000832,False
2019-01-09,1.209,1.229,0.006661,False
2019-01-10,1.206,1.226,-0.0024809999999999997,False
2019-01-11,1.212,1.232,0.004975,False
2019-01-14,1.208,1.228,-0.0033,False
2019-01-15,1.224,1.244,0.013245,False
2019-01-16,1.226,1.246,0.0016339999999999998,False
2019-01-17,1.219,1.239,-0.00571,False
2019-01-18,1.233,1.253,0.011485,False
2019-01-21,1.24,1.26,0.005677,False
2019-01-22,1.227,1.247,-0.010484,False
2019-01-23,1.229,1.249,0.0016300000000000002,False
2019-01-24,1.232,1.252,0.002441,False
2019-01-25,1.236,1.256,0.003247,False
2019-01-28,1.233,1.253,-0.002427,False
2019-01-29,1.231,1.251,-0.0016220000000000002,False
2019-01-30,1.225,1.245,-0.004874,False
2019-01-31,1.222,1.242,-0.0024490000000000002,False
2019-02-01,1.244,1.264,0.018003,False
2019-02-11,1.267,1.287,0.018489,False
2019-02-12,1.276,1.296,0.007103000000000001,False
2019-02-13,1.292,1.312,0.012539,False
2019-02-14,1.293,1.313,0.000774,False
2019-02-15,1.279,1.299,-0.010827999999999999,False
2019-02-18,1.317,1.337,0.029710999999999998,False
2019-02-19,1.311,1.331,-0.004556,False
2019-02-20,1.312,1.332,0.0007630000000000001,False
2019-02-21,1.306,1.326,-0.004573,False
2019-02-22,1.328,1.348,0.016845000000000002,False
2019-02-25,1.391,1.411,0.047439999999999996,False
2019-02-26,1.381,1.401,-0.007189,False
2019-02-27,1.372,1.392,-0.006516999999999999,False
2019-02-28,1.375,1.395,0.002187,False
2019-03-01,1.392,1.412,0.012364,False
2019-03-04,1.413,1.433,0.015085999999999999,False
2019-03-05,1.433,1.453,0.014154,False
2019-03-06,1.447,1.467,0.00977,False
2019-03-07,1.445,1.465,-0.001382,False
2019-03-08,1.396,1.416,-0.03391,False
2019-03-11,1.433,1.453,0.026504,False
2019-03-12,1.445,1.465,0.008374,False
2019-03-13,1.43,1.45,-0.010381,False
2019-03-14,1.41,1.43,-0.013986,False
2019-03-15,1.432,1.452,0.015603,False
2019-03-18,1.471,1.491,0.027235,False
2019-03-19,1.472,1.492,0.00068,False
2019-03-20,1.474,1.494,0.001359,False
2019-03-21,1.485,1.505,0.007463,False
2019-03-22,1.489,1.509,0.0026939999999999998,False
2019-03-25,1.463,1.483,-0.017461,False
2019-03-26,1.437,1.457,-0.017772,False
2019-03-27,1.455,1.475,0.012525999999999999,False
2019-03-28,1.435,1.455,-0.013746000000000001,False
2019-03-29,1.484,1.504,0.034146,False
2019-04-01,1.525,1.545,0.027628,False
2019-04-02,1.526,1.546,0.000656,False
2019-04-03,1.554,1.574,0.018349,False
2019-04-04,1.57,1.59,0.010296000000000001,False
2019-04-08,1.58,1.6,0.0063690000000000005,False
2019-04-09,1.577,1.597,-0.001899,False
2019-04-10,1.578,1.598,0.000634,False
2019-04-11,1.548,1.568,-0.019011,False
2019-04-12,1.548,1.568,0.0,False
2019-04-15,1.535,1.555,-0.008398,False
2019-04-16,1.566,1.586,0.020194999999999998,False
2019-04-17,1.57,1.59,0.0025540000000000003,False
2019-04-18,1.564,1.584,-0.003822,False
2019-04-19,1.571,1.591,0.004476,False
2019-04-22,1.54,1.56,-0.019733,False
2019-04-23,1.53,1.55,-0.006494,False
2019-04-24,1.539,1.559,0.005881999999999999,False
2019-04-25,1.496,1.516,-0.02794,False
2019-04-26,1.484,1.504,-0.008021,False
2019-04-29,1.479,1.499,-0.0033689999999999996,False
2019-04-30,1.487,1.507,0.005409000000000001,False
2019-05-06,1.4,1.42,-0.058506999999999997,False
2019-05-07,1.414,1.434,0.01,False
2019-05-08,1.398,1.418,-0.011314999999999999,False
2019-05-09,1.382,1.402,-0.011445,False
2019-05-10,1.424,1.444,0.030390999999999998,False
2019-05-13,1.409,1.429,-0.010533999999999998,False
2019-05-14,1.399,1.419,-0.007097,False
2019-05-15,1.429,1.449,0.021444,False
2019-05-16,1.443,1.463,0.009797,False
2019-05-17,1.401,1.421,-0.029106,False
2019-05-20,1.387,1.407,-0.009993,False
2019-05-21,1.406,1.426,0.013699,False
2019-05-22,1.399,1.419,-0.004979,False
2019-05-23,1.376,1.396,-0.01644,False
2019-05-24,1.377,1.397,0.000727,False
2019-05-27,1.4,1.42,0.016703,False
2019-05-28,1.404,1.424,0.002857,False
2019-05-29,1.402,1.422,-0.0014249999999999998,False
2019-05-30,1.393,1.413,-0.006419,False
2019-05-31,1.393,1.413,0.0,False
2019-06-03,1.38,1.4,-0.009332,False
2019-06-04,1.372,1.392,-0.005797,False
2019-06-05,1.368,1.388,-0.0029149999999999996,False
2019-06-06,1.356,1.376,-0.008772,False
2019-06-10,1.369,1.389,0.009587,False
2019-06-11,1.415,1.435,0.033601,False
2019-06-12,1.403,1.423,-0.008480999999999999,False
2019-06-13,1.405,1.425,0.001426,False
2019-06-14,1.388,1.408,-0.0121,False
2019-06-17,1.389,1.409,0.0007199999999999999,False
2019-06-18,1.39,1.41,0.0007199999999999999,False
2019-06-19,1.408,1.428,0.01295,False
2019-06-20,1.444,1.464,0.025568,False
2019-06-21,1.458,1.478,0.009695,False
2019-06-24,1.463,1.483,0.0034289999999999998,False
2019-06-25,1.452,1.472,-0.0075190000000000005,False
2019-06-26,1.452,1.472,0.0,False
2019-06-27,1.468,1.488,0.011019000000000001,False
2019-06-28,1.467,1.487,-0.000681,False
2019-06-30,1.466,1.486,0.0,False
2019-07-01,1.502,1.522,0.023858,False
2019-07-02,1.501,1.521,-0.000666,False
2019-07-03,1.489,1.509,-0.007995,False
2019-07-04,1.485,1.505,-0.002686,False
2019-07-05,1.495,1.515,0.006734,False
2019-07-08,1.463,1.483,-0.021404999999999997,False
2019-07-09,1.461,1.481,-0.001367,False
2019-07-10,1.458,1.478,-0.002053,False
2019-07-11,1.458,1.478,0.0,False
2019-07-12,1.473,1.493,0.010287999999999999,False
2019-07-15,1.48,1.5,0.004752,False
2019-07-16,1.476,1.496,-0.0027029999999999997,False
2019-07-17,1.474,1.494,-0.001355,False
2019-07-18,1.462,1.482,-0.008141,False
2019-07-19,1.478,1.498,0.010944,False
2019-07-22,1.466,1.486,-0.008119,False
2019-07-23,1.469,1.489,0.002046,False
2019-07-24,1.478,1.498,0.0061270000000000005,False
2019-07-25,1.487,1.507,0.006089,False
2019-07-26,1.492,1.512,0.003362,False
2019-07-29,1.489,1.509,-0.002011,False
2019-07-30,1.495,1.515,0.004030000000000001,False
2019-07-31,1.481,1.501,-0.009365,False
2019-08-01,1.471,1.491,-0.006752,False
2019-08-02,1.452,1.472,-0.012916,False
2019-08-05,1.428,1.448,-0.016529000000000002,False
2019-08-06,1.417,1.437,-0.007703,False
2019-08-07,1.411,1.431,-0.004234,False
2019-08-08,1.426,1.446,0.010631,False
2019-08-09,1.413,1.433,-0.009115999999999999,False
2019-08-12,1.434,1.454,0.014862,False
2019-08-13,1.423,1.443,-0.007671,False
2019-08-14,1.429,1.449,0.004216,False
2019-08-15,1.432,1.452,0.002099,False
2019-08-16,1.436,1.456,0.002793,False
2019-08-19,1.465,1.485,0.020194999999999998,False
2019-08-20,1.464,1.484,-0.000683,False
2019-08-21,1.464,1.484,0.0,False
2019-08-22,1.467,1.487,0.002049,False
2019-08-23,1.478,1.498,0.007498,False
2019-08-26,1.464,1.484,-0.009472000000000001,False
2019-08-27,1.48,1.5,0.010929,False
2019-08-28,1.479,1.499,-0.000676,False
2019-08-29,1.48,1.5,0.000676,False
2019-08-30,1.483,1.503,0.0020269999999999997,False
2019-09-02,1.507,1.527,0.016183,False
2019-09-03,1.506,1.526,-0.000664,False
2019-09-04,1.515,1.535,0.005976,False
2019-09-05,1.525,1.545,0.006601,False
2019-09-06,1.532,1.552,0.00459,False
2019-09-09,1.54,1.56,0.005222,False
2019-09-10,1.537,1.557,-0.001948,False
2019-09-11,1.529,1.549,-0.0052049999999999996,False
2019-09-12,1.543,1.563,0.009156,False
2019-09-16,1.536,1.556,-0.004537,False
2019-09-17,1.516,1.536,-0.013021,False
2019-09-18,1.526,1.546,0.006595999999999999,False
2019-09-19,1.528,1.548,0.0013109999999999999,False
2019-09-20,1.531,1.551,0.001963,False
2019-09-23,1.514,1.534,-0.011104000000000001,False
2019-09-24,1.521,1.541,0.004624,False
2019-09-25,1.511,1.531,-0.006575,False
2019-09-26,1.499,1.519,-0.007942,False
2019-09-27,1.504,1.524,0.003336,False
2019-09-30,1.488,1.508,-0.010638000000000002,False
2019-10-08,1.5,1.52,0.008065,False
2019-10-09,1.507,1.527,0.004667,False
2019-10-10,1.518,1.538,0.007299,False
2019-10-11,1.535,1.555,0.011198999999999999,False
2019-10-14,1.551,1.571,0.010423,False
2019-10-15,1.546,1.566,-0.0032240000000000003,False
2019-10-16,1.538,1.558,-0.005175,False
2019-10-17,1.54,1.56,0.0013,False
2019-10-18,1.519,1.539,-0.013635999999999999,False
2019-10-21,1.521,1.541,0.001317,False
2019-10-22,1.527,1.547,0.003945000000000001,False
2019-10-23,1.519,1.539,-0.005239000000000001,False
2019-10-24,1.517,1.537,-0.001317,False
2019-10-25,1.523,1.543,0.003955,False
2019-10-28,1.529,1.549,0.00394,False
2019-10-29,1.523,1.543,-0.003924,False
2019-10-30,1.518,1.538,-0.003283,False
2019-10-31,1.507,1.527,-0.007246,False
2019-11-01,1.527,1.547,0.013271,False
2019-11-04,1.536,1.556,0.005894,False
2019-11-05,1.545,1.565,0.005859,False
2019-11-06,1.534,1.554,-0.00712,False
2019-11-07,1.536,1.556,0.0013039999999999998,False
2019-11-08,1.527,1.547,-0.005859,False
2019-11-11,1.501,1.521,-0.017027,False
2019-11-12,1.499,1.519,-0.001332,False
2019-11-13,1.498,1.518,-0.000667,False
2019-11-14,1.502,1.522,0.00267,False
2019-11-15,1.49,1.51,-0.007989000000000001,False
2019-11-18,1.501,1.521,0.007383,False
2019-11-19,1.517,1.537,0.010660000000000001,False
2019-11-20,1.504,1.524,-0.00857,False
2019-11-21,1.496,1.516,-0.005319000000000001,False
2019-11-22,1.478,1.498,-0.012032000000000001,False
2019-11-25,1.488,1.508,0.0067659999999999994,False
2019-11-26,1.494,1.514,0.004032,False
2019-11-27,1.491,1.511,-0.0020080000000000002,False
2019-11-28,1.487,1.507,-0.0026829999999999996,False
2019-11-29,1.474,1.494,-0.008742,False
2019-12-02,1.48,1.5,0.004071,False
2019-12-03,1.486,1.506,0.0040539999999999994,False
2019-12-04,1.486,1.506,0.0,False
2019-12-05,1.496,1.516,0.006729000000000001,False
2019-12-06,1.504,1.524,0.005348,False
2019-12-09,1.502,1.522,-0.00133,False
2019-12-10,1.501,1.521,-0.000666,False
2019-12-11,1.506,1.526,0.003331,False
2019-12-12,1.5,1.52,-0.003984,False
2019-12-13,1.524,1.544,0.016,False
2019-12-16,1.528,1.548,0.002625,False
2019-12-17,1.544,1.564,0.010471,False
2019-12-18,1.538,1.558,-0.003886,False
2019-12-19,1.535,1.555,-0.001951,False
2019-12-20,1.53,1.55,-0.003257,False
2019-12-23,1.512,1.532,-0.011765000000000001,False
2019-12-24,1.52,1.54,0.0052910000000000006,False
2019-12-25,1.522,1.542,0.001316,False
2019-12-26,1.532,1.552,0.00657,False
2019-12-27,1.53,1.55,-0.001305,False
2019-12-30,1.549,1.569,0.012418,False
2019-12-31,1.557,1.577,0.0051649999999999995,False
2020-01-02,1.58,1.6,0.014772,False
2020-01-03,1.574,1.594,-0.003797,False
2020-01-06,1.567,1.587,-0.0044469999999999996,False
2020-01-07,1.582,1.602,0.009572,False
2020-01-08,1.561,1.581,-0.013274,False
2020-01-09,1.581,1.601,0.012811999999999999,False
2020-01-10,1.584,1.604,0.001898,False
2020-01-13,1.602,1.622,0.011364,False
2020-01-14,1.597,1.617,-0.003121,False
2020-01-15,1.592,1.612,-0.003131,False
2020-01-16,1.587,1.607,-0.0031409999999999997,False
2020-01-17,1.59,1.61,0.00189,False
2020-01-20,1.6,1.62,0.006289,False
2020-01-21,1.575,1.595,-0.015625,False
2020-01-22,1.582,1.602,0.004444,False
2020-01-23,1.537,1.557,-0.028445,False
2020-02-03,1.422,1.442,-0.074821,False
2020-02-04,1.457,1.477,0.024613,False
2020-02-05,1.471,1.491,0.009609,False
2020-02-06,1.495,1.515,0.016315,False
2020-02-07,1.497,1.517,0.001338,False
2020-02-10,1.506,1.526,0.006012,False
2020-02-11,1.522,1.542,0.010624,False
2020-02-12,1.531,1.551,0.005913000000000001,False
2020-02-13,1.523,1.543,-0.005225,False
2020-02-14,1.531,1.551,0.005253,False
2020-02-17,1.563,1.583,0.020901,False
2020-02-18,1.554,1.574,-0.005758,False
2020-02-19,1.557,1.577,0.001931,False
2020-02-20,1.591,1.611,0.021837,False
2020-02-21,1.595,1.615,0.002514,False
2020-02-24,1.589,1.609,-0.0037619999999999997,False
2020-02-25,1.582,1.602,-0.004405,False
2020-02-26,1.562,1.582,-0.012642,False
2020-02-27,1.566,1.586,0.002561,False
2020-02-28,1.522,1.542,-0.028096999999999997,False
2020-03-02,1.566,1.586,0.028908999999999997,False
2020-03-03,1.573,1.593,0.00447,False
2020-03-04,1.583,1.603,0.006357000000000001,False
2020-03-05,1.614,1.634,0.019583,False
2020-03-06,1.592,1.612,-0.013630999999999999,False
2020-03-09,1.54,1.56,-0.032663000000000005,False
2020-03-10,1.572,1.592,0.020779000000000002,False
2020-03-11,1.552,1.572,-0.012723,False
2020-03-12,1.527,1.547,-0.016108,False
2020-03-13,1.511,1.531,-0.010478000000000001,False
2020-03-16,1.451,1.471,-0.039709,False
2020-03-17,1.447,1.467,-0.002757,False
2020-03-18,1.428,1.448,-0.013130999999999999,False
2020-03-19,1.415,1.435,-0.009104,False
2020-03-20,1.434,1.454,0.013428,False
2020-03-23,1.394,1.414,-0.027894000000000002,False
2020-03-24,1.424,1.444,0.021521,False
2020-03-25,1.458,1.478,0.023875999999999998,False
2020-03-26,1.451,1.471,-0.004801000000000001,False
2020-03-27,1.457,1.477,0.004135,False
2020-03-30,1.447,1.467,-0.006863,False
2020-03-31,1.451,1.471,0.002764,False
2020-04-01,1.447,1.467,-0.002757,False
2020-04-02,1.468,1.488,0.014513,False
2020-04-03,1.463,1.483,-0.003406,False
2020-04-07,1.495,1.515,0.021873,False
2020-04-08,1.49,1.51,-0.0033439999999999998,False
2020-04-09,1.496,1.516,0.004027,False
2020-04-10,1.487,1.507,-0.0060160000000000005,False
2020-04-13,1.483,1.503,-0.00269,False
2020-04-14,1.507,1.527,0.016183,False
2020-04-15,1.497,1.517,-0.0066359999999999995,False
2020-04-16,1.499,1.519,0.001336,False
2020-04-17,1.51,1.53,0.007338,False
2020-04-20,1.516,1.536,0.003974,False
2020-04-21,1.498,1.518,-0.011873,False
2020-04-22,1.509,1.529,0.007343,False
2020-04-23,1.503,1.523,-0.003976,False
2020-04-24,1.494,1.514,-0.005988,False
2020-04-27,1.503,1.523,0.006024000000000001,False
2020-04-28,1.516,1.536,0.008649,False
2020-04-29,1.52,1.54,0.0026390000000000003,False
2020-04-30,1.535,1.555,0.009868,False
2020-05-06,1.546,1.566,0.0071660000000000005,False
2020-05-07,1.547,1.567,0.0006469999999999999,False
2020-05-08,1.561,1.581,0.00905,False
2020-05-11,1.556,1.576,-0.0032029999999999997,False
2020-05-12,1.558,1.578,0.0012850000000000001,False
2020-05-13,1.564,1.584,0.003851,False
2020-05-14,1.548,1.568,-0.01023,False
2020-05-15,1.546,1.566,-0.0012920000000000002,False
2020-05-18,1.548,1.568,0.0012939999999999998,False
2020-05-19,1.558,1.578,0.0064600000000000005,False
2020-05-20,1.544,1.564,-0.008986,False
2020-05-21,1.537,1.557,-0.004534,False
2020-05-22,1.506,1.526,-0.020169000000000003,False
2020-05-25,1.511,1.531,0.00332,False
2020-05-26,1.526,1.546,0.009927,False
2020-05-27,1.515,1.535,-0.007208,False
2020-05-28,1.521,1.541,0.00396,False
2020-05-29,1.525,1.545,0.00263,False
2020-06-01,1.563,1.583,0.024918,False
2020-06-02,1.567,1.587,0.002559,False
2020-06-03,1.566,1.586,-0.000638,False
2020-06-04,1.567,1.587,0.000639,False
2020-06-05,1.575,1.595,0.005104999999999999,False
2020-06-08,1.575,1.595,0.0,False
2020-06-09,1.587,1.607,0.007619,False
2020-06-10,1.589,1.609,0.00126,False
2020-06-11,1.577,1.597,-0.007552,False
2020-06-12,1.579,1.599,0.001268,False
2020-06-15,1.564,1.584,-0.0095,False
2020-06-16,1.589,1.609,0.015985,False
2020-06-17,1.592,1.612,0.001888,False
2020-06-18,1.604,1.624,0.007538,False
2020-06-19,1.627,1.647,0.014339,False
2020-06-22,1.626,1.646,-0.000615,False
2020-06-23,1.637,1.657,0.006765,False
2020-06-24,1.646,1.666,0.005497999999999999,False
2020-06-29,1.635,1.655,-0.006683,False
2020-06-30,1.663,1.683,0.017124999999999998,False
2020-07-01,1.694,1.714,0.018641,False
2020-07-02,1.727,1.747,0.019481,False
2020-07-03,1.753,1.773,0.015055,False
2020-07-06,1.84,1.86,0.049629000000000006,False
2020-07-07,1.859,1.879,0.010326,False
2020-07-08,1.887,1.907,0.015061999999999999,False
2020-07-09,1.918,1.938,0.016428,False
2020-07-10,1.884,1.904,-0.017727,False
2020-07-13,1.924,1.944,0.021231,False
2020-07-14,1.913,1.933,-0.005717,False
2020-07-15,1.89,1.91,-0.012022999999999999,False
2020-07-16,1.808,1.828,-0.043385999999999994,False
2020-07-17,1.825,1.845,0.009403,False
2020-07-20,1.882,1.902,0.031233,False
2020-07-21,1.886,1.906,0.002125,False
2020-07-22,1.891,1.911,0.002651,False
2020-07-23,1.887,1.907,-0.002115,False
2020-07-24,1.806,1.826,-0.042925000000000005,False
2020-07-27,1.812,1.832,0.003322,False
2020-07-28,1.83,1.85,0.009934,False
2020-07-29,1.868,1.888,0.020765,False
2020-07-30,1.857,1.877,-0.005889,False
2020-07-31,1.869,1.889,0.006462,False
2020-08-03,1.892,1.912,0.012306,False
2020-08-04,1.9,1.92,0.004228,False
2020-08-05,1.9,1.92,0.0,False
2020-08-06,1.895,1.915,-0.002632,False
2020-08-07,1.87,1.89,-0.013193,False
2020-08-10,1.888,1.908,0.009626000000000001,False
2020-08-11,1.873,1.893,-0.007945,False
2020-08-12,1.862,1.882,-0.005873000000000001,False
2020-08-13,1.857,1.877,-0.0026850000000000003,False
2020-08-14,1.888,1.908,0.016694,False
2020-08-17,1.931,1.951,0.022775,False
2020-08-18,1.93,1.95,-0.000518,False
2020-08-19,1.902,1.922,-0.014508,False
2020-08-20,1.885,1.905,-0.008938,False
2020-08-21,1.903,1.923,0.009549,False
2020-08-24,1.918,1.938,0.0079,False
2020-08-25,1.921,1.941,0.0016,False
2020-08-26,1.897,1.917,-0.0125,False
2020-08-27,1.909,1.929,0.0063,False
2020-08-28,1.954,1.974,0.0236,False
2020-08-31,1.943,1.963,-0.005600000000000001,False
2020-09-01,1.953,1.973,0.0051,False
2020-09-02,1.948,1.968,-0.0026,False
2020-09-03,1.936,1.956,-0.0062,False
2020-09-04,1.916,1.936,-0.0103,False
2020-09-07,1.873,1.893,-0.022400000000000003,False
2020-09-08,1.885,1.905,0.0064,False
2020-09-09,1.846,1.866,-0.0207,False
2020-09-10,1.846,1.866,0.0,False
2020-09-11,1.86,1.88,0.0076,False
2020-09-14,1.867,1.887,0.0038,False
2020-09-15,1.879,1.899,0.0064,False
2020-09-16,1.871,1.891,-0.0043,False
2020-09-17,1.864,1.884,-0.0037,False
2020-09-18,1.902,1.922,0.0204,False
2020-09-21,1.886,1.906,-0.0084,False
2020-09-22,1.871,1.891,-0.008,False
2020-09-23,1.876,1.896,0.0027,False
2020-09-24,1.848,1.868,-0.0149,False
2020-09-25,1.85,1.87,0.0011,False
2020-09-28,1.851,1.871,0.0005,False
2020-09-29,1.854,1.874,0.0016,False
2020-09-30,1.854,1.874,0.0,False
2020-10-09,1.884,1.904,0.016200000000000003,False
2020-10-12,1.914,1.934,0.0159,False
2020-10-13,1.919,1.939,0.0026,False
2020-10-14,1.914,1.934,-0.0026,False
2020-10-15,1.91,1.93,-0.0021,False
2020-10-16,1.908,1.928,-0.001,False
2020-10-19,1.892,1.912,-0.0084,False
2020-10-20,1.905,1.925,0.0069,False
2020-10-21,1.901,1.921,-0.0021,False
2020-10-22,1.892,1.912,-0.004699999999999999,False
2020-10-23,1.868,1.888,-0.0127,False
2020-10-26,1.86,1.88,-0.0043,False
2020-10-27,1.861,1.881,0.0005,False
2020-10-28,1.873,1.893,0.0064,False
2020-10-29,1.887,1.907,0.0075,False
2020-10-30,1.882,1.902,-0.0026,False
2020-11-02,1.883,1.903,0.0005,False
2020-11-03,1.886,1.906,0.0016,False
2020-11-04,1.887,1.907,0.0005,False
2020-11-05,1.89,1.91,0.0016,False
2020-11-06,1.89,1.91,0.0,False
2020-11-09,1.893,1.913,0.0016,False
2020-11-10,1.89,1.91,-0.0016,False
2020-11-11,1.879,1.899,-0.0058,False
2020-11-12,1.884,1.904,0.0027,False
2020-11-13,1.864,1.884,-0.0106,False
2020-11-16,1.878,1.898,0.0075,False
2020-11-17,1.872,1.892,-0.0032,False
2020-11-18,1.875,1.895,0.0016,False
2020-11-19,1.886,1.906,0.0059,False
2020-11-20,1.895,1.915,0.0048,False
2020-11-23,1.922,1.942,0.014199999999999999,False
2020-11-24,1.913,1.933,-0.004699999999999999,False
2020-11-25,1.885,1.905,-0.0146,False
2020-11-26,1.886,1.906,0.0005,False
2020-11-27,1.903,1.923,0.009000000000000001,False
2020-11-30,1.89,1.91,-0.0068000000000000005,False
2020-12-01,1.927,1.947,0.0196,False
2020-12-02,1.925,1.945,-0.001,False
2020-12-03,1.918,1.938,-0.0036,False
2020-12-04,1.923,1.943,0.0026,False
2020-12-07,1.912,1.932,-0.005699999999999999,False
2020-12-08,1.907,1.927,-0.0026,False
2020-12-09,1.89,1.91,-0.0089,False
2020-12-10,1.892,1.912,0.0011,False
2020-12-11,1.875,1.895,-0.009000000000000001,False
2020-12-14,1.886,1.906,0.0059,False
2020-12-15,1.893,1.913,0.0037,False
2020-12-16,1.901,1.921,0.0042,False
2020-12-17,1.922,1.942,0.011000000000000001,False
2020-12-18,1.92,1.94,-0.001,False
2020-12-21,1.943,1.963,0.012,False
2020-12-22,1.919,1.939,-0.0124,False
2020-12-23,1.946,1.966,0.0141,False
2020-12-24,1.946,1.966,0.0,False
2020-12-25,1.962,1.982,0.008199999999999999,False
2020-12-28,1.977,1.997,0.0076,False
2020-12-29,1.961,1.981,-0.008100000000000001,False
2020-12-30,1.999,2.019,0.0194,False
2020-12-31,2.031,2.051,0.016,False
2021-01-04,2.046,2.066,0.0074,False
2021-01-05,2.074,2.094,0.0137,False
2021-01-06,2.091,2.111,0.008199999999999999,False
2021-01-07,2.146,2.166,0.0263,False
2021-01-08,2.134,2.154,-0.005600000000000001,False
2021-01-11,2.125,2.145,-0.0042,False
2021-01-12,2.183,2.203,0.0273,False
2021-01-13,2.178,2.198,-0.0023,False
2021-01-14,2.128,2.148,-0.023,False
2021-01-15,2.131,2.151,0.0014000000000000002,False
2021-01-18,2.155,2.175,0.0113,False
2021-01-19,2.117,2.137,-0.0176,False
2021-01-20,2.135,2.155,0.0085,False
2021-01-21,2.176,2.196,0.0192,False
2021-01-22,2.194,2.214,0.0083,False
2021-01-25,2.219,2.239,0.011399999999999999,False
2021-01-26,2.163,2.183,-0.0252,False
2021-01-27,2.179,2.199,0.0074,False
2021-01-28,2.119,2.139,-0.0275,False
2021-01-29,2.117,2.137,-0.0009,False
2021-02-01,2.145,2.165,0.0132,False
2021-02-02,2.173,2.193,0.0131,False
2021-02-03,2.175,2.195,0.0009,False
2021-02-04,2.17,2.19,-0.0023,False
2021-02-05,2.176,2.196,0.0028000000000000004,False
2021-02-08,2.205,2.225,0.013300000000000001,False
2021-02-09,2.26,2.28,0.024900000000000002,False
2021-02-10,2.303,2.323,0.019,False
2021-02-18,2.273,2.293,-0.013000000000000001,False
2021-02-19,2.254,2.274,-0.0084,False
2021-02-22,2.169,2.189,-0.0377,False
2021-02-23,2.174,2.194,0.0023,False
2021-02-24,2.117,2.137,-0.0262,False
2021-02-25,2.124,2.144,0.0033,False
2021-02-26,2.079,2.099,-0.0212,False
2021-03-01,2.117,2.137,0.0183,False
2021-03-02,2.096,2.116,-0.009899999999999999,False
2021-03-03,2.127,2.147,0.0148,False
2021-03-04,2.021,2.041,-0.049800000000000004,False
2021-03-05,2.016,2.036,-0.0025,False
2021-03-08,1.927,1.947,-0.0441,False
2021-03-09,1.887,1.907,-0.0208,False
2021-03-10,1.909,1.929,0.011699999999999999,False
2021-03-11,1.959,1.979,0.0262,False
2021-03-12,1.96,1.98,0.0005,False
2021-03-15,1.907,1.927,-0.027000000000000003,False
2021-03-16,1.92,1.94,0.0068000000000000005,False
2021-03-17,1.932,1.952,0.0062,False
2021-03-18,1.954,1.974,0.011399999999999999,False
2021-03-19,1.9,1.92,-0.0276,False
2021-03-22,1.925,1.945,0.0132,False
2021-03-23,1.904,1.924,-0.0109,False
2021-03-24,1.869,1.889,-0.0184,False
2021-03-25,1.871,1.891,0.0011,False
2021-03-26,1.919,1.939,0.025699999999999997,False
2021-03-29,1.923,1.943,0.0021,False
2021-03-30,1.951,1.971,0.0146,False
2021-03-31,1.924,1.944,-0.0138,False
2021-04-01,1.954,1.974,0.015600000000000001,False
2021-04-02,1.976,1.996,0.0113,False
2021-04-06,1.968,1.988,-0.004,False
2021-04-07,1.945,1.965,-0.011699999999999999,False
2021-04-08,1.943,1.963,-0.001,False
2021-04-09,1.916,1.936,-0.0139,False
2021-04-12,1.879,1.899,-0.019299999999999998,False
2021-04-13,1.872,1.892,-0.0037,False
2021-04-14,1.893,1.913,0.011200000000000002,False
2021-04-15,1.88,1.9,-0.0069,False
2021-04-16,1.883,1.903,0.0016,False
2021-04-19,1.933,1.953,0.026600000000000002,False
2021-04-20,1.929,1.949,-0.0021,False
2021-04-21,1.935,1.955,0.0031,False
2021-04-22,1.935,1.955,0.0,False
2021-04-23,1.96,1.98,0.0129,False
2021-04-26,1.931,1.951,-0.0148,False
2021-04-27,1.944,1.964,0.0067,False
2021-04-28,1.955,1.975,0.005699999999999999,False
2021-04-29,1.961,1.981,0.0031,False
2021-04-30,1.948,1.968,-0.0066,False
2021-05-06,1.919,1.939,-0.0149,False
2021-05-07,1.89,1.91,-0.0151,False
2021-05-10,1.884,1.904,-0.0032,False
2021-05-11,1.894,1.914,0.0053,False
2021-05-12,1.897,1.917,0.0016,False
2021-05-13,1.872,1.892,-0.0132,False
2021-05-14,1.914,1.934,0.022400000000000003,False
2021-05-17,1.952,1.972,0.0199,False
2021-05-18,1.953,1.973,0.0005,False
2021-05-19,1.959,1.979,0.0031,False
2021-05-20,1.968,1.988,0.0046,False
2021-05-21,1.943,1.963,-0.0127,False
2021-05-24,1.958,1.978,0.0077,False
2021-05-25,2.019,2.039,0.031200000000000002,False
2021-05-26,2.02,2.04,0.0005,False
2021-05-27,2.029,2.049,0.0045000000000000005,False
2021-05-28,2.025,2.045,-0.002,False
2021-05-31,2.025,2.045,0.0,False
2021-06-01,2.03,2.05,0.0025,False
2021-06-02,2.012,2.032,-0.0089,False
2021-06-03,1.995,2.015,-0.0084,False
2021-06-04,2.001,2.021,0.003,False
2021-06-07,1.998,2.018,-0.0015,False
2021-06-08,1.997,2.017,-0.0005,False
2021-06-09,2.004,2.024,0.0034999999999999996,False
2021-06-10,2.019,2.039,0.0075,False
2021-06-11,2.009,2.029,-0.005,False
2021-06-15,1.99,2.01,-0.0095,False
2021-06-16,1.956,1.976,-0.0171,False
2021-06-17,1.969,1.989,0.0066,False
2021-06-18,1.976,1.996,0.0036,False
2021-06-21,1.982,2.002,0.003,False
2021-06-22,1.996,2.016,0.0070999999999999995,False
2021-06-23,2.012,2.032,0.008,False
2021-06-24,2.02,2.04,0.004,False
2021-06-25,2.049,2.069,0.0144,False
2021-06-28,2.063,2.083,0.0068000000000000005,False
2021-06-29,2.046,2.066,-0.008199999999999999,False
2021-06-30,2.056,2.076,0.0049,False
2021-07-01,2.048,2.068,-0.0039000000000000003,False
2021-07-02,1.988,2.008,-0.029300000000000003,False
2021-07-05,1.984,2.004,-0.002,False
2021-07-06,1.988,2.008,0.002,False
2021-07-07,2.011,2.031,0.0116,False
2021-07-08,1.996,2.016,-0.0075,False
2021-07-09,1.993,2.013,-0.0015,False
2021-07-12,2.013,2.033,0.01,False
2021-07-13,2.011,2.031,-0.001,False
2021-07-14,1.98,2.0,-0.0154,False
2021-07-15,2.004,2.024,0.0121,False
2021-07-16,1.971,1.991,-0.0165,False
2021-07-19,1.984,2.004,0.0066,False
2021-07-20,1.99,2.01,0.003,False
2021-07-21,2.002,2.022,0.006,False
2021-07-22,2.009,2.029,0.0034999999999999996,False
2021-07-23,1.994,2.014,-0.0075,False
2021-07-26,1.93,1.95,-0.0321,False
2021-07-27,1.855,1.875,-0.038900000000000004,False
2021-07-28,1.86,1.88,0.0027,False
2021-07-29,1.895,1.915,0.018799999999999997,False
2021-07-30,1.871,1.891,-0.0127,False
2021-08-02,1.933,1.953,0.0331,False
2021-08-03,1.945,1.965,0.0062,False
2021-08-04,1.986,2.006,0.021099999999999997,False
2021-08-05,1.982,2.002,-0.002,False
2021-08-06,1.975,1.995,-0.0034999999999999996,False
2021-08-09,2.0,2.02,0.0127,False
2021-08-10,2.029,2.049,0.014499999999999999,False
2021-08-11,2.016,2.036,-0.0064,False
2021-08-12,1.997,2.017,-0.009399999999999999,False
2021-08-13,1.993,2.013,-0.002,False
2021-08-16,1.981,2.001,-0.006,False
2021-08-17,1.943,1.963,-0.0192,False
2021-08-18,1.952,1.972,0.0046,False
2021-08-19,1.939,1.959,-0.0067,False
2021-08-20,1.902,1.922,-0.0191,False
2021-08-23,1.931,1.951,0.0152,False
2021-08-24,1.949,1.969,0.009300000000000001,False
2021-08-25,1.954,1.974,0.0026,False
2021-08-26,1.924,1.944,-0.0154,False
2021-08-27,1.942,1.962,0.009399999999999999,False
2021-08-30,1.935,1.955,-0.0036,False
2021-08-31,1.915,1.935,-0.0103,False
2021-09-01,1.93,1.95,0.0078000000000000005,False
2021-09-02,1.945,1.965,0.0078000000000000005,False
2021-09-03,1.926,1.946,-0.0098,False
2021-09-06,1.957,1.977,0.0161,False
2021-09-07,1.975,1.995,0.0092,False
2021-09-08,1.952,1.972,-0.0116,False
2021-09-09,1.951,1.971,-0.0005,False
2021-09-10,1.964,1.984,0.0067,False
2021-09-13,1.94,1.96,-0.012199999999999999,False
2021-09-14,1.915,1.935,-0.0129,False
2021-09-15,1.899,1.919,-0.0084,False
2021-09-16,1.882,1.902,-0.009000000000000001,False
2021-09-17,1.893,1.913,0.0058,False
2021-09-22,1.875,1.895,-0.0095,False
2021-09-23,1.882,1.902,0.0037,False
2021-09-24,1.887,1.907,0.0027,False
2021-09-27,1.907,1.927,0.0106,False
2021-09-28,1.91,1.93,0.0016,False
2021-09-29,1.894,1.914,-0.0084,False
2021-09-30,1.911,1.931,0.009000000000000001,False
2021-10-08,1.933,1.953,0.0115,False
2021-10-11,1.932,1.952,-0.0005,False
2021-10-12,1.918,1.938,-0.0072,False
2021-10-13,1.948,1.968,0.015600000000000001,False
2021-10-14,1.942,1.962,-0.0031,False
2021-10-15,1.953,1.973,0.005699999999999999,False
2021-10-18,1.932,1.952,-0.0108,False
2021-10-19,1.947,1.967,0.0078000000000000005,False
2021-10-20,1.949,1.969,0.001,False
2021-10-21,1.952,1.972,0.0015,False
2021-10-22,1.976,1.996,0.0123,False
2021-10-25,1.987,2.007,0.005600000000000001,False
2021-10-26,1.983,2.003,-0.002,False
2021-10-27,1.965,1.985,-0.0091,False
2021-10-28,1.953,1.973,-0.0060999999999999995,False
2021-10-29,1.974,1.994,0.0108,False
2021-11-01,1.965,1.985,-0.0046,False
2021-11-02,1.942,1.962,-0.011699999999999999,False
2021-11-03,1.924,1.944,-0.009300000000000001,False
2021-11-04,1.948,1.968,0.0125,False
2021-11-05,1.939,1.959,-0.0046,False
2021-11-08,1.938,1.958,-0.0005,False
2021-11-09,1.936,1.956,-0.001,False
2021-11-10,1.926,1.946,-0.0052,False
2021-11-11,1.952,1.972,0.013500000000000002,False
2021-11-12,1.951,1.971,-0.0005,False
2021-11-15,1.945,1.965,-0.0031,False
2021-11-16,1.94,1.96,-0.0026,False
2021-11-17,1.945,1.965,0.0026,False
2021-11-18,1.927,1.947,-0.009300000000000001,False
2021-11-19,1.948,1.968,0.0109,False
2021-11-22,1.959,1.979,0.005600000000000001,False
2021-11-23,1.961,1.981,0.001,False
2021-11-24,1.956,1.976,-0.0025,False
2021-11-25,1.943,1.963,-0.0066,False
2021-11-26,1.934,1.954,-0.0046,False
2021-11-29,1.931,1.951,-0.0016,False
2021-11-30,1.923,1.943,-0.0040999999999999995,False
2021-12-01,1.92,1.94,-0.0016,False
2021-12-02,1.927,1.947,0.0036,False
2021-12-03,1.94,1.96,0.0067,False
2021-12-06,1.943,1.963,0.0015,False
2021-12-07,1.962,1.982,0.0098,False
2021-12-08,1.983,2.003,0.010700000000000001,False
2021-12-09,2.006,2.026,0.0116,False
2021-12-10,2.004,2.024,-0.001,False
2021-12-13,2.029,2.049,0.0125,False
2021-12-14,2.014,2.034,-0.0074,False
2021-12-15,2.001,2.021,-0.006500000000000001,False
2021-12-16,2.015,2.035,0.006999999999999999,False
2021-12-17,1.981,2.001,-0.0169,False
2021-12-20,1.963,1.983,-0.0091,False
2021-12-21,1.978,1.998,0.0076,False
2021-12-22,1.978,1.998,0.0,False
2021-12-23,1.995,2.015,0.0086,False
2021-12-24,1.991,2.011,-0.002,False
2021-12-27,1.975,1.995,-0.008,False
2021-12-28,1.988,2.008,0.0066,False
2021-12-29,1.972,1.992,-0.008,False
2021-12-30,2.002,2.022,0.0152,False
2021-12-31,2.015,2.035,0.006500000000000001,False
2022-01-04,1.995,2.015,-0.009899999999999999,False
2022-01-05,1.92,1.94,-0.037599999999999995,False
2022-01-06,1.893,1.913,-0.0141,False
2022-01-07,1.881,1.901,-0.0063,False
2022-01-10,1.884,1.904,0.0016,False
2022-01-11,1.844,1.864,-0.0212,False
2022-01-12,1.879,1.899,0.019,False
2022-01-13,1.848,1.868,-0.0165,False
2022-01-14,1.866,1.886,0.0097,False
2022-01-17,1.9,1.92,0.0182,False
2022-01-18,1.907,1.927,0.0037,False
2022-01-19,1.872,1.892,-0.0184,False
2022-01-20,1.858,1.878,-0.0075,False
2022-01-21,1.827,1.847,-0.0167,False
2022-01-24,1.839,1.859,0.0066,False
2022-01-25,1.793,1.813,-0.025,False
2022-01-26,1.797,1.817,0.0022,False
2022-01-27,1.744,1.764,-0.029500000000000002,False
2022-01-28,1.721,1.741,-0.0132,False
2022-02-07,1.74,1.76,0.011000000000000001,False
2022-02-08,1.703,1.723,-0.0213,False
2022-02-09,1.715,1.735,0.006999999999999999,False
2022-02-10,1.698,1.718,-0.009899999999999999,False
2022-02-11,1.66,1.68,-0.022400000000000003,False
2022-02-14,1.662,1.682,0.0012,False
2022-02-15,1.713,1.733,0.030699999999999998,False
2022-02-16,1.707,1.727,-0.0034999999999999996,False
2022-02-17,1.719,1.739,0.006999999999999999,False
2022-02-18,1.707,1.727,-0.006999999999999999,False
2022-02-21,1.702,1.722,-0.0029,False
2022-02-22,1.686,1.706,-0.009399999999999999,False
2022-02-23,1.749,1.769,0.0374,False
2022-02-24,1.729,1.749,-0.011399999999999999,False
2022-02-25,1.746,1.766,0.0098,False
2022-02-28,1.749,1.769,0.0017000000000000001,False
2022-03-01,1.75,1.77,0.0006,False
2022-03-02,1.727,1.747,-0.0131,False
2022-03-03,1.692,1.712,-0.0203,False
2022-03-04,1.675,1.695,-0.01,False
2022-03-07,1.61,1.63,-0.0388,False
2022-03-08,1.589,1.609,-0.013000000000000001,False
2022-03-09,1.591,1.611,0.0013,False
2022-03-10,1.621,1.641,0.0189,False
2022-03-11,1.606,1.626,-0.009300000000000001,False
2022-03-14,1.562,1.582,-0.0274,False
2022-03-15,1.495,1.515,-0.0429,False
2022-03-16,1.555,1.575,0.0401,False
2022-03-17,1.585,1.605,0.019299999999999998,False
2022-03-18,1.59,1.61,0.0032,False
2022-03-21,1.585,1.605,-0.0031,False
2022-03-22,1.585,1.605,0.0,False
2022-03-23,1.591,1.611,0.0038,False
2022-03-24,1.585,1.605,-0.0038,False
2022-03-25,1.556,1.576,-0.0183,False
2022-03-28,1.543,1.563,-0.0084,False
2022-03-29,1.533,1.553,-0.006500000000000001,False
2022-03-30,1.576,1.596,0.027999999999999997,False
2022-03-31,1.569,1.589,-0.0044,False
2022-04-01,1.587,1.607,0.0115,False
2022-04-06,1.582,1.602,-0.0032,False
2022-04-07,1.564,1.584,-0.011399999999999999,False
2022-04-08,1.572,1.592,0.0051,False
2022-04-11,1.531,1.551,-0.026099999999999998,False
2022-04-12,1.561,1.581,0.0196,False
2022-04-13,1.549,1.569,-0.0077,False
2022-04-14,1.572,1.592,0.0148,False
2022-04-15,1.578,1.598,0.0038,False
2022-04-18,1.573,1.593,-0.0032,False
2022-04-19,1.559,1.579,-0.0089,False
2022-04-20,1.53,1.55,-0.018600000000000002,False
2022-04-21,1.507,1.527,-0.015,False
2022-04-22,1.521,1.541,0.009300000000000001,False
2022-04-25,1.457,1.477,-0.0421,False
2022-04-26,1.456,1.476,-0.0007000000000000001,False
2022-04-27,1.496,1.516,0.0275,False
2022-04-28,1.506,1.526,0.0067,False
2022-04-29,1.535,1.555,0.019299999999999998,False
2022-05-05,1.531,1.551,-0.0026,False
2022-05-06,1.492,1.512,-0.0255,False
2022-05-09,1.479,1.499,-0.0087,False
2022-05-10,1.493,1.513,0.0095,False
2022-05-11,1.507,1.527,0.009399999999999999,False
2022-05-12,1.5,1.52,-0.0046,False
2022-05-13,1.514,1.534,0.009300000000000001,False
2022-05-16,1.499,1.519,-0.009899999999999999,False
2022-05-17,1.519,1.539,0.013300000000000001,False
2022-05-18,1.507,1.527,-0.0079,False
2022-05-19,1.51,1.53,0.002,False
2022-05-20,1.534,1.554,0.0159,False
2022-05-23,1.522,1.542,-0.0078000000000000005,False
2022-05-24,1.488,1.508,-0.0223,False
2022-05-25,1.495,1.515,0.004699999999999999,False
2022-05-26,1.496,1.516,0.0007000000000000001,False
2022-05-27,1.5,1.52,0.0027,False
2022-05-30,1.509,1.529,0.006,False
2022-05-31,1.528,1.548,0.0126,False
2022-06-01,1.528,1.548,0.0,False
2022-06-02,1.533,1.553,0.0033,False
2022-06-06,1.567,1.587,0.0222,False
2022-06-07,1.572,1.592,0.0032,False
2022-06-08,1.588,1.608,0.0102,False
2022-06-09,1.571,1.591,-0.010700000000000001,False
2022-06-10,1.587,1.607,0.0102,False
2022-06-13,1.567,1.587,-0.0126,False
2022-06-14,1.578,1.598,0.006999999999999999,False
2022-06-15,1.593,1.613,0.0095,False
2022-06-16,1.585,1.605,-0.005,False
2022-06-17,1.6,1.62,0.0095,False
2022-06-20,1.601,1.621,0.0006,False
2022-06-21,1.602,1.622,0.0006,False
2022-06-22,1.584,1.604,-0.011200000000000002,False
2022-06-23,1.616,1.636,0.0202,False
2022-06-24,1.631,1.651,0.009300000000000001,False
2022-06-27,1.653,1.673,0.013500000000000002,False
2022-06-28,1.671,1.691,0.0109,False
2022-06-29,1.643,1.663,-0.0168,False
2022-06-30,1.664,1.684,0.0128,False
2022-07-01,1.654,1.674,-0.006,False
2022-07-04,1.665,1.685,0.0067,False
2022-07-05,1.661,1.681,-0.0024,False
2022-07-06,1.639,1.659,-0.0132,False
2022-07-07,1.649,1.669,0.0060999999999999995,False
2022-07-08,1.635,1.655,-0.0085,False
2022-07-11,1.607,1.627,-0.0171,False
2022-07-12,1.594,1.614,-0.008100000000000001,False
2022-07-13,1.597,1.617,0.0019,False
2022-07-14,1.6,1.62,0.0019,False
2022-07-15,1.583,1.603,-0.0106,False
2022-07-18,1.595,1.615,0.0076,False
2022-07-19,1.588,1.608,-0.0044,False
2022-07-20,1.594,1.614,0.0038,False
2022-07-21,1.58,1.6,-0.0088,False
2022-07-22,1.58,1.6,0.0,False
2022-07-25,1.574,1.594,-0.0038,False
2022-07-26,1.587,1.607,0.0083,False
2022-07-27,1.581,1.601,-0.0038,False
2022-07-28,1.58,1.6,-0.0006,False
2022-07-29,1.561,1.581,-0.012,False
2022-08-01,1.57,1.59,0.0058,False
2022-08-02,1.548,1.568,-0.013999999999999999,False
2022-08-03,1.531,1.551,-0.011000000000000001,False
2022-08-04,1.538,1.558,0.0046,False
2022-08-05,1.557,1.577,0.0124,False
2022-08-08,1.551,1.571,-0.0039000000000000003,False
2022-08-09,1.554,1.574,0.0019,False
2022-08-10,1.538,1.558,-0.0103,False
2022-08-11,1.566,1.586,0.0182,False
2022-08-12,1.563,1.583,-0.0019,False
2022-08-15,1.562,1.582,-0.0006,False
2022-08-16,1.559,1.579,-0.0019,False
2022-08-17,1.573,1.593,0.009000000000000001,False
2022-08-18,1.562,1.582,-0.006999999999999999,False
2022-08-19,1.55,1.57,-0.0077,False
2022-08-22,1.558,1.578,0.0052,False
2022-08-23,1.55,1.57,-0.0051,False
2022-08-24,1.524,1.544,-0.0168,False
2022-08-25,1.538,1.558,0.0092,False
2022-08-26,1.536,1.556,-0.0013,False
2022-08-29,1.529,1.549,-0.0046,False
2022-08-30,1.525,1.545,-0.0026,False
2022-08-31,1.527,1.547,0.0013,False
2022-09-01,1.514,1.534,-0.0085,False
2022-09-02,1.504,1.524,-0.0066,False
2022-09-05,1.501,1.521,-0.002,False
2022-09-06,1.514,1.534,0.0087,False
2022-09-07,1.512,1.532,-0.0013,False
2022-09-08,1.511,1.531,-0.0007000000000000001,False
2022-09-09,1.532,1.552,0.0139,False
2022-09-13,1.536,1.556,0.0026,False
2022-09-14,1.523,1.543,-0.0085,False
2022-09-15,1.511,1.531,-0.0079,False
2022-09-16,1.477,1.497,-0.0225,False
2022-09-19,1.477,1.497,0.0,False
2022-09-20,1.482,1.502,0.0034000000000000002,False
2022-09-21,1.471,1.491,-0.0074,False
2022-09-22,1.46,1.48,-0.0075,False
2022-09-23,1.456,1.476,-0.0027,False
2022-09-26,1.456,1.476,0.0,False
2022-09-27,1.475,1.495,0.013000000000000001,False
2022-09-28,1.458,1.478,-0.0115,False
2022-09-29,1.456,1.476,-0.0014000000000000002,False
2022-09-30,1.448,1.468,-0.0055000000000000005,False
2022-10-10,1.42,1.44,-0.019299999999999998,False
2022-10-11,1.419,1.439,-0.0007000000000000001,False
2022-10-12,1.433,1.453,0.009899999999999999,False
2022-10-13,1.417,1.437,-0.011200000000000002,False
2022-10-14,1.451,1.471,0.024,False
2022-10-17,1.447,1.467,-0.0028000000000000004,False
2022-10-18,1.444,1.464,-0.0021,False
2022-10-19,1.42,1.44,-0.0166,False
2022-10-20,1.411,1.431,-0.0063,False
2022-10-21,1.404,1.424,-0.005,False
2022-10-24,1.358,1.378,-0.032799999999999996,False
2022-10-25,1.356,1.376,-0.0015,False
2022-10-26,1.364,1.384,0.0059,False
2022-10-27,1.349,1.369,-0.011000000000000001,False
2022-10-28,1.317,1.337,-0.023700000000000002,False
2022-10-31,1.295,1.315,-0.0167,False
2022-11-01,1.342,1.362,0.0363,False
2022-11-02,1.359,1.379,0.0127,False
2022-11-03,1.347,1.367,-0.0088,False
2022-11-04,1.388,1.408,0.0304,False
2022-11-07,1.391,1.411,0.0022,False
2022-11-08,1.381,1.401,-0.0072,False
2022-11-09,1.369,1.389,-0.0087,False
2022-11-10,1.361,1.381,-0.0058,False
2022-11-11,1.391,1.411,0.022000000000000002,False
2022-11-14,1.39,1.41,-0.0007000000000000001,False
2022-11-15,1.41,1.43,0.0144,False
2022-11-16,1.399,1.419,-0.0078000000000000005,False
2022-11-17,1.395,1.415,-0.0029,False
2022-11-18,1.389,1.409,-0.0043,False
2022-11-21,1.378,1.398,-0.0079,False
2022-11-22,1.377,1.397,-0.0007000000000000001,False
2022-11-23,1.379,1.399,0.0015,False
2022-11-24,1.374,1.394,-0.0036,False
2022-11-25,1.378,1.398,0.0029,False
2022-11-28,1.365,1.385,-0.009399999999999999,False
2022-11-29,1.402,1.422,0.0271,False
2022-11-30,1.406,1.426,0.0029,False
2022-12-01,1.426,1.446,0.014199999999999999,False
2022-12-02,1.417,1.437,-0.0063,False
2022-12-05,1.439,1.459,0.0155,False
2022-12-06,1.447,1.467,0.005600000000000001,False
2022-12-07,1.446,1.466,-0.0007000000000000001,False
2022-12-08,1.445,1.465,-0.0007000000000000001,False
2022-12-09,1.46,1.48,0.0104,False
2022-12-12,1.444,1.464,-0.011000000000000001,False
2022-12-13,1.442,1.462,-0.0014000000000000002,False
2022-12-14,1.448,1.468,0.0042,False
2022-12-15,1.445,1.465,-0.0021,False
2022-12-16,1.444,1.464,-0.0007000000000000001,False
2022-12-19,1.426,1.446,-0.0125,False
2022-12-20,1.403,1.423,-0.0161,False
2022-12-21,1.405,1.425,0.0014000000000000002,False
2022-12-22,1.411,1.431,0.0043,False
2022-12-23,1.409,1.429,-0.0014000000000000002,False
2022-12-26,1.411,1.431,0.0014000000000000002,False
2022-12-27,1.432,1.452,0.0149,False
2022-12-28,1.428,1.448,-0.0028000000000000004,False
2022-12-29,1.422,1.442,-0.0042,False
2022-12-30,1.428,1.448,0.0042,False
2022-12-31,1.428,1.448,0.0,False
2023-01-03,1.434,1.454,0.0042,False
2023-01-04,1.436,1.456,0.0014000000000000002,False
2023-01-05,1.459,1.479,0.016,False
2023-01-06,1.456,1.476,-0.0021,False
2023-01-09,1.464,1.484,0.0055000000000000005,False
2023-01-10,1.47,1.49,0.0040999999999999995,False
2023-01-11,1.466,1.486,-0.0027,False
2023-01-12,1.468,1.488,0.0014000000000000002,False
2023-01-13,1.48,1.5,0.008199999999999999,False
2023-01-16,1.497,1.517,0.0115,False
2023-01-17,1.495,1.515,-0.0013,False
2023-01-18,1.493,1.513,-0.0013,False
2023-01-19,1.506,1.526,0.0087,False
2023-01-20,1.513,1.533,0.0046,False
2023-01-30,1.509,1.529,-0.0026,False
2023-01-31,1.489,1.509,-0.013300000000000001,False
2023-02-01,1.502,1.522,0.0087,False
2023-02-02,1.506,1.526,0.0027,False
2023-02-03,1.501,1.521,-0.0033,False
2023-02-06,1.49,1.51,-0.0073,False
2023-02-07,1.482,1.502,-0.0054,False
2023-02-08,1.47,1.49,-0.008100000000000001,False
2023-02-09,1.493,1.513,0.015600000000000001,False
2023-02-10,1.474,1.494,-0.0127,False
2023-02-13,1.492,1.512,0.012199999999999999,False
2023-02-14,1.493,1.513,0.0007000000000000001,False
2023-02-15,1.496,1.516,0.002,False
2023-02-16,1.476,1.496,-0.0134,False
2023-02-17,1.448,1.468,-0.019,False
2023-02-20,1.475,1.495,0.018600000000000002,False
2023-02-21,1.474,1.494,-0.0007000000000000001,False
2023-02-22,1.471,1.491,-0.002,False
2023-02-23,1.471,1.491,0.0,False
2023-02-24,1.457,1.477,-0.0095,False
2023-02-27,1.451,1.471,-0.0040999999999999995,False
2023-02-28,1.457,1.477,0.0040999999999999995,False
2023-03-01,1.465,1.485,0.0055000000000000005,False
2023-03-02,1.452,1.472,-0.0089,False
2023-03-03,1.461,1.481,0.0062,False
2023-03-06,1.467,1.487,0.0040999999999999995,False
2023-03-07,1.442,1.462,-0.017,False
2023-03-08,1.444,1.464,0.0014000000000000002,False
2023-03-09,1.437,1.457,-0.0048,False
2023-03-10,1.418,1.438,-0.0132,False
2023-03-13,1.428,1.448,0.0070999999999999995,False
2023-03-14,1.42,1.44,-0.005600000000000001,False
2023-03-15,1.418,1.438,-0.0014000000000000002,False
2023-03-16,1.4,1.42,-0.0127,False
2023-03-17,1.402,1.422,0.0014000000000000002,False
2023-03-20,1.413,1.433,0.0078000000000000005,False
2023-03-21,1.432,1.452,0.0134,False
2023-03-22,1.437,1.457,0.0034999999999999996,False
2023-03-23,1.445,1.465,0.005600000000000001,False
2023-03-24,1.44,1.46,-0.0034999999999999996,False
2023-03-27,1.437,1.457,-0.0021,False
2023-03-28,1.427,1.447,-0.006999999999999999,False
2023-03-29,1.435,1.455,0.005600000000000001,False
2023-03-30,1.448,1.468,0.0091,False
2023-03-31,1.456,1.476,0.0055000000000000005,False
2023-04-03,1.463,1.483,0.0048,False
2023-04-04,1.457,1.477,-0.0040999999999999995,False
2023-04-06,1.474,1.494,0.011699999999999999,False
2023-04-07,1.496,1.516,0.0149,False
2023-04-10,1.491,1.511,-0.0033,False
2023-04-11,1.48,1.5,-0.0074,False
2023-04-12,1.473,1.493,-0.004699999999999999,False
2023-04-13,1.465,1.485,-0.0054,False
2023-04-14,1.474,1.494,0.0060999999999999995,False
2023-04-17,1.488,1.508,0.0095,False
2023-04-18,1.487,1.507,-0.0007000000000000001,False
2023-04-19,1.478,1.498,-0.0060999999999999995,False
2023-04-20,1.465,1.485,-0.0088,False
2023-04-21,1.449,1.469,-0.0109,False
2023-04-24,1.425,1.445,-0.0166,False
2023-04-25,1.411,1.431,-0.0098,False
2023-04-26,1.419,1.439,0.005699999999999999,False
2023-04-27,1.43,1.45,0.0078000000000000005,False
2023-04-28,1.439,1.459,0.0063,False
2023-05-04,1.437,1.457,-0.0014000000000000002,False
2023-05-05,1.431,1.451,-0.0042,False
2023-05-08,1.417,1.437,-0.0098,False
2023-05-09,1.401,1.421,-0.0113,False
2023-05-10,1.391,1.411,-0.0070999999999999995,False
2023-05-11,1.396,1.416,0.0036,False
2023-05-12,1.378,1.398,-0.0129,False
2023-05-15,1.382,1.402,0.0029,False
2023-05-16,1.371,1.391,-0.008,False
2023-05-17,1.383,1.403,0.0088,False
2023-05-18,1.435,1.455,0.037599999999999995,False
2023-05-19,1.449,1.469,0.0098,False
2023-05-22,1.418,1.438,-0.021400000000000002,False
2023-05-23,1.396,1.416,-0.0155,False
2023-05-24,1.411,1.431,0.010700000000000001,False
2023-05-25,1.431,1.451,0.014199999999999999,False
2023-05-26,1.47,1.49,0.0273,False
2023-05-29,1.469,1.489,-0.0007000000000000001,False
2023-05-30,1.521,1.541,0.0354,False
2023-05-31,1.548,1.568,0.0178,False
2023-06-01,1.553,1.573,0.0032,False
2023-06-02,1.529,1.549,-0.0155,False
2023-06-05,1.539,1.559,0.006500000000000001,False
2023-06-06,1.497,1.517,-0.0273,False
2023-06-07,1.517,1.537,0.0134,False
2023-06-08,1.488,1.508,-0.0191,False
2023-06-09,1.536,1.556,0.0323,False
2023-06-12,1.54,1.56,0.0026,False
2023-06-13,1.586,1.606,0.029900000000000003,False
2023-06-14,1.604,1.624,0.0113,False
2023-06-15,1.577,1.597,-0.0168,False
2023-06-16,1.612,1.632,0.0222,False
2023-06-19,1.679,1.699,0.0416,False
2023-06-20,1.701,1.721,0.0131,False
2023-06-21,1.61,1.63,-0.0535,False
2023-06-26,1.539,1.559,-0.0441,False
2023-06-27,1.544,1.564,0.0032,False
2023-06-28,1.522,1.542,-0.014199999999999999,False
2023-06-29,1.313,1.563,0.0138,False
2023-06-30,1.318,1.568,0.0038,False
2023-07-03,1.295,1.545,-0.0175,False
2023-07-04,1.318,1.568,0.0178,False
2023-07-05,1.305,1.555,-0.009899999999999999,False
2023-07-06,1.316,1.566,0.0084,False
2023-07-07,1.289,1.539,-0.020499999999999997,False
2023-07-10,1.276,1.526,-0.0101,False
2023-07-11,1.298,1.548,0.0172,False
2023-07-12,1.261,1.511,-0.0285,False
2023-07-13,1.291,1.541,0.023799999999999998,False
2023-07-14,1.302,1.552,0.0085,False
2023-07-17,1.29,1.54,-0.0092,False
2023-07-18,1.28,1.53,-0.0078000000000000005,False
2023-07-19,1.281,1.531,0.0008,False
2023-07-20,1.241,1.491,-0.031200000000000002,False
2023-07-21,1.229,1.479,-0.0097,False
2023-07-24,1.229,1.479,0.0,False
2023-07-25,1.244,1.494,0.012199999999999999,False
2023-07-26,1.219,1.469,-0.020099999999999996,False
2023-07-27,1.196,1.446,-0.0189,False
2023-07-28,1.205,1.455,0.0075,False
2023-07-31,1.212,1.462,0.0058,False
2023-08-01,1.214,1.464,0.0017000000000000001,False
2023-08-02,1.217,1.467,0.0025,False
2023-08-03,1.214,1.464,-0.0025,False
2023-08-04,1.231,1.481,0.013999999999999999,False
2023-08-07,1.235,1.485,0.0032,False
2023-08-08,1.226,1.476,-0.0073,False
2023-08-09,1.205,1.455,-0.0171,False
2023-08-10,1.204,1.454,-0.0008,False
2023-08-11,1.179,1.429,-0.0208,False
2023-08-14,1.187,1.437,0.0068000000000000005,False
2023-08-15,1.172,1.422,-0.0126,False
2023-08-16,1.147,1.397,-0.0213,False
2023-08-17,1.158,1.408,0.0096,False
2023-08-18,1.136,1.386,-0.019,False
2023-08-21,1.121,1.371,-0.0132,False
2023-08-22,1.142,1.392,0.0187,False
2023-08-23,1.111,1.361,-0.0271,False
2023-08-24,1.13,1.38,0.0171,False
2023-08-25,1.09,1.34,-0.0354,False
2023-08-28,1.093,1.343,0.0028000000000000004,False
2023-08-29,1.134,1.384,0.0375,False
2023-08-30,1.165,1.415,0.0273,False
2023-08-31,1.163,1.413,-0.0017000000000000001,False
2023-09-01,1.152,1.402,-0.0095,False
2023-09-04,1.169,1.419,0.0148,False
2023-09-05,1.158,1.408,-0.009399999999999999,False
2023-09-06,1.173,1.423,0.013000000000000001,False
2023-09-07,1.14,1.39,-0.0281,False
2023-09-08,1.144,1.394,0.0034999999999999996,False
2023-09-11,1.151,1.401,0.0060999999999999995,False
2023-09-12,1.149,1.399,-0.0017000000000000001,False
2023-09-13,1.128,1.378,-0.0183,False
2023-09-14,1.119,1.369,-0.008,False
2023-09-15,1.126,1.376,0.0063,False
2023-09-18,1.113,1.363,-0.0115,False
2023-09-19,1.108,1.358,-0.0045000000000000005,False
2023-09-20,1.1,1.35,-0.0072,False
2023-09-21,1.095,1.345,-0.0045000000000000005,False
2023-09-22,1.138,1.388,0.0393,False
2023-09-25,1.127,1.377,-0.0097,False
2023-09-26,1.131,1.381,0.0034999999999999996,False
2023-09-27,1.127,1.377,-0.0034999999999999996,False
2023-09-28,1.134,1.384,0.0062,False
2023-10-09,1.141,1.391,0.0062,False
2023-10-10,1.151,1.401,0.0088,False
2023-10-11,1.167,1.417,0.0139,False
2023-10-12,1.163,1.413,-0.0034000000000000002,False
2023-10-13,1.161,1.411,-0.0017000000000000001,False
2023-10-16,1.139,1.389,-0.0189,False
2023-10-17,1.134,1.384,-0.0044,False
2023-10-18,1.11,1.36,-0.0212,False
2023-10-19,1.124,1.374,0.0126,False
2023-10-20,1.097,1.347,-0.024,False
2023-10-23,1.066,1.316,-0.028300000000000002,False
2023-10-24,1.081,1.331,0.0141,False
2023-10-25,1.088,1.338,0.006500000000000001,False
2023-10-26,1.097,1.347,0.0083,False
2023-10-27,1.108,1.358,0.01,False
2023-10-30,1.156,1.406,0.0433,False
2023-10-31,1.148,1.398,-0.0069,False
2023-11-01,1.148,1.398,0.0,False
2023-11-02,1.139,1.389,-0.0078000000000000005,False
2023-11-03,1.17,1.42,0.027200000000000002,False
2023-11-06,1.225,1.475,0.047,False
2023-11-07,1.24,1.49,0.012199999999999999,False
2023-11-08,1.253,1.503,0.0105,False
2023-11-09,1.234,1.484,-0.0152,False
2023-11-10,1.236,1.486,0.0016,False
2023-11-13,1.243,1.493,0.005699999999999999,False
2023-11-14,1.263,1.513,0.0161,False
2023-11-15,1.267,1.517,0.0032,False
2023-11-16,1.254,1.504,-0.0103,False
2023-11-17,1.259,1.509,0.004,False
2023-11-20,1.267,1.517,0.0064,False
2023-11-21,1.248,1.498,-0.015,False
2023-11-22,1.231,1.481,-0.013600000000000001,False
2023-11-23,1.24,1.49,0.0073,False
2023-11-24,1.212,1.462,-0.0226,False
2023-11-27,1.217,1.467,0.0040999999999999995,False
2023-11-28,1.224,1.474,0.0058,False
2023-11-29,1.219,1.469,-0.0040999999999999995,False
2023-11-30,1.215,1.465,-0.0033,False
2023-12-01,1.237,1.487,0.0181,False
2023-12-04,1.237,1.487,0.0,False
2023-12-05,1.207,1.457,-0.024300000000000002,False
2023-12-06,1.213,1.463,0.005,False
2023-12-07,1.221,1.471,0.0066,False
2023-12-08,1.233,1.483,0.0098,False
2023-12-11,1.257,1.507,0.0195,False
2023-12-12,1.251,1.501,-0.0048,False
2023-12-13,1.233,1.483,-0.0144,False
2023-12-14,1.227,1.477,-0.0049,False
2023-12-15,1.219,1.469,-0.006500000000000001,False
2023-12-18,1.198,1.448,-0.0172,False
2023-12-19,1.215,1.465,0.014199999999999999,False
2023-12-20,1.2,1.45,-0.0123,False
2023-12-21,1.205,1.455,0.0042,False
2023-12-22,1.181,1.431,-0.0199,False
2023-12-25,1.184,1.434,0.0025,False
2023-12-26,1.161,1.411,-0.0194,False
2023-12-27,1.175,1.425,0.0121,False
2023-12-28,1.191,1.441,0.013600000000000001,False
2023-12-29,1.229,1.479,0.0319,False
2023-12-31,1.229,1.479,0.0,False
2024-01-02,1.211,1.461,-0.0146,False
2024-01-03,1.192,1.442,-0.015700000000000002,False
2024-01-04,1.186,1.436,-0.005,False
2024-01-05,1.161,1.411,-0.021099999999999997,False
2024-01-08,1.136,1.386,-0.0215,False
2024-01-09,1.136,1.386,0.0,False
2024-01-10,1.113,1.363,-0.0202,False
2024-01-11,1.143,1.393,0.027000000000000003,False
2024-01-12,1.124,1.374,-0.0166,False
2024-01-15,1.125,1.375,0.0009,False
2024-01-16,1.119,1.369,-0.0053,False
2024-01-17,1.096,1.346,-0.0206,False
2024-01-18,1.115,1.365,0.0173,False
2024-01-19,1.107,1.357,-0.0072,False
2024-01-22,1.057,1.307,-0.0452,False
2024-01-23,1.072,1.322,0.014199999999999999,False
2024-01-24,1.07,1.32,-0.0019,False
2024-01-25,1.096,1.346,0.024300000000000002,False
2024-01-26,1.071,1.321,-0.022799999999999997,False
2024-01-29,1.038,1.288,-0.0308,False
2024-01-30,1.012,1.262,-0.025,False
2024-01-31,0.984,1.234,-0.0277,False
2024-02-01,0.995,1.245,0.011200000000000002,False
2024-02-02,0.966,1.216,-0.0291,False
2024-02-05,0.94,1.19,-0.0269,False
2024-02-06,0.987,1.237,0.05,False
2024-02-07,1.0,1.25,0.0132,False
2024-02-08,1.039,1.289,0.039,False
2024-02-19,1.085,1.335,0.0443,False
2024-02-20,1.087,1.337,0.0018,False
2024-02-21,1.074,1.324,-0.012,False
2024-02-22,1.103,1.353,0.027000000000000003,False
2024-02-23,1.122,1.372,0.0172,False
2024-02-26,1.134,1.384,0.010700000000000001,False
2024-02-27,1.183,1.433,0.0432,False
2024-02-28,1.124,1.374,-0.0499,False
2024-02-29,1.161,1.411,0.0329,False
2024-03-01,1.18,1.43,0.016399999999999998,False
2024-03-04,1.207,1.457,0.0229,False
2024-03-05,1.199,1.449,-0.0066,False
2024-03-06,1.194,1.444,-0.0042,False
2024-03-07,1.171,1.421,-0.019299999999999998,False
2024-03-08,1.205,1.455,0.028999999999999998,False
2024-03-11,1.215,1.465,0.0083,False
2024-03-12,1.204,1.454,-0.0091,False
2024-03-13,1.207,1.457,0.0025,False
2024-03-14,1.206,1.456,-0.0008,False
2024-03-15,1.225,1.475,0.0158,False
2024-03-18,1.251,1.501,0.0212,False
2024-03-19,1.242,1.492,-0.0072,False
2024-03-20,1.243,1.493,0.0008,False
2024-03-21,1.241,1.491,-0.0016,False
2024-03-22,1.246,1.496,0.004,False
2024-03-25,1.218,1.468,-0.0225,False
2024-03-26,1.213,1.463,-0.0040999999999999995,False
2024-03-27,1.183,1.433,-0.024700000000000003,False
2024-03-28,1.202,1.452,0.0161,False
2024-03-29,1.218,1.468,0.013300000000000001,False
2024-04-01,1.234,1.484,0.0131,False
2024-04-02,1.225,1.475,-0.0073,False
2024-04-03,1.209,1.459,-0.0131,False
2024-04-08,1.194,1.444,-0.0124,False
2024-04-09,1.201,1.451,0.0059,False
2024-04-10,1.178,1.428,-0.0192,False
2024-04-11,1.178,1.428,0.0,False
2024-04-12,1.188,1.438,0.0085,False
2024-04-15,1.183,1.433,-0.0042,False
2024-04-16,1.149,1.399,-0.0287,False
2024-04-17,1.198,1.448,0.0426,False
2024-04-18,1.198,1.448,0.0,False
2024-04-19,1.173,1.423,-0.0209,False
2024-04-22,1.154,1.404,-0.016200000000000003,False
2024-04-23,1.153,1.403,-0.0009,False
2024-04-24,1.196,1.446,0.0373,False
2024-04-25,1.193,1.443,-0.0025,False
2024-04-26,1.234,1.484,0.0344,False
2024-04-29,1.267,1.517,0.026699999999999998,False
2024-04-30,1.259,1.509,-0.0063,False
2024-05-06,1.262,1.512,0.0024,False
2024-05-07,1.253,1.503,-0.0070999999999999995,False
2024-05-08,1.234,1.484,-0.0152,False
2024-05-09,1.254,1.504,0.016200000000000003,False
2024-05-10,1.232,1.482,-0.0175,False
2024-05-13,1.224,1.474,-0.006500000000000001,False
2024-05-14,1.226,1.476,0.0016,False
2024-05-15,1.221,1.471,-0.0040999999999999995,False
2024-05-16,1.228,1.478,0.005699999999999999,False
2024-05-17,1.24,1.49,0.0098,False
2024-05-20,1.258,1.508,0.014499999999999999,False
2024-05-21,1.249,1.499,-0.0072,False
2024-05-22,1.258,1.508,0.0072,False
2024-05-23,1.246,1.496,-0.0095,False
2024-05-24,1.22,1.47,-0.0209,False
2024-05-27,1.24,1.49,0.016399999999999998,False
2024-05-28,1.229,1.479,-0.0089,False
2024-05-29,1.232,1.482,0.0024,False
2024-05-30,1.243,1.493,0.0089,False
2024-05-31,1.246,1.496,0.0024,False
2024-06-03,1.274,1.524,0.0225,False
2024-06-04,1.272,1.522,-0.0016,False
2024-06-05,1.258,1.508,-0.011000000000000001,False
2024-06-06,1.251,1.501,-0.005600000000000001,False
2024-06-07,1.234,1.484,-0.013600000000000001,False
2024-06-11,1.257,1.507,0.018600000000000002,False
2024-06-12,1.262,1.512,0.004,False
2024-06-13,1.276,1.526,0.0111,False
2024-06-14,1.296,1.546,0.015700000000000002,False
2024-06-17,1.323,1.573,0.0208,False
2024-06-18,1.332,1.582,0.0068000000000000005,False
2024-06-19,1.318,1.568,-0.0105,False
2024-06-20,1.306,1.556,-0.0091,False
2024-06-21,1.306,1.556,0.0,False
2024-06-24,1.272,1.522,-0.026000000000000002,False
2024-06-25,1.241,1.491,-0.024399999999999998,False
2024-06-26,1.272,1.522,0.025,False
2024-06-27,1.255,1.505,-0.0134,False
2024-06-28,1.276,1.526,0.0167,False
2024-06-30,1.276,1.526,0.0,False
2024-07-01,1.286,1.536,0.0078000000000000005,False
2024-07-02,1.271,1.521,-0.011699999999999999,False
2024-07-03,1.264,1.514,-0.0055000000000000005,False
2024-07-04,1.263,1.513,-0.0008,False
2024-07-05,1.267,1.517,0.0032,False
2024-07-08,1.268,1.518,0.0008,False
2024-07-09,1.316,1.566,0.0379,False
2024-07-10,1.32,1.57,0.003,False
2024-07-11,1.33,1.58,0.0076,False
2024-07-12,1.324,1.574,-0.0045000000000000005,False
2024-07-15,1.323,1.573,-0.0008,False
2024-07-16,1.362,1.612,0.029500000000000002,False
2024-07-17,1.325,1.575,-0.027200000000000002,False
2024-07-18,1.324,1.574,-0.0008,False
2024-07-19,1.313,1.563,-0.0083,False
2024-07-22,1.309,1.559,-0.003,False
2024-07-23,1.269,1.519,-0.030600000000000002,False
2024-07-24,1.267,1.517,-0.0016,False
2024-07-25,1.239,1.489,-0.022099999999999998,False
2024-07-26,1.246,1.496,0.005600000000000001,False
2024-07-29,1.253,1.503,0.005600000000000001,False
2024-07-30,1.249,1.499,-0.0032,False
2024-07-31,1.282,1.532,0.0264,False
2024-08-01,1.276,1.526,-0.004699999999999999,False
2024-08-02,1.237,1.487,-0.030600000000000002,False
2024-08-05,1.179,1.429,-0.046900000000000004,False
2024-08-06,1.197,1.447,0.015300000000000001,False
2024-08-07,1.19,1.44,-0.0058,False
2024-08-08,1.187,1.437,-0.0025,False
2024-08-09,1.198,1.448,0.009300000000000001,False
2024-08-12,1.198,1.448,0.0,False
2024-08-13,1.208,1.458,0.0083,False
2024-08-14,1.197,1.447,-0.0091,False
2024-08-15,1.197,1.447,0.0,False
2024-08-16,1.208,1.458,0.0092,False
2024-08-19,1.204,1.454,-0.0033,False
2024-08-20,1.195,1.445,-0.0075,False
2024-08-21,1.21,1.46,0.0126,False
2024-08-22,1.209,1.459,-0.0008,False
2024-08-23,1.205,1.455,-0.0033,False
2024-08-26,1.203,1.453,-0.0017000000000000001,False
2024-08-27,1.188,1.438,-0.0125,False
2024-08-28,1.191,1.441,0.0025,False
2024-08-29,1.194,1.444,0.0025,False
2024-08-30,1.23,1.48,0.0302,False
2024-09-02,1.207,1.457,-0.0187,False
2024-09-03,1.209,1.459,0.0017000000000000001,False
2024-09-04,1.195,1.445,-0.0116,False
2024-09-05,1.182,1.432,-0.0109,False
2024-09-06,1.158,1.408,-0.0203,False
2024-09-09,1.152,1.402,-0.0052,False
2024-09-10,1.163,1.413,0.0095,False
2024-09-11,1.16,1.41,-0.0026,False
2024-09-12,1.161,1.411,0.0009,False
2024-09-13,1.17,1.42,0.0078000000000000005,False
2024-09-18,1.153,1.403,-0.014499999999999999,False
2024-09-19,1.148,1.398,-0.0043,False
2024-09-20,1.146,1.396,-0.0017000000000000001,False
2024-09-23,1.145,1.395,-0.0009,False
2024-09-24,1.2,1.45,0.048,False
2024-09-25,1.192,1.442,-0.0067,False
2024-09-26,1.218,1.468,0.0218,False
2024-09-27,1.282,1.532,0.0525,False
2024-09-30,1.428,1.678,0.1139,False
2024-10-08,1.583,1.833,0.1085,False
2024-10-09,1.49,1.74,-0.0587,False
2024-10-10,1.467,1.717,-0.0154,False
2024-10-11,1.421,1.671,-0.031400000000000004,False
2024-10-14,1.463,1.713,0.0296,False
2024-10-15,1.431,1.681,-0.0219,False
2024-10-16,1.408,1.658,-0.0161,False
2024-10-17,1.416,1.666,0.005699999999999999,False
2024-10-18,1.517,1.767,0.0713,False
2024-10-21,1.536,1.786,0.0125,False
2024-10-22,1.524,1.774,-0.0078000000000000005,False
2024-10-23,1.514,1.764,-0.0066,False
2024-10-24,1.504,1.754,-0.0066,False
2024-10-25,1.518,1.768,0.009300000000000001,False
2024-10-28,1.509,1.759,-0.0059,False
2024-10-29,1.517,1.767,0.0053,False
2024-10-30,1.531,1.781,0.0092,False
2024-10-31,1.538,1.788,0.0046,False
2024-11-01,1.507,1.757,-0.0202,False
2024-11-04,1.545,1.795,0.0252,False
2024-11-05,1.589,1.839,0.0285,False
2024-11-06,1.578,1.828,-0.0069,False
2024-11-07,1.58,1.83,0.0013,False
2024-11-08,1.6,1.85,0.0127,False
2024-11-11,1.647,1.897,0.0294,False
2024-11-12,1.619,1.869,-0.017,False
2024-11-13,1.624,1.874,0.0031,False
2024-11-14,1.572,1.822,-0.032,False
2024-11-15,1.531,1.781,-0.026099999999999998,False
2024-11-18,1.501,1.751,-0.0196,False
2024-11-19,1.53,1.78,0.019299999999999998,False
2024-11-20,1.541,1.791,0.0072,False
2024-11-21,1.534,1.784,-0.0045000000000000005,False
2024-11-22,1.5,1.75,-0.0222,False
2024-11-25,1.489,1.739,-0.0073,False
2024-11-26,1.475,1.725,-0.009399999999999999,False
2024-11-27,1.518,1.768,0.0292,False
2024-11-28,1.504,1.754,-0.0092,False
2024-11-29,1.525,1.775,0.013999999999999999,False
2024-12-02,1.566,1.816,0.0269,False
2024-12-03,1.549,1.799,-0.0109,False
2024-12-04,1.529,1.779,-0.0129,False
2024-12-05,1.537,1.787,0.0052,False
2024-12-06,1.553,1.803,0.0104,False
2024-12-09,1.54,1.79,-0.0084,False
2024-12-10,1.557,1.807,0.011000000000000001,False
2024-12-11,1.584,1.834,0.0173,False
2024-12-12,1.592,1.842,0.0051,False
2024-12-13,1.573,1.823,-0.011899999999999999,False
2024-12-16,1.548,1.798,-0.0159,False
2024-12-17,1.545,1.795,-0.0019,False
2024-12-18,1.553,1.803,0.0052,False
2024-12-19,1.587,1.837,0.0219,False
2024-12-20,1.612,1.862,0.0158,False
2024-12-23,1.566,1.816,-0.0285,False
2024-12-24,1.579,1.829,0.0083,False
2024-12-25,1.583,1.833,0.0025,False
2024-12-26,1.636,1.886,0.0335,False
2024-12-27,1.611,1.861,-0.015300000000000001,False
2024-12-30,1.607,1.857,-0.0025,False
2024-12-31,1.553,1.803,-0.0336,False
2025-01-02,1.514,1.764,-0.025099999999999997,False
2025-01-03,1.49,1.74,-0.0159,False
2025-01-06,1.481,1.731,-0.006,False
2025-01-07,1.547,1.797,0.0446,False
2025-01-08,1.538,1.788,-0.0058,False
2025-01-09,1.545,1.795,0.0046,False
2025-01-10,1.522,1.772,-0.0149,False
2025-01-13,1.514,1.764,-0.0053,False
2025-01-14,1.586,1.836,0.047599999999999996,False
2025-01-15,1.565,1.815,-0.0132,False
2025-01-16,1.571,1.821,0.0038,False
2025-01-17,1.595,1.845,0.015300000000000001,False
2025-01-20,1.619,1.869,0.015,False
2025-01-21,1.661,1.911,0.0259,False
2025-01-22,1.67,1.92,0.0054,False
2025-01-23,1.641,1.891,-0.0174,False
2025-01-24,1.684,1.934,0.0262,False
2025-01-27,1.621,1.871,-0.0374,False
2025-02-05,1.615,1.865,-0.0037,False
2025-02-06,1.677,1.927,0.0384,False
2025-02-07,1.701,1.951,0.0143,False
2025-02-10,1.713,1.963,0.0070999999999999995,False
2025-02-11,1.714,1.964,0.0006,False
2025-02-12,1.763,2.013,0.0286,False
2025-02-13,1.719,1.969,-0.025,False
2025-02-14,1.717,1.967,-0.0012,False
2025-02-17,1.743,1.993,0.0151,False
2025-02-18,1.712,1.962,-0.0178,False
2025-02-19,1.763,2.013,0.0298,False
2025-02-20,1.783,2.033,0.0113,False
2025-02-21,1.86,2.11,0.0432,False
2025-02-24,1.837,2.087,-0.0124,False
2025-02-25,1.825,2.075,-0.006500000000000001,False
2025-02-26,1.842,2.092,0.009300000000000001,False
2025-02-27,1.821,2.071,-0.011399999999999999,False
2025-02-28,1.73,1.98,-0.05,False
2025-03-03,1.729,1.979,-0.0006,False
2025-03-04,1.742,1.992,0.0075,False
2025-03-05,1.762,2.012,0.0115,False
2025-03-06,1.816,2.066,0.030600000000000002,False
2025-03-07,1.803,2.053,-0.0072,False
2025-03-10,1.785,2.035,-0.01,False
2025-03-11,1.777,2.027,-0.0045000000000000005,False
2025-03-12,1.792,2.042,0.0084,False
2025-03-13,1.747,1.997,-0.025099999999999997,False
2025-03-14,1.779,2.029,0.0183,False
2025-03-17,1.775,2.025,-0.0022,False
2025-03-18,1.793,2.043,0.0101,False
2025-03-19,1.764,2.014,-0.016200000000000003,False
2025-03-20,1.752,2.002,-0.0068000000000000005,False
2025-03-21,1.7,1.95,-0.0297,False
2025-03-24,1.705,1.955,0.0029,False
2025-03-25,1.681,1.931,-0.0141,False
2025-03-26,1.689,1.939,0.0048,False
2025-03-27,1.698,1.948,0.0053,False
2025-03-28,1.686,1.936,-0.0070999999999999995,False
2025-03-31,1.684,1.934,-0.0012,False
2025-04-01,1.679,1.929,-0.003,False
2025-04-02,1.68,1.93,0.0006,False
2025-04-03,1.606,1.856,-0.044000000000000004,False
2025-04-07,1.424,1.674,-0.1133,False
2025-04-08,1.401,1.651,-0.016200000000000003,False
2025-04-09,1.427,1.677,0.018600000000000002,False
2025-04-10,1.467,1.717,0.027999999999999997,False
2025-04-11,1.515,1.765,0.0327,False
2025-04-14,1.522,1.772,0.0046,False
2025-04-15,1.506,1.756,-0.0105,False
2025-04-16,1.485,1.735,-0.0139,False
2025-04-17,1.49,1.74,0.0034000000000000002,False
2025-04-18,1.499,1.749,0.006,False
2025-04-21,1.537,1.787,0.0254,False
2025-04-22,1.516,1.766,-0.0137,False
2025-04-23,1.546,1.796,0.019799999999999998,False
2025-04-24,1.523,1.773,-0.0149,False
2025-04-25,1.519,1.769,-0.0026,False
2025-04-28,1.511,1.761,-0.0053,False
2025-04-29,1.507,1.757,-0.0026,False
2025-04-30,1.545,1.795,0.0252,False
2025-05-06,1.578,1.828,0.021400000000000002,False
2025-05-07,1.569,1.819,-0.005699999999999999,False
2025-05-08,1.574,1.824,0.0032,False
2025-05-09,1.538,1.788,-0.0229,False
2025-05-12,1.565,1.815,0.0176,False
2025-05-13,1.551,1.801,-0.0089,False
2025-05-14,1.541,1.791,-0.0064,False
2025-05-15,1.51,1.76,-0.020099999999999996,False
2025-05-16,1.521,1.771,0.0073,False
2025-05-19,1.517,1.767,-0.0026,False
2025-05-20,1.523,1.773,0.004,False
2025-05-21,1.515,1.765,-0.0053,False
2025-05-22,1.503,1.753,-0.0079,False
2025-05-23,1.494,1.744,-0.006,False
2025-05-26,1.499,1.749,0.0033,False
2025-05-27,1.482,1.732,-0.0113,False
2025-05-28,1.488,1.738,0.004,False
2025-05-29,1.518,1.768,0.0202,False
2025-05-30,1.501,1.751,-0.011200000000000002,False
2025-06-03,1.501,1.751,0.0,False
2025-06-04,1.514,1.764,0.0087,False
2025-06-05,1.551,1.801,0.024399999999999998,False
2025-06-06,1.546,1.796,-0.0032,False
2025-06-09,1.558,1.808,0.0078000000000000005,False
2025-06-10,1.536,1.786,-0.0141,False
2025-06-11,1.548,1.798,0.0078000000000000005,False
2025-06-12,1.552,1.802,0.0026,False
2025-06-13,1.54,1.79,-0.0077,False
2025-06-16,1.556,1.806,0.0104,False
2025-06-17,1.552,1.802,-0.0026,False
2025-06-18,1.572,1.822,0.0129,False
2025-06-19,1.567,1.817,-0.0032,False
2025-06-20,1.553,1.803,-0.0089,False
2025-06-23,1.563,1.813,0.0064,False
2025-06-24,1.59,1.84,0.0173,False
2025-06-25,1.61,1.86,0.0126,False
2025-06-26,1.594,1.844,-0.009899999999999999,False
2025-06-27,1.606,1.856,0.0075,False
2025-06-30,1.641,1.891,0.0218,False
2025-07-01,1.64,1.89,-0.0006,False
2025-07-02,1.62,1.87,-0.012199999999999999,False
2025-07-03,1.656,1.906,0.0222,False
2025-07-04,1.637,1.887,-0.0115,False
2025-07-07,1.623,1.873,-0.0086,False
2025-07-08,1.652,1.902,0.0179,False
2025-07-09,1.635,1.885,-0.0103,False
2025-07-10,1.63,1.88,-0.0031,False
2025-07-11,1.633,1.883,0.0018,False
2025-07-14,1.627,1.877,-0.0037,False
2025-07-15,1.638,1.888,0.0068000000000000005,False
2025-07-16,1.632,1.882,-0.0037,False
2025-07-17,1.669,1.919,0.0227,False
2025-07-18,1.655,1.905,-0.0084,False
2025-07-21,1.664,1.914,0.0054,False
2025-07-22,1.655,1.905,-0.0054,False
2025-07-23,1.66,1.91,0.003,False
2025-07-24,1.686,1.936,0.015700000000000002,False
2025-07-25,1.699,1.949,0.0077,False
2025-07-28,1.733,1.983,0.02,False
2025-07-29,1.76,2.01,0.015600000000000001,False
2025-07-30,1.739,1.989,-0.011899999999999999,False
2025-07-31,1.74,1.99,0.0006,False
2025-08-01,1.718,1.968,-0.0126,False
2025-08-04,1.722,1.972,0.0023,False
2025-08-05,1.743,1.993,0.012199999999999999,False
2025-08-06,1.746,1.996,0.0017000000000000001,False
2025-08-07,1.746,1.996,0.0,False
2025-08-08,1.736,1.986,-0.005699999999999999,False
2025-08-11,1.767,2.017,0.0179,False
2025-08-12,1.808,2.058,0.0232,False
2025-08-13,1.885,2.135,0.0426,False
2025-08-14,1.842,2.092,-0.022799999999999997,False
2025-08-15,1.873,2.123,0.0168,False
2025-08-18,1.932,2.182,0.0315,False
2025-08-19,1.951,2.201,0.0098,False
2025-08-20,1.982,2.232,0.0159,False
2025-08-21,1.964,2.214,-0.0091,False
2025-08-22,2.07,2.32,0.054000000000000006,False
2025-08-25,2.16,2.41,0.0435,False
2025-08-26,2.129,2.379,-0.0144,False
2025-08-27,2.132,2.382,0.0014000000000000002,False
2025-08-28,2.264,2.514,0.061900000000000004,False
2025-08-29,2.274,2.524,0.0044,False
2025-09-01,2.336,2.586,0.0273,False
2025-09-02,2.29,2.54,-0.0197,False
2025-09-03,2.289,2.539,-0.0004,False
2025-09-04,2.118,2.368,-0.0747,False
2025-09-05,2.233,2.483,0.054299999999999994,False
2025-09-08,2.205,2.455,-0.0125,False
2025-09-09,2.181,2.431,-0.0109,False
2025-09-10,2.224,2.474,0.0197,False
2025-09-11,2.363,2.613,0.0625,False
2025-09-12,2.359,2.609,-0.0017000000000000001,False
2025-09-15,2.356,2.606,-0.0013,False
2025-09-16,2.44,2.69,0.035699999999999996,False
2025-09-17,2.477,2.727,0.0152,False
2025-09-18,2.509,2.759,0.0129,False
2025-09-19,2.448,2.698,-0.024300000000000002,False
2025-09-22,2.516,2.766,0.0278,False
2025-09-23,2.538,2.788,0.0087,False
2025-09-24,2.529,2.779,-0.0034999999999999996,False
2025-09-25,2.549,2.799,0.0079,False
2025-09-26,2.462,2.712,-0.0341,False
2025-09-29,2.526,2.776,0.026000000000000002,False
2025-09-30,2.512,2.762,-0.0055000000000000005,False
2025-10-09,2.533,2.783,0.0084,False
2025-10-10,2.46,2.71,-0.0288,False
2025-10-13,2.394,2.644,-0.0268,False
2025-10-14,2.267,2.517,-0.053,False
2025-10-15,2.365,2.615,0.0432,False
2025-10-16,2.345,2.595,-0.0085,False
2025-10-17,2.257,2.507,-0.0375,False
2025-10-20,2.319,2.569,0.0275,False
2025-10-21,2.435,2.685,0.05,False
2025-10-22,2.428,2.678,-0.0029,False
2025-10-23,2.38,2.63,-0.019799999999999998,False
2025-10-24,2.519,2.769,0.0584,False
2025-10-27,2.581,2.831,0.0246,False
2025-10-28,2.6,2.85,0.0074,False
2025-10-29,2.663,2.913,0.0242,False
2025-10-30,2.595,2.845,-0.0255,False
2025-10-31,2.515,2.765,-0.0308,False
2025-11-03,2.532,2.782,0.0068000000000000005,False
2025-11-04,2.472,2.722,-0.023700000000000002,False
2025-11-05,2.496,2.746,0.0097,False
2025-11-06,2.605,2.855,0.0437,False
2025-11-07,2.55,2.8,-0.021099999999999997,False
2025-11-10,2.465,2.715,-0.0333,False
2025-11-11,2.42,2.67,-0.0183,False
2025-11-12,2.41,2.66,-0.0040999999999999995,False
2025-11-13,2.41,2.66,0.0,False
2025-11-14,2.352,2.602,-0.0241,False
2025-11-17,2.362,2.612,0.0043,False
2025-11-18,2.351,2.601,-0.004699999999999999,False
2025-11-19,2.351,2.601,0.0,False
2025-11-20,2.349,2.599,-0.0009,False
2025-11-21,2.273,2.523,-0.032400000000000005,False
2025-11-24,2.277,2.527,0.0018,False
2025-11-25,2.357,2.607,0.0351,False
2025-11-26,2.455,2.705,0.0416,False
2025-11-27,2.444,2.694,-0.0045000000000000005,False
2025-11-28,2.482,2.732,0.0155,False
2025-12-01,2.52,2.77,0.015300000000000001,False
2025-12-02,2.487,2.737,-0.0131,False
2025-12-03,2.476,2.726,-0.0044,False
2025-12-04,2.496,2.746,0.008100000000000001,False
2025-12-05,2.535,2.785,0.015600000000000001,False
2025-12-08,2.626,2.876,0.0359,False
2025-12-09,2.673,2.923,0.0179,False
2025-12-10,2.683,2.933,0.0037,False
2025-12-11,2.606,2.856,-0.0287,False
2025-12-12,2.63,2.88,0.0092,False
2025-12-15,2.564,2.814,-0.025099999999999997,False
2025-12-16,2.496,2.746,-0.0265,False
2025-12-17,2.623,2.873,0.0509,False
2025-12-18,2.539,2.789,-0.032,False
2025-12-19,2.537,2.787,-0.0008,False
2025-12-22,2.628,2.878,0.0359,False
2025-12-23,2.656,2.906,0.010700000000000001,False
2025-12-24,2.682,2.932,0.0098,False
2025-12-25,2.718,2.968,0.0134,False
2025-12-26,2.693,2.943,-0.0092,False
2025-12-29,2.747,2.997,0.020099999999999996,False
2025-12-30,2.798,3.048,0.018600000000000002,False
2025-12-31,2.755,3.005,-0.0154,False
2026-01-05,2.81,3.06,0.02,False
2026-01-06,2.793,3.043,-0.006,False
2026-01-07,2.836,3.086,0.0154,False
2026-01-08,2.799,3.049,-0.013000000000000001,False
2026-01-09,2.83,3.08,0.0111,False
2026-01-12,2.821,3.071,-0.0032,False
2026-01-13,2.778,3.028,-0.0152,False
2026-01-14,2.824,3.074,0.0166,False
2026-01-15,2.863,3.113,0.0138,False
2026-01-16,2.916,3.166,0.018500000000000003,False
2026-01-19,2.931,3.181,0.0051,False
2026-01-20,2.854,3.104,-0.0263,False
2026-01-21,2.909,3.159,0.019299999999999998,False
2026-01-22,2.952,3.202,0.0148,False
2026-01-23,2.877,3.127,-0.0254,False
2026-01-26,2.848,3.098,-0.0101,False
2026-01-27,2.907,3.157,0.0207,False
2026-01-28,2.875,3.125,-0.011000000000000001,False
2026-01-29,2.795,3.045,-0.0278,False
2026-01-30,2.853,3.103,0.0208,False
2026-02-02,2.782,3.032,-0.024900000000000002,False
2026-02-03,2.812,3.062,0.0108,False
2026-02-04,2.751,3.001,-0.0217,False
2026-02-05,2.701,2.951,-0.0182,False
2026-02-06,2.691,2.941,-0.0037,False
2026-02-09,2.787,3.037,0.035699999999999996,False
2026-02-10,2.792,3.042,0.0018,False
2026-02-11,2.727,2.977,-0.0233,False
2026-02-12,2.793,3.043,0.0242,False
2026-02-13,2.74,2.99,-0.019,False
2026-02-24,2.781,3.031,0.015,False
2026-02-25,2.796,3.046,0.0054,False
2026-02-26,2.835,3.085,0.0139,False
2026-02-27,2.774,3.024,-0.0215,False
2026-03-02,2.819,3.069,0.016200000000000003,False
2026-03-03,2.747,2.997,-0.0255,False
2026-03-04,2.704,2.954,-0.015700000000000002,False
2026-03-05,2.739,2.989,0.0129,False
2026-03-06,2.755,3.005,0.0058,False
2026-03-09,2.67,2.92,-0.030899999999999997,False
2026-03-10,2.813,3.063,0.0536,False
2026-03-11,2.764,3.014,-0.0174,False
2026-03-12,2.74,2.99,-0.0087,False
2026-03-13,2.723,2.973,-0.0062,False
2026-03-16,2.753,3.003,0.011000000000000001,False
2026-03-17,2.621,2.871,-0.0479,False
2026-03-18,2.713,2.963,0.0351,False
2026-03-19,2.685,2.935,-0.0103,False
2026-03-20,2.748,2.998,0.0235,False
2026-03-23,2.626,2.876,-0.0444,False
2026-03-24,2.688,2.938,0.0236,False
2026-03-25,2.803,3.053,0.042800000000000005,False
2026-03-26,2.765,3.015,-0.013600000000000001,False
2026-03-27,2.787,3.037,0.008,False
2026-03-30,2.8,3.05,0.004699999999999999,False
2026-03-31,2.734,2.984,-0.0236,False
2026-04-01,2.847,3.097,0.041299999999999996,False
2026-04-02,2.797,3.047,-0.0176,False
2026-04-03,2.892,3.142,0.034,False
2026-04-07,2.89,3.14,-0.0007000000000000001,False
2026-04-08,3.077,3.327,0.0647,False
2026-04-09,3.121,3.371,0.0143,False
2026-04-10,3.222,3.472,0.032400000000000005,False
2026-04-13,3.221,3.471,-0.0003,False
2026-04-14,3.267,3.517,0.0143,False
2026-04-15,3.255,3.505,-0.0037,False
2026-04-16,3.323,3.573,0.0209,False
2026-04-17,3.465,3.715,0.042699999999999995,False
2026-04-20,3.456,3.706,-0.0026,False
2026-04-21,3.473,3.723,0.0049,False
2026-04-22,3.594,3.844,0.0348,False
2026-04-23,3.529,3.779,-0.0181,False
2026-04-24,3.466,3.716,-0.0179,False
2026-04-27,3.525,3.775,0.017,False
2026-04-28,3.469,3.719,-0.0159,False
2026-04-29,3.482,3.732,0.0037,False
2026-04-30,3.53,3.78,0.0138,False
2026-05-06,3.632,3.882,0.028900000000000002,False
2026-05-07,3.817,4.067,0.0509,False
2026-05-08,3.802,4.052,-0.0039000000000000003,False
2026-05-11,3.881,4.131,0.0208,False
2026-05-12,3.945,4.195,0.0165,False
2026-05-13,4.062,4.312,0.0297,False
2026-05-14,3.999,4.249,-0.0155,False
2026-05-15,3.906,4.156,-0.0233,False
2026-05-18,3.977,4.227,0.0182,False
2026-05-19,4.016,4.266,0.0098,False
2026-05-20,4.101,4.351,0.0212,False
2026-05-21,3.954,4.204,-0.0358,False
2026-05-22,4.122,4.372,0.0425,False
2026-05-25,4.309,4.559,0.0454,False
2026-05-26,4.291,4.541,-0.0042,False
2026-05-27,4.251,4.501,-0.009300000000000001,False
2026-05-28,4.369,4.619,0.0278,False
2026-05-29,4.211,4.461,-0.0362,False
2026-06-01,4.03,4.28,-0.043,False
2026-06-02,4.228,4.478,0.049100000000000005,False
2026-06-03,4.345,4.595,0.0277,False
2026-06-04,4.367,4.617,0.0051,False
2026-06-05,4.177,4.427,-0.0435,False
2026-06-08,4.057,4.307,-0.0287,False
2026-06-09,4.257,4.507,0.0493,False
2026-06-10,4.147,4.397,-0.0258,False
2026-06-11,4.122,4.372,-0.006,False
2026-06-12,4.114,4.364,-0.0019,False
2026-06-15,4.383,4.633,0.0654,False
2026-06-16,4.496,4.746,0.0258,False
2026-06-17,4.596,4.846,0.0222,False
2026-06-18,4.798,5.048,0.044000000000000004,False
2026-06-22,4.87,5.12,0.015,False
2026-06-23,4.672,4.922,-0.0407,False
2026-06-24,4.825,5.075,0.0327,False
2026-06-25,4.984,5.234,0.033,False
2026-06-26,4.801,5.051,-0.036699999999999997,False
2026-06-29,4.741,4.991,-0.0125,False
2026-06-30,4.938,5.188,0.0416,False
2026-07-01,4.733,4.983,-0.0415,False
2026-07-02,4.415,4.665,-0.0672,False
2026-07-03,4.455,4.705,0.0091,False
2026-07-06,4.438,4.688,-0.0038,False
2026-07-07,4.451,4.701,0.0029,False
2026-07-08,4.462,4.712,0.0025,False
2026-07-09,4.77,5.02,0.069,False
2026-07-10,4.465,4.715,-0.0639,False
2026-07-13,4.277,4.527,-0.0421,False
2026-07-14,4.49,4.74,0.049800000000000004,False
2026-07-15,4.341,4.591,-0.0332,False
2026-07-16,4.208,4.458,-0.030600000000000002,False
2026-07-17,3.867,4.117,-0.081,False
2026-07-20,3.76,4.01,-0.0277,False
2026-07-21,4.16,4.41,0.10640000000000001,False
2026-07-22,4.031,4.281,-0.031,False
2026-07-23,3.916,4.166,-0.0285,False
2026-07-24,3.828,4.078,-0.0225,False
2026-07-27,3.916,4.166,0.023,False
2026-07-28,3.549,3.799,-0.09369999999999999,False
2026-07-29,3.546,3.796,-0.0008,False
2026-07-30,3.227,3.477,-0.09,False
2026-07-31,3.388,3.638,0.0499,False
2026-08-03,3.283,3.533,-0.031,False
2026-08-04,3.551,3.801,0.0816,False
2026-08-05,3.669,3.919,0.0332,False
2026-08-06,3.733,3.983,0.0174,False
2026-08-07,3.825,4.075,0.0246,False
2026-08-10,3.78,4.03,-0.0118,False
2026-08-11,3.757,4.007,-0.0060999999999999995,False
2026-08-12,3.854,4.104,0.0258,False
2026-08-13,3.86,4.11,0.0016,False
2026-08-14,3.903,4.153,0.0111,False
2026-08-17,4.065,4.315,0.0415,False
2026-08-18,4.026,4.276,-0.0096,False
2026-08-19,3.718,3.968,-0.0765,False
2026-08-20,3.744,3.994,0.006999999999999999,False
2026-08-21,3.814,4.064,0.0187,False
2026-08-24,3.646,3.896,-0.044000000000000004,False
2026-08-25,3.625,3.875,-0.0058,False
2026-08-26,3.643,3.893,0.005,False
2026-08-27,3.769,4.019,0.0346,False
2026-08-28,3.701,3.951,-0.018000000000000002,False
2026-08-31,3.752,4.002,0.0138,False
2026-09-01,3.671,3.921,-0.0216,False
2026-09-02,3.583,3.833,-0.024,False
2026-09-03,3.605,3.855,0.0060999999999999995,False
2026-09-04,3.528,3.778,-0.021400000000000002,False
2026-09-07,3.757,4.007,0.0649,False
2026-09-08,3.736,3.986,-0.005600000000000001,False
2026-09-09,3.734,3.984,-0.0005,False
2026-09-10,3.683,3.933,-0.0137,False
2026-09-11,3.678,3.928,-0.0014000000000000002,False
2026-09-14,3.611,3.861,-0.0182,False
