date,nav,nav_acc,daily_ret,suspicious_jump
2015-06-09,1.0,1.0,0.0,False
2015-06-12,1.003,1.003,0.0,False
2015-06-19,0.937,0.937,0.0,False
2015-06-26,0.893,0.893,0.0,False
2015-06-30,0.884,0.884,0.0,False
2015-07-03,0.82,0.82,0.0,False
2015-07-10,0.809,0.809,0.0,False
2015-07-17,0.844,0.844,0.0,False
2015-07-24,0.878,0.878,0.0,False
2015-07-31,0.827,0.827,0.0,False
2015-08-07,0.844,0.844,0.0,False
2015-08-10,0.869,0.869,0.029620999999999998,False
2015-08-11,0.87,0.87,0.001151,False
2015-08-12,0.864,0.864,-0.0068969999999999995,False
2015-08-13,0.876,0.876,0.013889,False
2015-08-14,0.878,0.878,0.002283,False
2015-08-17,0.885,0.885,0.007973000000000001,False
2015-08-18,0.846,0.846,-0.044067999999999996,False
2015-08-19,0.856,0.856,0.011819999999999999,False
2015-08-20,0.843,0.843,-0.015186999999999999,False
2015-08-21,0.819,0.819,-0.02847,False
2015-08-24,0.787,0.787,-0.039072,False
2015-08-25,0.76,0.76,-0.034307,False
2015-08-26,0.748,0.748,-0.015789,False
2015-08-27,0.761,0.761,0.01738,False
2015-08-28,0.781,0.781,0.026281,False
2015-08-31,0.772,0.772,-0.011524000000000001,False
2015-09-01,0.756,0.756,-0.020724999999999997,False
2015-09-02,0.752,0.752,-0.0052910000000000006,False
2015-09-07,0.754,0.754,0.00266,False
2015-09-08,0.766,0.766,0.015915,False
2015-09-09,0.775,0.775,0.011749,False
2015-09-10,0.77,0.77,-0.006452,False
2015-09-11,0.771,0.771,0.0012989999999999998,False
2015-09-14,0.753,0.753,-0.023346,False
2015-09-15,0.736,0.736,-0.022576,False
2015-09-16,0.755,0.755,0.025815,False
2015-09-17,0.752,0.752,-0.003974,False
2015-09-18,0.756,0.756,0.005319000000000001,False
2015-09-21,0.767,0.767,0.01455,False
2015-09-22,0.769,0.769,0.0026079999999999996,False
2015-09-23,0.766,0.766,-0.003901,False
2015-09-24,0.77,0.77,0.005222,False
2015-09-25,0.758,0.758,-0.015584,False
2015-09-28,0.767,0.767,0.011873,False
2015-09-29,0.762,0.762,-0.0065190000000000005,False
2015-09-30,0.763,0.763,0.001312,False
2015-10-08,0.777,0.777,0.018349,False
2015-10-09,0.783,0.783,0.007722,False
2015-10-12,0.798,0.798,0.019157,False
2015-10-13,0.803,0.803,0.006266000000000001,False
2015-10-14,0.799,0.799,-0.004981,False
2015-10-15,0.812,0.812,0.01627,False
2015-10-16,0.818,0.818,0.007389,False
2015-10-19,0.817,0.817,-0.001222,False
2015-10-20,0.827,0.827,0.01224,False
2015-10-21,0.803,0.803,-0.029020999999999998,False
2015-10-22,0.817,0.817,0.017435,False
2015-10-23,0.829,0.829,0.014688000000000001,False
2015-10-26,0.836,0.836,0.008444,False
2015-10-27,0.841,0.841,0.005980999999999999,False
2015-10-28,0.828,0.828,-0.015458000000000001,False
2015-10-29,0.832,0.832,0.004830999999999999,False
2015-10-30,0.833,0.833,0.001202,False
2015-11-02,0.822,0.822,-0.013205,False
2015-11-03,0.82,0.82,-0.002433,False
2015-11-04,0.845,0.845,0.030488,False
2015-11-05,0.846,0.846,0.001183,False
2015-11-06,0.86,0.86,0.016548,False
2015-11-09,0.87,0.87,0.011628000000000001,False
2015-11-10,0.873,0.873,0.003448,False
2015-11-11,0.883,0.883,0.011455,False
2015-11-12,0.883,0.883,0.0,False
2015-11-13,0.871,0.871,-0.01359,False
2015-11-16,0.884,0.884,0.014924999999999999,False
2015-11-17,0.877,0.877,-0.007919,False
2015-11-18,0.867,0.867,-0.011403000000000002,False
2015-11-19,0.885,0.885,0.020760999999999998,False
2015-11-20,0.894,0.894,0.010169,False
2015-11-23,0.888,0.888,-0.006711,False
2015-11-24,0.896,0.896,0.009009,False
2015-11-25,0.909,0.909,0.014509000000000001,False
2015-11-26,0.905,0.905,-0.0044,False
2015-11-27,0.86,0.86,-0.049724000000000004,False
2015-11-30,0.867,0.867,0.00814,False
2015-12-01,0.864,0.864,-0.0034599999999999995,False
2015-12-02,0.861,0.861,-0.0034720000000000003,False
2015-12-03,0.878,0.878,0.019743999999999998,False
2015-12-04,0.872,0.872,-0.006834,False
2015-12-07,0.882,0.882,0.011468,False
2015-12-08,0.868,0.868,-0.015872999999999998,False
2015-12-09,0.865,0.865,-0.0034560000000000003,False
2015-12-10,0.867,0.867,0.002312,False
2015-12-11,0.859,0.859,-0.009226999999999999,False
2015-12-14,0.874,0.874,0.017462,False
2015-12-15,0.882,0.882,0.009153,False
2015-12-16,0.89,0.89,0.00907,False
2015-12-17,0.914,0.914,0.026966,False
2015-12-18,0.909,0.909,-0.00547,False
2015-12-21,0.916,0.916,0.007701,False
2015-12-22,0.921,0.921,0.005459,False
2015-12-23,0.908,0.908,-0.014114999999999999,False
2015-12-24,0.908,0.908,0.0,False
2015-12-25,0.916,0.916,0.008811,False
2015-12-28,0.897,0.897,-0.020741999999999997,False
2015-12-29,0.907,0.907,0.011148,False
2015-12-30,0.917,0.917,0.011025,False
2015-12-31,0.902,0.902,-0.016357999999999998,False
2016-01-04,0.831,0.831,-0.078714,False
2016-01-05,0.815,0.815,-0.019254,False
2016-01-06,0.835,0.835,0.024540000000000003,False
2016-01-07,0.771,0.771,-0.07664699999999999,False
2016-01-08,0.777,0.777,0.007782,False
2016-01-11,0.728,0.728,-0.06306300000000001,False
2016-01-12,0.732,0.732,0.005495,False
2016-01-13,0.709,0.709,-0.031421000000000004,False
2016-01-14,0.735,0.735,0.036671,False
2016-01-15,0.71,0.71,-0.034014,False
2016-01-18,0.723,0.723,0.01831,False
2016-01-19,0.748,0.748,0.034578000000000005,False
2016-01-20,0.743,0.743,-0.006684,False
2016-01-21,0.716,0.716,-0.036339,False
2016-01-22,0.727,0.727,0.015363,False
2016-01-25,0.733,0.733,0.008253,False
2016-01-26,0.683,0.683,-0.068213,False
2016-01-27,0.675,0.675,-0.011713,False
2016-01-28,0.647,0.647,-0.041481000000000004,False
2016-01-29,0.671,0.671,0.037094,False
2016-02-01,0.665,0.665,-0.008942,False
2016-02-02,0.689,0.689,0.03609,False
2016-02-03,0.693,0.693,0.005806,False
2016-02-04,0.706,0.706,0.018758999999999998,False
2016-02-05,0.699,0.699,-0.009915,False
2016-02-15,0.7,0.7,0.001431,False
2016-02-16,0.727,0.727,0.038571,False
2016-02-17,0.736,0.736,0.01238,False
2016-02-18,0.732,0.732,-0.005435,False
2016-02-19,0.735,0.735,0.004098,False
2016-02-22,0.748,0.748,0.017686999999999998,False
2016-02-23,0.742,0.742,-0.008021,False
2016-02-24,0.743,0.743,0.001348,False
2016-02-25,0.69,0.69,-0.071332,False
2016-02-26,0.69,0.69,0.0,False
2016-02-29,0.653,0.653,-0.053623000000000004,False
2016-03-01,0.668,0.668,0.022971,False
2016-03-02,0.698,0.698,0.04491,False
2016-03-03,0.699,0.699,0.001433,False
2016-03-04,0.679,0.679,-0.028612000000000002,False
2016-03-07,0.693,0.693,0.020619000000000002,False
2016-03-08,0.698,0.698,0.007215,False
2016-03-09,0.684,0.684,-0.020057000000000002,False
2016-03-10,0.674,0.674,-0.01462,False
2016-03-11,0.673,0.673,-0.001484,False
2016-03-14,0.697,0.697,0.035661,False
2016-03-15,0.693,0.693,-0.005738999999999999,False
2016-03-16,0.687,0.687,-0.008658,False
2016-03-17,0.712,0.712,0.03639,False
2016-03-18,0.735,0.735,0.032303,False
2016-03-21,0.75,0.75,0.020408,False
2016-03-22,0.751,0.751,0.001333,False
2016-03-23,0.757,0.757,0.007989000000000001,False
2016-03-24,0.746,0.746,-0.014531,False
2016-03-25,0.751,0.751,0.0067020000000000005,False
2016-03-28,0.746,0.746,-0.006658,False
2016-03-29,0.732,0.732,-0.018767,False
2016-03-30,0.758,0.758,0.035518999999999995,False
2016-03-31,0.759,0.759,0.0013189999999999999,False
2016-04-01,0.756,0.756,-0.003953,False
2016-04-05,0.778,0.778,0.029101,False
2016-04-06,0.782,0.782,0.005141,False
2016-04-07,0.772,0.772,-0.012787999999999999,False
2016-04-08,0.767,0.767,-0.006477,False
2016-04-11,0.785,0.785,0.023468,False
2016-04-12,0.78,0.78,-0.0063690000000000005,False
2016-04-13,0.791,0.791,0.014103000000000001,False
2016-04-14,0.797,0.797,0.007585,False
2016-04-15,0.795,0.795,-0.002509,False
2016-04-18,0.784,0.784,-0.013836,False
2016-04-19,0.788,0.788,0.005102,False
2016-04-20,0.756,0.756,-0.040609,False
2016-04-21,0.751,0.751,-0.006614,False
2016-04-22,0.757,0.757,0.007989000000000001,False
2016-04-25,0.755,0.755,-0.002642,False
2016-04-26,0.763,0.763,0.010596000000000001,False
2016-04-27,0.763,0.763,0.0,False
2016-04-28,0.763,0.763,0.0,False
2016-04-29,0.764,0.764,0.0013109999999999999,False
2016-05-03,0.788,0.788,0.031414,False
2016-05-04,0.788,0.788,0.0,False
2016-05-05,0.792,0.792,0.005076000000000001,False
2016-05-06,0.764,0.764,-0.035354000000000003,False
2016-05-09,0.74,0.74,-0.031414,False
2016-05-10,0.738,0.738,-0.0027029999999999997,False
2016-05-11,0.736,0.736,-0.00271,False
2016-05-12,0.738,0.738,0.002717,False
2016-05-13,0.738,0.738,0.0,False
2016-05-16,0.75,0.75,0.01626,False
2016-05-17,0.749,0.749,-0.001333,False
2016-05-18,0.73,0.73,-0.025367,False
2016-05-19,0.735,0.735,0.006848999999999999,False
2016-05-20,0.742,0.742,0.009524,False
2016-05-23,0.752,0.752,0.013477,False
2016-05-24,0.746,0.746,-0.007979,False
2016-05-25,0.742,0.742,-0.0053620000000000004,False
2016-05-26,0.745,0.745,0.004043,False
2016-05-27,0.745,0.745,0.0,False
2016-05-30,0.741,0.741,-0.0053690000000000005,False
2016-05-31,0.768,0.768,0.036437,False
2016-06-01,0.773,0.773,0.00651,False
2016-06-02,0.78,0.78,0.009056,False
2016-06-03,0.784,0.784,0.005128000000000001,False
2016-06-06,0.788,0.788,0.005102,False
2016-06-07,0.79,0.79,0.0025380000000000003,False
2016-06-08,0.789,0.789,-0.001266,False
2016-06-13,0.759,0.759,-0.038023,False
2016-06-14,0.761,0.761,0.002635,False
2016-06-15,0.787,0.787,0.034166,False
2016-06-16,0.788,0.788,0.001271,False
2016-06-17,0.79,0.79,0.0025380000000000003,False
2016-06-20,0.798,0.798,0.010126999999999999,False
2016-06-21,0.787,0.787,-0.013784000000000001,False
2016-06-22,0.801,0.801,0.017789,False
2016-06-23,0.798,0.798,-0.003745,False
2016-06-24,0.799,0.799,0.001253,False
2016-06-27,0.818,0.818,0.023780000000000003,False
2016-06-28,0.822,0.822,0.00489,False
2016-06-29,0.822,0.822,0.0,False
2016-06-30,0.82,0.82,-0.002433,False
2016-07-01,0.817,0.817,-0.003659,False
2016-07-04,0.831,0.831,0.017136,False
2016-07-05,0.833,0.833,0.002407,False
2016-07-06,0.84,0.84,0.008403,False
2016-07-07,0.843,0.843,0.0035709999999999995,False
2016-07-08,0.841,0.841,-0.002372,False
2016-07-11,0.841,0.841,0.0,False
2016-07-12,0.847,0.847,0.007134000000000001,False
2016-07-13,0.854,0.854,0.008264,False
2016-07-14,0.852,0.852,-0.002342,False
2016-07-15,0.85,0.85,-0.002347,False
2016-07-18,0.849,0.849,-0.001176,False
2016-07-19,0.854,0.854,0.005889,False
2016-07-20,0.848,0.848,-0.007026,False
2016-07-21,0.85,0.85,0.0023580000000000003,False
2016-07-22,0.843,0.843,-0.008235,False
2016-07-25,0.842,0.842,-0.001186,False
2016-07-26,0.855,0.855,0.015439000000000001,False
2016-07-27,0.822,0.822,-0.038596,False
2016-07-28,0.823,0.823,0.001217,False
2016-07-29,0.817,0.817,-0.00729,False
2016-08-01,0.81,0.81,-0.008568,False
2016-08-02,0.813,0.813,0.0037040000000000003,False
2016-08-03,0.815,0.815,0.00246,False
2016-08-04,0.817,0.817,0.002454,False
2016-08-05,0.814,0.814,-0.0036720000000000004,False
2016-08-08,0.816,0.816,0.002457,False
2016-08-09,0.823,0.823,0.008578,False
2016-08-10,0.825,0.825,0.00243,False
2016-08-11,0.815,0.815,-0.012121,False
2016-08-12,0.821,0.821,0.007362,False
2016-08-15,0.837,0.837,0.019488000000000002,False
2016-08-16,0.843,0.843,0.007168,False
2016-08-17,0.845,0.845,0.002372,False
2016-08-18,0.846,0.846,0.001183,False
2016-08-19,0.847,0.847,0.0011819999999999999,False
2016-08-22,0.837,0.837,-0.011806,False
2016-08-23,0.838,0.838,0.0011949999999999999,False
2016-08-24,0.842,0.842,0.004773,False
2016-08-25,0.839,0.839,-0.003563,False
2016-08-26,0.841,0.841,0.002384,False
2016-08-29,0.84,0.84,-0.001189,False
2016-08-30,0.839,0.839,-0.0011899999999999999,False
2016-08-31,0.84,0.84,0.001192,False
2016-09-01,0.837,0.837,-0.0035709999999999995,False
2016-09-02,0.834,0.834,-0.003584,False
2016-09-05,0.839,0.839,0.005995,False
2016-09-06,0.852,0.852,0.015495000000000002,False
2016-09-07,0.849,0.849,-0.0035210000000000003,False
2016-09-08,0.85,0.85,0.001178,False
2016-09-09,0.844,0.844,-0.007058999999999999,False
2016-09-12,0.822,0.822,-0.026066,False
2016-09-13,0.828,0.828,0.007299,False
2016-09-14,0.827,0.827,-0.001208,False
2016-09-19,0.834,0.834,0.008464000000000001,False
2016-09-20,0.832,0.832,-0.002398,False
2016-09-21,0.835,0.835,0.003606,False
2016-09-22,0.84,0.84,0.005988,False
2016-09-23,0.836,0.836,-0.004762,False
2016-09-26,0.819,0.819,-0.020335000000000002,False
2016-09-27,0.826,0.826,0.008547,False
2016-09-28,0.827,0.827,0.001211,False
2016-09-29,0.83,0.83,0.003628,False
2016-09-30,0.835,0.835,0.006024000000000001,False
2016-10-10,0.848,0.848,0.015569,False
2016-10-11,0.851,0.851,0.003538,False
2016-10-12,0.852,0.852,0.0011749999999999998,False
2016-10-13,0.853,0.853,0.0011740000000000001,False
2016-10-14,0.851,0.851,-0.002345,False
2016-10-17,0.845,0.845,-0.007050999999999999,False
2016-10-18,0.855,0.855,0.011834,False
2016-10-19,0.853,0.853,-0.002339,False
2016-10-20,0.857,0.857,0.004689,False
2016-10-21,0.852,0.852,-0.005834000000000001,False
2016-10-24,0.857,0.857,0.005869,False
2016-10-25,0.859,0.859,0.002334,False
2016-10-26,0.858,0.858,-0.001164,False
2016-10-27,0.856,0.856,-0.002331,False
2016-10-28,0.851,0.851,-0.005841,False
2016-10-31,0.853,0.853,0.0023499999999999997,False
2016-11-01,0.861,0.861,0.009379,False
2016-11-02,0.864,0.864,0.0034839999999999997,False
2016-11-03,0.865,0.865,0.001157,False
2016-11-04,0.859,0.859,-0.006936,False
2016-11-07,0.857,0.857,-0.002328,False
2016-11-08,0.861,0.861,0.004667,False
2016-11-09,0.866,0.866,0.005807,False
2016-11-10,0.87,0.87,0.004619,False
2016-11-11,0.869,0.869,-0.001149,False
2016-11-14,0.868,0.868,-0.001151,False
2016-11-15,0.873,0.873,0.0057599999999999995,False
2016-11-16,0.874,0.874,0.001145,False
2016-11-17,0.872,0.872,-0.002288,False
2016-11-18,0.868,0.868,-0.004587,False
2016-11-21,0.873,0.873,0.0057599999999999995,False
2016-11-22,0.879,0.879,0.006873000000000001,False
2016-11-23,0.876,0.876,-0.003413,False
2016-11-24,0.87,0.87,-0.006848999999999999,False
2016-11-25,0.871,0.871,0.001149,False
2016-11-28,0.872,0.872,0.001148,False
2016-11-29,0.868,0.868,-0.004587,False
2016-11-30,0.868,0.868,0.0,False
2016-12-01,0.873,0.873,0.0057599999999999995,False
2016-12-02,0.862,0.862,-0.0126,False
2016-12-05,0.858,0.858,-0.00464,False
2016-12-06,0.86,0.86,0.002331,False
2016-12-07,0.865,0.865,0.005814000000000001,False
2016-12-08,0.863,0.863,-0.002312,False
2016-12-09,0.857,0.857,-0.006952000000000001,False
2016-12-12,0.819,0.819,-0.044341,False
2016-12-13,0.821,0.821,0.002442,False
2016-12-14,0.818,0.818,-0.003654,False
2016-12-15,0.819,0.819,0.001222,False
2016-12-16,0.826,0.826,0.008547,False
2016-12-19,0.825,0.825,-0.001211,False
2016-12-20,0.824,0.824,-0.001212,False
2016-12-21,0.83,0.83,0.007281999999999999,False
2016-12-22,0.829,0.829,-0.001205,False
2016-12-23,0.821,0.821,-0.009649999999999999,False
2016-12-26,0.824,0.824,0.003654,False
2016-12-27,0.827,0.827,0.0036409999999999997,False
2016-12-28,0.825,0.825,-0.002418,False
2016-12-29,0.827,0.827,0.002424,False
2016-12-30,0.829,0.829,0.002418,False
2016-12-31,0.829,0.829,0.0,False
2017-01-03,0.832,0.832,0.003619,False
2017-01-04,0.839,0.839,0.008413,False
2017-01-05,0.839,0.839,0.0,False
2017-01-06,0.829,0.829,-0.011918999999999999,False
2017-01-09,0.831,0.831,0.0024129999999999998,False
2017-01-10,0.829,0.829,-0.002407,False
2017-01-11,0.821,0.821,-0.009649999999999999,False
2017-01-12,0.816,0.816,-0.00609,False
2017-01-13,0.805,0.805,-0.01348,False
2017-01-16,0.777,0.777,-0.034783,False
2017-01-17,0.787,0.787,0.01287,False
2017-01-18,0.784,0.784,-0.003812,False
2017-01-19,0.778,0.778,-0.007653,False
2017-01-20,0.79,0.79,0.015424,False
2017-01-23,0.795,0.795,0.006329,False
2017-01-24,0.791,0.791,-0.005031,False
2017-01-25,0.795,0.795,0.005057000000000001,False
2017-01-26,0.801,0.801,0.007547000000000001,False
2017-02-03,0.799,0.799,-0.002497,False
2017-02-06,0.808,0.808,0.011264000000000001,False
2017-02-07,0.808,0.808,0.0,False
2017-02-08,0.812,0.812,0.0049499999999999995,False
2017-02-09,0.817,0.817,0.006158,False
2017-02-10,0.814,0.814,-0.0036720000000000004,False
2017-02-13,0.818,0.818,0.004914,False
2017-02-14,0.818,0.818,0.0,False
2017-02-15,0.81,0.81,-0.00978,False
2017-02-16,0.812,0.812,0.0024690000000000003,False
2017-02-17,0.808,0.808,-0.004926,False
2017-02-20,0.814,0.814,0.007426,False
2017-02-21,0.821,0.821,0.0086,False
2017-02-22,0.826,0.826,0.00609,False
2017-02-23,0.829,0.829,0.0036320000000000002,False
2017-02-24,0.832,0.832,0.003619,False
2017-02-27,0.828,0.828,-0.004808,False
2017-02-28,0.829,0.829,0.001208,False
2017-03-01,0.831,0.831,0.0024129999999999998,False
2017-03-02,0.825,0.825,-0.00722,False
2017-03-03,0.828,0.828,0.003636,False
2017-03-06,0.84,0.84,0.014493,False
2017-03-07,0.842,0.842,0.002381,False
2017-03-08,0.838,0.838,-0.004751,False
2017-03-09,0.833,0.833,-0.005967,False
2017-03-10,0.836,0.836,0.0036009999999999996,False
2017-03-13,0.842,0.842,0.007177,False
2017-03-14,0.84,0.84,-0.002375,False
2017-03-15,0.839,0.839,-0.0011899999999999999,False
2017-03-16,0.848,0.848,0.010727,False
2017-03-17,0.843,0.843,-0.005896,False
2017-03-20,0.844,0.844,0.001186,False
2017-03-21,0.848,0.848,0.004739,False
2017-03-22,0.846,0.846,-0.0023580000000000003,False
2017-03-23,0.847,0.847,0.0011819999999999999,False
2017-03-24,0.851,0.851,0.004723,False
2017-03-27,0.846,0.846,-0.005875,False
2017-03-28,0.844,0.844,-0.0023639999999999998,False
2017-03-29,0.838,0.838,-0.007109,False
2017-03-30,0.825,0.825,-0.015512999999999999,False
2017-03-31,0.829,0.829,0.004848,False
2017-04-05,0.842,0.842,0.015682,False
2017-04-06,0.844,0.844,0.002375,False
2017-04-07,0.845,0.845,0.0011849999999999999,False
2017-04-10,0.838,0.838,-0.008284,False
2017-04-11,0.841,0.841,0.00358,False
2017-04-12,0.838,0.838,-0.0035670000000000003,False
2017-04-13,0.842,0.842,0.004773,False
2017-04-14,0.832,0.832,-0.011876,False
2017-04-17,0.823,0.823,-0.010817,False
2017-04-18,0.821,0.821,-0.00243,False
2017-04-19,0.817,0.817,-0.0048720000000000005,False
2017-04-20,0.818,0.818,0.001224,False
2017-04-21,0.815,0.815,-0.003667,False
2017-04-24,0.8,0.8,-0.018405,False
2017-04-25,0.803,0.803,0.00375,False
2017-04-26,0.802,0.802,-0.001245,False
2017-04-27,0.805,0.805,0.003741,False
2017-04-28,0.807,0.807,0.002484,False
2017-05-02,0.807,0.807,0.0,False
2017-05-03,0.804,0.804,-0.003717,False
2017-05-04,0.803,0.803,-0.0012439999999999999,False
2017-05-05,0.797,0.797,-0.0074719999999999995,False
2017-05-08,0.784,0.784,-0.016311,False
2017-05-09,0.788,0.788,0.005102,False
2017-05-10,0.78,0.78,-0.010152000000000001,False
2017-05-11,0.782,0.782,0.0025640000000000003,False
2017-05-12,0.782,0.782,0.0,False
2017-05-15,0.785,0.785,0.003836,False
2017-05-16,0.798,0.798,0.016561,False
2017-05-17,0.796,0.796,-0.002506,False
2017-05-18,0.792,0.792,-0.005024999999999999,False
2017-05-19,0.792,0.792,0.0,False
2017-05-22,0.787,0.787,-0.006313,False
2017-05-23,0.779,0.779,-0.010165,False
2017-05-24,0.779,0.779,0.0,False
2017-05-25,0.781,0.781,0.002567,False
2017-05-26,0.778,0.778,-0.003841,False
2017-05-31,0.778,0.778,0.0,False
2017-06-01,0.768,0.768,-0.012853000000000002,False
2017-06-02,0.771,0.771,0.003906,False
2017-06-05,0.776,0.776,0.0064849999999999994,False
2017-06-06,0.782,0.782,0.007732,False
2017-06-07,0.796,0.796,0.017903,False
2017-06-08,0.8,0.8,0.005024999999999999,False
2017-06-09,0.801,0.801,0.00125,False
2017-06-12,0.795,0.795,-0.007491,False
2017-06-13,0.801,0.801,0.007547000000000001,False
2017-06-14,0.796,0.796,-0.006242,False
2017-06-15,0.8,0.8,0.005024999999999999,False
2017-06-16,0.799,0.799,-0.00125,False
2017-06-19,0.805,0.805,0.007509,False
2017-06-20,0.806,0.806,0.001242,False
2017-06-21,0.813,0.813,0.008685,False
2017-06-22,0.806,0.806,-0.00861,False
2017-06-23,0.81,0.81,0.004963,False
2017-06-26,0.82,0.82,0.012346,False
2017-06-27,0.82,0.82,0.0,False
2017-06-28,0.815,0.815,-0.006098,False
2017-06-29,0.818,0.818,0.003681,False
2017-06-30,0.821,0.821,0.003667,False
2017-07-03,0.82,0.82,-0.0012180000000000001,False
2017-07-04,0.816,0.816,-0.004878,False
2017-07-05,0.823,0.823,0.008578,False
2017-07-06,0.822,0.822,-0.001215,False
2017-07-07,0.821,0.821,-0.001217,False
2017-07-10,0.816,0.816,-0.00609,False
2017-07-11,0.814,0.814,-0.002451,False
2017-07-12,0.813,0.813,-0.001229,False
2017-07-13,0.816,0.816,0.00369,False
2017-07-14,0.814,0.814,-0.002451,False
2017-07-17,0.794,0.794,-0.024569999999999998,False
2017-07-18,0.796,0.796,0.002519,False
2017-07-19,0.81,0.81,0.017588,False
2017-07-20,0.814,0.814,0.0049380000000000005,False
2017-07-21,0.815,0.815,0.001229,False
2017-07-24,0.818,0.818,0.003681,False
2017-07-25,0.814,0.814,-0.00489,False
2017-07-26,0.808,0.808,-0.007371,False
2017-07-27,0.812,0.812,0.0049499999999999995,False
2017-07-28,0.814,0.814,0.002463,False
2017-07-31,0.821,0.821,0.0086,False
2017-08-01,0.821,0.821,0.0,False
2017-08-02,0.816,0.816,-0.00609,False
2017-08-03,0.81,0.81,-0.007352999999999999,False
2017-08-04,0.805,0.805,-0.006173,False
2017-08-07,0.81,0.81,0.0062109999999999995,False
2017-08-08,0.811,0.811,0.001235,False
2017-08-09,0.817,0.817,0.007398,False
2017-08-10,0.814,0.814,-0.0036720000000000004,False
2017-08-11,0.802,0.802,-0.014742,False
2017-08-14,0.818,0.818,0.019950000000000002,False
2017-08-15,0.819,0.819,0.001222,False
2017-08-16,0.818,0.818,-0.001221,False
2017-08-17,0.82,0.82,0.002445,False
2017-08-18,0.817,0.817,-0.003659,False
2017-08-21,0.822,0.822,0.00612,False
2017-08-22,0.823,0.823,0.001217,False
2017-08-23,0.819,0.819,-0.00486,False
2017-08-24,0.815,0.815,-0.004884,False
2017-08-25,0.824,0.824,0.011043,False
2017-08-28,0.832,0.832,0.009709,False
2017-08-29,0.83,0.83,-0.002404,False
2017-08-30,0.833,0.833,0.003614,False
2017-08-31,0.834,0.834,0.0012,False
2017-09-01,0.839,0.839,0.005995,False
2017-09-04,0.844,0.844,0.005959,False
2017-09-05,0.845,0.845,0.0011849999999999999,False
2017-09-06,0.846,0.846,0.001183,False
2017-09-07,0.84,0.84,-0.007092,False
2017-09-08,0.84,0.84,0.0,False
2017-09-11,0.847,0.847,0.008333,False
2017-09-12,0.846,0.846,-0.001181,False
2017-09-13,0.849,0.849,0.003546,False
2017-09-14,0.844,0.844,-0.005889,False
2017-09-15,0.836,0.836,-0.009479,False
2017-09-18,0.841,0.841,0.005980999999999999,False
2017-09-19,0.837,0.837,-0.004756,False
2017-09-20,0.845,0.845,0.009558,False
2017-09-21,0.841,0.841,-0.0047339999999999995,False
2017-09-22,0.839,0.839,-0.002378,False
2017-09-25,0.832,0.832,-0.008343,False
2017-09-26,0.832,0.832,0.0,False
2017-09-27,0.837,0.837,0.00601,False
2017-09-28,0.837,0.837,0.0,False
2017-09-29,0.844,0.844,0.008363,False
2017-10-09,0.856,0.856,0.014218,False
2017-10-10,0.858,0.858,0.002336,False
2017-10-11,0.853,0.853,-0.005828,False
2017-10-12,0.856,0.856,0.003517,False
2017-10-13,0.86,0.86,0.004673,False
2017-10-16,0.849,0.849,-0.012790999999999999,False
2017-10-17,0.849,0.849,0.0,False
2017-10-18,0.847,0.847,-0.002356,False
2017-10-19,0.841,0.841,-0.007084,False
2017-10-20,0.846,0.846,0.005945000000000001,False
2017-10-23,0.851,0.851,0.0059099999999999995,False
2017-10-24,0.853,0.853,0.0023499999999999997,False
2017-10-25,0.86,0.86,0.008206,False
2017-10-26,0.864,0.864,0.004651,False
2017-10-27,0.864,0.864,0.0,False
2017-10-30,0.855,0.855,-0.010417000000000001,False
2017-10-31,0.86,0.86,0.005848,False
2017-11-01,0.858,0.858,-0.002326,False
2017-11-02,0.852,0.852,-0.006993,False
2017-11-03,0.848,0.848,-0.0046949999999999995,False
2017-11-06,0.862,0.862,0.016509,False
2017-11-07,0.866,0.866,0.00464,False
2017-11-08,0.862,0.862,-0.004619,False
2017-11-09,0.874,0.874,0.013921,False
2017-11-10,0.884,0.884,0.011442,False
2017-11-13,0.89,0.89,0.006787,False
2017-11-14,0.882,0.882,-0.008989,False
2017-11-15,0.874,0.874,-0.00907,False
2017-11-16,0.881,0.881,0.008008999999999999,False
2017-11-17,0.865,0.865,-0.018161,False
2017-11-20,0.874,0.874,0.010405,False
2017-11-21,0.884,0.884,0.011442,False
2017-11-22,0.879,0.879,-0.005656,False
2017-11-23,0.85,0.85,-0.032992,False
2017-11-24,0.845,0.845,-0.005881999999999999,False
2017-11-27,0.831,0.831,-0.016568,False
2017-11-28,0.844,0.844,0.015644,False
2017-11-29,0.837,0.837,-0.008294000000000001,False
2017-11-30,0.825,0.825,-0.014336999999999999,False
2017-12-01,0.83,0.83,0.0060609999999999995,False
2017-12-04,0.835,0.835,0.006024000000000001,False
2017-12-05,0.831,0.831,-0.00479,False
2017-12-06,0.83,0.83,-0.001203,False
2017-12-07,0.82,0.82,-0.012048000000000001,False
2017-12-08,0.831,0.831,0.013415,False
2017-12-11,0.847,0.847,0.019254,False
2017-12-12,0.839,0.839,-0.009445,False
2017-12-13,0.846,0.846,0.008343,False
2017-12-14,0.841,0.841,-0.0059099999999999995,False
2017-12-15,0.835,0.835,-0.007134000000000001,False
2017-12-18,0.834,0.834,-0.001198,False
2017-12-19,0.845,0.845,0.013189,False
2017-12-20,0.843,0.843,-0.0023669999999999997,False
2017-12-21,0.854,0.854,0.013049,False
2017-12-22,0.853,0.853,-0.001171,False
2017-12-25,0.848,0.848,-0.005862000000000001,False
2017-12-26,0.848,0.848,0.0,False
2017-12-27,0.832,0.832,-0.018868,False
2017-12-28,0.836,0.836,0.004808,False
2017-12-29,0.841,0.841,0.005980999999999999,False
2017-12-31,0.841,0.841,0.0,False
2018-01-02,0.852,0.852,0.013080000000000001,False
2018-01-03,0.86,0.86,0.009389999999999999,False
2018-01-04,0.863,0.863,0.0034879999999999998,False
2018-01-05,0.859,0.859,-0.004635,False
2018-01-08,0.86,0.86,0.001164,False
2018-01-09,0.866,0.866,0.006977,False
2018-01-10,0.866,0.866,0.0,False
2018-01-11,0.868,0.868,0.002309,False
2018-01-12,0.866,0.866,-0.002304,False
2018-01-15,0.856,0.856,-0.011547,False
2018-01-16,0.855,0.855,-0.001168,False
2018-01-17,0.853,0.853,-0.002339,False
2018-01-18,0.854,0.854,0.001172,False
2018-01-19,0.853,0.853,-0.001171,False
2018-01-22,0.869,0.869,0.018757,False
2018-01-23,0.871,0.871,0.002301,False
2018-01-24,0.868,0.868,-0.003444,False
2018-01-25,0.865,0.865,-0.0034560000000000003,False
2018-01-26,0.866,0.866,0.001156,False
2018-01-29,0.849,0.849,-0.01963,False
2018-01-30,0.846,0.846,-0.003534,False
2018-01-31,0.844,0.844,-0.0023639999999999998,False
2018-02-01,0.837,0.837,-0.008294000000000001,False
2018-02-02,0.844,0.844,0.008363,False
2018-02-05,0.838,0.838,-0.007109,False
2018-02-06,0.813,0.813,-0.029833,False
2018-02-07,0.796,0.796,-0.02091,False
2018-02-08,0.797,0.797,0.001256,False
2018-02-09,0.772,0.772,-0.031368,False
2018-02-12,0.789,0.789,0.022021000000000002,False
2018-02-13,0.796,0.796,0.008872,False
2018-02-14,0.802,0.802,0.007538,False
2018-02-22,0.82,0.82,0.022444000000000002,False
2018-02-23,0.82,0.82,0.0,False
2018-02-26,0.84,0.84,0.024390000000000002,False
2018-02-27,0.831,0.831,-0.010714,False
2018-02-28,0.829,0.829,-0.002407,False
2018-03-01,0.839,0.839,0.012062999999999999,False
2018-03-02,0.831,0.831,-0.009535,False
2018-03-05,0.832,0.832,0.001203,False
2018-03-06,0.838,0.838,0.007212,False
2018-03-07,0.832,0.832,-0.00716,False
2018-03-08,0.839,0.839,0.008413,False
2018-03-09,0.851,0.851,0.014303,False
2018-03-12,0.859,0.859,0.009401,False
2018-03-13,0.852,0.852,-0.008149,False
2018-03-14,0.846,0.846,-0.0070420000000000005,False
2018-03-15,0.852,0.852,0.007092,False
2018-03-16,0.842,0.842,-0.011737,False
2018-03-19,0.843,0.843,0.001188,False
2018-03-20,0.842,0.842,-0.001186,False
2018-03-21,0.836,0.836,-0.007126,False
2018-03-22,0.825,0.825,-0.013158000000000001,False
2018-03-23,0.795,0.795,-0.036364,False
2018-03-26,0.798,0.798,0.003774,False
2018-03-27,0.812,0.812,0.017544,False
2018-03-28,0.8,0.8,-0.014778,False
2018-03-29,0.805,0.805,0.00625,False
2018-03-30,0.813,0.813,0.009938,False
2018-04-02,0.812,0.812,-0.00123,False
2018-04-03,0.807,0.807,-0.006158,False
2018-04-04,0.799,0.799,-0.009913,False
2018-04-09,0.798,0.798,-0.001252,False
2018-04-10,0.804,0.804,0.0075190000000000005,False
2018-04-11,0.807,0.807,0.003731,False
2018-04-12,0.804,0.804,-0.003717,False
2018-04-13,0.799,0.799,-0.006219,False
2018-04-16,0.797,0.797,-0.002503,False
2018-04-17,0.778,0.778,-0.023839000000000003,False
2018-04-18,0.788,0.788,0.012853000000000002,False
2018-04-19,0.794,0.794,0.007613999999999999,False
2018-04-20,0.782,0.782,-0.015113000000000001,False
2018-04-23,0.771,0.771,-0.014066,False
2018-04-24,0.788,0.788,0.022049,False
2018-04-25,0.79,0.79,0.0025380000000000003,False
2018-04-26,0.775,0.775,-0.018987,False
2018-04-27,0.775,0.775,0.0,False
2018-05-02,0.774,0.774,-0.0012900000000000001,False
2018-05-03,0.784,0.784,0.012920000000000001,False
2018-05-04,0.781,0.781,-0.0038269999999999997,False
2018-05-07,0.796,0.796,0.019206,False
2018-05-08,0.801,0.801,0.006281,False
2018-05-09,0.8,0.8,-0.001248,False
2018-05-10,0.803,0.803,0.00375,False
2018-05-11,0.793,0.793,-0.012453,False
2018-05-14,0.793,0.793,0.0,False
2018-05-15,0.8,0.8,0.008827,False
2018-05-16,0.795,0.795,-0.00625,False
2018-05-17,0.787,0.787,-0.010062999999999999,False
2018-05-18,0.79,0.79,0.003812,False
2018-05-21,0.799,0.799,0.011392,False
2018-05-22,0.801,0.801,0.002503,False
2018-05-23,0.793,0.793,-0.009988,False
2018-05-24,0.788,0.788,-0.006305,False
2018-05-25,0.78,0.78,-0.010152000000000001,False
2018-05-28,0.778,0.778,-0.0025640000000000003,False
2018-05-29,0.767,0.767,-0.014138999999999999,False
2018-05-30,0.757,0.757,-0.013038000000000001,False
2018-05-31,0.768,0.768,0.014531,False
2018-06-01,0.753,0.753,-0.019531,False
2018-06-04,0.752,0.752,-0.001328,False
2018-06-05,0.767,0.767,0.019947,False
2018-06-06,0.768,0.768,0.0013039999999999998,False
2018-06-07,0.763,0.763,-0.00651,False
2018-06-08,0.76,0.76,-0.003932,False
2018-06-11,0.754,0.754,-0.007895,False
2018-06-12,0.762,0.762,0.01061,False
2018-06-13,0.752,0.752,-0.013123000000000001,False
2018-06-14,0.748,0.748,-0.005319000000000001,False
2018-06-15,0.736,0.736,-0.016043,False
2018-06-19,0.707,0.707,-0.039402,False
2018-06-20,0.718,0.718,0.015559,False
2018-06-21,0.706,0.706,-0.016713,False
2018-06-22,0.714,0.714,0.011331,False
2018-06-25,0.708,0.708,-0.008403,False
2018-06-26,0.711,0.711,0.004237,False
2018-06-27,0.699,0.699,-0.016878,False
2018-06-28,0.692,0.692,-0.010014,False
2018-06-29,0.717,0.717,0.036127,False
2018-06-30,0.717,0.717,0.0,False
2018-07-02,0.707,0.707,-0.013947000000000001,False
2018-07-03,0.707,0.707,0.0,False
2018-07-04,0.696,0.696,-0.015559,False
2018-07-05,0.686,0.686,-0.014368,False
2018-07-06,0.689,0.689,0.004373,False
2018-07-09,0.709,0.709,0.029028,False
2018-07-10,0.713,0.713,0.005642,False
2018-07-11,0.705,0.705,-0.01122,False
2018-07-12,0.723,0.723,0.025532,False
2018-07-13,0.729,0.729,0.008298999999999999,False
2018-07-16,0.731,0.731,0.0027429999999999998,False
2018-07-17,0.727,0.727,-0.005472,False
2018-07-18,0.719,0.719,-0.011004,False
2018-07-19,0.712,0.712,-0.009736,False
2018-07-20,0.719,0.719,0.009831,False
2018-07-23,0.714,0.714,-0.006954,False
2018-07-24,0.72,0.72,0.008403,False
2018-07-25,0.724,0.724,0.005556,False
2018-07-26,0.713,0.713,-0.015193000000000002,False
2018-07-27,0.707,0.707,-0.008415,False
2018-07-30,0.693,0.693,-0.019802,False
2018-07-31,0.694,0.694,0.001443,False
2018-08-01,0.683,0.683,-0.01585,False
2018-08-02,0.67,0.67,-0.019034,False
2018-08-03,0.653,0.653,-0.025373,False
2018-08-06,0.639,0.639,-0.02144,False
2018-08-07,0.657,0.657,0.028169,False
2018-08-08,0.646,0.646,-0.016742999999999997,False
2018-08-09,0.665,0.665,0.029411999999999997,False
2018-08-10,0.669,0.669,0.006015,False
2018-08-13,0.676,0.676,0.010463,False
2018-08-14,0.673,0.673,-0.004438,False
2018-08-15,0.657,0.657,-0.023774000000000003,False
2018-08-16,0.655,0.655,-0.003044,False
2018-08-17,0.64,0.64,-0.022900999999999998,False
2018-08-20,0.643,0.643,0.004688,False
2018-08-21,0.658,0.658,0.023328,False
2018-08-22,0.654,0.654,-0.006079,False
2018-08-23,0.657,0.657,0.004587,False
2018-08-24,0.658,0.658,0.001522,False
2018-08-27,0.675,0.675,0.025836,False
2018-08-28,0.675,0.675,0.0,False
2018-08-29,0.671,0.671,-0.005926,False
2018-08-30,0.662,0.662,-0.013413,False
2018-08-31,0.654,0.654,-0.012084999999999999,False
2018-09-03,0.652,0.652,-0.003058,False
2018-09-04,0.66,0.66,0.012270000000000001,False
2018-09-05,0.649,0.649,-0.016667,False
2018-09-06,0.646,0.646,-0.004622,False
2018-09-07,0.648,0.648,0.003096,False
2018-09-10,0.633,0.633,-0.023148,False
2018-09-11,0.633,0.633,0.0,False
2018-09-12,0.625,0.625,-0.012638,False
2018-09-13,0.627,0.627,0.0032,False
2018-09-14,0.622,0.622,-0.007974,False
2018-09-17,0.613,0.613,-0.014469000000000001,False
2018-09-18,0.624,0.624,0.017945,False
2018-09-19,0.63,0.63,0.009615,False
2018-09-20,0.628,0.628,-0.003175,False
2018-09-21,0.643,0.643,0.023885,False
2018-09-25,0.641,0.641,-0.00311,False
2018-09-26,0.648,0.648,0.010920000000000001,False
2018-09-27,0.643,0.643,-0.007716,False
2018-09-28,0.647,0.647,0.006221,False
2018-10-08,0.62,0.62,-0.041731,False
2018-10-09,0.618,0.618,-0.003226,False
2018-10-10,0.615,0.615,-0.004854,False
2018-10-11,0.585,0.585,-0.048780000000000004,False
2018-10-12,0.591,0.591,0.010256000000000001,False
2018-10-15,0.585,0.585,-0.010152000000000001,False
2018-10-16,0.576,0.576,-0.015385,False
2018-10-17,0.578,0.578,0.0034720000000000003,False
2018-10-18,0.564,0.564,-0.024221,False
2018-10-19,0.582,0.582,0.031915,False
2018-10-22,0.606,0.606,0.041237,False
2018-10-23,0.592,0.592,-0.023102,False
2018-10-24,0.586,0.586,-0.010135,False
2018-10-25,0.581,0.581,-0.008532,False
2018-10-26,0.574,0.574,-0.012048000000000001,False
2018-10-29,0.56,0.56,-0.024390000000000002,False
2018-10-30,0.565,0.565,0.008929,False
2018-10-31,0.574,0.574,0.015929,False
2018-11-01,0.58,0.58,0.010452999999999999,False
2018-11-02,0.603,0.603,0.039655,False
2018-11-05,0.597,0.597,-0.00995,False
2018-11-06,0.594,0.594,-0.005024999999999999,False
2018-11-07,0.593,0.593,-0.001684,False
2018-11-08,0.589,0.589,-0.006745,False
2018-11-09,0.583,0.583,-0.010187,False
2018-11-12,0.593,0.593,0.017153,False
2018-11-13,0.6,0.6,0.011803999999999999,False
2018-11-14,0.594,0.594,-0.01,False
2018-11-15,0.6,0.6,0.010101,False
2018-11-16,0.6,0.6,0.0,False
2018-11-19,0.602,0.602,0.003333,False
2018-11-20,0.59,0.59,-0.019934,False
2018-11-21,0.593,0.593,0.005084999999999999,False
2018-11-22,0.592,0.592,-0.001686,False
2018-11-23,0.579,0.579,-0.021959,False
2018-11-26,0.576,0.576,-0.005181,False
2018-11-27,0.578,0.578,0.0034720000000000003,False
2018-11-28,0.584,0.584,0.010381,False
2018-11-29,0.578,0.578,-0.010274,False
2018-11-30,0.584,0.584,0.010381,False
2018-12-03,0.602,0.602,0.030822,False
2018-12-04,0.605,0.605,0.0049830000000000004,False
2018-12-05,0.604,0.604,-0.001653,False
2018-12-06,0.588,0.588,-0.02649,False
2018-12-07,0.583,0.583,-0.008503,False
2018-12-10,0.577,0.577,-0.010291999999999999,False
2018-12-11,0.58,0.58,0.0051990000000000005,False
2018-12-12,0.58,0.58,0.0,False
2018-12-13,0.589,0.589,0.015517000000000001,False
2018-12-14,0.577,0.577,-0.020374,False
2018-12-17,0.572,0.572,-0.008666,False
2018-12-18,0.569,0.569,-0.005245,False
2018-12-19,0.558,0.558,-0.019332000000000002,False
2018-12-20,0.556,0.556,-0.003584,False
2018-12-21,0.55,0.55,-0.010791,False
2018-12-24,0.557,0.557,0.012726999999999999,False
2018-12-25,0.556,0.556,-0.001795,False
2018-12-26,0.553,0.553,-0.005396,False
2018-12-27,0.549,0.549,-0.007233000000000001,False
2018-12-28,0.552,0.552,0.005464,False
2018-12-31,0.552,0.552,0.0,False
2019-01-02,0.545,0.545,-0.012681,False
2019-01-03,0.538,0.538,-0.012844,False
2019-01-04,0.548,0.548,0.018587,False
2019-01-07,0.555,0.555,0.012774,False
2019-01-08,0.553,0.553,-0.003604,False
2019-01-09,0.558,0.558,0.009042,False
2019-01-10,0.558,0.558,0.0,False
2019-01-11,0.56,0.56,0.003584,False
2019-01-14,0.556,0.556,-0.007143,False
2019-01-15,0.566,0.566,0.017986,False
2019-01-16,0.567,0.567,0.001767,False
2019-01-17,0.564,0.564,-0.0052910000000000006,False
2019-01-18,0.572,0.572,0.014184,False
2019-01-21,0.574,0.574,0.003497,False
2019-01-22,0.567,0.567,-0.012195000000000001,False
2019-01-23,0.568,0.568,0.001764,False
2019-01-24,0.572,0.572,0.0070420000000000005,False
2019-01-25,0.575,0.575,0.005245,False
2019-01-28,0.577,0.577,0.003478,False
2019-01-29,0.577,0.577,0.0,False
2019-01-30,0.573,0.573,-0.006932000000000001,False
2019-01-31,0.576,0.576,0.005235999999999999,False
2019-02-01,0.588,0.588,0.020833,False
2019-02-11,0.603,0.603,0.02551,False
2019-02-12,0.607,0.607,0.006633,False
2019-02-13,0.615,0.615,0.01318,False
2019-02-14,0.615,0.615,0.0,False
2019-02-15,0.607,0.607,-0.013007999999999999,False
2019-02-18,0.628,0.628,0.034596,False
2019-02-19,0.626,0.626,-0.003185,False
2019-02-20,0.627,0.627,0.0015970000000000001,False
2019-02-21,0.626,0.626,-0.001595,False
2019-02-22,0.641,0.641,0.023961999999999997,False
2019-02-25,0.669,0.669,0.043682,False
2019-02-26,0.665,0.665,-0.005979,False
2019-02-27,0.658,0.658,-0.010526,False
2019-02-28,0.663,0.663,0.007599,False
2019-03-01,0.674,0.674,0.016591,False
2019-03-04,0.686,0.686,0.017804,False
2019-03-05,0.692,0.692,0.008746,False
2019-03-06,0.697,0.697,0.0072250000000000005,False
2019-03-07,0.692,0.692,-0.007174000000000001,False
2019-03-08,0.68,0.68,-0.017341,False
2019-03-11,0.7,0.7,0.029411999999999997,False
2019-03-12,0.713,0.713,0.018571,False
2019-03-13,0.694,0.694,-0.026648,False
2019-03-14,0.684,0.684,-0.014409,False
2019-03-15,0.695,0.695,0.016082,False
2019-03-18,0.713,0.713,0.025899000000000002,False
2019-03-19,0.711,0.711,-0.002805,False
2019-03-20,0.707,0.707,-0.005626,False
2019-03-21,0.711,0.711,0.005658,False
2019-03-22,0.71,0.71,-0.0014060000000000001,False
2019-03-25,0.7,0.7,-0.014085,False
2019-03-26,0.689,0.689,-0.015714,False
2019-03-27,0.696,0.696,0.01016,False
2019-03-28,0.695,0.695,-0.001437,False
2019-03-29,0.721,0.721,0.03741,False
2019-04-01,0.745,0.745,0.033287,False
2019-04-02,0.743,0.743,-0.0026850000000000003,False
2019-04-03,0.749,0.749,0.008075,False
2019-04-04,0.755,0.755,0.008011,False
2019-04-08,0.749,0.749,-0.007947,False
2019-04-09,0.748,0.748,-0.001335,False
2019-04-10,0.751,0.751,0.004011,False
2019-04-11,0.734,0.734,-0.022636,False
2019-04-12,0.736,0.736,0.002725,False
2019-04-15,0.73,0.73,-0.008152,False
2019-04-16,0.745,0.745,0.020548,False
2019-04-17,0.749,0.749,0.0053690000000000005,False
2019-04-18,0.746,0.746,-0.004005,False
2019-04-19,0.752,0.752,0.008043,False
2019-04-22,0.745,0.745,-0.009309,False
2019-04-23,0.741,0.741,-0.0053690000000000005,False
2019-04-24,0.751,0.751,0.013495,False
2019-04-25,0.736,0.736,-0.019973,False
2019-04-26,0.732,0.732,-0.005435,False
2019-04-29,0.73,0.73,-0.002732,False
2019-04-30,0.733,0.733,0.00411,False
2019-05-06,0.691,0.691,-0.057298999999999996,False
2019-05-07,0.7,0.7,0.013025,False
2019-05-08,0.687,0.687,-0.018571,False
2019-05-09,0.681,0.681,-0.008733999999999999,False
2019-05-10,0.709,0.709,0.041116,False
2019-05-13,0.7,0.7,-0.012694,False
2019-05-14,0.697,0.697,-0.004286,False
2019-05-15,0.715,0.715,0.025825,False
2019-05-16,0.715,0.715,0.0,False
2019-05-17,0.697,0.697,-0.025175,False
2019-05-20,0.687,0.687,-0.014347,False
2019-05-21,0.699,0.699,0.017467,False
2019-05-22,0.699,0.699,0.0,False
2019-05-23,0.683,0.683,-0.02289,False
2019-05-24,0.677,0.677,-0.008785,False
2019-05-27,0.694,0.694,0.025110999999999998,False
2019-05-28,0.701,0.701,0.010086,False
2019-05-29,0.701,0.701,0.0,False
2019-05-30,0.7,0.7,-0.0014269999999999999,False
2019-05-31,0.699,0.699,-0.001429,False
2019-06-03,0.694,0.694,-0.0071530000000000005,False
2019-06-04,0.684,0.684,-0.014409,False
2019-06-05,0.679,0.679,-0.00731,False
2019-06-06,0.668,0.668,-0.016200000000000003,False
2019-06-10,0.677,0.677,0.013472999999999999,False
2019-06-11,0.701,0.701,0.035451,False
2019-06-12,0.694,0.694,-0.009986,False
2019-06-13,0.695,0.695,0.001441,False
2019-06-14,0.685,0.685,-0.014388000000000001,False
2019-06-17,0.681,0.681,-0.005839,False
2019-06-18,0.687,0.687,0.008811,False
2019-06-19,0.697,0.697,0.014556,False
2019-06-20,0.715,0.715,0.025825,False
2019-06-21,0.718,0.718,0.004196,False
2019-06-24,0.72,0.72,0.0027860000000000003,False
2019-06-25,0.713,0.713,-0.009722,False
2019-06-26,0.715,0.715,0.002805,False
2019-06-27,0.726,0.726,0.015385,False
2019-06-28,0.725,0.725,-0.001377,False
2019-06-30,0.725,0.725,0.0,False
2019-07-01,0.748,0.748,0.031724,False
2019-07-02,0.749,0.749,0.001337,False
2019-07-03,0.736,0.736,-0.017356,False
2019-07-04,0.727,0.727,-0.012228000000000001,False
2019-07-05,0.738,0.738,0.015130999999999999,False
2019-07-08,0.724,0.724,-0.01897,False
2019-07-09,0.725,0.725,0.001381,False
2019-07-10,0.724,0.724,-0.001379,False
2019-07-11,0.722,0.722,-0.002762,False
2019-07-12,0.726,0.726,0.005540000000000001,False
2019-07-15,0.735,0.735,0.012397,False
2019-07-16,0.729,0.729,-0.008163,False
2019-07-17,0.732,0.732,0.004115,False
2019-07-18,0.723,0.723,-0.012295,False
2019-07-19,0.729,0.729,0.008298999999999999,False
2019-07-22,0.721,0.721,-0.010974,False
2019-07-23,0.727,0.727,0.008322000000000001,False
2019-07-24,0.733,0.733,0.008253,False
2019-07-25,0.74,0.74,0.00955,False
2019-07-26,0.743,0.743,0.0040539999999999994,False
2019-07-29,0.746,0.746,0.004038,False
2019-07-30,0.748,0.748,0.0026810000000000002,False
2019-07-31,0.744,0.744,-0.005348,False
2019-08-01,0.742,0.742,-0.002688,False
2019-08-02,0.737,0.737,-0.006739,False
2019-08-05,0.726,0.726,-0.014924999999999999,False
2019-08-06,0.723,0.723,-0.004132,False
2019-08-07,0.718,0.718,-0.006916,False
2019-08-08,0.73,0.73,0.016713,False
2019-08-09,0.722,0.722,-0.010959000000000002,False
2019-08-12,0.738,0.738,0.022161,False
2019-08-13,0.732,0.732,-0.00813,False
2019-08-14,0.736,0.736,0.005464,False
2019-08-15,0.739,0.739,0.004076,False
2019-08-16,0.746,0.746,0.009472000000000001,False
2019-08-19,0.759,0.759,0.017426,False
2019-08-20,0.756,0.756,-0.003953,False
2019-08-21,0.759,0.759,0.003968,False
2019-08-22,0.763,0.763,0.00527,False
2019-08-23,0.771,0.771,0.010485,False
2019-08-26,0.767,0.767,-0.005188000000000001,False
2019-08-27,0.778,0.778,0.014341999999999999,False
2019-08-28,0.779,0.779,0.0012850000000000001,False
2019-08-29,0.78,0.78,0.0012839999999999998,False
2019-08-30,0.78,0.78,0.0,False
2019-09-02,0.793,0.793,0.016667,False
2019-09-03,0.798,0.798,0.006305,False
2019-09-04,0.795,0.795,-0.003759,False
2019-09-05,0.8,0.8,0.006289,False
2019-09-06,0.797,0.797,-0.00375,False
2019-09-09,0.807,0.807,0.012546999999999999,False
2019-09-10,0.802,0.802,-0.006196,False
2019-09-11,0.791,0.791,-0.013715999999999999,False
2019-09-12,0.793,0.793,0.0025280000000000003,False
2019-09-16,0.798,0.798,0.006305,False
2019-09-17,0.788,0.788,-0.012531,False
2019-09-18,0.793,0.793,0.006345,False
2019-09-19,0.8,0.8,0.008827,False
2019-09-20,0.804,0.804,0.005,False
2019-09-23,0.799,0.799,-0.006219,False
2019-09-24,0.803,0.803,0.005006,False
2019-09-25,0.793,0.793,-0.012453,False
2019-09-26,0.772,0.772,-0.026482000000000002,False
2019-09-27,0.779,0.779,0.009066999999999999,False
2019-09-30,0.771,0.771,-0.01027,False
2019-10-08,0.775,0.775,0.005188000000000001,False
2019-10-09,0.777,0.777,0.002581,False
2019-10-10,0.796,0.796,0.024453,False
2019-10-11,0.799,0.799,0.003769,False
2019-10-14,0.804,0.804,0.0062580000000000005,False
2019-10-15,0.8,0.8,-0.004975,False
2019-10-16,0.797,0.797,-0.00375,False
2019-10-17,0.796,0.796,-0.001255,False
2019-10-18,0.788,0.788,-0.010049999999999998,False
2019-10-21,0.789,0.789,0.0012690000000000002,False
2019-10-22,0.798,0.798,0.011407,False
2019-10-23,0.793,0.793,-0.006266000000000001,False
2019-10-24,0.793,0.793,0.0,False
2019-10-25,0.808,0.808,0.018916,False
2019-10-28,0.819,0.819,0.013614,False
2019-10-29,0.816,0.816,-0.003663,False
2019-10-30,0.81,0.81,-0.007352999999999999,False
2019-10-31,0.804,0.804,-0.007407,False
2019-11-01,0.812,0.812,0.00995,False
2019-11-04,0.819,0.819,0.008621,False
2019-11-05,0.825,0.825,0.007326,False
2019-11-06,0.814,0.814,-0.013333,False
2019-11-07,0.82,0.82,0.007371,False
2019-11-08,0.816,0.816,-0.004878,False
2019-11-11,0.804,0.804,-0.014705999999999999,False
2019-11-12,0.806,0.806,0.0024879999999999998,False
2019-11-13,0.816,0.816,0.012407,False
2019-11-14,0.822,0.822,0.007352999999999999,False
2019-11-15,0.813,0.813,-0.010949,False
2019-11-18,0.814,0.814,0.00123,False
2019-11-19,0.828,0.828,0.017199,False
2019-11-20,0.822,0.822,-0.007246,False
2019-11-21,0.816,0.816,-0.007299,False
2019-11-22,0.795,0.795,-0.025735,False
2019-11-25,0.783,0.783,-0.015094000000000002,False
2019-11-26,0.79,0.79,0.00894,False
2019-11-27,0.789,0.789,-0.001266,False
2019-11-28,0.788,0.788,-0.0012670000000000001,False
2019-11-29,0.778,0.778,-0.01269,False
2019-12-02,0.779,0.779,0.0012850000000000001,False
2019-12-03,0.783,0.783,0.005135,False
2019-12-04,0.785,0.785,0.0025540000000000003,False
2019-12-05,0.796,0.796,0.014013,False
2019-12-06,0.805,0.805,0.011307000000000001,False
2019-12-09,0.798,0.798,-0.008696,False
2019-12-10,0.801,0.801,0.003759,False
2019-12-11,0.799,0.799,-0.002497,False
2019-12-12,0.797,0.797,-0.002503,False
2019-12-13,0.809,0.809,0.015056,False
2019-12-16,0.814,0.814,0.00618,False
2019-12-17,0.82,0.82,0.007371,False
2019-12-18,0.812,0.812,-0.009756,False
2019-12-19,0.808,0.808,-0.004926,False
2019-12-20,0.804,0.804,-0.0049499999999999995,False
2019-12-23,0.791,0.791,-0.016169,False
2019-12-24,0.797,0.797,0.007585,False
2019-12-25,0.801,0.801,0.005019,False
2019-12-26,0.801,0.801,0.0,False
2019-12-27,0.799,0.799,-0.002497,False
2019-12-30,0.806,0.806,0.008761,False
2019-12-31,0.813,0.813,0.008685,False
2020-01-02,0.826,0.826,0.01599,False
2020-01-03,0.823,0.823,-0.0036320000000000002,False
2020-01-06,0.824,0.824,0.001215,False
2020-01-07,0.833,0.833,0.010922000000000001,False
2020-01-08,0.823,0.823,-0.012004999999999998,False
2020-01-09,0.841,0.841,0.021871,False
2020-01-10,0.841,0.841,0.0,False
2020-01-13,0.856,0.856,0.017836,False
2020-01-14,0.849,0.849,-0.008178,False
2020-01-15,0.851,0.851,0.002356,False
2020-01-16,0.851,0.851,0.0,False
2020-01-17,0.85,0.85,-0.0011749999999999998,False
2020-01-20,0.863,0.863,0.015294,False
2020-01-21,0.853,0.853,-0.011587,False
2020-01-22,0.866,0.866,0.01524,False
2020-01-23,0.836,0.836,-0.034642,False
2020-02-03,0.769,0.769,-0.080144,False
2020-02-04,0.8,0.8,0.040312,False
2020-02-05,0.807,0.807,0.00875,False
2020-02-06,0.827,0.827,0.024783,False
2020-02-07,0.834,0.834,0.008464000000000001,False
2020-02-10,0.843,0.843,0.010791,False
2020-02-11,0.85,0.85,0.008304,False
2020-02-12,0.859,0.859,0.010588,False
2020-02-13,0.855,0.855,-0.004657,False
2020-02-14,0.861,0.861,0.007018,False
2020-02-17,0.885,0.885,0.027875,False
2020-02-18,0.89,0.89,0.00565,False
2020-02-19,0.885,0.885,-0.005618,False
2020-02-20,0.906,0.906,0.023729,False
2020-02-21,0.917,0.917,0.012140999999999999,False
2020-02-24,0.931,0.931,0.015267,False
2020-02-25,0.938,0.938,0.0075190000000000005,False
2020-02-26,0.903,0.903,-0.037313,False
2020-02-27,0.911,0.911,0.008859,False
2020-02-28,0.874,0.874,-0.040615,False
2020-03-02,0.904,0.904,0.034325,False
2020-03-03,0.909,0.909,0.005531,False
2020-03-04,0.904,0.904,-0.005501000000000001,False
2020-03-05,0.918,0.918,0.015486999999999999,False
2020-03-06,0.908,0.908,-0.010893,False
2020-03-09,0.873,0.873,-0.038546,False
2020-03-10,0.899,0.899,0.029782000000000003,False
2020-03-11,0.883,0.883,-0.017798,False
2020-03-12,0.864,0.864,-0.021518000000000002,False
2020-03-13,0.861,0.861,-0.0034720000000000003,False
2020-03-16,0.806,0.806,-0.063879,False
2020-03-17,0.803,0.803,-0.0037219999999999996,False
2020-03-18,0.796,0.796,-0.008717,False
2020-03-19,0.799,0.799,0.003769,False
2020-03-20,0.806,0.806,0.008761,False
2020-03-23,0.768,0.768,-0.047146,False
2020-03-24,0.786,0.786,0.023438,False
2020-03-25,0.811,0.811,0.031807,False
2020-03-26,0.804,0.804,-0.008631,False
2020-03-27,0.8,0.8,-0.004975,False
2020-03-30,0.791,0.791,-0.01125,False
2020-03-31,0.799,0.799,0.010114000000000001,False
2020-04-01,0.796,0.796,-0.003755,False
2020-04-02,0.817,0.817,0.026382,False
2020-04-03,0.815,0.815,-0.002448,False
2020-04-07,0.84,0.84,0.030674999999999997,False
2020-04-08,0.836,0.836,-0.004762,False
2020-04-09,0.841,0.841,0.005980999999999999,False
2020-04-10,0.828,0.828,-0.015458000000000001,False
2020-04-13,0.82,0.82,-0.009661999999999999,False
2020-04-14,0.841,0.841,0.02561,False
2020-04-15,0.837,0.837,-0.004756,False
2020-04-16,0.843,0.843,0.007168,False
2020-04-17,0.851,0.851,0.00949,False
2020-04-20,0.859,0.859,0.009401,False
2020-04-21,0.853,0.853,-0.006985,False
2020-04-22,0.864,0.864,0.012896000000000001,False
2020-04-23,0.856,0.856,-0.009259,False
2020-04-24,0.848,0.848,-0.009346,False
2020-04-27,0.856,0.856,0.009434,False
2020-04-28,0.867,0.867,0.012849999999999999,False
2020-04-29,0.863,0.863,-0.004614,False
2020-04-30,0.877,0.877,0.016222,False
2020-05-06,0.89,0.89,0.014823,False
2020-05-07,0.893,0.893,0.0033710000000000003,False
2020-05-08,0.901,0.901,0.008959,False
2020-05-11,0.894,0.894,-0.007769000000000001,False
2020-05-12,0.905,0.905,0.012303999999999999,False
2020-05-13,0.913,0.913,0.00884,False
2020-05-14,0.904,0.904,-0.009858,False
2020-05-15,0.906,0.906,0.002212,False
2020-05-18,0.902,0.902,-0.004415,False
2020-05-19,0.916,0.916,0.015521,False
2020-05-20,0.9,0.9,-0.017467,False
2020-05-21,0.892,0.892,-0.008889000000000001,False
2020-05-22,0.874,0.874,-0.020179,False
2020-05-25,0.875,0.875,0.001144,False
2020-05-26,0.893,0.893,0.020571000000000002,False
2020-05-27,0.877,0.877,-0.017917000000000002,False
2020-05-28,0.875,0.875,-0.002281,False
2020-05-29,0.887,0.887,0.013713999999999999,False
2020-06-01,0.913,0.913,0.029312,False
2020-06-02,0.904,0.904,-0.009858,False
2020-06-03,0.904,0.904,0.0,False
2020-06-04,0.904,0.904,0.0,False
2020-06-05,0.911,0.911,0.007743,False
2020-06-08,0.905,0.905,-0.006586,False
2020-06-09,0.915,0.915,0.011049999999999999,False
2020-06-10,0.928,0.928,0.014208,False
2020-06-11,0.929,0.929,0.001078,False
2020-06-12,0.933,0.933,0.004306,False
2020-06-15,0.929,0.929,-0.004287,False
2020-06-16,0.949,0.949,0.021529,False
2020-06-17,0.953,0.953,0.004215,False
2020-06-18,0.956,0.956,0.003148,False
2020-06-19,0.973,0.973,0.017782,False
2020-06-22,0.98,0.98,0.007194000000000001,False
2020-06-23,0.998,0.998,0.018367,False
2020-06-24,1.001,1.001,0.003006,False
2020-06-29,1.006,1.006,0.004995,False
2020-06-30,1.032,1.032,0.025844999999999996,False
2020-07-01,1.033,1.033,0.000969,False
2020-07-02,1.024,1.024,-0.008712,False
2020-07-03,1.029,1.029,0.004883,False
2020-07-06,1.056,1.056,0.026239,False
2020-07-07,1.084,1.084,0.026515,False
2020-07-08,1.1,1.1,0.01476,False
2020-07-09,1.131,1.131,0.028182,False
2020-07-10,1.13,1.13,-0.000884,False
2020-07-13,1.164,1.164,0.030088,False
2020-07-14,1.157,1.157,-0.006014,False
2020-07-15,1.149,1.149,-0.006914,False
2020-07-16,1.089,1.089,-0.052218999999999995,False
2020-07-17,1.105,1.105,0.014692,False
2020-07-20,1.119,1.119,0.012669999999999999,False
2020-07-21,1.136,1.136,0.015192,False
2020-07-22,1.148,1.148,0.010563,False
2020-07-23,1.163,1.163,0.013066,False
2020-07-24,1.102,1.102,-0.052451,False
2020-07-27,1.112,1.112,0.009074,False
2020-07-28,1.13,1.13,0.016187,False
2020-07-29,1.161,1.161,0.027434,False
2020-07-30,1.158,1.158,-0.0025840000000000004,False
2020-07-31,1.176,1.176,0.015544,False
2020-08-03,1.195,1.195,0.016156,False
2020-08-04,1.184,1.184,-0.009205,False
2020-08-05,1.201,1.201,0.014358,False
2020-08-06,1.195,1.195,-0.004996,False
2020-08-07,1.184,1.184,-0.009205,False
2020-08-10,1.177,1.177,-0.005912,False
2020-08-11,1.159,1.159,-0.015293000000000001,False
2020-08-12,1.132,1.132,-0.023296,False
2020-08-13,1.131,1.131,-0.000883,False
2020-08-14,1.149,1.149,0.015915,False
2020-08-17,1.164,1.164,0.013055,False
2020-08-18,1.176,1.176,0.010308999999999999,False
2020-08-19,1.151,1.151,-0.021259,False
2020-08-20,1.136,1.136,-0.013031999999999998,False
2020-08-21,1.15,1.15,0.012324,False
2020-08-24,1.172,1.172,0.0191,False
2020-08-25,1.171,1.171,-0.0009,False
2020-08-26,1.152,1.152,-0.016200000000000003,False
2020-08-27,1.171,1.171,0.0165,False
2020-08-28,1.197,1.197,0.0222,False
2020-08-31,1.19,1.19,-0.0058,False
2020-09-01,1.208,1.208,0.0151,False
2020-09-02,1.207,1.207,-0.0008,False
2020-09-03,1.192,1.192,-0.0124,False
2020-09-04,1.175,1.175,-0.0143,False
2020-09-07,1.129,1.129,-0.0391,False
2020-09-08,1.125,1.125,-0.0034999999999999996,False
2020-09-09,1.096,1.096,-0.0258,False
2020-09-10,1.097,1.097,0.0009,False
2020-09-11,1.121,1.121,0.0219,False
2020-09-14,1.128,1.128,0.0062,False
2020-09-15,1.138,1.138,0.0089,False
2020-09-16,1.125,1.125,-0.011399999999999999,False
2020-09-17,1.122,1.122,-0.0027,False
2020-09-18,1.137,1.137,0.0134,False
2020-09-21,1.128,1.128,-0.0079,False
2020-09-22,1.12,1.12,-0.0070999999999999995,False
2020-09-23,1.134,1.134,0.0125,False
2020-09-24,1.105,1.105,-0.0256,False
2020-09-25,1.11,1.11,0.0045000000000000005,False
2020-09-28,1.114,1.114,0.0036,False
2020-09-29,1.125,1.125,0.009899999999999999,False
2020-09-30,1.128,1.128,0.0027,False
2020-10-09,1.165,1.165,0.032799999999999996,False
2020-10-12,1.197,1.197,0.0275,False
2020-10-13,1.205,1.205,0.0067,False
2020-10-14,1.196,1.196,-0.0075,False
2020-10-15,1.187,1.187,-0.0075,False
2020-10-16,1.175,1.175,-0.0101,False
2020-10-19,1.157,1.157,-0.015300000000000001,False
2020-10-20,1.175,1.175,0.015600000000000001,False
2020-10-21,1.161,1.161,-0.011899999999999999,False
2020-10-22,1.151,1.151,-0.0086,False
2020-10-23,1.124,1.124,-0.0235,False
2020-10-26,1.127,1.127,0.0027,False
2020-10-27,1.139,1.139,0.0106,False
2020-10-28,1.153,1.153,0.0123,False
2020-10-29,1.162,1.162,0.0078000000000000005,False
2020-10-30,1.145,1.145,-0.0146,False
2020-11-02,1.165,1.165,0.0175,False
2020-11-03,1.17,1.17,0.0043,False
2020-11-04,1.181,1.181,0.009399999999999999,False
2020-11-05,1.204,1.204,0.0195,False
2020-11-06,1.193,1.193,-0.0091,False
2020-11-09,1.211,1.211,0.0151,False
2020-11-10,1.203,1.203,-0.0066,False
2020-11-11,1.183,1.183,-0.0166,False
2020-11-12,1.187,1.187,0.0034000000000000002,False
2020-11-13,1.183,1.183,-0.0034000000000000002,False
2020-11-16,1.187,1.187,0.0034000000000000002,False
2020-11-17,1.176,1.176,-0.009300000000000001,False
2020-11-18,1.162,1.162,-0.011899999999999999,False
2020-11-19,1.171,1.171,0.0077,False
2020-11-20,1.185,1.185,0.012,False
2020-11-23,1.199,1.199,0.0118,False
2020-11-24,1.192,1.192,-0.0058,False
2020-11-25,1.17,1.17,-0.018500000000000003,False
2020-11-26,1.165,1.165,-0.0043,False
2020-11-27,1.176,1.176,0.009399999999999999,False
2020-11-30,1.168,1.168,-0.0068000000000000005,False
2020-12-01,1.193,1.193,0.021400000000000002,False
2020-12-02,1.191,1.191,-0.0017000000000000001,False
2020-12-03,1.187,1.187,-0.0034000000000000002,False
2020-12-04,1.197,1.197,0.0084,False
2020-12-07,1.196,1.196,-0.0008,False
2020-12-08,1.202,1.202,0.005,False
2020-12-09,1.191,1.191,-0.0092,False
2020-12-10,1.196,1.196,0.0042,False
2020-12-11,1.186,1.186,-0.0084,False
2020-12-14,1.202,1.202,0.013500000000000002,False
2020-12-15,1.209,1.209,0.0058,False
2020-12-16,1.212,1.212,0.0025,False
2020-12-17,1.22,1.22,0.0066,False
2020-12-18,1.221,1.221,0.0008,False
2020-12-21,1.253,1.253,0.0262,False
2020-12-22,1.235,1.235,-0.0144,False
2020-12-23,1.251,1.251,0.013000000000000001,False
2020-12-24,1.248,1.248,-0.0024,False
2020-12-25,1.267,1.267,0.0152,False
2020-12-28,1.272,1.272,0.0039000000000000003,False
2020-12-29,1.253,1.253,-0.0149,False
2020-12-30,1.282,1.282,0.0231,False
2020-12-31,1.309,1.309,0.021099999999999997,False
2021-01-04,1.345,1.345,0.0275,False
2021-01-05,1.372,1.372,0.020099999999999996,False
2021-01-06,1.385,1.385,0.0095,False
2021-01-07,1.427,1.427,0.030299999999999997,False
2021-01-08,1.408,1.408,-0.013300000000000001,False
2021-01-11,1.386,1.386,-0.015600000000000001,False
2021-01-12,1.422,1.422,0.026000000000000002,False
2021-01-13,1.403,1.403,-0.0134,False
2021-01-14,1.365,1.365,-0.0271,False
2021-01-15,1.368,1.368,0.0022,False
2021-01-18,1.39,1.39,0.0161,False
2021-01-19,1.361,1.361,-0.0209,False
2021-01-20,1.392,1.392,0.022799999999999997,False
2021-01-21,1.423,1.423,0.0223,False
2021-01-22,1.445,1.445,0.0155,False
2021-01-25,1.457,1.457,0.0083,False
2021-01-26,1.419,1.419,-0.026099999999999998,False
2021-01-27,1.429,1.429,0.006999999999999999,False
2021-01-28,1.381,1.381,-0.0336,False
2021-01-29,1.372,1.372,-0.006500000000000001,False
2021-02-01,1.39,1.39,0.0131,False
2021-02-02,1.42,1.42,0.0216,False
2021-02-03,1.421,1.421,0.0007000000000000001,False
2021-02-04,1.417,1.417,-0.0028000000000000004,False
2021-02-05,1.412,1.412,-0.0034999999999999996,False
2021-02-08,1.44,1.44,0.019799999999999998,False
2021-02-09,1.473,1.473,0.0229,False
2021-02-10,1.501,1.501,0.019,False
2021-02-18,1.474,1.474,-0.018000000000000002,False
2021-02-19,1.451,1.451,-0.015600000000000001,False
2021-02-22,1.385,1.385,-0.0455,False
2021-02-23,1.376,1.376,-0.006500000000000001,False
2021-02-24,1.325,1.325,-0.0371,False
2021-02-25,1.322,1.322,-0.0023,False
2021-02-26,1.284,1.284,-0.0287,False
2021-03-01,1.313,1.313,0.0226,False
2021-03-02,1.303,1.303,-0.0076,False
2021-03-03,1.318,1.318,0.0115,False
2021-03-04,1.264,1.264,-0.040999999999999995,False
2021-03-05,1.26,1.26,-0.0032,False
2021-03-08,1.204,1.204,-0.0444,False
2021-03-09,1.173,1.173,-0.025699999999999997,False
2021-03-10,1.191,1.191,0.015300000000000001,False
2021-03-11,1.222,1.222,0.026000000000000002,False
2021-03-12,1.229,1.229,0.005699999999999999,False
2021-03-15,1.195,1.195,-0.0277,False
2021-03-16,1.205,1.205,0.0084,False
2021-03-17,1.218,1.218,0.0108,False
2021-03-18,1.235,1.235,0.013999999999999999,False
2021-03-19,1.199,1.199,-0.0291,False
2021-03-22,1.212,1.212,0.0108,False
2021-03-23,1.193,1.193,-0.015700000000000002,False
2021-03-24,1.167,1.167,-0.0218,False
2021-03-25,1.173,1.173,0.0051,False
2021-03-26,1.203,1.203,0.0256,False
2021-03-29,1.205,1.205,0.0017000000000000001,False
2021-03-30,1.221,1.221,0.013300000000000001,False
2021-03-31,1.21,1.21,-0.009000000000000001,False
2021-04-01,1.225,1.225,0.0124,False
2021-04-02,1.233,1.233,0.006500000000000001,False
2021-04-06,1.233,1.233,0.0,False
2021-04-07,1.226,1.226,-0.005699999999999999,False
2021-04-08,1.232,1.232,0.0049,False
2021-04-09,1.219,1.219,-0.0106,False
2021-04-12,1.189,1.189,-0.0246,False
2021-04-13,1.188,1.188,-0.0008,False
2021-04-14,1.204,1.204,0.013500000000000002,False
2021-04-15,1.196,1.196,-0.0066,False
2021-04-16,1.198,1.198,0.0017000000000000001,False
2021-04-19,1.228,1.228,0.025,False
2021-04-20,1.232,1.232,0.0033,False
2021-04-21,1.238,1.238,0.0049,False
2021-04-22,1.241,1.241,0.0024,False
2021-04-23,1.253,1.253,0.0097,False
2021-04-26,1.244,1.244,-0.0072,False
2021-04-27,1.253,1.253,0.0072,False
2021-04-28,1.267,1.267,0.011200000000000002,False
2021-04-29,1.27,1.27,0.0024,False
2021-04-30,1.272,1.272,0.0016,False
2021-05-06,1.264,1.264,-0.0063,False
2021-05-07,1.239,1.239,-0.019799999999999998,False
2021-05-10,1.232,1.232,-0.005600000000000001,False
2021-05-11,1.226,1.226,-0.0049,False
2021-05-12,1.233,1.233,0.005699999999999999,False
2021-05-13,1.216,1.216,-0.0138,False
2021-05-14,1.235,1.235,0.015600000000000001,False
2021-05-17,1.265,1.265,0.024300000000000002,False
2021-05-18,1.265,1.265,0.0,False
2021-05-19,1.266,1.266,0.0008,False
2021-05-20,1.272,1.272,0.004699999999999999,False
2021-05-21,1.265,1.265,-0.0055000000000000005,False
2021-05-24,1.268,1.268,0.0024,False
2021-05-25,1.299,1.299,0.024399999999999998,False
2021-05-26,1.296,1.296,-0.0023,False
2021-05-27,1.306,1.306,0.0077,False
2021-05-28,1.303,1.303,-0.0023,False
2021-05-31,1.319,1.319,0.0123,False
2021-06-01,1.32,1.32,0.0008,False
2021-06-02,1.308,1.308,-0.0091,False
2021-06-03,1.3,1.3,-0.0060999999999999995,False
2021-06-04,1.313,1.313,0.01,False
2021-06-07,1.314,1.314,0.0008,False
2021-06-08,1.302,1.302,-0.0091,False
2021-06-09,1.306,1.306,0.0031,False
2021-06-10,1.325,1.325,0.014499999999999999,False
2021-06-11,1.322,1.322,-0.0023,False
2021-06-15,1.317,1.317,-0.0038,False
2021-06-16,1.28,1.28,-0.0281,False
2021-06-17,1.301,1.301,0.016399999999999998,False
2021-06-18,1.312,1.312,0.0085,False
2021-06-21,1.319,1.319,0.0053,False
2021-06-22,1.332,1.332,0.009899999999999999,False
2021-06-23,1.34,1.34,0.006,False
2021-06-24,1.332,1.332,-0.006,False
2021-06-25,1.352,1.352,0.015,False
2021-06-28,1.36,1.36,0.0059,False
2021-06-29,1.355,1.355,-0.0037,False
2021-06-30,1.375,1.375,0.0148,False
2021-07-01,1.373,1.373,-0.0015,False
2021-07-02,1.334,1.334,-0.028399999999999998,False
2021-07-05,1.344,1.344,0.0075,False
2021-07-06,1.335,1.335,-0.0067,False
2021-07-07,1.369,1.369,0.0255,False
2021-07-08,1.362,1.362,-0.0051,False
2021-07-09,1.357,1.357,-0.0037,False
2021-07-12,1.388,1.388,0.022799999999999997,False
2021-07-13,1.39,1.39,0.0014000000000000002,False
2021-07-14,1.377,1.377,-0.009399999999999999,False
2021-07-15,1.395,1.395,0.0131,False
2021-07-16,1.363,1.363,-0.0229,False
2021-07-19,1.365,1.365,0.0015,False
2021-07-20,1.37,1.37,0.0037,False
2021-07-21,1.403,1.403,0.0241,False
2021-07-22,1.406,1.406,0.0021,False
2021-07-23,1.379,1.379,-0.0192,False
2021-07-26,1.349,1.349,-0.0218,False
2021-07-27,1.305,1.305,-0.0326,False
2021-07-28,1.312,1.312,0.0054,False
2021-07-29,1.363,1.363,0.038900000000000004,False
2021-07-30,1.352,1.352,-0.008100000000000001,False
2021-08-02,1.378,1.378,0.0192,False
2021-08-03,1.361,1.361,-0.0123,False
2021-08-04,1.403,1.403,0.030899999999999997,False
2021-08-05,1.397,1.397,-0.0043,False
2021-08-06,1.391,1.391,-0.0043,False
2021-08-09,1.384,1.384,-0.005,False
2021-08-10,1.381,1.381,-0.0022,False
2021-08-11,1.384,1.384,0.0022,False
2021-08-12,1.378,1.378,-0.0043,False
2021-08-13,1.366,1.366,-0.0087,False
2021-08-16,1.346,1.346,-0.0146,False
2021-08-17,1.314,1.314,-0.023799999999999998,False
2021-08-18,1.318,1.318,0.003,False
2021-08-19,1.337,1.337,0.0144,False
2021-08-20,1.324,1.324,-0.0097,False
2021-08-23,1.356,1.356,0.0242,False
2021-08-24,1.378,1.378,0.016200000000000003,False
2021-08-25,1.386,1.386,0.0058,False
2021-08-26,1.363,1.363,-0.0166,False
2021-08-27,1.371,1.371,0.0059,False
2021-08-30,1.38,1.38,0.0066,False
2021-08-31,1.37,1.37,-0.0072,False
2021-09-01,1.344,1.344,-0.019,False
2021-09-02,1.346,1.346,0.0015,False
2021-09-03,1.321,1.321,-0.018600000000000002,False
2021-09-06,1.352,1.352,0.0235,False
2021-09-07,1.372,1.372,0.0148,False
2021-09-08,1.359,1.359,-0.0095,False
2021-09-09,1.365,1.365,0.0044,False
2021-09-10,1.381,1.381,0.011699999999999999,False
2021-09-13,1.371,1.371,-0.0072,False
2021-09-14,1.38,1.38,0.0066,False
2021-09-15,1.383,1.383,0.0022,False
2021-09-16,1.349,1.349,-0.0246,False
2021-09-17,1.36,1.36,0.008199999999999999,False
2021-09-22,1.364,1.364,0.0029,False
2021-09-23,1.361,1.361,-0.0022,False
2021-09-24,1.354,1.354,-0.0051,False
2021-09-27,1.34,1.34,-0.0103,False
2021-09-28,1.338,1.338,-0.0015,False
2021-09-29,1.309,1.309,-0.0217,False
2021-09-30,1.34,1.34,0.023700000000000002,False
2021-10-08,1.322,1.322,-0.0134,False
2021-10-11,1.315,1.315,-0.0053,False
2021-10-12,1.291,1.291,-0.0183,False
2021-10-13,1.32,1.32,0.0225,False
2021-10-14,1.327,1.327,0.0053,False
2021-10-15,1.345,1.345,0.013600000000000001,False
2021-10-18,1.352,1.352,0.0052,False
2021-10-19,1.362,1.362,0.0074,False
2021-10-20,1.365,1.365,0.0022,False
2021-10-21,1.359,1.359,-0.0044,False
2021-10-22,1.35,1.35,-0.0066,False
2021-10-25,1.374,1.374,0.0178,False
2021-10-26,1.37,1.37,-0.0029,False
2021-10-27,1.374,1.374,0.0029,False
2021-10-28,1.355,1.355,-0.0138,False
2021-10-29,1.375,1.375,0.0148,False
2021-11-01,1.364,1.364,-0.008,False
2021-11-02,1.359,1.359,-0.0037,False
2021-11-03,1.345,1.345,-0.0103,False
2021-11-04,1.355,1.355,0.0074,False
2021-11-05,1.342,1.342,-0.0096,False
2021-11-08,1.353,1.353,0.008199999999999999,False
2021-11-09,1.368,1.368,0.0111,False
2021-11-10,1.358,1.358,-0.0073,False
2021-11-11,1.368,1.368,0.0074,False
2021-11-12,1.375,1.375,0.0051,False
2021-11-15,1.352,1.352,-0.0167,False
2021-11-16,1.34,1.34,-0.0089,False
2021-11-17,1.358,1.358,0.0134,False
2021-11-18,1.357,1.357,-0.0007000000000000001,False
2021-11-19,1.365,1.365,0.0059,False
2021-11-22,1.395,1.395,0.022000000000000002,False
2021-11-23,1.388,1.388,-0.005,False
2021-11-24,1.378,1.378,-0.0072,False
2021-11-25,1.374,1.374,-0.0029,False
2021-11-26,1.378,1.378,0.0029,False
2021-11-29,1.398,1.398,0.014499999999999999,False
2021-11-30,1.403,1.403,0.0036,False
2021-12-01,1.39,1.39,-0.009300000000000001,False
2021-12-02,1.384,1.384,-0.0043,False
2021-12-03,1.391,1.391,0.0051,False
2021-12-06,1.37,1.37,-0.0151,False
2021-12-07,1.348,1.348,-0.0161,False
2021-12-08,1.372,1.372,0.0178,False
2021-12-09,1.373,1.373,0.0007000000000000001,False
2021-12-10,1.378,1.378,0.0036,False
2021-12-13,1.379,1.379,0.0007000000000000001,False
2021-12-14,1.375,1.375,-0.0029,False
2021-12-15,1.36,1.36,-0.0109,False
2021-12-16,1.367,1.367,0.0051,False
2021-12-17,1.342,1.342,-0.0183,False
2021-12-20,1.309,1.309,-0.0246,False
2021-12-21,1.315,1.315,0.0046,False
2021-12-22,1.321,1.321,0.0046,False
2021-12-23,1.332,1.332,0.0083,False
2021-12-24,1.311,1.311,-0.0158,False
2021-12-27,1.305,1.305,-0.0046,False
2021-12-28,1.317,1.317,0.0092,False
2021-12-29,1.306,1.306,-0.0084,False
2021-12-30,1.322,1.322,0.0123,False
2021-12-31,1.326,1.326,0.003,False
2022-01-04,1.293,1.293,-0.024900000000000002,False
2022-01-05,1.254,1.254,-0.0302,False
2022-01-06,1.249,1.249,-0.004,False
2022-01-07,1.233,1.233,-0.0128,False
2022-01-10,1.232,1.232,-0.0008,False
2022-01-11,1.215,1.215,-0.0138,False
2022-01-12,1.237,1.237,0.0181,False
2022-01-13,1.219,1.219,-0.0146,False
2022-01-14,1.222,1.222,0.0025,False
2022-01-17,1.24,1.24,0.0147,False
2022-01-18,1.25,1.25,0.008100000000000001,False
2022-01-19,1.234,1.234,-0.0128,False
2022-01-20,1.228,1.228,-0.0049,False
2022-01-21,1.215,1.215,-0.0106,False
2022-01-24,1.225,1.225,0.008199999999999999,False
2022-01-25,1.2,1.2,-0.0204,False
2022-01-26,1.205,1.205,0.0042,False
2022-01-27,1.184,1.184,-0.0174,False
2022-01-28,1.175,1.175,-0.0076,False
2022-02-07,1.183,1.183,0.0068000000000000005,False
2022-02-08,1.169,1.169,-0.0118,False
2022-02-09,1.179,1.179,0.0086,False
2022-02-10,1.174,1.174,-0.0042,False
2022-02-11,1.161,1.161,-0.0111,False
2022-02-14,1.148,1.148,-0.011200000000000002,False
2022-02-15,1.163,1.163,0.0131,False
2022-02-16,1.166,1.166,0.0026,False
2022-02-17,1.171,1.171,0.0043,False
2022-02-18,1.176,1.176,0.0043,False
2022-02-21,1.171,1.171,-0.0043,False
2022-02-22,1.16,1.16,-0.009399999999999999,False
2022-02-23,1.177,1.177,0.0147,False
2022-02-24,1.164,1.164,-0.011000000000000001,False
2022-02-25,1.173,1.173,0.0077,False
2022-02-28,1.18,1.18,0.006,False
2022-03-01,1.186,1.186,0.0051,False
2022-03-02,1.181,1.181,-0.0042,False
2022-03-03,1.174,1.174,-0.0059,False
2022-03-04,1.163,1.163,-0.009399999999999999,False
2022-03-07,1.135,1.135,-0.0241,False
2022-03-08,1.108,1.108,-0.023799999999999998,False
2022-03-09,1.103,1.103,-0.0045000000000000005,False
2022-03-10,1.121,1.121,0.0163,False
2022-03-11,1.121,1.121,0.0,False
2022-03-14,1.093,1.093,-0.025,False
2022-03-15,1.047,1.047,-0.0421,False
2022-03-16,1.082,1.082,0.0334,False
2022-03-17,1.099,1.099,0.015700000000000002,False
2022-03-18,1.107,1.107,0.0073,False
2022-03-21,1.112,1.112,0.0045000000000000005,False
2022-03-22,1.113,1.113,0.0009,False
2022-03-23,1.118,1.118,0.0045000000000000005,False
2022-03-24,1.113,1.113,-0.0045000000000000005,False
2022-03-25,1.097,1.097,-0.0144,False
2022-03-28,1.094,1.094,-0.0027,False
2022-03-29,1.097,1.097,0.0027,False
2022-03-30,1.115,1.115,0.016399999999999998,False
2022-03-31,1.108,1.108,-0.0063,False
2022-04-01,1.115,1.115,0.0063,False
2022-04-06,1.107,1.107,-0.0072,False
2022-04-07,1.094,1.094,-0.011699999999999999,False
2022-04-08,1.102,1.102,0.0073,False
2022-04-11,1.074,1.074,-0.0254,False
2022-04-12,1.079,1.079,0.004699999999999999,False
2022-04-13,1.075,1.075,-0.0037,False
2022-04-14,1.085,1.085,0.009300000000000001,False
2022-04-15,1.08,1.08,-0.0046,False
2022-04-18,1.075,1.075,-0.0046,False
2022-04-19,1.077,1.077,0.0019,False
2022-04-20,1.052,1.052,-0.0232,False
2022-04-21,1.032,1.032,-0.019,False
2022-04-22,1.037,1.037,0.0048,False
2022-04-25,0.991,0.991,-0.0444,False
2022-04-26,0.983,0.983,-0.008100000000000001,False
2022-04-27,1.011,1.011,0.0285,False
2022-04-28,1.025,1.025,0.0138,False
2022-04-29,1.046,1.046,0.020499999999999997,False
2022-05-05,1.051,1.051,0.0048,False
2022-05-06,1.029,1.029,-0.0209,False
2022-05-09,1.025,1.025,-0.0039000000000000003,False
2022-05-10,1.031,1.031,0.0059,False
2022-05-11,1.038,1.038,0.0068000000000000005,False
2022-05-12,1.033,1.033,-0.0048,False
2022-05-13,1.046,1.046,0.0126,False
2022-05-16,1.047,1.047,0.001,False
2022-05-17,1.058,1.058,0.0105,False
2022-05-18,1.051,1.051,-0.0066,False
2022-05-19,1.056,1.056,0.0048,False
2022-05-20,1.068,1.068,0.011399999999999999,False
2022-05-23,1.066,1.066,-0.0019,False
2022-05-24,1.045,1.045,-0.0197,False
2022-05-25,1.053,1.053,0.0077,False
2022-05-26,1.063,1.063,0.0095,False
2022-05-27,1.064,1.064,0.0009,False
2022-05-30,1.065,1.065,0.0009,False
2022-05-31,1.073,1.073,0.0075,False
2022-06-01,1.074,1.074,0.0009,False
2022-06-02,1.075,1.075,0.0009,False
2022-06-06,1.093,1.093,0.0167,False
2022-06-07,1.095,1.095,0.0018,False
2022-06-08,1.105,1.105,0.0091,False
2022-06-09,1.1,1.1,-0.0045000000000000005,False
2022-06-10,1.117,1.117,0.0155,False
2022-06-13,1.11,1.11,-0.0063,False
2022-06-14,1.113,1.113,0.0027,False
2022-06-15,1.109,1.109,-0.0036,False
2022-06-16,1.103,1.103,-0.0054,False
2022-06-17,1.116,1.116,0.0118,False
2022-06-20,1.109,1.109,-0.0063,False
2022-06-21,1.103,1.103,-0.0054,False
2022-06-22,1.092,1.092,-0.01,False
2022-06-23,1.112,1.112,0.0183,False
2022-06-24,1.121,1.121,0.008100000000000001,False
2022-06-27,1.135,1.135,0.0125,False
2022-06-28,1.147,1.147,0.0106,False
2022-06-29,1.129,1.129,-0.015700000000000002,False
2022-06-30,1.142,1.142,0.0115,False
2022-07-01,1.141,1.141,-0.0009,False
2022-07-04,1.152,1.152,0.0096,False
2022-07-05,1.154,1.154,0.0017000000000000001,False
2022-07-06,1.135,1.135,-0.0165,False
2022-07-07,1.146,1.146,0.0097,False
2022-07-08,1.133,1.133,-0.0113,False
2022-07-11,1.113,1.113,-0.0177,False
2022-07-12,1.105,1.105,-0.0072,False
2022-07-13,1.106,1.106,0.0009,False
2022-07-14,1.116,1.116,0.009000000000000001,False
2022-07-15,1.107,1.107,-0.008100000000000001,False
2022-07-18,1.117,1.117,0.009000000000000001,False
2022-07-19,1.113,1.113,-0.0036,False
2022-07-20,1.119,1.119,0.0054,False
2022-07-21,1.103,1.103,-0.0143,False
2022-07-22,1.101,1.101,-0.0018,False
2022-07-25,1.094,1.094,-0.0064,False
2022-07-26,1.107,1.107,0.011899999999999999,False
2022-07-27,1.107,1.107,0.0,False
2022-07-28,1.106,1.106,-0.0009,False
2022-07-29,1.094,1.094,-0.0108,False
2022-08-01,1.103,1.103,0.008199999999999999,False
2022-08-02,1.085,1.085,-0.0163,False
2022-08-03,1.077,1.077,-0.0074,False
2022-08-04,1.078,1.078,0.0009,False
2022-08-05,1.089,1.089,0.0102,False
2022-08-08,1.099,1.099,0.0092,False
2022-08-09,1.108,1.108,0.008199999999999999,False
2022-08-10,1.098,1.098,-0.009000000000000001,False
2022-08-11,1.107,1.107,0.008199999999999999,False
2022-08-12,1.103,1.103,-0.0036,False
2022-08-15,1.111,1.111,0.0073,False
2022-08-16,1.115,1.115,0.0036,False
2022-08-17,1.115,1.115,0.0,False
2022-08-18,1.115,1.115,0.0,False
2022-08-19,1.103,1.103,-0.0108,False
2022-08-22,1.117,1.117,0.0127,False
2022-08-23,1.12,1.12,0.0027,False
2022-08-24,1.097,1.097,-0.020499999999999997,False
2022-08-25,1.104,1.104,0.0064,False
2022-08-26,1.098,1.098,-0.0054,False
2022-08-29,1.1,1.1,0.0018,False
2022-08-30,1.09,1.09,-0.0091,False
2022-08-31,1.069,1.069,-0.019299999999999998,False
2022-09-01,1.07,1.07,0.0009,False
2022-09-02,1.066,1.066,-0.0037,False
2022-09-05,1.074,1.074,0.0075,False
2022-09-06,1.095,1.095,0.0196,False
2022-09-07,1.102,1.102,0.0064,False
2022-09-08,1.098,1.098,-0.0036,False
2022-09-09,1.102,1.102,0.0036,False
2022-09-13,1.103,1.103,0.0009,False
2022-09-14,1.095,1.095,-0.0073,False
2022-09-15,1.069,1.069,-0.023700000000000002,False
2022-09-16,1.051,1.051,-0.0168,False
2022-09-19,1.05,1.05,-0.001,False
2022-09-20,1.058,1.058,0.0076,False
2022-09-21,1.052,1.052,-0.005699999999999999,False
2022-09-22,1.057,1.057,0.0048,False
2022-09-23,1.044,1.044,-0.0123,False
2022-09-26,1.042,1.042,-0.0019,False
2022-09-27,1.051,1.051,0.0086,False
2022-09-28,1.03,1.03,-0.02,False
2022-09-29,1.037,1.037,0.0068000000000000005,False
2022-09-30,1.022,1.022,-0.014499999999999999,False
2022-10-10,1.007,1.007,-0.0147,False
2022-10-11,1.012,1.012,0.005,False
2022-10-12,1.03,1.03,0.0178,False
2022-10-13,1.022,1.022,-0.0078000000000000005,False
2022-10-14,1.034,1.034,0.011699999999999999,False
2022-10-17,1.032,1.032,-0.0019,False
2022-10-18,1.035,1.035,0.0029,False
2022-10-19,1.03,1.03,-0.0048,False
2022-10-20,1.019,1.019,-0.010700000000000001,False
2022-10-21,1.022,1.022,0.0029,False
2022-10-24,1.012,1.012,-0.0098,False
2022-10-25,1.013,1.013,0.001,False
2022-10-26,1.016,1.016,0.003,False
2022-10-27,1.005,1.005,-0.0108,False
2022-10-28,0.99,0.99,-0.0149,False
2022-10-31,0.98,0.98,-0.0101,False
2022-11-01,0.99,0.99,0.0102,False
2022-11-02,0.996,0.996,0.0060999999999999995,False
2022-11-03,1.001,1.001,0.005,False
2022-11-04,1.022,1.022,0.021,False
2022-11-07,1.013,1.013,-0.0088,False
2022-11-08,1.009,1.009,-0.0039000000000000003,False
2022-11-09,0.999,0.999,-0.009899999999999999,False
2022-11-10,0.984,0.984,-0.015,False
2022-11-11,0.991,0.991,0.0070999999999999995,False
2022-11-14,0.976,0.976,-0.0151,False
2022-11-15,0.992,0.992,0.016399999999999998,False
2022-11-16,0.981,0.981,-0.0111,False
2022-11-17,0.975,0.975,-0.0060999999999999995,False
2022-11-18,0.97,0.97,-0.0051,False
2022-11-21,0.973,0.973,0.0031,False
2022-11-22,0.962,0.962,-0.0113,False
2022-11-23,0.965,0.965,0.0031,False
2022-11-24,0.964,0.964,-0.001,False
2022-11-25,0.951,0.951,-0.013500000000000002,False
2022-11-28,0.946,0.946,-0.0053,False
2022-11-29,0.947,0.947,0.0011,False
2022-11-30,0.949,0.949,0.0021,False
2022-12-01,0.958,0.958,0.0095,False
2022-12-02,0.953,0.953,-0.0052,False
2022-12-05,0.945,0.945,-0.0084,False
2022-12-06,0.948,0.948,0.0032,False
2022-12-07,0.95,0.95,0.0021,False
2022-12-08,0.947,0.947,-0.0032,False
2022-12-09,0.947,0.947,0.0,False
2022-12-12,0.947,0.947,0.0,False
2022-12-13,0.935,0.935,-0.0127,False
2022-12-14,0.931,0.931,-0.0043,False
2022-12-15,0.936,0.936,0.0054,False
2022-12-16,0.927,0.927,-0.0096,False
2022-12-19,0.917,0.917,-0.0108,False
2022-12-20,0.909,0.909,-0.0087,False
2022-12-21,0.901,0.901,-0.0088,False
2022-12-22,0.892,0.892,-0.01,False
2022-12-23,0.888,0.888,-0.0045000000000000005,False
2022-12-26,0.907,0.907,0.021400000000000002,False
2022-12-27,0.917,0.917,0.011000000000000001,False
2022-12-28,0.914,0.914,-0.0033,False
2022-12-29,0.918,0.918,0.0044,False
2022-12-30,0.919,0.919,0.0011,False
2022-12-31,0.919,0.919,0.0,False
2023-01-03,0.929,0.929,0.0109,False
2023-01-04,0.923,0.923,-0.006500000000000001,False
2023-01-05,0.934,0.934,0.011899999999999999,False
2023-01-06,0.935,0.935,0.0011,False
2023-01-09,0.934,0.934,-0.0011,False
2023-01-10,0.936,0.936,0.0021,False
2023-01-11,0.931,0.931,-0.0053,False
2023-01-12,0.93,0.93,-0.0011,False
2023-01-13,0.935,0.935,0.0054,False
2023-01-16,0.939,0.939,0.0043,False
2023-01-17,0.941,0.941,0.0021,False
2023-01-18,0.939,0.939,-0.0021,False
2023-01-19,0.944,0.944,0.0053,False
2023-01-20,0.948,0.948,0.0042,False
2023-01-30,0.95,0.95,0.0021,False
2023-01-31,0.944,0.944,-0.0063,False
2023-02-01,0.95,0.95,0.0064,False
2023-02-02,0.951,0.951,0.0011,False
2023-02-03,0.945,0.945,-0.0063,False
2023-02-06,0.937,0.937,-0.0085,False
2023-02-07,0.935,0.935,-0.0021,False
2023-02-08,0.93,0.93,-0.0053,False
2023-02-09,0.941,0.941,0.0118,False
2023-02-10,0.934,0.934,-0.0074,False
2023-02-13,0.943,0.943,0.0096,False
2023-02-14,0.941,0.941,-0.0021,False
2023-02-15,0.938,0.938,-0.0032,False
2023-02-16,0.929,0.929,-0.0096,False
2023-02-17,0.916,0.916,-0.013999999999999999,False
2023-02-20,0.932,0.932,0.0175,False
2023-02-21,0.931,0.931,-0.0011,False
2023-02-22,0.927,0.927,-0.0043,False
2023-02-23,0.925,0.925,-0.0022,False
2023-02-24,0.918,0.918,-0.0076,False
2023-02-27,0.919,0.919,0.0011,False
2023-02-28,0.923,0.923,0.0044,False
2023-03-01,0.929,0.929,0.006500000000000001,False
2023-03-02,0.924,0.924,-0.0054,False
2023-03-03,0.922,0.922,-0.0022,False
2023-03-06,0.927,0.927,0.0054,False
2023-03-07,0.912,0.912,-0.016200000000000003,False
2023-03-08,0.911,0.911,-0.0011,False
2023-03-09,0.912,0.912,0.0011,False
2023-03-10,0.903,0.903,-0.009899999999999999,False
2023-03-13,0.912,0.912,0.01,False
2023-03-14,0.904,0.904,-0.0088,False
2023-03-15,0.899,0.899,-0.0055000000000000005,False
2023-03-16,0.89,0.89,-0.01,False
2023-03-17,0.895,0.895,0.005600000000000001,False
2023-03-20,0.893,0.893,-0.0022,False
2023-03-21,0.901,0.901,0.009000000000000001,False
2023-03-22,0.905,0.905,0.0044,False
2023-03-23,0.913,0.913,0.0088,False
2023-03-24,0.914,0.914,0.0011,False
2023-03-27,0.919,0.919,0.0055000000000000005,False
2023-03-28,0.915,0.915,-0.0044,False
2023-03-29,0.918,0.918,0.0033,False
2023-03-30,0.922,0.922,0.0044,False
2023-03-31,0.937,0.937,0.0163,False
2023-04-03,0.95,0.95,0.0139,False
2023-04-04,0.951,0.951,0.0011,False
2023-04-06,0.95,0.95,-0.0011,False
2023-04-07,0.96,0.96,0.0105,False
2023-04-10,0.945,0.945,-0.015600000000000001,False
2023-04-11,0.943,0.943,-0.0021,False
2023-04-12,0.955,0.955,0.0127,False
2023-04-13,0.94,0.94,-0.015700000000000002,False
2023-04-14,0.946,0.946,0.0064,False
2023-04-17,0.945,0.945,-0.0011,False
2023-04-18,0.948,0.948,0.0032,False
2023-04-19,0.949,0.949,0.0011,False
2023-04-20,0.965,0.965,0.0169,False
2023-04-21,0.938,0.938,-0.027999999999999997,False
2023-04-24,0.939,0.939,0.0011,False
2023-04-25,0.935,0.935,-0.0043,False
2023-04-26,0.92,0.92,-0.016,False
2023-04-27,0.914,0.914,-0.006500000000000001,False
2023-04-28,0.934,0.934,0.0219,False
2023-05-04,0.938,0.938,0.0043,False
2023-05-05,0.923,0.923,-0.016,False
2023-05-08,0.928,0.928,0.0054,False
2023-05-09,0.914,0.914,-0.0151,False
2023-05-10,0.905,0.905,-0.0098,False
2023-05-11,0.9,0.9,-0.0055000000000000005,False
2023-05-12,0.887,0.887,-0.0144,False
2023-05-15,0.89,0.89,0.0034000000000000002,False
2023-05-16,0.884,0.884,-0.0067,False
2023-05-17,0.885,0.885,0.0011,False
2023-05-18,0.9,0.9,0.0169,False
2023-05-19,0.903,0.903,0.0033,False
2023-05-22,0.896,0.896,-0.0078000000000000005,False
2023-05-23,0.884,0.884,-0.0134,False
2023-05-24,0.882,0.882,-0.0023,False
2023-05-25,0.879,0.879,-0.0034000000000000002,False
2023-05-26,0.888,0.888,0.0102,False
2023-05-29,0.896,0.896,0.009000000000000001,False
2023-05-30,0.905,0.905,0.01,False
2023-05-31,0.907,0.907,0.0022,False
2023-06-01,0.905,0.905,-0.0022,False
2023-06-02,0.904,0.904,-0.0011,False
2023-06-05,0.908,0.908,0.0044,False
2023-06-06,0.889,0.889,-0.0209,False
2023-06-07,0.893,0.893,0.0045000000000000005,False
2023-06-08,0.887,0.887,-0.0067,False
2023-06-09,0.896,0.896,0.0101,False
2023-06-12,0.898,0.898,0.0022,False
2023-06-13,0.9,0.9,0.0022,False
2023-06-14,0.904,0.904,0.0044,False
2023-06-15,0.904,0.904,0.0,False
2023-06-16,0.911,0.911,0.0077,False
2023-06-19,0.916,0.916,0.0055000000000000005,False
2023-06-20,0.918,0.918,0.0022,False
2023-06-21,0.901,0.901,-0.018500000000000003,False
2023-06-26,0.88,0.88,-0.0233,False
2023-06-27,0.891,0.891,0.0125,False
2023-06-28,0.888,0.888,-0.0034000000000000002,False
2023-06-29,0.903,0.903,0.0169,False
2023-06-30,0.908,0.908,0.0055000000000000005,False
2023-07-03,0.903,0.903,-0.0055000000000000005,False
2023-07-04,0.904,0.904,0.0011,False
2023-07-05,0.896,0.896,-0.0088,False
2023-07-06,0.894,0.894,-0.0022,False
2023-07-07,0.889,0.889,-0.005600000000000001,False
2023-07-10,0.887,0.887,-0.0022,False
2023-07-11,0.897,0.897,0.0113,False
2023-07-12,0.888,0.888,-0.01,False
2023-07-13,0.897,0.897,0.0101,False
2023-07-14,0.896,0.896,-0.0011,False
2023-07-17,0.897,0.897,0.0011,False
2023-07-18,0.893,0.893,-0.0045000000000000005,False
2023-07-19,0.889,0.889,-0.0045000000000000005,False
2023-07-20,0.877,0.877,-0.013500000000000002,False
2023-07-21,0.872,0.872,-0.005699999999999999,False
2023-07-24,0.875,0.875,0.0034000000000000002,False
2023-07-25,0.883,0.883,0.0091,False
2023-07-26,0.875,0.875,-0.0091,False
2023-07-27,0.87,0.87,-0.005699999999999999,False
2023-07-28,0.877,0.877,0.008,False
2023-07-31,0.881,0.881,0.0046,False
2023-08-01,0.88,0.88,-0.0011,False
2023-08-02,0.877,0.877,-0.0034000000000000002,False
2023-08-03,0.876,0.876,-0.0011,False
2023-08-04,0.881,0.881,0.005699999999999999,False
2023-08-07,0.876,0.876,-0.005699999999999999,False
2023-08-08,0.875,0.875,-0.0011,False
2023-08-09,0.868,0.868,-0.008,False
2023-08-10,0.869,0.869,0.0012,False
2023-08-11,0.853,0.853,-0.0184,False
2023-08-14,0.856,0.856,0.0034999999999999996,False
2023-08-15,0.853,0.853,-0.0034999999999999996,False
2023-08-16,0.845,0.845,-0.009399999999999999,False
2023-08-17,0.854,0.854,0.010700000000000001,False
2023-08-18,0.847,0.847,-0.008199999999999999,False
2023-08-21,0.843,0.843,-0.004699999999999999,False
2023-08-22,0.839,0.839,-0.004699999999999999,False
2023-08-23,0.831,0.831,-0.0095,False
2023-08-24,0.829,0.829,-0.0024,False
2023-08-25,0.821,0.821,-0.0097,False
2023-08-28,0.834,0.834,0.0158,False
2023-08-29,0.849,0.849,0.018000000000000002,False
2023-08-30,0.848,0.848,-0.0012,False
2023-08-31,0.844,0.844,-0.004699999999999999,False
2023-09-01,0.848,0.848,0.004699999999999999,False
2023-09-04,0.86,0.86,0.014199999999999999,False
2023-09-05,0.856,0.856,-0.004699999999999999,False
2023-09-06,0.857,0.857,0.0012,False
2023-09-07,0.846,0.846,-0.0128,False
2023-09-08,0.846,0.846,0.0,False
2023-09-11,0.851,0.851,0.0059,False
2023-09-12,0.85,0.85,-0.0012,False
2023-09-13,0.843,0.843,-0.008199999999999999,False
2023-09-14,0.839,0.839,-0.004699999999999999,False
2023-09-15,0.841,0.841,0.0024,False
2023-09-18,0.847,0.847,0.0070999999999999995,False
2023-09-19,0.841,0.841,-0.0070999999999999995,False
2023-09-20,0.837,0.837,-0.0048,False
2023-09-21,0.833,0.833,-0.0048,False
2023-09-22,0.844,0.844,0.0132,False
2023-09-25,0.84,0.84,-0.004699999999999999,False
2023-09-26,0.835,0.835,-0.006,False
2023-09-27,0.837,0.837,0.0024,False
2023-09-28,0.844,0.844,0.0084,False
2023-10-09,0.837,0.837,-0.0083,False
2023-10-10,0.833,0.833,-0.0048,False
2023-10-11,0.832,0.832,-0.0012,False
2023-10-12,0.837,0.837,0.006,False
2023-10-13,0.832,0.832,-0.006,False
2023-10-16,0.829,0.829,-0.0036,False
2023-10-17,0.83,0.83,0.0012,False
2023-10-18,0.818,0.818,-0.014499999999999999,False
2023-10-19,0.811,0.811,-0.0086,False
2023-10-20,0.807,0.807,-0.0049,False
2023-10-23,0.79,0.79,-0.021099999999999997,False
2023-10-24,0.807,0.807,0.0215,False
2023-10-25,0.817,0.817,0.0124,False
2023-10-26,0.818,0.818,0.0012,False
2023-10-27,0.831,0.831,0.0159,False
2023-10-30,0.838,0.838,0.0084,False
2023-10-31,0.835,0.835,-0.0036,False
2023-11-01,0.836,0.836,0.0012,False
2023-11-02,0.831,0.831,-0.006,False
2023-11-03,0.836,0.836,0.006,False
2023-11-06,0.846,0.846,0.012,False
2023-11-07,0.848,0.848,0.0024,False
2023-11-08,0.849,0.849,0.0012,False
2023-11-09,0.843,0.843,-0.0070999999999999995,False
2023-11-10,0.839,0.839,-0.004699999999999999,False
2023-11-13,0.843,0.843,0.0048,False
2023-11-14,0.844,0.844,0.0012,False
2023-11-15,0.845,0.845,0.0012,False
2023-11-16,0.839,0.839,-0.0070999999999999995,False
2023-11-17,0.845,0.845,0.0072,False
2023-11-20,0.852,0.852,0.0083,False
2023-11-21,0.847,0.847,-0.0059,False
2023-11-22,0.838,0.838,-0.0106,False
2023-11-23,0.844,0.844,0.0072,False
2023-11-24,0.835,0.835,-0.010700000000000001,False
2023-11-27,0.838,0.838,0.0036,False
2023-11-28,0.845,0.845,0.0084,False
2023-11-29,0.84,0.84,-0.0059,False
2023-11-30,0.84,0.84,0.0,False
2023-12-01,0.848,0.848,0.0095,False
2023-12-04,0.848,0.848,0.0,False
2023-12-05,0.834,0.834,-0.0165,False
2023-12-06,0.834,0.834,0.0,False
2023-12-07,0.836,0.836,0.0024,False
2023-12-08,0.836,0.836,0.0,False
2023-12-11,0.845,0.845,0.0108,False
2023-12-12,0.842,0.842,-0.0036,False
2023-12-13,0.838,0.838,-0.0048,False
2023-12-14,0.834,0.834,-0.0048,False
2023-12-15,0.828,0.828,-0.0072,False
2023-12-18,0.824,0.824,-0.0048,False
2023-12-19,0.823,0.823,-0.0012,False
2023-12-20,0.809,0.809,-0.017,False
2023-12-21,0.814,0.814,0.0062,False
2023-12-22,0.806,0.806,-0.0098,False
2023-12-25,0.805,0.805,-0.0012,False
2023-12-26,0.797,0.797,-0.009899999999999999,False
2023-12-27,0.803,0.803,0.0075,False
2023-12-28,0.809,0.809,0.0075,False
2023-12-29,0.822,0.822,0.0161,False
2023-12-31,0.822,0.822,0.0,False
2024-01-02,0.821,0.821,-0.0012,False
2024-01-03,0.821,0.821,0.0,False
2024-01-04,0.814,0.814,-0.0085,False
2024-01-05,0.8,0.8,-0.0172,False
2024-01-08,0.787,0.787,-0.016200000000000003,False
2024-01-09,0.785,0.785,-0.0025,False
2024-01-10,0.776,0.776,-0.0115,False
2024-01-11,0.78,0.78,0.0052,False
2024-01-12,0.774,0.774,-0.0077,False
2024-01-15,0.775,0.775,0.0013,False
2024-01-16,0.776,0.776,0.0013,False
2024-01-17,0.762,0.762,-0.018000000000000002,False
2024-01-18,0.767,0.767,0.0066,False
2024-01-19,0.757,0.757,-0.013000000000000001,False
2024-01-22,0.732,0.732,-0.033,False
2024-01-23,0.743,0.743,0.015,False
2024-01-24,0.75,0.75,0.009399999999999999,False
2024-01-25,0.762,0.762,0.016,False
2024-01-26,0.758,0.758,-0.0052,False
2024-01-29,0.748,0.748,-0.0132,False
2024-01-30,0.735,0.735,-0.0174,False
2024-01-31,0.722,0.722,-0.0177,False
2024-02-01,0.722,0.722,0.0,False
2024-02-02,0.714,0.714,-0.0111,False
2024-02-05,0.708,0.708,-0.0084,False
2024-02-06,0.735,0.735,0.0381,False
2024-02-07,0.749,0.749,0.019,False
2024-02-08,0.759,0.759,0.0134,False
2024-02-19,0.782,0.782,0.030299999999999997,False
2024-02-20,0.789,0.789,0.009000000000000001,False
2024-02-21,0.785,0.785,-0.0051,False
2024-02-22,0.801,0.801,0.0204,False
2024-02-23,0.797,0.797,-0.005,False
2024-02-26,0.793,0.793,-0.005,False
2024-02-27,0.804,0.804,0.0139,False
2024-02-28,0.785,0.785,-0.0236,False
2024-02-29,0.795,0.795,0.0127,False
2024-03-01,0.802,0.802,0.0088,False
2024-03-04,0.821,0.821,0.023700000000000002,False
2024-03-05,0.818,0.818,-0.0037,False
2024-03-06,0.819,0.819,0.0012,False
2024-03-07,0.815,0.815,-0.0049,False
2024-03-08,0.82,0.82,0.0060999999999999995,False
2024-03-11,0.814,0.814,-0.0073,False
2024-03-12,0.801,0.801,-0.016,False
2024-03-13,0.802,0.802,0.0012,False
2024-03-14,0.802,0.802,0.0,False
2024-03-15,0.808,0.808,0.0075,False
2024-03-18,0.808,0.808,0.0,False
2024-03-19,0.801,0.801,-0.0087,False
2024-03-20,0.799,0.799,-0.0025,False
2024-03-21,0.801,0.801,0.0025,False
2024-03-22,0.794,0.794,-0.0087,False
2024-03-25,0.794,0.794,0.0,False
2024-03-26,0.79,0.79,-0.005,False
2024-03-27,0.785,0.785,-0.0063,False
2024-03-28,0.793,0.793,0.0102,False
2024-03-29,0.814,0.814,0.0265,False
2024-04-01,0.818,0.818,0.0049,False
2024-04-02,0.813,0.813,-0.0060999999999999995,False
2024-04-03,0.821,0.821,0.0098,False
2024-04-08,0.821,0.821,0.0,False
2024-04-09,0.815,0.815,-0.0073,False
2024-04-10,0.818,0.818,0.0037,False
2024-04-11,0.823,0.823,0.0060999999999999995,False
2024-04-12,0.836,0.836,0.0158,False
2024-04-15,0.841,0.841,0.006,False
2024-04-16,0.823,0.823,-0.021400000000000002,False
2024-04-17,0.84,0.84,0.0207,False
2024-04-18,0.841,0.841,0.0012,False
2024-04-19,0.845,0.845,0.0048,False
2024-04-22,0.825,0.825,-0.023700000000000002,False
2024-04-23,0.803,0.803,-0.026699999999999998,False
2024-04-24,0.813,0.813,0.0125,False
2024-04-25,0.813,0.813,0.0,False
2024-04-26,0.826,0.826,0.016,False
2024-04-29,0.817,0.817,-0.0109,False
2024-04-30,0.818,0.818,0.0012,False
2024-05-06,0.823,0.823,0.0060999999999999995,False
2024-05-07,0.821,0.821,-0.0024,False
2024-05-08,0.819,0.819,-0.0024,False
2024-05-09,0.829,0.829,0.012199999999999999,False
2024-05-10,0.835,0.835,0.0072,False
2024-05-13,0.836,0.836,0.0012,False
2024-05-14,0.839,0.839,0.0036,False
2024-05-15,0.838,0.838,-0.0012,False
2024-05-16,0.828,0.828,-0.011899999999999999,False
2024-05-17,0.829,0.829,0.0012,False
2024-05-20,0.852,0.852,0.0277,False
2024-05-21,0.836,0.836,-0.018799999999999997,False
2024-05-22,0.827,0.827,-0.0108,False
2024-05-23,0.816,0.816,-0.013300000000000001,False
2024-05-24,0.82,0.82,0.0049,False
2024-05-27,0.833,0.833,0.0159,False
2024-05-28,0.834,0.834,0.0012,False
2024-05-29,0.844,0.844,0.012,False
2024-05-30,0.828,0.828,-0.019,False
2024-05-31,0.826,0.826,-0.0024,False
2024-06-03,0.82,0.82,-0.0073,False
2024-06-04,0.827,0.827,0.0085,False
2024-06-05,0.816,0.816,-0.013300000000000001,False
2024-06-06,0.826,0.826,0.0123,False
2024-06-07,0.829,0.829,0.0036,False
2024-06-11,0.812,0.812,-0.020499999999999997,False
2024-06-12,0.821,0.821,0.0111,False
2024-06-13,0.81,0.81,-0.0134,False
2024-06-14,0.806,0.806,-0.0049,False
2024-06-17,0.796,0.796,-0.0124,False
2024-06-18,0.797,0.797,0.0013,False
2024-06-19,0.796,0.796,-0.0013,False
2024-06-20,0.799,0.799,0.0038,False
2024-06-21,0.796,0.796,-0.0038,False
2024-06-24,0.789,0.789,-0.0088,False
2024-06-25,0.787,0.787,-0.0025,False
2024-06-26,0.784,0.784,-0.0038,False
2024-06-27,0.773,0.773,-0.013999999999999999,False
2024-06-28,0.787,0.787,0.0181,False
2024-06-30,0.787,0.787,0.0,False
2024-07-01,0.799,0.799,0.0152,False
2024-07-02,0.793,0.793,-0.0075,False
2024-07-03,0.788,0.788,-0.0063,False
2024-07-04,0.79,0.79,0.0025,False
2024-07-05,0.802,0.802,0.0152,False
2024-07-08,0.802,0.802,0.0,False
2024-07-09,0.811,0.811,0.011200000000000002,False
2024-07-10,0.792,0.792,-0.023399999999999997,False
2024-07-11,0.804,0.804,0.0152,False
2024-07-12,0.787,0.787,-0.021099999999999997,False
2024-07-15,0.795,0.795,0.0102,False
2024-07-16,0.798,0.798,0.0038,False
2024-07-17,0.782,0.782,-0.020099999999999996,False
2024-07-18,0.788,0.788,0.0077,False
2024-07-19,0.78,0.78,-0.0102,False
2024-07-22,0.773,0.773,-0.009000000000000001,False
2024-07-23,0.751,0.751,-0.0285,False
2024-07-24,0.75,0.75,-0.0013,False
2024-07-25,0.734,0.734,-0.0213,False
2024-07-26,0.743,0.743,0.0123,False
2024-07-29,0.746,0.746,0.004,False
2024-07-30,0.736,0.736,-0.0134,False
2024-07-31,0.753,0.753,0.0231,False
2024-08-01,0.75,0.75,-0.004,False
2024-08-02,0.744,0.744,-0.008,False
2024-08-05,0.727,0.727,-0.022799999999999997,False
2024-08-06,0.727,0.727,0.0,False
2024-08-07,0.733,0.733,0.0083,False
2024-08-08,0.726,0.726,-0.0095,False
2024-08-09,0.726,0.726,0.0,False
2024-08-12,0.728,0.728,0.0028000000000000004,False
2024-08-13,0.732,0.732,0.0055000000000000005,False
2024-08-14,0.725,0.725,-0.0096,False
2024-08-15,0.728,0.728,0.0040999999999999995,False
2024-08-16,0.726,0.726,-0.0027,False
2024-08-19,0.732,0.732,0.0083,False
2024-08-20,0.723,0.723,-0.0123,False
2024-08-21,0.723,0.723,0.0,False
2024-08-22,0.723,0.723,0.0,False
2024-08-23,0.722,0.722,-0.0014000000000000002,False
2024-08-26,0.719,0.719,-0.0042,False
2024-08-27,0.716,0.716,-0.0042,False
2024-08-28,0.712,0.712,-0.005600000000000001,False
2024-08-29,0.708,0.708,-0.005600000000000001,False
2024-08-30,0.705,0.705,-0.0042,False
2024-09-02,0.7,0.7,-0.0070999999999999995,False
2024-09-03,0.699,0.699,-0.0014000000000000002,False
2024-09-04,0.691,0.691,-0.011399999999999999,False
2024-09-05,0.688,0.688,-0.0043,False
2024-09-06,0.683,0.683,-0.0073,False
2024-09-09,0.674,0.674,-0.0132,False
2024-09-10,0.675,0.675,0.0015,False
2024-09-11,0.676,0.676,0.0015,False
2024-09-12,0.674,0.674,-0.003,False
2024-09-13,0.674,0.674,0.0,False
2024-09-18,0.681,0.681,0.0104,False
2024-09-19,0.685,0.685,0.0059,False
2024-09-20,0.687,0.687,0.0029,False
2024-09-23,0.69,0.69,0.0044,False
2024-09-24,0.707,0.707,0.0246,False
2024-09-25,0.712,0.712,0.0070999999999999995,False
2024-09-26,0.731,0.731,0.026699999999999998,False
2024-09-27,0.749,0.749,0.0246,False
2024-09-30,0.795,0.795,0.061399999999999996,False
2024-10-08,0.821,0.821,0.0327,False
2024-10-09,0.766,0.766,-0.067,False
2024-10-10,0.768,0.768,0.0026,False
2024-10-11,0.74,0.74,-0.0365,False
2024-10-14,0.758,0.758,0.024300000000000002,False
2024-10-15,0.741,0.741,-0.022400000000000003,False
2024-10-16,0.732,0.732,-0.0121,False
2024-10-17,0.729,0.729,-0.0040999999999999995,False
2024-10-18,0.755,0.755,0.035699999999999996,False
2024-10-21,0.758,0.758,0.004,False
2024-10-22,0.76,0.76,0.0026,False
2024-10-23,0.76,0.76,0.0,False
2024-10-24,0.752,0.752,-0.0105,False
2024-10-25,0.755,0.755,0.004,False
2024-10-28,0.753,0.753,-0.0026,False
2024-10-29,0.75,0.75,-0.004,False
2024-10-30,0.749,0.749,-0.0013,False
2024-10-31,0.747,0.747,-0.0027,False
2024-11-01,0.737,0.737,-0.0134,False
2024-11-04,0.748,0.748,0.0149,False
2024-11-05,0.769,0.769,0.0281,False
2024-11-06,0.771,0.771,0.0026,False
2024-11-07,0.78,0.78,0.011699999999999999,False
2024-11-08,0.779,0.779,-0.0013,False
2024-11-11,0.798,0.798,0.024399999999999998,False
2024-11-12,0.788,0.788,-0.0125,False
2024-11-13,0.785,0.785,-0.0038,False
2024-11-14,0.759,0.759,-0.0331,False
2024-11-15,0.734,0.734,-0.0329,False
2024-11-18,0.728,0.728,-0.008199999999999999,False
2024-11-19,0.743,0.743,0.0206,False
2024-11-20,0.745,0.745,0.0027,False
2024-11-21,0.746,0.746,0.0013,False
2024-11-22,0.724,0.724,-0.029500000000000002,False
2024-11-25,0.722,0.722,-0.0028000000000000004,False
2024-11-26,0.717,0.717,-0.0069,False
2024-11-27,0.729,0.729,0.0167,False
2024-11-28,0.724,0.724,-0.0069,False
2024-11-29,0.733,0.733,0.0124,False
2024-12-02,0.738,0.738,0.0068000000000000005,False
2024-12-03,0.737,0.737,-0.0014000000000000002,False
2024-12-04,0.727,0.727,-0.013600000000000001,False
2024-12-05,0.727,0.727,0.0,False
2024-12-06,0.736,0.736,0.0124,False
2024-12-09,0.73,0.73,-0.008199999999999999,False
2024-12-10,0.738,0.738,0.011000000000000001,False
2024-12-11,0.737,0.737,-0.0014000000000000002,False
2024-12-12,0.746,0.746,0.012199999999999999,False
2024-12-13,0.735,0.735,-0.0147,False
2024-12-16,0.72,0.72,-0.0204,False
2024-12-17,0.713,0.713,-0.0097,False
2024-12-18,0.72,0.72,0.0098,False
2024-12-19,0.722,0.722,0.0028000000000000004,False
2024-12-20,0.728,0.728,0.0083,False
2024-12-23,0.712,0.712,-0.022000000000000002,False
2024-12-24,0.719,0.719,0.0098,False
2024-12-25,0.714,0.714,-0.006999999999999999,False
2024-12-26,0.716,0.716,0.0028000000000000004,False
2024-12-27,0.713,0.713,-0.0042,False
2024-12-30,0.712,0.712,-0.0014000000000000002,False
2024-12-31,0.699,0.699,-0.0183,False
2025-01-02,0.679,0.679,-0.0286,False
2025-01-03,0.667,0.667,-0.0177,False
2025-01-06,0.663,0.663,-0.006,False
2025-01-07,0.674,0.674,0.0166,False
2025-01-08,0.673,0.673,-0.0015,False
2025-01-09,0.673,0.673,0.0,False
2025-01-10,0.669,0.669,-0.0059,False
2025-01-13,0.666,0.666,-0.0045000000000000005,False
2025-01-14,0.687,0.687,0.0315,False
2025-01-15,0.679,0.679,-0.0116,False
2025-01-16,0.678,0.678,-0.0015,False
2025-01-17,0.69,0.69,0.0177,False
2025-01-20,0.693,0.693,0.0043,False
2025-01-21,0.698,0.698,0.0072,False
2025-01-22,0.7,0.7,0.0029,False
2025-01-23,0.694,0.694,-0.0086,False
2025-01-24,0.702,0.702,0.0115,False
2025-01-27,0.686,0.686,-0.022799999999999997,False
2025-02-05,0.677,0.677,-0.0131,False
2025-02-06,0.696,0.696,0.0281,False
2025-02-07,0.703,0.703,0.0101,False
2025-02-10,0.709,0.709,0.0085,False
2025-02-11,0.713,0.713,0.005600000000000001,False
2025-02-12,0.727,0.727,0.0196,False
2025-02-13,0.713,0.713,-0.019299999999999998,False
2025-02-14,0.714,0.714,0.0014000000000000002,False
2025-02-17,0.718,0.718,0.005600000000000001,False
2025-02-18,0.713,0.713,-0.006999999999999999,False
2025-02-19,0.732,0.732,0.026600000000000002,False
2025-02-20,0.734,0.734,0.0027,False
2025-02-21,0.751,0.751,0.0232,False
2025-02-24,0.738,0.738,-0.0173,False
2025-02-25,0.729,0.729,-0.012199999999999999,False
2025-02-26,0.73,0.73,0.0014000000000000002,False
2025-02-27,0.722,0.722,-0.011000000000000001,False
2025-02-28,0.698,0.698,-0.0332,False
2025-03-03,0.699,0.699,0.0014000000000000002,False
2025-03-04,0.707,0.707,0.011399999999999999,False
2025-03-05,0.71,0.71,0.0042,False
2025-03-06,0.726,0.726,0.0225,False
2025-03-07,0.718,0.718,-0.011000000000000001,False
2025-03-10,0.713,0.713,-0.006999999999999999,False
2025-03-11,0.707,0.707,-0.0084,False
2025-03-12,0.705,0.705,-0.0028000000000000004,False
2025-03-13,0.693,0.693,-0.017,False
2025-03-14,0.703,0.703,0.0144,False
2025-03-17,0.699,0.699,-0.005699999999999999,False
2025-03-18,0.702,0.702,0.0043,False
2025-03-19,0.703,0.703,0.0014000000000000002,False
2025-03-20,0.696,0.696,-0.01,False
2025-03-21,0.683,0.683,-0.0187,False
2025-03-24,0.687,0.687,0.0059,False
2025-03-25,0.686,0.686,-0.0015,False
2025-03-26,0.681,0.681,-0.0073,False
2025-03-27,0.684,0.684,0.0044,False
2025-03-28,0.682,0.682,-0.0029,False
2025-03-31,0.683,0.683,0.0015,False
2025-04-01,0.685,0.685,0.0029,False
2025-04-02,0.685,0.685,0.0,False
2025-04-03,0.677,0.677,-0.011699999999999999,False
2025-04-07,0.63,0.63,-0.0694,False
2025-04-08,0.638,0.638,0.0127,False
2025-04-09,0.647,0.647,0.0141,False
2025-04-10,0.661,0.661,0.0216,False
2025-04-11,0.676,0.676,0.0227,False
2025-04-14,0.683,0.683,0.0104,False
2025-04-15,0.679,0.679,-0.0059,False
2025-04-16,0.676,0.676,-0.0044,False
2025-04-17,0.676,0.676,0.0,False
2025-04-18,0.671,0.671,-0.0074,False
2025-04-21,0.684,0.684,0.0194,False
2025-04-22,0.685,0.685,0.0015,False
2025-04-23,0.675,0.675,-0.0146,False
2025-04-24,0.674,0.674,-0.0015,False
2025-04-25,0.672,0.672,-0.003,False
2025-04-28,0.668,0.668,-0.006,False
2025-04-29,0.67,0.67,0.003,False
2025-04-30,0.667,0.667,-0.0045000000000000005,False
2025-05-06,0.673,0.673,0.009000000000000001,False
2025-05-07,0.671,0.671,-0.003,False
2025-05-08,0.668,0.668,-0.0045000000000000005,False
2025-05-09,0.667,0.667,-0.0015,False
2025-05-12,0.665,0.665,-0.003,False
2025-05-13,0.668,0.668,0.0045000000000000005,False
2025-05-14,0.667,0.667,-0.0015,False
2025-05-15,0.665,0.665,-0.003,False
2025-05-16,0.669,0.669,0.006,False
2025-05-19,0.674,0.674,0.0075,False
2025-05-20,0.683,0.683,0.0134,False
2025-05-21,0.686,0.686,0.0044,False
2025-05-22,0.683,0.683,-0.0044,False
2025-05-23,0.68,0.68,-0.0044,False
2025-05-26,0.678,0.678,-0.0029,False
2025-05-27,0.676,0.676,-0.0029,False
2025-05-28,0.678,0.678,0.003,False
2025-05-29,0.683,0.683,0.0074,False
2025-05-30,0.684,0.684,0.0015,False
2025-06-03,0.694,0.694,0.0146,False
2025-06-04,0.702,0.702,0.0115,False
2025-06-05,0.691,0.691,-0.015700000000000002,False
2025-06-06,0.685,0.685,-0.0087,False
2025-06-09,0.687,0.687,0.0029,False
2025-06-10,0.685,0.685,-0.0029,False
2025-06-11,0.685,0.685,0.0,False
2025-06-12,0.69,0.69,0.0073,False
2025-06-13,0.681,0.681,-0.013000000000000001,False
2025-06-16,0.677,0.677,-0.0059,False
2025-06-17,0.667,0.667,-0.0148,False
2025-06-18,0.668,0.668,0.0015,False
2025-06-19,0.66,0.66,-0.012,False
2025-06-20,0.657,0.657,-0.0045000000000000005,False
2025-06-23,0.657,0.657,0.0,False
2025-06-24,0.661,0.661,0.0060999999999999995,False
2025-06-25,0.666,0.666,0.0076,False
2025-06-26,0.664,0.664,-0.003,False
2025-06-27,0.663,0.663,-0.0015,False
2025-06-30,0.669,0.669,0.009000000000000001,False
2025-07-01,0.678,0.678,0.013500000000000002,False
2025-07-02,0.665,0.665,-0.0192,False
2025-07-03,0.675,0.675,0.015,False
2025-07-04,0.68,0.68,0.0074,False
2025-07-07,0.672,0.672,-0.0118,False
2025-07-08,0.687,0.687,0.0223,False
2025-07-09,0.685,0.685,-0.0029,False
2025-07-10,0.687,0.687,0.0029,False
2025-07-11,0.684,0.684,-0.0044,False
2025-07-14,0.688,0.688,0.0058,False
2025-07-15,0.714,0.714,0.0378,False
2025-07-16,0.707,0.707,-0.0098,False
2025-07-17,0.721,0.721,0.019799999999999998,False
2025-07-18,0.722,0.722,0.0014000000000000002,False
2025-07-21,0.725,0.725,0.0042,False
2025-07-22,0.723,0.723,-0.0028000000000000004,False
2025-07-23,0.726,0.726,0.0040999999999999995,False
2025-07-24,0.727,0.727,0.0014000000000000002,False
2025-07-25,0.728,0.728,0.0014000000000000002,False
2025-07-28,0.739,0.739,0.0151,False
2025-07-29,0.764,0.764,0.0338,False
2025-07-30,0.76,0.76,-0.0052,False
2025-07-31,0.764,0.764,0.0053,False
2025-08-01,0.76,0.76,-0.0052,False
2025-08-04,0.762,0.762,0.0026,False
2025-08-05,0.761,0.761,-0.0013,False
2025-08-06,0.764,0.764,0.0039000000000000003,False
2025-08-07,0.762,0.762,-0.0026,False
2025-08-08,0.753,0.753,-0.0118,False
2025-08-11,0.768,0.768,0.0199,False
2025-08-12,0.778,0.778,0.013000000000000001,False
2025-08-13,0.816,0.816,0.048799999999999996,False
2025-08-14,0.795,0.795,-0.025699999999999997,False
2025-08-15,0.798,0.798,0.0038,False
2025-08-18,0.819,0.819,0.0263,False
2025-08-19,0.822,0.822,0.0037,False
2025-08-20,0.826,0.826,0.0049,False
2025-08-21,0.816,0.816,-0.0121,False
2025-08-22,0.841,0.841,0.030600000000000002,False
2025-08-25,0.876,0.876,0.0416,False
2025-08-26,0.873,0.873,-0.0034000000000000002,False
2025-08-27,0.884,0.884,0.0126,False
2025-08-28,0.947,0.947,0.0713,False
2025-08-29,0.953,0.953,0.0063,False
2025-09-01,0.98,0.98,0.028300000000000002,False
2025-09-02,0.936,0.936,-0.0449,False
2025-09-03,0.946,0.946,0.010700000000000001,False
2025-09-04,0.867,0.867,-0.08349999999999999,False
2025-09-05,0.912,0.912,0.0519,False
2025-09-08,0.879,0.879,-0.0362,False
2025-09-09,0.868,0.868,-0.0125,False
2025-09-10,0.892,0.892,0.0276,False
2025-09-11,0.963,0.963,0.0796,False
2025-09-12,0.951,0.951,-0.0125,False
2025-09-15,0.933,0.933,-0.0189,False
2025-09-16,0.939,0.939,0.0064,False
2025-09-17,0.949,0.949,0.0106,False
2025-09-18,0.956,0.956,0.0074,False
2025-09-19,0.957,0.957,0.001,False
2025-09-22,0.97,0.97,0.013600000000000001,False
2025-09-23,0.969,0.969,-0.001,False
2025-09-24,0.961,0.961,-0.0083,False
2025-09-25,0.973,0.973,0.0125,False
2025-09-26,0.939,0.939,-0.0349,False
2025-09-29,0.955,0.955,0.017,False
2025-09-30,0.94,0.94,-0.015700000000000002,False
2025-10-09,0.937,0.937,-0.0032,False
2025-10-10,0.905,0.905,-0.0342,False
2025-10-13,0.899,0.899,-0.0066,False
2025-10-14,0.86,0.86,-0.0434,False
2025-10-15,0.874,0.874,0.0163,False
2025-10-16,0.874,0.874,0.0,False
2025-10-17,0.851,0.851,-0.0263,False
2025-10-20,0.872,0.872,0.024700000000000003,False
2025-10-21,0.916,0.916,0.050499999999999996,False
2025-10-22,0.919,0.919,0.0033,False
2025-10-23,0.902,0.902,-0.018500000000000003,False
2025-10-24,0.948,0.948,0.051,False
2025-10-27,0.981,0.981,0.0348,False
2025-10-28,0.981,0.981,0.0,False
2025-10-29,0.995,0.995,0.0143,False
2025-10-30,0.959,0.959,-0.0362,False
2025-10-31,0.91,0.91,-0.051100000000000007,False
2025-11-03,0.918,0.918,0.0088,False
2025-11-04,0.909,0.909,-0.0098,False
2025-11-05,0.908,0.908,-0.0011,False
2025-11-06,0.948,0.948,0.0441,False
2025-11-07,0.943,0.943,-0.0053,False
2025-11-10,0.936,0.936,-0.0074,False
2025-11-11,0.916,0.916,-0.021400000000000002,False
2025-11-12,0.914,0.914,-0.0022,False
2025-11-13,0.923,0.923,0.0098,False
2025-11-14,0.888,0.888,-0.0379,False
2025-11-17,0.908,0.908,0.0225,False
2025-11-18,0.905,0.905,-0.0033,False
2025-11-19,0.908,0.908,0.0033,False
2025-11-20,0.916,0.916,0.0088,False
2025-11-21,0.848,0.848,-0.0742,False
2025-11-24,0.832,0.832,-0.0189,False
2025-11-25,0.866,0.866,0.0409,False
2025-11-26,0.905,0.905,0.045,False
2025-11-27,0.897,0.897,-0.0088,False
2025-11-28,0.906,0.906,0.01,False
2025-12-01,0.926,0.926,0.022099999999999998,False
2025-12-02,0.918,0.918,-0.0086,False
2025-12-03,0.917,0.917,-0.0011,False
2025-12-04,0.923,0.923,0.006500000000000001,False
2025-12-05,0.931,0.931,0.0087,False
2025-12-08,0.988,0.988,0.061200000000000004,False
2025-12-09,1.004,1.004,0.016200000000000003,False
2025-12-10,1.01,1.01,0.006,False
2025-12-11,0.982,0.982,-0.0277,False
2025-12-12,0.994,0.994,0.012199999999999999,False
2025-12-15,0.969,0.969,-0.0252,False
2025-12-16,0.945,0.945,-0.0248,False
2025-12-17,1.001,1.001,0.0593,False
2025-12-18,0.985,0.985,-0.016,False
2025-12-19,0.979,0.979,-0.0060999999999999995,False
2025-12-22,1.02,1.02,0.04190000000000001,False
2025-12-23,1.03,1.03,0.0098,False
2025-12-24,1.046,1.046,0.0155,False
2025-12-25,1.043,1.043,-0.0029,False
2025-12-26,1.046,1.046,0.0029,False
2025-12-29,1.04,1.04,-0.005699999999999999,False
2025-12-30,1.042,1.042,0.0019,False
2025-12-31,1.017,1.017,-0.024,False
2026-01-05,1.043,1.043,0.0256,False
2026-01-06,1.042,1.042,-0.001,False
2026-01-07,1.059,1.059,0.0163,False
2026-01-08,1.033,1.033,-0.0246,False
2026-01-09,1.03,1.03,-0.0029,False
2026-01-12,1.035,1.035,0.0049,False
2026-01-13,1.023,1.023,-0.0116,False
2026-01-14,1.027,1.027,0.0039000000000000003,False
2026-01-15,1.053,1.053,0.0253,False
2026-01-16,1.066,1.066,0.0123,False
2026-01-19,1.068,1.068,0.0019,False
2026-01-20,1.045,1.045,-0.0215,False
2026-01-21,1.074,1.074,0.0278,False
2026-01-22,1.09,1.09,0.0149,False
2026-01-23,1.076,1.076,-0.0128,False
2026-01-26,1.076,1.076,0.0,False
2026-01-27,1.115,1.115,0.0362,False
2026-01-28,1.147,1.147,0.0287,False
2026-01-29,1.117,1.117,-0.0262,False
2026-01-30,1.14,1.14,0.0206,False
2026-02-02,1.083,1.083,-0.05,False
2026-02-03,1.113,1.113,0.0277,False
2026-02-04,1.091,1.091,-0.019799999999999998,False
2026-02-05,1.056,1.056,-0.0321,False
2026-02-06,1.044,1.044,-0.011399999999999999,False
2026-02-09,1.102,1.102,0.0556,False
2026-02-10,1.099,1.099,-0.0027,False
2026-02-11,1.084,1.084,-0.013600000000000001,False
2026-02-12,1.128,1.128,0.0406,False
2026-02-13,1.099,1.099,-0.025699999999999997,False
2026-02-24,1.15,1.15,0.0464,False
2026-02-25,1.155,1.155,0.0043,False
2026-02-26,1.177,1.177,0.019,False
2026-02-27,1.168,1.168,-0.0076,False
2026-03-02,1.193,1.193,0.021400000000000002,False
2026-03-03,1.143,1.143,-0.04190000000000001,False
2026-03-04,1.136,1.136,-0.0060999999999999995,False
2026-03-05,1.142,1.142,0.0053,False
2026-03-06,1.13,1.13,-0.0105,False
2026-03-09,1.091,1.091,-0.0345,False
2026-03-10,1.145,1.145,0.0495,False
2026-03-11,1.133,1.133,-0.0105,False
2026-03-12,1.12,1.12,-0.0115,False
2026-03-13,1.105,1.105,-0.0134,False
2026-03-16,1.111,1.111,0.0054,False
2026-03-17,1.052,1.052,-0.053099999999999994,False
2026-03-18,1.098,1.098,0.0437,False
2026-03-19,1.085,1.085,-0.0118,False
2026-03-20,1.107,1.107,0.0203,False
2026-03-23,1.058,1.058,-0.0443,False
2026-03-24,1.078,1.078,0.0189,False
2026-03-25,1.122,1.122,0.0408,False
2026-03-26,1.103,1.103,-0.0169,False
2026-03-27,1.104,1.104,0.0009,False
2026-03-30,1.115,1.115,0.01,False
2026-03-31,1.077,1.077,-0.0341,False
2026-04-01,1.117,1.117,0.0371,False
2026-04-02,1.111,1.111,-0.0054,False
2026-04-03,1.147,1.147,0.032400000000000005,False
2026-04-07,1.143,1.143,-0.0034999999999999996,False
2026-04-08,1.199,1.199,0.049,False
2026-04-09,1.219,1.219,0.0167,False
2026-04-10,1.247,1.247,0.023,False
2026-04-13,1.258,1.258,0.0088,False
2026-04-14,1.278,1.278,0.0159,False
2026-04-15,1.26,1.26,-0.0141,False
2026-04-16,1.31,1.31,0.0397,False
2026-04-17,1.372,1.372,0.0473,False
2026-04-20,1.373,1.373,0.0007000000000000001,False
2026-04-21,1.38,1.38,0.0051,False
2026-04-22,1.448,1.448,0.0493,False
2026-04-23,1.412,1.412,-0.024900000000000002,False
2026-04-24,1.39,1.39,-0.015600000000000001,False
2026-04-27,1.405,1.405,0.0108,False
2026-04-28,1.376,1.376,-0.0206,False
2026-04-29,1.394,1.394,0.0131,False
2026-04-30,1.401,1.401,0.005,False
2026-05-06,1.431,1.431,0.021400000000000002,False
2026-05-07,1.494,1.494,0.044000000000000004,False
2026-05-08,1.493,1.493,-0.0007000000000000001,False
2026-05-11,1.533,1.533,0.0268,False
2026-05-12,1.565,1.565,0.0209,False
2026-05-13,1.602,1.602,0.0236,False
2026-05-14,1.592,1.592,-0.0062,False
2026-05-15,1.563,1.563,-0.0182,False
2026-05-18,1.563,1.563,0.0,False
2026-05-19,1.57,1.57,0.0045000000000000005,False
2026-05-20,1.614,1.614,0.027999999999999997,False
2026-05-21,1.523,1.523,-0.0564,False
2026-05-22,1.585,1.585,0.0407,False
2026-05-25,1.653,1.653,0.0429,False
2026-05-26,1.628,1.628,-0.0151,False
2026-05-27,1.61,1.61,-0.0111,False
2026-05-28,1.662,1.662,0.0323,False
2026-05-29,1.655,1.655,-0.0042,False
2026-06-01,1.575,1.575,-0.0483,False
2026-06-02,1.669,1.669,0.059699999999999996,False
2026-06-03,1.775,1.775,0.0635,False
2026-06-04,1.794,1.794,0.010700000000000001,False
2026-06-05,1.714,1.714,-0.0446,False
2026-06-08,1.665,1.665,-0.0286,False
2026-06-09,1.774,1.774,0.0655,False
2026-06-10,1.728,1.728,-0.0259,False
2026-06-11,1.714,1.714,-0.008100000000000001,False
2026-06-12,1.683,1.683,-0.0181,False
2026-06-15,1.797,1.797,0.0677,False
2026-06-16,1.876,1.876,0.044000000000000004,False
2026-06-17,1.938,1.938,0.033,False
2026-06-18,1.987,1.987,0.0253,False
2026-06-22,2.042,2.042,0.0277,False
2026-06-23,2.002,2.002,-0.0196,False
2026-06-24,2.064,2.064,0.031,False
2026-06-25,2.129,2.129,0.0315,False
2026-06-26,2.026,2.026,-0.0484,False
2026-06-29,2.0,2.0,-0.0128,False
2026-06-30,2.067,2.067,0.0335,False
2026-07-01,2.005,2.005,-0.03,False
2026-07-02,1.836,1.836,-0.0843,False
2026-07-03,1.834,1.834,-0.0011,False
2026-07-06,1.774,1.774,-0.0327,False
2026-07-07,1.773,1.773,-0.0006,False
2026-07-08,1.777,1.777,0.0023,False
2026-07-09,1.921,1.921,0.081,False
2026-07-10,1.818,1.818,-0.0536,False
2026-07-13,1.745,1.745,-0.04019999999999999,False
2026-07-14,1.839,1.839,0.053899999999999997,False
2026-07-15,1.777,1.777,-0.0337,False
2026-07-16,1.704,1.704,-0.041100000000000005,False
2026-07-17,1.541,1.541,-0.09570000000000001,False
2026-07-20,1.466,1.466,-0.0487,False
2026-07-21,1.625,1.625,0.1085,False
2026-07-22,1.55,1.55,-0.0462,False
2026-07-23,1.512,1.512,-0.0245,False
2026-07-24,1.497,1.497,-0.009899999999999999,False
2026-07-27,1.561,1.561,0.042800000000000005,False
2026-07-28,1.393,1.393,-0.1076,False
2026-07-29,1.389,1.389,-0.0029,False
2026-07-30,1.269,1.269,-0.0864,False
2026-07-31,1.326,1.326,0.0449,False
2026-08-03,1.273,1.273,-0.04,False
2026-08-04,1.389,1.389,0.0911,False
2026-08-05,1.433,1.433,0.0317,False
2026-08-06,1.462,1.462,0.0202,False
2026-08-07,1.504,1.504,0.0287,False
2026-08-10,1.501,1.501,-0.002,False
2026-08-11,1.486,1.486,-0.01,False
2026-08-12,1.533,1.533,0.0316,False
2026-08-13,1.532,1.532,-0.0007000000000000001,False
2026-08-14,1.557,1.557,0.0163,False
2026-08-17,1.643,1.643,0.0552,False
2026-08-18,1.644,1.644,0.0006,False
2026-08-19,1.522,1.522,-0.0742,False
2026-08-20,1.544,1.544,0.014499999999999999,False
2026-08-21,1.559,1.559,0.0097,False
2026-08-24,1.505,1.505,-0.0346,False
2026-08-25,1.487,1.487,-0.012,False
2026-08-26,1.498,1.498,0.0074,False
2026-08-27,1.566,1.566,0.0454,False
2026-08-28,1.531,1.531,-0.0223,False
2026-08-31,1.543,1.543,0.0078000000000000005,False
2026-09-01,1.502,1.502,-0.026600000000000002,False
2026-09-02,1.477,1.477,-0.0166,False
2026-09-03,1.467,1.467,-0.0068000000000000005,False
2026-09-04,1.441,1.441,-0.0177,False
2026-09-07,1.553,1.553,0.07769999999999999,False
2026-09-08,1.544,1.544,-0.0058,False
2026-09-09,1.55,1.55,0.0039000000000000003,False
2026-09-10,1.554,1.554,0.0026,False
2026-09-11,1.554,1.554,0.0,False
2026-09-14,1.514,1.514,-0.025699999999999997,False
