date,nav,nav_acc,daily_ret,suspicious_jump
2014-03-14,1.0,1.0,0.0,False
2014-03-21,0.989,0.989,-0.011000000000000001,False
2014-03-28,0.977,0.977,-0.012133,False
2014-04-04,0.974,0.974,-0.003071,False
2014-04-11,0.984,0.984,0.010267,False
2014-04-18,0.983,0.983,-0.001016,False
2014-04-25,0.962,0.962,-0.021363,False
2014-04-30,0.963,0.963,0.00104,False
2014-05-09,0.954,0.954,-0.009346,False
2014-05-12,0.96,0.96,0.006289,False
2014-05-13,0.963,0.963,0.003125,False
2014-05-14,0.962,0.962,-0.001038,False
2014-05-15,0.952,0.952,-0.010395000000000001,False
2014-05-16,0.942,0.942,-0.010504,False
2014-05-19,0.934,0.934,-0.008493,False
2014-05-20,0.937,0.937,0.003212,False
2014-05-21,0.943,0.943,0.006403,False
2014-05-22,0.947,0.947,0.004242,False
2014-05-23,0.958,0.958,0.011616,False
2014-05-26,0.967,0.967,0.009395,False
2014-05-27,0.96,0.96,-0.007239,False
2014-05-28,0.969,0.969,0.009375,False
2014-05-29,0.965,0.965,-0.004128,False
2014-05-30,0.964,0.964,-0.001036,False
2014-06-03,0.963,0.963,-0.001037,False
2014-06-04,0.96,0.96,-0.003115,False
2014-06-05,0.974,0.974,0.014582999999999999,False
2014-06-06,0.971,0.971,-0.00308,False
2014-06-09,0.963,0.963,-0.008239,False
2014-06-10,0.977,0.977,0.014538,False
2014-06-11,0.987,0.987,0.010235000000000001,False
2014-06-12,0.986,0.986,-0.001013,False
2014-06-13,0.994,0.994,0.008114,False
2014-06-16,0.994,0.994,0.0,False
2014-06-17,0.975,0.975,-0.019115,False
2014-06-18,0.966,0.966,-0.009231,False
2014-06-19,0.943,0.943,-0.023809999999999998,False
2014-06-20,0.953,0.953,0.010604,False
2014-06-23,0.97,0.97,0.017838,False
2014-06-24,0.982,0.982,0.012371,False
2014-06-25,0.977,0.977,-0.005092,False
2014-06-26,0.99,0.99,0.013306,False
2014-06-27,0.997,0.997,0.007070999999999999,False
2014-06-30,1.004,1.004,0.0070209999999999995,False
2014-07-01,1.006,1.006,0.001992,False
2014-07-02,1.018,1.018,0.011928000000000001,False
2014-07-03,1.022,1.022,0.003929,False
2014-07-04,1.015,1.015,-0.006848999999999999,False
2014-07-07,1.004,1.004,-0.010837000000000001,False
2014-07-08,1.009,1.009,0.00498,False
2014-07-09,0.989,0.989,-0.019822,False
2014-07-10,0.983,0.983,-0.006067,False
2014-07-11,0.986,0.986,0.0030520000000000005,False
2014-07-14,0.989,0.989,0.003043,False
2014-07-15,0.983,0.983,-0.006067,False
2014-07-16,0.969,0.969,-0.014242,False
2014-07-17,0.963,0.963,-0.006192,False
2014-07-18,0.961,0.961,-0.002077,False
2014-07-21,0.965,0.965,0.004162,False
2014-07-22,0.972,0.972,0.007254,False
2014-07-23,0.947,0.947,-0.02572,False
2014-07-24,0.938,0.938,-0.009504,False
2014-07-25,0.948,0.948,0.010661,False
2014-07-28,0.965,0.965,0.017932,False
2014-07-29,0.979,0.979,0.014508,False
2014-07-30,0.992,0.992,0.013279000000000001,False
2014-07-31,0.996,0.996,0.004032,False
2014-08-01,0.986,0.986,-0.01004,False
2014-08-04,0.991,0.991,0.005071,False
2014-08-05,0.997,0.997,0.006054,False
2014-08-06,1.005,1.005,0.008024,False
2014-08-07,1.001,1.001,-0.00398,False
2014-08-08,1.009,1.009,0.007992,False
2014-08-11,1.022,1.022,0.012884,False
2014-08-12,1.022,1.022,0.0,False
2014-08-13,1.015,1.015,-0.006848999999999999,False
2014-08-14,1.008,1.008,-0.0068969999999999995,False
2014-08-15,1.014,1.014,0.005952,False
2014-08-18,1.035,1.035,0.020710000000000003,False
2014-08-19,1.038,1.038,0.002899,False
2014-08-20,1.033,1.033,-0.004817,False
2014-08-21,1.037,1.037,0.003872,False
2014-08-22,1.044,1.044,0.006750000000000001,False
2014-08-25,1.035,1.035,-0.008621,False
2014-08-26,1.022,1.022,-0.01256,False
2014-08-27,1.025,1.025,0.0029349999999999997,False
2014-08-28,1.014,1.014,-0.010731999999999998,False
2014-08-29,1.023,1.023,0.008876,False
2014-09-01,1.038,1.038,0.014662999999999999,False
2014-09-02,1.05,1.05,0.011560999999999998,False
2014-09-03,1.059,1.059,0.008571,False
2014-09-04,1.06,1.06,0.000944,False
2014-09-05,1.064,1.064,0.003774,False
2014-09-09,1.068,1.068,0.003759,False
2014-09-10,1.074,1.074,0.005618,False
2014-09-11,1.073,1.073,-0.000931,False
2014-09-12,1.084,1.084,0.010251999999999999,False
2014-09-15,1.083,1.083,-0.0009229999999999999,False
2014-09-16,1.053,1.053,-0.027700999999999996,False
2014-09-17,1.06,1.06,0.006647999999999999,False
2014-09-18,1.066,1.066,0.005659999999999999,False
2014-09-19,1.073,1.073,0.006567,False
2014-09-22,1.057,1.057,-0.014911,False
2014-09-23,1.064,1.064,0.006623,False
2014-09-24,1.075,1.075,0.010338,False
2014-09-25,1.073,1.073,-0.0018599999999999999,False
2014-09-26,1.072,1.072,-0.0009320000000000001,False
2014-09-29,1.085,1.085,0.012126999999999999,False
2014-09-30,1.087,1.087,0.001843,False
2014-10-08,1.104,1.104,0.015639,False
2014-10-09,1.11,1.11,0.005435,False
2014-10-10,1.113,1.113,0.0027029999999999997,False
2014-10-13,1.109,1.109,-0.003594,False
2014-10-14,1.11,1.11,0.000902,False
2014-10-15,1.108,1.108,-0.001802,False
2014-10-16,1.09,1.09,-0.016245,False
2014-10-17,1.081,1.081,-0.008257,False
2014-10-20,1.105,1.105,0.022202000000000003,False
2014-10-21,1.089,1.089,-0.01448,False
2014-10-22,1.075,1.075,-0.012856000000000001,False
2014-10-23,1.062,1.062,-0.012093,False
2014-10-24,1.07,1.07,0.007533,False
2014-10-27,1.087,1.087,0.015888,False
2014-10-28,1.109,1.109,0.020238999999999997,False
2014-10-29,1.124,1.124,0.013526,False
2014-10-30,1.129,1.129,0.004448,False
2014-10-31,1.128,1.128,-0.000886,False
2014-11-03,1.13,1.13,0.001773,False
2014-11-04,1.119,1.119,-0.009735,False
2014-11-05,1.12,1.12,0.0008939999999999999,False
2014-11-06,1.129,1.129,0.008036,False
2014-11-07,1.119,1.119,-0.008857,False
2014-11-10,1.133,1.133,0.012511000000000001,False
2014-11-11,1.109,1.109,-0.021183,False
2014-11-12,1.127,1.127,0.016231,False
2014-11-13,1.113,1.113,-0.012421999999999999,False
2014-11-14,1.107,1.107,-0.005391,False
2014-11-17,1.104,1.104,-0.00271,False
2014-11-18,1.095,1.095,-0.008152,False
2014-11-19,1.1,1.1,0.004566,False
2014-11-20,1.098,1.098,-0.001818,False
2014-11-21,1.119,1.119,0.019126,False
2014-11-24,1.141,1.141,0.01966,False
2014-11-25,1.15,1.15,0.007888,False
2014-11-26,1.169,1.169,0.016522,False
2014-11-27,1.188,1.188,0.016253,False
2014-11-28,1.188,1.188,0.0,False
2014-12-01,1.16,1.16,-0.023569,False
2014-12-02,1.194,1.194,0.02931,False
2014-12-03,1.192,1.192,-0.001675,False
2014-12-04,1.252,1.252,0.050336,False
2014-12-05,1.255,1.255,0.002396,False
2014-12-08,1.287,1.287,0.025498,False
2014-12-09,1.211,1.211,-0.059052,False
2014-12-10,1.238,1.238,0.022296,False
2014-12-11,1.241,1.241,0.002423,False
2014-12-12,1.243,1.243,0.0016120000000000002,False
2014-12-15,1.255,1.255,0.009654000000000001,False
2014-12-16,1.27,1.27,0.011952,False
2014-12-17,1.271,1.271,0.000787,False
2014-12-18,1.267,1.267,-0.0031469999999999996,False
2014-12-19,1.263,1.263,-0.0031569999999999997,False
2014-12-22,1.243,1.243,-0.015835,False
2014-12-23,1.237,1.237,-0.0048270000000000006,False
2014-12-24,1.218,1.218,-0.01536,False
2014-12-25,1.248,1.248,0.024631,False
2014-12-26,1.271,1.271,0.018429,False
2014-12-29,1.261,1.261,-0.007868,False
2014-12-30,1.271,1.271,0.00793,False
2014-12-31,1.293,1.293,0.017309,False
2015-01-05,1.312,1.312,0.014695,False
2015-01-06,1.312,1.312,0.0,False
2015-01-07,1.304,1.304,-0.006098,False
2015-01-08,1.284,1.284,-0.015337,False
2015-01-09,1.285,1.285,0.000779,False
2015-01-12,1.268,1.268,-0.013229999999999999,False
2015-01-13,1.272,1.272,0.003155,False
2015-01-14,1.273,1.273,0.000786,False
2015-01-15,1.292,1.292,0.014924999999999999,False
2015-01-16,1.307,1.307,0.01161,False
2015-01-19,1.253,1.253,-0.041316,False
2015-01-20,1.303,1.303,0.039904,False
2015-01-21,1.331,1.331,0.021488999999999998,False
2015-01-22,1.354,1.354,0.01728,False
2015-01-23,1.333,1.333,-0.01551,False
2015-01-26,1.352,1.352,0.014254,False
2015-01-27,1.368,1.368,0.011834,False
2015-01-28,1.361,1.361,-0.005117,False
2015-01-29,1.354,1.354,-0.005143,False
2015-01-30,1.321,1.321,-0.024371999999999998,False
2015-02-02,1.321,1.321,0.0,False
2015-02-03,1.349,1.349,0.021196000000000003,False
2015-02-04,1.356,1.356,0.005189,False
2015-02-05,1.358,1.358,0.001475,False
2015-02-06,1.329,1.329,-0.021355,False
2015-02-09,1.344,1.344,0.011287,False
2015-02-10,1.365,1.365,0.015625,False
2015-02-11,1.392,1.392,0.01978,False
2015-02-12,1.398,1.398,0.00431,False
2015-02-13,1.428,1.428,0.021459000000000002,False
2015-02-16,1.465,1.465,0.025910000000000002,False
2015-02-17,1.473,1.473,0.005461000000000001,False
2015-02-25,1.459,1.459,-0.009504,False
2015-02-26,1.451,1.451,-0.005483,False
2015-02-27,1.469,1.469,0.012405,False
2015-03-02,1.504,1.504,0.023826,False
2015-03-03,1.508,1.508,0.00266,False
2015-03-04,1.541,1.541,0.021883,False
2015-03-05,1.583,1.583,0.027254999999999998,False
2015-03-06,1.518,1.518,-0.04106099999999999,False
2015-03-09,1.54,1.54,0.014493,False
2015-03-10,1.567,1.567,0.017532000000000002,False
2015-03-11,1.558,1.558,-0.005743000000000001,False
2015-03-12,1.529,1.529,-0.018614,False
2015-03-13,1.547,1.547,0.011772,False
2015-03-16,1.589,1.589,0.027149,False
2015-03-17,1.61,1.61,0.013216,False
2015-03-18,1.639,1.639,0.018012,False
2015-03-19,1.642,1.642,0.00183,False
2015-03-20,1.647,1.647,0.003045,False
2015-03-23,1.678,1.678,0.018822000000000002,False
2015-03-24,1.694,1.694,0.009535,False
2015-03-25,1.712,1.712,0.010626,False
2015-03-26,1.697,1.697,-0.008761999999999999,False
2015-03-27,1.712,1.712,0.008839,False
2015-03-30,1.727,1.727,0.008761999999999999,False
2015-03-31,1.726,1.726,-0.000579,False
2015-04-01,1.782,1.782,0.032445,False
2015-04-02,1.824,1.824,0.023569,False
2015-04-03,1.851,1.851,0.014803,False
2015-04-07,1.873,1.873,0.011885,False
2015-04-08,1.859,1.859,-0.007475000000000001,False
2015-04-09,1.849,1.849,-0.005379,False
2015-04-10,1.882,1.882,0.017847,False
2015-04-13,1.923,1.923,0.021785000000000002,False
2015-04-14,1.93,1.93,0.00364,False
2015-04-15,1.858,1.858,-0.037306,False
2015-04-16,1.885,1.885,0.014532,False
2015-04-17,1.891,1.891,0.003183,False
2015-04-20,1.838,1.838,-0.028027000000000003,False
2015-04-21,1.896,1.896,0.031556,False
2015-04-22,1.954,1.954,0.030591,False
2015-04-23,1.972,1.972,0.009212,False
2015-04-24,1.969,1.969,-0.0015210000000000002,False
2015-04-27,1.977,1.977,0.004063,False
2015-04-28,1.946,1.946,-0.01568,False
2015-04-29,1.989,1.989,0.022097000000000002,False
2015-04-30,1.998,1.998,0.004525,False
2015-05-04,2.004,2.004,0.003003,False
2015-05-05,1.934,1.934,-0.034929999999999996,False
2015-05-06,1.933,1.933,-0.000517,False
2015-05-07,1.924,1.924,-0.004656,False
2015-05-08,2.012,2.012,0.045738,False
2015-05-11,2.133,2.133,0.060139,False
2015-05-12,2.209,2.209,0.035630999999999996,False
2015-05-13,2.212,2.212,0.001358,False
2015-05-14,2.228,2.228,0.007233000000000001,False
2015-05-15,2.221,2.221,-0.003142,False
2015-05-18,2.272,2.272,0.022963,False
2015-05-19,2.344,2.344,0.03169,False
2015-05-20,2.397,2.397,0.022611,False
2015-05-21,2.465,2.465,0.028369,False
2015-05-22,2.481,2.481,0.006491,False
2015-05-25,2.525,2.525,0.017735,False
2015-05-26,2.593,2.593,0.026930999999999997,False
2015-05-27,2.615,2.615,0.008484,False
2015-05-28,2.478,2.478,-0.05239,False
2015-05-29,2.522,2.522,0.017756,False
2015-06-01,2.64,2.64,0.046787999999999996,False
2015-06-02,2.707,2.707,0.025379,False
2015-06-03,2.701,2.701,-0.002216,False
2015-06-04,2.66,2.66,-0.01518,False
2015-06-05,2.653,2.653,-0.002632,False
2015-06-08,2.606,2.606,-0.017716,False
2015-06-09,2.597,2.597,-0.003454,False
2015-06-10,2.658,2.658,0.023489,False
2015-06-11,2.672,2.672,0.005266999999999999,False
2015-06-12,2.695,2.695,0.008608,False
2015-06-15,2.633,2.633,-0.023006000000000002,False
2015-06-16,2.536,2.536,-0.036840000000000005,False
2015-06-17,2.575,2.575,0.015379,False
2015-06-18,2.46,2.46,-0.044660000000000005,False
2015-06-19,2.328,2.328,-0.053659,False
2015-06-23,2.376,2.376,0.020619000000000002,False
2015-06-24,2.423,2.423,0.019781,False
2015-06-25,2.285,2.285,-0.056954000000000005,False
2015-06-26,2.116,2.116,-0.073961,False
2015-06-29,2.049,2.049,-0.031664,False
2015-06-30,2.14,2.14,0.044412,False
2015-07-01,2.063,2.063,-0.035981,False
2015-07-02,1.973,1.973,-0.043626,False
2015-07-03,1.89,1.89,-0.042068,False
2015-07-06,1.934,1.934,0.02328,False
2015-07-07,1.918,1.918,-0.008273,False
2015-07-08,1.832,1.832,-0.044837999999999996,False
2015-07-09,1.914,1.914,0.04476,False
2015-07-10,2.021,2.021,0.055903999999999995,False
2015-07-13,2.133,2.133,0.055418,False
2015-07-14,2.183,2.183,0.023441,False
2015-07-15,2.028,2.028,-0.071003,False
2015-07-16,2.057,2.057,0.0143,False
2015-07-17,2.16,2.16,0.050073,False
2015-07-20,2.223,2.223,0.029167000000000002,False
2015-07-21,2.286,2.286,0.02834,False
2015-07-22,2.3,2.3,0.006124000000000001,False
2015-07-23,2.362,2.362,0.026957,False
2015-07-24,2.337,2.337,-0.010584,False
2015-07-27,2.174,2.174,-0.069748,False
2015-07-28,2.168,2.168,-0.0027600000000000003,False
2015-07-29,2.217,2.217,0.022601,False
2015-07-30,2.157,2.157,-0.027063999999999998,False
2015-07-31,2.137,2.137,-0.009272,False
2015-08-03,2.108,2.108,-0.01357,False
2015-08-04,2.182,2.182,0.035104,False
2015-08-05,2.172,2.172,-0.004583,False
2015-08-06,2.159,2.159,-0.005985000000000001,False
2015-08-07,2.211,2.211,0.024085000000000002,False
2015-08-10,2.289,2.289,0.035278000000000004,False
2015-08-11,2.285,2.285,-0.0017469999999999999,False
2015-08-12,2.231,2.231,-0.023632,False
2015-08-13,2.285,2.285,0.024204,False
2015-08-14,2.297,2.297,0.005252,False
2015-08-17,2.314,2.314,0.007401,False
2015-08-18,2.128,2.128,-0.08038000000000001,False
2015-08-19,2.203,2.203,0.035244,False
2015-08-20,2.138,2.138,-0.029505,False
2015-08-21,2.001,2.001,-0.064079,False
2015-08-24,1.817,1.817,-0.091954,False
2015-08-25,1.665,1.665,-0.08365399999999999,False
2015-08-26,1.598,1.598,-0.04024,False
2015-08-27,1.685,1.685,0.054443,False
2015-08-28,1.791,1.791,0.062908,False
2015-08-31,1.743,1.743,-0.026801,False
2015-09-01,1.661,1.661,-0.047045000000000003,False
2015-09-02,1.637,1.637,-0.014449,False
2015-09-07,1.646,1.646,0.005497999999999999,False
2015-09-08,1.711,1.711,0.03949,False
2015-09-09,1.756,1.756,0.0263,False
2015-09-10,1.737,1.737,-0.010820000000000001,False
2015-09-11,1.74,1.74,0.001727,False
2015-09-14,1.682,1.682,-0.033333,False
2015-09-15,1.615,1.615,-0.039834,False
2015-09-16,1.703,1.703,0.054489,False
2015-09-17,1.693,1.693,-0.0058720000000000005,False
2015-09-18,1.727,1.727,0.020083000000000004,False
2015-09-21,1.82,1.82,0.053851,False
2015-09-22,1.849,1.849,0.015934,False
2015-09-23,1.868,1.868,0.010276,False
2015-09-24,1.901,1.901,0.017666,False
2015-09-25,1.815,1.815,-0.045239,False
2015-09-28,1.887,1.887,0.039668999999999996,False
2015-09-29,1.872,1.872,-0.007949000000000001,False
2015-09-30,1.865,1.865,-0.003739,False
2015-10-08,1.946,1.946,0.043432000000000005,False
2015-10-09,1.958,1.958,0.0061660000000000005,False
2015-10-12,2.03,2.03,0.036772,False
2015-10-13,2.049,2.049,0.00936,False
2015-10-14,2.02,2.02,-0.014153,False
2015-10-15,2.095,2.095,0.037128999999999995,False
2015-10-16,2.139,2.139,0.021002,False
2015-10-19,2.153,2.153,0.006545,False
2015-10-20,2.174,2.174,0.009754,False
2015-10-21,2.03,2.03,-0.066237,False
2015-10-22,2.104,2.104,0.036453,False
2015-10-23,2.167,2.167,0.029943,False
2015-10-26,2.201,2.201,0.01569,False
2015-10-27,2.226,2.226,0.011358,False
2015-10-28,2.175,2.175,-0.022911,False
2015-10-29,2.197,2.197,0.010115,False
2015-10-30,2.21,2.21,0.005917,False
2015-11-02,2.167,2.167,-0.019457,False
2015-11-03,2.164,2.164,-0.001384,False
2015-11-04,2.264,2.264,0.046211,False
2015-11-05,2.291,2.291,0.011926,False
2015-11-06,2.372,2.372,0.035356,False
2015-11-09,2.405,2.405,0.013912,False
2015-11-10,2.414,2.414,0.0037419999999999997,False
2015-11-11,2.432,2.432,0.007457,False
2015-11-12,2.412,2.412,-0.008224,False
2015-11-13,2.382,2.382,-0.012438,False
2015-11-16,2.377,2.377,-0.002099,False
2015-11-17,2.375,2.375,-0.000841,False
2015-11-18,2.349,2.349,-0.010947,False
2015-11-19,2.39,2.39,0.017454,False
2015-11-20,2.398,2.398,0.003347,False
2015-11-23,2.388,2.388,-0.00417,False
2015-11-24,2.397,2.397,0.003769,False
2015-11-25,2.418,2.418,0.008761,False
2015-11-26,2.405,2.405,-0.005376,False
2015-11-27,2.298,2.298,-0.044490999999999996,False
2015-11-30,2.332,2.332,0.014795,False
2015-12-01,2.352,2.352,0.008576,False
2015-12-02,2.376,2.376,0.010204,False
2015-12-03,2.396,2.396,0.008418,False
2015-12-04,2.367,2.367,-0.012103999999999998,False
2015-12-07,2.371,2.371,0.00169,False
2015-12-08,2.342,2.342,-0.012231,False
2015-12-09,2.345,2.345,0.001281,False
2015-12-10,2.324,2.324,-0.008955,False
2015-12-11,2.289,2.289,-0.01506,False
2015-12-14,2.306,2.306,0.0074270000000000004,False
2015-12-15,2.315,2.315,0.003903,False
2015-12-16,2.33,2.33,0.006479,False
2015-12-17,2.372,2.372,0.018026,False
2015-12-18,2.374,2.374,0.000843,False
2015-12-21,2.4,2.4,0.010952,False
2015-12-22,2.406,2.406,0.0025,False
2015-12-23,2.389,2.389,-0.007066,False
2015-12-24,2.365,2.365,-0.010046,False
2015-12-25,2.385,2.385,0.008457,False
2015-12-28,2.337,2.337,-0.020125999999999998,False
2015-12-29,2.345,2.345,0.003423,False
2015-12-30,2.371,2.371,0.011087,False
2015-12-31,2.352,2.352,-0.008013,False
2016-01-04,2.176,2.176,-0.07483,False
2016-01-05,2.142,2.142,-0.015625,False
2016-01-06,2.189,2.189,0.021942,False
2016-01-07,2.026,2.026,-0.074463,False
2016-01-08,2.041,2.041,0.007403999999999999,False
2016-01-11,1.914,1.914,-0.062224,False
2016-01-12,1.913,1.913,-0.000522,False
2016-01-13,1.888,1.888,-0.013068,False
2016-01-14,1.956,1.956,0.036017,False
2016-01-15,1.9,1.9,-0.02863,False
2016-01-18,1.92,1.92,0.010526,False
2016-01-19,1.984,1.984,0.033333,False
2016-01-20,1.965,1.965,-0.009577,False
2016-01-21,1.904,1.904,-0.031042999999999998,False
2016-01-22,1.922,1.922,0.009454,False
2016-01-25,1.943,1.943,0.010926,False
2016-01-26,1.828,1.828,-0.059187000000000003,False
2016-01-27,1.821,1.821,-0.0038290000000000004,False
2016-01-28,1.742,1.742,-0.043383000000000005,False
2016-01-29,1.805,1.805,0.036164999999999996,False
2016-02-01,1.77,1.77,-0.019391000000000002,False
2016-02-02,1.837,1.837,0.037853,False
2016-02-03,1.849,1.849,0.006532,False
2016-02-04,1.889,1.889,0.021633,False
2016-02-05,1.884,1.884,-0.002647,False
2016-02-15,1.874,1.874,-0.005308,False
2016-02-16,1.935,1.935,0.032551000000000004,False
2016-02-17,1.962,1.962,0.013953,False
2016-02-18,1.956,1.956,-0.003058,False
2016-02-19,1.958,1.958,0.001022,False
2016-02-22,1.997,1.997,0.019918,False
2016-02-23,1.991,1.991,-0.003005,False
2016-02-24,1.985,1.985,-0.003014,False
2016-02-25,1.858,1.858,-0.06398,False
2016-02-26,1.858,1.858,0.0,False
2016-02-29,1.768,1.768,-0.048438999999999996,False
2016-03-01,1.801,1.801,0.018665,False
2016-03-02,1.889,1.889,0.048861999999999996,False
2016-03-03,1.885,1.885,-0.002118,False
2016-03-04,1.835,1.835,-0.026525,False
2016-03-07,1.852,1.852,0.009264,False
2016-03-08,1.874,1.874,0.011878999999999999,False
2016-03-09,1.848,1.848,-0.013874,False
2016-03-10,1.813,1.813,-0.018938999999999998,False
2016-03-11,1.808,1.808,-0.002758,False
2016-03-14,1.907,1.907,0.054757,False
2016-03-15,1.896,1.896,-0.005768,False
2016-03-16,1.871,1.871,-0.013186,False
2016-03-17,1.973,1.973,0.054516,False
2016-03-18,2.061,2.061,0.044602,False
2016-03-21,2.098,2.098,0.017952,False
2016-03-22,2.084,2.084,-0.006673,False
2016-03-23,2.098,2.098,0.006717999999999999,False
2016-03-24,2.063,2.063,-0.016683,False
2016-03-25,2.069,2.069,0.002908,False
2016-03-28,2.059,2.059,-0.0048330000000000005,False
2016-03-29,2.011,2.011,-0.023312,False
2016-03-30,2.096,2.096,0.042268,False
2016-03-31,2.101,2.101,0.002385,False
2016-04-01,2.084,2.084,-0.008091000000000001,False
2016-04-05,2.148,2.148,0.03071,False
2016-04-06,2.154,2.154,0.002793,False
2016-04-07,2.122,2.122,-0.014856000000000001,False
2016-04-08,2.113,2.113,-0.004241,False
2016-04-11,2.181,2.181,0.032182,False
2016-04-12,2.175,2.175,-0.002751,False
2016-04-13,2.198,2.198,0.010575000000000001,False
2016-04-14,2.22,2.22,0.010008999999999999,False
2016-04-15,2.22,2.22,0.0,False
2016-04-18,2.166,2.166,-0.024324,False
2016-04-19,2.164,2.164,-0.0009229999999999999,False
2016-04-20,2.056,2.056,-0.049908,False
2016-04-21,2.036,2.036,-0.009728,False
2016-04-22,2.054,2.054,0.008841,False
2016-04-25,2.04,2.04,-0.006816,False
2016-04-26,2.07,2.07,0.014705999999999999,False
2016-04-27,2.068,2.068,-0.0009660000000000001,False
2016-04-28,2.051,2.051,-0.008221000000000001,False
2016-04-29,2.049,2.049,-0.0009750000000000001,False
2016-05-03,2.112,2.112,0.030747,False
2016-05-04,2.103,2.103,-0.004261,False
2016-05-05,2.11,2.11,0.003329,False
2016-05-06,2.028,2.028,-0.038863,False
2016-05-09,1.956,1.956,-0.035503,False
2016-05-10,1.956,1.956,0.0,False
2016-05-11,1.943,1.943,-0.006646,False
2016-05-12,1.937,1.937,-0.003088,False
2016-05-13,1.928,1.928,-0.004646,False
2016-05-16,1.947,1.947,0.009855000000000001,False
2016-05-17,1.952,1.952,0.0025679999999999995,False
2016-05-18,1.885,1.885,-0.034324,False
2016-05-19,1.898,1.898,0.0068969999999999995,False
2016-05-20,1.925,1.925,0.014226,False
2016-05-23,1.957,1.957,0.016623000000000002,False
2016-05-24,1.938,1.938,-0.009709,False
2016-05-25,1.916,1.916,-0.011352,False
2016-05-26,1.931,1.931,0.007829000000000001,False
2016-05-27,1.92,1.92,-0.005697,False
2016-05-30,1.916,1.916,-0.002083,False
2016-05-31,2.007,2.007,0.047495,False
2016-06-01,2.035,2.035,0.013951,False
2016-06-02,2.051,2.051,0.007862000000000001,False
2016-06-03,2.082,2.082,0.015115,False
2016-06-06,2.087,2.087,0.002402,False
2016-06-07,2.088,2.088,0.000479,False
2016-06-08,2.079,2.079,-0.00431,False
2016-06-13,1.99,1.99,-0.042809,False
2016-06-14,2.013,2.013,0.011557999999999999,False
2016-06-15,2.102,2.102,0.044212999999999995,False
2016-06-16,2.103,2.103,0.000476,False
2016-06-17,2.119,2.119,0.007608,False
2016-06-20,2.125,2.125,0.002832,False
2016-06-21,2.085,2.085,-0.018824,False
2016-06-22,2.117,2.117,0.015347999999999999,False
2016-06-23,2.11,2.11,-0.003307,False
2016-06-24,2.119,2.119,0.004265,False
2016-06-27,2.194,2.194,0.035394,False
2016-06-28,2.215,2.215,0.009572,False
2016-06-29,2.218,2.218,0.001354,False
2016-06-30,2.205,2.205,-0.005861,False
2016-07-01,2.199,2.199,-0.002721,False
2016-07-04,2.256,2.256,0.025921,False
2016-07-05,2.269,2.269,0.005762000000000001,False
2016-07-06,2.293,2.293,0.010577000000000001,False
2016-07-07,2.273,2.273,-0.008722,False
2016-07-08,2.269,2.269,-0.0017599999999999998,False
2016-07-11,2.248,2.248,-0.009255,False
2016-07-12,2.246,2.246,-0.00089,False
2016-07-13,2.25,2.25,0.001781,False
2016-07-14,2.247,2.247,-0.001333,False
2016-07-15,2.23,2.23,-0.007566000000000001,False
2016-07-18,2.203,2.203,-0.012108,False
2016-07-19,2.213,2.213,0.0045390000000000005,False
2016-07-20,2.219,2.219,0.002711,False
2016-07-21,2.213,2.213,-0.002704,False
2016-07-22,2.194,2.194,-0.008586,False
2016-07-25,2.191,2.191,-0.001367,False
2016-07-26,2.217,2.217,0.011867,False
2016-07-27,2.125,2.125,-0.041498,False
2016-07-28,2.108,2.108,-0.008,False
2016-07-29,2.096,2.096,-0.005693,False
2016-08-01,2.078,2.078,-0.008588,False
2016-08-02,2.098,2.098,0.009625,False
2016-08-03,2.105,2.105,0.003337,False
2016-08-04,2.118,2.118,0.006176,False
2016-08-05,2.095,2.095,-0.010859,False
2016-08-08,2.118,2.118,0.010979000000000001,False
2016-08-09,2.153,2.153,0.016525,False
2016-08-10,2.147,2.147,-0.002787,False
2016-08-11,2.104,2.104,-0.020028,False
2016-08-12,2.119,2.119,0.007129,False
2016-08-15,2.183,2.183,0.030203,False
2016-08-16,2.191,2.191,0.003665,False
2016-08-17,2.198,2.198,0.003195,False
2016-08-18,2.192,2.192,-0.0027300000000000002,False
2016-08-19,2.187,2.187,-0.002281,False
2016-08-22,2.146,2.146,-0.018747,False
2016-08-23,2.17,2.17,0.011184000000000001,False
2016-08-24,2.179,2.179,0.0041470000000000005,False
2016-08-25,2.174,2.174,-0.002295,False
2016-08-26,2.178,2.178,0.00184,False
2016-08-29,2.171,2.171,-0.0032140000000000003,False
2016-08-30,2.166,2.166,-0.002303,False
2016-08-31,2.165,2.165,-0.00046199999999999995,False
2016-09-01,2.141,2.141,-0.011085000000000001,False
2016-09-02,2.127,2.127,-0.0065390000000000005,False
2016-09-05,2.134,2.134,0.003291,False
2016-09-06,2.176,2.176,0.019681,False
2016-09-07,2.169,2.169,-0.003217,False
2016-09-08,2.172,2.172,0.0013830000000000001,False
2016-09-09,2.166,2.166,-0.002762,False
2016-09-12,2.095,2.095,-0.032778999999999996,False
2016-09-13,2.096,2.096,0.000477,False
2016-09-14,2.1,2.1,0.001908,False
2016-09-19,2.134,2.134,0.01619,False
2016-09-20,2.126,2.126,-0.003749,False
2016-09-21,2.143,2.143,0.007996,False
2016-09-22,2.156,2.156,0.006066,False
2016-09-23,2.154,2.154,-0.0009279999999999999,False
2016-09-26,2.102,2.102,-0.024141,False
2016-09-27,2.115,2.115,0.006185,False
2016-09-28,2.11,2.11,-0.0023639999999999998,False
2016-09-29,2.113,2.113,0.0014219999999999999,False
2016-09-30,2.116,2.116,0.0014199999999999998,False
2016-10-10,2.185,2.185,0.032609,False
2016-10-11,2.194,2.194,0.004119,False
2016-10-12,2.185,2.185,-0.004102,False
2016-10-13,2.18,2.18,-0.002288,False
2016-10-14,2.173,2.173,-0.003211,False
2016-10-17,2.163,2.163,-0.004602,False
2016-10-18,2.209,2.209,0.021267,False
2016-10-19,2.206,2.206,-0.001358,False
2016-10-20,2.208,2.208,0.000907,False
2016-10-21,2.199,2.199,-0.004076,False
2016-10-24,2.216,2.216,0.007731,False
2016-10-25,2.233,2.233,0.007671,False
2016-10-26,2.226,2.226,-0.003135,False
2016-10-27,2.228,2.228,0.000898,False
2016-10-28,2.212,2.212,-0.007181,False
2016-10-31,2.197,2.197,-0.006781000000000001,False
2016-11-01,2.218,2.218,0.009558,False
2016-11-02,2.199,2.199,-0.008566,False
2016-11-03,2.192,2.192,-0.003183,False
2016-11-04,2.18,2.18,-0.005474,False
2016-11-07,2.18,2.18,0.0,False
2016-11-08,2.186,2.186,0.002752,False
2016-11-09,2.175,2.175,-0.005032,False
2016-11-10,2.196,2.196,0.009655,False
2016-11-11,2.204,2.204,0.003643,False
2016-11-14,2.224,2.224,0.009074,False
2016-11-15,2.212,2.212,-0.005396,False
2016-11-16,2.212,2.212,0.0,False
2016-11-17,2.203,2.203,-0.004069,False
2016-11-18,2.188,2.188,-0.006808999999999999,False
2016-11-21,2.191,2.191,0.001371,False
2016-11-22,2.213,2.213,0.010041,False
2016-11-23,2.191,2.191,-0.009941,False
2016-11-24,2.188,2.188,-0.001369,False
2016-11-25,2.201,2.201,0.005940999999999999,False
2016-11-28,2.21,2.21,0.004089,False
2016-11-29,1.753,2.192,-0.008145,False
2016-11-30,1.734,2.173,-0.010839000000000001,False
2016-12-01,1.748,2.187,0.008074,False
2016-12-02,1.731,2.17,-0.009725000000000001,False
2016-12-05,1.728,2.167,-0.0017330000000000002,False
2016-12-06,1.722,2.161,-0.0034720000000000003,False
2016-12-07,1.739,2.178,0.009871999999999999,False
2016-12-08,1.734,2.173,-0.002875,False
2016-12-09,1.737,2.176,0.0017299999999999998,False
2016-12-12,1.669,2.108,-0.039148,False
2016-12-13,1.67,2.109,0.000599,False
2016-12-14,1.658,2.097,-0.0071860000000000005,False
2016-12-15,1.651,2.09,-0.004222,False
2016-12-16,1.655,2.094,0.002423,False
2016-12-19,1.651,2.09,-0.002417,False
2016-12-20,1.641,2.08,-0.006057,False
2016-12-21,1.656,2.095,0.009141,False
2016-12-22,1.65,2.089,-0.003623,False
2016-12-23,1.631,2.07,-0.011515,False
2016-12-26,1.641,2.08,0.006131,False
2016-12-27,1.637,2.076,-0.002438,False
2016-12-28,1.628,2.067,-0.005497999999999999,False
2016-12-29,1.627,2.066,-0.0006140000000000001,False
2016-12-30,1.631,2.07,0.0024590000000000002,False
2016-12-31,1.631,2.07,0.0,False
2017-01-03,1.635,2.074,0.002452,False
2017-01-04,1.649,2.088,0.008563,False
2017-01-05,1.64,2.079,-0.005457999999999999,False
2017-01-06,1.611,2.05,-0.017683,False
2017-01-09,1.617,2.056,0.003724,False
2017-01-10,1.616,2.055,-0.0006180000000000001,False
2017-01-11,1.597,2.036,-0.011757,False
2017-01-12,1.587,2.026,-0.006262,False
2017-01-13,1.566,2.005,-0.013233,False
2017-01-16,1.531,1.97,-0.02235,False
2017-01-17,1.553,1.992,0.01437,False
2017-01-18,1.546,1.985,-0.004507,False
2017-01-19,1.54,1.979,-0.003881,False
2017-01-20,1.565,2.004,0.016234,False
2017-01-23,1.583,2.022,0.011501999999999998,False
2017-01-24,1.576,2.015,-0.004422,False
2017-01-25,1.578,2.017,0.0012690000000000002,False
2017-01-26,1.59,2.029,0.007605,False
2017-02-03,1.581,2.02,-0.005659999999999999,False
2017-02-06,1.594,2.033,0.008223000000000001,False
2017-02-07,1.589,2.028,-0.0031369999999999996,False
2017-02-08,1.595,2.034,0.003776,False
2017-02-09,1.61,2.049,0.009404000000000001,False
2017-02-10,1.607,2.046,-0.0018629999999999999,False
2017-02-13,1.611,2.05,0.002489,False
2017-02-14,1.612,2.051,0.000621,False
2017-02-15,1.596,2.035,-0.009926,False
2017-02-16,1.605,2.044,0.005639,False
2017-02-17,1.589,2.028,-0.009969,False
2017-02-20,1.599,2.038,0.006293,False
2017-02-21,1.61,2.049,0.006879,False
2017-02-22,1.614,2.053,0.002484,False
2017-02-23,1.607,2.046,-0.004337,False
2017-02-24,1.612,2.051,0.003111,False
2017-02-27,1.606,2.045,-0.0037219999999999996,False
2017-02-28,1.616,2.055,0.006227,False
2017-03-01,1.62,2.059,0.0024749999999999998,False
2017-03-02,1.613,2.052,-0.004321,False
2017-03-03,1.618,2.057,0.0031,False
2017-03-06,1.631,2.07,0.008035,False
2017-03-07,1.634,2.073,0.0018390000000000001,False
2017-03-08,1.629,2.068,-0.00306,False
2017-03-09,1.624,2.063,-0.003069,False
2017-03-10,1.62,2.059,-0.002463,False
2017-03-13,1.631,2.07,0.006790000000000001,False
2017-03-14,1.625,2.064,-0.003679,False
2017-03-15,1.623,2.062,-0.001231,False
2017-03-16,1.631,2.07,0.004929,False
2017-03-17,1.631,2.07,0.0,False
2017-03-20,1.636,2.075,0.0030659999999999997,False
2017-03-21,1.639,2.078,0.0018340000000000001,False
2017-03-22,1.641,2.08,0.00122,False
2017-03-23,1.64,2.079,-0.0006090000000000001,False
2017-03-24,1.65,2.089,0.006098,False
2017-03-27,1.634,2.073,-0.009697,False
2017-03-28,1.63,2.069,-0.002448,False
2017-03-29,1.623,2.062,-0.004294,False
2017-03-30,1.604,2.043,-0.011707,False
2017-03-31,1.611,2.05,0.004364,False
2017-04-05,1.644,2.083,0.020484,False
2017-04-06,1.644,2.083,0.0,False
2017-04-07,1.661,2.1,0.010341,False
2017-04-10,1.67,2.109,0.005417999999999999,False
2017-04-11,1.665,2.104,-0.002994,False
2017-04-12,1.634,2.073,-0.018619,False
2017-04-13,1.657,2.096,0.014076,False
2017-04-14,1.641,2.08,-0.009656,False
2017-04-17,1.637,2.076,-0.002438,False
2017-04-18,1.623,2.062,-0.008551999999999999,False
2017-04-19,1.625,2.064,0.001232,False
2017-04-20,1.62,2.059,-0.003077,False
2017-04-21,1.612,2.051,-0.0049380000000000005,False
2017-04-24,1.585,2.024,-0.016749,False
2017-04-25,1.59,2.029,0.003155,False
2017-04-26,1.606,2.045,0.010062999999999999,False
2017-04-27,1.611,2.05,0.0031130000000000003,False
2017-04-28,1.618,2.057,0.004345,False
2017-05-02,1.616,2.055,-0.0012360000000000001,False
2017-05-03,1.609,2.048,-0.004332,False
2017-05-04,1.601,2.04,-0.004972,False
2017-05-05,1.594,2.033,-0.004372,False
2017-05-08,1.57,2.009,-0.015056,False
2017-05-09,1.573,2.012,0.001911,False
2017-05-10,1.551,1.99,-0.013986,False
2017-05-11,1.558,1.997,0.004513,False
2017-05-12,1.566,2.005,0.005135,False
2017-05-15,1.577,2.016,0.007024,False
2017-05-16,1.61,2.049,0.020926,False
2017-05-17,1.612,2.051,0.001242,False
2017-05-18,1.6,2.039,-0.007443999999999999,False
2017-05-19,1.581,2.02,-0.011875,False
2017-05-22,1.574,2.013,-0.0044280000000000005,False
2017-05-23,1.557,1.996,-0.010801,False
2017-05-24,1.573,2.012,0.010276,False
2017-05-25,1.586,2.025,0.008264,False
2017-05-26,1.581,2.02,-0.0031530000000000004,False
2017-05-31,1.579,2.018,-0.001265,False
2017-06-01,1.563,2.002,-0.010133000000000001,False
2017-06-02,1.561,2.0,-0.00128,False
2017-06-05,1.559,1.998,-0.001281,False
2017-06-06,1.564,2.003,0.0032069999999999998,False
2017-06-07,1.584,2.023,0.012787999999999999,False
2017-06-08,1.583,2.022,-0.000631,False
2017-06-09,1.594,2.033,0.0069489999999999994,False
2017-06-12,1.575,2.014,-0.01192,False
2017-06-13,1.578,2.017,0.001905,False
2017-06-14,1.568,2.007,-0.006337000000000001,False
2017-06-15,1.58,2.019,0.007653,False
2017-06-16,1.575,2.014,-0.003165,False
2017-06-19,1.584,2.023,0.005714,False
2017-06-20,1.583,2.022,-0.000631,False
2017-06-21,1.587,2.026,0.0025269999999999997,False
2017-06-22,1.586,2.025,-0.00063,False
2017-06-23,1.597,2.036,0.006936,False
2017-06-26,1.622,2.061,0.015653999999999998,False
2017-06-27,1.621,2.06,-0.0006169999999999999,False
2017-06-28,1.616,2.055,-0.003085,False
2017-06-29,1.634,2.073,0.011139,False
2017-06-30,1.626,2.065,-0.004896,False
2017-07-03,1.627,2.066,0.000615,False
2017-07-04,1.616,2.055,-0.0067610000000000005,False
2017-07-05,1.632,2.071,0.009901,False
2017-07-06,1.618,2.057,-0.008578,False
2017-07-07,1.615,2.054,-0.0018540000000000002,False
2017-07-10,1.603,2.042,-0.00743,False
2017-07-11,1.604,2.043,0.000624,False
2017-07-12,1.606,2.045,0.001247,False
2017-07-13,1.599,2.038,-0.004359,False
2017-07-14,1.595,2.034,-0.002502,False
2017-07-17,1.559,1.998,-0.022570999999999997,False
2017-07-18,1.561,2.0,0.001283,False
2017-07-19,1.58,2.019,0.012172,False
2017-07-20,1.577,2.016,-0.001899,False
2017-07-21,1.573,2.012,-0.002536,False
2017-07-24,1.583,2.022,0.006357000000000001,False
2017-07-25,1.573,2.012,-0.0063170000000000006,False
2017-07-26,1.571,2.01,-0.001271,False
2017-07-27,1.582,2.021,0.007002,False
2017-07-28,1.582,2.021,0.0,False
2017-07-31,1.595,2.034,0.008217,False
2017-08-01,1.594,2.033,-0.0006270000000000001,False
2017-08-02,1.576,2.015,-0.011292,False
2017-08-03,1.583,2.022,0.004442,False
2017-08-04,1.583,2.022,0.0,False
2017-08-07,1.585,2.024,0.001263,False
2017-08-08,1.584,2.023,-0.000631,False
2017-08-09,1.593,2.032,0.005682,False
2017-08-10,1.593,2.032,0.0,False
2017-08-11,1.551,1.99,-0.026365,False
2017-08-14,1.575,2.014,0.015474000000000002,False
2017-08-15,1.578,2.017,0.001905,False
2017-08-16,1.592,2.031,0.008872,False
2017-08-17,1.599,2.038,0.004397,False
2017-08-18,1.589,2.028,-0.006253999999999999,False
2017-08-21,1.604,2.043,0.009439999999999999,False
2017-08-22,1.597,2.036,-0.004364,False
2017-08-23,1.585,2.024,-0.007514,False
2017-08-24,1.564,2.003,-0.013249,False
2017-08-25,1.583,2.022,0.012148,False
2017-08-28,1.597,2.036,0.008844,False
2017-08-29,1.594,2.033,-0.001879,False
2017-08-30,1.6,2.039,0.003764,False
2017-08-31,1.607,2.046,0.004375,False
2017-09-01,1.615,2.054,0.004978,False
2017-09-04,1.63,2.069,0.009288,False
2017-09-05,1.636,2.075,0.003681,False
2017-09-06,1.655,2.094,0.011614,False
2017-09-07,1.662,2.101,0.00423,False
2017-09-08,1.671,2.11,0.005415,False
2017-09-11,1.666,2.105,-0.0029920000000000003,False
2017-09-12,1.656,2.095,-0.0060019999999999995,False
2017-09-13,1.661,2.1,0.003019,False
2017-09-14,1.669,2.108,0.004816,False
2017-09-15,1.661,2.1,-0.004793,False
2017-09-18,1.666,2.105,0.00301,False
2017-09-19,1.664,2.103,-0.0012,False
2017-09-20,1.678,2.117,0.008413,False
2017-09-21,1.665,2.104,-0.007747,False
2017-09-22,1.68,2.119,0.009009,False
2017-09-25,1.661,2.1,-0.01131,False
2017-09-26,1.658,2.097,-0.001806,False
2017-09-27,1.671,2.11,0.007841,False
2017-09-28,1.677,2.116,0.0035909999999999996,False
2017-09-29,1.702,2.141,0.014908,False
2017-10-09,1.728,2.167,0.015276000000000001,False
2017-10-10,1.743,2.182,0.008681,False
2017-10-11,1.741,2.18,-0.001147,False
2017-10-12,1.739,2.178,-0.001149,False
2017-10-13,1.736,2.175,-0.001725,False
2017-10-16,1.703,2.142,-0.019009,False
2017-10-17,1.701,2.14,-0.0011740000000000001,False
2017-10-18,1.695,2.134,-0.003527,False
2017-10-19,1.685,2.124,-0.0059,False
2017-10-20,1.697,2.136,0.007122000000000001,False
2017-10-23,1.703,2.142,0.003536,False
2017-10-24,1.685,2.124,-0.01057,False
2017-10-25,1.69,2.129,0.002967,False
2017-10-26,1.684,2.123,-0.0035499999999999998,False
2017-10-27,1.687,2.126,0.001781,False
2017-10-30,1.643,2.082,-0.026082,False
2017-10-31,1.658,2.097,0.009130000000000001,False
2017-11-01,1.653,2.092,-0.0030159999999999996,False
2017-11-02,1.638,2.077,-0.009074,False
2017-11-03,1.627,2.066,-0.006716,False
2017-11-06,1.642,2.081,0.009219,False
2017-11-07,1.64,2.079,-0.0012180000000000001,False
2017-11-08,1.622,2.061,-0.010976,False
2017-11-09,1.624,2.063,0.0012330000000000002,False
2017-11-10,1.647,2.086,0.014162999999999999,False
2017-11-13,1.645,2.084,-0.001214,False
2017-11-14,1.637,2.076,-0.004863,False
2017-11-15,1.634,2.073,-0.001833,False
2017-11-16,1.64,2.079,0.0036720000000000004,False
2017-11-17,1.611,2.05,-0.017683,False
2017-11-20,1.623,2.062,0.007449,False
2017-11-21,1.637,2.076,0.008626,False
2017-11-22,1.625,2.064,-0.00733,False
2017-11-23,1.587,2.026,-0.023385,False
2017-11-24,1.597,2.036,0.006301,False
2017-11-27,1.576,2.015,-0.01315,False
2017-11-28,1.576,2.015,0.0,False
2017-11-29,1.572,2.011,-0.0025380000000000003,False
2017-11-30,1.563,2.002,-0.005725,False
2017-12-01,1.577,2.016,0.008957,False
2017-12-04,1.578,2.017,0.000634,False
2017-12-05,1.573,2.012,-0.003169,False
2017-12-06,1.584,2.023,0.006993,False
2017-12-07,1.585,2.024,0.000631,False
2017-12-08,1.591,2.03,0.003785,False
2017-12-11,1.61,2.049,0.011942,False
2017-12-12,1.584,2.023,-0.016149,False
2017-12-13,1.606,2.045,0.013889,False
2017-12-14,1.6,2.039,-0.0037359999999999997,False
2017-12-15,1.597,2.036,-0.001875,False
2017-12-18,1.58,2.019,-0.010645,False
2017-12-19,1.591,2.03,0.006962,False
2017-12-20,1.59,2.029,-0.000629,False
2017-12-21,1.595,2.034,0.0031450000000000002,False
2017-12-22,1.588,2.027,-0.0043890000000000005,False
2017-12-25,1.579,2.018,-0.005667999999999999,False
2017-12-26,1.589,2.028,0.006333,False
2017-12-27,1.588,2.027,-0.000629,False
2017-12-28,1.595,2.034,0.0044080000000000005,False
2017-12-29,1.606,2.045,0.0068969999999999995,False
2017-12-31,1.606,2.045,0.0,False
2018-01-02,1.615,2.054,0.0056040000000000005,False
2018-01-03,1.634,2.073,0.011765000000000001,False
2018-01-04,1.628,2.067,-0.0036720000000000004,False
2018-01-05,1.617,2.056,-0.006757,False
2018-01-08,1.628,2.067,0.006803,False
2018-01-09,1.624,2.063,-0.002457,False
2018-01-10,1.598,2.037,-0.01601,False
2018-01-11,1.603,2.042,0.0031290000000000003,False
2018-01-12,1.597,2.036,-0.0037430000000000002,False
2018-01-15,1.591,2.03,-0.003757,False
2018-01-16,1.59,2.029,-0.000629,False
2018-01-17,1.586,2.025,-0.002516,False
2018-01-18,1.592,2.031,0.0037830000000000003,False
2018-01-19,1.583,2.022,-0.005653,False
2018-01-22,1.6,2.039,0.010739,False
2018-01-23,1.606,2.045,0.00375,False
2018-01-24,1.613,2.052,0.004359,False
2018-01-25,1.611,2.05,-0.00124,False
2018-01-26,1.623,2.062,0.007449,False
2018-01-29,1.615,2.054,-0.004929,False
2018-01-30,1.629,2.068,0.008669,False
2018-01-31,1.63,2.069,0.0006140000000000001,False
2018-02-01,1.609,2.048,-0.012883,False
2018-02-02,1.594,2.033,-0.009323,False
2018-02-05,1.629,2.068,0.021957,False
2018-02-06,1.585,2.024,-0.02701,False
2018-02-07,1.566,2.005,-0.011987000000000001,False
2018-02-08,1.565,2.004,-0.000639,False
2018-02-09,1.498,1.937,-0.042812,False
2018-02-12,1.529,1.968,0.020694,False
2018-02-13,1.54,1.979,0.007194000000000001,False
2018-02-14,1.545,1.984,0.003247,False
2018-02-22,1.577,2.016,0.020712,False
2018-02-23,1.575,2.014,-0.001268,False
2018-02-26,1.591,2.03,0.010159,False
2018-02-27,1.585,2.024,-0.003771,False
2018-02-28,1.606,2.045,0.013249,False
2018-03-01,1.621,2.06,0.009340000000000001,False
2018-03-02,1.609,2.048,-0.007403,False
2018-03-05,1.615,2.054,0.003729,False
2018-03-06,1.636,2.075,0.013003,False
2018-03-07,1.62,2.059,-0.00978,False
2018-03-08,1.62,2.059,0.0,False
2018-03-09,1.654,2.093,0.020988000000000003,False
2018-03-12,1.681,2.12,0.016324,False
2018-03-13,1.662,2.101,-0.011303,False
2018-03-14,1.647,2.086,-0.009025,False
2018-03-15,1.653,2.092,0.003643,False
2018-03-16,1.639,2.078,-0.008468999999999999,False
2018-03-19,1.64,2.079,0.00061,False
2018-03-20,1.642,2.081,0.00122,False
2018-03-21,1.622,2.061,-0.01218,False
2018-03-22,1.628,2.067,0.003699,False
2018-03-23,1.544,1.983,-0.051597,False
2018-03-26,1.579,2.018,0.022668,False
2018-03-27,1.614,2.053,0.022166,False
2018-03-28,1.605,2.044,-0.005576,False
2018-03-29,1.62,2.059,0.009346,False
2018-03-30,1.642,2.081,0.013580000000000002,False
2018-04-02,1.645,2.084,0.001827,False
2018-04-03,1.629,2.068,-0.009726,False
2018-04-04,1.624,2.063,-0.003069,False
2018-04-09,1.622,2.061,-0.001232,False
2018-04-10,1.623,2.062,0.0006169999999999999,False
2018-04-11,1.642,2.081,0.011707,False
2018-04-12,1.632,2.071,-0.00609,False
2018-04-13,1.622,2.061,-0.0061270000000000005,False
2018-04-16,1.644,2.083,0.013564,False
2018-04-17,1.605,2.044,-0.023723,False
2018-04-18,1.627,2.066,0.013707,False
2018-04-19,1.631,2.07,0.0024590000000000002,False
2018-04-20,1.595,2.034,-0.022071999999999998,False
2018-04-23,1.566,2.005,-0.018182,False
2018-04-24,1.607,2.046,0.026181,False
2018-04-25,1.614,2.053,0.004356,False
2018-04-26,1.583,2.022,-0.019207000000000002,False
2018-04-27,1.588,2.027,0.0031590000000000003,False
2018-05-02,1.581,2.02,-0.0044080000000000005,False
2018-05-03,1.608,2.047,0.017078,False
2018-05-04,1.609,2.048,0.0006219999999999999,False
2018-05-07,1.636,2.075,0.016781,False
2018-05-08,1.637,2.076,0.000611,False
2018-05-09,1.626,2.065,-0.00672,False
2018-05-10,1.615,2.054,-0.006765,False
2018-05-11,1.589,2.028,-0.016099000000000002,False
2018-05-14,1.579,2.018,-0.006293,False
2018-05-15,1.607,2.046,0.017733000000000002,False
2018-05-16,1.608,2.047,0.0006219999999999999,False
2018-05-17,1.582,2.021,-0.016169,False
2018-05-18,1.587,2.026,0.0031609999999999997,False
2018-05-21,1.611,2.05,0.015123,False
2018-05-22,1.619,2.058,0.004966,False
2018-05-23,1.596,2.035,-0.014206000000000002,False
2018-05-24,1.573,2.012,-0.014411,False
2018-05-25,1.563,2.002,-0.006357000000000001,False
2018-05-28,1.572,2.011,0.005758,False
2018-05-29,1.57,2.009,-0.0012720000000000001,False
2018-05-30,1.543,1.982,-0.017197,False
2018-05-31,1.58,2.019,0.023979,False
2018-06-01,1.544,1.983,-0.022785000000000003,False
2018-06-04,1.543,1.982,-0.0006479999999999999,False
2018-06-05,1.568,2.007,0.016202,False
2018-06-06,1.576,2.015,0.005102,False
2018-06-07,1.557,1.996,-0.012056,False
2018-06-08,1.554,1.993,-0.0019270000000000001,False
2018-06-11,1.538,1.977,-0.010296000000000001,False
2018-06-12,1.542,1.981,0.002601,False
2018-06-13,1.524,1.963,-0.011673,False
2018-06-14,1.518,1.957,-0.0039369999999999995,False
2018-06-15,1.5,1.939,-0.011858,False
2018-06-19,1.424,1.863,-0.050667,False
2018-06-20,1.44,1.879,0.011236,False
2018-06-21,1.413,1.852,-0.01875,False
2018-06-22,1.438,1.877,0.017693,False
2018-06-25,1.424,1.863,-0.009736,False
2018-06-26,1.422,1.861,-0.0014039999999999999,False
2018-06-27,1.39,1.829,-0.022504,False
2018-06-28,1.368,1.807,-0.015827,False
2018-06-29,1.431,1.87,0.046053,False
2018-06-30,1.431,1.87,0.0,False
2018-07-02,1.412,1.851,-0.013277,False
2018-07-03,1.413,1.852,0.000708,False
2018-07-04,1.383,1.822,-0.021231,False
2018-07-05,1.363,1.802,-0.014461,False
2018-07-06,1.376,1.815,0.009538,False
2018-07-09,1.418,1.857,0.030522999999999998,False
2018-07-10,1.427,1.866,0.006347,False
2018-07-11,1.404,1.843,-0.016118,False
2018-07-12,1.446,1.885,0.029914999999999997,False
2018-07-13,1.451,1.89,0.003458,False
2018-07-16,1.449,1.888,-0.001378,False
2018-07-17,1.445,1.884,-0.002761,False
2018-07-18,1.437,1.876,-0.005536,False
2018-07-19,1.43,1.869,-0.0048709999999999995,False
2018-07-20,1.454,1.893,0.016783,False
2018-07-23,1.461,1.9,0.004814,False
2018-07-24,1.468,1.907,0.004791,False
2018-07-25,1.461,1.9,-0.004768,False
2018-07-26,1.434,1.873,-0.01848,False
2018-07-27,1.42,1.859,-0.009762999999999999,False
2018-07-30,1.395,1.834,-0.017606,False
2018-07-31,1.389,1.828,-0.004301,False
2018-08-01,1.374,1.813,-0.010799000000000001,False
2018-08-02,1.347,1.786,-0.019651000000000002,False
2018-08-03,1.331,1.77,-0.011878,False
2018-08-06,1.286,1.725,-0.033809,False
2018-08-07,1.318,1.757,0.024883000000000002,False
2018-08-08,1.294,1.733,-0.018209,False
2018-08-09,1.344,1.783,0.03864,False
2018-08-10,1.353,1.792,0.006696,False
2018-08-13,1.366,1.805,0.009608,False
2018-08-14,1.349,1.788,-0.012445,False
2018-08-15,1.322,1.761,-0.020015,False
2018-08-16,1.306,1.745,-0.012103,False
2018-08-17,1.281,1.72,-0.019142,False
2018-08-20,1.29,1.729,0.007026,False
2018-08-21,1.312,1.751,0.017054,False
2018-08-22,1.298,1.737,-0.010671,False
2018-08-23,1.317,1.756,0.014638,False
2018-08-24,1.314,1.753,-0.002278,False
2018-08-27,1.356,1.795,0.031963,False
2018-08-28,1.358,1.797,0.001475,False
2018-08-29,1.354,1.793,-0.002946,False
2018-08-30,1.327,1.766,-0.019941,False
2018-08-31,1.312,1.751,-0.011304000000000002,False
2018-09-03,1.313,1.752,0.0007620000000000001,False
2018-09-04,1.32,1.759,0.005331,False
2018-09-05,1.293,1.732,-0.020455,False
2018-09-06,1.288,1.727,-0.0038669999999999998,False
2018-09-07,1.289,1.728,0.000776,False
2018-09-10,1.264,1.703,-0.019395,False
2018-09-11,1.273,1.712,0.00712,False
2018-09-12,1.259,1.698,-0.010998,False
2018-09-13,1.26,1.699,0.000794,False
2018-09-14,1.245,1.684,-0.011904999999999999,False
2018-09-17,1.228,1.667,-0.013654999999999999,False
2018-09-18,1.246,1.685,0.014658,False
2018-09-19,1.271,1.71,0.020064000000000002,False
2018-09-20,1.262,1.701,-0.007081,False
2018-09-21,1.297,1.736,0.027734,False
2018-09-25,1.283,1.722,-0.010794,False
2018-09-26,1.296,1.735,0.010133000000000001,False
2018-09-27,1.28,1.719,-0.012346,False
2018-09-28,1.287,1.726,0.005469000000000001,False
2018-10-08,1.227,1.666,-0.04662,False
2018-10-09,1.21,1.649,-0.013855,False
2018-10-10,1.21,1.649,0.0,False
2018-10-11,1.139,1.578,-0.058678,False
2018-10-12,1.144,1.583,0.00439,False
2018-10-15,1.132,1.571,-0.01049,False
2018-10-16,1.107,1.546,-0.022085,False
2018-10-17,1.113,1.552,0.00542,False
2018-10-18,1.098,1.537,-0.013477,False
2018-10-19,1.131,1.57,0.030055000000000002,False
2018-10-22,1.186,1.625,0.04863000000000001,False
2018-10-23,1.158,1.597,-0.023609,False
2018-10-24,1.155,1.594,-0.002591,False
2018-10-25,1.157,1.596,0.001732,False
2018-10-26,1.145,1.584,-0.010372,False
2018-10-29,1.135,1.574,-0.008733999999999999,False
2018-10-30,1.141,1.58,0.005286,False
2018-10-31,1.16,1.599,0.016652,False
2018-11-01,1.162,1.601,0.001724,False
2018-11-02,1.209,1.648,0.040448000000000005,False
2018-11-05,1.219,1.658,0.008270999999999999,False
2018-11-06,1.228,1.667,0.007383,False
2018-11-07,1.213,1.652,-0.012215,False
2018-11-08,1.204,1.643,-0.0074199999999999995,False
2018-11-09,1.199,1.638,-0.0041530000000000004,False
2018-11-12,1.235,1.674,0.030025,False
2018-11-13,1.248,1.687,0.010526,False
2018-11-14,1.241,1.68,-0.005608999999999999,False
2018-11-15,1.257,1.696,0.012892999999999998,False
2018-11-16,1.258,1.697,0.000796,False
2018-11-19,1.256,1.695,-0.00159,False
2018-11-20,1.227,1.666,-0.023089,False
2018-11-21,1.242,1.681,0.012225,False
2018-11-22,1.233,1.672,-0.007246,False
2018-11-23,1.19,1.629,-0.034874,False
2018-11-26,1.192,1.631,0.001681,False
2018-11-27,1.202,1.641,0.008389,False
2018-11-28,1.229,1.668,0.022463,False
2018-11-29,1.207,1.646,-0.017901,False
2018-11-30,1.222,1.661,0.012428,False
2018-12-03,1.263,1.702,0.033552,False
2018-12-04,1.269,1.708,0.004751,False
2018-12-05,1.273,1.712,0.003152,False
2018-12-06,1.235,1.674,-0.029851000000000003,False
2018-12-07,1.241,1.68,0.004858,False
2018-12-10,1.223,1.662,-0.014504,False
2018-12-11,1.232,1.671,0.007359,False
2018-12-12,1.231,1.67,-0.0008119999999999999,False
2018-12-13,1.241,1.68,0.008123,False
2018-12-14,1.201,1.64,-0.032232,False
2018-12-17,1.188,1.627,-0.010824,False
2018-12-18,1.183,1.622,-0.004209,False
2018-12-19,1.162,1.601,-0.017751,False
2018-12-20,1.161,1.6,-0.000861,False
2018-12-21,1.154,1.593,-0.006029,False
2018-12-24,1.173,1.612,0.016464,False
2018-12-25,1.171,1.61,-0.0017050000000000001,False
2018-12-26,1.162,1.601,-0.007685999999999999,False
2018-12-27,1.151,1.59,-0.009466,False
2018-12-28,1.153,1.592,0.0017380000000000002,False
2018-12-31,1.153,1.592,0.0,False
2019-01-02,1.133,1.572,-0.017346,False
2019-01-03,1.114,1.553,-0.01677,False
2019-01-04,1.148,1.587,0.030521,False
2019-01-07,1.169,1.608,0.018293,False
2019-01-08,1.161,1.6,-0.006843,False
2019-01-09,1.159,1.598,-0.0017230000000000001,False
2019-01-10,1.158,1.597,-0.000863,False
2019-01-11,1.163,1.602,0.004318,False
2019-01-14,1.154,1.593,-0.007739,False
2019-01-15,1.164,1.603,0.008666,False
2019-01-16,1.16,1.599,-0.0034360000000000003,False
2019-01-17,1.15,1.589,-0.008621,False
2019-01-18,1.17,1.609,0.017391,False
2019-01-21,1.179,1.618,0.007692,False
2019-01-22,1.166,1.605,-0.011026000000000001,False
2019-01-23,1.166,1.605,0.0,False
2019-01-24,1.179,1.618,0.011149,False
2019-01-25,1.176,1.615,-0.002545,False
2019-01-28,1.178,1.617,0.001701,False
2019-01-29,1.168,1.607,-0.008489,False
2019-01-30,1.16,1.599,-0.006848999999999999,False
2019-01-31,1.161,1.6,0.000862,False
2019-02-01,1.185,1.624,0.020672000000000003,False
2019-02-11,1.204,1.643,0.016034,False
2019-02-12,1.21,1.649,0.0049830000000000004,False
2019-02-13,1.223,1.662,0.010744,False
2019-02-14,1.227,1.666,0.003271,False
2019-02-15,1.211,1.65,-0.013040000000000001,False
2019-02-18,1.253,1.692,0.034682,False
2019-02-19,1.248,1.687,-0.0039900000000000005,False
2019-02-20,1.253,1.692,0.004006,False
2019-02-21,1.252,1.691,-0.000798,False
2019-02-22,1.29,1.729,0.030351,False
2019-02-25,1.369,1.808,0.061239999999999996,False
2019-02-26,1.36,1.799,-0.006574,False
2019-02-27,1.34,1.779,-0.014705999999999999,False
2019-02-28,1.342,1.781,0.001493,False
2019-03-01,1.36,1.799,0.013413,False
2019-03-04,1.385,1.824,0.018382,False
2019-03-05,1.419,1.858,0.024548999999999998,False
2019-03-06,1.424,1.863,0.003524,False
2019-03-07,1.416,1.855,-0.005618,False
2019-03-08,1.363,1.802,-0.037429000000000004,False
2019-03-11,1.404,1.843,0.030081000000000004,False
2019-03-12,1.422,1.861,0.012821,False
2019-03-13,1.387,1.826,-0.024613,False
2019-03-14,1.365,1.804,-0.015862,False
2019-03-15,1.38,1.819,0.010989,False
2019-03-18,1.413,1.852,0.023913000000000004,False
2019-03-19,1.408,1.847,-0.003539,False
2019-03-20,1.403,1.842,-0.0035510000000000003,False
2019-03-21,1.412,1.851,0.006415,False
2019-03-22,1.415,1.854,0.002125,False
2019-03-25,1.404,1.843,-0.007774,False
2019-03-26,1.369,1.808,-0.024929,False
2019-03-27,1.382,1.821,0.009496,False
2019-03-28,1.375,1.814,-0.005064999999999999,False
2019-03-29,1.436,1.875,0.044364,False
2019-04-01,1.466,1.905,0.020891000000000003,False
2019-04-02,1.455,1.894,-0.007502999999999999,False
2019-04-03,1.468,1.907,0.008935,False
2019-04-04,1.468,1.907,0.0,False
2019-04-08,1.434,1.873,-0.023161,False
2019-04-09,1.431,1.87,-0.002092,False
2019-04-10,1.417,1.856,-0.009783,False
2019-04-11,1.388,1.827,-0.020466,False
2019-04-12,1.385,1.824,-0.0021609999999999997,False
2019-04-15,1.367,1.806,-0.012996,False
2019-04-16,1.394,1.833,0.019751,False
2019-04-17,1.39,1.829,-0.002869,False
2019-04-18,1.382,1.821,-0.005755,False
2019-04-19,1.388,1.827,0.0043419999999999995,False
2019-04-22,1.346,1.785,-0.030259,False
2019-04-23,1.342,1.781,-0.0029720000000000002,False
2019-04-24,1.356,1.795,0.010431999999999999,False
2019-04-25,1.328,1.767,-0.020649,False
2019-04-26,1.321,1.76,-0.0052710000000000005,False
2019-04-29,1.313,1.752,-0.006056000000000001,False
2019-04-30,1.318,1.757,0.003808,False
2019-05-06,1.248,1.687,-0.053111,False
2019-05-07,1.259,1.698,0.008813999999999999,False
2019-05-08,1.238,1.677,-0.01668,False
2019-05-09,1.223,1.662,-0.012116,False
2019-05-10,1.267,1.706,0.035977,False
2019-05-13,1.257,1.696,-0.007893,False
2019-05-14,1.253,1.692,-0.003182,False
2019-05-15,1.285,1.724,0.025539,False
2019-05-16,1.292,1.731,0.005447,False
2019-05-17,1.264,1.703,-0.021671999999999997,False
2019-05-20,1.238,1.677,-0.020569999999999998,False
2019-05-21,1.255,1.694,0.013732,False
2019-05-22,1.254,1.693,-0.000797,False
2019-05-23,1.228,1.667,-0.020734,False
2019-05-24,1.225,1.664,-0.002443,False
2019-05-27,1.243,1.682,0.014694,False
2019-05-28,1.258,1.697,0.012068,False
2019-05-29,1.253,1.692,-0.003975,False
2019-05-30,1.253,1.692,0.0,False
2019-05-31,1.256,1.695,0.002394,False
2019-06-03,1.253,1.692,-0.002389,False
2019-06-04,1.237,1.676,-0.012768999999999999,False
2019-06-05,1.23,1.669,-0.005659,False
2019-06-06,1.212,1.651,-0.014634000000000001,False
2019-06-10,1.226,1.665,0.011551,False
2019-06-11,1.264,1.703,0.030994999999999998,False
2019-06-12,1.254,1.693,-0.007911,False
2019-06-13,1.256,1.695,0.001595,False
2019-06-14,1.247,1.686,-0.0071660000000000005,False
2019-06-17,1.241,1.68,-0.004812,False
2019-06-18,1.254,1.693,0.010475000000000002,False
2019-06-19,1.265,1.704,0.008772,False
2019-06-20,1.297,1.736,0.025296,False
2019-06-21,1.295,1.734,-0.001542,False
2019-06-24,1.302,1.741,0.005405,False
2019-06-25,1.292,1.731,-0.00768,False
2019-06-26,1.301,1.74,0.006966,False
2019-06-27,1.318,1.757,0.013067,False
2019-06-28,1.321,1.76,0.002276,False
2019-06-30,1.321,1.76,0.0,False
2019-07-01,1.359,1.798,0.028766,False
2019-07-02,1.359,1.798,0.0,False
2019-07-03,1.333,1.772,-0.019132,False
2019-07-04,1.315,1.754,-0.013503000000000001,False
2019-07-05,1.334,1.773,0.014449,False
2019-07-08,1.31,1.749,-0.017991,False
2019-07-09,1.311,1.75,0.0007630000000000001,False
2019-07-10,1.312,1.751,0.0007630000000000001,False
2019-07-11,1.311,1.75,-0.0007620000000000001,False
2019-07-12,1.316,1.755,0.003814,False
2019-07-15,1.323,1.762,0.005319000000000001,False
2019-07-16,1.307,1.746,-0.012094,False
2019-07-17,1.304,1.743,-0.002295,False
2019-07-18,1.295,1.734,-0.006902,False
2019-07-19,1.304,1.743,0.00695,False
2019-07-22,1.364,1.803,0.046012000000000004,False
2019-07-23,1.368,1.807,0.002933,False
2019-07-24,1.382,1.821,0.010234,False
2019-07-25,1.395,1.834,0.009407,False
2019-07-26,1.397,1.836,0.001434,False
2019-07-29,1.405,1.844,0.0057269999999999995,False
2019-07-30,1.409,1.848,0.002847,False
2019-07-31,1.402,1.841,-0.004968,False
2019-08-01,1.402,1.841,0.0,False
2019-08-02,1.397,1.836,-0.0035659999999999997,False
2019-08-05,1.378,1.817,-0.013601,False
2019-08-06,1.372,1.811,-0.004354,False
2019-08-07,1.376,1.815,0.0029149999999999996,False
2019-08-08,1.407,1.846,0.022529,False
2019-08-09,1.394,1.833,-0.00924,False
2019-08-12,1.432,1.871,0.02726,False
2019-08-13,1.429,1.868,-0.002095,False
2019-08-14,1.44,1.879,0.007698,False
2019-08-15,1.452,1.891,0.008333,False
2019-08-16,1.462,1.901,0.006887,False
2019-08-19,1.493,1.932,0.021204,False
2019-08-20,1.485,1.924,-0.005358000000000001,False
2019-08-21,1.492,1.931,0.0047139999999999994,False
2019-08-22,1.491,1.93,-0.00067,False
2019-08-23,1.503,1.942,0.008048,False
2019-08-26,1.499,1.938,-0.002661,False
2019-08-27,1.519,1.958,0.013342,False
2019-08-28,1.52,1.959,0.000658,False
2019-08-29,1.538,1.977,0.011841999999999998,False
2019-08-30,1.523,1.962,-0.009753,False
2019-09-02,1.552,1.991,0.019041,False
2019-09-03,1.567,2.006,0.009665,False
2019-09-04,1.561,2.0,-0.0038290000000000004,False
2019-09-05,1.568,2.007,0.004484,False
2019-09-06,1.568,2.007,0.0,False
2019-09-09,1.594,2.033,0.016582,False
2019-09-10,1.58,2.019,-0.008783,False
2019-09-11,1.553,1.992,-0.017089,False
2019-09-12,1.553,1.992,0.0,False
2019-09-16,1.555,1.994,0.001288,False
2019-09-17,1.542,1.981,-0.00836,False
2019-09-18,1.553,1.992,0.007134000000000001,False
2019-09-19,1.569,2.008,0.010303,False
2019-09-20,1.585,2.024,0.010198,False
2019-09-23,1.582,2.021,-0.001893,False
2019-09-24,1.594,2.033,0.007585,False
2019-09-25,1.565,2.004,-0.018193,False
2019-09-26,1.54,1.979,-0.015974,False
2019-09-27,1.564,2.003,0.015584,False
2019-09-30,1.542,1.981,-0.014066,False
2019-10-08,1.522,1.961,-0.012969999999999999,False
2019-10-09,1.527,1.966,0.003285,False
2019-10-10,1.568,2.007,0.02685,False
2019-10-11,1.576,2.015,0.005102,False
2019-10-14,1.585,2.024,0.005711000000000001,False
2019-10-15,1.572,2.011,-0.008202000000000001,False
2019-10-16,1.573,2.012,0.0006360000000000001,False
2019-10-17,1.587,2.026,0.0089,False
2019-10-18,1.574,2.013,-0.008192,False
2019-10-21,1.56,1.999,-0.008895,False
2019-10-22,1.582,2.021,0.014103000000000001,False
2019-10-23,1.568,2.007,-0.00885,False
2019-10-24,1.569,2.008,0.000638,False
2019-10-25,1.584,2.023,0.009559999999999999,False
2019-10-28,1.602,2.041,0.011364,False
2019-10-29,1.614,2.053,0.007491,False
2019-10-30,1.616,2.055,0.0012389999999999999,False
2019-10-31,1.616,2.055,0.0,False
2019-11-01,1.632,2.071,0.009901,False
2019-11-04,1.648,2.087,0.009804,False
2019-11-05,1.659,2.098,0.0066749999999999995,False
2019-11-06,1.645,2.084,-0.008439,False
2019-11-07,1.655,2.094,0.006079,False
2019-11-08,1.641,2.08,-0.008459,False
2019-11-11,1.617,2.056,-0.014624999999999999,False
2019-11-12,1.618,2.057,0.0006180000000000001,False
2019-11-13,1.647,2.086,0.017923,False
2019-11-14,1.664,2.103,0.010322,False
2019-11-15,1.651,2.09,-0.007813,False
2019-11-18,1.662,2.101,0.006663,False
2019-11-19,1.703,2.142,0.024669,False
2019-11-20,1.696,2.135,-0.00411,False
2019-11-21,1.688,2.127,-0.004717,False
2019-11-22,1.63,2.069,-0.03436,False
2019-11-25,1.601,2.04,-0.017790999999999998,False
2019-11-26,1.62,2.059,0.011868,False
2019-11-27,1.622,2.061,0.001235,False
2019-11-28,1.619,2.058,-0.00185,False
2019-11-29,1.594,2.033,-0.015442,False
2019-12-02,1.603,2.042,0.005646,False
2019-12-03,1.616,2.055,0.008110000000000001,False
2019-12-04,1.62,2.059,0.0024749999999999998,False
2019-12-05,1.642,2.081,0.013580000000000002,False
2019-12-06,1.664,2.103,0.013398,False
2019-12-09,1.655,2.094,-0.005409000000000001,False
2019-12-10,1.677,2.116,0.013293,False
2019-12-11,1.668,2.107,-0.005366999999999999,False
2019-12-12,1.669,2.108,0.0006,False
2019-12-13,1.696,2.135,0.016177,False
2019-12-16,1.724,2.163,0.016509,False
2019-12-17,1.729,2.168,0.0029,False
2019-12-18,1.716,2.155,-0.0075190000000000005,False
2019-12-19,1.699,2.138,-0.009907000000000001,False
2019-12-20,1.684,2.123,-0.008829,False
2019-12-23,1.664,2.103,-0.011876,False
2019-12-24,1.693,2.132,0.017428,False
2019-12-25,1.709,2.148,0.009451000000000001,False
2019-12-26,1.705,2.144,-0.002341,False
2019-12-27,1.684,2.123,-0.012317,False
2019-12-30,1.695,2.134,0.006532,False
2019-12-31,1.702,2.141,0.00413,False
2020-01-02,1.727,2.166,0.014689,False
2020-01-03,1.721,2.16,-0.0034739999999999997,False
2020-01-06,1.737,2.176,0.009297,False
2020-01-07,1.754,2.193,0.009787,False
2020-01-08,1.737,2.176,-0.009692,False
2020-01-09,1.767,2.206,0.017271,False
2020-01-10,1.778,2.217,0.0062250000000000005,False
2020-01-13,1.815,2.254,0.02081,False
2020-01-14,1.817,2.256,0.0011020000000000001,False
2020-01-15,1.818,2.257,0.00055,False
2020-01-16,1.823,2.262,0.0027500000000000003,False
2020-01-17,1.828,2.267,0.0027429999999999998,False
2020-01-20,1.887,2.326,0.032276,False
2020-01-21,1.876,2.315,-0.005829,False
2020-01-22,1.928,2.367,0.027719,False
2020-01-23,1.892,2.331,-0.018672,False
2020-02-03,1.763,2.202,-0.068182,False
2020-02-04,1.887,2.326,0.070335,False
2020-02-05,1.931,2.37,0.023317,False
2020-02-06,1.996,2.435,0.033660999999999996,False
2020-02-07,2.008,2.447,0.006012,False
2020-02-10,2.02,2.459,0.005976,False
2020-02-11,2.017,2.456,-0.001485,False
2020-02-12,2.071,2.51,0.026772,False
2020-02-13,2.08,2.519,0.004346,False
2020-02-14,2.073,2.512,-0.0033650000000000004,False
2020-02-17,2.137,2.576,0.030872999999999998,False
2020-02-18,2.163,2.602,0.012166999999999999,False
2020-02-19,2.122,2.561,-0.018955,False
2020-02-20,2.165,2.604,0.020264,False
2020-02-21,2.196,2.635,0.014319,False
2020-02-24,2.227,2.666,0.014117,False
2020-02-25,2.27,2.709,0.019308000000000002,False
2020-02-26,2.153,2.592,-0.051542000000000004,False
2020-02-27,2.152,2.591,-0.00046399999999999995,False
2020-02-28,2.059,2.498,-0.043216000000000004,False
2020-03-02,2.116,2.555,0.027683,False
2020-03-03,2.143,2.582,0.01276,False
2020-03-04,2.11,2.549,-0.015399000000000001,False
2020-03-05,2.115,2.554,0.0023699999999999997,False
2020-03-06,2.102,2.541,-0.0061470000000000006,False
2020-03-09,2.023,2.462,-0.037583000000000005,False
2020-03-10,2.055,2.494,0.015818000000000002,False
2020-03-11,2.015,2.454,-0.019465,False
2020-03-12,1.962,2.401,-0.026303,False
2020-03-13,1.958,2.397,-0.002039,False
2020-03-16,1.851,2.29,-0.054648,False
2020-03-17,1.846,2.285,-0.0027010000000000003,False
2020-03-18,1.84,2.279,-0.0032500000000000003,False
2020-03-19,1.847,2.286,0.003804,False
2020-03-20,1.868,2.307,0.01137,False
2020-03-23,1.783,2.222,-0.045503,False
2020-03-24,1.823,2.262,0.022434,False
2020-03-25,1.881,2.32,0.031816,False
2020-03-26,1.882,2.321,0.0005319999999999999,False
2020-03-27,1.864,2.303,-0.009564,False
2020-03-30,1.834,2.273,-0.016094,False
2020-03-31,1.872,2.311,0.020720000000000002,False
2020-04-01,1.855,2.294,-0.009081,False
2020-04-02,1.889,2.328,0.018328999999999998,False
2020-04-03,1.884,2.323,-0.002647,False
2020-04-07,1.948,2.387,0.03397,False
2020-04-08,1.936,2.375,-0.00616,False
2020-04-09,1.965,2.404,0.014979,False
2020-04-10,1.926,2.365,-0.019847,False
2020-04-13,1.923,2.362,-0.001558,False
2020-04-14,1.954,2.393,0.016121,False
2020-04-15,1.935,2.374,-0.009724,False
2020-04-16,1.933,2.372,-0.001034,False
2020-04-17,1.932,2.371,-0.000517,False
2020-04-20,1.963,2.402,0.016046,False
2020-04-21,1.956,2.395,-0.0035659999999999997,False
2020-04-22,1.994,2.433,0.019427,False
2020-04-23,1.979,2.418,-0.007522999999999999,False
2020-04-24,1.956,2.395,-0.011621999999999999,False
2020-04-27,1.983,2.422,0.013804,False
2020-04-28,2.009,2.448,0.013111,False
2020-04-29,1.986,2.425,-0.011448,False
2020-04-30,2.002,2.441,0.008056,False
2020-05-06,2.033,2.472,0.015485,False
2020-05-07,2.029,2.468,-0.001968,False
2020-05-08,2.048,2.487,0.009364,False
2020-05-11,2.029,2.468,-0.009277,False
2020-05-12,2.062,2.501,0.016264,False
2020-05-13,2.088,2.527,0.012608999999999999,False
2020-05-14,2.07,2.509,-0.008621,False
2020-05-15,2.078,2.517,0.003865,False
2020-05-18,2.075,2.514,-0.001444,False
2020-05-19,2.117,2.556,0.020241,False
2020-05-20,2.076,2.515,-0.019367000000000002,False
2020-05-21,2.06,2.499,-0.007707,False
2020-05-22,2.02,2.459,-0.019417,False
2020-05-25,2.03,2.469,0.0049499999999999995,False
2020-05-26,2.075,2.514,0.022167,False
2020-05-27,2.05,2.489,-0.012048000000000001,False
2020-05-28,2.044,2.483,-0.0029270000000000003,False
2020-05-29,2.083,2.522,0.01908,False
2020-06-01,2.132,2.571,0.023524,False
2020-06-02,2.097,2.536,-0.016417,False
2020-06-03,2.101,2.54,0.001907,False
2020-06-04,2.101,2.54,0.0,False
2020-06-05,2.12,2.559,0.009043,False
2020-06-08,2.103,2.542,-0.008019,False
2020-06-09,2.129,2.568,0.012362999999999999,False
2020-06-10,2.166,2.605,0.017379,False
2020-06-11,2.165,2.604,-0.00046199999999999995,False
2020-06-12,2.171,2.61,0.002771,False
2020-06-15,2.172,2.611,0.00046100000000000004,False
2020-06-16,2.21,2.649,0.017495,False
2020-06-17,2.221,2.66,0.004977,False
2020-06-18,2.207,2.646,-0.006303,False
2020-06-19,2.265,2.704,0.02628,False
2020-06-22,2.274,2.713,0.003974,False
2020-06-23,2.342,2.781,0.029903,False
2020-06-24,2.334,2.773,-0.003416,False
2020-06-29,2.358,2.797,0.010283,False
2020-06-30,2.41,2.849,0.022053,False
2020-07-01,2.409,2.848,-0.000415,False
2020-07-02,2.369,2.808,-0.016604,False
2020-07-03,2.388,2.827,0.008020000000000001,False
2020-07-06,2.449,2.888,0.025543999999999997,False
2020-07-07,2.522,2.961,0.029807999999999998,False
2020-07-08,2.578,3.017,0.022205,False
2020-07-09,2.634,3.073,0.021722,False
2020-07-10,2.628,3.067,-0.002278,False
2020-07-13,2.719,3.158,0.034627,False
2020-07-14,2.704,3.143,-0.005516999999999999,False
2020-07-15,2.676,3.115,-0.010355000000000001,False
2020-07-16,2.517,2.956,-0.059417,False
2020-07-17,2.558,2.997,0.016289,False
2020-07-20,2.577,3.016,0.007428000000000001,False
2020-07-21,2.631,3.07,0.020954999999999998,False
2020-07-22,2.664,3.103,0.012543,False
2020-07-23,2.703,3.142,0.01464,False
2020-07-24,2.549,2.988,-0.056974,False
2020-07-27,2.567,3.006,0.007062000000000001,False
2020-07-28,2.627,3.066,0.023374000000000002,False
2020-07-29,2.713,3.152,0.032736999999999995,False
2020-07-30,2.718,3.157,0.001843,False
2020-07-31,2.768,3.207,0.018396,False
2020-08-03,2.805,3.244,0.013367,False
2020-08-04,2.752,3.191,-0.018895,False
2020-08-05,2.798,3.237,0.016715,False
2020-08-06,2.759,3.198,-0.013939,False
2020-08-07,2.737,3.176,-0.007974,False
2020-08-10,2.723,3.162,-0.005115,False
2020-08-11,2.688,3.127,-0.012853000000000002,False
2020-08-12,2.629,3.068,-0.021949,False
2020-08-13,2.62,3.059,-0.003423,False
2020-08-14,2.672,3.111,0.019847,False
2020-08-17,2.71,3.149,0.014221999999999999,False
2020-08-18,2.744,3.183,0.012546,False
2020-08-19,2.698,3.137,-0.016763999999999998,False
2020-08-20,2.653,3.092,-0.016679,False
2020-08-21,2.692,3.131,0.0147,False
2020-08-24,2.735,3.174,0.016,False
2020-08-25,2.74,3.179,0.0018,False
2020-08-26,2.682,3.121,-0.0212,False
2020-08-27,2.709,3.148,0.0101,False
2020-08-28,2.774,3.213,0.024,False
2020-08-31,2.747,3.186,-0.0097,False
2020-09-01,2.786,3.225,0.014199999999999999,False
2020-09-02,2.771,3.21,-0.0054,False
2020-09-03,2.746,3.185,-0.009000000000000001,False
2020-09-04,2.689,3.128,-0.0208,False
2020-09-07,2.59,3.029,-0.0368,False
2020-09-08,2.58,3.019,-0.0039000000000000003,False
2020-09-09,2.51,2.949,-0.0271,False
2020-09-10,2.522,2.961,0.0048,False
2020-09-11,2.58,3.019,0.023,False
2020-09-14,2.596,3.035,0.0062,False
2020-09-15,2.609,3.048,0.005,False
2020-09-16,2.584,3.023,-0.0096,False
2020-09-17,2.586,3.025,0.0008,False
2020-09-18,2.618,3.057,0.0124,False
2020-09-21,2.586,3.025,-0.012199999999999999,False
2020-09-22,2.573,3.012,-0.005,False
2020-09-23,2.603,3.042,0.011699999999999999,False
2020-09-24,2.545,2.984,-0.0223,False
2020-09-25,2.556,2.995,0.0043,False
2020-09-28,2.578,3.017,0.0086,False
2020-09-29,2.596,3.035,0.006999999999999999,False
2020-09-30,2.603,3.042,0.0027,False
2020-10-09,2.713,3.152,0.042300000000000004,False
2020-10-12,2.789,3.228,0.027999999999999997,False
2020-10-13,2.823,3.262,0.012199999999999999,False
2020-10-14,2.815,3.254,-0.0028000000000000004,False
2020-10-15,2.788,3.227,-0.0096,False
2020-10-16,2.755,3.194,-0.0118,False
2020-10-19,2.712,3.151,-0.015600000000000001,False
2020-10-20,2.76,3.199,0.0177,False
2020-10-21,2.731,3.17,-0.0105,False
2020-10-22,2.718,3.157,-0.0048,False
2020-10-23,2.667,3.106,-0.018799999999999997,False
2020-10-26,2.688,3.127,0.0079,False
2020-10-27,2.716,3.155,0.0104,False
2020-10-28,2.771,3.21,0.0203,False
2020-10-29,2.787,3.226,0.0058,False
2020-10-30,2.751,3.19,-0.0129,False
2020-11-02,2.806,3.245,0.02,False
2020-11-03,2.814,3.253,0.0029,False
2020-11-04,2.819,3.258,0.0018,False
2020-11-05,2.877,3.316,0.0206,False
2020-11-06,2.853,3.292,-0.0083,False
2020-11-09,2.908,3.347,0.019299999999999998,False
2020-11-10,2.897,3.336,-0.0038,False
2020-11-11,2.84,3.279,-0.0197,False
2020-11-12,2.849,3.288,0.0032,False
2020-11-13,2.825,3.264,-0.0084,False
2020-11-16,2.841,3.28,0.005699999999999999,False
2020-11-17,2.796,3.235,-0.0158,False
2020-11-18,2.761,3.2,-0.0125,False
2020-11-19,2.788,3.227,0.0098,False
2020-11-20,2.805,3.244,0.0060999999999999995,False
2020-11-23,2.83,3.269,0.0089,False
2020-11-24,2.827,3.266,-0.0011,False
2020-11-25,2.768,3.207,-0.0209,False
2020-11-26,2.756,3.195,-0.0043,False
2020-11-27,2.772,3.211,0.0058,False
2020-11-30,2.76,3.199,-0.0043,False
2020-12-01,2.805,3.244,0.0163,False
2020-12-02,2.8015,3.2405,-0.0012,False
2020-12-03,2.7839,3.2229,-0.0063,False
2020-12-04,2.7984,3.2374,0.0052,False
2020-12-07,2.7991,3.2381,0.0003,False
2020-12-08,2.8032,3.2422,0.0015,False
2020-12-09,2.7787,3.2177,-0.0087,False
2020-12-10,2.7969,3.2359,0.006500000000000001,False
2020-12-11,2.7785,3.2175,-0.0066,False
2020-12-14,2.8287,3.2677,0.0181,False
2020-12-15,2.8353,3.2743,0.0023,False
2020-12-16,2.8434,3.2824,0.0029,False
2020-12-17,2.8785,3.3175,0.0123,False
2020-12-18,2.8764,3.3154,-0.0007000000000000001,False
2020-12-21,2.9251,3.3641,0.0169,False
2020-12-22,2.8934,3.3324,-0.0108,False
2020-12-23,2.9269,3.3659,0.0116,False
2020-12-24,2.9175,3.3565,-0.0032,False
2020-12-25,2.9678,3.4068,0.0172,False
2020-12-28,2.9839,3.4229,0.0054,False
2020-12-29,2.9419,3.3809,-0.0141,False
2020-12-30,2.9989,3.4379,0.0194,False
2020-12-31,3.0447,3.4837,0.015300000000000001,False
2021-01-04,3.123,3.562,0.025699999999999997,False
2021-01-05,3.2272,3.6662,0.0334,False
2021-01-06,3.2327,3.6717,0.0017000000000000001,False
2021-01-07,3.3052,3.7442,0.022400000000000003,False
2021-01-08,3.2494,3.6884,-0.0169,False
2021-01-11,3.2095,3.6485,-0.0123,False
2021-01-12,3.2807,3.7197,0.0222,False
2021-01-13,3.2247,3.6637,-0.0171,False
2021-01-14,3.1647,3.6037,-0.018600000000000002,False
2021-01-15,3.1749,3.6139,0.0032,False
2021-01-18,3.2264,3.6654,0.016200000000000003,False
2021-01-19,3.1578,3.5968,-0.0213,False
2021-01-20,3.2621,3.7011,0.033,False
2021-01-21,3.328,3.767,0.0202,False
2021-01-22,3.3974,3.8364,0.0209,False
2021-01-25,3.4309,3.8699,0.009899999999999999,False
2021-01-26,3.3416,3.7806,-0.026000000000000002,False
2021-01-27,3.3782,3.8172,0.011000000000000001,False
2021-01-28,3.256,3.695,-0.0362,False
2021-01-29,3.2415,3.6805,-0.0045000000000000005,False
2021-02-01,3.272,3.711,0.009399999999999999,False
2021-02-02,3.3459,3.7849,0.0226,False
2021-02-03,3.3618,3.8008,0.0048,False
2021-02-04,3.3276,3.7666,-0.0102,False
2021-02-05,3.3185,3.7575,-0.0027,False
2021-02-08,3.367,3.806,0.0146,False
2021-02-09,3.4345,3.8735,0.02,False
2021-02-10,3.5092,3.9482,0.0217,False
2021-02-18,3.4295,3.8685,-0.0227,False
2021-02-19,3.3806,3.8196,-0.0143,False
2021-02-22,3.216,3.655,-0.0487,False
2021-02-23,3.2102,3.6492,-0.0018,False
2021-02-24,3.0981,3.5371,-0.0349,False
2021-02-25,3.107,3.546,0.0029,False
2021-02-26,3.0264,3.4654,-0.0259,False
2021-03-01,3.077,3.516,0.0167,False
2021-03-02,3.0428,3.4818,-0.0111,False
2021-03-03,3.0699,3.5089,0.0089,False
2021-03-04,2.9368,3.3758,-0.0434,False
2021-03-05,2.9146,3.3536,-0.0076,False
2021-03-08,2.8033,3.2423,-0.0382,False
2021-03-09,2.7485,3.1875,-0.0195,False
2021-03-10,2.7817,3.2207,0.0121,False
2021-03-11,2.8565,3.2955,0.0269,False
2021-03-12,2.8632,3.3022,0.0023,False
2021-03-15,2.7698,3.2088,-0.0326,False
2021-03-16,2.7975,3.2365,0.01,False
2021-03-17,2.8301,3.2691,0.011699999999999999,False
2021-03-18,2.8724,3.3114,0.0149,False
2021-03-19,2.8213,3.2603,-0.0178,False
2021-03-22,2.8328,3.2718,0.0040999999999999995,False
2021-03-23,2.803,3.242,-0.0105,False
2021-03-24,2.7669,3.2059,-0.0129,False
2021-03-25,2.7827,3.2217,0.005699999999999999,False
2021-03-26,2.8605,3.2995,0.027999999999999997,False
2021-03-29,2.8809,3.3199,0.0070999999999999995,False
2021-03-30,2.9158,3.3548,0.0121,False
2021-03-31,2.8857,3.3247,-0.0103,False
2021-04-01,2.9233,3.3623,0.013000000000000001,False
2021-04-02,2.958,3.397,0.011899999999999999,False
2021-04-06,2.951,3.39,-0.0024,False
2021-04-07,2.9229,3.3619,-0.0095,False
2021-04-08,2.9404,3.3794,0.006,False
2021-04-09,2.9002,3.3392,-0.0137,False
2021-04-12,2.8415,3.2805,-0.0202,False
2021-04-13,2.8281,3.2671,-0.004699999999999999,False
2021-04-14,2.8464,3.2854,0.006500000000000001,False
2021-04-15,2.8243,3.2633,-0.0078000000000000005,False
2021-04-16,2.8414,3.2804,0.0060999999999999995,False
2021-04-19,2.9069,3.3459,0.0231,False
2021-04-20,2.9126,3.3516,0.002,False
2021-04-21,2.9331,3.3721,0.006999999999999999,False
2021-04-22,2.95,3.389,0.0058,False
2021-04-23,2.9664,3.4054,0.005600000000000001,False
2021-04-26,2.9696,3.4086,0.0011,False
2021-04-27,2.997,3.436,0.0092,False
2021-04-28,3.0338,3.4728,0.0123,False
2021-04-29,3.062,3.501,0.009300000000000001,False
2021-04-30,3.0669,3.5059,0.0016,False
2021-05-06,3.0086,3.4476,-0.019,False
2021-05-07,2.9111,3.3501,-0.032400000000000005,False
2021-05-10,2.9149,3.3539,0.0013,False
2021-05-11,2.9309,3.3699,0.0055000000000000005,False
2021-05-12,2.9596,3.3986,0.0098,False
2021-05-13,2.9422,3.3812,-0.0059,False
2021-05-14,3.0082,3.4472,0.022400000000000003,False
2021-05-17,3.0919,3.5309,0.0278,False
2021-05-18,3.0731,3.5121,-0.0060999999999999995,False
2021-05-19,3.0791,3.5181,0.002,False
2021-05-20,3.1016,3.5406,0.0073,False
2021-05-21,3.0605,3.4995,-0.013300000000000001,False
2021-05-24,3.0565,3.4955,-0.0013,False
2021-05-25,3.1378,3.5768,0.026600000000000002,False
2021-05-26,3.1085,3.5475,-0.009300000000000001,False
2021-05-27,3.1238,3.5628,0.0049,False
2021-05-28,3.1193,3.5583,-0.0014000000000000002,False
2021-05-31,3.1823,3.6213,0.0202,False
2021-06-01,3.1742,3.6132,-0.0025,False
2021-06-02,3.1355,3.5745,-0.012199999999999999,False
2021-06-03,3.1122,3.5512,-0.0074,False
2021-06-04,3.137,3.576,0.008,False
2021-06-07,3.1364,3.5754,-0.0002,False
2021-06-08,3.0812,3.5202,-0.0176,False
2021-06-09,3.094,3.533,0.0042,False
2021-06-10,3.1732,3.6122,0.0256,False
2021-06-11,3.1885,3.6275,0.0048,False
2021-06-15,3.1804,3.6194,-0.0025,False
2021-06-16,3.0691,3.5081,-0.035,False
2021-06-17,3.1345,3.5735,0.0213,False
2021-06-18,3.1522,3.5912,0.005600000000000001,False
2021-06-21,3.1833,3.6223,0.009899999999999999,False
2021-06-22,3.2151,3.6541,0.01,False
2021-06-23,3.222,3.661,0.0021,False
2021-06-24,3.1937,3.6327,-0.0088,False
2021-06-25,3.2722,3.7112,0.0246,False
2021-06-28,3.302,3.741,0.0091,False
2021-06-29,3.2993,3.7383,-0.0008,False
2021-06-30,3.3455,3.7845,0.013999999999999999,False
2021-07-01,3.3384,3.7774,-0.0021,False
2021-07-02,3.2346,3.6736,-0.0311,False
2021-07-05,3.2991,3.7381,0.0199,False
2021-07-06,3.2508,3.6898,-0.0146,False
2021-07-07,3.3701,3.8091,0.036699999999999997,False
2021-07-08,3.378,3.817,0.0023,False
2021-07-09,3.3673,3.8063,-0.0032,False
2021-07-12,3.4771,3.9161,0.0326,False
2021-07-13,3.4558,3.8948,-0.0060999999999999995,False
2021-07-14,3.4089,3.8479,-0.013600000000000001,False
2021-07-15,3.4717,3.9107,0.0184,False
2021-07-16,3.3929,3.8319,-0.0227,False
2021-07-19,3.3676,3.8066,-0.0075,False
2021-07-20,3.3939,3.8329,0.0078000000000000005,False
2021-07-21,3.5477,3.9867,0.0453,False
2021-07-22,3.5506,3.9896,0.0008,False
2021-07-23,3.4452,3.8842,-0.0297,False
2021-07-26,3.3663,3.8053,-0.0229,False
2021-07-27,3.2559,3.6949,-0.032799999999999996,False
2021-07-28,3.2834,3.7224,0.0084,False
2021-07-29,3.4498,3.8888,0.0507,False
2021-07-30,3.4039,3.8429,-0.013300000000000001,False
2021-08-02,3.4336,3.8726,0.0087,False
2021-08-03,3.329,3.768,-0.0305,False
2021-08-04,3.4686,3.9076,0.04190000000000001,False
2021-08-05,3.4823,3.9213,0.0039000000000000003,False
2021-08-06,3.4612,3.9002,-0.0060999999999999995,False
2021-08-09,3.4129,3.8519,-0.013999999999999999,False
2021-08-10,3.3948,3.8338,-0.0053,False
2021-08-11,3.4047,3.8437,0.0029,False
2021-08-12,3.4052,3.8442,0.0001,False
2021-08-13,3.3811,3.8201,-0.0070999999999999995,False
2021-08-16,3.3005,3.7395,-0.023799999999999998,False
2021-08-17,3.221,3.66,-0.0241,False
2021-08-18,3.2657,3.7047,0.0139,False
2021-08-19,3.3304,3.7694,0.019799999999999998,False
2021-08-20,3.3399,3.7789,0.0029,False
2021-08-23,3.4184,3.8574,0.0235,False
2021-08-24,3.4641,3.9031,0.0134,False
2021-08-25,3.4878,3.9268,0.0068000000000000005,False
2021-08-26,3.4404,3.8794,-0.013600000000000001,False
2021-08-27,3.5172,3.9562,0.0223,False
2021-08-30,3.546,3.985,0.008199999999999999,False
2021-08-31,3.5492,3.9882,0.0009,False
2021-09-01,3.4286,3.8676,-0.034,False
2021-09-02,3.4981,3.9371,0.0203,False
2021-09-03,3.3874,3.8264,-0.0316,False
2021-09-06,3.413,3.852,0.0076,False
2021-09-07,3.5092,3.9482,0.0282,False
2021-09-08,3.4487,3.8877,-0.0172,False
2021-09-09,3.4669,3.9059,0.0053,False
2021-09-10,3.5692,4.0082,0.029500000000000002,False
2021-09-13,3.5595,3.9985,-0.0027,False
2021-09-14,3.5952,4.0342,0.01,False
2021-09-15,3.6138,4.0528,0.0052,False
2021-09-16,3.4623,3.9013,-0.04190000000000001,False
2021-09-17,3.5026,3.9416,0.0116,False
2021-09-22,3.4908,3.9298,-0.0034000000000000002,False
2021-09-23,3.4195,3.8585,-0.0204,False
2021-09-24,3.4201,3.8591,0.0002,False
2021-09-27,3.3218,3.7608,-0.0287,False
2021-09-28,3.3071,3.7461,-0.0044,False
2021-09-29,3.1925,3.6315,-0.0347,False
2021-09-30,3.322,3.761,0.0406,False
2021-10-08,3.2493,3.6883,-0.0219,False
2021-10-11,3.2016,3.6406,-0.0147,False
2021-10-12,3.1337,3.5727,-0.0212,False
2021-10-13,3.23,3.669,0.030699999999999998,False
2021-10-14,3.2401,3.6791,0.0031,False
2021-10-15,3.2711,3.7101,0.0096,False
2021-10-18,3.3079,3.7469,0.0113,False
2021-10-19,3.3284,3.7674,0.0062,False
2021-10-20,3.3692,3.8082,0.0123,False
2021-10-21,3.34,3.779,-0.0087,False
2021-10-22,3.3365,3.7755,-0.001,False
2021-10-25,3.4111,3.8501,0.022400000000000003,False
2021-10-26,3.3918,3.8308,-0.005699999999999999,False
2021-10-27,3.415,3.854,0.0068000000000000005,False
2021-10-28,3.3555,3.7945,-0.0174,False
2021-10-29,3.3983,3.8373,0.0128,False
2021-11-01,3.347,3.786,-0.0151,False
2021-11-02,3.3389,3.7779,-0.0024,False
2021-11-03,3.2929,3.7319,-0.0138,False
2021-11-04,3.2854,3.7244,-0.0023,False
2021-11-05,3.2363,3.6753,-0.0149,False
2021-11-08,3.2697,3.7087,0.0103,False
2021-11-09,3.3032,3.7422,0.0102,False
2021-11-10,3.2607,3.6997,-0.0129,False
2021-11-11,3.293,3.732,0.009899999999999999,False
2021-11-12,3.2832,3.7222,-0.003,False
2021-11-15,3.2359,3.6749,-0.0144,False
2021-11-16,3.2387,3.6777,0.0009,False
2021-11-17,3.2922,3.7312,0.0165,False
2021-11-18,3.2766,3.7156,-0.004699999999999999,False
2021-11-19,3.3115,3.7505,0.010700000000000001,False
2021-11-22,3.3851,3.8241,0.0222,False
2021-11-23,3.3779,3.8169,-0.0021,False
2021-11-24,3.3797,3.8187,0.0005,False
2021-11-25,3.3641,3.8031,-0.0046,False
2021-11-26,3.3773,3.8163,0.0039000000000000003,False
2021-11-29,3.4248,3.8638,0.0141,False
2021-11-30,3.4271,3.8661,0.0007000000000000001,False
2021-12-01,3.4147,3.8537,-0.0036,False
2021-12-02,3.3955,3.8345,-0.005600000000000001,False
2021-12-03,3.4249,3.8639,0.0087,False
2021-12-06,3.3561,3.7951,-0.020099999999999996,False
2021-12-07,3.3125,3.7515,-0.013000000000000001,False
2021-12-08,3.3886,3.8276,0.023,False
2021-12-09,3.3971,3.8361,0.0025,False
2021-12-10,3.412,3.851,0.0044,False
2021-12-13,3.4287,3.8677,0.0049,False
2021-12-14,3.4097,3.8487,-0.0055000000000000005,False
2021-12-15,3.3719,3.8109,-0.0111,False
2021-12-16,3.3637,3.8027,-0.0024,False
2021-12-17,3.3045,3.7435,-0.0176,False
2021-12-20,3.24,3.679,-0.0195,False
2021-12-21,3.2618,3.7008,0.0067,False
2021-12-22,3.2886,3.7276,0.008199999999999999,False
2021-12-23,3.2944,3.7334,0.0018,False
2021-12-24,3.2433,3.6823,-0.0155,False
2021-12-27,3.236,3.675,-0.0023,False
2021-12-28,3.2657,3.7047,0.0092,False
2021-12-29,3.2215,3.6605,-0.013500000000000002,False
2021-12-30,3.2379,3.6769,0.0051,False
2021-12-31,3.2462,3.6852,0.0026,False
2022-01-04,3.2058,3.6448,-0.0124,False
2022-01-05,3.1283,3.5673,-0.0242,False
2022-01-06,3.1185,3.5575,-0.0031,False
2022-01-07,3.0715,3.5105,-0.0151,False
2022-01-10,3.0843,3.5233,0.0042,False
2022-01-11,3.038,3.477,-0.015,False
2022-01-12,3.0706,3.5096,0.010700000000000001,False
2022-01-13,3.0051,3.4441,-0.0213,False
2022-01-14,3.0146,3.4536,0.0032,False
2022-01-17,3.0468,3.4858,0.010700000000000001,False
2022-01-18,3.0572,3.4962,0.0034000000000000002,False
2022-01-19,3.0073,3.4463,-0.0163,False
2022-01-20,3.015,3.454,0.0026,False
2022-01-21,2.9847,3.4237,-0.01,False
2022-01-24,2.9887,3.4277,0.0013,False
2022-01-25,2.9211,3.3601,-0.0226,False
2022-01-26,2.9292,3.3682,0.0028000000000000004,False
2022-01-27,2.882,3.321,-0.0161,False
2022-01-28,2.8758,3.3148,-0.0022,False
2022-02-07,2.8828,3.3218,0.0024,False
2022-02-08,2.8317,3.2707,-0.0177,False
2022-02-09,2.8505,3.2895,0.0066,False
2022-02-10,2.8428,3.2818,-0.0027,False
2022-02-11,2.8138,3.2528,-0.0102,False
2022-02-14,2.7941,3.2331,-0.006999999999999999,False
2022-02-15,2.8301,3.2691,0.0129,False
2022-02-16,2.8327,3.2717,0.0009,False
2022-02-17,2.8337,3.2727,0.0004,False
2022-02-18,2.8421,3.2811,0.003,False
2022-02-21,2.8288,3.2678,-0.004699999999999999,False
2022-02-22,2.7952,3.2342,-0.011899999999999999,False
2022-02-23,2.8299,3.2689,0.0124,False
2022-02-24,2.7804,3.2194,-0.0175,False
2022-02-25,2.8038,3.2428,0.0084,False
2022-02-28,2.813,3.252,0.0033,False
2022-03-01,2.8262,3.2652,0.004699999999999999,False
2022-03-02,2.7945,3.2335,-0.011200000000000002,False
2022-03-03,2.757,3.196,-0.0134,False
2022-03-04,2.7381,3.1771,-0.0069,False
2022-03-07,2.6648,3.1038,-0.0268,False
2022-03-08,2.612,3.051,-0.019799999999999998,False
2022-03-09,2.5956,3.0346,-0.0063,False
2022-03-10,2.6445,3.0835,0.018799999999999997,False
2022-03-11,2.6471,3.0861,0.001,False
2022-03-14,2.5841,3.0231,-0.023799999999999998,False
2022-03-15,2.5096,2.9486,-0.0288,False
2022-03-16,2.5997,3.0387,0.0359,False
2022-03-17,2.6128,3.0518,0.005,False
2022-03-18,2.6207,3.0597,0.003,False
2022-03-21,2.6402,3.0792,0.0074,False
2022-03-22,2.6169,3.0559,-0.0088,False
2022-03-23,2.6273,3.0663,0.004,False
2022-03-24,2.6041,3.0431,-0.0088,False
2022-03-25,2.5653,3.0043,-0.0149,False
2022-03-28,2.5434,2.9824,-0.0085,False
2022-03-29,2.5388,2.9778,-0.0018,False
2022-03-30,2.5943,3.0333,0.0219,False
2022-03-31,2.5627,3.0017,-0.012199999999999999,False
2022-04-01,2.5816,3.0206,0.0074,False
2022-04-06,2.5618,3.0008,-0.0077,False
2022-04-07,2.5179,2.9569,-0.0171,False
2022-04-08,2.516,2.955,-0.0008,False
2022-04-11,2.444,2.883,-0.0286,False
2022-04-12,2.4748,2.9138,0.0126,False
2022-04-13,2.43,2.869,-0.0181,False
2022-04-14,2.4458,2.8848,0.006500000000000001,False
2022-04-15,2.4505,2.8895,0.0019,False
2022-04-18,2.478,2.917,0.011200000000000002,False
2022-04-19,2.476,2.915,-0.0008,False
2022-04-20,2.4448,2.8838,-0.0126,False
2022-04-21,2.3946,2.8336,-0.020499999999999997,False
2022-04-22,2.3865,2.8255,-0.0034000000000000002,False
2022-04-25,2.2851,2.7241,-0.0425,False
2022-04-26,2.2554,2.6944,-0.013000000000000001,False
2022-04-27,2.3381,2.7771,0.036699999999999997,False
2022-04-28,2.3529,2.7919,0.0063,False
2022-04-29,2.3761,2.8151,0.009899999999999999,False
2022-05-05,2.3884,2.8274,0.0052,False
2022-05-06,2.3499,2.7889,-0.0161,False
2022-05-09,2.3208,2.7598,-0.0124,False
2022-05-10,2.3555,2.7945,0.015,False
2022-05-11,2.3923,2.8313,0.015600000000000001,False
2022-05-12,2.3885,2.8275,-0.0016,False
2022-05-13,2.4016,2.8406,0.0055000000000000005,False
2022-05-16,2.3896,2.8286,-0.005,False
2022-05-17,2.4094,2.8484,0.0083,False
2022-05-18,2.3971,2.8361,-0.0051,False
2022-05-19,2.4062,2.8452,0.0038,False
2022-05-20,2.4381,2.8771,0.013300000000000001,False
2022-05-23,2.4361,2.8751,-0.0008,False
2022-05-24,2.3657,2.8047,-0.028900000000000002,False
2022-05-25,2.3827,2.8217,0.0072,False
2022-05-26,2.3864,2.8254,0.0016,False
2022-05-27,2.3772,2.8162,-0.0039000000000000003,False
2022-05-30,2.4172,2.8562,0.0168,False
2022-05-31,2.4637,2.9027,0.0192,False
2022-06-01,2.4554,2.8944,-0.0034000000000000002,False
2022-06-02,2.4762,2.9152,0.0085,False
2022-06-06,2.533,2.972,0.0229,False
2022-06-07,2.5394,2.9784,0.0025,False
2022-06-08,2.5654,3.0044,0.0102,False
2022-06-09,2.5184,2.9574,-0.0183,False
2022-06-10,2.5676,3.0066,0.0195,False
2022-06-13,2.5684,3.0074,0.0003,False
2022-06-14,2.569,3.008,0.0002,False
2022-06-15,2.5604,2.9994,-0.0033,False
2022-06-16,2.5773,3.0163,0.0066,False
2022-06-17,2.6366,3.0756,0.023,False
2022-06-20,2.6497,3.0887,0.005,False
2022-06-21,2.6184,3.0574,-0.0118,False
2022-06-22,2.5964,3.0354,-0.0084,False
2022-06-23,2.6604,3.0994,0.0246,False
2022-06-24,2.6828,3.1218,0.0084,False
2022-06-27,2.7138,3.1528,0.0116,False
2022-06-28,2.7386,3.1776,0.0091,False
2022-06-29,2.6518,3.0908,-0.0317,False
2022-06-30,2.7135,3.1525,0.0233,False
2022-07-01,2.6997,3.1387,-0.0051,False
2022-07-04,2.7388,3.1778,0.014499999999999999,False
2022-07-05,2.709,3.148,-0.0109,False
2022-07-06,2.6843,3.1233,-0.0091,False
2022-07-07,2.733,3.172,0.0181,False
2022-07-08,2.7113,3.1503,-0.0079,False
2022-07-11,2.6641,3.1031,-0.0174,False
2022-07-12,2.6108,3.0498,-0.02,False
2022-07-13,2.6354,3.0744,0.009399999999999999,False
2022-07-14,2.6923,3.1313,0.0216,False
2022-07-15,2.6851,3.1241,-0.0027,False
2022-07-18,2.7105,3.1495,0.0095,False
2022-07-19,2.6894,3.1284,-0.0078000000000000005,False
2022-07-20,2.7114,3.1504,0.008199999999999999,False
2022-07-21,2.6783,3.1173,-0.012199999999999999,False
2022-07-22,2.668,3.107,-0.0038,False
2022-07-25,2.6316,3.0706,-0.013600000000000001,False
2022-07-26,2.6604,3.0994,0.0109,False
2022-07-27,2.6839,3.1229,0.0088,False
2022-07-28,2.6678,3.1068,-0.006,False
2022-07-29,2.657,3.096,-0.004,False
2022-08-01,2.7064,3.1454,0.018600000000000002,False
2022-08-02,2.671,3.11,-0.0131,False
2022-08-03,2.6076,3.0466,-0.023700000000000002,False
2022-08-04,2.6184,3.0574,0.0040999999999999995,False
2022-08-05,2.6287,3.0677,0.0039000000000000003,False
2022-08-08,2.6469,3.0859,0.0069,False
2022-08-09,2.662,3.101,0.005699999999999999,False
2022-08-10,2.637,3.076,-0.009399999999999999,False
2022-08-11,2.6621,3.1011,0.0095,False
2022-08-12,2.6154,3.0544,-0.0175,False
2022-08-15,2.6582,3.0972,0.016399999999999998,False
2022-08-16,2.6815,3.1205,0.0088,False
2022-08-17,2.7031,3.1421,0.008100000000000001,False
2022-08-18,2.73,3.169,0.01,False
2022-08-19,2.6776,3.1166,-0.0192,False
2022-08-22,2.6983,3.1373,0.0077,False
2022-08-23,2.699,3.138,0.0003,False
2022-08-24,2.615,3.054,-0.0311,False
2022-08-25,2.5951,3.0341,-0.0076,False
2022-08-26,2.5748,3.0138,-0.0078000000000000005,False
2022-08-29,2.581,3.02,0.0024,False
2022-08-30,2.5544,2.9934,-0.0103,False
2022-08-31,2.4753,2.9143,-0.031,False
2022-09-01,2.4651,2.9041,-0.0040999999999999995,False
2022-09-02,2.4762,2.9152,0.0045000000000000005,False
2022-09-05,2.4664,2.9054,-0.004,False
2022-09-06,2.5042,2.9432,0.015300000000000001,False
2022-09-07,2.5306,2.9696,0.0105,False
2022-09-08,2.5059,2.9449,-0.0098,False
2022-09-09,2.4959,2.9349,-0.004,False
2022-09-13,2.511,2.95,0.006,False
2022-09-14,2.4868,2.9258,-0.0096,False
2022-09-15,2.4066,2.8456,-0.0323,False
2022-09-16,2.3999,2.8389,-0.0028000000000000004,False
2022-09-19,2.3855,2.8245,-0.006,False
2022-09-20,2.4082,2.8472,0.0095,False
2022-09-21,2.3668,2.8058,-0.0172,False
2022-09-22,2.3711,2.8101,0.0018,False
2022-09-23,2.342,2.781,-0.0123,False
2022-09-26,2.3805,2.8195,0.016399999999999998,False
2022-09-27,2.4294,2.8684,0.020499999999999997,False
2022-09-28,2.3872,2.8262,-0.0174,False
2022-09-29,2.3985,2.8375,0.004699999999999999,False
2022-09-30,2.3546,2.7936,-0.0183,False
2022-10-10,2.2948,2.7338,-0.0254,False
2022-10-11,2.3056,2.7446,0.004699999999999999,False
2022-10-12,2.3397,2.7787,0.0148,False
2022-10-13,2.3381,2.7771,-0.0007000000000000001,False
2022-10-14,2.3824,2.8214,0.0189,False
2022-10-17,2.3722,2.8112,-0.0043,False
2022-10-18,2.3792,2.8182,0.003,False
2022-10-19,2.3493,2.7883,-0.0126,False
2022-10-20,2.3464,2.7854,-0.0012,False
2022-10-21,2.3498,2.7888,0.0014000000000000002,False
2022-10-24,2.2927,2.7317,-0.024300000000000002,False
2022-10-25,2.2969,2.7359,0.0018,False
2022-10-26,2.3329,2.7719,0.015700000000000002,False
2022-10-27,2.2846,2.7236,-0.0207,False
2022-10-28,2.2373,2.6763,-0.0207,False
2022-10-31,2.2418,2.6808,0.002,False
2022-11-01,2.2929,2.7319,0.022799999999999997,False
2022-11-02,2.3362,2.7752,0.0189,False
2022-11-03,2.3244,2.7634,-0.0051,False
2022-11-04,2.3824,2.8214,0.025,False
2022-11-07,2.3677,2.8067,-0.0062,False
2022-11-08,2.349,2.788,-0.0079,False
2022-11-09,2.3299,2.7689,-0.008100000000000001,False
2022-11-10,2.3069,2.7459,-0.009899999999999999,False
2022-11-11,2.3041,2.7431,-0.0012,False
2022-11-14,2.2857,2.7247,-0.008,False
2022-11-15,2.321,2.76,0.0154,False
2022-11-16,2.3013,2.7403,-0.0085,False
2022-11-17,2.3213,2.7603,0.0087,False
2022-11-18,2.302,2.741,-0.0083,False
2022-11-21,2.2942,2.7332,-0.0034000000000000002,False
2022-11-22,2.2627,2.7017,-0.0137,False
2022-11-23,2.2556,2.6946,-0.0031,False
2022-11-24,2.2468,2.6858,-0.0039000000000000003,False
2022-11-25,2.2284,2.6674,-0.008199999999999999,False
2022-11-28,2.2324,2.6714,0.0018,False
2022-11-29,2.2652,2.7042,0.0147,False
2022-11-30,2.2509,2.6899,-0.0063,False
2022-12-01,2.2839,2.7229,0.0147,False
2022-12-02,2.2691,2.7081,-0.006500000000000001,False
2022-12-05,2.2707,2.7097,0.0007000000000000001,False
2022-12-06,2.2799,2.7189,0.0040999999999999995,False
2022-12-07,2.2656,2.7046,-0.0063,False
2022-12-08,2.248,2.687,-0.0078000000000000005,False
2022-12-09,2.2605,2.6995,0.005600000000000001,False
2022-12-12,2.2609,2.6999,0.0002,False
2022-12-13,2.2478,2.6868,-0.0058,False
2022-12-14,2.2553,2.6943,0.0033,False
2022-12-15,2.2504,2.6894,-0.0022,False
2022-12-16,2.2427,2.6817,-0.0034000000000000002,False
2022-12-19,2.2156,2.6546,-0.0121,False
2022-12-20,2.1613,2.6003,-0.0245,False
2022-12-21,2.1635,2.6025,0.001,False
2022-12-22,2.1684,2.6074,0.0023,False
2022-12-23,2.1725,2.6115,0.0019,False
2022-12-26,2.1823,2.6213,0.0045000000000000005,False
2022-12-27,2.2027,2.6417,0.009300000000000001,False
2022-12-28,2.1905,2.6295,-0.0055000000000000005,False
2022-12-29,2.1886,2.6276,-0.0009,False
2022-12-30,2.1945,2.6335,0.0027,False
2022-12-31,2.1944,2.6334,0.0,False
2023-01-03,2.1942,2.6332,-0.0001,False
2023-01-04,2.1912,2.6302,-0.0014000000000000002,False
2023-01-05,2.237,2.676,0.0209,False
2023-01-06,2.227,2.666,-0.0045000000000000005,False
2023-01-09,2.2366,2.6756,0.0043,False
2023-01-10,2.2448,2.6838,0.0037,False
2023-01-11,2.2144,2.6534,-0.013500000000000002,False
2023-01-12,2.2085,2.6475,-0.0027,False
2023-01-13,2.2434,2.6824,0.0158,False
2023-01-16,2.2871,2.7261,0.0195,False
2023-01-17,2.2798,2.7188,-0.0032,False
2023-01-18,2.2739,2.7129,-0.0026,False
2023-01-19,2.3003,2.7393,0.0116,False
2023-01-20,2.3007,2.7397,0.0002,False
2023-01-30,2.2983,2.7373,-0.001,False
2023-01-31,2.2503,2.6893,-0.0209,False
2023-02-01,2.2697,2.7087,0.0086,False
2023-02-02,2.2853,2.7243,0.0069,False
2023-02-03,2.2943,2.7333,0.0039000000000000003,False
2023-02-06,2.2679,2.7069,-0.0115,False
2023-02-07,2.2382,2.6772,-0.0131,False
2023-02-08,2.228,2.667,-0.0046,False
2023-02-09,2.2684,2.7074,0.0181,False
2023-02-10,2.2561,2.6951,-0.0054,False
2023-02-13,2.2973,2.7363,0.0183,False
2023-02-14,2.2899,2.7289,-0.0032,False
2023-02-15,2.2881,2.7271,-0.0008,False
2023-02-16,2.2875,2.7265,-0.0003,False
2023-02-17,2.2634,2.7024,-0.0105,False
2023-02-20,2.2917,2.7307,0.0125,False
2023-02-21,2.2734,2.7124,-0.008,False
2023-02-22,2.2711,2.7101,-0.001,False
2023-02-23,2.2421,2.6811,-0.0128,False
2023-02-24,2.2268,2.6658,-0.0068000000000000005,False
2023-02-27,2.2362,2.6752,0.0042,False
2023-02-28,2.2503,2.6893,0.0063,False
2023-03-01,2.2785,2.7175,0.0125,False
2023-03-02,2.279,2.718,0.0002,False
2023-03-03,2.2595,2.6985,-0.0086,False
2023-03-06,2.2687,2.7077,0.0040999999999999995,False
2023-03-07,2.2296,2.6686,-0.0172,False
2023-03-08,2.2368,2.6758,0.0032,False
2023-03-09,2.2313,2.6703,-0.0025,False
2023-03-10,2.2168,2.6558,-0.006500000000000001,False
2023-03-13,2.2858,2.7248,0.0311,False
2023-03-14,2.2841,2.7231,-0.0007000000000000001,False
2023-03-15,2.257,2.696,-0.011899999999999999,False
2023-03-16,2.2509,2.6899,-0.0027,False
2023-03-17,2.258,2.697,0.0032,False
2023-03-20,2.211,2.65,-0.0208,False
2023-03-21,2.2305,2.6695,0.0088,False
2023-03-22,2.2403,2.6793,0.0044,False
2023-03-23,2.2685,2.7075,0.0126,False
2023-03-24,2.2695,2.7085,0.0004,False
2023-03-27,2.2591,2.6981,-0.0046,False
2023-03-28,2.2647,2.7037,0.0025,False
2023-03-29,2.2774,2.7164,0.005600000000000001,False
2023-03-30,2.2663,2.7053,-0.0049,False
2023-03-31,2.3195,2.7585,0.0235,False
2023-04-03,2.3544,2.7934,0.015,False
2023-04-04,2.3818,2.8208,0.0116,False
2023-04-06,2.3722,2.8112,-0.004,False
2023-04-07,2.4064,2.8454,0.0144,False
2023-04-10,2.3287,2.7677,-0.0323,False
2023-04-11,2.3276,2.7666,-0.0005,False
2023-04-12,2.3712,2.8102,0.0187,False
2023-04-13,2.3219,2.7609,-0.0208,False
2023-04-14,2.3213,2.7603,-0.0003,False
2023-04-17,2.3093,2.7483,-0.0052,False
2023-04-18,2.3219,2.7609,0.0055000000000000005,False
2023-04-19,2.3454,2.7844,0.0101,False
2023-04-20,2.4224,2.8614,0.032799999999999996,False
2023-04-21,2.3133,2.7523,-0.045,False
2023-04-24,2.3355,2.7745,0.0096,False
2023-04-25,2.3259,2.7649,-0.0040999999999999995,False
2023-04-26,2.2489,2.6879,-0.0331,False
2023-04-27,2.199,2.638,-0.0222,False
2023-04-28,2.3008,2.7398,0.0463,False
2023-05-04,2.3086,2.7476,0.0034000000000000002,False
2023-05-05,2.2628,2.7018,-0.019799999999999998,False
2023-05-08,2.2607,2.6997,-0.0009,False
2023-05-09,2.2133,2.6523,-0.021,False
2023-05-10,2.1744,2.6134,-0.0176,False
2023-05-11,2.1548,2.5938,-0.009000000000000001,False
2023-05-12,2.1376,2.5766,-0.008,False
2023-05-15,2.1427,2.5817,0.0024,False
2023-05-16,2.1073,2.5463,-0.0165,False
2023-05-17,2.1215,2.5605,0.0067,False
2023-05-18,2.199,2.638,0.0365,False
2023-05-19,2.1792,2.6182,-0.009000000000000001,False
2023-05-22,2.1488,2.5878,-0.013999999999999999,False
2023-05-23,2.1258,2.5648,-0.010700000000000001,False
2023-05-24,2.1171,2.5561,-0.0040999999999999995,False
2023-05-25,2.1271,2.5661,0.004699999999999999,False
2023-05-26,2.1569,2.5959,0.013999999999999999,False
2023-05-29,2.1701,2.6091,0.0060999999999999995,False
2023-05-30,2.2353,2.6743,0.03,False
2023-05-31,2.2337,2.6727,-0.0007000000000000001,False
2023-06-01,2.25,2.689,0.0073,False
2023-06-02,2.2335,2.6725,-0.0073,False
2023-06-05,2.2647,2.7037,0.013999999999999999,False
2023-06-06,2.2104,2.6494,-0.024,False
2023-06-07,2.2148,2.6538,0.002,False
2023-06-08,2.18,2.619,-0.015700000000000002,False
2023-06-09,2.2307,2.6697,0.0233,False
2023-06-12,2.2573,2.6963,0.011899999999999999,False
2023-06-13,2.286,2.725,0.0127,False
2023-06-14,2.3409,2.7799,0.024,False
2023-06-15,2.326,2.765,-0.0064,False
2023-06-16,2.4092,2.8482,0.0358,False
2023-06-19,2.4749,2.9139,0.0273,False
2023-06-20,2.5068,2.9458,0.0129,False
2023-06-21,2.3854,2.8244,-0.0484,False
2023-06-26,2.2918,2.7308,-0.0392,False
2023-06-27,2.2983,2.7373,0.0028000000000000004,False
2023-06-28,2.2612,2.7002,-0.0161,False
2023-06-29,2.3038,2.7428,0.018799999999999997,False
2023-06-30,2.3172,2.7562,0.0058,False
2023-07-03,2.2815,2.7205,-0.0154,False
2023-07-04,2.2982,2.7372,0.0073,False
2023-07-05,2.2523,2.6913,-0.02,False
2023-07-06,2.2617,2.7007,0.0042,False
2023-07-07,2.2531,2.6921,-0.0038,False
2023-07-10,2.232,2.671,-0.009399999999999999,False
2023-07-11,2.2562,2.6952,0.0108,False
2023-07-12,2.1885,2.6275,-0.03,False
2023-07-13,2.2444,2.6834,0.0255,False
2023-07-14,2.2709,2.7099,0.0118,False
2023-07-17,2.2654,2.7044,-0.0024,False
2023-07-18,2.2357,2.6747,-0.0131,False
2023-07-19,2.2367,2.6757,0.0004,False
2023-07-20,2.1384,2.5774,-0.043899999999999995,False
2023-07-21,2.1233,2.5623,-0.0070999999999999995,False
2023-07-24,2.1265,2.5655,0.0015,False
2023-07-25,2.1629,2.6019,0.0171,False
2023-07-26,2.1215,2.5605,-0.0191,False
2023-07-27,2.1031,2.5421,-0.0087,False
2023-07-28,2.1115,2.5505,0.004,False
2023-07-31,2.1166,2.5556,0.0024,False
2023-08-01,2.1308,2.5698,0.0067,False
2023-08-02,2.1285,2.5675,-0.0011,False
2023-08-03,2.1195,2.5585,-0.0042,False
2023-08-04,2.1641,2.6031,0.021,False
2023-08-07,2.167,2.606,0.0013,False
2023-08-08,2.1449,2.5839,-0.0102,False
2023-08-09,2.0943,2.5333,-0.0236,False
2023-08-10,2.0824,2.5214,-0.005699999999999999,False
2023-08-11,2.0508,2.4898,-0.0152,False
2023-08-14,2.0557,2.4947,0.0024,False
2023-08-15,2.0434,2.4824,-0.006,False
2023-08-16,2.0107,2.4497,-0.016,False
2023-08-17,2.0298,2.4688,0.0095,False
2023-08-18,1.9804,2.4194,-0.024300000000000002,False
2023-08-21,1.9767,2.4157,-0.0019,False
2023-08-22,2.019,2.458,0.021400000000000002,False
2023-08-23,1.9732,2.4122,-0.0227,False
2023-08-24,1.9949,2.4339,0.011000000000000001,False
2023-08-25,1.9463,2.3853,-0.024399999999999998,False
2023-08-28,1.9658,2.4048,0.01,False
2023-08-29,1.9946,2.4336,0.0147,False
2023-08-30,2.0056,2.4446,0.0055000000000000005,False
2023-08-31,2.0017,2.4407,-0.0019,False
2023-09-01,2.0056,2.4446,0.0019,False
2023-09-04,2.0251,2.4641,0.0097,False
2023-09-05,2.0008,2.4398,-0.012,False
2023-09-06,1.9963,2.4353,-0.0022,False
2023-09-07,1.9695,2.4085,-0.0134,False
2023-09-08,1.964,2.403,-0.0028000000000000004,False
2023-09-11,1.9837,2.4227,0.01,False
2023-09-12,1.9836,2.4226,-0.0001,False
2023-09-13,1.9633,2.4023,-0.0102,False
2023-09-14,1.9525,2.3915,-0.0055000000000000005,False
2023-09-15,1.9343,2.3733,-0.009300000000000001,False
2023-09-18,1.9367,2.3757,0.0012,False
2023-09-19,1.9344,2.3734,-0.0012,False
2023-09-20,1.9294,2.3684,-0.0026,False
2023-09-21,1.9143,2.3533,-0.0078000000000000005,False
2023-09-22,1.9623,2.4013,0.025099999999999997,False
2023-09-25,1.9504,2.3894,-0.0060999999999999995,False
2023-09-26,1.9605,2.3995,0.0052,False
2023-09-27,1.9699,2.4089,0.0048,False
2023-09-28,1.9668,2.4058,-0.0016,False
2023-10-09,1.9573,2.3963,-0.0048,False
2023-10-10,1.9395,2.3785,-0.0091,False
2023-10-11,1.9423,2.3813,0.0014000000000000002,False
2023-10-12,1.9356,2.3746,-0.0034000000000000002,False
2023-10-13,1.9138,2.3528,-0.0113,False
2023-10-16,1.9016,2.3406,-0.0064,False
2023-10-17,1.9026,2.3416,0.0005,False
2023-10-18,1.8846,2.3236,-0.0095,False
2023-10-19,1.8476,2.2866,-0.0196,False
2023-10-20,1.8273,2.2663,-0.011000000000000001,False
2023-10-23,1.8264,2.2654,-0.0005,False
2023-10-24,1.8287,2.2677,0.0013,False
2023-10-25,1.8282,2.2672,-0.0003,False
2023-10-26,1.84,2.279,0.006500000000000001,False
2023-10-27,1.863,2.302,0.0125,False
2023-10-30,1.8977,2.3367,0.018600000000000002,False
2023-10-31,1.8924,2.3314,-0.0028000000000000004,False
2023-11-01,1.8889,2.3279,-0.0018,False
2023-11-02,1.8716,2.3106,-0.0092,False
2023-11-03,1.8898,2.3288,0.0097,False
2023-11-06,1.9224,2.3614,0.0173,False
2023-11-07,1.9324,2.3714,0.0052,False
2023-11-08,1.9373,2.3763,0.0025,False
2023-11-09,1.9248,2.3638,-0.006500000000000001,False
2023-11-10,1.9159,2.3549,-0.0046,False
2023-11-13,1.9167,2.3557,0.0004,False
2023-11-14,1.9171,2.3561,0.0002,False
2023-11-15,1.9251,2.3641,0.0042,False
2023-11-16,1.9012,2.3402,-0.0124,False
2023-11-17,1.9216,2.3606,0.010700000000000001,False
2023-11-20,1.9196,2.3586,-0.001,False
2023-11-21,1.9017,2.3407,-0.009300000000000001,False
2023-11-22,1.8701,2.3091,-0.0166,False
2023-11-23,1.8886,2.3276,0.009899999999999999,False
2023-11-24,1.8669,2.3059,-0.0115,False
2023-11-27,1.8734,2.3124,0.0034999999999999996,False
2023-11-28,1.8898,2.3288,0.0088,False
2023-11-29,1.8799,2.3189,-0.0052,False
2023-11-30,1.8819,2.3209,0.0011,False
2023-12-01,1.8953,2.3343,0.0070999999999999995,False
2023-12-04,1.8842,2.3232,-0.0059,False
2023-12-05,1.851,2.29,-0.0176,False
2023-12-06,1.8557,2.2947,0.0025,False
2023-12-07,1.86,2.299,0.0023,False
2023-12-08,1.8939,2.3329,0.0182,False
2023-12-11,1.9229,2.3619,0.015300000000000001,False
2023-12-12,1.9065,2.3455,-0.0085,False
2023-12-13,1.891,2.33,-0.008100000000000001,False
2023-12-14,1.8794,2.3184,-0.0060999999999999995,False
2023-12-15,1.8559,2.2949,-0.0125,False
2023-12-18,1.8569,2.2959,0.0005,False
2023-12-19,1.8618,2.3008,0.0026,False
2023-12-20,1.833,2.272,-0.0155,False
2023-12-21,1.843,2.282,0.0055000000000000005,False
2023-12-22,1.8194,2.2584,-0.0128,False
2023-12-25,1.8289,2.2679,0.0052,False
2023-12-26,1.8043,2.2433,-0.013500000000000002,False
2023-12-27,1.814,2.253,0.0054,False
2023-12-28,1.8223,2.2613,0.0046,False
2023-12-29,1.8586,2.2976,0.0199,False
2023-12-31,1.8584,2.2974,-0.0001,False
2024-01-02,1.8352,2.2742,-0.0125,False
2024-01-03,1.8151,2.2541,-0.011000000000000001,False
2024-01-04,1.8038,2.2428,-0.0062,False
2024-01-05,1.7742,2.2132,-0.016399999999999998,False
2024-01-08,1.7491,2.1881,-0.0141,False
2024-01-09,1.7525,2.1915,0.0019,False
2024-01-10,1.7281,2.1671,-0.0139,False
2024-01-11,1.7354,2.1744,0.0042,False
2024-01-12,1.7262,2.1652,-0.0053,False
2024-01-15,1.7294,2.1684,0.0019,False
2024-01-16,1.7301,2.1691,0.0004,False
2024-01-17,1.6966,2.1356,-0.0194,False
2024-01-18,1.7111,2.1501,0.0085,False
2024-01-19,1.6977,2.1367,-0.0078000000000000005,False
2024-01-22,1.6504,2.0894,-0.0279,False
2024-01-23,1.6757,2.1147,0.015300000000000001,False
2024-01-24,1.6807,2.1197,0.003,False
2024-01-25,1.7066,2.1456,0.0154,False
2024-01-26,1.6857,2.1247,-0.012199999999999999,False
2024-01-29,1.6442,2.0832,-0.0246,False
2024-01-30,1.6199,2.0589,-0.0148,False
2024-01-31,1.6055,2.0445,-0.0089,False
2024-02-01,1.6195,2.0585,0.0087,False
2024-02-02,1.6158,2.0548,-0.0023,False
2024-02-05,1.6158,2.0548,0.0,False
2024-02-06,1.6678,2.1068,0.0322,False
2024-02-07,1.6858,2.1248,0.0108,False
2024-02-08,1.6867,2.1257,0.0005,False
2024-02-19,1.7482,2.1872,0.0365,False
2024-02-20,1.7514,2.1904,0.0018,False
2024-02-21,1.7325,2.1715,-0.0108,False
2024-02-22,1.7489,2.1879,0.0095,False
2024-02-23,1.7485,2.1875,-0.0002,False
2024-02-26,1.7377,2.1767,-0.0062,False
2024-02-27,1.7862,2.2252,0.0279,False
2024-02-28,1.7379,2.1769,-0.027000000000000003,False
2024-02-29,1.7843,2.2233,0.026699999999999998,False
2024-03-01,1.805,2.244,0.0116,False
2024-03-04,1.8409,2.2799,0.0199,False
2024-03-05,1.8433,2.2823,0.0013,False
2024-03-06,1.8367,2.2757,-0.0036,False
2024-03-07,1.8139,2.2529,-0.0124,False
2024-03-08,1.86,2.299,0.0254,False
2024-03-11,1.8666,2.3056,0.0034999999999999996,False
2024-03-12,1.8437,2.2827,-0.0123,False
2024-03-13,1.8517,2.2907,0.0043,False
2024-03-14,1.8458,2.2848,-0.0032,False
2024-03-15,1.8737,2.3127,0.0151,False
2024-03-18,1.9074,2.3464,0.018000000000000002,False
2024-03-19,1.8888,2.3278,-0.0098,False
2024-03-20,1.8954,2.3344,0.0034999999999999996,False
2024-03-21,1.8881,2.3271,-0.0039000000000000003,False
2024-03-22,1.8903,2.3293,0.0012,False
2024-03-25,1.8491,2.2881,-0.0218,False
2024-03-26,1.8287,2.2677,-0.011000000000000001,False
2024-03-27,1.7829,2.2219,-0.025,False
2024-03-28,1.8074,2.2464,0.0137,False
2024-03-29,1.8132,2.2522,0.0032,False
2024-04-01,1.8518,2.2908,0.0213,False
2024-04-02,1.8302,2.2692,-0.011699999999999999,False
2024-04-03,1.799,2.238,-0.017,False
2024-04-08,1.7952,2.2342,-0.0021,False
2024-04-09,1.7897,2.2287,-0.0031,False
2024-04-10,1.7562,2.1952,-0.0187,False
2024-04-11,1.7724,2.2114,0.0092,False
2024-04-12,1.7873,2.2263,0.0084,False
2024-04-15,1.8017,2.2407,0.008100000000000001,False
2024-04-16,1.7642,2.2032,-0.0208,False
2024-04-17,1.8113,2.2503,0.026699999999999998,False
2024-04-18,1.7979,2.2369,-0.0074,False
2024-04-19,1.7775,2.2165,-0.0113,False
2024-04-22,1.7607,2.1997,-0.0095,False
2024-04-23,1.7565,2.1955,-0.0024,False
2024-04-24,1.7925,2.2315,0.020499999999999997,False
2024-04-25,1.7821,2.2211,-0.0058,False
2024-04-26,1.8191,2.2581,0.0208,False
2024-04-29,1.8414,2.2804,0.0123,False
2024-04-30,1.8479,2.2869,0.0034999999999999996,False
2024-05-06,1.8712,2.3102,0.0126,False
2024-05-07,1.8539,2.2929,-0.0092,False
2024-05-08,1.8415,2.2805,-0.0067,False
2024-05-09,1.8546,2.2936,0.0070999999999999995,False
2024-05-10,1.8554,2.2944,0.0004,False
2024-05-13,1.8656,2.3046,0.0055000000000000005,False
2024-05-14,1.8615,2.3005,-0.0022,False
2024-05-15,1.8444,2.2834,-0.0092,False
2024-05-16,1.8437,2.2827,-0.0004,False
2024-05-17,1.8405,2.2795,-0.0017000000000000001,False
2024-05-20,1.8494,2.2884,0.0048,False
2024-05-21,1.8477,2.2867,-0.0009,False
2024-05-22,1.8319,2.2709,-0.0086,False
2024-05-23,1.8173,2.2563,-0.008,False
2024-05-24,1.8081,2.2471,-0.0051,False
2024-05-27,1.8312,2.2702,0.0128,False
2024-05-28,1.8112,2.2502,-0.0109,False
2024-05-29,1.8112,2.2502,0.0,False
2024-05-30,1.7993,2.2383,-0.0066,False
2024-05-31,1.7922,2.2312,-0.0039000000000000003,False
2024-06-03,1.8203,2.2593,0.015700000000000002,False
2024-06-04,1.8357,2.2747,0.0085,False
2024-06-05,1.8159,2.2549,-0.0108,False
2024-06-06,1.8257,2.2647,0.0054,False
2024-06-07,1.8057,2.2447,-0.011000000000000001,False
2024-06-11,1.8029,2.2419,-0.0016,False
2024-06-12,1.8111,2.2501,0.0045000000000000005,False
2024-06-13,1.8135,2.2525,0.0013,False
2024-06-14,1.8349,2.2739,0.0118,False
2024-06-17,1.8516,2.2906,0.0091,False
2024-06-18,1.8662,2.3052,0.0079,False
2024-06-19,1.8532,2.2922,-0.006999999999999999,False
2024-06-20,1.8442,2.2832,-0.0049,False
2024-06-21,1.8466,2.2856,0.0013,False
2024-06-24,1.829,2.268,-0.0095,False
2024-06-25,1.8006,2.2396,-0.0155,False
2024-06-26,1.8154,2.2544,0.008199999999999999,False
2024-06-27,1.8035,2.2425,-0.0066,False
2024-06-28,1.8265,2.2655,0.0128,False
2024-06-30,1.8263,2.2653,-0.0001,False
2024-07-01,1.839,2.278,0.006999999999999999,False
2024-07-02,1.8323,2.2713,-0.0036,False
2024-07-03,1.8208,2.2598,-0.0063,False
2024-07-04,1.8253,2.2643,0.0025,False
2024-07-05,1.818,2.257,-0.004,False
2024-07-08,1.8366,2.2756,0.0102,False
2024-07-09,1.8904,2.3294,0.029300000000000003,False
2024-07-10,1.8955,2.3345,0.0027,False
2024-07-11,1.8997,2.3387,0.0022,False
2024-07-12,1.879,2.318,-0.0109,False
2024-07-15,1.8785,2.3175,-0.0003,False
2024-07-16,1.9048,2.3438,0.013999999999999999,False
2024-07-17,1.8507,2.2897,-0.028399999999999998,False
2024-07-18,1.8437,2.2827,-0.0038,False
2024-07-19,1.8338,2.2728,-0.0054,False
2024-07-22,1.8328,2.2718,-0.0005,False
2024-07-23,1.803,2.242,-0.0163,False
2024-07-24,1.8045,2.2435,0.0008,False
2024-07-25,1.7716,2.2106,-0.0182,False
2024-07-26,1.7711,2.2101,-0.0003,False
2024-07-29,1.7821,2.2211,0.0062,False
2024-07-30,1.7655,2.2045,-0.009300000000000001,False
2024-07-31,1.7737,2.2127,0.0046,False
2024-08-01,1.7742,2.2132,0.0003,False
2024-08-02,1.7385,2.1775,-0.020099999999999996,False
2024-08-05,1.6843,2.1233,-0.031200000000000002,False
2024-08-06,1.6917,2.1307,0.0044,False
2024-08-07,1.6957,2.1347,0.0024,False
2024-08-08,1.6955,2.1345,-0.0001,False
2024-08-09,1.6938,2.1328,-0.001,False
2024-08-12,1.6899,2.1289,-0.0023,False
2024-08-13,1.6998,2.1388,0.0059,False
2024-08-14,1.6978,2.1368,-0.0012,False
2024-08-15,1.7053,2.1443,0.0044,False
2024-08-16,1.714,2.153,0.0051,False
2024-08-19,1.7205,2.1595,0.0038,False
2024-08-20,1.7151,2.1541,-0.0031,False
2024-08-21,1.7175,2.1565,0.0014000000000000002,False
2024-08-22,1.7268,2.1658,0.0054,False
2024-08-23,1.7126,2.1516,-0.008199999999999999,False
2024-08-26,1.7018,2.1408,-0.0063,False
2024-08-27,1.6957,2.1347,-0.0036,False
2024-08-28,1.6935,2.1325,-0.0013,False
2024-08-29,1.6662,2.1052,-0.0161,False
2024-08-30,1.6748,2.1138,0.0052,False
2024-09-02,1.6652,2.1042,-0.005699999999999999,False
2024-09-03,1.6538,2.0928,-0.0068000000000000005,False
2024-09-04,1.6435,2.0825,-0.0062,False
2024-09-05,1.6365,2.0755,-0.0043,False
2024-09-06,1.6212,2.0602,-0.009300000000000001,False
2024-09-09,1.6114,2.0504,-0.006,False
2024-09-10,1.6162,2.0552,0.003,False
2024-09-11,1.6073,2.0463,-0.0055000000000000005,False
2024-09-12,1.6039,2.0429,-0.0021,False
2024-09-13,1.6062,2.0452,0.0014000000000000002,False
2024-09-18,1.6096,2.0486,0.0021,False
2024-09-19,1.5978,2.0368,-0.0073,False
2024-09-20,1.5943,2.0333,-0.0022,False
2024-09-23,1.591,2.03,-0.0021,False
2024-09-24,1.6442,2.0832,0.0334,False
2024-09-25,1.6474,2.0864,0.0019,False
2024-09-26,1.6771,2.1161,0.018000000000000002,False
2024-09-27,1.7251,2.1641,0.0286,False
2024-09-30,1.8654,2.3044,0.08130000000000001,False
2024-10-08,1.9775,2.4165,0.0601,False
2024-10-09,1.837,2.276,-0.071,False
2024-10-10,1.849,2.288,0.006500000000000001,False
2024-10-11,1.7925,2.2315,-0.030600000000000002,False
2024-10-14,1.8396,2.2786,0.0263,False
2024-10-15,1.7984,2.2374,-0.022400000000000003,False
2024-10-16,1.7754,2.2144,-0.0128,False
2024-10-17,1.7773,2.2163,0.0011,False
2024-10-18,1.8654,2.3044,0.0496,False
2024-10-21,1.8825,2.3215,0.0092,False
2024-10-22,1.8833,2.3223,0.0004,False
2024-10-23,1.8571,2.2961,-0.0139,False
2024-10-24,1.8425,2.2815,-0.0079,False
2024-10-25,1.849,2.288,0.0034999999999999996,False
2024-10-28,1.8468,2.2858,-0.0012,False
2024-10-29,1.8259,2.2649,-0.0113,False
2024-10-30,1.8218,2.2608,-0.0022,False
2024-10-31,1.8033,2.2423,-0.0102,False
2024-11-01,1.7738,2.2128,-0.016399999999999998,False
2024-11-04,1.8029,2.2419,0.016399999999999998,False
2024-11-05,1.8398,2.2788,0.020499999999999997,False
2024-11-06,1.8291,2.2681,-0.0058,False
2024-11-07,1.8573,2.2963,0.0154,False
2024-11-08,1.8439,2.2829,-0.0072,False
2024-11-11,1.8746,2.3136,0.0166,False
2024-11-12,1.864,2.303,-0.005699999999999999,False
2024-11-13,1.8934,2.3324,0.0158,False
2024-11-14,1.8522,2.2912,-0.0218,False
2024-11-15,1.809,2.248,-0.0233,False
2024-11-18,1.771,2.21,-0.021,False
2024-11-19,1.7991,2.2381,0.0159,False
2024-11-20,1.8062,2.2452,0.0039000000000000003,False
2024-11-21,1.8026,2.2416,-0.002,False
2024-11-22,1.7517,2.1907,-0.0282,False
2024-11-25,1.7411,2.1801,-0.0060999999999999995,False
2024-11-26,1.731,2.17,-0.0058,False
2024-11-27,1.7746,2.2136,0.0252,False
2024-11-28,1.7527,2.1917,-0.0123,False
2024-11-29,1.7767,2.2157,0.0137,False
2024-12-02,1.799,2.238,0.0126,False
2024-12-03,1.7893,2.2283,-0.0054,False
2024-12-04,1.7662,2.2052,-0.0129,False
2024-12-05,1.7762,2.2152,0.005699999999999999,False
2024-12-06,1.8052,2.2442,0.0163,False
2024-12-09,1.8023,2.2413,-0.0016,False
2024-12-10,1.8065,2.2455,0.0023,False
2024-12-11,1.8059,2.2449,-0.0003,False
2024-12-12,1.8203,2.2593,0.008,False
2024-12-13,1.7851,2.2241,-0.019299999999999998,False
2024-12-16,1.7672,2.2062,-0.01,False
2024-12-17,1.755,2.194,-0.0069,False
2024-12-18,1.7645,2.2035,0.0054,False
2024-12-19,1.7749,2.2139,0.0059,False
2024-12-20,1.7809,2.2199,0.0034000000000000002,False
2024-12-23,1.7755,2.2145,-0.003,False
2024-12-24,1.7933,2.2323,0.01,False
2024-12-25,1.7906,2.2296,-0.0015,False
2024-12-26,1.8003,2.2393,0.0054,False
2024-12-27,1.7962,2.2352,-0.0023,False
2024-12-30,1.8031,2.2421,0.0038,False
2024-12-31,1.7769,2.2159,-0.014499999999999999,False
2025-01-02,1.7452,2.1842,-0.0178,False
2025-01-03,1.7254,2.1644,-0.0113,False
2025-01-06,1.7173,2.1563,-0.004699999999999999,False
2025-01-07,1.7408,2.1798,0.0137,False
2025-01-08,1.7492,2.1882,0.0048,False
2025-01-09,1.7507,2.1897,0.0009,False
2025-01-10,1.7279,2.1669,-0.013000000000000001,False
2025-01-13,1.7138,2.1528,-0.008199999999999999,False
2025-01-14,1.7609,2.1999,0.0275,False
2025-01-15,1.7425,2.1815,-0.0104,False
2025-01-16,1.7303,2.1693,-0.006999999999999999,False
2025-01-17,1.7514,2.1904,0.012199999999999999,False
2025-01-20,1.7697,2.2087,0.0104,False
2025-01-21,1.7866,2.2256,0.0095,False
2025-01-22,1.7973,2.2363,0.006,False
2025-01-23,1.7834,2.2224,-0.0077,False
2025-01-24,1.7978,2.2368,0.008100000000000001,False
2025-01-27,1.7765,2.2155,-0.0118,False
2025-02-05,1.741,2.18,-0.02,False
2025-02-06,1.767,2.206,0.0149,False
2025-02-07,1.7858,2.2248,0.0106,False
2025-02-10,1.7871,2.2261,0.0007000000000000001,False
2025-02-11,1.7856,2.2246,-0.0008,False
2025-02-12,1.817,2.256,0.0176,False
2025-02-13,1.7824,2.2214,-0.019,False
2025-02-14,1.7905,2.2295,0.0045000000000000005,False
2025-02-17,1.8042,2.2432,0.0077,False
2025-02-18,1.7813,2.2203,-0.0127,False
2025-02-19,1.8065,2.2455,0.0141,False
2025-02-20,1.806,2.245,-0.0003,False
2025-02-21,1.8634,2.3024,0.0318,False
2025-02-24,1.8565,2.2955,-0.0037,False
2025-02-25,1.8349,2.2739,-0.0116,False
2025-02-26,1.8435,2.2825,0.004699999999999999,False
2025-02-27,1.8362,2.2752,-0.004,False
2025-02-28,1.7818,2.2208,-0.0296,False
2025-03-03,1.7736,2.2126,-0.0046,False
2025-03-04,1.7711,2.2101,-0.0014000000000000002,False
2025-03-05,1.7998,2.2388,0.016200000000000003,False
2025-03-06,1.8249,2.2639,0.0139,False
2025-03-07,1.8164,2.2554,-0.004699999999999999,False
2025-03-10,1.8106,2.2496,-0.0032,False
2025-03-11,1.8094,2.2484,-0.0007000000000000001,False
2025-03-12,1.8121,2.2511,0.0015,False
2025-03-13,1.7865,2.2255,-0.0141,False
2025-03-14,1.8362,2.2752,0.0278,False
2025-03-17,1.839,2.278,0.0015,False
2025-03-18,1.8377,2.2767,-0.0007000000000000001,False
2025-03-19,1.8349,2.2739,-0.0015,False
2025-03-20,1.8205,2.2595,-0.0078000000000000005,False
2025-03-21,1.78,2.219,-0.0222,False
2025-03-24,1.7946,2.2336,0.008199999999999999,False
2025-03-25,1.7723,2.2113,-0.0124,False
2025-03-26,1.7718,2.2108,-0.0003,False
2025-03-27,1.7844,2.2234,0.0070999999999999995,False
2025-03-28,1.7805,2.2195,-0.0022,False
2025-03-31,1.7736,2.2126,-0.0039000000000000003,False
2025-04-01,1.7675,2.2065,-0.0034000000000000002,False
2025-04-02,1.7738,2.2128,0.0036,False
2025-04-03,1.7533,2.1923,-0.0116,False
2025-04-07,1.6329,2.0719,-0.0687,False
2025-04-08,1.6501,2.0891,0.0105,False
2025-04-09,1.6637,2.1027,0.008199999999999999,False
2025-04-10,1.6905,2.1295,0.0161,False
2025-04-11,1.7153,2.1543,0.0147,False
2025-04-14,1.7236,2.1626,0.0048,False
2025-04-15,1.732,2.171,0.0049,False
2025-04-16,1.7323,2.1713,0.0002,False
2025-04-17,1.7354,2.1744,0.0018,False
2025-04-18,1.735,2.174,-0.0002,False
2025-04-21,1.76,2.199,0.0144,False
2025-04-22,1.7527,2.1917,-0.0040999999999999995,False
2025-04-23,1.7487,2.1877,-0.0023,False
2025-04-24,1.76,2.199,0.006500000000000001,False
2025-04-25,1.7528,2.1918,-0.0040999999999999995,False
2025-04-28,1.7534,2.1924,0.0003,False
2025-04-29,1.7585,2.1975,0.0029,False
2025-04-30,1.7589,2.1979,0.0002,False
2025-05-06,1.7679,2.2069,0.0051,False
2025-05-07,1.7635,2.2025,-0.0025,False
2025-05-08,1.7616,2.2006,-0.0011,False
2025-05-09,1.7594,2.1984,-0.0012,False
2025-05-12,1.7646,2.2036,0.003,False
2025-05-13,1.7694,2.2084,0.0027,False
2025-05-14,1.7718,2.2108,0.0014000000000000002,False
2025-05-15,1.7583,2.1973,-0.0076,False
2025-05-16,1.7614,2.2004,0.0018,False
2025-05-19,1.7552,2.1942,-0.0034999999999999996,False
2025-05-20,1.7739,2.2129,0.010700000000000001,False
2025-05-21,1.7802,2.2192,0.0036,False
2025-05-22,1.777,2.216,-0.0018,False
2025-05-23,1.7644,2.2034,-0.0070999999999999995,False
2025-05-26,1.7489,2.1879,-0.0088,False
2025-05-27,1.7371,2.1761,-0.0067,False
2025-05-28,1.7429,2.1819,0.0033,False
2025-05-29,1.7573,2.1963,0.0083,False
2025-05-30,1.7589,2.1979,0.0009,False
2025-06-03,1.7734,2.2124,0.008199999999999999,False
2025-06-04,1.7888,2.2278,0.0087,False
2025-06-05,1.789,2.228,0.0001,False
2025-06-06,1.7823,2.2213,-0.0037,False
2025-06-09,1.7876,2.2266,0.003,False
2025-06-10,1.7901,2.2291,0.0014000000000000002,False
2025-06-11,1.7965,2.2355,0.0036,False
2025-06-12,1.8065,2.2455,0.005600000000000001,False
2025-06-13,1.7892,2.2282,-0.0096,False
2025-06-16,1.7935,2.2325,0.0024,False
2025-06-17,1.7723,2.2113,-0.0118,False
2025-06-18,1.785,2.224,0.0072,False
2025-06-19,1.7712,2.2102,-0.0077,False
2025-06-20,1.7614,2.2004,-0.0055000000000000005,False
2025-06-23,1.7636,2.2026,0.0012,False
2025-06-24,1.783,2.222,0.011000000000000001,False
2025-06-25,1.8057,2.2447,0.0127,False
2025-06-26,1.8061,2.2451,0.0002,False
2025-06-27,1.7974,2.2364,-0.0048,False
2025-06-30,1.8128,2.2518,0.0086,False
2025-07-01,1.8322,2.2712,0.010700000000000001,False
2025-07-02,1.8112,2.2502,-0.0115,False
2025-07-03,1.8352,2.2742,0.013300000000000001,False
2025-07-04,1.8423,2.2813,0.0039000000000000003,False
2025-07-07,1.8271,2.2661,-0.0083,False
2025-07-08,1.8521,2.2911,0.0137,False
2025-07-09,1.8544,2.2934,0.0012,False
2025-07-10,1.8521,2.2911,-0.0012,False
2025-07-11,1.8541,2.2931,0.0011,False
2025-07-14,1.8627,2.3017,0.0046,False
2025-07-15,1.907,2.346,0.023799999999999998,False
2025-07-16,1.8912,2.3302,-0.0083,False
2025-07-17,1.9302,2.3692,0.0206,False
2025-07-18,1.9301,2.3691,-0.0001,False
2025-07-21,1.9259,2.3649,-0.0022,False
2025-07-22,1.9261,2.3651,0.0001,False
2025-07-23,1.9275,2.3665,0.0007000000000000001,False
2025-07-24,1.9228,2.3618,-0.0024,False
2025-07-25,1.9181,2.3571,-0.0024,False
2025-07-28,1.963,2.402,0.023399999999999997,False
2025-07-29,2.003,2.442,0.0204,False
2025-07-30,2.0021,2.4411,-0.0004,False
2025-07-31,1.9918,2.4308,-0.0051,False
2025-08-01,1.9692,2.4082,-0.0113,False
2025-08-04,1.972,2.411,0.0014000000000000002,False
2025-08-05,1.984,2.423,0.0060999999999999995,False
2025-08-06,1.9954,2.4344,0.005699999999999999,False
2025-08-07,1.9844,2.4234,-0.0055000000000000005,False
2025-08-08,1.9705,2.4095,-0.006999999999999999,False
2025-08-11,1.9888,2.4278,0.009300000000000001,False
2025-08-12,2.0206,2.4596,0.016,False
2025-08-13,2.102,2.541,0.0403,False
2025-08-14,2.074,2.513,-0.013300000000000001,False
2025-08-15,2.0926,2.5316,0.009000000000000001,False
2025-08-18,2.1344,2.5734,0.02,False
2025-08-19,2.1508,2.5898,0.0077,False
2025-08-20,2.1479,2.5869,-0.0013,False
2025-08-21,2.13,2.569,-0.0083,False
2025-08-22,2.1693,2.6083,0.018500000000000003,False
2025-08-25,2.2444,2.6834,0.0346,False
2025-08-26,2.2202,2.6592,-0.0108,False
2025-08-27,2.2322,2.6712,0.0054,False
2025-08-28,2.3411,2.7801,0.048799999999999996,False
2025-08-29,2.3819,2.8209,0.0174,False
2025-09-01,2.4476,2.8866,0.0276,False
2025-09-02,2.3713,2.8103,-0.031200000000000002,False
2025-09-03,2.3894,2.8284,0.0076,False
2025-09-04,2.2628,2.7018,-0.053,False
2025-09-05,2.3819,2.8209,0.0526,False
2025-09-08,2.3272,2.7662,-0.023,False
2025-09-09,2.2934,2.7324,-0.014499999999999999,False
2025-09-10,2.3419,2.7809,0.021099999999999997,False
2025-09-11,2.4664,2.9054,0.053200000000000004,False
2025-09-12,2.4507,2.8897,-0.0064,False
2025-09-15,2.4558,2.8948,0.0021,False
2025-09-16,2.4728,2.9118,0.0069,False
2025-09-17,2.4984,2.9374,0.0104,False
2025-09-18,2.4657,2.9047,-0.0131,False
2025-09-19,2.4549,2.8939,-0.0044,False
2025-09-22,2.4759,2.9149,0.0086,False
2025-09-23,2.4737,2.9127,-0.0009,False
2025-09-24,2.4919,2.9309,0.0074,False
2025-09-25,2.522,2.961,0.0121,False
2025-09-26,2.4483,2.8873,-0.0292,False
2025-09-29,2.5123,2.9513,0.026099999999999998,False
2025-09-30,2.5187,2.9577,0.0025,False
2025-10-09,2.5258,2.9648,0.0028000000000000004,False
2025-10-10,2.4321,2.8711,-0.0371,False
2025-10-13,2.4025,2.8415,-0.012199999999999999,False
2025-10-14,2.3135,2.7525,-0.037000000000000005,False
2025-10-15,2.3751,2.8141,0.026600000000000002,False
2025-10-16,2.3691,2.8081,-0.0025,False
2025-10-17,2.2951,2.7341,-0.031200000000000002,False
2025-10-20,2.3274,2.7664,0.0141,False
2025-10-21,2.4165,2.8555,0.0383,False
2025-10-22,2.4038,2.8428,-0.0053,False
2025-10-23,2.3901,2.8291,-0.005699999999999999,False
2025-10-24,2.48,2.919,0.037599999999999995,False
2025-10-27,2.5629,3.0019,0.0334,False
2025-10-28,2.55,2.989,-0.005,False
2025-10-29,2.6116,3.0506,0.0242,False
2025-10-30,2.5548,2.9938,-0.0217,False
2025-10-31,2.4677,2.9067,-0.0341,False
2025-11-03,2.4689,2.9079,0.0005,False
2025-11-04,2.4256,2.8646,-0.0175,False
2025-11-05,2.4493,2.8883,0.0098,False
2025-11-06,2.507,2.946,0.0236,False
2025-11-07,2.494,2.933,-0.0052,False
2025-11-10,2.4622,2.9012,-0.0128,False
2025-11-11,2.4237,2.8627,-0.015600000000000001,False
2025-11-12,2.4171,2.8561,-0.0027,False
2025-11-13,2.4712,2.9102,0.022400000000000003,False
2025-11-14,2.4068,2.8458,-0.026099999999999998,False
2025-11-17,2.412,2.851,0.0022,False
2025-11-18,2.3738,2.8128,-0.0158,False
2025-11-19,2.3879,2.8269,0.0059,False
2025-11-20,2.367,2.806,-0.0088,False
2025-11-21,2.254,2.693,-0.04769999999999999,False
2025-11-24,2.2475,2.6865,-0.0029,False
2025-11-25,2.2981,2.7371,0.0225,False
2025-11-26,2.3381,2.7771,0.0174,False
2025-11-27,2.3334,2.7724,-0.002,False
2025-11-28,2.3594,2.7984,0.0111,False
2025-12-01,2.388,2.827,0.0121,False
2025-12-02,2.3732,2.8122,-0.0062,False
2025-12-03,2.3525,2.7915,-0.0087,False
2025-12-04,2.3634,2.8024,0.0046,False
2025-12-05,2.3786,2.8176,0.0064,False
2025-12-08,2.4525,2.8915,0.0311,False
2025-12-09,2.4745,2.9135,0.009000000000000001,False
2025-12-10,2.4787,2.9177,0.0017000000000000001,False
2025-12-11,2.4544,2.8934,-0.0098,False
2025-12-12,2.4754,2.9144,0.0086,False
2025-12-15,2.4265,2.8655,-0.019799999999999998,False
2025-12-16,2.3829,2.8219,-0.018000000000000002,False
2025-12-17,2.4654,2.9044,0.0346,False
2025-12-18,2.4108,2.8498,-0.022099999999999998,False
2025-12-19,2.4248,2.8638,0.0058,False
2025-12-22,2.4903,2.9293,0.027000000000000003,False
2025-12-23,2.5139,2.9529,0.0095,False
2025-12-24,2.5412,2.9802,0.0109,False
2025-12-25,2.5399,2.9789,-0.0005,False
2025-12-26,2.5581,2.9971,0.0072,False
2025-12-29,2.5415,2.9805,-0.006500000000000001,False
2025-12-30,2.5608,2.9998,0.0076,False
2025-12-31,2.5386,2.9776,-0.0087,False
2026-01-05,2.5933,3.0323,0.0215,False
2026-01-06,2.6053,3.0443,0.0046,False
2026-01-07,2.619,3.058,0.0053,False
2026-01-08,2.5785,3.0175,-0.0155,False
2026-01-09,2.5877,3.0267,0.0036,False
2026-01-12,2.5749,3.0139,-0.0049,False
2026-01-13,2.5495,2.9885,-0.009899999999999999,False
2026-01-14,2.5599,2.9989,0.0040999999999999995,False
2026-01-15,2.604,3.043,0.0172,False
2026-01-16,2.616,3.055,0.0046,False
2026-01-19,2.5955,3.0345,-0.0078000000000000005,False
2026-01-20,2.5654,3.0044,-0.0116,False
2026-01-21,2.6202,3.0592,0.021400000000000002,False
2026-01-22,2.6327,3.0717,0.0048,False
2026-01-23,2.6398,3.0788,0.0027,False
2026-01-26,2.6177,3.0567,-0.0084,False
2026-01-27,2.6644,3.1034,0.0178,False
2026-01-28,2.6855,3.1245,0.0079,False
2026-01-29,2.6368,3.0758,-0.0181,False
2026-01-30,2.6338,3.0728,-0.0011,False
2026-02-02,2.5364,2.9754,-0.037000000000000005,False
2026-02-03,2.5971,3.0361,0.0239,False
2026-02-04,2.5639,3.0029,-0.0128,False
2026-02-05,2.5052,2.9442,-0.0229,False
2026-02-06,2.4926,2.9316,-0.005,False
2026-02-09,2.5585,2.9975,0.0264,False
2026-02-10,2.564,3.003,0.0021,False
2026-02-11,2.5487,2.9877,-0.006,False
2026-02-12,2.5965,3.0355,0.018799999999999997,False
2026-02-13,2.5558,2.9948,-0.015700000000000002,False
2026-02-24,2.5865,3.0255,0.012,False
2026-02-25,2.6104,3.0494,0.0092,False
2026-02-26,2.6567,3.0957,0.0177,False
2026-02-27,2.6504,3.0894,-0.0024,False
2026-03-02,2.6727,3.1117,0.0084,False
2026-03-03,2.5699,3.0089,-0.0385,False
2026-03-04,2.5445,2.9835,-0.009899999999999999,False
2026-03-05,2.5961,3.0351,0.0203,False
2026-03-06,2.5846,3.0236,-0.0044,False
2026-03-09,2.5382,2.9772,-0.018000000000000002,False
2026-03-10,2.6279,3.0669,0.0353,False
2026-03-11,2.6192,3.0582,-0.0033,False
2026-03-12,2.5971,3.0361,-0.0084,False
2026-03-13,2.5762,3.0152,-0.008,False
2026-03-16,2.5907,3.0297,0.005600000000000001,False
2026-03-17,2.4974,2.9364,-0.036000000000000004,False
2026-03-18,2.5563,2.9953,0.0236,False
2026-03-19,2.5043,2.9433,-0.0203,False
2026-03-20,2.5142,2.9532,0.004,False
2026-03-23,2.4211,2.8601,-0.037000000000000005,False
2026-03-24,2.4756,2.9146,0.0225,False
2026-03-25,2.5298,2.9688,0.0219,False
2026-03-26,2.4975,2.9365,-0.0128,False
2026-03-27,2.5414,2.9804,0.0176,False
2026-03-30,2.5676,3.0066,0.0103,False
2026-03-31,2.488,2.927,-0.031,False
2026-04-01,2.5459,2.9849,0.0233,False
2026-04-02,2.4979,2.9369,-0.0189,False
2026-04-03,2.5212,2.9602,0.009300000000000001,False
2026-04-07,2.535,2.974,0.0055000000000000005,False
2026-04-08,2.6726,3.1116,0.054299999999999994,False
2026-04-09,2.7062,3.1452,0.0126,False
2026-04-10,2.7827,3.2217,0.028300000000000002,False
2026-04-13,2.8307,3.2697,0.0172,False
2026-04-14,2.8897,3.3287,0.0208,False
2026-04-15,2.8604,3.2994,-0.0101,False
2026-04-16,2.9728,3.4118,0.0393,False
2026-04-17,3.045,3.484,0.024300000000000002,False
2026-04-20,3.031,3.47,-0.0046,False
2026-04-21,3.0616,3.5006,0.0101,False
2026-04-22,3.1386,3.5776,0.0252,False
2026-04-23,3.0869,3.5259,-0.0165,False
2026-04-24,3.0779,3.5169,-0.0029,False
2026-04-27,3.1023,3.5413,0.0079,False
2026-04-28,3.0689,3.5079,-0.0108,False
2026-04-29,3.1664,3.6054,0.0318,False
2026-04-30,3.1694,3.6084,0.0009,False
2026-05-06,3.2522,3.6912,0.026099999999999998,False
2026-05-07,3.3311,3.7701,0.024300000000000002,False
2026-05-08,3.277,3.716,-0.016200000000000003,False
2026-05-11,3.3784,3.8174,0.030899999999999997,False
2026-05-12,3.4069,3.8459,0.0084,False
2026-05-13,3.504,3.943,0.0285,False
2026-05-14,3.4225,3.8615,-0.0233,False
2026-05-15,3.3503,3.7893,-0.021099999999999997,False
2026-05-18,3.3803,3.8193,0.009000000000000001,False
2026-05-19,3.4108,3.8498,0.009000000000000001,False
2026-05-20,3.4801,3.9191,0.0203,False
2026-05-21,3.358,3.797,-0.0351,False
2026-05-22,3.5011,3.9401,0.0426,False
2026-05-25,3.6274,4.0664,0.0361,False
2026-05-26,3.6553,4.0943,0.0077,False
2026-05-27,3.6188,4.0578,-0.01,False
2026-05-28,3.7173,4.1563,0.027200000000000002,False
2026-05-29,3.6212,4.0602,-0.0259,False
2026-06-01,3.4882,3.9272,-0.036699999999999997,False
2026-06-02,3.6025,4.0415,0.032799999999999996,False
2026-06-03,3.6833,4.1223,0.022400000000000003,False
2026-06-04,3.7305,4.1695,0.0128,False
2026-06-05,3.5874,4.0264,-0.0384,False
2026-06-08,3.4809,3.9199,-0.0297,False
2026-06-09,3.6724,4.1114,0.055,False
2026-06-10,3.5965,4.0355,-0.0207,False
2026-06-11,3.6126,4.0516,0.0045000000000000005,False
2026-06-12,3.6327,4.0717,0.005600000000000001,False
2026-06-15,3.8666,4.3056,0.0644,False
2026-06-16,3.9284,4.3674,0.016,False
2026-06-17,4.0357,4.4747,0.0273,False
2026-06-18,4.1637,4.6027,0.0317,False
2026-06-22,4.1896,4.6286,0.0062,False
2026-06-23,4.0163,4.4553,-0.0414,False
2026-06-24,4.1875,4.6265,0.0426,False
2026-06-25,4.3698,4.8088,0.0435,False
2026-06-26,4.2388,4.6778,-0.03,False
2026-06-29,4.2752,4.7142,0.0086,False
2026-06-30,4.4332,4.8722,0.037000000000000005,False
2026-07-01,4.3027,4.7417,-0.0294,False
2026-07-02,3.9849,4.4239,-0.0739,False
2026-07-03,3.9754,4.4144,-0.0024,False
2026-07-06,3.9261,4.3651,-0.0124,False
2026-07-07,3.9361,4.3751,0.0025,False
2026-07-08,3.9181,4.3571,-0.0046,False
2026-07-09,4.1547,4.5937,0.0604,False
2026-07-10,3.9242,4.3632,-0.0555,False
2026-07-13,3.7857,4.2247,-0.0353,False
2026-07-14,3.9094,4.3484,0.0327,False
2026-07-15,3.7764,4.2154,-0.034,False
2026-07-16,3.6573,4.0963,-0.0315,False
2026-07-17,3.3637,3.8027,-0.0803,False
2026-07-20,3.3243,3.7633,-0.011699999999999999,False
2026-07-21,3.6027,4.0417,0.0837,False
2026-07-22,3.5171,3.9561,-0.023799999999999998,False
2026-07-23,3.4286,3.8676,-0.0252,False
2026-07-24,3.3843,3.8233,-0.0129,False
2026-07-27,3.4616,3.9006,0.022799999999999997,False
2026-07-28,3.2171,3.6561,-0.0706,False
2026-07-29,3.1944,3.6334,-0.0070999999999999995,False
2026-07-30,3.036,3.475,-0.0496,False
2026-07-31,3.1022,3.5412,0.0218,False
2026-08-03,3.0351,3.4741,-0.0216,False
2026-08-04,3.1609,3.5999,0.0414,False
2026-08-05,3.2138,3.6528,0.0167,False
2026-08-06,3.2211,3.6601,0.0023,False
2026-08-07,3.2858,3.7248,0.020099999999999996,False
2026-08-10,3.2477,3.6867,-0.0116,False
2026-08-11,3.2455,3.6845,-0.0007000000000000001,False
2026-08-12,3.3018,3.7408,0.0173,False
2026-08-13,3.301,3.74,-0.0002,False
2026-08-14,3.3331,3.7721,0.0097,False
2026-08-17,3.4514,3.8904,0.0355,False
2026-08-18,3.4155,3.8545,-0.0104,False
2026-08-19,3.2234,3.6624,-0.0562,False
2026-08-20,3.247,3.686,0.0073,False
2026-08-21,3.2839,3.7229,0.011399999999999999,False
2026-08-24,3.1877,3.6267,-0.029300000000000003,False
2026-08-25,3.152,3.591,-0.011200000000000002,False
2026-08-26,3.1751,3.6141,0.0073,False
2026-08-27,3.2419,3.6809,0.021,False
2026-08-28,3.1957,3.6347,-0.0143,False
2026-08-31,3.2014,3.6404,0.0018,False
2026-09-01,3.1504,3.5894,-0.0159,False
2026-09-02,3.0989,3.5379,-0.0163,False
2026-09-03,3.1049,3.5439,0.0019,False
2026-09-04,3.0554,3.4944,-0.0159,False
2026-09-07,3.1555,3.5945,0.032799999999999996,False
2026-09-08,3.1422,3.5812,-0.0042,False
2026-09-09,3.1413,3.5803,-0.0003,False
2026-09-10,3.1228,3.5618,-0.0059,False
2026-09-11,3.091,3.53,-0.0102,False
2026-09-14,3.0582,3.4972,-0.0106,False
