rank,rank_lowconf,fund_code,fund_name,score,signal,confidence,age_months,age_group,coverage,as_of
,1.0,024480,财通品质甄选混合A,0.8189456798080743,ret_6m,low,10.5,young,1.0,2026-09-17
,2.0,025686,国泰半导体制造精选混合发起A,0.7772480032692834,ret_6m,low,11.1,young,1.0,2026-09-17
,3.0,026632,平安半导体领航精选混合发起式A,0.6291508288892298,ret_6m,low,7.6,young,1.0,2026-09-17
,4.0,025968,建信科技智选股票型发起A,0.5970063509901335,ret_6m,low,9.5,young,1.0,2026-09-17
,5.0,019437,华商科创创业精选混合A,0.5311349430211445,ret_6m,low,10.4,young,1.0,2026-09-17
,6.0,025783,兴证资管金麒麟兴享优选混合D,0.5305325081381924,ret_6m,low,10.9,young,1.0,2026-09-17
,7.0,026538,融通科技臻选混合发起式A,0.5069307053303016,ret_6m,low,7.4,young,1.0,2026-09-17
,8.0,024459,华商致远回报混合A,0.4922623120935157,ret_6m,low,14.1,short,1.0,2026-09-17
,9.0,025421,浦银数字经济混合A,0.4760992974604834,ret_6m,low,12.2,short,1.0,2026-09-17
,10.0,026353,财通泓盛平衡混合A,0.4277514077458673,ret_6m,low,7.9,young,1.0,2026-09-17
,11.0,024473,信澳优势行业混合A,0.40510732091694757,ret_6m,low,13.8,short,1.0,2026-09-17
,12.0,026382,中航洞见领航混合A,0.3856338355593465,ret_6m,low,8.1,young,1.0,2026-09-17
,13.0,024476,南华科技创新混合发起A,0.3831843698405788,ret_6m,low,11.8,young,1.0,2026-09-17
,14.0,026210,平安科技精选混合发起式A,0.36611004965103366,ret_6m,low,9.2,young,1.0,2026-09-17
,15.0,026475,西部利得创新驱动鑫选混合发起A,0.35596423482824835,ret_6m,low,7.2,young,1.0,2026-09-17
,16.0,025758,华安新兴动力混合发起式A,0.33274061007111166,ret_6m,low,10.5,young,1.0,2026-09-17
,17.0,026273,平安数字经济精选混合发起式A,0.3014974191179065,ret_6m,low,8.7,young,1.0,2026-09-17
,18.0,018210,红土创新景气回报混合A,0.29073219222674074,ret_6m,low,12.3,short,1.0,2026-09-17
,19.0,025208,永赢先锋半导体智选混合发起A,0.28487172977351194,ret_6m,low,12.2,short,1.0,2026-09-17
,20.0,024717,汇安成长领航混合A,0.2733944303021525,ret_6m,low,12.2,short,1.0,2026-09-17
,21.0,024796,兴业科技创新混合发起式A,0.26657266014663517,ret_6m,low,13.2,short,1.0,2026-09-17
,22.0,026202,上银丰泽混合发起式A,0.24852253721302686,ret_6m,low,9.0,young,1.0,2026-09-17
,23.0,026293,红土精选混合C,0.24716002415595373,ret_6m,low,9.2,young,1.0,2026-09-17
,24.0,026448,大摩沪港深科技混合A,0.23454490259419436,ret_6m,low,7.7,young,1.0,2026-09-17
,25.0,025684,易方达优势进取混合A,0.22486253397283185,ret_6m,low,9.7,young,1.0,2026-09-17
,26.0,025860,万家泓裕成长驱动混合发起式A,0.2135925728380006,ret_6m,low,10.5,young,1.0,2026-09-17
,27.0,024818,中欧医药生物混合发起A,0.213383357509076,ret_6m,low,9.7,young,1.0,2026-09-17
,28.0,025918,易方达科技先锋混合A,0.20356521950672857,ret_6m,low,10.0,young,1.0,2026-09-17
,29.0,025824,易方达产业优选混合A,0.18544707214280498,ret_6m,low,10.4,young,1.0,2026-09-17
,30.0,025511,广发信息产业股票发起式A,0.1702869983653843,ret_6m,low,10.4,young,1.0,2026-09-17
,31.0,025736,华西科技成长股票,0.16076820879253306,ret_6m,low,9.7,young,1.0,2026-09-17
,32.0,025499,东方阿尔法科技智选混合发起A,0.1584655845932521,ret_6m,low,12.2,short,1.0,2026-09-17
,33.0,025926,中信保诚医药精选混合A,0.14298566060351892,ret_6m,low,9.5,young,1.0,2026-09-17
,34.0,025580,财通消费优选混合发起A,0.14116589677197955,ret_6m,low,9.0,young,1.0,2026-09-17
,35.0,026488,安信资源睿选股票发起A,0.1240204970252643,ret_6m,low,7.2,young,1.0,2026-09-17
,36.0,025082,摩根慧启成长混合A,0.12375931225346393,ret_6m,low,9.5,young,1.0,2026-09-17
,37.0,025830,嘉实成长共享混合A,0.11862322695243144,ret_6m,low,10.6,young,1.0,2026-09-17
,38.0,023420,永赢锐见先锋混合A,0.10978153145336722,ret_6m,low,12.5,short,1.0,2026-09-17
,39.0,024454,景顺长城成长同行混合,0.10700278610799518,ret_6m,low,14.7,short,1.0,2026-09-17
,40.0,026282,东方红先锋锐选混合发起A,0.10448348096926452,ret_6m,low,8.6,young,1.0,2026-09-17
,41.0,025368,东财启和混合A,0.09231578960288278,ret_6m,low,8.7,young,1.0,2026-09-17
,42.0,026177,华商品质甄选混合A,0.06988933571295286,ret_6m,low,7.7,young,1.0,2026-09-17
,43.0,026284,东方红嘉享混合发起A,0.06147355986019787,ret_6m,low,8.6,young,1.0,2026-09-17
,44.0,026470,泓德医药精选混合发起式A,0.058470429065290874,ret_6m,low,7.9,young,1.0,2026-09-17
,45.0,023824,永赢国企机遇慧选混合发起A,0.054430240310567646,ret_6m,low,13.6,short,1.0,2026-09-17
,46.0,025658,国金科创创业量化选股股票A,0.047485660963690224,ret_6m,low,9.0,young,1.0,2026-09-17
,47.0,026760,财信均衡致远混合发起式A,0.043950156028225607,ret_6m,low,7.2,young,1.0,2026-09-17
,48.0,025769,中金进取回报混合A,0.042754697169463673,ret_6m,low,10.4,young,1.0,2026-09-17
,49.0,024534,平安港股通科技精选混合A,0.041662490218864034,ret_6m,low,12.5,short,1.0,2026-09-17
,50.0,024638,永赢汇达6个月持有混合A,0.03768138718203229,ret_6m,low,14.1,short,1.0,2026-09-17
,51.0,026699,新华大盘成长量化选股混合发起A,0.03608114526991857,ret_6m,low,7.6,young,1.0,2026-09-17
,52.0,025068,建信医疗创新股票A,0.032552635850669365,ret_6m,low,12.7,short,1.0,2026-09-17
,53.0,026089,上银医疗创新混合发起式A,0.0269795971771436,ret_6m,low,9.0,young,1.0,2026-09-17
,54.0,023457,前海开源研究优选混合A,0.02530373067204117,ret_6m,low,12.9,short,1.0,2026-09-17
,55.0,025995,大成荣享混合A,0.023123838554765852,ret_6m,low,9.0,young,1.0,2026-09-17
,56.0,023951,农银平衡价值混合A,0.02064198678814222,ret_6m,low,11.8,young,1.0,2026-09-17
,57.0,025386,万家智胜量化选股股票A,0.020378965404279192,ret_6m,low,10.4,young,1.0,2026-09-17
,58.0,024354,国泰红利智选混合A,0.019405189718653792,ret_6m,low,12.3,short,1.0,2026-09-17
,59.0,025928,恒生前海成长先锋混合A,0.017360933004077816,ret_6m,low,7.7,young,1.0,2026-09-17
,60.0,025773,中金丰裕稳健一年持有混合A,0.015719092338514207,ret_6m,low,10.0,young,1.0,2026-09-17
,61.0,026251,易方达消费机遇混合A,0.01547276714813206,ret_6m,low,8.6,young,0.9764,2026-09-17
,62.0,025648,易方达港股通科技混合A,0.01332636325157388,ret_6m,low,11.1,young,1.0,2026-09-17
,63.0,023943,天弘安和平衡混合A,0.01278548621913167,ret_6m,low,12.7,short,1.0,2026-09-17
,64.0,025702,惠升均衡回报混合A,0.012508062205749404,ret_6m,low,9.3,young,1.0,2026-09-17
,65.0,025748,招商医药量化选股混合发起式A,0.00904255578520563,ret_6m,low,7.9,young,1.0,2026-09-17
,66.0,025997,永赢汇欣混合A,0.0074267944849906176,ret_6m,low,8.8,young,0.9843,2026-09-17
,67.0,025993,银华盛安六个月持有混合A,0.007076259955886233,ret_6m,low,9.0,young,1.0,2026-09-17
,68.0,025533,光大阳光优选一年持有混合A,0.0049872866678217775,ret_6m,low,9.6,young,1.0,2026-09-17
,69.0,025149,华富福盛一年持有期混合A,0.004742788599688463,ret_6m,low,10.9,young,1.0,2026-09-17
,70.0,024658,国联价值均衡混合A,0.0018282621596759085,ret_6m,low,9.7,young,1.0,2026-09-17
,71.0,026195,易方达港股通医药混合A,0.0017727712839563647,ret_6m,low,7.7,young,0.9764,2026-09-17
,72.0,025904,兴证资管恒睿致胜混合发起式A,0.0004303376253591562,ret_6m,low,9.5,young,1.0,2026-09-17
,73.0,025715,安联睿利6个月持有混合A,0.00017618050083090253,ret_6m,low,8.8,young,1.0,2026-09-17
,74.0,026140,财信芙璟混合A,0.00017371228274942752,ret_6m,low,8.8,young,1.0,2026-09-17
,75.0,024361,中欧红利慧选混合发起A,-0.0006630223335657437,ret_6m,low,10.6,young,1.0,2026-09-17
,76.0,025688,中金阿尔法优选混合A,-0.004039161053446372,ret_6m,low,10.2,young,1.0,2026-09-17
,77.0,003813,泰康金泰回报3个月持有A,-0.004979432229246572,ret_6m,low,115.8,full,1.0,2026-09-17
,78.0,025352,凯石瑞鑫6个月持有混合发起A,-0.005668760574615961,ret_6m,low,12.4,short,1.0,2026-09-17
,79.0,024645,平安瑞和6个月持有混合A,-0.006012585327191067,ret_6m,low,12.0,short,1.0,2026-09-17
,80.0,025058,中欧核心智选混合A,-0.006045954766145223,ret_6m,low,13.1,short,1.0,2026-09-17
,81.0,025709,汇添富价值驱动混合A,-0.006116102211843666,ret_6m,low,10.2,young,1.0,2026-09-17
,82.0,026237,广发平衡精选混合D,-0.007264702841079496,ret_6m,low,8.6,young,1.0,2026-09-17
,83.0,025964,广发创新成长混合A,-0.007286022910029,ret_6m,low,9.3,young,1.0,2026-09-17
,84.0,026529,贝莱德富元金利混合A,-0.008156200722215012,ret_6m,low,7.2,young,0.9843,2026-09-17
,85.0,025668,申万菱信宁通六个月持有期混合,-0.009155076060223699,ret_6m,low,9.9,young,0.9843,2026-09-17
,86.0,025721,中欧价值优选混合A,-0.009174942641821615,ret_6m,low,7.8,young,0.9843,2026-09-17
,87.0,025077,华泰柏瑞制造业主题混合A,-0.00982837051147556,ret_6m,low,11.6,young,1.0,2026-09-17
,88.0,025656,国金智远量化选股混合A,-0.015271181928204647,ret_6m,low,10.4,young,1.0,2026-09-17
,89.0,024594,财通华晟量化选股混合A,-0.01587403810349075,ret_6m,low,12.4,short,1.0,2026-09-17
,90.0,025558,光大阳光启明星创新驱动混合A,-0.01660664706228543,ret_6m,low,9.6,young,1.0,2026-09-17
,91.0,026886,财通资管消费研选混合发起式A,-0.018185093820991316,ret_6m,low,6.2,young,1.0,2026-09-17
,92.0,025771,中金安心回报混合A,-0.01943880161755529,ret_6m,low,10.0,young,1.0,2026-09-17
,93.0,025843,兴证资管金麒麟兴睿优选混合D,-0.020055875592100647,ret_6m,low,10.6,young,1.0,2026-09-17
,94.0,024923,招商资管智达红利优选混合发起A,-0.023312119860856573,ret_6m,low,13.0,short,1.0,2026-09-17
,95.0,026609,工银前瞻成长混合A,-0.023494619654729543,ret_6m,low,7.6,young,1.0,2026-09-17
,96.0,025358,鑫元锦鑫回报混合A,-0.027150320165536534,ret_6m,low,11.7,young,1.0,2026-09-17
,97.0,025428,东方红研究精选混合A,-0.027671335594540047,ret_6m,low,11.8,young,1.0,2026-09-17
,98.0,025075,汇添富成长优选混合A,-0.028091862454909244,ret_6m,low,12.0,short,1.0,2026-09-17
,99.0,023186,国联安红利慧选混合发起式A,-0.028221936371016332,ret_6m,low,8.8,young,1.0,2026-09-17
,100.0,025546,财通周期优选混合A,-0.028259498314126774,ret_6m,low,7.2,young,1.0,2026-09-17
,101.0,026520,财通资管量化选股股票发起式A,-0.03068992576995666,ret_6m,low,7.4,young,1.0,2026-09-17
,102.0,024841,信澳高端装备混合A,-0.031732227817978464,ret_6m,low,10.2,young,1.0,2026-09-17
,103.0,024683,东海价值臻选混合A,-0.03182014481628226,ret_6m,low,12.0,short,1.0,2026-09-17
,104.0,026173,路博迈港股通科技股票A,-0.03383444769563271,ret_6m,low,8.6,young,1.0,2026-09-17
,105.0,025065,平安研究驱动混合A,-0.03424984099571826,ret_6m,low,11.6,young,1.0,2026-09-17
,106.0,025956,新华科技优选混合发起A,-0.03577979377605178,ret_6m,low,9.0,young,1.0,2026-09-17
,107.0,025355,东海启恒混合发起式A,-0.03590854169968072,ret_6m,low,11.8,young,1.0,2026-09-17
,108.0,024964,南方多元价值一年持有混合A,-0.0363859013747746,ret_6m,low,10.4,young,0.9921,2026-09-17
,109.0,025184,中银品质新兴混合A,-0.03647794761111012,ret_6m,low,9.5,young,1.0,2026-09-17
,110.0,026199,大摩港股通多元成长混合A,-0.038182871172622646,ret_6m,low,8.1,young,1.0,2026-09-17
,111.0,024866,圆信永丰新材料混合发起A,-0.03828406406099283,ret_6m,low,10.5,young,1.0,2026-09-17
,112.0,026495,东方红消费研选混合发起A,-0.04090447133566921,ret_6m,low,8.2,young,1.0,2026-09-17
,113.0,025828,中欧多元平衡混合A,-0.0409292876876437,ret_6m,low,9.4,young,1.0,2026-09-17
,114.0,026619,安信消费睿选股票发起A,-0.04287390922367129,ret_6m,low,7.2,young,1.0,2026-09-17
,115.0,025985,东海领航精选3个月持有混合发起式A,-0.04380038598252822,ret_6m,low,8.6,young,1.0,2026-09-17
,116.0,025584,光大阳光智造混合A,-0.04532608822925144,ret_6m,low,9.6,young,1.0,2026-09-17
,117.0,026072,广发研究智选混合A,-0.04866696913230495,ret_6m,low,7.9,young,0.9921,2026-09-17
,118.0,026678,恒越嘉润量化选股混合A,-0.049595931390529535,ret_6m,low,7.4,young,1.0,2026-09-17
,119.0,026187,中邮周期精选混合发起式A,-0.05111571271059445,ret_6m,low,8.7,young,1.0,2026-09-17
,120.0,023871,人保均衡智选混合A,-0.051777875421145425,ret_6m,low,11.7,young,1.0,2026-09-17
,121.0,025788,广发质量优选股票A,-0.05361728196002591,ret_6m,low,8.8,young,0.9921,2026-09-17
,122.0,024385,国金红利量化选股混合A,-0.0573662124155635,ret_6m,low,12.7,short,1.0,2026-09-17
,123.0,024598,兴业医疗创新混合发起式A,-0.05810528359293321,ret_6m,low,14.6,short,1.0,2026-09-17
,124.0,025845,华安消费智选混合发起式A,-0.058156186412154254,ret_6m,low,9.7,young,1.0,2026-09-17
,125.0,025231,中信建投价值增长混合A,-0.05865168630907647,ret_6m,low,11.8,young,1.0,2026-09-17
,126.0,026468,山证资管数字经济锐选股票发起式A,-0.06023054184624077,ret_6m,low,8.5,young,1.0,2026-09-17
,127.0,025069,景顺长城高端装备股票,-0.0604884917641364,ret_6m,low,11.8,young,1.0,2026-09-17
,128.0,023082,东方红慧选成长混合A,-0.062217115717428606,ret_6m,low,12.3,short,1.0,2026-09-17
,129.0,025011,财通华裕量化选股股票A,-0.06253286226277333,ret_6m,low,11.6,young,1.0,2026-09-17
,130.0,025073,南方瑞景混合A,-0.06646115506402361,ret_6m,low,12.0,short,1.0,2026-09-17
,131.0,025392,建信红利严选混合发起A,-0.06705611385141763,ret_6m,low,9.6,young,1.0,2026-09-17
,132.0,026074,恒生前海成长动力混合A,-0.06817969678941815,ret_6m,low,7.6,young,1.0,2026-09-17
,133.0,024398,浦银港股通央企红利混合A,-0.06859373181323114,ret_6m,low,13.6,short,1.0,2026-09-17
,134.0,022673,平安产业竞争力混合A,-0.06920283728537846,ret_6m,low,8.8,young,0.9843,2026-09-17
,135.0,025666,银华鑫禾混合A,-0.06945493605784803,ret_6m,low,10.0,young,1.0,2026-09-17
,136.0,024445,工银泓裕回报混合,-0.07250411036991022,ret_6m,low,14.7,short,1.0,2026-09-17
,137.0,026600,明亚远臻智选混合A,-0.07397777839185127,ret_6m,low,8.0,young,1.0,2026-09-17
,138.0,024729,兴业先进制造混合发起式A,-0.07398587095258968,ret_6m,low,13.7,short,1.0,2026-09-17
,139.0,024900,西部利得专精特新量化选股混合A,-0.07453944392552914,ret_6m,low,10.0,young,1.0,2026-09-17
,140.0,025349,广发乾享核心精选混合A,-0.0760070464525553,ret_6m,low,11.7,young,1.0,2026-09-17
,141.0,026076,恒生前海港股通科技成长混合A,-0.0772298929257208,ret_6m,low,7.7,young,1.0,2026-09-17
,142.0,025222,创金合信弘科混合发起A,-0.07750640919307483,ret_6m,low,9.5,young,1.0,2026-09-17
,143.0,025753,招商均衡配置混合C,-0.07762607514322006,ret_6m,low,8.8,young,0.9843,2026-09-17
,144.0,026756,鑫元鑫锐量化选股混合发起式A,-0.07798139489202804,ret_6m,low,7.7,young,1.0,2026-09-17
,145.0,025326,银华嘉瑞平衡混合发起式A,-0.07848358901551677,ret_6m,low,10.6,young,1.0,2026-09-17
,146.0,025486,中邮新锐量化选股混合发起式A,-0.07973972023328779,ret_6m,low,10.4,young,1.0,2026-09-17
,147.0,024464,招商价值严选混合,-0.08044284422050452,ret_6m,low,14.7,short,1.0,2026-09-17
,148.0,024421,华夏信选混合A,-0.08209487370055779,ret_6m,low,12.2,short,1.0,2026-09-17
,149.0,025544,汇添富港股通科技精选混合发起式A,-0.08545959303598039,ret_6m,low,10.6,young,1.0,2026-09-17
,150.0,025449,万家数字经济股票发起式A,-0.08659692869818847,ret_6m,low,12.0,young,1.0,2026-09-17
,151.0,023433,金元顺安乾利混合A,-0.08830867806550002,ret_6m,low,12.6,short,1.0,2026-09-17
,152.0,025404,苏新睿见量化选股股票A,-0.08944720371805237,ret_6m,low,10.4,young,1.0,2026-09-17
,153.0,025447,万家元晟量化选股混合发起式A,-0.0895198343870004,ret_6m,low,12.2,short,1.0,2026-09-17
,154.0,026837,财通资管周期研选混合发起式A,-0.08988618837303297,ret_6m,low,6.7,young,1.0,2026-09-17
,155.0,025848,西部利得红利鑫选混合发起A,-0.09001228357557667,ret_6m,low,7.7,young,1.0,2026-09-17
,156.0,026562,国泰海通制造升级睿选混合发起A,-0.09095800515264152,ret_6m,low,7.9,young,1.0,2026-09-17
,157.0,026617,万家致远动力混合发起式A,-0.09312379224802558,ret_6m,low,7.7,young,1.0,2026-09-17
,158.0,025750,兴证资管金麒麟均衡优选混合D,-0.09481835777024017,ret_6m,low,10.9,young,1.0,2026-09-17
,159.0,026081,财通资管优质研选混合发起式A,-0.0956370187565172,ret_6m,low,8.7,young,1.0,2026-09-17
,160.0,025445,万家周期视野股票发起式A,-0.09814814430023355,ret_6m,low,12.0,young,1.0,2026-09-17
,161.0,025568,光大阳光稳健增长混合A,-0.10207684246250248,ret_6m,low,9.6,young,1.0,2026-09-17
,162.0,024261,中邮先进制造混合发起式A,-0.10344676308619105,ret_6m,low,13.6,short,1.0,2026-09-17
,163.0,025408,兴华景明混合A,-0.10359543903815016,ret_6m,low,11.8,young,1.0,2026-09-17
,164.0,025527,中金优势领航一年持有混合A,-0.10882647546699753,ret_6m,low,11.8,young,1.0,2026-09-17
,165.0,025573,光大阳光混合A,-0.11810544573734116,ret_6m,low,9.6,young,1.0,2026-09-17
,166.0,026257,平安新锐量化选股混合发起式A,-0.11825357389966984,ret_6m,low,7.2,young,1.0,2026-09-17
,167.0,026078,中航卓越领航混合发起A,-0.12112269125077557,ret_6m,low,9.4,young,1.0,2026-09-17
,168.0,012360,汇丰晋信港股通核心资产股票发起式A,-0.12219729127225876,ret_6m,low,13.2,short,1.0,2026-09-17
,169.0,025255,鹏扬港股通精选混合A,-0.12396692523559683,ret_6m,low,9.0,young,1.0,2026-09-17
,170.0,026323,广发消费智选混合A,-0.1253733185062097,ret_6m,low,8.7,young,1.0,2026-09-17
,171.0,025299,交银港股通优质精选混合C,-0.12749353583059742,ret_6m,low,11.8,young,1.0,2026-09-17
,172.0,024836,中欧港股通科技混合发起A,-0.12949543769276595,ret_6m,low,12.0,short,1.0,2026-09-17
,173.0,025792,东方阿尔法科技甄选混合发起A,-0.1301275676310646,ret_6m,low,10.6,young,1.0,2026-09-17
,174.0,026327,广发乾元价值增长混合A,-0.13204109890676552,ret_6m,low,8.7,young,1.0,2026-09-17
,175.0,025674,鑫元港股通领航混合A,-0.13265367314460697,ret_6m,low,9.5,young,1.0,2026-09-17
,176.0,025794,中欧新能源主题混合发起A,-0.13345208726996627,ret_6m,low,9.9,young,1.0,2026-09-17
,177.0,025933,中欧价值裕享混合A,-0.13527970482996687,ret_6m,low,9.9,young,1.0,2026-09-17
,178.0,021194,格林科技成长混合A,-0.13596449989955262,ret_6m,low,12.0,short,1.0,2026-09-17
,179.0,024672,永赢价值回报混合A,-0.13614954559936343,ret_6m,low,10.4,young,1.0,2026-09-17
,180.0,026680,永赢产业机遇智选混合发起A,-0.1411458917364229,ret_6m,low,7.6,young,1.0,2026-09-17
,181.0,025060,国泰优质核心混合A,-0.1441047256818555,ret_6m,low,12.5,short,1.0,2026-09-17
,182.0,023834,广发资源智选股票发起式A,-0.14538976295937367,ret_6m,low,12.8,short,1.0,2026-09-17
,183.0,026070,安信港股通臻选混合发起A,-0.14643082638076443,ret_6m,low,8.6,young,1.0,2026-09-17
,184.0,025777,东方阿尔法瑞享混合发起A,-0.1469282149853406,ret_6m,low,10.9,young,1.0,2026-09-17
,185.0,023839,银华甄选价值回报混合A,-0.15168339108940443,ret_6m,low,12.0,young,1.0,2026-09-17
,186.0,026253,国泰产业升级混合发起A,-0.1518889891637325,ret_6m,low,8.7,young,0.9764,2026-09-17
,187.0,024374,招商消费悦享混合发起式C,-0.15989211103941425,ret_6m,low,11.6,young,1.0,2026-09-17
,188.0,026686,兴华景睿混合发起A,-0.1652940495850369,ret_6m,low,7.2,young,1.0,2026-09-17
,189.0,025319,金元顺安乾丰稳健混合A,-0.16532720268942291,ret_6m,low,10.0,young,1.0,2026-09-17
,190.0,025439,永赢启航慧选混合A,-0.16663688745460137,ret_6m,low,9.0,young,1.0,2026-09-17
,191.0,025202,中欧港股通大盘精选混合发起A,-0.16683511444682864,ret_6m,low,8.1,young,1.0,2026-09-17
,192.0,025854,中信保诚消费机遇混合A,-0.171547511794219,ret_6m,low,10.4,young,1.0,2026-09-17
,193.0,024330,华夏资源精选混合发起式A,-0.1774932357278507,ret_6m,low,10.5,young,1.0,2026-09-17
,194.0,025870,圆信永丰沪港深消费精选混合发起A,-0.1791223688399921,ret_6m,low,9.5,young,1.0,2026-09-17
,195.0,025287,恒生前海匠心精选混合A,-0.1808211579381327,ret_6m,low,12.2,short,1.0,2026-09-17
,196.0,025694,中银港股通消费精选混合发起A,-0.18540361157725205,ret_6m,low,9.7,young,1.0,2026-09-17
,197.0,026524,泰信消费精选混合发起式A,-0.18895252248577488,ret_6m,low,7.4,young,1.0,2026-09-17
,198.0,026560,国泰海通低碳经济睿选混合发起A,-0.19391578154855116,ret_6m,low,7.9,young,1.0,2026-09-17
,199.0,026271,上银消费机遇混合发起式A,-0.1976167285859889,ret_6m,low,8.6,young,1.0,2026-09-17
,200.0,026332,广发盛世精选混合A,-0.19848688100002587,ret_6m,low,8.7,young,1.0,2026-09-17
,201.0,025923,平安新能源精选混合发起式A,-0.20207710518584865,ret_6m,low,10.2,young,1.0,2026-09-17
,202.0,026662,建信资源严选股票发起A,-0.20650920499664394,ret_6m,low,7.2,young,1.0,2026-09-17
,203.0,025390,平安港股通成长精选混合A,-0.21995035451705314,ret_6m,low,10.0,young,1.0,2026-09-17
,204.0,025940,浦银港股通消费混合A,-0.2261449384649521,ret_6m,low,9.7,young,1.0,2026-09-17
,205.0,025646,平安高端装备混合发起式A,-0.2283080556371634,ret_6m,low,10.6,young,1.0,2026-09-17
,206.0,026384,中航甄选领航混合发起A,-0.22900009093356755,ret_6m,low,7.4,young,1.0,2026-09-17
,207.0,025838,中海港股通睿选混合A,-0.22968330940181914,ret_6m,low,9.6,young,1.0,2026-09-17
,208.0,025459,湘财科技智选混合A,-0.24546247627203144,ret_6m,low,11.7,young,1.0,2026-09-17
,209.0,026167,国泰港股通精选混合发起A,-0.2601239544545755,ret_6m,low,8.7,young,1.0,2026-09-17
,210.0,024826,东兴低碳经济混合发起A,-0.27113400374049523,ret_6m,low,8.6,young,1.0,2026-09-17
,211.0,025650,平安资源精选混合发起式A,-0.2720988206477246,ret_6m,low,11.1,young,1.0,2026-09-17
,212.0,026003,鹏安核心优选混合发起式A,-0.2729013175795425,ret_6m,low,8.9,young,1.0,2026-09-17
,213.0,024319,永赢新兴产业智选混合发起A,-0.27721561103799974,ret_6m,low,12.2,short,1.0,2026-09-17
,214.0,024790,鑫元产业机遇混合A,-0.28897691455242824,ret_6m,low,11.8,young,1.0,2026-09-17
,215.0,026516,上银科技先锋股票发起式A,-0.2906877506705964,ret_6m,low,7.9,young,1.0,2026-09-17
,216.0,025839,恒生前海成长领航混合A,-0.30251546478579006,ret_6m,low,9.7,young,1.0,2026-09-17
,217.0,026638,新华医疗创新混合发起A,-0.3097158623014895,ret_6m,low,7.9,young,1.0,2026-09-17
,218.0,024271,恒生前海瑞丰混合A,-0.36311655279077426,ret_6m,low,12.3,short,1.0,2026-09-17
,219.0,025340,鹏华制造升级混合A,-0.3850596316469995,ret_6m,low,11.1,young,1.0,2026-09-17
,220.0,026068,新华低碳经济混合发起A,-0.4278587069887453,ret_6m,low,8.8,young,1.0,2026-09-17
1.0,,002910,易方达供给改革混合,1.8292693481395395,ret_12m,main,115.7,full,1.0,2026-09-17
2.0,,021179,易方达产业机遇混合A,1.7185672033970447,ret_12m,main,24.6,short,1.0,2026-09-17
3.0,,004320,前海开源沪港深乐享生活,1.625264793760477,ret_12m,main,112.2,full,1.0,2026-09-17
4.0,,005844,东方人工智能主题混合A,1.5793919518847583,ret_12m,main,99.4,full,1.0,2026-09-17
5.0,,013840,银华集成电路混合A,1.5454783037788302,ret_12m,main,57.3,full,1.0,2026-09-17
6.0,,005825,申万菱信智能驱动股票A,1.3866865573169478,ret_12m,main,99.2,full,1.0,2026-09-17
7.0,,011369,华商均衡成长混合A,1.3686645479535424,ret_12m,main,65.3,full,1.0,2026-09-17
8.0,,005119,银华智荟内在价值灵活配置混合发起A,1.363923021131491,ret_12m,main,107.6,full,1.0,2026-09-17
9.0,,481015,工银主题策略混合A,1.343235108413864,ret_12m,main,178.8,full,1.0,2026-09-17
10.0,,007490,南方信息创新混合A,1.3346401035321422,ret_12m,main,87.0,full,1.0,2026-09-17
11.0,,001480,财通成长优选混合A,1.3200525779707117,ret_12m,main,134.6,full,1.0,2026-09-17
12.0,,001411,诺安创新驱动混合A,1.3112976672191246,ret_12m,main,135.0,full,1.0,2026-09-17
13.0,,001198,东方惠新灵活配置混合A,1.2974741317644671,ret_12m,main,136.9,full,1.0,2026-09-17
14.0,,006502,财通集成电路产业股票A,1.2711126259195122,ret_12m,main,93.6,full,1.0,2026-09-17
15.0,,014736,创金合信专精特新股票发起A,1.2314087019884683,ret_12m,main,55.7,full,1.0,2026-09-17
16.0,,018358,华富数字经济混合A,1.2260213953926842,ret_12m,main,38.9,full,1.0,2026-09-17
17.0,,162214,宏利领先中小盘混合,1.2159949469865037,ret_12m,main,187.7,full,1.0,2026-09-17
18.0,,720001,财通价值动量混合A,1.2038460707190692,ret_12m,main,177.5,full,1.0,2026-09-17
19.0,,110005,易方达积极成长混合,1.1818577158805086,ret_12m,main,264.2,full,1.0,2026-09-17
20.0,,001184,易方达新常态混合A,1.1261183163059374,ret_12m,main,136.6,full,1.0,2026-09-17
21.0,,002289,华商改革创新股票A,1.1245851964274785,ret_12m,main,102.5,full,1.0,2026-09-17
22.0,,013107,华夏先进制造龙头混合A,1.1052545516710168,ret_12m,main,58.0,full,1.0,2026-09-17
23.0,,005628,汇安趋势动力股票A,1.0892095969146398,ret_12m,main,100.8,full,1.0,2026-09-17
24.0,,001170,宏利复兴混合A,1.0886144584730197,ret_12m,main,136.9,full,1.0,2026-09-17
25.0,,630001,华商领先企业混合,1.0722204600871228,ret_12m,main,232.1,full,1.0,2026-09-17
26.0,,001741,广发百发大数据精选混合A,1.0425678429176588,ret_12m,main,132.1,full,1.0,2026-09-17
27.0,,005903,宏利绩优混合A,1.0318035001393508,ret_12m,main,99.2,full,1.0,2026-09-17
28.0,,021626,华富半导体产业混合发起式A,1.0309049295121646,ret_12m,main,21.8,short,1.0,2026-09-17
29.0,,002125,广发新兴成长混合A,1.0244264907386649,ret_12m,main,108.1,full,1.0,2026-09-17
30.0,,519773,交银数据产业灵活配置混合A,1.023530620003993,ret_12m,main,121.0,full,1.0,2026-09-17
31.0,,020469,长城半导体混合发起式A,1.0155777074065009,ret_12m,main,30.7,short,1.0,2026-09-17
32.0,,011891,易方达先锋成长混合A,1.0093330869567305,ret_12m,main,59.8,full,1.0,2026-09-17
33.0,,008528,华泰柏瑞质量成长A,1.008832481708763,ret_12m,main,78.0,full,1.0,2026-09-17
34.0,,016500,华夏半导体龙头混合发起A,1.0083108012857758,ret_12m,main,47.9,full,1.0,2026-09-17
35.0,,007639,汇添富竞争优势灵活配置混合,1.004479655552176,ret_12m,main,84.4,full,1.0,2026-09-17
36.0,,162201,宏利成长混合,1.00154988574167,ret_12m,main,280.8,full,1.0,2026-09-17
37.0,,001437,易方达瑞享混合I,1.0005148843594878,ret_12m,main,134.7,full,1.0,2026-09-17
38.0,,010115,易方达远见成长混合A,1.000177517088114,ret_12m,main,66.4,full,1.0,2026-09-17
39.0,,001723,华商新动力混合A,0.9998511342937437,ret_12m,main,132.0,full,1.0,2026-09-17
40.0,,008734,交银科锐科技创新混合A,0.9926903136541314,ret_12m,main,79.9,full,1.0,2026-09-17
41.0,,519770,交银优择回报灵活配置混合A,0.9872275881569663,ret_12m,main,124.8,full,1.0,2026-09-17
42.0,,019829,华夏数字产业混合A,0.9852547563177765,ret_12m,main,29.8,short,1.0,2026-09-17
43.0,,006976,鹏华核心优势混合A,0.9823746818486498,ret_12m,main,89.5,full,1.0,2026-09-17
44.0,,013296,民生加银聚优精选混合A,0.9816081009584761,ret_12m,main,59.1,full,1.0,2026-09-17
45.0,,011488,申万菱信乐享混合A,0.9767902377981654,ret_12m,main,65.8,full,1.0,2026-09-17
46.0,,010415,华泰柏瑞质量精选混合A,0.9650864504602963,ret_12m,main,65.6,full,1.0,2026-09-17
47.0,,001753,红土创新新兴产业混合A,0.9644217733831888,ret_12m,main,131.8,full,1.0,2026-09-17
48.0,,310358,申万菱信新经济混合A,0.9577742193639724,ret_12m,main,237.4,full,1.0,2026-09-17
49.0,,010335,华宝竞争优势混合A,0.9556219752033861,ret_12m,main,69.3,full,1.0,2026-09-17
50.0,,018776,金信精选成长混合A,0.9538823566936923,ret_12m,main,36.1,full,1.0,2026-09-17
51.0,,540010,汇丰晋信科技先锋股票,0.9534396986877174,ret_12m,main,181.7,full,1.0,2026-09-17
52.0,,013721,信澳景气优选混合A,0.9444005962199837,ret_12m,main,56.9,full,1.0,2026-09-17
53.0,,016370,信澳业绩驱动混合A,0.9420177767608195,ret_12m,main,48.8,full,1.0,2026-09-17
54.0,,460007,华泰柏瑞行业领先混合,0.9402940542755862,ret_12m,main,205.5,full,1.0,2026-09-17
55.0,,007872,金信稳健策略混合A,0.94006874207609,ret_12m,main,81.1,full,1.0,2026-09-17
56.0,,501026,财通多策略福享混合(LOF)A,0.937204066803698,ret_12m,main,120.0,full,1.0,2026-09-17
57.0,,001715,工银新焦点混合A,0.9368091105015972,ret_12m,main,119.2,full,1.0,2026-09-17
58.0,,002376,国寿安保核心产业混合,0.9362695444821405,ret_12m,main,127.4,full,1.0,2026-09-17
59.0,,023313,国泰聚鑫量化选股混合发起A,0.9356297682643473,ret_12m,main,12.5,short,0.9842,2026-09-17
60.0,,016372,信澳匠心严选一年持有混合A,0.9348107014580571,ret_12m,main,48.3,full,1.0,2026-09-17
61.0,,018287,信澳优势产业混合A,0.9294393510168106,ret_12m,main,39.7,full,1.0,2026-09-17
62.0,,200012,长城中小盘成长混合A,0.9292871582561748,ret_12m,main,187.7,full,1.0,2026-09-17
63.0,,002692,富国创新科技混合A,0.9291714433682301,ret_12m,main,123.0,full,1.0,2026-09-17
64.0,,005819,国泰优势行业混合A,0.9284720387115262,ret_12m,main,100.0,full,1.0,2026-09-17
65.0,,010389,易方达科益混合A,0.9247744272156575,ret_12m,main,70.5,full,1.0,2026-09-17
66.0,,011377,创金合信积极成长股票A,0.9146239902681268,ret_12m,main,67.3,full,1.0,2026-09-17
67.0,,000742,国泰新经济灵活配置混合A,0.9137591806033161,ret_12m,main,144.0,full,1.0,2026-09-17
68.0,,180031,银华中小盘混合A,0.9055957770526291,ret_12m,main,170.9,full,1.0,2026-09-17
69.0,,024423,东方阿尔法科技优选混合发起A,0.9052897493060224,ret_12m,main,15.4,short,1.0,2026-09-17
70.0,,000017,财通可持续混合A,0.9008454336305629,ret_12m,main,161.7,full,1.0,2026-09-17
71.0,,006265,红土创新新科技股票A,0.8992016310168418,ret_12m,main,96.1,full,1.0,2026-09-17
72.0,,008555,华商龙头优势混合,0.8983671699208675,ret_12m,main,75.9,full,1.0,2026-09-17
73.0,,000390,华商优势行业混合A,0.8968135219372964,ret_12m,main,153.2,full,1.0,2026-09-17
74.0,,010912,国泰成长价值混合A,0.8967610216922439,ret_12m,main,65.8,full,1.0,2026-09-17
75.0,,009085,银华丰享一年持有期混合,0.8934038148180239,ret_12m,main,76.6,full,1.0,2026-09-17
76.0,,009707,工银新兴制造混合A,0.8927622146284402,ret_12m,main,72.9,full,1.0,2026-09-17
77.0,,024592,圆信永丰科技驱动混合发起A,0.8894815402950806,ret_12m,main,14.5,short,1.0,2026-09-17
78.0,,001105,信澳转型创新股票A,0.8839071444080355,ret_12m,main,137.1,full,1.0,2026-09-17
79.0,,020775,国寿安保产业升级股票发起式A,0.8822416364824028,ret_12m,main,29.0,short,1.0,2026-09-17
80.0,,002256,金信行业优选混合发起式A,0.8821972407932188,ret_12m,main,125.5,full,1.0,2026-09-17
81.0,,001060,前海开源高端装备制造混合A,0.8784052277685575,ret_12m,main,137.7,full,1.0,2026-09-17
82.0,,016873,广发远见智选混合A,0.8723900671298328,ret_12m,main,45.8,full,1.0,2026-09-17
83.0,,021937,华安半导体产业股票发起式A,0.8709106842075935,ret_12m,main,18.2,short,1.0,2026-09-17
84.0,,010391,易方达战略新兴产业股票A,0.862036653282694,ret_12m,main,68.1,full,1.0,2026-09-17
85.0,,021593,上银数字经济混合发起式A,0.8618034626483129,ret_12m,main,25.4,short,1.0,2026-09-17
86.0,,007349,华夏科技创新混合A,0.8550098745067634,ret_12m,main,88.4,full,1.0,2026-09-17
87.0,,009855,中加新兴成长混合A,0.8446285067895372,ret_12m,main,72.0,full,1.0,2026-09-17
88.0,,003659,山证资管策略精选混合A,0.8357322833149261,ret_12m,main,116.6,full,1.0,2026-09-17
89.0,,005875,易方达中盘成长混合,0.8333735807802252,ret_12m,main,98.5,full,1.0,2026-09-17
90.0,,161606,融通行业景气混合A,0.8330469993950782,ret_12m,main,268.6,full,1.0,2026-09-17
91.0,,501201,红土创新科技创新股票(LOF)A,0.827579815758418,ret_12m,main,73.8,full,1.0,2026-09-17
92.0,,017102,大摩数字经济混合A,0.825453866105671,ret_12m,main,42.5,full,1.0,2026-09-17
93.0,,007343,嘉实科技创新混合,0.8207519025674728,ret_12m,main,88.4,full,1.0,2026-09-17
94.0,,009055,圆信永丰大湾区A,0.8197530974444185,ret_12m,main,76.1,full,1.0,2026-09-17
95.0,,013389,华夏成长先锋一年持有混合A,0.8169679193285895,ret_12m,main,58.0,full,1.0,2026-09-17
96.0,,018815,方正富邦核心优势混合A,0.8164628894813595,ret_12m,main,32.1,short,1.0,2026-09-17
97.0,,001877,宝盈国家安全沪港深股票A,0.8144036011624007,ret_12m,main,127.9,full,1.0,2026-09-17
98.0,,010622,恒越成长精选混合A,0.8133113642298264,ret_12m,main,67.2,full,1.0,2026-09-17
99.0,,001856,易方达环保主题混合A,0.8116592021354396,ret_12m,main,111.5,full,1.0,2026-09-17
100.0,,009993,嘉实前沿创新混合,0.8097616840662238,ret_12m,main,72.1,full,1.0,2026-09-17
101.0,,013383,恒生前海高端制造混合A,0.8063006390477407,ret_12m,main,50.6,full,1.0,2026-09-17
102.0,,001154,华银平安中国主题灵活配置,0.803572378322386,ret_12m,main,136.4,full,1.0,2026-09-17
103.0,,519158,新华趋势领航混合,0.7989981856582378,ret_12m,main,156.2,full,1.0,2026-09-17
104.0,,001759,嘉实成长增强混合,0.7977714897542563,ret_12m,main,118.2,full,1.0,2026-09-17
105.0,,010363,信澳匠心臻选两年持有期混合,0.791160792543073,ret_12m,main,70.6,full,1.0,2026-09-17
106.0,,021792,华泰保兴产业升级混合发起A,0.7870704325701485,ret_12m,main,23.8,short,1.0,2026-09-17
107.0,,006081,海富通电子传媒股票A,0.7846420446498827,ret_12m,main,92.7,full,1.0,2026-09-17
108.0,,011599,国联安匠心科技1个月滚动持有混合,0.7837887219358712,ret_12m,main,64.0,full,1.0,2026-09-17
109.0,,012696,同泰数字经济股票A,0.783032611736243,ret_12m,main,61.7,full,1.0,2026-09-17
110.0,,168401,红土精选混合(LOF)A,0.7704284124139356,ret_12m,main,116.6,full,1.0,2026-09-17
111.0,,160220,国泰民益混合(LOF)A,0.7697157688541931,ret_12m,main,152.6,full,1.0,2026-09-17
112.0,,000411,景顺长城优质成长股票A,0.7679119462107176,ret_12m,main,152.5,full,1.0,2026-09-17
113.0,,519087,新华优选分红混合A,0.7671633368861435,ret_12m,main,252.0,full,1.0,2026-09-17
114.0,,013556,信澳汇智优选一年持有期混合A,0.7667061422785371,ret_12m,main,45.8,full,1.0,2026-09-17
115.0,,012456,鹏扬数字经济先锋混合A,0.766223026765708,ret_12m,main,60.3,full,1.0,2026-09-17
116.0,,011111,华泰柏瑞行业严选混合A,0.7643312410306335,ret_12m,main,63.0,full,1.0,2026-09-17
117.0,,016305,农银专精特新混合A,0.7642503824474027,ret_12m,main,47.6,full,1.0,2026-09-17
118.0,,673141,西部利得景程混合A,0.7607733381738087,ret_12m,main,98.9,full,1.0,2026-09-17
119.0,,001076,易方达改革红利混合,0.7604595680252397,ret_12m,main,136.8,full,1.0,2026-09-17
120.0,,001040,新华策略精选股票A,0.7600397690446772,ret_12m,main,137.6,full,1.0,2026-09-17
121.0,,202027,南方高端装备混合A,0.7547045680726565,ret_12m,main,167.7,full,1.0,2026-09-17
122.0,,168002,国寿安保策略精选混合A,0.752860981501744,ret_12m,main,107.7,full,1.0,2026-09-17
123.0,,530019,建信社会责任混合A,0.7478410361004739,ret_12m,main,169.1,full,1.0,2026-09-17
124.0,,257070,国联安优选行业混合A,0.7468333665890863,ret_12m,main,183.9,full,1.0,2026-09-17
125.0,,001808,银华互联网主题灵活配置混合A,0.7452720294615851,ret_12m,main,130.0,full,1.0,2026-09-17
126.0,,008185,诺安研究优选混合A,0.7443777641416376,ret_12m,main,76.3,full,1.0,2026-09-17
127.0,,160324,华夏磐晟混合(LOF),0.740871135385577,ret_12m,main,111.6,full,1.0,2026-09-17
128.0,,014319,德邦半导体产业混合发起式A,0.7401148339359247,ret_12m,main,56.6,full,1.0,2026-09-17
129.0,,017744,嘉实绿色主题股票发起式A,0.7387985481867279,ret_12m,main,43.0,full,1.0,2026-09-17
130.0,,020553,南方半导体产业股票发起A,0.7386126168748617,ret_12m,main,28.6,short,1.0,2026-09-17
131.0,,009402,交银启明混合A,0.7378540579622817,ret_12m,main,75.7,full,1.0,2026-09-17
132.0,,007685,华商电子行业量化股票发起式A,0.7367602715770736,ret_12m,main,84.0,full,1.0,2026-09-17
133.0,,481010,工银中小盘混合,0.7362573317607208,ret_12m,main,199.2,full,1.0,2026-09-17
134.0,,011899,长安鑫瑞科技6个月定开混合A,0.7302500434790362,ret_12m,main,63.5,full,1.0,2026-09-17
135.0,,020821,大成领先动力混合A,0.7290167577915962,ret_12m,main,24.6,short,1.0,2026-09-17
136.0,,005550,汇安成长优选混合A,0.7288033630639166,ret_12m,main,103.1,full,1.0,2026-09-17
137.0,,007305,国联安新科技混合A,0.7243729824147773,ret_12m,main,83.7,full,1.0,2026-09-17
138.0,,008382,融通产业趋势股票A,0.7242884409120771,ret_12m,main,76.3,full,1.0,2026-09-17
139.0,,000805,中银新经济灵活配置混合A,0.7230479587408549,ret_12m,main,143.6,full,1.0,2026-09-17
140.0,,001036,嘉实企业变革股票,0.7165365387752509,ret_12m,main,139.1,full,1.0,2026-09-17
141.0,,024433,嘉实成长共赢混合A,0.7138110632124794,ret_12m,main,14.9,short,0.9684,2026-09-17
142.0,,001613,长城久祥混合A,0.713803260496604,ret_12m,main,130.3,full,1.0,2026-09-17
143.0,,001144,大成互联网思维混合A,0.7119201848047183,ret_12m,main,136.9,full,1.0,2026-09-17
144.0,,000697,汇添富移动互联股票A,0.7112351843844169,ret_12m,main,144.7,full,1.0,2026-09-17
145.0,,001513,易方达信息产业混合A,0.7095325612153616,ret_12m,main,119.7,full,1.0,2026-09-17
146.0,,020722,国寿安保数字经济股票发起式A,0.7092343405809403,ret_12m,main,30.1,short,1.0,2026-09-17
147.0,,020018,国泰金鹿混合,0.7091959873991394,ret_12m,main,219.2,full,1.0,2026-09-17
148.0,,022364,永赢科技智选混合发起A,0.7059559804563051,ret_12m,main,22.6,short,1.0,2026-09-17
149.0,,200015,长城优化升级混合A,0.7055899017359957,ret_12m,main,172.9,full,1.0,2026-09-17
150.0,,012301,易方达核心智造混合,0.7052473904646026,ret_12m,main,59.6,full,1.0,2026-09-17
151.0,,013250,红土创新智能制造混合型发起式A,0.7047280260213706,ret_12m,main,60.3,full,1.0,2026-09-17
152.0,,001412,德邦鑫星价值灵活配置混合A,0.7045112542315213,ret_12m,main,135.0,full,1.0,2026-09-17
153.0,,006025,诺安优化配置混合A,0.702811901274123,ret_12m,main,95.9,full,1.0,2026-09-17
154.0,,015967,永赢半导体产业智选混合发起A,0.7018883984180941,ret_12m,main,47.8,full,1.0,2026-09-17
155.0,,005090,嘉合睿金混合发起式A,0.6981374785822436,ret_12m,main,101.9,full,1.0,2026-09-17
156.0,,501200,民生加银科技创新混合(LOF),0.6976809642890474,ret_12m,main,76.1,full,1.0,2026-09-17
157.0,,001370,中银新趋势灵活配置混合A,0.6966012017320089,ret_12m,main,135.7,full,1.0,2026-09-17
158.0,,014299,宏利先进制造股票A,0.6961560900549064,ret_12m,main,56.1,full,1.0,2026-09-17
159.0,,003857,前海开源周期优选混合A,0.69599111422386,ret_12m,main,115.7,full,1.0,2026-09-17
160.0,,000939,中银研究精选灵活配置混合A,0.6957100912641048,ret_12m,main,140.8,full,1.0,2026-09-17
161.0,,519935,长信创新驱动股票A,0.6956238482264336,ret_12m,main,119.6,full,1.0,2026-09-17
162.0,,008602,方正富邦新兴成长混合A,0.6952959890419959,ret_12m,main,72.6,full,1.0,2026-09-17
163.0,,001048,富国新兴产业股票A,0.6951745478709508,ret_12m,main,138.2,full,1.0,2026-09-17
164.0,,011186,信澳至诚精选混合A,0.6950435555954364,ret_12m,main,66.5,full,1.0,2026-09-17
165.0,,017723,银华心质混合A,0.6933506885310772,ret_12m,main,41.6,full,1.0,2026-09-17
166.0,,017746,建信电子行业股票A,0.6925870920757249,ret_12m,main,41.2,full,1.0,2026-09-17
167.0,,017488,嘉实信息产业股票发起式A,0.6909969518352794,ret_12m,main,45.0,full,1.0,2026-09-17
168.0,,519172,浦银睿智精选混合A,0.6899999792066263,ret_12m,main,127.4,full,1.0,2026-09-17
169.0,,001404,招商移动互联网产业股票基金A,0.6894618275673916,ret_12m,main,135.0,full,1.0,2026-09-17
170.0,,001607,英大策略优选A,0.6893846678746236,ret_12m,main,129.5,full,1.0,2026-09-17
171.0,,019226,方正富邦金立方一年持有期混合A,0.6892860174050339,ret_12m,main,36.4,full,1.0,2026-09-17
172.0,,020408,华商数字经济混合A,0.6886245633156032,ret_12m,main,26.7,short,1.0,2026-09-17
173.0,,016653,华泰柏瑞行业优选6个月持有期混合C,0.68657270647503,ret_12m,main,46.0,full,1.0,2026-09-17
174.0,,013369,汇添富自主核心科技一年持有混合A,0.6829912823619309,ret_12m,main,54.8,full,1.0,2026-09-17
175.0,,008988,大成科技创新混合A,0.6824347858272426,ret_12m,main,76.6,full,1.0,2026-09-17
176.0,,501079,大成科创主题混合(LOF)A,0.6817296921205109,ret_12m,main,86.0,full,1.0,2026-09-17
177.0,,570008,诺德周期策略混合,0.6807789974699878,ret_12m,main,173.9,full,1.0,2026-09-17
178.0,,013238,财通均衡优选一年持有混合A,0.679877845242508,ret_12m,main,57.8,full,1.0,2026-09-17
179.0,,040025,华安科技动力混合A,0.6789275304686928,ret_12m,main,176.9,full,1.0,2026-09-17
180.0,,013469,泰信低碳经济混合发起式A,0.6767413258125099,ret_12m,main,58.4,full,1.0,2026-09-17
181.0,,003234,中信保诚至利混合A,0.6762039984925339,ret_12m,main,120.5,full,1.0,2026-09-17
182.0,,018000,鹏华芯片产业混合发起式A,0.6759995206259357,ret_12m,main,39.8,full,1.0,2026-09-17
183.0,,001470,融通通鑫灵活配置混合A,0.6738928389676371,ret_12m,main,135.1,full,1.0,2026-09-17
184.0,,002272,新华科技创新主题灵活配置混合A,0.6726834606562357,ret_12m,main,125.9,full,1.0,2026-09-17
185.0,,040001,华安创新混合,0.6718216313881522,ret_12m,main,299.9,full,1.0,2026-09-17
186.0,,005328,前海开源价值策略股票,0.66779863359348,ret_12m,main,104.8,full,1.0,2026-09-17
187.0,,001416,嘉实事件驱动股票,0.6663344135241611,ret_12m,main,135.3,full,1.0,2026-09-17
188.0,,020661,中加科技创新混合发起式A,0.6663085502679496,ret_12m,main,30.2,short,1.0,2026-09-17
189.0,,006887,诺德新生活混合A,0.6659057245936824,ret_12m,main,89.7,full,1.0,2026-09-17
190.0,,009062,财通智慧成长混合A,0.6652827775290806,ret_12m,main,77.5,full,1.0,2026-09-17
191.0,,010013,易方达信息行业精选股票A,0.6652197910176478,ret_12m,main,72.8,full,1.0,2026-09-17
192.0,,019765,国寿安保优选国企股票发起式A,0.6649744341600332,ret_12m,main,34.8,short,1.0,2026-09-17
193.0,,001956,国联安科技动力股票A,0.6643224308004894,ret_12m,main,127.7,full,1.0,2026-09-17
194.0,,005777,广发科技动力股票,0.6640671998811964,ret_12m,main,99.6,full,1.0,2026-09-17
195.0,,006522,财通新兴蓝筹混合A,0.6627576501525851,ret_12m,main,90.6,full,1.0,2026-09-17
196.0,,016237,华夏数字经济龙头混合发起式A,0.6612724493829838,ret_12m,main,49.4,full,1.0,2026-09-17
197.0,,001702,东方创新科技混合,0.6604961198085579,ret_12m,main,132.3,full,1.0,2026-09-17
198.0,,110015,易方达行业领先混合,0.6596502059283686,ret_12m,main,209.7,full,1.0,2026-09-17
199.0,,019426,中银数字经济混合A,0.6557049791792138,ret_12m,main,28.7,short,1.0,2026-09-17
200.0,,016623,银华卓信成长精选混合A,0.6555193766793284,ret_12m,main,46.4,full,1.0,2026-09-17
201.0,,011822,易方达产业升级混合A,0.6545534122981735,ret_12m,main,61.8,full,1.0,2026-09-17
202.0,,001227,中邮信息产业灵活配置混合A,0.6532267167494616,ret_12m,main,136.1,full,1.0,2026-09-17
203.0,,009049,易方达高端制造混合发起式A,0.6527227737543562,ret_12m,main,78.1,full,1.0,2026-09-17
204.0,,002861,工银智能制造股票A,0.6516207162735601,ret_12m,main,110.9,full,1.0,2026-09-17
205.0,,009808,易方达创新成长混合,0.6501425759341979,ret_12m,main,73.8,full,1.0,2026-09-17
206.0,,018244,嘉实产业精选混合A,0.6492365352857878,ret_12m,main,25.6,short,1.0,2026-09-17
207.0,,011817,银华阿尔法混合,0.6477035605005013,ret_12m,main,63.5,full,1.0,2026-09-17
208.0,,740001,长安宏观策略混合A,0.6455794951087468,ret_12m,main,174.3,full,1.0,2026-09-17
209.0,,001396,建信互联网+产业升级股票,0.6445667239047228,ret_12m,main,134.8,full,1.0,2026-09-17
210.0,,000166,中海信息产业混合A,0.6420004650748179,ret_12m,main,157.6,full,1.0,2026-09-17
211.0,,011300,易方达智造优势混合A,0.6408243799473006,ret_12m,main,67.7,full,1.0,2026-09-17
212.0,,003961,易方达瑞程灵活配置混合A,0.6403739866421405,ret_12m,main,117.1,full,1.0,2026-09-17
213.0,,008983,财通科技创新混合A,0.6402308236624565,ret_12m,main,74.3,full,1.0,2026-09-17
214.0,,110029,易方达科讯混合,0.6355848973978908,ret_12m,main,224.4,full,1.0,2026-09-17
215.0,,009994,嘉实创新先锋混合A,0.6338408686073684,ret_12m,main,70.9,full,1.0,2026-09-17
216.0,,002772,光大产业新动力混合A,0.6338127775220561,ret_12m,main,120.1,full,1.0,2026-09-17
217.0,,024052,工银科技先锋混合发起式A,0.6337698493797417,ret_12m,main,14.1,short,1.0,2026-09-17
218.0,,002707,大摩科技领先混合A,0.6271929026827607,ret_12m,main,105.1,full,1.0,2026-09-17
219.0,,014007,华安制造升级一年持有混合A,0.6265281916639196,ret_12m,main,57.0,full,1.0,2026-09-17
220.0,,350007,天治趋势精选混合,0.6253454359519861,ret_12m,main,206.1,full,1.0,2026-09-17
221.0,,011399,汇添富数字未来混合A,0.6243219904654216,ret_12m,main,66.7,full,1.0,2026-09-17
222.0,,000823,银华高端制造业混合A,0.6236666609528727,ret_12m,main,142.1,full,1.0,2026-09-17
223.0,,002244,景顺长城低碳科技主题混合,0.622287531657002,ret_12m,main,126.2,full,1.0,2026-09-17
224.0,,016165,汇添富优势企业精选混合A,0.6219735491238176,ret_12m,main,47.1,full,1.0,2026-09-17
225.0,,013085,申万菱信乐同混合A,0.6215586019843256,ret_12m,main,60.4,full,1.0,2026-09-17
226.0,,010020,华夏线上经济主题精选混合,0.6202756797305897,ret_12m,main,72.7,full,1.0,2026-09-17
227.0,,010371,大成成长进取混合A,0.6201085094688414,ret_12m,main,69.6,full,1.0,2026-09-17
228.0,,017987,易方达国企主题混合A,0.6196997449026318,ret_12m,main,40.4,full,1.0,2026-09-17
229.0,,022995,中海科技创新混合A,0.6182738701197563,ret_12m,main,13.9,short,1.0,2026-09-17
230.0,,519644,银河智联混合A,0.6174689659316999,ret_12m,main,129.0,full,1.0,2026-09-17
231.0,,018547,金鹰产业智选一年持有混合A,0.6166024354486086,ret_12m,main,37.1,full,1.0,2026-09-17
232.0,,020476,泰康半导体量化选股股票发起式A,0.6156945117345309,ret_12m,main,28.4,short,1.0,2026-09-17
233.0,,003853,金鹰信息产业股票A,0.6154817731592332,ret_12m,main,114.3,full,1.0,2026-09-17
234.0,,010557,汇添富数字生活六个月持有混合,0.6148020940753636,ret_12m,main,69.9,full,1.0,2026-09-17
235.0,,014185,招商专精特新股票A,0.6147873554515819,ret_12m,main,57.3,full,1.0,2026-09-17
236.0,,014611,富国核心科技12个月持有混合A,0.614571932728049,ret_12m,main,55.6,full,1.0,2026-09-17
237.0,,015229,华夏低碳经济一年持有混合A,0.6142421107403748,ret_12m,main,50.7,full,1.0,2026-09-17
238.0,,011665,汇添富数字经济引领发展三年持有混合A,0.6133689823678554,ret_12m,main,61.9,full,1.0,2026-09-17
239.0,,012466,嘉实策略精选混合A,0.6130996592709459,ret_12m,main,58.5,full,1.0,2026-09-17
240.0,,000688,景顺长城研究精选股票A,0.6119923364763085,ret_12m,main,145.2,full,1.0,2026-09-17
241.0,,001037,国投瑞银锐意改革混合A,0.6111024092668107,ret_12m,main,137.6,full,1.0,2026-09-17
242.0,,006863,国联安智能制造混合A,0.6104777537348196,ret_12m,main,88.8,full,1.0,2026-09-17
243.0,,010237,安信创新先锋混合发起A,0.6094948367652777,ret_12m,main,70.6,full,1.0,2026-09-17
244.0,,006751,富国互联科技股票A,0.6078028962063347,ret_12m,main,89.8,full,1.0,2026-09-17
245.0,,021382,博时科技驱动混合A,0.6075313426506959,ret_12m,main,27.2,short,1.0,2026-09-17
246.0,,016772,诺德兴新趋势混合A,0.6066193001575491,ret_12m,main,44.9,full,1.0,2026-09-17
247.0,,959991,兴证资管金麒麟领先优势一年持有期混合A,0.6057440672885082,ret_12m,main,76.2,full,1.0,2026-09-17
248.0,,009242,中加核心智造混合A,0.6052137130274406,ret_12m,main,73.9,full,1.0,2026-09-17
249.0,,022334,广发产业甄选混合A,0.6042380819177089,ret_12m,main,20.0,short,1.0,2026-09-17
250.0,,110002,易方达策略成长混合,0.6032824628681221,ret_12m,main,273.3,full,1.0,2026-09-17
251.0,,112002,易方达策略成长二号混合,0.6024564665579926,ret_12m,main,241.1,full,1.0,2026-09-17
252.0,,001194,景顺长城稳健回报混合A,0.6015759135594245,ret_12m,main,137.3,full,1.0,2026-09-17
253.0,,014189,南方专精特新混合A,0.6014804614528853,ret_12m,main,56.4,full,1.0,2026-09-17
254.0,,019119,财通资管产业优选混合发起式A,0.6013454090546826,ret_12m,main,33.1,short,1.0,2026-09-17
255.0,,001387,国联新经济混合A,0.6010648196591328,ret_12m,main,130.0,full,1.0,2026-09-17
256.0,,018325,国泰海通创新成长混合发起A,0.5985318611333208,ret_12m,main,40.1,full,1.0,2026-09-17
257.0,,001239,长盛国企改革混合,0.5970307756731559,ret_12m,main,135.5,full,1.0,2026-09-17
258.0,,610006,信澳产业升级混合A,0.5965411232327538,ret_12m,main,183.2,full,1.0,2026-09-17
259.0,,006615,工银战略新兴产业混合A,0.593847041116331,ret_12m,main,88.8,full,1.0,2026-09-17
260.0,,012545,富荣福银混合A,0.5935860586688919,ret_12m,main,63.0,full,1.0,2026-09-17
261.0,,008635,华安科技创新混合A,0.5900078046707355,ret_12m,main,78.4,full,1.0,2026-09-17
262.0,,006533,易方达科融混合,0.5895557541773184,ret_12m,main,89.8,full,1.0,2026-09-17
263.0,,001039,嘉实先进制造股票,0.5880915453056323,ret_12m,main,136.8,full,1.0,2026-09-17
264.0,,501015,财通多策略升级混合(LOF)A,0.5853424790575736,ret_12m,main,126.3,full,1.0,2026-09-17
265.0,,010135,宏利高研发6个月持有混合A,0.5839374147053389,ret_12m,main,71.8,full,1.0,2026-09-17
266.0,,010418,财通景气行业混合A,0.5830620958357291,ret_12m,main,69.3,full,1.0,2026-09-17
267.0,,004352,华银研究精选股票,0.5810547647746844,ret_12m,main,110.7,full,1.0,2026-09-17
268.0,,021510,宏利半导体产业混合发起A,0.5804117108586995,ret_12m,main,25.8,short,1.0,2026-09-17
269.0,,001672,国寿安保智慧生活股票A,0.5785244144111055,ret_12m,main,132.5,full,1.0,2026-09-17
270.0,,004374,华泰保兴吉年丰混合发起A,0.5766849802424883,ret_12m,main,113.8,full,1.0,2026-09-17
271.0,,019759,中欧半导体产业股票发起A,0.5757568404195044,ret_12m,main,33.9,short,1.0,2026-09-17
272.0,,050022,博时回报混合,0.5752761675600118,ret_12m,main,178.3,full,1.0,2026-09-17
273.0,,013242,华银优势行业股票,0.5709794210257162,ret_12m,main,59.7,full,1.0,2026-09-17
274.0,,000603,易方达创新驱动灵活配置混合,0.5708466689419143,ret_12m,main,139.1,full,1.0,2026-09-17
275.0,,005310,广发电子信息传媒股票A,0.5675850422525421,ret_12m,main,105.2,full,1.0,2026-09-17
276.0,,005967,鹏华创新驱动混合A,0.5667745520054963,ret_12m,main,99.4,full,1.0,2026-09-17
277.0,,003586,先锋精一混合A,0.5666016394223357,ret_12m,main,117.9,full,1.0,2026-09-17
278.0,,014727,易方达成长动力混合A,0.5665527814441795,ret_12m,main,55.3,full,1.0,2026-09-17
279.0,,006154,华安制造先锋混合A,0.5660234979364769,ret_12m,main,92.7,full,1.0,2026-09-17
280.0,,000541,华商创新成长混合发起式A,0.5638045865097772,ret_12m,main,150.0,full,1.0,2026-09-17
281.0,,001267,宏利蓝筹混合,0.563782351477947,ret_12m,main,135.5,full,1.0,2026-09-17
282.0,,012816,国泰致和混合A,0.5609563899282457,ret_12m,main,55.9,full,1.0,2026-09-17
283.0,,519698,交银先锋混合A,0.5590226227515636,ret_12m,main,209.2,full,1.0,2026-09-17
284.0,,010198,易方达竞争优势企业混合A,0.5588694503609066,ret_12m,main,67.9,full,1.0,2026-09-17
285.0,,001075,宝盈转型动力混合A,0.5578159480851375,ret_12m,main,136.6,full,1.0,2026-09-17
286.0,,017828,富国时代精选混合A,0.5565970487826124,ret_12m,main,41.7,full,1.0,2026-09-17
287.0,,018019,南方核心科技一年持有混合A,0.5550337703453638,ret_12m,main,38.2,full,1.0,2026-09-17
288.0,,000845,国投瑞银信息消费混合A,0.5549984483577646,ret_12m,main,141.5,full,1.0,2026-09-17
289.0,,005851,财通新视野灵活配置混合A,0.5547919569498483,ret_12m,main,98.8,full,1.0,2026-09-17
290.0,,501064,国泰价值优选灵活配置混合(LOF)A,0.5536106624184896,ret_12m,main,92.2,full,1.0,2026-09-17
291.0,,015980,光大高端装备混合A,0.5510309668861477,ret_12m,main,46.2,full,1.0,2026-09-17
292.0,,001521,国寿安保成长优选股票A,0.5503563029962941,ret_12m,main,129.2,full,1.0,2026-09-17
293.0,,481001,工银核心价值混合A,0.5479998748008763,ret_12m,main,252.6,full,1.0,2026-09-17
294.0,,110013,易方达科翔混合,0.5471712444691859,ret_12m,main,213.2,full,1.0,2026-09-17
295.0,,002450,平安睿享文娱混合A,0.5466690998900499,ret_12m,main,125.6,full,1.0,2026-09-17
296.0,,014416,泰康研究精选股票发起A,0.5463661155518196,ret_12m,main,56.6,full,1.0,2026-09-17
297.0,,001018,易方达新经济混合,0.5460593096444872,ret_12m,main,139.1,full,1.0,2026-09-17
298.0,,019374,广发睿杰精选混合发起式A1,0.5449495399856177,ret_12m,main,33.8,short,1.0,2026-09-17
299.0,,001188,鹏华改革红利股票,0.5439955319412471,ret_12m,main,136.7,full,1.0,2026-09-17
300.0,,000969,前海开源大安全混合,0.5421586575769066,ret_12m,main,139.3,full,1.0,2026-09-17
301.0,,001475,易方达国防军工混合A,0.5409491550566676,ret_12m,main,135.0,full,1.0,2026-09-17
302.0,,008657,景顺长城科技创新混合A,0.53876709103832,ret_12m,main,78.0,full,1.0,2026-09-17
303.0,,580002,东吴双动力混合A,0.5377381622117927,ret_12m,main,237.1,full,1.0,2026-09-17
304.0,,023451,中欧信息科技混合发起A,0.5375409903056643,ret_12m,main,18.7,short,1.0,2026-09-17
305.0,,004818,国寿安保目标策略混合发起A,0.5373277335373494,ret_12m,main,106.8,full,1.0,2026-09-17
306.0,,017602,华夏国企创新混合发起式A,0.5369325119882666,ret_12m,main,29.5,short,1.0,2026-09-17
307.0,,019003,易方达科技智选混合A,0.5355949946195528,ret_12m,main,35.7,short,1.0,2026-09-17
308.0,,008919,永赢科技驱动A,0.5350958112734545,ret_12m,main,78.9,full,1.0,2026-09-17
309.0,,009025,海富通科技创新混合A,0.5348590525236849,ret_12m,main,78.3,full,1.0,2026-09-17
310.0,,014191,广发先进制造股票发起式A,0.5345603548892939,ret_12m,main,54.6,full,1.0,2026-09-17
311.0,,017876,汇添富新能源精选混合发起式A,0.5335834785403244,ret_12m,main,42.1,full,1.0,2026-09-17
312.0,,014036,博时成长回报混合A,0.5333430809711357,ret_12m,main,57.5,full,1.0,2026-09-17
313.0,,501082,博时科创主题灵活配置混合(LOF)A,0.533170559151767,ret_12m,main,86.7,full,1.0,2026-09-17
314.0,,023397,尚正研究睿选混合发起A,0.5330768656594829,ret_12m,main,18.9,short,1.0,2026-09-17
315.0,,011815,恒越优势精选混合A,0.5327211950720685,ret_12m,main,65.6,full,1.0,2026-09-17
316.0,,001279,中海积极增利混合,0.5324980242348096,ret_12m,main,136.0,full,1.0,2026-09-17
317.0,,014647,融通先进制造混合A,0.5318301420916276,ret_12m,main,54.8,full,1.0,2026-09-17
318.0,,001892,长盛新兴成长混合A,0.531089338071802,ret_12m,main,130.4,full,1.0,2026-09-17
319.0,,001072,华安智能装备主题股票A,0.5303019836958316,ret_12m,main,136.8,full,1.0,2026-09-17
320.0,,018554,交银启嘉混合A,0.528574822890199,ret_12m,main,37.5,full,1.0,2026-09-17
321.0,,021875,路博迈资源精选股票发起A,0.5285181850947138,ret_12m,main,23.9,short,1.0,2026-09-17
322.0,,018835,广发成长启航混合A,0.5265833109375184,ret_12m,main,30.0,short,1.0,2026-09-17
323.0,,002229,华夏经济转型股票,0.5265388581592061,ret_12m,main,126.1,full,1.0,2026-09-17
324.0,,000531,东吴阿尔法灵活配置混合A,0.5264910321809859,ret_12m,main,150.0,full,1.0,2026-09-17
325.0,,009644,东方阿尔法优势产业混合A,0.5257045278287018,ret_12m,main,74.6,full,1.0,2026-09-17
326.0,,008082,国寿安保研究精选混合A,0.5255525300538224,ret_12m,main,80.6,full,1.0,2026-09-17
327.0,,004640,华夏节能环保股票A,0.5254677240002719,ret_12m,main,109.2,full,1.0,2026-09-17
328.0,,519212,万家宏观择时多策略混合A,0.5244114706726422,ret_12m,main,113.6,full,1.0,2026-09-17
329.0,,162703,广发小盘成长混合(LOF)A,0.5242746545881143,ret_12m,main,259.4,full,1.0,2026-09-17
330.0,,000404,易方达新兴成长灵活配置,0.5226746505422741,ret_12m,main,153.6,full,1.0,2026-09-17
331.0,,018442,汇添富成长领航混合A,0.521501430864646,ret_12m,main,36.9,full,1.0,2026-09-17
332.0,,019219,中信保诚先进制造混合A,0.5205320021772046,ret_12m,main,35.3,short,1.0,2026-09-17
333.0,,018956,中航机遇领航混合发起A,0.519571666839068,ret_12m,main,37.3,full,1.0,2026-09-17
334.0,,002885,大摩万众创新混合A,0.5191840649853503,ret_12m,main,105.4,full,1.0,2026-09-17
335.0,,001701,国联产业升级混合,0.5191385240706876,ret_12m,main,126.0,full,1.0,2026-09-17
336.0,,519025,海富通领先成长混合A,0.5190639604606648,ret_12m,main,208.6,full,1.0,2026-09-17
337.0,,009023,鹏华稳健回报混合A,0.5188194760721339,ret_12m,main,77.7,full,1.0,2026-09-17
338.0,,012082,博时数字经济混合A,0.5182476513640821,ret_12m,main,63.0,full,1.0,2026-09-17
339.0,,018876,兴合先进制造混合发起式A,0.5172893784135995,ret_12m,main,37.3,full,1.0,2026-09-17
340.0,,015527,弘毅远方汽车产业升级混合A,0.5163576375395909,ret_12m,main,45.0,full,1.0,2026-09-17
341.0,,009474,国泰致远优势混合,0.5160017762793223,ret_12m,main,74.1,full,1.0,2026-09-17
342.0,,024469,大成至臻回报混合A,0.5152926581759245,ret_12m,main,14.8,short,0.9526,2026-09-17
343.0,,005730,国泰江源优势精选混合A,0.5140400232826101,ret_12m,main,102.0,full,1.0,2026-09-17
344.0,,015096,东财数字经济混合A,0.5138727182458434,ret_12m,main,54.6,full,1.0,2026-09-17
345.0,,006128,银河和美生活混合A,0.5132071372958031,ret_12m,main,93.8,full,1.0,2026-09-17
346.0,,519732,交银定期支付双息平衡混合,0.5123874060995686,ret_12m,main,156.4,full,1.0,2026-09-17
347.0,,002980,华夏创新前沿股票A,0.5119517007932386,ret_12m,main,120.3,full,1.0,2026-09-17
348.0,,160215,国泰价值经典混合(LOF),0.5113674842545899,ret_12m,main,193.1,full,1.0,2026-09-17
349.0,,008633,万家科技创新混合A,0.5112837607134002,ret_12m,main,80.3,full,1.0,2026-09-17
350.0,,009217,博时荣丰回报灵活配置混合A,0.5108889353363542,ret_12m,main,76.4,full,1.0,2026-09-17
351.0,,001070,建信信息产业股票A,0.5102699302949973,ret_12m,main,137.8,full,1.0,2026-09-17
352.0,,002420,汇添富盈鑫混合A,0.5100478128474912,ret_12m,main,126.2,full,1.0,2026-09-17
353.0,,580006,东吴新经济混合A,0.5093643828914056,ret_12m,main,200.6,full,1.0,2026-09-17
354.0,,012608,信澳领先智选混合,0.5085471996480231,ret_12m,main,62.6,full,1.0,2026-09-17
355.0,,014254,信澳智远三年持有期混合A,0.507700241918466,ret_12m,main,55.7,full,1.0,2026-09-17
356.0,,024450,易方达成长进取混合A,0.506989689819622,ret_12m,main,14.9,short,0.9763,2026-09-17
357.0,,009511,信澳研究优选混合A,0.5063541079978011,ret_12m,main,74.8,full,1.0,2026-09-17
358.0,,008507,交银内核驱动混合,0.5019238500810244,ret_12m,main,80.1,full,1.0,2026-09-17
359.0,,673050,西部利得新盈混合A,0.5009017602086601,ret_12m,main,127.8,full,1.0,2026-09-17
360.0,,012200,新华鑫科技3个月滚动持有灵活配置混合A,0.5005426969862841,ret_12m,main,63.7,full,1.0,2026-09-17
361.0,,013842,银华新锐成长混合A,0.4995262536310534,ret_12m,main,53.6,full,1.0,2026-09-17
362.0,,017737,融通慧心混合A,0.49885097294561076,ret_12m,main,42.6,full,1.0,2026-09-17
363.0,,017234,永赢睿恒混合A,0.4984759582584526,ret_12m,main,21.2,short,1.0,2026-09-17
364.0,,017794,交银启盛混合A,0.4984613554661754,ret_12m,main,41.6,full,1.0,2026-09-17
365.0,,009892,富国成长策略混合A,0.49809151100542226,ret_12m,main,73.2,full,1.0,2026-09-17
366.0,,009715,汇添富策略增长灵活配置混合,0.4943088058703058,ret_12m,main,73.8,full,1.0,2026-09-17
367.0,,009913,中信保诚成长动力混合A,0.49363810616034565,ret_12m,main,72.2,full,1.0,2026-09-17
368.0,,320007,诺安成长混合A,0.4928892308283792,ret_12m,main,210.3,full,1.0,2026-09-17
369.0,,001869,招商制造业混合A,0.4926982035117933,ret_12m,main,129.5,full,1.0,2026-09-17
370.0,,002770,安信新回报混合A,0.49169004006426786,ret_12m,main,124.3,full,1.0,2026-09-17
371.0,,000522,华润元大信息传媒科技混合A,0.4914482448019941,ret_12m,main,149.6,full,1.0,2026-09-17
372.0,,022717,永赢锐见进取混合A,0.49064192425325626,ret_12m,main,19.8,short,1.0,2026-09-17
373.0,,018790,华泰柏瑞均衡成长混合A,0.48963749003376034,ret_12m,main,36.9,full,1.0,2026-09-17
374.0,,002345,华夏高端制造混合A,0.48839377688648145,ret_12m,main,124.2,full,1.0,2026-09-17
375.0,,012098,华夏成长机会一年持有混合,0.48819430552311927,ret_12m,main,61.6,full,1.0,2026-09-17
376.0,,519089,新华优选成长混合,0.4852726812319528,ret_12m,main,217.8,full,1.0,2026-09-17
377.0,,009899,上银内需增长股票A,0.4837018018603534,ret_12m,main,72.8,full,1.0,2026-09-17
378.0,,008980,中邮科技创新精选混合A,0.4825225135959741,ret_12m,main,78.7,full,1.0,2026-09-17
379.0,,004450,嘉实前沿科技沪港深股票A,0.4822548191212197,ret_12m,main,112.0,full,1.0,2026-09-17
380.0,,007346,易方达科技创新混合A,0.4819685906850737,ret_12m,main,88.6,full,1.0,2026-09-17
381.0,,001410,信澳新能源产业股票A,0.48164614173145126,ret_12m,main,133.6,full,1.0,2026-09-17
382.0,,006868,华夏科技成长股票,0.48137149645119726,ret_12m,main,90.4,full,1.0,2026-09-17
383.0,,004833,先锋聚利混合A,0.480424918854071,ret_12m,main,100.3,full,1.0,2026-09-17
384.0,,001749,招商中国机遇股票A,0.4797912866219898,ret_12m,main,103.3,full,1.0,2026-09-17
385.0,,580009,东吴多策略混合A,0.47918589777578036,ret_12m,main,163.5,full,1.0,2026-09-17
386.0,,017075,宝盈半导体产业混合发起式A,0.4780983764173674,ret_12m,main,45.4,full,1.0,2026-09-17
387.0,,000354,长盛城镇化主题混合A,0.47584795540558233,ret_12m,main,154.2,full,1.0,2026-09-17
388.0,,501085,财通科创主题灵活配置混合(LOF)A,0.47572545969376967,ret_12m,main,86.2,full,1.0,2026-09-17
389.0,,002149,嘉实新优选混合,0.4729078527812445,ret_12m,main,125.3,full,1.0,2026-09-17
390.0,,010155,长盛核心成长混合A,0.4722885489433839,ret_12m,main,71.8,full,1.0,2026-09-17
391.0,,001959,华商乐享互联灵活配置混合A,0.4720526355357033,ret_12m,main,129.0,full,1.0,2026-09-17
392.0,,001042,华夏领先股票,0.4720229752967149,ret_12m,main,136.1,full,1.0,2026-09-17
393.0,,016605,财通资管臻享成长混合A,0.47131147979158206,ret_12m,main,42.5,full,1.0,2026-09-17
394.0,,007340,南方科技创新混合A,0.47081030120548717,ret_12m,main,88.4,full,1.0,2026-09-17
395.0,,005726,国泰价值精选灵活配置混合A,0.4703987322801215,ret_12m,main,97.3,full,1.0,2026-09-17
396.0,,002862,金信量化精选混合A,0.47012394896670595,ret_12m,main,122.5,full,1.0,2026-09-17
397.0,,001678,英大国企改革A,0.4699486173760876,ret_12m,main,93.8,full,1.0,2026-09-17
398.0,,005251,银华多元动力灵活配置混合A,0.46811625222010256,ret_12m,main,105.1,full,1.0,2026-09-17
399.0,,021967,西部利得均衡优选混合A,0.4672694737510541,ret_12m,main,19.7,short,1.0,2026-09-17
400.0,,501073,华安智联混合(LOF)A,0.4672182396436415,ret_12m,main,87.2,full,1.0,2026-09-17
401.0,,005482,博时创新驱动混合A,0.4669481118364509,ret_12m,main,103.7,full,1.0,2026-09-17
402.0,,006100,平安优势产业混合A,0.4662315662839098,ret_12m,main,96.9,full,1.0,2026-09-17
403.0,,009318,南方成长先锋混合A,0.4661401778447958,ret_12m,main,75.2,full,1.0,2026-09-17
404.0,,009491,宝盈创新驱动股票A,0.46553025688666394,ret_12m,main,73.2,full,1.0,2026-09-17
405.0,,002563,泓德泓汇混合,0.46511680541237554,ret_12m,main,118.0,full,1.0,2026-09-17
406.0,,519191,万家新利灵活配置混合,0.46501533593695843,ret_12m,main,151.8,full,1.0,2026-09-17
407.0,,012846,恒越蓝筹精选混合,0.4647960798527828,ret_12m,main,61.0,full,1.0,2026-09-17
408.0,,022754,易方达科鑫量化选股股票发起式A,0.46478338829055144,ret_12m,main,21.2,short,1.0,2026-09-17
409.0,,015368,国泰海通领航成长一年持有混合发起A,0.46347459081431297,ret_12m,main,42.6,full,1.0,2026-09-17
410.0,,002152,华宝核心优势混合A,0.46314895669526535,ret_12m,main,127.9,full,1.0,2026-09-17
411.0,,021390,东兴成长优选混合发起A,0.4628250306579407,ret_12m,main,25.5,short,1.0,2026-09-17
412.0,,519091,新华泛资源优势混合,0.4624486941033621,ret_12m,main,206.2,full,1.0,2026-09-17
413.0,,024439,交银瑞安混合A,0.4619876298045267,ret_12m,main,14.8,short,0.9605,2026-09-17
414.0,,240011,华宝大盘精选混合,0.4618192253410236,ret_12m,main,215.3,full,1.0,2026-09-17
415.0,,005914,景顺长城智能生活混合A,0.46159608342014136,ret_12m,main,91.5,full,1.0,2026-09-17
416.0,,001479,中邮风格轮动灵活配置混合,0.4615593537784297,ret_12m,main,127.7,full,1.0,2026-09-17
417.0,,001933,华商新兴活力混合,0.46109331672612264,ret_12m,main,126.7,full,1.0,2026-09-17
418.0,,005962,宝盈人工智能股票A,0.46024231363655455,ret_12m,main,97.1,full,1.0,2026-09-17
419.0,,001822,华商智能生活灵活配置混合A,0.4582561334003634,ret_12m,main,130.1,full,1.0,2026-09-17
420.0,,016248,银华创新动力优选混合A,0.4574984904737376,ret_12m,main,44.4,full,1.0,2026-09-17
421.0,,017639,景顺长城景气优选一年持有期混合A,0.457086757693536,ret_12m,main,42.6,full,1.0,2026-09-17
422.0,,015440,信澳智选先锋一年持有期混合A,0.45608753033044613,ret_12m,main,51.1,full,1.0,2026-09-17
423.0,,001664,平安鑫安混合A,0.4559900268346566,ret_12m,main,129.2,full,1.0,2026-09-17
424.0,,009891,融通产业趋势臻选股票A,0.4556267748667835,ret_12m,main,73.0,full,1.0,2026-09-17
425.0,,006009,国融融银灵活配置混合A,0.45518663205708876,ret_12m,main,99.4,full,1.0,2026-09-17
426.0,,360016,光大保德信行业轮动混合A,0.454229458609142,ret_12m,main,175.0,full,1.0,2026-09-17
427.0,,011351,金鹰年年邮益一年持有混合A,0.45362041252211993,ret_12m,main,66.3,full,1.0,2026-09-17
428.0,,018730,华夏招鑫鸿瑞混合A,0.4535786131396953,ret_12m,main,32.0,short,1.0,2026-09-17
429.0,,019888,中欧周期优选混合发起A,0.453293662537088,ret_12m,main,34.1,short,1.0,2026-09-17
430.0,,005495,创金合信科技成长股票A,0.4525418954307596,ret_12m,main,104.6,full,1.0,2026-09-17
431.0,,003567,华夏行业景气混合A,0.45243774549992155,ret_12m,main,115.4,full,1.0,2026-09-17
432.0,,017848,东方红先进制造混合A,0.45105694398954754,ret_12m,main,40.7,full,1.0,2026-09-17
433.0,,014472,景顺长城远见成长混合A,0.45068185325295396,ret_12m,main,55.7,full,1.0,2026-09-17
434.0,,007277,恒生前海消费升级混合,0.450531772374809,ret_12m,main,79.9,full,1.0,2026-09-17
435.0,,011500,九泰量化新兴产业,0.4498952659383333,ret_12m,main,64.7,full,1.0,2026-09-17
436.0,,009048,浦银科技创新优选混合,0.4486697835745139,ret_12m,main,75.5,full,1.0,2026-09-17
437.0,,519949,长信利信混合A,0.4474390606269081,ret_12m,main,118.2,full,1.0,2026-09-17
438.0,,015035,银华核心动力精选混合A,0.44720702131936974,ret_12m,main,49.0,full,1.0,2026-09-17
439.0,,008962,建信科技创新混合A,0.44659368993827453,ret_12m,main,79.0,full,1.0,2026-09-17
440.0,,002251,华夏军工安全混合A,0.44610603168888274,ret_12m,main,125.9,full,1.0,2026-09-17
441.0,,519005,海富通股票混合,0.4460794137179054,ret_12m,main,253.6,full,1.0,2026-09-17
442.0,,000609,华商新量化混合A,0.44573882192807934,ret_12m,main,147.4,full,1.0,2026-09-17
443.0,,001496,工银聚焦30股票,0.44438872143066743,ret_12m,main,134.8,full,1.0,2026-09-17
444.0,,024931,华夏卓越成长混合D,0.4438435107339189,ret_12m,main,13.1,short,1.0,2026-09-17
445.0,,002292,诺安益鑫灵活配置混合A,0.4422453819290779,ret_12m,main,127.8,full,1.0,2026-09-17
446.0,,001313,摩根智慧互联股票A,0.44115778316721577,ret_12m,main,135.3,full,1.0,2026-09-17
447.0,,013339,创金合信芯片产业股票发起A,0.44066764382209045,ret_12m,main,59.6,full,1.0,2026-09-17
448.0,,009929,南方创新驱动混合A,0.43826108137352837,ret_12m,main,72.6,full,1.0,2026-09-17
449.0,,012650,博时半导体主题混合A,0.4379522621980523,ret_12m,main,61.9,full,1.0,2026-09-17
450.0,,008009,华商高端装备制造股票A,0.4377185674009674,ret_12m,main,81.2,full,1.0,2026-09-17
451.0,,011144,华安汇宏精选混合A,0.4370592302198637,ret_12m,main,65.7,full,1.0,2026-09-17
452.0,,006348,银华盛利混合发起式A,0.4365241228007448,ret_12m,main,93.1,full,1.0,2026-09-17
453.0,,160642,鹏华增瑞混合(LOF)A,0.4364876378701854,ret_12m,main,119.9,full,1.0,2026-09-17
454.0,,160722,嘉实惠泽混合(LOF),0.4354107160002527,ret_12m,main,119.6,full,1.0,2026-09-17
455.0,,005136,华安幸福生活混合A,0.43529045538681,ret_12m,main,106.7,full,1.0,2026-09-17
456.0,,008251,汇安宜创量化精选混合A,0.4349098265852207,ret_12m,main,80.8,full,1.0,2026-09-17
457.0,,000308,建信创新中国混合,0.4347407183317238,ret_12m,main,155.8,full,1.0,2026-09-17
458.0,,024804,华夏量化选股股票A,0.4344561263908442,ret_12m,main,13.9,short,1.0,2026-09-17
459.0,,213008,宝盈资源优选混合,0.4342659273597771,ret_12m,main,218.7,full,1.0,2026-09-17
460.0,,020755,永赢融安混合A,0.433748269835724,ret_12m,main,24.8,short,1.0,2026-09-17
461.0,,000717,融通转型三动力灵活配置混合A,0.431932500887632,ret_12m,main,140.0,full,1.0,2026-09-17
462.0,,001712,东方红优势精选混合,0.4318504995067851,ret_12m,main,132.3,full,1.0,2026-09-17
463.0,,110001,易方达平稳增长混合,0.4316042753371252,ret_12m,main,288.8,full,1.0,2026-09-17
464.0,,013855,嘉实品质发现混合A,0.43144874579480685,ret_12m,main,54.0,full,1.0,2026-09-17
465.0,,007353,工银科技创新混合,0.4308798385372614,ret_12m,main,88.4,full,1.0,2026-09-17
466.0,,010611,万家战略发展产业混合A,0.43054230355457923,ret_12m,main,68.1,full,1.0,2026-09-17
467.0,,009234,鹏华优质企业混合A,0.42832141540891033,ret_12m,main,75.2,full,1.0,2026-09-17
468.0,,001112,东方红中国优势混合,0.4280878288633818,ret_12m,main,137.4,full,1.0,2026-09-17
469.0,,240017,华宝新兴产业混合,0.4275297424482791,ret_12m,main,189.3,full,1.0,2026-09-17
470.0,,011805,嘉实优质核心两年持有混合A,0.42703355238016605,ret_12m,main,59.6,full,1.0,2026-09-17
471.0,,340006,兴全全球视野股票,0.42681901981216575,ret_12m,main,239.9,full,1.0,2026-09-17
472.0,,003131,国寿安保强国智造混合,0.42647015700351765,ret_12m,main,119.7,full,1.0,2026-09-17
473.0,,001816,汇添富新睿精选混合A,0.4259660698579457,ret_12m,main,116.9,full,1.0,2026-09-17
474.0,,013147,汇添富碳中和主题混合A,0.42541731650201897,ret_12m,main,60.1,full,1.0,2026-09-17
475.0,,016340,银河价值成长混合A,0.4252434760920676,ret_12m,main,46.3,full,1.0,2026-09-17
476.0,,506001,万家科创板2年定开混合,0.425187202435791,ret_12m,main,73.5,full,1.0,2026-09-17
477.0,,002560,诺安和鑫混合A,0.4251647634921991,ret_12m,main,124.6,full,1.0,2026-09-17
478.0,,015703,易米开泰混合A,0.4241413601569055,ret_12m,main,46.3,full,1.0,2026-09-17
479.0,,013774,易方达趋势优选混合A,0.4234551997472582,ret_12m,main,53.8,full,1.0,2026-09-17
480.0,,010383,宝盈基础产业混合A,0.42284413255868314,ret_12m,main,67.4,full,1.0,2026-09-17
481.0,,519185,万家精选混合A,0.42237644060092894,ret_12m,main,208.0,full,1.0,2026-09-17
482.0,,005041,人保研究精选混合A,0.4222964556369537,ret_12m,main,103.5,full,1.0,2026-09-17
483.0,,100039,富国通胀通缩主题轮动混合A,0.42164311627634876,ret_12m,main,196.2,full,1.0,2026-09-17
484.0,,014292,嘉实产业领先混合A,0.42160177450892644,ret_12m,main,56.8,full,1.0,2026-09-17
485.0,,050010,博时特许价值混合A,0.4198369748053723,ret_12m,main,219.7,full,1.0,2026-09-17
486.0,,016507,长城数字经济混合A,0.41983049256768945,ret_12m,main,43.9,full,1.0,2026-09-17
487.0,,015724,英大碳中和混合A,0.4191395001166083,ret_12m,main,44.0,full,1.0,2026-09-17
488.0,,022416,汇添富弘盛回报混合发起式A,0.41858312991871216,ret_12m,main,16.1,short,1.0,2026-09-17
489.0,,519674,银河创新成长混合A,0.41825460844675977,ret_12m,main,188.6,full,1.0,2026-09-17
490.0,,005826,华夏潜龙精选股票,0.4179868735850658,ret_12m,main,95.7,full,1.0,2026-09-17
491.0,,110012,易方达科汇灵活配置混合,0.4175765148908681,ret_12m,main,214.3,full,1.0,2026-09-17
492.0,,005268,鹏华优势企业,0.4160189277906119,ret_12m,main,105.6,full,1.0,2026-09-17
493.0,,005682,财通资管消费精选混合A,0.4152425293554298,ret_12m,main,101.5,full,1.0,2026-09-17
494.0,,660015,农银行业轮动混合A,0.4150587325178361,ret_12m,main,166.1,full,1.0,2026-09-17
495.0,,000828,宏利转型机遇股票A,0.41483031143228466,ret_12m,main,142.0,full,1.0,2026-09-17
496.0,,012130,景顺长城先进智造混合A,0.41448735522104463,ret_12m,main,60.8,full,1.0,2026-09-17
497.0,,005668,融通新能源汽车主题精选混合A,0.413580112227953,ret_12m,main,99.1,full,1.0,2026-09-17
498.0,,023915,永赢价值发现慧选混合发起A,0.41303559131998857,ret_12m,main,16.8,short,1.0,2026-09-17
499.0,,161910,万家新机遇价值驱动A,0.41280631444314797,ret_12m,main,169.5,full,1.0,2026-09-17
500.0,,167002,平安鼎越混合(LOF)A,0.4125786946836629,ret_12m,main,119.9,full,1.0,2026-09-17
501.0,,000979,景顺长城沪港深精选股票A,0.4115675816213138,ret_12m,main,137.1,full,1.0,2026-09-17
502.0,,000940,富国中小盘精选混合A,0.4115462663262448,ret_12m,main,139.8,full,1.0,2026-09-17
503.0,,160605,鹏华中国50混合,0.4110488608221454,ret_12m,main,268.2,full,1.0,2026-09-17
504.0,,000598,长盛生态环境混合A,0.41031985698830864,ret_12m,main,144.2,full,1.0,2026-09-17
505.0,,165528,中信保诚鼎利混合(LOF)A,0.4093535507680066,ret_12m,main,123.8,full,1.0,2026-09-17
506.0,,000263,工银信息产业混合A,0.40883427297725583,ret_12m,main,154.2,full,1.0,2026-09-17
507.0,,164205,天弘文化新兴产业股票A,0.407175008492638,ret_12m,main,193.2,full,1.0,2026-09-17
508.0,,163412,兴全轻资产混合(LOF),0.40620567198923063,ret_12m,main,173.4,full,1.0,2026-09-17
509.0,,000714,诺安稳健回报混合A,0.4058258848525724,ret_12m,main,144.1,full,1.0,2026-09-17
510.0,,000061,华夏盛世混合,0.4057850237067435,ret_12m,main,201.2,full,1.0,2026-09-17
511.0,,010550,华商双擎领航混合,0.40536472721083006,ret_12m,main,69.8,full,1.0,2026-09-17
512.0,,007113,永赢高端制造混合A,0.40435738675633437,ret_12m,main,82.5,full,1.0,2026-09-17
513.0,,009364,工银科技创新6个月定开混合A,0.4040201175969125,ret_12m,main,75.9,full,1.0,2026-09-17
514.0,,017244,南方前瞻动力混合A,0.4038756702617763,ret_12m,main,43.9,full,1.0,2026-09-17
515.0,,501075,万家科创主题灵活配置混合(LOF)A,0.4035104525804223,ret_12m,main,87.2,full,1.0,2026-09-17
516.0,,470009,汇添富民营活力混合,0.4033554029668809,ret_12m,main,196.4,full,1.0,2026-09-17
517.0,,010361,嘉实品质优选股票A,0.40252067900220667,ret_12m,main,63.8,full,1.0,2026-09-17
518.0,,001986,前海开源人工智能主题混合A,0.40251980014366273,ret_12m,main,124.5,full,1.0,2026-09-17
519.0,,050009,博时新兴成长混合,0.40224962484491056,ret_12m,main,229.5,full,1.0,2026-09-17
520.0,,023044,太平科技先锋混合发起式A,0.40111020231182226,ret_12m,main,17.5,short,1.0,2026-09-17
521.0,,110025,易方达资源行业混合,0.399819006951758,ret_12m,main,181.1,full,1.0,2026-09-17
522.0,,008381,前海开源新兴产业混合A,0.39877822233438875,ret_12m,main,77.1,full,1.0,2026-09-17
523.0,,100022,富国天瑞强势混合A,0.39859894349017333,ret_12m,main,257.4,full,1.0,2026-09-17
524.0,,000586,景顺长城中小创精选股票A,0.3984689361864502,ret_12m,main,148.6,full,1.0,2026-09-17
525.0,,015749,博时优享回报混合A,0.3972291328018127,ret_12m,main,49.5,full,1.0,2026-09-17
526.0,,002482,宝盈互联网沪港深混合,0.39614938973371316,ret_12m,main,123.0,full,1.0,2026-09-17
527.0,,009968,金鹰内需成长混合A,0.39559466954403644,ret_12m,main,72.9,full,1.0,2026-09-17
528.0,,050004,博时精选混合A,0.39554123125828355,ret_12m,main,266.8,full,1.0,2026-09-17
529.0,,005977,中信保诚至兴混合A,0.3952540939825395,ret_12m,main,98.7,full,1.0,2026-09-17
530.0,,582003,东吴配置优化混合A,0.39510251724400125,ret_12m,main,169.1,full,1.0,2026-09-17
531.0,,001210,天弘互联网混合A,0.3945028233598151,ret_12m,main,135.7,full,1.0,2026-09-17
532.0,,018611,鹏华高端装备一年持有期混合A,0.39381322290740917,ret_12m,main,38.2,full,1.0,2026-09-17
533.0,,017551,南方景气前瞻混合A,0.39293890798348907,ret_12m,main,42.2,full,1.0,2026-09-17
534.0,,004148,圆信永丰多策略,0.392398346172423,ret_12m,main,113.6,full,1.0,2026-09-17
535.0,,021145,银华甄选价值成长混合A,0.3921717087708103,ret_12m,main,25.3,short,1.0,2026-09-17
536.0,,002281,建信裕利灵活配置混合,0.39146669548340185,ret_12m,main,128.4,full,1.0,2026-09-17
537.0,,014807,宏利景气智选18个月持有混合A,0.39103007002019075,ret_12m,main,53.7,full,1.0,2026-09-17
538.0,,673010,西部利得新动向混合A,0.39080419174805314,ret_12m,main,181.0,full,1.0,2026-09-17
539.0,,007133,嘉实长青竞争优势股票A,0.39061482169433814,ret_12m,main,88.4,full,1.0,2026-09-17
540.0,,010033,安信成长精选混合A,0.3901014428903258,ret_12m,main,71.6,full,1.0,2026-09-17
541.0,,017086,嘉实ESG可持续投资混合A,0.3898120977195674,ret_12m,main,42.4,full,1.0,2026-09-17
542.0,,010375,国金鑫悦经济新动能A,0.3883455525383923,ret_12m,main,69.9,full,1.0,2026-09-17
543.0,,009651,海富通成长甄选混合A,0.38771643861389116,ret_12m,main,71.7,full,1.0,2026-09-17
544.0,,019006,蜂巢先进制造混合发起式A,0.38601952944219087,ret_12m,main,37.1,full,1.0,2026-09-17
545.0,,006813,博时汇悦回报混合,0.3859474925127877,ret_12m,main,91.6,full,1.0,2026-09-17
546.0,,000327,南方潜力新蓝筹混合A,0.38549400639109144,ret_12m,main,135.7,full,1.0,2026-09-17
547.0,,001297,平安智慧中国混合,0.38498413899562345,ret_12m,main,135.3,full,1.0,2026-09-17
548.0,,004183,富国产业升级混合A,0.3849071381868363,ret_12m,main,111.3,full,1.0,2026-09-17
549.0,,019824,国寿安保新材料股票发起式A,0.3838924118036573,ret_12m,main,34.4,short,1.0,2026-09-17
550.0,,014653,建信卓越成长一年持有混合A,0.383278171466366,ret_12m,main,54.0,full,1.0,2026-09-17
551.0,,002064,华富产业升级灵活配置混合A,0.383046370066759,ret_12m,main,112.3,full,1.0,2026-09-17
552.0,,011790,建信创新驱动混合,0.3819367512034657,ret_12m,main,61.2,full,1.0,2026-09-17
553.0,,002095,博时新收益A,0.3806920695810867,ret_12m,main,127.4,full,1.0,2026-09-17
554.0,,015604,华安动力领航混合A,0.3806216187607232,ret_12m,main,46.3,full,1.0,2026-09-17
555.0,,320005,诺安价值增长混合A,0.3785757003048513,ret_12m,main,237.9,full,1.0,2026-09-17
556.0,,024674,兴合景气智选混合发起式A,0.37762282183849494,ret_12m,main,13.8,short,1.0,2026-09-17
557.0,,519688,交银精选混合,0.3773058969287113,ret_12m,main,251.6,full,1.0,2026-09-17
558.0,,014600,博时回报严选混合A,0.37685727541710223,ret_12m,main,55.3,full,1.0,2026-09-17
559.0,,012477,富国匠心精选12个月持有混合A,0.37672587987785056,ret_12m,main,60.6,full,1.0,2026-09-17
560.0,,007355,汇添富科技创新混合A,0.3766702020070587,ret_12m,main,88.4,full,1.0,2026-09-17
561.0,,000793,工银高端制造股票,0.37619926996422426,ret_12m,main,142.9,full,1.0,2026-09-17
562.0,,000698,宝盈科技30混合,0.37546323383433,ret_12m,main,145.1,full,1.0,2026-09-17
563.0,,013861,泓德产业升级混合A,0.3753760196233189,ret_12m,main,55.3,full,1.0,2026-09-17
564.0,,005449,华夏行业龙头混合,0.37534963365555285,ret_12m,main,102.4,full,1.0,2026-09-17
565.0,,008286,易方达研究精选股票,0.3744023887666257,ret_12m,main,78.9,full,1.0,2026-09-17
566.0,,550009,中信保诚中小盘混合A,0.37424873381783486,ret_12m,main,199.2,full,1.0,2026-09-17
567.0,,015145,同泰新能源1年持有股票A,0.3739873825991784,ret_12m,main,47.6,full,1.0,2026-09-17
568.0,,000020,景顺长城品质投资混合A,0.3715906113501799,ret_12m,main,162.0,full,1.0,2026-09-17
569.0,,012530,永赢惠添盈一年持有混合,0.3711611950538256,ret_12m,main,58.3,full,1.0,2026-09-17
570.0,,003025,新华红利回报混合,0.3711171744484558,ret_12m,main,113.7,full,1.0,2026-09-17
571.0,,019281,华西优选成长一年持有混合A,0.37078510955077126,ret_12m,main,34.5,short,1.0,2026-09-17
572.0,,006864,国联安核心资产策略混合,0.37063257972017505,ret_12m,main,69.9,full,1.0,2026-09-17
573.0,,024830,西部利得资源鑫选混合发起A,0.3703868260638308,ret_12m,main,13.4,short,1.0,2026-09-17
574.0,,001106,华商健康生活混合,0.37002047043662967,ret_12m,main,138.1,full,1.0,2026-09-17
575.0,,001162,前海开源优势蓝筹股票A,0.3698251111110311,ret_12m,main,136.7,full,1.0,2026-09-17
576.0,,000513,富国高端制造行业股票A,0.36977879938711444,ret_12m,main,146.9,full,1.0,2026-09-17
577.0,,501205,鹏华创新未来混合(LOF)C,0.36917630227165876,ret_12m,main,68.2,full,1.0,2026-09-17
578.0,,217020,招商安达灵活配置混合,0.36892905721668967,ret_12m,main,180.5,full,1.0,2026-09-17
579.0,,021647,东方红动力领航混合A,0.36879457428697315,ret_12m,main,22.1,short,1.0,2026-09-17
580.0,,020416,农银先进制造混合A,0.36862817715846674,ret_12m,main,27.1,short,1.0,2026-09-17
581.0,,001951,金鹰改革红利混合,0.3681444589215923,ret_12m,main,129.5,full,1.0,2026-09-17
582.0,,014175,工银价值成长混合A,0.3680726065556188,ret_12m,main,53.8,full,1.0,2026-09-17
583.0,,014401,富国核心趋势混合A,0.36737499144547603,ret_12m,main,40.1,full,1.0,2026-09-17
584.0,,010680,华夏新兴成长股票A,0.36567871571656774,ret_12m,main,68.0,full,1.0,2026-09-17
585.0,,010147,博道嘉兴一年持有期混合,0.3653094995431603,ret_12m,main,70.8,full,1.0,2026-09-17
586.0,,016157,汇添富数字经济核心产业一年持有期混合A,0.3647082108938695,ret_12m,main,46.6,full,1.0,2026-09-17
587.0,,168105,九泰泰富灵活配置混合(LOF)A,0.36458952397797506,ret_12m,main,119.7,full,1.0,2026-09-17
588.0,,519929,长信电子信息量化灵活配置混合A,0.3640994841056924,ret_12m,main,121.7,full,1.0,2026-09-17
589.0,,014639,兴全合衡三年持有混合A,0.363230823733691,ret_12m,main,56.1,full,1.0,2026-09-17
590.0,,519026,海富通中小盘混合,0.3626264552096452,ret_12m,main,197.1,full,1.0,2026-09-17
591.0,,010755,博道睿见一年持有期混合,0.3619622510369762,ret_12m,main,69.3,full,1.0,2026-09-17
592.0,,020975,万家科技量化选股混合发起式A,0.36165244630300175,ret_12m,main,23.8,short,1.0,2026-09-17
593.0,,010490,鹏华高质量增长混合A,0.3607619788249128,ret_12m,main,69.9,full,1.0,2026-09-17
594.0,,010427,兴银策略智选混合A,0.36053233185537015,ret_12m,main,70.2,full,1.0,2026-09-17
595.0,,010305,华夏创新驱动混合A,0.3603824790560577,ret_12m,main,70.7,full,1.0,2026-09-17
596.0,,001305,九泰天富改革混合A,0.3600799602400062,ret_12m,main,135.3,full,1.0,2026-09-17
597.0,,011888,民生加银周期优选混合A,0.3598073714281631,ret_12m,main,62.9,full,1.0,2026-09-17
598.0,,010730,银华心佳两年持有期混合,0.35930715658614765,ret_12m,main,68.3,full,1.0,2026-09-17
599.0,,013145,浙商汇金先进制造混合,0.35917152607374625,ret_12m,main,61.0,full,1.0,2026-09-17
600.0,,006430,凯石澜龙头经济一年持有混合,0.35894592573893247,ret_12m,main,93.4,full,1.0,2026-09-17
601.0,,016272,华泰保兴吉年红混合发起A,0.35892084644525135,ret_12m,main,28.4,short,1.0,2026-09-17
602.0,,010792,华安成长先锋混合A,0.3589014403398232,ret_12m,main,66.8,full,1.0,2026-09-17
603.0,,021636,长城周期优选混合发起式A,0.35873952861284364,ret_12m,main,26.5,short,1.0,2026-09-17
604.0,,018375,金信景气优选混合A,0.3571170320150241,ret_12m,main,34.5,short,1.0,2026-09-17
605.0,,010646,融通价值趋势混合A,0.3570193360195413,ret_12m,main,64.7,full,1.0,2026-09-17
606.0,,001538,摩根科技前沿混合A,0.35631974196260696,ret_12m,main,134.3,full,1.0,2026-09-17
607.0,,011486,博时创新精选混合A,0.35624478513678737,ret_12m,main,66.3,full,1.0,2026-09-17
608.0,,012294,泰康优势精选三年持有期混合,0.35613780155530494,ret_12m,main,60.6,full,1.0,2026-09-17
609.0,,010898,银河产业动力混合A,0.3561291703210596,ret_12m,main,67.7,full,1.0,2026-09-17
610.0,,004641,万家量化睿选混合A,0.3557075865656538,ret_12m,main,109.4,full,1.0,2026-09-17
611.0,,004726,先锋聚优A,0.35462128511258073,ret_12m,main,108.1,full,1.0,2026-09-17
612.0,,001152,融通新区域新经济灵活配置混合,0.3546091235481881,ret_12m,main,136.0,full,1.0,2026-09-17
613.0,,018504,景顺长城周期优选混合A,0.35366644151557014,ret_12m,main,36.6,full,1.0,2026-09-17
614.0,,010313,上银鑫恒混合A,0.35325946520595997,ret_12m,main,69.9,full,1.0,2026-09-17
615.0,,023647,广发科技智选股票发起式A,0.3530401079098662,ret_12m,main,17.0,short,1.0,2026-09-17
616.0,,202212,南方平衡配置混合A,0.35296085927878806,ret_12m,main,182.9,full,1.0,2026-09-17
617.0,,013675,长城价值甄选一年持有混合C,0.35225614402303784,ret_12m,main,53.4,full,1.0,2026-09-17
618.0,,001482,摩根新兴服务股票A,0.3522164461791706,ret_12m,main,133.4,full,1.0,2026-09-17
619.0,,001088,华宝国策导向混合A,0.3517937629838026,ret_12m,main,136.3,full,1.0,2026-09-17
620.0,,202023,南方优选成长混合A,0.35124344366159144,ret_12m,main,187.6,full,1.0,2026-09-17
621.0,,010114,华宝新兴成长混合A,0.35045496883082117,ret_12m,main,71.8,full,1.0,2026-09-17
622.0,,009189,华宝成长策略混合A,0.35041977045415207,ret_12m,main,76.3,full,1.0,2026-09-17
623.0,,013910,兴业兴睿两年持有混合A,0.35036860976152395,ret_12m,main,56.9,full,1.0,2026-09-17
624.0,,018821,银华新材料混合发起式A,0.3499375540734606,ret_12m,main,30.4,short,1.0,2026-09-17
625.0,,016568,嘉实碳中和主题混合A,0.3497263443007297,ret_12m,main,41.6,full,1.0,2026-09-17
626.0,,014356,长信企业成长三年持有混合A,0.3496579493788041,ret_12m,main,50.6,full,1.0,2026-09-17
627.0,,005265,博时厚泽回报混合A,0.34958303572054317,ret_12m,main,105.8,full,1.0,2026-09-17
628.0,,240005,华宝多策略增长A,0.34950092174405656,ret_12m,main,268.2,full,1.0,2026-09-17
629.0,,001832,易方达瑞恒灵活配置混合,0.3494397725694267,ret_12m,main,104.2,full,1.0,2026-09-17
630.0,,000209,中信保诚新兴产业混合A,0.34925151303823143,ret_12m,main,158.0,full,1.0,2026-09-17
631.0,,015842,国投瑞银专精特新量化选股混合A,0.3492402207667069,ret_12m,main,45.4,full,1.0,2026-09-17
632.0,,257020,国联安精选混合,0.34901162748033854,ret_12m,main,248.6,full,1.0,2026-09-17
633.0,,022003,博道大盘成长股票A,0.34889546360029833,ret_12m,main,21.7,short,1.0,2026-09-17
634.0,,014325,国联安核心趋势一年持有混合A,0.34869818839853517,ret_12m,main,56.6,full,1.0,2026-09-17
635.0,,004745,长盛创新驱动混合A,0.3484627152991424,ret_12m,main,109.0,full,1.0,2026-09-17
636.0,,012496,同泰行业优选股票A,0.3476109234871083,ret_12m,main,60.6,full,1.0,2026-09-17
637.0,,000534,长盛高端装备混合A,0.34693594983066633,ret_12m,main,149.8,full,1.0,2026-09-17
638.0,,022414,前海开源国企精选混合发起A,0.346160076819642,ret_12m,main,21.4,short,1.0,2026-09-17
639.0,,501078,广发科创主题灵活配置混合(LOF),0.34604427919971736,ret_12m,main,87.2,full,1.0,2026-09-17
640.0,,020600,国寿安保景气优选混合发起式A,0.3459549661923884,ret_12m,main,31.7,short,1.0,2026-09-17
641.0,,019347,富国匠心成长混合A,0.34567572516332423,ret_12m,main,28.6,short,1.0,2026-09-17
642.0,,008208,博道嘉泰回报混合,0.3455487798611616,ret_12m,main,81.0,full,1.0,2026-09-17
643.0,,001606,农银工业4.0混合,0.3440314032333813,ret_12m,main,133.2,full,1.0,2026-09-17
644.0,,011167,景顺长城景气成长混合A,0.34391766104951293,ret_12m,main,63.1,full,1.0,2026-09-17
645.0,,290014,泰信现代服务业混合,0.34388724940791393,ret_12m,main,163.3,full,1.0,2026-09-17
646.0,,006904,泰康产业升级混合A,0.3438134771968271,ret_12m,main,88.0,full,1.0,2026-09-17
647.0,,009914,富国成长动力混合A,0.34351874326316345,ret_12m,main,72.0,full,1.0,2026-09-17
648.0,,370027,摩根智选30混合A,0.34337678972558416,ret_12m,main,162.4,full,1.0,2026-09-17
649.0,,005094,万家臻选混合A,0.34283962115182587,ret_12m,main,104.9,full,1.0,2026-09-17
650.0,,012350,万家元贞量化选股股票A,0.3427715232375126,ret_12m,main,42.2,full,1.0,2026-09-17
651.0,,019136,交银启合混合A,0.3418772880817902,ret_12m,main,21.7,short,1.0,2026-09-17
652.0,,001409,工银互联网加股票,0.34147020824437146,ret_12m,main,135.4,full,1.0,2026-09-17
653.0,,001764,广发沪港深新机遇股票,0.34132773995189614,ret_12m,main,123.7,full,1.0,2026-09-17
654.0,,008793,博道嘉元混合A,0.34112406735722445,ret_12m,main,78.5,full,1.0,2026-09-17
655.0,,010807,融通稳信增益6个月持有期混合A,0.3398586233040757,ret_12m,main,55.7,full,1.0,2026-09-17
656.0,,100060,富国高新技术产业混合,0.3388353135844313,ret_12m,main,170.7,full,1.0,2026-09-17
657.0,,519183,万家双引擎灵活配置混合A,0.33835158376924457,ret_12m,main,218.7,full,1.0,2026-09-17
658.0,,270028,广发制造业精选混合A,0.33790680636673587,ret_12m,main,179.9,full,1.0,2026-09-17
659.0,,009394,银华同力精选混合,0.33788348790980716,ret_12m,main,75.0,full,1.0,2026-09-17
660.0,,018796,海富通远见回报混合A,0.3377765248354403,ret_12m,main,18.5,short,1.0,2026-09-17
661.0,,001103,前海开源工业革命4.0混合,0.33725721460139946,ret_12m,main,137.7,full,1.0,2026-09-17
662.0,,005343,长安裕盛灵活配置混合A,0.3368448314330801,ret_12m,main,105.6,full,1.0,2026-09-17
663.0,,400001,东方龙混合,0.3364297180246898,ret_12m,main,261.7,full,1.0,2026-09-17
664.0,,001216,易方达新收益混合A,0.33582235892925194,ret_12m,main,137.0,full,1.0,2026-09-17
665.0,,012188,华安优势龙头混合A,0.3357532119562068,ret_12m,main,58.0,full,1.0,2026-09-17
666.0,,012541,金鹰产业升级混合A,0.3350318965762238,ret_12m,main,62.0,full,1.0,2026-09-17
667.0,,011030,达诚价值先锋灵活配置A,0.33497781214757594,ret_12m,main,64.0,full,1.0,2026-09-17
668.0,,002810,金信转型创新成长混合发起式A,0.33404077690504463,ret_12m,main,123.3,full,1.0,2026-09-17
669.0,,501099,平安新兴产业混合(LOF),0.3336346558294103,ret_12m,main,77.2,full,1.0,2026-09-17
670.0,,011800,申万菱信价值精选混合A,0.33349000250306116,ret_12m,main,64.7,full,1.0,2026-09-17
671.0,,014287,泰康新锐成长混合A,0.33304518243437986,ret_12m,main,45.3,full,1.0,2026-09-17
672.0,,002577,南方新兴龙头灵活配置混合A,0.3329267130848419,ret_12m,main,124.5,full,1.0,2026-09-17
673.0,,015079,永赢成长远航一年持有混合A,0.3326954218899296,ret_12m,main,53.4,full,1.0,2026-09-17
674.0,,007497,中庚价值灵动灵活配置混合,0.33248211825964824,ret_12m,main,86.1,full,1.0,2026-09-17
675.0,,000935,浙商汇金转型成长,0.3316686072382862,ret_12m,main,140.6,full,1.0,2026-09-17
676.0,,015547,华商核心成长一年持有混合A,0.33112967231818513,ret_12m,main,44.7,full,1.0,2026-09-17
677.0,,010790,海富通均衡甄选混合A,0.33106642612909853,ret_12m,main,67.7,full,1.0,2026-09-17
678.0,,000496,长安产业精选混合A,0.33093406629122213,ret_12m,main,148.4,full,1.0,2026-09-17
679.0,,014350,华商卓越成长一年持有混合A,0.33088689780103375,ret_12m,main,54.6,full,1.0,2026-09-17
680.0,,009488,中邮价值精选混合A,0.33051060147076594,ret_12m,main,74.8,full,1.0,2026-09-17
681.0,,501097,国寿安保科技创新混合(LOF),0.3302514460371726,ret_12m,main,77.7,full,1.0,2026-09-17
682.0,,007203,银河新动能混合A,0.32975197779312215,ret_12m,main,82.0,full,1.0,2026-09-17
683.0,,006573,人保行业轮动混合A,0.32935380327814223,ret_12m,main,88.8,full,1.0,2026-09-17
684.0,,000458,英大领先回报A,0.3289177928052689,ret_12m,main,150.4,full,1.0,2026-09-17
685.0,,001008,工银国企改革股票,0.32862027238172287,ret_12m,main,139.7,full,1.0,2026-09-17
686.0,,165516,中信保诚周期轮动混合(LOF)A,0.3286014249872049,ret_12m,main,172.4,full,1.0,2026-09-17
687.0,,519133,海富通改革驱动混合,0.32852041102346985,ret_12m,main,124.6,full,1.0,2026-09-17
688.0,,008186,淳厚信睿混合A,0.3281826329726303,ret_12m,main,79.1,full,1.0,2026-09-17
689.0,,161810,银华内需精选混合(LOF)A,0.32773254423752896,ret_12m,main,205.4,full,1.0,2026-09-17
690.0,,008934,大成科技消费股票A,0.32731052008979855,ret_12m,main,74.1,full,1.0,2026-09-17
691.0,,001682,新华鑫回报混合,0.3262421651677381,ret_12m,main,132.5,full,1.0,2026-09-17
692.0,,506000,南方科创板3年定开混合,0.32623377876974846,ret_12m,main,73.7,full,1.0,2026-09-17
693.0,,024202,永赢制造升级智选混合发起A,0.3261339014588396,ret_12m,main,15.2,short,1.0,2026-09-17
694.0,,019295,博时匠心优选混合A,0.32612399546593873,ret_12m,main,28.7,short,1.0,2026-09-17
695.0,,024317,前海开源研究驱动混合A,0.32608162653737227,ret_12m,main,15.2,short,1.0,2026-09-17
696.0,,010864,泓德卓远混合A,0.32573390529068225,ret_12m,main,68.8,full,1.0,2026-09-17
697.0,,160143,南方创业板2年定期开放混合,0.3254633528961528,ret_12m,main,72.5,full,1.0,2026-09-17
698.0,,519029,华夏稳增混合,0.3252833629378149,ret_12m,main,239.6,full,1.0,2026-09-17
699.0,,010460,兴业研究精选混合A,0.3251190252625171,ret_12m,main,69.7,full,1.0,2026-09-17
700.0,,290008,泰信发展主题混合,0.32497486027781863,ret_12m,main,189.1,full,1.0,2026-09-17
701.0,,163402,兴全趋势投资混合(LOF),0.32427682642197775,ret_12m,main,250.4,full,1.0,2026-09-17
702.0,,011828,平安睿享成长混合A,0.32378450351763366,ret_12m,main,61.4,full,1.0,2026-09-17
703.0,,001125,博时互联网主题灵活配置混合,0.323414638783859,ret_12m,main,136.7,full,1.0,2026-09-17
704.0,,002863,金信深圳成长混合A,0.3231237250655057,ret_12m,main,116.8,full,1.0,2026-09-17
705.0,,169104,东方红睿满沪港深混合(LOF)A,0.32283206486919114,ret_12m,main,122.6,full,1.0,2026-09-17
706.0,,213003,宝盈策略增长混合,0.32236951016253723,ret_12m,main,235.9,full,1.0,2026-09-17
707.0,,004958,圆信永丰优享生活,0.3223159033649652,ret_12m,main,108.6,full,1.0,2026-09-17
708.0,,162205,宏利风险预算混合,0.3221894877658016,ret_12m,main,257.4,full,1.0,2026-09-17
709.0,,000577,安信价值精选股票A,0.3221647259998892,ret_12m,main,148.9,full,1.0,2026-09-17
710.0,,014783,招商远见成长混合A,0.321741063909309,ret_12m,main,48.8,full,1.0,2026-09-17
711.0,,180020,银华成长先锋混合A,0.3215216625384678,ret_12m,main,191.3,full,1.0,2026-09-17
712.0,,519196,万家新兴蓝筹A,0.32148209241390613,ret_12m,main,127.7,full,1.0,2026-09-17
713.0,,011506,建信高端装备股票A,0.3214818666603583,ret_12m,main,64.7,full,1.0,2026-09-17
714.0,,501096,国联安科创混合(LOF),0.3209324268313585,ret_12m,main,77.9,full,1.0,2026-09-17
715.0,,009008,平安科技创新混合A,0.3206853140794719,ret_12m,main,78.4,full,1.0,2026-09-17
716.0,,004616,中欧电子信息产业沪港深股票A,0.32044625305061447,ret_12m,main,110.4,full,1.0,2026-09-17
717.0,,005544,银华瑞和灵活配置混合A,0.31983403009875433,ret_12m,main,100.7,full,1.0,2026-09-17
718.0,,080002,长盛创新先锋混合A,0.3196977234088991,ret_12m,main,219.4,full,1.0,2026-09-17
719.0,,952004,国泰海通君得明混合A,0.3194568027476765,ret_12m,main,84.4,full,1.0,2026-09-17
720.0,,012221,瑞达行业轮动混合A,0.3190427306482153,ret_12m,main,63.3,full,1.0,2026-09-17
721.0,,023135,农银创新驱动混合A,0.3189665878338064,ret_12m,main,19.8,short,1.0,2026-09-17
722.0,,018993,中欧数字经济混合发起A,0.31853827421111625,ret_12m,main,36.2,full,1.0,2026-09-17
723.0,,011874,博时先进制造混合A,0.31815030550687307,ret_12m,main,64.0,full,1.0,2026-09-17
724.0,,021501,信澳科技驱动混合A,0.31804177347161433,ret_12m,main,21.0,short,1.0,2026-09-17
725.0,,023632,景顺长城新兴产业混合A,0.3176908407156511,ret_12m,main,17.5,short,1.0,2026-09-17
726.0,,001365,大成正向回报灵活配置混合A,0.316883768880291,ret_12m,main,134.3,full,1.0,2026-09-17
727.0,,004496,前海开源多元策略混合A,0.3153850855028699,ret_12m,main,110.5,full,1.0,2026-09-17
728.0,,000574,宝盈新价值混合A,0.3152320871984742,ret_12m,main,149.3,full,1.0,2026-09-17
729.0,,210008,金鹰策略配置混合,0.31514361277934055,ret_12m,main,180.5,full,1.0,2026-09-17
730.0,,010264,鹏华成长智选混合A,0.31509779206754174,ret_12m,main,70.9,full,1.0,2026-09-17
731.0,,000309,大摩品质生活精选股票A,0.31472507587970067,ret_12m,main,154.6,full,1.0,2026-09-17
732.0,,006769,长城研究精选混合A,0.31429086947299734,ret_12m,main,85.1,full,1.0,2026-09-17
733.0,,377240,摩根新兴动力混合A,0.3140451451914197,ret_12m,main,182.2,full,1.0,2026-09-17
734.0,,009596,泰康创新成长混合A,0.31398770530022846,ret_12m,main,72.3,full,1.0,2026-09-17
735.0,,005775,中加转型动力混合A,0.313866075341374,ret_12m,main,96.4,full,1.0,2026-09-17
736.0,,010126,平安价值成长混合A,0.31375200061802655,ret_12m,main,71.8,full,1.0,2026-09-17
737.0,,007895,嘉实价值成长混合,0.31251275685880997,ret_12m,main,84.2,full,1.0,2026-09-17
738.0,,016626,汇添富创新成长混合A,0.3124595988876018,ret_12m,main,45.1,full,1.0,2026-09-17
739.0,,501054,东方红睿泽三年持有混合A,0.31187746380346604,ret_12m,main,103.5,full,1.0,2026-09-17
740.0,,011284,中信保诚龙腾精选混合,0.31159556442559344,ret_12m,main,65.6,full,1.0,2026-09-17
741.0,,014818,国金新兴价值混合A,0.3112995594317527,ret_12m,main,54.3,full,1.0,2026-09-17
742.0,,023448,上银资源精选混合发起式A,0.3110869720746825,ret_12m,main,17.9,short,1.0,2026-09-17
743.0,,008467,博道嘉瑞混合A,0.310814304818408,ret_12m,main,80.6,full,1.0,2026-09-17
744.0,,001000,中欧明睿新起点混合,0.31048952067164914,ret_12m,main,139.6,full,1.0,2026-09-17
745.0,,163411,兴全精选混合,0.3103162134333395,ret_12m,main,181.5,full,1.0,2026-09-17
746.0,,519195,万家品质生活混合A,0.3103083336434125,ret_12m,main,133.4,full,1.0,2026-09-17
747.0,,017878,华安匠心甄选混合A,0.3099245724932509,ret_12m,main,42.5,full,1.0,2026-09-17
748.0,,019189,华商品质价值混合A,0.30885962515616505,ret_12m,main,29.5,short,1.0,2026-09-17
749.0,,530011,建信内生动力混合A,0.30872810789483696,ret_12m,main,190.0,full,1.0,2026-09-17
750.0,,001009,摩根安全战略股票A,0.308683226712557,ret_12m,main,138.7,full,1.0,2026-09-17
751.0,,004666,长城久嘉创新成长混合A,0.3064430264583289,ret_12m,main,109.4,full,1.0,2026-09-17
752.0,,021730,富达低碳成长混合A,0.30614910928016714,ret_12m,main,20.7,short,1.0,2026-09-17
753.0,,000524,摩根民生需求股票A,0.30601666544373995,ret_12m,main,150.1,full,1.0,2026-09-17
754.0,,000751,嘉实新兴产业股票,0.30548436946984925,ret_12m,main,144.0,full,1.0,2026-09-17
755.0,,160512,博时卓越品牌混合(LOF)A,0.3050721057567005,ret_12m,main,183.6,full,1.0,2026-09-17
756.0,,004044,金鹰转型动力混合,0.30444514801807987,ret_12m,main,106.0,full,1.0,2026-09-17
757.0,,017960,招商趋势领航混合A,0.303477111792416,ret_12m,main,41.9,full,1.0,2026-09-17
758.0,,002860,前海开源沪港深新机遇混合A,0.30343292326648763,ret_12m,main,120.6,full,1.0,2026-09-17
759.0,,002383,大成趋势回报灵活配置混合A,0.3033793314581592,ret_12m,main,125.9,full,1.0,2026-09-17
760.0,,009847,圆信永丰研究精选混合A,0.30294768002519756,ret_12m,main,72.7,full,1.0,2026-09-17
761.0,,023117,华安高端装备股票发起式A,0.30218796909835244,ret_12m,main,15.7,short,1.0,2026-09-17
762.0,,671030,西部利得事件驱动股票A,0.30202877656876126,ret_12m,main,95.7,full,1.0,2026-09-17
763.0,,012528,广发鑫睿一年持有期混合A,0.3018152552728901,ret_12m,main,58.3,full,1.0,2026-09-17
764.0,,013495,信澳产业优选一年持有混合A,0.30113218188372515,ret_12m,main,54.2,full,1.0,2026-09-17
765.0,,013755,中银证券内需增长混合A,0.3010362735971428,ret_12m,main,58.3,full,1.0,2026-09-17
766.0,,009931,淳厚欣享一年持有期混合A,0.30016402139186193,ret_12m,main,72.0,full,1.0,2026-09-17
767.0,,014562,易方达品质动能三年持有混合A,0.2999910961357064,ret_12m,main,50.4,full,1.0,2026-09-17
768.0,,519957,长信睿进混合A,0.29964500610137534,ret_12m,main,134.4,full,1.0,2026-09-17
769.0,,011021,汇添富互联网核心资产六个月持有混合A,0.29888378382126923,ret_12m,main,67.7,full,1.0,2026-09-17
770.0,,015986,中海新兴成长六个月持有期混合,0.2987388766635002,ret_12m,main,48.5,full,1.0,2026-09-17
771.0,,000592,建信改革红利股票A,0.2981205111853966,ret_12m,main,148.1,full,1.0,2026-09-17
772.0,,519197,万家颐达灵活配置混合A,0.29734630683808194,ret_12m,main,123.5,full,1.0,2026-09-17
773.0,,008671,银华科技创新混合A,0.296480578328419,ret_12m,main,80.0,full,1.0,2026-09-17
774.0,,006270,汇安核心成长混合A,0.29647759283186015,ret_12m,main,91.7,full,1.0,2026-09-17
775.0,,009857,博时价值臻选持有期混合A,0.29637876878936087,ret_12m,main,73.6,full,1.0,2026-09-17
776.0,,001302,前海开源金银珠宝混合A,0.2963524488714664,ret_12m,main,134.3,full,1.0,2026-09-17
777.0,,013000,广发盛泽一年持有混合A,0.29601488554902544,ret_12m,main,53.7,full,1.0,2026-09-17
778.0,,002446,广发利鑫灵活配置混合A,0.2954545985342274,ret_12m,main,125.9,full,1.0,2026-09-17
779.0,,007345,富国科技创新灵活配置混合,0.2950377354453635,ret_12m,main,88.4,full,1.0,2026-09-17
780.0,,002542,长城久鼎混合A,0.294357177396787,ret_12m,main,121.9,full,1.0,2026-09-17
781.0,,022292,前海开源优选领航股票A,0.2941132792277008,ret_12m,main,20.4,short,1.0,2026-09-17
782.0,,001017,宏利改革动力混合A,0.29408107389138816,ret_12m,main,139.1,full,1.0,2026-09-17
783.0,,011371,华商远见价值A,0.29384398423702085,ret_12m,main,63.0,full,1.0,2026-09-17
784.0,,012410,海富通成长领航混合A,0.29384230028525105,ret_12m,main,57.3,full,1.0,2026-09-17
785.0,,001053,南方创新经济,0.29349090797263133,ret_12m,main,137.8,full,1.0,2026-09-17
786.0,,020440,东兴数字经济混合发起A,0.2933981994180792,ret_12m,main,32.0,short,1.0,2026-09-17
787.0,,008638,广发科技创新混合A,0.29323189401678285,ret_12m,main,80.8,full,1.0,2026-09-17
788.0,,020424,方正富邦致盛混合A,0.29222813792423064,ret_12m,main,31.4,short,1.0,2026-09-17
789.0,,023036,中欧资源精选混合发起A,0.2916585280642372,ret_12m,main,19.8,short,1.0,2026-09-17
790.0,,013590,南方比较优势混合A,0.29148588500510453,ret_12m,main,55.3,full,1.0,2026-09-17
791.0,,008065,汇添富中盘积极成长混合A,0.2914102647701269,ret_12m,main,78.2,full,1.0,2026-09-17
792.0,,700004,平安灵活配置混合A,0.2909937551988242,ret_12m,main,168.2,full,1.0,2026-09-17
793.0,,009988,信澳蓝筹精选股票A,0.29089328987263907,ret_12m,main,72.2,full,1.0,2026-09-17
794.0,,001534,华宝万物互联混合A,0.2907382137494736,ret_12m,main,134.6,full,1.0,2026-09-17
795.0,,040008,华安策略优选混合A,0.29045647972990474,ret_12m,main,228.9,full,1.0,2026-09-17
796.0,,018122,永赢数字经济智选混合发起A,0.29006895170525593,ret_12m,main,41.3,full,1.0,2026-09-17
797.0,,005598,广发中小盘精选混合A,0.28974717091202873,ret_12m,main,100.5,full,1.0,2026-09-17
798.0,,690001,民生加银品牌蓝筹混合A,0.28873342677781055,ret_12m,main,209.7,full,1.0,2026-09-17
799.0,,001667,南方转型增长混合A,0.28860989684278526,ret_12m,main,121.0,full,1.0,2026-09-17
800.0,,011170,宝盈智慧生活混合A,0.28857902369249033,ret_12m,main,64.9,full,1.0,2026-09-17
801.0,,019293,长江长扬混合发起A,0.2884656182812293,ret_12m,main,36.2,full,1.0,2026-09-17
802.0,,410009,华富量子生命力混合A,0.28844835419981685,ret_12m,main,185.6,full,1.0,2026-09-17
803.0,,005774,华夏产业升级混合A,0.28827546842040874,ret_12m,main,96.8,full,1.0,2026-09-17
804.0,,001744,诺安进取回报混合A,0.2879620306827031,ret_12m,main,119.7,full,1.0,2026-09-17
805.0,,002495,前海开源量化优选A,0.2878054234493561,ret_12m,main,110.5,full,1.0,2026-09-17
806.0,,016856,银河景气行业混合A,0.28765230151150534,ret_12m,main,45.6,full,1.0,2026-09-17
807.0,,002776,招商安荣混合A,0.2874812445509114,ret_12m,main,122.1,full,1.0,2026-09-17
808.0,,010181,兴业优势产业混合A,0.2861774015631504,ret_12m,main,70.6,full,1.0,2026-09-17
809.0,,000756,建信潜力新蓝筹股票A,0.28554104588035534,ret_12m,main,144.2,full,1.0,2026-09-17
810.0,,001849,前海开源强势共识100强股票,0.2854523924209058,ret_12m,main,129.2,full,1.0,2026-09-17
811.0,,110010,易方达价值成长混合,0.2853308332397526,ret_12m,main,233.5,full,1.0,2026-09-17
812.0,,000527,南方新优享灵活配置混合A,0.2846846112258363,ret_12m,main,150.7,full,1.0,2026-09-17
813.0,,013006,摩根景气甄选混合A,0.2841991685743297,ret_12m,main,60.6,full,1.0,2026-09-17
814.0,,210004,金鹰稳健成长混合,0.2830786948989341,ret_12m,main,197.1,full,1.0,2026-09-17
815.0,,005186,长安鑫兴混合A,0.2823419395876383,ret_12m,main,105.6,full,1.0,2026-09-17
816.0,,002160,南方驱动混合,0.2820105607861618,ret_12m,main,125.8,full,1.0,2026-09-17
817.0,,005001,交银持续成长主题混合A,0.2810037239761687,ret_12m,main,104.1,full,1.0,2026-09-17
818.0,,519003,海富通收益增长混合,0.2806766188607315,ret_12m,main,270.2,full,1.0,2026-09-17
819.0,,022704,银河科技成长混合发起式A,0.28029746981196446,ret_12m,main,20.7,short,1.0,2026-09-17
820.0,,000011,华夏大盘精选混合A,0.28005549684050846,ret_12m,main,265.2,full,1.0,2026-09-17
821.0,,630010,华商价值精选混合,0.27969139616645866,ret_12m,main,183.6,full,1.0,2026-09-17
822.0,,000960,招商医药健康产业股票,0.27958467834408185,ret_12m,main,139.6,full,1.0,2026-09-17
823.0,,000545,中邮核心竞争力灵活配置混合,0.2795186386994213,ret_12m,main,148.8,full,1.0,2026-09-17
824.0,,013607,广发睿恒进取一年持有期混合A,0.2793876981885466,ret_12m,main,55.3,full,1.0,2026-09-17
825.0,,016485,中欧成长先锋混合A,0.278632637718506,ret_12m,main,45.8,full,1.0,2026-09-17
826.0,,010936,交银均衡成长一年混合A,0.2784507274361059,ret_12m,main,67.5,full,1.0,2026-09-17
827.0,,010303,华泰柏瑞量化创盈混合A,0.2783404752389125,ret_12m,main,70.1,full,1.0,2026-09-17
828.0,,007850,方正富邦天睿混合A,0.2776089108476778,ret_12m,main,84.0,full,1.0,2026-09-17
829.0,,012647,中欧洞见一年持有混合,0.2768647782938807,ret_12m,main,58.7,full,1.0,2026-09-17
830.0,,002145,诺安景鑫灵活配置混合,0.27671874179027256,ret_12m,main,129.3,full,1.0,2026-09-17
831.0,,004205,东方支柱产业灵活配置混合,0.2766821515864397,ret_12m,main,111.8,full,1.0,2026-09-17
832.0,,014263,鑫元长三角混合A,0.2761677285272339,ret_12m,main,53.6,full,1.0,2026-09-17
833.0,,001158,工银新材料新能源股票,0.27589920665172496,ret_12m,main,136.7,full,1.0,2026-09-17
834.0,,375010,摩根中国优势混合A,0.2756341112716687,ret_12m,main,264.0,full,1.0,2026-09-17
835.0,,020231,大摩景气智选混合A,0.2755494120203992,ret_12m,main,16.1,short,1.0,2026-09-17
836.0,,007808,华银量化优选灵活配置,0.27534404315774386,ret_12m,main,84.0,full,1.0,2026-09-17
837.0,,519181,万家和谐增长混合A,0.2752402181421685,ret_12m,main,237.6,full,1.0,2026-09-17
838.0,,010495,创金合信创新驱动股票A,0.2749972448678768,ret_12m,main,68.6,full,1.0,2026-09-17
839.0,,630005,华商动态阿尔法混合,0.2742430672563254,ret_12m,main,201.8,full,1.0,2026-09-17
840.0,,012519,大成核心趋势混合A,0.2741078844025677,ret_12m,main,62.6,full,1.0,2026-09-17
841.0,,024377,易方达科智量化选股股票发起式A,0.2735731445916636,ret_12m,main,15.4,short,1.0,2026-09-17
842.0,,519679,银河主题混合A,0.2732231371745393,ret_12m,main,167.9,full,1.0,2026-09-17
843.0,,007777,中邮研究精选混合,0.27298167773146,ret_12m,main,84.2,full,1.0,2026-09-17
844.0,,001373,易方达新丝路灵活配置混合,0.27250126101600514,ret_12m,main,135.7,full,1.0,2026-09-17
845.0,,010761,华商甄选回报混合A,0.27233264222241593,ret_12m,main,67.9,full,1.0,2026-09-17
846.0,,010925,兴银科技增长1个月滚动混合A,0.27229497873215047,ret_12m,main,66.9,full,1.0,2026-09-17
847.0,,012835,招商景气精选股票A,0.27217822905169653,ret_12m,main,61.9,full,1.0,2026-09-17
848.0,,010967,博道嘉丰混合A,0.27182945320703045,ret_12m,main,67.5,full,1.0,2026-09-17
849.0,,000408,民生加银城镇化混合A,0.27157059249442095,ret_12m,main,153.2,full,1.0,2026-09-17
850.0,,501077,富国创新企业灵活配置混合(LOF)A,0.2713643671835897,ret_12m,main,87.2,full,1.0,2026-09-17
851.0,,009054,圆信永丰沣泰A,0.27103783948573756,ret_12m,main,76.6,full,1.0,2026-09-17
852.0,,002252,融通成长30灵活配置混合A,0.27060515707566557,ret_12m,main,129.2,full,1.0,2026-09-17
853.0,,021665,中银周期优选混合发起A,0.27058745927103733,ret_12m,main,23.9,short,1.0,2026-09-17
854.0,,022327,宏利高端装备股票A,0.2704928060557983,ret_12m,main,20.0,short,1.0,2026-09-17
855.0,,519704,交银先进制造混合A,0.26996612340209447,ret_12m,main,182.9,full,1.0,2026-09-17
856.0,,011637,广发沪港深价值成长混合A,0.269837268922666,ret_12m,main,62.9,full,1.0,2026-09-17
857.0,,001743,诺安优选回报混合A,0.26971797990102253,ret_12m,main,119.8,full,1.0,2026-09-17
858.0,,019367,长城均衡成长混合A,0.2696692804162337,ret_12m,main,32.8,short,1.0,2026-09-17
859.0,,009893,大摩优悦安和混合A,0.2695169037271836,ret_12m,main,71.8,full,1.0,2026-09-17
860.0,,630011,华商主题精选混合,0.2694304609329412,ret_12m,main,171.6,full,1.0,2026-09-17
861.0,,002669,华商万众创新混合A,0.26925362897602767,ret_12m,main,122.6,full,1.0,2026-09-17
862.0,,016311,中欧优质企业混合A,0.26912074897370375,ret_12m,main,48.8,full,1.0,2026-09-17
863.0,,070027,嘉实周期优选混合,0.268973012178646,ret_12m,main,177.3,full,1.0,2026-09-17
864.0,,012844,工银瑞信恒兴6个月持有混合A,0.2689354480875681,ret_12m,main,61.0,full,1.0,2026-09-17
865.0,,005910,广发龙头优选混合A,0.2683177974919426,ret_12m,main,97.3,full,1.0,2026-09-17
866.0,,003292,嘉实优势成长混合A,0.26769463157605844,ret_12m,main,117.5,full,1.0,2026-09-17
867.0,,017667,鹏华新材料混合发起式A,0.26764372364498557,ret_12m,main,41.7,full,1.0,2026-09-17
868.0,,001466,华富永鑫灵活配置混合A,0.2676280076947446,ret_12m,main,135.1,full,1.0,2026-09-17
869.0,,000654,华商新锐产业混合,0.2672937101032935,ret_12m,main,145.8,full,1.0,2026-09-17
870.0,,010137,华泰柏瑞量化创享混合A,0.26717495813215075,ret_12m,main,68.6,full,1.0,2026-09-17
871.0,,009859,银华乐享混合A,0.2670678942096094,ret_12m,main,68.8,full,1.0,2026-09-17
872.0,,000021,华夏优势增长混合,0.26605662447299894,ret_12m,main,237.8,full,1.0,2026-09-17
873.0,,018706,兴银先进制造智选混合发起A,0.2659144481921518,ret_12m,main,28.1,short,1.0,2026-09-17
874.0,,015412,西部利得数字产业混合A,0.2659129422527844,ret_12m,main,50.7,full,1.0,2026-09-17
875.0,,019820,鹏华远见精选混合发起式A,0.26589313260450465,ret_12m,main,33.6,short,1.0,2026-09-17
876.0,,481017,工银量化策略混合A,0.265621950478244,ret_12m,main,172.7,full,1.0,2026-09-17
877.0,,001366,金鹰产业整合混合A,0.2655909779917902,ret_12m,main,135.1,full,1.0,2026-09-17
878.0,,021642,富国资源精选混合发起式A,0.26552114782568936,ret_12m,main,25.8,short,1.0,2026-09-17
879.0,,006429,诺安恒鑫混合A,0.26541442539059457,ret_12m,main,88.6,full,1.0,2026-09-17
880.0,,010088,工银优质成长混合A,0.26529893459810316,ret_12m,main,69.7,full,1.0,2026-09-17
881.0,,007731,民生加银持续成长混合A,0.2650764668208756,ret_12m,main,83.8,full,1.0,2026-09-17
882.0,,018868,兴全品质甄选混合A,0.2647997059171241,ret_12m,main,36.4,full,1.0,2026-09-17
883.0,,001398,华泰柏瑞健康生活混合,0.2645201856509578,ret_12m,main,135.0,full,1.0,2026-09-17
884.0,,009861,鹏华新兴成长混合A,0.26418155938271326,ret_12m,main,74.0,full,1.0,2026-09-17
885.0,,010109,富国价值增长混合A,0.26390714986643427,ret_12m,main,72.1,full,1.0,2026-09-17
886.0,,001069,华泰柏瑞消费成长混合,0.2634653035702752,ret_12m,main,136.0,full,1.0,2026-09-17
887.0,,260112,景顺长城能源基建混合A,0.2631484810971114,ret_12m,main,202.9,full,1.0,2026-09-17
888.0,,004987,诺德新享灵活配置混合,0.2631179696739403,ret_12m,main,109.3,full,1.0,2026-09-17
889.0,,005660,嘉实资源精选股票A,0.2627450524468966,ret_12m,main,94.9,full,1.0,2026-09-17
890.0,,373020,摩根双核平衡混合A,0.26235006677588557,ret_12m,main,219.9,full,1.0,2026-09-17
891.0,,000936,博时产业新动力混合A,0.26153188049367215,ret_12m,main,139.7,full,1.0,2026-09-17
892.0,,007074,国寿安保新蓝筹混合,0.2609964905684712,ret_12m,main,87.7,full,1.0,2026-09-17
893.0,,000073,摩根成长动力混合A,0.26095580227919135,ret_12m,main,160.1,full,1.0,2026-09-17
894.0,,206009,鹏华新兴产业混合A,0.2606682926152053,ret_12m,main,183.1,full,1.0,2026-09-17
895.0,,003889,汇安丰泽混合A,0.2604378947521928,ret_12m,main,116.1,full,1.0,2026-09-17
896.0,,018971,富国致弘量化选股股票A,0.26028209391336476,ret_12m,main,36.4,full,1.0,2026-09-17
897.0,,020138,永赢启鑫混合A,0.26020764478555636,ret_12m,main,27.4,short,1.0,2026-09-17
898.0,,001725,汇添富高端制造股票A,0.26013580334527453,ret_12m,main,113.9,full,1.0,2026-09-17
899.0,,519668,银河成长混合,0.26002857651760536,ret_12m,main,219.7,full,1.0,2026-09-17
900.0,,001825,建信中国制造2025股票A,0.2592808320131841,ret_12m,main,114.3,full,1.0,2026-09-17
901.0,,017154,民生加银专精特新智选混合发起式A,0.25899059642011424,ret_12m,main,45.4,full,1.0,2026-09-17
902.0,,001402,中信保诚新选混合A,0.258590168020719,ret_12m,main,135.4,full,1.0,2026-09-17
903.0,,010636,财通安盈混合A,0.25830482114862807,ret_12m,main,69.7,full,1.0,2026-09-17
904.0,,002030,中信保诚新选混合B,0.2580671234611194,ret_12m,main,130.0,full,1.0,2026-09-17
905.0,,379010,摩根中小盘混合A,0.2578916849663355,ret_12m,main,211.8,full,1.0,2026-09-17
906.0,,000652,博时裕隆灵活配置混合A,0.2577298811231816,ret_12m,main,146.5,full,1.0,2026-09-17
907.0,,001731,广发百发大数据价值混合A,0.25750115071906743,ret_12m,main,111.0,full,1.0,2026-09-17
908.0,,019159,中欧产业领航混合A,0.2572465097093415,ret_12m,main,30.0,short,1.0,2026-09-17
909.0,,160610,鹏华动力增长混合(LOF),0.25710775324101864,ret_12m,main,236.3,full,1.0,2026-09-17
910.0,,013641,博道成长智航股票A,0.25676765980230365,ret_12m,main,58.7,full,1.0,2026-09-17
911.0,,019257,恒越智选科技混合A,0.25596658928905613,ret_12m,main,34.0,short,1.0,2026-09-17
912.0,,014478,中加低碳经济六个月持有混合A,0.25563311196944105,ret_12m,main,53.9,full,1.0,2026-09-17
913.0,,233011,大摩主题优选混合,0.25539254615111684,ret_12m,main,174.2,full,1.0,2026-09-17
914.0,,481008,工银大盘蓝筹混合,0.25433700360434774,ret_12m,main,217.4,full,1.0,2026-09-17
915.0,,000001,华夏成长混合,0.2541652297598833,ret_12m,main,297.0,full,1.0,2026-09-17
916.0,,018985,信澳双创智选混合A,0.25403995323907447,ret_12m,main,35.1,short,1.0,2026-09-17
917.0,,011304,工银创新成长混合A,0.2539188503490717,ret_12m,main,67.4,full,1.0,2026-09-17
918.0,,001532,华安文体健康混合A,0.2538340419401821,ret_12m,main,111.3,full,1.0,2026-09-17
919.0,,014144,长信先进装备三个月持有混合A,0.25366493036503024,ret_12m,main,57.6,full,1.0,2026-09-17
920.0,,519110,浦银价值成长混合A,0.25337000335788407,ret_12m,main,221.0,full,1.0,2026-09-17
921.0,,001028,华安物联网主题股票A,0.2531287289358535,ret_12m,main,138.1,full,1.0,2026-09-17
922.0,,012198,国金核心资产一年持有A,0.2529871266634858,ret_12m,main,60.1,full,1.0,2026-09-17
923.0,,001275,中邮创新优势灵活配置混合,0.2529680412787241,ret_12m,main,133.8,full,1.0,2026-09-17
924.0,,002512,长城久润混合A,0.25203637210764906,ret_12m,main,124.7,full,1.0,2026-09-17
925.0,,011229,创金合信数字经济主题股票A,0.2518877804402522,ret_12m,main,67.9,full,1.0,2026-09-17
926.0,,202002,南方稳健成长贰号混合,0.2518603270410047,ret_12m,main,241.8,full,1.0,2026-09-17
927.0,,018999,万家趋势领先混合A,0.25119516483145543,ret_12m,main,31.5,short,1.0,2026-09-17
928.0,,011786,工银聚安混合A,0.25110536392383853,ret_12m,main,61.2,full,1.0,2026-09-17
929.0,,005953,人保转型新动力混合A,0.2510906005193787,ret_12m,main,98.9,full,1.0,2026-09-17
930.0,,398011,中海分红增利混合,0.2508749464257527,ret_12m,main,255.0,full,1.0,2026-09-17
931.0,,011269,中银证券优势制造股票A,0.25066218295532217,ret_12m,main,62.3,full,1.0,2026-09-17
932.0,,011122,汇添富ESG可持续成长股票A,0.250506348902543,ret_12m,main,63.2,full,1.0,2026-09-17
933.0,,015357,摩根慧享成长混合A,0.25022447957890215,ret_12m,main,48.8,full,1.0,2026-09-17
934.0,,202001,南方稳健成长混合,0.2500819263556795,ret_12m,main,299.6,full,1.0,2026-09-17
935.0,,011884,工银景气优选混合A,0.24916482165927034,ret_12m,main,61.8,full,1.0,2026-09-17
936.0,,001421,南方量化成长股票A,0.24885522410614058,ret_12m,main,134.6,full,1.0,2026-09-17
937.0,,165313,建信优势动力混合(LOF),0.24874408732952746,ret_12m,main,161.9,full,1.0,2026-09-17
938.0,,011011,融通产业趋势精选混合A,0.24858252193850827,ret_12m,main,66.1,full,1.0,2026-09-17
939.0,,010878,诺德优势产业,0.24850497397663007,ret_12m,main,65.6,full,1.0,2026-09-17
940.0,,003293,易方达科瑞混合,0.24814768455304925,ret_12m,main,116.3,full,1.0,2026-09-17
941.0,,018910,中欧科技成长混合A,0.24809743749216495,ret_12m,main,31.5,short,1.0,2026-09-17
942.0,,166301,华商新趋势优选灵活配置混合,0.2476658937377756,ret_12m,main,168.3,full,1.0,2026-09-17
943.0,,022490,华商恒鑫回报混合A,0.2476378103769683,ret_12m,main,18.5,short,1.0,2026-09-17
944.0,,005638,农银汇理量化智慧动力混合,0.24756193261439274,ret_12m,main,101.7,full,1.0,2026-09-17
945.0,,571002,诺德灵活配置混合,0.24749336579035042,ret_12m,main,214.4,full,1.0,2026-09-17
946.0,,001677,中银战略新兴产业股票A,0.24720311239723447,ret_12m,main,129.7,full,1.0,2026-09-17
947.0,,015043,西部利得时代动力混合发起A,0.24719963265786893,ret_12m,main,51.6,full,1.0,2026-09-17
948.0,,000800,华商未来主题混合,0.24667087231964713,ret_12m,main,143.1,full,1.0,2026-09-17
949.0,,004959,圆信永丰优悦生活混合,0.24614849223575574,ret_12m,main,103.6,full,1.0,2026-09-17
950.0,,000689,前海开源新经济混合A,0.24602641677535586,ret_12m,main,144.9,full,1.0,2026-09-17
951.0,,013269,交银瑞和三年持有期混合,0.2457541425900729,ret_12m,main,54.5,full,1.0,2026-09-17
952.0,,014341,摩根时代睿选股票A,0.24564689890708613,ret_12m,main,39.2,full,1.0,2026-09-17
953.0,,011277,上银科技驱动双周定期可赎回混合A,0.2451654857580554,ret_12m,main,63.3,full,1.0,2026-09-17
954.0,,630008,华商策略精选混合,0.2447392093216898,ret_12m,main,190.3,full,1.0,2026-09-17
955.0,,010808,达诚策略先锋混合A,0.24469880263093247,ret_12m,main,68.7,full,1.0,2026-09-17
956.0,,014825,汇泉兴至未来一年持有混合A,0.2437841693545364,ret_12m,main,53.4,full,1.0,2026-09-17
957.0,,010488,鹏华优选成长混合A,0.24360217491984026,ret_12m,main,69.0,full,1.0,2026-09-17
958.0,,004423,华商研究精选灵活配置A,0.2434691749171689,ret_12m,main,111.8,full,1.0,2026-09-17
959.0,,090018,大成新锐产业混合A,0.2433807869118776,ret_12m,main,173.9,full,1.0,2026-09-17
960.0,,006401,先锋量化优选混合A,0.2430019212846879,ret_12m,main,88.1,full,1.0,2026-09-17
961.0,,005299,万家成长优选混合A,0.24246061968706156,ret_12m,main,103.5,full,1.0,2026-09-17
962.0,,014187,华夏量化优选股票A,0.24201276888889245,ret_12m,main,57.1,full,1.0,2026-09-17
963.0,,001536,南方君选,0.2419310383981268,ret_12m,main,127.4,full,1.0,2026-09-17
964.0,,012985,平安优势回报1年持有混合A,0.2415297101127838,ret_12m,main,60.8,full,1.0,2026-09-17
965.0,,004784,招商稳健优选股票A,0.24101829218057946,ret_12m,main,107.9,full,1.0,2026-09-17
966.0,,019535,东方红新兴成长混合A,0.2407186714391607,ret_12m,main,14.6,short,1.0,2026-09-17
967.0,,000199,国泰量化策略收益混合A,0.24067181696826312,ret_12m,main,157.2,full,1.0,2026-09-17
968.0,,519908,华夏兴华混合A,0.24045301934654684,ret_12m,main,160.1,full,1.0,2026-09-17
969.0,,000925,汇添富外延增长股票A,0.2400383558640673,ret_12m,main,141.3,full,1.0,2026-09-17
970.0,,004476,景顺长城沪港深领先科技股票A,0.2395117784740468,ret_12m,main,110.4,full,1.0,2026-09-17
971.0,,660005,农银中小盘混合,0.2388149478639936,ret_12m,main,197.8,full,1.0,2026-09-17
972.0,,260117,景顺长城支柱产业混合A,0.23849090206179424,ret_12m,main,165.9,full,1.0,2026-09-17
973.0,,014049,中银远见成长混合A,0.2382231357382436,ret_12m,main,51.8,full,1.0,2026-09-17
974.0,,000006,西部利得量化成长混合A,0.23801432893907326,ret_12m,main,90.0,full,1.0,2026-09-17
975.0,,000963,兴业多策略混合,0.2379191771165925,ret_12m,main,139.8,full,1.0,2026-09-17
976.0,,012064,圆信永丰兴诺一年持有期混合,0.23786864231771432,ret_12m,main,61.2,full,1.0,2026-09-17
977.0,,000066,诺安鸿鑫混合A,0.2377146638610197,ret_12m,main,160.5,full,1.0,2026-09-17
978.0,,007146,鹏华研究智选混合,0.23687385633601332,ret_12m,main,88.4,full,1.0,2026-09-17
979.0,,005437,易方达易百智能量化策略A,0.23674768586738315,ret_12m,main,103.8,full,1.0,2026-09-17
980.0,,003624,创金合信资源股票发起式A,0.23643029807433247,ret_12m,main,118.5,full,1.0,2026-09-17
981.0,,011446,长江新能源产业混合发起A,0.2361293627113148,ret_12m,main,65.1,full,1.0,2026-09-17
982.0,,001809,中信建投智信物联网A,0.23604361825319642,ret_12m,main,121.5,full,1.0,2026-09-17
983.0,,014792,华泰柏瑞匠心臻选混合A,0.23596695012667745,ret_12m,main,50.7,full,1.0,2026-09-17
984.0,,006281,万家人工智能混合A,0.23533954471223573,ret_12m,main,91.7,full,1.0,2026-09-17
985.0,,015973,工银恒嘉一年持有混合A,0.23432490153601693,ret_12m,main,44.0,full,1.0,2026-09-17
986.0,,003145,国联竞争优势,0.23421982255759244,ret_12m,main,120.3,full,1.0,2026-09-17
987.0,,000601,华宝创新优选混合,0.23389851051745514,ret_12m,main,148.1,full,1.0,2026-09-17
988.0,,673081,西部利得祥运混合A,0.23370782202297846,ret_12m,main,117.4,full,1.0,2026-09-17
989.0,,010286,海富通成长价值混合A,0.23361636326429047,ret_12m,main,69.0,full,1.0,2026-09-17
990.0,,012500,博时汇荣回报混合A,0.23338301434576048,ret_12m,main,60.8,full,1.0,2026-09-17
991.0,,014773,华安品质领先混合A,0.2331841004730677,ret_12m,main,54.3,full,1.0,2026-09-17
992.0,,002939,广发创新升级混合,0.23266646800859037,ret_12m,main,120.8,full,1.0,2026-09-17
993.0,,012239,惠升优势企业一年持有期混合,0.2325852223481777,ret_12m,main,62.4,full,1.0,2026-09-17
994.0,,007449,兴全多维价值混合A,0.232341978070991,ret_12m,main,87.2,full,1.0,2026-09-17
995.0,,260115,景顺长城中小盘混合A,0.23184276213444344,ret_12m,main,185.9,full,1.0,2026-09-17
996.0,,202213,南方核心竞争混合,0.23139011799891418,ret_12m,main,164.9,full,1.0,2026-09-17
997.0,,010003,景顺长城电子信息产业股票A,0.23098957347397353,ret_12m,main,72.2,full,1.0,2026-09-17
998.0,,000549,华安大国新经济股票A,0.2306004560018473,ret_12m,main,149.1,full,1.0,2026-09-17
999.0,,017801,汇添富战略精选中小盘市值3年持有混合发起A,0.2297494594367786,ret_12m,main,41.9,full,1.0,2026-09-17
1000.0,,008261,招商研究优选股票A,0.229635622380729,ret_12m,main,76.9,full,1.0,2026-09-17
1001.0,,021965,泓德智选启鑫混合A,0.22955394929436923,ret_12m,main,19.4,short,1.0,2026-09-17
1002.0,,002258,大成国企改革灵活配置混合A,0.22880455696091584,ret_12m,main,107.9,full,1.0,2026-09-17
1003.0,,470021,汇添富优选回报混合A,0.22836819569484534,ret_12m,main,163.7,full,1.0,2026-09-17
1004.0,,002305,光大风格轮动混合A,0.2278267154789273,ret_12m,main,127.4,full,1.0,2026-09-17
1005.0,,017751,长城创新成长混合A,0.22746880510405076,ret_12m,main,39.6,full,1.0,2026-09-17
1006.0,,000594,大摩进取优选股票,0.22702418965745208,ret_12m,main,147.6,full,1.0,2026-09-17
1007.0,,166001,中欧新趋势混合A,0.22686974888597877,ret_12m,main,235.6,full,1.0,2026-09-17
1008.0,,001208,诺安低碳经济股票A,0.2268295500508235,ret_12m,main,136.2,full,1.0,2026-09-17
1009.0,,016464,兴全合瑞混合A,0.2268108014859782,ret_12m,main,48.3,full,1.0,2026-09-17
1010.0,,011216,南方优质企业混合A,0.2267469624172449,ret_12m,main,66.3,full,1.0,2026-09-17
1011.0,,011862,南方蓝筹成长混合A,0.2266181730126393,ret_12m,main,59.8,full,1.0,2026-09-17
1012.0,,022038,兴银数字经济智选混合发起A,0.2266131357356187,ret_12m,main,24.4,short,1.0,2026-09-17
1013.0,,169105,东方红睿华沪港深混合(LOF)A,0.2262332563667746,ret_12m,main,121.4,full,1.0,2026-09-17
1014.0,,014651,大成专精特新混合A,0.22597949547015017,ret_12m,main,55.7,full,1.0,2026-09-17
1015.0,,519672,银河蓝筹混合A,0.22583854097540979,ret_12m,main,194.1,full,1.0,2026-09-17
1016.0,,005028,鹏华研究精选灵活配置混合,0.22583362702248122,ret_12m,main,107.3,full,1.0,2026-09-17
1017.0,,002838,华夏新锦程混合A,0.2254571899750164,ret_12m,main,121.3,full,1.0,2026-09-17
1018.0,,070021,嘉实主题新动力混合,0.22543989952905652,ret_12m,main,189.3,full,1.0,2026-09-17
1019.0,,014389,华安产业动力6个月持有混合A,0.2248007379862711,ret_12m,main,56.8,full,1.0,2026-09-17
1020.0,,014232,博时专精特新主题混合A,0.22458861254595863,ret_12m,main,57.4,full,1.0,2026-09-17
1021.0,,150968,银河研究精选混合A,0.22442564748211047,ret_12m,main,109.0,full,1.0,2026-09-17
1022.0,,010299,南方产业升级混合A,0.2243783103894148,ret_12m,main,69.3,full,1.0,2026-09-17
1023.0,,016029,湘财成长优选一年持有混合A,0.2237522873533322,ret_12m,main,49.7,full,1.0,2026-09-17
1024.0,,200010,长城双动力混合A,0.22349066372288173,ret_12m,main,212.0,full,1.0,2026-09-17
1025.0,,009188,鹏华股息精选混合,0.22328998142255352,ret_12m,main,76.4,full,1.0,2026-09-17
1026.0,,001707,诺安高端制造股票A,0.22293249820827388,ret_12m,main,111.3,full,1.0,2026-09-17
1027.0,,005290,诺德新盛灵活配置混合A,0.22291727919704574,ret_12m,main,104.9,full,1.0,2026-09-17
1028.0,,002703,长城久源灵活配置混合A,0.22274198922020672,ret_12m,main,122.9,full,1.0,2026-09-17
1029.0,,001938,中欧时代先锋股票A,0.22273832641526647,ret_12m,main,130.5,full,1.0,2026-09-17
1030.0,,024437,华安竞争优势混合A,0.22268797806326268,ret_12m,main,14.9,short,0.9644,2026-09-17
1031.0,,217013,招商中小盘混合,0.22266501970471442,ret_12m,main,200.7,full,1.0,2026-09-17
1032.0,,110009,易方达价值精选混合,0.22248938459512102,ret_12m,main,243.2,full,1.0,2026-09-17
1033.0,,005402,广发资源优选股票A,0.2224460791029763,ret_12m,main,105.1,full,1.0,2026-09-17
1034.0,,012917,平安优势领航1年持有混合A,0.2224130086303442,ret_12m,main,60.8,full,1.0,2026-09-17
1035.0,,001173,中欧瑾和灵活配置混合A,0.2222947096148784,ret_12m,main,137.2,full,1.0,2026-09-17
1036.0,,011373,招商前沿医疗保健股票A,0.22217301091439978,ret_12m,main,62.9,full,1.0,2026-09-17
1037.0,,001245,工银生态环境股票A,0.22203687820714268,ret_12m,main,135.5,full,1.0,2026-09-17
1038.0,,519642,银河智造混合A,0.2220258406568747,ret_12m,main,126.2,full,1.0,2026-09-17
1039.0,,001140,工银总回报灵活配置混合A,0.22157303986828114,ret_12m,main,137.0,full,1.0,2026-09-17
1040.0,,009750,汇安价值蓝筹混合A,0.22091052543854195,ret_12m,main,73.6,full,1.0,2026-09-17
1041.0,,013323,国寿安保盛泽三年持有混合A,0.22072629313660297,ret_12m,main,56.0,full,1.0,2026-09-17
1042.0,,010186,嘉实核心成长混合A,0.220350891074927,ret_12m,main,70.6,full,1.0,2026-09-17
1043.0,,013345,富荣信息技术混合A,0.22010449415014377,ret_12m,main,58.6,full,1.0,2026-09-17
1044.0,,013693,博道盛兴一年持有期混合,0.21984097104209122,ret_12m,main,54.3,full,1.0,2026-09-17
1045.0,,004434,博时逆向投资混合A,0.2194685632447646,ret_12m,main,113.1,full,1.0,2026-09-17
1046.0,,014734,广发睿合混合A,0.21924733947077257,ret_12m,main,53.8,full,1.0,2026-09-17
1047.0,,005634,汇安行业龙头混合A,0.21914265812901923,ret_12m,main,84.7,full,1.0,2026-09-17
1048.0,,022269,中信保诚周期优选混合A,0.21898543629641143,ret_12m,main,22.4,short,1.0,2026-09-17
1049.0,,001181,南方改革机遇,0.21891615169508882,ret_12m,main,136.0,full,1.0,2026-09-17
1050.0,,200001,长城久恒灵活配置混合A,0.2187929577036971,ret_12m,main,274.6,full,1.0,2026-09-17
1051.0,,519670,银河行业混合A,0.21875568968493142,ret_12m,main,208.8,full,1.0,2026-09-17
1052.0,,320001,诺安平衡混合A,0.21862724295211544,ret_12m,main,267.9,full,1.0,2026-09-17
1053.0,,010944,招商商业模式优选A,0.2180733545886322,ret_12m,main,65.7,full,1.0,2026-09-17
1054.0,,005161,华商上游产业股票A,0.2177366975501851,ret_12m,main,104.7,full,1.0,2026-09-17
1055.0,,003886,汇安丰利混合A,0.21761325427229705,ret_12m,main,116.9,full,1.0,2026-09-17
1056.0,,015408,景顺长城成长趋势股票A,0.21759424414864248,ret_12m,main,37.8,full,1.0,2026-09-17
1057.0,,019387,中欧时代共赢混合发起A1,0.21754741810547773,ret_12m,main,33.6,short,1.0,2026-09-17
1058.0,,018294,景顺长城国企价值混合A,0.2174060723729918,ret_12m,main,39.6,full,1.0,2026-09-17
1059.0,,018424,路博迈中国机遇混合A,0.21736530159764023,ret_12m,main,39.1,full,1.0,2026-09-17
1060.0,,023524,广发制造智选股票发起式A,0.21732458327708404,ret_12m,main,18.2,short,1.0,2026-09-17
1061.0,,001322,东吴新趋势价值线混合,0.2172320734910116,ret_12m,main,134.6,full,1.0,2026-09-17
1062.0,,009998,摩根慧见两年持有期混合,0.21706069053521326,ret_12m,main,72.0,full,1.0,2026-09-17
1063.0,,519697,交银优势行业混合,0.21696672086946522,ret_12m,main,211.8,full,1.0,2026-09-17
1064.0,,012124,博道盛彦混合A,0.2165910081133331,ret_12m,main,63.5,full,1.0,2026-09-17
1065.0,,007012,湘财长顺混合发起式A,0.21594806362295382,ret_12m,main,89.7,full,1.0,2026-09-17
1066.0,,014668,银华专精特新量化优选股票发起A,0.21552252966510843,ret_12m,main,49.9,full,1.0,2026-09-17
1067.0,,007875,国融融兴混合A,0.21531842696959225,ret_12m,main,82.4,full,1.0,2026-09-17
1068.0,,320003,诺安先锋混合A,0.2152787646046801,ret_12m,main,248.9,full,1.0,2026-09-17
1069.0,,166002,中欧新蓝筹混合A,0.21522752318462013,ret_12m,main,217.8,full,1.0,2026-09-17
1070.0,,050014,博时创业成长混合A,0.2151419567624513,ret_12m,main,195.5,full,1.0,2026-09-17
1071.0,,016117,贝莱德先进制造一年持有混合A,0.21506923733882943,ret_12m,main,48.6,full,1.0,2026-09-17
1072.0,,010377,广发价值核心混合A,0.21505058759097384,ret_12m,main,67.8,full,1.0,2026-09-17
1073.0,,630002,华商盛世成长混合,0.21446889982038653,ret_12m,main,215.8,full,1.0,2026-09-17
1074.0,,519712,交银阿尔法核心混合A,0.21429326483192468,ret_12m,main,169.5,full,1.0,2026-09-17
1075.0,,013554,信澳远见价值混合A,0.21368605640779403,ret_12m,main,52.2,full,1.0,2026-09-17
1076.0,,018401,嘉实成长驱动混合A,0.21364536296250147,ret_12m,main,35.8,short,1.0,2026-09-17
1077.0,,018918,华夏清洁能源龙头混合发起式A,0.21361941629796655,ret_12m,main,36.9,full,1.0,2026-09-17
1078.0,,501080,中金科创主题灵活配置混合(LOF),0.21346507317579722,ret_12m,main,86.2,full,1.0,2026-09-17
1079.0,,011401,汇添富成长精选混合A,0.21314113781926847,ret_12m,main,67.2,full,1.0,2026-09-17
1080.0,,014207,华安产业精选混合A,0.2126772949906568,ret_12m,main,56.6,full,1.0,2026-09-17
1081.0,,530005,建信优化配置混合A,0.21242191983182468,ret_12m,main,234.6,full,1.0,2026-09-17
1082.0,,012426,南方价值臻选混合A,0.2124122471466896,ret_12m,main,62.9,full,1.0,2026-09-17
1083.0,,240009,华宝先进成长混合,0.21209171509521618,ret_12m,main,238.3,full,1.0,2026-09-17
1084.0,,519013,海富通风格优势混合,0.21186302633845333,ret_12m,main,238.9,full,1.0,2026-09-17
1085.0,,009863,富国创新趋势股票A,0.21171339596110372,ret_12m,main,73.7,full,1.0,2026-09-17
1086.0,,001880,长城中国智造灵活配置混合A,0.2113138031882804,ret_12m,main,114.1,full,1.0,2026-09-17
1087.0,,001304,建信鑫安回报灵活配置混合A,0.21078178150041738,ret_12m,main,136.1,full,1.0,2026-09-17
1088.0,,519909,华安安顺灵活配置混合A,0.21077764150476175,ret_12m,main,147.3,full,1.0,2026-09-17
1089.0,,020276,银河新材料股票发起式A,0.2107247689864935,ret_12m,main,32.7,short,1.0,2026-09-17
1090.0,,006969,圆信永丰高端制造A,0.21070305331734507,ret_12m,main,89.5,full,1.0,2026-09-17
1091.0,,006257,信澳先进智造股票型A,0.21066553744809924,ret_12m,main,92.0,full,1.0,2026-09-17
1092.0,,002601,中银证券价值精选混合,0.2104950069208016,ret_12m,main,124.6,full,1.0,2026-09-17
1093.0,,002103,招商康泰灵活配置混合,0.21031599380655863,ret_12m,main,127.4,full,1.0,2026-09-17
1094.0,,519224,海富通欣荣混合A,0.2103014289443974,ret_12m,main,119.8,full,1.0,2026-09-17
1095.0,,012905,金鹰睿选成长六个月持有混合A,0.20970554233544036,ret_12m,main,39.3,full,1.0,2026-09-17
1096.0,,019354,易方达平衡视野混合A1,0.20951828971373443,ret_12m,main,33.4,short,1.0,2026-09-17
1097.0,,560006,益民核心增长混合,0.20845172297887515,ret_12m,main,169.0,full,1.0,2026-09-17
1098.0,,016709,泉果旭源三年持有期混合A,0.20815382610327404,ret_12m,main,47.0,full,1.0,2026-09-17
1099.0,,009327,东兴兴晟混合A,0.20805678184206955,ret_12m,main,73.4,full,1.0,2026-09-17
1100.0,,019113,东财慧心优选A,0.2076735894689754,ret_12m,main,34.6,short,1.0,2026-09-17
1101.0,,360001,光大量化股票A,0.20739049449140157,ret_12m,main,264.7,full,1.0,2026-09-17
1102.0,,013680,华安品质甄选混合A,0.20724701996127437,ret_12m,main,49.9,full,1.0,2026-09-17
1103.0,,019747,华西优选价值混合发起A,0.20707939779786444,ret_12m,main,34.3,short,1.0,2026-09-17
1104.0,,370024,摩根核心优选混合A,0.20701561619905662,ret_12m,main,165.6,full,1.0,2026-09-17
1105.0,,161610,融通领先成长混合(LOF)A,0.2067561412149992,ret_12m,main,231.6,full,1.0,2026-09-17
1106.0,,005609,富国军工主题混合A,0.20632983184193243,ret_12m,main,101.7,full,1.0,2026-09-17
1107.0,,378010,摩根成长先锋混合A,0.20556201751650094,ret_12m,main,239.9,full,1.0,2026-09-17
1108.0,,009812,易方达悦兴一年持有期混合A,0.20538490453775426,ret_12m,main,69.7,full,1.0,2026-09-17
1109.0,,004332,恒生沪港深新兴产业精选混合,0.20501922964376984,ret_12m,main,113.5,full,1.0,2026-09-17
1110.0,,001601,鑫元鑫新收益灵活配置混合A,0.20485552126615802,ret_12m,main,134.1,full,1.0,2026-09-17
1111.0,,007066,浦银先进制造混合A,0.2047155506368341,ret_12m,main,80.1,full,1.0,2026-09-17
1112.0,,000978,景顺长城量化精选股票A,0.20404915043324778,ret_12m,main,139.4,full,1.0,2026-09-17
1113.0,,019468,信澳新材料精选混合A,0.2040266387134655,ret_12m,main,33.6,short,1.0,2026-09-17
1114.0,,010587,鹏扬先进制造混合A,0.20372996745304728,ret_12m,main,67.4,full,1.0,2026-09-17
1115.0,,001484,天弘新价值混合A,0.20364563309620554,ret_12m,main,135.0,full,1.0,2026-09-17
1116.0,,151001,银河稳健混合A,0.20359729729803733,ret_12m,main,277.5,full,1.0,2026-09-17
1117.0,,360012,光大中小盘混合A,0.20336241268358468,ret_12m,main,197.1,full,1.0,2026-09-17
1118.0,,002031,华夏策略混合,0.20316757996709178,ret_12m,main,214.8,full,1.0,2026-09-17
1119.0,,020560,万家高端装备量化选股混合发起式A,0.20290760086065185,ret_12m,main,31.9,short,1.0,2026-09-17
1120.0,,011975,广发均衡回报混合A,0.2028170447142903,ret_12m,main,62.8,full,1.0,2026-09-17
1121.0,,673060,西部利得景瑞灵活配置混合A,0.20257283801666026,ret_12m,main,120.7,full,1.0,2026-09-17
1122.0,,008655,招商科技创新混合A,0.20239926311786838,ret_12m,main,79.1,full,1.0,2026-09-17
1123.0,,004707,景顺长城睿成混合A,0.20198535598497824,ret_12m,main,106.2,full,1.0,2026-09-17
1124.0,,000259,农银区间收益混合,0.20196522982905396,ret_12m,main,156.9,full,1.0,2026-09-17
1125.0,,012033,广发睿盛混合A,0.20174551835455645,ret_12m,main,59.7,full,1.0,2026-09-17
1126.0,,000595,嘉实泰和混合,0.20171622884486284,ret_12m,main,148.6,full,1.0,2026-09-17
1127.0,,161903,万家行业优选混合(LOF),0.2017026369787127,ret_12m,main,254.1,full,1.0,2026-09-17
1128.0,,018827,鑫元科技创新混合A,0.20168387999237947,ret_12m,main,36.4,full,1.0,2026-09-17
1129.0,,001192,摩根整合驱动混合A,0.20143554736803782,ret_12m,main,136.8,full,1.0,2026-09-17
1130.0,,008314,摩根慧选成长股票A,0.2006876700584641,ret_12m,main,79.8,full,1.0,2026-09-17
1131.0,,003713,英大睿盛A,0.20065774225943378,ret_12m,main,117.6,full,1.0,2026-09-17
1132.0,,022320,汇添富弘瑞回报混合发起式A,0.20043936081315827,ret_12m,main,19.7,short,1.0,2026-09-17
1133.0,,012223,信澳成长精选混合A,0.20034051071385606,ret_12m,main,60.2,full,1.0,2026-09-17
1134.0,,005009,申万菱信行业轮动股票A,0.20030422908077394,ret_12m,main,107.6,full,1.0,2026-09-17
1135.0,,016592,长城远见成长混合A,0.2001879498300254,ret_12m,main,47.6,full,1.0,2026-09-17
1136.0,,001120,东方睿鑫热点挖掘混合A,0.19990914759362477,ret_12m,main,137.1,full,1.0,2026-09-17
1137.0,,013687,平安成长龙头1年持有混合A,0.19983917327623102,ret_12m,main,57.6,full,1.0,2026-09-17
1138.0,,019879,万家周期驱动股票发起式A,0.199803684230611,ret_12m,main,34.6,short,1.0,2026-09-17
1139.0,,004944,鑫元鑫趋势灵活配置混合A,0.1996793288973362,ret_12m,main,108.8,full,1.0,2026-09-17
1140.0,,006801,前海联合科技先锋混合A,0.1991638202856154,ret_12m,main,85.1,full,1.0,2026-09-17
1141.0,,070022,嘉实领先成长混合,0.1989823536024362,ret_12m,main,183.6,full,1.0,2026-09-17
1142.0,,011196,摩根优势成长混合A,0.198855989507976,ret_12m,main,64.1,full,1.0,2026-09-17
1143.0,,470028,汇添富社会责任混合A,0.19869558443760704,ret_12m,main,185.7,full,1.0,2026-09-17
1144.0,,570005,诺德成长优势混合,0.19865544217801268,ret_12m,main,203.8,full,1.0,2026-09-17
1145.0,,005128,华夏永康添福混合A,0.1986333650475267,ret_12m,main,103.5,full,1.0,2026-09-17
1146.0,,006648,汇安多因子混合A,0.19846529589249595,ret_12m,main,88.6,full,1.0,2026-09-17
1147.0,,519778,交银经济新动力混合A,0.19818737400550002,ret_12m,main,118.9,full,1.0,2026-09-17
1148.0,,014062,景顺长城专精特新量化优选股票A,0.19813663072517862,ret_12m,main,57.7,full,1.0,2026-09-17
1149.0,,003561,诺德成长精选A,0.19812315923463153,ret_12m,main,114.7,full,1.0,2026-09-17
1150.0,,001605,国富沪港深成长精选股票A,0.19809054096036993,ret_12m,main,127.9,full,1.0,2026-09-17
1151.0,,550015,中信保诚至远动力混合A,0.1979022392372991,ret_12m,main,165.2,full,1.0,2026-09-17
1152.0,,005211,银河智慧混合A,0.19788760154650475,ret_12m,main,105.5,full,1.0,2026-09-17
1153.0,,005281,中科沃土转型升级混合A,0.1978102416229044,ret_12m,main,103.7,full,1.0,2026-09-17
1154.0,,013534,鹏华沃鑫混合A,0.19773263110214745,ret_12m,main,56.9,full,1.0,2026-09-17
1155.0,,010049,长城成长先锋混合A,0.1972752364678032,ret_12m,main,72.2,full,1.0,2026-09-17
1156.0,,009486,光大瑞和混合A,0.19724625377841298,ret_12m,main,74.6,full,1.0,2026-09-17
1157.0,,009353,浙商科创一个月滚动持有混合A,0.19712102558287836,ret_12m,main,71.6,full,1.0,2026-09-17
1158.0,,005571,中银证券新能源混合A,0.19704786514002204,ret_12m,main,97.5,full,1.0,2026-09-17
1159.0,,000136,民生加银策略精选混合A,0.19697552121496265,ret_12m,main,159.3,full,1.0,2026-09-17
1160.0,,005743,长安裕隆混合A,0.1969602479722392,ret_12m,main,96.5,full,1.0,2026-09-17
1161.0,,018148,百嘉百瑞混合发起式A,0.1969231777240683,ret_12m,main,36.6,full,1.0,2026-09-17
1162.0,,005352,鹏扬景泰成长混合A,0.19672102235212274,ret_12m,main,104.9,full,1.0,2026-09-17
1163.0,,019985,蜂巢趋势臻选混合A,0.1963606606483781,ret_12m,main,28.8,short,1.0,2026-09-17
1164.0,,013899,摩根全景优势股票A,0.19627542447496804,ret_12m,main,56.2,full,1.0,2026-09-17
1165.0,,005729,南方人工智能混合,0.19620014620974824,ret_12m,main,95.2,full,1.0,2026-09-17
1166.0,,020267,宏利睿智成长混合A,0.19615177832670105,ret_12m,main,28.1,short,1.0,2026-09-17
1167.0,,008854,南方内需增长两年股票A,0.19586241166408014,ret_12m,main,78.9,full,1.0,2026-09-17
1168.0,,000409,鹏华环保产业股票,0.19548298758903915,ret_12m,main,150.4,full,1.0,2026-09-17
1169.0,,015006,中欧量化动力混合A,0.19536887288110916,ret_12m,main,54.5,full,1.0,2026-09-17
1170.0,,016560,永赢启源混合发起A,0.19527884082927693,ret_12m,main,36.7,full,1.0,2026-09-17
1171.0,,015586,东方匠心优选混合A,0.1951475810276584,ret_12m,main,45.8,full,1.0,2026-09-17
1172.0,,009341,易方达均衡成长股票,0.19491693418061584,ret_12m,main,75.9,full,1.0,2026-09-17
1173.0,,001763,广发多策略混合,0.1947994547645615,ret_12m,main,129.3,full,1.0,2026-09-17
1174.0,,000328,摩根转型动力混合A,0.19475396361640485,ret_12m,main,153.7,full,1.0,2026-09-17
1175.0,,006230,鹏华研究驱动混合,0.1946388230310181,ret_12m,main,96.1,full,1.0,2026-09-17
1176.0,,590008,中邮战略新兴产业混合A,0.1944229132406996,ret_12m,main,171.2,full,1.0,2026-09-17
1177.0,,000039,农银高增长混合,0.19437172805627378,ret_12m,main,161.7,full,1.0,2026-09-17
1178.0,,020748,国联智选先锋股票A,0.1943404325231266,ret_12m,main,27.4,short,1.0,2026-09-17
1179.0,,015381,东方兴瑞趋势领航混合A,0.19425762733573415,ret_12m,main,49.1,full,1.0,2026-09-17
1180.0,,012904,摩根鑫睿优选一年持有混合,0.19418143697908197,ret_12m,main,54.6,full,1.0,2026-09-17
1181.0,,002407,前海开源恒远灵活配置混合,0.1935383754957376,ret_12m,main,125.7,full,1.0,2026-09-17
1182.0,,001323,东吴移动互联混合A,0.19337946940682205,ret_12m,main,135.7,full,1.0,2026-09-17
1183.0,,003053,嘉实文体娱乐股票A,0.19315363686860243,ret_12m,main,120.3,full,1.0,2026-09-17
1184.0,,003115,光大诚鑫混合A,0.19314582339123798,ret_12m,main,117.1,full,1.0,2026-09-17
1185.0,,010826,大成产业趋势混合A,0.1929727589521626,ret_12m,main,67.2,full,1.0,2026-09-17
1186.0,,460009,华泰柏瑞量化先行混合A,0.1929548938086727,ret_12m,main,194.9,full,1.0,2026-09-17
1187.0,,018823,国金智享量化选股混合A,0.19270488464905977,ret_12m,main,36.9,full,1.0,2026-09-17
1188.0,,012454,淳厚鑫悦混合A,0.19230657049626565,ret_12m,main,58.8,full,1.0,2026-09-17
1189.0,,014224,大成聚优成长混合A,0.19219449021666346,ret_12m,main,55.9,full,1.0,2026-09-17
1190.0,,012820,汇添富价值领先混合,0.1921442745686317,ret_12m,main,61.0,full,1.0,2026-09-17
1191.0,,003147,大成动态量化配置策略混合A,0.19213908436565408,ret_12m,main,119.9,full,1.0,2026-09-17
1192.0,,023129,富国致盛量化选股股票A,0.19200459147761317,ret_12m,main,17.1,short,1.0,2026-09-17
1193.0,,007802,兴全合泰混合A,0.1915374102153049,ret_12m,main,83.0,full,1.0,2026-09-17
1194.0,,021884,太平量化选股混合A,0.19149050580796945,ret_12m,main,22.6,short,1.0,2026-09-17
1195.0,,001490,汇添富国企创新股票A,0.19109701217656894,ret_12m,main,134.3,full,1.0,2026-09-17
1196.0,,481004,工银稳健成长混合A,0.19096517557341408,ret_12m,main,237.4,full,1.0,2026-09-17
1197.0,,002142,博时外延增长混合A,0.1909140200150139,ret_12m,main,127.4,full,1.0,2026-09-17
1198.0,,017130,国投瑞银比较优势一年持有混合A,0.1906406727139598,ret_12m,main,41.9,full,1.0,2026-09-17
1199.0,,008903,广发科技先锋混合,0.190402449866663,ret_12m,main,79.8,full,1.0,2026-09-17
1200.0,,519015,海富通精选贰号混合,0.1903589085632884,ret_12m,main,233.3,full,1.0,2026-09-17
1201.0,,006551,中庚价值领航混合,0.1901865475255291,ret_12m,main,92.9,full,1.0,2026-09-17
1202.0,,003842,中邮景泰灵活配置混合A,0.19017894350939746,ret_12m,main,116.6,full,1.0,2026-09-17
1203.0,,011458,东方鑫享价值成长一年持有混合A,0.1900567112849032,ret_12m,main,64.0,full,1.0,2026-09-17
1204.0,,010062,南方行业精选一年混合A,0.18996603420856406,ret_12m,main,70.7,full,1.0,2026-09-17
1205.0,,014307,嘉实多元动力混合A,0.1898692222656162,ret_12m,main,56.9,full,1.0,2026-09-17
1206.0,,180001,银华优势企业混合,0.1896869055015027,ret_12m,main,286.1,full,1.0,2026-09-17
1207.0,,006369,弘毅远方国企转型升级混合A,0.1896605555219011,ret_12m,main,94.6,full,1.0,2026-09-17
1208.0,,217001,招商安泰偏股混合,0.18952474980261091,ret_12m,main,280.7,full,1.0,2026-09-17
1209.0,,010148,浙商智选经济动能混合A,0.18922059787859813,ret_12m,main,67.4,full,1.0,2026-09-17
1210.0,,580001,东吴嘉禾优势精选混合A,0.1891061014305344,ret_12m,main,259.5,full,1.0,2026-09-17
1211.0,,012428,华夏核心制造混合A,0.18903481019216706,ret_12m,main,62.9,full,1.0,2026-09-17
1212.0,,005805,华泰柏瑞医疗健康A,0.18879445579030607,ret_12m,main,98.8,full,1.0,2026-09-17
1213.0,,001541,汇添富民营新动力股票,0.18841086118367034,ret_12m,main,133.4,full,1.0,2026-09-17
1214.0,,001811,中欧明睿新常态混合A,0.18797977855263115,ret_12m,main,126.5,full,1.0,2026-09-17
1215.0,,161038,富国新兴成长量化精选混合(LOF)A,0.1879312466818206,ret_12m,main,109.9,full,1.0,2026-09-17
1216.0,,100020,富国天益价值混合A,0.1875952636275231,ret_12m,main,267.1,full,1.0,2026-09-17
1217.0,,001244,华泰柏瑞量化智慧混合A,0.18742655090844096,ret_12m,main,135.5,full,1.0,2026-09-17
1218.0,,005126,银河量化稳进混合,0.187015537185228,ret_12m,main,105.5,full,1.0,2026-09-17
1219.0,,010124,兴银景气优选混合A,0.18683354611423364,ret_12m,main,69.7,full,1.0,2026-09-17
1220.0,,005075,富国研究量化精选混合A,0.18681120041129118,ret_12m,main,105.8,full,1.0,2026-09-17
1221.0,,012186,招商品质成长混合A,0.18675196228231616,ret_12m,main,59.8,full,1.0,2026-09-17
1222.0,,090003,大成蓝筹稳健混合A,0.1867359199735934,ret_12m,main,267.5,full,1.0,2026-09-17
1223.0,,519700,交银主题优选混合A,0.186568243210961,ret_12m,main,194.6,full,1.0,2026-09-17
1224.0,,004763,中科沃土沃嘉混合A,0.18647650702135965,ret_12m,main,105.4,full,1.0,2026-09-17
1225.0,,024448,广发价值稳进混合A,0.18636036670518608,ret_12m,main,14.9,short,0.9684,2026-09-17
1226.0,,021369,华夏智胜优选混合发起式A,0.186264597070243,ret_12m,main,25.4,short,1.0,2026-09-17
1227.0,,012036,诺德兴远优选一年持有混合,0.1862013429460223,ret_12m,main,63.5,full,1.0,2026-09-17
1228.0,,011504,上银丰益混合A,0.18618650048596663,ret_12m,main,64.7,full,1.0,2026-09-17
1229.0,,006371,长安鑫盈混合A,0.18593275355361238,ret_12m,main,86.0,full,1.0,2026-09-17
1230.0,,009360,招商创新增长混合A,0.18585627526155823,ret_12m,main,75.0,full,1.0,2026-09-17
1231.0,,024435,天弘品质价值混合A,0.1854916933367472,ret_12m,main,14.9,short,0.9605,2026-09-17
1232.0,,004890,中邮健康文娱灵活配置混合A,0.18463282126349911,ret_12m,main,105.1,full,1.0,2026-09-17
1233.0,,004683,建信高端医疗股票A,0.18413462459741625,ret_12m,main,110.0,full,1.0,2026-09-17
1234.0,,610001,信澳领先增长混合A,0.18398028817548262,ret_12m,main,234.3,full,1.0,2026-09-17
1235.0,,006267,诺德量化核心A,0.18387611173994367,ret_12m,main,93.8,full,1.0,2026-09-17
1236.0,,001413,国联鑫起点混合A,0.18376668544769248,ret_12m,main,135.2,full,1.0,2026-09-17
1237.0,,040016,华安行业轮动混合,0.18362666827627017,ret_12m,main,196.2,full,1.0,2026-09-17
1238.0,,020698,国泰海通科创板量化选股股票发起A,0.18332839282324165,ret_12m,main,29.0,short,1.0,2026-09-17
1239.0,,519011,海富通精选混合,0.18324121728111287,ret_12m,main,276.9,full,1.0,2026-09-17
1240.0,,003152,华富天鑫灵活配置混合A,0.1831593564886309,ret_12m,main,116.6,full,1.0,2026-09-17
1241.0,,470098,汇添富逆向投资混合A,0.18310113698169728,ret_12m,main,174.3,full,1.0,2026-09-17
1242.0,,206012,鹏华价值精选股票,0.18307463330848583,ret_12m,main,173.0,full,1.0,2026-09-17
1243.0,,012463,博时成长优势混合A,0.18307234841202824,ret_12m,main,61.5,full,1.0,2026-09-17
1244.0,,000462,农银主题轮动混合A,0.18293068170907545,ret_12m,main,137.3,full,1.0,2026-09-17
1245.0,,007831,博道伍佰智航股票A,0.18278294030279651,ret_12m,main,83.7,full,1.0,2026-09-17
1246.0,,005443,国金量化多策略A,0.18273552040587981,ret_12m,main,103.5,full,1.0,2026-09-17
1247.0,,005109,汇安多策略混合A,0.18265081574515296,ret_12m,main,105.8,full,1.0,2026-09-17
1248.0,,014756,鹏华成长领航两年持有期混合A,0.18213071000302383,ret_12m,main,55.9,full,1.0,2026-09-17
1249.0,,400003,东方精选混合,0.18139162995267433,ret_12m,main,248.2,full,1.0,2026-09-17
1250.0,,005632,鹏华量化先锋混合,0.1813612239885336,ret_12m,main,102.5,full,1.0,2026-09-17
1251.0,,019720,信澳宁隽智选混合A,0.1811731278617701,ret_12m,main,33.0,short,1.0,2026-09-17
1252.0,,000173,汇添富美丽30混合A,0.18085725539094866,ret_12m,main,158.8,full,1.0,2026-09-17
1253.0,,000746,招商行业精选股票基金,0.18069327490002207,ret_12m,main,144.5,full,1.0,2026-09-17
1254.0,,001215,博时沪港深优质企业基金A,0.18018615709716768,ret_12m,main,136.1,full,1.0,2026-09-17
1255.0,,009601,招商科技动力3个月滚动持有股票A,0.1801656829150846,ret_12m,main,72.1,full,1.0,2026-09-17
1256.0,,501098,建信优享科技创新混合(LOF),0.17988565409839552,ret_12m,main,77.7,full,1.0,2026-09-17
1257.0,,021198,汇添富优选价值混合发起式A,0.1796973753225466,ret_12m,main,23.1,short,1.0,2026-09-17
1258.0,,006973,太平睿盈混合A,0.1795139120079443,ret_12m,main,89.8,full,1.0,2026-09-17
1259.0,,530016,建信恒稳价值混合,0.17939507934998122,ret_12m,main,177.8,full,1.0,2026-09-17
1260.0,,004936,中航混改精选混合A,0.17928024339418314,ret_12m,main,105.1,full,1.0,2026-09-17
1261.0,,015900,东方阿尔法兴科一年持有混合A,0.17919747839757716,ret_12m,main,47.6,full,1.0,2026-09-17
1262.0,,005650,万家量化同顺多策略混合A,0.17910399762522755,ret_12m,main,100.5,full,1.0,2026-09-17
1263.0,,166020,中欧成长优选混合A,0.17883569628780527,ret_12m,main,156.9,full,1.0,2026-09-17
1264.0,,000242,景顺长城策略精选灵活配置混合A,0.17874233790904737,ret_12m,main,157.3,full,1.0,2026-09-17
1265.0,,320006,诺安灵活配置混合A,0.17866172263452662,ret_12m,main,219.9,full,1.0,2026-09-17
1266.0,,007549,中泰开阳价值优选混合A,0.17811088343438763,ret_12m,main,84.4,full,1.0,2026-09-17
1267.0,,010381,浙商智选价值混合A,0.1780729162513408,ret_12m,main,65.1,full,1.0,2026-09-17
1268.0,,519018,汇添富均衡增长混合,0.17777815709386524,ret_12m,main,241.3,full,1.0,2026-09-17
1269.0,,009804,国泰研究优势混合A,0.17776656289506576,ret_12m,main,71.6,full,1.0,2026-09-17
1270.0,,011313,东方红启华三年持有混合B,0.17735161903812635,ret_12m,main,61.7,full,1.0,2026-09-17
1271.0,,001453,鹏华弘鑫混合A,0.17732937835481466,ret_12m,main,135.0,full,1.0,2026-09-17
1272.0,,162006,长城久富混合(LOF)A,0.17726370828901206,ret_12m,main,234.3,full,1.0,2026-09-17
1273.0,,470008,汇添富策略回报混合,0.1769690783177571,ret_12m,main,200.8,full,1.0,2026-09-17
1274.0,,013513,长安先进制造混合A,0.17654056670797402,ret_12m,main,58.6,full,1.0,2026-09-17
1275.0,,160607,鹏华价值优势混合(LOF),0.17653725178853397,ret_12m,main,242.0,full,1.0,2026-09-17
1276.0,,360007,光大优势配置混合A,0.1763185302476724,ret_12m,main,228.8,full,1.0,2026-09-17
1277.0,,019997,长信优势行业混合A,0.17625770469175994,ret_12m,main,30.2,short,1.0,2026-09-17
1278.0,,010779,西部利得量化优选一年持有A,0.1761615119344384,ret_12m,main,67.9,full,1.0,2026-09-17
1279.0,,015092,汇安远见成长混合A,0.17609155111683195,ret_12m,main,49.0,full,1.0,2026-09-17
1280.0,,012839,东方红智华三年持有混合A,0.17608692195793796,ret_12m,main,61.0,full,1.0,2026-09-17
1281.0,,004394,华泰柏瑞量化创优混合,0.17601303990476524,ret_12m,main,112.2,full,1.0,2026-09-17
1282.0,,001761,广发安宏回报混合A,0.1758826922065666,ret_12m,main,128.6,full,1.0,2026-09-17
1283.0,,011813,融通创新动力混合A,0.1758413395666174,ret_12m,main,60.8,full,1.0,2026-09-17
1284.0,,011344,景顺长城融景一年持有混合A,0.17572746507483727,ret_12m,main,61.7,full,1.0,2026-09-17
1285.0,,519097,新华中小市值优选混合A,0.17554872996422466,ret_12m,main,187.6,full,1.0,2026-09-17
1286.0,,011977,格林研究优选混合A,0.17545933198551977,ret_12m,main,60.9,full,1.0,2026-09-17
1287.0,,167001,平安鼎泰混合(LOF),0.17532746599696192,ret_12m,main,121.9,full,1.0,2026-09-17
1288.0,,002780,前海联合泓鑫混合A,0.17507365507676598,ret_12m,main,117.6,full,1.0,2026-09-17
1289.0,,590003,中邮核心优势灵活配置混合A,0.17496323068860242,ret_12m,main,202.6,full,1.0,2026-09-17
1290.0,,001789,国泰量化收益灵活配置混合A,0.17472381134274628,ret_12m,main,112.0,full,1.0,2026-09-17
1291.0,,019410,南方数字经济混合A,0.17472305005632682,ret_12m,main,34.1,short,1.0,2026-09-17
1292.0,,011260,金鹰新能源混合A,0.17463592078724277,ret_12m,main,65.8,full,1.0,2026-09-17
1293.0,,008955,交银创新领航混合,0.1743285629441036,ret_12m,main,78.7,full,1.0,2026-09-17
1294.0,,010665,博时高端装备混合A,0.1739956817239483,ret_12m,main,69.3,full,1.0,2026-09-17
1295.0,,009556,兴全合丰三年持有混合,0.173940966102349,ret_12m,main,72.6,full,1.0,2026-09-17
1296.0,,160603,鹏华普天收益混合,0.17381550600040363,ret_12m,main,278.2,full,1.0,2026-09-17
1297.0,,014179,中银证券远见价值混合A,0.17376159912144806,ret_12m,main,56.8,full,1.0,2026-09-17
1298.0,,010977,华夏鸿阳6个月持有期混合A,0.17363744463703124,ret_12m,main,63.5,full,1.0,2026-09-17
1299.0,,002419,汇添富创新活力混合A,0.17362880267340053,ret_12m,main,124.9,full,1.0,2026-09-17
1300.0,,166109,信澳量化先锋(LOF)A,0.17351812310040304,ret_12m,main,79.4,full,1.0,2026-09-17
1301.0,,400011,东方核心动力混合A,0.17347499969800562,ret_12m,main,206.8,full,1.0,2026-09-17
1302.0,,011001,中邮兴荣价值一年持有混合,0.1734029730997284,ret_12m,main,55.6,full,1.0,2026-09-17
1303.0,,013916,国联成长先锋一年持有混合A,0.17324811813083207,ret_12m,main,53.0,full,1.0,2026-09-17
1304.0,,006195,国金量化多因子股票A,0.17295231942892508,ret_12m,main,94.6,full,1.0,2026-09-17
1305.0,,011645,国泰核心价值两年持有期股票A,0.17295071956885333,ret_12m,main,63.3,full,1.0,2026-09-17
1306.0,,000219,博时裕益混合A,0.17289785056194007,ret_12m,main,157.6,full,1.0,2026-09-17
1307.0,,010455,博时产业精选混合A,0.17284514527030947,ret_12m,main,70.3,full,1.0,2026-09-17
1308.0,,015505,中邮专精特新一年持有混合A,0.17274809901864407,ret_12m,main,48.1,full,1.0,2026-09-17
1309.0,,010663,长江均衡成长混合发起式A,0.17261916828420154,ret_12m,main,68.6,full,1.0,2026-09-17
1310.0,,005742,南方成安优选混合,0.1724631329381725,ret_12m,main,101.0,full,1.0,2026-09-17
1311.0,,001255,长城改革红利混合A,0.17240494450064348,ret_12m,main,135.3,full,1.0,2026-09-17
1312.0,,009986,天弘创新领航A,0.17227347239627422,ret_12m,main,72.6,full,1.0,2026-09-17
1313.0,,001224,中邮新思路灵活配置混合A,0.17224281389578344,ret_12m,main,130.2,full,1.0,2026-09-17
1314.0,,002801,泓德泓信混合,0.17212080894190485,ret_12m,main,123.5,full,1.0,2026-09-17
1315.0,,017715,华宝量化选股混合发起式A,0.17183376395741812,ret_12m,main,42.9,full,1.0,2026-09-17
1316.0,,487016,工银瑞信灵活配置混合A,0.17155659025004844,ret_12m,main,176.7,full,1.0,2026-09-17
1317.0,,005674,诺德消费升级混合,0.17148834570358829,ret_12m,main,100.0,full,1.0,2026-09-17
1318.0,,162209,宏利市值优选混合A,0.1711871901291262,ret_12m,main,229.5,full,1.0,2026-09-17
1319.0,,019561,富国致航量化选股股票A,0.171034886763187,ret_12m,main,33.4,short,1.0,2026-09-17
1320.0,,019612,财通先进制造智选混合发起A,0.1709365221528436,ret_12m,main,27.6,short,1.0,2026-09-17
1321.0,,519951,长信利泰灵活配置混合A,0.17091724884451454,ret_12m,main,125.8,full,1.0,2026-09-17
1322.0,,002952,建信多因子量化股票,0.17051922054654445,ret_12m,main,121.3,full,1.0,2026-09-17
1323.0,,010787,华安优势企业混合A,0.1703415062965823,ret_12m,main,68.6,full,1.0,2026-09-17
1324.0,,270005,广发聚丰混合A,0.17016309024309817,ret_12m,main,248.8,full,1.0,2026-09-17
1325.0,,001430,中邮乐享收益灵活配置混合A,0.16971857534145207,ret_12m,main,135.1,full,1.0,2026-09-17
1326.0,,015320,长江新兴产业混合A,0.1695697737431494,ret_12m,main,52.9,full,1.0,2026-09-17
1327.0,,002367,国联安安稳混合,0.16949433448210605,ret_12m,main,126.2,full,1.0,2026-09-17
1328.0,,013091,摩根均衡优选混合A,0.1694610259361975,ret_12m,main,59.7,full,1.0,2026-09-17
1329.0,,013123,汇添富精选核心优势一年持有混合A,0.1693453968215073,ret_12m,main,60.3,full,1.0,2026-09-17
1330.0,,001758,嘉实研究增强混合,0.16931124759192517,ret_12m,main,117.5,full,1.0,2026-09-17
1331.0,,014158,博时浦惠一年持有期混合A,0.16826211656789547,ret_12m,main,55.0,full,1.0,2026-09-17
1332.0,,011331,鹏华远见成长混合A,0.16795375824184067,ret_12m,main,63.5,full,1.0,2026-09-17
1333.0,,010328,博时荣华灵活配置混合A,0.1677671353363075,ret_12m,main,70.2,full,1.0,2026-09-17
1334.0,,018418,广发碳中和主题混合发起式A,0.16767531183111783,ret_12m,main,27.2,short,1.0,2026-09-17
1335.0,,005635,博时量化多策略股票A,0.16756082365223146,ret_12m,main,101.5,full,1.0,2026-09-17
1336.0,,021623,天弘新兴产业混合发起A,0.16755022294127042,ret_12m,main,26.5,short,1.0,2026-09-17
1337.0,,000824,圆信永丰双利A,0.16753790506143496,ret_12m,main,141.9,full,1.0,2026-09-17
1338.0,,006160,博道启航混合A,0.16752704922476913,ret_12m,main,97.2,full,1.0,2026-09-17
1339.0,,014410,华夏时代领航两年持有混合A,0.16747908777464304,ret_12m,main,51.1,full,1.0,2026-09-17
1340.0,,014545,浦银兴耀优选一年持有混合A,0.16720828447833824,ret_12m,main,51.4,full,1.0,2026-09-17
1341.0,,519056,海富通内需热点混合,0.16587197942314424,ret_12m,main,152.9,full,1.0,2026-09-17
1342.0,,202019,南方策略优化混合,0.16576424008682333,ret_12m,main,197.6,full,1.0,2026-09-17
1343.0,,005927,创金合信新能源汽车股票A,0.16554255755831582,ret_12m,main,100.3,full,1.0,2026-09-17
1344.0,,012071,中加喜利回报一年持有混合A,0.16544533245072035,ret_12m,main,60.5,full,1.0,2026-09-17
1345.0,,004946,汇添富盈润混合A,0.1654111682802808,ret_12m,main,108.4,full,1.0,2026-09-17
1346.0,,010602,长城均衡优选混合A,0.16471713051958714,ret_12m,main,69.5,full,1.0,2026-09-17
1347.0,,257030,国联安优势混合,0.1645568115906002,ret_12m,main,235.8,full,1.0,2026-09-17
1348.0,,009882,华润元大核心动力混合A,0.1642674440131766,ret_12m,main,72.8,full,1.0,2026-09-17
1349.0,,002319,大成一带一路灵活配置混合A,0.16375005012349408,ret_12m,main,111.5,full,1.0,2026-09-17
1350.0,,002288,中银稳进策略混合A,0.16371396368192515,ret_12m,main,127.6,full,1.0,2026-09-17
1351.0,,002545,东方岳灵活配置混合,0.16362834682082372,ret_12m,main,119.8,full,1.0,2026-09-17
1352.0,,005937,工银精选金融地产混合A,0.1634038496051622,ret_12m,main,94.1,full,1.0,2026-09-17
1353.0,,022092,华商研究驱动混合A,0.16336528787688964,ret_12m,main,18.2,short,1.0,2026-09-17
1354.0,,005587,安信比较优势混合A,0.1632690246381887,ret_12m,main,101.9,full,1.0,2026-09-17
1355.0,,233007,大摩卓越成长混合,0.16308469621649846,ret_12m,main,196.0,full,1.0,2026-09-17
1356.0,,002537,平安安盈灵活配置混合A,0.16278174777594612,ret_12m,main,124.8,full,1.0,2026-09-17
1357.0,,005457,景顺长城量化小盘股票A,0.16276519374739196,ret_12m,main,103.3,full,1.0,2026-09-17
1358.0,,016449,南方新材料股票发起A,0.16270403612169027,ret_12m,main,41.9,full,1.0,2026-09-17
1359.0,,001261,国联新机遇混合A,0.16268353089178356,ret_12m,main,136.5,full,1.0,2026-09-17
1360.0,,013341,工银核心机遇混合A,0.1626377357598212,ret_12m,main,54.7,full,1.0,2026-09-17
1361.0,,001736,圆信永丰优加生活,0.1625019223244204,ret_12m,main,130.7,full,1.0,2026-09-17
1362.0,,003396,东方红优享红利混合A,0.1623793213291378,ret_12m,main,118.5,full,1.0,2026-09-17
1363.0,,002216,易方达量化策略A,0.16228949075786714,ret_12m,main,104.9,full,1.0,2026-09-17
1364.0,,019336,万家国企动力混合A,0.16223493337502126,ret_12m,main,29.9,short,1.0,2026-09-17
1365.0,,004986,鹏华策略回报混合,0.16211585556358155,ret_12m,main,108.4,full,1.0,2026-09-17
1366.0,,010662,富国均衡优选混合,0.16181972877432305,ret_12m,main,68.3,full,1.0,2026-09-17
1367.0,,019902,国寿安保先进制造股票发起式A,0.16122477251537792,ret_12m,main,34.3,short,1.0,2026-09-17
1368.0,,013247,交银瑞卓三年持有期混合,0.16117849465284517,ret_12m,main,59.8,full,1.0,2026-09-17
1369.0,,012779,博时移动互联主题混合A,0.16107465353121486,ret_12m,main,59.6,full,1.0,2026-09-17
1370.0,,017850,交银启信混合发起A,0.16083469331489542,ret_12m,main,42.6,full,1.0,2026-09-17
1371.0,,001897,九泰久盛量化先锋混合A,0.16081186027173833,ret_12m,main,130.2,full,1.0,2026-09-17
1372.0,,015789,永赢高端装备智选混合发起A,0.1606090705401364,ret_12m,main,50.1,full,1.0,2026-09-17
1373.0,,017598,华夏景气驱动混合A,0.1602828766917901,ret_12m,main,42.8,full,1.0,2026-09-17
1374.0,,017842,农银汇理景气优选混合A,0.16014694978518795,ret_12m,main,42.8,full,1.0,2026-09-17
1375.0,,024808,华夏成长动力混合A,0.1601099776947914,ret_12m,main,13.9,short,1.0,2026-09-17
1376.0,,010558,汇安鑫利优选混合A,0.15988056415698826,ret_12m,main,65.5,full,1.0,2026-09-17
1377.0,,009537,太平行业优选股票A,0.15976142705233842,ret_12m,main,72.5,full,1.0,2026-09-17
1378.0,,011056,博时汇兴回报一年持有期混合,0.15963607885827247,ret_12m,main,68.1,full,1.0,2026-09-17
1379.0,,021663,汇百川远航混合A,0.15962935352324625,ret_12m,main,25.1,short,1.0,2026-09-17
1380.0,,002389,招商安德灵活配置混合A,0.15935629706847454,ret_12m,main,126.9,full,1.0,2026-09-17
1381.0,,015056,百嘉百盛混合,0.15932047356935164,ret_12m,main,51.1,full,1.0,2026-09-17
1382.0,,002597,兴业成长动力混合A,0.1592159238691775,ret_12m,main,123.5,full,1.0,2026-09-17
1383.0,,001156,申万菱信新能源汽车主题灵活配置混合A,0.15912148372848378,ret_12m,main,136.4,full,1.0,2026-09-17
1384.0,,011330,鹏华精选群英一年持有混合MOM,0.15886671145507125,ret_12m,main,59.8,full,1.0,2026-09-17
1385.0,,014526,汇添富中盘潜力增长一年持有混合A,0.15878122965081598,ret_12m,main,55.7,full,1.0,2026-09-17
1386.0,,004703,南方兴盛先锋混合A,0.15858633214850837,ret_12m,main,108.1,full,1.0,2026-09-17
1387.0,,005450,华夏稳盛灵活配置混合,0.15819537562246389,ret_12m,main,104.0,full,1.0,2026-09-17
1388.0,,014838,兴银碳中和主题混合A,0.15817237350758728,ret_12m,main,54.8,full,1.0,2026-09-17
1389.0,,014020,诺德量化先锋一年持有混合A,0.15795954732644102,ret_12m,main,56.2,full,1.0,2026-09-17
1390.0,,005351,汇添富行业整合混合A,0.1575928834885303,ret_12m,main,103.1,full,1.0,2026-09-17
1391.0,,013365,汇添富产业升级混合A,0.1574942836449218,ret_12m,main,58.6,full,1.0,2026-09-17
1392.0,,009736,汇添富稳健收益混合A,0.15739840481931044,ret_12m,main,73.8,full,1.0,2026-09-17
1393.0,,270006,广发策略优选混合,0.15736325912417715,ret_12m,main,244.0,full,1.0,2026-09-17
1394.0,,000994,建信睿盈灵活配置混合A,0.1573484482314773,ret_12m,main,139.4,full,1.0,2026-09-17
1395.0,,001734,广发新锐智选混合A,0.15722498701584087,ret_12m,main,130.0,full,1.0,2026-09-17
1396.0,,007775,汇安量化先锋混合A,0.15718730616131094,ret_12m,main,82.6,full,1.0,2026-09-17
1397.0,,014506,博时成长臻选混合A,0.15717292213796674,ret_12m,main,55.7,full,1.0,2026-09-17
1398.0,,013021,建信兴润一年持有混合,0.15699664471425523,ret_12m,main,60.8,full,1.0,2026-09-17
1399.0,,002121,广发沪港深新起点股票A,0.15699215681006318,ret_12m,main,118.5,full,1.0,2026-09-17
1400.0,,017157,华富匠心领航18个月持有期混合A,0.15697931556443967,ret_12m,main,41.0,full,1.0,2026-09-17
1401.0,,022028,京管泰富科技驱动混合A,0.1565529222048634,ret_12m,main,20.7,short,1.0,2026-09-17
1402.0,,024483,东吴裕盈平衡混合A,0.15653056892595818,ret_12m,main,14.1,short,1.0,2026-09-17
1403.0,,002630,江信瑞福灵活配置混合A,0.15646306871366922,ret_12m,main,115.0,full,1.0,2026-09-17
1404.0,,014805,国金量化精选混合A,0.15636954754502086,ret_12m,main,54.0,full,1.0,2026-09-17
1405.0,,021094,东方低碳经济混合A,0.15622493779584423,ret_12m,main,18.5,short,1.0,2026-09-17
1406.0,,011669,长信优质企业混合A,0.15612568719233333,ret_12m,main,63.7,full,1.0,2026-09-17
1407.0,,011450,招商企业优选混合A,0.15595003933382667,ret_12m,main,64.9,full,1.0,2026-09-17
1408.0,,011882,招商蓝筹精选股票A,0.15593687760406683,ret_12m,main,61.7,full,1.0,2026-09-17
1409.0,,008025,汇添富稳健增长混合A,0.15578001242400163,ret_12m,main,82.4,full,1.0,2026-09-17
1410.0,,007527,融通量化多策略混合A,0.1555797228846585,ret_12m,main,84.9,full,1.0,2026-09-17
1411.0,,166005,中欧价值发现混合A,0.15529837225416632,ret_12m,main,205.8,full,1.0,2026-09-17
1412.0,,001740,光大中国制造2025灵活配置混合A,0.15487223767658764,ret_12m,main,128.8,full,1.0,2026-09-17
1413.0,,008318,博道久航混合A,0.1545028071475234,ret_12m,main,80.8,full,1.0,2026-09-17
1414.0,,015223,汇添富进取成长混合A,0.1544675225042027,ret_12m,main,48.1,full,1.0,2026-09-17
1415.0,,002083,新华鑫动力灵活配置混合A,0.1544230015711745,ret_12m,main,123.3,full,1.0,2026-09-17
1416.0,,011685,创金合信先进装备股票A,0.1543915136581444,ret_12m,main,65.6,full,1.0,2026-09-17
1417.0,,015030,博时远见回报混合A,0.1541688827471328,ret_12m,main,54.6,full,1.0,2026-09-17
1418.0,,004888,财通资管鑫逸混合A,0.15401425608062413,ret_12m,main,108.6,full,1.0,2026-09-17
1419.0,,013552,汇添富成长领先混合A,0.15394317155796666,ret_12m,main,57.2,full,1.0,2026-09-17
1420.0,,002005,工银新得利混合,0.15387265876619494,ret_12m,main,113.8,full,1.0,2026-09-17
1421.0,,010824,天弘创新成长混合发起式A,0.1535859704140463,ret_12m,main,67.4,full,1.0,2026-09-17
1422.0,,024153,华安消费机遇股票发起式A,0.15358310858677382,ret_12m,main,14.0,short,1.0,2026-09-17
1423.0,,016553,南方鑫悦15个月持有混合A,0.15357208396200717,ret_12m,main,48.1,full,1.0,2026-09-17
1424.0,,001576,国泰智能装备股票A,0.1534233145181214,ret_12m,main,110.9,full,1.0,2026-09-17
1425.0,,005472,富国价值驱动灵活配置混合A,0.15340211970091167,ret_12m,main,101.7,full,1.0,2026-09-17
1426.0,,519008,汇添富优势精选混合,0.153164425323693,ret_12m,main,252.7,full,1.0,2026-09-17
1427.0,,004845,南华瑞盈混合发起A,0.153143969131184,ret_12m,main,109.0,full,1.0,2026-09-17
1428.0,,013103,博时新能源主题混合A,0.1531115018139122,ret_12m,main,60.8,full,1.0,2026-09-17
1429.0,,000270,建信灵活配置混合A,0.15298916587457012,ret_12m,main,156.5,full,1.0,2026-09-17
1430.0,,014788,长城产业趋势混合A,0.15271006658133057,ret_12m,main,49.5,full,1.0,2026-09-17
1431.0,,011585,博时产业慧选混合A,0.15266658680816492,ret_12m,main,65.8,full,1.0,2026-09-17
1432.0,,011765,兴银高端制造混合A,0.1523884432229159,ret_12m,main,64.4,full,1.0,2026-09-17
1433.0,,019690,华商产业机遇混合A,0.1519603024744094,ret_12m,main,30.5,short,1.0,2026-09-17
1434.0,,010699,东方红创新趋势混合,0.1518975672069065,ret_12m,main,66.1,full,1.0,2026-09-17
1435.0,,410007,华富价值增长混合A,0.1516422375223938,ret_12m,main,206.1,full,1.0,2026-09-17
1436.0,,000739,平安新鑫先锋A,0.1513177375550574,ret_12m,main,139.6,full,1.0,2026-09-17
1437.0,,012314,南方行业领先混合,0.15114300501553224,ret_12m,main,61.5,full,1.0,2026-09-17
1438.0,,000884,民生加银优选股票,0.15095425737623658,ret_12m,main,140.9,full,1.0,2026-09-17
1439.0,,012688,长安成长优选混合A,0.15085532040024896,ret_12m,main,61.2,full,1.0,2026-09-17
1440.0,,004091,博时沪港深价值优选A,0.15078073407023274,ret_12m,main,115.7,full,1.0,2026-09-17
1441.0,,010412,汇安均衡优选混合A,0.15066546720346996,ret_12m,main,67.2,full,1.0,2026-09-17
1442.0,,163406,兴全合润混合A,0.15057137689256783,ret_12m,main,196.9,full,1.0,2026-09-17
1443.0,,004674,富国新机遇灵活配置混合A,0.1505581820568751,ret_12m,main,106.1,full,1.0,2026-09-17
1444.0,,240022,华宝资源优选混合A,0.15044375895315465,ret_12m,main,168.9,full,1.0,2026-09-17
1445.0,,001650,工银丰收回报灵活配置混合A,0.1500872079210227,ret_12m,main,130.7,full,1.0,2026-09-17
1446.0,,340007,兴全社会责任混合,0.14989312295507928,ret_12m,main,220.6,full,1.0,2026-09-17
1447.0,,001970,泰信鑫选灵活配置混合A,0.14981444492444074,ret_12m,main,127.4,full,1.0,2026-09-17
1448.0,,011756,博时产业优选混合A,0.14971037201302995,ret_12m,main,61.9,full,1.0,2026-09-17
1449.0,,019982,泓德智选启元混合A,0.14969743645068845,ret_12m,main,33.9,short,1.0,2026-09-17
1450.0,,021372,天弘价值驱动混合A,0.1490226728925863,ret_12m,main,20.8,short,1.0,2026-09-17
1451.0,,010421,海富通消费优选混合A,0.14896205360587822,ret_12m,main,65.1,full,1.0,2026-09-17
1452.0,,410001,华富竞争力优选混合A,0.14873270082511203,ret_12m,main,258.5,full,1.0,2026-09-17
1453.0,,012993,汇添富品牌力一年持有混合A,0.14860172715931164,ret_12m,main,54.6,full,1.0,2026-09-17
1454.0,,009805,国泰医药健康股票A,0.14846676800835468,ret_12m,main,72.7,full,1.0,2026-09-17
1455.0,,016895,中银卓越成长混合A,0.14846057641827648,ret_12m,main,40.4,full,1.0,2026-09-17
1456.0,,012785,鹏华品质精选混合A,0.1484375881580835,ret_12m,main,59.6,full,1.0,2026-09-17
1457.0,,260111,景顺长城公司治理混合,0.14841829633721826,ret_12m,main,214.8,full,1.0,2026-09-17
1458.0,,001564,东方红京东大数据混合A,0.14795878721811828,ret_12m,main,133.6,full,1.0,2026-09-17
1459.0,,001535,景顺长城改革机遇灵活配置A,0.14793368526934136,ret_12m,main,132.5,full,1.0,2026-09-17
1460.0,,008954,安信价值回报三年持有混合A,0.14792165568583626,ret_12m,main,78.7,full,1.0,2026-09-17
1461.0,,013812,景顺长城景气进取混合A,0.14783585116657694,ret_12m,main,57.8,full,1.0,2026-09-17
1462.0,,163818,中银中小盘成长混合,0.14778406074257822,ret_12m,main,177.8,full,1.0,2026-09-17
1463.0,,011841,嘉实兴锐优选一年持有混合A,0.14753671325097417,ret_12m,main,57.4,full,1.0,2026-09-17
1464.0,,013284,上银价值增长3个月持有期混合A,0.14753214880548726,ret_12m,main,56.9,full,1.0,2026-09-17
1465.0,,012876,富荣福耀混合A,0.14750732933148658,ret_12m,main,56.7,full,1.0,2026-09-17
1466.0,,000167,广发聚优灵活配置混合A,0.14743149303116043,ret_12m,main,156.2,full,1.0,2026-09-17
1467.0,,016250,华夏远见成长一年持有混合A,0.14699050669395408,ret_12m,main,47.9,full,1.0,2026-09-17
1468.0,,015293,金鹰时代领航一年持有混合A,0.14692163711255102,ret_12m,main,48.4,full,1.0,2026-09-17
1469.0,,006785,东方量化多策略混合A,0.14641105213004413,ret_12m,main,90.8,full,1.0,2026-09-17
1470.0,,016021,华安优嘉精选混合A,0.14626611863588845,ret_12m,main,48.6,full,1.0,2026-09-17
1471.0,,011149,创金合信ESG责任投资股票A,0.14617137926052748,ret_12m,main,68.6,full,1.0,2026-09-17
1472.0,,011134,广发价值优选混合A,0.14608792260810866,ret_12m,main,65.9,full,1.0,2026-09-17
1473.0,,012270,富国腾享回报6个月滚动持有A,0.14604548738166212,ret_12m,main,61.6,full,1.0,2026-09-17
1474.0,,001990,中欧数据挖掘多因子混合A,0.14593627331612558,ret_12m,main,128.1,full,1.0,2026-09-17
1475.0,,023921,联博智远混合A,0.1454406580002745,ret_12m,main,16.6,short,1.0,2026-09-17
1476.0,,952099,国泰海通君得鑫两年持有混合C,0.1454381067394197,ret_12m,main,79.1,full,1.0,2026-09-17
1477.0,,013714,方正富邦泰利12个月持有混合A,0.14526399309628357,ret_12m,main,55.9,full,1.0,2026-09-17
1478.0,,012913,方正富邦趋势领航混合A,0.14524326825212186,ret_12m,main,59.8,full,1.0,2026-09-17
1479.0,,019797,银河国企主题混合发起式A,0.14506593888541985,ret_12m,main,34.1,short,1.0,2026-09-17
1480.0,,011927,博时汇誉回报混合A,0.144909358334393,ret_12m,main,64.6,full,1.0,2026-09-17
1481.0,,014950,汇安润阳三年持有期混合A,0.14483807346522148,ret_12m,main,53.6,full,1.0,2026-09-17
1482.0,,010751,宝盈优质成长混合A,0.14471419332345592,ret_12m,main,59.2,full,1.0,2026-09-17
1483.0,,519017,大成积极成长混合A,0.14470641932092665,ret_12m,main,235.6,full,1.0,2026-09-17
1484.0,,008120,万家自主创新混合A,0.1444234305500378,ret_12m,main,79.2,full,1.0,2026-09-17
1485.0,,004138,上银鑫达灵活配置混合A,0.14437417218118043,ret_12m,main,114.3,full,1.0,2026-09-17
1486.0,,009591,博时研究精选持有期混合A,0.14422786067669358,ret_12m,main,74.8,full,1.0,2026-09-17
1487.0,,020023,国泰事件驱动策略混合A,0.1440671559507929,ret_12m,main,181.0,full,1.0,2026-09-17
1488.0,,006736,国投瑞银先进制造混合,0.14393861353406678,ret_12m,main,91.7,full,1.0,2026-09-17
1489.0,,008961,华商科技创新混合,0.1438123999011136,ret_12m,main,78.4,full,1.0,2026-09-17
1490.0,,690007,民生加银景气行业混合A,0.1435987725455048,ret_12m,main,177.8,full,1.0,2026-09-17
1491.0,,008418,惠升惠泽混合A,0.14334353182447446,ret_12m,main,81.0,full,1.0,2026-09-17
1492.0,,001474,兴银丰盈灵活配置A,0.14333390812665336,ret_12m,main,134.8,full,1.0,2026-09-17
1493.0,,010338,国投瑞银远见成长混合A,0.14330491296263848,ret_12m,main,69.0,full,1.0,2026-09-17
1494.0,,018440,汇添富量化选股混合A,0.1433048628450897,ret_12m,main,39.4,full,1.0,2026-09-17
1495.0,,011603,兴业高端制造混合A,0.14322346426794885,ret_12m,main,65.8,full,1.0,2026-09-17
1496.0,,003501,宏利睿智稳健混合A,0.1430562016409982,ret_12m,main,117.8,full,1.0,2026-09-17
1497.0,,020010,国泰金牛创新成长混合,0.14292961974268392,ret_12m,main,232.0,full,1.0,2026-09-17
1498.0,,001656,农银中国优势灵活配置混合,0.14251132505832187,ret_12m,main,111.3,full,1.0,2026-09-17
1499.0,,021864,中欧中证800研究智选混合发起A,0.14242103217971613,ret_12m,main,23.9,short,1.0,2026-09-17
1500.0,,001318,东方新策略灵活配置混合A,0.1422158935407285,ret_12m,main,135.8,full,1.0,2026-09-17
1501.0,,014541,华安新能源主题混合A,0.14187989857867356,ret_12m,main,52.2,full,1.0,2026-09-17
1502.0,,024499,兴华景和混合发起A,0.1417592127634082,ret_12m,main,15.2,short,1.0,2026-09-17
1503.0,,005258,景顺长城量化平衡混合A,0.14138105544384327,ret_12m,main,104.7,full,1.0,2026-09-17
1504.0,,002148,国寿安保稳惠混合,0.14127717266168016,ret_12m,main,129.7,full,1.0,2026-09-17
1505.0,,018071,长信均衡优选混合A,0.14125157813928202,ret_12m,main,38.5,full,1.0,2026-09-17
1506.0,,519066,汇添富蓝筹稳健混合A,0.14117582253911953,ret_12m,main,218.3,full,1.0,2026-09-17
1507.0,,450007,国富成长动力混合,0.14114903782069188,ret_12m,main,209.8,full,1.0,2026-09-17
1508.0,,970184,招商资管核心优势混合A,0.1411100653934203,ret_12m,main,49.3,full,1.0,2026-09-17
1509.0,,015904,广发新能源精选股票A,0.14110667405126076,ret_12m,main,45.6,full,1.0,2026-09-17
1510.0,,000966,中邮核心科技创新灵活配置混合,0.14095947215422,ret_12m,main,139.2,full,1.0,2026-09-17
1511.0,,002849,金信智能中国2025混合A,0.14095913495840406,ret_12m,main,122.5,full,1.0,2026-09-17
1512.0,,016332,长城产业臻选混合A,0.1407895119727134,ret_12m,main,42.1,full,1.0,2026-09-17
1513.0,,014508,汇添富先进制造混合A,0.14070516578299563,ret_12m,main,54.5,full,1.0,2026-09-17
1514.0,,020037,鹏华品质甄选混合A,0.14064728828251916,ret_12m,main,27.7,short,1.0,2026-09-17
1515.0,,010994,博时创新经济混合A,0.14060796864693192,ret_12m,main,68.1,full,1.0,2026-09-17
1516.0,,001476,中银智能制造股票A,0.14013399995489495,ret_12m,main,135.0,full,1.0,2026-09-17
1517.0,,012892,安信优质企业三年持有混合A,0.14001223115766526,ret_12m,main,58.3,full,1.0,2026-09-17
1518.0,,021726,泓德智选启诚混合A,0.13998433768644447,ret_12m,main,18.0,short,1.0,2026-09-17
1519.0,,011698,南方均衡回报混合A,0.13975088632617005,ret_12m,main,64.7,full,1.0,2026-09-17
1520.0,,121008,国投瑞银成长优选混合,0.13967633263311496,ret_12m,main,223.4,full,1.0,2026-09-17
1521.0,,008949,平安匠心优选混合A,0.13963787321702004,ret_12m,main,78.9,full,1.0,2026-09-17
1522.0,,340008,兴全有机增长混合,0.1394654009956744,ret_12m,main,209.8,full,1.0,2026-09-17
1523.0,,001704,国投瑞银进宝灵活配置混合,0.1394238804441983,ret_12m,main,132.7,full,1.0,2026-09-17
1524.0,,288001,华夏经典混合,0.13937715632988912,ret_12m,main,270.1,full,1.0,2026-09-17
1525.0,,570001,诺德价值优势混合,0.13904802236128577,ret_12m,main,233.0,full,1.0,2026-09-17
1526.0,,001345,富国新收益灵活配置混合A,0.13894009575770427,ret_12m,main,135.8,full,1.0,2026-09-17
1527.0,,163822,中银主题策略混合A,0.13885905915503405,ret_12m,main,169.8,full,1.0,2026-09-17
1528.0,,015880,中欧小盘成长混合A,0.1388273787022538,ret_12m,main,50.7,full,1.0,2026-09-17
1529.0,,000587,大成灵活配置混合A,0.1386084059930235,ret_12m,main,148.1,full,1.0,2026-09-17
1530.0,,005294,诺德新宜灵活配置混合,0.1385321080125299,ret_12m,main,104.1,full,1.0,2026-09-17
1531.0,,001796,汇添富安鑫智选混合A,0.13851311407842593,ret_12m,main,129.7,full,1.0,2026-09-17
1532.0,,022276,汇添富弘悦回报混合发起式A,0.13851029097952194,ret_12m,main,22.6,short,1.0,2026-09-17
1533.0,,161601,融通新蓝筹混合,0.13821266118006892,ret_12m,main,288.1,full,1.0,2026-09-17
1534.0,,007592,华夏价值精选混合A,0.1381396369386063,ret_12m,main,80.2,full,1.0,2026-09-17
1535.0,,018728,华夏智胜新锐股票A,0.1381258722336809,ret_12m,main,38.4,full,1.0,2026-09-17
1536.0,,519995,长信金利趋势混合A,0.13810177325268969,ret_12m,main,244.6,full,1.0,2026-09-17
1537.0,,004809,前海联合润丰混合A,0.1380513852283909,ret_12m,main,95.9,full,1.0,2026-09-17
1538.0,,163807,中银优选灵活配置混合A,0.13804829382298056,ret_12m,main,209.5,full,1.0,2026-09-17
1539.0,,016703,兴业品质睿选混合发起式A,0.1379868701511331,ret_12m,main,24.9,short,1.0,2026-09-17
1540.0,,012148,国投瑞银产业趋势混合A,0.1378478732463615,ret_12m,main,63.3,full,1.0,2026-09-17
1541.0,,007368,浙商沪港深精选混合A,0.13773014957612362,ret_12m,main,86.7,full,1.0,2026-09-17
1542.0,,020720,国寿安保高端装备股票发起式A,0.13764990240042674,ret_12m,main,30.7,short,1.0,2026-09-17
1543.0,,169102,东方红睿阳三年持有混合,0.13757050183948905,ret_12m,main,139.9,full,1.0,2026-09-17
1544.0,,014135,中欧金安量化混合A,0.1373727156403599,ret_12m,main,55.9,full,1.0,2026-09-17
1545.0,,003175,华泰柏瑞多策略混合A,0.13724905805228715,ret_12m,main,119.6,full,1.0,2026-09-17
1546.0,,015970,华泰柏瑞景气驱动混合A,0.1372471827018289,ret_12m,main,47.6,full,1.0,2026-09-17
1547.0,,001334,南方利鑫A,0.13720003009983306,ret_12m,main,136.0,full,1.0,2026-09-17
1548.0,,014913,博时研究回报混合A,0.13710571773578284,ret_12m,main,54.1,full,1.0,2026-09-17
1549.0,,002871,华夏智胜价值成长A,0.13697804149913195,ret_12m,main,121.3,full,1.0,2026-09-17
1550.0,,016466,国泰海通量化选股混合发起A,0.13682563374377987,ret_12m,main,49.0,full,1.0,2026-09-17
1551.0,,161224,国投瑞银新丝路混合(LOF),0.13679774364009112,ret_12m,main,137.3,full,1.0,2026-09-17
1552.0,,008311,圆信永丰优选价值A,0.13647228607930328,ret_12m,main,76.0,full,1.0,2026-09-17
1553.0,,013294,东方红智选三年持有混合A,0.13625863983878905,ret_12m,main,58.4,full,1.0,2026-09-17
1554.0,,009152,南方瑞盛三年混合A,0.13594992129055128,ret_12m,main,77.0,full,1.0,2026-09-17
1555.0,,161219,国投瑞银新兴产业混合(LOF)A,0.13587013263695535,ret_12m,main,177.1,full,1.0,2026-09-17
1556.0,,006696,汇添富研究优选灵活配置混合,0.13562482730980974,ret_12m,main,91.5,full,1.0,2026-09-17
1557.0,,360010,光大均衡精选混合A,0.1356083179961325,ret_12m,main,210.5,full,1.0,2026-09-17
1558.0,,160726,嘉实瑞享定期混合,0.13552860080400309,ret_12m,main,97.5,full,1.0,2026-09-17
1559.0,,015291,金元顺安产业臻选混合A,0.1353640205372768,ret_12m,main,33.0,short,1.0,2026-09-17
1560.0,,519983,长信量化先锋混合A,0.13502387796725124,ret_12m,main,190.0,full,1.0,2026-09-17
1561.0,,121003,国投瑞银核心企业混合,0.13496871910593278,ret_12m,main,245.0,full,1.0,2026-09-17
1562.0,,012493,长信内需均衡混合A,0.13494964609055105,ret_12m,main,62.6,full,1.0,2026-09-17
1563.0,,460002,华泰柏瑞积极成长混合,0.13490704771415296,ret_12m,main,231.7,full,1.0,2026-09-17
1564.0,,121010,国投瑞银瑞源灵活配置混合A,0.13487855748618305,ret_12m,main,176.9,full,1.0,2026-09-17
1565.0,,002595,博时工业4.0主题股票,0.13472026137031023,ret_12m,main,123.3,full,1.0,2026-09-17
1566.0,,004321,前海开源沪港深强国产业混合,0.13454293007387075,ret_12m,main,114.6,full,1.0,2026-09-17
1567.0,,003069,光大创业板量化优选A,0.13437217522531508,ret_12m,main,103.1,full,1.0,2026-09-17
1568.0,,020151,中信保诚景气优选混合A,0.13434014111602388,ret_12m,main,30.7,short,1.0,2026-09-17
1569.0,,013561,国联匠心优选混合A,0.13423237454264436,ret_12m,main,58.5,full,1.0,2026-09-17
1570.0,,012243,东方红内需增长混合B,0.13412151306041764,ret_12m,main,63.5,full,1.0,2026-09-17
1571.0,,009646,南方核心成长混合A,0.13409289328722585,ret_12m,main,74.1,full,1.0,2026-09-17
1572.0,,001975,景顺长城环保优势股票,0.13398236514784756,ret_12m,main,126.1,full,1.0,2026-09-17
1573.0,,000971,诺安新经济股票A,0.13396384683983253,ret_12m,main,139.7,full,1.0,2026-09-17
1574.0,,008328,诺安新兴产业混合,0.13388917539123257,ret_12m,main,78.3,full,1.0,2026-09-17
1575.0,,015245,南华丰汇混合A,0.13384348606233543,ret_12m,main,54.6,full,1.0,2026-09-17
1576.0,,070017,嘉实量化阿尔法混合,0.13374081342829203,ret_12m,main,209.9,full,1.0,2026-09-17
1577.0,,005739,富国转型机遇混合,0.13362248025059054,ret_12m,main,100.8,full,1.0,2026-09-17
1578.0,,000996,中银新动力股票A,0.13303474409079707,ret_12m,main,139.1,full,1.0,2026-09-17
1579.0,,020567,泓德智选启航混合A,0.13302946924622483,ret_12m,main,30.0,short,1.0,2026-09-17
1580.0,,011346,淳厚鑫淳一年持有混合,0.13299313702694326,ret_12m,main,63.5,full,1.0,2026-09-17
1581.0,,005055,华泰柏瑞量化阿尔法A,0.13284265073806423,ret_12m,main,107.7,full,1.0,2026-09-17
1582.0,,009992,景顺长城量化成长演化混合A,0.13280188553629624,ret_12m,main,69.9,full,1.0,2026-09-17
1583.0,,010166,招商兴和优选1年持有期混合,0.1327699278335006,ret_12m,main,67.5,full,1.0,2026-09-17
1584.0,,003308,中信建投睿利A,0.13262967152324912,ret_12m,main,117.3,full,1.0,2026-09-17
1585.0,,008245,圆信永丰致优混合A,0.13238298335909882,ret_12m,main,80.8,full,1.0,2026-09-17
1586.0,,013166,东兴宸祥量化混合A,0.13231867187526913,ret_12m,main,55.6,full,1.0,2026-09-17
1587.0,,501188,汇添富核心精选混合(LOF),0.1320488298524063,ret_12m,main,98.4,full,1.0,2026-09-17
1588.0,,162204,宏利行业精选混合A,0.13202574641055476,ret_12m,main,266.3,full,1.0,2026-09-17
1589.0,,001637,嘉实量化精选股票,0.13200538282822927,ret_12m,main,129.3,full,1.0,2026-09-17
1590.0,,040011,华安核心优选混合A,0.13200456241081548,ret_12m,main,214.8,full,1.0,2026-09-17
1591.0,,001980,中欧量化驱动混合A,0.13195500541213545,ret_12m,main,100.1,full,1.0,2026-09-17
1592.0,,001681,新华积极价值灵活配置混合A,0.13190105997861745,ret_12m,main,128.9,full,1.0,2026-09-17
1593.0,,017483,财通资管数字经济混合发起式A,0.13159405638183408,ret_12m,main,44.7,full,1.0,2026-09-17
1594.0,,003626,平安鑫利混合A,0.131289585933013,ret_12m,main,117.3,full,1.0,2026-09-17
1595.0,,002124,广发新兴产业混合A,0.13119439538947764,ret_12m,main,127.6,full,1.0,2026-09-17
1596.0,,007903,长城量化小盘股票A,0.13119275614507497,ret_12m,main,80.2,full,1.0,2026-09-17
1597.0,,012153,博时研究慧选混合A,0.13067139868401734,ret_12m,main,63.3,full,1.0,2026-09-17
1598.0,,001182,易方达安心回馈混合A,0.13059344018055308,ret_12m,main,135.7,full,1.0,2026-09-17
1599.0,,630016,华商价值共享混合发起式,0.13036838514721172,ret_12m,main,162.0,full,1.0,2026-09-17
1600.0,,000711,嘉实医疗保健股票,0.13034613415536267,ret_12m,main,145.1,full,1.0,2026-09-17
1601.0,,002210,创金合信量化多因子股票A,0.13019157509396617,ret_12m,main,127.8,full,1.0,2026-09-17
1602.0,,013524,富国悦享回报12个月持有期混合A,0.12997467580482547,ret_12m,main,58.2,full,1.0,2026-09-17
1603.0,,121005,国投瑞银创新动力混合,0.12996826836295816,ret_12m,main,238.1,full,1.0,2026-09-17
1604.0,,020062,格林宏观回报混合A,0.12965731531258706,ret_12m,main,27.7,short,1.0,2026-09-17
1605.0,,000788,前海开源中国成长混合,0.12955122470039093,ret_12m,main,143.6,full,1.0,2026-09-17
1606.0,,016252,华夏景气成长一年持有混合发起式A,0.12953801471207105,ret_12m,main,43.1,full,1.0,2026-09-17
1607.0,,162208,宏利首选企业股票A,0.1292999717742367,ret_12m,main,237.5,full,1.0,2026-09-17
1608.0,,673110,西部利得新润混合A,0.1291280574788387,ret_12m,main,108.7,full,1.0,2026-09-17
1609.0,,519997,长信银利精选混合A,0.1289936510386911,ret_12m,main,260.0,full,1.0,2026-09-17
1610.0,,015887,国投瑞银行业睿选混合A,0.12875816503978443,ret_12m,main,48.3,full,1.0,2026-09-17
1611.0,,007130,中庚小盘价值股票,0.12858873939662807,ret_12m,main,89.5,full,1.0,2026-09-17
1612.0,,004119,广发创新驱动灵活配置混合,0.1285797283170973,ret_12m,main,111.3,full,1.0,2026-09-17
1613.0,,016388,汇安均衡成长混合A,0.1281834943919533,ret_12m,main,32.2,short,1.0,2026-09-17
1614.0,,017424,华泰紫金先进制造混合发起A,0.12816359045344505,ret_12m,main,42.6,full,1.0,2026-09-17
1615.0,,014885,长盛匠心研究混合A,0.12795889154844864,ret_12m,main,50.4,full,1.0,2026-09-17
1616.0,,011425,广发优势成长股票A,0.12785222577685063,ret_12m,main,67.2,full,1.0,2026-09-17
1617.0,,100016,富国天源沪港深平衡混合A,0.12773434281698437,ret_12m,main,289.1,full,1.0,2026-09-17
1618.0,,011523,前海联合产业趋势混合A,0.12768129941767814,ret_12m,main,61.0,full,1.0,2026-09-17
1619.0,,200016,长城稳健成长混合A,0.12762661202542414,ret_12m,main,169.5,full,1.0,2026-09-17
1620.0,,003641,长盛盛丰灵活配置混合A,0.12758971823246923,ret_12m,main,117.9,full,1.0,2026-09-17
1621.0,,016492,南方均衡成长混合A,0.12737229474157497,ret_12m,main,47.6,full,1.0,2026-09-17
1622.0,,377010,摩根阿尔法混合A,0.1273564184561451,ret_12m,main,251.2,full,1.0,2026-09-17
1623.0,,006392,中信保诚创新成长混合A,0.12733848345438137,ret_12m,main,91.6,full,1.0,2026-09-17
1624.0,,007137,鹏扬元合量化大盘A,0.12726665696305695,ret_12m,main,86.3,full,1.0,2026-09-17
1625.0,,005738,长城智能产业混合A,0.1270378788138007,ret_12m,main,99.3,full,1.0,2026-09-17
1626.0,,002681,金鹰元和灵活配置混合A,0.12699333604908825,ret_12m,main,123.8,full,1.0,2026-09-17
1627.0,,501083,银华科创主题灵活配置混合(LOF)A,0.12698965617465685,ret_12m,main,86.4,full,1.0,2026-09-17
1628.0,,001827,富国研究优选沪港深灵活配置混合A,0.12695546660742152,ret_12m,main,126.3,full,1.0,2026-09-17
1629.0,,015987,万家远见先锋一年持有期混合A,0.126933933536598,ret_12m,main,38.2,full,1.0,2026-09-17
1630.0,,011142,创金合信新材料新能源股票A,0.1267547554110955,ret_12m,main,68.6,full,1.0,2026-09-17
1631.0,,008128,湘财长源股票型A,0.12675103458549697,ret_12m,main,81.0,full,1.0,2026-09-17
1632.0,,168601,汇安裕阳三年持有期混合,0.12657023772607423,ret_12m,main,95.7,full,1.0,2026-09-17
1633.0,,003119,博时鑫源混合A,0.1264874632120192,ret_12m,main,120.8,full,1.0,2026-09-17
1634.0,,007470,博道叁佰智航股票A,0.12646408890113991,ret_12m,main,87.4,full,1.0,2026-09-17
1635.0,,012977,瑞达鑫红量化6个月持有混合A,0.12640219443380452,ret_12m,main,62.1,full,1.0,2026-09-17
1636.0,,010301,达诚成长先锋混合A,0.12624458467504396,ret_12m,main,70.7,full,1.0,2026-09-17
1637.0,,005434,鹏华睿投混合A,0.126138667865608,ret_12m,main,99.6,full,1.0,2026-09-17
1638.0,,630006,华商产业升级混合,0.12602285917187594,ret_12m,main,195.0,full,1.0,2026-09-17
1639.0,,240002,华宝宝康配置混合,0.1259809074002809,ret_12m,main,278.1,full,1.0,2026-09-17
1640.0,,023362,鹏扬研究精选混合A,0.12530134833143602,ret_12m,main,13.4,short,0.9921,2026-09-17
1641.0,,004774,汇添富添福吉祥混合A,0.12494799715288263,ret_12m,main,109.8,full,1.0,2026-09-17
1642.0,,001898,易方达大健康混合,0.12491723251138764,ret_12m,main,107.7,full,1.0,2026-09-17
1643.0,,008150,嘉实远见企业精选两年持有期混合,0.12481620606617971,ret_12m,main,71.9,full,1.0,2026-09-17
1644.0,,012613,创金合信产业智选混合A,0.12478509530635962,ret_12m,main,61.7,full,1.0,2026-09-17
1645.0,,163302,大摩资源优选混合(LOF),0.12471154598989487,ret_12m,main,251.7,full,1.0,2026-09-17
1646.0,,002213,中海顺鑫灵活配置混合,0.12460040059574862,ret_12m,main,128.6,full,1.0,2026-09-17
1647.0,,001603,易方达安盈回报混合A,0.1245757896144053,ret_12m,main,115.0,full,1.0,2026-09-17
1648.0,,015610,万家匠心致远一年持有期混合A,0.12435370184615824,ret_12m,main,49.3,full,1.0,2026-09-17
1649.0,,024895,泰康资源精选股票发起A,0.1243243597066237,ret_12m,main,13.2,short,1.0,2026-09-17
1650.0,,012173,国泰兴泽优选一年持有期混合A,0.12421645424256678,ret_12m,main,59.8,full,1.0,2026-09-17
1651.0,,001220,民生加银研究精选混合,0.12421291657590094,ret_12m,main,135.7,full,1.0,2026-09-17
1652.0,,519692,交银成长混合,0.1240665755903263,ret_12m,main,238.8,full,1.0,2026-09-17
1653.0,,008264,南方ESG股票A,0.12384796587006708,ret_12m,main,81.0,full,1.0,2026-09-17
1654.0,,017935,国泰海通远见价值混合发起A,0.12376172395054219,ret_12m,main,42.6,full,1.0,2026-09-17
1655.0,,161222,国投瑞银瑞利混合(LOF)A,0.12374837883805467,ret_12m,main,139.4,full,1.0,2026-09-17
1656.0,,011803,景顺长城宁景6个月持有混合A,0.12355470329082552,ret_12m,main,57.5,full,1.0,2026-09-17
1657.0,,018493,西部利得汇鑫6个月持有期混合A,0.1235313209345843,ret_12m,main,37.8,full,1.0,2026-09-17
1658.0,,009500,国寿安保高股息混合A,0.12348985738792218,ret_12m,main,71.7,full,1.0,2026-09-17
1659.0,,001272,兴业聚利灵活配置混合A,0.12346701952423511,ret_12m,main,136.4,full,1.0,2026-09-17
1660.0,,013895,宝盈成长精选混合A,0.12335908391747097,ret_12m,main,57.5,full,1.0,2026-09-17
1661.0,,320016,诺安多策略混合A,0.12329399834709243,ret_12m,main,181.3,full,1.0,2026-09-17
1662.0,,010584,渤海汇金新动能主题混合A,0.12327251330243949,ret_12m,main,65.8,full,1.0,2026-09-17
1663.0,,040015,华安动态灵活配置混合A,0.12308373603926404,ret_12m,main,200.8,full,1.0,2026-09-17
1664.0,,001985,富国低碳新经济混合A,0.1228847093236991,ret_12m,main,129.0,full,1.0,2026-09-17
1665.0,,006564,圆信永丰精选回报混合,0.12255980840865299,ret_12m,main,88.1,full,1.0,2026-09-17
1666.0,,010442,东方红启盛三年持有混合B,0.12253908154182569,ret_12m,main,62.3,full,1.0,2026-09-17
1667.0,,019722,中银量化选股混合发起A,0.12245692829409704,ret_12m,main,27.0,short,1.0,2026-09-17
1668.0,,004475,华泰柏瑞富利混合A,0.12238208667977268,ret_12m,main,108.2,full,1.0,2026-09-17
1669.0,,008491,万家周期优势企业混合A,0.12210090665825657,ret_12m,main,73.0,full,1.0,2026-09-17
1670.0,,011729,工银聚享混合A,0.12209023108756734,ret_12m,main,60.8,full,1.0,2026-09-17
1671.0,,011740,博时成长精选混合A,0.12196038420482336,ret_12m,main,64.9,full,1.0,2026-09-17
1672.0,,012147,富国大盘核心资产混合,0.12194431719220522,ret_12m,main,58.5,full,1.0,2026-09-17
1673.0,,006535,恒生前海恒锦裕利A,0.12192549035540257,ret_12m,main,90.0,full,1.0,2026-09-17
1674.0,,519120,浦银新兴产业混合A,0.12183857865938208,ret_12m,main,161.8,full,1.0,2026-09-17
1675.0,,011146,创金合信气候变化责任投资股票A,0.12182964490119419,ret_12m,main,68.6,full,1.0,2026-09-17
1676.0,,006314,国联策略优选混合A,0.12182570657480807,ret_12m,main,88.3,full,1.0,2026-09-17
1677.0,,021812,东兴宸泰量化选股混合发起A,0.12170025568524157,ret_12m,main,23.7,short,1.0,2026-09-17
1678.0,,004934,圆信永丰消费升级,0.12168381018418506,ret_12m,main,101.9,full,1.0,2026-09-17
1679.0,,015305,银华鑫峰混合A,0.12133820568495302,ret_12m,main,52.6,full,1.0,2026-09-17
1680.0,,005616,东方量化成长灵活配置混合A,0.12084440506258454,ret_12m,main,101.9,full,1.0,2026-09-17
1681.0,,019617,工银远见共赢混合A1,0.12060590835893925,ret_12m,main,33.4,short,1.0,2026-09-17
1682.0,,002803,东方红沪港深混合,0.12057800222628678,ret_12m,main,122.2,full,1.0,2026-09-17
1683.0,,005821,万家新机遇龙头企业混合A,0.1203220459958223,ret_12m,main,99.8,full,1.0,2026-09-17
1684.0,,013078,方正富邦策略轮动混合A,0.12022991142992101,ret_12m,main,58.2,full,1.0,2026-09-17
1685.0,,004128,前海联合泳隆混合A,0.12004851192754584,ret_12m,main,108.6,full,1.0,2026-09-17
1686.0,,009740,博时研究臻选持有期混合A,0.12003397711866026,ret_12m,main,74.6,full,1.0,2026-09-17
1687.0,,021990,中加专精特新量化选股混合发起式A,0.11998157226771244,ret_12m,main,22.1,short,1.0,2026-09-17
1688.0,,019505,国泰海通中证1000优选股票发起A,0.11988032320573261,ret_12m,main,33.2,short,1.0,2026-09-17
1689.0,,007243,安信核心竞争力混合A,0.1198658803097834,ret_12m,main,87.4,full,1.0,2026-09-17
1690.0,,501219,华夏智胜先锋股票(LOF)A,0.11983881600385904,ret_12m,main,57.1,full,1.0,2026-09-17
1691.0,,013385,信澳优势价值混合A,0.11966297490789302,ret_12m,main,57.5,full,1.0,2026-09-17
1692.0,,163804,中银收益混合A,0.1196333221989232,ret_12m,main,239.2,full,1.0,2026-09-17
1693.0,,010373,西部利得聚兴一年定开混合A,0.11954398937516553,ret_12m,main,64.6,full,1.0,2026-09-17
1694.0,,005708,国联安远见成长混合,0.11932521903814464,ret_12m,main,100.1,full,1.0,2026-09-17
1695.0,,163415,兴全商业模式混合(LOF)A,0.119212476113852,ret_12m,main,165.0,full,1.0,2026-09-17
1696.0,,009557,申万菱信创业板量化精选股票A,0.11920464689924115,ret_12m,main,74.6,full,1.0,2026-09-17
1697.0,,005939,工银新能源汽车混合A,0.11918304196281282,ret_12m,main,94.1,full,1.0,2026-09-17
1698.0,,016045,华商研究回报一年持有混合A,0.11915749288627708,ret_12m,main,42.4,full,1.0,2026-09-17
1699.0,,010965,中银鑫新消费成长混合A,0.11899402264543868,ret_12m,main,60.4,full,1.0,2026-09-17
1700.0,,002411,华夏新机遇混合A,0.11894934938637092,ret_12m,main,125.6,full,1.0,2026-09-17
1701.0,,000031,华夏复兴混合A,0.11848096642910355,ret_12m,main,228.2,full,1.0,2026-09-17
1702.0,,002334,汇丰晋信大盘波动股票A,0.11831041081718952,ret_12m,main,126.2,full,1.0,2026-09-17
1703.0,,010971,华夏永鑫六个月持有期混合A,0.11776196921505555,ret_12m,main,64.9,full,1.0,2026-09-17
1704.0,,163418,兴全合兴混合A,0.11768968341295594,ret_12m,main,68.1,full,1.0,2026-09-17
1705.0,,003502,金鹰鑫瑞混合A,0.1174793756657031,ret_12m,main,117.4,full,1.0,2026-09-17
1706.0,,001924,华夏国企改革混合,0.11742853333110781,ret_12m,main,129.7,full,1.0,2026-09-17
1707.0,,002291,诺安安鑫灵活配置混合,0.11708943011638429,ret_12m,main,127.0,full,1.0,2026-09-17
1708.0,,017073,嘉实清洁能源股票发起式A,0.11706983325057685,ret_12m,main,45.8,full,1.0,2026-09-17
1709.0,,005760,富国周期优势混合A,0.11704623350145038,ret_12m,main,98.3,full,1.0,2026-09-17
1710.0,,007126,博道远航混合A,0.11672876124120002,ret_12m,main,88.6,full,1.0,2026-09-17
1711.0,,000932,前海开源睿远稳健增利混合A,0.11668098921409631,ret_12m,main,140.1,full,1.0,2026-09-17
1712.0,,004698,博时军工主题股票A,0.11667648958153354,ret_12m,main,110.5,full,1.0,2026-09-17
1713.0,,004218,前海开源裕和混合A,0.11662933716112578,ret_12m,main,113.2,full,1.0,2026-09-17
1714.0,,012850,国联低碳经济3个月持有混合A,0.11654348984814633,ret_12m,main,61.5,full,1.0,2026-09-17
1715.0,,070099,嘉实优质企业混合,0.11634075179204073,ret_12m,main,225.3,full,1.0,2026-09-17
1716.0,,005059,南方安福混合A,0.11633953554198473,ret_12m,main,106.5,full,1.0,2026-09-17
1717.0,,014198,华夏智胜先锋股票C,0.1162654934848677,ret_12m,main,57.1,full,1.0,2026-09-17
1718.0,,017860,景顺长城致远混合A,0.11593671616053691,ret_12m,main,42.6,full,1.0,2026-09-17
1719.0,,010128,宝盈发展新动能股票A,0.11584153992197743,ret_12m,main,71.7,full,1.0,2026-09-17
1720.0,,016243,广发成长领航一年持有混合A,0.11548460628819734,ret_12m,main,42.3,full,1.0,2026-09-17
1721.0,,519095,新华行业周期轮换混合A,0.11494320251280965,ret_12m,main,193.9,full,1.0,2026-09-17
1722.0,,012111,鹏华安颐混合A,0.11491267101753211,ret_12m,main,58.5,full,1.0,2026-09-17
1723.0,,001974,景顺长城量化新动力股票A,0.11484094871887773,ret_12m,main,122.2,full,1.0,2026-09-17
1724.0,,012572,恒越乐享添利混合A,0.11467739663752075,ret_12m,main,59.6,full,1.0,2026-09-17
1725.0,,002472,光大先进服务业混合A,0.11460030054190895,ret_12m,main,107.9,full,1.0,2026-09-17
1726.0,,013417,博时核心资产精选混合A,0.11445986513544693,ret_12m,main,60.0,full,1.0,2026-09-17
1727.0,,012828,富国浦诚回报12个月持有混合A,0.11415940813135106,ret_12m,main,61.7,full,1.0,2026-09-17
1728.0,,002837,华夏网购精选混合A,0.11414410595974589,ret_12m,main,118.5,full,1.0,2026-09-17
1729.0,,005260,银华稳健增利灵活配置混合A,0.1140578733458828,ret_12m,main,105.1,full,1.0,2026-09-17
1730.0,,001047,光大国企改革股票A,0.1140220934112699,ret_12m,main,137.8,full,1.0,2026-09-17
1731.0,,007854,光大景气先锋混合A,0.1139812735919945,ret_12m,main,82.1,full,1.0,2026-09-17
1732.0,,050001,博时价值增长混合,0.11395938838394093,ret_12m,main,287.3,full,1.0,2026-09-17
1733.0,,000457,摩根核心成长股票A,0.11374958165305493,ret_12m,main,151.2,full,1.0,2026-09-17
1734.0,,290011,泰信中小盘精选混合,0.1135378135745797,ret_12m,main,178.7,full,1.0,2026-09-17
1735.0,,004448,博时汇智回报灵活配置混合,0.1135293678315179,ret_12m,main,113.2,full,1.0,2026-09-17
1736.0,,009623,长城创新驱动混合A,0.11345016491705695,ret_12m,main,74.8,full,1.0,2026-09-17
1737.0,,880007,招商资管智远成长混合A,0.11325039493421851,ret_12m,main,71.1,full,1.0,2026-09-17
1738.0,,001581,华安沪港深通精选灵活配置混合A,0.11323216340458431,ret_12m,main,115.0,full,1.0,2026-09-17
1739.0,,024446,中欧大盘智选混合发起A,0.11319658924699105,ret_12m,main,14.8,short,0.9565,2026-09-17
1740.0,,014267,华商竞争力优选混合A,0.11313924046600277,ret_12m,main,55.6,full,1.0,2026-09-17
1741.0,,000480,东方红新动力混合A,0.11304681760724544,ret_12m,main,151.6,full,1.0,2026-09-17
1742.0,,501095,中银证券科技创新混合(LOF),0.11294723606196233,ret_12m,main,78.2,full,1.0,2026-09-17
1743.0,,011427,广发价值驱动混合A,0.11270378492015487,ret_12m,main,60.1,full,1.0,2026-09-17
1744.0,,460001,华泰柏瑞盛世中国混合,0.1126044851399004,ret_12m,main,256.7,full,1.0,2026-09-17
1745.0,,001277,博时国企改革股票A,0.1125700026913834,ret_12m,main,136.0,full,1.0,2026-09-17
1746.0,,009398,华富成长企业精选股票A,0.11248176205799343,ret_12m,main,75.0,full,1.0,2026-09-17
1747.0,,007254,广发均衡价值混合A,0.11239752647053591,ret_12m,main,86.9,full,1.0,2026-09-17
1748.0,,016105,申万菱信兴乐优选混合A,0.11235908691740071,ret_12m,main,48.8,full,1.0,2026-09-17
1749.0,,000619,东方红产业升级混合,0.11211907492227713,ret_12m,main,147.4,full,1.0,2026-09-17
1750.0,,020009,国泰金鹏蓝筹混合,0.11210398873282701,ret_12m,main,239.6,full,1.0,2026-09-17
1751.0,,013435,大成景气精选六个月持有混合A,0.11203622608864561,ret_12m,main,58.6,full,1.0,2026-09-17
1752.0,,121006,国投瑞银稳健增长混合,0.11177851734394473,ret_12m,main,219.2,full,1.0,2026-09-17
1753.0,,010420,民生加银成长优选股票A,0.11173596883675319,ret_12m,main,69.7,full,1.0,2026-09-17
1754.0,,001128,宝盈新兴产业混合A,0.11163649697574063,ret_12m,main,137.2,full,1.0,2026-09-17
1755.0,,011801,中银证券盈瑞混合A,0.11159113479522409,ret_12m,main,64.4,full,1.0,2026-09-17
1756.0,,002943,广发多因子混合,0.11153095043269246,ret_12m,main,116.6,full,1.0,2026-09-17
1757.0,,020779,湘财新能源量化选股混合A,0.11147508837541786,ret_12m,main,24.4,short,1.0,2026-09-17
1758.0,,010284,长城价值成长六个月持有期混合A,0.1114169712513311,ret_12m,main,66.1,full,1.0,2026-09-17
1759.0,,004050,华夏新锦升混合A,0.11132473658845599,ret_12m,main,111.6,full,1.0,2026-09-17
1760.0,,004250,银河量化优选混合A,0.11131341293422214,ret_12m,main,112.7,full,1.0,2026-09-17
1761.0,,011936,华夏阿尔法精选混合A,0.11120757140918847,ret_12m,main,60.9,full,1.0,2026-09-17
1762.0,,017635,银华动力领航混合A,0.1112042241867861,ret_12m,main,43.9,full,1.0,2026-09-17
1763.0,,050201,博时价值增长贰号混合,0.11117015917139006,ret_12m,main,239.7,full,1.0,2026-09-17
1764.0,,004355,嘉实丰和灵活配置混合A,0.11081670658070242,ret_12m,main,112.9,full,1.0,2026-09-17
1765.0,,270022,广发内需增长混合A,0.11079593954896971,ret_12m,main,197.0,full,1.0,2026-09-17
1766.0,,165531,中信保诚多策略混合(LOF)A,0.11079228394245133,ret_12m,main,111.0,full,1.0,2026-09-17
1767.0,,020842,联博智选混合A,0.1106508186613937,ret_12m,main,29.5,short,1.0,2026-09-17
1768.0,,000082,嘉实研究阿尔法股票A,0.11060636815311575,ret_12m,main,159.7,full,1.0,2026-09-17
1769.0,,161728,招商瑞智优选混合(LOF),0.11055582551179954,ret_12m,main,98.4,full,1.0,2026-09-17
1770.0,,014119,金鹰时代先锋混合A,0.11027149200567776,ret_12m,main,55.7,full,1.0,2026-09-17
1771.0,,004695,东兴未来价值混合A,0.11017685723576598,ret_12m,main,85.7,full,1.0,2026-09-17
1772.0,,002179,华安事件驱动量化混合A,0.11007315686166441,ret_12m,main,117.1,full,1.0,2026-09-17
1773.0,,000877,华泰柏瑞量化优选混合,0.1100640950292342,ret_12m,main,141.0,full,1.0,2026-09-17
1774.0,,014946,南方高质量优选混合A,0.10996813710931419,ret_12m,main,48.8,full,1.0,2026-09-17
1775.0,,004925,长信低碳环保行业量化股票A,0.10967062707334851,ret_12m,main,106.3,full,1.0,2026-09-17
1776.0,,501227,泓德红利优选混合(LOF)A,0.10960091835579,ret_12m,main,16.6,short,1.0,2026-09-17
1777.0,,020158,信澳核心智选混合A,0.10941495895367392,ret_12m,main,31.5,short,1.0,2026-09-17
1778.0,,021316,民生加银智选成长股票A,0.10921886192857544,ret_12m,main,26.6,short,1.0,2026-09-17
1779.0,,023344,信澳星瑞智选混合A,0.10914081311778312,ret_12m,main,18.0,short,1.0,2026-09-17
1780.0,,011837,鹏扬中国优质成长混合A,0.10912793801557874,ret_12m,main,63.3,full,1.0,2026-09-17
1781.0,,001163,银华中国梦30股票,0.10883594278132103,ret_12m,main,136.6,full,1.0,2026-09-17
1782.0,,002161,银华万物互联灵活配置混合A,0.10870751959749958,ret_12m,main,112.5,full,1.0,2026-09-17
1783.0,,011471,鹏华致远成长混合A,0.1086558559838453,ret_12m,main,66.0,full,1.0,2026-09-17
1784.0,,016477,光大专精特新混合A,0.1086189362222727,ret_12m,main,44.0,full,1.0,2026-09-17
1785.0,,010289,景顺长城产业趋势混合A,0.10836857276963885,ret_12m,main,68.0,full,1.0,2026-09-17
1786.0,,519007,海富通强化回报混合,0.10832684346811883,ret_12m,main,243.8,full,1.0,2026-09-17
1787.0,,008905,嘉合锦鹏添利混合A,0.1082772729926944,ret_12m,main,76.6,full,1.0,2026-09-17
1788.0,,100029,富国天成红利混合,0.10824513788455392,ret_12m,main,219.7,full,1.0,2026-09-17
1789.0,,519727,交银成长30混合,0.10802827371898771,ret_12m,main,159.4,full,1.0,2026-09-17
1790.0,,005593,摩根创新商业模式混合A,0.10779176789740808,ret_12m,main,101.5,full,1.0,2026-09-17
1791.0,,202011,南方优选价值混合A,0.10769994786844483,ret_12m,main,219.0,full,1.0,2026-09-17
1792.0,,005244,国泰聚优价值灵活配置混合A,0.10736921098720908,ret_12m,main,106.1,full,1.0,2026-09-17
1793.0,,021655,海富通量化选股混合A,0.10724438285805449,ret_12m,main,25.8,short,1.0,2026-09-17
1794.0,,000520,上银新兴价值成长混合A,0.10721485608935843,ret_12m,main,148.4,full,1.0,2026-09-17
1795.0,,018724,长信汇智量化选股混合A,0.10690981233827457,ret_12m,main,33.6,short,1.0,2026-09-17
1796.0,,021692,招商资管智达量化选股混合发起A,0.10687709411755386,ret_12m,main,23.8,short,1.0,2026-09-17
1797.0,,008415,国泰大制造两年持有期混合,0.10680162364559109,ret_12m,main,75.6,full,1.0,2026-09-17
1798.0,,080015,长盛中小盘精选混合,0.10644786904284387,ret_12m,main,170.3,full,1.0,2026-09-17
1799.0,,090009,大成行业轮动混合A,0.10637561701966836,ret_12m,main,204.3,full,1.0,2026-09-17
1800.0,,002317,招商睿逸混合,0.10609513762304013,ret_12m,main,125.1,full,1.0,2026-09-17
1801.0,,019146,农银均衡优选混合A,0.10603106008858876,ret_12m,main,35.3,short,1.0,2026-09-17
1802.0,,002819,招商丰美混合A,0.10599019401404175,ret_12m,main,118.2,full,1.0,2026-09-17
1803.0,,009795,嘉实远见精选两年持有期混合,0.10580073572991289,ret_12m,main,73.8,full,1.0,2026-09-17
1804.0,,750001,安信灵活配置混合A,0.10545289317188145,ret_12m,main,170.9,full,1.0,2026-09-17
1805.0,,020269,宏利价值驱动6个月持有混合A,0.10532399868722919,ret_12m,main,21.7,short,1.0,2026-09-17
1806.0,,020305,信澳星煜智选混合A,0.10527450099629987,ret_12m,main,30.9,short,1.0,2026-09-17
1807.0,,020669,国投瑞银弘信回报混合A,0.10525808390203184,ret_12m,main,30.0,short,1.0,2026-09-17
1808.0,,017043,汇添富品质价值混合,0.10504252392474456,ret_12m,main,45.2,full,1.0,2026-09-17
1809.0,,006299,恒越核心精选混合A,0.10491285757001823,ret_12m,main,94.1,full,1.0,2026-09-17
1810.0,,005225,广发量化多因子混合A,0.1047782260082124,ret_12m,main,101.9,full,1.0,2026-09-17
1811.0,,007468,中信建投精选混合A,0.1047672905886492,ret_12m,main,81.6,full,1.0,2026-09-17
1812.0,,010821,东方红多元策略混合B,0.10469318450133924,ret_12m,main,68.3,full,1.0,2026-09-17
1813.0,,163803,中银持续增长混合A,0.10455448619287266,ret_12m,main,246.0,full,1.0,2026-09-17
1814.0,,519035,富国天博创新主题混合,0.104514135629304,ret_12m,main,231.8,full,1.0,2026-09-17
1815.0,,002182,东兴蓝海财富混合A,0.10450375713693094,ret_12m,main,128.8,full,1.0,2026-09-17
1816.0,,540006,汇丰晋信大盘股票A,0.10440806871486163,ret_12m,main,206.8,full,1.0,2026-09-17
1817.0,,010934,国寿安保稳福6个月持有期混合A,0.10435556995544659,ret_12m,main,63.0,full,1.0,2026-09-17
1818.0,,011629,银河核心优势混合A,0.10431607611928562,ret_12m,main,49.9,full,1.0,2026-09-17
1819.0,,025216,永赢资源慧选混合发起A,0.10428604176241829,ret_12m,main,12.9,short,1.0,2026-09-17
1820.0,,006058,民生加银新兴成长混合,0.10427924444058512,ret_12m,main,96.3,full,1.0,2026-09-17
1821.0,,021711,南方周期优选混合发起A,0.10422296660361852,ret_12m,main,23.9,short,1.0,2026-09-17
1822.0,,001705,泓德战略转型股票,0.10412434721205122,ret_12m,main,130.2,full,1.0,2026-09-17
1823.0,,002983,长信国防军工量化混合A,0.10408616237365442,ret_12m,main,116.4,full,1.0,2026-09-17
1824.0,,004279,国寿安保稳荣混合A,0.10405560761381372,ret_12m,main,115.2,full,1.0,2026-09-17
1825.0,,014139,易方达高质量增长量化精选股票A,0.1038905638840879,ret_12m,main,52.4,full,1.0,2026-09-17
1826.0,,005960,博时量化价值股票A,0.10366041682855154,ret_12m,main,98.7,full,1.0,2026-09-17
1827.0,,014625,财通资管稳兴丰益六个月持有期混合A,0.10346767091063747,ret_12m,main,51.3,full,1.0,2026-09-17
1828.0,,009663,华泰紫金创新先锋混合(LOF)A,0.10336129611925737,ret_12m,main,74.0,full,1.0,2026-09-17
1829.0,,002494,兴业聚盈混合A,0.10332669935040872,ret_12m,main,125.3,full,1.0,2026-09-17
1830.0,,501087,交银瑞丰混合(LOF),0.10329623845310243,ret_12m,main,84.4,full,1.0,2026-09-17
1831.0,,166006,中欧行业成长混合(LOF)A,0.1032497416967646,ret_12m,main,200.6,full,1.0,2026-09-17
1832.0,,010345,华泰柏瑞成长智选混合A,0.10308411071542589,ret_12m,main,69.8,full,1.0,2026-09-17
1833.0,,020979,西部利得价值回报混合A,0.10306593762868221,ret_12m,main,27.4,short,1.0,2026-09-17
1834.0,,014922,华夏ESG可持续投资一年持有混合A,0.10284114600123462,ret_12m,main,54.3,full,1.0,2026-09-17
1835.0,,007689,国投瑞银新能源混合A,0.10283127674773196,ret_12m,main,82.0,full,1.0,2026-09-17
1836.0,,000977,长城环保主题混合A,0.10257089075799808,ret_12m,main,137.3,full,1.0,2026-09-17
1837.0,,040035,华安逆向策略混合A,0.1022262999808412,ret_12m,main,169.0,full,1.0,2026-09-17
1838.0,,013141,中信保诚弘远混合A,0.1021113818585222,ret_12m,main,60.6,full,1.0,2026-09-17
1839.0,,008297,广发价值优势混合,0.10206089803677143,ret_12m,main,78.5,full,1.0,2026-09-17
1840.0,,005373,中加紫金灵活配置混合A,0.10202804054120596,ret_12m,main,101.5,full,1.0,2026-09-17
1841.0,,000029,富国宏观策略灵活配置混合A,0.10197167771258342,ret_12m,main,161.2,full,1.0,2026-09-17
1842.0,,002562,泓德泓益量化混合A,0.10192955002960646,ret_12m,main,124.7,full,1.0,2026-09-17
1843.0,,000477,广发主题领先混合A,0.10189555248461302,ret_12m,main,145.6,full,1.0,2026-09-17
1844.0,,001148,申万菱信多策略灵活配置混合A,0.10188752749724195,ret_12m,main,137.6,full,1.0,2026-09-17
1845.0,,000273,华润元大安鑫灵活配置混合A,0.10177304188889669,ret_12m,main,156.2,full,1.0,2026-09-17
1846.0,,008546,南方产业优势两年混合A,0.10161956762003799,ret_12m,main,73.1,full,1.0,2026-09-17
1847.0,,160133,南方天元新产业股票(LOF),0.10155674939535131,ret_12m,main,146.5,full,1.0,2026-09-17
1848.0,,012495,民生加银双核动力混合A,0.10152543565945171,ret_12m,main,56.2,full,1.0,2026-09-17
1849.0,,010340,易方达高质量严选三年持有,0.10144140944997115,ret_12m,main,70.1,full,1.0,2026-09-17
1850.0,,013661,华安研究领航混合A,0.10132826841260112,ret_12m,main,57.6,full,1.0,2026-09-17
1851.0,,005984,兴业聚华混合A,0.10128821500391094,ret_12m,main,77.9,full,1.0,2026-09-17
1852.0,,008531,惠升惠民混合A,0.10128037728906625,ret_12m,main,78.4,full,1.0,2026-09-17
1853.0,,013960,万家新机遇成长一年持有期混合发起式A,0.10103282923225398,ret_12m,main,57.3,full,1.0,2026-09-17
1854.0,,010728,中泰兴诚价值一年持有混合A,0.10100505300228191,ret_12m,main,67.3,full,1.0,2026-09-17
1855.0,,023780,摩根汇智优选混合A,0.1008075953127292,ret_12m,main,13.9,short,1.0,2026-09-17
1856.0,,229002,宏利逆向策略混合,0.10075008459650348,ret_12m,main,171.8,full,1.0,2026-09-17
1857.0,,021576,平安研究智选混合A,0.10071761077189656,ret_12m,main,24.9,short,1.0,2026-09-17
1858.0,,501032,财通福盛混合发起(LOF)A,0.10069923716409779,ret_12m,main,115.7,full,1.0,2026-09-17
1859.0,,501091,嘉实欣荣混合(LOF)A,0.10066725626845496,ret_12m,main,79.9,full,1.0,2026-09-17
1860.0,,011997,景顺长城安盈回报一年持有混合A,0.10061728257272429,ret_12m,main,63.8,full,1.0,2026-09-17
1861.0,,010781,兴业聚申一年持有期混合A,0.10059716635387805,ret_12m,main,68.8,full,1.0,2026-09-17
1862.0,,010120,九泰久福量化股票A,0.10035249246153466,ret_12m,main,67.9,full,1.0,2026-09-17
1863.0,,009800,长盛制造精选混合A,0.10034554692009379,ret_12m,main,72.7,full,1.0,2026-09-17
1864.0,,000965,汇丰晋信新动力混合A,0.10034393357840843,ret_12m,main,139.2,full,1.0,2026-09-17
1865.0,,501051,圆信永丰汇利混合(LOF),0.10032020316955959,ret_12m,main,105.6,full,1.0,2026-09-17
1866.0,,004686,华夏研究精选股票,0.10028415412039138,ret_12m,main,108.4,full,1.0,2026-09-17
1867.0,,017749,国投瑞银景气驱动混合A,0.1002634865789167,ret_12m,main,42.2,full,1.0,2026-09-17
1868.0,,021859,浙商汇金红利精选混合型发起式A,0.10020179754174019,ret_12m,main,23.9,short,1.0,2026-09-17
1869.0,,002181,华安大安全主题混合A,0.10017967231798663,ret_12m,main,108.8,full,1.0,2026-09-17
1870.0,,015137,国富均衡增长混合A,0.10002995300670414,ret_12m,main,49.5,full,1.0,2026-09-17
1871.0,,011866,广发价值增长混合A,0.09998600686939851,ret_12m,main,63.7,full,1.0,2026-09-17
1872.0,,519021,国泰金鼎价值混合,0.09998256810767647,ret_12m,main,232.8,full,1.0,2026-09-17
1873.0,,024711,中金新锐股票A,0.09991958235529697,ret_12m,main,14.6,short,1.0,2026-09-17
1874.0,,014691,中加量化研选混合A,0.09984758454545672,ret_12m,main,53.2,full,1.0,2026-09-17
1875.0,,019322,中信建投致远混合A,0.09979359012223621,ret_12m,main,31.6,short,1.0,2026-09-17
1876.0,,002449,民生加银量化中国混合A,0.09978942891642983,ret_12m,main,124.0,full,1.0,2026-09-17
1877.0,,014874,惠升惠远回报混合A,0.09977152064390471,ret_12m,main,56.0,full,1.0,2026-09-17
1878.0,,001718,工银物流产业股票A,0.0997404758356677,ret_12m,main,126.6,full,1.0,2026-09-17
1879.0,,017494,东方红多元策略混合C,0.09973040635476482,ret_12m,main,45.4,full,1.0,2026-09-17
1880.0,,021247,兴全红利混合A,0.09962596868326412,ret_12m,main,27.0,short,1.0,2026-09-17
1881.0,,001685,汇添富沪港深新价值股票,0.09941129423166895,ret_12m,main,121.7,full,1.0,2026-09-17
1882.0,,014558,华商品质慧选混合A,0.09936068314382385,ret_12m,main,54.3,full,1.0,2026-09-17
1883.0,,021981,安联中国精选混合A,0.09930100388083485,ret_12m,main,24.4,short,1.0,2026-09-17
1884.0,,013431,华泰柏瑞景气汇选三年持有期混合A,0.09928589110735464,ret_12m,main,56.2,full,1.0,2026-09-17
1885.0,,009199,万家价值优势一年持有期混合,0.09915899761700664,ret_12m,main,75.6,full,1.0,2026-09-17
1886.0,,022164,西部利得央企优选股票A,0.099140440980368,ret_12m,main,21.2,short,1.0,2026-09-17
1887.0,,024640,中欧化工产业混合发起A,0.09902623234951524,ret_12m,main,13.1,short,1.0,2026-09-17
1888.0,,010534,广发均衡增长混合A,0.09877167238540974,ret_12m,main,67.6,full,1.0,2026-09-17
1889.0,,008846,大成民稳增长混合A,0.09852151897068784,ret_12m,main,77.6,full,1.0,2026-09-17
1890.0,,001722,工银银和利混合,0.09818309146858506,ret_12m,main,116.6,full,1.0,2026-09-17
1891.0,,011773,国寿安保璟珹6个月持有混合A,0.09813708511360386,ret_12m,main,62.8,full,1.0,2026-09-17
1892.0,,019600,鹏华智投800混合A,0.09810295672783353,ret_12m,main,31.7,short,1.0,2026-09-17
1893.0,,000663,国投瑞银美丽中国混合A,0.09803647365693036,ret_12m,main,146.8,full,1.0,2026-09-17
1894.0,,501186,华夏兴融混合(LOF)A,0.09800590725575731,ret_12m,main,98.4,full,1.0,2026-09-17
1895.0,,013632,富国利享回报12个月持有混合A,0.09788375227943735,ret_12m,main,52.7,full,1.0,2026-09-17
1896.0,,012669,南方新兴产业混合A,0.09786041962799219,ret_12m,main,54.9,full,1.0,2026-09-17
1897.0,,009576,东方红智远三年持有混合,0.09780187122534811,ret_12m,main,74.8,full,1.0,2026-09-17
1898.0,,009379,中银成长优选股票A,0.09772650986189158,ret_12m,main,65.8,full,1.0,2026-09-17
1899.0,,001645,国泰大健康股票A,0.09769574718690954,ret_12m,main,127.4,full,1.0,2026-09-17
1900.0,,005968,创金合信工业周期股票A,0.09765108449922066,ret_12m,main,100.0,full,1.0,2026-09-17
1901.0,,011107,九泰天兴量化智选A,0.0975871147215388,ret_12m,main,61.2,full,1.0,2026-09-17
1902.0,,012568,天弘高端制造混合A,0.09750519241967015,ret_12m,main,62.1,full,1.0,2026-09-17
1903.0,,310368,申万菱信竞争优势混合A,0.0974266508529471,ret_12m,main,218.4,full,1.0,2026-09-17
1904.0,,012258,天弘鑫悦成长混合A,0.09734640142593709,ret_12m,main,56.6,full,1.0,2026-09-17
1905.0,,012995,嘉实策略视野三年持有期混合,0.09713507785171127,ret_12m,main,56.6,full,1.0,2026-09-17
1906.0,,010008,国联成长优选混合A,0.09712190267733711,ret_12m,main,69.9,full,1.0,2026-09-17
1907.0,,011550,湘财创新成长一年持有期混合A,0.09711753697785452,ret_12m,main,65.8,full,1.0,2026-09-17
1908.0,,070013,嘉实研究精选混合,0.09677213057769696,ret_12m,main,219.7,full,1.0,2026-09-17
1909.0,,019972,海富通产业优选混合A,0.09674003826128152,ret_12m,main,32.8,short,1.0,2026-09-17
1910.0,,163409,兴全绿色投资混合(LOF),0.09665197353763588,ret_12m,main,184.4,full,1.0,2026-09-17
1911.0,,001488,万家瑞丰灵活配置混合A,0.09664973831262569,ret_12m,main,135.0,full,1.0,2026-09-17
1912.0,,005049,长安鑫旺价值混合A,0.09651466430269506,ret_12m,main,107.9,full,1.0,2026-09-17
1913.0,,005855,中科沃土沃瑞混合A,0.09628693284436274,ret_12m,main,92.1,full,1.0,2026-09-17
1914.0,,010275,嘉实优质精选混合A,0.09627364732479338,ret_12m,main,69.3,full,1.0,2026-09-17
1915.0,,014488,国投瑞银产业升级两年持有混合A,0.09621552425821145,ret_12m,main,54.2,full,1.0,2026-09-17
1916.0,,005802,汇添富智能制造股票A,0.09614135007419233,ret_12m,main,100.8,full,1.0,2026-09-17
1917.0,,202007,南方隆元产业主题混合,0.09604425659156313,ret_12m,main,226.1,full,1.0,2026-09-17
1918.0,,481006,工银红利混合,0.09601346600755312,ret_12m,main,230.0,full,1.0,2026-09-17
1919.0,,023404,海富通致远量化选股股票发起A,0.09587598636159034,ret_12m,main,14.8,short,1.0,2026-09-17
1920.0,,009789,富安达科技创新混合A,0.09583393609895574,ret_12m,main,72.0,full,1.0,2026-09-17
1921.0,,016832,东方红锦惠甄选18个月持有混合A,0.09562688713462353,ret_12m,main,43.6,full,1.0,2026-09-17
1922.0,,006259,汇添富红利增长混合A,0.09544723858685211,ret_12m,main,88.7,full,1.0,2026-09-17
1923.0,,001225,中邮趋势精选灵活配置混合A,0.09517080702928427,ret_12m,main,135.7,full,1.0,2026-09-17
1924.0,,002934,泰康恒泰回报混合A,0.09516144344670208,ret_12m,main,122.2,full,1.0,2026-09-17
1925.0,,160813,长盛同盛成长优选(LOF),0.094883562957913,ret_12m,main,141.5,full,1.0,2026-09-17
1926.0,,004657,金鹰民富收益混合A,0.094718611327967,ret_12m,main,65.1,full,1.0,2026-09-17
1927.0,,023386,国泰聚智量化选股混合发起A,0.09457502493392167,ret_12m,main,12.5,short,0.9842,2026-09-17
1928.0,,270007,广发大盘成长混合,0.09451346990114096,ret_12m,main,231.2,full,1.0,2026-09-17
1929.0,,005741,南方君信混合A,0.0945095653207133,ret_12m,main,99.6,full,1.0,2026-09-17
1930.0,,519965,长信量化多策略股票A,0.09447629601604324,ret_12m,main,134.1,full,1.0,2026-09-17
1931.0,,002660,兴业聚源混合A,0.09447143671986669,ret_12m,main,122.6,full,1.0,2026-09-17
1932.0,,001291,大摩量化多策略股票,0.09439888792251527,ret_12m,main,135.5,full,1.0,2026-09-17
1933.0,,002846,泓德泓华混合,0.09431912005685139,ret_12m,main,117.5,full,1.0,2026-09-17
1934.0,,009106,嘉合同顺智选股票A,0.09409401681177942,ret_12m,main,75.9,full,1.0,2026-09-17
1935.0,,121002,国投瑞银景气行业混合,0.09408772922119568,ret_12m,main,268.6,full,1.0,2026-09-17
1936.0,,007674,工银产业升级股票A,0.09400290519025623,ret_12m,main,80.8,full,1.0,2026-09-17
1937.0,,001143,华商量化进取混合,0.09399094601486291,ret_12m,main,137.3,full,1.0,2026-09-17
1938.0,,001172,鹏华弘泽混合A,0.09397400873703976,ret_12m,main,137.1,full,1.0,2026-09-17
1939.0,,014878,华安价值驱动一年持有混合A,0.09374630888783453,ret_12m,main,54.7,full,1.0,2026-09-17
1940.0,,002959,汇添富盈泰混合,0.09366634123444073,ret_12m,main,121.5,full,1.0,2026-09-17
1941.0,,006167,德邦乐享生活混合A,0.09305916162130146,ret_12m,main,90.2,full,1.0,2026-09-17
1942.0,,151002,银河收益混合A,0.09296017602156326,ret_12m,main,277.5,full,1.0,2026-09-17
1943.0,,090001,大成价值增长混合A,0.0928894007507679,ret_12m,main,286.2,full,1.0,2026-09-17
1944.0,,012202,中加消费优选混合A,0.09231385422710514,ret_12m,main,61.2,full,1.0,2026-09-17
1945.0,,019338,创金合信启富优选股票发起A,0.09228321808567141,ret_12m,main,35.9,short,1.0,2026-09-17
1946.0,,015635,汇安价值先锋混合A,0.09221901354744744,ret_12m,main,47.6,full,1.0,2026-09-17
1947.0,,008372,富国阿尔法两年持有期混合,0.09213731569979577,ret_12m,main,80.8,full,1.0,2026-09-17
1948.0,,450011,国富研究精选混合A,0.09213244869894655,ret_12m,main,171.9,full,1.0,2026-09-17
1949.0,,001097,华泰柏瑞积极优选股票A,0.09207773913191297,ret_12m,main,137.8,full,1.0,2026-09-17
1950.0,,011663,华安研究驱动混合A,0.092052207822785,ret_12m,main,59.7,full,1.0,2026-09-17
1951.0,,001126,摩根卓越制造股票A,0.09191099494895671,ret_12m,main,137.1,full,1.0,2026-09-17
1952.0,,012963,招商稳健平衡混合A,0.091884566004379,ret_12m,main,58.9,full,1.0,2026-09-17
1953.0,,017764,大成均衡增长混合A,0.09184871719363619,ret_12m,main,41.9,full,1.0,2026-09-17
1954.0,,000928,国联国企改革混合A,0.09170999325254603,ret_12m,main,141.0,full,1.0,2026-09-17
1955.0,,022702,人保核心智选混合A,0.09170047697720696,ret_12m,main,16.1,short,1.0,2026-09-17
1956.0,,014701,中欧量化动能混合A,0.09157595550022402,ret_12m,main,51.8,full,1.0,2026-09-17
1957.0,,009606,长信稳健精选混合A,0.09137475417814156,ret_12m,main,74.1,full,1.0,2026-09-17
1958.0,,006336,泓德量化精选混合,0.09123953529512208,ret_12m,main,84.4,full,1.0,2026-09-17
1959.0,,010560,永赢稳健增利18个月持有混合A,0.0912340591969798,ret_12m,main,67.7,full,1.0,2026-09-17
1960.0,,550002,中信保诚精萃成长混合A,0.09097647057841907,ret_12m,main,237.7,full,1.0,2026-09-17
1961.0,,001463,光大一带一路混合A,0.09067823767456717,ret_12m,main,134.7,full,1.0,2026-09-17
1962.0,,007733,南方智锐混合A,0.09065869584646968,ret_12m,main,84.0,full,1.0,2026-09-17
1963.0,,009215,易方达瑞川混合A,0.09063113576894177,ret_12m,main,76.8,full,1.0,2026-09-17
1964.0,,000589,光大银发商机混合A,0.09059869548583421,ret_12m,main,148.6,full,1.0,2026-09-17
1965.0,,024786,汇添富港股通红利回报混合发起式A,0.09057008159001234,ret_12m,main,13.4,short,0.996,2026-09-17
1966.0,,004301,国寿安保稳信混合A,0.09055982062165002,ret_12m,main,114.3,full,1.0,2026-09-17
1967.0,,001530,万家瑞富灵活配置混合A,0.0904924323614531,ret_12m,main,117.7,full,1.0,2026-09-17
1968.0,,011820,兴业兴智一年持有期混合A,0.09048999183489825,ret_12m,main,64.3,full,1.0,2026-09-17
1969.0,,009989,华宝研究精选混合,0.09043821127235185,ret_12m,main,72.7,full,1.0,2026-09-17
1970.0,,011296,汇添富优势行业一年持有混合A,0.09019237203465402,ret_12m,main,64.6,full,1.0,2026-09-17
1971.0,,000526,国泰浓益灵活配置混合A,0.09016943730857419,ret_12m,main,150.5,full,1.0,2026-09-17
1972.0,,700003,平安策略先锋混合,0.09008752850988011,ret_12m,main,171.6,full,1.0,2026-09-17
1973.0,,012955,国寿安保稳盛6个月持有混合A,0.0899797480869966,ret_12m,main,61.0,full,1.0,2026-09-17
1974.0,,004335,华宝新飞跃灵活配置混合,0.0899593897225881,ret_12m,main,114.6,full,1.0,2026-09-17
1975.0,,015641,银华数字经济股票发起式A,0.08988446765234226,ret_12m,main,51.9,full,1.0,2026-09-17
1976.0,,000362,国泰聚信价值优势混合A,0.08971568525554319,ret_12m,main,153.0,full,1.0,2026-09-17
1977.0,,014333,工银优势领航混合A,0.08967618535917854,ret_12m,main,53.8,full,1.0,2026-09-17
1978.0,,005630,华安研究精选混合A,0.08956364935530137,ret_12m,main,102.1,full,1.0,2026-09-17
1979.0,,016961,浙商汇金平稳增长一年混合,0.08924288291441651,ret_12m,main,45.8,full,1.0,2026-09-17
1980.0,,006527,富国优质发展混合A,0.08923646169750699,ret_12m,main,91.7,full,1.0,2026-09-17
1981.0,,005618,融通红利机会主题精选混合A,0.08920201327034194,ret_12m,main,101.7,full,1.0,2026-09-17
1982.0,,519755,交银多策略回报灵活配置混合A,0.08913593175709988,ret_12m,main,135.5,full,1.0,2026-09-17
1983.0,,001314,易方达新益混合I,0.08905431195066571,ret_12m,main,135.1,full,1.0,2026-09-17
1984.0,,010885,长盛优势企业精选混合A,0.08901813316397034,ret_12m,main,67.4,full,1.0,2026-09-17
1985.0,,202003,南方绩优成长混合A,0.08892690956433302,ret_12m,main,238.0,full,1.0,2026-09-17
1986.0,,012975,西部利得碳中和混合发起A,0.08883052143152259,ret_12m,main,61.3,full,1.0,2026-09-17
1987.0,,011138,广发聚鸿六个月持有期混合A,0.08881614286885764,ret_12m,main,67.3,full,1.0,2026-09-17
1988.0,,010116,民生加银新兴产业混合A,0.08879145782600872,ret_12m,main,72.0,full,1.0,2026-09-17
1989.0,,018937,财通医药健康混合A,0.08871779314520145,ret_12m,main,29.7,short,1.0,2026-09-17
1990.0,,501063,汇添富悦享两年持有混合,0.08862669229070508,ret_12m,main,91.5,full,1.0,2026-09-17
1991.0,,005262,鑫元欣享灵活配置混合A,0.0885940959857201,ret_12m,main,105.1,full,1.0,2026-09-17
1992.0,,519069,汇添富价值精选混合,0.08857124850021347,ret_12m,main,211.8,full,1.0,2026-09-17
1993.0,,014995,中欧量化先锋混合A,0.08856476543375957,ret_12m,main,55.0,full,1.0,2026-09-17
1994.0,,009686,华夏磐利一年定开混合A,0.0881201295860572,ret_12m,main,73.6,full,1.0,2026-09-17
1995.0,,000747,广发逆向策略混合A,0.08805220231502275,ret_12m,main,144.4,full,1.0,2026-09-17
1996.0,,004390,平安转型创新混合A,0.0879691724977607,ret_12m,main,113.1,full,1.0,2026-09-17
1997.0,,010064,圆信永丰兴研A,0.0879430408513977,ret_12m,main,71.8,full,1.0,2026-09-17
1998.0,,006227,华宝科技先锋混合A,0.08783999851692958,ret_12m,main,91.1,full,1.0,2026-09-17
1999.0,,005955,易方达鑫转添利混合A,0.08781961378156256,ret_12m,main,97.3,full,1.0,2026-09-17
2000.0,,000985,嘉实逆向策略股票,0.08779086989999185,ret_12m,main,139.5,full,1.0,2026-09-17
2001.0,,004604,富国新活力灵活配置混合A,0.08749198540819858,ret_12m,main,111.5,full,1.0,2026-09-17
2002.0,,013200,南方均衡优选一年持有期混合A,0.08744629459661768,ret_12m,main,60.3,full,1.0,2026-09-17
2003.0,,013962,华夏创新视野一年持有混合A,0.08726573607838306,ret_12m,main,58.2,full,1.0,2026-09-17
2004.0,,001910,泰康新机遇混合,0.08719001171238339,ret_12m,main,129.3,full,1.0,2026-09-17
2005.0,,015697,华夏磐润两年定开混合A,0.08718022247968138,ret_12m,main,48.8,full,1.0,2026-09-17
2006.0,,012491,华商核心引力混合A,0.08716803558856578,ret_12m,main,61.7,full,1.0,2026-09-17
2007.0,,450001,国富中国收益混合A,0.08663002311805701,ret_12m,main,255.5,full,1.0,2026-09-17
2008.0,,410003,华富成长趋势混合A,0.0865388657119659,ret_12m,main,234.0,full,1.0,2026-09-17
2009.0,,000433,安信鑫发优选混合A,0.08646219345610229,ret_12m,main,152.5,full,1.0,2026-09-17
2010.0,,008640,方正富邦科技创新A,0.08622484413321141,ret_12m,main,79.9,full,1.0,2026-09-17
2011.0,,001692,南方国策动力,0.08620774611533455,ret_12m,main,132.7,full,1.0,2026-09-17
2012.0,,006013,易方达鑫转招利混合A,0.08604436009736838,ret_12m,main,91.6,full,1.0,2026-09-17
2013.0,,017606,华泰柏瑞轮动精选混合A,0.0860320078446064,ret_12m,main,40.4,full,1.0,2026-09-17
2014.0,,011851,天弘先进制造混合A,0.08588172041857511,ret_12m,main,64.9,full,1.0,2026-09-17
2015.0,,002585,建信兴利灵活配置混合A,0.08587509312616892,ret_12m,main,123.3,full,1.0,2026-09-17
2016.0,,005840,富国产业驱动混合A,0.08585012596330355,ret_12m,main,94.1,full,1.0,2026-09-17
2017.0,,015696,农银绿色能源混合,0.08561603612008128,ret_12m,main,49.5,full,1.0,2026-09-17
2018.0,,014261,摩根沃享远见一年持有期混合A,0.08559534527887402,ret_12m,main,55.7,full,1.0,2026-09-17
2019.0,,519975,长信量化中小盘股票A,0.08553690377478307,ret_12m,main,139.4,full,1.0,2026-09-17
2020.0,,014799,工银招瑞一年持有混合A,0.08541358178922187,ret_12m,main,55.7,full,1.0,2026-09-17
2021.0,,008244,上银鑫卓混合A,0.08537062081438362,ret_12m,main,79.9,full,1.0,2026-09-17
2022.0,,017650,中庚港股通价值股票,0.08528964290130081,ret_12m,main,44.2,full,1.0,2026-09-17
2023.0,,015769,天弘低碳经济混合A,0.08526484911323307,ret_12m,main,50.7,full,1.0,2026-09-17
2024.0,,519198,万家颐和灵活配置混合A,0.08495048239444802,ret_12m,main,122.8,full,1.0,2026-09-17
2025.0,,012443,招商瑞鸿6个月持有混合A,0.08485564550106606,ret_12m,main,56.9,full,1.0,2026-09-17
2026.0,,012880,国泰景气优选混合A,0.08482839620899463,ret_12m,main,58.3,full,1.0,2026-09-17
2027.0,,023761,广发智选启航混合A,0.08455878703669861,ret_12m,main,15.0,short,1.0,2026-09-17
2028.0,,161005,富国天惠成长混合(LOF)A,0.08454570574070219,ret_12m,main,250.0,full,1.0,2026-09-17
2029.0,,070001,嘉实成长收益混合A,0.08451681096765862,ret_12m,main,286.4,full,1.0,2026-09-17
2030.0,,360011,光大动态优选灵活配置混合A,0.08423183991556837,ret_12m,main,202.6,full,1.0,2026-09-17
2031.0,,009885,新华景气行业混合A,0.08422551958613345,ret_12m,main,71.7,full,1.0,2026-09-17
2032.0,,009951,广发稳健回报混合A,0.08417692560001133,ret_12m,main,73.0,full,1.0,2026-09-17
2033.0,,006992,嘉合锦创优势精选混合,0.08408144672206297,ret_12m,main,89.1,full,1.0,2026-09-17
2034.0,,017769,博时信享一年持有期混合A,0.0838505556857525,ret_12m,main,42.3,full,1.0,2026-09-17
2035.0,,010690,万家互联互通核心资产量化A,0.08379171124923301,ret_12m,main,65.8,full,1.0,2026-09-17
2036.0,,021915,博道大盘价值股票A,0.08372386331627646,ret_12m,main,21.5,short,1.0,2026-09-17
2037.0,,011194,广发睿铭两年持有期混合A,0.08369058999176104,ret_12m,main,64.9,full,1.0,2026-09-17
2038.0,,021187,摩根红利优选股票A,0.08354123711174322,ret_12m,main,25.6,short,1.0,2026-09-17
2039.0,,009840,东财量化精选A,0.08336452447021281,ret_12m,main,73.6,full,1.0,2026-09-17
2040.0,,001122,鹏华弘利混合A,0.0833386437823822,ret_12m,main,138.2,full,1.0,2026-09-17
2041.0,,009932,永赢稳健增长一年持有混合A,0.08306801337719816,ret_12m,main,73.2,full,1.0,2026-09-17
2042.0,,200007,长城安心回报混合A,0.08304226802837622,ret_12m,main,240.9,full,1.0,2026-09-17
2043.0,,009810,易方达悦通一年持有期混合A,0.08304156932212536,ret_12m,main,69.0,full,1.0,2026-09-17
2044.0,,004756,国寿安保稳吉混合A,0.08292894621787084,ret_12m,main,104.7,full,1.0,2026-09-17
2045.0,,012991,大成民享安盈一年持有混合A,0.0828904664235588,ret_12m,main,54.2,full,1.0,2026-09-17
2046.0,,013465,博时智选量化多因子股票A,0.08233548560361426,ret_12m,main,58.5,full,1.0,2026-09-17
2047.0,,013603,易方达均衡优选一年持有混合A,0.08231861541525287,ret_12m,main,51.7,full,1.0,2026-09-17
2048.0,,009391,汇添富优质成长混合A,0.0822826184164005,ret_12m,main,75.8,full,1.0,2026-09-17
2049.0,,000507,宏利宏达混合A,0.08225752489184979,ret_12m,main,150.4,full,1.0,2026-09-17
2050.0,,007835,国泰鑫睿混合,0.08222842396479124,ret_12m,main,82.1,full,1.0,2026-09-17
2051.0,,023106,光大红利量化混合A,0.08221551021141682,ret_12m,main,17.8,short,1.0,2026-09-17
2052.0,,010963,信澳周期动力混合A,0.08219948052542203,ret_12m,main,68.6,full,1.0,2026-09-17
2053.0,,024443,华夏瑞享回报混合A,0.08197362462719537,ret_12m,main,14.9,short,0.9644,2026-09-17
2054.0,,420001,天弘精选混合A,0.08185910301176591,ret_12m,main,251.3,full,1.0,2026-09-17
2055.0,,011212,富国稳健策略6个月持有混合A,0.08185825056839646,ret_12m,main,67.2,full,1.0,2026-09-17
2056.0,,010861,长信企业优选一年持有混合,0.08170641942873424,ret_12m,main,66.3,full,1.0,2026-09-17
2057.0,,010984,国寿安保稳安混合A,0.0814672262735261,ret_12m,main,64.4,full,1.0,2026-09-17
2058.0,,010333,华夏核心资产混合A,0.08142931756137095,ret_12m,main,67.6,full,1.0,2026-09-17
2059.0,,018626,富国兴享回报6个月持有期混合A,0.0814133374341024,ret_12m,main,37.8,full,1.0,2026-09-17
2060.0,,010738,大成优选升级一年持有混合A,0.08136575151149605,ret_12m,main,68.8,full,1.0,2026-09-17
2061.0,,016676,南方君誉混合A,0.08132570231308467,ret_12m,main,46.1,full,1.0,2026-09-17
2062.0,,010694,万家内需增长一年持有混合,0.08115571818942291,ret_12m,main,66.5,full,1.0,2026-09-17
2063.0,,022211,人保红利智享混合A,0.08115066519127456,ret_12m,main,21.5,short,1.0,2026-09-17
2064.0,,012214,民生加银核心资产股票A,0.08102830709215736,ret_12m,main,58.4,full,1.0,2026-09-17
2065.0,,021973,天弘优势企业混合发起A,0.08102281519632948,ret_12m,main,25.0,short,1.0,2026-09-17
2066.0,,010610,摩根远见两年持有期混合,0.08098012126464171,ret_12m,main,68.2,full,1.0,2026-09-17
2067.0,,004671,国联核心成长,0.08097035960505039,ret_12m,main,107.6,full,1.0,2026-09-17
2068.0,,000993,华宝稳健回报混合,0.08092153786550949,ret_12m,main,137.7,full,1.0,2026-09-17
2069.0,,025599,国泰海通新锐量化选股混合C,0.08071116436786951,ret_12m,main,46.6,full,0.996,2026-09-17
2070.0,,017549,平安策略回报混合A,0.08051864036659362,ret_12m,main,37.1,full,1.0,2026-09-17
2071.0,,001815,华泰柏瑞激励动力混合A,0.08027487585783422,ret_12m,main,130.7,full,1.0,2026-09-17
2072.0,,011554,海富通欣利混合A,0.0802539787302563,ret_12m,main,60.1,full,1.0,2026-09-17
2073.0,,001780,诺安改革趋势混合A,0.08020238493073895,ret_12m,main,108.6,full,1.0,2026-09-17
2074.0,,002133,广发鑫益混合,0.08007925179444975,ret_12m,main,118.0,full,1.0,2026-09-17
2075.0,,009043,九泰久信量化股票,0.07987797505027272,ret_12m,main,75.9,full,1.0,2026-09-17
2076.0,,022846,富国景气优选混合A,0.07980025195438589,ret_12m,main,18.0,short,1.0,2026-09-17
2077.0,,010640,财通稳进回报6个月持有混合A,0.07965356495726028,ret_12m,main,58.2,full,1.0,2026-09-17
2078.0,,001422,景顺长城安享回报混合A,0.07961102778970619,ret_12m,main,135.1,full,1.0,2026-09-17
2079.0,,000508,宏利宏达混合B,0.07957965599250016,ret_12m,main,150.4,full,1.0,2026-09-17
2080.0,,016547,大成盛享一年持有混合A,0.07940430351016947,ret_12m,main,42.7,full,1.0,2026-09-17
2081.0,,000646,华润元大量化优选混合A,0.0793793090238788,ret_12m,main,145.0,full,1.0,2026-09-17
2082.0,,000172,华泰柏瑞量化增强混合A,0.07931333456485978,ret_12m,main,157.5,full,1.0,2026-09-17
2083.0,,070010,嘉实主题混合,0.07911002646853604,ret_12m,main,241.9,full,1.0,2026-09-17
2084.0,,019124,博道红利智航股票A,0.07892230006830148,ret_12m,main,34.6,short,1.0,2026-09-17
2085.0,,010881,南方宝顺混合A,0.07880320964382537,ret_12m,main,65.8,full,1.0,2026-09-17
2086.0,,014031,南方发展机遇一年持有混合A,0.07874607495367592,ret_12m,main,54.3,full,1.0,2026-09-17
2087.0,,690011,民生加银积极成长混合发起式,0.07862319198339951,ret_12m,main,163.5,full,1.0,2026-09-17
2088.0,,000535,长盛航天海工混合A,0.07859610532111061,ret_12m,main,150.2,full,1.0,2026-09-17
2089.0,,002137,诺安利鑫灵活配置混合A,0.07858032397069947,ret_12m,main,129.5,full,1.0,2026-09-17
2090.0,,005947,德邦民裕进取量化混合A,0.07852405348318081,ret_12m,main,98.9,full,1.0,2026-09-17
2091.0,,018217,博时厚泽匠选一年持有期混合A,0.07850193767290015,ret_12m,main,40.7,full,1.0,2026-09-17
2092.0,,000314,招商瑞丰灵活配置混合发起式A,0.07831582469568654,ret_12m,main,154.3,full,1.0,2026-09-17
2093.0,,020864,银华嘉选平衡混合发起式A,0.07830960966881095,ret_12m,main,26.9,short,1.0,2026-09-17
2094.0,,001256,泓德优选成长混合,0.07830642199232907,ret_12m,main,135.9,full,1.0,2026-09-17
2095.0,,005123,南方优享分红混合A,0.07824788206763067,ret_12m,main,105.4,full,1.0,2026-09-17
2096.0,,019521,景顺长城价值发现混合A1,0.0781369170377797,ret_12m,main,34.6,short,1.0,2026-09-17
2097.0,,015519,安信远见稳进一年持有混合A,0.07812949732795516,ret_12m,main,26.0,short,1.0,2026-09-17
2098.0,,011410,中信建投量化进取A,0.07803201780639935,ret_12m,main,66.3,full,1.0,2026-09-17
2099.0,,004724,先锋聚元灵活配置混合A,0.07786371246312118,ret_12m,main,106.0,full,1.0,2026-09-17
2100.0,,008308,华夏见龙精选混合,0.07768979328340553,ret_12m,main,76.1,full,1.0,2026-09-17
2101.0,,005474,泰康均衡优选混合A,0.0776221169883835,ret_12m,main,103.9,full,1.0,2026-09-17
2102.0,,011692,华安研究智选混合A,0.07754317793978749,ret_12m,main,61.2,full,1.0,2026-09-17
2103.0,,008317,光大睿盈混合A,0.0774424557011264,ret_12m,main,60.5,full,1.0,2026-09-17
2104.0,,013914,大成红利优选一年持有混合发起A,0.07741838280314961,ret_12m,main,46.2,full,1.0,2026-09-17
2105.0,,001562,易方达瑞和灵活配置混合,0.07733146082344611,ret_12m,main,103.5,full,1.0,2026-09-17
2106.0,,161834,银华鑫锐灵活配置混合(LOF)A,0.07702518142888626,ret_12m,main,121.5,full,1.0,2026-09-17
2107.0,,014016,中信建投品质优选一年持有A,0.07698705521376237,ret_12m,main,53.7,full,1.0,2026-09-17
2108.0,,022572,汇添富弘达回报混合发起式A,0.0767219868238489,ret_12m,main,16.1,short,1.0,2026-09-17
2109.0,,003476,南方安颐混合,0.07646355347954148,ret_12m,main,117.1,full,1.0,2026-09-17
2110.0,,021046,平安港股通红利精选混合发起式A,0.07646271072086908,ret_12m,main,29.7,short,1.0,2026-09-17
2111.0,,011703,中金鑫瑞优选一年持有混合,0.0761721499219623,ret_12m,main,62.2,full,1.0,2026-09-17
2112.0,,017835,信澳匠心回报混合A,0.07613055660210111,ret_12m,main,35.8,short,1.0,2026-09-17
2113.0,,010706,景顺长城景骊成长混合A,0.07607744155967366,ret_12m,main,64.4,full,1.0,2026-09-17
2114.0,,017038,富国中证1000优选股票A,0.0760763236054729,ret_12m,main,45.8,full,1.0,2026-09-17
2115.0,,009137,嘉实瑞和两年持有期混合,0.07602788076826195,ret_12m,main,77.3,full,1.0,2026-09-17
2116.0,,024455,银华成长智选混合A,0.0757973773823497,ret_12m,main,14.9,short,0.9644,2026-09-17
2117.0,,015718,财通资管均衡臻选混合A,0.07573230825828903,ret_12m,main,46.1,full,1.0,2026-09-17
2118.0,,005005,中金瑞安混合发起A,0.07570561169305834,ret_12m,main,108.5,full,1.0,2026-09-17
2119.0,,020985,汇安景气成长混合A,0.07553724961584218,ret_12m,main,19.3,short,1.0,2026-09-17
2120.0,,015143,中欧智能制造混合A,0.07529680809248185,ret_12m,main,53.9,full,1.0,2026-09-17
2121.0,,001384,东方新思路混合A,0.07529438258533627,ret_12m,main,134.8,full,1.0,2026-09-17
2122.0,,012475,平安优质企业混合A,0.07526402066002658,ret_12m,main,62.0,full,1.0,2026-09-17
2123.0,,005815,农银汇理睿选灵活配置混合,0.07525910722058149,ret_12m,main,99.8,full,1.0,2026-09-17
2124.0,,050007,博时平衡配置混合,0.07513108523265166,ret_12m,main,243.6,full,1.0,2026-09-17
2125.0,,011649,易方达逆向投资混合A,0.0750907876545377,ret_12m,main,65.5,full,1.0,2026-09-17
2126.0,,519616,银河君信混合A,0.07504992404293453,ret_12m,main,120.3,full,1.0,2026-09-17
2127.0,,021515,汇添富红利智选混合发起式A,0.07491237486749913,ret_12m,main,23.7,short,1.0,2026-09-17
2128.0,,005477,长安鑫禧灵活配置混合A,0.07485908240921813,ret_12m,main,103.3,full,1.0,2026-09-17
2129.0,,010902,博时成长领航混合A,0.07472510045914382,ret_12m,main,67.8,full,1.0,2026-09-17
2130.0,,320011,诺安中小盘精选混合A,0.07468109866373918,ret_12m,main,196.7,full,1.0,2026-09-17
2131.0,,018038,富国融裕两年持有期混合A,0.07457701401248418,ret_12m,main,36.6,full,1.0,2026-09-17
2132.0,,021049,易方达高股息量化选股股票发起式A,0.07446482224564366,ret_12m,main,16.4,short,1.0,2026-09-17
2133.0,,008811,鹏华科技创新混合,0.07431671227830683,ret_12m,main,80.1,full,1.0,2026-09-17
2134.0,,090006,大成2020生命周期混合A,0.07427974372885648,ret_12m,main,240.1,full,1.0,2026-09-17
2135.0,,018750,山证资管精选行业混合发起式A,0.07426739287955164,ret_12m,main,32.7,short,1.0,2026-09-17
2136.0,,011064,南方誉享一年持有期混合A,0.07416106113056431,ret_12m,main,65.3,full,1.0,2026-09-17
2137.0,,015902,博时优质精选混合A,0.07415641411755947,ret_12m,main,48.9,full,1.0,2026-09-17
2138.0,,013575,鹏扬品质精选混合A,0.07405258484308552,ret_12m,main,53.8,full,1.0,2026-09-17
2139.0,,003751,万家瑞隆混合A,0.07403308385607388,ret_12m,main,117.6,full,1.0,2026-09-17
2140.0,,008178,同泰慧盈混合A,0.07401702159060242,ret_12m,main,81.7,full,1.0,2026-09-17
2141.0,,011708,中欧嘉益一年持有期混合A,0.07390764707980879,ret_12m,main,64.4,full,1.0,2026-09-17
2142.0,,010731,广发创新医疗两年持有混合A,0.07385735654301984,ret_12m,main,66.0,full,1.0,2026-09-17
2143.0,,161233,国投瑞银瑞泰多策略混合A,0.07367821480860881,ret_12m,main,115.8,full,1.0,2026-09-17
2144.0,,011849,西部利得量化价值一年持有期混合,0.07358449243867171,ret_12m,main,48.4,full,1.0,2026-09-17
2145.0,,020803,东方红量化选股混合发起A,0.07346880554440216,ret_12m,main,27.9,short,1.0,2026-09-17
2146.0,,014024,华富卓越成长一年持有期混合A,0.07345251542359654,ret_12m,main,56.1,full,1.0,2026-09-17
2147.0,,004737,富国新优享灵活配置混合A,0.07343223096815232,ret_12m,main,109.3,full,1.0,2026-09-17
2148.0,,013616,广发睿智两年持有期混合发起式A,0.07328754113631941,ret_12m,main,47.0,full,1.0,2026-09-17
2149.0,,010230,南方宝昌混合A,0.0732430868281333,ret_12m,main,55.9,full,1.0,2026-09-17
2150.0,,008618,永赢医药健康A,0.07316131072156717,ret_12m,main,75.9,full,1.0,2026-09-17
2151.0,,013067,富安达中小盘六个月持有混合发起,0.07305617608249171,ret_12m,main,60.3,full,1.0,2026-09-17
2152.0,,290006,泰信蓝筹精选混合,0.07302595616852714,ret_12m,main,208.9,full,1.0,2026-09-17
2153.0,,501208,中欧创新未来混合(LOF),0.07290265098700344,ret_12m,main,71.3,full,1.0,2026-09-17
2154.0,,050018,博时行业轮动混合,0.07285350221758558,ret_12m,main,189.2,full,1.0,2026-09-17
2155.0,,163823,中银稳健策略混合,0.07284034899319036,ret_12m,main,167.9,full,1.0,2026-09-17
2156.0,,010904,博时双季鑫6个月持有混合A,0.07283724019223281,ret_12m,main,67.9,full,1.0,2026-09-17
2157.0,,013624,嘉实价值创造三年持有期混合A,0.07282407966700721,ret_12m,main,54.5,full,1.0,2026-09-17
2158.0,,014199,建信沃信一年持有混合A,0.07278950937500195,ret_12m,main,55.9,full,1.0,2026-09-17
2159.0,,003295,南方安裕混合A,0.07275811435277846,ret_12m,main,118.0,full,1.0,2026-09-17
2160.0,,519738,交银周期回报灵活配置混合A,0.07273067899573982,ret_12m,main,147.9,full,1.0,2026-09-17
2161.0,,018434,嘉实均衡配置混合,0.07262584336288191,ret_12m,main,35.9,short,1.0,2026-09-17
2162.0,,011160,富国质量成长6个月持有混合A,0.07236223410018772,ret_12m,main,65.8,full,1.0,2026-09-17
2163.0,,012945,南方宝裕混合A,0.07224900002999757,ret_12m,main,54.7,full,1.0,2026-09-17
2164.0,,011743,华夏兴源稳健一年持有混合A,0.07221830752063663,ret_12m,main,62.8,full,1.0,2026-09-17
2165.0,,012023,兴业聚乾混合A,0.07218547095118089,ret_12m,main,61.6,full,1.0,2026-09-17
2166.0,,166007,中欧互通精选混合A,0.0720862998874574,ret_12m,main,194.8,full,1.0,2026-09-17
2167.0,,002222,嘉实新趋势混合A,0.07198537924892334,ret_12m,main,125.3,full,1.0,2026-09-17
2168.0,,013998,中欧瑾添混合A,0.07190876765686705,ret_12m,main,58.3,full,1.0,2026-09-17
2169.0,,015657,富荣研究优选混合A,0.07186893899128521,ret_12m,main,35.9,short,1.0,2026-09-17
2170.0,,003882,易方达瑞弘混合A,0.07182353218933124,ret_12m,main,116.2,full,1.0,2026-09-17
2171.0,,015160,南方宝嘉混合A,0.07181173903703142,ret_12m,main,50.7,full,1.0,2026-09-17
2172.0,,000667,工银绝对收益混合发起A,0.07165660864488821,ret_12m,main,146.7,full,1.0,2026-09-17
2173.0,,012744,光大品质生活混合A,0.0716355773633548,ret_12m,main,62.0,full,1.0,2026-09-17
2174.0,,010868,华宝安盈混合A,0.07162592807245027,ret_12m,main,63.3,full,1.0,2026-09-17
2175.0,,009796,大成汇享一年持有混合A,0.07162499730110672,ret_12m,main,72.4,full,1.0,2026-09-17
2176.0,,260101,景顺长城优选混合,0.07157063449643175,ret_12m,main,274.8,full,1.0,2026-09-17
2177.0,,004209,大成智惠量化多策略混合A,0.07150724101914929,ret_12m,main,113.9,full,1.0,2026-09-17
2178.0,,014317,广发价值领航一年持有混合A,0.07125457550652703,ret_12m,main,51.5,full,1.0,2026-09-17
2179.0,,007388,摩根研究驱动股票A,0.07122787213964421,ret_12m,main,75.2,full,1.0,2026-09-17
2180.0,,166107,信澳量化多因子混合(LOF)A,0.07109471229754893,ret_12m,main,82.4,full,1.0,2026-09-17
2181.0,,160916,大成优选混合(LOF)A,0.07108733701160874,ret_12m,main,168.6,full,1.0,2026-09-17
2182.0,,008085,海富通先进制造股票A,0.07100425076650896,ret_12m,main,81.0,full,1.0,2026-09-17
2183.0,,014513,金鹰远见优选混合A,0.07098049712658261,ret_12m,main,50.9,full,1.0,2026-09-17
2184.0,,022748,平安港股通红利优选混合A,0.07086795339045726,ret_12m,main,20.7,short,1.0,2026-09-17
2185.0,,011052,鹏华弘裕一年持有期混合A,0.07079213747744273,ret_12m,main,67.4,full,1.0,2026-09-17
2186.0,,007415,南方致远混合A,0.07071093943472362,ret_12m,main,87.6,full,1.0,2026-09-17
2187.0,,001433,易方达瑞景混合,0.07057896227364746,ret_12m,main,134.6,full,1.0,2026-09-17
2188.0,,001760,嘉实创新成长混合,0.07052709116153877,ret_12m,main,127.4,full,1.0,2026-09-17
2189.0,,008576,财通碳中和一年持有混合A,0.07041353822806795,ret_12m,main,42.6,full,1.0,2026-09-17
2190.0,,010072,方正富邦策略精选A,0.07032547680395718,ret_12m,main,69.5,full,1.0,2026-09-17
2191.0,,009887,广发稳健优选六个月持有期混合A,0.07031913163637316,ret_12m,main,73.4,full,1.0,2026-09-17
2192.0,,620004,金元顺安价值增长混合,0.07024834357418297,ret_12m,main,204.2,full,1.0,2026-09-17
2193.0,,001183,南方利淘A,0.07022289276303373,ret_12m,main,137.0,full,1.0,2026-09-17
2194.0,,014347,富国趋势优先混合A,0.07020995605385472,ret_12m,main,55.7,full,1.0,2026-09-17
2195.0,,013623,湘财周期轮动一年持有混合,0.07018368587138979,ret_12m,main,58.4,full,1.0,2026-09-17
2196.0,,009246,大摩ESG量化混合A,0.07014108237043581,ret_12m,main,74.1,full,1.0,2026-09-17
2197.0,,010725,鹏华安享一年持有期混合A,0.07005938540096768,ret_12m,main,68.3,full,1.0,2026-09-17
2198.0,,010314,大摩内需增长混合A,0.07002166184850522,ret_12m,main,69.0,full,1.0,2026-09-17
2199.0,,012998,招商稳旺混合A,0.06980938461464548,ret_12m,main,54.1,full,1.0,2026-09-17
2200.0,,162202,宏利周期混合,0.0697992391650315,ret_12m,main,280.8,full,1.0,2026-09-17
2201.0,,002808,泓德优势领航混合,0.06977804748439498,ret_12m,main,116.9,full,1.0,2026-09-17
2202.0,,002135,广发鑫源混合A,0.06973770828868142,ret_12m,main,118.5,full,1.0,2026-09-17
2203.0,,393001,中海优势精选灵活配置混合,0.06970817159334541,ret_12m,main,170.9,full,1.0,2026-09-17
2204.0,,180018,银华和谐主题混合A,0.06958862906242347,ret_12m,main,208.7,full,1.0,2026-09-17
2205.0,,019421,华安远见慧选混合发起式A1,0.06958053291819866,ret_12m,main,33.4,short,1.0,2026-09-17
2206.0,,010924,博时双季鑫6个月持有混合B,0.06951656130552752,ret_12m,main,67.9,full,1.0,2026-09-17
2207.0,,012334,上银慧尚6个月持有期混合A,0.06950022361088104,ret_12m,main,57.3,full,1.0,2026-09-17
2208.0,,001249,易方达新利灵活配置混合,0.06937243443804308,ret_12m,main,136.6,full,1.0,2026-09-17
2209.0,,010615,国金自主创新混合A,0.06934878936647348,ret_12m,main,67.9,full,1.0,2026-09-17
2210.0,,021431,景顺长城精锐成长混合A,0.06933329262049037,ret_12m,main,19.7,short,1.0,2026-09-17
2211.0,,001222,鹏华外延成长混合,0.06928482734341901,ret_12m,main,136.0,full,1.0,2026-09-17
2212.0,,014329,国联优势产业混合A,0.06927042875743483,ret_12m,main,55.7,full,1.0,2026-09-17
2213.0,,519979,长信内需成长混合A,0.06920963851717188,ret_12m,main,178.9,full,1.0,2026-09-17
2214.0,,160919,大成产业升级股票(LOF)A,0.06912658815942319,ret_12m,main,140.7,full,1.0,2026-09-17
2215.0,,012155,汇添富成长先锋六个月持有混合A,0.0690353890369535,ret_12m,main,61.5,full,1.0,2026-09-17
2216.0,,519736,交银新成长混合,0.06879405167378949,ret_12m,main,148.3,full,1.0,2026-09-17
2217.0,,000841,富国新回报灵活配置混合A/B,0.06858819479854117,ret_12m,main,141.7,full,1.0,2026-09-17
2218.0,,013765,平安恒泰1年持有混合A,0.06858623592434787,ret_12m,main,54.8,full,1.0,2026-09-17
2219.0,,070003,嘉实稳健混合,0.06853299708924654,ret_12m,main,278.3,full,1.0,2026-09-17
2220.0,,010452,广发瑞福精选混合A,0.06848049732052175,ret_12m,main,70.2,full,1.0,2026-09-17
2221.0,,014827,汇泉启元未来混合发起式A,0.06840447936106431,ret_12m,main,36.4,full,1.0,2026-09-17
2222.0,,017619,鑫元添鑫回报6个月持有期混合A,0.06836642721230413,ret_12m,main,42.2,full,1.0,2026-09-17
2223.0,,021814,华泰柏瑞红利量化选股混合A,0.06827343631646743,ret_12m,main,19.7,short,1.0,2026-09-17
2224.0,,018714,平安新鑫优选混合A,0.06815616575523675,ret_12m,main,37.1,full,1.0,2026-09-17
2225.0,,519019,大成景阳领先混合A,0.06804725575062753,ret_12m,main,224.0,full,1.0,2026-09-17
2226.0,,450010,国富策略回报混合A,0.06785069613973982,ret_12m,main,181.5,full,1.0,2026-09-17
2227.0,,519656,银河灵活配置混合A,0.06781568151815542,ret_12m,main,151.2,full,1.0,2026-09-17
2228.0,,620001,金元顺安宝石动力混合,0.06776770126175058,ret_12m,main,229.1,full,1.0,2026-09-17
2229.0,,024429,东方红核心价值混合A,0.06762571691253982,ret_12m,main,15.4,short,0.9921,2026-09-17
2230.0,,000866,华宝制造股票,0.06749939732694199,ret_12m,main,141.2,full,1.0,2026-09-17
2231.0,,011246,嘉实阿尔法优选混合A,0.06737672960254848,ret_12m,main,66.1,full,1.0,2026-09-17
2232.0,,001280,银华聚利灵活配置混合A,0.06733108248451036,ret_12m,main,136.1,full,1.0,2026-09-17
2233.0,,001166,建信环保产业股票A,0.06731704686790163,ret_12m,main,136.9,full,1.0,2026-09-17
2234.0,,012412,汇泉策略优选混合A,0.06726565853417088,ret_12m,main,61.9,full,1.0,2026-09-17
2235.0,,017060,兴业聚福一年持有期混合A,0.06711805216862032,ret_12m,main,42.8,full,1.0,2026-09-17
2236.0,,420005,天弘周期策略混合A,0.06705809583397127,ret_12m,main,201.0,full,1.0,2026-09-17
2237.0,,000165,国投瑞银策略精选混合,0.06689116105232507,ret_12m,main,155.7,full,1.0,2026-09-17
2238.0,,590006,中邮中小盘灵活配置混合A,0.06688626113088247,ret_12m,main,184.3,full,1.0,2026-09-17
2239.0,,017964,招商匠心优选混合A,0.06688250371126836,ret_12m,main,40.5,full,1.0,2026-09-17
2240.0,,016265,中信建投趋势领航两年持有混合A,0.06685441154292215,ret_12m,main,47.2,full,1.0,2026-09-17
2241.0,,012346,易方达港股通成长混合A,0.06666380578674769,ret_12m,main,60.6,full,1.0,2026-09-17
2242.0,,002159,东吴国企改革主题灵活配置混合A,0.06662838298500451,ret_12m,main,128.6,full,1.0,2026-09-17
2243.0,,011913,华夏永泓一年持有混合A,0.06659983656949398,ret_12m,main,59.6,full,1.0,2026-09-17
2244.0,,011498,富国沪深300基本面精选股票A,0.0665639016775732,ret_12m,main,63.5,full,1.0,2026-09-17
2245.0,,001695,泓德泓业混合,0.06654626883268122,ret_12m,main,132.7,full,1.0,2026-09-17
2246.0,,001135,益民品质升级混合A,0.06648554419125685,ret_12m,main,136.4,full,1.0,2026-09-17
2247.0,,016570,嘉实价值丰润混合A,0.06643691819372366,ret_12m,main,47.7,full,1.0,2026-09-17
2248.0,,001721,工银新增益混合,0.06642474991407421,ret_12m,main,116.6,full,1.0,2026-09-17
2249.0,,004693,前海联合泳隽混合A,0.06579625507555953,ret_12m,main,103.6,full,1.0,2026-09-17
2250.0,,010843,富国天润回报混合A,0.06575801410284399,ret_12m,main,66.5,full,1.0,2026-09-17
2251.0,,217009,招商核心价值混合,0.06560167410571682,ret_12m,main,233.6,full,1.0,2026-09-17
2252.0,,217010,招商大盘蓝筹混合,0.06554068441381666,ret_12m,main,218.9,full,1.0,2026-09-17
2253.0,,012123,招商金安成长严选混合,0.06541801606534126,ret_12m,main,63.2,full,1.0,2026-09-17
2254.0,,001265,国泰兴益灵活配置混合A,0.06517164468889547,ret_12m,main,136.1,full,1.0,2026-09-17
2255.0,,000432,中银优秀企业混合A,0.0648813221429212,ret_12m,main,151.6,full,1.0,2026-09-17
2256.0,,519156,新华行业灵活配置混合A,0.06482288634241207,ret_12m,main,159.4,full,1.0,2026-09-17
2257.0,,015373,浙商智选新兴产业混合A,0.06471431662607263,ret_12m,main,51.8,full,1.0,2026-09-17
2258.0,,010539,浙商智多金稳健一年持有期A,0.06470112064672495,ret_12m,main,62.8,full,1.0,2026-09-17
2259.0,,003026,安信新价值混合A,0.06466522511154849,ret_12m,main,120.9,full,1.0,2026-09-17
2260.0,,003142,鹏华弘达混合A,0.06465813156104949,ret_12m,main,121.2,full,1.0,2026-09-17
2261.0,,270025,广发行业领先混合A,0.0645723926394901,ret_12m,main,189.8,full,1.0,2026-09-17
2262.0,,008356,中加科丰价值精选混合,0.06456652011037534,ret_12m,main,76.3,full,1.0,2026-09-17
2263.0,,470006,汇添富医药保健混合,0.0644603519583109,ret_12m,main,191.9,full,1.0,2026-09-17
2264.0,,022488,浦银红利量化混合A,0.06444312254224682,ret_12m,main,21.6,short,1.0,2026-09-17
2265.0,,005177,华夏睿磐泰利混合A,0.06430639321787424,ret_12m,main,104.7,full,1.0,2026-09-17
2266.0,,015133,华安鼎安优选一年持有混合A,0.06425155672476279,ret_12m,main,51.5,full,1.0,2026-09-17
2267.0,,014148,景顺长城安鼎一年持有期混合A,0.06409187936617933,ret_12m,main,57.5,full,1.0,2026-09-17
2268.0,,010423,国投瑞银价值成长一年持有混合A,0.06384559192566908,ret_12m,main,69.5,full,1.0,2026-09-17
2269.0,,288002,华夏收入混合,0.06366596725421991,ret_12m,main,250.0,full,1.0,2026-09-17
2270.0,,018635,嘉实稳健增利6个月持有混合A,0.06348299480726638,ret_12m,main,31.8,short,1.0,2026-09-17
2271.0,,013260,太平睿享混合A,0.06343601536555532,ret_12m,main,60.0,full,1.0,2026-09-17
2272.0,,012406,永赢长远价值混合A,0.06340865182401312,ret_12m,main,60.1,full,1.0,2026-09-17
2273.0,,009774,财通资管优选回报一年持有期混合,0.06336784553532615,ret_12m,main,72.5,full,1.0,2026-09-17
2274.0,,000843,富国新回报灵活配置混合C,0.06335840908181467,ret_12m,main,141.7,full,1.0,2026-09-17
2275.0,,012077,易方达悦夏一年持有混合A,0.06335230181727369,ret_12m,main,63.3,full,1.0,2026-09-17
2276.0,,002331,泰康安泰回报混合A,0.06330396550066641,ret_12m,main,125.8,full,1.0,2026-09-17
2277.0,,001443,易方达瑞选灵活配置混合I,0.06325744664393596,ret_12m,main,129.5,full,1.0,2026-09-17
2278.0,,000672,工银绝对收益混合发起B,0.06322321787648955,ret_12m,main,146.7,full,1.0,2026-09-17
2279.0,,022000,浙商汇金红利机遇混合A,0.06322304366238596,ret_12m,main,22.3,short,1.0,2026-09-17
2280.0,,014803,汇安添利18个月持有混合A,0.06318592907133236,ret_12m,main,49.2,full,1.0,2026-09-17
2281.0,,009381,汇安核心资产混合A,0.06315860818774288,ret_12m,main,75.0,full,1.0,2026-09-17
2282.0,,004975,交银恒益灵活配置混合A,0.06315519564633965,ret_12m,main,108.1,full,1.0,2026-09-17
2283.0,,014718,富国天旭均衡混合A,0.06313300660771715,ret_12m,main,55.3,full,1.0,2026-09-17
2284.0,,270001,广发聚富混合,0.06309057798676942,ret_12m,main,273.5,full,1.0,2026-09-17
2285.0,,001756,嘉实策略优选混合,0.06300012816470546,ret_12m,main,117.9,full,1.0,2026-09-17
2286.0,,001324,华宝新价值混合,0.06296629051030456,ret_12m,main,135.6,full,1.0,2026-09-17
2287.0,,019130,天弘多元锐选一年持有混合A,0.062806687475492,ret_12m,main,35.7,short,1.0,2026-09-17
2288.0,,004517,南方安康混合A,0.06279836673483818,ret_12m,main,111.1,full,1.0,2026-09-17
2289.0,,009683,汇添富创新增长一年定开混合A,0.06260219398179845,ret_12m,main,74.8,full,1.0,2026-09-17
2290.0,,015633,中金景气驱动混合发起A,0.06251207263354752,ret_12m,main,52.4,full,1.0,2026-09-17
2291.0,,004008,国联鑫思路混合A,0.0625116599514397,ret_12m,main,116.0,full,1.0,2026-09-17
2292.0,,013867,汇安优势企业精选混合A,0.06238081288178088,ret_12m,main,57.1,full,1.0,2026-09-17
2293.0,,006251,银华兴盛股票A,0.06234369521554739,ret_12m,main,85.6,full,1.0,2026-09-17
2294.0,,080007,长盛同鑫行业配置混合A,0.062336773179056726,ret_12m,main,183.8,full,1.0,2026-09-17
2295.0,,012119,工银核心优势混合A,0.06232997975800125,ret_12m,main,62.8,full,1.0,2026-09-17
2296.0,,010742,南方宁悦一年持有期混合A,0.06227516431828373,ret_12m,main,68.3,full,1.0,2026-09-17
2297.0,,004153,中信保诚新悦混合A,0.062269437437149966,ret_12m,main,116.6,full,1.0,2026-09-17
2298.0,,320018,诺安新动力灵活配置混合A,0.062100351526689135,ret_12m,main,174.4,full,1.0,2026-09-17
2299.0,,690004,民生加银稳健成长混合,0.062022805906317924,ret_12m,main,194.6,full,1.0,2026-09-17
2300.0,,001218,国投瑞银精选收益混合A,0.06191993289903164,ret_12m,main,136.0,full,1.0,2026-09-17
2301.0,,010845,宏利波控回报12个月持有混合,0.061919474042237965,ret_12m,main,67.9,full,1.0,2026-09-17
2302.0,,017564,华安产业优选混合A,0.0619113226309973,ret_12m,main,39.2,full,1.0,2026-09-17
2303.0,,012878,中信建投量化精选6个月持有混合A,0.06188169127611198,ret_12m,main,61.7,full,1.0,2026-09-17
2304.0,,000523,国投瑞银医疗保健混合A,0.06184111267963832,ret_12m,main,150.7,full,1.0,2026-09-17
2305.0,,001268,富国国家安全主题混合A,0.061519229428608435,ret_12m,main,136.1,full,1.0,2026-09-17
2306.0,,011033,南方宝恒混合A,0.061492182505669124,ret_12m,main,63.3,full,1.0,2026-09-17
2307.0,,008347,中信建投甄选混合A,0.06128822400884526,ret_12m,main,80.8,full,1.0,2026-09-17
2308.0,,340001,兴全可转债混合,0.06125111829651941,ret_12m,main,268.2,full,1.0,2026-09-17
2309.0,,519702,交银趋势混合A,0.06122163603752773,ret_12m,main,188.8,full,1.0,2026-09-17
2310.0,,004154,中信保诚新悦混合B,0.061178906349015794,ret_12m,main,116.6,full,1.0,2026-09-17
2311.0,,010900,中欧生益稳健一年混合A,0.06109410365095891,ret_12m,main,68.1,full,1.0,2026-09-17
2312.0,,005259,建信龙头企业股票,0.06088934969957083,ret_12m,main,103.8,full,1.0,2026-09-17
2313.0,,002498,兴业聚鑫灵活配置混合A,0.06078368542431778,ret_12m,main,124.7,full,1.0,2026-09-17
2314.0,,002021,华夏回报二号混合,0.060727357279841465,ret_12m,main,241.1,full,1.0,2026-09-17
2315.0,,016444,中泰研究精选6个月持有股票A,0.06069378552681859,ret_12m,main,46.2,full,1.0,2026-09-17
2316.0,,160613,鹏华盛世创新混合(LOF)A,0.060640399064068484,ret_12m,main,215.2,full,1.0,2026-09-17
2317.0,,001266,国投瑞银招财混合A,0.060601363157017696,ret_12m,main,135.5,full,1.0,2026-09-17
2318.0,,011224,九泰盈泰量化股票A,0.06054727829373041,ret_12m,main,61.0,full,1.0,2026-09-17
2319.0,,011938,博时新能源汽车主题混合A,0.06050181340429672,ret_12m,main,63.5,full,1.0,2026-09-17
2320.0,,024465,万家新机遇同享混合A,0.06042756211758071,ret_12m,main,14.8,short,0.9565,2026-09-17
2321.0,,009950,财通资管均衡价值一年持有期混合,0.060410511078988316,ret_12m,main,69.8,full,1.0,2026-09-17
2322.0,,001907,国投瑞银境煊灵活配置混合A,0.060382783901334,ret_12m,main,130.7,full,1.0,2026-09-17
2323.0,,009076,工银圆兴混合,0.060376424460882205,ret_12m,main,76.8,full,1.0,2026-09-17
2324.0,,003734,万家瑞盈灵活配置混合A,0.060360268988104204,ret_12m,main,118.2,full,1.0,2026-09-17
2325.0,,010239,平安瑞尚六个月持有混合A,0.060207841172056575,ret_12m,main,69.0,full,1.0,2026-09-17
2326.0,,005949,鑫元行业轮动混合A,0.06002742276242912,ret_12m,main,99.6,full,1.0,2026-09-17
2327.0,,020901,招商成长量化选股股票A,0.05984840304870853,ret_12m,main,27.6,short,1.0,2026-09-17
2328.0,,162414,华宝新机遇混合(LOF)A,0.059835258820643666,ret_12m,main,135.2,full,1.0,2026-09-17
2329.0,,002851,南方品质优选灵活配置混合A,0.059785800669702516,ret_12m,main,121.5,full,1.0,2026-09-17
2330.0,,013929,中银证券恒瑞9个月持有混合A,0.05978219258830597,ret_12m,main,57.8,full,1.0,2026-09-17
2331.0,,012387,国金ESG持续增长混合A,0.05966944348597125,ret_12m,main,61.9,full,1.0,2026-09-17
2332.0,,160518,博时睿远,0.059646907031141394,ret_12m,main,125.1,full,1.0,2026-09-17
2333.0,,000822,东海美丽中国A,0.05955335942738471,ret_12m,main,142.1,full,1.0,2026-09-17
2334.0,,000190,中银新回报灵活配置混合A,0.05951862621123216,ret_12m,main,156.2,full,1.0,2026-09-17
2335.0,,011384,南方远见回报股票A,0.05947026540315581,ret_12m,main,65.8,full,1.0,2026-09-17
2336.0,,013193,华商稳健添利一年持有混合A,0.059467890808515333,ret_12m,main,56.2,full,1.0,2026-09-17
2337.0,,018455,建信开元耀享9个月持有期混合发起A,0.059464314974915444,ret_12m,main,37.3,full,1.0,2026-09-17
2338.0,,001441,易方达瑞信混合I,0.05942577267496829,ret_12m,main,103.6,full,1.0,2026-09-17
2339.0,,004836,国联鑫价值混合A,0.059326520674874095,ret_12m,main,102.3,full,1.0,2026-09-17
2340.0,,002561,东吴安鑫量化混合A,0.05919259395846055,ret_12m,main,123.5,full,1.0,2026-09-17
2341.0,,018726,广发匠心优选三年持有混合发起式A,0.059114388669494256,ret_12m,main,25.6,short,1.0,2026-09-17
2342.0,,008209,南方宝泰一年混合A,0.05906064644220743,ret_12m,main,80.7,full,1.0,2026-09-17
2343.0,,015828,永赢新能源智选混合发起A,0.05900583228136802,ret_12m,main,51.0,full,1.0,2026-09-17
2344.0,,009548,汇添富中盘价值精选混合A,0.05898517014108373,ret_12m,main,74.3,full,1.0,2026-09-17
2345.0,,000110,金鹰元安混合A,0.05894281242167243,ret_12m,main,159.9,full,1.0,2026-09-17
2346.0,,020052,博时惠泽混合发起式A1,0.05890767806370012,ret_12m,main,33.4,short,1.0,2026-09-17
2347.0,,024661,国联鑫价值混合B,0.058902807558160575,ret_12m,main,14.9,short,1.0,2026-09-17
2348.0,,009817,红塔红土稳健精选混合A,0.05884685500091824,ret_12m,main,71.0,full,1.0,2026-09-17
2349.0,,010439,汇添富稳健汇盈一年持有期混合,0.058838259698758444,ret_12m,main,70.4,full,1.0,2026-09-17
2350.0,,010966,富国成长领航混合,0.05880730509613108,ret_12m,main,67.7,full,1.0,2026-09-17
2351.0,,009689,易方达瑞锦混合A,0.058767146146000204,ret_12m,main,74.3,full,1.0,2026-09-17
2352.0,,000279,华商红利优选混合,0.05874930376523202,ret_12m,main,156.0,full,1.0,2026-09-17
2353.0,,013160,创金合信碳中和混合A,0.058601369317220486,ret_12m,main,59.8,full,1.0,2026-09-17
2354.0,,519756,交银国企改革灵活配置混合A,0.058551495195446224,ret_12m,main,135.3,full,1.0,2026-09-17
2355.0,,016766,中欧行业景气一年持有混合A,0.05853162292532588,ret_12m,main,46.5,full,1.0,2026-09-17
2356.0,,001415,中信保诚新锐混合A,0.05839478232804729,ret_12m,main,135.2,full,1.0,2026-09-17
2357.0,,310308,申万菱信盛利精选混合A,0.05838287001064035,ret_12m,main,269.3,full,1.0,2026-09-17
2358.0,,009263,华宝红利精选混合A,0.05837814170878919,ret_12m,main,75.5,full,1.0,2026-09-17
2359.0,,001806,易方达瑞智灵活配置混合I,0.05828494784859273,ret_12m,main,110.9,full,1.0,2026-09-17
2360.0,,001648,工银新价值灵活配置混合A,0.058278834126491486,ret_12m,main,112.7,full,1.0,2026-09-17
2361.0,,011530,泓德优质治理灵活配置混合,0.05825583498878517,ret_12m,main,65.8,full,1.0,2026-09-17
2362.0,,021590,兴全竞争优势混合A,0.05815534918374943,ret_12m,main,24.7,short,1.0,2026-09-17
2363.0,,003161,南方安泰混合A,0.05815324427230628,ret_12m,main,119.8,full,1.0,2026-09-17
2364.0,,011251,华安聚嘉精选混合A,0.05811554266939334,ret_12m,main,66.0,full,1.0,2026-09-17
2365.0,,013517,易方达悦浦一年持有混合A,0.058097879102150696,ret_12m,main,58.9,full,1.0,2026-09-17
2366.0,,008809,安信民稳增长混合A,0.05789780391064281,ret_12m,main,80.1,full,1.0,2026-09-17
2367.0,,519068,汇添富成长焦点混合,0.05787561887574122,ret_12m,main,234.2,full,1.0,2026-09-17
2368.0,,001596,中信保诚新泽混合A,0.05776362129361168,ret_12m,main,110.7,full,1.0,2026-09-17
2369.0,,002624,广发优企精选混合A,0.05770416150554292,ret_12m,main,121.4,full,1.0,2026-09-17
2370.0,,519093,新华钻石品质企业混合,0.057599365986836126,ret_12m,main,199.4,full,1.0,2026-09-17
2371.0,,013033,泰信智选量化选股混合发起式A,0.05754124788139103,ret_12m,main,15.9,short,1.0,2026-09-17
2372.0,,002046,中信保诚新锐混合B,0.057436404990611756,ret_12m,main,129.7,full,1.0,2026-09-17
2373.0,,002177,中信保诚新泽混合B,0.05742678782605326,ret_12m,main,110.7,full,1.0,2026-09-17
2374.0,,017230,宝盈价值成长混合A,0.057376016517415085,ret_12m,main,27.4,short,1.0,2026-09-17
2375.0,,017298,汇添富添添鑫多元收益9个月持有混合A,0.057307110850876475,ret_12m,main,39.1,full,1.0,2026-09-17
2376.0,,000804,中信建投稳利混合A,0.05714063722925822,ret_12m,main,143.7,full,1.0,2026-09-17
2377.0,,005357,富国国企改革灵活配置混合,0.056869585951289325,ret_12m,main,103.5,full,1.0,2026-09-17
2378.0,,019498,兴全创新优势混合A,0.056821160735984755,ret_12m,main,29.7,short,1.0,2026-09-17
2379.0,,160624,鹏华消费领先混合,0.05676928056311903,ret_12m,main,151.7,full,1.0,2026-09-17
2380.0,,550003,中信保诚盛世蓝筹混合,0.05676104823611916,ret_12m,main,219.4,full,1.0,2026-09-17
2381.0,,008274,大成行业先锋混合A,0.05674266215223245,ret_12m,main,77.8,full,1.0,2026-09-17
2382.0,,005894,华夏优势精选股票,0.05662802319017479,ret_12m,main,97.3,full,1.0,2026-09-17
2383.0,,013980,光大恒鑫混合A,0.05650761745354105,ret_12m,main,57.6,full,1.0,2026-09-17
2384.0,,004738,摩根安隆回报混合A,0.05648156081091171,ret_12m,main,103.3,full,1.0,2026-09-17
2385.0,,210006,金鹰元禧混合A,0.05639242643449638,ret_12m,main,184.0,full,1.0,2026-09-17
2386.0,,021629,华安红利机遇股票发起式A,0.05635153515947522,ret_12m,main,24.7,short,1.0,2026-09-17
2387.0,,002001,华夏回报混合A,0.05631382932434614,ret_12m,main,276.4,full,1.0,2026-09-17
2388.0,,009658,汇丰晋信中小盘低波动策略股票A,0.056292041332156595,ret_12m,main,73.1,full,1.0,2026-09-17
2389.0,,016840,博道惠泰优选混合A,0.05607046058684784,ret_12m,main,44.0,full,1.0,2026-09-17
2390.0,,010385,华安汇嘉精选混合A,0.056046905665998015,ret_12m,main,70.6,full,1.0,2026-09-17
2391.0,,011395,博时恒元6个月持有期混合A,0.05603362536247203,ret_12m,main,66.1,full,1.0,2026-09-17
2392.0,,006243,中银双息回报混合A,0.05597928228756821,ret_12m,main,95.7,full,1.0,2026-09-17
2393.0,,100056,富国低碳环保混合,0.055978323158107246,ret_12m,main,181.3,full,1.0,2026-09-17
2394.0,,015627,圆信永丰弘阳股票A,0.05594261667243883,ret_12m,main,47.8,full,1.0,2026-09-17
2395.0,,012195,万家瑞泽回报一年持有混合,0.055903791800705704,ret_12m,main,63.0,full,1.0,2026-09-17
2396.0,,024046,富国致享量化选股股票A,0.05581416077493606,ret_12m,main,14.8,short,1.0,2026-09-17
2397.0,,012170,华夏永顺一年持有混合A,0.05579915115366019,ret_12m,main,61.9,full,1.0,2026-09-17
2398.0,,001342,易方达新享混合A,0.055777485333198706,ret_12m,main,135.7,full,1.0,2026-09-17
2399.0,,008715,景顺长城价值驱动一年持有混合,0.05548936996834253,ret_12m,main,62.0,full,1.0,2026-09-17
2400.0,,010676,光大新机遇混合A,0.05546056635876573,ret_12m,main,65.6,full,1.0,2026-09-17
2401.0,,018194,建信新材料精选股票发起A,0.055303838157420904,ret_12m,main,36.9,full,1.0,2026-09-17
2402.0,,011236,摩根行业睿选股票A,0.05527429682416951,ret_12m,main,66.7,full,1.0,2026-09-17
2403.0,,003822,中信建投轮换混合A,0.05505000835297391,ret_12m,main,92.0,full,1.0,2026-09-17
2404.0,,015094,华商300智选混合A,0.05502815268923378,ret_12m,main,49.0,full,1.0,2026-09-17
2405.0,,001327,鹏华弘华混合A,0.0550183204851904,ret_12m,main,135.8,full,1.0,2026-09-17
2406.0,,000955,南方产业活力,0.05498951432170851,ret_12m,main,139.7,full,1.0,2026-09-17
2407.0,,003805,华安新恒利混合A,0.05492810067427101,ret_12m,main,117.3,full,1.0,2026-09-17
2408.0,,001336,鹏华弘益混合A,0.05478817013475945,ret_12m,main,135.7,full,1.0,2026-09-17
2409.0,,017532,平安研究优选混合A,0.054664103876391756,ret_12m,main,41.9,full,1.0,2026-09-17
2410.0,,021308,鹏华创新医药混合A,0.0546342067364145,ret_12m,main,27.7,short,1.0,2026-09-17
2411.0,,005646,中海沪港深多策略灵活配置混合,0.054494937563489554,ret_12m,main,101.9,full,1.0,2026-09-17
2412.0,,008895,申万菱信量化对冲策略灵活配置混合发起式A,0.05440635119268711,ret_12m,main,77.8,full,1.0,2026-09-17
2413.0,,010852,中欧内需成长混合A,0.05437693152981571,ret_12m,main,61.5,full,1.0,2026-09-17
2414.0,,008664,嘉实鑫和一年持有期混合A,0.05436841465904996,ret_12m,main,80.8,full,1.0,2026-09-17
2415.0,,001349,富国改革动力混合,0.05433264507775837,ret_12m,main,136.0,full,1.0,2026-09-17
2416.0,,009984,鹏华启航混合,0.05430219662717195,ret_12m,main,71.8,full,1.0,2026-09-17
2417.0,,163809,中银蓝筹混合,0.05419415661713134,ret_12m,main,199.2,full,1.0,2026-09-17
2418.0,,005311,万家经济新动能混合A,0.05416693628873359,ret_12m,main,103.3,full,1.0,2026-09-17
2419.0,,006752,天弘港股通精选A,0.054151803847263036,ret_12m,main,88.6,full,1.0,2026-09-17
2420.0,,021570,华夏红利量化选股股票A,0.054097790213063934,ret_12m,main,26.5,short,1.0,2026-09-17
2421.0,,360006,光大新增长混合A,0.054056021403723564,ret_12m,main,240.1,full,1.0,2026-09-17
2422.0,,002011,华夏红利混合,0.054009877174786336,ret_12m,main,254.6,full,1.0,2026-09-17
2423.0,,004225,国寿安保稳诚混合A,0.05400877819365446,ret_12m,main,115.9,full,1.0,2026-09-17
2424.0,,000214,广发成长优选混合,0.05384499802225973,ret_12m,main,153.2,full,1.0,2026-09-17
2425.0,,020303,信澳星亮智选混合A,0.053818253063888655,ret_12m,main,31.6,short,1.0,2026-09-17
2426.0,,003745,广发多元新兴股票,0.05380817957246875,ret_12m,main,112.8,full,1.0,2026-09-17
2427.0,,024501,招商科技智选混合发起式A,0.053795242162674395,ret_12m,main,13.4,short,1.0,2026-09-17
2428.0,,519918,华夏兴和混合A,0.05369901238660124,ret_12m,main,146.9,full,1.0,2026-09-17
2429.0,,001633,万家瑞祥混合A,0.0536310737338479,ret_12m,main,118.0,full,1.0,2026-09-17
2430.0,,010657,海富通欣睿混合A,0.05362633633533309,ret_12m,main,67.2,full,1.0,2026-09-17
2431.0,,011027,国寿安保稳弘混合A,0.053531371802537864,ret_12m,main,66.0,full,1.0,2026-09-17
2432.0,,001300,大成睿景灵活配置混合A,0.05346273514090516,ret_12m,main,135.8,full,1.0,2026-09-17
2433.0,,002006,工银新得益混合,0.05340805084888256,ret_12m,main,117.8,full,1.0,2026-09-17
2434.0,,017389,中银证券凌瑞6个月持有期混合A,0.05340541019476963,ret_12m,main,39.0,full,1.0,2026-09-17
2435.0,,001189,广发聚宝混合A,0.05336580677269542,ret_12m,main,137.3,full,1.0,2026-09-17
2436.0,,023806,招商红利量化选股混合A,0.05331801399774094,ret_12m,main,15.7,short,1.0,2026-09-17
2437.0,,070019,嘉实价值优势混合A,0.05330350468101397,ret_12m,main,195.4,full,1.0,2026-09-17
2438.0,,008277,财通资管行业精选混合,0.05329892931001656,ret_12m,main,77.5,full,1.0,2026-09-17
2439.0,,501081,中欧科创主题混合(LOF)A,0.05320662835782586,ret_12m,main,86.7,full,1.0,2026-09-17
2440.0,,001688,嘉实新起点混合A,0.053061640729710646,ret_12m,main,129.7,full,1.0,2026-09-17
2441.0,,019787,上银丰瑞一年持有期混合发起式A,0.05304559155203625,ret_12m,main,32.9,short,1.0,2026-09-17
2442.0,,012218,博时乐享混合A,0.053042389641432486,ret_12m,main,63.7,full,1.0,2026-09-17
2443.0,,690005,民生加银内需增长混合,0.05303875554131343,ret_12m,main,187.6,full,1.0,2026-09-17
2444.0,,009448,泰康申润一年持有期混合A,0.05295309431891093,ret_12m,main,74.6,full,1.0,2026-09-17
2445.0,,011769,富国精诚回报12个月持有期混合A,0.0529344943002481,ret_12m,main,64.6,full,1.0,2026-09-17
2446.0,,010379,广发均衡优选混合A,0.052838896937436486,ret_12m,main,68.2,full,1.0,2026-09-17
2447.0,,014210,国投瑞银竞争优势混合A,0.05257715841157151,ret_12m,main,56.0,full,1.0,2026-09-17
2448.0,,009395,鑫元安鑫回报混合A,0.052386568029444636,ret_12m,main,71.6,full,1.0,2026-09-17
2449.0,,008860,民生加银龙头优选股票A,0.05238172298074528,ret_12m,main,78.3,full,1.0,2026-09-17
2450.0,,000849,汇丰晋信双核策略混合A,0.052247131572996874,ret_12m,main,141.7,full,1.0,2026-09-17
2451.0,,010892,中银证券精选行业股票A,0.05208003038032216,ret_12m,main,67.9,full,1.0,2026-09-17
2452.0,,021795,广发稳信六个月持有期混合A,0.052062833764008554,ret_12m,main,22.4,short,1.0,2026-09-17
2453.0,,012025,兴业聚兴混合A,0.0520457994830712,ret_12m,main,59.6,full,1.0,2026-09-17
2454.0,,011930,华夏时代前沿一年持有混合A,0.051973891313890075,ret_12m,main,60.8,full,1.0,2026-09-17
2455.0,,024917,华夏红利价值混合D,0.05188865363311845,ret_12m,main,13.1,short,1.0,2026-09-17
2456.0,,501001,财通多策略精选混合(LOF),0.05187727330494063,ret_12m,main,134.6,full,1.0,2026-09-17
2457.0,,001231,银华泰利灵活配置混合A,0.05170559367386707,ret_12m,main,136.8,full,1.0,2026-09-17
2458.0,,013095,安信远见成长混合A,0.0515819687500052,ret_12m,main,54.3,full,1.0,2026-09-17
2459.0,,010839,易方达瑞安灵活配置混合A,0.05157230730367046,ret_12m,main,68.3,full,1.0,2026-09-17
2460.0,,011534,万家民瑞祥明6个月持有混合A,0.05143434439994099,ret_12m,main,64.7,full,1.0,2026-09-17
2461.0,,008420,广发招泰A,0.051353861115751354,ret_12m,main,78.4,full,1.0,2026-09-17
2462.0,,001285,易方达新鑫混合I,0.05124929549444568,ret_12m,main,136.1,full,1.0,2026-09-17
2463.0,,360005,光大红利混合A,0.05115758687011995,ret_12m,main,245.8,full,1.0,2026-09-17
2464.0,,003154,华宝新活力混合C,0.051118117142172625,ret_12m,main,120.3,full,1.0,2026-09-17
2465.0,,011285,民生价值优选6个月持有股票A,0.05092263184776069,ret_12m,main,63.3,full,1.0,2026-09-17
2466.0,,000121,华夏永福混合A,0.050685356866111864,ret_12m,main,157.1,full,1.0,2026-09-17
2467.0,,121001,国投瑞银融华债券,0.05061977188159572,ret_12m,main,281.1,full,1.0,2026-09-17
2468.0,,006136,广发估值优势混合A,0.050447893994708615,ret_12m,main,95.9,full,1.0,2026-09-17
2469.0,,001468,广发改革混合,0.05042824739495111,ret_12m,main,133.7,full,1.0,2026-09-17
2470.0,,270008,广发核心精选混合,0.050299034740429516,ret_12m,main,218.1,full,1.0,2026-09-17
2471.0,,010678,中欧均衡成长混合A,0.05028099678119857,ret_12m,main,69.2,full,1.0,2026-09-17
2472.0,,005535,泰信竞争优选混合,0.05013543098344808,ret_12m,main,100.1,full,1.0,2026-09-17
2473.0,,021181,中欧价值精选混合A,0.050084096727296634,ret_12m,main,27.9,short,1.0,2026-09-17
2474.0,,010942,招商瑞乐6个月持有期混合A,0.050066115419055146,ret_12m,main,62.2,full,1.0,2026-09-17
2475.0,,011807,平安研究精选混合A,0.0499790012120882,ret_12m,main,63.8,full,1.0,2026-09-17
2476.0,,002358,国投瑞银瑞祥A,0.04994493984945092,ret_12m,main,126.5,full,1.0,2026-09-17
2477.0,,001577,嘉实低价策略股票,0.04982435410953223,ret_12m,main,133.7,full,1.0,2026-09-17
2478.0,,210003,金鹰行业优势混合A,0.04982004957103858,ret_12m,main,206.6,full,1.0,2026-09-17
2479.0,,014767,景顺长城华城稳健6个月持有期混合A,0.049792040908824164,ret_12m,main,55.7,full,1.0,2026-09-17
2480.0,,015976,光大数字经济主题混合A,0.04976496205931835,ret_12m,main,34.3,short,1.0,2026-09-17
2481.0,,487021,工银优质精选混合A,0.049666818912391,ret_12m,main,163.3,full,1.0,2026-09-17
2482.0,,003593,国泰景气行业灵活配置混合,0.04961515991570353,ret_12m,main,113.9,full,1.0,2026-09-17
2483.0,,013225,景顺长城安景一年持有期混合A,0.04959574902939701,ret_12m,main,56.3,full,1.0,2026-09-17
2484.0,,210010,金鹰灵活配置混合A,0.049595241556167124,ret_12m,main,165.6,full,1.0,2026-09-17
2485.0,,002134,广发鑫裕混合A,0.049513920342149964,ret_12m,main,126.6,full,1.0,2026-09-17
2486.0,,011357,华泰柏瑞品质成长混合A,0.04948376372272345,ret_12m,main,66.5,full,1.0,2026-09-17
2487.0,,010541,国寿安保稳和6个月持有期混合A,0.04946318772111269,ret_12m,main,69.7,full,1.0,2026-09-17
2488.0,,009539,兴业睿进混合A,0.04933910493320104,ret_12m,main,73.7,full,1.0,2026-09-17
2489.0,,019030,信澳星耀智选混合A,0.04926779409390858,ret_12m,main,36.9,full,1.0,2026-09-17
2490.0,,013890,国泰睿毅三年持有期混合A,0.04916893973663372,ret_12m,main,53.6,full,1.0,2026-09-17
2491.0,,011845,博时周期优选混合A,0.04888431799830273,ret_12m,main,63.8,full,1.0,2026-09-17
2492.0,,320012,诺安主题精选混合,0.04883647550296244,ret_12m,main,192.1,full,1.0,2026-09-17
2493.0,,001528,诺安先进制造股票A,0.048835434459072014,ret_12m,main,132.9,full,1.0,2026-09-17
2494.0,,001810,中欧潜力价值灵活配置混合A,0.0487324301079064,ret_12m,main,131.6,full,1.0,2026-09-17
2495.0,,003594,长盛盛崇灵活配置混合A,0.04856006794462453,ret_12m,main,118.2,full,1.0,2026-09-17
2496.0,,020966,东吴科技创新混合A,0.04843866798631291,ret_12m,main,24.9,short,1.0,2026-09-17
2497.0,,169201,浙商鼎盈事件驱动混合,0.04816820409667222,ret_12m,main,117.3,full,1.0,2026-09-17
2498.0,,167702,德邦量化优选股票(LOF)A,0.048075721223874934,ret_12m,main,113.8,full,1.0,2026-09-17
2499.0,,001850,国泰安益灵活配置混合A,0.04803149973242027,ret_12m,main,116.8,full,1.0,2026-09-17
2500.0,,161727,招商增荣混合(LOF),0.04801135955944891,ret_12m,main,123.5,full,1.0,2026-09-17
2501.0,,012435,万家招瑞回报一年持有混合A,0.04786961702311543,ret_12m,main,61.0,full,1.0,2026-09-17
2502.0,,000367,国泰安康定期支付混合A,0.04772501957300834,ret_12m,main,148.6,full,1.0,2026-09-17
2503.0,,000547,建信健康民生混合A,0.0477073396988279,ret_12m,main,149.9,full,1.0,2026-09-17
2504.0,,002293,南方益和灵活配置混合A,0.04768198714106764,ret_12m,main,128.2,full,1.0,2026-09-17
2505.0,,009550,汇添富开放视野中国优势六个月持有股票A,0.0476674955727574,ret_12m,main,73.9,full,1.0,2026-09-17
2506.0,,019472,长江长宏混合发起A,0.047642176776724554,ret_12m,main,34.8,short,1.0,2026-09-17
2507.0,,005711,永赢惠添利灵活配置混合,0.04751450901883025,ret_12m,main,99.6,full,1.0,2026-09-17
2508.0,,001547,兴业聚惠混合A,0.04750238898919146,ret_12m,main,134.3,full,1.0,2026-09-17
2509.0,,021333,信澳国企智选混合A,0.047473997205253804,ret_12m,main,27.7,short,1.0,2026-09-17
2510.0,,017813,兴合安迎混合A,0.047438102181555086,ret_12m,main,39.6,full,1.0,2026-09-17
2511.0,,009766,安信平稳双利3个月持有混合A,0.04731391813099828,ret_12m,main,72.4,full,1.0,2026-09-17
2512.0,,501022,银华鑫盛灵活配置混合(LOF)A,0.047016313849285174,ret_12m,main,119.1,full,1.0,2026-09-17
2513.0,,012487,博时恒玺一年持有期混合A,0.04700549920115704,ret_12m,main,62.4,full,1.0,2026-09-17
2514.0,,260116,景顺长城核心竞争力混合A,0.046988784896016655,ret_12m,main,176.9,full,1.0,2026-09-17
2515.0,,002000,工银新生利混合,0.04694985549403419,ret_12m,main,116.6,full,1.0,2026-09-17
2516.0,,012681,永赢鑫辰混合A,0.046945322931768896,ret_12m,main,60.5,full,1.0,2026-09-17
2517.0,,010330,东吴兴享成长混合A,0.0469442570997578,ret_12m,main,70.2,full,1.0,2026-09-17
2518.0,,450003,国富潜力组合混合A,0.04692579358437854,ret_12m,main,233.9,full,1.0,2026-09-17
2519.0,,008513,南方宝丰混合A,0.04688877169115213,ret_12m,main,78.4,full,1.0,2026-09-17
2520.0,,014900,兴全兴裕混合A,0.046879745160457675,ret_12m,main,51.1,full,1.0,2026-09-17
2521.0,,012332,上银鑫尚稳健回报6个月持有期混合A,0.04685587712007111,ret_12m,main,61.9,full,1.0,2026-09-17
2522.0,,001835,易方达瑞祥混合A,0.04683859172475335,ret_12m,main,103.9,full,1.0,2026-09-17
2523.0,,002602,易方达丰惠混合,0.0467804325858836,ret_12m,main,113.8,full,1.0,2026-09-17
2524.0,,004142,招商盛合灵活混合A,0.04675285216065839,ret_12m,main,114.6,full,1.0,2026-09-17
2525.0,,519050,海富通安颐收益混合A,0.04673376116320749,ret_12m,main,159.6,full,1.0,2026-09-17
2526.0,,012001,中泰星宇价值成长混合A,0.046672460053849285,ret_12m,main,63.5,full,1.0,2026-09-17
2527.0,,015989,华安碳中和混合A,0.04660625561741605,ret_12m,main,43.3,full,1.0,2026-09-17
2528.0,,014771,中泰红利优选一年持有混合发起,0.04651232767914215,ret_12m,main,53.8,full,1.0,2026-09-17
2529.0,,017220,永赢合嘉一年持有混合A,0.046478381051268114,ret_12m,main,44.6,full,1.0,2026-09-17
2530.0,,011781,泓德慧享混合A,0.04643733957636842,ret_12m,main,60.4,full,1.0,2026-09-17
2531.0,,010894,鹏华汇智优选混合A,0.04620395003117017,ret_12m,main,68.3,full,1.0,2026-09-17
2532.0,,519127,浦银盛世A,0.0461884019628549,ret_12m,main,146.7,full,1.0,2026-09-17
2533.0,,019712,博时稳合一年持有期混合A,0.04618518558849516,ret_12m,main,29.0,short,1.0,2026-09-17
2534.0,,000597,中海积极收益混合,0.04615366816658484,ret_12m,main,147.7,full,1.0,2026-09-17
2535.0,,020695,海富通红利优选混合A,0.046139916563151306,ret_12m,main,27.4,short,1.0,2026-09-17
2536.0,,010624,富国稳健增长混合A,0.04612382948612326,ret_12m,main,64.7,full,1.0,2026-09-17
2537.0,,022344,景顺长城红利量化选股股票A,0.04609505871297648,ret_12m,main,19.7,short,1.0,2026-09-17
2538.0,,003187,嘉实安益混合C,0.046048320679209276,ret_12m,main,120.7,full,1.0,2026-09-17
2539.0,,023244,东海启元添益6个月持有混合发起式A,0.04604673844475293,ret_12m,main,19.1,short,1.0,2026-09-17
2540.0,,009086,鹏华价值共赢两年持有期混合,0.04574047031558237,ret_12m,main,76.6,full,1.0,2026-09-17
2541.0,,009249,易方达磐泰一年持有期混合A,0.04566189503783069,ret_12m,main,73.1,full,1.0,2026-09-17
2542.0,,015729,朱雀碳中和三年持有混合发起,0.0454699021547087,ret_12m,main,48.3,full,1.0,2026-09-17
2543.0,,001543,宝盈新锐混合A,0.045453343974298566,ret_12m,main,130.4,full,1.0,2026-09-17
2544.0,,004720,华夏睿磐泰茂混合A,0.04537138548180675,ret_12m,main,105.4,full,1.0,2026-09-17
2545.0,,016682,天弘广盈六个月持有混合A,0.04533535849410564,ret_12m,main,38.6,full,1.0,2026-09-17
2546.0,,011836,银华智能建造股票发起式,0.04532305054276331,ret_12m,main,59.8,full,1.0,2026-09-17
2547.0,,501076,鹏华创新动力混合(LOF),0.04520346690971788,ret_12m,main,87.3,full,1.0,2026-09-17
2548.0,,008499,鹏扬景科混合A,0.04495758860576138,ret_12m,main,77.2,full,1.0,2026-09-17
2549.0,,002792,景顺长城顺益回报混合A,0.044909099312535394,ret_12m,main,117.3,full,1.0,2026-09-17
2550.0,,012594,招商瑞享1年持有期混合A,0.04470298524034244,ret_12m,main,55.7,full,1.0,2026-09-17
2551.0,,001067,鹏华弘盛混合A,0.044591191072891556,ret_12m,main,138.7,full,1.0,2026-09-17
2552.0,,008979,万家民丰回报一年持有混合,0.044584268888898215,ret_12m,main,78.4,full,1.0,2026-09-17
2553.0,,006250,摩根动力精选混合A,0.04455075895044902,ret_12m,main,91.6,full,1.0,2026-09-17
2554.0,,015699,平安均衡成长2年持有混合A,0.04448630923957353,ret_12m,main,50.0,full,1.0,2026-09-17
2555.0,,005037,银华新能源新材料A,0.04446236305505624,ret_12m,main,108.1,full,1.0,2026-09-17
2556.0,,010188,中欧添益一年混合A,0.044458233893809096,ret_12m,main,70.8,full,1.0,2026-09-17
2557.0,,020358,东方红慧鑫甄选6个月持有混合A,0.04423705383710397,ret_12m,main,28.6,short,1.0,2026-09-17
2558.0,,013209,金鹰大视野混合A,0.04413740525300747,ret_12m,main,60.7,full,1.0,2026-09-17
2559.0,,004139,中邮军民融合灵活配置混合A,0.0441226094757492,ret_12m,main,113.5,full,1.0,2026-09-17
2560.0,,161225,国投瑞银瑞盈混合(LOF)A,0.04410874242130114,ret_12m,main,136.0,full,1.0,2026-09-17
2561.0,,009515,中欧真益稳健一年混合A,0.044085920367882725,ret_12m,main,75.4,full,1.0,2026-09-17
2562.0,,015110,惠升领先优选混合A,0.04399775078390622,ret_12m,main,54.3,full,1.0,2026-09-17
2563.0,,009900,易方达磐固六个月持有期混合A,0.04388750545600817,ret_12m,main,72.4,full,1.0,2026-09-17
2564.0,,002514,招商丰益混合A,0.04387702566887608,ret_12m,main,120.8,full,1.0,2026-09-17
2565.0,,009691,国泰浩益混合A,0.04385375643087297,ret_12m,main,73.2,full,1.0,2026-09-17
2566.0,,014829,诺德新能源汽车混合A,0.043834134706172145,ret_12m,main,53.6,full,1.0,2026-09-17
2567.0,,002543,长城久益混合A,0.04370852361964017,ret_12m,main,124.6,full,1.0,2026-09-17
2568.0,,006608,泓德研究优选混合,0.04364779007285846,ret_12m,main,87.7,full,1.0,2026-09-17
2569.0,,005399,长信量化价值驱动混合A,0.04358504118742346,ret_12m,main,97.3,full,1.0,2026-09-17
2570.0,,008488,华商恒益稳健混合,0.04357376902437626,ret_12m,main,78.9,full,1.0,2026-09-17
2571.0,,007439,东海科技动力A,0.04355315374535129,ret_12m,main,86.7,full,1.0,2026-09-17
2572.0,,013569,天弘永利优佳混合A,0.04354797022933088,ret_12m,main,59.6,full,1.0,2026-09-17
2573.0,,501028,财通多策略福瑞混合发起式(LOF)A,0.04340932020020638,ret_12m,main,117.8,full,1.0,2026-09-17
2574.0,,001745,易方达瑞富灵活配置混合I,0.04335075384294118,ret_12m,main,112.2,full,1.0,2026-09-17
2575.0,,002116,广发安享混合A,0.043305091288155406,ret_12m,main,126.8,full,1.0,2026-09-17
2576.0,,016097,东吴兴弘一年持有混合A,0.04321156985446439,ret_12m,main,48.1,full,1.0,2026-09-17
2577.0,,001247,华泰柏瑞新利混合A,0.043166160110035934,ret_12m,main,136.7,full,1.0,2026-09-17
2578.0,,011746,南方誉浦一年持有混合A,0.04316405923668354,ret_12m,main,64.6,full,1.0,2026-09-17
2579.0,,165508,中信保诚深度价值混合(LOF),0.04315925980476498,ret_12m,main,193.6,full,1.0,2026-09-17
2580.0,,012368,大摩优享六个月持有期混合A,0.043081247813131274,ret_12m,main,61.8,full,1.0,2026-09-17
2581.0,,020876,中欧景气精选混合A,0.04298687380399646,ret_12m,main,28.8,short,1.0,2026-09-17
2582.0,,004405,国寿安保稳寿混合A,0.04292257490434248,ret_12m,main,109.5,full,1.0,2026-09-17
2583.0,,005576,华泰柏瑞新金融地产混合A,0.0428066509552536,ret_12m,main,102.3,full,1.0,2026-09-17
2584.0,,540004,汇丰晋信2026周期混合,0.04278590904244717,ret_12m,main,217.8,full,1.0,2026-09-17
2585.0,,010923,永赢鑫欣混合A,0.04276980367832173,ret_12m,main,68.1,full,1.0,2026-09-17
2586.0,,015911,兴业致远混合A,0.042738187621076396,ret_12m,main,45.6,full,1.0,2026-09-17
2587.0,,015125,易方达悦鑫一年持有混合A,0.04265915064265413,ret_12m,main,52.4,full,1.0,2026-09-17
2588.0,,009536,汇添富稳健增益一年持有混合A,0.042638224044978745,ret_12m,main,75.9,full,1.0,2026-09-17
2589.0,,020653,恒生前海兴泰混合A,0.042558382495831326,ret_12m,main,30.1,short,1.0,2026-09-17
2590.0,,014574,鑫元清洁能源混合发起式A,0.042434549147648326,ret_12m,main,55.7,full,1.0,2026-09-17
2591.0,,003692,大成景尚灵活配置混合A,0.04241584773083651,ret_12m,main,118.2,full,1.0,2026-09-17
2592.0,,009653,大成丰享回报混合A,0.04236015824069339,ret_12m,main,69.9,full,1.0,2026-09-17
2593.0,,023232,国泰合利6个月持有混合A,0.04232587271735344,ret_12m,main,18.1,short,1.0,2026-09-17
2594.0,,023099,金信周期价值混合A,0.042276002353891506,ret_12m,main,18.9,short,1.0,2026-09-17
2595.0,,012459,汇添富稳健睿享一年持有混合A,0.04214543840058327,ret_12m,main,59.2,full,1.0,2026-09-17
2596.0,,002455,民生加银鑫喜混合A,0.04181914301173628,ret_12m,main,117.3,full,1.0,2026-09-17
2597.0,,010890,交银鸿福六个月持有混合A,0.04178365157206709,ret_12m,main,65.6,full,1.0,2026-09-17
2598.0,,161609,融通动力先锋混合A/B,0.04175955871220727,ret_12m,main,238.1,full,1.0,2026-09-17
2599.0,,011872,中邮悦享6个月持有期混合A,0.04173861907722176,ret_12m,main,60.1,full,1.0,2026-09-17
2600.0,,003697,华夏睿磐泰盛混合A,0.04166117786542123,ret_12m,main,114.1,full,1.0,2026-09-17
2601.0,,016091,汇泉匠心智选一年持有混合A,0.04165521730068633,ret_12m,main,48.1,full,1.0,2026-09-17
2602.0,,501049,东方红睿玺三年持有混合A,0.04156663751653733,ret_12m,main,106.1,full,1.0,2026-09-17
2603.0,,002574,招商瑞庆混合A,0.0414526090456766,ret_12m,main,120.8,full,1.0,2026-09-17
2604.0,,001817,易方达瑞兴灵活配置混合I,0.04138760224714866,ret_12m,main,110.8,full,1.0,2026-09-17
2605.0,,519222,海富通欣益混合A,0.04117400649643099,ret_12m,main,120.3,full,1.0,2026-09-17
2606.0,,011192,广发恒荣三个月持有期混合A,0.04101869372436262,ret_12m,main,61.0,full,1.0,2026-09-17
2607.0,,012706,中银核心精选混合A,0.040881744232000417,ret_12m,main,56.6,full,1.0,2026-09-17
2608.0,,014593,西部利得聚优一年持有期混合,0.040859878679336825,ret_12m,main,49.3,full,1.0,2026-09-17
2609.0,,023570,浦银周期优选混合A,0.0407434604541661,ret_12m,main,16.9,short,1.0,2026-09-17
2610.0,,010870,汇添富稳健鑫添益六个月持有混合A,0.04069060780875988,ret_12m,main,65.8,full,1.0,2026-09-17
2611.0,,009907,湘财长泽灵活配置混合A,0.04065592992024181,ret_12m,main,73.1,full,1.0,2026-09-17
2612.0,,009205,兴银丰运稳益回报混合A,0.040602358646625536,ret_12m,main,75.9,full,1.0,2026-09-17
2613.0,,002049,融通新机遇灵活配置混合,0.040532000392241585,ret_12m,main,130.0,full,1.0,2026-09-17
2614.0,,004129,国联安鑫汇混合A,0.040527895135623826,ret_12m,main,114.6,full,1.0,2026-09-17
2615.0,,017464,长江楚财一年持有期混合发起A,0.04051243113917513,ret_12m,main,37.0,full,1.0,2026-09-17
2616.0,,001838,国投瑞银国家安全混合A,0.04050038924407384,ret_12m,main,129.5,full,1.0,2026-09-17
2617.0,,550001,中信保诚四季红混合A,0.04029939798678206,ret_12m,main,244.6,full,1.0,2026-09-17
2618.0,,009423,招商瑞信稳健配置混合A,0.040291924749893626,ret_12m,main,75.5,full,1.0,2026-09-17
2619.0,,006921,南方智诚混合,0.04024944815429676,ret_12m,main,90.2,full,1.0,2026-09-17
2620.0,,012073,华安均衡优选混合A,0.04024783059656256,ret_12m,main,58.7,full,1.0,2026-09-17
2621.0,,009990,华泰柏瑞品质优选A,0.03996049237082544,ret_12m,main,72.6,full,1.0,2026-09-17
2622.0,,002458,国泰民利策略收益混合,0.039787292174797706,ret_12m,main,122.0,full,1.0,2026-09-17
2623.0,,004227,泰信鑫利混合A,0.039643897937443384,ret_12m,main,111.8,full,1.0,2026-09-17
2624.0,,008456,招商瑞阳混合A,0.039451303892289014,ret_12m,main,79.9,full,1.0,2026-09-17
2625.0,,004750,广发鑫和A,0.039428327427798004,ret_12m,main,104.0,full,1.0,2026-09-17
2626.0,,001118,华宝事件驱动混合A,0.03937014516258097,ret_12m,main,137.3,full,1.0,2026-09-17
2627.0,,014892,永赢添添欣12个月持有混合A,0.03930809085362097,ret_12m,main,55.0,full,1.0,2026-09-17
2628.0,,010659,民生加银质量领先混合A,0.039148682572351046,ret_12m,main,69.0,full,1.0,2026-09-17
2629.0,,011086,易方达瑞康混合A,0.03906700853961009,ret_12m,main,67.4,full,1.0,2026-09-17
2630.0,,008313,光大研究精选混合A,0.039060065861560744,ret_12m,main,77.8,full,1.0,2026-09-17
2631.0,,169101,东方红睿丰混合,0.03895938018735645,ret_12m,main,143.9,full,1.0,2026-09-17
2632.0,,501017,国泰融丰外延增长混合(LOF)A,0.038886272224286644,ret_12m,main,123.7,full,1.0,2026-09-17
2633.0,,011231,光大锦弘混合A,0.03886191984330423,ret_12m,main,66.3,full,1.0,2026-09-17
2634.0,,013367,汇添富多元价值发现混合A,0.03884880225820564,ret_12m,main,52.6,full,1.0,2026-09-17
2635.0,,010215,中欧达益稳健一年混合A,0.03884577785778576,ret_12m,main,70.6,full,1.0,2026-09-17
2636.0,,003379,中信保诚至选混合A,0.03878701792889894,ret_12m,main,118.3,full,1.0,2026-09-17
2637.0,,009829,长城优选增强六个月持有混合A,0.038606129655536,ret_12m,main,70.4,full,1.0,2026-09-17
2638.0,,002388,天弘裕利灵活配置混合A,0.038481551530986424,ret_12m,main,127.6,full,1.0,2026-09-17
2639.0,,012297,东兴宸瑞量化混合A,0.03848153246976449,ret_12m,main,62.6,full,1.0,2026-09-17
2640.0,,014360,红塔红土稳健添利混合A,0.03843858648473253,ret_12m,main,53.6,full,1.0,2026-09-17
2641.0,,017824,华安新材料主题股票发起式A,0.03843834217106323,ret_12m,main,34.1,short,1.0,2026-09-17
2642.0,,003877,富国久利稳健配置混合A,0.038135177769403006,ret_12m,main,116.7,full,1.0,2026-09-17
2643.0,,002666,前海开源沪港深创新成长混合A,0.03803129034736141,ret_12m,main,122.8,full,1.0,2026-09-17
2644.0,,012430,农银瑞康6个月持有混合,0.03797922805347964,ret_12m,main,61.9,full,1.0,2026-09-17
2645.0,,002714,鹏华金城混合D,0.03790876241461305,ret_12m,main,123.5,full,1.0,2026-09-17
2646.0,,002249,招商境远灵活配置混合,0.03786806242002938,ret_12m,main,129.1,full,1.0,2026-09-17
2647.0,,006005,诺安鼎利混合A,0.03785606119899554,ret_12m,main,89.7,full,1.0,2026-09-17
2648.0,,009244,国寿安保稳丰6个月持有混合A,0.037730443662219226,ret_12m,main,73.4,full,1.0,2026-09-17
2649.0,,014160,易方达悦融一年持有混合A,0.037657278596463284,ret_12m,main,57.3,full,1.0,2026-09-17
2650.0,,001623,兴业国企改革混合A,0.03765076436479897,ret_12m,main,132.0,full,1.0,2026-09-17
2651.0,,021919,国泰海通红利量化选股混合A,0.03746939050024434,ret_12m,main,22.6,short,1.0,2026-09-17
2652.0,,012965,招商瑞泰1年持有混合A,0.03746084763361135,ret_12m,main,57.3,full,1.0,2026-09-17
2653.0,,019431,永赢睿信混合A,0.037383675150106654,ret_12m,main,32.9,short,1.0,2026-09-17
2654.0,,011834,大成投资严选六月持有混合A,0.037360719241386064,ret_12m,main,62.1,full,1.0,2026-09-17
2655.0,,009937,东方欣益一年持有期混合A,0.037360349273889426,ret_12m,main,72.5,full,1.0,2026-09-17
2656.0,,006424,嘉合锦程混合A,0.03714383164786628,ret_12m,main,92.9,full,1.0,2026-09-17
2657.0,,003516,国泰融安多策略灵活配置混合A,0.03714003207274952,ret_12m,main,110.5,full,1.0,2026-09-17
2658.0,,003291,信澳健康中国混合A,0.036976907897576794,ret_12m,main,109.0,full,1.0,2026-09-17
2659.0,,009015,泓德睿享一年持有期混合A,0.03689120170669269,ret_12m,main,74.8,full,1.0,2026-09-17
2660.0,,012949,东方红招瑞甄选18个月持有混合A,0.03685464980149589,ret_12m,main,55.3,full,1.0,2026-09-17
2661.0,,019698,招商安泽稳利9个月持有期混合A,0.03682238726644704,ret_12m,main,34.1,short,1.0,2026-09-17
2662.0,,009266,鹏扬景合六个月混合A,0.036641736009889625,ret_12m,main,70.4,full,1.0,2026-09-17
2663.0,,018754,兴业均衡优选混合A,0.03659611730748713,ret_12m,main,37.0,full,1.0,2026-09-17
2664.0,,011376,华宝安享混合A,0.03655394538619827,ret_12m,main,61.2,full,1.0,2026-09-17
2665.0,,010830,国泰通利9个月持有期混合A,0.03646564927923146,ret_12m,main,67.4,full,1.0,2026-09-17
2666.0,,001917,招商量化精选股票A,0.03645374652337452,ret_12m,main,126.1,full,1.0,2026-09-17
2667.0,,010242,平安稳健增长混合A,0.036421108556241144,ret_12m,main,68.1,full,1.0,2026-09-17
2668.0,,011347,易方达宁易一年持有混合A,0.03641380182599252,ret_12m,main,65.3,full,1.0,2026-09-17
2669.0,,001531,招商安益灵活配置混合A,0.03636707382741777,ret_12m,main,134.1,full,1.0,2026-09-17
2670.0,,014693,万家兴恒回报一年持有期混合A,0.03632260173357427,ret_12m,main,53.1,full,1.0,2026-09-17
2671.0,,023365,南华丰利量化选股混合A,0.03630645436299451,ret_12m,main,18.4,short,1.0,2026-09-17
2672.0,,019978,融通动力先锋混合C,0.036285758242992516,ret_12m,main,34.3,short,1.0,2026-09-17
2673.0,,009232,鹏华安惠混合A,0.03628284868152232,ret_12m,main,74.8,full,1.0,2026-09-17
2674.0,,020657,信澳红利智选混合A,0.03620311470781701,ret_12m,main,29.9,short,1.0,2026-09-17
2675.0,,000639,宝盈祥瑞混合A,0.036191504200409064,ret_12m,main,147.9,full,1.0,2026-09-17
2676.0,,012132,华泰保兴价值成长A,0.03616211854189544,ret_12m,main,58.2,full,1.0,2026-09-17
2677.0,,580008,东吴新产业精选股票A,0.03614932720966646,ret_12m,main,179.6,full,1.0,2026-09-17
2678.0,,009156,海富通富泽混合A,0.0359809038442942,ret_12m,main,74.8,full,1.0,2026-09-17
2679.0,,002664,万家瑞和灵活配置混合A,0.03585105037364977,ret_12m,main,124.7,full,1.0,2026-09-17
2680.0,,001054,工银新金融股票A,0.03583194709021176,ret_12m,main,138.0,full,1.0,2026-09-17
2681.0,,009640,中银证券优选行业龙头混合A,0.03582387314018742,ret_12m,main,72.5,full,1.0,2026-09-17
2682.0,,000573,天弘通利混合A,0.03578750284304677,ret_12m,main,150.1,full,1.0,2026-09-17
2683.0,,519039,长盛同德主题混合,0.03563839836322735,ret_12m,main,225.9,full,1.0,2026-09-17
2684.0,,005274,中银景福回报混合A,0.03563171165899992,ret_12m,main,101.0,full,1.0,2026-09-17
2685.0,,160812,长盛同益成长回报(LOF),0.035539330019261905,ret_12m,main,148.1,full,1.0,2026-09-17
2686.0,,009849,安信稳健聚申一年持有期混合A,0.0354727066569267,ret_12m,main,71.6,full,1.0,2026-09-17
2687.0,,011788,工银聚益混合A,0.03543730623889885,ret_12m,main,60.1,full,1.0,2026-09-17
2688.0,,024676,万家多元价值混合发起式A,0.03536028074173059,ret_12m,main,14.2,short,1.0,2026-09-17
2689.0,,008997,同泰竞争优势混合A,0.03535352765397737,ret_12m,main,76.7,full,1.0,2026-09-17
2690.0,,012701,安信民安回报一年持有混合A,0.03528970918850227,ret_12m,main,60.3,full,1.0,2026-09-17
2691.0,,202009,南方盛元红利混合,0.03520341526928927,ret_12m,main,221.9,full,1.0,2026-09-17
2692.0,,009475,汇丰晋信慧盈混合,0.0352032101270201,ret_12m,main,73.6,full,1.0,2026-09-17
2693.0,,001316,安信稳健增值混合A,0.035140584239956585,ret_12m,main,135.8,full,1.0,2026-09-17
2694.0,,001250,天弘新活力混合发起A,0.034996547281000545,ret_12m,main,136.6,full,1.0,2026-09-17
2695.0,,020759,建信红利精选股票发起A,0.034952942401632825,ret_12m,main,26.1,short,1.0,2026-09-17
2696.0,,012578,富国红利混合A,0.03494187861486586,ret_12m,main,56.9,full,1.0,2026-09-17
2697.0,,011681,汇添富均衡精选六个月持有混合A,0.0348984208388341,ret_12m,main,60.0,full,1.0,2026-09-17
2698.0,,010834,国泰同益18个月持有期混合A,0.034887294616512854,ret_12m,main,64.7,full,1.0,2026-09-17
2699.0,,015564,大成弘远回报一年持有混合A,0.03481743024302375,ret_12m,main,47.7,full,1.0,2026-09-17
2700.0,,002197,国泰鑫策略价值灵活配置混合A,0.034792959975543214,ret_12m,main,128.6,full,1.0,2026-09-17
2701.0,,008666,国泰鑫利一年持有期混合A,0.03477163028613606,ret_12m,main,79.9,full,1.0,2026-09-17
2702.0,,003900,交银瑞鑫六个月持有期混合A,0.034757384257603885,ret_12m,main,117.1,full,1.0,2026-09-17
2703.0,,017507,东兴连众一年持有期混合A,0.034742750287173996,ret_12m,main,38.1,full,1.0,2026-09-17
2704.0,,003282,中信保诚至裕混合A,0.03458110629745503,ret_12m,main,119.6,full,1.0,2026-09-17
2705.0,,005823,泰康颐享混合A,0.03456142644626459,ret_12m,main,99.2,full,1.0,2026-09-17
2706.0,,004965,泓德致远混合A,0.03448088494420065,ret_12m,main,108.6,full,1.0,2026-09-17
2707.0,,013051,汇泉臻心致远混合A,0.03444234888363007,ret_12m,main,58.5,full,1.0,2026-09-17
2708.0,,010797,长城优选回报六个月持有混合A,0.03434681656368799,ret_12m,main,67.9,full,1.0,2026-09-17
2709.0,,003126,长信易进混合A,0.03432675386178663,ret_12m,main,116.8,full,1.0,2026-09-17
2710.0,,001202,东方红领先精选混合A,0.034104392771118874,ret_12m,main,137.0,full,1.0,2026-09-17
2711.0,,018405,朱雀产业精选混合A,0.03403076510627878,ret_12m,main,38.7,full,1.0,2026-09-17
2712.0,,003343,鹏华弘惠灵活配置混合A,0.033959341910897445,ret_12m,main,119.7,full,1.0,2026-09-17
2713.0,,011921,富国均衡成长三年持有期混合A,0.033944623171867194,ret_12m,main,60.0,full,1.0,2026-09-17
2714.0,,012107,泓德瑞嘉三年持有期混合A,0.033912275359642585,ret_12m,main,63.8,full,1.0,2026-09-17
2715.0,,020495,建信研究精选混合A,0.03389991693280714,ret_12m,main,27.2,short,1.0,2026-09-17
2716.0,,014203,鹏扬产业趋势一年持有混合A,0.03387324442688033,ret_12m,main,55.7,full,1.0,2026-09-17
2717.0,,519752,交银新回报灵活配置混合A,0.03367003970481175,ret_12m,main,136.1,full,1.0,2026-09-17
2718.0,,010981,兴全汇虹一年持有混合A,0.03361888474660524,ret_12m,main,65.8,full,1.0,2026-09-17
2719.0,,001110,中欧瑾泉灵活配置混合A,0.0334702700571734,ret_12m,main,138.1,full,1.0,2026-09-17
2720.0,,160805,长盛同智优势混合(LOF),0.03340625686296139,ret_12m,main,235.8,full,1.0,2026-09-17
2721.0,,000436,易方达裕惠定开混合A,0.033360452229441284,ret_12m,main,153.0,full,1.0,2026-09-17
2722.0,,014339,长江智能制造混合发起式A,0.03333020083948823,ret_12m,main,56.6,full,1.0,2026-09-17
2723.0,,009618,交银启汇混合A,0.03331268224180328,ret_12m,main,74.3,full,1.0,2026-09-17
2724.0,,022224,泓德智选领航混合A,0.03328902729716532,ret_12m,main,22.8,short,1.0,2026-09-17
2725.0,,024709,中金精选股票A,0.03321114427929306,ret_12m,main,14.6,short,1.0,2026-09-17
2726.0,,003839,易方达瑞通灵活配置混合A,0.033162786998014226,ret_12m,main,117.3,full,1.0,2026-09-17
2727.0,,010940,大成安享得利六月持有混合A,0.03313969527484106,ret_12m,main,64.9,full,1.0,2026-09-17
2728.0,,011521,鹏扬景源一年持有混合A,0.03301026608946911,ret_12m,main,66.3,full,1.0,2026-09-17
2729.0,,003591,华泰柏瑞享利混合A,0.03299287818805663,ret_12m,main,116.6,full,1.0,2026-09-17
2730.0,,001150,融通互联网传媒灵活配置混合A,0.03298441639901273,ret_12m,main,137.1,full,1.0,2026-09-17
2731.0,,012277,国泰佳益混合A,0.03297107188303139,ret_12m,main,62.9,full,1.0,2026-09-17
2732.0,,005876,易方达鑫转增利混合A,0.03290668173342315,ret_12m,main,94.3,full,1.0,2026-09-17
2733.0,,005120,摩根量化多因子混合,0.032877934083856974,ret_12m,main,103.9,full,1.0,2026-09-17
2734.0,,012292,泰康鼎泰一年持有期混合A,0.03284638143727814,ret_12m,main,57.1,full,1.0,2026-09-17
2735.0,,010683,国联景颐6个月持有混合A,0.03262760397360709,ret_12m,main,67.6,full,1.0,2026-09-17
2736.0,,003670,国联物联网主题A,0.03259383799012605,ret_12m,main,114.6,full,1.0,2026-09-17
2737.0,,003189,汇添富保鑫灵活配置混合A,0.032573583456783295,ret_12m,main,119.6,full,1.0,2026-09-17
2738.0,,005421,中欧嘉泽灵活配置混合,0.03254016604968757,ret_12m,main,103.7,full,1.0,2026-09-17
2739.0,,013144,富国安诚回报12个月持有期混合C,0.032535294669579384,ret_12m,main,59.1,full,1.0,2026-09-17
2740.0,,020064,西部利得科技创新混合A,0.032523587980453295,ret_12m,main,33.0,short,1.0,2026-09-17
2741.0,,013769,博时稳益9个月持有混合A,0.03243671986245755,ret_12m,main,58.3,full,1.0,2026-09-17
2742.0,,160323,华夏磐泰混合(LOF)A,0.03240940940232928,ret_12m,main,116.7,full,1.0,2026-09-17
2743.0,,011095,博时恒泽混合A,0.03227896078024006,ret_12m,main,67.3,full,1.0,2026-09-17
2744.0,,009819,嘉实鑫福一年持有期混合,0.032251643432246846,ret_12m,main,48.8,full,1.0,2026-09-17
2745.0,,161611,融通内需驱动混合A,0.032249556516960265,ret_12m,main,208.9,full,1.0,2026-09-17
2746.0,,000030,长城核心优选混合A,0.03221795522933024,ret_12m,main,161.0,full,1.0,2026-09-17
2747.0,,008375,中欧启航三年混合A,0.03215919394549771,ret_12m,main,80.8,full,1.0,2026-09-17
2748.0,,014094,南方誉盈一年持有混合A,0.03214876617454698,ret_12m,main,57.5,full,1.0,2026-09-17
2749.0,,021979,兴全红利量化选股股票A,0.031989041942828145,ret_12m,main,22.5,short,1.0,2026-09-17
2750.0,,002584,富安达长盈灵活配置混合A,0.031756282143837966,ret_12m,main,124.2,full,1.0,2026-09-17
2751.0,,019752,海富通悦享一年持有期混合A,0.03167327976666856,ret_12m,main,33.2,short,1.0,2026-09-17
2752.0,,008537,兴银研究精选股票A,0.03158004153771876,ret_12m,main,73.6,full,1.0,2026-09-17
2753.0,,002593,富国美丽中国混合A,0.031485597354289796,ret_12m,main,124.0,full,1.0,2026-09-17
2754.0,,012250,安信平衡增利混合A,0.031441921072513423,ret_12m,main,57.2,full,1.0,2026-09-17
2755.0,,001570,南方利安A,0.03137186895303845,ret_12m,main,129.9,full,1.0,2026-09-17
2756.0,,016978,博时均衡优选混合A,0.03132484698203175,ret_12m,main,42.4,full,1.0,2026-09-17
2757.0,,013358,上银高质量优选9个月持有混合A,0.031240226292687412,ret_12m,main,58.4,full,1.0,2026-09-17
2758.0,,001710,安信新趋势混合A,0.031223699529380644,ret_12m,main,117.3,full,1.0,2026-09-17
2759.0,,011050,天弘裕新混合A,0.031179489971068453,ret_12m,main,60.5,full,1.0,2026-09-17
2760.0,,013360,华夏磐泰混合C,0.03117547348250649,ret_12m,main,58.4,full,1.0,2026-09-17
2761.0,,001303,银华稳利灵活配置混合A,0.03116386925081338,ret_12m,main,135.9,full,1.0,2026-09-17
2762.0,,000894,中欧睿达6个月持有混合A,0.031060794865902297,ret_12m,main,141.5,full,1.0,2026-09-17
2763.0,,019610,财通数字经济智选混合发起A,0.031014433037509948,ret_12m,main,27.4,short,1.0,2026-09-17
2764.0,,519115,浦银红利精选混合A,0.030999550709785773,ret_12m,main,201.5,full,1.0,2026-09-17
2765.0,,019361,富国核心优势混合发起式A,0.030998361048522716,ret_12m,main,33.5,short,1.0,2026-09-17
2766.0,,015258,鹏华稳享一年持有期混合A,0.03091077841617751,ret_12m,main,50.0,full,1.0,2026-09-17
2767.0,,011208,泰康招享混合A,0.0308645567565351,ret_12m,main,51.5,full,1.0,2026-09-17
2768.0,,014462,光大汇佳混合A,0.030825579253360935,ret_12m,main,49.7,full,1.0,2026-09-17
2769.0,,008116,银华沪深股通精选混合A,0.03080818325493473,ret_12m,main,76.1,full,1.0,2026-09-17
2770.0,,009611,兴全汇享一年持有混合A,0.030806340606693627,ret_12m,main,74.3,full,1.0,2026-09-17
2771.0,,001657,长安鑫富领先混合A,0.030729305651794103,ret_12m,main,114.8,full,1.0,2026-09-17
2772.0,,008869,大成恒享混合A,0.030709702521175997,ret_12m,main,78.4,full,1.0,2026-09-17
2773.0,,015217,鹏扬成长领航混合A,0.030691294914634515,ret_12m,main,46.9,full,1.0,2026-09-17
2774.0,,001905,华安安益灵活配置混合A,0.03068182428336219,ret_12m,main,130.0,full,1.0,2026-09-17
2775.0,,002745,华银丰利,0.030596784195990212,ret_12m,main,122.9,full,1.0,2026-09-17
2776.0,,022119,平安产业趋势混合A,0.030556757202937712,ret_12m,main,21.0,short,1.0,2026-09-17
2777.0,,011532,工银聚丰混合A,0.030552652939838554,ret_12m,main,63.7,full,1.0,2026-09-17
2778.0,,004202,华夏泰兴混合A,0.030548743896508634,ret_12m,main,110.1,full,1.0,2026-09-17
2779.0,,020772,中信建投量化选股股票A,0.03048813027368169,ret_12m,main,27.8,short,1.0,2026-09-17
2780.0,,001922,国泰多策略收益灵活配置混合A,0.03045056993990869,ret_12m,main,129.5,full,1.0,2026-09-17
2781.0,,001574,中海混改红利混合A,0.030412981590398402,ret_12m,main,130.2,full,1.0,2026-09-17
2782.0,,016781,湘财研究精选一年持有期混合A,0.030310827770929194,ret_12m,main,45.1,full,1.0,2026-09-17
2783.0,,004716,中信保诚量化阿尔法股票A,0.03026704940485625,ret_12m,main,110.2,full,1.0,2026-09-17
2784.0,,009268,创金合信稳健增利6个月持有期A,0.03024218521509625,ret_12m,main,73.9,full,1.0,2026-09-17
2785.0,,015219,鹏扬产业智选一年持有混合A,0.030122227961951742,ret_12m,main,48.5,full,1.0,2026-09-17
2786.0,,450004,国富深化价值混合A,0.030109350547653957,ret_12m,main,218.5,full,1.0,2026-09-17
2787.0,,163810,中银价值混合A,0.03010241668216196,ret_12m,main,192.8,full,1.0,2026-09-17
2788.0,,011018,景顺长城安泽回报一年持有混合A,0.030055458341401442,ret_12m,main,65.6,full,1.0,2026-09-17
2789.0,,011249,嘉实稳裕混合A,0.03005466296338488,ret_12m,main,60.1,full,1.0,2026-09-17
2790.0,,014151,国富鑫享价值混合A,0.03004501650885949,ret_12m,main,51.6,full,1.0,2026-09-17
2791.0,,540001,汇丰晋信2016周期混合A,0.030033283522397092,ret_12m,main,243.8,full,1.0,2026-09-17
2792.0,,519613,银河君尚混合A,0.03002464213983047,ret_12m,main,121.0,full,1.0,2026-09-17
2793.0,,000967,华泰柏瑞创新动力混合,0.029979353536128128,ret_12m,main,139.3,full,1.0,2026-09-17
2794.0,,014772,中泰红利价值一年持有混合发起,0.029972942171174966,ret_12m,main,53.8,full,1.0,2026-09-17
2795.0,,011542,鹏华远见回报三年持有混合,0.029818639916226797,ret_12m,main,65.8,full,1.0,2026-09-17
2796.0,,011761,平安鑫瑞混合A,0.029707585309292073,ret_12m,main,63.5,full,1.0,2026-09-17
2797.0,,000753,华宝量化对冲混合A,0.029616691861677147,ret_12m,main,144.0,full,1.0,2026-09-17
2798.0,,009029,工银高质量成长混合A,0.029614897864188583,ret_12m,main,75.0,full,1.0,2026-09-17
2799.0,,019015,中欧国企红利混合A,0.02959267923897846,ret_12m,main,35.7,short,1.0,2026-09-17
2800.0,,011793,建信智能汽车股票,0.02957416744043395,ret_12m,main,60.2,full,1.0,2026-09-17
2801.0,,217002,招商安泰平衡混合,0.02955520952063395,ret_12m,main,280.7,full,1.0,2026-09-17
2802.0,,014657,中欧融享增益一年持有期混合A,0.02951245378277645,ret_12m,main,55.7,full,1.0,2026-09-17
2803.0,,050008,博时第三产业混合,0.029487123312480712,ret_12m,main,232.8,full,1.0,2026-09-17
2804.0,,017742,中欧行业鑫选混合A,0.02936209578435367,ret_12m,main,39.1,full,1.0,2026-09-17
2805.0,,024461,宏利睿智领航混合A,0.02930945686852504,ret_12m,main,14.9,short,0.9644,2026-09-17
2806.0,,011387,工银宁瑞6个月持有期混合A,0.029274659107050738,ret_12m,main,64.0,full,1.0,2026-09-17
2807.0,,010543,中加科鑫混合A,0.02892940204966843,ret_12m,main,63.7,full,1.0,2026-09-17
2808.0,,012256,安信丰穗一年持有混合A,0.028887525777576695,ret_12m,main,55.9,full,1.0,2026-09-17
2809.0,,010547,博时恒进持有期混合A,0.028840405885177223,ret_12m,main,69.5,full,1.0,2026-09-17
2810.0,,013657,同泰同欣混合A,0.028838130077011304,ret_12m,main,56.7,full,1.0,2026-09-17
2811.0,,008110,九泰科盈价值混合A,0.02879889620372733,ret_12m,main,78.2,full,1.0,2026-09-17
2812.0,,001115,广发聚安混合A,0.02879559065998727,ret_12m,main,137.8,full,1.0,2026-09-17
2813.0,,012137,景顺长城安瑞混合A,0.02878610607843335,ret_12m,main,47.8,full,1.0,2026-09-17
2814.0,,163110,申万菱信量化小盘股票(LOF)A,0.028754422348862274,ret_12m,main,183.1,full,1.0,2026-09-17
2815.0,,160311,华夏蓝筹混合(LOF)A,0.028741901653669633,ret_12m,main,232.3,full,1.0,2026-09-17
2816.0,,001139,华安新动力灵活配置混合A,0.02872662605132681,ret_12m,main,137.8,full,1.0,2026-09-17
2817.0,,012719,华夏新兴经济一年持有混合A,0.028698066477739426,ret_12m,main,61.7,full,1.0,2026-09-17
2818.0,,010219,汇添富稳健添益一年持有混合,0.02865291803890635,ret_12m,main,67.9,full,1.0,2026-09-17
2819.0,,014697,南方誉稳一年持有混合A,0.028644820538685112,ret_12m,main,52.4,full,1.0,2026-09-17
2820.0,,005293,诺德新旺,0.02855800266826769,ret_12m,main,103.3,full,1.0,2026-09-17
2821.0,,009387,嘉实稳福混合A,0.02855708911701549,ret_12m,main,76.3,full,1.0,2026-09-17
2822.0,,202005,南方成份精选混合A,0.028335096978290508,ret_12m,main,232.1,full,1.0,2026-09-17
2823.0,,090019,大成景恒混合A,0.028271025454109866,ret_12m,main,171.1,full,1.0,2026-09-17
2824.0,,008966,博时成长优选灵活配置混合A,0.028241147488171636,ret_12m,main,78.3,full,1.0,2026-09-17
2825.0,,009820,嘉实浦惠6个月持有期混合A,0.028163317633779217,ret_12m,main,71.1,full,1.0,2026-09-17
2826.0,,080008,长盛战略新兴产业混合A,0.02811820365631834,ret_12m,main,178.7,full,1.0,2026-09-17
2827.0,,007825,博道志远混合A,0.028072269811042938,ret_12m,main,84.0,full,1.0,2026-09-17
2828.0,,012014,工银聚润6个月持有混合A,0.02807088007874592,ret_12m,main,61.7,full,1.0,2026-09-17
2829.0,,004010,华泰柏瑞鼎利灵活配置混合A,0.028063563904835664,ret_12m,main,116.8,full,1.0,2026-09-17
2830.0,,003984,嘉实新能源新材料股票A,0.027964780425306035,ret_12m,main,114.1,full,1.0,2026-09-17
2831.0,,011527,博时恒悦6个月持有混合A,0.027915789819872083,ret_12m,main,66.1,full,1.0,2026-09-17
2832.0,,021513,富国港股通红利精选混合A,0.02791254110464103,ret_12m,main,25.1,short,1.0,2026-09-17
2833.0,,009264,泓德瑞兴三年持有期混合,0.02788853085239129,ret_12m,main,74.1,full,1.0,2026-09-17
2834.0,,013190,国联景惠混合A,0.027863732577002587,ret_12m,main,57.8,full,1.0,2026-09-17
2835.0,,010018,招商瑞泽一年持有期混合A,0.02781188811038926,ret_12m,main,72.7,full,1.0,2026-09-17
2836.0,,004075,交银医药创新股票A,0.02780405407932296,ret_12m,main,113.8,full,1.0,2026-09-17
2837.0,,519937,长信先锐混合A,0.02774080111757038,ret_12m,main,123.5,full,1.0,2026-09-17
2838.0,,002027,中加心享混合A,0.027709269496232647,ret_12m,main,129.5,full,1.0,2026-09-17
2839.0,,011989,汇安鑫泽稳健一年持有期混合A,0.02770502951506315,ret_12m,main,61.5,full,1.0,2026-09-17
2840.0,,002833,华夏新锦绣混合A,0.027654879031725477,ret_12m,main,120.8,full,1.0,2026-09-17
2841.0,,024596,财通成长量化选股混合A,0.027585307572170148,ret_12m,main,13.2,short,0.9644,2026-09-17
2842.0,,730001,方正富邦创新动力混合A,0.02739811574030715,ret_12m,main,176.7,full,1.0,2026-09-17
2843.0,,011956,鹏华新能源精选混合A,0.02724762750785814,ret_12m,main,61.9,full,1.0,2026-09-17
2844.0,,023606,平安鑫瑞混合F,0.027241568410034445,ret_12m,main,18.4,short,1.0,2026-09-17
2845.0,,012833,交银鸿信一年持有期混合A,0.02722718392917134,ret_12m,main,61.4,full,1.0,2026-09-17
2846.0,,009782,富国兴泉回报12个月持有期混合A,0.02714189370839737,ret_12m,main,72.9,full,1.0,2026-09-17
2847.0,,001164,中欧琪和灵活配置混合A,0.027064025470727282,ret_12m,main,137.4,full,1.0,2026-09-17
2848.0,,001755,嘉实新思路混合A,0.02704832045688188,ret_12m,main,125.2,full,1.0,2026-09-17
2849.0,,018054,鹏扬景添一年持有混合A,0.027032866884784124,ret_12m,main,35.7,short,1.0,2026-09-17
2850.0,,620007,金元顺安优质精选混合A,0.02702375030360904,ret_12m,main,181.1,full,1.0,2026-09-17
2851.0,,001790,国泰智能汽车股票A,0.026921972924897952,ret_12m,main,109.5,full,1.0,2026-09-17
2852.0,,013485,尚正竞争优势混合发起A,0.0268871678157383,ret_12m,main,58.5,full,1.0,2026-09-17
2853.0,,673030,西部利得多策略优选混合C,0.02687248270781728,ret_12m,main,133.7,full,1.0,2026-09-17
2854.0,,012826,工银聚宁9个月持有期混合A,0.02684120270707524,ret_12m,main,60.7,full,1.0,2026-09-17
2855.0,,000690,前海开源大海洋混合,0.0268111370661277,ret_12m,main,145.6,full,1.0,2026-09-17
2856.0,,010404,博道盛利6个月持有期混合,0.02675835410703753,ret_12m,main,68.8,full,1.0,2026-09-17
2857.0,,161232,国投瑞银瑞盛混合(LOF)A,0.026732708848566267,ret_12m,main,123.8,full,1.0,2026-09-17
2858.0,,004083,国联安鑫隆混合A,0.02662137837780776,ret_12m,main,114.5,full,1.0,2026-09-17
2859.0,,001403,招商国企改革主题混合基金,0.026507083762542738,ret_12m,main,134.6,full,1.0,2026-09-17
2860.0,,004100,鹏华安益增强混合D,0.026483293172917755,ret_12m,main,114.8,full,1.0,2026-09-17
2861.0,,017265,招商瑞成1年持有期混合A,0.02630736039337056,ret_12m,main,37.6,full,1.0,2026-09-17
2862.0,,022237,融通央企精选混合A,0.026303811128980614,ret_12m,main,17.8,short,1.0,2026-09-17
2863.0,,013969,华夏永利一年持有混合A,0.02627024143528267,ret_12m,main,55.7,full,1.0,2026-09-17
2864.0,,163417,兴全合宜混合(LOF)A,0.026126142008727093,ret_12m,main,103.8,full,1.0,2026-09-17
2865.0,,010846,南方卓越优选3个月持有期混合A,0.02608977410278679,ret_12m,main,67.2,full,1.0,2026-09-17
2866.0,,019470,华夏信兴回报混合A,0.02606858152525615,ret_12m,main,33.9,short,1.0,2026-09-17
2867.0,,013041,鹏扬景浦一年持有混合A,0.026041384147110547,ret_12m,main,60.3,full,1.0,2026-09-17
2868.0,,012121,华夏永润六个月持有混合A,0.026023161118989835,ret_12m,main,58.6,full,1.0,2026-09-17
2869.0,,009716,博时恒盛持有期混合A,0.025984780052317413,ret_12m,main,73.6,full,1.0,2026-09-17
2870.0,,020236,路博迈中国动力股票A,0.02594389049177237,ret_12m,main,28.7,short,1.0,2026-09-17
2871.0,,002015,南方荣光A,0.025878207098612327,ret_12m,main,129.9,full,1.0,2026-09-17
2872.0,,005644,广发沪港深龙头混合,0.02567399847261642,ret_12m,main,101.9,full,1.0,2026-09-17
2873.0,,004677,博时战略新兴产业混合,0.025657215552015167,ret_12m,main,109.3,full,1.0,2026-09-17
2874.0,,011118,汇添富稳健睿选一年持有混合A,0.02556610350075994,ret_12m,main,66.5,full,1.0,2026-09-17
2875.0,,014460,平安品质优选混合A,0.025564917047580016,ret_12m,main,56.6,full,1.0,2026-09-17
2876.0,,010058,天弘荣创一年持有混合A,0.025511806485927213,ret_12m,main,71.6,full,1.0,2026-09-17
2877.0,,000612,华宝生态中国混合A,0.02547686360243695,ret_12m,main,147.2,full,1.0,2026-09-17
2878.0,,013995,嘉实融惠混合A,0.02545108842990107,ret_12m,main,54.6,full,1.0,2026-09-17
2879.0,,008893,创金合信鑫利混合A,0.02538923120550085,ret_12m,main,80.0,full,1.0,2026-09-17
2880.0,,008370,国泰研究精选两年持有混合,0.02536655874341598,ret_12m,main,80.8,full,1.0,2026-09-17
2881.0,,009133,汇安嘉利混合A,0.025348092857456095,ret_12m,main,76.9,full,1.0,2026-09-17
2882.0,,011004,永赢鑫盛混合A,0.025234574133087717,ret_12m,main,67.4,full,1.0,2026-09-17
2883.0,,376510,摩根大盘蓝筹股票A,0.025039748781004345,ret_12m,main,188.9,full,1.0,2026-09-17
2884.0,,013912,中欧招益稳健一年持有混合A,0.02502075258025438,ret_12m,main,56.4,full,1.0,2026-09-17
2885.0,,011220,南方匠心优选股票A,0.025020748181372676,ret_12m,main,67.4,full,1.0,2026-09-17
2886.0,,001073,华泰柏瑞量化绝对收益混合,0.02501418520836385,ret_12m,main,134.6,full,1.0,2026-09-17
2887.0,,012667,国联景泓一年持有混合A,0.024962721150248557,ret_12m,main,60.5,full,1.0,2026-09-17
2888.0,,012943,广发稳睿六个月持有混合A,0.024938195568536825,ret_12m,main,60.0,full,1.0,2026-09-17
2889.0,,233006,大摩领先优势混合,0.02493331269500154,ret_12m,main,203.8,full,1.0,2026-09-17
2890.0,,011759,平安鑫盛混合发起式A,0.0248847888393795,ret_12m,main,16.2,short,1.0,2026-09-17
2891.0,,008831,海富通安益对冲混合A,0.024869070391369208,ret_12m,main,79.8,full,1.0,2026-09-17
2892.0,,011073,鹏华安润混合A,0.024793281952024904,ret_12m,main,68.6,full,1.0,2026-09-17
2893.0,,005983,摩根核心精选股票A,0.024780799760910854,ret_12m,main,93.6,full,1.0,2026-09-17
2894.0,,008119,鹏华金享混合A,0.02466026456450332,ret_12m,main,81.6,full,1.0,2026-09-17
2895.0,,011290,前海联合添瑞一年持有混合A,0.024624741802058203,ret_12m,main,64.9,full,1.0,2026-09-17
2896.0,,012010,富国泰享回报6个月持有混合A,0.02452630650169363,ret_12m,main,63.0,full,1.0,2026-09-17
2897.0,,001719,工银国家战略股票,0.024386087262750378,ret_12m,main,127.6,full,1.0,2026-09-17
2898.0,,016902,鑫元欣悦混合A,0.02437263642443055,ret_12m,main,44.2,full,1.0,2026-09-17
2899.0,,002025,广发聚盛混合A,0.024367963251514357,ret_12m,main,129.8,full,1.0,2026-09-17
2900.0,,009977,银华招利一年持有期混合A,0.024351621358145836,ret_12m,main,69.0,full,1.0,2026-09-17
2901.0,,017617,华泰柏瑞招享6个月持有期混合A,0.024305173871105756,ret_12m,main,43.3,full,1.0,2026-09-17
2902.0,,018350,万家欣优混合A,0.024108562741964823,ret_12m,main,38.9,full,1.0,2026-09-17
2903.0,,011508,易方达悦弘一年持有期混合A,0.024094553947716202,ret_12m,main,66.9,full,1.0,2026-09-17
2904.0,,018708,交银悦信精选混合A,0.024067414603827997,ret_12m,main,36.4,full,1.0,2026-09-17
2905.0,,003169,长盛盛辉混合A,0.02405542443623987,ret_12m,main,121.0,full,1.0,2026-09-17
2906.0,,013676,兴银兴慧一年持有混合A,0.024050809381414684,ret_12m,main,58.7,full,1.0,2026-09-17
2907.0,,009064,鹏扬景沃六个月持有期混合A,0.024019670530470716,ret_12m,main,78.1,full,1.0,2026-09-17
2908.0,,005014,泰康景泰回报混合A,0.02396364117373828,ret_12m,main,105.1,full,1.0,2026-09-17
2909.0,,519768,交银优选回报灵活配置混合A,0.023959226152408197,ret_12m,main,124.8,full,1.0,2026-09-17
2910.0,,011516,嘉实浦盈一年持有期混合A,0.023956616828576527,ret_12m,main,66.7,full,1.0,2026-09-17
2911.0,,011442,创金合信鑫瑞混合A,0.023943040108278524,ret_12m,main,64.7,full,1.0,2026-09-17
2912.0,,011562,汇添富稳健盈和一年持有混合,0.023856913086913734,ret_12m,main,65.8,full,1.0,2026-09-17
2913.0,,009525,广发聚荣一年持有混合A,0.023808462405767505,ret_12m,main,74.6,full,1.0,2026-09-17
2914.0,,010444,南方誉尚一年持有期混合A,0.02366026849425329,ret_12m,main,70.2,full,1.0,2026-09-17
2915.0,,014038,交银启诚混合A,0.023630872790705526,ret_12m,main,57.3,full,1.0,2026-09-17
2916.0,,011711,中欧睿泽混合C,0.02362128060492652,ret_12m,main,59.8,full,1.0,2026-09-17
2917.0,,005652,国富天颐混合A,0.023621005305926035,ret_12m,main,101.7,full,1.0,2026-09-17
2918.0,,001190,鹏华弘润混合A,0.023556187433984688,ret_12m,main,137.1,full,1.0,2026-09-17
2919.0,,003495,鹏华弘尚混合A,0.02354959783080579,ret_12m,main,118.7,full,1.0,2026-09-17
2920.0,,001331,鹏华弘信混合A,0.0234608461409318,ret_12m,main,135.8,full,1.0,2026-09-17
2921.0,,015272,博时恒益稳健一年持有期混合A,0.023456232475818517,ret_12m,main,53.1,full,1.0,2026-09-17
2922.0,,009671,平安恒泽混合A,0.023359652951715937,ret_12m,main,74.1,full,1.0,2026-09-17
2923.0,,023526,凯石元鑫混合发起式A,0.02330749230439122,ret_12m,main,18.4,short,1.0,2026-09-17
2924.0,,010916,交银臻选回报混合A,0.02320708570379426,ret_12m,main,68.8,full,1.0,2026-09-17
2925.0,,005140,华夏睿磐泰荣混合A,0.023185441680297902,ret_12m,main,104.7,full,1.0,2026-09-17
2926.0,,001355,广发聚泰混合A,0.02318229689434248,ret_12m,main,135.3,full,1.0,2026-09-17
2927.0,,001522,博时新策略灵活配置混合A,0.023165962390577555,ret_12m,main,129.8,full,1.0,2026-09-17
2928.0,,710002,富安达策略精选混合A,0.023117912677344643,ret_12m,main,172.7,full,1.0,2026-09-17
2929.0,,004852,广发价值回报混合A,0.023046666078973432,ret_12m,main,105.6,full,1.0,2026-09-17
2930.0,,002639,天弘价值精选混合发起A,0.02286849388656509,ret_12m,main,123.0,full,1.0,2026-09-17
2931.0,,008833,银华汇盈一年持有期混合A,0.02282277233841623,ret_12m,main,77.9,full,1.0,2026-09-17
2932.0,,009210,中欧嘉和三年混合A,0.022751876647189695,ret_12m,main,75.7,full,1.0,2026-09-17
2933.0,,002018,鹏华弘安混合A,0.02244139461163641,ret_12m,main,129.8,full,1.0,2026-09-17
2934.0,,009558,嘉实稳惠6个月持有期混合A,0.022327515974394085,ret_12m,main,69.7,full,1.0,2026-09-17
2935.0,,003456,信澳新目标灵活配置混合A,0.02228116728576568,ret_12m,main,118.9,full,1.0,2026-09-17
2936.0,,001281,长安鑫利优选混合A,0.022248492012636678,ret_12m,main,136.0,full,1.0,2026-09-17
2937.0,,013387,长城价值领航混合A,0.02224615918585937,ret_12m,main,56.6,full,1.0,2026-09-17
2938.0,,004648,南方安睿混合A,0.022221136743814096,ret_12m,main,110.2,full,1.0,2026-09-17
2939.0,,005303,嘉实医药健康股票A,0.02218480507768361,ret_12m,main,105.4,full,1.0,2026-09-17
2940.0,,013958,华商鑫选回报一年持有混合A,0.022181861090185384,ret_12m,main,51.6,full,1.0,2026-09-17
2941.0,,012096,鑫元鑫动力混合A,0.022167954801317835,ret_12m,main,62.2,full,1.0,2026-09-17
2942.0,,160314,华夏行业混合(LOF),0.02196686709673945,ret_12m,main,225.0,full,1.0,2026-09-17
2943.0,,000696,汇添富环保行业股票,0.021723875033185625,ret_12m,main,144.0,full,1.0,2026-09-17
2944.0,,005901,诺安汇利混合A,0.021719302872396318,ret_12m,main,98.2,full,1.0,2026-09-17
2945.0,,016637,博道和瑞多元稳健6个月持有混合A,0.02162254386887752,ret_12m,main,46.8,full,1.0,2026-09-17
2946.0,,010522,华安添禧一年持有期混合A,0.021513718776170032,ret_12m,main,63.4,full,1.0,2026-09-17
2947.0,,006624,中泰玉衡价值优选混合A,0.02143660305868278,ret_12m,main,90.0,full,1.0,2026-09-17
2948.0,,002690,前海开源恒泽混合A,0.02139888989404537,ret_12m,main,122.1,full,1.0,2026-09-17
2949.0,,009377,招商瑞恒一年持有期混合A,0.021319409809596346,ret_12m,main,75.9,full,1.0,2026-09-17
2950.0,,011128,华安精致生活混合A,0.021317854709894668,ret_12m,main,66.3,full,1.0,2026-09-17
2951.0,,005664,鹏扬景欣混合A,0.021214934304476518,ret_12m,main,100.3,full,1.0,2026-09-17
2952.0,,013936,广发睿升混合A,0.021133216736037186,ret_12m,main,55.7,full,1.0,2026-09-17
2953.0,,004988,人保双利A,0.021031451539773593,ret_12m,main,105.4,full,1.0,2026-09-17
2954.0,,009130,鹏扬景恒六个月持有混合A,0.0209111548494747,ret_12m,main,76.9,full,1.0,2026-09-17
2955.0,,009822,鹏华招华一年持有期混合A,0.02088939950766089,ret_12m,main,73.0,full,1.0,2026-09-17
2956.0,,002009,中欧瑾通灵活配置混合A,0.020857810129721654,ret_12m,main,130.0,full,1.0,2026-09-17
2957.0,,018465,嘉实稳健添翼一年持有混合A,0.020818224281300646,ret_12m,main,39.2,full,1.0,2026-09-17
2958.0,,008757,九泰聚鑫混合A,0.020806618002809918,ret_12m,main,74.3,full,1.0,2026-09-17
2959.0,,206001,鹏华弘泰A,0.020798731387995817,ret_12m,main,291.8,full,1.0,2026-09-17
2960.0,,005371,中加心悦混合A,0.020671629395778712,ret_12m,main,102.3,full,1.0,2026-09-17
2961.0,,011824,浙商汇金量化臻选股票A,0.020604071183979444,ret_12m,main,62.6,full,1.0,2026-09-17
2962.0,,001136,易方达裕如灵活配置混合A,0.020507344943961003,ret_12m,main,137.8,full,1.0,2026-09-17
2963.0,,014678,永赢添添悦6个月持有混合A,0.02043587871102992,ret_12m,main,49.7,full,1.0,2026-09-17
2964.0,,021167,中泰红利量化选股股票发起A,0.02042461649471261,ret_12m,main,27.4,short,1.0,2026-09-17
2965.0,,010322,大摩新兴产业股票,0.020398203577602247,ret_12m,main,66.7,full,1.0,2026-09-17
2966.0,,011271,汇添富价值成长均衡投资混合A,0.020363451199304716,ret_12m,main,67.4,full,1.0,2026-09-17
2967.0,,001566,南方利达A,0.020352007263858773,ret_12m,main,134.3,full,1.0,2026-09-17
2968.0,,007303,京管泰富优势混合A,0.020317946316085855,ret_12m,main,34.0,short,1.0,2026-09-17
2969.0,,017224,国泰悦益六个月持有混合A,0.020184461277576116,ret_12m,main,44.0,full,1.0,2026-09-17
2970.0,,013694,弘毅远方久盈混合A,0.02014701801314711,ret_12m,main,51.4,full,1.0,2026-09-17
2971.0,,001447,天弘惠利混合A,0.020121396770388822,ret_12m,main,135.3,full,1.0,2026-09-17
2972.0,,002955,融通新趋势灵活配置混合,0.019966852580240335,ret_12m,main,121.0,full,1.0,2026-09-17
2973.0,,001405,东方红策略精选混合A,0.019942588529727523,ret_12m,main,135.4,full,1.0,2026-09-17
2974.0,,005523,泰康颐年混合A,0.019912084222347026,ret_12m,main,99.6,full,1.0,2026-09-17
2975.0,,011748,华泰柏瑞景气成长混合A,0.019713667646560573,ret_12m,main,60.1,full,1.0,2026-09-17
2976.0,,013189,嘉实稳健添利一年持有混合,0.01971301994237118,ret_12m,main,60.1,full,1.0,2026-09-17
2977.0,,021975,创金合信红利甄选量化选股混合A,0.0195817805412406,ret_12m,main,21.5,short,1.0,2026-09-17
2978.0,,000556,国投瑞银新机遇灵活配置混合A,0.019497384195318768,ret_12m,main,150.2,full,1.0,2026-09-17
2979.0,,166009,中欧新动力混合(LOF)A,0.01948536891780228,ret_12m,main,187.2,full,1.0,2026-09-17
2980.0,,000215,广发趋势优选灵活配置混合A,0.01942213864709852,ret_12m,main,156.2,full,1.0,2026-09-17
2981.0,,009077,红土创新稳进混合A,0.019403778254925452,ret_12m,main,78.4,full,1.0,2026-09-17
2982.0,,009005,创金合信鑫祺混合A,0.019363250680480615,ret_12m,main,78.5,full,1.0,2026-09-17
2983.0,,213002,宝盈泛沿海增长混合,0.01934945733575777,ret_12m,main,258.3,full,1.0,2026-09-17
2984.0,,014811,平安兴奕成长1年持有混合A,0.019342201214235022,ret_12m,main,55.7,full,1.0,2026-09-17
2985.0,,010697,国联行业先锋6个月持有混合A,0.019278507819405766,ret_12m,main,67.2,full,1.0,2026-09-17
2986.0,,012473,大成成长回报六个月持有混合A,0.019252282836051737,ret_12m,main,61.5,full,1.0,2026-09-17
2987.0,,017454,国泰慧益一年持有混合A,0.019206309582540992,ret_12m,main,37.1,full,1.0,2026-09-17
2988.0,,020354,农银瑞益一年持有混合A,0.019202830359095202,ret_12m,main,31.8,short,1.0,2026-09-17
2989.0,,011576,鹏华安诚混合A,0.01917429072589405,ret_12m,main,60.3,full,1.0,2026-09-17
2990.0,,006529,中欧匠心两年持有期混合A,0.019142490573435866,ret_12m,main,87.2,full,1.0,2026-09-17
2991.0,,010879,南方宝升混合A,0.01904081771816024,ret_12m,main,68.1,full,1.0,2026-09-17
2992.0,,011572,鹏华安荣混合A,0.018980535261530207,ret_12m,main,59.8,full,1.0,2026-09-17
2993.0,,012445,华富新能源股票型发起式A,0.01894328401547396,ret_12m,main,62.6,full,1.0,2026-09-17
2994.0,,002783,东方红价值精选混合A,0.01883155085795174,ret_12m,main,119.8,full,1.0,2026-09-17
2995.0,,010056,平安瑞兴1年持有混合A,0.018725019813618182,ret_12m,main,70.4,full,1.0,2026-09-17
2996.0,,011784,天弘招添利混合发起A,0.018623775351495286,ret_12m,main,65.9,full,1.0,2026-09-17
2997.0,,519766,交银荣鑫灵活配置混合A,0.018598724263919175,ret_12m,main,125.8,full,1.0,2026-09-17
2998.0,,660003,农银平衡双利混合,0.018565655626004096,ret_12m,main,209.3,full,1.0,2026-09-17
2999.0,,620002,金元顺安成长动力混合,0.01839342154302237,ret_12m,main,216.4,full,1.0,2026-09-17
3000.0,,010775,博时恒旭持有期混合A,0.018326651498922875,ret_12m,main,69.0,full,1.0,2026-09-17
3001.0,,009260,民生加银聚利6个月混合A,0.018182135352589723,ret_12m,main,76.1,full,1.0,2026-09-17
3002.0,,012299,浦银安裕回报一年持有期混合A,0.01817442856736995,ret_12m,main,60.6,full,1.0,2026-09-17
3003.0,,018212,兴银稳惠180天持有期混合A,0.018166899272963555,ret_12m,main,40.7,full,1.0,2026-09-17
3004.0,,001329,鹏华弘实混合A,0.018155260695496223,ret_12m,main,135.8,full,1.0,2026-09-17
3005.0,,000743,红塔红土盛世普益混合发起式,0.018127221472217014,ret_12m,main,144.0,full,1.0,2026-09-17
3006.0,,019692,信澳鑫悦智选6个月持有期混合A,0.017997519972697162,ret_12m,main,32.9,short,1.0,2026-09-17
3007.0,,017998,中欧融恒平衡混合A,0.017992295394330338,ret_12m,main,41.9,full,1.0,2026-09-17
3008.0,,010132,南方创新成长混合A,0.01797458342396907,ret_12m,main,72.0,full,1.0,2026-09-17
3009.0,,012253,鹏扬景润一年持有混合A,0.017785106494094816,ret_12m,main,61.4,full,1.0,2026-09-17
3010.0,,519175,浦银经济带崛起混合A,0.017781116091043936,ret_12m,main,115.3,full,1.0,2026-09-17
3011.0,,004932,招商丰拓灵活混合A,0.017764983585496497,ret_12m,main,108.6,full,1.0,2026-09-17
3012.0,,398031,中海蓝筹混合A,0.017762182260178117,ret_12m,main,213.5,full,1.0,2026-09-17
3013.0,,003028,安信新优选混合A,0.017665109474195306,ret_12m,main,121.7,full,1.0,2026-09-17
3014.0,,010707,安信平稳合盈一年持有混合A,0.017658616129150317,ret_12m,main,67.5,full,1.0,2026-09-17
3015.0,,210007,金鹰技术领先灵活配置混合A,0.017635719615001433,ret_12m,main,183.6,full,1.0,2026-09-17
3016.0,,002622,广发稳裕混合A,0.017536689428017116,ret_12m,main,122.7,full,1.0,2026-09-17
3017.0,,001289,银华汇利灵活配置混合A,0.017489842692953506,ret_12m,main,136.1,full,1.0,2026-09-17
3018.0,,180010,银华优质增长混合,0.017435677013024398,ret_12m,main,243.3,full,1.0,2026-09-17
3019.0,,017575,华夏稳兴增益一年持有混合A,0.017435106470192974,ret_12m,main,38.4,full,1.0,2026-09-17
3020.0,,000398,华富灵活配置混合A,0.01734833901347499,ret_12m,main,153.0,full,1.0,2026-09-17
3021.0,,001254,宏利新起点混合A,0.01731085130029486,ret_12m,main,136.1,full,1.0,2026-09-17
3022.0,,000431,鹏华品牌传承混合,0.01728545567333617,ret_12m,main,151.6,full,1.0,2026-09-17
3023.0,,014852,嘉实添惠一年持有期混合A,0.017250861762901915,ret_12m,main,55.2,full,1.0,2026-09-17
3024.0,,004361,摩根安通回报混合A,0.01724754398399031,ret_12m,main,112.7,full,1.0,2026-09-17
3025.0,,008416,鹏扬景瑞三年持有混合A,0.017179818516621648,ret_12m,main,78.9,full,1.0,2026-09-17
3026.0,,010545,中加聚隆持有期混合A,0.016978842296546892,ret_12m,main,65.8,full,1.0,2026-09-17
3027.0,,015047,富安达稳健配置6个月持有期混合,0.016971663556482053,ret_12m,main,52.0,full,1.0,2026-09-17
3028.0,,011238,华安聚恒精选混合A,0.016963664567683168,ret_12m,main,66.0,full,1.0,2026-09-17
3029.0,,165526,中信保诚新旺混合(LOF)A,0.016801437442425016,ret_12m,main,135.0,full,1.0,2026-09-17
3030.0,,016504,广发核心竞争力混合A,0.016773351424083982,ret_12m,main,40.4,full,1.0,2026-09-17
3031.0,,000336,农银研究精选混合,0.016555953109262056,ret_12m,main,154.4,full,1.0,2026-09-17
3032.0,,004495,博时量化平衡混合A,0.016554406045347303,ret_12m,main,112.5,full,1.0,2026-09-17
3033.0,,080001,长盛成长价值混合A,0.016549191713987943,ret_12m,main,288.0,full,1.0,2026-09-17
3034.0,,005076,创金合信优选回报灵活配置混合,0.01644940952583629,ret_12m,main,107.7,full,1.0,2026-09-17
3035.0,,008384,银华汇益一年持有期混合A,0.016446151317783375,ret_12m,main,72.8,full,1.0,2026-09-17
3036.0,,003411,鹏华弘康灵活配置混合A,0.016328455902235195,ret_12m,main,119.6,full,1.0,2026-09-17
3037.0,,002518,民生加银鑫福混合A,0.016318335626060554,ret_12m,main,120.8,full,1.0,2026-09-17
3038.0,,016524,招商均衡成长混合A,0.01631815995295982,ret_12m,main,48.1,full,1.0,2026-09-17
3039.0,,011980,国富匠心精选混合A,0.016251255248894925,ret_12m,main,57.6,full,1.0,2026-09-17
3040.0,,024211,建信鑫稳回报灵活配置混合F,0.0161598736238866,ret_12m,main,15.7,short,0.996,2026-09-17
3041.0,,398051,中海环保新能源混合,0.016142895828282766,ret_12m,main,189.3,full,1.0,2026-09-17
3042.0,,003861,招商兴福混合A,0.01613760748346693,ret_12m,main,117.4,full,1.0,2026-09-17
3043.0,,017421,天弘安康颐睿一年持有混合A,0.01610416657735647,ret_12m,main,42.6,full,1.0,2026-09-17
3044.0,,001203,东方红稳健精选混合A,0.016065827392935716,ret_12m,main,137.0,full,1.0,2026-09-17
3045.0,,014482,华夏融盛可持续一年持有混合A,0.016015661373459666,ret_12m,main,49.7,full,1.0,2026-09-17
3046.0,,010869,汇添富稳健欣享一年持有混合,0.015842364594035097,ret_12m,main,64.6,full,1.0,2026-09-17
3047.0,,660004,农银策略价值混合,0.015812689385579226,ret_12m,main,203.6,full,1.0,2026-09-17
3048.0,,001852,融通中国风1号灵活配置混合A/B,0.01578228905213086,ret_12m,main,127.4,full,1.0,2026-09-17
3049.0,,009568,浙商智多宝稳健一年持有期A,0.015732539354516684,ret_12m,main,73.8,full,1.0,2026-09-17
3050.0,,012502,银华安盛混合,0.015675096531644783,ret_12m,main,61.1,full,1.0,2026-09-17
3051.0,,001797,国新国证新利混合A,0.01558219674523631,ret_12m,main,132.5,full,1.0,2026-09-17
3052.0,,014850,长信稳健成长混合A,0.015565737590346629,ret_12m,main,51.5,full,1.0,2026-09-17
3053.0,,011494,华泰紫金丰和偏债混合发起A,0.015405121681954848,ret_12m,main,62.6,full,1.0,2026-09-17
3054.0,,006398,宝盈祥颐定期开放混合A,0.015326758999870238,ret_12m,main,90.0,full,1.0,2026-09-17
3055.0,,017232,工银稳润一年持有混合A,0.015224815707354233,ret_12m,main,42.6,full,1.0,2026-09-17
3056.0,,005904,华泰保兴成长优选A,0.015156692848291353,ret_12m,main,99.4,full,1.0,2026-09-17
3057.0,,012683,东方红安盈甄选一年持有混合A,0.014948298700987905,ret_12m,main,62.4,full,1.0,2026-09-17
3058.0,,001399,安信鑫安得利混合A,0.014943171779126851,ret_12m,main,135.4,full,1.0,2026-09-17
3059.0,,009400,华安添瑞6个月混合A,0.014824980924041498,ret_12m,main,74.8,full,1.0,2026-09-17
3060.0,,004357,南方智慧混合,0.014823317413011683,ret_12m,main,113.7,full,1.0,2026-09-17
3061.0,,012704,中银兴利稳健回报灵活配置混合A,0.014746362297014759,ret_12m,main,58.4,full,1.0,2026-09-17
3062.0,,003030,安信新目标混合A,0.014699106818245378,ret_12m,main,121.3,full,1.0,2026-09-17
3063.0,,002087,国富新机遇混合A,0.014571803643184777,ret_12m,main,129.9,full,1.0,2026-09-17
3064.0,,001858,建信鑫利灵活配置混合A,0.014565936913693678,ret_12m,main,130.6,full,1.0,2026-09-17
3065.0,,009102,鹏扬红利优选混合A,0.014487774882127713,ret_12m,main,73.9,full,1.0,2026-09-17
3066.0,,011558,天弘宁弘六个月A,0.014424064092033229,ret_12m,main,58.7,full,1.0,2026-09-17
3067.0,,002146,长安鑫益增强混合A,0.014414727261924165,ret_12m,main,126.8,full,1.0,2026-09-17
3068.0,,000418,景顺长城成长之星股票A,0.014343863272702428,ret_12m,main,153.1,full,1.0,2026-09-17
3069.0,,011189,建信智汇优选一年持有期混合(MOM),0.014313927146843097,ret_12m,main,67.7,full,1.0,2026-09-17
3070.0,,002668,兴业聚丰混合A,0.014113090615570423,ret_12m,main,122.2,full,1.0,2026-09-17
3071.0,,002120,广发安悦回报混合A,0.014076695306467268,ret_12m,main,118.3,full,1.0,2026-09-17
3072.0,,011393,中欧融益稳健一年混合A,0.014047596867041934,ret_12m,main,66.5,full,1.0,2026-09-17
3073.0,,001339,兴银鼎新灵活配置A,0.013951747220249056,ret_12m,main,135.8,full,1.0,2026-09-17
3074.0,,011105,长信稳健均衡6个月持有期混合A,0.013949893002078495,ret_12m,main,65.6,full,1.0,2026-09-17
3075.0,,009806,东方红招盈甄选一年混合A,0.013939126541547386,ret_12m,main,72.6,full,1.0,2026-09-17
3076.0,,011408,天弘益新混合A,0.013926502007496344,ret_12m,main,66.0,full,1.0,2026-09-17
3077.0,,012005,信澳恒盛混合A,0.013880695854155523,ret_12m,main,59.8,full,1.0,2026-09-17
3078.0,,015824,博时月月乐同业存单30天持有混合,0.013793205597550928,ret_12m,main,51.4,full,1.0,2026-09-17
3079.0,,009634,鹏华安睿两年持有期混合A,0.013425509618714804,ret_12m,main,73.6,full,1.0,2026-09-17
3080.0,,002118,广发安盈混合A,0.013406604796639021,ret_12m,main,117.3,full,1.0,2026-09-17
3081.0,,233015,大摩量化配置混合A,0.013352806828151653,ret_12m,main,165.2,full,1.0,2026-09-17
3082.0,,013726,惠升惠诚稳健一年持有混合A,0.013285058042735276,ret_12m,main,57.6,full,1.0,2026-09-17
3083.0,,003580,泰康沪港深价值优选混合,0.01328213064494621,ret_12m,main,116.6,full,1.0,2026-09-17
3084.0,,014591,广发瑞誉一年持有期混合A,0.013281419056700106,ret_12m,main,55.9,full,1.0,2026-09-17
3085.0,,011353,国联景盛一年持有混合A,0.013250815420095208,ret_12m,main,64.1,full,1.0,2026-09-17
3086.0,,019352,招商精选企业混合A,0.013218899459629396,ret_12m,main,34.0,short,1.0,2026-09-17
3087.0,,009621,中欧心益稳健6个月混合A,0.013212163998343796,ret_12m,main,74.4,full,1.0,2026-09-17
3088.0,,016995,华泰紫金安恒平衡配置混合发起A,0.013208682955953233,ret_12m,main,44.7,full,1.0,2026-09-17
3089.0,,011818,鹏扬景阳一年持有混合A,0.013202307372383926,ret_12m,main,59.6,full,1.0,2026-09-17
3090.0,,007109,南方沪港深核心优势混合A,0.01313478122795142,ret_12m,main,68.7,full,1.0,2026-09-17
3091.0,,017624,农银瑞云增益6个月持有混合A,0.013116106713956688,ret_12m,main,41.9,full,1.0,2026-09-17
3092.0,,000870,嘉实新收益混合,0.013062118658962119,ret_12m,main,141.2,full,1.0,2026-09-17
3093.0,,013611,工银民瑞一年持有混合A,0.013037104345549944,ret_12m,main,56.6,full,1.0,2026-09-17
3094.0,,006557,海富通研究精选混合A,0.013001839983056263,ret_12m,main,91.6,full,1.0,2026-09-17
3095.0,,007968,华泰柏瑞研究精选A,0.012916612236668401,ret_12m,main,81.9,full,1.0,2026-09-17
3096.0,,013665,银河成长优选一年持有混合A,0.012701346268183533,ret_12m,main,57.7,full,1.0,2026-09-17
3097.0,,080005,长盛量化红利混合A,0.012659348140145354,ret_12m,main,201.7,full,1.0,2026-09-17
3098.0,,013426,贝莱德中国新视野混合A,0.01265313091933895,ret_12m,main,60.3,full,1.0,2026-09-17
3099.0,,011048,天弘恒新混合A,0.012531153920901206,ret_12m,main,62.2,full,1.0,2026-09-17
3100.0,,017669,大成卓远视野混合A,0.01252367015448419,ret_12m,main,27.2,short,1.0,2026-09-17
3101.0,,012027,光大安阳一年持有期混合A,0.012515220236730462,ret_12m,main,63.0,full,1.0,2026-09-17
3102.0,,483003,工银精选平衡混合,0.012506342320554031,ret_12m,main,242.2,full,1.0,2026-09-17
3103.0,,001471,融通新能源灵活配置混合A,0.012492584011946306,ret_12m,main,134.6,full,1.0,2026-09-17
3104.0,,006595,广发港股通优质增长混合A,0.01248292526489414,ret_12m,main,88.4,full,1.0,2026-09-17
3105.0,,011552,鹏华民丰盈和6个月持有混合A,0.012477233614025085,ret_12m,main,65.6,full,1.0,2026-09-17
3106.0,,014241,农银均衡收益混合,0.01241411226754896,ret_12m,main,55.7,full,1.0,2026-09-17
3107.0,,167003,平安鼎弘混合(LOF)A,0.012388227704097421,ret_12m,main,112.7,full,1.0,2026-09-17
3108.0,,004477,嘉实沪港深回报混合,0.012387172392549495,ret_12m,main,113.6,full,1.0,2026-09-17
3109.0,,004617,建信鑫稳回报灵活配置混合A,0.012300563159306499,ret_12m,main,104.9,full,1.0,2026-09-17
3110.0,,011017,鹏扬景明一年混合,0.012289453958547414,ret_12m,main,68.1,full,1.0,2026-09-17
3111.0,,008283,易方达金融行业股票发起式A,0.01227443417430063,ret_12m,main,76.4,full,1.0,2026-09-17
3112.0,,013830,中欧瑾尚混合A,0.012256367518545419,ret_12m,main,58.4,full,1.0,2026-09-17
3113.0,,001800,华安新乐享灵活配置混合A,0.012236701952220264,ret_12m,main,132.2,full,1.0,2026-09-17
3114.0,,100026,富国天合稳健优选混合,0.012198961216645321,ret_12m,main,238.1,full,1.0,2026-09-17
3115.0,,001364,大成景润灵活配置混合A,0.012141882444963281,ret_12m,main,115.7,full,1.0,2026-09-17
3116.0,,012196,招商品质生活混合A,0.01210850029207955,ret_12m,main,63.5,full,1.0,2026-09-17
3117.0,,018329,泉果思源三年持有期混合A,0.012047139197115975,ret_12m,main,39.5,full,1.0,2026-09-17
3118.0,,660001,农银行业成长混合,0.011971863994662657,ret_12m,main,217.4,full,1.0,2026-09-17
3119.0,,008091,中信保诚红利精选混合A,0.01196376780670838,ret_12m,main,80.8,full,1.0,2026-09-17
3120.0,,501189,嘉实产业优选混合(LOF)A,0.01195869926378168,ret_12m,main,98.4,full,1.0,2026-09-17
3121.0,,016517,华泰紫金创新成长混合发起A,0.011794622391219534,ret_12m,main,47.9,full,1.0,2026-09-17
3122.0,,590001,中邮核心优选混合A,0.011792578294185452,ret_12m,main,239.6,full,1.0,2026-09-17
3123.0,,011598,信澳医药健康混合A,0.011759434945497249,ret_12m,main,65.3,full,1.0,2026-09-17
3124.0,,010515,富国天兴回报混合A,0.011715220424124206,ret_12m,main,69.0,full,1.0,2026-09-17
3125.0,,008336,宝盈祥裕增强回报混合A,0.011707548019618486,ret_12m,main,70.7,full,1.0,2026-09-17
3126.0,,009317,金信核心竞争力混合A,0.011668410095605042,ret_12m,main,76.3,full,1.0,2026-09-17
3127.0,,012609,安信稳健汇利一年持有混合A,0.011656524190243767,ret_12m,main,61.2,full,1.0,2026-09-17
3128.0,,001219,摩根动态多因子混合A,0.011562490341702425,ret_12m,main,135.5,full,1.0,2026-09-17
3129.0,,005267,嘉实价值精选股票A,0.011537205137445605,ret_12m,main,106.3,full,1.0,2026-09-17
3130.0,,017886,国富安颐稳健6个月持有期混合A,0.011466113336805916,ret_12m,main,36.2,full,1.0,2026-09-17
3131.0,,410006,华富策略精选混合A,0.011452571437857495,ret_12m,main,212.8,full,1.0,2026-09-17
3132.0,,161722,招商丰泰混合(LOF),0.01139216578695379,ret_12m,main,137.0,full,1.0,2026-09-17
3133.0,,003717,中银量化精选混合A,0.011385826001784949,ret_12m,main,117.1,full,1.0,2026-09-17
3134.0,,012054,鹏华安康一年持有期混合A,0.011338476335580827,ret_12m,main,58.7,full,1.0,2026-09-17
3135.0,,016641,华商稳健泓利一年持有期混合A,0.011335487011083112,ret_12m,main,40.1,full,1.0,2026-09-17
3136.0,,016863,华安招裕一年持有混合A,0.011330066441752162,ret_12m,main,41.7,full,1.0,2026-09-17
3137.0,,019349,中信保诚瑞丰6个月混合A,0.011263555069058517,ret_12m,main,33.6,short,1.0,2026-09-17
3138.0,,013610,中信保诚前瞻优势混合,0.011262607580049933,ret_12m,main,58.7,full,1.0,2026-09-17
3139.0,,168101,九泰锐智事件驱动混合(LOF),0.011169677014750246,ret_12m,main,133.1,full,1.0,2026-09-17
3140.0,,015012,浦银安弘回报一年持有混合A,0.01111630921475748,ret_12m,main,54.5,full,1.0,2026-09-17
3141.0,,020168,广发信远回报混合A,0.011100282199589584,ret_12m,main,31.3,short,1.0,2026-09-17
3142.0,,000893,工银创新动力股票,0.01108769262931486,ret_12m,main,141.2,full,1.0,2026-09-17
3143.0,,012951,汇添富鑫享添利六个月持有混合A,0.011058153908299007,ret_12m,main,61.9,full,1.0,2026-09-17
3144.0,,501066,东方红恒元五年持有混合,0.011020635050088323,ret_12m,main,94.5,full,1.0,2026-09-17
3145.0,,017630,富国周期精选三年持有期混合A,0.011005564200085027,ret_12m,main,43.9,full,1.0,2026-09-17
3146.0,,009273,融通中国风1号灵活配置混合C,0.010800330573482952,ret_12m,main,77.1,full,1.0,2026-09-17
3147.0,,013101,华夏稳福六个月持有混合A,0.010734239928079203,ret_12m,main,56.9,full,1.0,2026-09-17
3148.0,,022495,嘉实红利精选混合发起式A,0.010713302196298624,ret_12m,main,20.8,short,1.0,2026-09-17
3149.0,,400015,东方新能源汽车混合,0.010703390030028404,ret_12m,main,176.7,full,1.0,2026-09-17
3150.0,,013967,广发恒享一年持有期混合A,0.010561402368236328,ret_12m,main,58.1,full,1.0,2026-09-17
3151.0,,011901,南方竞争优势混合A,0.010528170618523403,ret_12m,main,53.6,full,1.0,2026-09-17
3152.0,,017615,广发安颐一年持有期混合A,0.010447659278239874,ret_12m,main,44.0,full,1.0,2026-09-17
3153.0,,000803,工银研究精选股票,0.010309854338613533,ret_12m,main,142.8,full,1.0,2026-09-17
3154.0,,000264,博时内需增长混合A,0.01029339592858447,ret_12m,main,158.1,full,1.0,2026-09-17
3155.0,,010408,安信浩盈6个月持有混合A,0.01029160436502452,ret_12m,main,68.6,full,1.0,2026-09-17
3156.0,,011190,招商瑞安1年持有期混合A,0.010246806501324146,ret_12m,main,64.3,full,1.0,2026-09-17
3157.0,,003845,汇安丰恒灵活配置混合A,0.010242996736308685,ret_12m,main,114.2,full,1.0,2026-09-17
3158.0,,320015,诺安行业轮动混合A,0.0102166807998334,ret_12m,main,184.2,full,1.0,2026-09-17
3159.0,,022299,安信周期优选股票型发起A,0.010206543374854826,ret_12m,main,23.1,short,1.0,2026-09-17
3160.0,,014606,招商高端装备混合A,0.010125521218098177,ret_12m,main,54.5,full,1.0,2026-09-17
3161.0,,020922,汇泉智享量化选股混合A,0.010110012664688917,ret_12m,main,25.4,short,1.0,2026-09-17
3162.0,,002270,东吴安盈量化混合A,0.009886650063199998,ret_12m,main,127.4,full,1.0,2026-09-17
3163.0,,009181,浙商智多兴稳健回报一年持有混合A,0.009800536928017634,ret_12m,main,75.4,full,1.0,2026-09-17
3164.0,,013243,天弘安康颐丰一年持有混合A,0.009726371543009815,ret_12m,main,56.0,full,1.0,2026-09-17
3165.0,,012069,天弘安康颐享12个月持有A,0.009636861521158835,ret_12m,main,63.3,full,1.0,2026-09-17
3166.0,,009135,广发恒隆一年持有混合A,0.009608136804788003,ret_12m,main,77.9,full,1.0,2026-09-17
3167.0,,015891,富国上证50基本面精选股票发起式A,0.009515039580669349,ret_12m,main,49.0,full,1.0,2026-09-17
3168.0,,024462,南方瑞享混合A,0.009345068181900285,ret_12m,main,14.8,short,0.9565,2026-09-17
3169.0,,005833,工银红利优享混合A,0.009304095184735184,ret_12m,main,92.7,full,1.0,2026-09-17
3170.0,,000414,嘉实绝对收益策略定期混合A,0.009302625403097231,ret_12m,main,153.4,full,1.0,2026-09-17
3171.0,,024087,百嘉科技创新混合A,0.009252048058010498,ret_12m,main,12.9,short,0.9605,2026-09-17
3172.0,,005082,诺德量化蓝筹增强混合A,0.009200973492249576,ret_12m,main,104.6,full,1.0,2026-09-17
3173.0,,010369,大成卓享一年持有混合A,0.009017281485293127,ret_12m,main,70.0,full,1.0,2026-09-17
3174.0,,008736,南方高股息股票A,0.008986552680573023,ret_12m,main,73.8,full,1.0,2026-09-17
3175.0,,014752,长信稳健增长一年持有混合A,0.008942739212564499,ret_12m,main,54.5,full,1.0,2026-09-17
3176.0,,007318,中银民丰回报混合,0.008932096603116113,ret_12m,main,85.6,full,1.0,2026-09-17
3177.0,,001609,平安鑫享混合A,0.008779654880210597,ret_12m,main,133.7,full,1.0,2026-09-17
3178.0,,005280,安信稳健阿尔法定开混合A,0.008665036863917619,ret_12m,main,105.4,full,1.0,2026-09-17
3179.0,,010043,天弘安康颐和混合A,0.008663252073863426,ret_12m,main,69.5,full,1.0,2026-09-17
3180.0,,009570,鹏华匠心精选混合A,0.00865658063891206,ret_12m,main,74.3,full,1.0,2026-09-17
3181.0,,005189,海富通量化前锋股票A,0.00862308969810388,ret_12m,main,103.3,full,1.0,2026-09-17
3182.0,,008037,兴银先锋成长混合A,0.008606468253223198,ret_12m,main,82.0,full,1.0,2026-09-17
3183.0,,090007,大成策略回报混合A,0.008582154911050965,ret_12m,main,213.7,full,1.0,2026-09-17
3184.0,,007725,招商瑞文混合A,0.008475169927127268,ret_12m,main,84.2,full,1.0,2026-09-17
3185.0,,009718,招商增浩混合A,0.008199116131827555,ret_12m,main,69.5,full,1.0,2026-09-17
3186.0,,009428,鹏扬景沣六个月持有期混合A,0.008059477087081435,ret_12m,main,73.2,full,1.0,2026-09-17
3187.0,,024431,富国均衡配置混合A,0.008024142954325297,ret_12m,main,14.9,short,0.9644,2026-09-17
3188.0,,014666,工银优质发展混合A,0.007927708341121775,ret_12m,main,51.8,full,1.0,2026-09-17
3189.0,,022550,平安瑞利6个月持有混合A,0.007716360017585799,ret_12m,main,20.8,short,1.0,2026-09-17
3190.0,,005588,长安裕腾混合A,0.0077116434527504385,ret_12m,main,99.4,full,1.0,2026-09-17
3191.0,,011538,长城优选添瑞六个月持有混合A,0.007637031285708806,ret_12m,main,65.6,full,1.0,2026-09-17
3192.0,,021983,中信保诚红利领航量化股票A,0.007590627659138649,ret_12m,main,22.0,short,1.0,2026-09-17
3193.0,,002456,招商安元灵活配置混合A,0.007509296070101978,ret_12m,main,126.6,full,1.0,2026-09-17
3194.0,,009128,明亚价值长青混合A,0.0074714432100648764,ret_12m,main,76.8,full,1.0,2026-09-17
3195.0,,010045,汇添富稳健添盈一年持有混合,0.007405775225126643,ret_12m,main,72.2,full,1.0,2026-09-17
3196.0,,019079,国富招瑞优选股票A,0.007396563110217302,ret_12m,main,31.3,short,1.0,2026-09-17
3197.0,,010029,富国稳进回报12个月持有期混合A,0.007391614693495363,ret_12m,main,72.3,full,1.0,2026-09-17
3198.0,,519655,银河服务混合A,0.007375355217470014,ret_12m,main,136.9,full,1.0,2026-09-17
3199.0,,519033,海富通国策导向混合A,0.007307582419856962,ret_12m,main,178.0,full,1.0,2026-09-17
3200.0,,011934,中航量化阿尔法六个月持有A,0.007295725217044469,ret_12m,main,60.7,full,1.0,2026-09-17
3201.0,,014759,中欧琪福混合A,0.0072840295671237065,ret_12m,main,53.4,full,1.0,2026-09-17
3202.0,,012485,建信汇益一年持有混合A,0.007136026651729965,ret_12m,main,58.4,full,1.0,2026-09-17
3203.0,,015268,招商瑞联1年持有混合A,0.007126084747560935,ret_12m,main,49.5,full,1.0,2026-09-17
3204.0,,700001,平安行业先锋混合,0.0071106064336718955,ret_12m,main,179.9,full,1.0,2026-09-17
3205.0,,001358,宝盈祥泰混合A,0.007077874241790072,ret_12m,main,135.7,full,1.0,2026-09-17
3206.0,,013783,兴银竞争优势混合A,0.007036117082913407,ret_12m,main,48.5,full,1.0,2026-09-17
3207.0,,005906,招商丰茂灵活混合发起式A,0.006974558367493167,ret_12m,main,98.9,full,1.0,2026-09-17
3208.0,,001571,嘉合磐石A,0.006970434608397635,ret_12m,main,134.5,full,1.0,2026-09-17
3209.0,,012287,东海启航6个月持有混合A,0.006941672687091449,ret_12m,main,57.1,full,1.0,2026-09-17
3210.0,,001223,鹏华文化传媒娱乐股票,0.006937835682203408,ret_12m,main,127.7,full,1.0,2026-09-17
3211.0,,970121,兴证资管金麒麟恒睿致远一年持有期混合C,0.006892471328288519,ret_12m,main,56.7,full,1.0,2026-09-17
3212.0,,015485,平安策略优选1年持有混合A,0.0066059254601988915,ret_12m,main,44.0,full,1.0,2026-09-17
3213.0,,004823,摩根安裕回报混合A,0.0065343025949746725,ret_12m,main,96.1,full,1.0,2026-09-17
3214.0,,011097,达诚宜创精选混合A,0.006482665145459476,ret_12m,main,67.7,full,1.0,2026-09-17
3215.0,,009872,中欧责任投资混合A,0.0064540291271477646,ret_12m,main,72.2,full,1.0,2026-09-17
3216.0,,008404,华泰紫金泰盈混合A,0.006427486928436643,ret_12m,main,79.9,full,1.0,2026-09-17
3217.0,,024441,汇添富均衡潜力优选混合A,0.0063983763973842755,ret_12m,main,14.9,short,0.9644,2026-09-17
3218.0,,014809,华安沣瑞一年持有混合A,0.00622485302920972,ret_12m,main,55.7,full,1.0,2026-09-17
3219.0,,009725,东方红优质甄选一年持有混合A,0.006031574428432718,ret_12m,main,73.8,full,1.0,2026-09-17
3220.0,,012281,中欧精益稳健一年持有混合,0.006004837794579165,ret_12m,main,63.2,full,1.0,2026-09-17
3221.0,,009499,景顺长城安鑫回报一年持有期混合A,0.006004086673570441,ret_12m,main,74.3,full,1.0,2026-09-17
3222.0,,004608,长信乐信灵活配置混合A,0.005999495314135128,ret_12m,main,105.3,full,1.0,2026-09-17
3223.0,,007139,富国民裕进取沪港深成长A,0.005981886259827984,ret_12m,main,87.9,full,1.0,2026-09-17
3224.0,,017993,方正富邦远见成长混合A,0.005877284771169222,ret_12m,main,42.1,full,1.0,2026-09-17
3225.0,,023629,平安鑫享混合F,0.005858616045667953,ret_12m,main,18.2,short,1.0,2026-09-17
3226.0,,006007,诺安积极配置混合A,0.0057968472166143314,ret_12m,main,97.7,full,1.0,2026-09-17
3227.0,,290005,泰信优势增长混合,0.005760507348444577,ret_12m,main,218.7,full,1.0,2026-09-17
3228.0,,011736,宝盈祥庆9个月持有混合A,0.0057331953846881945,ret_12m,main,61.5,full,1.0,2026-09-17
3229.0,,017540,安信稳健增益6个月持有混合A,0.005516982055330022,ret_12m,main,38.0,full,1.0,2026-09-17
3230.0,,320020,诺安策略精选股票A,0.00536549813388798,ret_12m,main,171.7,full,1.0,2026-09-17
3231.0,,018101,贝莱德卓越远航混合A,0.005303069792238935,ret_12m,main,27.9,short,1.0,2026-09-17
3232.0,,001418,宏利创益混合A,0.00527140755587463,ret_12m,main,135.1,full,1.0,2026-09-17
3233.0,,012377,长盛安睿一年持有混合A,0.005162016044328643,ret_12m,main,60.8,full,1.0,2026-09-17
3234.0,,010176,中加新兴消费混合A,0.0051507919768940535,ret_12m,main,69.3,full,1.0,2026-09-17
3235.0,,020090,万家研究领航混合A,0.005129964978437096,ret_12m,main,27.8,short,1.0,2026-09-17
3236.0,,000058,国联安安泰灵活配置混合A,0.005091369565324744,ret_12m,main,160.8,full,1.0,2026-09-17
3237.0,,004258,国寿安保稳嘉混合A,0.005084225885726434,ret_12m,main,115.2,full,1.0,2026-09-17
3238.0,,010480,汇添富稳进双盈一年持有混合,0.005077563526315387,ret_12m,main,67.2,full,1.0,2026-09-17
3239.0,,000072,华安稳健回报混合A,0.005011230041390924,ret_12m,main,160.1,full,1.0,2026-09-17
3240.0,,010271,国富价值成长一年持有期混合A,0.005003181157982262,ret_12m,main,70.4,full,1.0,2026-09-17
3241.0,,008269,大成睿享混合A,0.004988957520054793,ret_12m,main,80.6,full,1.0,2026-09-17
3242.0,,011175,平安恒鑫混合A,0.0049680559489229115,ret_12m,main,67.4,full,1.0,2026-09-17
3243.0,,010336,中欧悦享生活混合A,0.004925932511540498,ret_12m,main,68.3,full,1.0,2026-09-17
3244.0,,011734,国寿安保裕丰混合A,0.004847083362962579,ret_12m,main,62.3,full,1.0,2026-09-17
3245.0,,002227,长城新优选混合A,0.0048340166889242475,ret_12m,main,125.9,full,1.0,2026-09-17
3246.0,,011855,银华长荣混合A,0.004825188695850358,ret_12m,main,63.0,full,1.0,2026-09-17
3247.0,,002123,华银外延增长主题灵活配置,0.0048000090381195015,ret_12m,main,124.0,full,1.0,2026-09-17
3248.0,,004244,东方周期优选灵活配置混合A,0.004799767654581677,ret_12m,main,114.1,full,1.0,2026-09-17
3249.0,,001335,南方利众A,0.0047238613876223745,ret_12m,main,135.9,full,1.0,2026-09-17
3250.0,,000063,长盛电子信息主题混合A,0.004585681206783043,ret_12m,main,160.3,full,1.0,2026-09-17
3251.0,,070032,嘉实优化红利混合A,0.004568511088520966,ret_12m,main,170.7,full,1.0,2026-09-17
3252.0,,008629,大成景瑞稳健配置混合A,0.004435784364714257,ret_12m,main,76.7,full,1.0,2026-09-17
3253.0,,002614,中银颐利混合A,0.004434602304314916,ret_12m,main,121.3,full,1.0,2026-09-17
3254.0,,017735,融通明锐混合A,0.004332534204657623,ret_12m,main,41.0,full,1.0,2026-09-17
3255.0,,019357,大成兴远启航混合A,0.004235251778810678,ret_12m,main,18.2,short,1.0,2026-09-17
3256.0,,017655,嘉实价值丰裕混合A,0.004157748682927842,ret_12m,main,25.3,short,1.0,2026-09-17
3257.0,,008770,东方红安鑫甄选一年持有混合,0.004005413151569881,ret_12m,main,80.2,full,1.0,2026-09-17
3258.0,,007016,富国睿泽回报混合,0.0038994350736751837,ret_12m,main,87.4,full,1.0,2026-09-17
3259.0,,011767,泰康合润混合A,0.003767949413187477,ret_12m,main,65.3,full,1.0,2026-09-17
3260.0,,006302,银华行业轮动混合,0.0037211227659237345,ret_12m,main,93.5,full,1.0,2026-09-17
3261.0,,012093,鹏华创新升级混合A,0.003717337006998944,ret_12m,main,63.0,full,1.0,2026-09-17
3262.0,,020193,天弘金融优选混合发起A,0.0036322019431336283,ret_12m,main,26.3,short,1.0,2026-09-17
3263.0,,001616,嘉实环保低碳股票,0.003548502907141815,ret_12m,main,128.6,full,1.0,2026-09-17
3264.0,,015303,鹏扬丰融价值先锋一年持有混合A,0.0033601792436719347,ret_12m,main,53.8,full,1.0,2026-09-17
3265.0,,090004,大成精选增值混合A,0.0033461275512540745,ret_12m,main,261.1,full,1.0,2026-09-17
3266.0,,000572,中银多策略混合A,0.003299276925585737,ret_12m,main,149.6,full,1.0,2026-09-17
3267.0,,240008,华宝收益增长混合A,0.003235054818398364,ret_12m,main,243.1,full,1.0,2026-09-17
3268.0,,009031,工银聚和一年定开混合A,0.0030879253772269077,ret_12m,main,76.3,full,1.0,2026-09-17
3269.0,,001782,九泰久益混合A,0.003087363254404618,ret_12m,main,115.7,full,1.0,2026-09-17
3270.0,,008990,东方红匠心甄选一年持有混合,0.003001009235063856,ret_12m,main,78.7,full,1.0,2026-09-17
3271.0,,012370,银华鑫利一年持有期混合,0.0029066328635769523,ret_12m,main,61.8,full,1.0,2026-09-17
3272.0,,001362,景顺长城领先回报混合A,0.002825328957718476,ret_12m,main,135.8,full,1.0,2026-09-17
3273.0,,019743,银华富兴央企混合发起式A,0.002799506023605014,ret_12m,main,27.4,short,1.0,2026-09-17
3274.0,,180012,银华富裕主题混合A,0.002747679479153664,ret_12m,main,238.0,full,1.0,2026-09-17
3275.0,,005341,长安裕泰混合A,0.0027310525473540626,ret_12m,main,104.7,full,1.0,2026-09-17
3276.0,,002273,宏利创益混合B,0.0026570778472334577,ret_12m,main,127.7,full,1.0,2026-09-17
3277.0,,008978,银华长丰混合发起式,0.002634976663484112,ret_12m,main,77.5,full,1.0,2026-09-17
3278.0,,012533,嘉实价值驱动一年持有期混合A,0.002634533377917414,ret_12m,main,61.7,full,1.0,2026-09-17
3279.0,,004814,中欧红利优享混合A,0.0025263979408325365,ret_12m,main,101.0,full,1.0,2026-09-17
3280.0,,014573,东方红锦弘甄选两年持有混合,0.002398588496633991,ret_12m,main,56.1,full,1.0,2026-09-17
3281.0,,009114,鹏扬景泓回报灵活配置混合A,0.002280403148476662,ret_12m,main,72.3,full,1.0,2026-09-17
3282.0,,011518,嘉实价值臻选混合A,0.0022085151663944202,ret_12m,main,64.7,full,1.0,2026-09-17
3283.0,,090013,大成竞争优势混合A,0.002180845042226487,ret_12m,main,184.9,full,1.0,2026-09-17
3284.0,,010605,创金合信鑫祥混合A,0.0021322342888014933,ret_12m,main,67.4,full,1.0,2026-09-17
3285.0,,002363,华安安康灵活配置混合A,0.0018782547128408655,ret_12m,main,127.5,full,1.0,2026-09-17
3286.0,,023584,中欧红利智选混合A,0.001875000663342119,ret_12m,main,17.3,short,1.0,2026-09-17
3287.0,,013439,嘉实产业优势混合A,0.0017651957113158367,ret_12m,main,55.7,full,1.0,2026-09-17
3288.0,,006022,富国大盘价值量化精选混合A,0.0017578425647415408,ret_12m,main,98.0,full,1.0,2026-09-17
3289.0,,001282,华安新机遇灵活配置混合A,0.001709560811025801,ret_12m,main,135.7,full,1.0,2026-09-17
3290.0,,010819,安信稳健回报6个月混合A,0.0015254611053361344,ret_12m,main,68.8,full,1.0,2026-09-17
3291.0,,019958,湘财医药健康混合A,0.0014995439842082625,ret_12m,main,32.7,short,1.0,2026-09-17
3292.0,,001485,华安添颐混合A,0.0014537286612317235,ret_12m,main,135.1,full,1.0,2026-09-17
3293.0,,018409,中欧价值回报混合A,0.00144503196497614,ret_12m,main,39.3,full,1.0,2026-09-17
3294.0,,000530,招商丰盛稳定增长混合A,0.0014302753441051141,ret_12m,main,149.9,full,1.0,2026-09-17
3295.0,,013267,天弘安康颐利混合A,0.0012912012568249143,ret_12m,main,53.1,full,1.0,2026-09-17
3296.0,,012184,大成创新趋势混合A,0.0011717514227522763,ret_12m,main,63.8,full,1.0,2026-09-17
3297.0,,009776,中欧阿尔法混合A,0.0011570719983520217,ret_12m,main,72.9,full,1.0,2026-09-17
3298.0,,001157,国联安睿祺灵活配置混合,0.0010901585935207958,ret_12m,main,137.3,full,1.0,2026-09-17
3299.0,,002628,招商安博灵活配置混合A,0.0010422134231817815,ret_12m,main,123.8,full,1.0,2026-09-17
3300.0,,008138,富国龙头优势混合A,0.0010053845299060615,ret_12m,main,80.1,full,1.0,2026-09-17
3301.0,,024691,鑫元新兴产业睿选混合发起式A,0.0009112754421605196,ret_12m,main,14.3,short,1.0,2026-09-17
3302.0,,009334,富国融享18个月定开混合A,0.0009046008694078012,ret_12m,main,75.8,full,1.0,2026-09-17
3303.0,,013463,大成致远优势一年持有期混合A,0.0008913012829383504,ret_12m,main,57.7,full,1.0,2026-09-17
3304.0,,020768,中信保诚国企红利量化选股股票A,0.0008867088524022737,ret_12m,main,29.9,short,1.0,2026-09-17
3305.0,,002168,嘉实智能汽车股票,0.0007903777363693631,ret_12m,main,127.4,full,1.0,2026-09-17
3306.0,,012479,汇安信泰稳健一年持有期混合A,0.0007036050133499838,ret_12m,main,58.3,full,1.0,2026-09-17
3307.0,,019497,博道明远混合A,0.0005514566814617261,ret_12m,main,31.6,short,1.0,2026-09-17
3308.0,,018073,国泰产业精选混合A,0.00032938738775878385,ret_12m,main,41.5,full,1.0,2026-09-17
3309.0,,014730,华富荣盛一年持有期混合A,0.00029257430887308367,ret_12m,main,37.7,full,1.0,2026-09-17
3310.0,,016067,鹏华新能源汽车混合A,0.0002500117318671169,ret_12m,main,49.7,full,1.0,2026-09-17
3311.0,,011405,银华稳健增长一年持有期混合,0.00020441562109430045,ret_12m,main,67.4,full,1.0,2026-09-17
3312.0,,003956,南方产业智选股票A,0.0001905581193455408,ret_12m,main,115.7,full,1.0,2026-09-17
3313.0,,001427,招商丰泽混合A,0.00017588034180349155,ret_12m,main,135.2,full,1.0,2026-09-17
3314.0,,003333,泰信智选成长灵活配置混合A,0.00014371779823885156,ret_12m,main,116.9,full,1.0,2026-09-17
3315.0,,003125,中科沃土沃鑫成长精选混合A,7.027823415040046e-05,ret_12m,main,118.7,full,1.0,2026-09-17
3316.0,,000831,工银医疗保健股票,5.7762921394033384e-05,ret_12m,main,142.0,full,1.0,2026-09-17
3317.0,,019106,南方智信混合A,5.5714958141939164e-05,ret_12m,main,35.7,short,1.0,2026-09-17
3318.0,,003834,华夏能源革新股票A,-0.00017186342296138246,ret_12m,main,111.3,full,1.0,2026-09-17
3319.0,,008177,建信高股息主题股票,-0.00025734185592596326,ret_12m,main,79.9,full,1.0,2026-09-17
3320.0,,013985,融通稳健增利6个月持有混合A,-0.0002609043502882491,ret_12m,main,57.6,full,1.0,2026-09-17
3321.0,,024413,中欧核心价值混合发起A,-0.00030076059166328495,ret_12m,main,13.3,short,1.0,2026-09-17
3322.0,,005669,前海开源公用事业股票,-0.0004142075030714176,ret_12m,main,101.8,full,1.0,2026-09-17
3323.0,,003062,银华通利混合A,-0.00041657850085285997,ret_12m,main,121.4,full,1.0,2026-09-17
3324.0,,003044,东方红战略精选混合A,-0.00043472416766543454,ret_12m,main,120.6,full,1.0,2026-09-17
3325.0,,377020,摩根内需动力混合A,-0.0006894229283099795,ret_12m,main,233.2,full,1.0,2026-09-17
3326.0,,008704,广发高股息优享混合A,-0.0007045893655875934,ret_12m,main,79.9,full,1.0,2026-09-17
3327.0,,519125,浦银消费升级混合A,-0.0007514149758767186,ret_12m,main,153.4,full,1.0,2026-09-17
3328.0,,012052,财通资管新聚益6个月持有混合发起式A,-0.0009745695634989504,ret_12m,main,56.8,full,1.0,2026-09-17
3329.0,,001102,前海开源国家比较优势混合A,-0.0009801135693096041,ret_12m,main,136.3,full,1.0,2026-09-17
3330.0,,013630,嘉实均衡臻选一年持有混合A,-0.0009816002020526238,ret_12m,main,57.3,full,1.0,2026-09-17
3331.0,,014619,财通资管稳兴增益六个月持有期混合A,-0.0012687305406818838,ret_12m,main,54.3,full,1.0,2026-09-17
3332.0,,660006,农银大盘蓝筹混合,-0.0012781799560920293,ret_12m,main,192.5,full,1.0,2026-09-17
3333.0,,016844,红土创新稳益6个月持有期混合A,-0.0012854170089664496,ret_12m,main,42.1,full,1.0,2026-09-17
3334.0,,000916,前海开源股息率100强股票A,-0.0015302252879051403,ret_12m,main,140.1,full,1.0,2026-09-17
3335.0,,002612,融通通慧混合A/B,-0.0016396758469002792,ret_12m,main,119.9,full,1.0,2026-09-17
3336.0,,021147,财通华臻量化选股混合A,-0.0017321560347897114,ret_12m,main,28.4,short,1.0,2026-09-17
3337.0,,000892,九泰天宝灵活配置混合A,-0.0017488771716119844,ret_12m,main,133.8,full,1.0,2026-09-17
3338.0,,023158,上银先进制造混合发起式A,-0.0018055130507861339,ret_12m,main,19.8,short,1.0,2026-09-17
3339.0,,003993,前海开源沪港深核心驱动混合,-0.0018718047464674203,ret_12m,main,117.1,full,1.0,2026-09-17
3340.0,,014131,华泰柏瑞聚优智选一年持有期混合A,-0.0018846515954190624,ret_12m,main,54.8,full,1.0,2026-09-17
3341.0,,001004,新华稳健回报灵活配置混合发起,-0.0018951700077709521,ret_12m,main,135.7,full,1.0,2026-09-17
3342.0,,003132,德邦新回报灵活配置混合A,-0.001946095607552989,ret_12m,main,116.1,full,1.0,2026-09-17
3343.0,,009126,嘉实基础产业优选股票A,-0.0019513322705786429,ret_12m,main,77.1,full,1.0,2026-09-17
3344.0,,017216,国投瑞银策略智选混合A,-0.001959973399381365,ret_12m,main,42.6,full,1.0,2026-09-17
3345.0,,004734,中欧瑾灵灵活配置混合A,-0.001965210229819103,ret_12m,main,105.5,full,1.0,2026-09-17
3346.0,,270002,广发稳健增长混合A,-0.0020963240507057,ret_12m,main,265.7,full,1.0,2026-09-17
3347.0,,519062,海富通阿尔法对冲混合A,-0.0021586288642347906,ret_12m,main,141.9,full,1.0,2026-09-17
3348.0,,010036,广发恒通六个月持有期混合A,-0.0021683701873626005,ret_12m,main,70.4,full,1.0,2026-09-17
3349.0,,010998,博道消费智航A,-0.002297232557318951,ret_12m,main,64.4,full,1.0,2026-09-17
3350.0,,010273,嘉实价值长青混合A,-0.0023678771895727646,ret_12m,main,68.8,full,1.0,2026-09-17
3351.0,,005275,中欧创新成长灵活配置混合A,-0.002506234547664632,ret_12m,main,101.7,full,1.0,2026-09-17
3352.0,,010122,华泰柏瑞优势领航混合A,-0.0025438014367024087,ret_12m,main,71.8,full,1.0,2026-09-17
3353.0,,022555,天弘安康颐利混合F,-0.0026051012141204977,ret_12m,main,22.3,short,1.0,2026-09-17
3354.0,,006323,合煦智远嘉选混合A,-0.002619577265619899,ret_12m,main,96.0,full,1.0,2026-09-17
3355.0,,013733,红塔红土盛丰混合A,-0.0028027800798111624,ret_12m,main,56.8,full,1.0,2026-09-17
3356.0,,001146,中欧瑾源灵活配置混合A,-0.0031641619036122393,ret_12m,main,137.6,full,1.0,2026-09-17
3357.0,,003241,创金合信量化发现混合A,-0.0031650738300040837,ret_12m,main,119.7,full,1.0,2026-09-17
3358.0,,012161,安信招信一年持有混合A,-0.003168130817199577,ret_12m,main,63.9,full,1.0,2026-09-17
3359.0,,019991,中欧红利精选混合发起A,-0.0032532061640571097,ret_12m,main,26.1,short,1.0,2026-09-17
3360.0,,016645,富国恒享回报12个月持有混合A,-0.003313513654339073,ret_12m,main,46.0,full,1.0,2026-09-17
3361.0,,000065,国富焦点驱动混合A,-0.00332967344686097,ret_12m,main,160.4,full,1.0,2026-09-17
3362.0,,002581,招商丰凯混合A,-0.003510867041971233,ret_12m,main,120.8,full,1.0,2026-09-17
3363.0,,002190,农银新能源主题A,-0.0035796812643265064,ret_12m,main,125.6,full,1.0,2026-09-17
3364.0,,001044,嘉实新消费股票A,-0.00358748415464738,ret_12m,main,137.9,full,1.0,2026-09-17
3365.0,,006567,中泰星元灵活配置混合A,-0.0035934636935198716,ret_12m,main,93.4,full,1.0,2026-09-17
3366.0,,008134,鹏华优选价值股票A,-0.00366641308578608,ret_12m,main,81.0,full,1.0,2026-09-17
3367.0,,050012,博时策略混合,-0.0037920425116531042,ret_12m,main,205.2,full,1.0,2026-09-17
3368.0,,003304,前海开源沪港深核心资源混合A,-0.003813017098322824,ret_12m,main,119.0,full,1.0,2026-09-17
3369.0,,020117,南华丰元量化选股混合A,-0.003932054399920726,ret_12m,main,31.8,short,1.0,2026-09-17
3370.0,,730002,方正富邦红利精选混合A,-0.003994319018696291,ret_12m,main,165.9,full,1.0,2026-09-17
3371.0,,010570,新沃创新领航混合A,-0.004040775132755914,ret_12m,main,68.8,full,1.0,2026-09-17
3372.0,,011071,鹏华安悦一年持有期混合A,-0.004069956665799679,ret_12m,main,67.2,full,1.0,2026-09-17
3373.0,,008545,泓德丰润三年持有期混合,-0.004199831476491167,ret_12m,main,80.1,full,1.0,2026-09-17
3374.0,,011077,汇丰晋信创新先锋,-0.004208599210994701,ret_12m,main,66.1,full,1.0,2026-09-17
3375.0,,460005,华泰柏瑞价值增长混合A,-0.00423204290605006,ret_12m,main,218.1,full,1.0,2026-09-17
3376.0,,005492,农银汇理研究驱动混合,-0.004350184068224627,ret_12m,main,103.8,full,1.0,2026-09-17
3377.0,,007387,融通通慧混合C,-0.004428961954842325,ret_12m,main,88.0,full,1.0,2026-09-17
3378.0,,010764,九泰锐升混合,-0.004469204670883742,ret_12m,main,67.9,full,1.0,2026-09-17
3379.0,,006538,东海核心价值,-0.004469584875272159,ret_12m,main,93.8,full,1.0,2026-09-17
3380.0,,377530,摩根行业轮动混合A,-0.004584158414720152,ret_12m,main,199.6,full,1.0,2026-09-17
3381.0,,021826,国投瑞银磐睿量化选股混合A,-0.004585927113229582,ret_12m,main,24.2,short,1.0,2026-09-17
3382.0,,005347,诺德量化优选6个月持有期混合,-0.004586028849383639,ret_12m,main,72.7,full,1.0,2026-09-17
3383.0,,011932,工银战略远见混合A,-0.004609350833180703,ret_12m,main,64.7,full,1.0,2026-09-17
3384.0,,015963,汇安品质优选混合A,-0.004622381813069509,ret_12m,main,48.6,full,1.0,2026-09-17
3385.0,,350001,天治财富增长混合,-0.004648617543947853,ret_12m,main,266.6,full,1.0,2026-09-17
3386.0,,011293,中金恒远一年持有期混合,-0.004653500054603188,ret_12m,main,65.3,full,1.0,2026-09-17
3387.0,,011798,华安宁享6个月混合A,-0.0047307229973079234,ret_12m,main,61.0,full,1.0,2026-09-17
3388.0,,420009,天弘安康颐养混合A,-0.004772966475374729,ret_12m,main,165.6,full,1.0,2026-09-17
3389.0,,010929,大成核心价值甄选混合A,-0.004936301343289151,ret_12m,main,66.1,full,1.0,2026-09-17
3390.0,,000729,建信中小盘先锋股票A,-0.005041703856957014,ret_12m,main,144.9,full,1.0,2026-09-17
3391.0,,020186,上银国企红利混合发起式A,-0.005045995400606906,ret_12m,main,30.5,short,1.0,2026-09-17
3392.0,,014706,华富匠心明选一年持有混合A,-0.0052147616285551646,ret_12m,main,53.8,full,1.0,2026-09-17
3393.0,,024175,中欧大盘价值混合A,-0.005215777949161837,ret_12m,main,15.4,short,1.0,2026-09-17
3394.0,,019913,华夏瑞益混合A1,-0.00526599159632124,ret_12m,main,33.4,short,1.0,2026-09-17
3395.0,,001679,前海开源中国稀缺资产混合A,-0.005281981009846559,ret_12m,main,132.2,full,1.0,2026-09-17
3396.0,,013634,申万菱信双利混合A,-0.005298711453629701,ret_12m,main,58.7,full,1.0,2026-09-17
3397.0,,011390,华安添祥6个月持有混合A,-0.00533844494165947,ret_12m,main,61.9,full,1.0,2026-09-17
3398.0,,002535,中银鑫利混合A,-0.00546450245536656,ret_12m,main,125.8,full,1.0,2026-09-17
3399.0,,011704,东方阿尔法产业先锋混合A,-0.005672024303249645,ret_12m,main,61.9,full,1.0,2026-09-17
3400.0,,000195,工银成长收益混合A,-0.005672376649517363,ret_12m,main,158.7,full,1.0,2026-09-17
3401.0,,000679,招商丰利灵活配置混合A,-0.005711151968585848,ret_12m,main,145.2,full,1.0,2026-09-17
3402.0,,010027,景顺长城核心中景一年持有混合,-0.005810476577913559,ret_12m,main,69.0,full,1.0,2026-09-17
3403.0,,017142,华宝远见回报混合A,-0.005823958738974788,ret_12m,main,42.4,full,1.0,2026-09-17
3404.0,,016834,东方红共赢甄选一年持有混合A,-0.005836577568041013,ret_12m,main,42.3,full,1.0,2026-09-17
3405.0,,014598,永赢合享混合发起A,-0.0059089350042487165,ret_12m,main,56.8,full,1.0,2026-09-17
3406.0,,023169,兴证资管国企红利优选混合发起式A,-0.005940696310406279,ret_12m,main,20.2,short,1.0,2026-09-17
3407.0,,004997,广发高端制造股票A,-0.00595826252902909,ret_12m,main,108.5,full,1.0,2026-09-17
3408.0,,012088,东方红锦和甄选18个月持有混合A,-0.0059606534294126545,ret_12m,main,64.0,full,1.0,2026-09-17
3409.0,,009169,湘财长兴灵活配置混合A,-0.006080988706074986,ret_12m,main,76.8,full,1.0,2026-09-17
3410.0,,012262,华宝可持续发展混合A,-0.006133927469867295,ret_12m,main,57.2,full,1.0,2026-09-17
3411.0,,002461,中银珍利混合A,-0.006157274934431967,ret_12m,main,126.3,full,1.0,2026-09-17
3412.0,,018539,中银富利6个月持有期混合A,-0.006233757037368948,ret_12m,main,34.9,short,1.0,2026-09-17
3413.0,,008373,华泰柏瑞景气回报一年持有期混合A,-0.006402135653644447,ret_12m,main,81.0,full,1.0,2026-09-17
3414.0,,012138,景顺长城安益回报一年持有混合A,-0.006453498547285608,ret_12m,main,63.0,full,1.0,2026-09-17
3415.0,,021404,长江汇智量化选股混合发起A,-0.006497866855296963,ret_12m,main,27.2,short,1.0,2026-09-17
3416.0,,001357,泓德泓富混合A,-0.006505046803942038,ret_12m,main,135.3,full,1.0,2026-09-17
3417.0,,008132,鹏华价值驱动混合,-0.006531583596277368,ret_12m,main,81.5,full,1.0,2026-09-17
3418.0,,012113,融通稳健增长一年持有期混合A,-0.006686564702107711,ret_12m,main,60.0,full,1.0,2026-09-17
3419.0,,009296,南方誉慧一年混合A,-0.0066901866874167215,ret_12m,main,76.6,full,1.0,2026-09-17
3420.0,,017415,中泰元和价值精选混合A,-0.007172306005994056,ret_12m,main,43.0,full,1.0,2026-09-17
3421.0,,014576,农银汇理瑞丰6个月持有混合,-0.007266262203868279,ret_12m,main,53.9,full,1.0,2026-09-17
3422.0,,011243,万家惠裕回报6个月持有期混合A,-0.007297603674265685,ret_12m,main,62.7,full,1.0,2026-09-17
3423.0,,004710,民生加银鹏程混合A,-0.0074040664738115325,ret_12m,main,103.1,full,1.0,2026-09-17
3424.0,,012029,广发恒鑫一年持有期混合A,-0.007556781225667164,ret_12m,main,64.0,full,1.0,2026-09-17
3425.0,,002657,招商安裕灵活配置混合A,-0.007734253472894026,ret_12m,main,122.9,full,1.0,2026-09-17
3426.0,,002295,广发稳安灵活配置A,-0.00777277312048319,ret_12m,main,127.4,full,1.0,2026-09-17
3427.0,,009956,广发恒誉混合A,-0.007787417183756085,ret_12m,main,69.3,full,1.0,2026-09-17
3428.0,,160910,大成创新成长混合(LOF)A,-0.007802490891117286,ret_12m,main,230.9,full,1.0,2026-09-17
3429.0,,257050,国联安主题驱动混合A,-0.008016246975643848,ret_12m,main,204.7,full,1.0,2026-09-17
3430.0,,010503,招商稳兴混合A,-0.008115197873106772,ret_12m,main,67.4,full,1.0,2026-09-17
3431.0,,011791,招商瑞盈9个月持有期混合A,-0.008175953853916895,ret_12m,main,61.7,full,1.0,2026-09-17
3432.0,,020005,国泰金马稳健混合A,-0.008263785919346511,ret_12m,main,267.0,full,1.0,2026-09-17
3433.0,,008838,德邦量化对冲混合A,-0.0082885208550737,ret_12m,main,76.6,full,1.0,2026-09-17
3434.0,,017026,鑫元鑫领航混合A,-0.008371493221548176,ret_12m,main,16.9,short,1.0,2026-09-17
3435.0,,004403,平安股息精选沪港深A,-0.008745550273788982,ret_12m,main,112.0,full,1.0,2026-09-17
3436.0,,020801,易方达红利混合A,-0.009202370481771305,ret_12m,main,26.0,short,1.0,2026-09-17
3437.0,,021910,渤海汇金优选价值混合发起A,-0.009220066955169859,ret_12m,main,25.6,short,1.0,2026-09-17
3438.0,,006051,鹏扬核心价值灵活配置A,-0.00929100341415412,ret_12m,main,91.6,full,1.0,2026-09-17
3439.0,,010357,南方阿尔法混合A,-0.009515832890900633,ret_12m,main,68.1,full,1.0,2026-09-17
3440.0,,009069,大成睿鑫股票A,-0.009575199182847216,ret_12m,main,73.2,full,1.0,2026-09-17
3441.0,,017608,汇添富远景成长一年持有混合A,-0.009583331641456638,ret_12m,main,37.3,full,1.0,2026-09-17
3442.0,,240010,华宝行业精选混合,-0.009796059840749272,ret_12m,main,231.1,full,1.0,2026-09-17
3443.0,,012510,国富优质企业一年持有期混合A,-0.009848436837852081,ret_12m,main,61.5,full,1.0,2026-09-17
3444.0,,013776,中泰兴为价值精选混合A,-0.009874757871873419,ret_12m,main,56.0,full,1.0,2026-09-17
3445.0,,002282,平安安享灵活配置混合A,-0.00996092604174248,ret_12m,main,127.4,full,1.0,2026-09-17
3446.0,,005933,前海联合先进制造混合A,-0.010011253557271838,ret_12m,main,92.7,full,1.0,2026-09-17
3447.0,,010744,工银灵动价值混合A,-0.010012916740371414,ret_12m,main,68.7,full,1.0,2026-09-17
3448.0,,002313,宏利新起点混合B,-0.010026309378858622,ret_12m,main,127.7,full,1.0,2026-09-17
3449.0,,005270,太平改革红利精选混合,-0.010077627067752282,ret_12m,main,105.5,full,1.0,2026-09-17
3450.0,,011727,工银聚瑞混合A,-0.010297062177535676,ret_12m,main,63.7,full,1.0,2026-09-17
3451.0,,001500,泓德远见回报混合,-0.010381356578347045,ret_12m,main,132.8,full,1.0,2026-09-17
3452.0,,011046,富国优质企业混合A,-0.01040812223462284,ret_12m,main,66.0,full,1.0,2026-09-17
3453.0,,020884,鹏华成长先锋混合A,-0.010535075297393726,ret_12m,main,24.7,short,1.0,2026-09-17
3454.0,,001942,前海开源沪港深汇鑫混合A,-0.01053562527572982,ret_12m,main,124.0,full,1.0,2026-09-17
3455.0,,005412,金信民长混合A,-0.010667123249883281,ret_12m,main,75.9,full,1.0,2026-09-17
3456.0,,000926,中信建投睿信灵活配置混合A,-0.01099089901017769,ret_12m,main,139.4,full,1.0,2026-09-17
3457.0,,019340,西部利得研究精选混合A,-0.0111204792048476,ret_12m,main,29.7,short,1.0,2026-09-17
3458.0,,010688,招商瑞德一年持有期混合A,-0.011129397240127403,ret_12m,main,67.7,full,1.0,2026-09-17
3459.0,,010481,汇添富高质量成长精选2年持有混合,-0.011143175963731045,ret_12m,main,69.5,full,1.0,2026-09-17
3460.0,,001195,工银农业产业股票,-0.011151651384441075,ret_12m,main,135.8,full,1.0,2026-09-17
3461.0,,001226,中邮稳健添利灵活配置混合,-0.01119605145903857,ret_12m,main,136.4,full,1.0,2026-09-17
3462.0,,015578,南方宝祥混合A,-0.011376609783563918,ret_12m,main,49.5,full,1.0,2026-09-17
3463.0,,010692,华夏核心价值混合A,-0.011469245650617577,ret_12m,main,64.9,full,1.0,2026-09-17
3464.0,,000196,工银成长收益混合B,-0.011787584690233555,ret_12m,main,158.7,full,1.0,2026-09-17
3465.0,,519126,浦银新经济结构混合A,-0.011859616271698403,ret_12m,main,147.9,full,1.0,2026-09-17
3466.0,,008547,博道安远6个月持有期混合,-0.011946920005955541,ret_12m,main,80.0,full,1.0,2026-09-17
3467.0,,017011,广发安润一年持有期混合A,-0.01202513075702949,ret_12m,main,39.6,full,1.0,2026-09-17
3468.0,,009190,景顺长城核心优选一年持有混合,-0.012035395598329446,ret_12m,main,76.3,full,1.0,2026-09-17
3469.0,,001312,华安新优选灵活配置混合A,-0.012044415761637839,ret_12m,main,135.7,full,1.0,2026-09-17
3470.0,,000924,宝盈先进制造混合A,-0.01213909265924562,ret_12m,main,141.0,full,1.0,2026-09-17
3471.0,,010532,广发恒信一年持有期混合A,-0.012293740145010723,ret_12m,main,68.1,full,1.0,2026-09-17
3472.0,,010723,中欧价值成长混合A,-0.01229440650352387,ret_12m,main,69.0,full,1.0,2026-09-17
3473.0,,016528,广发稳宏一年持有混合A,-0.012361713362222693,ret_12m,main,41.4,full,1.0,2026-09-17
3474.0,,001584,国投瑞银新活力混合A,-0.012367049005949093,ret_12m,main,130.0,full,1.0,2026-09-17
3475.0,,165512,中信保诚新机遇混合(LOF),-0.012639500543874194,ret_12m,main,181.6,full,1.0,2026-09-17
3476.0,,014944,蜂巢润和六个月持有期混合A,-0.012649715779026294,ret_12m,main,49.3,full,1.0,2026-09-17
3477.0,,013184,广发恒阳一年持有混合A,-0.012651312237443535,ret_12m,main,58.7,full,1.0,2026-09-17
3478.0,,011992,汇安泓利一年持有期混合C,-0.012706024450610531,ret_12m,main,64.4,full,1.0,2026-09-17
3479.0,,005974,东方红配置精选混合A,-0.012736378907545198,ret_12m,main,99.9,full,1.0,2026-09-17
3480.0,,003715,宝盈消费主题混合,-0.012794023674130295,ret_12m,main,115.9,full,1.0,2026-09-17
3481.0,,013393,信澳价值精选混合A,-0.01280227606005957,ret_12m,main,58.7,full,1.0,2026-09-17
3482.0,,023959,渤海汇金鑫泉平衡混合发起A,-0.01308159432323619,ret_12m,main,14.5,short,1.0,2026-09-17
3483.0,,770001,德邦优化A,-0.013178544588840269,ret_12m,main,167.7,full,1.0,2026-09-17
3484.0,,019941,富国洞见价值股票A,-0.013300541203018157,ret_12m,main,32.8,short,1.0,2026-09-17
3485.0,,008866,博时产业新趋势混合A,-0.013351283549655757,ret_12m,main,79.0,full,1.0,2026-09-17
3486.0,,018381,安信红利精选混合A,-0.013378339330377464,ret_12m,main,34.1,short,1.0,2026-09-17
3487.0,,012268,浙商智多享稳健混合发起式A,-0.013498907810364447,ret_12m,main,61.7,full,1.0,2026-09-17
3488.0,,020015,国泰区位优势混合A,-0.013545137227439441,ret_12m,main,207.7,full,1.0,2026-09-17
3489.0,,008723,永赢鑫享混合A,-0.013559537390816612,ret_12m,main,72.3,full,1.0,2026-09-17
3490.0,,002271,招商晟元价值驱动混合A,-0.013589084593307765,ret_12m,main,128.6,full,1.0,2026-09-17
3491.0,,002640,中信建投睿溢混合A,-0.013593675984823084,ret_12m,main,124.0,full,1.0,2026-09-17
3492.0,,240004,华宝动力组合混合A,-0.013630293499117152,ret_12m,main,250.0,full,1.0,2026-09-17
3493.0,,016830,广发恒裕一年持有期混合A,-0.013667750351931351,ret_12m,main,39.2,full,1.0,2026-09-17
3494.0,,550008,中信保诚优胜精选混合A,-0.013829549526036211,ret_12m,main,204.7,full,1.0,2026-09-17
3495.0,,620006,金元顺安消费主题混合,-0.013869081895843238,ret_12m,main,192.1,full,1.0,2026-09-17
3496.0,,002189,农银汇理国企改革混合,-0.014047280351419,ret_12m,main,123.5,full,1.0,2026-09-17
3497.0,,006547,红塔红土盛弘混合A,-0.014082449544267406,ret_12m,main,94.4,full,1.0,2026-09-17
3498.0,,008835,富国量化对冲策略三个月持有期混合A,-0.014138627382824454,ret_12m,main,78.7,full,1.0,2026-09-17
3499.0,,011044,中银顺泽回报一年持有期混合A,-0.014177476216740148,ret_12m,main,68.1,full,1.0,2026-09-17
3500.0,,022157,东兴红利优选混合A,-0.014206488607874879,ret_12m,main,21.7,short,1.0,2026-09-17
3501.0,,004913,中银证券聚瑞混合A,-0.014448262816737945,ret_12m,main,105.6,full,1.0,2026-09-17
3502.0,,260110,景顺长城精选蓝筹混合,-0.01452607597344624,ret_12m,main,231.0,full,1.0,2026-09-17
3503.0,,015135,工银专精特新混合A,-0.014590216610976259,ret_12m,main,49.5,full,1.0,2026-09-17
3504.0,,019277,长城国企优选混合发起式A,-0.01460940150052692,ret_12m,main,34.8,short,1.0,2026-09-17
3505.0,,002767,泰康宏泰回报混合A,-0.01466411126734557,ret_12m,main,123.3,full,1.0,2026-09-17
3506.0,,400013,东方成长收益灵活配置混合A,-0.014677309645593106,ret_12m,main,185.1,full,1.0,2026-09-17
3507.0,,010163,财通资管价值精选一年持有混合A,-0.014787735880432473,ret_12m,main,63.8,full,1.0,2026-09-17
3508.0,,560002,益民红利成长混合,-0.014883504461726482,ret_12m,main,237.9,full,1.0,2026-09-17
3509.0,,017063,申万菱信乐成混合A,-0.014933834096704235,ret_12m,main,41.9,full,1.0,2026-09-17
3510.0,,011256,交银鸿光一年混合A,-0.015015680844291612,ret_12m,main,66.3,full,1.0,2026-09-17
3511.0,,162102,金鹰中小盘精选混合A,-0.015058634020467476,ret_12m,main,267.7,full,1.0,2026-09-17
3512.0,,001720,工银新增利混合,-0.015081625718471714,ret_12m,main,116.6,full,1.0,2026-09-17
3513.0,,005662,嘉实金融精选股票A,-0.015125548578316383,ret_12m,main,102.1,full,1.0,2026-09-17
3514.0,,016345,长安行业成长混合A,-0.01518543261371319,ret_12m,main,47.6,full,1.0,2026-09-17
3515.0,,010597,创金合信景雯灵活配置混合A,-0.015221553927196152,ret_12m,main,66.9,full,1.0,2026-09-17
3516.0,,001306,中欧永裕混合A,-0.015365635464270055,ret_12m,main,135.5,full,1.0,2026-09-17
3517.0,,009630,浦银ESG责任投资混合A,-0.01568551032985266,ret_12m,main,66.1,full,1.0,2026-09-17
3518.0,,501092,交银瑞思混合(LOF),-0.01572597744494908,ret_12m,main,78.9,full,1.0,2026-09-17
3519.0,,020830,东兴医药生物量化选股混合A,-0.015757375732425305,ret_12m,main,24.4,short,1.0,2026-09-17
3520.0,,001635,万家瑞益灵活配置混合A,-0.015824377370963205,ret_12m,main,129.3,full,1.0,2026-09-17
3521.0,,016774,中信建投红利智选混合A,-0.01583157590985962,ret_12m,main,46.8,full,1.0,2026-09-17
3522.0,,009366,浦银科技创新一年持有混合A,-0.016105052665814523,ret_12m,main,69.1,full,1.0,2026-09-17
3523.0,,022115,鑫元致远量化选股混合A,-0.016181611292873987,ret_12m,main,20.1,short,1.0,2026-09-17
3524.0,,021755,中欧价值品质混合发起A,-0.01618927399394887,ret_12m,main,22.4,short,1.0,2026-09-17
3525.0,,017600,华夏行业甄选混合A,-0.016401070353647573,ret_12m,main,41.7,full,1.0,2026-09-17
3526.0,,007047,长城核心优势混合A,-0.016507688810319388,ret_12m,main,89.1,full,1.0,2026-09-17
3527.0,,005537,中航新起航灵活配置混合A,-0.01672341163835278,ret_12m,main,100.8,full,1.0,2026-09-17
3528.0,,090015,大成内需增长混合A,-0.016946466246678282,ret_12m,main,183.1,full,1.0,2026-09-17
3529.0,,017036,嘉实低碳精选混合发起式A,-0.017013442416235147,ret_12m,main,45.1,full,1.0,2026-09-17
3530.0,,013983,中金稳健增长混合A,-0.017208703521957247,ret_12m,main,54.1,full,1.0,2026-09-17
3531.0,,005498,银华积极成长混合A,-0.01722987632022832,ret_12m,main,101.7,full,1.0,2026-09-17
3532.0,,010457,广发睿鑫混合A,-0.017412743940742437,ret_12m,main,66.0,full,1.0,2026-09-17
3533.0,,001445,华安国企改革主题灵活配置混合A,-0.017499716997420034,ret_12m,main,134.6,full,1.0,2026-09-17
3534.0,,009121,广发招享混合A,-0.01753364887137976,ret_12m,main,76.8,full,1.0,2026-09-17
3535.0,,002307,银华多元视野灵活配置混合,-0.017773429234762106,ret_12m,main,124.0,full,1.0,2026-09-17
3536.0,,020147,兴银价值平衡混合A,-0.017977363452489237,ret_12m,main,29.9,short,1.0,2026-09-17
3537.0,,008819,农银汇理策略趋势混合,-0.01801282706242502,ret_12m,main,78.2,full,1.0,2026-09-17
3538.0,,001449,华商双驱优选混合,-0.018085701193631842,ret_12m,main,134.3,full,1.0,2026-09-17
3539.0,,022223,泉果消费机遇混合发起式A,-0.018204007996581728,ret_12m,main,23.7,short,1.0,2026-09-17
3540.0,,012661,广发恒益一年持有期混合A,-0.01837679334939113,ret_12m,main,61.5,full,1.0,2026-09-17
3541.0,,021273,摩根均衡精选混合A,-0.01863020340831978,ret_12m,main,24.4,short,1.0,2026-09-17
3542.0,,010465,鹏扬景创混合A,-0.018711079345937964,ret_12m,main,69.7,full,1.0,2026-09-17
3543.0,,018620,兴全兴晨六个月持有混合A,-0.018861764798392633,ret_12m,main,37.6,full,1.0,2026-09-17
3544.0,,400007,东方策略成长混合,-0.018975810943083204,ret_12m,main,219.5,full,1.0,2026-09-17
3545.0,,020003,国泰金龙行业混合,-0.019112178900414722,ret_12m,main,273.4,full,1.0,2026-09-17
3546.0,,009347,国联价值成长6个月持有混合A,-0.019132617689878617,ret_12m,main,73.4,full,1.0,2026-09-17
3547.0,,009380,富安达科技领航混合A,-0.01935408863173338,ret_12m,main,75.0,full,1.0,2026-09-17
3548.0,,002057,中银新机遇混合A,-0.019365261239730702,ret_12m,main,129.9,full,1.0,2026-09-17
3549.0,,519171,浦银医疗健康混合A,-0.019453892783699356,ret_12m,main,135.8,full,1.0,2026-09-17
3550.0,,166023,中欧瑞丰灵活配置混合(LOF)A,-0.01950226279084044,ret_12m,main,109.6,full,1.0,2026-09-17
3551.0,,012408,广发恒昌一年持有混合A,-0.019658560808478387,ret_12m,main,62.2,full,1.0,2026-09-17
3552.0,,019628,中金成长领航混合发起A,-0.019701655184141242,ret_12m,main,23.1,short,1.0,2026-09-17
3553.0,,006700,红土创新稳健混合A,-0.01977022388338756,ret_12m,main,90.2,full,1.0,2026-09-17
3554.0,,004453,前海开源盈鑫A,-0.020165612412047174,ret_12m,main,113.9,full,1.0,2026-09-17
3555.0,,519130,海富通新内需混合A,-0.02019905396717203,ret_12m,main,141.7,full,1.0,2026-09-17
3556.0,,005552,国富新趋势混合A,-0.02055216707174201,ret_12m,main,103.3,full,1.0,2026-09-17
3557.0,,000649,长城久鑫混合A,-0.020727180075541085,ret_12m,main,145.6,full,1.0,2026-09-17
3558.0,,008719,德邦安顺混合A,-0.02077235566375113,ret_12m,main,66.9,full,1.0,2026-09-17
3559.0,,006132,万家智造优势混合A,-0.020863415152942766,ret_12m,main,96.7,full,1.0,2026-09-17
3560.0,,008290,华安现代生活混合,-0.020901412181437706,ret_12m,main,76.7,full,1.0,2026-09-17
3561.0,,012671,嘉实核心蓝筹混合A,-0.02094880968027113,ret_12m,main,61.8,full,1.0,2026-09-17
3562.0,,000471,富国城镇发展股票,-0.02105459742739091,ret_12m,main,151.6,full,1.0,2026-09-17
3563.0,,008063,汇添富大盘核心资产混合A,-0.021202319930958335,ret_12m,main,80.3,full,1.0,2026-09-17
3564.0,,007251,广发睿享稳健增利混合A,-0.021225385376579697,ret_12m,main,84.9,full,1.0,2026-09-17
3565.0,,005453,前海开源医疗健康A,-0.021474483018255608,ret_12m,main,103.9,full,1.0,2026-09-17
3566.0,,015104,博道研究恒选混合A,-0.02157566539962963,ret_12m,main,51.5,full,1.0,2026-09-17
3567.0,,213001,宝盈鸿利收益灵活配置混合A,-0.021731027148713444,ret_12m,main,287.3,full,1.0,2026-09-17
3568.0,,008271,大成优势企业混合A,-0.02185603114969703,ret_12m,main,80.8,full,1.0,2026-09-17
3569.0,,070006,嘉实服务增值行业混合,-0.022065109798656724,ret_12m,main,269.5,full,1.0,2026-09-17
3570.0,,021985,财通资管先进制造混合发起式A,-0.02219434563785483,ret_12m,main,23.1,short,1.0,2026-09-17
3571.0,,024934,华夏臻选回报混合B,-0.022260175331992982,ret_12m,main,13.2,short,1.0,2026-09-17
3572.0,,010712,中欧瑾利混合A,-0.022346781555935835,ret_12m,main,68.6,full,1.0,2026-09-17
3573.0,,004393,安信企业价值优选混合A,-0.022632500422577362,ret_12m,main,113.6,full,1.0,2026-09-17
3574.0,,001703,银华沪港深增长股票A,-0.02280638371778354,ret_12m,main,121.2,full,1.0,2026-09-17
3575.0,,420003,天弘永定价值成长混合A,-0.022824131460291275,ret_12m,main,213.5,full,1.0,2026-09-17
3576.0,,020098,万家惠诚回报平衡一年持有期混合A,-0.02286596050184231,ret_12m,main,30.0,short,1.0,2026-09-17
3577.0,,070018,嘉实回报混合,-0.022969634502942093,ret_12m,main,205.0,full,1.0,2026-09-17
3578.0,,022195,汇丰晋信景气优选混合A,-0.023188694853557568,ret_12m,main,15.7,short,1.0,2026-09-17
3579.0,,010906,博远优享混合A,-0.023191301041793344,ret_12m,main,65.6,full,1.0,2026-09-17
3580.0,,010410,长城品质成长混合A,-0.02354060251460266,ret_12m,main,68.6,full,1.0,2026-09-17
3581.0,,010347,农银策略收益一年持有混合,-0.02361677071651802,ret_12m,main,67.6,full,1.0,2026-09-17
3582.0,,255010,国联安稳健混合A,-0.02367686319696871,ret_12m,main,277.3,full,1.0,2026-09-17
3583.0,,519993,长信增利动态策略混合,-0.02373671982737069,ret_12m,main,238.3,full,1.0,2026-09-17
3584.0,,005812,鹏华产业精选混合A,-0.02387490738156839,ret_12m,main,100.3,full,1.0,2026-09-17
3585.0,,004740,中欧瑞丰灵活配置混合C,-0.02390133031902253,ret_12m,main,109.6,full,1.0,2026-09-17
3586.0,,013636,国投瑞银策略回报混合A,-0.023938028653515464,ret_12m,main,58.0,full,1.0,2026-09-17
3587.0,,011203,永赢惠添益混合A,-0.023965039264814303,ret_12m,main,66.1,full,1.0,2026-09-17
3588.0,,020637,华泰紫金价值远见18个月持有混合发起A,-0.023982815662198176,ret_12m,main,30.4,short,1.0,2026-09-17
3589.0,,660010,农银策略精选混合,-0.024004054496755467,ret_12m,main,180.4,full,1.0,2026-09-17
3590.0,,206002,鹏华精选成长混合A,-0.024122806368998773,ret_12m,main,204.3,full,1.0,2026-09-17
3591.0,,014585,银华心兴三年持有混合A,-0.02412669816844104,ret_12m,main,55.9,full,1.0,2026-09-17
3592.0,,519002,华安安信消费混合A,-0.024142549935976088,ret_12m,main,158.8,full,1.0,2026-09-17
3593.0,,011717,浦银均衡优选6个月持有混合A,-0.02417306320735335,ret_12m,main,63.8,full,1.0,2026-09-17
3594.0,,006122,华安低碳生活混合A,-0.02421720894643853,ret_12m,main,90.2,full,1.0,2026-09-17
3595.0,,014522,汇添富低碳投资一年持有混合A,-0.024305706876039057,ret_12m,main,54.7,full,1.0,2026-09-17
3596.0,,017479,广发医药精选股票A,-0.02437205026019751,ret_12m,main,38.4,full,1.0,2026-09-17
3597.0,,012193,泓德睿诚混合A,-0.024409073004377224,ret_12m,main,60.7,full,1.0,2026-09-17
3598.0,,011338,兴全合远两年持有混合A,-0.024430579421113707,ret_12m,main,64.7,full,1.0,2026-09-17
3599.0,,019718,摩根悦享回报6个月持有期混合A,-0.024493819443816123,ret_12m,main,27.2,short,1.0,2026-09-17
3600.0,,011908,广发沪港深价值精选混合A,-0.0247850541397564,ret_12m,main,63.8,full,1.0,2026-09-17
3601.0,,014228,浦银品质优选混合A,-0.024789307096644175,ret_12m,main,56.6,full,1.0,2026-09-17
3602.0,,009667,鹏华安庆混合A,-0.025049492340614488,ret_12m,main,74.8,full,1.0,2026-09-17
3603.0,,160921,大成多策略混合(LOF)A,-0.025134130296271318,ret_12m,main,120.9,full,1.0,2026-09-17
3604.0,,001914,中信建投聚利混合A,-0.025227132024862375,ret_12m,main,130.2,full,1.0,2026-09-17
3605.0,,018240,嘉实制造升级股票发起式A,-0.025329377660050834,ret_12m,main,37.8,full,1.0,2026-09-17
3606.0,,018862,大成创优鑫选混合A,-0.025403366715044284,ret_12m,main,12.7,short,0.9526,2026-09-17
3607.0,,015071,鑫元专精特新混合A,-0.025449728022087226,ret_12m,main,51.0,full,1.0,2026-09-17
3608.0,,519971,长信改革红利混合,-0.025651680842758817,ret_12m,main,145.4,full,1.0,2026-09-17
3609.0,,009230,鹏华安和混合A,-0.025675239114270054,ret_12m,main,75.0,full,1.0,2026-09-17
3610.0,,010425,国投瑞银开放视角精选混合A,-0.025768285535455515,ret_12m,main,67.5,full,1.0,2026-09-17
3611.0,,009312,前海联合价值优选混合A,-0.02578857442400795,ret_12m,main,74.3,full,1.0,2026-09-17
3612.0,,021995,南华丰睿量化选股混合A,-0.02582179233593862,ret_12m,main,22.4,short,1.0,2026-09-17
3613.0,,009999,东方中国红利混合,-0.025846878562471254,ret_12m,main,71.6,full,1.0,2026-09-17
3614.0,,010746,富安达长三角区域主题混合A,-0.025855880874594228,ret_12m,main,68.8,full,1.0,2026-09-17
3615.0,,000127,农银行业领先混合,-0.02586978114283034,ret_12m,main,158.8,full,1.0,2026-09-17
3616.0,,000755,富安达新兴成长混合A,-0.02591363829280613,ret_12m,main,144.2,full,1.0,2026-09-17
3617.0,,018698,国投瑞银盛煊混合A,-0.026165105466979033,ret_12m,main,32.7,short,1.0,2026-09-17
3618.0,,009154,海富通富盈混合A,-0.026168626764885405,ret_12m,main,75.9,full,1.0,2026-09-17
3619.0,,008480,永赢股息优选A,-0.026173320804849687,ret_12m,main,77.8,full,1.0,2026-09-17
3620.0,,019960,富国远见价值混合A,-0.026230832184894415,ret_12m,main,27.7,short,1.0,2026-09-17
3621.0,,001791,大成绝对收益策略混合A,-0.026235988528913734,ret_12m,main,131.8,full,1.0,2026-09-17
3622.0,,005848,银华裕利混合发起式A,-0.02629481647391818,ret_12m,main,93.3,full,1.0,2026-09-17
3623.0,,013395,华夏新能源车龙头混合发起式A,-0.02634390928851449,ret_12m,main,60.1,full,1.0,2026-09-17
3624.0,,233009,大摩多因子策略混合A,-0.026873637728025757,ret_12m,main,184.0,full,1.0,2026-09-17
3625.0,,011042,国泰价值先锋股票A,-0.027020676301352187,ret_12m,main,66.3,full,1.0,2026-09-17
3626.0,,161616,融通医疗保健行业混合A/B,-0.027180082210417567,ret_12m,main,169.7,full,1.0,2026-09-17
3627.0,,009960,银华多元机遇混合,-0.027188980092673565,ret_12m,main,72.2,full,1.0,2026-09-17
3628.0,,005295,诺德天富灵活配置混合,-0.027322947683687815,ret_12m,main,103.3,full,1.0,2026-09-17
3629.0,,011015,嘉合锦元回报混合A,-0.027363268309747335,ret_12m,main,65.8,full,1.0,2026-09-17
3630.0,,018806,华安国企机遇混合A,-0.027413834015290628,ret_12m,main,31.7,short,1.0,2026-09-17
3631.0,,673120,西部利得新富混合A,-0.027524162495589533,ret_12m,main,111.0,full,1.0,2026-09-17
3632.0,,014311,大成优质精选混合A,-0.027613927445428676,ret_12m,main,49.7,full,1.0,2026-09-17
3633.0,,009011,华夏睿阳一年持有混合,-0.027737872534179364,ret_12m,main,78.0,full,1.0,2026-09-17
3634.0,,000567,广发聚祥灵活混合,-0.028130168191282556,ret_12m,main,149.0,full,1.0,2026-09-17
3635.0,,762001,国金国鑫发起A,-0.028136095249997384,ret_12m,main,168.6,full,1.0,2026-09-17
3636.0,,010081,泰康浩泽混合A,-0.02818546672085198,ret_12m,main,63.5,full,1.0,2026-09-17
3637.0,,024935,华夏臻选回报混合C,-0.028199713731720588,ret_12m,main,13.2,short,1.0,2026-09-17
3638.0,,004442,中欧康裕混合A,-0.028289812950531346,ret_12m,main,114.1,full,1.0,2026-09-17
3639.0,,004292,鹏华沪深港互联网股票,-0.028327029109223467,ret_12m,main,113.4,full,1.0,2026-09-17
3640.0,,014872,嘉实品质蓝筹一年持有混合A,-0.02856780768863998,ret_12m,main,55.2,full,1.0,2026-09-17
3641.0,,014053,太平睿庆混合A,-0.028635554211532965,ret_12m,main,56.9,full,1.0,2026-09-17
3642.0,,001709,华富物联世界灵活配置混合A,-0.02873802966571959,ret_12m,main,127.9,full,1.0,2026-09-17
3643.0,,014235,淳厚时代优选混合A,-0.02878869442980725,ret_12m,main,55.7,full,1.0,2026-09-17
3644.0,,017400,贝莱德行业优选混合A,-0.029027468939258783,ret_12m,main,41.7,full,1.0,2026-09-17
3645.0,,519139,海富通沪港深混合A,-0.029276452673802855,ret_12m,main,118.2,full,1.0,2026-09-17
3646.0,,011363,南方兴润价值一年持有混合A,-0.02940725836539959,ret_12m,main,67.4,full,1.0,2026-09-17
3647.0,,000584,新华鑫益灵活配置混合C,-0.029504382285742703,ret_12m,main,149.1,full,1.0,2026-09-17
3648.0,,014068,工银瑞信悦享混合A,-0.02959094465778589,ret_12m,main,57.0,full,1.0,2026-09-17
3649.0,,009636,华泰柏瑞景气优选A,-0.029683225978185068,ret_12m,main,75.0,full,1.0,2026-09-17
3650.0,,006952,中银景元回报混合,-0.02984152153432107,ret_12m,main,89.8,full,1.0,2026-09-17
3651.0,,005039,鹏扬景兴混合A,-0.029842749938090884,ret_12m,main,107.7,full,1.0,2026-09-17
3652.0,,024678,东海产业优选混合发起式A,-0.030199305377805463,ret_12m,main,13.2,short,1.0,2026-09-17
3653.0,,010876,浙商智选先锋一年持有混合A,-0.0302697584230176,ret_12m,main,61.2,full,1.0,2026-09-17
3654.0,,400025,东方新兴成长混合,-0.030347354377587066,ret_12m,main,144.5,full,1.0,2026-09-17
3655.0,,010996,招商品质升级混合A,-0.030455706078490907,ret_12m,main,66.4,full,1.0,2026-09-17
3656.0,,161706,招商优质成长混合(LOF),-0.03049396091693435,ret_12m,main,250.0,full,1.0,2026-09-17
3657.0,,021857,东方红远见精选混合A,-0.03049748405122421,ret_12m,main,18.4,short,1.0,2026-09-17
3658.0,,008077,九泰天奕量化价值混合A,-0.030504875796762865,ret_12m,main,75.6,full,1.0,2026-09-17
3659.0,,005794,银华心怡灵活配置混合A,-0.030559639959403806,ret_12m,main,98.4,full,1.0,2026-09-17
3660.0,,005481,银华瑞泰灵活配置混合A,-0.030595366118768674,ret_12m,main,103.3,full,1.0,2026-09-17
3661.0,,024452,博时卓睿成长股票A,-0.030624573249110165,ret_12m,main,14.9,short,0.9644,2026-09-17
3662.0,,001604,浙商汇金转型升级A,-0.03062692370148623,ret_12m,main,127.4,full,1.0,2026-09-17
3663.0,,001579,国泰大农业股票A,-0.030725557050387486,ret_12m,main,111.1,full,1.0,2026-09-17
3664.0,,021650,东方红红利量化选股混合发起A,-0.030915324732016525,ret_12m,main,24.7,short,1.0,2026-09-17
3665.0,,004900,财通资管鑫锐混合A,-0.031338465612057664,ret_12m,main,105.4,full,1.0,2026-09-17
3666.0,,011468,国富竞争优势三年持有期混合A,-0.03150311376554926,ret_12m,main,64.1,full,1.0,2026-09-17
3667.0,,002497,东方盛世灵活配置混合A,-0.03162697109808332,ret_12m,main,125.1,full,1.0,2026-09-17
3668.0,,006511,博道卓远混合A,-0.031658499646379346,ret_12m,main,94.3,full,1.0,2026-09-17
3669.0,,022336,京管泰富创新动力混合发起A,-0.03177886156580079,ret_12m,main,20.8,short,1.0,2026-09-17
3670.0,,014725,广发成长动力三年持有混合A,-0.031870002368621475,ret_12m,main,49.7,full,1.0,2026-09-17
3671.0,,009275,融通医疗保健行业混合C,-0.03196297622389144,ret_12m,main,77.1,full,1.0,2026-09-17
3672.0,,005331,益民优势安享混合A,-0.03196622712488062,ret_12m,main,100.8,full,1.0,2026-09-17
3673.0,,000844,南方绝对收益,-0.032000943501535595,ret_12m,main,141.5,full,1.0,2026-09-17
3674.0,,012576,富国诚益回报12个月持有混合A,-0.032022895313133626,ret_12m,main,60.9,full,1.0,2026-09-17
3675.0,,006121,华安双核驱动混合A,-0.03204381072979501,ret_12m,main,90.3,full,1.0,2026-09-17
3676.0,,015559,长江启航混合发起式A,-0.032053200904047396,ret_12m,main,51.2,full,1.0,2026-09-17
3677.0,,013771,中加龙头精选混合A,-0.0324059082300161,ret_12m,main,55.2,full,1.0,2026-09-17
3678.0,,001287,安信优势增长混合A,-0.032478480460255366,ret_12m,main,136.0,full,1.0,2026-09-17
3679.0,,519113,浦银精致生活混合A,-0.03250171677947966,ret_12m,main,207.4,full,1.0,2026-09-17
3680.0,,000294,华安生态优先混合A,-0.03269407178150252,ret_12m,main,153.6,full,1.0,2026-09-17
3681.0,,010668,工银优选对冲灵活配置混合发起A,-0.032724799248754044,ret_12m,main,68.6,full,1.0,2026-09-17
3682.0,,009693,富国积极成长一年定开混合,-0.03279736622354501,ret_12m,main,75.1,full,1.0,2026-09-17
3683.0,,010599,汇添富高质量成长30一年混合A,-0.033014225166304034,ret_12m,main,67.2,full,1.0,2026-09-17
3684.0,,009368,浦银价值精选混合A,-0.033017869071456096,ret_12m,main,73.9,full,1.0,2026-09-17
3685.0,,006109,富荣价值精选混合A,-0.0330542119957562,ret_12m,main,97.2,full,1.0,2026-09-17
3686.0,,020001,国泰金鹰增长混合,-0.033183112968414696,ret_12m,main,292.3,full,1.0,2026-09-17
3687.0,,022153,华泰柏瑞红利精选混合A,-0.03320043322709054,ret_12m,main,18.4,short,1.0,2026-09-17
3688.0,,161131,易方达科润混合(LOF),-0.033242511344092174,ret_12m,main,98.4,full,1.0,2026-09-17
3689.0,,001660,富安达行业轮动混合,-0.03325245620678374,ret_12m,main,101.5,full,1.0,2026-09-17
3690.0,,000410,益民服务领先混合A,-0.03336324257435985,ret_12m,main,152.9,full,1.0,2026-09-17
3691.0,,002489,国泰民福策略价值混合A,-0.03354294007253489,ret_12m,main,125.6,full,1.0,2026-09-17
3692.0,,012150,诺德价值发现一年持有混合,-0.03354733988371761,ret_12m,main,63.5,full,1.0,2026-09-17
3693.0,,005543,银华心诚灵活配置混合A,-0.03356259061008171,ret_12m,main,102.2,full,1.0,2026-09-17
3694.0,,015100,华泰柏瑞低碳经济智选混合A,-0.03359956900901684,ret_12m,main,49.5,full,1.0,2026-09-17
3695.0,,010350,景顺长城品质长青混合A,-0.033690060513170916,ret_12m,main,67.2,full,1.0,2026-09-17
3696.0,,003373,大成景禄灵活配置混合A,-0.034051405697198556,ret_12m,main,119.6,full,1.0,2026-09-17
3697.0,,009345,中银顺兴回报一年持有混合A,-0.03406590667743903,ret_12m,main,75.0,full,1.0,2026-09-17
3698.0,,005521,华安红利精选混合A,-0.034248695927485584,ret_12m,main,103.9,full,1.0,2026-09-17
3699.0,,160526,博时优势企业灵活配置混合A,-0.03426240404626757,ret_12m,main,87.5,full,1.0,2026-09-17
3700.0,,009846,国富港股通远见价值混合A,-0.03457734854512562,ret_12m,main,73.0,full,1.0,2026-09-17
3701.0,,001857,易方达现代服务业混合,-0.034608484671601936,ret_12m,main,105.8,full,1.0,2026-09-17
3702.0,,019876,广发均衡成长混合A,-0.03469997645681144,ret_12m,main,28.8,short,1.0,2026-09-17
3703.0,,519170,浦银增长动力混合A,-0.03486958620091429,ret_12m,main,138.2,full,1.0,2026-09-17
3704.0,,001569,泰信国策驱动灵活配置混合,-0.03504307125843453,ret_12m,main,130.7,full,1.0,2026-09-17
3705.0,,011548,九泰久慧混合A,-0.03526613149293267,ret_12m,main,64.0,full,1.0,2026-09-17
3706.0,,002653,泰康沪港深精选混合,-0.03545604319299611,ret_12m,main,123.4,full,1.0,2026-09-17
3707.0,,008294,朱雀企业优胜A,-0.03551071800284589,ret_12m,main,75.9,full,1.0,2026-09-17
3708.0,,006039,国富估值优势混合A,-0.03553849413443644,ret_12m,main,96.9,full,1.0,2026-09-17
3709.0,,010222,大摩民丰盈和一年持有混合,-0.035735614518380476,ret_12m,main,67.7,full,1.0,2026-09-17
3710.0,,019864,浦银高端装备混合A,-0.035886537151269216,ret_12m,main,29.7,short,1.0,2026-09-17
3711.0,,001363,长城久惠灵活配置混合A,-0.0359145389950456,ret_12m,main,133.7,full,1.0,2026-09-17
3712.0,,012640,鹏华稳健鸿利一年持有期混合A,-0.03597976218050569,ret_12m,main,60.7,full,1.0,2026-09-17
3713.0,,012765,广发大盘价值混合A,-0.03606093552674028,ret_12m,main,57.3,full,1.0,2026-09-17
3714.0,,006780,广发稳健策略混合A,-0.03607133801639373,ret_12m,main,90.4,full,1.0,2026-09-17
3715.0,,007493,朱雀产业臻选混合A,-0.03615013869654482,ret_12m,main,86.7,full,1.0,2026-09-17
3716.0,,012051,申万菱信乐道三年持有期混合,-0.03620399829430665,ret_12m,main,63.2,full,1.0,2026-09-17
3717.0,,011531,朱雀恒心一年持有混合,-0.036247979260383034,ret_12m,main,66.6,full,1.0,2026-09-17
3718.0,,160918,大成中小盘混合(LOF)A,-0.036653969736353265,ret_12m,main,149.2,full,1.0,2026-09-17
3719.0,,011694,华泰紫金信息科技主题6个月持有混合发起A,-0.03681129934326732,ret_12m,main,64.9,full,1.0,2026-09-17
3720.0,,011733,银华瑞祥一年持有期混合,-0.03682888482758018,ret_12m,main,64.6,full,1.0,2026-09-17
3721.0,,001319,农银信息传媒股票A,-0.037019878553010144,ret_12m,main,134.8,full,1.0,2026-09-17
3722.0,,021271,华泰紫金远见回报12个月持有混合A,-0.03710190685152648,ret_12m,main,27.1,short,1.0,2026-09-17
3723.0,,004224,南方军工改革灵活配置混合A,-0.03749567938492793,ret_12m,main,114.3,full,1.0,2026-09-17
3724.0,,019727,国泰招享添利六个月持有混合发起A,-0.0376009763929801,ret_12m,main,32.3,short,1.0,2026-09-17
3725.0,,014539,华安优势精选混合A,-0.03766208109045366,ret_12m,main,55.7,full,1.0,2026-09-17
3726.0,,019740,财通资管创新医药混合A,-0.03780127045434489,ret_12m,main,31.8,short,1.0,2026-09-17
3727.0,,009332,博时恒裕持有期混合A,-0.03785494843200732,ret_12m,main,76.0,full,1.0,2026-09-17
3728.0,,006923,前海开源沪港深非周期股票A,-0.038153017441263315,ret_12m,main,90.2,full,1.0,2026-09-17
3729.0,,016997,创金合信产业臻选平衡混合A,-0.038284714907331874,ret_12m,main,42.6,full,1.0,2026-09-17
3730.0,,005323,前海开源泽鑫混合A,-0.038290002284863234,ret_12m,main,103.8,full,1.0,2026-09-17
3731.0,,011816,融通多元收益一年持有期混合,-0.03830563611649518,ret_12m,main,61.5,full,1.0,2026-09-17
3732.0,,010293,华商量化优质精选混合,-0.03935600394015781,ret_12m,main,70.6,full,1.0,2026-09-17
3733.0,,018446,工银领航三年持有混合,-0.03936945106400591,ret_12m,main,39.2,full,1.0,2026-09-17
3734.0,,002296,长城行业轮动混合A,-0.039436814586466196,ret_12m,main,128.2,full,1.0,2026-09-17
3735.0,,000628,大成高鑫股票A,-0.039876749274358914,ret_12m,main,139.4,full,1.0,2026-09-17
3736.0,,010141,朱雀企业优选A,-0.04009231262580548,ret_12m,main,71.8,full,1.0,2026-09-17
3737.0,,040020,华安升级主题混合A,-0.04037061367810735,ret_12m,main,184.9,full,1.0,2026-09-17
3738.0,,004340,泰康兴泰回报沪港深混合A,-0.04061998052062277,ret_12m,main,111.1,full,1.0,2026-09-17
3739.0,,257010,国联安小盘精选混合,-0.040655143431461815,ret_12m,main,269.2,full,1.0,2026-09-17
3740.0,,018939,长城景气成长混合A,-0.04084984907588851,ret_12m,main,36.2,full,1.0,2026-09-17
3741.0,,019430,国联安价值甄选混合,-0.04106095451359648,ret_12m,main,28.1,short,1.0,2026-09-17
3742.0,,000326,南方中小盘成长股票A,-0.04111890995314271,ret_12m,main,130.7,full,1.0,2026-09-17
3743.0,,012175,易方达稳健增利混合A,-0.04116623702613431,ret_12m,main,61.9,full,1.0,2026-09-17
3744.0,,018105,中欧聚优港股通混合发起A,-0.04138160971283089,ret_12m,main,41.2,full,1.0,2026-09-17
3745.0,,012003,招商价值成长混合A,-0.04150545150406526,ret_12m,main,60.9,full,1.0,2026-09-17
3746.0,,000566,华泰柏瑞创新升级混合A,-0.04154244388625561,ret_12m,main,148.4,full,1.0,2026-09-17
3747.0,,013993,中欧光熠一年持有混合A,-0.04178486236170942,ret_12m,main,54.5,full,1.0,2026-09-17
3748.0,,010413,财通资管宸瑞一年持有混合A,-0.04191662639909921,ret_12m,main,67.9,full,1.0,2026-09-17
3749.0,,014686,招商核心装备混合A,-0.04199342166254438,ret_12m,main,49.7,full,1.0,2026-09-17
3750.0,,011006,工银圆丰三年持有期混合,-0.042041920969309254,ret_12m,main,68.1,full,1.0,2026-09-17
3751.0,,001325,鹏华弘和混合A,-0.04218394290409566,ret_12m,main,135.8,full,1.0,2026-09-17
3752.0,,020224,创金合信均益量化选股混合A,-0.042189206227927434,ret_12m,main,26.7,short,1.0,2026-09-17
3753.0,,007306,华泰柏瑞基本面智选A,-0.042373463929023414,ret_12m,main,87.4,full,1.0,2026-09-17
3754.0,,010832,国泰合益混合A,-0.04250422691109823,ret_12m,main,67.5,full,1.0,2026-09-17
3755.0,,009700,长江添利混合A,-0.04261434424444743,ret_12m,main,73.4,full,1.0,2026-09-17
3756.0,,160105,南方积极配置混合(LOF),-0.042802455563763275,ret_12m,main,263.1,full,1.0,2026-09-17
3757.0,,006803,嘉实互通精选股票,-0.04291013852298964,ret_12m,main,90.9,full,1.0,2026-09-17
3758.0,,003345,安信新成长混合A,-0.042998124108823865,ret_12m,main,119.6,full,1.0,2026-09-17
3759.0,,006449,浙商汇金量化精选混合A,-0.043038431911329944,ret_12m,main,89.8,full,1.0,2026-09-17
3760.0,,019729,华夏国企红利混合发起式A,-0.0430979563745757,ret_12m,main,30.7,short,1.0,2026-09-17
3761.0,,013853,大成匠心卓越三年持有混合A,-0.04339262513116593,ret_12m,main,51.4,full,1.0,2026-09-17
3762.0,,009376,景顺长城成长领航混合,-0.04352087086635059,ret_12m,main,75.7,full,1.0,2026-09-17
3763.0,,001798,泰康新回报灵活配置混合A,-0.043588836389183205,ret_12m,main,131.8,full,1.0,2026-09-17
3764.0,,630015,华商大盘量化精选混合,-0.0436107230810574,ret_12m,main,161.3,full,1.0,2026-09-17
3765.0,,011152,国富兴海回报混合A,-0.0436434618952104,ret_12m,main,65.6,full,1.0,2026-09-17
3766.0,,022492,金元顺安鑫怡混合发起式A,-0.043658876313075634,ret_12m,main,18.5,short,1.0,2026-09-17
3767.0,,017079,格林鑫利六个月持有期混合A,-0.04367506178382752,ret_12m,main,42.0,full,1.0,2026-09-17
3768.0,,008276,财通资管价值发现混合A,-0.04370529783058663,ret_12m,main,77.8,full,1.0,2026-09-17
3769.0,,161605,融通蓝筹成长混合A/B,-0.04384166857422067,ret_12m,main,275.6,full,1.0,2026-09-17
3770.0,,217005,招商先锋混合,-0.04405153339717316,ret_12m,main,267.5,full,1.0,2026-09-17
3771.0,,233001,大摩基础行业混合,-0.044111634069783356,ret_12m,main,269.7,full,1.0,2026-09-17
3772.0,,017114,浦银景气优选混合A,-0.04419631576618377,ret_12m,main,39.1,full,1.0,2026-09-17
3773.0,,001537,中加改革红利混合,-0.04428218420297747,ret_12m,main,133.2,full,1.0,2026-09-17
3774.0,,012588,南方港股通优势企业混合A,-0.04432107913229266,ret_12m,main,61.9,full,1.0,2026-09-17
3775.0,,011777,易方达稳健增长混合A,-0.04485261925648276,ret_12m,main,64.7,full,1.0,2026-09-17
3776.0,,008260,长城价值优选混合A,-0.0451628862164114,ret_12m,main,78.0,full,1.0,2026-09-17
3777.0,,017881,工银精选回报混合A,-0.04540366328006795,ret_12m,main,35.7,short,1.0,2026-09-17
3778.0,,008871,大成睿裕六月持有股票A,-0.045439667217652135,ret_12m,main,75.4,full,1.0,2026-09-17
3779.0,,001651,工银新蓝筹股票A,-0.04589967843256204,ret_12m,main,133.4,full,1.0,2026-09-17
3780.0,,000778,鹏华先进制造股票,-0.045980598939911355,ret_12m,main,142.4,full,1.0,2026-09-17
3781.0,,013109,华夏优势价值一年持有混合A,-0.045981954622512866,ret_12m,main,54.5,full,1.0,2026-09-17
3782.0,,011389,国都聚成混合,-0.0464017792546495,ret_12m,main,65.8,full,1.0,2026-09-17
3783.0,,004005,东方民丰回报赢安混合A,-0.046489137221381704,ret_12m,main,114.3,full,1.0,2026-09-17
3784.0,,014103,富安达成长价值一年持有期混合A,-0.04672310931669543,ret_12m,main,56.6,full,1.0,2026-09-17
3785.0,,010947,中欧嘉选混合A,-0.04684001926461534,ret_12m,main,66.3,full,1.0,2026-09-17
3786.0,,009147,建信新能源行业股票A,-0.04693484184132324,ret_12m,main,75.0,full,1.0,2026-09-17
3787.0,,002415,融通通盈灵活配置混合,-0.046966326567352557,ret_12m,main,126.1,full,1.0,2026-09-17
3788.0,,017702,鹏扬均衡成长混合A,-0.047081091033601474,ret_12m,main,38.7,full,1.0,2026-09-17
3789.0,,005395,泓德臻远回报混合,-0.04715846506271515,ret_12m,main,100.5,full,1.0,2026-09-17
3790.0,,373010,摩根双息平衡混合A,-0.04724020398802431,ret_12m,main,244.7,full,1.0,2026-09-17
3791.0,,009853,中加优势企业混合A,-0.04724239263294128,ret_12m,main,73.1,full,1.0,2026-09-17
3792.0,,001171,工银养老产业股票A,-0.047322286552278325,ret_12m,main,136.7,full,1.0,2026-09-17
3793.0,,010922,朱雀匠心一年持有,-0.04759543819823431,ret_12m,main,68.9,full,1.0,2026-09-17
3794.0,,168102,九泰锐富事件驱动混合发起式(LOF)A,-0.04764441089297311,ret_12m,main,127.4,full,1.0,2026-09-17
3795.0,,012008,易方达稳健回报混合A,-0.047841599517663314,ret_12m,main,63.6,full,1.0,2026-09-17
3796.0,,000126,招商安润灵活配置混合A,-0.047880163378849816,ret_12m,main,161.0,full,1.0,2026-09-17
3797.0,,160611,鹏华优质治理混合(LOF)A,-0.04824973457332293,ret_12m,main,232.1,full,1.0,2026-09-17
3798.0,,016945,中泰ESG主题6个月持有混合发起,-0.04844156587747217,ret_12m,main,31.8,short,1.0,2026-09-17
3799.0,,019334,大成红利汇聚混合A,-0.048473359428160556,ret_12m,main,31.8,short,1.0,2026-09-17
3800.0,,000706,中邮多策略灵活配置混合,-0.048477010263089704,ret_12m,main,145.8,full,1.0,2026-09-17
3801.0,,019801,华泰紫金价值甄选混合C,-0.048520371039054266,ret_12m,main,33.1,short,1.0,2026-09-17
3802.0,,011601,前海开源公共卫生股票A,-0.04852618448756851,ret_12m,main,65.8,full,1.0,2026-09-17
3803.0,,014754,华安景气优选混合A,-0.04861367528148852,ret_12m,main,51.5,full,1.0,2026-09-17
3804.0,,016274,华泰保兴鑫成优选混合A,-0.04863156299459526,ret_12m,main,46.3,full,1.0,2026-09-17
3805.0,,019971,融通蓝筹成长混合C,-0.04889513532330292,ret_12m,main,34.3,short,1.0,2026-09-17
3806.0,,017034,中信建投科技主题6个月持有混合A,-0.049089405416703924,ret_12m,main,45.1,full,1.0,2026-09-17
3807.0,,020558,工银健康产业混合A,-0.049195371179807434,ret_12m,main,24.3,short,1.0,2026-09-17
3808.0,,013767,平安价值回报混合A,-0.04919620823741788,ret_12m,main,53.1,full,1.0,2026-09-17
3809.0,,013886,华商新能源汽车混合A,-0.04929387690975928,ret_12m,main,58.0,full,1.0,2026-09-17
3810.0,,005583,易方达港股通红利混合A,-0.04941413579942988,ret_12m,main,102.4,full,1.0,2026-09-17
3811.0,,004249,安信中国制造混合A,-0.0497499019250377,ret_12m,main,114.1,full,1.0,2026-09-17
3812.0,,018139,中金先进制造混合A,-0.05006773230950112,ret_12m,main,35.3,short,1.0,2026-09-17
3813.0,,160211,国泰中小盘成长混合(LOF),-0.05007618584841822,ret_12m,main,201.8,full,1.0,2026-09-17
3814.0,,560003,益民创新优势混合A,-0.05027106650866886,ret_12m,main,230.2,full,1.0,2026-09-17
3815.0,,006138,国联安价值优选股票,-0.05037670089596247,ret_12m,main,95.9,full,1.0,2026-09-17
3816.0,,010178,大成企业能力驱动混合A,-0.05095769174813913,ret_12m,main,67.9,full,1.0,2026-09-17
3817.0,,002156,长盛盛世混合A,-0.05097375318666575,ret_12m,main,129.2,full,1.0,2026-09-17
3818.0,,005732,富国臻选成长灵活配置混合A,-0.05098023577837596,ret_12m,main,97.1,full,1.0,2026-09-17
3819.0,,001071,华安媒体互联网混合A,-0.05141652115812034,ret_12m,main,136.1,full,1.0,2026-09-17
3820.0,,010551,淳厚欣颐一年持有期混合,-0.051520986858519136,ret_12m,main,68.8,full,1.0,2026-09-17
3821.0,,012260,广发睿明优质企业混合A,-0.051594071523019314,ret_12m,main,61.6,full,1.0,2026-09-17
3822.0,,005519,银华混改红利灵活配置混合发起式A,-0.051819024558883875,ret_12m,main,99.9,full,1.0,2026-09-17
3823.0,,011349,淳厚现代服务业股票A,-0.051937896226123215,ret_12m,main,60.8,full,1.0,2026-09-17
3824.0,,001747,易方达瑞祺混合A,-0.0519755389785207,ret_12m,main,103.6,full,1.0,2026-09-17
3825.0,,015510,平安价值领航混合A,-0.05215276966977156,ret_12m,main,45.8,full,1.0,2026-09-17
3826.0,,016119,华富时代锐选混合A,-0.0525010722953726,ret_12m,main,45.5,full,1.0,2026-09-17
3827.0,,003484,金鹰鑫益混合A,-0.052686362845212886,ret_12m,main,118.0,full,1.0,2026-09-17
3828.0,,018484,财通资管医疗保健混合A,-0.05289037810988029,ret_12m,main,37.5,full,1.0,2026-09-17
3829.0,,005117,金信价值精选混合A,-0.053101252382063535,ret_12m,main,108.5,full,1.0,2026-09-17
3830.0,,010296,万家互联互通中国优势A,-0.05321016790611932,ret_12m,main,70.4,full,1.0,2026-09-17
3831.0,,011536,惠升惠益混合A,-0.0534010077080711,ret_12m,main,63.8,full,1.0,2026-09-17
3832.0,,018220,广发品质优选混合发起式A,-0.05360316368123608,ret_12m,main,26.7,short,1.0,2026-09-17
3833.0,,006435,景顺长城创新成长混合,-0.053627268626216584,ret_12m,main,83.0,full,1.0,2026-09-17
3834.0,,450009,国富中小盘股票A,-0.053672385517496424,ret_12m,main,189.8,full,1.0,2026-09-17
3835.0,,006202,交银核心资产混合A,-0.05370425598558437,ret_12m,main,92.0,full,1.0,2026-09-17
3836.0,,000772,景顺长城中国回报混合A,-0.05393640843546299,ret_12m,main,142.4,full,1.0,2026-09-17
3837.0,,013326,万家景气驱动混合A,-0.05399363573943872,ret_12m,main,55.7,full,1.0,2026-09-17
3838.0,,011206,创金合信竞争优势混合A,-0.054045316593950954,ret_12m,main,67.7,full,1.0,2026-09-17
3839.0,,002340,富国价值优势混合A,-0.054097575227910255,ret_12m,main,125.3,full,1.0,2026-09-17
3840.0,,519694,交银蓝筹混合,-0.05493677447205436,ret_12m,main,229.3,full,1.0,2026-09-17
3841.0,,000529,广发竞争优势混合A,-0.0550333139039304,ret_12m,main,150.2,full,1.0,2026-09-17
3842.0,,168103,九泰锐益混合(LOF)A,-0.055036107575160975,ret_12m,main,121.2,full,1.0,2026-09-17
3843.0,,010437,嘉实竞争力优选混合A,-0.05506106272453681,ret_12m,main,66.7,full,1.0,2026-09-17
3844.0,,450002,国富弹性市值混合A,-0.05536207961287842,ret_12m,main,243.1,full,1.0,2026-09-17
3845.0,,013824,汇丰晋信慧悦混合,-0.055652170485039565,ret_12m,main,54.5,full,1.0,2026-09-17
3846.0,,002054,中银新财富混合A,-0.05583167498892139,ret_12m,main,129.9,full,1.0,2026-09-17
3847.0,,009878,平安低碳经济混合A,-0.055838716668692445,ret_12m,main,73.2,full,1.0,2026-09-17
3848.0,,011078,诺德品质消费6个月持有混合,-0.05588142336287483,ret_12m,main,67.2,full,1.0,2026-09-17
3849.0,,020364,博时卓越成长混合A,-0.055956943236989076,ret_12m,main,31.6,short,1.0,2026-09-17
3850.0,,160505,博时主题行业混合(LOF),-0.056005568296720654,ret_12m,main,260.3,full,1.0,2026-09-17
3851.0,,016297,中欧丰泰港股通混合A,-0.05649020975077024,ret_12m,main,48.1,full,1.0,2026-09-17
3852.0,,001965,圆信永丰兴源灵活配置混合A,-0.05652346929305174,ret_12m,main,110.9,full,1.0,2026-09-17
3853.0,,001694,华安沪港深外延增长灵活配置混合A,-0.057540905149655375,ret_12m,main,126.3,full,1.0,2026-09-17
3854.0,,017303,华安景气领航混合A,-0.05766708488295669,ret_12m,main,40.7,full,1.0,2026-09-17
3855.0,,020075,财通资管创新成长混合A,-0.05776497949528081,ret_12m,main,29.7,short,1.0,2026-09-17
3856.0,,000452,南方医药保健混合A,-0.057964575001465235,ret_12m,main,151.8,full,1.0,2026-09-17
3857.0,,673040,西部利得行业主题优选混合A,-0.05813738615510111,ret_12m,main,126.2,full,1.0,2026-09-17
3858.0,,004895,华商鑫安灵活混合,-0.05814049537498445,ret_12m,main,108.4,full,1.0,2026-09-17
3859.0,,011460,鹏华创新成长混合A,-0.05822843076318984,ret_12m,main,66.3,full,1.0,2026-09-17
3860.0,,010703,财通智选消费股票A,-0.058261101938857696,ret_12m,main,67.6,full,1.0,2026-09-17
3861.0,,001558,天弘医疗健康混合A,-0.05828396094732091,ret_12m,main,134.6,full,1.0,2026-09-17
3862.0,,009330,鹏华成长价值混合A,-0.058295792535473456,ret_12m,main,76.0,full,1.0,2026-09-17
3863.0,,019392,嘉实匠心严选混合A,-0.05836168767851968,ret_12m,main,31.3,short,1.0,2026-09-17
3864.0,,012748,华泰柏瑞远见智选混合A,-0.05862520913666669,ret_12m,main,61.7,full,1.0,2026-09-17
3865.0,,530012,建信积极配置混合,-0.058882263446818905,ret_12m,main,188.0,full,1.0,2026-09-17
3866.0,,014177,华安景气驱动一年持有混合A,-0.058904843882072955,ret_12m,main,54.6,full,1.0,2026-09-17
3867.0,,011843,民生加银内核驱动混合A,-0.058993812189134576,ret_12m,main,64.4,full,1.0,2026-09-17
3868.0,,011570,鹏华鑫远价值一年持有期混合A,-0.059014549194230104,ret_12m,main,64.1,full,1.0,2026-09-17
3869.0,,011336,兴全汇吉一年持有混合A,-0.05920112194029292,ret_12m,main,67.2,full,1.0,2026-09-17
3870.0,,012930,中庚价值先锋股票,-0.05920545830681223,ret_12m,main,60.9,full,1.0,2026-09-17
3871.0,,013678,富国信享回报12个月持有混合A,-0.05944413361449774,ret_12m,main,58.7,full,1.0,2026-09-17
3872.0,,012342,广发瑞泽精选混合A,-0.05986719529040685,ret_12m,main,58.5,full,1.0,2026-09-17
3873.0,,017868,民生加银均衡优选混合A,-0.060003333701013295,ret_12m,main,40.4,full,1.0,2026-09-17
3874.0,,013934,长江红利回报混合发起式A,-0.060084668606637526,ret_12m,main,58.2,full,1.0,2026-09-17
3875.0,,006879,华安智能生活混合A,-0.06010041703805291,ret_12m,main,88.3,full,1.0,2026-09-17
3876.0,,005680,财通资管价值成长混合A,-0.060174195218385185,ret_12m,main,89.8,full,1.0,2026-09-17
3877.0,,004680,前海开源裕瑞混合A,-0.060205887496857846,ret_12m,main,108.4,full,1.0,2026-09-17
3878.0,,004350,汇丰晋信价值先锋股票A,-0.06036222937032698,ret_12m,main,94.1,full,1.0,2026-09-17
3879.0,,001167,金鹰科技创新股票A,-0.060572906519698266,ret_12m,main,136.6,full,1.0,2026-09-17
3880.0,,012126,宏利新能源股票A,-0.06073126074703894,ret_12m,main,63.7,full,1.0,2026-09-17
3881.0,,024806,华夏稳健回报混合A,-0.06076972233461231,ret_12m,main,13.9,short,1.0,2026-09-17
3882.0,,160127,南方新兴消费增长股票(LOF)A,-0.06093039889370322,ret_12m,main,174.2,full,1.0,2026-09-17
3883.0,,018549,金鹰研究驱动混合A,-0.06104788129418803,ret_12m,main,32.0,short,1.0,2026-09-17
3884.0,,016754,方正富邦均衡精选混合A,-0.06112004665732507,ret_12m,main,39.7,full,1.0,2026-09-17
3885.0,,011037,富国长期成长混合A,-0.06123183341259897,ret_12m,main,62.4,full,1.0,2026-09-17
3886.0,,398021,中海能源策略混合,-0.061303637661053845,ret_12m,main,234.2,full,1.0,2026-09-17
3887.0,,011775,格林鑫悦一年持有期混合A,-0.061310144500103525,ret_12m,main,63.3,full,1.0,2026-09-17
3888.0,,001030,天弘云端生活优选混合A,-0.061316214335616404,ret_12m,main,138.1,full,1.0,2026-09-17
3889.0,,013847,华泰柏瑞匠心汇选混合A,-0.06142049877468636,ret_12m,main,54.5,full,1.0,2026-09-17
3890.0,,021202,汇添富均衡回报混合发起式A,-0.06178097461643661,ret_12m,main,27.2,short,1.0,2026-09-17
3891.0,,017261,大成成长领航一年持有混合A,-0.06179802949948732,ret_12m,main,28.4,short,1.0,2026-09-17
3892.0,,012967,广发行业严选三年持有期混合A,-0.06184586664413072,ret_12m,main,60.7,full,1.0,2026-09-17
3893.0,,007287,合煦智远消费主题股票发起式A,-0.06195146368793836,ret_12m,main,86.5,full,1.0,2026-09-17
3894.0,,163503,天治核心成长混合(LOF),-0.062132714500657826,ret_12m,main,247.9,full,1.0,2026-09-17
3895.0,,021491,中航远见领航混合发起A,-0.06215084080240485,ret_12m,main,24.6,short,1.0,2026-09-17
3896.0,,014327,格林新兴产业混合A,-0.06237271690875401,ret_12m,main,54.3,full,1.0,2026-09-17
3897.0,,011383,富安达医药创新混合A,-0.06292962834107674,ret_12m,main,66.3,full,1.0,2026-09-17
3898.0,,006601,国融融泰灵活配置混合A,-0.06311469027439842,ret_12m,main,91.6,full,1.0,2026-09-17
3899.0,,015856,格林碳中和主题混合A,-0.06327487382180597,ret_12m,main,44.0,full,1.0,2026-09-17
3900.0,,010549,富国均衡策略混合,-0.06336322102201786,ret_12m,main,69.8,full,1.0,2026-09-17
3901.0,,018890,大成锐见未来混合A,-0.06341905503275891,ret_12m,main,35.9,short,1.0,2026-09-17
3902.0,,690003,民生加银精选混合,-0.06344962894290362,ret_12m,main,199.4,full,1.0,2026-09-17
3903.0,,002003,工银新机遇灵活配置混合A,-0.06345679134509319,ret_12m,main,113.1,full,1.0,2026-09-17
3904.0,,320022,诺安研究精选股票A,-0.06353027088491969,ret_12m,main,165.2,full,1.0,2026-09-17
3905.0,,006049,恒越研究精选混合A/B,-0.06353030114821034,ret_12m,main,98.5,full,1.0,2026-09-17
3906.0,,590005,中邮核心主题混合A,-0.06355954831895538,ret_12m,main,196.0,full,1.0,2026-09-17
3907.0,,020816,湘财红利量化选股混合A,-0.06419470797501792,ret_12m,main,29.6,short,1.0,2026-09-17
3908.0,,002594,工银现代服务业混合A,-0.06420472531800159,ret_12m,main,118.7,full,1.0,2026-09-17
3909.0,,001236,博时丝路主题股票A,-0.06422959905651404,ret_12m,main,135.9,full,1.0,2026-09-17
3910.0,,001473,建信大安全战略精选股票,-0.06434287144633,ret_12m,main,133.7,full,1.0,2026-09-17
3911.0,,160106,南方高增长混合(LOF),-0.06434522370124518,ret_12m,main,254.2,full,1.0,2026-09-17
3912.0,,519193,万家消费成长,-0.06437103883921858,ret_12m,main,114.8,full,1.0,2026-09-17
3913.0,,013991,中欧港股通精选一年持有混合A,-0.06437858527882201,ret_12m,main,57.3,full,1.0,2026-09-17
3914.0,,011626,嘉实匠心回报混合A,-0.0644344266523258,ret_12m,main,65.6,full,1.0,2026-09-17
3915.0,,163805,中银动态策略混合A,-0.06455941264405296,ret_12m,main,221.5,full,1.0,2026-09-17
3916.0,,009223,宝盈现代服务业混合A,-0.06502801104682376,ret_12m,main,74.0,full,1.0,2026-09-17
3917.0,,008681,鹏华价值成长混合,-0.0650349678503056,ret_12m,main,79.2,full,1.0,2026-09-17
3918.0,,014313,鹏华创新增长一年持有期混合A,-0.065036382810571,ret_12m,main,50.9,full,1.0,2026-09-17
3919.0,,010887,南方消费升级混合A,-0.06507361547682522,ret_12m,main,68.1,full,1.0,2026-09-17
3920.0,,162212,宏利红利先锋混合A,-0.06531904972185243,ret_12m,main,201.5,full,1.0,2026-09-17
3921.0,,014466,工银行业优选混合A,-0.06556417024289396,ret_12m,main,50.5,full,1.0,2026-09-17
3922.0,,519678,银河消费混合A,-0.0656644542015975,ret_12m,main,181.7,full,1.0,2026-09-17
3923.0,,001955,中欧养老产业混合A,-0.06571752663337804,ret_12m,main,124.2,full,1.0,2026-09-17
3924.0,,166801,浙商聚潮新思维混合A,-0.06576908457884367,ret_12m,main,174.3,full,1.0,2026-09-17
3925.0,,168501,华银产业升级,-0.06579708811910889,ret_12m,main,110.8,full,1.0,2026-09-17
3926.0,,009057,博时科技创新混合A,-0.06580857505722615,ret_12m,main,77.1,full,1.0,2026-09-17
3927.0,,007192,恒越研究精选混合C,-0.0660579038722462,ret_12m,main,89.3,full,1.0,2026-09-17
3928.0,,007202,天弘优质成长企业A,-0.0662595128368958,ret_12m,main,83.0,full,1.0,2026-09-17
3929.0,,018204,金信优质成长混合A,-0.06641681281054945,ret_12m,main,41.2,full,1.0,2026-09-17
3930.0,,001352,民生加银新战略混合A,-0.06676117437633555,ret_12m,main,134.7,full,1.0,2026-09-17
3931.0,,009141,宏利价值长青混合A,-0.0673393970733227,ret_12m,main,74.8,full,1.0,2026-09-17
3932.0,,688888,浙商聚潮产业成长混合A,-0.06740076196543121,ret_12m,main,184.0,full,1.0,2026-09-17
3933.0,,011738,华安兴安优选一年持有混合A,-0.0674115262049908,ret_12m,main,63.3,full,1.0,2026-09-17
3934.0,,002649,民生智造2025灵活配置混合,-0.06741454146089199,ret_12m,main,103.3,full,1.0,2026-09-17
3935.0,,015537,红塔红土新能源主题精选股票A,-0.06749836896003258,ret_12m,main,47.7,full,1.0,2026-09-17
3936.0,,000423,前海开源事件驱动混合A,-0.06768527735604879,ret_12m,main,152.9,full,1.0,2026-09-17
3937.0,,011479,广发诚享混合A,-0.06810853803474182,ret_12m,main,67.3,full,1.0,2026-09-17
3938.0,,012366,摩根安荣回报混合A,-0.0681433628748036,ret_12m,main,62.4,full,1.0,2026-09-17
3939.0,,010112,广发研究精选股票A,-0.06825743733134138,ret_12m,main,70.4,full,1.0,2026-09-17
3940.0,,010393,工银健康生活混合A,-0.06835690653811688,ret_12m,main,70.2,full,1.0,2026-09-17
3941.0,,023939,泉果研究精选混合A,-0.06845309312475467,ret_12m,main,16.4,short,1.0,2026-09-17
3942.0,,021455,农银红利甄选混合A,-0.06859634791875036,ret_12m,main,25.5,short,1.0,2026-09-17
3943.0,,009119,广发品质回报混合A,-0.06893438188793288,ret_12m,main,75.3,full,1.0,2026-09-17
3944.0,,007354,创金合信港股通量化股票A,-0.06896451093950218,ret_12m,main,68.2,full,1.0,2026-09-17
3945.0,,260103,景顺长城动力平衡混合,-0.06899583321316516,ret_12m,main,274.8,full,1.0,2026-09-17
3946.0,,090016,大成消费主题混合A,-0.06903069065645151,ret_12m,main,178.3,full,1.0,2026-09-17
3947.0,,015285,国投瑞银产业转型一年持有混合A,-0.06924264713882655,ret_12m,main,49.9,full,1.0,2026-09-17
3948.0,,019345,交银医疗健康混合发起A,-0.06929514349525878,ret_12m,main,35.2,short,1.0,2026-09-17
3949.0,,010714,东方红远见价值混合A,-0.06931672015017987,ret_12m,main,65.2,full,1.0,2026-09-17
3950.0,,257040,国联安红利混合,-0.0696350311511299,ret_12m,main,214.8,full,1.0,2026-09-17
3951.0,,350005,天治中国制造2025,-0.0696480330652246,ret_12m,main,220.3,full,1.0,2026-09-17
3952.0,,270021,广发聚瑞混合A,-0.0696558913760914,ret_12m,main,207.0,full,1.0,2026-09-17
3953.0,,019008,东方红远见领航混合发起A,-0.06985923330242827,ret_12m,main,34.0,short,1.0,2026-09-17
3954.0,,019624,泉果嘉源三年持有期混合A,-0.07001706984641487,ret_12m,main,33.4,short,1.0,2026-09-17
3955.0,,004048,华夏新锦汇混合A,-0.07011164658148816,ret_12m,main,114.3,full,1.0,2026-09-17
3956.0,,010405,惠升医药健康6个月持有期混合,-0.0702107980587997,ret_12m,main,68.8,full,1.0,2026-09-17
3957.0,,018377,融通远见价值一年持有期混合A,-0.07023567019549071,ret_12m,main,38.0,full,1.0,2026-09-17
3958.0,,006002,工银医药健康股票A,-0.07033526869230355,ret_12m,main,97.6,full,1.0,2026-09-17
3959.0,,015780,大成ESG责任投资混合发起式A,-0.07058814594460516,ret_12m,main,50.8,full,1.0,2026-09-17
3960.0,,003238,新华外延增长主题灵活配置混合,-0.0708071056161933,ret_12m,main,114.5,full,1.0,2026-09-17
3961.0,,020086,鹏华智投数字经济混合A,-0.07087870147594244,ret_12m,main,28.0,short,1.0,2026-09-17
3962.0,,013049,兴业能源革新股票A,-0.07106963049548498,ret_12m,main,60.6,full,1.0,2026-09-17
3963.0,,012812,国富鑫颐收益混合A,-0.07107687323918932,ret_12m,main,54.5,full,1.0,2026-09-17
3964.0,,005445,华宝价值发现混合A,-0.07112041779922518,ret_12m,main,103.8,full,1.0,2026-09-17
3965.0,,021476,银河ESG主题混合发起式A,-0.0711639186032359,ret_12m,main,27.0,short,1.0,2026-09-17
3966.0,,002573,建信汇利灵活配置混合,-0.07148945673094365,ret_12m,main,124.6,full,1.0,2026-09-17
3967.0,,002708,大摩健康产业混合A,-0.07150407178044171,ret_12m,main,122.6,full,1.0,2026-09-17
3968.0,,001457,华商新常态混合A,-0.07150905531683016,ret_12m,main,134.6,full,1.0,2026-09-17
3969.0,,040004,华安宝利配置混合,-0.07152280789942511,ret_12m,main,264.8,full,1.0,2026-09-17
3970.0,,001542,国泰互联网+股票,-0.0718249713527147,ret_12m,main,133.5,full,1.0,2026-09-17
3971.0,,162107,金鹰先进制造股票(LOF)A,-0.0721058397357861,ret_12m,main,171.4,full,1.0,2026-09-17
3972.0,,011162,博时港股通领先趋势混合A,-0.0722443369496798,ret_12m,main,67.2,full,1.0,2026-09-17
3973.0,,016746,浦银光耀优选混合A,-0.07224888135380192,ret_12m,main,43.1,full,1.0,2026-09-17
3974.0,,003165,鹏华弘嘉混合A,-0.07233409547170988,ret_12m,main,120.9,full,1.0,2026-09-17
3975.0,,012434,银华多元回报一年持有期混合,-0.07244092628885901,ret_12m,main,62.1,full,1.0,2026-09-17
3976.0,,005368,富国清洁能源产业混合A,-0.07280129495139087,ret_12m,main,78.4,full,1.0,2026-09-17
3977.0,,010225,东方红启航三年持有混合B,-0.07300463095494625,ret_12m,main,70.6,full,1.0,2026-09-17
3978.0,,233008,大摩消费领航混合,-0.07302139092136006,ret_12m,main,189.5,full,1.0,2026-09-17
3979.0,,020645,南方智弘混合A,-0.07328858128676541,ret_12m,main,25.5,short,1.0,2026-09-17
3980.0,,001197,长盛转型升级主题灵活配置混合,-0.0738170859810563,ret_12m,main,136.9,full,1.0,2026-09-17
3981.0,,000945,华夏医疗健康混合A,-0.07420589339125017,ret_12m,main,139.5,full,1.0,2026-09-17
3982.0,,004871,中银金融地产混合A,-0.07429113998605918,ret_12m,main,107.6,full,1.0,2026-09-17
3983.0,,006106,景顺长城量化港股通股票A,-0.07467005060787879,ret_12m,main,87.0,full,1.0,2026-09-17
3984.0,,012075,易方达稳健添利混合A,-0.07483660806522985,ret_12m,main,56.5,full,1.0,2026-09-17
3985.0,,006718,国融融盛龙头严选混合A,-0.07506650608390875,ret_12m,main,87.7,full,1.0,2026-09-17
3986.0,,001178,前海开源再融资股票,-0.07515354750031689,ret_12m,main,136.0,full,1.0,2026-09-17
3987.0,,018309,招商社会责任混合A,-0.075482063617613,ret_12m,main,40.7,full,1.0,2026-09-17
3988.0,,162207,宏利效率优选混合(LOF),-0.07556902629555728,ret_12m,main,244.2,full,1.0,2026-09-17
3989.0,,014121,大成品质医疗股票A,-0.07560160553589235,ret_12m,main,52.4,full,1.0,2026-09-17
3990.0,,016064,建信智远先锋混合A,-0.07592809087244978,ret_12m,main,47.1,full,1.0,2026-09-17
3991.0,,673071,西部利得新动力混合A,-0.07608095104259016,ret_12m,main,118.0,full,1.0,2026-09-17
3992.0,,007460,华安成长创新混合A,-0.07609442268584121,ret_12m,main,86.7,full,1.0,2026-09-17
3993.0,,007880,朱雀产业智选混合A,-0.07655659883600441,ret_12m,main,81.5,full,1.0,2026-09-17
3994.0,,017827,兴全欣越混合C,-0.07705337114541766,ret_12m,main,42.1,full,1.0,2026-09-17
3995.0,,005197,工银沪港深精选混合A,-0.07717963817761608,ret_12m,main,106.3,full,1.0,2026-09-17
3996.0,,162607,景顺长城资源垄断混合(LOF)A,-0.07737224036310508,ret_12m,main,247.7,full,1.0,2026-09-17
3997.0,,011635,富国港股通策略精选混合A,-0.07738162850698616,ret_12m,main,63.8,full,1.0,2026-09-17
3998.0,,006228,中欧医疗创新股票A,-0.07743036163193706,ret_12m,main,90.6,full,1.0,2026-09-17
3999.0,,019949,中银价值发现混合发起A,-0.07770239653617794,ret_12m,main,24.9,short,1.0,2026-09-17
4000.0,,210002,金鹰红利价值混合A,-0.07798785048332746,ret_12m,main,213.4,full,1.0,2026-09-17
4001.0,,530006,建信核心精选混合,-0.07817688344358176,ret_12m,main,213.7,full,1.0,2026-09-17
4002.0,,005707,富国港股通量化精选股票A,-0.07835868562224013,ret_12m,main,99.6,full,1.0,2026-09-17
4003.0,,014420,中欧成长领航一年持有混合A,-0.078476154486535,ret_12m,main,56.1,full,1.0,2026-09-17
4004.0,,014040,民生加银金融优选混合A,-0.07865222432007879,ret_12m,main,49.5,full,1.0,2026-09-17
4005.0,,014141,大成新能源混合发起式A,-0.07887662372892301,ret_12m,main,56.8,full,1.0,2026-09-17
4006.0,,016174,汇丰晋信策略优选混合A,-0.07910897903293035,ret_12m,main,48.1,full,1.0,2026-09-17
4007.0,,015102,东方红ESG可持续投资混合A,-0.07919857114554707,ret_12m,main,54.5,full,1.0,2026-09-17
4008.0,,690009,民生加银红利回报混合,-0.07930986604042678,ret_12m,main,169.3,full,1.0,2026-09-17
4009.0,,005043,国寿安保健康科学混合A,-0.0793248427927058,ret_12m,main,106.5,full,1.0,2026-09-17
4010.0,,001382,易方达国企改革混合,-0.07965140758572331,ret_12m,main,108.8,full,1.0,2026-09-17
4011.0,,009880,安信成长动力一年持有混合,-0.07972239152194938,ret_12m,main,73.1,full,1.0,2026-09-17
4012.0,,019328,国泰金盛回报混合A,-0.0797385233498743,ret_12m,main,31.5,short,1.0,2026-09-17
4013.0,,013757,泰信均衡价值混合A,-0.07977288015643669,ret_12m,main,56.8,full,1.0,2026-09-17
4014.0,,011431,宏利消费服务混合A,-0.0797750776434033,ret_12m,main,66.1,full,1.0,2026-09-17
4015.0,,710001,富安达优势成长混合A,-0.08006711295749269,ret_12m,main,179.9,full,1.0,2026-09-17
4016.0,,008515,国富基本面优选混合A,-0.08024387110756637,ret_12m,main,79.1,full,1.0,2026-09-17
4017.0,,004314,前海开源沪港深新硬件A,-0.08032419778911448,ret_12m,main,114.2,full,1.0,2026-09-17
4018.0,,000986,太平灵活配置,-0.0804242499149489,ret_12m,main,139.2,full,1.0,2026-09-17
4019.0,,012227,景顺长城港股通全球竞争力A,-0.0805805590248383,ret_12m,main,61.2,full,1.0,2026-09-17
4020.0,,018184,万家先进制造混合发起式A,-0.08081603409433369,ret_12m,main,41.6,full,1.0,2026-09-17
4021.0,,005596,建信战略精选灵活配置混合A,-0.08104064609978212,ret_12m,main,101.5,full,1.0,2026-09-17
4022.0,,009649,嘉实精选平衡混合A,-0.08115735298655191,ret_12m,main,75.2,full,1.0,2026-09-17
4023.0,,011588,前海开源成份精选混合,-0.08146143005099082,ret_12m,main,66.0,full,1.0,2026-09-17
4024.0,,020493,富达悦享红利优选混合A,-0.08193459324726071,ret_12m,main,28.6,short,1.0,2026-09-17
4025.0,,006123,国联高股息混合A,-0.08260430142573327,ret_12m,main,83.7,full,1.0,2026-09-17
4026.0,,006385,华泰保兴研究智选A,-0.08273184094917818,ret_12m,main,94.0,full,1.0,2026-09-17
4027.0,,014615,尚正正鑫混合发起A,-0.08307539764589245,ret_12m,main,54.3,full,1.0,2026-09-17
4028.0,,014412,招商核心竞争力混合A,-0.08337168514762883,ret_12m,main,53.2,full,1.0,2026-09-17
4029.0,,007381,国融融信消费严选混合A,-0.08337702943972425,ret_12m,main,87.0,full,1.0,2026-09-17
4030.0,,008958,嘉实回报精选股票,-0.08352099729037299,ret_12m,main,78.4,full,1.0,2026-09-17
4031.0,,017048,富安达产业优选混合A,-0.08370588000893187,ret_12m,main,42.6,full,1.0,2026-09-17
4032.0,,014746,贝莱德港股通远景视野混合A,-0.0837334970015684,ret_12m,main,55.9,full,1.0,2026-09-17
4033.0,,016163,万家欣远混合A,-0.08380807599268059,ret_12m,main,47.6,full,1.0,2026-09-17
4034.0,,004341,农银尖端科技混合,-0.08384522702146002,ret_12m,main,113.6,full,1.0,2026-09-17
4035.0,,217012,招商行业领先混合A,-0.08420693274124558,ret_12m,main,206.9,full,1.0,2026-09-17
4036.0,,003513,中邮消费升级灵活配置混合A,-0.08422065258972755,ret_12m,main,117.1,full,1.0,2026-09-17
4037.0,,001927,华夏消费升级灵活配置混合A,-0.08444656398665729,ret_12m,main,127.4,full,1.0,2026-09-17
4038.0,,000120,中银美丽中国混合A,-0.0845094201885318,ret_12m,main,159.3,full,1.0,2026-09-17
4039.0,,530003,建信优选成长混合A,-0.0851201936879965,ret_12m,main,240.3,full,1.0,2026-09-17
4040.0,,011328,景顺长城新能源产业股票A,-0.08514527275067596,ret_12m,main,66.8,full,1.0,2026-09-17
4041.0,,019780,嘉实创新动力混合发起式A1,-0.08521204979061359,ret_12m,main,33.4,short,1.0,2026-09-17
4042.0,,007141,嘉合稳健增长混合A,-0.08544096982557292,ret_12m,main,73.4,full,1.0,2026-09-17
4043.0,,002020,国都创新驱动,-0.08574965321781558,ret_12m,main,128.7,full,1.0,2026-09-17
4044.0,,012159,财通资管健康产业混合A,-0.08597992161036605,ret_12m,main,57.8,full,1.0,2026-09-17
4045.0,,000767,华富国泰民安灵活配置混合A,-0.08604317572325093,ret_12m,main,139.4,full,1.0,2026-09-17
4046.0,,000532,景顺长城优势企业混合A,-0.08606958790419783,ret_12m,main,150.0,full,1.0,2026-09-17
4047.0,,008861,西部利得港股通新机遇混合A,-0.08646574791724382,ret_12m,main,74.1,full,1.0,2026-09-17
4048.0,,024794,鑫元医药睿选混合发起式A,-0.08678842758740246,ret_12m,main,14.0,short,1.0,2026-09-17
4049.0,,168301,东海祥龙(LOF)A,-0.08694194868556593,ret_12m,main,116.9,full,1.0,2026-09-17
4050.0,,002264,华夏乐享健康混合A,-0.08697600772666458,ret_12m,main,121.5,full,1.0,2026-09-17
4051.0,,011282,华夏消费龙头混合A,-0.08720237195104208,ret_12m,main,67.4,full,1.0,2026-09-17
4052.0,,007713,华富科技动能混合A,-0.0872988037727318,ret_12m,main,82.4,full,1.0,2026-09-17
4053.0,,005706,兴业龙腾双益平衡混合,-0.08743575946242066,ret_12m,main,101.0,full,1.0,2026-09-17
4054.0,,160212,国泰估值优势混合(LOF)A,-0.08755485999905877,ret_12m,main,199.2,full,1.0,2026-09-17
4055.0,,015127,长城产业成长混合A,-0.08783575362354545,ret_12m,main,50.9,full,1.0,2026-09-17
4056.0,,021015,长江旭日混合A,-0.08790595918713628,ret_12m,main,25.8,short,1.0,2026-09-17
4057.0,,012987,嘉合锦明混合A,-0.08804146695058435,ret_12m,main,60.5,full,1.0,2026-09-17
4058.0,,001766,摩根医疗健康股票A,-0.0885210173323322,ret_12m,main,130.9,full,1.0,2026-09-17
4059.0,,001940,农银现代农业加,-0.08863754942120383,ret_12m,main,127.6,full,1.0,2026-09-17
4060.0,,519779,交银沪港深价值精选混合,-0.08880604535341452,ret_12m,main,118.3,full,1.0,2026-09-17
4061.0,,014214,光大核心资产混合A,-0.08880843207409195,ret_12m,main,53.7,full,1.0,2026-09-17
4062.0,,014999,华泰保兴吉年盈混合A,-0.08890706085581446,ret_12m,main,54.0,full,1.0,2026-09-17
4063.0,,022879,汇泉均衡智选混合A,-0.08915191485574747,ret_12m,main,17.6,short,1.0,2026-09-17
4064.0,,008107,华商医药医疗行业股票,-0.08939842283072019,ret_12m,main,80.7,full,1.0,2026-09-17
4065.0,,016075,华夏智造升级混合A,-0.089735078048928,ret_12m,main,46.0,full,1.0,2026-09-17
4066.0,,019054,富国价值成长混合A,-0.08980765978729277,ret_12m,main,35.0,short,1.0,2026-09-17
4067.0,,017991,华泰柏瑞致远混合A,-0.08985183241375505,ret_12m,main,39.8,full,1.0,2026-09-17
4068.0,,006366,兴业安保优选混合A,-0.08998620976233884,ret_12m,main,93.3,full,1.0,2026-09-17
4069.0,,011856,安信均衡成长18个月持有混合A,-0.09004596732007697,ret_12m,main,64.9,full,1.0,2026-09-17
4070.0,,017147,嘉实积极配置一年持有混合A,-0.0900546793057938,ret_12m,main,45.6,full,1.0,2026-09-17
4071.0,,011911,华夏消费优选混合A,-0.09011746266976206,ret_12m,main,63.9,full,1.0,2026-09-17
4072.0,,519651,银河转型混合A,-0.09042324098112753,ret_12m,main,136.2,full,1.0,2026-09-17
4073.0,,018618,中信保诚远见成长混合A,-0.09049194492510582,ret_12m,main,38.7,full,1.0,2026-09-17
4074.0,,002989,融通通乾研究精选灵活配置混合A,-0.0906867206494405,ret_12m,main,120.5,full,1.0,2026-09-17
4075.0,,011312,东方红启瑞三年持有混合B,-0.09087598888544413,ret_12m,main,65.9,full,1.0,2026-09-17
4076.0,,008412,长盛竞争优势A,-0.09091169893926909,ret_12m,main,73.8,full,1.0,2026-09-17
4077.0,,011169,建信臻选混合,-0.09096778229742741,ret_12m,main,66.5,full,1.0,2026-09-17
4078.0,,003095,中欧医疗健康混合A,-0.09099024890172858,ret_12m,main,119.6,full,1.0,2026-09-17
4079.0,,006689,方正富邦信泓混合A,-0.09107313314419263,ret_12m,main,85.7,full,1.0,2026-09-17
4080.0,,005400,万家潜力价值灵活配置混合A,-0.09113735063758754,ret_12m,main,103.1,full,1.0,2026-09-17
4081.0,,024467,鹏华共赢未来混合A,-0.09155597615288291,ret_12m,main,14.8,short,0.9526,2026-09-17
4082.0,,007533,格林创新成长混合A,-0.09202290265271995,ret_12m,main,84.5,full,1.0,2026-09-17
4083.0,,011429,前海开源民裕进取,-0.09205615754003127,ret_12m,main,66.3,full,1.0,2026-09-17
4084.0,,021204,华夏医药量化选股混合A,-0.0921802992088333,ret_12m,main,24.6,short,1.0,2026-09-17
4085.0,,010090,中信建投医药健康A,-0.09232000775488725,ret_12m,main,71.8,full,1.0,2026-09-17
4086.0,,019777,鹏扬消费量化选股混合A,-0.09275806651750862,ret_12m,main,33.0,short,1.0,2026-09-17
4087.0,,519991,长信双利优选混合A,-0.092907399792996,ret_12m,main,218.9,full,1.0,2026-09-17
4088.0,,017839,银华清洁能源产业混合A,-0.0936830669748071,ret_12m,main,39.4,full,1.0,2026-09-17
4089.0,,009092,富国新材料新能源混合A,-0.09385586263512391,ret_12m,main,74.8,full,1.0,2026-09-17
4090.0,,013334,鹏华价值远航6个月持有混合A,-0.0938924465334312,ret_12m,main,54.8,full,1.0,2026-09-17
4091.0,,001487,宝盈优势产业混合A,-0.09447755266196944,ret_12m,main,132.8,full,1.0,2026-09-17
4092.0,,022597,富国红利质选混合A,-0.0947770748936464,ret_12m,main,16.8,short,1.0,2026-09-17
4093.0,,006274,圆信永丰医药健康A,-0.0947898534195416,ret_12m,main,93.6,full,1.0,2026-09-17
4094.0,,006568,国联安行业领先混合,-0.09479331072747621,ret_12m,main,93.1,full,1.0,2026-09-17
4095.0,,005911,广发双擎升级混合A,-0.09523542191130174,ret_12m,main,94.5,full,1.0,2026-09-17
4096.0,,160421,华安智增精选混合,-0.09531485731622624,ret_12m,main,120.1,full,1.0,2026-09-17
4097.0,,013461,鹏扬成长先锋混合A,-0.09539847569049376,ret_12m,main,58.5,full,1.0,2026-09-17
4098.0,,970067,兴证资管金麒麟消费升级混合A,-0.09562586204907475,ret_12m,main,60.5,full,1.0,2026-09-17
4099.0,,018130,博时ESG量化选股混合A,-0.09629146311678372,ret_12m,main,41.6,full,1.0,2026-09-17
4100.0,,011333,鹏华品质优选混合A,-0.09646076499064482,ret_12m,main,67.2,full,1.0,2026-09-17
4101.0,,009965,宝盈祥琪混合A,-0.09664904303448907,ret_12m,main,51.8,full,1.0,2026-09-17
4102.0,,012586,南方港股创新视野一年持有混合A,-0.0968158282912065,ret_12m,main,56.6,full,1.0,2026-09-17
4103.0,,080012,长盛电子信息产业混合A,-0.09701083788411402,ret_12m,main,173.7,full,1.0,2026-09-17
4104.0,,017740,鹏华睿见混合A,-0.0973315169740937,ret_12m,main,38.2,full,1.0,2026-09-17
4105.0,,012234,华安聚弘精选混合A,-0.0975185019750745,ret_12m,main,60.7,full,1.0,2026-09-17
4106.0,,000684,长盛养老健康混合A,-0.09761942693488979,ret_12m,main,141.7,full,1.0,2026-09-17
4107.0,,519664,银河美丽混合A,-0.09777018018326966,ret_12m,main,147.6,full,1.0,2026-09-17
4108.0,,010656,华商均衡30,-0.09798814070161621,ret_12m,main,47.9,full,1.0,2026-09-17
4109.0,,006796,富国消费升级混合A,-0.09804136417909837,ret_12m,main,90.9,full,1.0,2026-09-17
4110.0,,008891,安信价值成长混合A,-0.09806759188638492,ret_12m,main,78.0,full,1.0,2026-09-17
4111.0,,012178,银华富饶精选三年持有期混合,-0.09817332837151005,ret_12m,main,63.7,full,1.0,2026-09-17
4112.0,,270050,广发新经济混合A,-0.09842288635358454,ret_12m,main,163.3,full,1.0,2026-09-17
4113.0,,003940,银华盛世精选灵活配置混合发起式A,-0.09853190515092669,ret_12m,main,116.8,full,1.0,2026-09-17
4114.0,,005585,银河文体娱乐混合A,-0.09873756561869906,ret_12m,main,101.0,full,1.0,2026-09-17
4115.0,,011058,景顺长城成长龙头一年持有混合A,-0.09916207827641965,ret_12m,main,67.4,full,1.0,2026-09-17
4116.0,,002728,华富益鑫灵活配置混合A,-0.09956542879293662,ret_12m,main,120.3,full,1.0,2026-09-17
4117.0,,530001,建信恒久价值混合,-0.09961243547971643,ret_12m,main,249.5,full,1.0,2026-09-17
4118.0,,012079,信澳新能源精选混合A,-0.09986093716092515,ret_12m,main,63.8,full,1.0,2026-09-17
4119.0,,003284,中邮医药健康混合A,-0.09999047738749345,ret_12m,main,117.1,full,1.0,2026-09-17
4120.0,,002332,汇丰晋信沪港深A,-0.10010365936036592,ret_12m,main,118.2,full,1.0,2026-09-17
4121.0,,019987,万家红利量化选股混合发起式A,-0.10066483546040006,ret_12m,main,34.1,short,1.0,2026-09-17
4122.0,,005612,嘉实核心优势股票发起式,-0.10085754358105936,ret_12m,main,103.5,full,1.0,2026-09-17
4123.0,,001392,国富金融地产混合A,-0.10114163993299918,ret_12m,main,135.3,full,1.0,2026-09-17
4124.0,,001901,前海开源沪港深隆鑫混合A,-0.10114922025701234,ret_12m,main,114.6,full,1.0,2026-09-17
4125.0,,001056,华银健康生活主题灵活配置,-0.10117170821369181,ret_12m,main,137.7,full,1.0,2026-09-17
4126.0,,009124,华泰保兴科荣混合A,-0.10124212970121649,ret_12m,main,76.2,full,1.0,2026-09-17
4127.0,,010161,广发瑞安精选股票A,-0.10124319891645073,ret_12m,main,69.0,full,1.0,2026-09-17
4128.0,,014352,东方创新成长混合A,-0.10130018233913185,ret_12m,main,53.0,full,1.0,2026-09-17
4129.0,,020430,华安景气回报混合发起式A,-0.10163918198574085,ret_12m,main,23.9,short,1.0,2026-09-17
4130.0,,001583,安信新常态股票A,-0.10205848230194303,ret_12m,main,133.4,full,1.0,2026-09-17
4131.0,,005250,银华估值优势混合,-0.10206673054856541,ret_12m,main,106.4,full,1.0,2026-09-17
4132.0,,005493,鑫元价值精选混合A,-0.10243300713484382,ret_12m,main,103.8,full,1.0,2026-09-17
4133.0,,022693,恒生前海港股通价值混合A,-0.10248239611627052,ret_12m,main,20.1,short,1.0,2026-09-17
4134.0,,008371,华安汇智精选两年持有混合,-0.1031536576651586,ret_12m,main,81.0,full,1.0,2026-09-17
4135.0,,001861,富安达健康人生混合A,-0.10334352616372888,ret_12m,main,129.7,full,1.0,2026-09-17
4136.0,,008923,建信医疗健康行业股票A,-0.10351721196642749,ret_12m,main,56.6,full,1.0,2026-09-17
4137.0,,005689,中银医疗保健混合A,-0.10381035669171634,ret_12m,main,99.2,full,1.0,2026-09-17
4138.0,,009714,华安聚优精选混合,-0.10386804604967614,ret_12m,main,74.1,full,1.0,2026-09-17
4139.0,,002300,长盛医疗量化股票A,-0.10416652086418865,ret_12m,main,127.4,full,1.0,2026-09-17
4140.0,,001726,汇添富新兴消费股票A,-0.10474965090906097,ret_12m,main,129.5,full,1.0,2026-09-17
4141.0,,000251,工银金融地产混合A,-0.10495006734408785,ret_12m,main,156.7,full,1.0,2026-09-17
4142.0,,012067,嘉实蓝筹优势混合A,-0.10510622350046173,ret_12m,main,61.0,full,1.0,2026-09-17
4143.0,,210005,金鹰主题优势混合,-0.10520275457819728,ret_12m,main,188.9,full,1.0,2026-09-17
4144.0,,010783,德邦沪港深龙头混合A,-0.10535607311208273,ret_12m,main,69.1,full,1.0,2026-09-17
4145.0,,002662,前海开源沪港深大消费混合A,-0.1055715205807024,ret_12m,main,119.6,full,1.0,2026-09-17
4146.0,,011643,嘉实时代先锋三年持有混合A,-0.10566941051581691,ret_12m,main,61.7,full,1.0,2026-09-17
4147.0,,015400,弘毅远方甄选混合A,-0.10582018609168009,ret_12m,main,18.6,short,1.0,2026-09-17
4148.0,,020491,万家医药量化选股混合发起式A,-0.10649984431192872,ret_12m,main,32.2,short,1.0,2026-09-17
4149.0,,012225,嘉实优势精选混合A,-0.10656619825106817,ret_12m,main,62.6,full,1.0,2026-09-17
4150.0,,160627,鹏华策略优选灵活配置混合,-0.10662264781946307,ret_12m,main,146.5,full,1.0,2026-09-17
4151.0,,009864,招商景气优选股票A,-0.10662469785689466,ret_12m,main,69.9,full,1.0,2026-09-17
4152.0,,168104,九泰锐丰灵活配置混合(LOF)A,-0.10671636208246982,ret_12m,main,120.6,full,1.0,2026-09-17
4153.0,,002945,大成盛世精选混合A,-0.10683496142633175,ret_12m,main,104.9,full,1.0,2026-09-17
4154.0,,001716,工银新趋势灵活配置混合A,-0.1069595035877875,ret_12m,main,129.1,full,1.0,2026-09-17
4155.0,,012437,德邦价值优选混合A,-0.10699727343337628,ret_12m,main,61.2,full,1.0,2026-09-17
4156.0,,011248,嘉实品质回报混合,-0.10709037000094135,ret_12m,main,67.4,full,1.0,2026-09-17
4157.0,,001448,华商双翼平衡混合A,-0.10733801106639707,ret_12m,main,135.1,full,1.0,2026-09-17
4158.0,,019115,东财卓越成长A,-0.10738865276029463,ret_12m,main,32.7,short,1.0,2026-09-17
4159.0,,002844,金鹰多元策略混合A,-0.10745159726060882,ret_12m,main,121.3,full,1.0,2026-09-17
4160.0,,003378,泰康策略优选混合,-0.10796783107015928,ret_12m,main,117.6,full,1.0,2026-09-17
4161.0,,002408,中信建投医改混合A,-0.10799420832597717,ret_12m,main,125.4,full,1.0,2026-09-17
4162.0,,004263,华安沪港深机会灵活配置混合,-0.10833523921490096,ret_12m,main,112.3,full,1.0,2026-09-17
4163.0,,017132,中银新能源产业股票A,-0.10854310941058487,ret_12m,main,38.2,full,1.0,2026-09-17
4164.0,,001209,前海开源一带一路混合A,-0.10890040486589891,ret_12m,main,136.6,full,1.0,2026-09-17
4165.0,,012389,信澳品质回报6个月持有混合,-0.10909883742709314,ret_12m,main,60.8,full,1.0,2026-09-17
4166.0,,010469,圆信永丰聚优股票A,-0.10927845468098563,ret_12m,main,65.1,full,1.0,2026-09-17
4167.0,,012770,光大创新生活混合A,-0.10938441355794337,ret_12m,main,58.3,full,1.0,2026-09-17
4168.0,,014114,广发沪港深医药混合A,-0.10969543631367518,ret_12m,main,56.6,full,1.0,2026-09-17
4169.0,,018048,申万菱信数字产业股票型发起式A,-0.11004028336920635,ret_12m,main,40.5,full,1.0,2026-09-17
4170.0,,610005,信澳红利回报混合A,-0.11042521302059005,ret_12m,main,193.7,full,1.0,2026-09-17
4171.0,,260104,景顺长城内需增长混合A,-0.11045625135020032,ret_12m,main,266.7,full,1.0,2026-09-17
4172.0,,010740,汇安核心价值混合A,-0.1107622992793924,ret_12m,main,66.1,full,1.0,2026-09-17
4173.0,,011903,南方领航优选混合A,-0.11082907665879482,ret_12m,main,57.8,full,1.0,2026-09-17
4174.0,,004266,招商沪港深科技创新混合A,-0.11101385371805184,ret_12m,main,112.7,full,1.0,2026-09-17
4175.0,,040007,华安中小盘成长混合,-0.11113651708339778,ret_12m,main,233.0,full,1.0,2026-09-17
4176.0,,000124,华宝服务优选混合,-0.11210796249237631,ret_12m,main,158.7,full,1.0,2026-09-17
4177.0,,005517,富国新趋势灵活配置混合A,-0.1123271457349252,ret_12m,main,102.2,full,1.0,2026-09-17
4178.0,,016818,鹏华睿进一年持有期混合A,-0.11249507328872488,ret_12m,main,43.5,full,1.0,2026-09-17
4179.0,,010874,泰康品质生活混合A,-0.11260703384659809,ret_12m,main,68.6,full,1.0,2026-09-17
4180.0,,001127,中银宏观策略混合A,-0.11277474420630818,ret_12m,main,137.3,full,1.0,2026-09-17
4181.0,,001371,富国沪港深价值混合A,-0.1127801612009548,ret_12m,main,134.8,full,1.0,2026-09-17
4182.0,,004206,华商元亨混合A,-0.11323464538898786,ret_12m,main,115.7,full,1.0,2026-09-17
4183.0,,005209,东吴双三角股票A,-0.11339306770700364,ret_12m,main,105.4,full,1.0,2026-09-17
4184.0,,018242,万家颐德一年持有期混合A,-0.11343356941693206,ret_12m,main,40.4,full,1.0,2026-09-17
4185.0,,014840,招商裕华混合,-0.11372824819837468,ret_12m,main,55.2,full,1.0,2026-09-17
4186.0,,009138,嘉实瑞成两年持有期混合A,-0.11389330269800946,ret_12m,main,76.1,full,1.0,2026-09-17
4187.0,,004351,汇丰晋信珠三角区域发展混合,-0.11390211557641994,ret_12m,main,111.5,full,1.0,2026-09-17
4188.0,,002685,中欧丰泓沪港深混合A,-0.11390804034000546,ret_12m,main,118.3,full,1.0,2026-09-17
4189.0,,001043,工银美丽城镇股票A,-0.11401317454050885,ret_12m,main,137.8,full,1.0,2026-09-17
4190.0,,001298,金鹰民族新兴混合A,-0.11412087424234663,ret_12m,main,135.5,full,1.0,2026-09-17
4191.0,,005520,国投瑞银创新医疗混合A,-0.11424252308558014,ret_12m,main,101.7,full,1.0,2026-09-17
4192.0,,010434,红土创新医疗保健股票A,-0.11454849308832782,ret_12m,main,70.9,full,1.0,2026-09-17
4193.0,,017181,大成至诚鑫选混合A,-0.11518360592816645,ret_12m,main,39.2,full,1.0,2026-09-17
4194.0,,090020,大成健康产业混合A,-0.11521462532116211,ret_12m,main,168.6,full,1.0,2026-09-17
4195.0,,003598,华商润丰灵活配置混合A,-0.11526134461258597,ret_12m,main,115.7,full,1.0,2026-09-17
4196.0,,001864,中海魅力长三角混合,-0.11551837010712407,ret_12m,main,125.6,full,1.0,2026-09-17
4197.0,,019760,中信建投质选成长混合发起式A,-0.11623924994358514,ret_12m,main,33.5,short,1.0,2026-09-17
4198.0,,671010,西部利得策略优选混合A,-0.11629412418762086,ret_12m,main,187.7,full,1.0,2026-09-17
4199.0,,016725,农银品质农业股票A,-0.11654176343429878,ret_12m,main,45.8,full,1.0,2026-09-17
4200.0,,210009,金鹰核心资源混合A,-0.11721533065933687,ret_12m,main,171.8,full,1.0,2026-09-17
4201.0,,010608,华泰柏瑞质量领先混合A,-0.117232917714987,ret_12m,main,67.9,full,1.0,2026-09-17
4202.0,,020162,华安睿信优选混合A,-0.11737177371688345,ret_12m,main,32.0,short,1.0,2026-09-17
4203.0,,001229,德邦福鑫灵活配置混合A,-0.11757447887637873,ret_12m,main,136.7,full,1.0,2026-09-17
4204.0,,013550,汇添富品牌价值一年持有混合A,-0.11788335236114467,ret_12m,main,56.9,full,1.0,2026-09-17
4205.0,,004099,前海开源沪港深景气行业精选混合,-0.11805434076159527,ret_12m,main,112.3,full,1.0,2026-09-17
4206.0,,003298,嘉实物流产业股票A,-0.11817338051382098,ret_12m,main,116.6,full,1.0,2026-09-17
4207.0,,020022,国泰策略价值灵活配置混合,-0.11854097457887303,ret_12m,main,185.0,full,1.0,2026-09-17
4208.0,,007548,易方达ESG责任投资股票,-0.11875753846276105,ret_12m,main,84.5,full,1.0,2026-09-17
4209.0,,012057,鹏华品质成长混合A,-0.11876541556395381,ret_12m,main,61.4,full,1.0,2026-09-17
4210.0,,163801,中银中国混合(LOF)A,-0.11891909400812739,ret_12m,main,260.4,full,1.0,2026-09-17
4211.0,,163001,长信医疗保健混合(LOF)A,-0.11901556513138711,ret_12m,main,197.7,full,1.0,2026-09-17
4212.0,,009362,招商丰盈积极配置混合A,-0.11938756856158361,ret_12m,main,73.6,full,1.0,2026-09-17
4213.0,,001068,国新国证新锐A,-0.11944557993299842,ret_12m,main,137.1,full,1.0,2026-09-17
4214.0,,009098,景顺长城价值领航两年持有,-0.11961776185027606,ret_12m,main,77.8,full,1.0,2026-09-17
4215.0,,021305,中欧品质精选混合A,-0.12024215583474918,ret_12m,main,27.0,short,1.0,2026-09-17
4216.0,,001104,华安新丝路主题股票A,-0.12037640220586043,ret_12m,main,137.3,full,1.0,2026-09-17
4217.0,,005106,银华农业产业股票发起式A,-0.1204564678026101,ret_12m,main,107.6,full,1.0,2026-09-17
4218.0,,012143,新沃内需增长混合A,-0.12058970287283455,ret_12m,main,60.3,full,1.0,2026-09-17
4219.0,,000757,华富智慧城市灵活配置混合A,-0.12088230869639505,ret_12m,main,142.6,full,1.0,2026-09-17
4220.0,,022521,中欧农业产业混合发起A,-0.1210724482975799,ret_12m,main,21.0,short,1.0,2026-09-17
4221.0,,008353,宏利消费量化混合A,-0.12126398057717547,ret_12m,main,79.9,full,1.0,2026-09-17
4222.0,,070011,嘉实策略混合,-0.1212846997160898,ret_12m,main,237.2,full,1.0,2026-09-17
4223.0,,050026,博时医疗保健行业混合A,-0.12144019304790654,ret_12m,main,168.6,full,1.0,2026-09-17
4224.0,,012888,工银兴瑞一年持有期混合A,-0.12180307449896866,ret_12m,main,60.1,full,1.0,2026-09-17
4225.0,,005354,富国沪港深行业精选混合A,-0.1218102243392083,ret_12m,main,105.2,full,1.0,2026-09-17
4226.0,,016166,万家颐远均衡一年持有混合发起A,-0.12215561114733153,ret_12m,main,48.6,full,1.0,2026-09-17
4227.0,,001320,工银丰盈回报灵活配置混合A,-0.12229315312724454,ret_12m,main,135.9,full,1.0,2026-09-17
4228.0,,008227,宝盈研究精选混合A,-0.12230489432182146,ret_12m,main,80.8,full,1.0,2026-09-17
4229.0,,016375,招商裕泰混合,-0.12252809151890853,ret_12m,main,45.0,full,1.0,2026-09-17
4230.0,,021830,国寿安保农业产业股票发起式A,-0.12282144545606799,ret_12m,main,26.1,short,1.0,2026-09-17
4231.0,,519772,交银新生活力灵活配置混合A,-0.12331270559341145,ret_12m,main,118.2,full,1.0,2026-09-17
4232.0,,007853,华商计算机行业量化股票发起式A,-0.12348043262174024,ret_12m,main,82.6,full,1.0,2026-09-17
4233.0,,009007,兴全沪港深两年持有混合,-0.12376320634960847,ret_12m,main,75.9,full,1.0,2026-09-17
4234.0,,398001,中海优质成长混合,-0.12403174115832027,ret_12m,main,263.6,full,1.0,2026-09-17
4235.0,,001278,前海开源清洁能源混合A,-0.12458533011155293,ret_12m,main,135.1,full,1.0,2026-09-17
4236.0,,011201,财通优势行业轮动混合A,-0.1248676494906682,ret_12m,main,67.2,full,1.0,2026-09-17
4237.0,,004794,富荣福鑫混合A,-0.12498288443758765,ret_12m,main,103.1,full,1.0,2026-09-17
4238.0,,014376,东吴新能源汽车股票A,-0.12509809089103097,ret_12m,main,55.7,full,1.0,2026-09-17
4239.0,,021699,汇添富远见成长混合发起式A,-0.12547606460931615,ret_12m,main,23.3,short,1.0,2026-09-17
4240.0,,015010,嘉合锦鑫混合A,-0.12603738433876832,ret_12m,main,54.5,full,1.0,2026-09-17
4241.0,,270041,广发消费品精选混合A,-0.1264480771580917,ret_12m,main,171.2,full,1.0,2026-09-17
4242.0,,018159,国泰创新医疗混合发起A,-0.12673321601245946,ret_12m,main,41.0,full,1.0,2026-09-17
4243.0,,090011,大成核心双动力混合A,-0.1267570273302716,ret_12m,main,194.9,full,1.0,2026-09-17
4244.0,,017973,易方达港股通优质增长混合A,-0.12687178125370246,ret_12m,main,41.7,full,1.0,2026-09-17
4245.0,,011690,招商品质发现混合A,-0.12718033258287353,ret_12m,main,60.6,full,1.0,2026-09-17
4246.0,,008131,景顺长城竞争优势混合,-0.1272349816992452,ret_12m,main,73.4,full,1.0,2026-09-17
4247.0,,005847,富国沪港深业绩驱动混合型A,-0.12752554137685546,ret_12m,main,97.7,full,1.0,2026-09-17
4248.0,,952035,国泰海通君得诚混合,-0.12755253549896428,ret_12m,main,77.7,full,1.0,2026-09-17
4249.0,,002683,民生加银前沿科技灵活配置混合,-0.12788943908377026,ret_12m,main,117.6,full,1.0,2026-09-17
4250.0,,009704,南方景气驱动混合A,-0.1281670616718933,ret_12m,main,73.4,full,1.0,2026-09-17
4251.0,,001717,工银前沿医疗股票A,-0.12874685299036315,ret_12m,main,127.4,full,1.0,2026-09-17
4252.0,,006692,金信消费升级股票A,-0.12926426948221104,ret_12m,main,91.5,full,1.0,2026-09-17
4253.0,,540007,汇丰晋信中小盘股票,-0.12941609673630605,ret_12m,main,201.2,full,1.0,2026-09-17
4254.0,,004223,金信多策略精选混合A,-0.12943834615748584,ret_12m,main,111.3,full,1.0,2026-09-17
4255.0,,018551,宏利医药健康混合发起A,-0.12966820919577682,ret_12m,main,32.7,short,1.0,2026-09-17
4256.0,,590002,中邮核心成长混合A,-0.13006142316753044,ret_12m,main,229.0,full,1.0,2026-09-17
4257.0,,004211,金鹰周期优选混合A,-0.13008092682706696,ret_12m,main,103.6,full,1.0,2026-09-17
4258.0,,040005,华安宏利混合A,-0.13038216914900536,ret_12m,main,240.4,full,1.0,2026-09-17
4259.0,,009240,泰康蓝筹优势一年持有股票,-0.1306735157592046,ret_12m,main,73.1,full,1.0,2026-09-17
4260.0,,011435,中欧研究精选混合A,-0.13118661434799805,ret_12m,main,65.8,full,1.0,2026-09-17
4261.0,,007177,浙商智能行业优选混合A,-0.131760901891253,ret_12m,main,83.7,full,1.0,2026-09-17
4262.0,,016588,富国融甄混合A,-0.13186051932855192,ret_12m,main,47.7,full,1.0,2026-09-17
4263.0,,024044,东方红港股通价值优选混合发起A,-0.13195585033127843,ret_12m,main,15.0,short,1.0,2026-09-17
4264.0,,206007,鹏华消费优选混合,-0.13219828750127038,ret_12m,main,188.6,full,1.0,2026-09-17
4265.0,,014765,中欧碳中和混合发起A,-0.13228772331352157,ret_12m,main,54.5,full,1.0,2026-09-17
4266.0,,009468,博时健康成长双周定期可赎回混合A,-0.13241175750805245,ret_12m,main,75.0,full,1.0,2026-09-17
4267.0,,005358,东方阿尔法精选混合A,-0.13247728817284377,ret_12m,main,103.3,full,1.0,2026-09-17
4268.0,,008712,景顺长城品质成长混合A,-0.13251520306294362,ret_12m,main,80.5,full,1.0,2026-09-17
4269.0,,002085,长盛互联网+混合A,-0.13258767460832688,ret_12m,main,128.7,full,1.0,2026-09-17
4270.0,,014919,银华心选一年持有期混合A,-0.13272338094899305,ret_12m,main,54.8,full,1.0,2026-09-17
4271.0,,018364,银华医疗健康混合A,-0.1331040178736863,ret_12m,main,36.4,full,1.0,2026-09-17
4272.0,,001765,前海开源嘉鑫混合A,-0.13365115831765406,ret_12m,main,116.7,full,1.0,2026-09-17
4273.0,,009909,嘉实动力先锋混合A,-0.13395911901341206,ret_12m,main,69.8,full,1.0,2026-09-17
4274.0,,001972,前海开源沪港深智慧生活混合,-0.13403194898821902,ret_12m,main,127.7,full,1.0,2026-09-17
4275.0,,015289,格林高股息优选混合A,-0.1342569787218052,ret_12m,main,46.1,full,1.0,2026-09-17
4276.0,,005701,摩根香港精选港股通混合A,-0.1345754228251974,ret_12m,main,99.3,full,1.0,2026-09-17
4277.0,,013175,海富通碳中和混合A,-0.13478833861098605,ret_12m,main,59.8,full,1.0,2026-09-17
4278.0,,015026,鹏华增华混合A,-0.13478942249683978,ret_12m,main,49.1,full,1.0,2026-09-17
4279.0,,012526,广发盛锦混合A,-0.13541042481897936,ret_12m,main,60.6,full,1.0,2026-09-17
4280.0,,015514,方正富邦鑫诚12个月持有混合A,-0.1356517378975789,ret_12m,main,47.9,full,1.0,2026-09-17
4281.0,,005269,华泰柏瑞港股通量化混合A,-0.1359470567062463,ret_12m,main,104.9,full,1.0,2026-09-17
4282.0,,005296,南华丰淳混合A,-0.1360999280354518,ret_12m,main,104.7,full,1.0,2026-09-17
4283.0,,001294,新华战略新兴产业灵活配置混合,-0.13622461665385743,ret_12m,main,134.6,full,1.0,2026-09-17
4284.0,,310328,申万菱信新动力混合A,-0.1363547073845408,ret_12m,main,250.2,full,1.0,2026-09-17
4285.0,,004812,中欧先进制造股票A,-0.1367366430260527,ret_12m,main,103.9,full,1.0,2026-09-17
4286.0,,009619,博时女性消费主题混合A,-0.13677679852238656,ret_12m,main,74.6,full,1.0,2026-09-17
4287.0,,002132,广发鑫享灵活配置混合A,-0.13677713428028004,ret_12m,main,128.1,full,1.0,2026-09-17
4288.0,,005409,华泰柏瑞新兴产业混合A,-0.1367950908290676,ret_12m,main,104.0,full,1.0,2026-09-17
4289.0,,014560,东方汽车产业趋势混合A,-0.13699305362437408,ret_12m,main,55.2,full,1.0,2026-09-17
4290.0,,009664,汇添富医疗积极成长一年持有混合A,-0.13705840762368726,ret_12m,main,72.9,full,1.0,2026-09-17
4291.0,,012086,博时健康生活混合A,-0.13729788865597004,ret_12m,main,63.7,full,1.0,2026-09-17
4292.0,,020004,中欧臻选成长混合发起A,-0.13735194569618514,ret_12m,main,34.0,short,1.0,2026-09-17
4293.0,,019342,富国价值发现混合A,-0.1376448085536286,ret_12m,main,31.3,short,1.0,2026-09-17
4294.0,,021524,天弘匠心臻选混合发起A,-0.13828618147070793,ret_12m,main,26.4,short,1.0,2026-09-17
4295.0,,021489,中航趋势领航混合发起A,-0.13834756875974763,ret_12m,main,27.0,short,1.0,2026-09-17
4296.0,,002604,华夏新起点混合A,-0.13872558953355818,ret_12m,main,122.6,full,1.0,2026-09-17
4297.0,,004260,德邦稳盈增长灵活配置混合A,-0.13877009001818852,ret_12m,main,114.3,full,1.0,2026-09-17
4298.0,,016386,永赢低碳环保智选混合发起A,-0.1387830462041193,ret_12m,main,47.0,full,1.0,2026-09-17
4299.0,,001276,建信新经济灵活配置混合,-0.13900756547426163,ret_12m,main,135.8,full,1.0,2026-09-17
4300.0,,003182,华富弘鑫混合A,-0.1391049584063252,ret_12m,main,117.6,full,1.0,2026-09-17
4301.0,,008060,景顺长城价值边际灵活配置混合A,-0.14041542428364207,ret_12m,main,72.5,full,1.0,2026-09-17
4302.0,,010213,中欧互联网先锋混合A,-0.1404781472861717,ret_12m,main,71.2,full,1.0,2026-09-17
4303.0,,017199,广发ESG责任投资混合A,-0.14061200579656064,ret_12m,main,43.9,full,1.0,2026-09-17
4304.0,,023674,德邦新兴产业混合发起式A,-0.14087656642546564,ret_12m,main,17.8,short,1.0,2026-09-17
4305.0,,000974,安信消费医药股票A,-0.14096624530885582,ret_12m,main,138.0,full,1.0,2026-09-17
4306.0,,003581,前海联合国民健康混合A,-0.1416056581134172,ret_12m,main,116.6,full,1.0,2026-09-17
4307.0,,011589,九泰天利量化A,-0.14167741215055218,ret_12m,main,59.2,full,1.0,2026-09-17
4308.0,,610004,信澳中小盘混合A,-0.14169590349311545,ret_12m,main,201.5,full,1.0,2026-09-17
4309.0,,013956,华商医药消费精选混合A,-0.14202634752265964,ret_12m,main,57.0,full,1.0,2026-09-17
4310.0,,213006,宝盈核心优势混合A,-0.1424427713202142,ret_12m,main,210.0,full,1.0,2026-09-17
4311.0,,019143,东财景气驱动A,-0.14249229521909168,ret_12m,main,31.8,short,1.0,2026-09-17
4312.0,,012244,广发金融地产精选股票A,-0.1433002522631256,ret_12m,main,62.6,full,1.0,2026-09-17
4313.0,,011335,银河医药混合A,-0.14357353160668085,ret_12m,main,63.0,full,1.0,2026-09-17
4314.0,,024802,华夏臻选价值成长混合A,-0.14375565313282657,ret_12m,main,13.9,short,1.0,2026-09-17
4315.0,,002567,大成国家安全主题灵活配置混合A,-0.14378272649064283,ret_12m,main,124.5,full,1.0,2026-09-17
4316.0,,017721,华夏汽车产业混合A,-0.1440176775470482,ret_12m,main,43.0,full,1.0,2026-09-17
4317.0,,013559,招商均衡回报混合A,-0.14403259889176734,ret_12m,main,58.6,full,1.0,2026-09-17
4318.0,,007893,平安估值精选混合A,-0.1443942426836069,ret_12m,main,76.8,full,1.0,2026-09-17
4319.0,,010220,海富通消费核心混合A,-0.14457236714060917,ret_12m,main,70.4,full,1.0,2026-09-17
4320.0,,166019,中欧价值智选混合A,-0.14458063832335044,ret_12m,main,160.1,full,1.0,2026-09-17
4321.0,,011868,中信建投远见回报混合A,-0.1445882586624424,ret_12m,main,61.2,full,1.0,2026-09-17
4322.0,,009874,九泰久睿量化股票A,-0.14469846012782772,ret_12m,main,73.1,full,1.0,2026-09-17
4323.0,,002304,平安安心灵活配置混合A,-0.14473131290277663,ret_12m,main,128.1,full,1.0,2026-09-17
4324.0,,012447,华夏互联网龙头混合A,-0.1450301451247208,ret_12m,main,61.9,full,1.0,2026-09-17
4325.0,,015227,华夏创新研选混合A,-0.14562521278737006,ret_12m,main,48.8,full,1.0,2026-09-17
4326.0,,011455,长城竞争优势六个月混合A,-0.14577186828965816,ret_12m,main,62.2,full,1.0,2026-09-17
4327.0,,009017,银华港股通精选股票发起式A,-0.14609534518394995,ret_12m,main,77.5,full,1.0,2026-09-17
4328.0,,206013,鹏华宏观灵活配置混合,-0.14645735637213952,ret_12m,main,171.1,full,1.0,2026-09-17
4329.0,,519690,交银稳健配置混合,-0.14655749625675674,ret_12m,main,243.1,full,1.0,2026-09-17
4330.0,,009896,广发港股通成长精选股票A,-0.14664388957134122,ret_12m,main,72.2,full,1.0,2026-09-17
4331.0,,005226,山证资管改革精选混合A,-0.14679108122788553,ret_12m,main,104.1,full,1.0,2026-09-17
4332.0,,000083,汇添富消费行业混合,-0.14689394493945795,ret_12m,main,160.5,full,1.0,2026-09-17
4333.0,,014708,天弘臻选健康混合A,-0.14694287936623862,ret_12m,main,54.0,full,1.0,2026-09-17
4334.0,,006644,弘毅远方消费升级混合A,-0.14721390053125505,ret_12m,main,91.6,full,1.0,2026-09-17
4335.0,,002802,广发成长智选混合A,-0.14740580705617012,ret_12m,main,105.2,full,1.0,2026-09-17
4336.0,,570006,诺德中小盘混合,-0.14741361808231712,ret_12m,main,194.7,full,1.0,2026-09-17
4337.0,,014244,鹏扬竞争力先锋一年持有混合A,-0.1474503324825731,ret_12m,main,56.9,full,1.0,2026-09-17
4338.0,,010196,易方达核心优势股票A,-0.1476532396121064,ret_12m,main,67.6,full,1.0,2026-09-17
4339.0,,011783,泓德睿源三年持有期混合,-0.14775217606986202,ret_12m,main,64.9,full,1.0,2026-09-17
4340.0,,000511,国泰国策驱动灵活配置混合A,-0.14779300596794853,ret_12m,main,151.0,full,1.0,2026-09-17
4341.0,,020057,银河高端装备混合发起式A,-0.14791017524902417,ret_12m,main,33.4,short,1.0,2026-09-17
4342.0,,010815,农银新兴消费股票,-0.1479601351499361,ret_12m,main,66.5,full,1.0,2026-09-17
4343.0,,001801,汇添富达欣混合A,-0.14814964830003174,ret_12m,main,129.5,full,1.0,2026-09-17
4344.0,,011847,易方达商业模式优选混合A,-0.1481797647273313,ret_12m,main,61.5,full,1.0,2026-09-17
4345.0,,008174,国泰蓝筹精选混合A,-0.1481937951000727,ret_12m,main,78.7,full,1.0,2026-09-17
4346.0,,519020,国泰金泰灵活配置混合A,-0.14819556554385138,ret_12m,main,163.5,full,1.0,2026-09-17
4347.0,,006240,国联医疗健康混合A,-0.14835177600989613,ret_12m,main,95.9,full,1.0,2026-09-17
4348.0,,020071,太平先进制造混合发起式A,-0.14836225434528028,ret_12m,main,28.7,short,1.0,2026-09-17
4349.0,,012382,宏利新兴景气龙头混合A,-0.1485063150440148,ret_12m,main,58.7,full,1.0,2026-09-17
4350.0,,025022,浦银医疗创新混合A,-0.1488490813053187,ret_12m,main,12.9,short,0.9921,2026-09-17
4351.0,,019435,易米鑫选品质混合A,-0.14907344721663407,ret_12m,main,29.7,short,1.0,2026-09-17
4352.0,,008786,长城健康生活混合A,-0.14925750880306943,ret_12m,main,73.1,full,1.0,2026-09-17
4353.0,,019783,华安健康主题混合A,-0.14957764391800388,ret_12m,main,31.8,short,1.0,2026-09-17
4354.0,,006072,民生加银创新成长混合A,-0.1496898228367216,ret_12m,main,92.7,full,1.0,2026-09-17
4355.0,,011722,前海开源深圳特区精选股票A,-0.14979626007849767,ret_12m,main,64.4,full,1.0,2026-09-17
4356.0,,012344,嘉实领先优势混合A,-0.1499777933282732,ret_12m,main,63.3,full,1.0,2026-09-17
4357.0,,010654,天弘医药创新A,-0.15000607502125773,ret_12m,main,69.5,full,1.0,2026-09-17
4358.0,,017931,富达传承6个月股票A,-0.15012254998713137,ret_12m,main,40.7,full,1.0,2026-09-17
4359.0,,006890,摩根领先优选混合A,-0.1502329512175692,ret_12m,main,90.0,full,1.0,2026-09-17
4360.0,,010969,华夏安阳6个月持有期混合A,-0.15062977042389758,ret_12m,main,65.6,full,1.0,2026-09-17
4361.0,,011136,广发盛兴混合A,-0.15064375671268526,ret_12m,main,67.4,full,1.0,2026-09-17
4362.0,,000634,富国天盛灵活配置基金,-0.15071429638668854,ret_12m,main,148.3,full,1.0,2026-09-17
4363.0,,002214,中海沪港深价值优选混合A,-0.15078980648083407,ret_12m,main,124.6,full,1.0,2026-09-17
4364.0,,007959,方正富邦天恒混合A,-0.15097398769664527,ret_12m,main,83.9,full,1.0,2026-09-17
4365.0,,010409,富国消费精选30股票A,-0.15111835908806526,ret_12m,main,70.4,full,1.0,2026-09-17
4366.0,,006266,永赢智能领先混合A,-0.15113587639168924,ret_12m,main,89.8,full,1.0,2026-09-17
4367.0,,260109,景顺长城内需增长贰号混合A,-0.15122225810183987,ret_12m,main,239.2,full,1.0,2026-09-17
4368.0,,014841,东方阿尔法医疗健康混合发起A,-0.1515379946536063,ret_12m,main,53.6,full,1.0,2026-09-17
4369.0,,001179,德邦大健康灵活配置混合A,-0.15154666983004483,ret_12m,main,136.6,full,1.0,2026-09-17
4370.0,,010094,交银产业机遇混合,-0.1516284374285819,ret_12m,main,71.8,full,1.0,2026-09-17
4371.0,,018124,永赢先进制造智选混合发起A,-0.15167913843693115,ret_12m,main,40.5,full,1.0,2026-09-17
4372.0,,519673,银河康乐股票A,-0.15231371954939343,ret_12m,main,142.0,full,1.0,2026-09-17
4373.0,,011466,兴业医疗保健混合A,-0.15253661484446868,ret_12m,main,66.3,full,1.0,2026-09-17
4374.0,,005176,富国精准医疗混合A,-0.15261807662448834,ret_12m,main,106.0,full,1.0,2026-09-17
4375.0,,009014,泓德睿泽混合,-0.15269202231273438,ret_12m,main,78.5,full,1.0,2026-09-17
4376.0,,240001,华宝宝康消费品,-0.15281230200714613,ret_12m,main,278.1,full,1.0,2026-09-17
4377.0,,005237,银华医疗健康量化优选A,-0.1533214688699348,ret_12m,main,106.3,full,1.0,2026-09-17
4378.0,,012852,嘉实远见先锋一年持有期混合A,-0.15339595992463873,ret_12m,main,60.6,full,1.0,2026-09-17
4379.0,,008445,融通产业趋势先锋股票,-0.15346764280006187,ret_12m,main,75.5,full,1.0,2026-09-17
4380.0,,008359,华安医疗创新混合A,-0.15351176443623737,ret_12m,main,77.1,full,1.0,2026-09-17
4381.0,,002919,东吴智慧医疗量化混合A,-0.1535784353652202,ret_12m,main,121.2,full,1.0,2026-09-17
4382.0,,020265,长城产业优选混合A,-0.1548693857374267,ret_12m,main,25.8,short,1.0,2026-09-17
4383.0,,160142,南方优势产业(LOF),-0.15488738243471212,ret_12m,main,98.4,full,1.0,2026-09-17
4384.0,,001508,富国新动力灵活配置混合A,-0.15508590014946466,ret_12m,main,133.5,full,1.0,2026-09-17
4385.0,,009869,嘉实产业先锋混合A,-0.15522417581419257,ret_12m,main,73.9,full,1.0,2026-09-17
4386.0,,011687,易方达龙头优选两年持有混合A,-0.1560947480564887,ret_12m,main,57.8,full,1.0,2026-09-17
4387.0,,006252,永赢消费主题A,-0.15615344762528294,ret_12m,main,94.4,full,1.0,2026-09-17
4388.0,,014859,大成慧心优选一年持有混合A,-0.15657267271610986,ret_12m,main,44.0,full,1.0,2026-09-17
4389.0,,017977,信澳优享生活混合A,-0.15671028830127598,ret_12m,main,42.2,full,1.0,2026-09-17
4390.0,,000727,融通健康产业灵活配置混合A/B,-0.1567805144132144,ret_12m,main,140.7,full,1.0,2026-09-17
4391.0,,010298,汇添富品牌驱动六个月持有混合,-0.15718127356233114,ret_12m,main,70.9,full,1.0,2026-09-17
4392.0,,350002,天治低碳经济混合,-0.15728905515380331,ret_12m,main,260.1,full,1.0,2026-09-17
4393.0,,005505,前海开源中药股票A,-0.15744467644713356,ret_12m,main,101.9,full,1.0,2026-09-17
4394.0,,000554,南方中国梦灵活配置混合A,-0.1575357292612004,ret_12m,main,147.3,full,1.0,2026-09-17
4395.0,,008303,宝盈龙头优选股票A,-0.1575840018455772,ret_12m,main,77.8,full,1.0,2026-09-17
4396.0,,018818,鑫元数字经济混合发起式A,-0.1576737156897241,ret_12m,main,37.8,full,1.0,2026-09-17
4397.0,,166011,中欧盛世成长混合(LOF)A,-0.15793112984592017,ret_12m,main,173.6,full,1.0,2026-09-17
4398.0,,005541,前海开源盛鑫混合A,-0.15931020352040481,ret_12m,main,101.5,full,1.0,2026-09-17
4399.0,,540009,汇丰晋信消费红利股票,-0.15952931112697644,ret_12m,main,189.3,full,1.0,2026-09-17
4400.0,,011314,农银创新成长混合,-0.15973093195725052,ret_12m,main,57.3,full,1.0,2026-09-17
4401.0,,010447,中邮未来成长混合A,-0.15999912347909195,ret_12m,main,65.3,full,1.0,2026-09-17
4402.0,,019705,鹏扬消费主题混合发起式A,-0.1600288936568488,ret_12m,main,32.7,short,1.0,2026-09-17
4403.0,,017041,富国碳中和混合A,-0.16023297429553773,ret_12m,main,42.7,full,1.0,2026-09-17
4404.0,,001252,中海进取收益混合,-0.1606133631437756,ret_12m,main,136.2,full,1.0,2026-09-17
4405.0,,018930,湘财均衡甄选混合A,-0.16065038289249378,ret_12m,main,35.9,short,1.0,2026-09-17
4406.0,,011893,易方达长期价值混合A,-0.16068466919062308,ret_12m,main,59.8,full,1.0,2026-09-17
4407.0,,002378,建信弘利灵活配置混合A,-0.16077227901369961,ret_12m,main,127.4,full,1.0,2026-09-17
4408.0,,004098,前海开源港股通股息率50强,-0.16101393545755405,ret_12m,main,112.3,full,1.0,2026-09-17
4409.0,,000550,广发新动力混合A,-0.1611677989454724,ret_12m,main,150.0,full,1.0,2026-09-17
4410.0,,009274,融通健康产业灵活配置混合C,-0.16131873954068376,ret_12m,main,77.1,full,1.0,2026-09-17
4411.0,,007481,华夏逸享健康混合A,-0.16145931491247623,ret_12m,main,82.4,full,1.0,2026-09-17
4412.0,,001628,招商体育文化休闲股票A,-0.16169394554971694,ret_12m,main,133.0,full,1.0,2026-09-17
4413.0,,014220,恒越医疗健康精选混合A,-0.16170441588883067,ret_12m,main,55.7,full,1.0,2026-09-17
4414.0,,011994,国联安核心优势混合A,-0.16223566312307625,ret_12m,main,61.0,full,1.0,2026-09-17
4415.0,,001983,中邮低碳配置混合,-0.16246518132094911,ret_12m,main,124.6,full,1.0,2026-09-17
4416.0,,001417,汇添富医疗服务灵活配置混合A,-0.1626414020826057,ret_12m,main,135.0,full,1.0,2026-09-17
4417.0,,009898,民生加银医药健康股票A,-0.1628960173245898,ret_12m,main,72.6,full,1.0,2026-09-17
4418.0,,019575,太平科创精选混合发起式A,-0.1632227262425876,ret_12m,main,31.6,short,1.0,2026-09-17
4419.0,,005489,中金衡优灵活配置混合A,-0.16347134172649203,ret_12m,main,99.3,full,1.0,2026-09-17
4420.0,,008985,东方红启东三年持有混合,-0.16393861265126342,ret_12m,main,78.1,full,1.0,2026-09-17
4421.0,,016475,大成新兴活力混合A,-0.16491832415423413,ret_12m,main,40.8,full,1.0,2026-09-17
4422.0,,004851,广发医疗保健股票A,-0.16502490650969293,ret_12m,main,109.2,full,1.0,2026-09-17
4423.0,,016530,鹏华碳中和主题混合A,-0.16518990302478687,ret_12m,main,40.4,full,1.0,2026-09-17
4424.0,,006981,中金新医药股票A,-0.16542556915601536,ret_12m,main,88.1,full,1.0,2026-09-17
4425.0,,008477,安信价值驱动三年持有混合,-0.16560313387656989,ret_12m,main,80.1,full,1.0,2026-09-17
4426.0,,010914,长盛成长精选混合A,-0.16565833157214127,ret_12m,main,65.9,full,1.0,2026-09-17
4427.0,,015004,中邮能源革新混合型发起A,-0.16575962000920685,ret_12m,main,54.3,full,1.0,2026-09-17
4428.0,,519710,交银策略回报灵活配置混合,-0.16595097968135386,ret_12m,main,170.9,full,1.0,2026-09-17
4429.0,,011155,金鹰责任投资混合A,-0.16639359693700784,ret_12m,main,66.1,full,1.0,2026-09-17
4430.0,,010076,湘财长弘灵活配置混合A,-0.16664687021289382,ret_12m,main,71.8,full,1.0,2026-09-17
4431.0,,007523,汇添富内需增长股票A,-0.1668925676882692,ret_12m,main,85.6,full,1.0,2026-09-17
4432.0,,010949,景顺长城研究驱动三年持有混合,-0.167209607526576,ret_12m,main,53.4,full,1.0,2026-09-17
4433.0,,011830,富国天恒混合A,-0.1676514912600271,ret_12m,main,55.8,full,1.0,2026-09-17
4434.0,,009010,华夏兴阳一年持有混合,-0.1677838722049434,ret_12m,main,78.0,full,1.0,2026-09-17
4435.0,,006457,平安估值优势混合A,-0.1679925377317113,ret_12m,main,93.4,full,1.0,2026-09-17
4436.0,,750005,安信平稳增长混合发起A,-0.1679936794972796,ret_12m,main,165.0,full,1.0,2026-09-17
4437.0,,110023,易方达医疗保健行业混合A,-0.1682010235173338,ret_12m,main,187.6,full,1.0,2026-09-17
4438.0,,009958,长安鑫悦消费混合A,-0.16849496134783493,ret_12m,main,72.0,full,1.0,2026-09-17
4439.0,,002259,鹏华健康环保混合,-0.16897075304891662,ret_12m,main,127.9,full,1.0,2026-09-17
4440.0,,011315,永赢港股通优质成长一年混合,-0.1690269339429139,ret_12m,main,64.1,full,1.0,2026-09-17
4441.0,,004995,广发品牌消费股票发起式A,-0.16912837991752583,ret_12m,main,105.1,full,1.0,2026-09-17
4442.0,,260108,景顺长城新兴成长混合A,-0.1691375136324258,ret_12m,main,242.7,full,1.0,2026-09-17
4443.0,,011340,博时战略新材料主题混合A,-0.1695920081645219,ret_12m,main,67.4,full,1.0,2026-09-17
4444.0,,001714,工银文体产业股票A,-0.1696944610065112,ret_12m,main,128.6,full,1.0,2026-09-17
4445.0,,023173,兴华景成混合A,-0.16991958007774777,ret_12m,main,14.3,short,1.0,2026-09-17
4446.0,,024824,招商医药精选混合发起式A,-0.16995090518814904,ret_12m,main,13.4,short,1.0,2026-09-17
4447.0,,016313,富国研究精选灵活配置混合C,-0.16996914352623194,ret_12m,main,48.8,full,1.0,2026-09-17
4448.0,,014408,创金合信兴选产业趋势混合A,-0.1700352990237587,ret_12m,main,49.5,full,1.0,2026-09-17
4449.0,,015139,泰康医疗健康股票发起A,-0.17029265387353176,ret_12m,main,54.3,full,1.0,2026-09-17
4450.0,,010709,安信医药健康股票A,-0.17068229028062376,ret_12m,main,68.1,full,1.0,2026-09-17
4451.0,,024693,鑫元消费睿选混合发起式A,-0.17106633745464606,ret_12m,main,14.0,short,1.0,2026-09-17
4452.0,,009778,长信消费升级混合A,-0.1715214985654958,ret_12m,main,70.4,full,1.0,2026-09-17
4453.0,,007182,万家沪港深蓝筹混合A,-0.1717461212301803,ret_12m,main,58.5,full,1.0,2026-09-17
4454.0,,007152,诺德策略精选,-0.1721830277420654,ret_12m,main,87.9,full,1.0,2026-09-17
4455.0,,160322,华夏港股通精选股票发起式(LOF)A,-0.1723831684526841,ret_12m,main,118.2,full,1.0,2026-09-17
4456.0,,016551,诺德策略回报股票A,-0.172585615789268,ret_12m,main,46.7,full,1.0,2026-09-17
4457.0,,010552,浙商智选领航三年持有混合A,-0.17261593887546578,ret_12m,main,68.1,full,1.0,2026-09-17
4458.0,,007163,浦银环保新能源A,-0.17333535233378006,ret_12m,main,86.3,full,1.0,2026-09-17
4459.0,,006233,万家汽车新趋势混合A,-0.17341550477403145,ret_12m,main,82.8,full,1.0,2026-09-17
4460.0,,161729,招商瑞利灵活配置混合(LOF)A,-0.1736286929698586,ret_12m,main,86.0,full,1.0,2026-09-17
4461.0,,011184,东方阿尔法招阳混合A,-0.1738316788239489,ret_12m,main,66.0,full,1.0,2026-09-17
4462.0,,013009,万家港股通精选混合A,-0.17439699901399286,ret_12m,main,56.4,full,1.0,2026-09-17
4463.0,,009875,天弘甄选食品饮料股票A,-0.1745230256661967,ret_12m,main,72.9,full,1.0,2026-09-17
4464.0,,012284,光大健康优加混合A,-0.1746339287533365,ret_12m,main,61.4,full,1.0,2026-09-17
4465.0,,023566,德邦高端装备混合发起式A,-0.17484980160004293,ret_12m,main,18.1,short,1.0,2026-09-17
4466.0,,018052,鹏扬医疗健康混合A,-0.17495388218009966,ret_12m,main,34.6,short,1.0,2026-09-17
4467.0,,019952,平安价值远见混合A,-0.17504446911231075,ret_12m,main,31.3,short,1.0,2026-09-17
4468.0,,010429,中欧睿见混合A,-0.17506163529727947,ret_12m,main,70.3,full,1.0,2026-09-17
4469.0,,005360,汇安资产轮动混合A,-0.1754645541130797,ret_12m,main,104.7,full,1.0,2026-09-17
4470.0,,162605,景顺长城鼎益混合(LOF)A,-0.17569854695443243,ret_12m,main,258.1,full,1.0,2026-09-17
4471.0,,010795,民生价值发现一年持有混合A,-0.17573313212663288,ret_12m,main,66.4,full,1.0,2026-09-17
4472.0,,014987,华安产业趋势混合A,-0.1759075994425725,ret_12m,main,49.5,full,1.0,2026-09-17
4473.0,,011273,泰信景气驱动12个月持有混合A,-0.17604696164388733,ret_12m,main,65.3,full,1.0,2026-09-17
4474.0,,008133,华安优质生活混合,-0.1761635823396437,ret_12m,main,78.7,full,1.0,2026-09-17
4475.0,,012045,大成医药健康股票A,-0.17620633614324577,ret_12m,main,60.0,full,1.0,2026-09-17
4476.0,,000913,农银医疗保健股票,-0.17626230783941832,ret_12m,main,139.2,full,1.0,2026-09-17
4477.0,,010341,招商产业精选股票A,-0.17629886482215673,ret_12m,main,69.0,full,1.0,2026-09-17
4478.0,,020444,华西研究精选混合发起A,-0.17630447215203848,ret_12m,main,32.7,short,1.0,2026-09-17
4479.0,,660012,农银消费主题混合A,-0.176337886123193,ret_12m,main,172.8,full,1.0,2026-09-17
4480.0,,016287,大成消费机遇混合A,-0.17648694471286197,ret_12m,main,46.0,full,1.0,2026-09-17
4481.0,,001675,江信同福A,-0.17649122390029304,ret_12m,main,132.7,full,1.0,2026-09-17
4482.0,,004702,南方金融主题灵活配置混合A,-0.1766375095187913,ret_12m,main,109.5,full,1.0,2026-09-17
4483.0,,023955,国金安瑞平衡A,-0.17684215162922046,ret_12m,main,15.4,short,1.0,2026-09-17
4484.0,,200006,长城消费增值混合A,-0.17690105498372477,ret_12m,main,245.4,full,1.0,2026-09-17
4485.0,,007084,天治转型升级混合,-0.1773573437146857,ret_12m,main,87.9,full,1.0,2026-09-17
4486.0,,013490,同泰金融精选股票A,-0.1775521023598301,ret_12m,main,57.6,full,1.0,2026-09-17
4487.0,,012354,南方新能源产业趋势混合A,-0.17755980235693491,ret_12m,main,60.7,full,1.0,2026-09-17
4488.0,,004868,交银股息优化混合,-0.1775712412489947,ret_12m,main,108.7,full,1.0,2026-09-17
4489.0,,501071,泓德丰泽混合(LOF)A,-0.17779253958359187,ret_12m,main,89.7,full,1.0,2026-09-17
4490.0,,008293,农银汇理创新医疗混合,-0.1778367775826124,ret_12m,main,79.9,full,1.0,2026-09-17
4491.0,,011164,富国兴远优选12个月持有混合A,-0.17849800944654326,ret_12m,main,66.5,full,1.0,2026-09-17
4492.0,,009527,浙商汇金新兴消费混合,-0.17854026900879794,ret_12m,main,75.6,full,1.0,2026-09-17
4493.0,,010554,华安新兴消费混合A,-0.17869153520471814,ret_12m,main,69.2,full,1.0,2026-09-17
4494.0,,010108,景顺长城核心招景混合A,-0.1790214647544648,ret_12m,main,68.3,full,1.0,2026-09-17
4495.0,,399011,中海医疗保健主题股票A,-0.17974579179820838,ret_12m,main,174.4,full,1.0,2026-09-17
4496.0,,580007,东吴安享量化混合A,-0.17996846962282276,ret_12m,main,194.6,full,1.0,2026-09-17
4497.0,,006675,宝盈品牌消费股票A,-0.17998345389376547,ret_12m,main,87.4,full,1.0,2026-09-17
4498.0,,009877,中银内核驱动股票A,-0.1799882952524462,ret_12m,main,73.0,full,1.0,2026-09-17
4499.0,,003655,信澳新财富混合A,-0.18024448536756732,ret_12m,main,118.2,full,1.0,2026-09-17
4500.0,,000794,宝盈睿丰创新混合A/B,-0.18032717789749575,ret_12m,main,143.7,full,1.0,2026-09-17
4501.0,,020848,尚正正泰平衡配置混合发起A,-0.18052574601858729,ret_12m,main,22.4,short,1.0,2026-09-17
4502.0,,012703,华夏核心成长混合A,-0.1808350300070185,ret_12m,main,57.5,full,1.0,2026-09-17
4503.0,,008075,招商核心优选股票A,-0.1809474810403887,ret_12m,main,81.0,full,1.0,2026-09-17
4504.0,,016454,诺安均衡优选一年持有混合A,-0.1809805137748487,ret_12m,main,47.9,full,1.0,2026-09-17
4505.0,,007412,景顺长城绩优成长混合A,-0.18129582594495264,ret_12m,main,86.5,full,1.0,2026-09-17
4506.0,,005233,广发睿毅领先混合A,-0.1816858449848584,ret_12m,main,105.1,full,1.0,2026-09-17
4507.0,,004505,博时新兴消费主题混合A,-0.18171865800557896,ret_12m,main,111.4,full,1.0,2026-09-17
4508.0,,011503,建信智能生活混合,-0.18198074927467855,ret_12m,main,65.7,full,1.0,2026-09-17
4509.0,,013132,创金合信文娱媒体股票发起A,-0.18199168661784992,ret_12m,main,61.2,full,1.0,2026-09-17
4510.0,,011418,汇添富消费精选两年持有股票A,-0.1821239567673577,ret_12m,main,64.2,full,1.0,2026-09-17
4511.0,,000551,中信保诚幸福消费混合A,-0.18227048053774997,ret_12m,main,148.6,full,1.0,2026-09-17
4512.0,,005004,交银品质升级混合A,-0.1823977683510728,ret_12m,main,103.3,full,1.0,2026-09-17
4513.0,,014107,博时品质生活混合A,-0.1824842297598156,ret_12m,main,56.8,full,1.0,2026-09-17
4514.0,,013940,东吴医疗服务股票A,-0.1826021308404585,ret_12m,main,57.6,full,1.0,2026-09-17
4515.0,,024159,大成港股通机遇混合A,-0.1832280331629892,ret_12m,main,15.9,short,1.0,2026-09-17
4516.0,,011173,银华心享一年持有期混合,-0.1834761251693997,ret_12m,main,66.5,full,1.0,2026-09-17
4517.0,,011923,大成消费精选股票A,-0.1836006200791086,ret_12m,main,63.8,full,1.0,2026-09-17
4518.0,,011403,融通鑫新成长混合A,-0.18392300977066922,ret_12m,main,59.3,full,1.0,2026-09-17
4519.0,,015663,易米开鑫价值优选混合A,-0.18406150318051762,ret_12m,main,49.5,full,1.0,2026-09-17
4520.0,,015732,尚正新能源产业混合A,-0.1842706591992016,ret_12m,main,49.2,full,1.0,2026-09-17
4521.0,,003634,嘉实农业产业股票A,-0.18449204757363757,ret_12m,main,117.3,full,1.0,2026-09-17
4522.0,,006377,广发趋势动力混合A,-0.18452263985941209,ret_12m,main,92.7,full,1.0,2026-09-17
4523.0,,003446,英大睿鑫A,-0.18490992184159405,ret_12m,main,117.8,full,1.0,2026-09-17
4524.0,,007750,广发优势增长股票A,-0.18503569835821332,ret_12m,main,80.8,full,1.0,2026-09-17
4525.0,,016384,永赢消费鑫选6个月持有混合A,-0.18503990237595314,ret_12m,main,45.5,full,1.0,2026-09-17
4526.0,,024471,平安价值优享混合A,-0.18504830460937904,ret_12m,main,14.9,short,0.9644,2026-09-17
4527.0,,007484,信澳核心科技混合A,-0.18523007018294968,ret_12m,main,85.1,full,1.0,2026-09-17
4528.0,,610007,信澳消费优选混合A,-0.18538366349413593,ret_12m,main,168.4,full,1.0,2026-09-17
4529.0,,519714,交银消费新驱动股票,-0.18574616404975386,ret_12m,main,166.3,full,1.0,2026-09-17
4530.0,,217021,招商优势企业混合A,-0.18645697568948238,ret_12m,main,175.5,full,1.0,2026-09-17
4531.0,,010595,广发成长精选混合A,-0.18654349000330728,ret_12m,main,67.9,full,1.0,2026-09-17
4532.0,,000796,宝盈睿丰创新混合C,-0.18662718546091228,ret_12m,main,143.7,full,1.0,2026-09-17
4533.0,,014404,中欧多元价值三年持有混合A,-0.18676458932430495,ret_12m,main,55.7,full,1.0,2026-09-17
4534.0,,001878,嘉实沪港深精选股票,-0.18697908456913426,ret_12m,main,123.7,full,1.0,2026-09-17
4535.0,,021027,太平医疗创新混合发起式A,-0.18716883895750558,ret_12m,main,27.4,short,1.0,2026-09-17
4536.0,,010562,永赢成长领航混合A,-0.18723817016073108,ret_12m,main,69.5,full,1.0,2026-09-17
4537.0,,015553,融通价值成长混合A,-0.18724463883025622,ret_12m,main,50.0,full,1.0,2026-09-17
4538.0,,007151,前海开源沪港深聚瑞混合,-0.1880013215232751,ret_12m,main,87.1,full,1.0,2026-09-17
4539.0,,001829,华银中国智造主题灵活配置,-0.18855882294663084,ret_12m,main,127.7,full,1.0,2026-09-17
4540.0,,023623,前海开源港股通价值领航混合A,-0.18895540819830947,ret_12m,main,13.4,short,0.9605,2026-09-17
4541.0,,000780,鹏华医疗保健股票,-0.18969311380246878,ret_12m,main,143.8,full,1.0,2026-09-17
4542.0,,000854,鹏华养老产业股票,-0.18992473758008932,ret_12m,main,141.5,full,1.0,2026-09-17
4543.0,,012848,大成悦享生活混合A,-0.19012584873389382,ret_12m,main,57.2,full,1.0,2026-09-17
4544.0,,012182,广发沪港深精选混合A,-0.19031236809489882,ret_12m,main,58.0,full,1.0,2026-09-17
4545.0,,164403,前海开源沪港深农业混合A,-0.1915344857102298,ret_12m,main,135.5,full,1.0,2026-09-17
4546.0,,012373,富国稳健恒盛12个月持有混合A,-0.192448759463545,ret_12m,main,60.3,full,1.0,2026-09-17
4547.0,,350009,天治研究驱动混合A,-0.1932319406304246,ret_12m,main,176.7,full,1.0,2026-09-17
4548.0,,018901,招商回报优选混合发起式A,-0.1933658060932344,ret_12m,main,30.0,short,1.0,2026-09-17
4549.0,,002547,民生加银养老服务混合,-0.19348904214851614,ret_12m,main,118.9,full,1.0,2026-09-17
4550.0,,007110,国投瑞银港股通混合A,-0.19452245842297677,ret_12m,main,78.2,full,1.0,2026-09-17
4551.0,,019457,平安先进制造主题股票发起A,-0.19457785362961344,ret_12m,main,34.8,short,1.0,2026-09-17
4552.0,,017648,信澳聚优智选混合A,-0.19491410830497757,ret_12m,main,43.9,full,1.0,2026-09-17
4553.0,,018975,中信建投消费升级混合发起式A,-0.1953810012178544,ret_12m,main,35.7,short,1.0,2026-09-17
4554.0,,005642,鹏扬景升A,-0.195413099207845,ret_12m,main,101.5,full,1.0,2026-09-17
4555.0,,005599,汇安量化优选灵活配置A,-0.19542776602416034,ret_12m,main,97.7,full,1.0,2026-09-17
4556.0,,004040,金鹰医疗健康产业A,-0.19550264695222375,ret_12m,main,109.5,full,1.0,2026-09-17
4557.0,,010801,长江量化消费精选股票A,-0.1958280572162474,ret_12m,main,67.6,full,1.0,2026-09-17
4558.0,,024647,中欧制造升级混合发起A,-0.19624229023822837,ret_12m,main,12.5,short,0.9763,2026-09-17
4559.0,,013004,国泰价值领航股票A,-0.19668924280484257,ret_12m,main,60.3,full,1.0,2026-09-17
4560.0,,001186,富国文体健康股票A,-0.1978283257401251,ret_12m,main,136.4,full,1.0,2026-09-17
4561.0,,006759,银河乐活优萃混合A,-0.19785857619364156,ret_12m,main,87.2,full,1.0,2026-09-17
4562.0,,005164,富荣福锦混合A,-0.19786093992481046,ret_12m,main,102.1,full,1.0,2026-09-17
4563.0,,006218,富国生物医药科技混合A,-0.19823795300169,ret_12m,main,90.2,full,1.0,2026-09-17
4564.0,,019587,兴业弘远回报混合发起式A,-0.198394630482024,ret_12m,main,24.4,short,1.0,2026-09-17
4565.0,,010204,中银港股通优势成长股票,-0.19850199402535162,ret_12m,main,67.2,full,1.0,2026-09-17
4566.0,,001837,前海开源沪港深蓝筹精选混合A,-0.19948882978369586,ret_12m,main,129.3,full,1.0,2026-09-17
4567.0,,015343,长安优势行业混合A,-0.19958216786088823,ret_12m,main,48.5,full,1.0,2026-09-17
4568.0,,000591,中银健康生活混合A,-0.19987537966508973,ret_12m,main,147.9,full,1.0,2026-09-17
4569.0,,004316,前海开源沪港深裕鑫A,-0.19996109308467358,ret_12m,main,113.8,full,1.0,2026-09-17
4570.0,,010592,南方医药创新股票A,-0.1999758653970074,ret_12m,main,66.5,full,1.0,2026-09-17
4571.0,,000763,工银新财富灵活配置混合,-0.20019792777867595,ret_12m,main,143.9,full,1.0,2026-09-17
4572.0,,019999,国泰优质领航混合A,-0.20025505844043034,ret_12m,main,29.0,short,1.0,2026-09-17
4573.0,,010387,易方达医药生物股票A,-0.20027665578097642,ret_12m,main,70.4,full,1.0,2026-09-17
4574.0,,020510,金鹰科技致远混合A,-0.20046504406238141,ret_12m,main,30.0,short,1.0,2026-09-17
4575.0,,004456,兴银消费新趋势灵活配置A,-0.20113027659286864,ret_12m,main,111.1,full,1.0,2026-09-17
4576.0,,162203,宏利稳定混合,-0.20171300155124994,ret_12m,main,280.8,full,1.0,2026-09-17
4577.0,,011905,安信价值启航混合A,-0.20189005894217504,ret_12m,main,62.6,full,1.0,2026-09-17
4578.0,,021899,融通品质优选混合A,-0.20226046840115952,ret_12m,main,18.7,short,1.0,2026-09-17
4579.0,,016549,永赢消费龙头智选混合发起A,-0.20400992674837926,ret_12m,main,45.3,full,1.0,2026-09-17
4580.0,,006768,华安沪港深优选混合,-0.20404234007271627,ret_12m,main,89.8,full,1.0,2026-09-17
4581.0,,019916,富国医药创新股票A,-0.2040809889209405,ret_12m,main,30.2,short,1.0,2026-09-17
4582.0,,013270,前海开源聚利一年持有混合A,-0.20426132050965728,ret_12m,main,58.7,full,1.0,2026-09-17
4583.0,,010536,泰康优势企业混合A,-0.20465042214098828,ret_12m,main,68.8,full,1.0,2026-09-17
4584.0,,015915,永赢医药创新智选混合发起A,-0.2048536620579705,ret_12m,main,45.8,full,1.0,2026-09-17
4585.0,,001874,前海开源沪港深价值精选混合,-0.20512945409139205,ret_12m,main,117.9,full,1.0,2026-09-17
4586.0,,012483,前海开源优质龙头6个月持有混合A,-0.20546531722048167,ret_12m,main,62.3,full,1.0,2026-09-17
4587.0,,000878,中海医药健康产业精选混合A,-0.20633258238898045,ret_12m,main,141.0,full,1.0,2026-09-17
4588.0,,519959,长信多利混合A,-0.2064582781435309,ret_12m,main,134.6,full,1.0,2026-09-17
4589.0,,011651,招商港股通核心精选股票A,-0.20660675091153768,ret_12m,main,65.8,full,1.0,2026-09-17
4590.0,,013220,中欧新兴价值一年持有混合A,-0.20688688897855434,ret_12m,main,60.4,full,1.0,2026-09-17
4591.0,,018990,兴银智选消费混合A,-0.2069081453962881,ret_12m,main,34.5,short,1.0,2026-09-17
4592.0,,006408,汇添富消费升级混合A,-0.20704322490542448,ret_12m,main,92.9,full,1.0,2026-09-17
4593.0,,400032,东方主题精选混合,-0.2071621292001874,ret_12m,main,137.9,full,1.0,2026-09-17
4594.0,,024396,东兴产业升级混合发起A,-0.20719680828325115,ret_12m,main,12.9,short,1.0,2026-09-17
4595.0,,350008,天治新消费混合,-0.20730468312643657,ret_12m,main,181.5,full,1.0,2026-09-17
4596.0,,001230,鹏华医药科技股票A,-0.207365229621286,ret_12m,main,135.5,full,1.0,2026-09-17
4597.0,,017719,华夏消费臻选混合发起式A,-0.20744824685718,ret_12m,main,42.8,full,1.0,2026-09-17
4598.0,,001706,诺安积极回报混合A,-0.20767650922137382,ret_12m,main,119.8,full,1.0,2026-09-17
4599.0,,013023,平安均衡优选1年持有混合A,-0.20775158106572056,ret_12m,main,59.8,full,1.0,2026-09-17
4600.0,,012556,长盛景气优选混合,-0.20779660067951355,ret_12m,main,57.3,full,1.0,2026-09-17
4601.0,,000117,广发轮动配置混合,-0.2079945379317929,ret_12m,main,159.7,full,1.0,2026-09-17
4602.0,,010717,前海开源优质企业6个月持有混合A,-0.20891210477200595,ret_12m,main,68.3,full,1.0,2026-09-17
4603.0,,021427,国泰优质精选混合A,-0.20900863093958633,ret_12m,main,23.3,short,1.0,2026-09-17
4604.0,,005235,银华食品饮料量化股票发起式A,-0.2091451835632221,ret_12m,main,106.3,full,1.0,2026-09-17
4605.0,,012981,华夏创新医药龙头混合A,-0.20924390491101585,ret_12m,main,59.2,full,1.0,2026-09-17
4606.0,,012308,国泰价值远见混合A,-0.20942854261966115,ret_12m,main,60.3,full,1.0,2026-09-17
4607.0,,180013,银华领先策略混合,-0.20983851835787193,ret_12m,main,216.9,full,1.0,2026-09-17
4608.0,,021219,平安价值精选混合A,-0.21085209140726746,ret_12m,main,15.6,short,1.0,2026-09-17
4609.0,,016378,太平消费升级一年持有A,-0.21087441758538283,ret_12m,main,43.9,full,1.0,2026-09-17
4610.0,,020331,红塔红土医药精选股票发起式A,-0.21097521667673258,ret_12m,main,29.5,short,1.0,2026-09-17
4611.0,,016307,景顺长城北交所精选两年定开混合A,-0.21134983523388762,ret_12m,main,48.8,full,1.0,2026-09-17
4612.0,,180028,银华永祥灵活配置混合,-0.21136435163650347,ret_12m,main,182.7,full,1.0,2026-09-17
4613.0,,006882,华泰保兴健康消费A,-0.2115444026807325,ret_12m,main,87.7,full,1.0,2026-09-17
4614.0,,013072,泰信医疗服务混合发起式A,-0.2128742014234022,ret_12m,main,56.6,full,1.0,2026-09-17
4615.0,,519001,银华价值优选混合,-0.21305746746790666,ret_12m,main,251.7,full,1.0,2026-09-17
4616.0,,013851,中信建投低碳成长混合A,-0.21312787835923097,ret_12m,main,57.1,full,1.0,2026-09-17
4617.0,,005241,中欧时代智慧混合A,-0.21353304302268794,ret_12m,main,103.7,full,1.0,2026-09-17
4618.0,,009507,国金鑫意医药消费A,-0.21414544514373823,ret_12m,main,74.6,full,1.0,2026-09-17
4619.0,,002067,诺安精选回报混合A,-0.21493305952368713,ret_12m,main,125.7,full,1.0,2026-09-17
4620.0,,005142,国联沪港深大消费主题A,-0.21497447213400378,ret_12m,main,106.0,full,1.0,2026-09-17
4621.0,,014699,东方高端制造混合A,-0.21522942944489454,ret_12m,main,42.6,full,1.0,2026-09-17
4622.0,,001875,前海开源沪港深优势精选混合A,-0.21570598185733814,ret_12m,main,124.9,full,1.0,2026-09-17
4623.0,,004521,安信工业4.0灵活配置混合A,-0.21713746916070753,ret_12m,main,109.9,full,1.0,2026-09-17
4624.0,,005504,汇添富沪港深大盘价值混合A,-0.21749858032138825,ret_12m,main,103.1,full,1.0,2026-09-17
4625.0,,011174,中庚价值品质一年持有期混合,-0.21788394905633268,ret_12m,main,67.9,full,1.0,2026-09-17
4626.0,,000220,富国医疗保健行业混合A,-0.21800219738993243,ret_12m,main,157.3,full,1.0,2026-09-17
4627.0,,000761,国富健康优质生活股票,-0.21838207392621578,ret_12m,main,143.8,full,1.0,2026-09-17
4628.0,,010041,嘉实港股优势混合A,-0.21851634950385768,ret_12m,main,67.9,full,1.0,2026-09-17
4629.0,,024800,华夏品质生活混合A,-0.21878516592430164,ret_12m,main,13.9,short,1.0,2026-09-17
4630.0,,006877,天治量化核心精选混合A,-0.2190641900770296,ret_12m,main,87.2,full,1.0,2026-09-17
4631.0,,006603,嘉实互融精选股票A,-0.21909809140172898,ret_12m,main,90.6,full,1.0,2026-09-17
4632.0,,016502,永赢新兴消费智选混合发起A,-0.21939905431483775,ret_12m,main,45.3,full,1.0,2026-09-17
4633.0,,013859,宝盈品质甄选混合A,-0.22056862109258168,ret_12m,main,56.6,full,1.0,2026-09-17
4634.0,,017501,招商产业升级1年持有期混合A,-0.2209013161415454,ret_12m,main,39.7,full,1.0,2026-09-17
4635.0,,519767,交银科技创新灵活配置混合A,-0.2212428477831021,ret_12m,main,124.4,full,1.0,2026-09-17
4636.0,,001662,创金合信沪港深精选混合,-0.22127437157111995,ret_12m,main,132.8,full,1.0,2026-09-17
4637.0,,001915,宝盈医疗健康沪港深股票A,-0.22153558785046001,ret_12m,main,129.5,full,1.0,2026-09-17
4638.0,,004805,长信消费精选量化股票A,-0.2216089270536351,ret_12m,main,102.4,full,1.0,2026-09-17
4639.0,,010326,博时消费创新混合A,-0.22195273489347866,ret_12m,main,70.8,full,1.0,2026-09-17
4640.0,,006231,国融融君混合A,-0.22210799841245077,ret_12m,main,96.2,full,1.0,2026-09-17
4641.0,,001614,东方区域发展混合,-0.22218898679142252,ret_12m,main,120.3,full,1.0,2026-09-17
4642.0,,019620,汇安行业优选混合A,-0.22257309979554762,ret_12m,main,25.8,short,1.0,2026-09-17
4643.0,,015052,东方红医疗升级股票发起A,-0.22330053622753843,ret_12m,main,53.7,full,1.0,2026-09-17
4644.0,,005169,华泰保兴策略精选A,-0.22341111529924962,ret_12m,main,105.4,full,1.0,2026-09-17
4645.0,,011177,博时汇融回报一年持有混合A,-0.22368243934694232,ret_12m,main,67.9,full,1.0,2026-09-17
4646.0,,004076,国联安锐意成长混合,-0.2238674317768099,ret_12m,main,115.8,full,1.0,2026-09-17
4647.0,,005970,国泰消费优选股票,-0.22388775920283688,ret_12m,main,92.0,full,1.0,2026-09-17
4648.0,,014157,国泰海通创新医药混合发起A,-0.22406385959920616,ret_12m,main,56.8,full,1.0,2026-09-17
4649.0,,024632,中欧消费精选混合发起A,-0.22440325811817075,ret_12m,main,14.4,short,1.0,2026-09-17
4650.0,,160527,博时研究优选混合(LOF)A,-0.22475693357214022,ret_12m,main,77.9,full,1.0,2026-09-17
4651.0,,002212,嘉实新起航混合A,-0.2252733436221509,ret_12m,main,126.1,full,1.0,2026-09-17
4652.0,,002387,工银沪港深股票A,-0.22568995780548795,ret_12m,main,124.9,full,1.0,2026-09-17
4653.0,,000339,长城医疗保健混合A,-0.2257672036870919,ret_12m,main,150.6,full,1.0,2026-09-17
4654.0,,006209,中信保诚新蓝筹混合,-0.22656332695585968,ret_12m,main,96.4,full,1.0,2026-09-17
4655.0,,011104,光大智能汽车主题股票A,-0.22740034320095182,ret_12m,main,67.2,full,1.0,2026-09-17
4656.0,,240020,华宝医药生物混合A,-0.22831347899862298,ret_12m,main,174.6,full,1.0,2026-09-17
4657.0,,008842,同泰远见混合A,-0.22847025525288223,ret_12m,main,72.3,full,1.0,2026-09-17
4658.0,,000867,华宝品质生活股票,-0.2290513487794693,ret_12m,main,139.9,full,1.0,2026-09-17
4659.0,,020474,中欧产业优选混合A,-0.2293985954686133,ret_12m,main,32.7,short,1.0,2026-09-17
4660.0,,003835,鹏华沪深港新兴成长混合A,-0.2296550063078021,ret_12m,main,117.5,full,1.0,2026-09-17
4661.0,,015927,西部利得绿色能源混合A,-0.2298710899773968,ret_12m,main,45.6,full,1.0,2026-09-17
4662.0,,007132,长城港股通价值精选混合A,-0.2298896182385265,ret_12m,main,86.7,full,1.0,2026-09-17
4663.0,,011278,华夏内需驱动混合A,-0.23027855457378588,ret_12m,main,67.2,full,1.0,2026-09-17
4664.0,,014938,同泰产业升级混合A,-0.2307889639189924,ret_12m,main,53.8,full,1.0,2026-09-17
4665.0,,002564,新沃通盈灵活配置混合,-0.23095497661555142,ret_12m,main,119.8,full,1.0,2026-09-17
4666.0,,003413,华泰柏瑞新经济沪港深混合A,-0.23122504628225293,ret_12m,main,117.7,full,1.0,2026-09-17
4667.0,,161818,银华消费主题混合A,-0.23201320892324717,ret_12m,main,179.6,full,1.0,2026-09-17
4668.0,,007291,汇丰晋信港股通双核策略混合,-0.23201866762315038,ret_12m,main,85.5,full,1.0,2026-09-17
4669.0,,007718,中银创新医疗混合A,-0.23210858863641126,ret_12m,main,82.1,full,1.0,2026-09-17
4670.0,,015570,创金合信医药优选3个月持有混合A,-0.2323839114540387,ret_12m,main,48.6,full,1.0,2026-09-17
4671.0,,009414,中银大健康股票A,-0.23304443985516432,ret_12m,main,75.7,full,1.0,2026-09-17
4672.0,,005335,浙商全景消费混合A,-0.23425409080528714,ret_12m,main,104.6,full,1.0,2026-09-17
4673.0,,005888,华夏新兴消费混合A,-0.2342706200364797,ret_12m,main,94.3,full,1.0,2026-09-17
4674.0,,000991,工银战略转型股票A,-0.23486899078190848,ret_12m,main,139.0,full,1.0,2026-09-17
4675.0,,000056,建信消费升级混合,-0.2351895610255974,ret_12m,main,159.1,full,1.0,2026-09-17
4676.0,,004942,格林伯元灵活配置A,-0.23522279466506846,ret_12m,main,103.3,full,1.0,2026-09-17
4677.0,,020593,华夏软件龙头混合发起式A,-0.23560241204147359,ret_12m,main,27.4,short,1.0,2026-09-17
4678.0,,007811,淳厚信泽混合A,-0.23562895492866132,ret_12m,main,84.9,full,1.0,2026-09-17
4679.0,,010585,创金合信医药消费股票A,-0.23574347556206698,ret_12m,main,69.5,full,1.0,2026-09-17
4680.0,,020428,华安先进制造混合发起式A,-0.23592647957080715,ret_12m,main,19.8,short,1.0,2026-09-17
4681.0,,019085,工银价值精选混合A,-0.2360025679354656,ret_12m,main,28.6,short,1.0,2026-09-17
4682.0,,012523,国联高质量成长混合A,-0.23609632801916836,ret_12m,main,58.0,full,1.0,2026-09-17
4683.0,,377150,摩根健康品质生活混合A,-0.2363404109979137,ret_12m,main,175.5,full,1.0,2026-09-17
4684.0,,003397,银华体育文化灵活配置混合A,-0.2365553410682315,ret_12m,main,118.0,full,1.0,2026-09-17
4685.0,,110022,易方达消费行业股票,-0.23659477848834276,ret_12m,main,192.9,full,1.0,2026-09-17
4686.0,,002620,中邮未来新蓝筹混合,-0.2366254168602463,ret_12m,main,109.4,full,1.0,2026-09-17
4687.0,,005526,工银新生代消费混合,-0.23671364482906776,ret_12m,main,103.1,full,1.0,2026-09-17
4688.0,,003432,中信保诚至瑞混合A,-0.23677327858302732,ret_12m,main,118.9,full,1.0,2026-09-17
4689.0,,006671,广发消费升级股票,-0.23817212761354,ret_12m,main,87.7,full,1.0,2026-09-17
4690.0,,008166,工银消费股票A,-0.23830335790279522,ret_12m,main,78.4,full,1.0,2026-09-17
4691.0,,016073,创金合信软件产业股票发起A,-0.23840437431066952,ret_12m,main,47.6,full,1.0,2026-09-17
4692.0,,004905,华泰柏瑞生物医药混合A,-0.238961749011391,ret_12m,main,109.0,full,1.0,2026-09-17
4693.0,,610002,信澳精华配置混合A,-0.23971672433522473,ret_12m,main,217.6,full,1.0,2026-09-17
4694.0,,020419,鹏华科技驱动混合发起式A,-0.23986318225017922,ret_12m,main,24.6,short,1.0,2026-09-17
4695.0,,023393,宝盈创新医疗混合发起式A,-0.24102996557033984,ret_12m,main,15.4,short,1.0,2026-09-17
4696.0,,290002,泰信先行策略混合,-0.24131436095368086,ret_12m,main,266.6,full,1.0,2026-09-17
4697.0,,008273,广发优质生活混合A,-0.24140994576724062,ret_12m,main,77.8,full,1.0,2026-09-17
4698.0,,010110,广发医药健康混合A,-0.2414211154331808,ret_12m,main,70.9,full,1.0,2026-09-17
4699.0,,001007,国联安鑫安灵活配置混合,-0.24219633579937228,ret_12m,main,139.7,full,1.0,2026-09-17
4700.0,,011069,工银成长精选混合A,-0.24224428858557534,ret_12m,main,65.8,full,1.0,2026-09-17
4701.0,,000538,诺安优势行业混合A,-0.24239213586690977,ret_12m,main,150.2,full,1.0,2026-09-17
4702.0,,000057,中银消费主题混合A,-0.24411483830543246,ret_12m,main,160.8,full,1.0,2026-09-17
4703.0,,002621,中欧消费主题股票A,-0.24445217808186004,ret_12m,main,121.9,full,1.0,2026-09-17
4704.0,,019051,华泰柏瑞科技创新混合发起式A,-0.24468650456413665,ret_12m,main,35.9,short,1.0,2026-09-17
4705.0,,016635,国联安气候变化混合A,-0.2446888712791272,ret_12m,main,47.6,full,1.0,2026-09-17
4706.0,,022690,华安医药生物股票发起式A,-0.24481550467497593,ret_12m,main,20.7,short,1.0,2026-09-17
4707.0,,001270,英大灵活配置混合型发起式A,-0.24488368884755196,ret_12m,main,136.4,full,1.0,2026-09-17
4708.0,,010594,广发睿选三年持有期混合,-0.24528868464583908,ret_12m,main,68.8,full,1.0,2026-09-17
4709.0,,016761,嘉合锦荣混合A,-0.2455097188269013,ret_12m,main,44.7,full,1.0,2026-09-17
4710.0,,002174,东方互联网嘉混合,-0.24594754136956198,ret_12m,main,125.4,full,1.0,2026-09-17
4711.0,,014589,招商成长先导股票A,-0.24600555519927936,ret_12m,main,49.9,full,1.0,2026-09-17
4712.0,,006113,汇添富创新医药混合A,-0.2461479353599001,ret_12m,main,97.3,full,1.0,2026-09-17
4713.0,,021631,兴银聚优智选混合发起A,-0.24631179470440556,ret_12m,main,27.0,short,1.0,2026-09-17
4714.0,,016350,招商碳中和主题混合A,-0.24645240624811482,ret_12m,main,47.7,full,1.0,2026-09-17
4715.0,,009564,汇安消费龙头混合A,-0.24646991468866908,ret_12m,main,73.2,full,1.0,2026-09-17
4716.0,,013871,招商能源转型混合A,-0.24652857321506128,ret_12m,main,55.3,full,1.0,2026-09-17
4717.0,,008099,广发价值领先混合A,-0.24657915575295963,ret_12m,main,76.4,full,1.0,2026-09-17
4718.0,,011288,上银医疗健康混合A,-0.24661551967540696,ret_12m,main,65.6,full,1.0,2026-09-17
4719.0,,501209,银华富久食品饮料精选混合(LOF)A,-0.24672505790826504,ret_12m,main,60.5,full,1.0,2026-09-17
4720.0,,015287,永赢优质生活混合A,-0.24697944249843695,ret_12m,main,48.8,full,1.0,2026-09-17
4721.0,,002598,平安消费精选混合A,-0.24709366191636495,ret_12m,main,123.3,full,1.0,2026-09-17
4722.0,,001518,万家瑞兴灵活配置混合A,-0.24725669704875108,ret_12m,main,133.8,full,1.0,2026-09-17
4723.0,,005067,融通逆向策略灵活配置混合A,-0.2476477126110329,ret_12m,main,103.2,full,1.0,2026-09-17
4724.0,,002967,浙商大数据智选消费混合A,-0.2482268239185833,ret_12m,main,116.2,full,1.0,2026-09-17
4725.0,,022286,长城医药产业精选混合发起式A,-0.2485522912151058,ret_12m,main,22.8,short,1.0,2026-09-17
4726.0,,001271,英大灵活配置混合型发起式B,-0.24857922244941333,ret_12m,main,136.4,full,1.0,2026-09-17
4727.0,,007861,金元顺安医疗健康混合A,-0.24880422363074073,ret_12m,main,61.6,full,1.0,2026-09-17
4728.0,,398041,中海量化策略混合,-0.2491089401191271,ret_12m,main,206.8,full,1.0,2026-09-17
4729.0,,010104,景顺长城消费精选混合A,-0.25018128940945383,ret_12m,main,71.8,full,1.0,2026-09-17
4730.0,,001830,融通跨界成长灵活配置混合A,-0.25049549261032567,ret_12m,main,131.6,full,1.0,2026-09-17
4731.0,,001643,汇丰晋信智造先锋股票A,-0.25097830171470603,ret_12m,main,131.6,full,1.0,2026-09-17
4732.0,,200008,长城品牌优选混合A,-0.25104436044095835,ret_12m,main,229.4,full,1.0,2026-09-17
4733.0,,012557,中欧景气前瞻一年混合A,-0.25234219134942315,ret_12m,main,61.1,full,1.0,2026-09-17
4734.0,,013289,工银食品饮料混合A,-0.25253789693289486,ret_12m,main,58.8,full,1.0,2026-09-17
4735.0,,011826,汇添富健康生活一年持有混合A,-0.2530592467525401,ret_12m,main,65.8,full,1.0,2026-09-17
4736.0,,006223,交银创新成长混合,-0.25411326031908466,ret_12m,main,95.7,full,1.0,2026-09-17
4737.0,,007590,华宝绿色领先股票A,-0.25450987007914316,ret_12m,main,84.0,full,1.0,2026-09-17
4738.0,,001900,诺安精选价值混合A,-0.2547865106084175,ret_12m,main,90.6,full,1.0,2026-09-17
4739.0,,001540,浙商汇金转型驱动,-0.25551089897199564,ret_12m,main,133.7,full,1.0,2026-09-17
4740.0,,015838,广发招利混合A,-0.2559374471247493,ret_12m,main,47.9,full,1.0,2026-09-17
4741.0,,011153,华宝新兴消费混合A,-0.2560019216636664,ret_12m,main,66.0,full,1.0,2026-09-17
4742.0,,005827,易方达蓝筹精选混合,-0.25615486759339945,ret_12m,main,96.4,full,1.0,2026-09-17
4743.0,,013836,博时时代消费混合A,-0.25737505306585473,ret_12m,main,56.9,full,1.0,2026-09-17
4744.0,,004189,华商消费行业股票,-0.25748912492798703,ret_12m,main,114.1,full,1.0,2026-09-17
4745.0,,024379,平安港股通医疗创新精选混合A,-0.25810524810361235,ret_12m,main,15.2,short,1.0,2026-09-17
4746.0,,009954,华银优选成长股票,-0.2586232536004792,ret_12m,main,71.7,full,1.0,2026-09-17
4747.0,,003230,创金合信医疗保健股票A,-0.25863313383373276,ret_12m,main,120.6,full,1.0,2026-09-17
4748.0,,012390,中欧产业前瞻混合A,-0.2591948757663751,ret_12m,main,63.0,full,1.0,2026-09-17
4749.0,,015034,泰信优势领航混合A,-0.25919846331763274,ret_12m,main,48.3,full,1.0,2026-09-17
4750.0,,540008,汇丰晋信低碳先锋股票A,-0.26011912331440956,ret_12m,main,195.3,full,1.0,2026-09-17
4751.0,,481013,工银消费服务混合A,-0.26078568129431345,ret_12m,main,184.9,full,1.0,2026-09-17
4752.0,,004424,汇添富文体娱乐混合A,-0.26111388262954505,ret_12m,main,98.9,full,1.0,2026-09-17
4753.0,,017112,嘉实优享生活混合A,-0.26117503747051984,ret_12m,main,44.0,full,1.0,2026-09-17
4754.0,,006720,平安核心优势混合A,-0.261582294992737,ret_12m,main,91.6,full,1.0,2026-09-17
4755.0,,001193,中金消费升级股票A,-0.26260149766453733,ret_12m,main,134.8,full,1.0,2026-09-17
4756.0,,005104,富荣福康混合A,-0.26262091477131844,ret_12m,main,103.2,full,1.0,2026-09-17
4757.0,,510081,长盛动态精选混合,-0.2632175116582257,ret_12m,main,267.9,full,1.0,2026-09-17
4758.0,,016590,富国汽车智选混合A,-0.26462136205450437,ret_12m,main,47.6,full,1.0,2026-09-17
4759.0,,020458,平安医药精选股票A,-0.2650232433903411,ret_12m,main,27.0,short,1.0,2026-09-17
4760.0,,015032,国联医药消费混合A,-0.26542561174996093,ret_12m,main,54.3,full,1.0,2026-09-17
4761.0,,007082,平安高端制造混合A,-0.2666368936241643,ret_12m,main,88.8,full,1.0,2026-09-17
4762.0,,006477,中邮沪港深精选混合A,-0.2671970333889361,ret_12m,main,89.7,full,1.0,2026-09-17
4763.0,,012421,华夏优加生活混合A,-0.26757743293292413,ret_12m,main,59.8,full,1.0,2026-09-17
4764.0,,022446,前海开源周期精选混合A,-0.26783418622807276,ret_12m,main,19.8,short,1.0,2026-09-17
4765.0,,002938,中银证券健康产业混合,-0.26831602588332015,ret_12m,main,120.3,full,1.0,2026-09-17
4766.0,,021904,中银ESG主题混合发起A,-0.26872397493182576,ret_12m,main,22.6,short,1.0,2026-09-17
4767.0,,005228,汇添富港股通专注成长,-0.2692336366921907,ret_12m,main,106.2,full,1.0,2026-09-17
4768.0,,003190,创金合信消费主题股票A,-0.26960787673016806,ret_12m,main,120.8,full,1.0,2026-09-17
4769.0,,020287,永赢红利慧选混合发起A,-0.27001417186056076,ret_12m,main,31.3,short,1.0,2026-09-17
4770.0,,017000,格林港股通臻选混合A,-0.27018797916227333,ret_12m,main,28.8,short,1.0,2026-09-17
4771.0,,011355,华泰柏瑞港股通时代机遇混合A,-0.27029387460575893,ret_12m,main,64.4,full,1.0,2026-09-17
4772.0,,009852,银华品质消费股票A,-0.27033041376874156,ret_12m,main,70.2,full,1.0,2026-09-17
4773.0,,022852,中航优选领航混合发起A,-0.2714435515382294,ret_12m,main,20.8,short,1.0,2026-09-17
4774.0,,003032,平安医疗健康混合A,-0.27177044303022,ret_12m,main,105.8,full,1.0,2026-09-17
4775.0,,519915,富国消费主题混合A,-0.27229995721849576,ret_12m,main,141.2,full,1.0,2026-09-17
4776.0,,012690,广发消费领先混合A,-0.272534915765145,ret_12m,main,60.8,full,1.0,2026-09-17
4777.0,,022301,安信医药创新股票型发起A,-0.2728507845707755,ret_12m,main,23.1,short,1.0,2026-09-17
4778.0,,008188,前海开源稳健增长三年混合,-0.2728706936539438,ret_12m,main,78.0,full,1.0,2026-09-17
4779.0,,006775,前海开源优质成长混合,-0.27307055518082135,ret_12m,main,89.3,full,1.0,2026-09-17
4780.0,,022802,西部利得消费精选混合A,-0.27408297465447506,ret_12m,main,19.7,short,1.0,2026-09-17
4781.0,,012102,国寿安保低碳经济混合A,-0.27436443855293935,ret_12m,main,51.5,full,1.0,2026-09-17
4782.0,,002605,融通新消费灵活配置混合,-0.27487470640734746,ret_12m,main,123.7,full,1.0,2026-09-17
4783.0,,005620,中欧品质消费股票A,-0.27541851635828873,ret_12m,main,103.2,full,1.0,2026-09-17
4784.0,,006537,恒生前海港股通精选混合,-0.2759189464923163,ret_12m,main,84.0,full,1.0,2026-09-17
4785.0,,006216,前海开源价值成长混合A,-0.2763291933349934,ret_12m,main,95.9,full,1.0,2026-09-17
4786.0,,011578,汇丰晋信核心成长A,-0.276446768915928,ret_12m,main,63.8,full,1.0,2026-09-17
4787.0,,006881,华宝大健康混合A,-0.27746575675861673,ret_12m,main,89.7,full,1.0,2026-09-17
4788.0,,007393,上银未来生活灵活配置混合A,-0.27852752540123715,ret_12m,main,86.1,full,1.0,2026-09-17
4789.0,,005865,浦银量化多策略混合A,-0.2785517050440006,ret_12m,main,96.4,full,1.0,2026-09-17
4790.0,,540003,汇丰晋信动态策略混合A,-0.2790293019857898,ret_12m,main,233.3,full,1.0,2026-09-17
4791.0,,024735,永赢港股通科技智选混合发起A,-0.2796966471573815,ret_12m,main,13.7,short,1.0,2026-09-17
4792.0,,010617,兴业消费精选混合A,-0.27970375894368793,ret_12m,main,69.0,full,1.0,2026-09-17
4793.0,,011969,建信港股通精选混合A,-0.2800040592072274,ret_12m,main,59.6,full,1.0,2026-09-17
4794.0,,009661,平安研究睿选混合A,-0.2800403744863905,ret_12m,main,74.0,full,1.0,2026-09-17
4795.0,,012582,交银品质增长一年混合A,-0.2806397749431614,ret_12m,main,61.8,full,1.0,2026-09-17
4796.0,,011121,广发兴诚混合A,-0.2809399776338515,ret_12m,main,68.3,full,1.0,2026-09-17
4797.0,,010454,交银内需增长一年持有混合,-0.2810446801606008,ret_12m,main,69.2,full,1.0,2026-09-17
4798.0,,016541,交银启衡混合A,-0.28143321418636136,ret_12m,main,45.6,full,1.0,2026-09-17
4799.0,,162717,广发成长新动能混合A,-0.2819344483367987,ret_12m,main,116.9,full,1.0,2026-09-17
4800.0,,006604,嘉实消费精选股票A,-0.28242688271231053,ret_12m,main,89.5,full,1.0,2026-09-17
4801.0,,012358,汇丰晋信医疗先锋混合A,-0.2824961088037836,ret_12m,main,62.2,full,1.0,2026-09-17
4802.0,,012971,东吴消费成长混合A,-0.2827450173528431,ret_12m,main,60.1,full,1.0,2026-09-17
4803.0,,014957,华富消费成长股票A,-0.2837819481984274,ret_12m,main,49.9,full,1.0,2026-09-17
4804.0,,024737,永赢新材料智选混合发起A,-0.2840091017306011,ret_12m,main,13.7,short,1.0,2026-09-17
4805.0,,010483,交银启道混合,-0.2841247841316835,ret_12m,main,67.6,full,1.0,2026-09-17
4806.0,,398061,中海消费混合A,-0.2842602820528378,ret_12m,main,178.3,full,1.0,2026-09-17
4807.0,,014794,富国远见优选混合A,-0.2842633432079593,ret_12m,main,55.0,full,1.0,2026-09-17
4808.0,,008424,国联品牌优选混合A,-0.28498251539168196,ret_12m,main,76.1,full,1.0,2026-09-17
4809.0,,006526,鹏华优选回报混合A,-0.2855543712432591,ret_12m,main,92.1,full,1.0,2026-09-17
4810.0,,006781,汇丰晋信港股通精选股票,-0.2855796995805384,ret_12m,main,90.0,full,1.0,2026-09-17
4811.0,,006652,富国金融地产行业混合A,-0.2858132802247334,ret_12m,main,92.7,full,1.0,2026-09-17
4812.0,,011287,前海开源聚慧三年持有混合,-0.2859074039698585,ret_12m,main,66.3,full,1.0,2026-09-17
4813.0,,540002,汇丰晋信龙腾混合A,-0.2865579770030945,ret_12m,main,239.7,full,1.0,2026-09-17
4814.0,,002303,金鹰智慧生活混合A,-0.2869828124288859,ret_12m,main,125.8,full,1.0,2026-09-17
4815.0,,025017,华富医疗创新混合发起式A,-0.2879583400881274,ret_12m,main,13.1,short,0.9763,2026-09-17
4816.0,,010701,恒越内需驱动混合A,-0.2880446736822646,ret_12m,main,68.4,full,1.0,2026-09-17
4817.0,,006926,长城量化精选股票A,-0.2887428901694358,ret_12m,main,87.7,full,1.0,2026-09-17
4818.0,,002443,前海开源沪港深龙头精选混合A,-0.28924728599637195,ret_12m,main,122.4,full,1.0,2026-09-17
4819.0,,519150,新华优选消费混合,-0.29019150268821803,ret_12m,main,171.1,full,1.0,2026-09-17
4820.0,,008180,同泰慧利混合A,-0.29063008600413787,ret_12m,main,74.5,full,1.0,2026-09-17
4821.0,,003684,汇安丰融混合A,-0.29300109194910584,ret_12m,main,116.8,full,1.0,2026-09-17
4822.0,,310388,申万菱信消费增长混合A,-0.29305035313732164,ret_12m,main,207.2,full,1.0,2026-09-17
4823.0,,013348,创金合信大健康混合A,-0.29712087434181833,ret_12m,main,55.7,full,1.0,2026-09-17
4824.0,,004549,富安达消费主题混合,-0.3009878544283813,ret_12m,main,109.5,full,1.0,2026-09-17
4825.0,,011673,长城医药科技六个月持有混合A,-0.30168763401497456,ret_12m,main,63.3,full,1.0,2026-09-17
4826.0,,011917,山证资管品质生活混合A,-0.3017356205987003,ret_12m,main,63.7,full,1.0,2026-09-17
4827.0,,009265,易方达消费精选股票,-0.3022313477910328,ret_12m,main,77.1,full,1.0,2026-09-17
4828.0,,012255,富国高质量混合,-0.30226824782952955,ret_12m,main,63.0,full,1.0,2026-09-17
4829.0,,020142,路博迈中国医疗健康股票发起A,-0.3028603556855879,ret_12m,main,32.7,short,1.0,2026-09-17
4830.0,,006179,富国品质生活混合A,-0.30324511127338616,ret_12m,main,90.0,full,1.0,2026-09-17
4831.0,,008901,富国内需增长混合A,-0.30403842678611537,ret_12m,main,77.7,full,1.0,2026-09-17
4832.0,,013037,长城大健康混合A,-0.3070396022805155,ret_12m,main,56.9,full,1.0,2026-09-17
4833.0,,013356,大摩沪港深精选混合A,-0.3080224489631269,ret_12m,main,57.8,full,1.0,2026-09-17
4834.0,,011275,交银成长动力一年持有混合A,-0.30840102635744127,ret_12m,main,63.2,full,1.0,2026-09-17
4835.0,,011099,富国价值创造混合A,-0.3097136707581597,ret_12m,main,68.1,full,1.0,2026-09-17
4836.0,,004926,中航军民融合精选A,-0.30979435337984196,ret_12m,main,103.2,full,1.0,2026-09-17
4837.0,,020140,国寿安保品质消费股票发起式A,-0.3105499251667355,ret_12m,main,33.3,short,1.0,2026-09-17
4838.0,,009476,建信食品饮料行业股票A,-0.31091002957453173,ret_12m,main,72.7,full,1.0,2026-09-17
4839.0,,011013,长城消费30股票A,-0.31130212372243127,ret_12m,main,64.2,full,1.0,2026-09-17
4840.0,,009542,银华富利精选混合A,-0.3129662803419362,ret_12m,main,73.1,full,1.0,2026-09-17
4841.0,,010143,交银施罗德启欣混合,-0.31579775984173963,ret_12m,main,70.6,full,1.0,2026-09-17
4842.0,,005255,浦银港股通量化混合A,-0.3159532084472296,ret_12m,main,103.8,full,1.0,2026-09-17
4843.0,,019126,华泰柏瑞港股通医疗精选混合发起式A,-0.3161146561715542,ret_12m,main,15.0,short,1.0,2026-09-17
4844.0,,014917,汇丰晋信时代先锋混合A,-0.3162066611863983,ret_12m,main,51.3,full,1.0,2026-09-17
4845.0,,024357,东方阿尔法健康产业混合发起A,-0.3164984161449026,ret_12m,main,15.2,short,1.0,2026-09-17
4846.0,,010054,万家健康产业混合A,-0.31652409855311725,ret_12m,main,71.6,full,1.0,2026-09-17
4847.0,,020397,中银港股通医药混合发起A,-0.31655101497364857,ret_12m,main,32.6,short,1.0,2026-09-17
4848.0,,008234,光大消费主题股票A,-0.31724204709396553,ret_12m,main,76.8,full,1.0,2026-09-17
4849.0,,023560,富达创新驱动混合发起A,-0.3175457953748424,ret_12m,main,17.8,short,1.0,2026-09-17
4850.0,,580005,东吴进取策略混合A,-0.3176499668025453,ret_12m,main,208.4,full,1.0,2026-09-17
4851.0,,013293,长城健康消费混合A,-0.3213414136069047,ret_12m,main,57.7,full,1.0,2026-09-17
4852.0,,012506,东方品质消费一年持有期混合A,-0.3216218220727739,ret_12m,main,62.3,full,1.0,2026-09-17
4853.0,,014074,嘉实内需精选混合A,-0.32230127607786485,ret_12m,main,56.3,full,1.0,2026-09-17
4854.0,,024023,申万菱信行业精选混合A,-0.32422432920846256,ret_12m,main,15.5,short,1.0,2026-09-17
4855.0,,009162,富国医药成长30股票A,-0.32515178996607197,ret_12m,main,77.3,full,1.0,2026-09-17
4856.0,,009983,永赢港股通品质生活慧选混合A,-0.3272127405238151,ret_12m,main,71.6,full,1.0,2026-09-17
4857.0,,009940,格林稳健价值混合A,-0.32879166258549264,ret_12m,main,70.9,full,1.0,2026-09-17
4858.0,,016847,中欧高端装备股票发起A,-0.3304277330616311,ret_12m,main,46.1,full,1.0,2026-09-17
4859.0,,022081,景顺长城医疗产业股票A,-0.33270455462202675,ret_12m,main,19.7,short,1.0,2026-09-17
4860.0,,011924,嘉实港股互联网产业核心资产A,-0.3331421937427025,ret_12m,main,61.0,full,1.0,2026-09-17
4861.0,,018045,东方创新医疗股票A,-0.3337488699637856,ret_12m,main,40.3,full,1.0,2026-09-17
4862.0,,024388,中航智选领航混合发起A,-0.3347327503518843,ret_12m,main,15.1,short,1.0,2026-09-17
4863.0,,000976,长城新兴产业混合A,-0.3355025963047278,ret_12m,main,139.0,full,1.0,2026-09-17
4864.0,,007518,东方阿尔法优选混合A,-0.3374784593136143,ret_12m,main,84.2,full,1.0,2026-09-17
4865.0,,014423,汇丰晋信研究精选混合,-0.3396845338272453,ret_12m,main,55.9,full,1.0,2026-09-17
4866.0,,023899,富达港股通精选混合发起A,-0.3432803062725701,ret_12m,main,14.6,short,1.0,2026-09-17
4867.0,,007965,民生加银品质消费股票A,-0.34461609320983044,ret_12m,main,76.8,full,1.0,2026-09-17
4868.0,,018362,东方阿尔法瑞丰混合发起A,-0.34535707178172714,ret_12m,main,40.2,full,1.0,2026-09-17
4869.0,,011876,景顺长城医疗健康混合A,-0.34893260766838163,ret_12m,main,61.0,full,1.0,2026-09-17
4870.0,,580003,东吴行业轮动混合A,-0.349154532492568,ret_12m,main,220.8,full,1.0,2026-09-17
4871.0,,010715,财通资管消费升级一年持有A,-0.35407148583203807,ret_12m,main,61.9,full,1.0,2026-09-17
4872.0,,017962,广发医药创新混合发起式A,-0.35571581201650726,ret_12m,main,37.3,full,1.0,2026-09-17
4873.0,,005433,申万菱信医药先锋股票A,-0.35629231284529317,ret_12m,main,70.0,full,1.0,2026-09-17
4874.0,,025172,德邦医疗创新混合发起式A,-0.3567524858713349,ret_12m,main,12.7,short,1.0,2026-09-17
4875.0,,021450,富国医疗产业混合发起式A,-0.3583524243646068,ret_12m,main,27.9,short,1.0,2026-09-17
4876.0,,023753,永赢信息产业智选混合发起A,-0.3583980367335492,ret_12m,main,17.7,short,1.0,2026-09-17
4877.0,,018248,中欧致和混合A,-0.3585446451855474,ret_12m,main,39.9,full,1.0,2026-09-17
4878.0,,012210,申万菱信智能汽车股票A,-0.3619096887776988,ret_12m,main,62.9,full,1.0,2026-09-17
4879.0,,001563,华富健康文娱灵活配置混合A,-0.3625415165492113,ret_12m,main,133.5,full,1.0,2026-09-17
4880.0,,290004,泰信优质生活混合,-0.3700789464283225,ret_12m,main,237.1,full,1.0,2026-09-17
4881.0,,008840,德邦大消费混合A,-0.3711743883401222,ret_12m,main,75.0,full,1.0,2026-09-17
4882.0,,290012,泰信行业精选混合A,-0.37223221290551534,ret_12m,main,174.8,full,1.0,2026-09-17
4883.0,,519606,国泰金鑫股票A,-0.3741931459282096,ret_12m,main,142.8,full,1.0,2026-09-17
4884.0,,020026,国泰成长优选混合,-0.3751826925241696,ret_12m,main,173.9,full,1.0,2026-09-17
4885.0,,004634,前海联合泳涛混合A,-0.3782893616698545,ret_12m,main,111.3,full,1.0,2026-09-17
4886.0,,015630,申万菱信乐融一年持有混合A,-0.3830275964383316,ret_12m,main,51.0,full,1.0,2026-09-17
4887.0,,006181,格林伯锐灵活配置A,-0.38459674238044417,ret_12m,main,94.0,full,1.0,2026-09-17
4888.0,,019394,浦银策略优选混合A,-0.39163708447204404,ret_12m,main,33.0,short,1.0,2026-09-17
4889.0,,006235,东方城镇消费主题混合A,-0.3964636243847941,ret_12m,main,87.7,full,1.0,2026-09-17
4890.0,,018438,财通资管品质消费混合发起式A,-0.40916456112302224,ret_12m,main,40.2,full,1.0,2026-09-17
4891.0,,011188,信澳星奕混合A,-0.4148186357359763,ret_12m,main,67.8,full,1.0,2026-09-17
4892.0,,015150,恒越匠心优选一年持有混合A,-0.4228119482790125,ret_12m,main,45.8,full,1.0,2026-09-17
4893.0,,007770,同泰开泰混合A,-0.4239324014110677,ret_12m,main,84.7,full,1.0,2026-09-17
4894.0,,001978,泰信互联网+主题混合A,-0.4244621259260043,ret_12m,main,123.3,full,1.0,2026-09-17
4895.0,,010282,中信建投智享生活混合A,-0.43276820949693573,ret_12m,main,70.4,full,1.0,2026-09-17
4896.0,,006364,招商丰韵混合A,-0.43559773880837227,ret_12m,main,90.0,full,1.0,2026-09-17
4897.0,,011002,同泰大健康主题混合A,-0.5020747001170356,ret_12m,main,65.3,full,1.0,2026-09-17
4898.0,,008050,同泰慧择混合A,-0.5222020037122985,ret_12m,main,81.9,full,1.0,2026-09-17
