fund_code,rank,score,as_of,confidence
002910,1.0,1.6013808030861665,2026-09-30,main
021179,2.0,1.5151841522987315,2026-09-30,main
005844,3.0,1.4332837070590476,2026-09-30,main
013840,4.0,1.37935207212254,2026-09-30,main
004320,5.0,1.3404440095602077,2026-09-30,main
025208,6.0,1.2632374924617786,2026-09-30,main
005119,7.0,1.2007380082553127,2026-09-30,main
481015,8.0,1.1885185538238114,2026-09-30,main
005825,9.0,1.1840265478445455,2026-09-30,main
001411,10.0,1.1650551070454949,2026-09-30,main
007490,11.0,1.1613548473390083,2026-09-30,main
024459,12.0,1.1250244705249322,2026-09-30,main
001198,13.0,1.089140865383322,2026-09-30,main
011369,14.0,1.0788508655165168,2026-09-30,main
110005,15.0,1.061698143034306,2026-09-30,main
162214,16.0,1.0527079714499323,2026-09-30,main
001480,17.0,1.0419836499155433,2026-09-30,main
018358,18.0,1.038690961048903,2026-09-30,main
014736,19.0,1.037984450377325,2026-09-30,main
002289,20.0,1.025313723365163,2026-09-30,main
006502,21.0,0.9894441160675198,2026-09-30,main
630001,22.0,0.9792658203728116,2026-09-30,main
005628,23.0,0.9728670150197593,2026-09-30,main
013107,24.0,0.9626509268236484,2026-09-30,main
720001,25.0,0.9332977893235472,2026-09-30,main
001184,26.0,0.930269838518336,2026-09-30,main
023313,27.0,0.9260145035611344,2026-09-30,main
011891,28.0,0.9190147782294,2026-09-30,main
010115,29.0,0.8944570615571088,2026-09-30,main
001437,30.0,0.8942722624396628,2026-09-30,main
001723,31.0,0.8920917832479265,2026-09-30,main
006976,32.0,0.8832067626264888,2026-09-30,main
001170,33.0,0.8722992390143227,2026-09-30,main
013296,34.0,0.8607980086647926,2026-09-30,main
020469,35.0,0.852346946033063,2026-09-30,main
021626,36.0,0.8494691439464301,2026-09-30,main
016500,37.0,0.8460293429679635,2026-09-30,main
001741,38.0,0.8427397890511761,2026-09-30,main
002125,39.0,0.8399617129436203,2026-09-30,main
008528,40.0,0.8293221451641126,2026-09-30,main
011488,41.0,0.8285194263742095,2026-09-30,main
019829,42.0,0.8250529911832425,2026-09-30,main
005903,43.0,0.8149711577736314,2026-09-30,main
002376,44.0,0.814740964346168,2026-09-30,main
501026,45.0,0.8127763281154414,2026-09-30,main
519773,46.0,0.808296446641827,2026-09-30,main
310358,47.0,0.8018023304484465,2026-09-30,main
010415,48.0,0.7994619932049665,2026-09-30,main
018776,49.0,0.7947655827009579,2026-09-30,main
519770,50.0,0.7921708576688855,2026-09-30,main
001715,51.0,0.7916712686490928,2026-09-30,main
001040,52.0,0.7908152391272678,2026-09-30,main
540010,53.0,0.7903279590784924,2026-09-30,main
162201,54.0,0.7887693612445206,2026-09-30,main
010335,55.0,0.7846075967415254,2026-09-30,main
007872,56.0,0.7842312046152071,2026-09-30,main
007639,57.0,0.7835733152514295,2026-09-30,main
519158,58.0,0.7816283559748078,2026-09-30,main
010389,59.0,0.7785221148558872,2026-09-30,main
018815,60.0,0.7711724834897873,2026-09-30,main
011377,61.0,0.7704055394976308,2026-09-30,main
008734,62.0,0.7697386933477606,2026-09-30,main
001753,63.0,0.7670561530870925,2026-09-30,main
020775,64.0,0.7577908777894824,2026-09-30,main
024592,65.0,0.7577222374643422,2026-09-30,main
016370,66.0,0.7574478038276995,2026-09-30,main
519087,67.0,0.753787374786423,2026-09-30,main
020018,68.0,0.7524656480081648,2026-09-30,main
001154,69.0,0.751706352517503,2026-09-30,main
160220,70.0,0.7505502246886857,2026-09-30,main
000017,71.0,0.7346815729691316,2026-09-30,main
002256,72.0,0.7341370419493181,2026-09-30,main
005819,73.0,0.7327083625949633,2026-09-30,main
024423,74.0,0.730538893091722,2026-09-30,main
007349,75.0,0.7282818531237207,2026-09-30,main
200012,76.0,0.7242797117322723,2026-09-30,main
006265,77.0,0.7218337431807846,2026-09-30,main
460007,78.0,0.7199328062270225,2026-09-30,main
001060,79.0,0.7163198467478571,2026-09-30,main
009707,80.0,0.7149869784626823,2026-09-30,main
000742,81.0,0.7148878161243986,2026-09-30,main
021937,82.0,0.7141596769664149,2026-09-30,main
007343,83.0,0.7086625397818478,2026-09-30,main
001877,84.0,0.7064782405502892,2026-09-30,main
002692,85.0,0.705979496816185,2026-09-30,main
008555,86.0,0.7052361898694175,2026-09-30,main
001759,87.0,0.6940108991145284,2026-09-30,main
010912,88.0,0.682999373407954,2026-09-30,main
006025,89.0,0.6818633913616345,2026-09-30,main
012456,90.0,0.6748351727840893,2026-09-30,main
001856,91.0,0.6728651547416626,2026-09-30,main
010622,92.0,0.671584796392606,2026-09-30,main
168002,93.0,0.6674273425465784,2026-09-30,main
000390,94.0,0.6647952635430887,2026-09-30,main
013389,95.0,0.6639021289642244,2026-09-30,main
016873,96.0,0.6604419815201017,2026-09-30,main
003659,97.0,0.6599320053278477,2026-09-30,main
011599,98.0,0.6585722190753862,2026-09-30,main
001105,99.0,0.6579947121557308,2026-09-30,main
013383,100.0,0.6578407541805871,2026-09-30,main
000411,101.0,0.6458620714250052,2026-09-30,main
501201,102.0,0.6418592124111901,2026-09-30,main
160324,103.0,0.6389735326641814,2026-09-30,main
180031,104.0,0.637595360831474,2026-09-30,main
015967,105.0,0.6348805464778497,2026-09-30,main
021593,106.0,0.6347298750979493,2026-09-30,main
017102,107.0,0.634597675833857,2026-09-30,main
010391,108.0,0.6317508339246292,2026-09-30,main
481010,109.0,0.6280031566941542,2026-09-30,main
009855,110.0,0.6274162982527731,2026-09-30,main
009402,111.0,0.6254392545226666,2026-09-30,main
005875,112.0,0.62397897511531,2026-09-30,main
009085,113.0,0.6221369857385997,2026-09-30,main
202027,114.0,0.6194161710513166,2026-09-30,main
020553,115.0,0.6194115695777678,2026-09-30,main
013721,116.0,0.6173707309079344,2026-09-30,main
013238,117.0,0.6147139830823547,2026-09-30,main
006081,118.0,0.6144291790965837,2026-09-30,main
008988,119.0,0.6141591676954639,2026-09-30,main
673141,120.0,0.6123786944318703,2026-09-30,main
009993,121.0,0.6120895647253812,2026-09-30,main
016372,122.0,0.6118724246008564,2026-09-30,main
002272,123.0,0.6111511089118455,2026-09-30,main
257070,124.0,0.6105626201602747,2026-09-30,main
168401,125.0,0.6098436964361371,2026-09-30,main
018287,126.0,0.6096800948496774,2026-09-30,main
003234,127.0,0.6090610017675235,2026-09-30,main
018325,128.0,0.6082102630105957,2026-09-30,main
012696,129.0,0.607150857905439,2026-09-30,main
001036,130.0,0.6061487071517151,2026-09-30,main
017744,131.0,0.6027428175112433,2026-09-30,main
007305,132.0,0.5927921541920143,2026-09-30,main
001144,133.0,0.5894384698836299,2026-09-30,main
001470,134.0,0.5874733436001938,2026-09-30,main
024433,135.0,0.5866612939665266,2026-09-30,main
012301,136.0,0.5806445250709502,2026-09-30,main
022364,137.0,0.578831368853457,2026-09-30,main
008602,138.0,0.5783863135862619,2026-09-30,main
005550,139.0,0.5782454541619864,2026-09-30,main
016305,140.0,0.5781237899492297,2026-09-30,main
110015,141.0,0.5772677292017978,2026-09-30,main
009062,142.0,0.575730214204524,2026-09-30,main
009055,143.0,0.5719111191317321,2026-09-30,main
530019,144.0,0.5709264117506452,2026-09-30,main
011899,145.0,0.5707870588137087,2026-09-30,main
019226,146.0,0.5707567937065752,2026-09-30,main
001613,147.0,0.5698075624269576,2026-09-30,main
021792,148.0,0.5686271308533499,2026-09-30,main
000805,149.0,0.5685681828693765,2026-09-30,main
501079,150.0,0.5642516955953705,2026-09-30,main
007685,151.0,0.5640600225476313,2026-09-30,main
020722,152.0,0.5639576844178682,2026-09-30,main
014299,153.0,0.5638833997939916,2026-09-30,main
010363,154.0,0.563610635635263,2026-09-30,main
001416,155.0,0.5633632479641499,2026-09-30,main
519172,156.0,0.5617565652802563,2026-09-30,main
013085,157.0,0.5615407263680208,2026-09-30,main
020821,158.0,0.5610477196937054,2026-09-30,main
011111,159.0,0.5589243320870503,2026-09-30,main
006887,160.0,0.556936689512515,2026-09-30,main
020408,161.0,0.5550612182652488,2026-09-30,main
161606,162.0,0.5543391632199366,2026-09-30,main
020661,163.0,0.554037074291255,2026-09-30,main
001513,164.0,0.5539668198530026,2026-09-30,main
013250,165.0,0.5538298364081766,2026-09-30,main
200015,166.0,0.5500997274683526,2026-09-30,main
018210,167.0,0.5497386002426459,2026-09-30,main
001048,168.0,0.5458379516721568,2026-09-30,main
000939,169.0,0.545640464786618,2026-09-30,main
001227,170.0,0.543091018328355,2026-09-30,main
519935,171.0,0.5429161706560712,2026-09-30,main
001702,172.0,0.5427612674763047,2026-09-30,main
013556,173.0,0.5418622369376298,2026-09-30,main
001956,174.0,0.5411214600330818,2026-09-30,main
006522,175.0,0.5371896482494976,2026-09-30,main
004352,176.0,0.5364081331192476,2026-09-30,main
011186,177.0,0.5352287443901964,2026-09-30,main
008382,178.0,0.5341625222783897,2026-09-30,main
008185,179.0,0.5338383192399998,2026-09-30,main
011822,180.0,0.5319096079135064,2026-09-30,main
001607,181.0,0.5314380238255603,2026-09-30,main
014007,182.0,0.5294976887592482,2026-09-30,main
010013,183.0,0.5294612817516884,2026-09-30,main
009049,184.0,0.5255885083436891,2026-09-30,main
018000,185.0,0.5253357873511797,2026-09-30,main
019759,186.0,0.5234141065134594,2026-09-30,main
000697,187.0,0.5230604387191109,2026-09-30,main
016772,188.0,0.5229877198473705,2026-09-30,main
013369,189.0,0.5202488924488711,2026-09-30,main
001475,190.0,0.5192020518823828,2026-09-30,main
017746,191.0,0.5182860239297253,2026-09-30,main
011300,192.0,0.5144937836623975,2026-09-30,main
001370,193.0,0.5132352544861489,2026-09-30,main
020476,194.0,0.5125713072941864,2026-09-30,main
013469,195.0,0.5120574700254765,2026-09-30,main
740001,196.0,0.5108285728969839,2026-09-30,main
005777,197.0,0.510748130028511,2026-09-30,main
010020,198.0,0.5089511779447062,2026-09-30,main
023397,199.0,0.5089218464999992,2026-09-30,main
008983,200.0,0.5083967929381561,2026-09-30,main
016237,201.0,0.5081995500814684,2026-09-30,main
006615,202.0,0.5079313900220475,2026-09-30,main
570008,203.0,0.5079266299284759,2026-09-30,main
019426,204.0,0.5075823056288846,2026-09-30,main
014319,205.0,0.5067709432783616,2026-09-30,main
022717,206.0,0.5066706376485901,2026-09-30,main
000166,207.0,0.5060602806338241,2026-09-30,main
025499,208.0,0.5057051521926998,2026-09-30,main
002772,209.0,0.5027937445357782,2026-09-30,main
040001,210.0,0.5011849151791905,2026-09-30,main
001404,211.0,0.5009751751838505,2026-09-30,main
040025,212.0,0.4998651432235981,2026-09-30,main
016653,213.0,0.4994158212021236,2026-09-30,main
003961,214.0,0.4971595906327346,2026-09-30,main
012466,215.0,0.4962960137772363,2026-09-30,main
014611,216.0,0.49609662371908,2026-09-30,main
001412,217.0,0.4959481671946912,2026-09-30,main
010371,218.0,0.4957895886290224,2026-09-30,main
019119,219.0,0.4940688679785021,2026-09-30,main
002707,220.0,0.4927835210409237,2026-09-30,main
001076,221.0,0.4924733575304632,2026-09-30,main
003857,222.0,0.4917353496241348,2026-09-30,main
002244,223.0,0.4898170120369358,2026-09-30,main
002861,224.0,0.4867392932035128,2026-09-30,main
009808,225.0,0.4821964579846598,2026-09-30,main
003586,226.0,0.4807316355424771,2026-09-30,main
015368,227.0,0.4802350353910867,2026-09-30,main
012816,228.0,0.4797910719887832,2026-09-30,main
017723,229.0,0.4790925640912618,2026-09-30,main
000823,230.0,0.478814585238432,2026-09-30,main
000688,231.0,0.4786456279680298,2026-09-30,main
012545,232.0,0.4785208529168536,2026-09-30,main
011399,233.0,0.4757902704755783,2026-09-30,main
110029,234.0,0.4749255727767243,2026-09-30,main
008919,235.0,0.4744565165891712,2026-09-30,main
959991,236.0,0.4733922530199543,2026-09-30,main
010198,237.0,0.4733351597310773,2026-09-30,main
006751,238.0,0.4732725367482882,2026-09-30,main
022995,239.0,0.4723215468008326,2026-09-30,main
016623,240.0,0.471314516196998,2026-09-30,main
014189,241.0,0.4702258869349127,2026-09-30,main
001267,242.0,0.4697432989047356,2026-09-30,main
024052,243.0,0.4695631975474943,2026-09-30,main
519212,244.0,0.4695581453651667,2026-09-30,main
350007,245.0,0.468814477520854,2026-09-30,main
501064,246.0,0.4680348748998193,2026-09-30,main
017488,247.0,0.4671705037275497,2026-09-30,main
009242,248.0,0.4670955194942701,2026-09-30,main
021382,249.0,0.4649048339840205,2026-09-30,main
003853,250.0,0.4630099331661497,2026-09-30,main
519698,251.0,0.461681629907819,2026-09-30,main
001194,252.0,0.4616585765893499,2026-09-30,main
110002,253.0,0.4612031603862081,2026-09-30,main
001808,254.0,0.4612010732975731,2026-09-30,main
001037,255.0,0.4609872197000235,2026-09-30,main
011817,256.0,0.4606794588234253,2026-09-30,main
112002,257.0,0.4606555796131089,2026-09-30,main
008633,258.0,0.4598588829642789,2026-09-30,main
001039,259.0,0.4583855282048947,2026-09-30,main
000541,260.0,0.4570215024988846,2026-09-30,main
009994,261.0,0.4546339544020157,2026-09-30,main
001396,262.0,0.4531313345953123,2026-09-30,main
017987,263.0,0.4518723089699852,2026-09-30,main
001959,264.0,0.4513502604885122,2026-09-30,main
501200,265.0,0.4508173387587266,2026-09-30,main
501015,266.0,0.4495440100345982,2026-09-30,main
005328,267.0,0.4493327938269849,2026-09-30,main
001672,268.0,0.4491948806396562,2026-09-30,main
002420,269.0,0.4490526376474675,2026-09-30,main
004374,270.0,0.4485449504531604,2026-09-30,main
001279,271.0,0.4482516189907224,2026-09-30,main
018244,272.0,0.4473671620375565,2026-09-30,main
001521,273.0,0.4468126244431281,2026-09-30,main
001188,274.0,0.4461793387630917,2026-09-30,main
050022,275.0,0.4458784387735819,2026-09-30,main
519644,276.0,0.4449734260340128,2026-09-30,main
018547,277.0,0.4436115240218321,2026-09-30,main
002450,278.0,0.4428377622431154,2026-09-30,main
005090,279.0,0.4428057513371348,2026-09-30,main
004818,280.0,0.4427281566712147,2026-09-30,main
010418,281.0,0.4417771508254924,2026-09-30,main
019765,282.0,0.4416105835530399,2026-09-30,main
022334,283.0,0.4407294617446395,2026-09-30,main
008635,284.0,0.439920144041042,2026-09-30,main
011665,285.0,0.4392842676593966,2026-09-30,main
610006,286.0,0.4388652690484547,2026-09-30,main
006533,287.0,0.438196099719335,2026-09-30,main
017828,288.0,0.4378724147361852,2026-09-30,main
009474,289.0,0.4371973219499743,2026-09-30,main
001387,290.0,0.4365400048107162,2026-09-30,main
016165,291.0,0.4362107542359612,2026-09-30,main
010557,292.0,0.4361331750445825,2026-09-30,main
012200,293.0,0.4350164852842153,2026-09-30,main
000603,294.0,0.4349092941182679,2026-09-30,main
005730,295.0,0.4347334822502962,2026-09-30,main
001072,296.0,0.4321064774629757,2026-09-30,main
018019,297.0,0.4316218530675479,2026-09-30,main
010135,298.0,0.431207408071224,2026-09-30,main
018554,299.0,0.4307472207279477,2026-09-30,main
013242,300.0,0.4299550652844859,2026-09-30,main
019374,301.0,0.4298634111577308,2026-09-30,main
006154,302.0,0.4294879525945461,2026-09-30,main
010237,303.0,0.42685147319766,2026-09-30,main
005310,304.0,0.4265801176796133,2026-09-30,main
006863,305.0,0.4257101225374506,2026-09-30,main
024450,306.0,0.424130229368673,2026-09-30,main
009234,307.0,0.4216641484452483,2026-09-30,main
016605,308.0,0.4212767626307829,2026-09-30,main
008657,309.0,0.4211576812640003,2026-09-30,main
519732,310.0,0.4201691536998728,2026-09-30,main
017737,311.0,0.4197805354665531,2026-09-30,main
018956,312.0,0.4193024708543718,2026-09-30,main
024469,313.0,0.4184833034157551,2026-09-30,main
014727,314.0,0.4165950206536106,2026-09-30,main
005851,315.0,0.4163197104974014,2026-09-30,main
501082,316.0,0.4160784530114587,2026-09-30,main
014185,317.0,0.4144006795512227,2026-09-30,main
009217,318.0,0.4142394967174094,2026-09-30,main
001239,319.0,0.4140344458315375,2026-09-30,main
005682,320.0,0.4137716909892606,2026-09-30,main
021510,321.0,0.4135725845544185,2026-09-30,main
002885,322.0,0.4130560591461567,2026-09-30,main
017234,323.0,0.413004723140947,2026-09-30,main
000845,324.0,0.4105330836710981,2026-09-30,main
320007,325.0,0.4104544538900261,2026-09-30,main
013842,326.0,0.41027647851019,2026-09-30,main
000960,327.0,0.409606349706616,2026-09-30,main
006128,328.0,0.4086710774256326,2026-09-30,main
014036,329.0,0.4077908778655343,2026-09-30,main
481001,330.0,0.4077861229534134,2026-09-30,main
004833,331.0,0.4077248034597327,2026-09-30,main
014647,332.0,0.4075279142024322,2026-09-30,main
001664,333.0,0.405376659375197,2026-09-30,main
024439,334.0,0.4045878103260338,2026-09-30,main
506001,335.0,0.403769783813108,2026-09-30,main
014191,336.0,0.4037178090966802,2026-09-30,main
001892,337.0,0.4024043661347918,2026-09-30,main
001070,338.0,0.4016962666835491,2026-09-30,main
014416,339.0,0.4003795099676341,2026-09-30,main
008251,340.0,0.3997479292513848,2026-09-30,main
017794,341.0,0.399613275831731,2026-09-30,main
017876,342.0,0.3987624727417784,2026-09-30,main
021875,343.0,0.3987388767702846,2026-09-30,main
001075,344.0,0.3959537403591642,2026-09-30,main
015229,345.0,0.3930216700651596,2026-09-30,main
024717,346.0,0.3916290789365393,2026-09-30,main
002292,347.0,0.3909322904833683,2026-09-30,main
009892,348.0,0.3904107539769377,2026-09-30,main
002980,349.0,0.3903170243061427,2026-09-30,main
360016,350.0,0.3882673507022602,2026-09-30,main
519025,351.0,0.3880262314649729,2026-09-30,main
501085,352.0,0.3875620005751639,2026-09-30,main
000969,353.0,0.3872035656387413,2026-09-30,main
162703,354.0,0.3871207835051855,2026-09-30,main
008507,355.0,0.3851940510226852,2026-09-30,main
013855,356.0,0.3834734870383227,2026-09-30,main
015096,357.0,0.3824672775890418,2026-09-30,main
012846,358.0,0.3810358862565455,2026-09-30,main
167002,359.0,0.3794865352546301,2026-09-30,main
017878,360.0,0.379317437249139,2026-09-30,main
519191,361.0,0.3789534592278711,2026-09-30,main
009025,362.0,0.3789232086858847,2026-09-30,main
002229,363.0,0.3785594869570978,2026-09-30,main
110012,364.0,0.3785392505603846,2026-09-30,main
017602,365.0,0.3767803397443596,2026-09-30,main
006100,366.0,0.3766495212936809,2026-09-30,main
018835,367.0,0.3754681638986086,2026-09-30,main
008082,368.0,0.3751730480537005,2026-09-30,main
019003,369.0,0.3746927532336848,2026-09-30,main
012082,370.0,0.3739893406545882,2026-09-30,main
009913,371.0,0.3734613414880099,2026-09-30,main
519185,372.0,0.373227852464183,2026-09-30,main
009511,373.0,0.3718072822979161,2026-09-30,main
014254,374.0,0.3711995080865464,2026-09-30,main
011351,375.0,0.371159977575964,2026-09-30,main
022754,376.0,0.3709853859243497,2026-09-30,main
012608,377.0,0.3703547310512887,2026-09-30,main
005726,378.0,0.3703174417433352,2026-09-30,main
000598,379.0,0.3693898711332226,2026-09-30,main
015980,380.0,0.3686961221570626,2026-09-30,main
009048,381.0,0.3683001071443252,2026-09-30,main
506000,382.0,0.3677422087624475,2026-09-30,main
004450,383.0,0.3675245711871577,2026-09-30,main
501073,384.0,0.3670684101342001,2026-09-30,main
018442,385.0,0.3662224932268485,2026-09-30,main
160215,386.0,0.3656345439305575,2026-09-30,main
023451,387.0,0.3654434292098247,2026-09-30,main
010155,388.0,0.3653854811570882,2026-09-30,main
000404,389.0,0.3650873034646251,2026-09-30,main
009899,390.0,0.3639110265393688,2026-09-30,main
018876,391.0,0.3615531530299507,2026-09-30,main
952004,392.0,0.3612010185059731,2026-09-30,main
006868,393.0,0.3611950561511667,2026-09-30,main
519089,394.0,0.3611605739760282,2026-09-30,main
501075,395.0,0.3607062416295168,2026-09-30,main
023915,396.0,0.3603538768470158,2026-09-30,main
000354,397.0,0.3599869299129572,2026-09-30,main
008962,398.0,0.3596796889011135,2026-09-30,main
001869,399.0,0.3590674963917355,2026-09-30,main
519091,400.0,0.3588343141974124,2026-09-30,main
002251,401.0,0.3582018126679358,2026-09-30,main
009023,402.0,0.3562516996257545,2026-09-30,main
000522,403.0,0.3548178724097046,2026-09-30,main
014472,404.0,0.3544804670433861,2026-09-30,main
001479,405.0,0.3532597698178743,2026-09-30,main
000308,406.0,0.3516504787783554,2026-09-30,main
001410,407.0,0.3506124623419888,2026-09-30,main
005136,408.0,0.3501963296444572,2026-09-30,main
213008,409.0,0.3497984714172244,2026-09-30,main
010550,410.0,0.3493664138883829,2026-09-30,main
001701,411.0,0.3487624664312803,2026-09-30,main
022416,412.0,0.3476058580171073,2026-09-30,main
673050,413.0,0.3472696427274599,2026-09-30,main
110013,414.0,0.3463609650017802,2026-09-30,main
004640,415.0,0.3461969088686614,2026-09-30,main
020755,416.0,0.3458397922697314,2026-09-30,main
019888,417.0,0.3457622175492041,2026-09-30,main
002770,418.0,0.3456396639746948,2026-09-30,main
110025,419.0,0.3449649016796767,2026-09-30,main
011373,420.0,0.3439476470524656,2026-09-30,main
002152,421.0,0.3436040297418528,2026-09-30,main
001018,422.0,0.3428024745405751,2026-09-30,main
240011,423.0,0.3427677257653969,2026-09-30,main
017086,424.0,0.3425903133485883,2026-09-30,main
019219,425.0,0.3424017995418313,2026-09-30,main
024804,426.0,0.3414594034910154,2026-09-30,main
008980,427.0,0.3413939446601137,2026-09-30,main
005967,428.0,0.3405040095349718,2026-09-30,main
021145,429.0,0.3401910419713201,2026-09-30,main
017848,430.0,0.3396078877494168,2026-09-30,main
001678,431.0,0.3391510618741746,2026-09-30,main
001749,432.0,0.3391069709674128,2026-09-30,main
006009,433.0,0.339065507466868,2026-09-30,main
160642,434.0,0.3389579075952142,2026-09-30,main
002563,435.0,0.3387356417382816,2026-09-30,main
007277,436.0,0.3357954604498638,2026-09-30,main
005914,437.0,0.3355571001439377,2026-09-30,main
019824,438.0,0.3354749113684576,2026-09-30,main
001112,439.0,0.3352392752573527,2026-09-30,main
009318,440.0,0.3351873611079923,2026-09-30,main
002482,441.0,0.3349429593490569,2026-09-30,main
000531,442.0,0.3340310388749277,2026-09-30,main
010427,443.0,0.3327552650230374,2026-09-30,main
011815,444.0,0.332605460463546,2026-09-30,main
160605,445.0,0.3325663201852002,2026-09-30,main
580002,446.0,0.3317060208768134,2026-09-30,main
012098,447.0,0.3312614238905949,2026-09-30,main
015604,448.0,0.3312047052848055,2026-09-30,main
320005,449.0,0.3310840549090348,2026-09-30,main
017075,450.0,0.3296528741350126,2026-09-30,main
005041,451.0,0.328339471240916,2026-09-30,main
160722,452.0,0.3280008237655805,2026-09-30,main
014175,453.0,0.3267778920623716,2026-09-30,main
519949,454.0,0.3267397503837732,2026-09-30,main
009968,455.0,0.3260723430052223,2026-09-30,main
001162,456.0,0.3260451685126246,2026-09-30,main
015527,457.0,0.3259185509102833,2026-09-30,main
580006,458.0,0.3258029529004558,2026-09-30,main
010611,459.0,0.3257298731250253,2026-09-30,main
240017,460.0,0.3254285398167817,2026-09-30,main
004726,461.0,0.3251554078326431,2026-09-30,main
009491,462.0,0.3248391101810346,2026-09-30,main
015703,463.0,0.3227035449460576,2026-09-30,main
007340,464.0,0.3226399931496018,2026-09-30,main
021390,465.0,0.3225039366487217,2026-09-30,main
011144,466.0,0.3223236219748517,2026-09-30,main
011500,467.0,0.3221026590077125,2026-09-30,main
005251,468.0,0.321603064949999,2026-09-30,main
660015,469.0,0.3212359119472341,2026-09-30,main
018730,470.0,0.3206992248116318,2026-09-30,main
017639,471.0,0.3203340125406264,2026-09-30,main
002345,472.0,0.3202022733097931,2026-09-30,main
050004,473.0,0.3201166245565969,2026-09-30,main
013774,474.0,0.3194942384471317,2026-09-30,main
016340,475.0,0.3192852480534593,2026-09-30,main
001712,476.0,0.3192147070575273,2026-09-30,main
007346,477.0,0.3181300732820258,2026-09-30,main
018375,478.0,0.3180734039285207,2026-09-30,main
013339,479.0,0.317631655754196,2026-09-30,main
165528,480.0,0.3175943990526244,2026-09-30,main
005482,481.0,0.3168939706819955,2026-09-30,main
007113,482.0,0.31668159159903,2026-09-30,main
001313,483.0,0.3153503331044263,2026-09-30,main
009364,484.0,0.3150479911398831,2026-09-30,main
000828,485.0,0.3149507494914876,2026-09-30,main
000609,486.0,0.3131872439146783,2026-09-30,main
470009,487.0,0.3130854003689576,2026-09-30,main
000717,488.0,0.3130795306576941,2026-09-30,main
009893,489.0,0.3122479911706199,2026-09-30,main
014401,490.0,0.3115828926596202,2026-09-30,main
002281,491.0,0.3111936569581119,2026-09-30,main
015724,492.0,0.3105505517058997,2026-09-30,main
010383,493.0,0.3102925823249978,2026-09-30,main
021967,494.0,0.3100828483128612,2026-09-30,main
016507,495.0,0.3099542404270565,2026-09-30,main
001297,496.0,0.3099410393314012,2026-09-30,main
001849,497.0,0.3097279188739175,2026-09-30,main
009715,498.0,0.3095944709583234,2026-09-30,main
519005,499.0,0.3095463712465718,2026-09-30,main
161910,500.0,0.3078021850130199,2026-09-30,main
020600,501.0,0.3077807834103798,2026-09-30,main
005962,502.0,0.3072194699907835,2026-09-30,main
008286,503.0,0.3057206695770338,2026-09-30,main
002863,504.0,0.3046174384898157,2026-09-30,main
005826,505.0,0.3045703185098114,2026-09-30,main
010807,506.0,0.3038375181410593,2026-09-30,main
100039,507.0,0.3035581086351882,2026-09-30,main
013147,508.0,0.3033441677301947,2026-09-30,main
001933,509.0,0.3032772628775444,2026-09-30,main
001822,510.0,0.3025598785204946,2026-09-30,main
022414,511.0,0.302464113329002,2026-09-30,main
011790,512.0,0.3023975732588202,2026-09-30,main
005495,513.0,0.3022973048024815,2026-09-30,main
012186,514.0,0.3017355739014506,2026-09-30,main
004148,515.0,0.3015204189026554,2026-09-30,main
009929,516.0,0.3013015951869529,2026-09-30,main
000979,517.0,0.3005590076973667,2026-09-30,main
009360,518.0,0.3002188977703641,2026-09-30,main
164205,519.0,0.2996793749132496,2026-09-30,main
000940,520.0,0.2993539684421697,2026-09-30,main
008186,521.0,0.2990058016583015,2026-09-30,main
002495,522.0,0.2975524435995871,2026-09-30,main
000020,523.0,0.2970077881833586,2026-09-30,main
009891,524.0,0.2968509797684819,2026-09-30,main
005268,525.0,0.2965882852491976,2026-09-30,main
519674,526.0,0.2964974707091357,2026-09-30,main
015079,527.0,0.2964924045630221,2026-09-30,main
002810,528.0,0.296060795236408,2026-09-30,main
016248,529.0,0.295587155111507,2026-09-30,main
003131,530.0,0.2953538174006564,2026-09-30,main
100022,531.0,0.2953048033057011,2026-09-30,main
015842,532.0,0.2951149026121193,2026-09-30,main
008009,533.0,0.2947973945094382,2026-09-30,main
007133,534.0,0.2941992746274673,2026-09-30,main
012650,535.0,0.2939038932241231,2026-09-30,main
013910,536.0,0.2929951298976398,2026-09-30,main
018790,537.0,0.2918089572515676,2026-09-30,main
110001,538.0,0.2902106646374494,2026-09-30,main
005544,539.0,0.2899774551311631,2026-09-30,main
163412,540.0,0.2894587601575042,2026-09-30,main
016272,541.0,0.2892807062707276,2026-09-30,main
005805,542.0,0.2886711462610256,2026-09-30,main
001744,543.0,0.2877814123850666,2026-09-30,main
014653,544.0,0.2870801244442391,2026-09-30,main
004641,545.0,0.2862882149456185,2026-09-30,main
580009,546.0,0.285930772418961,2026-09-30,main
001951,547.0,0.285453031597473,2026-09-30,main
015035,548.0,0.285200665134359,2026-09-30,main
009644,549.0,0.2851654309387841,2026-09-30,main
005634,550.0,0.2851415395453405,2026-09-30,main
010755,551.0,0.285124104749981,2026-09-30,main
001210,552.0,0.2843922567664672,2026-09-30,main
017960,553.0,0.283944265473278,2026-09-30,main
673010,554.0,0.2837775833046811,2026-09-30,main
017154,555.0,0.2837355732124282,2026-09-30,main
007353,556.0,0.2835186306437813,2026-09-30,main
014639,557.0,0.2832130796161176,2026-09-30,main
001832,558.0,0.2826924382244016,2026-09-30,main
010460,559.0,0.2826917246390568,2026-09-30,main
015145,560.0,0.2809545892845775,2026-09-30,main
010147,561.0,0.2805519536920959,2026-09-30,main
006864,562.0,0.2802525385915877,2026-09-30,main
007497,563.0,0.2797607282287473,2026-09-30,main
009189,564.0,0.279400709226294,2026-09-30,main
001496,565.0,0.2793856814426241,2026-09-30,main
005265,566.0,0.2793606136184798,2026-09-30,main
005094,567.0,0.2793583955134211,2026-09-30,main
012130,568.0,0.2790699296082766,2026-09-30,main
000586,569.0,0.2786918880721882,2026-09-30,main
021647,570.0,0.2785543350334107,2026-09-30,main
001009,571.0,0.2766837892858957,2026-09-30,main
501078,572.0,0.2763979034061838,2026-09-30,main
340006,573.0,0.2762122262393276,2026-09-30,main
080002,574.0,0.2759145702475507,2026-09-30,main
000309,575.0,0.2756270928820084,2026-09-30,main
018504,576.0,0.2754585384086918,2026-09-30,main
014292,577.0,0.2754552410747619,2026-09-30,main
003567,578.0,0.2752587394042705,2026-09-30,main
002862,579.0,0.2751017503246111,2026-09-30,main
014807,580.0,0.2748952635690929,2026-09-30,main
006430,581.0,0.2744770561977503,2026-09-30,main
009931,582.0,0.2743315634997985,2026-09-30,main
050010,583.0,0.2741655340105509,2026-09-30,main
006348,584.0,0.2737909945831709,2026-09-30,main
519688,585.0,0.2735042204678342,2026-09-30,main
163411,586.0,0.2728545753548657,2026-09-30,main
005668,587.0,0.2725277420892933,2026-09-30,main
001538,588.0,0.2724909660169983,2026-09-30,main
011805,589.0,0.2719644288716849,2026-09-30,main
012350,590.0,0.2712072856797114,2026-09-30,main
000793,591.0,0.2711302511498479,2026-09-30,main
010375,592.0,0.2710093191374503,2026-09-30,main
005449,593.0,0.2704227927171465,2026-09-30,main
013006,594.0,0.2700801145749789,2026-09-30,main
005001,595.0,0.2689595983228456,2026-09-30,main
001764,596.0,0.2689127793570853,2026-09-30,main
000263,597.0,0.268723092196607,2026-09-30,main
162205,598.0,0.2685517794942738,2026-09-30,main
004987,599.0,0.2676928591620875,2026-09-30,main
001042,600.0,0.2670734439492244,2026-09-30,main
519957,601.0,0.2670508356818306,2026-09-30,main
001088,602.0,0.2669424956213717,2026-09-30,main
012294,603.0,0.2668953684487105,2026-09-30,main
019347,604.0,0.2667772062475526,2026-09-30,main
001816,605.0,0.2666746628759722,2026-09-30,main
008208,606.0,0.2661909548544647,2026-09-30,main
000513,607.0,0.2659431322524814,2026-09-30,main
501205,608.0,0.2652194622493198,2026-09-30,main
010730,609.0,0.264979960012496,2026-09-30,main
519929,610.0,0.2639483927106141,2026-09-30,main
005775,611.0,0.263885262095844,2026-09-30,main
002095,612.0,0.2637574148715733,2026-09-30,main
009651,613.0,0.2637536963491642,2026-09-30,main
240005,614.0,0.2634828830145328,2026-09-30,main
015440,615.0,0.262778668776513,2026-09-30,main
012477,616.0,0.2620726719014239,2026-09-30,main
019295,617.0,0.2619964228808316,2026-09-30,main
370027,618.0,0.261784912204771,2026-09-30,main
014325,619.0,0.2613799850783496,2026-09-30,main
582003,620.0,0.2613682863574251,2026-09-30,main
002560,621.0,0.2612777174738256,2026-09-30,main
004683,622.0,0.2602161247269272,2026-09-30,main
013607,623.0,0.2594021446342456,2026-09-30,main
013590,624.0,0.2590437050986294,2026-09-30,main
024931,625.0,0.2590314226178309,2026-09-30,main
012528,626.0,0.2590162370667777,2026-09-30,main
003145,627.0,0.2588175821495899,2026-09-30,main
013145,628.0,0.2587454867889263,2026-09-30,main
000061,629.0,0.2586034608030916,2026-09-30,main
257020,630.0,0.2584881212437622,2026-09-30,main
023044,631.0,0.2583801480034216,2026-09-30,main
519196,632.0,0.2581292879176986,2026-09-30,main
010898,633.0,0.2579890741824668,2026-09-30,main
013495,634.0,0.257784878141257,2026-09-30,main
217020,635.0,0.2574070315396066,2026-09-30,main
010033,636.0,0.2566376493811546,2026-09-30,main
001682,637.0,0.2564781848159048,2026-09-30,main
008793,638.0,0.2563489917119408,2026-09-30,main
003025,639.0,0.256048217844699,2026-09-30,main
010114,640.0,0.255929590730523,2026-09-30,main
519195,641.0,0.2556327655286134,2026-09-30,main
519197,642.0,0.2551424860879716,2026-09-30,main
020975,643.0,0.2548429822340878,2026-09-30,main
001106,644.0,0.2542621979832367,2026-09-30,main
024674,645.0,0.2540503435766845,2026-09-30,main
012835,646.0,0.2536430843716035,2026-09-30,main
202023,647.0,0.253597435850559,2026-09-30,main
021636,648.0,0.2535637563048463,2026-09-30,main
001743,649.0,0.2533581672787932,2026-09-30,main
019189,650.0,0.2527808273021499,2026-09-30,main
501096,651.0,0.2526545979330796,2026-09-30,main
014600,652.0,0.2524600583396383,2026-09-30,main
006904,653.0,0.2523562080589081,2026-09-30,main
014783,654.0,0.2513586096529783,2026-09-30,main
168105,655.0,0.2513247886263974,2026-09-30,main
002383,656.0,0.2512395448411619,2026-09-30,main
011828,657.0,0.2512391819642929,2026-09-30,main
010305,658.0,0.2508354218054092,2026-09-30,main
004496,659.0,0.2507462830231997,2026-09-30,main
010361,660.0,0.2506873278204378,2026-09-30,main
050009,661.0,0.2506173661563431,2026-09-30,main
519029,662.0,0.25050980682716,2026-09-30,main
006813,663.0,0.2492799285956393,2026-09-30,main
007355,664.0,0.2492097064664507,2026-09-30,main
015749,665.0,0.2481868386220886,2026-09-30,main
011030,666.0,0.2477264936324259,2026-09-30,main
373020,667.0,0.2471160151079718,2026-09-30,main
013861,668.0,0.2461519515726342,2026-09-30,main
012530,669.0,0.2457543835048767,2026-09-30,main
001305,670.0,0.2455477659743763,2026-09-30,main
530011,671.0,0.2455156845821802,2026-09-30,main
011888,672.0,0.2452292968144449,2026-09-30,main
018821,673.0,0.2451151254565451,2026-09-30,main
010680,674.0,0.2447844755781985,2026-09-30,main
501077,675.0,0.2442248207239257,2026-09-30,main
012496,676.0,0.2436567975407937,2026-09-30,main
005977,677.0,0.2431643142836397,2026-09-30,main
169104,678.0,0.2430715994249865,2026-09-30,main
022003,679.0,0.24297505747472,2026-09-30,main
001053,680.0,0.2428100871440492,2026-09-30,main
011371,681.0,0.2426401753052627,2026-09-30,main
013675,682.0,0.24173068340907,2026-09-30,main
023647,683.0,0.2412041143983252,2026-09-30,main
014773,684.0,0.24068202277429,2026-09-30,main
400001,685.0,0.2392563644411167,2026-09-30,main
024830,686.0,0.2392502612608948,2026-09-30,main
005343,687.0,0.2391995731466711,2026-09-30,main
022292,688.0,0.2391852097949476,2026-09-30,main
519183,689.0,0.2391817874357173,2026-09-30,main
004745,690.0,0.2385828277539901,2026-09-30,main
014356,691.0,0.2383708891276508,2026-09-30,main
012221,692.0,0.2383270767792726,2026-09-30,main
024202,693.0,0.2381595112222336,2026-09-30,main
004205,694.0,0.2378051513177645,2026-09-30,main
009914,695.0,0.2375615298207118,2026-09-30,main
009988,696.0,0.2374223751202258,2026-09-30,main
018796,697.0,0.2368827168768632,2026-09-30,main
002149,698.0,0.2367853760551561,2026-09-30,main
013269,699.0,0.2367092271084363,2026-09-30,main
160143,700.0,0.2359143078406198,2026-09-30,main
010126,701.0,0.2358973404475044,2026-09-30,main
010490,702.0,0.2358423680288033,2026-09-30,main
000527,703.0,0.2343676415220494,2026-09-30,main
000574,704.0,0.234026689256914,2026-09-30,main
519026,705.0,0.233882116536646,2026-09-30,main
004616,706.0,0.2336358127128093,2026-09-30,main
160512,707.0,0.2336130952663853,2026-09-30,main
014263,708.0,0.2335325089596349,2026-09-30,main
501054,709.0,0.232343346096798,2026-09-30,main
000534,710.0,0.2320248072037218,2026-09-30,main
019006,711.0,0.2319388014475163,2026-09-30,main
001606,712.0,0.2317816243012074,2026-09-30,main
019136,713.0,0.2316769969888858,2026-09-30,main
000577,714.0,0.2312032410813582,2026-09-30,main
001216,715.0,0.2304233774464386,2026-09-30,main
001482,716.0,0.2303927908624794,2026-09-30,main
004183,717.0,0.2296500388525006,2026-09-30,main
024377,718.0,0.2295297125945381,2026-09-30,main
002064,719.0,0.2294933948262632,2026-09-30,main
410009,720.0,0.2291588780772646,2026-09-30,main
002252,721.0,0.2289523388432772,2026-09-30,main
001667,722.0,0.2285642002637862,2026-09-30,main
022276,723.0,0.228317161494912,2026-09-30,main
019820,724.0,0.228233791979965,2026-09-30,main
163402,725.0,0.2278404702157634,2026-09-30,main
040008,726.0,0.2273850881399333,2026-09-30,main
000714,727.0,0.2270419860462551,2026-09-30,main
000496,728.0,0.2268470959065982,2026-09-30,main
008934,729.0,0.2267285385665434,2026-09-30,main
501099,730.0,0.2261000365929821,2026-09-30,main
009596,731.0,0.2259042463854823,2026-09-30,main
010790,732.0,0.2257732598982686,2026-09-30,main
008065,733.0,0.2251917449027372,2026-09-30,main
008467,734.0,0.2251501716611188,2026-09-30,main
005437,735.0,0.2251263752082408,2026-09-30,main
010761,736.0,0.2247676012642567,2026-09-30,main
014341,737.0,0.2241501447057563,2026-09-30,main
009857,738.0,0.2240119242031584,2026-09-30,main
019293,739.0,0.2239633722614198,2026-09-30,main
481017,740.0,0.223961498475822,2026-09-30,main
009861,741.0,0.2233988221410165,2026-09-30,main
020416,742.0,0.2229825196718635,2026-09-30,main
550009,743.0,0.2227557564963924,2026-09-30,main
009054,744.0,0.2227011207770506,2026-09-30,main
011122,745.0,0.2222074646053524,2026-09-30,main
011800,746.0,0.2218982334513095,2026-09-30,main
010264,747.0,0.2218323632983312,2026-09-30,main
007203,748.0,0.2218203330887338,2026-09-30,main
017667,749.0,0.2207807328113709,2026-09-30,main
011167,750.0,0.2207706838958818,2026-09-30,main
000698,751.0,0.2203418181833156,2026-09-30,main
000006,752.0,0.2200308764043153,2026-09-30,main
018993,753.0,0.2194059138074917,2026-09-30,main
000751,754.0,0.219359870427682,2026-09-30,main
011486,755.0,0.2192324714257099,2026-09-30,main
009488,756.0,0.2188100062361682,2026-09-30,main
202212,757.0,0.2186123102457888,2026-09-30,main
001409,758.0,0.2178539643771191,2026-09-30,main
010936,759.0,0.2175148416367067,2026-09-30,main
009008,760.0,0.2164342258222527,2026-09-30,main
206009,761.0,0.2164228835533579,2026-09-30,main
519133,762.0,0.2163710300521679,2026-09-30,main
010646,763.0,0.2162077215234665,2026-09-30,main
006769,764.0,0.2162001259928025,2026-09-30,main
001069,765.0,0.2158206092184329,2026-09-30,main
013755,766.0,0.2157965050498895,2026-09-30,main
011284,767.0,0.2149001347569759,2026-09-30,main
012188,768.0,0.2146310110041889,2026-09-30,main
004044,769.0,0.213592588975074,2026-09-30,main
024317,770.0,0.2135355731279655,2026-09-30,main
022704,771.0,0.2134096704720378,2026-09-30,main
016626,772.0,0.2133271310494278,2026-09-30,main
260112,773.0,0.2132944264513585,2026-09-30,main
070027,774.0,0.2132877676815727,2026-09-30,main
001017,775.0,0.2132462933283805,2026-09-30,main
001398,776.0,0.2132243755549971,2026-09-30,main
519712,777.0,0.2131423648312875,2026-09-30,main
180020,778.0,0.2127671274319436,2026-09-30,main
006573,779.0,0.2126061174187838,2026-09-30,main
519704,780.0,0.2123014646373495,2026-09-30,main
004666,781.0,0.2121609339728427,2026-09-30,main
001731,782.0,0.2119935395659808,2026-09-30,main
011506,783.0,0.2119529833613356,2026-09-30,main
007345,784.0,0.2116562080798452,2026-09-30,main
000711,785.0,0.211579494315824,2026-09-30,main
000756,786.0,0.2115746984063526,2026-09-30,main
001152,787.0,0.2114799799971694,2026-09-30,main
001103,788.0,0.2112348871027789,2026-09-30,main
018148,789.0,0.2111263419383582,2026-09-30,main
519697,790.0,0.2109778471916961,2026-09-30,main
010792,791.0,0.2106485324159486,2026-09-30,main
008261,792.0,0.2106281526066751,2026-09-30,main
519181,793.0,0.2106198276799524,2026-09-30,main
003292,794.0,0.2100438282270926,2026-09-30,main
010412,795.0,0.2100404041655488,2026-09-30,main
000209,796.0,0.2099487288250701,2026-09-30,main
007895,797.0,0.2098835203080675,2026-09-30,main
002160,798.0,0.2098209298508651,2026-09-30,main
000935,799.0,0.2096879942675116,2026-09-30,main
015986,800.0,0.2078513619147126,2026-09-30,main
005186,801.0,0.2077084695393514,2026-09-30,main
000458,802.0,0.2075396047680733,2026-09-30,main
009805,803.0,0.2075381549663617,2026-09-30,main
011874,804.0,0.2074333150645864,2026-09-30,main
023448,805.0,0.2073205245282252,2026-09-30,main
001373,806.0,0.2063543260971161,2026-09-30,main
000592,807.0,0.2063009999926808,2026-09-30,main
011637,808.0,0.2062422004221411,2026-09-30,main
014287,809.0,0.205924336544401,2026-09-30,main
015412,810.0,0.2057818118152887,2026-09-30,main
010313,811.0,0.2055147031223241,2026-09-30,main
014950,812.0,0.2054029294150348,2026-09-30,main
016568,813.0,0.2050898189900696,2026-09-30,main
700004,814.0,0.20503044775353,2026-09-30,main
014792,815.0,0.2047321188341244,2026-09-30,main
000524,816.0,0.2046633356971361,2026-09-30,main
010864,817.0,0.2044150811000369,2026-09-30,main
001008,818.0,0.204368792644169,2026-09-30,main
001707,819.0,0.2041326000153838,2026-09-30,main
210004,820.0,0.2041077715261225,2026-09-30,main
017244,821.0,0.2038889205626808,2026-09-30,main
008671,822.0,0.2037242130226404,2026-09-30,main
009394,823.0,0.2037044862420371,2026-09-30,main
008381,824.0,0.2033772204164154,2026-09-30,main
023036,825.0,0.2033240839552514,2026-09-30,main
012541,826.0,0.2032376081618188,2026-09-30,main
519679,827.0,0.2031346565299558,2026-09-30,main
010925,828.0,0.2025668326386582,2026-09-30,main
001484,829.0,0.2023645842468433,2026-09-30,main
002446,830.0,0.201992719896159,2026-09-30,main
010303,831.0,0.2019579037024224,2026-09-30,main
160610,832.0,0.2018712374989815,2026-09-30,main
022490,833.0,0.201525231833846,2026-09-30,main
002145,834.0,0.2011524544449066,2026-09-30,main
210008,835.0,0.20105602239466,2026-09-30,main
022327,836.0,0.2005296603798509,2026-09-30,main
011170,837.0,0.2004929468609333,2026-09-30,main
005598,838.0,0.1999676762718809,2026-09-30,main
010181,839.0,0.1999580629825454,2026-09-30,main
002542,840.0,0.1995554429573163,2026-09-30,main
000601,841.0,0.1994982279108206,2026-09-30,main
012519,842.0,0.1993010366013898,2026-09-30,main
023135,843.0,0.1992199036064348,2026-09-30,main
017551,844.0,0.1992082272135587,2026-09-30,main
233011,845.0,0.199113846376582,2026-09-30,main
006270,846.0,0.1987705497933209,2026-09-30,main
010109,847.0,0.1986976994264584,2026-09-30,main
014350,848.0,0.1985926203448724,2026-09-30,main
690001,849.0,0.1985908940504688,2026-09-30,main
006429,850.0,0.1984238768788218,2026-09-30,main
001125,851.0,0.1984049920173076,2026-09-30,main
001402,852.0,0.1982448966887104,2026-09-30,main
018706,853.0,0.1978755337941824,2026-09-30,main
016157,854.0,0.1976839351562174,2026-09-30,main
002030,855.0,0.1972844897733847,2026-09-30,main
000327,856.0,0.1971235590195319,2026-09-30,main
015547,857.0,0.197115601500371,2026-09-30,main
023632,858.0,0.1971044334276821,2026-09-30,main
320003,859.0,0.1970542152551242,2026-09-30,main
009188,860.0,0.1968349754063332,2026-09-30,main
021884,861.0,0.1963425565884486,2026-09-30,main
007808,862.0,0.1961426784441708,2026-09-30,main
000011,863.0,0.1961203673820055,2026-09-30,main
001677,864.0,0.1957421217214998,2026-09-30,main
000199,865.0,0.1955173533447731,2026-09-30,main
016856,866.0,0.1952548058579941,2026-09-30,main
001534,867.0,0.1947466647735971,2026-09-30,main
002776,868.0,0.1944552499208101,2026-09-30,main
011786,869.0,0.1941531737175643,2026-09-30,main
001421,870.0,0.1938330930072949,2026-09-30,main
002577,871.0,0.1935950163405944,2026-09-30,main
010636,872.0,0.1933008587684896,2026-09-30,main
379010,873.0,0.1927844573479766,2026-09-30,main
290014,874.0,0.1927727318757079,2026-09-30,main
010377,875.0,0.1924806978674629,2026-09-30,main
000545,876.0,0.1924213760315363,2026-09-30,main
519003,877.0,0.1921246557173817,2026-09-30,main
005910,878.0,0.1919485463911514,2026-09-30,main
000925,879.0,0.1918813417062481,2026-09-30,main
007731,880.0,0.1916712259790247,2026-09-30,main
519668,881.0,0.1916286348716998,2026-09-30,main
006401,882.0,0.1914612022159287,2026-09-30,main
012454,883.0,0.1913709060564594,2026-09-30,main
018971,884.0,0.1907683348198972,2026-09-30,main
481008,885.0,0.1906759021899862,2026-09-30,main
004784,886.0,0.1903378866761929,2026-09-30,main
011011,887.0,0.1903149049237469,2026-09-30,main
021665,888.0,0.1901091941218418,2026-09-30,main
501097,889.0,0.189691932273059,2026-09-30,main
671030,890.0,0.1896898832217388,2026-09-30,main
010878,891.0,0.189123184245586,2026-09-30,main
270028,892.0,0.1887340508306965,2026-09-30,main
000066,893.0,0.1883284741615938,2026-09-30,main
010488,894.0,0.1882108182360733,2026-09-30,main
018611,895.0,0.1877573328152029,2026-09-30,main
001986,896.0,0.1875831473894167,2026-09-30,main
005128,897.0,0.1871504330717199,2026-09-30,main
519097,898.0,0.1870938590479425,2026-09-30,main
202001,899.0,0.1866612952112301,2026-09-30,main
010003,900.0,0.1864078375431779,2026-09-30,main
001532,901.0,0.1860532337889189,2026-09-30,main
202002,902.0,0.1859977533061443,2026-09-30,main
010967,903.0,0.185348306711218,2026-09-30,main
003561,904.0,0.1852099240816069,2026-09-30,main
007777,905.0,0.1849303431774891,2026-09-30,main
014187,906.0,0.184428731584334,2026-09-30,main
001366,907.0,0.1843689362531617,2026-09-30,main
001365,908.0,0.1842284778243674,2026-09-30,main
168601,909.0,0.1836069206650463,2026-09-30,main
000408,910.0,0.1833975251508284,2026-09-30,main
560006,911.0,0.1833327062178422,2026-09-30,main
003293,912.0,0.1831972245167754,2026-09-30,main
013000,913.0,0.1831490704415181,2026-09-30,main
161810,914.0,0.1829170098218091,2026-09-30,main
001725,915.0,0.1816787262395252,2026-09-30,main
002512,916.0,0.1816527084330925,2026-09-30,main
011021,917.0,0.1814551258799333,2026-09-30,main
018868,918.0,0.1814376607634136,2026-09-30,main
021501,919.0,0.181207581643582,2026-09-30,main
571002,920.0,0.1811161710367395,2026-09-30,main
000936,921.0,0.181089724801241,2026-09-30,main
005109,922.0,0.1808271349679646,2026-09-30,main
004958,923.0,0.1806425692388777,2026-09-30,main
000746,924.0,0.1806408684939899,2026-09-30,main
015357,925.0,0.1805674603461118,2026-09-30,main
009327,926.0,0.1804012082717689,2026-09-30,main
011277,927.0,0.1803120158797011,2026-09-30,main
002860,928.0,0.1800926804349283,2026-09-30,main
000594,929.0,0.1799451394416098,2026-09-30,main
167001,930.0,0.1799278797399224,2026-09-30,main
014668,931.0,0.1793129496046663,2026-09-30,main
001000,932.0,0.1788841611631062,2026-09-30,main
005660,933.0,0.1780594816576397,2026-09-30,main
673081,934.0,0.1779558697372458,2026-09-30,main
025447,935.0,0.1778064912729688,2026-09-30,main
010495,936.0,0.1777382396086346,2026-09-30,main
630010,937.0,0.1774023537177347,2026-09-30,main
007850,938.0,0.1773447296777774,2026-09-30,main
570005,939.0,0.1771320256065323,2026-09-30,main
070021,940.0,0.177054823212363,2026-09-30,main
019281,941.0,0.1770185416105296,2026-09-30,main
019535,942.0,0.1762734229252931,2026-09-30,main
165313,943.0,0.1754738418544394,2026-09-30,main
006257,944.0,0.1754340041505453,2026-09-30,main
630008,945.0,0.1753338886221997,2026-09-30,main
002031,946.0,0.1751866831346449,2026-09-30,main
017801,947.0,0.1749057178039834,2026-09-30,main
011884,948.0,0.1747085157388892,2026-09-30,main
012036,949.0,0.1745411478663485,2026-09-30,main
260117,950.0,0.1744806553888507,2026-09-30,main
004936,951.0,0.1744126858654826,2026-09-30,main
001413,952.0,0.1741250236621183,2026-09-30,main
024437,953.0,0.1740980020373528,2026-09-30,main
000652,954.0,0.1737858211282914,2026-09-30,main
005609,955.0,0.173593366295365,2026-09-30,main
519056,956.0,0.1732962332117618,2026-09-30,main
024448,957.0,0.1728854217575857,2026-09-30,main
000800,958.0,0.1728833780905441,2026-09-30,main
530016,959.0,0.1728150039889764,2026-09-30,main
001490,960.0,0.1727555269995655,2026-09-30,main
004332,961.0,0.1726966341531413,2026-09-30,main
519110,962.0,0.1722361840401878,2026-09-30,main
001536,963.0,0.1721476713774983,2026-09-30,main
001158,964.0,0.1720958278457989,2026-09-30,main
202213,965.0,0.1719974339263754,2026-09-30,main
008638,966.0,0.171347529890663,2026-09-30,main
213003,967.0,0.1707961622470752,2026-09-30,main
022038,968.0,0.1706028869615869,2026-09-30,main
009859,969.0,0.1704244138989212,2026-09-30,main
013641,970.0,0.170177474888691,2026-09-30,main
165516,971.0,0.1701107633105514,2026-09-30,main
012985,972.0,0.1687672875553556,2026-09-30,main
009812,973.0,0.1686702760797038,2026-09-30,main
015973,974.0,0.1680683426948186,2026-09-30,main
013693,975.0,0.1673952029332255,2026-09-30,main
023117,976.0,0.1673915999334416,2026-09-30,main
169105,977.0,0.1669940714813609,2026-09-30,main
010186,978.0,0.1667748539845164,2026-09-30,main
002849,979.0,0.1665827644070692,2026-09-30,main
002305,980.0,0.1664804429416575,2026-09-30,main
010328,981.0,0.1660326826071008,2026-09-30,main
166001,982.0,0.1659601612812886,2026-09-30,main
005638,983.0,0.1657964071766886,2026-09-30,main
012124,984.0,0.1653057910361082,2026-09-30,main
519700,985.0,0.1649748458490914,2026-09-30,main
012064,986.0,0.1648486614276492,2026-09-30,main
001734,987.0,0.1648219523487466,2026-09-30,main
001763,988.0,0.1647923993173998,2026-09-30,main
004959,989.0,0.1645330268072813,2026-09-30,main
024153,990.0,0.1645086290016721,2026-09-30,main
009847,991.0,0.1641348567098586,2026-09-30,main
011862,992.0,0.1639755028660072,2026-09-30,main
011216,993.0,0.1639309801648416,2026-09-30,main
100060,994.0,0.1637187565525861,2026-09-30,main
005937,995.0,0.1634315523113172,2026-09-30,main
014734,996.0,0.1629945763578233,2026-09-30,main
290008,997.0,0.1628309241743439,2026-09-30,main
014062,998.0,0.1625687072920458,2026-09-30,main
012239,999.0,0.1624586157835597,2026-09-30,main
002103,1000.0,0.1622557616447035,2026-09-30,main
660005,1001.0,0.162053474374952,2026-09-30,main
010299,1002.0,0.1606954598612058,2026-09-30,main
166002,1003.0,0.160415032638997,2026-09-30,main
630005,1004.0,0.1599678844678527,2026-09-30,main
005402,1005.0,0.1597441960976677,2026-09-30,main
000001,1006.0,0.1592947922161998,2026-09-30,main
002703,1007.0,0.1592602868365717,2026-09-30,main
000219,1008.0,0.1590928756537806,2026-09-30,main
015056,1009.0,0.1587977242264695,2026-09-30,main
021965,1010.0,0.1584127214776682,2026-09-30,main
014049,1011.0,0.1581523743861714,2026-09-30,main
024435,1012.0,0.1581149611550183,2026-09-30,main
007449,1013.0,0.1581043695496153,2026-09-30,main
018999,1014.0,0.1580192644345002,2026-09-30,main
519908,1015.0,0.1577136105666143,2026-09-30,main
010137,1016.0,0.157672227350482,2026-09-30,main
012876,1017.0,0.1575755665895706,2026-09-30,main
012905,1018.0,0.1575046597835887,2026-09-30,main
519013,1019.0,0.1571916293952786,2026-09-30,main
012410,1020.0,0.1569953189058426,2026-09-30,main
630011,1021.0,0.156878329736255,2026-09-30,main
012844,1022.0,0.1568327698200853,2026-09-30,main
010088,1023.0,0.156827954511354,2026-09-30,main
360001,1024.0,0.1566654960610962,2026-09-30,main
015408,1025.0,0.1562418714699973,2026-09-30,main
021730,1026.0,0.1561282980177931,2026-09-30,main
007074,1027.0,0.156087066506489,2026-09-30,main
018985,1028.0,0.1557885057889521,2026-09-30,main
014562,1029.0,0.1556609503828694,2026-09-30,main
004476,1030.0,0.1555065559436486,2026-09-30,main
519778,1031.0,0.1551336023433265,2026-09-30,main
014478,1032.0,0.1549324190044581,2026-09-30,main
001173,1033.0,0.1549247601343759,2026-09-30,main
012071,1034.0,0.1548988350978584,2026-09-30,main
166020,1035.0,0.1548923959298698,2026-09-30,main
020440,1036.0,0.1548827073079175,2026-09-30,main
009750,1037.0,0.1546924364777491,2026-09-30,main
952099,1038.0,0.1546097488024835,2026-09-30,main
012647,1039.0,0.1542467641972236,2026-09-30,main
013554,1040.0,0.1540077117803002,2026-09-30,main
000270,1041.0,0.1539591150288239,2026-09-30,main
006369,1042.0,0.1538938019833302,2026-09-30,main
110009,1043.0,0.1535910990983924,2026-09-30,main
003115,1044.0,0.1535247642192823,2026-09-30,main
004944,1045.0,0.1534239010907983,2026-09-30,main
016560,1046.0,0.153080088567556,2026-09-30,main
010808,1047.0,0.1528053321198641,2026-09-30,main
012917,1048.0,0.1526271335796589,2026-09-30,main
090018,1049.0,0.1525630597377161,2026-09-30,main
001181,1050.0,0.1525432274697518,2026-09-30,main
470006,1051.0,0.1523053168010262,2026-09-30,main
377240,1052.0,0.1521278742073974,2026-09-30,main
020151,1053.0,0.1520678810924922,2026-09-30,main
010286,1054.0,0.1517669776860035,2026-09-30,main
162209,1055.0,0.1517462352054599,2026-09-30,main
000073,1056.0,0.1516787311235836,2026-09-30,main
001938,1057.0,0.1513837579016501,2026-09-30,main
001208,1058.0,0.1507488360800453,2026-09-30,main
011685,1059.0,0.1505908873094867,2026-09-30,main
014389,1060.0,0.1505460498626059,2026-09-30,main
233007,1061.0,0.1504142723205264,2026-09-30,main
009353,1062.0,0.1503083774963645,2026-09-30,main
011504,1063.0,0.1499864199722933,2026-09-30,main
011313,1064.0,0.1499202154147689,2026-09-30,main
018401,1065.0,0.1497433802888907,2026-09-30,main
630002,1066.0,0.1494324425834421,2026-09-30,main
001028,1067.0,0.149256939741059,2026-09-30,main
012426,1068.0,0.1488967398882761,2026-09-30,main
010944,1069.0,0.1487588407292202,2026-09-30,main
019367,1070.0,0.1485075453287123,2026-09-30,main
260111,1071.0,0.1484991390465224,2026-09-30,main
016311,1072.0,0.1479725038646961,2026-09-30,main
010381,1073.0,0.1478443192621443,2026-09-30,main
018440,1074.0,0.1478057628162761,2026-09-30,main
001304,1075.0,0.1476161830626452,2026-09-30,main
017715,1076.0,0.1474343977677152,2026-09-30,main
001535,1077.0,0.1473308965613198,2026-09-30,main
610001,1078.0,0.1472318311145442,2026-09-30,main
004707,1079.0,0.1470182588423092,2026-09-30,main
000021,1080.0,0.1469478225188922,2026-09-30,main
001898,1081.0,0.1468011467851238,2026-09-30,main
161903,1082.0,0.1467689980040647,2026-09-30,main
000654,1083.0,0.1466926679997826,2026-09-30,main
018122,1084.0,0.1464359978504359,2026-09-30,main
012839,1085.0,0.1464026000870437,2026-09-30,main
014144,1086.0,0.1463532105899703,2026-09-30,main
023386,1087.0,0.1462449826219625,2026-09-30,main
010731,1088.0,0.146238451559495,2026-09-30,main
070022,1089.0,0.146114534363837,2026-09-30,main
002597,1090.0,0.1459949009384546,2026-09-30,main
000259,1091.0,0.1459902729414908,2026-09-30,main
002601,1092.0,0.1459398823872804,2026-09-30,main
008618,1093.0,0.1458987487099734,2026-09-30,main
398011,1094.0,0.1457779591994084,2026-09-30,main
009998,1095.0,0.1456504749564664,2026-09-30,main
019561,1096.0,0.1454556425050583,2026-09-30,main
010124,1097.0,0.1454097043509494,2026-09-30,main
005352,1098.0,0.1442192102881336,2026-09-30,main
006314,1099.0,0.1440303117866395,2026-09-30,main
020023,1100.0,0.1436485774409373,2026-09-30,main
019354,1101.0,0.1434472722953028,2026-09-30,main
001789,1102.0,0.1431511870764716,2026-09-30,main
014818,1103.0,0.1431405684557611,2026-09-30,main
005632,1104.0,0.1431194161633042,2026-09-30,main
024499,1105.0,0.143109092834309,2026-09-30,main
011927,1106.0,0.1430962949846488,2026-09-30,main
011134,1107.0,0.1426292189605829,2026-09-30,main
004946,1108.0,0.142571218124768,2026-09-30,main
150968,1109.0,0.1422758733521762,2026-09-30,main
014651,1110.0,0.1422266766040669,2026-09-30,main
015043,1111.0,0.142186267467729,2026-09-30,main
010779,1112.0,0.1420219903611228,2026-09-30,main
016117,1113.0,0.1420012781624318,2026-09-30,main
005028,1114.0,0.1419415510834505,2026-09-30,main
000963,1115.0,0.141785406439056,2026-09-30,main
006267,1116.0,0.1415696263831447,2026-09-30,main
016485,1117.0,0.1410614455000365,2026-09-30,main
007146,1118.0,0.1409572204449327,2026-09-30,main
013247,1119.0,0.140760686410271,2026-09-30,main
005055,1120.0,0.1403225257174867,2026-09-30,main
001825,1121.0,0.1401239501615787,2026-09-30,main
012500,1122.0,0.1396397763234762,2026-09-30,main
014207,1123.0,0.1394771848303566,2026-09-30,main
519224,1124.0,0.139428521258307,2026-09-30,main
014232,1125.0,0.139361831626211,2026-09-30,main
005953,1126.0,0.1393215408919539,2026-09-30,main
021372,1127.0,0.1392944023609788,2026-09-30,main
000242,1128.0,0.1391453525836408,2026-09-30,main
000595,1129.0,0.1391134684094275,2026-09-30,main
007012,1130.0,0.1386515029209964,2026-09-30,main
019720,1131.0,0.1383698792437833,2026-09-30,main
002666,1132.0,0.1381403698595187,2026-09-30,main
020231,1133.0,0.1380900618385903,2026-09-30,main
015006,1134.0,0.1377367849684285,2026-09-30,main
013714,1135.0,0.1376840371631991,2026-09-30,main
011196,1136.0,0.1373061701695053,2026-09-30,main
010584,1137.0,0.1372438945285672,2026-09-30,main
002334,1138.0,0.1364473816496136,2026-09-30,main
005742,1139.0,0.1363952076495493,2026-09-30,main
014307,1140.0,0.1362979756024855,2026-09-30,main
090003,1141.0,0.1360068273468637,2026-09-30,main
481004,1142.0,0.1359583337532095,2026-09-30,main
001140,1143.0,0.1358938421915516,2026-09-30,main
180001,1144.0,0.1356653356297286,2026-09-30,main
008025,1145.0,0.1356354312295082,2026-09-30,main
519997,1146.0,0.1356053447667555,2026-09-30,main
000523,1147.0,0.1351050283512753,2026-09-30,main
166005,1148.0,0.1349512526569312,2026-09-30,main
000978,1149.0,0.1347174913439195,2026-09-30,main
260115,1150.0,0.1346040606423644,2026-09-30,main
011269,1151.0,0.1344724386366071,2026-09-30,main
006973,1152.0,0.134322830090128,2026-09-30,main
011346,1153.0,0.1340958769718434,2026-09-30,main
012820,1154.0,0.1338569643535985,2026-09-30,main
016029,1155.0,0.1338343034015596,2026-09-30,main
217013,1156.0,0.1336514994748854,2026-09-30,main
519672,1157.0,0.1336472427967669,2026-09-30,main
021369,1158.0,0.1335563051606125,2026-09-30,main
013687,1159.0,0.1333545620156822,2026-09-30,main
000136,1160.0,0.1332996519836984,2026-09-30,main
002630,1161.0,0.133239989644291,2026-09-30,main
005161,1162.0,0.1331799291958559,2026-09-30,main
690007,1163.0,0.1331299761726689,2026-09-30,main
151001,1164.0,0.1328688674353131,2026-09-30,main
006648,1165.0,0.1328244914492797,2026-09-30,main
001975,1166.0,0.1327541219774082,2026-09-30,main
005290,1167.0,0.1326583292448147,2026-09-30,main
487016,1168.0,0.1325371277996385,2026-09-30,main
000884,1169.0,0.1325052891021561,2026-09-30,main
003147,1170.0,0.1324488629144975,2026-09-30,main
320016,1171.0,0.1324337575080689,2026-09-30,main
002419,1172.0,0.1321861232909313,2026-09-30,main
320001,1173.0,0.1316847029143457,2026-09-30,main
001302,1174.0,0.1315688642496901,2026-09-30,main
160603,1175.0,0.1311820295173524,2026-09-30,main
519670,1176.0,0.1310597320472344,2026-09-30,main
020748,1177.0,0.1310292877592451,2026-09-30,main
020698,1178.0,0.131000736431172,2026-09-30,main
519642,1179.0,0.1308376650837126,2026-09-30,main
378010,1180.0,0.1308354058652128,2026-09-30,main
004434,1181.0,0.1308338627458087,2026-09-30,main
288001,1182.0,0.1305891698999226,2026-09-30,main
011975,1183.0,0.1305390174586651,2026-09-30,main
370024,1184.0,0.1304755747450463,2026-09-30,main
002952,1185.0,0.1302855553054613,2026-09-30,main
015900,1186.0,0.1300548616604269,2026-09-30,main
001761,1187.0,0.1297615779546934,2026-09-30,main
010421,1188.0,0.129543512342168,2026-09-30,main
202019,1189.0,0.1295133441429268,2026-09-30,main
460009,1190.0,0.1293863307838365,2026-09-30,main
000689,1191.0,0.1289421716895242,2026-09-30,main
009556,1192.0,0.1286836843193886,2026-09-30,main
009736,1193.0,0.1286632457032102,2026-09-30,main
018294,1194.0,0.1286044662230472,2026-09-30,main
003624,1195.0,0.1285261191423745,2026-09-30,main
012198,1196.0,0.1282274057777803,2026-09-30,main
023524,1197.0,0.1281754256650438,2026-09-30,main
166301,1198.0,0.127887584703177,2026-09-30,main
021308,1199.0,0.1278724208647164,2026-09-30,main
206012,1200.0,0.1277870762127111,2026-09-30,main
360012,1201.0,0.1277671230857446,2026-09-30,main
018937,1202.0,0.127714111929817,2026-09-30,main
020267,1203.0,0.127699074977641,2026-09-30,main
002121,1204.0,0.1274163465033346,2026-09-30,main
005774,1205.0,0.1272932227982657,2026-09-30,main
270005,1206.0,0.1271973181166434,2026-09-30,main
001601,1207.0,0.1267700315184226,2026-09-30,main
011304,1208.0,0.1267063549967355,2026-09-30,main
012463,1209.0,0.1265818067871336,2026-09-30,main
001897,1210.0,0.1262381845907019,2026-09-30,main
008314,1211.0,0.1259425301116186,2026-09-30,main
012147,1212.0,0.1258103325507573,2026-09-30,main
010587,1213.0,0.1257712912711202,2026-09-30,main
000549,1214.0,0.1257603201766663,2026-09-30,main
007875,1215.0,0.1255816907494502,2026-09-30,main
004888,1216.0,0.1253604132123889,2026-09-30,main
011401,1217.0,0.1253071831723744,2026-09-30,main
550015,1218.0,0.12511828659249,2026-09-30,main
001564,1219.0,0.1249697850597333,2026-09-30,main
013385,1220.0,0.1244153973991308,2026-09-30,main
519909,1221.0,0.124345670467149,2026-09-30,main
006551,1222.0,0.1243059438819977,2026-09-30,main
016895,1223.0,0.1241513271980998,2026-09-30,main
017130,1224.0,0.1241223605589036,2026-09-30,main
013524,1225.0,0.1240860027890855,2026-09-30,main
001261,1226.0,0.1238515195370293,2026-09-30,main
018910,1227.0,0.1236387989990286,2026-09-30,main
001605,1228.0,0.1234840645178685,2026-09-30,main
013680,1229.0,0.1229972462400608,2026-09-30,main
003889,1230.0,0.122968637065655,2026-09-30,main
011331,1231.0,0.122867506766515,2026-09-30,main
006801,1232.0,0.1227837248784893,2026-09-30,main
007831,1233.0,0.1226276947267466,2026-09-30,main
016464,1234.0,0.1221888100453645,2026-09-30,main
022269,1235.0,0.1220532846357544,2026-09-30,main
002319,1236.0,0.1215970836268802,2026-09-30,main
004075,1237.0,0.1215014730230175,2026-09-30,main
008955,1238.0,0.1212402234940059,2026-09-30,main
400011,1239.0,0.1211987155611256,2026-09-30,main
010663,1240.0,0.1207537173194162,2026-09-30,main
021198,1241.0,0.1207131150923455,2026-09-30,main
004674,1242.0,0.1206977422602011,2026-09-30,main
001244,1243.0,0.1206887472464464,2026-09-30,main
020985,1244.0,0.1206795523406616,2026-09-30,main
011729,1245.0,0.1205933168011825,2026-09-30,main
021642,1246.0,0.1204771481450652,2026-09-30,main
519015,1247.0,0.1203179450040974,2026-09-30,main
002258,1248.0,0.1201148541939096,2026-09-30,main
015245,1249.0,0.1200926272077493,2026-09-30,main
002801,1250.0,0.1200274905378948,2026-09-30,main
005075,1251.0,0.1197987293597444,2026-09-30,main
010699,1252.0,0.1196047951282253,2026-09-30,main
006160,1253.0,0.1195590166727573,2026-09-30,main
002216,1254.0,0.1193563001884718,2026-09-30,main
004423,1255.0,0.1193071555507054,2026-09-30,main
014158,1256.0,0.119270546719107,2026-09-30,main
017850,1257.0,0.1192200694479699,2026-09-30,main
004763,1258.0,0.1187033997455164,2026-09-30,main
161038,1259.0,0.1186581379156992,2026-09-30,main
018424,1260.0,0.1185695626228824,2026-09-30,main
016021,1261.0,0.1182328582152352,2026-09-30,main
004703,1262.0,0.1178988131788096,2026-09-30,main
162006,1263.0,0.1176095675315005,2026-09-30,main
012904,1264.0,0.1175449931058802,2026-09-30,main
012314,1265.0,0.1174322222749684,2026-09-30,main
002142,1266.0,0.1172768380415549,2026-09-30,main
014410,1267.0,0.1171900598483224,2026-09-30,main
165531,1268.0,0.1170755519161261,2026-09-30,main
008949,1269.0,0.1168416912482048,2026-09-30,main
005650,1270.0,0.1166113590198694,2026-09-30,main
010787,1271.0,0.1165196630498208,2026-09-30,main
002545,1272.0,0.1162442202430797,2026-09-30,main
023129,1273.0,0.1159203211276118,2026-09-30,main
011229,1274.0,0.1158811961127521,2026-09-30,main
010977,1275.0,0.1158292618470053,2026-09-30,main
375010,1276.0,0.1157558819925816,2026-09-30,main
005743,1277.0,0.1156671727271148,2026-09-30,main
005674,1278.0,0.1155945222283862,2026-09-30,main
005299,1279.0,0.1153996453107857,2026-09-30,main
001182,1280.0,0.1152342277298414,2026-09-30,main
020560,1281.0,0.1152150339403585,2026-09-30,main
012270,1282.0,0.1150257318704151,2026-09-30,main
013534,1283.0,0.114990972268391,2026-09-30,main
011446,1284.0,0.1149593160502522,2026-09-30,main
013899,1285.0,0.1149027212894917,2026-09-30,main
010558,1286.0,0.11469578437357,2026-09-30,main
021663,1287.0,0.1145434019014868,2026-09-30,main
014825,1288.0,0.1143146506689989,2026-09-30,main
004138,1289.0,0.1140084187753973,2026-09-30,main
200001,1290.0,0.113998698918101,2026-09-30,main
200010,1291.0,0.1139845652435704,2026-09-30,main
519011,1292.0,0.1139491411136959,2026-09-30,main
008854,1293.0,0.1137260923731309,2026-09-30,main
014020,1294.0,0.1137141619426327,2026-09-30,main
003119,1295.0,0.1132653173590569,2026-09-30,main
163418,1296.0,0.1132366723447124,2026-09-30,main
011330,1297.0,0.1131342296787953,2026-09-30,main
001758,1298.0,0.1130956851191617,2026-09-30,main
019747,1299.0,0.1128964138844406,2026-09-30,main
017479,1300.0,0.1126303648814608,2026-09-30,main
005294,1301.0,0.1124432565897715,2026-09-30,main
040016,1302.0,0.1123288949263452,2026-09-30,main
011669,1303.0,0.1123063868043545,2026-09-30,main
160607,1304.0,0.1120367366299515,2026-09-30,main
001275,1305.0,0.1119477925182774,2026-09-30,main
013812,1306.0,0.1117256204528387,2026-09-30,main
011765,1307.0,0.111667257627978,2026-09-30,main
501098,1308.0,0.1116337404420462,2026-09-30,main
009486,1309.0,0.1114633186867297,2026-09-30,main
010373,1310.0,0.1112824688213909,2026-09-30,main
019257,1311.0,0.1110750694434483,2026-09-30,main
200016,1312.0,0.1107151882793677,2026-09-30,main
011882,1313.0,0.1106324336130168,2026-09-30,main
006371,1314.0,0.1104537817192214,2026-09-30,main
019797,1315.0,0.1102780890718859,2026-09-30,main
021990,1316.0,0.1102651230722682,2026-09-30,main
020037,1317.0,0.1100471577862773,2026-09-30,main
003396,1318.0,0.1098172565650699,2026-09-30,main
470028,1319.0,0.1097337080167333,2026-09-30,main
005587,1320.0,0.109706808210537,2026-09-30,main
019468,1321.0,0.1095330537925656,2026-09-30,main
011344,1322.0,0.1092234905773337,2026-09-30,main
002780,1323.0,0.1091324525027954,2026-09-30,main
530005,1324.0,0.109099771682996,2026-09-30,main
004986,1325.0,0.108964204820334,2026-09-30,main
005351,1326.0,0.1089294424396281,2026-09-30,main
003842,1327.0,0.1088927630120282,2026-09-30,main
501227,1328.0,0.1088579377006677,2026-09-30,main
006281,1329.0,0.1086687275517579,2026-09-30,main
110010,1330.0,0.1086218523777713,2026-09-30,main
003502,1331.0,0.1084707562775129,2026-09-30,main
014506,1332.0,0.1084507605318201,2026-09-30,main
001430,1333.0,0.1083939539373006,2026-09-30,main
007549,1334.0,0.107930419679264,2026-09-30,main
004890,1335.0,0.1078579289628376,2026-09-30,main
010148,1336.0,0.1075840159505641,2026-09-30,main
000167,1337.0,0.1072634648612451,2026-09-30,main
016592,1338.0,0.107115285561149,2026-09-30,main
163807,1339.0,0.1070131689305935,2026-09-30,main
004218,1340.0,0.1067998217886581,2026-09-30,main
001192,1341.0,0.1067030271827109,2026-09-30,main
000932,1342.0,0.1065254946590272,2026-09-30,main
320006,1343.0,0.1062156438057093,2026-09-30,main
270022,1344.0,0.1061393948699098,2026-09-30,main
005303,1345.0,0.1058589063644954,2026-09-30,main
240009,1346.0,0.1055176474486563,2026-09-30,main
012111,1347.0,0.1054213646851187,2026-09-30,main
005729,1348.0,0.1053795673484665,2026-09-30,main
002537,1349.0,0.1053427067738967,2026-09-30,main
024483,1350.0,0.1053255007933637,2026-09-30,main
001120,1351.0,0.1050239930196532,2026-09-30,main
008297,1352.0,0.1050064307732867,2026-09-30,main
000971,1353.0,0.1049690982859845,2026-09-30,main
003053,1354.0,0.1049551331530673,2026-09-30,main
008318,1355.0,0.1049255983480728,2026-09-30,main
017935,1356.0,0.1048162228002858,2026-09-30,main
015293,1357.0,0.1047260746203142,2026-09-30,main
009863,1358.0,0.1043764044102097,2026-09-30,main
050014,1359.0,0.1042151956746204,2026-09-30,main
002005,1360.0,0.1042122928611988,2026-09-30,main
005443,1361.0,0.1041403306783133,2026-09-30,main
002288,1362.0,0.1038849598221864,2026-09-30,main
022320,1363.0,0.1038359827576205,2026-09-30,main
010994,1364.0,0.1038017864455254,2026-09-30,main
018493,1365.0,0.1037792580520555,2026-09-30,main
005211,1366.0,0.10373533037986,2026-09-30,main
020138,1367.0,0.103676928541881,2026-09-30,main
022164,1368.0,0.1035781291131916,2026-09-30,main
018823,1369.0,0.103480158353415,2026-09-30,main
010662,1370.0,0.1034346281019911,2026-09-30,main
013513,1371.0,0.1034160999165063,2026-09-30,main
013033,1372.0,0.1033812719706233,2026-09-30,main
163822,1373.0,0.1030184212378269,2026-09-30,main
002494,1374.0,0.1029886961919308,2026-09-30,main
004119,1375.0,0.1024191472602571,2026-09-30,main
009840,1376.0,0.102366321248932,2026-09-30,main
590008,1377.0,0.1023375312536527,2026-09-30,main
010665,1378.0,0.1022136319397357,2026-09-30,main
024446,1379.0,0.1020516693443303,2026-09-30,main
005457,1380.0,0.1019338768794397,2026-09-30,main
011803,1381.0,0.1016445514397397,2026-09-30,main
012828,1382.0,0.1014938105001417,2026-09-30,main
010781,1383.0,0.1012499042079813,2026-09-30,main
014838,1384.0,0.1009968618130454,2026-09-30,main
519021,1385.0,0.1009751954898443,2026-09-30,main
001681,1386.0,0.1008952627136703,2026-09-30,main
016466,1387.0,0.1008224912308697,2026-09-30,main
005009,1388.0,0.1008193111683546,2026-09-30,main
161610,1389.0,0.1006721390922011,2026-09-30,main
000328,1390.0,0.1006569349513295,2026-09-30,main
450007,1391.0,0.1005427113826258,2026-09-30,main
001474,1392.0,0.1004874261350821,2026-09-30,main
014526,1393.0,0.1002504487788764,2026-09-30,main
023362,1394.0,0.099963968542506,2026-09-30,main
003713,1395.0,0.0998286351854673,2026-09-30,main
020276,1396.0,0.0994223600327874,2026-09-30,main
014756,1397.0,0.0993919553290083,2026-09-30,main
003175,1398.0,0.0992982798107231,2026-09-30,main
006230,1399.0,0.0992386987007347,2026-09-30,main
019387,1400.0,0.0991479500853469,2026-09-30,main
012977,1401.0,0.0991025052084582,2026-09-30,main
400003,1402.0,0.0985410870850704,2026-09-30,main
014625,1403.0,0.0983214695288647,2026-09-30,main
015291,1404.0,0.0982819951974607,2026-09-30,main
011645,1405.0,0.0982056718793473,2026-09-30,main
019982,1406.0,0.0979516693356592,2026-09-30,main
001148,1407.0,0.0979116849582057,2026-09-30,main
100029,1408.0,0.0978555101608955,2026-09-30,main
014545,1409.0,0.0977731056133293,2026-09-30,main
012993,1410.0,0.0977515560409993,2026-09-30,main
011450,1411.0,0.0976679460789731,2026-09-30,main
023921,1412.0,0.0975857849220089,2026-09-30,main
011698,1413.0,0.0974416427993396,2026-09-30,main
005635,1414.0,0.0974252766196459,2026-09-30,main
001645,1415.0,0.0973983514515355,2026-09-30,main
519951,1416.0,0.0972830998383351,2026-09-30,main
161219,1417.0,0.097092616729268,2026-09-30,main
010049,1418.0,0.0970280526021514,2026-09-30,main
006195,1419.0,0.0967656635876026,2026-09-30,main
163818,1420.0,0.0967189469922897,2026-09-30,main
217001,1421.0,0.0965524425556501,2026-09-30,main
010934,1422.0,0.0964045156978479,2026-09-30,main
002934,1423.0,0.0962697168309947,2026-09-30,main
005258,1424.0,0.0962614234151981,2026-09-30,main
021726,1425.0,0.0959259362054425,2026-09-30,main
008418,1426.0,0.095607862489595,2026-09-30,main
004809,1427.0,0.0952711639289494,2026-09-30,main
010965,1428.0,0.0951980236306773,2026-09-30,main
011841,1429.0,0.0951956495993551,2026-09-30,main
001345,1430.0,0.0951185816799553,2026-09-30,main
673060,1431.0,0.0950658328469644,2026-09-30,main
015381,1432.0,0.0949287834197749,2026-09-30,main
001245,1433.0,0.0947391877219581,2026-09-30,main
470098,1434.0,0.0947172145692523,2026-09-30,main
012913,1435.0,0.0945909123102046,2026-09-30,main
001650,1436.0,0.0944031164374901,2026-09-30,main
019997,1437.0,0.0942621284043152,2026-09-30,main
240022,1438.0,0.0942232494711592,2026-09-30,main
014788,1439.0,0.0941887643103991,2026-09-30,main
005708,1440.0,0.0939559822787237,2026-09-30,main
003501,1441.0,0.0939485116910316,2026-09-30,main
161728,1442.0,0.0939337932945252,2026-09-30,main
000480,1443.0,0.0938657915034422,2026-09-30,main
013091,1444.0,0.0935958459848067,2026-09-30,main
005260,1445.0,0.0935838023139832,2026-09-30,main
005059,1446.0,0.0935744524334272,2026-09-30,main
009986,1447.0,0.0935686714954264,2026-09-30,main
011801,1448.0,0.0933603919376586,2026-09-30,main
270006,1449.0,0.0932893841377155,2026-09-30,main
008905,1450.0,0.0932134961715762,2026-09-30,main
008328,1451.0,0.0931872034587526,2026-09-30,main
008120,1452.0,0.093169497179983,2026-09-30,main
460002,1453.0,0.0930754910782691,2026-09-30,main
001695,1454.0,0.0930568175572661,2026-09-30,main
013345,1455.0,0.0930180252581207,2026-09-30,main
001334,1456.0,0.0928477895203692,2026-09-30,main
019612,1457.0,0.0928469780424192,2026-09-30,main
006785,1458.0,0.0928101498778266,2026-09-30,main
470021,1459.0,0.092744017217704,2026-09-30,main
002669,1460.0,0.092611774289248,2026-09-30,main
021247,1461.0,0.0923969902015333,2026-09-30,main
005739,1462.0,0.0923844499810186,2026-09-30,main
121010,1463.0,0.0923574795519293,2026-09-30,main
163406,1464.0,0.0922660683366942,2026-09-30,main
003152,1465.0,0.0921499857726353,2026-09-30,main
007802,1466.0,0.0919903190684718,2026-09-30,main
011425,1467.0,0.0916383648002407,2026-09-30,main
019879,1468.0,0.0914919933373104,2026-09-30,main
001541,1469.0,0.0914615577597044,2026-09-30,main
001322,1470.0,0.0911337516857038,2026-09-30,main
002595,1471.0,0.0910098346731853,2026-09-30,main
880007,1472.0,0.0909231781165649,2026-09-30,main
006535,1473.0,0.0905800357647468,2026-09-30,main
013123,1474.0,0.0905526009185357,2026-09-30,main
002317,1475.0,0.0905083012865592,2026-09-30,main
013323,1476.0,0.0904772030413174,2026-09-30,main
519018,1477.0,0.0904176831348957,2026-09-30,main
519983,1478.0,0.08991115972438,2026-09-30,main
008264,1479.0,0.0898896069906818,2026-09-30,main
020424,1480.0,0.0898552656515327,2026-09-30,main
007592,1481.0,0.0897927477160458,2026-09-30,main
005618,1482.0,0.0897504254097902,2026-09-30,main
013552,1483.0,0.0897417832547158,2026-09-30,main
014224,1484.0,0.0896883190184121,2026-09-30,main
021623,1485.0,0.089632392165067,2026-09-30,main
000788,1486.0,0.089463843269536,2026-09-30,main
019159,1487.0,0.0893698472286945,2026-09-30,main
240002,1488.0,0.0891559988577299,2026-09-30,main
010062,1489.0,0.088940873411456,2026-09-30,main
012033,1490.0,0.0888473248824701,2026-09-30,main
003886,1491.0,0.0887842361493527,2026-09-30,main
001990,1492.0,0.0885765469688315,2026-09-30,main
008846,1493.0,0.0885708101487319,2026-09-30,main
011001,1494.0,0.0884582899340322,2026-09-30,main
519995,1495.0,0.0882311070758687,2026-09-30,main
360007,1496.0,0.0881773843242059,2026-09-30,main
020567,1497.0,0.0881446944669857,2026-09-30,main
001255,1498.0,0.0881079153866124,2026-09-30,main
004279,1499.0,0.0878756691381439,2026-09-30,main
100016,1500.0,0.0877301809316188,2026-09-30,main
015789,1501.0,0.0874578349117904,2026-09-30,main
018728,1502.0,0.0873220730720634,2026-09-30,main
040035,1503.0,0.0871822745243113,2026-09-30,main
018071,1504.0,0.0871696797027388,2026-09-30,main
017751,1505.0,0.087018158426368,2026-09-30,main
024443,1506.0,0.0869233600731271,2026-09-30,main
010534,1507.0,0.0866643586723625,2026-09-30,main
501087,1508.0,0.0866037281817884,2026-09-30,main
008372,1509.0,0.0864850014114284,2026-09-30,main
010560,1510.0,0.0864505444515104,2026-09-30,main
070017,1511.0,0.0864123909383445,2026-09-30,main
519171,1512.0,0.0862136343631119,2026-09-30,main
000663,1513.0,0.0860773649659918,2026-09-30,main
002939,1514.0,0.0860153918857888,2026-09-30,main
001924,1515.0,0.0860016266956105,2026-09-30,main
163804,1516.0,0.0859873186754152,2026-09-30,main
008954,1517.0,0.0858321428804438,2026-09-30,main
014995,1518.0,0.0858254963324129,2026-09-30,main
005947,1519.0,0.0855849865082134,2026-09-30,main
016553,1520.0,0.0855393298277176,2026-09-30,main
011997,1521.0,0.0855354451368797,2026-09-30,main
015880,1522.0,0.0853230207027084,2026-09-30,main
008150,1523.0,0.0852484378039586,2026-09-30,main
001466,1524.0,0.0851588533749376,2026-09-30,main
003308,1525.0,0.0851297513115318,2026-09-30,main
016449,1526.0,0.0851107339407728,2026-09-30,main
013916,1527.0,0.0850062786982928,2026-09-30,main
007903,1528.0,0.0849173536415257,2026-09-30,main
010971,1529.0,0.0848389788308967,2026-09-30,main
010345,1530.0,0.0847434955958197,2026-09-30,main
017964,1531.0,0.0845797688538778,2026-09-30,main
013021,1532.0,0.0845458417696634,2026-09-30,main
007368,1533.0,0.0843048625746474,2026-09-30,main
018918,1534.0,0.0842168148581865,2026-09-30,main
011585,1535.0,0.0841577279408509,2026-09-30,main
016332,1536.0,0.0841014563005775,2026-09-30,main
021859,1537.0,0.0840310030296251,2026-09-30,main
001122,1538.0,0.0840091187473552,2026-09-30,main
009932,1539.0,0.0839845061956283,2026-09-30,main
000477,1540.0,0.0838691334085086,2026-09-30,main
001272,1541.0,0.0833745955620344,2026-09-30,main
016961,1542.0,0.0833647761193152,2026-09-30,main
009606,1543.0,0.0831641186736333,2026-09-30,main
004774,1544.0,0.0831603722032079,2026-09-30,main
001970,1545.0,0.0830889227034374,2026-09-30,main
014805,1546.0,0.0828293695333755,2026-09-30,main
004475,1547.0,0.0827380308203906,2026-09-30,main
013284,1548.0,0.0827281525637764,2026-09-30,main
519007,1549.0,0.0827025342704843,2026-09-30,main
162204,1550.0,0.0826583633346547,2026-09-30,main
673110,1551.0,0.082457165139661,2026-09-30,main
001811,1552.0,0.08244724627703,2026-09-30,main
011458,1553.0,0.0823649336078982,2026-09-30,main
007137,1554.0,0.0821723253585671,2026-09-30,main
163803,1555.0,0.0819625286387653,2026-09-30,main
009740,1556.0,0.0818472043441229,2026-09-30,main
015586,1557.0,0.0818261171955692,2026-09-30,main
005049,1558.0,0.0816509584876046,2026-09-30,main
011743,1559.0,0.0815483114936383,2026-09-30,main
001809,1560.0,0.0814188329148171,2026-09-30,main
002472,1561.0,0.0814042062490005,2026-09-30,main
001796,1562.0,0.0812238398523454,2026-09-30,main
007527,1563.0,0.0811258617049133,2026-09-30,main
012443,1564.0,0.0811068278041471,2026-09-30,main
001220,1565.0,0.0810252922877134,2026-09-30,main
021187,1566.0,0.0809409118279975,2026-09-30,main
100020,1567.0,0.0808868816892292,2026-09-30,main
019617,1568.0,0.0808131503993188,2026-09-30,main
011756,1569.0,0.0807800729568408,2026-09-30,main
014135,1570.0,0.0806853267879565,2026-09-30,main
005984,1571.0,0.0806663735090824,2026-09-30,main
001722,1572.0,0.0805984056054167,2026-09-30,main
004301,1573.0,0.0805951542926175,2026-09-30,main
011056,1574.0,0.0805363248888699,2026-09-30,main
000507,1575.0,0.0804591406154482,2026-09-30,main
019146,1576.0,0.0803416562377012,2026-09-30,main
019902,1577.0,0.0803357281326986,2026-09-30,main
001980,1578.0,0.0802631710036254,2026-09-30,main
519120,1579.0,0.0801114429901606,2026-09-30,main
005616,1580.0,0.0801070273538546,2026-09-30,main
161222,1581.0,0.0800285055200327,2026-09-30,main
011820,1582.0,0.0799777120558342,2026-09-30,main
012202,1583.0,0.0799303442699259,2026-09-30,main
007066,1584.0,0.079899901563706,2026-09-30,main
007470,1585.0,0.0798496198832015,2026-09-30,main
007130,1586.0,0.0796232906482783,2026-09-30,main
519035,1587.0,0.0794977704187189,2026-09-30,main
011471,1588.0,0.0793650409786737,2026-09-30,main
000520,1589.0,0.07933877352882,2026-09-30,main
002449,1590.0,0.0792865354059559,2026-09-30,main
002871,1591.0,0.0792825000190382,2026-09-30,main
013661,1592.0,0.079260206822409,2026-09-30,main
012955,1593.0,0.0792416877083068,2026-09-30,main
019690,1594.0,0.0791862066914379,2026-09-30,main
011837,1595.0,0.0791827580063471,2026-09-30,main
005434,1596.0,0.0790881377669272,2026-09-30,main
000996,1597.0,0.0790730277268192,2026-09-30,main
021576,1598.0,0.0790109991839422,2026-09-30,main
021864,1599.0,0.0788503153958073,2026-09-30,main
001453,1600.0,0.0787763690014489,2026-09-30,main
011773,1601.0,0.0787517944848295,2026-09-30,main
519692,1602.0,0.0785262596826446,2026-09-30,main
590003,1603.0,0.0784464279439127,2026-09-30,main
009885,1604.0,0.0783411507390048,2026-09-30,main
470008,1605.0,0.0782845840098001,2026-09-30,main
000526,1606.0,0.0782640301949162,2026-09-30,main
012880,1607.0,0.077927360096313,2026-09-30,main
009992,1608.0,0.0778580529271579,2026-09-30,main
023106,1609.0,0.0777890430366381,2026-09-30,main
000508,1610.0,0.0777741547617614,2026-09-30,main
310368,1611.0,0.0775809471688839,2026-09-30,main
260101,1612.0,0.0775710838047174,2026-09-30,main
001318,1613.0,0.077527842826639,2026-09-30,main
019113,1614.0,0.0772691984878823,2026-09-30,main
002407,1615.0,0.0772261966594805,2026-09-30,main
009152,1616.0,0.077224900367685,2026-09-30,main
011194,1617.0,0.0770891793195462,2026-09-30,main
009591,1618.0,0.0769788408440028,2026-09-30,main
005741,1619.0,0.0769187596872489,2026-09-30,main
121003,1620.0,0.0768383490357293,2026-09-30,main
012688,1621.0,0.0768301095535055,2026-09-30,main
002983,1622.0,0.0767920280963705,2026-09-30,main
017043,1623.0,0.0767157215941196,2026-09-30,main
016252,1624.0,0.0764545743145184,2026-09-30,main
011427,1625.0,0.0764097584442315,2026-09-30,main
015970,1626.0,0.0763107703438195,2026-09-30,main
005955,1627.0,0.0761707399001208,2026-09-30,main
010338,1628.0,0.0761155860103539,2026-09-30,main
009810,1629.0,0.0759842748856425,2026-09-30,main
010824,1630.0,0.0759399541010747,2026-09-30,main
019336,1631.0,0.0758662076738898,2026-09-30,main
008244,1632.0,0.075349883226196,2026-09-30,main
020158,1633.0,0.0752548728013542,2026-09-30,main
005281,1634.0,0.075196151222969,2026-09-30,main
010826,1635.0,0.0751832272418215,2026-09-30,main
002837,1636.0,0.0751381777455058,2026-09-30,main
006696,1637.0,0.075002394049727,2026-09-30,main
121008,1638.0,0.0749338296664552,2026-09-30,main
320018,1639.0,0.0747715766758472,2026-09-30,main
005630,1640.0,0.0747118385519858,2026-09-30,main
340008,1641.0,0.0747106946003555,2026-09-30,main
009215,1642.0,0.0746991929140026,2026-09-30,main
002389,1643.0,0.0746334027183872,2026-09-30,main
001656,1644.0,0.0746152338662891,2026-09-30,main
160726,1645.0,0.0743683161218422,2026-09-30,main
011149,1646.0,0.0742596788087996,2026-09-30,main
020305,1647.0,0.0742236639165292,2026-09-30,main
000993,1648.0,0.0742137155024773,2026-09-30,main
012991,1649.0,0.0741981747946523,2026-09-30,main
011052,1650.0,0.0739675393824246,2026-09-30,main
010725,1651.0,0.0739517890079417,2026-09-30,main
288002,1652.0,0.0738964373561115,2026-09-30,main
019124,1653.0,0.0738910910829513,2026-09-30,main
001097,1654.0,0.0737712360125109,2026-09-30,main
006299,1655.0,0.0735784156642558,2026-09-30,main
015697,1656.0,0.0735667764675083,2026-09-30,main
166109,1657.0,0.0735522309567793,2026-09-30,main
006259,1658.0,0.0734032000813393,2026-09-30,main
011598,1659.0,0.0733947387074698,2026-09-30,main
580001,1660.0,0.0732462728520206,2026-09-30,main
011849,1661.0,0.0732355780262563,2026-09-30,main
012892,1662.0,0.0728234855676408,2026-09-30,main
000824,1663.0,0.0727533087838847,2026-09-30,main
003295,1664.0,0.0725771069593312,2026-09-30,main
010640,1665.0,0.0725248202903856,2026-09-30,main
017598,1666.0,0.0724404072290563,2026-09-30,main
005126,1667.0,0.0722941873463802,2026-09-30,main
010738,1668.0,0.072294135207191,2026-09-30,main
004355,1669.0,0.0721926908209278,2026-09-30,main
023344,1670.0,0.0721174371888127,2026-09-30,main
014878,1671.0,0.0719587810092061,2026-09-30,main
016105,1672.0,0.071928854042738,2026-09-30,main
014558,1673.0,0.0718997037489346,2026-09-30,main
007126,1674.0,0.0718791707969197,2026-09-30,main
001974,1675.0,0.0718276343603632,2026-09-30,main
012572,1676.0,0.071813072807521,2026-09-30,main
000667,1677.0,0.0717499056202994,2026-09-30,main
010751,1678.0,0.0716683944980784,2026-09-30,main
022211,1679.0,0.0716083215377381,2026-09-30,main
004394,1680.0,0.0715888140674374,2026-09-30,main
001562,1681.0,0.0715352536394762,2026-09-30,main
460001,1682.0,0.0712760357612545,2026-09-30,main
022028,1683.0,0.0712430995454225,2026-09-30,main
020303,1684.0,0.0711750267108655,2026-09-30,main
009663,1685.0,0.0711067483773628,2026-09-30,main
024429,1686.0,0.0709769626028453,2026-09-30,main
003882,1687.0,0.0708715748068891,2026-09-30,main
393001,1688.0,0.0708315245593491,2026-09-30,main
012153,1689.0,0.0708169348737199,2026-09-30,main
001384,1690.0,0.0707024408695469,2026-09-30,main
011663,1691.0,0.0706957877841598,2026-09-30,main
005760,1692.0,0.0706778544283175,2026-09-30,main
007243,1693.0,0.07062697215906,2026-09-30,main
002291,1694.0,0.0705400934119737,2026-09-30,main
519736,1695.0,0.0704931344646861,2026-09-30,main
014827,1696.0,0.0704250698264497,2026-09-30,main
004737,1697.0,0.0704237171485815,2026-09-30,main
018626,1698.0,0.0703809859364572,2026-09-30,main
018827,1699.0,0.0703542259247231,2026-09-30,main
012495,1700.0,0.0701044335593783,2026-09-30,main
410007,1701.0,0.0700603729755859,2026-09-30,main
008655,1702.0,0.0699208977588683,2026-09-30,main
519755,1703.0,0.0699055130270838,2026-09-30,main
015160,1704.0,0.0698035067541902,2026-09-30,main
501186,1705.0,0.0695273909876044,2026-09-30,main
001323,1706.0,0.0695233028562076,2026-09-30,main
001637,1707.0,0.0695055519086962,2026-09-30,main
002210,1708.0,0.0694815098798002,2026-09-30,main
016492,1709.0,0.0694747686715959,2026-09-30,main
001422,1710.0,0.0694131706175777,2026-09-30,main
012428,1711.0,0.0693763144572685,2026-09-30,main
006564,1712.0,0.0693352162279203,2026-09-30,main
010008,1713.0,0.0690969248702677,2026-09-30,main
001172,1714.0,0.0690695442908768,2026-09-30,main
010230,1715.0,0.0689087335583871,2026-09-30,main
000877,1716.0,0.0688073947779728,2026-09-30,main
019985,1717.0,0.0686689129145698,2026-09-30,main
010984,1718.0,0.0685006998427675,2026-09-30,main
002819,1719.0,0.0683712887022547,2026-09-30,main
004335,1720.0,0.0683660862856518,2026-09-30,main
000039,1721.0,0.0682691596159219,2026-09-30,main
519727,1722.0,0.0681117287307262,2026-09-30,main
000841,1723.0,0.068107794721824,2026-09-30,main
012334,1724.0,0.0680178038089982,2026-09-30,main
001135,1725.0,0.0680105608259211,2026-09-30,main
013078,1726.0,0.0679409684656273,2026-09-30,main
151002,1727.0,0.06770390473368,2026-09-30,main
519198,1728.0,0.0676142022694161,2026-09-30,main
010166,1729.0,0.0676026001998753,2026-09-30,main
090006,1730.0,0.0675526991446091,2026-09-30,main
010455,1731.0,0.0673888663435511,2026-09-30,main
000173,1732.0,0.0671658253915019,2026-09-30,main
013765,1733.0,0.0671032398611541,2026-09-30,main
020864,1734.0,0.0667899333538115,2026-09-30,main
519738,1735.0,0.0667511875585979,2026-09-30,main
011740,1736.0,0.0664902899205337,2026-09-30,main
003142,1737.0,0.0663991118023745,2026-09-30,main
002562,1738.0,0.0663522961808851,2026-09-30,main
001314,1739.0,0.0662249327413622,2026-09-30,main
360010,1740.0,0.0661426222162924,2026-09-30,main
009887,1741.0,0.0660680978485799,2026-09-30,main
013166,1742.0,0.0660278080857059,2026-09-30,main
050001,1743.0,0.0659738403496146,2026-09-30,main
024917,1744.0,0.0659342319823044,2026-09-30,main
620001,1745.0,0.0658267165486821,2026-09-30,main
005738,1746.0,0.065760572718724,2026-09-30,main
008420,1747.0,0.0656400173659905,2026-09-30,main
024808,1748.0,0.0654844443263638,2026-09-30,main
019505,1749.0,0.0654696832104564,2026-09-30,main
009557,1750.0,0.0654380706327075,2026-09-30,main
021094,1751.0,0.0654229328284838,2026-09-30,main
005293,1752.0,0.0653064480190295,2026-09-30,main
009646,1753.0,0.0652579031968825,2026-09-30,main
021812,1754.0,0.0651679432587084,2026-09-30,main
202011,1755.0,0.0649774773636335,2026-09-30,main
012963,1756.0,0.0649539910515204,2026-09-30,main
015887,1757.0,0.0648853335455685,2026-09-30,main
050201,1758.0,0.0647916290141006,2026-09-30,main
002331,1759.0,0.0647084634410355,2026-09-30,main
121005,1760.0,0.0645903342260514,2026-09-30,main
166006,1761.0,0.0645547325560136,2026-09-30,main
000928,1762.0,0.0645530766220874,2026-09-30,main
012945,1763.0,0.0643725991797226,2026-09-30,main
014179,1764.0,0.0642791334330652,2026-09-30,main
021814,1765.0,0.0642748729258553,2026-09-30,main
013998,1766.0,0.0642091868605758,2026-09-30,main
002159,1767.0,0.0641404525090556,2026-09-30,main
009341,1768.0,0.0640510733558361,2026-09-30,main
163415,1769.0,0.0639924966045459,2026-09-30,main
009796,1770.0,0.0638430542178918,2026-09-30,main
519008,1771.0,0.0638124484953683,2026-09-30,main
013365,1772.0,0.0637131054927222,2026-09-30,main
024640,1773.0,0.0635883565024504,2026-09-30,main
010868,1774.0,0.0635555455492613,2026-09-30,main
001603,1775.0,0.0634947549948357,2026-09-30,main
007415,1776.0,0.0634873055736739,2026-09-30,main
001433,1777.0,0.0633516658393198,2026-09-30,main
501219,1778.0,0.06334235789288,2026-09-30,main
013200,1779.0,0.0632811989216701,2026-09-30,main
340007,1780.0,0.0630319605795048,2026-09-30,main
005472,1781.0,0.0630146774483144,2026-09-30,main
011554,1782.0,0.0630107476649002,2026-09-30,main
002411,1783.0,0.0629229893839162,2026-09-30,main
005225,1784.0,0.0628380702307176,2026-09-30,main
018724,1785.0,0.0628032695378493,2026-09-30,main
001736,1786.0,0.0627163204938165,2026-09-30,main
005177,1787.0,0.0627106559773231,2026-09-30,main
519066,1788.0,0.0626863178407055,2026-09-30,main
012077,1789.0,0.062613052394673,2026-09-30,main
000672,1790.0,0.0625551733281197,2026-09-30,main
011064,1791.0,0.0625257840516262,2026-09-30,main
001277,1792.0,0.0623386011886413,2026-09-30,main
008356,1793.0,0.0622873645961656,2026-09-30,main
001721,1794.0,0.0621623576664411,2026-09-30,main
000843,1795.0,0.0621356656002767,2026-09-30,main
004686,1796.0,0.0620912862171829,2026-09-30,main
000589,1797.0,0.0620015122572743,2026-09-30,main
000831,1798.0,0.061886149094916,2026-09-30,main
002222,1799.0,0.0618443436407372,2026-09-30,main
012744,1800.0,0.0618387381328788,2026-09-30,main
002181,1801.0,0.0618190080754434,2026-09-30,main
519017,1802.0,0.0617106287828328,2026-09-30,main
000747,1803.0,0.0617038209868419,2026-09-30,main
004698,1804.0,0.061689336038772,2026-09-30,main
010728,1805.0,0.0616809379488862,2026-09-30,main
000190,1806.0,0.0616508055367304,2026-09-30,main
004091,1807.0,0.0613746698198551,2026-09-30,main
011866,1808.0,0.0612335725500148,2026-09-30,main
022488,1809.0,0.0612198273643054,2026-09-30,main
320012,1810.0,0.0612117080596374,2026-09-30,main
001249,1811.0,0.0611956709485852,2026-09-30,main
004756,1812.0,0.0611818917295461,2026-09-30,main
016832,1813.0,0.0611675771264934,2026-09-30,main
014946,1814.0,0.0611462514106186,2026-09-30,main
007468,1815.0,0.0609998012881884,2026-09-30,main
019600,1816.0,0.0608509136539179,2026-09-30,main
160916,1817.0,0.0607673623630218,2026-09-30,main
001815,1818.0,0.0606616438008789,2026-09-30,main
012995,1819.0,0.0603776377693985,2026-09-30,main
006392,1820.0,0.0603488340125315,2026-09-30,main
005927,1821.0,0.060346911500533,2026-09-30,main
010881,1822.0,0.0603197358652376,2026-09-30,main
021046,1823.0,0.0603137294886471,2026-09-30,main
000985,1824.0,0.0603012548550914,2026-09-30,main
019130,1825.0,0.0602608087876428,2026-09-30,main
003026,1826.0,0.060220275487554,2026-09-30,main
013141,1827.0,0.0601797624687803,2026-09-30,main
160133,1828.0,0.0601091408649183,2026-09-30,main
970184,1829.0,0.0599425573681895,2026-09-30,main
021316,1830.0,0.0598230911879276,2026-09-30,main
015137,1831.0,0.0597295525044703,2026-09-30,main
005450,1832.0,0.0596273007252265,2026-09-30,main
013417,1833.0,0.0595336348518509,2026-09-30,main
014198,1834.0,0.0595284884430431,2026-09-30,main
040011,1835.0,0.0593875033307318,2026-09-30,main
121006,1836.0,0.0592627754555796,2026-09-30,main
008128,1837.0,0.0591951352554021,2026-09-30,main
019722,1838.0,0.0591074460631584,2026-09-30,main
020842,1839.0,0.0590696711527169,2026-09-30,main
002213,1840.0,0.0590551693611953,2026-09-30,main
015610,1841.0,0.0588601182978894,2026-09-30,main
012493,1842.0,0.0588584510498257,2026-09-30,main
019787,1843.0,0.0588181065271693,2026-09-30,main
002660,1844.0,0.0588124136969074,2026-09-30,main
001256,1845.0,0.0585177741610127,2026-09-30,main
161834,1846.0,0.0584753170856795,2026-09-30,main
024711,1847.0,0.0584247678770024,2026-09-30,main
002182,1848.0,0.0584130201919117,2026-09-30,main
290011,1849.0,0.0582758352979275,2026-09-30,main
005571,1850.0,0.0580910217099488,2026-09-30,main
021570,1851.0,0.0580529631399078,2026-09-30,main
001756,1852.0,0.057989458651616,2026-09-30,main
004209,1853.0,0.0579634563869706,2026-09-30,main
017060,1854.0,0.0578921808198189,2026-09-30,main
001441,1855.0,0.0578448624935394,2026-09-30,main
160613,1856.0,0.0575812906211627,2026-09-30,main
009500,1857.0,0.0575012360408087,2026-09-30,main
001880,1858.0,0.057462242868566,2026-09-30,main
004934,1859.0,0.0572014972046832,2026-09-30,main
017619,1860.0,0.0571605735363112,2026-09-30,main
009623,1861.0,0.0571491613763921,2026-09-30,main
024786,1862.0,0.057008645496605,2026-09-30,main
000029,1863.0,0.0569766042608883,2026-09-30,main
202007,1864.0,0.0567389694543618,2026-09-30,main
000433,1865.0,0.0567270278282505,2026-09-30,main
009043,1866.0,0.0566436890833614,2026-09-30,main
009686,1867.0,0.0565072753459008,2026-09-30,main
007775,1868.0,0.0564731740599435,2026-09-30,main
004695,1869.0,0.0563937970556396,2026-09-30,main
019322,1870.0,0.0563926289690506,2026-09-30,main
001806,1871.0,0.0563923183954084,2026-09-30,main
011692,1872.0,0.0563733136665953,2026-09-30,main
001443,1873.0,0.0563354767718191,2026-09-30,main
004975,1874.0,0.0562998212763476,2026-09-30,main
050018,1875.0,0.0562799946287326,2026-09-30,main
012025,1876.0,0.0562642942832838,2026-09-30,main
013632,1877.0,0.0562516512185762,2026-09-30,main
015305,1878.0,0.0561979024358707,2026-09-30,main
540006,1879.0,0.0561806135151761,2026-09-30,main
121002,1880.0,0.0561372685716283,2026-09-30,main
013465,1881.0,0.0560477014108344,2026-09-30,main
018635,1882.0,0.0559716946197721,2026-09-30,main
320011,1883.0,0.0559211700959549,2026-09-30,main
003805,1884.0,0.0558765632809312,2026-09-30,main
011260,1885.0,0.0558689599139341,2026-09-30,main
001910,1886.0,0.0556724265649923,2026-09-30,main
005821,1887.0,0.0556197944703236,2026-09-30,main
012669,1888.0,0.0555225883737955,2026-09-30,main
750001,1889.0,0.0554915183290147,2026-09-30,main
015110,1890.0,0.0554496359146496,2026-09-30,main
019338,1891.0,0.0554294804267772,2026-09-30,main
003476,1892.0,0.0553212689486575,2026-09-30,main
000587,1893.0,0.0551268141243448,2026-09-30,main
010742,1894.0,0.0550882800083736,2026-09-30,main
004517,1895.0,0.0550793268995439,2026-09-30,main
007254,1896.0,0.0550626080324747,2026-09-30,main
011921,1897.0,0.0550490799572207,2026-09-30,main
001183,1898.0,0.0550304688610729,2026-09-30,main
004153,1899.0,0.0549351071796921,2026-09-30,main
009106,1900.0,0.0548624301707429,2026-09-30,main
002011,1901.0,0.0548391741435883,2026-09-30,main
018418,1902.0,0.0548084280516427,2026-09-30,main
000409,1903.0,0.0547952328778378,2026-09-30,main
018455,1904.0,0.0544274427978743,2026-09-30,main
012023,1905.0,0.0543484413440304,2026-09-30,main
001231,1906.0,0.0543348449076457,2026-09-30,main
004128,1907.0,0.0543053353104332,2026-09-30,main
021692,1908.0,0.0542908810654851,2026-09-30,main
012785,1909.0,0.0542428650256259,2026-09-30,main
001342,1910.0,0.0542057687733186,2026-09-30,main
020010,1911.0,0.0540688636117869,2026-09-30,main
013914,1912.0,0.054035163919075,2026-09-30,main
002498,1913.0,0.0539021853769337,2026-09-30,main
009601,1914.0,0.0538989197194621,2026-09-30,main
004154,1915.0,0.0538595945203177,2026-09-30,main
000082,1916.0,0.0538136319380939,2026-09-30,main
070099,1917.0,0.053721342382182,2026-09-30,main
519979,1918.0,0.0536291235552122,2026-09-30,main
080015,1919.0,0.0536054206143303,2026-09-30,main
008664,1920.0,0.0535290381011972,2026-09-30,main
017769,1921.0,0.0534164625793773,2026-09-30,main
004836,1922.0,0.0534117577941446,2026-09-30,main
001705,1923.0,0.0533985851566587,2026-09-30,main
005373,1924.0,0.0533757355910757,2026-09-30,main
010439,1925.0,0.0533406711934578,2026-09-30,main
024661,1926.0,0.0532012723484223,2026-09-30,main
013895,1927.0,0.0531713282970709,2026-09-30,main
450011,1928.0,0.0531064555250877,2026-09-30,main
001189,1929.0,0.0531000317246967,2026-09-30,main
013624,1930.0,0.0530757985893006,2026-09-30,main
014701,1931.0,0.0529028892080898,2026-09-30,main
450001,1932.0,0.0528917891052524,2026-09-30,main
217009,1933.0,0.0527390844583726,2026-09-30,main
003641,1934.0,0.0527232255518401,2026-09-30,main
007854,1935.0,0.0525861495225934,2026-09-30,main
009882,1936.0,0.0525782233028961,2026-09-30,main
015092,1937.0,0.052565115616747,2026-09-30,main
015505,1938.0,0.052464908666032,2026-09-30,main
014913,1939.0,0.0524587214295442,2026-09-30,main
014885,1940.0,0.0524583088560453,2026-09-30,main
010845,1941.0,0.0524388428816386,2026-09-30,main
014799,1942.0,0.0524321739789119,2026-09-30,main
011834,1943.0,0.0523964341167035,2026-09-30,main
501083,1944.0,0.0523898038215611,2026-09-30,main
217010,1945.0,0.0523780892668985,2026-09-30,main
013561,1946.0,0.0523532424429704,2026-09-30,main
021515,1947.0,0.0523530864124013,2026-09-30,main
010275,1948.0,0.0523351845781148,2026-09-30,main
010539,1949.0,0.0523312907057778,2026-09-30,main
022748,1950.0,0.0521737413973975,2026-09-30,main
010602,1951.0,0.0521454593585595,2026-09-30,main
011033,1952.0,0.0521113527231655,2026-09-30,main
008546,1953.0,0.0520478075232482,2026-09-30,main
020269,1954.0,0.0520141873950148,2026-09-30,main
014119,1955.0,0.051866415742054,2026-09-30,main
004250,1956.0,0.0518467163305966,2026-09-30,main
012214,1957.0,0.0518380258442294,2026-09-30,main
001596,1958.0,0.0517503567802548,2026-09-30,main
002808,1959.0,0.051735807414617,2026-09-30,main
012779,1960.0,0.0516599204752932,2026-09-30,main
070010,1961.0,0.0515791572040074,2026-09-30,main
019421,1962.0,0.0515106645850724,2026-09-30,main
012195,1963.0,0.0513368167495118,2026-09-30,main
001688,1964.0,0.051271548572533,2026-09-30,main
013260,1965.0,0.0511796167882414,2026-09-30,main
016676,1966.0,0.0510197899262572,2026-09-30,main
002177,1967.0,0.0509930777662106,2026-09-30,main
690011,1968.0,0.0509447807730283,2026-09-30,main
003161,1969.0,0.0508827970194636,2026-09-30,main
004321,1970.0,0.0508807699970921,2026-09-30,main
005576,1971.0,0.0508376637752943,2026-09-30,main
010963,1972.0,0.0507889128324703,2026-09-30,main
005123,1973.0,0.0507833282202572,2026-09-30,main
009658,1974.0,0.0507772199824365,2026-09-30,main
013193,1975.0,0.0507590487581379,2026-09-30,main
010541,1976.0,0.0507289547778415,2026-09-30,main
161233,1977.0,0.0507092570693941,2026-09-30,main
040015,1978.0,0.0505172404065328,2026-09-30,main
001327,1979.0,0.0505133722140125,2026-09-30,main
519069,1980.0,0.0504669541587823,2026-09-30,main
001985,1981.0,0.0504518711470551,2026-09-30,main
008809,1982.0,0.0504385168232501,2026-09-30,main
001336,1983.0,0.0504357482855706,2026-09-30,main
501028,1984.0,0.0503934470290157,2026-09-30,main
010942,1985.0,0.050387191744101,2026-09-30,main
010128,1986.0,0.0503236893944618,2026-09-30,main
014691,1987.0,0.0501904228695118,2026-09-30,main
010289,1988.0,0.0500713716838505,2026-09-30,main
000462,1989.0,0.0500560378870609,2026-09-30,main
001291,1990.0,0.049993685795828,2026-09-30,main
000965,1991.0,0.0499872395151024,2026-09-30,main
011781,1992.0,0.049926866325255,2026-09-30,main
009989,1993.0,0.0499241369247422,2026-09-30,main
070013,1994.0,0.0498661127025525,2026-09-30,main
013431,1995.0,0.0498423687620273,2026-09-30,main
008895,1996.0,0.0498134608678924,2026-09-30,main
001633,1997.0,0.0498036156695378,2026-09-30,main
022846,1998.0,0.0497693211589862,2026-09-30,main
010442,1999.0,0.0496881220901328,2026-09-30,main
012173,2000.0,0.0496007029710767,2026-09-30,main
017483,2001.0,0.0495381742681602,2026-09-30,main
009263,2002.0,0.0495170857246574,2026-09-30,main
010379,2003.0,0.0494703332530126,2026-09-30,main
202005,2004.0,0.0494194671603818,2026-09-30,main
011107,2005.0,0.0493166208123847,2026-09-30,main
501051,2006.0,0.0490619528359981,2026-09-30,main
013623,2007.0,0.0489994246442182,2026-09-30,main
012332,2008.0,0.0489690881151243,2026-09-30,main
020979,2009.0,0.04896181615833,2026-09-30,main
011759,2010.0,0.0488481302792955,2026-09-30,main
229002,2011.0,0.0488144337327074,2026-09-30,main
015320,2012.0,0.0488038745446959,2026-09-30,main
163823,2013.0,0.0488020675914855,2026-09-30,main
022092,2014.0,0.0486079879014742,2026-09-30,main
010900,2015.0,0.0485435326500192,2026-09-30,main
015718,2016.0,0.048543035300741,2026-09-30,main
009448,2017.0,0.0484963547176413,2026-09-30,main
009766,2018.0,0.0484667390925539,2026-09-30,main
070003,2019.0,0.0484312219512812,2026-09-30,main
001285,2020.0,0.0484241130681533,2026-09-30,main
001215,2021.0,0.0482661788783556,2026-09-30,main
011534,2022.0,0.0481967839131105,2026-09-30,main
011603,2023.0,0.0481463615669253,2026-09-30,main
001488,2024.0,0.0481432948663158,2026-09-30,main
023761,2025.0,0.0481271830517218,2026-09-30,main
009395,2026.0,0.0480961714725345,2026-09-30,main
005477,2027.0,0.0480722981976473,2026-09-30,main
015030,2028.0,0.0480702255224956,2026-09-30,main
003069,2029.0,0.0479465292590215,2026-09-30,main
025599,2030.0,0.0479419339226638,2026-09-30,main
002561,2031.0,0.0478093047432399,2026-09-30,main
001128,2032.0,0.0477855748025668,2026-09-30,main
010861,2033.0,0.0477270062934054,2026-09-30,main
050007,2034.0,0.0476519807019129,2026-09-30,main
006992,2035.0,0.0476442360464139,2026-09-30,main
013517,2036.0,0.0474804176444085,2026-09-30,main
014148,2037.0,0.0473687355174952,2026-09-30,main
012243,2038.0,0.0473299926528874,2026-09-30,main
015904,2039.0,0.047304007370315,2026-09-30,main
004008,2040.0,0.0469448483428942,2026-09-30,main
023404,2041.0,0.0468286925964838,2026-09-30,main
010904,2042.0,0.0468281867642212,2026-09-30,main
010843,2043.0,0.0467639994746387,2026-09-30,main
005960,2044.0,0.0466393812141894,2026-09-30,main
000273,2045.0,0.0466214219180645,2026-09-30,main
290006,2046.0,0.0465392961415978,2026-09-30,main
021629,2047.0,0.0463514017022588,2026-09-30,main
000110,2048.0,0.0462819720583047,2026-09-30,main
013225,2049.0,0.0462756248757192,2026-09-30,main
009689,2050.0,0.0461758015725251,2026-09-30,main
014771,2051.0,0.0461062602363868,2026-09-30,main
519756,2052.0,0.046103977643698,2026-09-30,main
014922,2053.0,0.0460408965698255,2026-09-30,main
002833,2054.0,0.0460358272265455,2026-09-30,main
162414,2055.0,0.0459725514319202,2026-09-30,main
017860,2056.0,0.0459626052155535,2026-09-30,main
021333,2057.0,0.045932505819082,2026-09-30,main
020669,2058.0,0.0458497524541541,2026-09-30,main
001907,2059.0,0.045763319394076,2026-09-30,main
001547,2060.0,0.0456197714840218,2026-09-30,main
001222,2061.0,0.0454698977109921,2026-09-30,main
002846,2062.0,0.0453819402611235,2026-09-30,main
001623,2063.0,0.0453159701095018,2026-09-30,main
016682,2064.0,0.0452313401032624,2026-09-30,main
017157,2065.0,0.0451373963674535,2026-09-30,main
210006,2066.0,0.0450503866557714,2026-09-30,main
012594,2067.0,0.0450266598983606,2026-09-30,main
010657,2068.0,0.044951651222576,2026-09-30,main
009653,2069.0,0.0449264698106928,2026-09-30,main
016703,2070.0,0.0448797672995353,2026-09-30,main
002179,2071.0,0.0448426216133706,2026-09-30,main
009900,2072.0,0.0448270666312404,2026-09-30,main
023780,2073.0,0.0447769134494624,2026-09-30,main
002000,2074.0,0.0445812460065204,2026-09-30,main
163302,2075.0,0.0445647609594517,2026-09-30,main
019410,2076.0,0.0445553501804056,2026-09-30,main
023806,2077.0,0.0444644450486679,2026-09-30,main
005855,2078.0,0.0444589921331926,2026-09-30,main
004657,2079.0,0.0444296627859661,2026-09-30,main
013067,2080.0,0.044335434579569,2026-09-30,main
009795,2081.0,0.0443060859064114,2026-09-30,main
003291,2082.0,0.0442980034935842,2026-09-30,main
017842,2083.0,0.0442462254601154,2026-09-30,main
010239,2084.0,0.0441261716527283,2026-09-30,main
024455,2085.0,0.0440579926369653,2026-09-30,main
519975,2086.0,0.0440317305131696,2026-09-30,main
008811,2087.0,0.0440243702174598,2026-09-30,main
006136,2088.0,0.0439465507646403,2026-09-30,main
008531,2089.0,0.0438763584888162,2026-09-30,main
023943,2090.0,0.0438532451026494,2026-09-30,main
010924,2091.0,0.0437968417421181,2026-09-30,main
012998,2092.0,0.043774998368574,2026-09-30,main
006527,2093.0,0.0437683741831163,2026-09-30,main
519965,2094.0,0.0437370284682672,2026-09-30,main
014031,2095.0,0.0436981918148802,2026-09-30,main
006243,2096.0,0.0436919263326096,2026-09-30,main
001692,2097.0,0.0436828593511788,2026-09-30,main
000121,2098.0,0.0435917872912547,2026-09-30,main
519019,2099.0,0.0434980474476385,2026-09-30,main
011913,2100.0,0.0434207032382916,2026-09-30,main
006336,2101.0,0.0432160776991588,2026-09-30,main
003187,2102.0,0.0431283532290458,2026-09-30,main
001835,2103.0,0.0430900889451884,2026-09-30,main
025216,2104.0,0.0430368630258057,2026-09-30,main
009951,2105.0,0.0430002354985981,2026-09-30,main
021049,2106.0,0.0428615634450413,2026-09-30,main
005244,2107.0,0.0428412951777124,2026-09-30,main
012681,2108.0,0.0427939140667847,2026-09-30,main
000994,2109.0,0.0427846702111638,2026-09-30,main
013575,2110.0,0.0427640313882298,2026-09-30,main
001530,2111.0,0.042737355062651,2026-09-30,main
020653,2112.0,0.0426736016881801,2026-09-30,main
015125,2113.0,0.0426659365935395,2026-09-30,main
070019,2114.0,0.0425843481843839,2026-09-30,main
004671,2115.0,0.0425508389039643,2026-09-30,main
019349,2116.0,0.0424706090888946,2026-09-30,main
014900,2117.0,0.0424034588402646,2026-09-30,main
000739,2118.0,0.0423531185772405,2026-09-30,main
021919,2119.0,0.0422761726047087,2026-09-30,main
009249,2120.0,0.0422206603483343,2026-09-30,main
007733,2121.0,0.0421503574636643,2026-09-30,main
016547,2122.0,0.0421184988121048,2026-09-30,main
002602,2123.0,0.0419005469918898,2026-09-30,main
011395,2124.0,0.0418027606922639,2026-09-30,main
002851,2125.0,0.0417408181387477,2026-09-30,main
021915,2126.0,0.0416519791583993,2026-09-30,main
017220,2127.0,0.0415998598909701,2026-09-30,main
008245,2128.0,0.0415570487463725,2026-09-30,main
010923,2129.0,0.0414145054996415,2026-09-30,main
014508,2130.0,0.0413908965240994,2026-09-30,main
519656,2131.0,0.0413514504914462,2026-09-30,main
002116,2132.0,0.0413351211198171,2026-09-30,main
001247,2133.0,0.0411899684324525,2026-09-30,main
009232,2134.0,0.0411548443153364,2026-09-30,main
450010,2135.0,0.0411516325803529,2026-09-30,main
013341,2136.0,0.0411406192029375,2026-09-30,main
008209,2137.0,0.0410255772028547,2026-09-30,main
004720,2138.0,0.0409971402125339,2026-09-30,main
022344,2139.0,0.0408720201031787,2026-09-30,main
161601,2140.0,0.0408637484930209,2026-09-30,main
022702,2141.0,0.0407640843627201,2026-09-30,main
090001,2142.0,0.0407561054196896,2026-09-30,main
001463,2143.0,0.0407545815842771,2026-09-30,main
016243,2144.0,0.0406773663624533,2026-09-30,main
008979,2145.0,0.0406490411146172,2026-09-30,main
003697,2146.0,0.0406295440694097,2026-09-30,main
012435,2147.0,0.0406012430469433,2026-09-30,main
000804,2148.0,0.0405754471150912,2026-09-30,main
012277,2149.0,0.0405368293931476,2026-09-30,main
015223,2150.0,0.0404800098902433,2026-09-30,main
570001,2151.0,0.040474708984151,2026-09-30,main
006005,2152.0,0.0404460353633504,2026-09-30,main
121001,2153.0,0.0404149205588875,2026-09-30,main
011530,2154.0,0.0402687144696611,2026-09-30,main
010870,2155.0,0.040181916268553,2026-09-30,main
020358,2156.0,0.0401754073176301,2026-09-30,main
001745,2157.0,0.0401193871834342,2026-09-30,main
004738,2158.0,0.0401178084245914,2026-09-30,main
019015,2159.0,0.0400691321678692,2026-09-30,main
002137,2160.0,0.0400650872961487,2026-09-30,main
011376,2161.0,0.0399738464110071,2026-09-30,main
010420,2162.0,0.039909109696032,2026-09-30,main
002585,2163.0,0.0398255272312553,2026-09-30,main
003692,2164.0,0.0398185329324036,2026-09-30,main
023099,2165.0,0.0397230763340106,2026-09-30,main
000279,2166.0,0.0396247515840249,2026-09-30,main
001780,2167.0,0.0395371908027524,2026-09-30,main
014803,2168.0,0.0395167953925454,2026-09-30,main
015564,2169.0,0.0394933488559452,2026-09-30,main
010839,2170.0,0.0393760442120763,2026-09-30,main
002838,2171.0,0.0392997187712889,2026-09-30,main
017298,2172.0,0.0391699344379299,2026-09-30,main
019712,2173.0,0.0391572139255205,2026-09-30,main
011212,2174.0,0.039129749259255,2026-09-30,main
090019,2175.0,0.0390401881658208,2026-09-30,main
011192,2176.0,0.039039342052437,2026-09-30,main
481006,2177.0,0.0389648825348247,2026-09-30,main
009266,2178.0,0.0389388342576142,2026-09-30,main
000172,2179.0,0.0387525305792211,2026-09-30,main
210010,2180.0,0.0385363949511963,2026-09-30,main
004227,2181.0,0.0383960862563177,2026-09-30,main
023232,2182.0,0.0383744451557164,2026-09-30,main
024445,2183.0,0.0383626841019208,2026-09-30,main
008311,2184.0,0.0382718953342873,2026-09-30,main
003379,2185.0,0.0381760805333419,2026-09-30,main
010064,2186.0,0.0380810509603937,2026-09-30,main
010284,2187.0,0.0380657264669201,2026-09-30,main
014767,2188.0,0.0380607283191292,2026-09-30,main
012850,2189.0,0.0380503110203274,2026-09-30,main
011285,2190.0,0.0379679673177673,2026-09-30,main
012218,2191.0,0.0377104319754852,2026-09-30,main
420001,2192.0,0.0376977302100607,2026-09-30,main
011703,2193.0,0.0376757176623221,2026-09-30,main
008499,2194.0,0.0376343447717546,2026-09-30,main
017606,2195.0,0.037566366889796,2026-09-30,main
014892,2196.0,0.037446231686858,2026-09-30,main
310308,2197.0,0.0374332625273199,2026-09-30,main
005815,2198.0,0.0373979754200866,2026-09-30,main
004750,2199.0,0.0373471109031793,2026-09-30,main
002792,2200.0,0.0373132543741325,2026-09-30,main
004050,2201.0,0.0372850371323087,2026-09-30,main
013569,2202.0,0.0369794107762009,2026-09-30,main
002943,2203.0,0.0368650042035418,2026-09-30,main
673030,2204.0,0.0366679424394031,2026-09-30,main
002197,2205.0,0.036653501641608,2026-09-30,main
005593,2206.0,0.036601360283512,2026-09-30,main
010834,2207.0,0.0365441598884368,2026-09-30,main
180018,2208.0,0.0365286680441447,2026-09-30,main
000031,2209.0,0.0363946071270897,2026-09-30,main
002664,2210.0,0.036170830658013,2026-09-30,main
016444,2211.0,0.036137487226288,2026-09-30,main
014139,2212.0,0.0361047090366957,2026-09-30,main
160323,2213.0,0.0361019456759488,2026-09-30,main
003839,2214.0,0.0360860215620848,2026-09-30,main
001476,2215.0,0.0360794559866841,2026-09-30,main
021181,2216.0,0.0360780546658492,2026-09-30,main
000436,2217.0,0.0359437550595238,2026-09-30,main
024594,2218.0,0.0358442426441034,2026-09-30,main
000432,2219.0,0.0358381073735012,2026-09-30,main
003282,2220.0,0.035513079099074,2026-09-30,main
014160,2221.0,0.0354894936550143,2026-09-30,main
002959,2222.0,0.0354331768692262,2026-09-30,main
009829,2223.0,0.0354077137733828,2026-09-30,main
013960,2224.0,0.0353980337159491,2026-09-30,main
009015,2225.0,0.0353905923553914,2026-09-30,main
012487,2226.0,0.0353811615321852,2026-09-30,main
022000,2227.0,0.0353731311931795,2026-09-30,main
014329,2228.0,0.0353705837464319,2026-09-30,main
270008,2229.0,0.0351963010930607,2026-09-30,main
012368,2230.0,0.0351231677380821,2026-09-30,main
011872,2231.0,0.0349250681707105,2026-09-30,main
002574,2232.0,0.0349186478454288,2026-09-30,main
002624,2233.0,0.0349092081427651,2026-09-30,main
010683,2234.0,0.0348990229314334,2026-09-30,main
013360,2235.0,0.0348633269131286,2026-09-30,main
008961,2236.0,0.03483670273193,2026-09-30,main
011523,2237.0,0.0348134720805863,2026-09-30,main
001817,2238.0,0.0347638502118456,2026-09-30,main
009774,2239.0,0.0347549906846029,2026-09-30,main
013929,2240.0,0.0347293994803923,2026-09-30,main
020009,2241.0,0.0346667184525335,2026-09-30,main
501080,2242.0,0.0346195459210127,2026-09-30,main
008903,2243.0,0.034593372673465,2026-09-30,main
160919,2244.0,0.0345684004171944,2026-09-30,main
009984,2245.0,0.0345644138480905,2026-09-30,main
004724,2246.0,0.0344953496270261,2026-09-30,main
501017,2247.0,0.0344710455852326,2026-09-30,main
014593,2248.0,0.0344272553226843,2026-09-30,main
005262,2249.0,0.0343409166737658,2026-09-30,main
006921,2250.0,0.0340923712061262,2026-09-30,main
016250,2251.0,0.034068015289342,2026-09-30,main
550001,2252.0,0.0340421472118828,2026-09-30,main
015258,2253.0,0.0340089986362615,2026-09-30,main
012170,2254.0,0.0339755370412122,2026-09-30,main
161225,2255.0,0.0339127671230599,2026-09-30,main
620007,2256.0,0.0339076395719717,2026-09-30,main
360005,2257.0,0.0339030698227327,2026-09-30,main
012943,2258.0,0.033879343066598,2026-09-30,main
017389,2259.0,0.0338753737293939,2026-09-30,main
590001,2260.0,0.0337449896129982,2026-09-30,main
005453,2261.0,0.0337211151779308,2026-09-30,main
001827,2262.0,0.0337048584017303,2026-09-30,main
270001,2263.0,0.0336434529458473,2026-09-30,main
008513,2264.0,0.0335951790515587,2026-09-30,main
001316,2265.0,0.0335932947045516,2026-09-30,main
010902,2266.0,0.0335834868744544,2026-09-30,main
161005,2267.0,0.0334771534709978,2026-09-30,main
519127,2268.0,0.033425877696509,2026-09-30,main
010890,2269.0,0.0334044914710296,2026-09-30,main
009817,2270.0,0.033397641990146,2026-09-30,main
360011,2271.0,0.0332283406102924,2026-09-30,main
017835,2272.0,0.0331499133346659,2026-09-30,main
008860,2273.0,0.0331456747131064,2026-09-30,main
001570,2274.0,0.0331266051051464,2026-09-30,main
519050,2275.0,0.0330247104603538,2026-09-30,main
020657,2276.0,0.0329502190114947,2026-09-30,main
011498,2277.0,0.0328881139605876,2026-09-30,main
001528,2278.0,0.0327603850937974,2026-09-30,main
009199,2279.0,0.0326590208129853,2026-09-30,main
011989,2280.0,0.0325378757641801,2026-09-30,main
001648,2281.0,0.0325174432710926,2026-09-30,main
003900,2282.0,0.0323783878899652,2026-09-30,main
014693,2283.0,0.0321037429703632,2026-09-30,main
009536,2284.0,0.0320886426337663,2026-09-30,main
000894,2285.0,0.0319996686943295,2026-09-30,main
017464,2286.0,0.0319688340215866,2026-09-30,main
012223,2287.0,0.0318787088743368,2026-09-30,main
161224,2288.0,0.0318720650876933,2026-09-30,main
001143,2289.0,0.0317154305246558,2026-09-30,main
020830,2290.0,0.031711591593303,2026-09-30,main
021655,2291.0,0.0316037385239746,2026-09-30,main
010940,2292.0,0.0315915231359797,2026-09-30,main
012459,2293.0,0.0315880427462418,2026-09-30,main
006624,2294.0,0.0315009290145686,2026-09-30,main
013294,2295.0,0.031292490261283,2026-09-30,main
009691,2296.0,0.0312784514380746,2026-09-30,main
003877,2297.0,0.0312454276996088,2026-09-30,main
519752,2298.0,0.0311967293446209,2026-09-30,main
004202,2299.0,0.0311672616213467,2026-09-30,main
012701,2300.0,0.0311649800016009,2026-09-30,main
540004,2301.0,0.0311059509205311,2026-09-30,main
018038,2302.0,0.031102640338958,2026-09-30,main
012430,2303.0,0.0310702816531542,2026-09-30,main
009820,2304.0,0.0310592275712702,2026-09-30,main
019431,2305.0,0.0310348725075946,2026-09-30,main
000955,2306.0,0.0309661427099918,2026-09-30,main
009849,2307.0,0.030956845173873,2026-09-30,main
003189,2308.0,0.030930524273697,2026-09-30,main
169102,2309.0,0.0308463881625993,2026-09-30,main
009950,2310.0,0.0306440934879761,2026-09-30,main
012132,2311.0,0.0305518579640053,2026-09-30,main
519702,2312.0,0.0305492813765806,2026-09-30,main
630006,2313.0,0.0304829463261053,2026-09-30,main
001139,2314.0,0.0303664464025652,2026-09-30,main
001115,2315.0,0.0303471532526464,2026-09-30,main
163809,2316.0,0.0303460045132477,2026-09-30,main
180012,2317.0,0.0303333855844574,2026-09-30,main
001710,2318.0,0.0302992923717781,2026-09-30,main
023457,2319.0,0.0301749468608691,2026-09-30,main
000753,2320.0,0.0301436340131493,2026-09-30,main
024895,2321.0,0.030131693162561,2026-09-30,main
019752,2322.0,0.0301286585510898,2026-09-30,main
017749,2323.0,0.0301174768543268,2026-09-30,main
003591,2324.0,0.0301138644444878,2026-09-30,main
016045,2325.0,0.0299929116495778,2026-09-30,main
004357,2326.0,0.0298575122292019,2026-09-30,main
001718,2327.0,0.029707452773569,2026-09-30,main
001905,2328.0,0.0296547249983398,2026-09-30,main
001566,2329.0,0.0295275882605403,2026-09-30,main
009268,2330.0,0.0295197279756322,2026-09-30,main
008640,2331.0,0.0294669771069628,2026-09-30,main
014016,2332.0,0.0293726817006754,2026-09-30,main
013616,2333.0,0.0293079955884858,2026-09-30,main
011249,2334.0,0.0292442870340392,2026-09-30,main
023365,2335.0,0.0291543141228778,2026-09-30,main
017669,2336.0,0.0290713807887006,2026-09-30,main
010830,2337.0,0.0290465506437749,2026-09-30,main
009618,2338.0,0.0290390382292056,2026-09-30,main
009937,2339.0,0.0289627116575927,2026-09-30,main
009387,2340.0,0.0289541802428945,2026-09-30,main
014772,2341.0,0.0289529823625744,2026-09-30,main
001190,2342.0,0.028883517870351,2026-09-30,main
001266,2343.0,0.0287755820470527,2026-09-30,main
001067,2344.0,0.0287727784689975,2026-09-30,main
000822,2345.0,0.0286901062828122,2026-09-30,main
004965,2346.0,0.0286347416045325,2026-09-30,main
003516,2347.0,0.0285587120363695,2026-09-30,main
009515,2348.0,0.0283663216839455,2026-09-30,main
002021,2349.0,0.0282736548624238,2026-09-30,main
010215,2350.0,0.0282169570660779,2026-09-30,main
008488,2351.0,0.0282121691594976,2026-09-30,main
004225,2352.0,0.0281126275883276,2026-09-30,main
010058,2353.0,0.0280776679328709,2026-09-30,main
005274,2354.0,0.0280676879095902,2026-09-30,main
013190,2355.0,0.0280609153962962,2026-09-30,main
009260,2356.0,0.0279998755640302,2026-09-30,main
022572,2357.0,0.0278622058872619,2026-09-30,main
023834,2358.0,0.0278087837078633,2026-09-30,main
020695,2359.0,0.0277796993794867,2026-09-30,main
011788,2360.0,0.0277478391641974,2026-09-30,main
001054,2361.0,0.0277020036516204,2026-09-30,main
021795,2362.0,0.0276431221023902,2026-09-30,main
690005,2363.0,0.027632855338519,2026-09-30,main
017650,2364.0,0.0274628746585519,2026-09-30,main
165508,2365.0,0.0274416435174185,2026-09-30,main
004405,2366.0,0.0274055493420122,2026-09-30,main
018054,2367.0,0.0272350974747368,2026-09-30,main
002006,2368.0,0.0271757991986218,2026-09-30,main
001164,2369.0,0.0271668139976428,2026-09-30,main
163409,2370.0,0.0271546744792787,2026-09-30,main
023244,2371.0,0.0271394196395466,2026-09-30,main
011761,2372.0,0.0271362067599416,2026-09-30,main
011208,2373.0,0.0270546872751356,2026-09-30,main
011073,2374.0,0.027049312947484,2026-09-30,main
001755,2375.0,0.0269838553339405,2026-09-30,main
012965,2376.0,0.0269483568059154,2026-09-30,main
001740,2377.0,0.0267997941469537,2026-09-30,main
003626,2378.0,0.0267727814241751,2026-09-30,main
540001,2379.0,0.0267717992635865,2026-09-30,main
000367,2380.0,0.0266587003614391,2026-09-30,main
012256,2381.0,0.0266340361390426,2026-09-30,main
012613,2382.0,0.0266125696833774,2026-09-30,main
501063,2383.0,0.0265262583145471,2026-09-30,main
005535,2384.0,0.026460793498634,2026-09-30,main
161727,2385.0,0.026369938538413,2026-09-30,main
004083,2386.0,0.0262722008926401,2026-09-30,main
011813,2387.0,0.0261347074657898,2026-09-30,main
001331,2388.0,0.0260233000186265,2026-09-30,main
018217,2389.0,0.0260076919254954,2026-09-30,main
002458,2390.0,0.025948258623877,2026-09-30,main
001224,2391.0,0.0259186311566563,2026-09-30,main
001073,2392.0,0.0258410045800554,2026-09-30,main
015633,2393.0,0.0258233266742997,2026-09-30,main
017224,2394.0,0.0258002156883994,2026-09-30,main
008666,2395.0,0.0257957041998702,2026-09-30,main
166007,2396.0,0.0257734727520795,2026-09-30,main
012878,2397.0,0.0257714258128154,2026-09-30,main
002514,2398.0,0.0257611998717923,2026-09-30,main
160813,2399.0,0.0257571218824901,2026-09-30,main
501095,2400.0,0.0257536668835669,2026-09-30,main
009576,2401.0,0.0257284373612891,2026-09-30,main
000866,2402.0,0.025723815777684,2026-09-30,main
010340,2403.0,0.0257028055953902,2026-09-30,main
090009,2404.0,0.025649762806801,2026-09-30,main
001047,2405.0,0.025632918654493,2026-09-30,main
166107,2406.0,0.0255754338861209,2026-09-30,main
014347,2407.0,0.0255387884937725,2026-09-30,main
010188,2408.0,0.025392405690275,2026-09-30,main
519937,2409.0,0.0253791665096689,2026-09-30,main
002455,2410.0,0.0253403485857954,2026-09-30,main
009800,2411.0,0.025316429380175,2026-09-30,main
008893,2412.0,0.0252862412464762,2026-09-30,main
009537,2413.0,0.0252627452742126,2026-09-30,main
001324,2414.0,0.0252550187809894,2026-09-30,main
009381,2415.0,0.0252365157969229,2026-09-30,main
004010,2416.0,0.0251935554181996,2026-09-30,main
002161,2417.0,0.0251294786298923,2026-09-30,main
023526,2418.0,0.0250867175422935,2026-09-30,main
090007,2419.0,0.0250810181059253,2026-09-30,main
070001,2420.0,0.0250789611969872,2026-09-30,main
009804,2421.0,0.0250526822622303,2026-09-30,main
005664,2422.0,0.0250001928756116,2026-09-30,main
011746,2423.0,0.0249820508072398,2026-09-30,main
001922,2424.0,0.0249753941882475,2026-09-30,main
005652,2425.0,0.0249477159344162,2026-09-30,main
003495,2426.0,0.0248794109647083,2026-09-30,main
002388,2427.0,0.0248570433104893,2026-09-30,main
011521,2428.0,0.0248334830728158,2026-09-30,main
001355,2429.0,0.0248208940975005,2026-09-30,main
002018,2430.0,0.0247914276321936,2026-09-30,main
023606,2431.0,0.0247786822567959,2026-09-30,main
011004,2432.0,0.0247188301915786,2026-09-30,main
017454,2433.0,0.02468960605627,2026-09-30,main
013969,2434.0,0.0246090768026527,2026-09-30,main
012121,2435.0,0.0245665968469686,2026-09-30,main
001838,2436.0,0.0245629754457614,2026-09-30,main
019698,2437.0,0.0245609158404416,2026-09-30,main
011347,2438.0,0.0245218465901841,2026-09-30,main
013041,2439.0,0.0245202272453139,2026-09-30,main
270025,2440.0,0.0244607813817532,2026-09-30,main
008277,2441.0,0.024447235481859,2026-09-30,main
000314,2442.0,0.0244428741305986,2026-09-30,main
011086,2443.0,0.0244158171233845,2026-09-30,main
002690,2444.0,0.0243901507605377,2026-09-30,main
519616,2445.0,0.0241622227341555,2026-09-30,main
011508,2446.0,0.0241078099279219,2026-09-30,main
011527,2447.0,0.0240480010118018,2026-09-30,main
021979,2448.0,0.0239604383944025,2026-09-30,main
519613,2449.0,0.0239442888234888,2026-09-30,main
020901,2450.0,0.0238498379813065,2026-09-30,main
019357,2451.0,0.0237782020212573,2026-09-30,main
021975,2452.0,0.0237471269903015,2026-09-30,main
003126,2453.0,0.0237173054855277,2026-09-30,main
001581,2454.0,0.0236688766173249,2026-09-30,main
010072,2455.0,0.0235461536582237,2026-09-30,main
009205,2456.0,0.0234457090121598,2026-09-30,main
004129,2457.0,0.0234348417016472,2026-09-30,main
010056,2458.0,0.023433842862081,2026-09-30,main
008119,2459.0,0.0234267775179237,2026-09-30,main
002639,2460.0,0.0233850290104453,2026-09-30,main
001531,2461.0,0.0233810596786776,2026-09-30,main
009716,2462.0,0.0233525067675293,2026-09-30,main
010916,2463.0,0.023305558957005,2026-09-30,main
000431,2464.0,0.0232929554785439,2026-09-30,main
000619,2465.0,0.0232603868281673,2026-09-30,main
003734,2466.0,0.0232501183564466,2026-09-30,main
011769,2467.0,0.0232452972935353,2026-09-30,main
009133,2468.0,0.0231457061090261,2026-09-30,main
008869,2469.0,0.0231175348407268,2026-09-30,main
519768,2470.0,0.0230450380107096,2026-09-30,main
206001,2471.0,0.0229433878321836,2026-09-30,main
011095,2472.0,0.022936937994255,2026-09-30,main
001163,2473.0,0.0229285789132858,2026-09-30,main
001110,2474.0,0.0229070468751495,2026-09-30,main
001281,2475.0,0.0229004196176829,2026-09-30,main
009525,2476.0,0.0228819093955381,2026-09-30,main
014539,2477.0,0.0227327225978599,2026-09-30,main
010434,2478.0,0.0227210710008485,2026-09-30,main
002001,2479.0,0.0226673295350885,2026-09-30,main
013435,2480.0,0.0226531895443256,2026-09-30,main
011050,2481.0,0.0226131534073124,2026-09-30,main
001202,2482.0,0.022601585507846,2026-09-30,main
010404,2483.0,0.0225889589545389,2026-09-30,main
012578,2484.0,0.0224061716415773,2026-09-30,main
020803,2485.0,0.0224052422839438,2026-09-30,main
013995,2486.0,0.0223856606955341,2026-09-30,main
011532,2487.0,0.022379481168063,2026-09-30,main
009005,2488.0,0.0223426282849665,2026-09-30,main
080005,2489.0,0.0223078995209935,2026-09-30,main
002668,2490.0,0.0222839340470402,2026-09-30,main
013769,2491.0,0.0222800476386373,2026-09-30,main
700003,2492.0,0.0222598329480265,2026-09-30,main
017635,2493.0,0.0222156242403053,2026-09-30,main
001577,2494.0,0.0221969450986248,2026-09-30,main
017507,2495.0,0.0221721000644199,2026-09-30,main
011516,2496.0,0.0221390318633725,2026-09-30,main
009819,2497.0,0.0220775764800205,2026-09-30,main
014094,2498.0,0.0220713645768779,2026-09-30,main
257030,2499.0,0.0219800268649035,2026-09-30,main
009077,2500.0,0.0219640190905467,2026-09-30,main
001685,2501.0,0.0219460953521981,2026-09-30,main
519115,2502.0,0.021849921618027,2026-09-30,main
003745,2503.0,0.0217995196600491,2026-09-30,main
012568,2504.0,0.0217515423348726,2026-09-30,main
005014,2505.0,0.0217026701429015,2026-09-30,main
014657,2506.0,0.0216145863836381,2026-09-30,main
011290,2507.0,0.0215851867047958,2026-09-30,main
012667,2508.0,0.0215788268064223,2026-09-30,main
519170,2509.0,0.0215229389951947,2026-09-30,main
011296,2510.0,0.0214408884108019,2026-09-30,main
009822,2511.0,0.021399668992013,2026-09-30,main
001303,2512.0,0.0212204648122735,2026-09-30,main
167003,2513.0,0.0211900175176837,2026-09-30,main
001415,2514.0,0.0211746511977222,2026-09-30,main
011357,2515.0,0.0211497411230734,2026-09-30,main
004100,2516.0,0.0211364996498397,2026-09-30,main
010846,2517.0,0.0211303498649424,2026-09-30,main
005901,2518.0,0.0210064562771754,2026-09-30,main
000573,2519.0,0.0209878221125319,2026-09-30,main
013694,2520.0,0.0209875581178125,2026-09-30,main
014718,2521.0,0.020983141497282,2026-09-30,main
008415,2522.0,0.0209246168904695,2026-09-30,main
011576,2523.0,0.0209068651763382,2026-09-30,main
010981,2524.0,0.0208605971706805,2026-09-30,main
000967,2525.0,0.0208312586464842,2026-09-30,main
002015,2526.0,0.020509753887167,2026-09-30,main
010333,2527.0,0.020499177334263,2026-09-30,main
011442,2528.0,0.0204658886673845,2026-09-30,main
002622,2529.0,0.0203890129460753,2026-09-30,main
011387,2530.0,0.0203881787830315,2026-09-30,main
001797,2531.0,0.0203711974927678,2026-09-30,main
011977,2532.0,0.020346007635936,2026-09-30,main
013189,2533.0,0.0203416187596456,2026-09-30,main
012475,2534.0,0.0203251474543952,2026-09-30,main
162202,2535.0,0.0202765549632397,2026-09-30,main
002046,2536.0,0.0202427427777007,2026-09-30,main
012010,2537.0,0.0202282350209481,2026-09-30,main
002249,2538.0,0.0202080526891548,2026-09-30,main
376510,2539.0,0.0201746314474575,2026-09-30,main
006608,2540.0,0.0201429758279956,2026-09-30,main
012258,2541.0,0.0201237982115205,2026-09-30,main
009558,2542.0,0.0201151668585661,2026-09-30,main
010821,2543.0,0.0200994284109456,2026-09-30,main
011572,2544.0,0.020096487456936,2026-09-30,main
550002,2545.0,0.0200328737041186,2026-09-30,main
021167,2546.0,0.0200299867507802,2026-09-30,main
004139,2547.0,0.0199920621140883,2026-09-30,main
001280,2548.0,0.0198885394356798,2026-09-30,main
012949,2549.0,0.0198354581922932,2026-09-30,main
320020,2550.0,0.01982855553044,2026-09-30,main
009244,2551.0,0.0197271794042426,2026-09-30,main
008723,2552.0,0.0196181314703585,2026-09-30,main
010385,2553.0,0.0196127553438707,2026-09-30,main
004988,2554.0,0.0195999178308401,2026-09-30,main
007388,2555.0,0.0195552515847003,2026-09-30,main
377010,2556.0,0.0195452260190103,2026-09-30,main
340001,2557.0,0.0195338693011588,2026-09-30,main
011824,2558.0,0.0194954807570917,2026-09-30,main
011220,2559.0,0.0194588510964384,2026-09-30,main
000597,2560.0,0.0194159292026809,2026-09-30,main
021711,2561.0,0.0193995542429792,2026-09-30,main
001576,2562.0,0.0193741102613249,2026-09-30,main
008456,2563.0,0.0192803250114452,2026-09-30,main
009130,2564.0,0.0192772572548298,2026-09-30,main
017617,2565.0,0.0192105886266826,2026-09-30,main
010615,2566.0,0.0192091441869837,2026-09-30,main
020558,2567.0,0.0191632526617466,2026-09-30,main
014678,2568.0,0.0191087009440578,2026-09-30,main
015769,2569.0,0.019053228249535,2026-09-30,main
011027,2570.0,0.0190165001027797,2026-09-30,main
010543,2571.0,0.0190142333360587,2026-09-30,main
550003,2572.0,0.0189773440374956,2026-09-30,main
018708,2573.0,0.0189303939198195,2026-09-30,main
013657,2574.0,0.0188461237322599,2026-09-30,main
008091,2575.0,0.0188024572544998,2026-09-30,main
005523,2576.0,0.0187948208182655,2026-09-30,main
410001,2577.0,0.0186977119958189,2026-09-30,main
014697,2578.0,0.0186942591842953,2026-09-30,main
009611,2579.0,0.0186496122622761,2026-09-30,main
008347,2580.0,0.0186245258794346,2026-09-30,main
010018,2581.0,0.0185344147446193,2026-09-30,main
012292,2582.0,0.018393979179035,2026-09-30,main
000639,2583.0,0.0183660048892293,2026-09-30,main
008757,2584.0,0.0183552315577695,2026-09-30,main
016265,2585.0,0.0183405486658312,2026-09-30,main
010219,2586.0,0.0183323559426797,2026-09-30,main
004448,2587.0,0.0183317832393115,2026-09-30,main
000264,2588.0,0.0183198453621631,2026-09-30,main
012250,2589.0,0.0182914435310321,2026-09-30,main
003028,2590.0,0.0182733682643174,2026-09-30,main
001339,2591.0,0.0182184870063217,2026-09-30,main
001265,2592.0,0.0181977443444241,2026-09-30,main
002783,2593.0,0.0181187252463115,2026-09-30,main
015272,2594.0,0.0180777662688542,2026-09-30,main
005646,2595.0,0.0180671362067919,2026-09-30,main
011410,2596.0,0.0180517773220174,2026-09-30,main
017038,2597.0,0.0180313398699765,2026-09-30,main
003411,2598.0,0.0179552621865135,2026-09-30,main
005371,2599.0,0.0179232368440467,2026-09-30,main
003822,2600.0,0.0178342281071033,2026-09-30,main
014852,2601.0,0.0177757643863714,2026-09-30,main
008491,2602.0,0.0177577612194408,2026-09-30,main
014513,2603.0,0.0177501713164629,2026-09-30,main
000214,2604.0,0.0177102842572387,2026-09-30,main
002027,2605.0,0.0176857005900528,2026-09-30,main
009064,2606.0,0.0175507172884725,2026-09-30,main
009423,2607.0,0.017427849795961,2026-09-30,main
009156,2608.0,0.0174192458915447,2026-09-30,main
015047,2609.0,0.0174064413873502,2026-09-30,main
002009,2610.0,0.0173957888258164,2026-09-30,main
006228,2611.0,0.0173633235643506,2026-09-30,main
011784,2612.0,0.0172976914728602,2026-09-30,main
024087,2613.0,0.0171556207915697,2026-09-30,main
630016,2614.0,0.0171127598132532,2026-09-30,main
019692,2615.0,0.017077302525376,2026-09-30,main
004852,2616.0,0.0170259707781335,2026-09-30,main
008833,2617.0,0.0170249114548928,2026-09-30,main
003169,2618.0,0.0169622800368602,2026-09-30,main
020779,2619.0,0.0169109196560084,2026-09-30,main
021590,2620.0,0.0168760447754143,2026-09-30,main
014462,2621.0,0.0168693023923587,2026-09-30,main
002745,2622.0,0.0167236732612185,2026-09-30,main
161232,2623.0,0.0166760103882734,2026-09-30,main
016637,2624.0,0.0165412363882435,2026-09-30,main
012833,2625.0,0.0163058621471292,2026-09-30,main
012370,2626.0,0.0162648545002261,2026-09-30,main
010242,2627.0,0.0162592096525551,2026-09-30,main
002120,2628.0,0.0162152520265628,2026-09-30,main
002025,2629.0,0.0161788584805453,2026-09-30,main
012253,2630.0,0.0161641550901552,2026-09-30,main
008269,2631.0,0.0160697381423464,2026-09-30,main
001289,2632.0,0.0160689432981038,2026-09-30,main
008416,2633.0,0.015965330643282,2026-09-30,main
013101,2634.0,0.0158913573313759,2026-09-30,main
080008,2635.0,0.0158684102371231,2026-09-30,main
020354,2636.0,0.0158503457234695,2026-09-30,main
001399,2637.0,0.0157551774272184,2026-09-30,main
011558,2638.0,0.015638325452423,2026-09-30,main
519222,2639.0,0.0155678150644176,2026-09-30,main
014339,2640.0,0.0155325683984759,2026-09-30,main
009548,2641.0,0.0155299882827872,2026-09-30,main
200007,2642.0,0.015509784490834,2026-09-30,main
019958,2643.0,0.0154827426816801,2026-09-30,main
730002,2644.0,0.0154635243144294,2026-09-30,main
002367,2645.0,0.0154305681042068,2026-09-30,main
018212,2646.0,0.0153590701398977,2026-09-30,main
011855,2647.0,0.015356409148455,2026-09-30,main
017494,2648.0,0.0153114306245136,2026-09-30,main
009377,2649.0,0.0153094966512861,2026-09-30,main
006752,2650.0,0.0152581630481118,2026-09-30,main
002148,2651.0,0.0152497996640472,2026-09-30,main
012826,2652.0,0.0152204797333646,2026-09-30,main
002803,2653.0,0.0152035266129177,2026-09-30,main
001447,2654.0,0.0152030922297163,2026-09-30,main
001760,2655.0,0.0151283344235855,2026-09-30,main
008138,2656.0,0.0151138883216601,2026-09-30,main
015133,2657.0,0.0149292732867396,2026-09-30,main
006013,2658.0,0.0148853725829654,2026-09-30,main
019521,2659.0,0.0148797858151288,2026-09-30,main
163417,2660.0,0.0148097901611907,2026-09-30,main
012107,2661.0,0.0147152942471266,2026-09-30,main
024461,2662.0,0.0147139875892228,2026-09-30,main
009137,2663.0,0.0146678472215149,2026-09-30,main
010690,2664.0,0.014653766983987,2026-09-30,main
024431,2665.0,0.0145330227724884,2026-09-30,main
016709,2666.0,0.0145202015445242,2026-09-30,main
003717,2667.0,0.0145127485213596,2026-09-30,main
011408,2668.0,0.014430898437147,2026-09-30,main
005005,2669.0,0.0144128344190481,2026-09-30,main
004495,2670.0,0.0143071911799337,2026-09-30,main
009550,2671.0,0.0142403629201102,2026-09-30,main
009634,2672.0,0.0142379844598683,2026-09-30,main
015824,2673.0,0.0141987837134658,2026-09-30,main
012123,2674.0,0.0141853450220292,2026-09-30,main
010547,2675.0,0.0141546013418241,2026-09-30,main
003456,2676.0,0.0141085492640911,2026-09-30,main
009475,2677.0,0.0140908151826226,2026-09-30,main
009246,2678.0,0.0140633300561976,2026-09-30,main
015902,2679.0,0.0140584013929161,2026-09-30,main
001657,2680.0,0.0140170598883446,2026-09-30,main
001329,2681.0,0.0138831090194448,2026-09-30,main
009391,2682.0,0.0138681133869322,2026-09-30,main
013387,2683.0,0.0137977830894526,2026-09-30,main
160921,2684.0,0.0137292554000201,2026-09-30,main
017230,2685.0,0.0137176479286871,2026-09-30,main
002681,2686.0,0.0136545523574849,2026-09-30,main
001850,2687.0,0.0136239821543922,2026-09-30,main
002124,2688.0,0.0136163090045093,2026-09-30,main
007674,2689.0,0.0135182000913418,2026-09-30,main
000165,2690.0,0.0134478338641557,2026-09-30,main
090013,2691.0,0.0133563855881024,2026-09-30,main
002358,2692.0,0.0133407301729375,2026-09-30,main
004693,2693.0,0.0133220671434843,2026-09-30,main
501091,2694.0,0.0132168455683112,2026-09-30,main
017575,2695.0,0.0131793377362574,2026-09-30,main
002146,2696.0,0.0130960988537331,2026-09-30,main
017265,2697.0,0.0130071818897061,2026-09-30,main
011708,2698.0,0.0128998294372202,2026-09-30,main
002118,2699.0,0.0127974862232107,2026-09-30,main
001405,2700.0,0.0127387531449387,2026-09-30,main
009539,2701.0,0.0127207091748182,2026-09-30,main
008384,2702.0,0.0126967648834386,2026-09-30,main
017421,2703.0,0.0125337977852499,2026-09-30,main
006398,2704.0,0.0125194690463348,2026-09-30,main
021983,2705.0,0.0124659717549269,2026-09-30,main
008978,2706.0,0.0124396630513183,2026-09-30,main
005840,2707.0,0.0123895554577524,2026-09-30,main
620004,2708.0,0.0123575939898294,2026-09-30,main
163810,2709.0,0.0122558885198715,2026-09-30,main
001335,2710.0,0.0122300233960821,2026-09-30,main
001800,2711.0,0.012139131915867,2026-09-30,main
018434,2712.0,0.0121242992873473,2026-09-30,main
000362,2713.0,0.0120961039402331,2026-09-30,main
005399,2714.0,0.0120354136770224,2026-09-30,main
010314,2715.0,0.0120226141799866,2026-09-30,main
013144,2716.0,0.011998955536971,2026-09-30,main
011018,2717.0,0.0119968406310395,2026-09-30,main
018465,2718.0,0.0119708976815313,2026-09-30,main
233006,2719.0,0.0119366985353639,2026-09-30,main
011393,2720.0,0.0119161328378205,2026-09-30,main
000215,2721.0,0.0118950811765732,2026-09-30,main
007835,2722.0,0.0118270898664631,2026-09-30,main
080007,2723.0,0.0117693559857483,2026-09-30,main
015891,2724.0,0.0116724338877769,2026-09-30,main
009990,2725.0,0.0116426749943645,2026-09-30,main
006167,2726.0,0.0115871951961954,2026-09-30,main
001810,2727.0,0.0114817124331318,2026-09-30,main
021973,2728.0,0.0113666292182246,2026-09-30,main
012137,2729.0,0.0113493750071216,2026-09-30,main
008715,2730.0,0.0113384663165563,2026-09-30,main
013912,2731.0,0.0113006126111139,2026-09-30,main
001609,2732.0,0.0112905813259296,2026-09-30,main
009499,2733.0,0.0112539146471661,2026-09-30,main
010624,2734.0,0.0111588078683604,2026-09-30,main
024462,2735.0,0.011121930842121,2026-09-30,main
005280,2736.0,0.0111051612943136,2026-09-30,main
011048,2737.0,0.0111016759397768,2026-09-30,main
001225,2738.0,0.0111013922452787,2026-09-30,main
015143,2739.0,0.0109497101637057,2026-09-30,main
003030,2740.0,0.0109362178539056,2026-09-30,main
169201,2741.0,0.0107913361772256,2026-09-30,main
011552,2742.0,0.010758851589361,2026-09-30,main
012609,2743.0,0.0107461720355888,2026-09-30,main
009621,2744.0,0.0106720628138061,2026-09-30,main
011042,2745.0,0.0106600514129313,2026-09-30,main
162208,2746.0,0.0105987763242356,2026-09-30,main
233015,2747.0,0.0105106702745272,2026-09-30,main
003845,2748.0,0.0104447100495208,2026-09-30,main
012054,2749.0,0.0104293719785104,2026-09-30,main
022115,2750.0,0.0104115404774829,2026-09-30,main
013665,2751.0,0.0102728876030402,2026-09-30,main
011818,2752.0,0.0102604355073419,2026-09-30,main
005140,2753.0,0.0102324398721689,2026-09-30,main
024211,2754.0,0.010107430825035,2026-09-30,main
014850,2755.0,0.0100414528143888,2026-09-30,main
017886,2756.0,0.0100327440915037,2026-09-30,main
004390,2757.0,0.0099715074651494,2026-09-30,main
010301,2758.0,0.0099261192574333,2026-09-30,main
013611,2759.0,0.0099121135355504,2026-09-30,main
008831,2760.0,0.0099001291273119,2026-09-30,main
015519,2761.0,0.0098525786958838,2026-09-30,main
010966,2762.0,0.0097845547919326,2026-09-30,main
000556,2763.0,0.0097711016522215,2026-09-30,main
010797,2764.0,0.0096085929394666,2026-09-30,main
000966,2765.0,0.0094846021848717,2026-09-30,main
013393,2766.0,0.0094214935917142,2026-09-30,main
005311,2767.0,0.00940905683802,2026-09-30,main
017764,2768.0,0.0093678175599274,2026-09-30,main
010090,2769.0,0.0092695645696523,2026-09-30,main
010707,2770.0,0.0092615385010363,2026-09-30,main
006058,2771.0,0.0092519089595091,2026-09-30,main
020922,2772.0,0.0092516992745135,2026-09-30,main
165526,2773.0,0.0092333639267523,2026-09-30,main
009181,2774.0,0.0090936215107544,2026-09-30,main
001203,2775.0,0.0090882613428766,2026-09-30,main
005076,2776.0,0.009063232854124,2026-09-30,main
011494,2777.0,0.0090312087534478,2026-09-30,main
011105,2778.0,0.0089835484223936,2026-09-30,main
016840,2779.0,0.0089644211521333,2026-09-30,main
010444,2780.0,0.0088808759248699,2026-09-30,main
002708,2781.0,0.0088553282749201,2026-09-30,main
210007,2782.0,0.0088386129502688,2026-09-30,main
001543,2783.0,0.0087074314170858,2026-09-30,main
013676,2784.0,0.0086542784563972,2026-09-30,main
011017,2785.0,0.008653805175425,2026-09-30,main
014752,2786.0,0.0086347687660564,2026-09-30,main
000547,2787.0,0.0085973753195365,2026-09-30,main
012069,2788.0,0.008537690221654,2026-09-30,main
013962,2789.0,0.0085273554441855,2026-09-30,main
005474,2790.0,0.0084798457413142,2026-09-30,main
017424,2791.0,0.0084406999006456,2026-09-30,main
000030,2792.0,0.0084286809967626,2026-09-30,main
002087,2793.0,0.0083689392778583,2026-09-30,main
014121,2794.0,0.008333085676732,2026-09-30,main
011353,2795.0,0.0082985662957886,2026-09-30,main
019345,2796.0,0.008291418905967,2026-09-30,main
015987,2797.0,0.0082661939870405,2026-09-30,main
023629,2798.0,0.0082609770576018,2026-09-30,main
519655,2799.0,0.0082222994468057,2026-09-30,main
004648,2800.0,0.0081883375423168,2026-09-30,main
010885,2801.0,0.0081298351730483,2026-09-30,main
022550,2802.0,0.0081293179220385,2026-09-30,main
014841,2803.0,0.007938773281898,2026-09-30,main
000414,2804.0,0.0077970025674596,2026-09-30,main
002543,2805.0,0.0076964023860512,2026-09-30,main
010545,2806.0,0.0075936634017159,2026-09-30,main
011562,2807.0,0.0075518144809885,2026-09-30,main
002714,2808.0,0.007511801688582,2026-09-30,main
020759,2809.0,0.0074862130428527,2026-09-30,main
013463,2810.0,0.007289300552798,2026-09-30,main
009671,2811.0,0.0072417836808829,2026-09-30,main
016641,2812.0,0.0071921263736467,2026-09-30,main
001254,2813.0,0.0071830155239136,2026-09-30,main
009806,2814.0,0.0071506747656993,2026-09-30,main
004932,2815.0,0.0070473697136266,2026-09-30,main
011736,2816.0,0.0070393800287991,2026-09-30,main
000535,2817.0,0.0069768010549755,2026-09-30,main
010043,2818.0,0.0069428568922915,2026-09-30,main
001403,2819.0,0.0069056731713532,2026-09-30,main
010869,2820.0,0.0068899945046949,2026-09-30,main
004258,2821.0,0.0068836107700003,2026-09-30,main
020768,2822.0,0.0068310592280098,2026-09-30,main
006567,2823.0,0.006821182847428,2026-09-30,main
004608,2824.0,0.0067787705540833,2026-09-30,main
019030,2825.0,0.0067168029716553,2026-09-30,main
024465,2826.0,0.0066974188316684,2026-09-30,main
011118,2827.0,0.0066930052889428,2026-09-30,main
005823,2828.0,0.0066348958010291,2026-09-30,main
519095,2829.0,0.0065986194332168,2026-09-30,main
010029,2830.0,0.0065876919396585,2026-09-30,main
009400,2831.0,0.0065865380477696,2026-09-30,main
009264,2832.0,0.0065044213165155,2026-09-30,main
003594,2833.0,0.0064960939313425,2026-09-30,main
009725,2834.0,0.0064340659479447,2026-09-30,main
000945,2835.0,0.0064328988467279,2026-09-30,main
006022,2836.0,0.0064162111245724,2026-09-30,main
004617,2837.0,0.006271620662424,2026-09-30,main
011851,2838.0,0.0062615111055985,2026-09-30,main
018754,2839.0,0.0061610856690534,2026-09-30,main
001571,2840.0,0.0061305123169903,2026-09-30,main
013967,2841.0,0.0060638586876506,2026-09-30,main
010120,2842.0,0.0060597699145168,2026-09-30,main
009568,2843.0,0.0060374634118463,2026-09-30,main
004142,2844.0,0.0060317711159341,2026-09-30,main
024046,2845.0,0.0058420285068014,2026-09-30,main
004823,2846.0,0.0058190955900712,2026-09-30,main
017624,2847.0,0.005747345909469,2026-09-30,main
009428,2848.0,0.0057346648989442,2026-09-30,main
012387,2849.0,0.0055169755881863,2026-09-30,main
011231,2850.0,0.0055088640818969,2026-09-30,main
003154,2851.0,0.0054826222428419,2026-09-30,main
012014,2852.0,0.0053924316259637,2026-09-30,main
012683,2853.0,0.0053654356544294,2026-09-30,main
012052,2854.0,0.00520908807629,2026-09-30,main
001358,2855.0,0.0051645280961192,2026-09-30,main
013830,2856.0,0.00504000707031,2026-09-30,main
501032,2857.0,0.0050258151864557,2026-09-30,main
013980,2858.0,0.0048920487430861,2026-09-30,main
710002,2859.0,0.0048277889475647,2026-09-30,main
000457,2860.0,0.0048113585264426,2026-09-30,main
010176,2861.0,0.0047987778601175,2026-09-30,main
013726,2862.0,0.004735205386561,2026-09-30,main
012951,2863.0,0.0047111081236708,2026-09-30,main
001250,2864.0,0.0047065885760706,2026-09-30,main
012297,2865.0,0.0046577576349668,2026-09-30,main
005906,2866.0,0.0045643176057303,2026-09-30,main
021826,2867.0,0.004482414596971,2026-09-30,main
015641,2868.0,0.0043318530627918,2026-09-30,main
012485,2869.0,0.0043289821657401,2026-09-30,main
010659,2870.0,0.0043007366369212,2026-09-30,main
011246,2871.0,0.0042987259614528,2026-09-30,main
010116,2872.0,0.0042643898487235,2026-09-30,main
014759,2873.0,0.0041632794638151,2026-09-30,main
011601,2874.0,0.0041460669264687,2026-09-30,main
007725,2875.0,0.0041348475000921,2026-09-30,main
501022,2876.0,0.0040934165673036,2026-09-30,main
008770,2877.0,0.0040081663671167,2026-09-30,main
011175,2878.0,0.0038917787097703,2026-09-30,main
000916,2879.0,0.0038712282721411,2026-09-30,main
010515,2880.0,0.0038109337552014,2026-09-30,main
009718,2881.0,0.003797723884084,2026-09-30,main
010775,2882.0,0.0037947057767111,2026-09-30,main
011836,2883.0,0.0036744270168207,2026-09-30,main
009031,2884.0,0.0035895495909619,2026-09-30,main
003241,2885.0,0.003577957458692,2026-09-30,main
010408,2886.0,0.0035521815993808,2026-09-30,main
002518,2887.0,0.0035475048839372,2026-09-30,main
001218,2888.0,0.0035340491595632,2026-09-30,main
008629,2889.0,0.0035288589616393,2026-09-30,main
000072,2890.0,0.0034109894504958,2026-09-30,main
013243,2891.0,0.0033934417527745,2026-09-30,main
005588,2892.0,0.0033680042052237,2026-09-30,main
004604,2893.0,0.0033208280596259,2026-09-30,main
008110,2894.0,0.0033117219897815,2026-09-30,main
519175,2895.0,0.0031674255024385,2026-09-30,main
161616,2896.0,0.0031144687535029,2026-09-30,main
012161,2897.0,0.0030300522696664,2026-09-30,main
014360,2898.0,0.0029527073434316,2026-09-30,main
000977,2899.0,0.0029179776557424,2026-09-30,main
001268,2900.0,0.002916410437266,2026-09-30,main
008990,2901.0,0.0029041224640105,2026-09-30,main
012299,2902.0,0.0028965051431055,2026-09-30,main
002049,2903.0,0.0027650531062324,2026-09-30,main
000452,2904.0,0.0027190269249666,2026-09-30,main
001349,2905.0,0.0026920798339891,2026-09-30,main
012027,2906.0,0.0026070915683527,2026-09-30,main
010522,2907.0,0.0025511252659131,2026-09-30,main
010405,2908.0,0.0023694764801109,2026-09-30,main
015268,2909.0,0.0023305722220312,2026-09-30,main
011538,2910.0,0.0023272643198377,2026-09-30,main
005117,2911.0,0.0023121230529152,2026-09-30,main
002584,2912.0,0.002274581248209,2026-09-30,main
017540,2913.0,0.0022657346260623,2026-09-30,main
012412,2914.0,0.0021607565689092,2026-09-30,main
003343,2915.0,0.00206966785832,2026-09-30,main
013103,2916.0,0.0018703859819024,2026-09-30,main
015657,2917.0,0.0018523566310002,2026-09-30,main
006969,2918.0,0.0017993009534555,2026-09-30,main
013267,2919.0,0.0017913063583154,2026-09-30,main
011542,2920.0,0.0017806189408031,2026-09-30,main
020720,2921.0,0.0016351916870103,2026-09-30,main
005421,2922.0,0.0015867604377184,2026-09-30,main
020186,2923.0,0.0014272360949869,2026-09-30,main
010678,2924.0,0.0013593567400567,2026-09-30,main
501208,2925.0,0.0012406594756673,2026-09-30,main
160518,2926.0,0.0011907681171368,2026-09-30,main
450003,2927.0,0.0011055863438107,2026-09-30,main
006007,2928.0,0.0010115396230632,2026-09-30,main
005949,2929.0,0.0009937097406551,2026-09-30,main
501049,2930.0,0.0008502046169467,2026-09-30,main
000572,2931.0,0.0007751856879179,2026-09-30,main
001917,2932.0,0.0005731379451014,2026-09-30,main
016781,2933.0,0.0004576200384112,2026-09-30,main
000690,2934.0,0.0003578355578723,2026-09-30,main
006002,2935.0,0.0002955166097831,2026-09-30,main
010879,2936.0,0.0002478733988067,2026-09-30,main
020064,2937.0,0.0002199718865965,2026-09-30,main
001418,2938.0,0.0001513387857505,2026-09-30,main
002227,2939.0,0.0001283058656023,2026-09-30,main
167702,2940.0,0.0001199384133054,2026-09-30,main
007318,2941.0,3.728002944836106e-05,2026-09-30,main
017232,2942.0,2.279021757356503e-05,2026-09-30,main
004361,2943.0,-2.144342644305741e-05,2026-09-30,main
009379,2944.0,-9.678911955379732e-05,2026-09-30,main
005939,2945.0,-0.0001068602676305,2026-09-30,main
010998,2946.0,-0.0001103940359392,2026-09-30,main
002083,2947.0,-0.0001173140236746,2026-09-30,main
016844,2948.0,-0.0001812315163496,2026-09-30,main
010819,2949.0,-0.0001871652900443,2026-09-30,main
011224,2950.0,-0.0002595491130108,2026-09-30,main
017615,2951.0,-0.0004148557631965,2026-09-30,main
011251,2952.0,-0.0004660932031336,2026-09-30,main
080001,2953.0,-0.0004984243305816,2026-09-30,main
483003,2954.0,-0.0005471634146704,2026-09-30,main
006736,2955.0,-0.0007527096166148,2026-09-30,main
009102,2956.0,-0.0007618342216757,2026-09-30,main
001704,2957.0,-0.0008060803666849,2026-09-30,main
023169,2958.0,-0.0009221638268525,2026-09-30,main
011071,2959.0,-0.0009353749598972,2026-09-30,main
217002,2960.0,-0.0011315442921057,2026-09-30,main
006251,2961.0,-0.001202048573846,2026-09-30,main
010393,2962.0,-0.0012054570155327,2026-09-30,main
008923,2963.0,-0.0012560463132376,2026-09-30,main
519039,2964.0,-0.0014479528272546,2026-09-30,main
019472,2965.0,-0.0015033449714899,2026-09-30,main
012148,2966.0,-0.0015062998457489,2026-09-30,main
519068,2967.0,-0.0016019166476004,2026-09-30,main
001427,2968.0,-0.0017258116908402,2026-09-30,main
620006,2969.0,-0.0018288110290065,2026-09-30,main
021404,2970.0,-0.0018414792570714,2026-09-30,main
450004,2971.0,-0.0019430274644725,2026-09-30,main
009275,2972.0,-0.0019692975807793,2026-09-30,main
016995,2973.0,-0.0020102555324382,2026-09-30,main
007968,2974.0,-0.0021333011554159,2026-09-30,main
012281,2975.0,-0.0021732696253556,2026-09-30,main
022555,2976.0,-0.0022069111910253,2026-09-30,main
009086,2977.0,-0.0022140716366504,2026-09-30,main
009398,2978.0,-0.0022639351900802,2026-09-30,main
009135,2979.0,-0.0023639687723242,2026-09-30,main
014874,2980.0,-0.0024933551422025,2026-09-30,main
011767,2981.0,-0.0025155251341194,2026-09-30,main
004716,2982.0,-0.0025221410930066,2026-09-30,main
015373,2983.0,-0.0025449969420827,2026-09-30,main
002273,2984.0,-0.0026531749859293,2026-09-30,main
000870,2985.0,-0.0026560411812786,2026-09-30,main
017415,2986.0,-0.002746627798098,2026-09-30,main
000743,2987.0,-0.00277655711178,2026-09-30,main
015012,2988.0,-0.0027893794017751,2026-09-30,main
014151,2989.0,-0.0027995217933488,2026-09-30,main
021981,2990.0,-0.0028574229930117,2026-09-30,main
011550,2991.0,-0.0029322502675107,2026-09-30,main
009223,2992.0,-0.0029744077645247,2026-09-30,main
013209,2993.0,-0.0030728875976897,2026-09-30,main
320015,2994.0,-0.0031900088770386,2026-09-30,main
008736,2995.0,-0.0032030540486249,2026-09-30,main
014730,2996.0,-0.0032130276289242,2026-09-30,main
001468,2997.0,-0.0032389847956407,2026-09-30,main
010369,2998.0,-0.0032666076112213,2026-09-30,main
009977,2999.0,-0.0034093829829301,2026-09-30,main
010605,3000.0,-0.0034674037719719,2026-09-30,main
022224,3001.0,-0.0035436146798604,2026-09-30,main
005662,3002.0,-0.0036415769511006,2026-09-30,main
012119,3003.0,-0.0037601961364027,2026-09-30,main
014809,3004.0,-0.0039751805208035,2026-09-30,main
022237,3005.0,-0.0039753461082917,2026-09-30,main
002135,3006.0,-0.0040018228725638,2026-09-30,main
012479,3007.0,-0.0041132008918594,2026-09-30,main
020052,3008.0,-0.0042036320038958,2026-09-30,main
008116,3009.0,-0.0045225344662926,2026-09-30,main
015219,3010.0,-0.0045514961620845,2026-09-30,main
001362,3011.0,-0.00457543295039,2026-09-30,main
003044,3012.0,-0.0046238034108311,2026-09-30,main
003062,3013.0,-0.0046967307500376,2026-09-30,main
001485,3014.0,-0.0047205022479577,2026-09-30,main
008704,3015.0,-0.0047821924276862,2026-09-30,main
011383,3016.0,-0.0048765770846744,2026-09-30,main
012377,3017.0,-0.0049222716972963,2026-09-30,main
007303,3018.0,-0.004978326403065,2026-09-30,main
420009,3019.0,-0.0049820035100374,2026-09-30,main
014706,3020.0,-0.005115207134309,2026-09-30,main
009128,3021.0,-0.0051441686924029,2026-09-30,main
161609,3022.0,-0.0051850637926387,2026-09-30,main
013367,3023.0,-0.005188758424542,2026-09-30,main
008336,3024.0,-0.0053431359818949,2026-09-30,main
001171,3025.0,-0.005460797449482,2026-09-30,main
010697,3026.0,-0.0055071234516871,2026-09-30,main
003132,3027.0,-0.0057353864370344,2026-09-30,main
008274,3028.0,-0.0057457192141385,2026-09-30,main
020193,3029.0,-0.0057476929717322,2026-09-30,main
002614,3030.0,-0.0058297065653307,2026-09-30,main
970121,3031.0,-0.0058408674369196,2026-09-30,main
018073,3032.0,-0.0059120543925933,2026-09-30,main
012088,3033.0,-0.0060497471245735,2026-09-30,main
160624,3034.0,-0.0060569865957549,2026-09-30,main
013776,3035.0,-0.0060671776137267,2026-09-30,main
010465,3036.0,-0.006220060624261,2026-09-30,main
001157,3037.0,-0.0063804873800188,2026-09-30,main
010480,3038.0,-0.0064090860351136,2026-09-30,main
002535,3039.0,-0.0064897565416752,2026-09-30,main
000058,3040.0,-0.0065113977170421,2026-09-30,main
021491,3041.0,-0.0065526884445092,2026-09-30,main
050008,3042.0,-0.0065887317561533,2026-09-30,main
165512,3043.0,-0.0065903970789596,2026-09-30,main
014541,3044.0,-0.0066131570529643,2026-09-30,main
700001,3045.0,-0.00671366427587,2026-09-30,main
100026,3046.0,-0.0067223675372892,2026-09-30,main
014317,3047.0,-0.0067228778496022,2026-09-30,main
023584,3048.0,-0.0067529150647935,2026-09-30,main
003333,3049.0,-0.0070605203233105,2026-09-30,main
003345,3050.0,-0.0070744823213695,2026-09-30,main
022157,3051.0,-0.0072478692381453,2026-09-30,main
011711,3052.0,-0.0074734852565,2026-09-30,main
001146,3053.0,-0.0075156682468088,2026-09-30,main
016645,3054.0,-0.0075589495627373,2026-09-30,main
013634,3055.0,-0.0078200575688088,2026-09-30,main
020168,3056.0,-0.007851288846987,2026-09-30,main
021995,3057.0,-0.0078858286097539,2026-09-30,main
000892,3058.0,-0.008033337347216,2026-09-30,main
012406,3059.0,-0.0086078366287739,2026-09-30,main
014203,3060.0,-0.0086299383802815,2026-09-30,main
005341,3061.0,-0.0086673322343241,2026-09-30,main
011791,3062.0,-0.0086685690482818,2026-09-30,main
014199,3063.0,-0.0086907776328711,2026-09-30,main
002581,3064.0,-0.0087524798696642,2026-09-30,main
010852,3065.0,-0.0087562773630704,2026-09-30,main
000530,3066.0,-0.0089667395329749,2026-09-30,main
163110,3067.0,-0.0089770307982368,2026-09-30,main
019972,3068.0,-0.009235245383825,2026-09-30,main
016863,3069.0,-0.0092359562778545,2026-09-30,main
166009,3070.0,-0.0092367167997445,2026-09-30,main
017998,3071.0,-0.0093005712402196,2026-09-30,main
012268,3072.0,-0.009546759266913,2026-09-30,main
006529,3073.0,-0.009623692648634,2026-09-30,main
010045,3074.0,-0.0097320145719563,2026-09-30,main
009296,3075.0,-0.0097552479718417,2026-09-30,main
001044,3076.0,-0.0098383343554693,2026-09-30,main
410003,3077.0,-0.0098966634397538,2026-09-30,main
012196,3078.0,-0.0099357522131703,2026-09-30,main
018539,3079.0,-0.0099839446198135,2026-09-30,main
021513,3080.0,-0.0100850803075259,2026-09-30,main
290005,3081.0,-0.0100928921245316,2026-09-30,main
420005,3082.0,-0.0101353481216809,2026-09-30,main
004710,3083.0,-0.0103396130619458,2026-09-30,main
011798,3084.0,-0.0103845928524446,2026-09-30,main
011936,3085.0,-0.010495569819056,2026-09-30,main
005802,3086.0,-0.0105007919679659,2026-09-30,main
018405,3087.0,-0.010618577326783,2026-09-30,main
000065,3088.0,-0.0106395927966269,2026-09-30,main
011097,3089.0,-0.0107116519669425,2026-09-30,main
008375,3090.0,-0.0107678885770551,2026-09-30,main
014333,3091.0,-0.0107910929244242,2026-09-30,main
013985,3092.0,-0.0108153935437346,2026-09-30,main
010688,3093.0,-0.0108297004834996,2026-09-30,main
011190,3094.0,-0.0108451772793372,2026-09-30,main
019978,3095.0,-0.0109070799957243,2026-09-30,main
001136,3096.0,-0.0109316068303362,2026-09-30,main
002408,3097.0,-0.0109352178265602,2026-09-30,main
213002,3098.0,-0.0109653160009793,2026-09-30,main
090020,3099.0,-0.0109670194021248,2026-09-30,main
011293,3100.0,-0.0112178473068259,2026-09-30,main
000893,3101.0,-0.011383709640627,2026-09-30,main
002628,3102.0,-0.01142741309166,2026-09-30,main
009169,3103.0,-0.0114756276825741,2026-09-30,main
005267,3104.0,-0.0115448851105722,2026-09-30,main
501189,3105.0,-0.0115643816338194,2026-09-30,main
014754,3106.0,-0.0116019808779943,2026-09-30,main
011044,3107.0,-0.0116055111433771,2026-09-30,main
161722,3108.0,-0.0119364861609498,2026-09-30,main
014619,3109.0,-0.0119593289886072,2026-09-30,main
014488,3110.0,-0.0120401291256391,2026-09-30,main
016830,3111.0,-0.0120816061736639,2026-09-30,main
002461,3112.0,-0.0121344845575455,2026-09-30,main
001965,3113.0,-0.0121967912509207,2026-09-30,main
003861,3114.0,-0.0122094662418542,2026-09-30,main
001574,3115.0,-0.012213696063188,2026-09-30,main
012113,3116.0,-0.0122540639241652,2026-09-30,main
015911,3117.0,-0.0122782105022744,2026-09-30,main
015627,3118.0,-0.0122863232269516,2026-09-30,main
018484,3119.0,-0.0124101936257542,2026-09-30,main
011384,3120.0,-0.0124451937932318,2026-09-30,main
010036,3121.0,-0.0124951876748032,2026-09-30,main
010503,3122.0,-0.0125591637792554,2026-09-30,main
011160,3123.0,-0.012646497179189,2026-09-30,main
015303,3124.0,-0.0127992454177695,2026-09-30,main
019991,3125.0,-0.0129128509674339,2026-09-30,main
011992,3126.0,-0.0130070898884586,2026-09-30,main
017564,3127.0,-0.0130563629870682,2026-09-30,main
160910,3128.0,-0.0130774497650364,2026-09-30,main
011734,3129.0,-0.0131111756502245,2026-09-30,main
008835,3130.0,-0.0132384112033068,2026-09-30,main
014267,3131.0,-0.0132961915200303,2026-09-30,main
015729,3132.0,-0.0133563366422254,2026-09-30,main
010894,3133.0,-0.0133564758701077,2026-09-30,main
005711,3134.0,-0.0133731852135489,2026-09-30,main
020062,3135.0,-0.013374377202032,2026-09-30,main
000418,3136.0,-0.0133759043298332,2026-09-30,main
770001,3137.0,-0.013382832947766,2026-09-30,main
010452,3138.0,-0.0134502843026881,2026-09-30,main
012073,3139.0,-0.0136953294805604,2026-09-30,main
400013,3140.0,-0.0137567130152779,2026-09-30,main
217005,3141.0,-0.0137709427544449,2026-09-30,main
019740,3142.0,-0.0139165251096261,2026-09-30,main
002612,3143.0,-0.0140101952901771,2026-09-30,main
007016,3144.0,-0.0141347705934934,2026-09-30,main
005833,3145.0,-0.014258678573926,2026-09-30,main
004734,3146.0,-0.0143979555475541,2026-09-30,main
008283,3147.0,-0.0144878198772099,2026-09-30,main
017813,3148.0,-0.0146715205736841,2026-09-30,main
006424,3149.0,-0.0146748577376226,2026-09-30,main
009334,3150.0,-0.0147426808423096,2026-09-30,main
015578,3151.0,-0.0148201125443518,2026-09-30,main
013426,3152.0,-0.0148646169903343,2026-09-30,main
016388,3153.0,-0.014933196583508,2026-09-30,main
009029,3154.0,-0.0150289573251477,2026-09-30,main
005876,3155.0,-0.0151413716864066,2026-09-30,main
014598,3156.0,-0.0152045633477653,2026-09-30,main
001782,3157.0,-0.0152769546830798,2026-09-30,main
024596,3158.0,-0.0153529773310236,2026-09-30,main
010597,3159.0,-0.0154143167548861,2026-09-30,main
001364,3160.0,-0.0154551433735468,2026-09-30,main
011629,3161.0,-0.0154602660090634,2026-09-30,main
002363,3162.0,-0.0154911914388884,2026-09-30,main
016978,3163.0,-0.0155956164845952,2026-09-30,main
012005,3164.0,-0.0157398690205258,2026-09-30,main
007109,3165.0,-0.0158484270752204,2026-09-30,main
014038,3166.0,-0.015870226418774,2026-09-30,main
519125,3167.0,-0.0159066398883707,2026-09-30,main
016834,3168.0,-0.0159173588087053,2026-09-30,main
590006,3169.0,-0.015955558952861,2026-09-30,main
501066,3170.0,-0.0160508970146501,2026-09-30,main
008838,3171.0,-0.0161405991875505,2026-09-30,main
008547,3172.0,-0.0161509810134934,2026-09-30,main
398031,3173.0,-0.0162302290092929,2026-09-30,main
014944,3174.0,-0.016274158907872,2026-09-30,main
011146,3175.0,-0.0162747548944152,2026-09-30,main
001584,3176.0,-0.0163799760884041,2026-09-30,main
008317,3177.0,-0.0165125820791343,2026-09-30,main
008134,3178.0,-0.0165565516257075,2026-09-30,main
012287,3179.0,-0.0165613246179289,2026-09-30,main
009956,3180.0,-0.0166076131622983,2026-09-30,main
011243,3181.0,-0.0167391671859208,2026-09-30,main
002767,3182.0,-0.0168254569786703,2026-09-30,main
019352,3183.0,-0.0168373706236909,2026-09-30,main
007387,3184.0,-0.0170601602511547,2026-09-30,main
003956,3185.0,-0.0170888800371125,2026-09-30,main
000646,3186.0,-0.0171053802124491,2026-09-30,main
012029,3187.0,-0.0171896624873605,2026-09-30,main
024464,3188.0,-0.0172670355581168,2026-09-30,main
004453,3189.0,-0.017297450612367,2026-09-30,main
024413,3190.0,-0.0174282179040156,2026-09-30,main
001942,3191.0,-0.0174974260665375,2026-09-30,main
017630,3192.0,-0.0174989524069776,2026-09-30,main
010706,3193.0,-0.0176527827731129,2026-09-30,main
017142,3194.0,-0.0176698389392603,2026-09-30,main
519156,3195.0,-0.0177181483549467,2026-09-30,main
011980,3196.0,-0.0177213203286181,2026-09-30,main
014573,3197.0,-0.0177992355567963,2026-09-30,main
161611,3198.0,-0.0178457689230132,2026-09-30,main
011138,3199.0,-0.0178711749602474,2026-09-30,main
020876,3200.0,-0.017888207880224,2026-09-30,main
003284,3201.0,-0.0179214821781361,2026-09-30,main
501001,3202.0,-0.0179974177008307,2026-09-30,main
012001,3203.0,-0.0182434723523353,2026-09-30,main
011727,3204.0,-0.0183857910815193,2026-09-30,main
001156,3205.0,-0.0185719002296884,2026-09-30,main
024501,3206.0,-0.0186322711154977,2026-09-30,main
007825,3207.0,-0.0187179088854531,2026-09-30,main
013485,3208.0,-0.0189932657998901,2026-09-30,main
016528,3209.0,-0.0190977028556832,2026-09-30,main
012661,3210.0,-0.0191690354715611,2026-09-30,main
016517,3211.0,-0.0191835512868127,2026-09-30,main
022495,3212.0,-0.0192726803167502,2026-09-30,main
009114,3213.0,-0.0196960187771262,2026-09-30,main
005357,3214.0,-0.0197021185340674,2026-09-30,main
016524,3215.0,-0.0197185394305591,2026-09-30,main
000844,3216.0,-0.019768317706824,2026-09-30,main
019497,3217.0,-0.0198973483334304,2026-09-30,main
012704,3218.0,-0.0200658765727326,2026-09-30,main
010132,3219.0,-0.0201276987929936,2026-09-30,main
019718,3220.0,-0.0201346100793293,2026-09-30,main
004925,3221.0,-0.0201578410345452,2026-09-30,main
000849,3222.0,-0.0203257020008276,2026-09-30,main
501081,3223.0,-0.0203578396070323,2026-09-30,main
002313,3224.0,-0.0203591092735647,2026-09-30,main
001852,3225.0,-0.0203711352268695,2026-09-30,main
008480,3226.0,-0.0203880277566423,2026-09-30,main
021147,3227.0,-0.0204848869924142,2026-09-30,main
019079,3228.0,-0.0205150245234421,2026-09-30,main
519062,3229.0,-0.0205620394666984,2026-09-30,main
013095,3230.0,-0.0206179479256137,2026-09-30,main
012765,3231.0,-0.0206392152614512,2026-09-30,main
016091,3232.0,-0.0208187101841128,2026-09-30,main
009210,3233.0,-0.0208731867091832,2026-09-30,main
270007,3234.0,-0.020896590825604,2026-09-30,main
005974,3235.0,-0.0208981532180262,2026-09-30,main
010676,3236.0,-0.0209200285755373,2026-09-30,main
011901,3237.0,-0.0209293816798208,2026-09-30,main
260116,3238.0,-0.0209522136831247,2026-09-30,main
002593,3239.0,-0.0210155590031846,2026-09-30,main
180010,3240.0,-0.0210180190610306,2026-09-30,main
501188,3241.0,-0.021052225941757,2026-09-30,main
005082,3242.0,-0.0213869282038108,2026-09-30,main
002955,3243.0,-0.0214785350069488,2026-09-30,main
003125,3244.0,-0.0215260300470498,2026-09-30,main
005644,3245.0,-0.0215621411467848,2026-09-30,main
024709,3246.0,-0.021574968002385,2026-09-30,main
014576,3247.0,-0.0216861472676468,2026-09-30,main
009230,3248.0,-0.0217182581324982,2026-09-30,main
005552,3249.0,-0.0217259401272049,2026-09-30,main
010122,3250.0,-0.021767900610805,2026-09-30,main
002264,3251.0,-0.0217806894677061,2026-09-30,main
009667,3252.0,-0.0220682850392314,2026-09-30,main
090004,3253.0,-0.0223570202008611,2026-09-30,main
240010,3254.0,-0.0223720672510528,2026-09-30,main
023959,3255.0,-0.0223802160580092,2026-09-30,main
005968,3256.0,-0.0224789352095063,2026-09-30,main
007251,3257.0,-0.0225870093336058,2026-09-30,main
012138,3258.0,-0.0226788988987987,2026-09-30,main
011390,3259.0,-0.0226883376146811,2026-09-30,main
024441,3260.0,-0.0228045151453298,2026-09-30,main
012155,3261.0,-0.0228754857357621,2026-09-30,main
005259,3262.0,-0.0228792696428252,2026-09-30,main
008373,3263.0,-0.0228862796190212,2026-09-30,main
010532,3264.0,-0.0229328092292694,2026-09-30,main
005039,3265.0,-0.0230698611048781,2026-09-30,main
009121,3266.0,-0.0231686649151475,2026-09-30,main
450009,3267.0,-0.0232084631363416,2026-09-30,main
017011,3268.0,-0.0232143234192571,2026-09-30,main
013184,3269.0,-0.0232249880644118,2026-09-30,main
012473,3270.0,-0.0234795940836102,2026-09-30,main
660003,3271.0,-0.0235475057844205,2026-09-30,main
009683,3272.0,-0.0236037836491166,2026-09-30,main
018381,3273.0,-0.0236751737804031,2026-09-30,main
002657,3274.0,-0.023707561500366,2026-09-30,main
011649,3275.0,-0.0237132549347899,2026-09-30,main
019106,3276.0,-0.0238126575139276,2026-09-30,main
006051,3277.0,-0.0238834658177979,2026-09-30,main
002057,3278.0,-0.0238904012739488,2026-09-30,main
202003,3279.0,-0.0241354818632733,2026-09-30,main
001694,3280.0,-0.0241401123250416,2026-09-30,main
014177,3281.0,-0.0241728352509531,2026-09-30,main
008107,3282.0,-0.0242014048473067,2026-09-30,main
004403,3283.0,-0.024353287953588,2026-09-30,main
011015,3284.0,-0.0244821540563318,2026-09-30,main
240004,3285.0,-0.0246226302495702,2026-09-30,main
013358,3286.0,-0.0246235245376897,2026-09-30,main
009273,3287.0,-0.0247060664863536,2026-09-30,main
024175,3288.0,-0.0247475844676956,2026-09-30,main
017303,3289.0,-0.0248071751500573,2026-09-30,main
022153,3290.0,-0.0249926295044735,2026-09-30,main
011128,3291.0,-0.0250339301615808,2026-09-30,main
009789,3292.0,-0.0251228829629317,2026-09-30,main
001306,3293.0,-0.0251320942405907,2026-09-30,main
460005,3294.0,-0.0251439630038917,2026-09-30,main
001635,3295.0,-0.0252180554838583,2026-09-30,main
002456,3296.0,-0.0252798398140925,2026-09-30,main
011748,3297.0,-0.0253336086375943,2026-09-30,main
016902,3298.0,-0.0254001513571291,2026-09-30,main
487021,3299.0,-0.0256349121908945,2026-09-30,main
090015,3300.0,-0.0260676744338261,2026-09-30,main
001791,3301.0,-0.0261690764877475,2026-09-30,main
011256,3302.0,-0.0262386964134795,2026-09-30,main
018890,3303.0,-0.0263965321225464,2026-09-30,main
002270,3304.0,-0.0265235253524483,2026-09-30,main
161131,3305.0,-0.0265498907955819,2026-09-30,main
006323,3306.0,-0.0265595893602557,2026-09-30,main
021431,3307.0,-0.0265596600265326,2026-09-30,main
010929,3308.0,-0.0266431591759415,2026-09-30,main
012975,3309.0,-0.0266720423589782,2026-09-30,main
012408,3310.0,-0.0266807398306055,2026-09-30,main
017735,3311.0,-0.0268057479956024,2026-09-30,main
000926,3312.0,-0.0268462944296391,2026-09-30,main
210003,3313.0,-0.0268893073410212,2026-09-30,main
013771,3314.0,-0.0269153467549536,2026-09-30,main
006879,3315.0,-0.0270538441495856,2026-09-30,main
007439,3316.0,-0.0271684789645055,2026-09-30,main
360006,3317.0,-0.0273129656987481,2026-09-30,main
014210,3318.0,-0.027359067890429,2026-09-30,main
160805,3319.0,-0.027522554110914,2026-09-30,main
005189,3320.0,-0.0275488010496749,2026-09-30,main
016504,3321.0,-0.0275940683849704,2026-09-30,main
016774,3322.0,-0.0276809543669362,2026-09-30,main
008404,3323.0,-0.0276895067340038,2026-09-30,main
001300,3324.0,-0.0276924951144246,2026-09-30,main
519918,3325.0,-0.0277069115298352,2026-09-30,main
016570,3326.0,-0.027747101842163,2026-09-30,main
519093,3327.0,-0.0277620981084711,2026-09-30,main
001126,3328.0,-0.0279405190643818,2026-09-30,main
003484,3329.0,-0.0281426733461938,2026-09-30,main
006109,3330.0,-0.0282673348027855,2026-09-30,main
009076,3331.0,-0.0283040176901632,2026-09-30,main
015976,3332.0,-0.0283382771002389,2026-09-30,main
012262,3333.0,-0.028390252856374,2026-09-30,main
240008,3334.0,-0.0283998780909934,2026-09-30,main
011142,3335.0,-0.0285293662633742,2026-09-30,main
001719,3336.0,-0.0285605969921768,2026-09-30,main
005689,3337.0,-0.0285659455448628,2026-09-30,main
003095,3338.0,-0.0286054110851583,2026-09-30,main
020098,3339.0,-0.0286634360119678,2026-09-30,main
020884,3340.0,-0.0287001501720427,2026-09-30,main
005812,3341.0,-0.0288058366200658,2026-09-30,main
001766,3342.0,-0.0288185326534483,2026-09-30,main
660004,3343.0,-0.0288636511189374,2026-09-30,main
013603,3344.0,-0.0289230858100266,2026-09-30,main
008576,3345.0,-0.0290605276849056,2026-09-30,main
019470,3346.0,-0.0290697006644786,2026-09-30,main
012093,3347.0,-0.0291973489316599,2026-09-30,main
005120,3348.0,-0.029261322318888,2026-09-30,main
020117,3349.0,-0.0294122359152172,2026-09-30,main
519130,3350.0,-0.0294274082253971,2026-09-30,main
009376,3351.0,-0.0294510138714826,2026-09-30,main
010330,3352.0,-0.0295278994967504,2026-09-30,main
012346,3353.0,-0.0295469964441156,2026-09-30,main
011681,3354.0,-0.0295553739999061,2026-09-30,main
000336,3355.0,-0.0295841696367427,2026-09-30,main
690004,3356.0,-0.029586572703541,2026-09-30,main
013890,3357.0,-0.0296246909833108,2026-09-30,main
160812,3358.0,-0.0296246916061153,2026-09-30,main
013783,3359.0,-0.0296946892177464,2026-09-30,main
001858,3360.0,-0.0297409253035384,2026-09-30,main
010357,3361.0,-0.0298275427106697,2026-09-30,main
010570,3362.0,-0.0298856659825428,2026-09-30,main
009872,3363.0,-0.0299041403565087,2026-09-30,main
006700,3364.0,-0.0299603723564974,2026-09-30,main
011930,3365.0,-0.030157264274542,2026-09-30,main
001660,3366.0,-0.03020004633052,2026-09-30,main
019727,3367.0,-0.0302862427193573,2026-09-30,main
005043,3368.0,-0.0308215874851087,2026-09-30,main
006227,3369.0,-0.0309331124458838,2026-09-30,main
004814,3370.0,-0.0309804526799105,2026-09-30,main
009570,3371.0,-0.0314044295071391,2026-09-30,main
020801,3372.0,-0.0315559508477614,2026-09-30,main
070006,3373.0,-0.0319134690396114,2026-09-30,main
002497,3374.0,-0.031973857327738,2026-09-30,main
012096,3375.0,-0.0322168127410177,2026-09-30,main
015635,3376.0,-0.0322301603447253,2026-09-30,main
001150,3377.0,-0.0322367119214861,2026-09-30,main
001312,3378.0,-0.0322562995144324,2026-09-30,main
008537,3379.0,-0.0322678953557392,2026-09-30,main
001445,3380.0,-0.0325660327463269,2026-09-30,main
660001,3381.0,-0.0327456382716022,2026-09-30,main
016477,3382.0,-0.0327500341948463,2026-09-30,main
004477,3383.0,-0.0327962851150783,2026-09-30,main
014460,3384.0,-0.0328551019066712,2026-09-30,main
011189,3385.0,-0.033125005698829,2026-09-30,main
018549,3386.0,-0.0331386729461459,2026-09-30,main
014241,3387.0,-0.0331591889539811,2026-09-30,main
270002,3388.0,-0.0331645773207619,2026-09-30,main
005347,3389.0,-0.0334086326328192,2026-09-30,main
009317,3390.0,-0.0335640914483965,2026-09-30,main
010423,3391.0,-0.0336444745853439,2026-09-30,main
018409,3392.0,-0.0337169814188056,2026-09-30,main
002189,3393.0,-0.0338427976718916,2026-09-30,main
008719,3394.0,-0.0339016870146531,2026-09-30,main
730001,3395.0,-0.0339105546869192,2026-09-30,main
017549,3396.0,-0.0342658561001177,2026-09-30,main
003593,3397.0,-0.0343234392851747,2026-09-30,main
000398,3398.0,-0.034354849633546,2026-09-30,main
560002,3399.0,-0.0343715578155706,2026-09-30,main
024676,3400.0,-0.0344066060848519,2026-09-30,main
019498,3401.0,-0.0345954481025474,2026-09-30,main
020772,3402.0,-0.0347898163393625,2026-09-30,main
011468,3403.0,-0.0349437697696598,2026-09-30,main
000063,3404.0,-0.0349923110991785,2026-09-30,main
005323,3405.0,-0.0350326324076432,2026-09-30,main
260110,3406.0,-0.0350380445814315,2026-09-30,main
022119,3407.0,-0.035063051652151,2026-09-30,main
012184,3408.0,-0.0351679331749619,2026-09-30,main
009011,3409.0,-0.0352528468166575,2026-09-30,main
011271,3410.0,-0.0353226206572155,2026-09-30,main
002133,3411.0,-0.0353586121187307,2026-09-30,main
014053,3412.0,-0.0355667905077683,2026-09-30,main
005412,3413.0,-0.0357578921881317,2026-09-30,main
012533,3414.0,-0.035869154057199,2026-09-30,main
018620,3415.0,-0.0358937388468921,2026-09-30,main
015094,3416.0,-0.0359053471008928,2026-09-30,main
233008,3417.0,-0.036029440837481,2026-09-30,main
009154,3418.0,-0.0361014169636966,2026-09-30,main
013439,3419.0,-0.0361103170277863,2026-09-30,main
001720,3420.0,-0.0361392872790566,2026-09-30,main
011077,3421.0,-0.0362069475374285,2026-09-30,main
005275,3422.0,-0.0362974247169616,2026-09-30,main
001282,3423.0,-0.0363041552617667,2026-09-30,main
006595,3424.0,-0.0363269077977898,2026-09-30,main
018350,3425.0,-0.0363654199711034,2026-09-30,main
010668,3426.0,-0.0363696404389075,2026-09-30,main
015217,3427.0,-0.0364149749005561,2026-09-30,main
009999,3428.0,-0.0364196139370256,2026-09-30,main
009190,3429.0,-0.036749483144335,2026-09-30,main
002295,3430.0,-0.0368411163186362,2026-09-30,main
000471,3431.0,-0.0370320167569476,2026-09-30,main
169101,3432.0,-0.0372395560830933,2026-09-30,main
011843,3433.0,-0.0373968618300675,2026-09-30,main
010081,3434.0,-0.0375054707284245,2026-09-30,main
011518,3435.0,-0.0377462290207067,2026-09-30,main
011845,3436.0,-0.0378259248131993,2026-09-30,main
673120,3437.0,-0.0378541720292566,2026-09-30,main
206002,3438.0,-0.0378913616386283,2026-09-30,main
014829,3439.0,-0.0379636894709831,2026-09-30,main
202009,3440.0,-0.0380770314152645,2026-09-30,main
012491,3441.0,-0.0381071588641865,2026-09-30,main
009782,3442.0,-0.0383798407564602,2026-09-30,main
162102,3443.0,-0.0384323843785578,2026-09-30,main
005848,3444.0,-0.0386365517529809,2026-09-30,main
018806,3445.0,-0.0387381787802937,2026-09-30,main
021650,3446.0,-0.0387660710912369,2026-09-30,main
010892,3447.0,-0.0388359574820286,2026-09-30,main
377020,3448.0,-0.0389192991308823,2026-09-30,main
762001,3449.0,-0.0390154938595141,2026-09-30,main
008132,3450.0,-0.0390781152720903,2026-09-30,main
450002,3451.0,-0.0390990650384154,2026-09-30,main
004677,3452.0,-0.0392202959348243,2026-09-30,main
050026,3453.0,-0.0393344354081215,2026-09-30,main
005492,3454.0,-0.0393637552617656,2026-09-30,main
017073,3455.0,-0.039632435547414,2026-09-30,main
024934,3456.0,-0.0396345058782471,2026-09-30,main
008308,3457.0,-0.0397009252265041,2026-09-30,main
014811,3458.0,-0.0397683117126015,2026-09-30,main
009468,3459.0,-0.039837472993122,2026-09-30,main
020147,3460.0,-0.0399699059713398,2026-09-30,main
004913,3461.0,-0.040331274739768,2026-09-30,main
014482,3462.0,-0.0404241104877598,2026-09-30,main
003304,3463.0,-0.040460568690393,2026-09-30,main
012003,3464.0,-0.0405204036494787,2026-09-30,main
011405,3465.0,-0.0406454554884584,2026-09-30,main
017079,3466.0,-0.0406784887772421,2026-09-30,main
002293,3467.0,-0.0407101852471198,2026-09-30,main
010712,3468.0,-0.0407572441959614,2026-09-30,main
008177,3469.0,-0.0408027325412854,2026-09-30,main
024452,3470.0,-0.0408556874046993,2026-09-30,main
519971,3471.0,-0.0409766852687063,2026-09-30,main
010694,3472.0,-0.0411419536806814,2026-09-30,main
012706,3473.0,-0.0413799058928691,2026-09-30,main
006435,3474.0,-0.0414613253618399,2026-09-30,main
010425,3475.0,-0.0415933628747872,2026-09-30,main
010222,3476.0,-0.0416556204487991,2026-09-30,main
161706,3477.0,-0.0418599842604722,2026-09-30,main
008819,3478.0,-0.0419042759359307,2026-09-30,main
019610,3479.0,-0.0421377782460222,2026-09-30,main
007460,3480.0,-0.0422123291412751,2026-09-30,main
070032,3481.0,-0.0423643258716973,2026-09-30,main
001118,3482.0,-0.0423938785543018,2026-09-30,main
162212,3483.0,-0.0424456843712949,2026-09-30,main
010273,3484.0,-0.0424490922675717,2026-09-30,main
002134,3485.0,-0.0424795132710675,2026-09-30,main
010163,3486.0,-0.0433329433963988,2026-09-30,main
019743,3487.0,-0.0433792523841622,2026-09-30,main
016097,3488.0,-0.0435752318019444,2026-09-30,main
012086,3489.0,-0.0435879986401818,2026-09-30,main
004393,3490.0,-0.0436101421818411,2026-09-30,main
013767,3491.0,-0.0436972434374925,2026-09-30,main
018194,3492.0,-0.0437462698352115,2026-09-30,main
008271,3493.0,-0.0437607850534632,2026-09-30,main
018698,3494.0,-0.0437688792770371,2026-09-30,main
009332,3495.0,-0.0439449890052664,2026-09-30,main
010906,3496.0,-0.0440095056030948,2026-09-30,main
007689,3497.0,-0.0442526201967908,2026-09-30,main
005669,3498.0,-0.0442991857645104,2026-09-30,main
002640,3499.0,-0.0443889241288623,2026-09-30,main
620002,3500.0,-0.0445187304936769,2026-09-30,main
018101,3501.0,-0.0446136344199231,2026-09-30,main
014261,3502.0,-0.0447142648912437,2026-09-30,main
580008,3503.0,-0.0448202085683711,2026-09-30,main
373010,3504.0,-0.0448653771097495,2026-09-30,main
001219,3505.0,-0.0448920819425834,2026-09-30,main
660010,3506.0,-0.0451124021401486,2026-09-30,main
001363,3507.0,-0.0451460657819836,2026-09-30,main
008545,3508.0,-0.045183695700331,2026-09-30,main
255010,3509.0,-0.0452478935463701,2026-09-30,main
006121,3510.0,-0.0452554640647601,2026-09-30,main
001004,3511.0,-0.0453181674890186,2026-09-30,main
024935,3512.0,-0.0453714264629521,2026-09-30,main
002489,3513.0,-0.0454156153742427,2026-09-30,main
011203,3514.0,-0.0456706811120639,2026-09-30,main
000772,3515.0,-0.0457807930349956,2026-09-30,main
000195,3516.0,-0.0458278921834862,2026-09-30,main
019430,3517.0,-0.0459928341697482,2026-09-30,main
011570,3518.0,-0.0461173039806319,2026-09-30,main
024794,3519.0,-0.0462076682727634,2026-09-30,main
023433,3520.0,-0.0462511704318887,2026-09-30,main
006538,3521.0,-0.0463799946857361,2026-09-30,main
015485,3522.0,-0.0465065604671397,2026-09-30,main
011548,3523.0,-0.0465473319819422,2026-09-30,main
019361,3524.0,-0.0466460584639609,2026-09-30,main
000584,3525.0,-0.0467269470487825,2026-09-30,main
015071,3526.0,-0.0467993933209359,2026-09-30,main
660006,3527.0,-0.0470020046894551,2026-09-30,main
160211,3528.0,-0.0471080135011691,2026-09-30,main
100056,3529.0,-0.0471519944720714,2026-09-30,main
005521,3530.0,-0.0471632023891492,2026-09-30,main
009345,3531.0,-0.047219836875235,2026-09-30,main
004005,3532.0,-0.0473315599349207,2026-09-30,main
011816,3533.0,-0.0474756890946278,2026-09-30,main
005519,3534.0,-0.047601473122885,2026-09-30,main
001522,3535.0,-0.0477812340728863,2026-09-30,main
160311,3536.0,-0.047887820768533,2026-09-30,main
000127,3537.0,-0.0480091006361977,2026-09-30,main
009640,3538.0,-0.0480334407417658,2026-09-30,main
009700,3539.0,-0.0481418407358033,2026-09-30,main
012640,3540.0,-0.0483267131289453,2026-09-30,main
012510,3541.0,-0.0483903264156022,2026-09-30,main
008085,3542.0,-0.0483946146062416,2026-09-30,main
001914,3543.0,-0.0484018189688286,2026-09-30,main
000679,3544.0,-0.0484345064364372,2026-09-30,main
010293,3545.0,-0.0484475536119518,2026-09-30,main
420003,3546.0,-0.0486869026097059,2026-09-30,main
003373,3547.0,-0.0488598008035124,2026-09-30,main
012719,3548.0,-0.0489997322558785,2026-09-30,main
008178,3549.0,-0.0490742228288837,2026-09-30,main
003580,3550.0,-0.0490920811825971,2026-09-30,main
021910,3551.0,-0.0491510896580881,2026-09-30,main
002054,3552.0,-0.0493001555213847,2026-09-30,main
519033,3553.0,-0.0493063051209906,2026-09-30,main
019628,3554.0,-0.0493064427941615,2026-09-30,main
000729,3555.0,-0.0494065141297053,2026-09-30,main
000778,3556.0,-0.0496640959349345,2026-09-30,main
009366,3557.0,-0.0497501060264411,2026-09-30,main
009126,3558.0,-0.0498728389999887,2026-09-30,main
017261,3559.0,-0.049887101141653,2026-09-30,main
011236,3560.0,-0.0499177791199713,2026-09-30,main
160314,3561.0,-0.0500208464235907,2026-09-30,main
015135,3562.0,-0.0500375100608819,2026-09-30,main
000410,3563.0,-0.050137624183159,2026-09-30,main
017532,3564.0,-0.0501456159217834,2026-09-30,main
006274,3565.0,-0.0502924345990387,2026-09-30,main
015696,3566.0,-0.0503046204746584,2026-09-30,main
008037,3567.0,-0.0503958548660529,2026-09-30,main
004442,3568.0,-0.0506091138145601,2026-09-30,main
009907,3569.0,-0.0509439675090119,2026-09-30,main
257010,3570.0,-0.0509686047268171,2026-09-30,main
008077,3571.0,-0.0510246663014902,2026-09-30,main
377530,3572.0,-0.0510937754876078,2026-09-30,main
006952,3573.0,-0.0510974512848427,2026-09-30,main
000196,3574.0,-0.0511338526567148,2026-09-30,main
011793,3575.0,-0.0511345303785786,2026-09-30,main
519113,3576.0,-0.0511616295890134,2026-09-30,main
002282,3577.0,-0.0511859224429398,2026-09-30,main
257050,3578.0,-0.0511958955887263,2026-09-30,main
009630,3579.0,-0.0513580543164586,2026-09-30,main
012159,3580.0,-0.0513674726665935,2026-09-30,main
006039,3581.0,-0.0516893657032653,2026-09-30,main
011932,3582.0,-0.0517106214850251,2026-09-30,main
014591,3583.0,-0.0519630263049681,2026-09-30,main
008313,3584.0,-0.0522660805246057,2026-09-30,main
014114,3585.0,-0.0523121320885696,2026-09-30,main
022299,3586.0,-0.0523149589561957,2026-09-30,main
010996,3587.0,-0.052321342498306,2026-09-30,main
005520,3588.0,-0.052509887016038,2026-09-30,main
160918,3589.0,-0.0525112363843632,2026-09-30,main
020224,3590.0,-0.0526121263302261,2026-09-30,main
023570,3591.0,-0.0526204430316424,2026-09-30,main
018159,3592.0,-0.0529715454377081,2026-09-30,main
017993,3593.0,-0.0532326705089444,2026-09-30,main
003751,3594.0,-0.053311448961904,2026-09-30,main
017608,3595.0,-0.053459932635828,2026-09-30,main
001955,3596.0,-0.0537149996870146,2026-09-30,main
000684,3597.0,-0.0537257799399732,2026-09-30,main
016945,3598.0,-0.0538226529440385,2026-09-30,main
014228,3599.0,-0.0539158597135783,2026-09-30,main
013867,3600.0,-0.0541071758833049,2026-09-30,main
002300,3601.0,-0.054175653878596,2026-09-30,main
018714,3602.0,-0.0541803239744794,2026-09-30,main
008290,3603.0,-0.0542162649176404,2026-09-30,main
010271,3604.0,-0.0542605477844396,2026-09-30,main
021204,3605.0,-0.0542704057748175,2026-09-30,main
013610,3606.0,-0.0544656507478025,2026-09-30,main
010610,3607.0,-0.0547601418931563,2026-09-30,main
160611,3608.0,-0.0549237034811169,2026-09-30,main
001500,3609.0,-0.0549473517096879,2026-09-30,main
020015,3610.0,-0.0550556287577608,2026-09-30,main
018551,3611.0,-0.0551290047335357,2026-09-30,main
004900,3612.0,-0.0551677773303372,2026-09-30,main
004340,3613.0,-0.0555557340535455,2026-09-30,main
018939,3614.0,-0.0555558141186588,2026-09-30,main
012748,3615.0,-0.0557343343107447,2026-09-30,main
012502,3616.0,-0.0557781101118165,2026-09-30,main
018726,3617.0,-0.0559857559999762,2026-09-30,main
025352,3618.0,-0.0560606393325987,2026-09-30,main
011238,3619.0,-0.056086789231935,2026-09-30,main
501092,3620.0,-0.0561083699541292,2026-09-30,main
010876,3621.0,-0.0561984393159873,2026-09-30,main
003715,3622.0,-0.0562871648937364,2026-09-30,main
017026,3623.0,-0.056330104448716,2026-09-30,main
020637,3624.0,-0.0566495412843265,2026-09-30,main
090016,3625.0,-0.0567262500702655,2026-09-30,main
006780,3626.0,-0.0568344824357479,2026-09-30,main
550008,3627.0,-0.0568853149630855,2026-09-30,main
008359,3628.0,-0.0570141094516337,2026-09-30,main
011934,3629.0,-0.0570341206100382,2026-09-30,main
006138,3630.0,-0.0571909776656364,2026-09-30,main
000423,3631.0,-0.0572289971329282,2026-09-30,main
010347,3632.0,-0.0573950920946545,2026-09-30,main
003165,3633.0,-0.0575007093613261,2026-09-30,main
015510,3634.0,-0.0576577792863489,2026-09-30,main
110023,3635.0,-0.0576693914982997,2026-09-30,main
004680,3636.0,-0.05766972093322,2026-09-30,main
015699,3637.0,-0.0576780991763028,2026-09-30,main
004997,3638.0,-0.0578198053285615,2026-09-30,main
013934,3639.0,-0.0579144479200116,2026-09-30,main
011775,3640.0,-0.0579953933627277,2026-09-30,main
004244,3641.0,-0.0580429723180432,2026-09-30,main
001558,3642.0,-0.0583260819145945,2026-09-30,main
020966,3643.0,-0.0584282968272494,2026-09-30,main
001357,3644.0,-0.0584480044309545,2026-09-30,main
007139,3645.0,-0.0584940518888666,2026-09-30,main
000612,3646.0,-0.0585167243215106,2026-09-30,main
011536,3647.0,-0.0587442801498094,2026-09-30,main
016274,3648.0,-0.0590157010079028,2026-09-30,main
020090,3649.0,-0.0591752628357177,2026-09-30,main
004845,3650.0,-0.0595445607339358,2026-09-30,main
005037,3651.0,-0.0596169886644465,2026-09-30,main
019960,3652.0,-0.0597076134146886,2026-09-30,main
000529,3653.0,-0.0597864890852056,2026-09-30,main
013853,3654.0,-0.0599126701472529,2026-09-30,main
015989,3655.0,-0.060336683324062,2026-09-30,main
014024,3656.0,-0.0604402910627479,2026-09-30,main
011807,3657.0,-0.0607360206694511,2026-09-30,main
519993,3658.0,-0.0608015127709788,2026-09-30,main
162607,3659.0,-0.060951585614739,2026-09-30,main
009636,3660.0,-0.0610561337128681,2026-09-30,main
004224,3661.0,-0.0610663689131166,2026-09-30,main
010723,3662.0,-0.0614029381754309,2026-09-30,main
024678,3663.0,-0.0614946426587558,2026-09-30,main
014606,3664.0,-0.0618349118546022,2026-09-30,main
017400,3665.0,-0.0619811022727891,2026-09-30,main
000803,3666.0,-0.0622234572152512,2026-09-30,main
001102,3667.0,-0.0623627720909255,2026-09-30,main
020236,3668.0,-0.0626295378823375,2026-09-30,main
019729,3669.0,-0.0626679756644489,2026-09-30,main
001056,3670.0,-0.0626893345747592,2026-09-30,main
001717,3671.0,-0.0627115878580212,2026-09-30,main
011911,3672.0,-0.0627856468144086,2026-09-30,main
012175,3673.0,-0.063042282357095,2026-09-30,main
050012,3674.0,-0.0631253633934239,2026-09-30,main
006547,3675.0,-0.0631986393893678,2026-09-30,main
008866,3676.0,-0.0632365762263775,2026-09-30,main
012671,3677.0,-0.0632524404533927,2026-09-30,main
010703,3678.0,-0.0633715725139886,2026-09-30,main
014666,3679.0,-0.06350895744391,2026-09-30,main
001487,3680.0,-0.0635989879834578,2026-09-30,main
021273,3681.0,-0.0636307857896895,2026-09-30,main
161605,3682.0,-0.0637556021724269,2026-09-30,main
017063,3683.0,-0.0637957730232946,2026-09-30,main
024398,3684.0,-0.0638734506270758,2026-09-30,main
006132,3685.0,-0.0641406653540042,2026-09-30,main
000628,3686.0,-0.0642644499582616,2026-09-30,main
012576,3687.0,-0.0643849256229968,2026-09-30,main
001857,3688.0,-0.0645107595468781,2026-09-30,main
019801,3689.0,-0.0645651681765495,2026-09-30,main
021271,3690.0,-0.0647387834417621,2026-09-30,main
519766,3691.0,-0.0648491158934223,2026-09-30,main
009141,3692.0,-0.0649801176493083,2026-09-30,main
001651,3693.0,-0.0650056187817621,2026-09-30,main
001195,3694.0,-0.065067669685302,2026-09-30,main
000326,3695.0,-0.0652060088477353,2026-09-30,main
018052,3696.0,-0.065214438496958,2026-09-30,main
008260,3697.0,-0.0652398051848823,2026-09-30,main
010457,3698.0,-0.065243854110756,2026-09-30,main
000567,3699.0,-0.0654213953766906,2026-09-30,main
001287,3700.0,-0.0654751023606571,2026-09-30,main
019277,3701.0,-0.0656306110493858,2026-09-30,main
012930,3702.0,-0.0657120219714528,2026-09-30,main
023082,3703.0,-0.0657977258826028,2026-09-30,main
166023,3704.0,-0.0658701231582885,2026-09-30,main
011777,3705.0,-0.0663763897512352,2026-09-30,main
005904,3706.0,-0.0663940962657915,2026-09-30,main
006449,3707.0,-0.0665031071707961,2026-09-30,main
010764,3708.0,-0.0666065700161514,2026-09-30,main
001071,3709.0,-0.0667327303771553,2026-09-30,main
013109,3710.0,-0.0667417480993116,2026-09-30,main
160127,3711.0,-0.0667846808694926,2026-09-30,main
013936,3712.0,-0.0668696244004528,2026-09-30,main
022195,3713.0,-0.0668757874805245,2026-09-30,main
009864,3714.0,-0.066876830377307,2026-09-30,main
022223,3715.0,-0.0670008876080007,2026-09-30,main
001679,3716.0,-0.0670567132958583,2026-09-30,main
020495,3717.0,-0.0672891623940898,2026-09-30,main
003670,3718.0,-0.067392535299496,2026-09-30,main
163001,3719.0,-0.0675266472918688,2026-09-30,main
009878,3720.0,-0.0676059416356982,2026-09-30,main
260103,3721.0,-0.0676417446762099,2026-09-30,main
019783,3722.0,-0.0676721147927474,2026-09-30,main
005894,3723.0,-0.0676836004655143,2026-09-30,main
009846,3724.0,-0.0678473694229229,2026-09-30,main
005331,3725.0,-0.0678901030702558,2026-09-30,main
009312,3726.0,-0.0680980110901006,2026-09-30,main
000696,3727.0,-0.0682836637585692,2026-09-30,main
006511,3728.0,-0.0684759473970211,2026-09-30,main
006302,3729.0,-0.0685382090753496,2026-09-30,main
017881,3730.0,-0.068881329647725,2026-09-30,main
080012,3731.0,-0.0689171233076987,2026-09-30,main
002919,3732.0,-0.0690121022777113,2026-09-30,main
013051,3733.0,-0.0690580582419684,2026-09-30,main
019971,3734.0,-0.0690704263825436,2026-09-30,main
233009,3735.0,-0.0692927549777011,2026-09-30,main
002340,3736.0,-0.0694449963997183,2026-09-30,main
012008,3737.0,-0.0696405128793403,2026-09-30,main
014235,3738.0,-0.0696853357450855,2026-09-30,main
010692,3739.0,-0.0699941183832197,2026-09-30,main
004740,3740.0,-0.0700562728856007,2026-09-30,main
015828,3741.0,-0.0701178588562546,2026-09-30,main
010027,3742.0,-0.0701427824482315,2026-09-30,main
018750,3743.0,-0.070220053628125,2026-09-30,main
011152,3744.0,-0.0703996723254426,2026-09-30,main
010832,3745.0,-0.0705059354940179,2026-09-30,main
014872,3746.0,-0.0705266104780416,2026-09-30,main
018364,3747.0,-0.07054026971907,2026-09-30,main
017655,3748.0,-0.070664876283061,2026-09-30,main
519002,3749.0,-0.070783407138337,2026-09-30,main
013630,3750.0,-0.0708098365201473,2026-09-30,main
006250,3751.0,-0.0708224237511281,2026-09-30,main
005481,3752.0,-0.0708851553505366,2026-09-30,main
014040,3753.0,-0.0709162516572331,2026-09-30,main
020491,3754.0,-0.0709307035081211,2026-09-30,main
003993,3755.0,-0.071029427311052,2026-09-30,main
013824,3756.0,-0.0711628058501926,2026-09-30,main
018862,3757.0,-0.0714147146776916,2026-09-30,main
010481,3758.0,-0.0714370751229767,2026-09-30,main
002156,3759.0,-0.0714858103539015,2026-09-30,main
010469,3760.0,-0.0714913034474407,2026-09-30,main
004263,3761.0,-0.0715504627544156,2026-09-30,main
001537,3762.0,-0.0716477955184481,2026-09-30,main
025022,3763.0,-0.0717286393471592,2026-09-30,main
017216,3764.0,-0.0717512569703742,2026-09-30,main
519139,3765.0,-0.0717904153703123,2026-09-30,main
012051,3766.0,-0.0718635989727343,2026-09-30,main
009664,3767.0,-0.0719041185485024,2026-09-30,main
018446,3768.0,-0.0719209655828495,2026-09-30,main
009330,3769.0,-0.0719313683377977,2026-09-30,main
013160,3770.0,-0.0719884487661665,2026-09-30,main
006240,3771.0,-0.0720851188208032,2026-09-30,main
020003,3772.0,-0.0721368927245332,2026-09-30,main
590005,3773.0,-0.0722844834501904,2026-09-30,main
009069,3774.0,-0.0727431258187357,2026-09-30,main
012366,3775.0,-0.072775486642356,2026-09-30,main
021755,3776.0,-0.0729178975181938,2026-09-30,main
001604,3777.0,-0.0729787830209749,2026-09-30,main
008370,3778.0,-0.0730194947389957,2026-09-30,main
012193,3779.0,-0.0730619221019174,2026-09-30,main
350001,3780.0,-0.0730975063530888,2026-09-30,main
519193,3781.0,-0.0734227601180846,2026-09-30,main
009898,3782.0,-0.0734641482406517,2026-09-30,main
016746,3783.0,-0.0734710216701181,2026-09-30,main
013983,3784.0,-0.0737388155893257,2026-09-30,main
016997,3785.0,-0.07378078930147,2026-09-30,main
005933,3786.0,-0.0739990132644738,2026-09-30,main
015559,3787.0,-0.0741030288118983,2026-09-30,main
001579,3788.0,-0.074103491176006,2026-09-30,main
010887,3789.0,-0.0742490405195398,2026-09-30,main
014708,3790.0,-0.0744142589017473,2026-09-30,main
008063,3791.0,-0.0750767437289012,2026-09-30,main
007481,3792.0,-0.0751271139067474,2026-09-30,main
001319,3793.0,-0.0752947721530884,2026-09-30,main
070018,3794.0,-0.0753162292329744,2026-09-30,main
012812,3795.0,-0.0755783450169864,2026-09-30,main
160105,3796.0,-0.0757239115999781,2026-09-30,main
020816,3797.0,-0.0757949767823622,2026-09-30,main
012045,3798.0,-0.0758798360622632,2026-09-30,main
018105,3799.0,-0.0759306280035512,2026-09-30,main
017702,3800.0,-0.0761725081934532,2026-09-30,main
001798,3801.0,-0.0762759733737059,2026-09-30,main
024467,3802.0,-0.0763333476481636,2026-09-30,main
519694,3803.0,-0.0764972790960766,2026-09-30,main
011037,3804.0,-0.0765503730667862,2026-09-30,main
017036,3805.0,-0.0766307139043784,2026-09-30,main
501076,3806.0,-0.0767521508650341,2026-09-30,main
002307,3807.0,-0.0768999975278362,2026-09-30,main
008997,3808.0,-0.076988979385265,2026-09-30,main
022492,3809.0,-0.0770201613541625,2026-09-30,main
009347,3810.0,-0.0770306106063856,2026-09-30,main
008294,3811.0,-0.0771447757137947,2026-09-30,main
014068,3812.0,-0.0772283445744218,2026-09-30,main
162207,3813.0,-0.0779732579478893,2026-09-30,main
011206,3814.0,-0.0780345461185955,2026-09-30,main
001861,3815.0,-0.0782453331619548,2026-09-30,main
023824,3816.0,-0.078332408947971,2026-09-30,main
004871,3817.0,-0.0787917817042279,2026-09-30,main
012888,3818.0,-0.0791486083448048,2026-09-30,main
011733,3819.0,-0.079165753374239,2026-09-30,main
002271,3820.0,-0.0792148413674408,2026-09-30,main
005498,3821.0,-0.0793674504001797,2026-09-30,main
015104,3822.0,-0.0794095059020365,2026-09-30,main
011938,3823.0,-0.0794154944567901,2026-09-30,main
010549,3824.0,-0.0794561130247013,2026-09-30,main
019334,3825.0,-0.0794889581922306,2026-09-30,main
001449,3826.0,-0.0795924516113196,2026-09-30,main
168301,3827.0,-0.0799623919446848,2026-09-30,main
005295,3828.0,-0.080534137342373,2026-09-30,main
016754,3829.0,-0.0806999261463033,2026-09-30,main
011078,3830.0,-0.0809163200156454,2026-09-30,main
009119,3831.0,-0.0809470496672443,2026-09-30,main
013958,3832.0,-0.0810581417267863,2026-09-30,main
011531,3833.0,-0.0810867090336583,2026-09-30,main
008515,3834.0,-0.0812171839114647,2026-09-30,main
010410,3835.0,-0.081218680283339,2026-09-30,main
007493,3836.0,-0.0812651741162377,2026-09-30,main
015780,3837.0,-0.0814684647687169,2026-09-30,main
160526,3838.0,-0.0816691818614626,2026-09-30,main
001542,3839.0,-0.0820429390723858,2026-09-30,main
007287,3840.0,-0.0821906442015523,2026-09-30,main
011694,3841.0,-0.0822687329615374,2026-09-30,main
168101,3842.0,-0.0824960413608355,2026-09-30,main
010744,3843.0,-0.0825498777368511,2026-09-30,main
001801,3844.0,-0.0827101518963524,2026-09-30,main
017600,3845.0,-0.0827107707680478,2026-09-30,main
019913,3846.0,-0.0830661711822292,2026-09-30,main
005270,3847.0,-0.0831491174908825,2026-09-30,main
010922,3848.0,-0.08334080749805,2026-09-30,main
014585,3849.0,-0.0833499237956094,2026-09-30,main
013733,3850.0,-0.0840006659027812,2026-09-30,main
013956,3851.0,-0.08412348951212,2026-09-30,main
000566,3852.0,-0.0841783033844252,2026-09-30,main
400025,3853.0,-0.0843070175358164,2026-09-30,main
011338,3854.0,-0.0844646397048783,2026-09-30,main
022597,3855.0,-0.0844844753699373,2026-09-30,main
008412,3856.0,-0.0846791953721689,2026-09-30,main
013678,3857.0,-0.0846950465201878,2026-09-30,main
010141,3858.0,-0.0847094310792089,2026-09-30,main
024806,3859.0,-0.0847502543864977,2026-09-30,main
011956,3860.0,-0.0847777519296852,2026-09-30,main
002653,3861.0,-0.0851674151115758,2026-09-30,main
166801,3862.0,-0.085540782306731,2026-09-30,main
010599,3863.0,-0.0856016629548858,2026-09-30,main
004040,3864.0,-0.0857945911656639,2026-09-30,main
011333,3865.0,-0.0858609937198603,2026-09-30,main
160505,3866.0,-0.0860666238721132,2026-09-30,main
168102,3867.0,-0.086079386644126,2026-09-30,main
005395,3868.0,-0.0861817185552876,2026-09-30,main
001030,3869.0,-0.0862149372421869,2026-09-30,main
012244,3870.0,-0.0862573484138012,2026-09-30,main
001471,3871.0,-0.0864018816859238,2026-09-30,main
001226,3872.0,-0.0864080136124945,2026-09-30,main
011046,3873.0,-0.086445035588023,2026-09-30,main
519678,3874.0,-0.0864935924812013,2026-09-30,main
006557,3875.0,-0.0868772798526413,2026-09-30,main
014999,3876.0,-0.0869729016748146,2026-09-30,main
009368,3877.0,-0.087060787467857,2026-09-30,main
001703,3878.0,-0.0871730523608889,2026-09-30,main
019941,3879.0,-0.0871965248364845,2026-09-30,main
017827,3880.0,-0.0874268635133984,2026-09-30,main
008276,3881.0,-0.0876866643039704,2026-09-30,main
010413,3882.0,-0.0877091664908055,2026-09-30,main
016766,3883.0,-0.087722454056528,2026-09-30,main
000924,3884.0,-0.0877323603951929,2026-09-30,main
020004,3885.0,-0.087797862360011,2026-09-30,main
257040,3886.0,-0.0879589651514421,2026-09-30,main
008966,3887.0,-0.0880146691819399,2026-09-30,main
040020,3888.0,-0.0881315022920612,2026-09-30,main
688888,3889.0,-0.0881798983911803,2026-09-30,main
017868,3890.0,-0.0882810867548746,2026-09-30,main
001068,3891.0,-0.0883564932330778,2026-09-30,main
570006,3892.0,-0.0886378735959945,2026-09-30,main
005794,3893.0,-0.0891075154125753,2026-09-30,main
010178,3894.0,-0.0893913125925218,2026-09-30,main
009874,3895.0,-0.0893921861868652,2026-09-30,main
013940,3896.0,-0.0894980658446146,2026-09-30,main
010322,3897.0,-0.0895020040044284,2026-09-30,main
007047,3898.0,-0.0895351362316986,2026-09-30,main
007306,3899.0,-0.0896053695032182,2026-09-30,main
001790,3900.0,-0.0900764003673642,2026-09-30,main
019949,3901.0,-0.090242433568455,2026-09-30,main
005983,3902.0,-0.090277122238587,2026-09-30,main
006202,3903.0,-0.0902889891870776,2026-09-30,main
005583,3904.0,-0.090466190563261,2026-09-30,main
001166,3905.0,-0.0907435095259997,2026-09-30,main
001223,3906.0,-0.0908836241404527,2026-09-30,main
014574,3907.0,-0.0909684510158711,2026-09-30,main
002123,3908.0,-0.0910100304788396,2026-09-30,main
019864,3909.0,-0.0910113887850844,2026-09-30,main
163503,3910.0,-0.0910658377652914,2026-09-30,main
006049,3911.0,-0.0915439608372574,2026-09-30,main
001927,3912.0,-0.0917007248949818,2026-09-30,main
005732,3913.0,-0.09176518568127,2026-09-30,main
162107,3914.0,-0.091844715272878,2026-09-30,main
013636,3915.0,-0.0922175740173281,2026-09-30,main
005543,3916.0,-0.0928440111103555,2026-09-30,main
008871,3917.0,-0.0928452658965736,2026-09-30,main
014412,3918.0,-0.0929766797082244,2026-09-30,main
010225,3919.0,-0.093031200159288,2026-09-30,main
001747,3920.0,-0.0932515821794952,2026-09-30,main
016067,3921.0,-0.0933202419997398,2026-09-30,main
021027,3922.0,-0.093459888036381,2026-09-30,main
023939,3923.0,-0.0934781081429938,2026-09-30,main
021455,3924.0,-0.0936772500449389,2026-09-30,main
020364,3925.0,-0.0938028733491933,2026-09-30,main
007192,3926.0,-0.0939069030205881,2026-09-30,main
690009,3927.0,-0.0940949072452339,2026-09-30,main
005176,3928.0,-0.0942748717821203,2026-09-30,main
015139,3929.0,-0.094378444805375,2026-09-30,main
010947,3930.0,-0.0945158927161707,2026-09-30,main
012260,3931.0,-0.0947420467631159,2026-09-30,main
410006,3932.0,-0.0950249863239133,2026-09-30,main
018329,3933.0,-0.095174633003726,2026-09-30,main
014725,3934.0,-0.0960825449330465,2026-09-30,main
011363,3935.0,-0.0961416406041002,2026-09-30,main
002945,3936.0,-0.0962035426050944,2026-09-30,main
002190,3937.0,-0.0962075308857406,2026-09-30,main
010551,3938.0,-0.0962853011066211,2026-09-30,main
023158,3939.0,-0.0962865319874693,2026-09-30,main
012588,3940.0,-0.0963197597628476,2026-09-30,main
001352,3941.0,-0.0965603572531753,2026-09-30,main
020005,3942.0,-0.0967163095170587,2026-09-30,main
519126,3943.0,-0.0967343372249651,2026-09-30,main
006923,3944.0,-0.0970257175891046,2026-09-30,main
011282,3945.0,-0.0973570131454155,2026-09-30,main
010296,3946.0,-0.0973914288683595,2026-09-30,main
011006,3947.0,-0.0976496366962319,2026-09-30,main
014311,3948.0,-0.0976691635205481,2026-09-30,main
011336,3949.0,-0.0977972133295804,2026-09-30,main
003581,3950.0,-0.0978228057209933,2026-09-30,main
530012,3951.0,-0.09784435775046,2026-09-30,main
000532,3952.0,-0.0980668869780814,2026-09-30,main
160106,3953.0,-0.0980905245985775,2026-09-30,main
009776,3954.0,-0.0983096349550974,2026-09-30,main
001417,3955.0,-0.0983428495370903,2026-09-30,main
013334,3956.0,-0.098673519094332,2026-09-30,main
001616,3957.0,-0.0987817940590818,2026-09-30,main
010350,3958.0,-0.0989383574566661,2026-09-30,main
006123,3959.0,-0.0991066752707207,2026-09-30,main
400007,3960.0,-0.0993061893235677,2026-09-30,main
015102,3961.0,-0.0995276830955989,2026-09-30,main
009124,3962.0,-0.0998638912292848,2026-09-30,main
010714,3963.0,-0.0999215845069128,2026-09-30,main
000294,3964.0,-0.0999345658658991,2026-09-30,main
006385,3965.0,-0.1000828223074148,2026-09-30,main
019777,3966.0,-0.1001642798941523,2026-09-30,main
020645,3967.0,-0.1003422563501682,2026-09-30,main
001569,3968.0,-0.1003941377869849,2026-09-30,main
011349,3969.0,-0.1004405571271179,2026-09-30,main
009965,3970.0,-0.1004902387439099,2026-09-30,main
160627,3971.0,-0.1005138448529796,2026-09-30,main
021015,3972.0,-0.1006304860140575,2026-09-30,main
519991,3973.0,-0.100757021364929,2026-09-30,main
011460,3974.0,-0.1007721336848809,2026-09-30,main
014466,3975.0,-0.1009302386927656,2026-09-30,main
013847,3976.0,-0.1010681076863289,2026-09-30,main
016163,3977.0,-0.1015261818202668,2026-09-30,main
009960,3978.0,-0.1015727661782602,2026-09-30,main
005706,3979.0,-0.1015805953433333,2026-09-30,main
015514,3980.0,-0.101747560203467,2026-09-30,main
018240,3981.0,-0.1017932561733352,2026-09-30,main
019008,3982.0,-0.1019765538383168,2026-09-30,main
005237,3983.0,-0.1020373787250792,2026-09-30,main
013559,3984.0,-0.1021916499009174,2026-09-30,main
004350,3985.0,-0.1021971010240802,2026-09-30,main
004851,3986.0,-0.1023334387031482,2026-09-30,main
213001,3987.0,-0.102814896176541,2026-09-30,main
002415,3988.0,-0.1032199794162913,2026-09-30,main
000986,3989.0,-0.1033800724293421,2026-09-30,main
017824,3990.0,-0.1033984615333907,2026-09-30,main
040004,3991.0,-0.1035799063312191,2026-09-30,main
012075,3992.0,-0.1038165407166087,2026-09-30,main
009853,3993.0,-0.1042796756813773,2026-09-30,main
011335,3994.0,-0.104291231968069,2026-09-30,main
009693,3995.0,-0.1043004208285783,2026-09-30,main
000126,3996.0,-0.1043404902062895,2026-09-30,main
310328,3997.0,-0.1045002208016643,2026-09-30,main
000251,3998.0,-0.104628091126813,2026-09-30,main
012150,3999.0,-0.1047308508794442,2026-09-30,main
001583,4000.0,-0.1048627261532507,2026-09-30,main
004048,4001.0,-0.1049860254655441,2026-09-30,main
015127,4002.0,-0.1054643753942858,2026-09-30,main
004249,4003.0,-0.1058379657231242,2026-09-30,main
010746,4004.0,-0.1058424697646224,2026-09-30,main
000649,4005.0,-0.1059775433601969,2026-09-30,main
011738,4006.0,-0.1060550385896396,2026-09-30,main
006366,4007.0,-0.1060791013423078,2026-09-30,main
009649,4008.0,-0.1062313547911968,2026-09-30,main
018309,4009.0,-0.106286073115514,2026-09-30,main
001167,4010.0,-0.1062969459020906,2026-09-30,main
010336,4011.0,-0.1063791671413709,2026-09-30,main
011635,4012.0,-0.1064045059573135,2026-09-30,main
024691,4013.0,-0.1064371710128952,2026-09-30,main
001473,4014.0,-0.106544684580096,2026-09-30,main
015963,4015.0,-0.1066577087678134,2026-09-30,main
011431,4016.0,-0.1067488951306925,2026-09-30,main
560003,4017.0,-0.1068268656726386,2026-09-30,main
014746,4018.0,-0.1072194623885847,2026-09-30,main
011155,4019.0,-0.1072232840023497,2026-09-30,main
019876,4020.0,-0.1074200353049955,2026-09-30,main
006106,4021.0,-0.1077291517369579,2026-09-30,main
001382,4022.0,-0.1078025679930644,2026-09-30,main
630015,4023.0,-0.1080210930440864,2026-09-30,main
001178,4024.0,-0.1081089807151847,2026-09-30,main
007880,4025.0,-0.1081179431771688,2026-09-30,main
019987,4026.0,-0.1082380841461662,2026-09-30,main
168103,4027.0,-0.1085259048131189,2026-09-30,main
398051,4028.0,-0.1085794617927311,2026-09-30,main
014522,4029.0,-0.1086514135602734,2026-09-30,main
000767,4030.0,-0.1086870386271567,2026-09-30,main
012227,4031.0,-0.1088877647129901,2026-09-30,main
011588,4032.0,-0.1089312473013258,2026-09-30,main
004292,4033.0,-0.108972357885611,2026-09-30,main
014615,4034.0,-0.1089756870842947,2026-09-30,main
005680,4035.0,-0.1090338917795304,2026-09-30,main
168104,4036.0,-0.1090490345656055,2026-09-30,main
007893,4037.0,-0.1091014167391779,2026-09-30,main
017742,4038.0,-0.1092622027462749,2026-09-30,main
519673,4039.0,-0.1092997246353326,2026-09-30,main
011908,4040.0,-0.109481091112947,2026-09-30,main
005445,4041.0,-0.1098962850849506,2026-09-30,main
011058,4042.0,-0.1101598789949075,2026-09-30,main
016345,4043.0,-0.1101891142741046,2026-09-30,main
011466,4044.0,-0.1102240900883591,2026-09-30,main
016551,4045.0,-0.1105056505197166,2026-09-30,main
007202,4046.0,-0.110811659809154,2026-09-30,main
008681,4047.0,-0.1109059492450517,2026-09-30,main
519772,4048.0,-0.1112758621028676,2026-09-30,main
005707,4049.0,-0.1112915155208347,2026-09-30,main
006796,4050.0,-0.1115698285616303,2026-09-30,main
011429,4051.0,-0.1117392922562575,2026-09-30,main
206007,4052.0,-0.1118880171815611,2026-09-30,main
007354,4053.0,-0.112746205376107,2026-09-30,main
005400,4054.0,-0.112773755874141,2026-09-30,main
003182,4055.0,-0.1128898026780668,2026-09-30,main
004206,4056.0,-0.1134352225404329,2026-09-30,main
012445,4057.0,-0.1134496294408662,2026-09-30,main
002594,4058.0,-0.1134611891085572,2026-09-30,main
012284,4059.0,-0.1137053445063065,2026-09-30,main
320022,4060.0,-0.113908559189026,2026-09-30,main
002989,4061.0,-0.1139295431866682,2026-09-30,main
015915,4062.0,-0.1143270070187963,2026-09-30,main
970067,4063.0,-0.1143894302149999,2026-09-30,main
004341,4064.0,-0.1144748749831308,2026-09-30,main
003238,4065.0,-0.1145022328607032,2026-09-30,main
008353,4066.0,-0.1147210091062606,2026-09-30,main
005537,4067.0,-0.1148597374531192,2026-09-30,main
006122,4068.0,-0.1150608977736947,2026-09-30,main
018618,4069.0,-0.1150992087993517,2026-09-30,main
013757,4070.0,-0.1152097269205857,2026-09-30,main
017740,4071.0,-0.1154315925363125,2026-09-30,main
001940,4072.0,-0.115649924131698,2026-09-30,main
530006,4073.0,-0.1156775206443087,2026-09-30,main
011328,4074.0,-0.1157912482627536,2026-09-30,main
000913,4075.0,-0.1163112134554109,2026-09-30,main
003598,4076.0,-0.1163293501794657,2026-09-30,main
012586,4077.0,-0.1165459129315991,2026-09-30,main
010608,4078.0,-0.1166964436640648,2026-09-30,main
008786,4079.0,-0.1167465614834806,2026-09-30,main
013991,4080.0,-0.116779620431825,2026-09-30,main
002844,4081.0,-0.1170150370977167,2026-09-30,main
004895,4082.0,-0.1172623459401578,2026-09-30,main
012178,4083.0,-0.1178596200385052,2026-09-30,main
008293,4084.0,-0.1181273518465637,2026-09-30,main
270041,4085.0,-0.118132439218454,2026-09-30,main
002003,4086.0,-0.1181478047322687,2026-09-30,main
016297,4087.0,-0.1183117744749115,2026-09-30,main
019624,4088.0,-0.1184702973491745,2026-09-30,main
012057,4089.0,-0.118728362829078,2026-09-30,main
008227,4090.0,-0.1187539901421348,2026-09-30,main
011312,4091.0,-0.1190563224676299,2026-09-30,main
009138,4092.0,-0.1191520665334199,2026-09-30,main
519779,4093.0,-0.1194559059687617,2026-09-30,main
014313,4094.0,-0.1195194232764026,2026-09-30,main
003834,4095.0,-0.1195558728223056,2026-09-30,main
001392,4096.0,-0.1199826081377092,2026-09-30,main
012437,4097.0,-0.1203452750801932,2026-09-30,main
013395,4098.0,-0.1203461588375222,2026-09-30,main
011389,4099.0,-0.1203782362776063,2026-09-30,main
011626,4100.0,-0.1209070950911658,2026-09-30,main
005493,4101.0,-0.1213878773906121,2026-09-30,main
009098,4102.0,-0.1214884756962975,2026-09-30,main
010387,4103.0,-0.1215343611774112,2026-09-30,main
016064,4104.0,-0.1215969632205745,2026-09-30,main
010709,4105.0,-0.1216964619786259,2026-09-30,main
019328,4106.0,-0.1218030546687114,2026-09-30,main
011479,4107.0,-0.1219745233005921,2026-09-30,main
017114,4108.0,-0.1224038607076294,2026-09-30,main
003984,4109.0,-0.1225921489094142,2026-09-30,main
009380,4110.0,-0.1227876398179139,2026-09-30,main
530003,4111.0,-0.1227982586124342,2026-09-30,main
020086,4112.0,-0.1228953015035767,2026-09-30,main
021476,4113.0,-0.122998549943288,2026-09-30,main
005368,4114.0,-0.1230119807935706,2026-09-30,main
010654,4115.0,-0.1231874646124263,2026-09-30,main
011717,4116.0,-0.1234674517407651,2026-09-30,main
006218,4117.0,-0.1236078492214958,2026-09-30,main
002332,4118.0,-0.1236368410385635,2026-09-30,main
019054,4119.0,-0.1239868216805277,2026-09-30,main
005197,4120.0,-0.1241003866731019,2026-09-30,main
000220,4121.0,-0.1243199552795791,2026-09-30,main
690003,4122.0,-0.1244027673795055,2026-09-30,main
018377,4123.0,-0.1250625548002826,2026-09-30,main
020001,4124.0,-0.1251296690484061,2026-09-30,main
016174,4125.0,-0.125519197884131,2026-09-30,main
018184,4126.0,-0.1255246086773213,2026-09-30,main
005250,4127.0,-0.1258838424156871,2026-09-30,main
005596,4128.0,-0.1266174029125164,2026-09-30,main
012434,4129.0,-0.1268919249524113,2026-09-30,main
012981,4130.0,-0.1269237427305329,2026-09-30,main
000757,4131.0,-0.1269754257597084,2026-09-30,main
014131,4132.0,-0.1270723027249369,2026-09-30,main
014686,4133.0,-0.1276398537035481,2026-09-30,main
013072,4134.0,-0.1276910498791994,2026-09-30,main
008958,4135.0,-0.1277082131498559,2026-09-30,main
168501,4136.0,-0.1278630483440405,2026-09-30,main
005517,4137.0,-0.1280101558628025,2026-09-30,main
013049,4138.0,-0.1282033459106376,2026-09-30,main
019340,4139.0,-0.1282727452725163,2026-09-30,main
002573,4140.0,-0.1283557835323704,2026-09-30,main
090011,4141.0,-0.1284218579259,2026-09-30,main
001457,4142.0,-0.1285151563863995,2026-09-30,main
006981,4143.0,-0.1288529453571061,2026-09-30,main
011162,4144.0,-0.128928516010949,2026-09-30,main
001448,4145.0,-0.1289695088811262,2026-09-30,main
012342,4146.0,-0.1291935656435588,2026-09-30,main
022693,4147.0,-0.1295577534224019,2026-09-30,main
005612,4148.0,-0.1296130749587268,2026-09-30,main
399011,4149.0,-0.1302795543339359,2026-09-30,main
000706,4150.0,-0.1303239448500823,2026-09-30,main
007141,4151.0,-0.1303913024473436,2026-09-30,main
020022,4152.0,-0.1304082666746361,2026-09-30,main
000124,4153.0,-0.1304210568762663,2026-09-30,main
020075,4154.0,-0.1307423379687458,2026-09-30,main
006568,4155.0,-0.1308995920419005,2026-09-30,main
022336,4156.0,-0.1309598532594673,2026-09-30,main
002132,4157.0,-0.1309990347872274,2026-09-30,main
002662,4158.0,-0.1310645625031516,2026-09-30,main
002085,4159.0,-0.1310774012912205,2026-09-30,main
025287,4160.0,-0.1312398421860321,2026-09-30,main
003513,4161.0,-0.1313038005279164,2026-09-30,main
017034,4162.0,-0.1314479755834604,2026-09-30,main
024454,4163.0,-0.131534698990148,2026-09-30,main
210002,4164.0,-0.1320048025982113,2026-09-30,main
006601,4165.0,-0.1320960077175379,2026-09-30,main
001043,4166.0,-0.1321262838335284,2026-09-30,main
020444,4167.0,-0.1323536710358858,2026-09-30,main
163805,4168.0,-0.1326447365318257,2026-09-30,main
011856,4169.0,-0.1327276806297542,2026-09-30,main
016818,4170.0,-0.1329189210455563,2026-09-30,main
010592,4171.0,-0.1333030865884751,2026-09-30,main
019342,4172.0,-0.1342227340625025,2026-09-30,main
519651,4173.0,-0.1342243359565219,2026-09-30,main
014214,4174.0,-0.1346030958795057,2026-09-30,main
011169,4175.0,-0.1346526027467769,2026-09-30,main
001726,4176.0,-0.1346871449032722,2026-09-30,main
016119,4177.0,-0.1347603617529111,2026-09-30,main
014327,4178.0,-0.1351566275157596,2026-09-30,main
070011,4179.0,-0.1352829534295424,2026-09-30,main
018130,4180.0,-0.1356019506613647,2026-09-30,main
673071,4181.0,-0.1356256181409759,2026-09-30,main
012225,4182.0,-0.1356300498397958,2026-09-30,main
240020,4183.0,-0.1356364316358087,2026-09-30,main
590002,4184.0,-0.1356731299700069,2026-09-30,main
008131,4185.0,-0.1357335168597305,2026-09-30,main
005354,4186.0,-0.1358725479065565,2026-09-30,main
000780,4187.0,-0.1360625389500575,2026-09-30,main
952035,4188.0,-0.1362264456821272,2026-09-30,main
008891,4189.0,-0.1363391115518555,2026-09-30,main
015856,4190.0,-0.1364069999995864,2026-09-30,main
400015,4191.0,-0.1366076399281118,2026-09-30,main
006603,4192.0,-0.1366149483215372,2026-09-30,main
014103,4193.0,-0.1367810984414879,2026-09-30,main
000878,4194.0,-0.1373131299672226,2026-09-30,main
012067,4195.0,-0.1376442572525414,2026-09-30,main
018048,4196.0,-0.1377502416193758,2026-09-30,main
001371,4197.0,-0.1378119765855981,2026-09-30,main
005585,4198.0,-0.1379257575884064,2026-09-30,main
002296,4199.0,-0.1380104061520979,2026-09-30,main
001915,4200.0,-0.1382367728084481,2026-09-30,main
018204,4201.0,-0.1382932788942944,2026-09-30,main
015289,4202.0,-0.1385965994715592,2026-09-30,main
003378,4203.0,-0.1386123693987347,2026-09-30,main
006803,4204.0,-0.1388093828086363,2026-09-30,main
016588,4205.0,-0.1389513835464396,2026-09-30,main
260104,4206.0,-0.1395542556931689,2026-09-30,main
002168,4207.0,-0.1395622439488156,2026-09-30,main
017991,4208.0,-0.1395783559127354,2026-09-30,main
017181,4209.0,-0.139948017488324,2026-09-30,main
213006,4210.0,-0.1399580329173196,2026-09-30,main
013993,4211.0,-0.1399649077768464,2026-09-30,main
020331,4212.0,-0.1399753849395183,2026-09-30,main
015537,4213.0,-0.1401587926470942,2026-09-30,main
013886,4214.0,-0.1402685945896342,2026-09-30,main
020493,4215.0,-0.1405219440457749,2026-09-30,main
008712,4216.0,-0.1405396277657047,2026-09-30,main
001127,4217.0,-0.1405803687710163,2026-09-30,main
006718,4218.0,-0.140624521843209,2026-09-30,main
005209,4219.0,-0.1406744902103224,2026-09-30,main
005847,4220.0,-0.1407671117401252,2026-09-30,main
001320,4221.0,-0.1409099727080178,2026-09-30,main
024824,4222.0,-0.1409833468775677,2026-09-30,main
673040,4223.0,-0.1410314640921366,2026-09-30,main
007959,4224.0,-0.1410426945878816,2026-09-30,main
015100,4225.0,-0.1410440816842949,2026-09-30,main
021305,4226.0,-0.1411285813950374,2026-09-30,main
519664,4227.0,-0.1411645216149137,2026-09-30,main
021857,4228.0,-0.1414207739116562,2026-09-30,main
014220,4229.0,-0.141511177501829,2026-09-30,main
010112,4230.0,-0.141586545246124,2026-09-30,main
004266,4231.0,-0.1416489983336698,2026-09-30,main
009007,4232.0,-0.1419755441063886,2026-09-30,main
270021,4233.0,-0.1421358778335164,2026-09-30,main
012234,4234.0,-0.1422366498374371,2026-09-30,main
021202,4235.0,-0.142283159266908,2026-09-30,main
009704,4236.0,-0.1430626265238557,2026-09-30,main
008060,4237.0,-0.1434912690896925,2026-09-30,main
004905,4238.0,-0.1435015923803686,2026-09-30,main
001901,4239.0,-0.1440306082008607,2026-09-30,main
002728,4240.0,-0.1440854345943436,2026-09-30,main
018242,4241.0,-0.1442526238945677,2026-09-30,main
010874,4242.0,-0.1442856025948777,2026-09-30,main
012967,4243.0,-0.144505571952888,2026-09-30,main
160212,4244.0,-0.1446271373230669,2026-09-30,main
160421,4245.0,-0.1446574398326355,2026-09-30,main
009362,4246.0,-0.144759295903412,2026-09-30,main
002685,4247.0,-0.1449547225930055,2026-09-30,main
020430,4248.0,-0.1450422220742132,2026-09-30,main
000755,4249.0,-0.1450995359523937,2026-09-30,main
010783,4250.0,-0.1452433413291687,2026-09-30,main
014420,4251.0,-0.1453872065104645,2026-09-30,main
019916,4252.0,-0.1458184220029477,2026-09-30,main
018220,4253.0,-0.146019077682682,2026-09-30,main
011248,4254.0,-0.1463702279269628,2026-09-30,main
013550,4255.0,-0.1470775692211272,2026-09-30,main
019760,4256.0,-0.1471815084093535,2026-09-30,main
012987,4257.0,-0.1471956841557584,2026-09-30,main
163801,4258.0,-0.1473743918366769,2026-09-30,main
016475,4259.0,-0.1474730478013317,2026-09-30,main
007533,4260.0,-0.1476876759796166,2026-09-30,main
006689,4261.0,-0.1479503764315537,2026-09-30,main
009414,4262.0,-0.1480488975038607,2026-09-30,main
000727,4263.0,-0.1485451343004246,2026-09-30,main
010437,4264.0,-0.1487626374252817,2026-09-30,main
016725,4265.0,-0.1488682203660752,2026-09-30,main
166019,4266.0,-0.1488867126140405,2026-09-30,main
008371,4267.0,-0.1495041498487516,2026-09-30,main
015285,4268.0,-0.1496135572196502,2026-09-30,main
012526,4269.0,-0.1496406516691442,2026-09-30,main
009057,4270.0,-0.1500996201582536,2026-09-30,main
013461,4271.0,-0.15022142338867,2026-09-30,main
022879,4272.0,-0.1502968728690895,2026-09-30,main
015052,4273.0,-0.1504315171363236,2026-09-30,main
000974,4274.0,-0.1504628546161974,2026-09-30,main
017973,4275.0,-0.1505156345216993,2026-09-30,main
007548,4276.0,-0.1507967558078309,2026-09-30,main
519710,4277.0,-0.1508506324960347,2026-09-30,main
010220,4278.0,-0.150888557519308,2026-09-30,main
001209,4279.0,-0.1509712443633506,2026-09-30,main
001716,4280.0,-0.1517983762769559,2026-09-30,main
005701,4281.0,-0.1521372285718463,2026-09-30,main
019705,4282.0,-0.1522125763885669,2026-09-30,main
398001,4283.0,-0.1522440564336934,2026-09-30,main
005505,4284.0,-0.1525209561380572,2026-09-30,main
009274,4285.0,-0.1527137622699227,2026-09-30,main
011589,4286.0,-0.1527921878886049,2026-09-30,main
002604,4287.0,-0.152912946380888,2026-09-30,main
019115,4288.0,-0.153048479985949,2026-09-30,main
004351,4289.0,-0.153170641750136,2026-09-30,main
016166,4290.0,-0.1532646739981361,2026-09-30,main
010409,4291.0,-0.1535334539314187,2026-09-30,main
003940,4292.0,-0.154147390978018,2026-09-30,main
009714,4293.0,-0.1541690456440517,2026-09-30,main
014840,4294.0,-0.1542097795081021,2026-09-30,main
019392,4295.0,-0.1542420326129714,2026-09-30,main
017977,4296.0,-0.1542505651586794,2026-09-30,main
006692,4297.0,-0.1544003001157183,2026-09-30,main
011690,4298.0,-0.1548866068426765,2026-09-30,main
009619,4299.0,-0.1549752988920039,2026-09-30,main
014157,4300.0,-0.1550365876192122,2026-09-30,main
210005,4301.0,-0.1552454144746297,2026-09-30,main
000854,4302.0,-0.1555870084662822,2026-09-30,main
014141,4303.0,-0.1567221508163131,2026-09-30,main
007853,4304.0,-0.1567642029249928,2026-09-30,main
013326,4305.0,-0.1569116211404588,2026-09-30,main
023393,4306.0,-0.1571255996365562,2026-09-30,main
002259,4307.0,-0.1573098927116899,2026-09-30,main
012344,4308.0,-0.1575193561738352,2026-09-30,main
002567,4309.0,-0.1579184134982958,2026-09-30,main
011201,4310.0,-0.1580609288327865,2026-09-30,main
020162,4311.0,-0.1586232558176419,2026-09-30,main
008174,4312.0,-0.1586591389458405,2026-09-30,main
009896,4313.0,-0.1586891070283986,2026-09-30,main
007177,4314.0,-0.1589440487765497,2026-09-30,main
007718,4315.0,-0.1589862191812641,2026-09-30,main
009147,4316.0,-0.1590169696035626,2026-09-30,main
009880,4317.0,-0.1592525162676719,2026-09-30,main
011783,4318.0,-0.1593344657790378,2026-09-30,main
010161,4319.0,-0.1594588417083238,2026-09-30,main
014244,4320.0,-0.1595285296613732,2026-09-30,main
016075,4321.0,-0.1596500690864863,2026-09-30,main
530001,4322.0,-0.1596549364938585,2026-09-30,main
003298,4323.0,-0.1598394728805735,2026-09-30,main
001709,4324.0,-0.1599448682493643,2026-09-30,main
210009,4325.0,-0.1601606122292779,2026-09-30,main
021985,4326.0,-0.1602705687009883,2026-09-30,main
001230,4327.0,-0.1604501510534094,2026-09-30,main
040007,4328.0,-0.1605029154756215,2026-09-30,main
001236,4329.0,-0.1607657107040241,2026-09-30,main
004868,4330.0,-0.1610564129567755,2026-09-30,main
018975,4331.0,-0.1610805420033664,2026-09-30,main
233001,4332.0,-0.1614540613510476,2026-09-30,main
009240,4333.0,-0.1615581697936924,2026-09-30,main
001325,4334.0,-0.1619704165543539,2026-09-30,main
000120,4335.0,-0.1621890819586287,2026-09-30,main
010969,4336.0,-0.162506530473338,2026-09-30,main
350002,4337.0,-0.1627876518823401,2026-09-30,main
022690,4338.0,-0.1629294325635354,2026-09-30,main
007381,4339.0,-0.163158974863454,2026-09-30,main
005269,4340.0,-0.1634054285842816,2026-09-30,main
024598,4341.0,-0.1639435681547865,2026-09-30,main
004260,4342.0,-0.1641063103499798,2026-09-30,main
005409,4343.0,-0.1641304890652405,2026-09-30,main
009875,4344.0,-0.1642123940482907,2026-09-30,main
011403,4345.0,-0.1646101470617248,2026-09-30,main
000339,4346.0,-0.1648029438123526,2026-09-30,main
022286,4347.0,-0.1648146524853896,2026-09-30,main
008303,4348.0,-0.1655111982255235,2026-09-30,main
240001,4349.0,-0.1657413779388926,2026-09-30,main
009014,4350.0,-0.1659422567380213,2026-09-30,main
023173,4351.0,-0.1663885058535728,2026-09-30,main
020848,4352.0,-0.1667042078429771,2026-09-30,main
024802,4353.0,-0.1669893727198368,2026-09-30,main
004211,4354.0,-0.1670169953874866,2026-09-30,main
017199,4355.0,-0.1671392231624904,2026-09-30,main
006720,4356.0,-0.1673029446678764,2026-09-30,main
001298,4357.0,-0.1676824975212598,2026-09-30,main
021524,4358.0,-0.1676832792460627,2026-09-30,main
710001,4359.0,-0.1678495344715255,2026-09-30,main
011455,4360.0,-0.1679690680736528,2026-09-30,main
009778,4361.0,-0.1681893749380196,2026-09-30,main
011643,4362.0,-0.1682993291088399,2026-09-30,main
001179,4363.0,-0.1688502532741337,2026-09-30,main
015570,4364.0,-0.1688601194542125,2026-09-30,main
009958,4365.0,-0.1690108686033893,2026-09-30,main
016313,4366.0,-0.1692464412153804,2026-09-30,main
519020,4367.0,-0.1697951374146311,2026-09-30,main
017931,4368.0,-0.1699945551538546,2026-09-30,main
011184,4369.0,-0.1703702794885714,2026-09-30,main
002304,4370.0,-0.1703949368037697,2026-09-30,main
010656,4371.0,-0.1705018930436888,2026-09-30,main
015026,4372.0,-0.1708690391222783,2026-09-30,main
008861,4373.0,-0.1710080325086262,2026-09-30,main
000083,4374.0,-0.1714105829016078,2026-09-30,main
020458,4375.0,-0.171754370372146,2026-09-30,main
018818,4376.0,-0.1721355448129017,2026-09-30,main
011923,4377.0,-0.1723232215502295,2026-09-30,main
010429,4378.0,-0.1725119926653009,2026-09-30,main
005004,4379.0,-0.1730003812403541,2026-09-30,main
011314,4380.0,-0.1731152431592535,2026-09-30,main
010815,4381.0,-0.1732196933010498,2026-09-30,main
260109,4382.0,-0.1734382998170555,2026-09-30,main
009092,4383.0,-0.1741076529234146,2026-09-30,main
002649,4384.0,-0.1742033996456135,2026-09-30,main
519714,4385.0,-0.1742397240480433,2026-09-30,main
010108,4386.0,-0.174932061075851,2026-09-30,main
011847,4387.0,-0.1749777125608304,2026-09-30,main
200006,4388.0,-0.1751666574735642,2026-09-30,main
540007,4389.0,-0.1752827460748591,2026-09-30,main
000634,4390.0,-0.1753341341084586,2026-09-30,main
001197,4391.0,-0.1754482360508563,2026-09-30,main
350008,4392.0,-0.1757465172688104,2026-09-30,main
002938,4393.0,-0.1759383992597112,2026-09-30,main
010949,4394.0,-0.1759673758611813,2026-09-30,main
014859,4395.0,-0.1761587650984045,2026-09-30,main
003032,4396.0,-0.1766230307541818,2026-09-30,main
004099,4397.0,-0.1771185461989233,2026-09-30,main
009909,4398.0,-0.1772311312024765,2026-09-30,main
015553,4399.0,-0.1773850320970669,2026-09-30,main
660012,4400.0,-0.1778557533719845,2026-09-30,main
004702,4401.0,-0.1779858402793155,2026-09-30,main
007713,4402.0,-0.1780689270738896,2026-09-30,main
000991,4403.0,-0.1783075402588735,2026-09-30,main
011994,4404.0,-0.1784777169002478,2026-09-30,main
006113,4405.0,-0.1788075440640806,2026-09-30,main
018139,4406.0,-0.178825242328156,2026-09-30,main
001900,4407.0,-0.1796309530198458,2026-09-30,main
000763,4408.0,-0.1797134810688312,2026-09-30,main
024471,4409.0,-0.1801901313906221,2026-09-30,main
012770,4410.0,-0.1802090773822252,2026-09-30,main
005599,4411.0,-0.1802910915040962,2026-09-30,main
217012,4412.0,-0.1805561264364799,2026-09-30,main
010196,4413.0,-0.1806468271143994,2026-09-30,main
011903,4414.0,-0.1807179550044688,2026-09-30,main
009010,4415.0,-0.1808024639266506,2026-09-30,main
017132,4416.0,-0.1810829728569269,2026-09-30,main
015400,4417.0,-0.1812487256374814,2026-09-30,main
020071,4418.0,-0.1815797110391871,2026-09-30,main
008075,4419.0,-0.1816760449774529,2026-09-30,main
012143,4420.0,-0.1816881099194636,2026-09-30,main
350005,4421.0,-0.1817615136206761,2026-09-30,main
012848,4422.0,-0.1817933499151098,2026-09-30,main
003230,4423.0,-0.1821450156188504,2026-09-30,main
002547,4424.0,-0.1822139839884037,2026-09-30,main
011704,4425.0,-0.1823521241191262,2026-09-30,main
011830,4426.0,-0.1823774110626618,2026-09-30,main
019435,4427.0,-0.1824579085390918,2026-09-30,main
004314,4428.0,-0.1829647714735502,2026-09-30,main
024693,4429.0,-0.1830191764349726,2026-09-30,main
008477,4430.0,-0.183130693177785,2026-09-30,main
008985,4431.0,-0.1832513020336663,2026-09-30,main
010740,4432.0,-0.1832639011556169,2026-09-30,main
671010,4433.0,-0.1835105963080987,2026-09-30,main
001508,4434.0,-0.1835627477508963,2026-09-30,main
016375,4435.0,-0.1835805696472956,2026-09-30,main
024632,4436.0,-0.1836155934960102,2026-09-30,main
024044,4437.0,-0.1838470659791599,2026-09-30,main
011435,4438.0,-0.1845364110173316,2026-09-30,main
015010,4439.0,-0.1845953729008117,2026-09-30,main
540009,4440.0,-0.1846807070034101,2026-09-30,main
166011,4441.0,-0.1846956325168668,2026-09-30,main
011893,4442.0,-0.1848130864857297,2026-09-30,main
000551,4443.0,-0.1853150429480122,2026-09-30,main
002802,4444.0,-0.1854891613832293,2026-09-30,main
011826,4445.0,-0.1855341459204214,2026-09-30,main
012389,4446.0,-0.1856261248883804,2026-09-30,main
000550,4447.0,-0.1856919910748296,2026-09-30,main
008445,4448.0,-0.186318314836885,2026-09-30,main
015004,4449.0,-0.1869241404178794,2026-09-30,main
161729,4450.0,-0.1869779836463527,2026-09-30,main
260108,4451.0,-0.1870386358683551,2026-09-30,main
024647,4452.0,-0.1872011185917279,2026-09-30,main
001714,4453.0,-0.1872370259261211,2026-09-30,main
017147,4454.0,-0.187350378451787,2026-09-30,main
009017,4455.0,-0.1874182451267699,2026-09-30,main
005911,4456.0,-0.1884427984163161,2026-09-30,main
021830,4457.0,-0.1884515965387566,2026-09-30,main
610005,4458.0,-0.1887508961200861,2026-09-30,main
017721,4459.0,-0.1888068093877886,2026-09-30,main
001276,4460.0,-0.1892586302552182,2026-09-30,main
018930,4461.0,-0.1893114065184551,2026-09-30,main
012079,4462.0,-0.189312720155057,2026-09-30,main
012126,4463.0,-0.1896560539676357,2026-09-30,main
011288,4464.0,-0.1897601739537522,2026-09-30,main
014919,4465.0,-0.1898725215708817,2026-09-30,main
011503,4466.0,-0.1900371980036375,2026-09-30,main
001252,4467.0,-0.1902392497402548,2026-09-30,main
019780,4468.0,-0.1902591817976483,2026-09-30,main
002683,4469.0,-0.1902947286452238,2026-09-30,main
021489,4470.0,-0.1904476797704567,2026-09-30,main
019952,4471.0,-0.1906514752904231,2026-09-30,main
160142,4472.0,-0.1912291312114239,2026-09-30,main
010213,4473.0,-0.1913025262795644,2026-09-30,main
010585,4474.0,-0.1917439094995696,2026-09-30,main
022852,4475.0,-0.1918425843493739,2026-09-30,main
009527,4476.0,-0.1924708394047332,2026-09-30,main
610004,4477.0,-0.1933252351654362,2026-09-30,main
006252,4478.0,-0.1933344616690563,2026-09-30,main
010341,4479.0,-0.1933600933448251,2026-09-30,main
004098,4480.0,-0.1935821939393227,2026-09-30,main
519959,4481.0,-0.1937599774967463,2026-09-30,main
012421,4482.0,-0.1941641921732617,2026-09-30,main
017048,4483.0,-0.1942380752505611,2026-09-30,main
006675,4484.0,-0.1943972352030053,2026-09-30,main
011069,4485.0,-0.1944653827846962,2026-09-30,main
270050,4486.0,-0.1948395070753015,2026-09-30,main
004505,4487.0,-0.1949122250371527,2026-09-30,main
001628,4488.0,-0.1956577945482439,2026-09-30,main
005642,4489.0,-0.1962939666269836,2026-09-30,main
000511,4490.0,-0.1973129732654264,2026-09-30,main
010110,4491.0,-0.1977356707077865,2026-09-30,main
000761,4492.0,-0.1977405090501828,2026-09-30,main
006881,4493.0,-0.1977795004405527,2026-09-30,main
014352,4494.0,-0.1979385052820287,2026-09-30,main
011687,4495.0,-0.197985168233422,2026-09-30,main
001765,4496.0,-0.1980374438960794,2026-09-30,main
011164,4497.0,-0.198298561175604,2026-09-30,main
010554,4498.0,-0.1984319822174182,2026-09-30,main
024379,4499.0,-0.1985251434090497,2026-09-30,main
013132,4500.0,-0.1985608919387417,2026-09-30,main
006882,4501.0,-0.1986890193335639,2026-09-30,main
002020,4502.0,-0.1987978664742832,2026-09-30,main
022521,4503.0,-0.1988744964575193,2026-09-30,main
001294,4504.0,-0.1994389251314258,2026-09-30,main
005358,4505.0,-0.1995203878135053,2026-09-30,main
006457,4506.0,-0.1995929455110672,2026-09-30,main
015343,4507.0,-0.1996307692156348,2026-09-30,main
019575,4508.0,-0.1996711524733408,2026-09-30,main
023674,4509.0,-0.1997443688925391,2026-09-30,main
001278,4510.0,-0.1998280051456828,2026-09-30,main
009877,4511.0,-0.2004602169235816,2026-09-30,main
014404,4512.0,-0.2004673336051968,2026-09-30,main
009507,4513.0,-0.2005838696947622,2026-09-30,main
004794,4514.0,-0.2008518668894219,2026-09-30,main
002214,4515.0,-0.2013180812524876,2026-09-30,main
016502,4516.0,-0.202409643088803,2026-09-30,main
017839,4517.0,-0.2025752602004895,2026-09-30,main
018124,4518.0,-0.2027378830484426,2026-09-30,main
217021,4519.0,-0.2029383990602469,2026-09-30,main
007412,4520.0,-0.2032862031607064,2026-09-30,main
005235,4521.0,-0.2034063016356496,2026-09-30,main
007861,4522.0,-0.2035235517451609,2026-09-30,main
016386,4523.0,-0.2037058463772904,2026-09-30,main
001878,4524.0,-0.2038462648563713,2026-09-30,main
206013,4525.0,-0.203859225887142,2026-09-30,main
011418,4526.0,-0.2046841912804923,2026-09-30,main
000591,4527.0,-0.204791247183588,2026-09-30,main
023955,4528.0,-0.2050131298546391,2026-09-30,main
005233,4529.0,-0.2058246691375305,2026-09-30,main
005106,4530.0,-0.205907075178382,2026-09-30,main
009869,4531.0,-0.205992167899199,2026-09-30,main
005541,4532.0,-0.2062147321827657,2026-09-30,main
001864,4533.0,-0.206433424814851,2026-09-30,main
010552,4534.0,-0.2065366931264117,2026-09-30,main
019999,4535.0,-0.2067377358024681,2026-09-30,main
010801,4536.0,-0.2068411653791986,2026-09-30,main
501071,4537.0,-0.2069963695541217,2026-09-30,main
019085,4538.0,-0.2069969905994481,2026-09-30,main
010298,4539.0,-0.2071406789097235,2026-09-30,main
011136,4540.0,-0.2078372800997819,2026-09-30,main
020057,4541.0,-0.2082995395650761,2026-09-30,main
006652,4542.0,-0.2084789903423272,2026-09-30,main
012447,4543.0,-0.2088197602006818,2026-09-30,main
004223,4544.0,-0.2096609050955901,2026-09-30,main
011273,4545.0,-0.209696787279155,2026-09-30,main
015227,4546.0,-0.2097608035703158,2026-09-30,main
006768,4547.0,-0.2099077891551773,2026-09-30,main
160322,4548.0,-0.2103927944787978,2026-09-30,main
017719,4549.0,-0.2104005249416293,2026-09-30,main
010204,4550.0,-0.210423542484804,2026-09-30,main
011315,4551.0,-0.2117141582420135,2026-09-30,main
014376,4552.0,-0.2117154191551584,2026-09-30,main
006644,4553.0,-0.2118071849749623,2026-09-30,main
002378,4554.0,-0.2118126704947932,2026-09-30,main
007110,4555.0,-0.2118153105923106,2026-09-30,main
013175,4556.0,-0.2122029031149993,2026-09-30,main
001229,4557.0,-0.2122765861875043,2026-09-30,main
010536,4558.0,-0.2124676304118248,2026-09-30,main
004076,4559.0,-0.2125257317678829,2026-09-30,main
019143,4560.0,-0.2125506674315606,2026-09-30,main
010795,4561.0,-0.2125830900314017,2026-09-30,main
004942,4562.0,-0.2126179478231628,2026-09-30,main
001983,4563.0,-0.2127329038045052,2026-09-30,main
005241,4564.0,-0.2129471008227967,2026-09-30,main
001186,4565.0,-0.2131958379023899,2026-09-30,main
012358,4566.0,-0.2136385137987924,2026-09-30,main
005226,4567.0,-0.2140459103806197,2026-09-30,main
011868,4568.0,-0.2147531741499753,2026-09-30,main
019620,4569.0,-0.2148801031972246,2026-09-30,main
008133,4570.0,-0.2155887234644016,2026-09-30,main
013004,4571.0,-0.2156517857370707,2026-09-30,main
023623,4572.0,-0.2159593507562499,2026-09-30,main
001706,4573.0,-0.216250463358411,2026-09-30,main
015663,4574.0,-0.2165060156626611,2026-09-30,main
021219,4575.0,-0.2167421943609976,2026-09-30,main
015032,4576.0,-0.2172287061790405,2026-09-30,main
012373,4577.0,-0.2172692164385189,2026-09-30,main
020265,4578.0,-0.2174462808938533,2026-09-30,main
162203,4579.0,-0.2174801950395619,2026-09-30,main
013490,4580.0,-0.2177279022100507,2026-09-30,main
007484,4581.0,-0.2186280686560072,2026-09-30,main
001972,4582.0,-0.2187933022779392,2026-09-30,main
001837,4583.0,-0.2189860188926474,2026-09-30,main
004456,4584.0,-0.2191141044335883,2026-09-30,main
007523,4585.0,-0.2194433839859605,2026-09-30,main
016378,4586.0,-0.2199737505706297,2026-09-30,main
024159,4587.0,-0.2201268697566101,2026-09-30,main
010041,4588.0,-0.2201847490541677,2026-09-30,main
012382,4589.0,-0.2203009536812734,2026-09-30,main
023566,4590.0,-0.2204635790851058,2026-09-30,main
013009,4591.0,-0.2205663479557308,2026-09-30,main
005888,4592.0,-0.2215391734446583,2026-09-30,main
610007,4593.0,-0.2217100677350599,2026-09-30,main
014408,4594.0,-0.2217547816542883,2026-09-30,main
022301,4595.0,-0.2218022055916351,2026-09-30,main
012852,4596.0,-0.2219869464317351,2026-09-30,main
007182,4597.0,-0.2220341492899024,2026-09-30,main
398021,4598.0,-0.2221889788269307,2026-09-30,main
004805,4599.0,-0.2222447004718869,2026-09-30,main
006890,4600.0,-0.222300740524041,2026-09-30,main
001829,4601.0,-0.2226963814308082,2026-09-30,main
013356,4602.0,-0.2228459969657371,2026-09-30,main
011174,4603.0,-0.2230267250848913,2026-09-30,main
005433,4604.0,-0.223206880950903,2026-09-30,main
014560,4605.0,-0.2232217774070742,2026-09-30,main
005296,4606.0,-0.2236115990521853,2026-09-30,main
013220,4607.0,-0.2236435282279766,2026-09-30,main
006408,4608.0,-0.2237548675642308,2026-09-30,main
013270,4609.0,-0.2238586925023189,2026-09-30,main
005360,4610.0,-0.2240146098120823,2026-09-30,main
006266,4611.0,-0.2240536573096843,2026-09-30,main
013348,4612.0,-0.2241068535858105,2026-09-30,main
006072,4613.0,-0.2242990581644679,2026-09-30,main
017648,4614.0,-0.224384971882499,2026-09-30,main
010094,4615.0,-0.2244690656874032,2026-09-30,main
001874,4616.0,-0.2244850349850345,2026-09-30,main
004995,4617.0,-0.22452850750415,2026-09-30,main
012556,4618.0,-0.2250200897671527,2026-09-30,main
024800,4619.0,-0.2250781990623243,2026-09-30,main
001007,4620.0,-0.2257683344217057,2026-09-30,main
020593,4621.0,-0.2258212902267558,2026-09-30,main
003446,4622.0,-0.2261318423463831,2026-09-30,main
010595,4623.0,-0.2261569112531293,2026-09-30,main
016287,4624.0,-0.2268741285870656,2026-09-30,main
011722,4625.0,-0.22705040838246,2026-09-30,main
010914,4626.0,-0.2272760625963593,2026-09-30,main
001104,4627.0,-0.2272958106842263,2026-09-30,main
011905,4628.0,-0.2273697389068233,2026-09-30,main
350009,4629.0,-0.2275973184370023,2026-09-30,main
001675,4630.0,-0.2277284245542179,2026-09-30,main
002212,4631.0,-0.2279057118825672,2026-09-30,main
013859,4632.0,-0.2280548890285113,2026-09-30,main
006233,4633.0,-0.2284050217816234,2026-09-30,main
014107,4634.0,-0.2284879084879623,2026-09-30,main
005970,4635.0,-0.2286444611695081,2026-09-30,main
021699,4636.0,-0.2288838361598786,2026-09-30,main
010717,4637.0,-0.2289196684763053,2026-09-30,main
019587,4638.0,-0.2291970638781075,2026-09-30,main
012182,4639.0,-0.2295533789855972,2026-09-30,main
008842,4640.0,-0.2296076260157508,2026-09-30,main
018990,4641.0,-0.229615164868942,2026-09-30,main
000117,4642.0,-0.2303723846209905,2026-09-30,main
011173,4643.0,-0.230899271772262,2026-09-30,main
018901,4644.0,-0.232242293129812,2026-09-30,main
015732,4645.0,-0.2322764881066423,2026-09-30,main
519690,4646.0,-0.2325440663524799,2026-09-30,main
014589,4647.0,-0.2329102217559167,2026-09-30,main
011278,4648.0,-0.2329109818978938,2026-09-30,main
011355,4649.0,-0.2331150672746003,2026-09-30,main
024396,4650.0,-0.2336976022904384,2026-09-30,main
017501,4651.0,-0.2337249953765213,2026-09-30,main
016384,4652.0,-0.2337608808960901,2026-09-30,main
012308,4653.0,-0.2338464023986411,2026-09-30,main
003432,4654.0,-0.2342161215117111,2026-09-30,main
000867,4655.0,-0.2348811985242954,2026-09-30,main
021899,4656.0,-0.2350397918837341,2026-09-30,main
001875,4657.0,-0.2356457273703207,2026-09-30,main
003634,4658.0,-0.2356903813987373,2026-09-30,main
005504,4659.0,-0.2367822298073646,2026-09-30,main
180028,4660.0,-0.2371160889675795,2026-09-30,main
004316,4661.0,-0.2376758017603557,2026-09-30,main
010326,4662.0,-0.2377925367644284,2026-09-30,main
006209,4663.0,-0.2378029240417584,2026-09-30,main
006877,4664.0,-0.2386538774602119,2026-09-30,main
009162,4665.0,-0.2388068362451422,2026-09-30,main
016307,4666.0,-0.2389812354842573,2026-09-30,main
005164,4667.0,-0.2393982173720419,2026-09-30,main
014765,4668.0,-0.2394933344233732,2026-09-30,main
010447,4669.0,-0.2398016196639203,2026-09-30,main
162605,4670.0,-0.2402006579998714,2026-09-30,main
000554,4671.0,-0.2404369867068503,2026-09-30,main
006759,4672.0,-0.2405999952395935,2026-09-30,main
180013,4673.0,-0.2407793041572419,2026-09-30,main
501209,4674.0,-0.2409791473299527,2026-09-30,main
005335,4675.0,-0.241083927289341,2026-09-30,main
016454,4676.0,-0.2414326770740055,2026-09-30,main
004812,4677.0,-0.2414447688493823,2026-09-30,main
024357,4678.0,-0.2414642314533869,2026-09-30,main
750005,4679.0,-0.2415076403339122,2026-09-30,main
011673,4680.0,-0.2416716988067365,2026-09-30,main
000056,4681.0,-0.2420317793738289,2026-09-30,main
040005,4682.0,-0.2422964296968286,2026-09-30,main
020397,4683.0,-0.2423144505243768,2026-09-30,main
398041,4684.0,-0.2423211839001547,2026-09-30,main
015838,4685.0,-0.2427978361130215,2026-09-30,main
519001,4686.0,-0.2435765269762306,2026-09-30,main
012703,4687.0,-0.2436253615734849,2026-09-30,main
002967,4688.0,-0.2437540273918237,2026-09-30,main
013023,4689.0,-0.2437576288485073,2026-09-30,main
011651,4690.0,-0.2438325977333788,2026-09-30,main
019457,4691.0,-0.2440572883454104,2026-09-30,main
005169,4692.0,-0.2446668106107388,2026-09-30,main
005142,4693.0,-0.2449464953476497,2026-09-30,main
007084,4694.0,-0.2451257046382523,2026-09-30,main
002621,4695.0,-0.2455854787912175,2026-09-30,main
013037,4696.0,-0.2459232559857694,2026-09-30,main
011340,4697.0,-0.2460320909276946,2026-09-30,main
400032,4698.0,-0.2466772919174017,2026-09-30,main
002387,4699.0,-0.2471835894455055,2026-09-30,main
160527,4700.0,-0.2472530514061135,2026-09-30,main
002564,4701.0,-0.2472673958644096,2026-09-30,main
020510,4702.0,-0.2481716155120198,2026-09-30,main
016530,4703.0,-0.2488497729611297,2026-09-30,main
021427,4704.0,-0.2490510693853174,2026-09-30,main
377150,4705.0,-0.249247404757481,2026-09-30,main
164403,4706.0,-0.2495994367140775,2026-09-30,main
017962,4707.0,-0.2500601654580298,2026-09-30,main
000794,4708.0,-0.2502536947653845,2026-09-30,main
510081,4709.0,-0.2502630863534134,2026-09-30,main
002605,4710.0,-0.2504009135512337,2026-09-30,main
012354,4711.0,-0.2505903181787728,2026-09-30,main
003655,4712.0,-0.2507210121013653,2026-09-30,main
013289,4713.0,-0.250932936366788,2026-09-30,main
002598,4714.0,-0.2510027338825887,2026-09-30,main
020474,4715.0,-0.2514339502625642,2026-09-30,main
005526,4716.0,-0.2519755604771134,2026-09-30,main
008166,4717.0,-0.2520615946997845,2026-09-30,main
015287,4718.0,-0.2529246099008136,2026-09-30,main
025017,4719.0,-0.25449109294686,2026-09-30,main
006671,4720.0,-0.2551766347412412,2026-09-30,main
110022,4721.0,-0.2559271283429011,2026-09-30,main
000796,4722.0,-0.2561761247682013,2026-09-30,main
007163,4723.0,-0.2563226261064072,2026-09-30,main
004521,4724.0,-0.2563543660200182,2026-09-30,main
161818,4725.0,-0.2564135542591664,2026-09-30,main
019126,4726.0,-0.2567163692467924,2026-09-30,main
010562,4727.0,-0.2569928406846654,2026-09-30,main
020142,4728.0,-0.2575171315172873,2026-09-30,main
519915,4729.0,-0.2584767166652325,2026-09-30,main
003413,4730.0,-0.2589364420365121,2026-09-30,main
017041,4731.0,-0.2592407470984779,2026-09-30,main
007151,4732.0,-0.2592409819842285,2026-09-30,main
005620,4733.0,-0.2597593013417915,2026-09-30,main
011177,4734.0,-0.2598064382592238,2026-09-30,main
012483,4735.0,-0.2601798976370978,2026-09-30,main
010076,4736.0,-0.2612681424380377,2026-09-30,main
007291,4737.0,-0.261853311879581,2026-09-30,main
022081,4738.0,-0.2627860446072784,2026-09-30,main
007750,4739.0,-0.262826362080237,2026-09-30,main
001614,4740.0,-0.2647872230000546,2026-09-30,main
008099,4741.0,-0.2666824627382578,2026-09-30,main
005489,4742.0,-0.267594904452645,2026-09-30,main
481013,4743.0,-0.2677964989564819,2026-09-30,main
017000,4744.0,-0.2688641312596973,2026-09-30,main
007132,4745.0,-0.2693910825631209,2026-09-30,main
610002,4746.0,-0.2700661423088366,2026-09-30,main
004189,4747.0,-0.2706741538960486,2026-09-30,main
012690,4748.0,-0.2706935927445376,2026-09-30,main
007152,4749.0,-0.2707939935939103,2026-09-30,main
006526,4750.0,-0.2710025362633493,2026-09-30,main
010454,4751.0,-0.2719178308567048,2026-09-30,main
001830,4752.0,-0.2719344334482522,2026-09-30,main
011153,4753.0,-0.272025857773313,2026-09-30,main
580007,4754.0,-0.2728689529044276,2026-09-30,main
012582,4755.0,-0.2733999042119162,2026-09-30,main
013836,4756.0,-0.2736142635836841,2026-09-30,main
017112,4757.0,-0.274005545447039,2026-09-30,main
004424,4758.0,-0.2740618649031324,2026-09-30,main
018045,4759.0,-0.2745529808708014,2026-09-30,main
016549,4760.0,-0.2761165993147607,2026-09-30,main
290002,4761.0,-0.2761585832651425,2026-09-30,main
009564,4762.0,-0.2763439644469403,2026-09-30,main
014794,4763.0,-0.2771382098258078,2026-09-30,main
016073,4764.0,-0.2773344179524254,2026-09-30,main
200008,4765.0,-0.2776748346358877,2026-09-30,main
014987,4766.0,-0.277996307616895,2026-09-30,main
398061,4767.0,-0.2781507223692249,2026-09-30,main
014938,4768.0,-0.2784442637413959,2026-09-30,main
006231,4769.0,-0.2787066077559716,2026-09-30,main
012971,4770.0,-0.2802204485636037,2026-09-30,main
000057,4771.0,-0.2806291985174001,2026-09-30,main
014699,4772.0,-0.2808219890016927,2026-09-30,main
001662,4773.0,-0.2811040680361784,2026-09-30,main
002620,4774.0,-0.2817668942291901,2026-09-30,main
310388,4775.0,-0.2819330083955258,2026-09-30,main
010594,4776.0,-0.2822468112344556,2026-09-30,main
005067,4777.0,-0.2824421332614266,2026-09-30,main
010701,4778.0,-0.2827580297719383,2026-09-30,main
009852,4779.0,-0.2829074049856014,2026-09-30,main
021631,4780.0,-0.2829274145850334,2026-09-30,main
011876,4781.0,-0.2844319994521922,2026-09-30,main
006223,4782.0,-0.2849653610362831,2026-09-30,main
003190,4783.0,-0.285412905233669,2026-09-30,main
002067,4784.0,-0.2857911420239658,2026-09-30,main
020428,4785.0,-0.2868513748444,2026-09-30,main
003684,4786.0,-0.2884144057251776,2026-09-30,main
162717,4787.0,-0.2889575351630382,2026-09-30,main
008273,4788.0,-0.2890626160067933,2026-09-30,main
001540,4789.0,-0.2892955991641306,2026-09-30,main
010617,4790.0,-0.2902120064529758,2026-09-30,main
010104,4791.0,-0.2902339711817675,2026-09-30,main
011917,4792.0,-0.2903274394567325,2026-09-30,main
006604,4793.0,-0.2905241585360527,2026-09-30,main
012255,4794.0,-0.2905507780701435,2026-09-30,main
006377,4795.0,-0.2912252669911199,2026-09-30,main
006179,4796.0,-0.2919636189673139,2026-09-30,main
008901,4797.0,-0.2919782216666835,2026-09-30,main
022446,4798.0,-0.2921539150259113,2026-09-30,main
013851,4799.0,-0.2928641955986364,2026-09-30,main
020287,4800.0,-0.2929094221306958,2026-09-30,main
540008,4801.0,-0.2938706747223424,2026-09-30,main
001643,4802.0,-0.2941554243654094,2026-09-30,main
016761,4803.0,-0.2943132833851289,2026-09-30,main
000538,4804.0,-0.2950301743041588,2026-09-30,main
022802,4805.0,-0.295036570413789,2026-09-30,main
005827,4806.0,-0.2954141567025096,2026-09-30,main
519767,4807.0,-0.2970736959289713,2026-09-30,main
008424,4808.0,-0.2971540579115813,2026-09-30,main
009983,4809.0,-0.2983670211307414,2026-09-30,main
009542,4810.0,-0.2993787888935687,2026-09-30,main
011099,4811.0,-0.2994244160440543,2026-09-30,main
019051,4812.0,-0.3006920712279383,2026-09-30,main
024023,4813.0,-0.3015157767719401,2026-09-30,main
002174,4814.0,-0.3016024279017737,2026-09-30,main
003835,4815.0,-0.302746189858237,2026-09-30,main
519150,4816.0,-0.3033344812601837,2026-09-30,main
008188,4817.0,-0.3034728485258682,2026-09-30,main
006781,4818.0,-0.3035890118284099,2026-09-30,main
011104,4819.0,-0.3041609860868057,2026-09-30,main
005104,4820.0,-0.3046399316233589,2026-09-30,main
003397,4821.0,-0.3046590171792007,2026-09-30,main
009954,4822.0,-0.3049021704638187,2026-09-30,main
540002,4823.0,-0.3050312736670905,2026-09-30,main
007811,4824.0,-0.3055423909842503,2026-09-30,main
010054,4825.0,-0.3066373466944161,2026-09-30,main
006537,4826.0,-0.3066894012749038,2026-09-30,main
015034,4827.0,-0.3072663073309452,2026-09-30,main
006477,4828.0,-0.3078010334650795,2026-09-30,main
011969,4829.0,-0.3079561824701282,2026-09-30,main
001563,4830.0,-0.3087168216340491,2026-09-30,main
001518,4831.0,-0.3100544717432495,2026-09-30,main
001193,4832.0,-0.3103389538804152,2026-09-30,main
011013,4833.0,-0.3105330326947271,2026-09-30,main
007590,4834.0,-0.3106794756297018,2026-09-30,main
006775,4835.0,-0.3107735430248851,2026-09-30,main
006926,4836.0,-0.3112355068681099,2026-09-30,main
009476,4837.0,-0.3113879938221443,2026-09-30,main
016635,4838.0,-0.3118307408905316,2026-09-30,main
010483,4839.0,-0.3124137692800168,2026-09-30,main
006216,4840.0,-0.3130097422559196,2026-09-30,main
011578,4841.0,-0.3131105320920878,2026-09-30,main
540003,4842.0,-0.3132412952562582,2026-09-30,main
001270,4843.0,-0.31458126305667,2026-09-30,main
005228,4844.0,-0.3162584416602093,2026-09-30,main
005865,4845.0,-0.3167915581903078,2026-09-30,main
001271,4846.0,-0.3178684529118518,2026-09-30,main
021904,4847.0,-0.3179053724632004,2026-09-30,main
012523,4848.0,-0.3185793349423741,2026-09-30,main
009661,4849.0,-0.3194734675687595,2026-09-30,main
009265,4850.0,-0.3210697959005014,2026-09-30,main
025172,4851.0,-0.3213589313841617,2026-09-30,main
011287,4852.0,-0.3222734821766353,2026-09-30,main
007393,4853.0,-0.3231891418320288,2026-09-30,main
002303,4854.0,-0.3235726825209698,2026-09-30,main
012557,4855.0,-0.3244913317126014,2026-09-30,main
012390,4856.0,-0.3253356339991405,2026-09-30,main
014957,4857.0,-0.3258768609376465,2026-09-30,main
007082,4858.0,-0.3260182462252461,2026-09-30,main
008234,4859.0,-0.3260899508966284,2026-09-30,main
020419,4860.0,-0.3278734473894719,2026-09-30,main
024271,4861.0,-0.3279859637527944,2026-09-30,main
002443,4862.0,-0.3282446605985899,2026-09-30,main
020140,4863.0,-0.3283745661616295,2026-09-30,main
014074,4864.0,-0.3298862120924402,2026-09-30,main
013293,4865.0,-0.3299102772024491,2026-09-30,main
016590,4866.0,-0.3317673194055192,2026-09-30,main
010715,4867.0,-0.3318651681319846,2026-09-30,main
009940,4868.0,-0.332782802184796,2026-09-30,main
014917,4869.0,-0.3336424793895876,2026-09-30,main
015927,4870.0,-0.3355008232514834,2026-09-30,main
007965,4871.0,-0.3360038438838428,2026-09-30,main
011275,4872.0,-0.3375923275218041,2026-09-30,main
016350,4873.0,-0.3387228857494693,2026-09-30,main
024735,4874.0,-0.3388603031633611,2026-09-30,main
012506,4875.0,-0.3392366426888382,2026-09-30,main
021450,4876.0,-0.3412461303115509,2026-09-30,main
010143,4877.0,-0.3413201709196151,2026-09-30,main
013871,4878.0,-0.3465304388058347,2026-09-30,main
580005,4879.0,-0.3472874938701351,2026-09-30,main
004926,4880.0,-0.3497127395169347,2026-09-30,main
012102,4881.0,-0.3514133597740676,2026-09-30,main
016541,4882.0,-0.3552936451126757,2026-09-30,main
004549,4883.0,-0.3563137516386545,2026-09-30,main
014423,4884.0,-0.3574198075399447,2026-09-30,main
005255,4885.0,-0.3597478957824079,2026-09-30,main
015630,4886.0,-0.3636909287273304,2026-09-30,main
011121,4887.0,-0.3643837606034668,2026-09-30,main
023560,4888.0,-0.3652977504031095,2026-09-30,main
290004,4889.0,-0.367254137547876,2026-09-30,main
016847,4890.0,-0.3675442839623722,2026-09-30,main
019394,4891.0,-0.3706358157758597,2026-09-30,main
011924,4892.0,-0.3722037949515205,2026-09-30,main
024319,4893.0,-0.3738931831333092,2026-09-30,main
007518,4894.0,-0.3751451406622907,2026-09-30,main
011002,4895.0,-0.3760453074576432,2026-09-30,main
024388,4896.0,-0.3763783512392613,2026-09-30,main
018438,4897.0,-0.3819175551727178,2026-09-30,main
023899,4898.0,-0.3852518683155281,2026-09-30,main
580003,4899.0,-0.3894812475926775,2026-09-30,main
008840,4900.0,-0.3900069718392142,2026-09-30,main
023753,4901.0,-0.3908553003894277,2026-09-30,main
018362,4902.0,-0.3914638537449322,2026-09-30,main
290012,4903.0,-0.3955397649765491,2026-09-30,main
006181,4904.0,-0.4001674970358937,2026-09-30,main
011188,4905.0,-0.4027061608223344,2026-09-30,main
012210,4906.0,-0.4029238828705879,2026-09-30,main
004634,4907.0,-0.4113234926507125,2026-09-30,main
024737,4908.0,-0.4149126406970601,2026-09-30,main
018248,4909.0,-0.4243919403815078,2026-09-30,main
006235,4910.0,-0.424604247545122,2026-09-30,main
020026,4911.0,-0.4272432748750263,2026-09-30,main
519606,4912.0,-0.4275594438757722,2026-09-30,main
008180,4913.0,-0.4307565293150184,2026-09-30,main
000976,4914.0,-0.4394737670814356,2026-09-30,main
006364,4915.0,-0.4424208676974971,2026-09-30,main
007770,4916.0,-0.4433214670715928,2026-09-30,main
015150,4917.0,-0.4495264474299792,2026-09-30,main
010282,4918.0,-0.4626094445955786,2026-09-30,main
001978,4919.0,-0.4752446142589206,2026-09-30,main
008050,4920.0,-0.5446939718538899,2026-09-30,main
