rank,rank_lowconf,fund_code,fund_name,score,signal,confidence,age_months,age_group,coverage,as_of
,1.0,025686,国泰半导体制造精选混合发起A,0.8945809928613071,ret_6m,low,11.2,young,1.0,2026-09-21
,2.0,024480,财通品质甄选混合A,0.8147735426589882,ret_6m,low,10.7,young,1.0,2026-09-21
,3.0,026632,平安半导体领航精选混合发起式A,0.7246144031022248,ret_6m,low,7.7,young,1.0,2026-09-21
,4.0,025968,建信科技智选股票型发起A,0.7063110780958362,ret_6m,low,9.6,young,1.0,2026-09-21
,5.0,019437,华商科创创业精选混合A,0.6389675725111668,ret_6m,low,10.5,young,1.0,2026-09-21
,6.0,026538,融通科技臻选混合发起式A,0.5488355454894287,ret_6m,low,7.6,young,1.0,2026-09-21
,7.0,025783,兴证资管金麒麟兴享优选混合D,0.5354943826774334,ret_6m,low,11.0,young,1.0,2026-09-21
,8.0,024459,华商致远回报混合A,0.5205081801330824,ret_6m,low,14.2,short,1.0,2026-09-21
,9.0,024473,信澳优势行业混合A,0.5021201738536452,ret_6m,low,14.0,short,1.0,2026-09-21
,10.0,026353,财通泓盛平衡混合A,0.49845286124885035,ret_6m,low,8.0,young,1.0,2026-09-21
,11.0,026382,中航洞见领航混合A,0.4622402352742021,ret_6m,low,8.3,young,1.0,2026-09-21
,12.0,025421,浦银数字经济混合A,0.4547090462900196,ret_6m,low,12.3,short,1.0,2026-09-21
,13.0,024476,南华科技创新混合发起A,0.43660911678190306,ret_6m,low,11.9,young,1.0,2026-09-21
,14.0,025208,永赢先锋半导体智选混合发起A,0.435228938698746,ret_6m,low,12.3,short,1.0,2026-09-21
,15.0,026210,平安科技精选混合发起式A,0.40556775704967474,ret_6m,low,9.3,young,1.0,2026-09-21
,16.0,026273,平安数字经济精选混合发起式A,0.38268819567594226,ret_6m,low,8.8,young,1.0,2026-09-21
,17.0,026475,西部利得创新驱动鑫选混合发起A,0.3607585716223416,ret_6m,low,7.3,young,1.0,2026-09-21
,18.0,025758,华安新兴动力混合发起式A,0.3443357637904403,ret_6m,low,10.7,young,1.0,2026-09-21
,19.0,024717,汇安成长领航混合A,0.3225440470249432,ret_6m,low,12.3,short,1.0,2026-09-21
,20.0,024796,兴业科技创新混合发起式A,0.32190270733647286,ret_6m,low,13.3,short,1.0,2026-09-21
,21.0,024818,中欧医药生物混合发起A,0.31089601632492836,ret_6m,low,9.8,young,1.0,2026-09-21
,22.0,025499,东方阿尔法科技智选混合发起A,0.3089625080378615,ret_6m,low,12.3,short,1.0,2026-09-21
,23.0,018210,红土创新景气回报混合A,0.2978865495230285,ret_6m,low,12.4,short,1.0,2026-09-21
,24.0,026448,大摩沪港深科技混合A,0.2865116999314592,ret_6m,low,7.8,young,1.0,2026-09-21
,25.0,026202,上银丰泽混合发起式A,0.2838525553308726,ret_6m,low,9.1,young,1.0,2026-09-21
,26.0,025860,万家泓裕成长驱动混合发起式A,0.2670702137402612,ret_6m,low,10.7,young,1.0,2026-09-21
,27.0,026293,红土精选混合C,0.25446679691624663,ret_6m,low,9.3,young,1.0,2026-09-21
,28.0,025918,易方达科技先锋混合A,0.2454153289750809,ret_6m,low,10.1,young,1.0,2026-09-21
,29.0,025684,易方达优势进取混合A,0.2403785964392835,ret_6m,low,9.9,young,1.0,2026-09-21
,30.0,025926,中信保诚医药精选混合A,0.23942820010144406,ret_6m,low,9.6,young,1.0,2026-09-21
,31.0,025824,易方达产业优选混合A,0.23211092257888,ret_6m,low,10.5,young,1.0,2026-09-21
,32.0,025580,财通消费优选混合发起A,0.21866171027600445,ret_6m,low,9.2,young,1.0,2026-09-21
,33.0,023420,永赢锐见先锋混合A,0.21619571731848675,ret_6m,low,12.6,short,1.0,2026-09-21
,34.0,025511,广发信息产业股票发起式A,0.21583573925344868,ret_6m,low,10.5,young,1.0,2026-09-21
,35.0,026488,安信资源睿选股票发起A,0.20685007837040215,ret_6m,low,7.3,young,1.0,2026-09-21
,36.0,025736,华西科技成长股票,0.20492924628784426,ret_6m,low,9.9,young,1.0,2026-09-21
,37.0,026282,东方红先锋锐选混合发起A,0.19902938332803632,ret_6m,low,8.7,young,1.0,2026-09-21
,38.0,026470,泓德医药精选混合发起式A,0.1888270726680663,ret_6m,low,8.0,young,1.0,2026-09-21
,39.0,025830,嘉实成长共享混合A,0.18392992252224594,ret_6m,low,10.8,young,1.0,2026-09-21
,40.0,025082,摩根慧启成长混合A,0.17048869891668317,ret_6m,low,9.6,young,1.0,2026-09-21
,41.0,026177,华商品质甄选混合A,0.1468425828933415,ret_6m,low,7.8,young,1.0,2026-09-21
,42.0,024534,平安港股通科技精选混合A,0.14159545306804033,ret_6m,low,12.6,short,1.0,2026-09-21
,43.0,025068,建信医疗创新股票A,0.13073784917936004,ret_6m,low,12.8,short,1.0,2026-09-21
,44.0,026089,上银医疗创新混合发起式A,0.12825145924248216,ret_6m,low,9.2,young,1.0,2026-09-21
,45.0,023824,永赢国企机遇慧选混合发起A,0.1261852497912832,ret_6m,low,13.7,short,1.0,2026-09-21
,46.0,025658,国金科创创业量化选股股票A,0.12109461258743437,ret_6m,low,9.2,young,1.0,2026-09-21
,47.0,026284,东方红嘉享混合发起A,0.10823461621909147,ret_6m,low,8.7,young,1.0,2026-09-21
,48.0,025648,易方达港股通科技混合A,0.10730146691185927,ret_6m,low,11.2,young,1.0,2026-09-21
,49.0,025769,中金进取回报混合A,0.10444865344408805,ret_6m,low,10.6,young,1.0,2026-09-21
,50.0,026699,新华大盘成长量化选股混合发起A,0.09762544685559105,ret_6m,low,7.7,young,1.0,2026-09-21
,51.0,025368,东财启和混合A,0.09362695086093242,ret_6m,low,8.8,young,1.0,2026-09-21
,52.0,023457,前海开源研究优选混合A,0.09061749092524463,ret_6m,low,13.0,short,1.0,2026-09-21
,53.0,025748,招商医药量化选股混合发起式A,0.08973784323695688,ret_6m,low,8.0,young,1.0,2026-09-21
,54.0,026195,易方达港股通医药混合A,0.08829482366061403,ret_6m,low,7.8,young,0.9921,2026-09-21
,55.0,025386,万家智胜量化选股股票A,0.08676715689386483,ret_6m,low,10.5,young,1.0,2026-09-21
,56.0,026760,财信均衡致远混合发起式A,0.08157712017960339,ret_6m,low,7.3,young,1.0,2026-09-21
,57.0,025928,恒生前海成长先锋混合A,0.07816248057964303,ret_6m,low,7.8,young,1.0,2026-09-21
,58.0,025546,财通周期优选混合A,0.06968156711188489,ret_6m,low,7.3,young,1.0,2026-09-21
,59.0,025964,广发创新成长混合A,0.06830769398728531,ret_6m,low,9.4,young,1.0,2026-09-21
,60.0,024354,国泰红利智选混合A,0.06679012368658821,ret_6m,low,12.4,short,1.0,2026-09-21
,61.0,026237,广发平衡精选混合D,0.062358482822617134,ret_6m,low,8.7,young,1.0,2026-09-21
,62.0,025688,中金阿尔法优选混合A,0.06067994338633431,ret_6m,low,10.3,young,1.0,2026-09-21
,63.0,026199,大摩港股通多元成长混合A,0.05961839518270917,ret_6m,low,8.2,young,1.0,2026-09-21
,64.0,024841,信澳高端装备混合A,0.05673248432497835,ret_6m,low,10.3,young,1.0,2026-09-21
,65.0,026173,路博迈港股通科技股票A,0.05405806013410808,ret_6m,low,8.7,young,1.0,2026-09-21
,66.0,023951,农银平衡价值混合A,0.05356214990583741,ret_6m,low,11.9,young,1.0,2026-09-21
,67.0,025702,惠升均衡回报混合A,0.051931911889338656,ret_6m,low,9.4,young,1.0,2026-09-21
,68.0,024361,中欧红利慧选混合发起A,0.05085079977567819,ret_6m,low,10.7,young,1.0,2026-09-21
,69.0,025533,光大阳光优选一年持有混合A,0.04974496585443555,ret_6m,low,9.8,young,1.0,2026-09-21
,70.0,025656,国金智远量化选股混合A,0.04950164798628465,ret_6m,low,10.5,young,1.0,2026-09-21
,71.0,024638,永赢汇达6个月持有混合A,0.04842429532765147,ret_6m,low,14.2,short,1.0,2026-09-21
,72.0,025956,新华科技优选混合发起A,0.04781197374627277,ret_6m,low,9.2,young,1.0,2026-09-21
,73.0,025065,平安研究驱动混合A,0.04438288923515721,ret_6m,low,11.7,young,1.0,2026-09-21
,74.0,025058,中欧核心智选混合A,0.04419996579377594,ret_6m,low,13.2,short,1.0,2026-09-21
,75.0,024866,圆信永丰新材料混合发起A,0.038808880238095256,ret_6m,low,10.7,young,1.0,2026-09-21
,76.0,025773,中金丰裕稳健一年持有混合A,0.036987302683845646,ret_6m,low,10.1,young,1.0,2026-09-21
,77.0,025709,汇添富价值驱动混合A,0.036221554178635706,ret_6m,low,10.3,young,1.0,2026-09-21
,78.0,025558,光大阳光启明星创新驱动混合A,0.03520505548174602,ret_6m,low,9.8,young,1.0,2026-09-21
,79.0,026520,财通资管量化选股股票发起式A,0.032428526765583054,ret_6m,low,7.5,young,1.0,2026-09-21
,80.0,025075,汇添富成长优选混合A,0.02945213960725246,ret_6m,low,12.2,short,1.0,2026-09-21
,81.0,024598,兴业医疗创新混合发起式A,0.02845310986395888,ret_6m,low,14.7,short,1.0,2026-09-21
,82.0,026678,恒越嘉润量化选股混合A,0.028278766501820263,ret_6m,low,7.6,young,1.0,2026-09-21
,83.0,025995,大成荣享混合A,0.02794280825793538,ret_6m,low,9.2,young,1.0,2026-09-21
,84.0,025428,东方红研究精选混合A,0.026806479346640044,ret_6m,low,11.9,young,1.0,2026-09-21
,85.0,025069,景顺长城高端装备股票,0.02625714709694904,ret_6m,low,11.9,young,1.0,2026-09-21
,86.0,026251,易方达消费机遇混合A,0.0249062045131081,ret_6m,low,8.7,young,0.9921,2026-09-21
,87.0,025985,东海领航精选3个月持有混合发起式A,0.02370798637842264,ret_6m,low,8.7,young,1.0,2026-09-21
,88.0,026074,恒生前海成长动力混合A,0.023434760534118526,ret_6m,low,7.7,young,1.0,2026-09-21
,89.0,024683,东海价值臻选混合A,0.021958286852527875,ret_6m,low,12.2,short,1.0,2026-09-21
,90.0,025149,华富福盛一年持有期混合A,0.01954134967519905,ret_6m,low,11.0,young,1.0,2026-09-21
,91.0,026756,鑫元鑫锐量化选股混合发起式A,0.018907933766503016,ret_6m,low,7.8,young,1.0,2026-09-21
,92.0,023943,天弘安和平衡混合A,0.018865402702311407,ret_6m,low,12.8,short,1.0,2026-09-21
,93.0,025993,银华盛安六个月持有混合A,0.018527641735267997,ret_6m,low,9.2,young,1.0,2026-09-21
,94.0,025544,汇添富港股通科技精选混合发起式A,0.016608390608654044,ret_6m,low,10.8,young,1.0,2026-09-21
,95.0,026468,山证资管数字经济锐选股票发起式A,0.014477655327260752,ret_6m,low,8.7,young,1.0,2026-09-21
,96.0,025486,中邮新锐量化选股混合发起式A,0.01205320803847787,ret_6m,low,10.5,young,1.0,2026-09-21
,97.0,025997,永赢汇欣混合A,0.011257434128340016,ret_6m,low,8.9,young,1.0,2026-09-21
,98.0,025077,华泰柏瑞制造业主题混合A,0.010553918192085732,ret_6m,low,11.7,young,1.0,2026-09-21
,99.0,025584,光大阳光智造混合A,0.01051803155276576,ret_6m,low,9.8,young,1.0,2026-09-21
,100.0,026886,财通资管消费研选混合发起式A,0.010196343089342808,ret_6m,low,6.4,young,1.0,2026-09-21
,101.0,026495,东方红消费研选混合发起A,0.00981953832405158,ret_6m,low,8.4,young,1.0,2026-09-21
,102.0,024658,国联价值均衡混合A,0.008967842480535282,ret_6m,low,9.8,young,1.0,2026-09-21
,103.0,025352,凯石瑞鑫6个月持有混合发起A,0.008889687372190203,ret_6m,low,12.6,short,1.0,2026-09-21
,104.0,025715,安联睿利6个月持有混合A,0.008301278701174919,ret_6m,low,8.9,young,1.0,2026-09-21
,105.0,025447,万家元晟量化选股混合发起式A,0.00799726888654173,ret_6m,low,12.3,short,1.0,2026-09-21
,106.0,025904,兴证资管恒睿致胜混合发起式A,0.006857524823594252,ret_6m,low,9.6,young,1.0,2026-09-21
,107.0,026140,财信芙璟混合A,0.006497489326000361,ret_6m,low,8.9,young,1.0,2026-09-21
,108.0,026609,工银前瞻成长混合A,0.005782272699166091,ret_6m,low,7.7,young,1.0,2026-09-21
,109.0,024923,招商资管智达红利优选混合发起A,0.0046903523565802185,ret_6m,low,13.1,short,1.0,2026-09-21
,110.0,024900,西部利得专精特新量化选股混合A,0.00435897936922558,ret_6m,low,10.1,young,1.0,2026-09-21
,111.0,003813,泰康金泰回报3个月持有A,0.003215363516824832,ret_6m,low,115.9,full,1.0,2026-09-21
,112.0,025843,兴证资管金麒麟兴睿优选混合D,7.83532052850422e-05,ret_6m,low,10.7,young,1.0,2026-09-21
,113.0,024594,财通华晟量化选股混合A,-0.00037371220401527516,ret_6m,low,12.6,short,1.0,2026-09-21
,114.0,024645,平安瑞和6个月持有混合A,-0.001129115714775808,ret_6m,low,12.2,short,1.0,2026-09-21
,115.0,026529,贝莱德富元金利混合A,-0.0034893574409773365,ret_6m,low,7.3,young,1.0,2026-09-21
,116.0,023082,东方红慧选成长混合A,-0.0038019740226971077,ret_6m,low,12.4,short,1.0,2026-09-21
,117.0,025349,广发乾享核心精选混合A,-0.004358937129648077,ret_6m,low,11.9,young,1.0,2026-09-21
,118.0,025845,华安消费智选混合发起式A,-0.005660354008763635,ret_6m,low,9.8,young,1.0,2026-09-21
,119.0,025184,中银品质新兴混合A,-0.006649988900650494,ret_6m,low,9.6,young,1.0,2026-09-21
,120.0,025668,申万菱信宁通六个月持有期混合,-0.006677725947592639,ret_6m,low,10.1,young,1.0,2026-09-21
,121.0,023871,人保均衡智选混合A,-0.00841040421749284,ret_6m,low,11.8,young,1.0,2026-09-21
,122.0,025771,中金安心回报混合A,-0.008674396685544594,ret_6m,low,10.1,young,1.0,2026-09-21
,123.0,023186,国联安红利慧选混合发起式A,-0.009131237239628165,ret_6m,low,8.9,young,1.0,2026-09-21
,124.0,026619,安信消费睿选股票发起A,-0.009468880936853274,ret_6m,low,7.3,young,1.0,2026-09-21
,125.0,025231,中信建投价值增长混合A,-0.010560007893831935,ret_6m,low,12.0,young,1.0,2026-09-21
,126.0,025721,中欧价值优选混合A,-0.011555865529901621,ret_6m,low,7.9,young,1.0,2026-09-21
,127.0,025828,中欧多元平衡混合A,-0.013984233789508638,ret_6m,low,9.5,young,1.0,2026-09-21
,128.0,025445,万家周期视野股票发起式A,-0.015138419346121923,ret_6m,low,12.1,short,1.0,2026-09-21
,129.0,025011,财通华裕量化选股股票A,-0.015169362401417197,ret_6m,low,11.7,young,1.0,2026-09-21
,130.0,026562,国泰海通制造升级睿选混合发起A,-0.015691133104329902,ret_6m,low,8.0,young,1.0,2026-09-21
,131.0,025449,万家数字经济股票发起式A,-0.016238976154354434,ret_6m,low,12.1,short,1.0,2026-09-21
,132.0,026072,广发研究智选混合A,-0.01741477996867713,ret_6m,low,8.0,young,1.0,2026-09-21
,133.0,025404,苏新睿见量化选股股票A,-0.021758147786474447,ret_6m,low,10.5,young,1.0,2026-09-21
,134.0,025358,鑫元锦鑫回报混合A,-0.022081582661889976,ret_6m,low,11.8,young,1.0,2026-09-21
,135.0,024729,兴业先进制造混合发起式A,-0.024779925494737065,ret_6m,low,13.8,short,1.0,2026-09-21
,136.0,026187,中邮周期精选混合发起式A,-0.02621703503692474,ret_6m,low,8.8,young,1.0,2026-09-21
,137.0,025788,广发质量优选股票A,-0.02641804340509013,ret_6m,low,8.9,young,1.0,2026-09-21
,138.0,024385,国金红利量化选股混合A,-0.026447009429438784,ret_6m,low,12.8,short,1.0,2026-09-21
,139.0,024964,南方多元价值一年持有混合A,-0.026518941197456347,ret_6m,low,10.5,young,1.0,2026-09-21
,140.0,025666,银华鑫禾混合A,-0.027405421833005872,ret_6m,low,10.1,young,1.0,2026-09-21
,141.0,025355,东海启恒混合发起式A,-0.027779743227805964,ret_6m,low,12.0,young,1.0,2026-09-21
,142.0,025073,南方瑞景混合A,-0.030303318732213813,ret_6m,low,12.2,short,1.0,2026-09-21
,143.0,026257,平安新锐量化选股混合发起式A,-0.030876188619705536,ret_6m,low,7.3,young,1.0,2026-09-21
,144.0,025222,创金合信弘科混合发起A,-0.033347512040626026,ret_6m,low,9.6,young,1.0,2026-09-21
,145.0,024421,华夏信选混合A,-0.037271858626237386,ret_6m,low,12.3,short,1.0,2026-09-21
,146.0,022673,平安产业竞争力混合A,-0.03755655285458448,ret_6m,low,8.9,young,1.0,2026-09-21
,147.0,026600,明亚远臻智选混合A,-0.03903861380722429,ret_6m,low,8.2,young,1.0,2026-09-21
,148.0,026617,万家致远动力混合发起式A,-0.040301244675354675,ret_6m,low,7.8,young,1.0,2026-09-21
,149.0,024261,中邮先进制造混合发起式A,-0.040450305154712485,ret_6m,low,13.8,short,1.0,2026-09-21
,150.0,025326,银华嘉瑞平衡混合发起式A,-0.04132467395731476,ret_6m,low,10.8,young,1.0,2026-09-21
,151.0,024398,浦银港股通央企红利混合A,-0.04822152620064024,ret_6m,low,13.7,short,1.0,2026-09-21
,152.0,025408,兴华景明混合A,-0.04896324583667111,ret_6m,low,12.0,young,1.0,2026-09-21
,153.0,025527,中金优势领航一年持有混合A,-0.04992176221139999,ret_6m,low,12.0,young,1.0,2026-09-21
,154.0,026078,中航卓越领航混合发起A,-0.05156944291957599,ret_6m,low,9.6,young,1.0,2026-09-21
,155.0,024836,中欧港股通科技混合发起A,-0.05444453304720942,ret_6m,low,12.2,short,1.0,2026-09-21
,156.0,025750,兴证资管金麒麟均衡优选混合D,-0.05454553573652632,ret_6m,low,11.0,young,1.0,2026-09-21
,157.0,026081,财通资管优质研选混合发起式A,-0.056597164412823586,ret_6m,low,8.9,young,1.0,2026-09-21
,158.0,021194,格林科技成长混合A,-0.05721070323249322,ret_6m,low,12.2,short,1.0,2026-09-21
,159.0,026680,永赢产业机遇智选混合发起A,-0.058839613576114225,ret_6m,low,7.8,young,1.0,2026-09-21
,160.0,025848,西部利得红利鑫选混合发起A,-0.0591946058791587,ret_6m,low,7.8,young,1.0,2026-09-21
,161.0,025753,招商均衡配置混合C,-0.06039015324386243,ret_6m,low,8.9,young,1.0,2026-09-21
,162.0,026076,恒生前海港股通科技成长混合A,-0.061536564411169725,ret_6m,low,7.8,young,1.0,2026-09-21
,163.0,025392,建信红利严选混合发起A,-0.06480926328128189,ret_6m,low,9.8,young,1.0,2026-09-21
,164.0,025299,交银港股通优质精选混合C,-0.06923890722063819,ret_6m,low,11.9,young,1.0,2026-09-21
,165.0,025792,东方阿尔法科技甄选混合发起A,-0.06964977923752314,ret_6m,low,10.7,young,1.0,2026-09-21
,166.0,025568,光大阳光稳健增长混合A,-0.07072343148668436,ret_6m,low,9.8,young,1.0,2026-09-21
,167.0,025573,光大阳光混合A,-0.0755692818441589,ret_6m,low,9.8,young,1.0,2026-09-21
,168.0,026327,广发乾元价值增长混合A,-0.07898962622935157,ret_6m,low,8.9,young,1.0,2026-09-21
,169.0,023834,广发资源智选股票发起式A,-0.07920593811510246,ret_6m,low,13.0,short,1.0,2026-09-21
,170.0,026837,财通资管周期研选混合发起式A,-0.07990915706110224,ret_6m,low,6.8,young,1.0,2026-09-21
,171.0,012360,汇丰晋信港股通核心资产股票发起式A,-0.08118929565509869,ret_6m,low,13.3,short,1.0,2026-09-21
,172.0,026323,广发消费智选混合A,-0.08412014082550356,ret_6m,low,8.9,young,1.0,2026-09-21
,173.0,025674,鑫元港股通领航混合A,-0.08884386526560573,ret_6m,low,9.6,young,1.0,2026-09-21
,174.0,025777,东方阿尔法瑞享混合发起A,-0.09140957372741643,ret_6m,low,11.0,young,1.0,2026-09-21
,175.0,025933,中欧价值裕享混合A,-0.09199685106415745,ret_6m,low,10.0,young,1.0,2026-09-21
,176.0,025255,鹏扬港股通精选混合A,-0.0950671956747321,ret_6m,low,9.2,young,1.0,2026-09-21
,177.0,026070,安信港股通臻选混合发起A,-0.0980116031554169,ret_6m,low,8.7,young,1.0,2026-09-21
,178.0,024672,永赢价值回报混合A,-0.10079240681550394,ret_6m,low,10.5,young,1.0,2026-09-21
,179.0,025202,中欧港股通大盘精选混合发起A,-0.10602502880247722,ret_6m,low,8.2,young,1.0,2026-09-21
,180.0,025060,国泰优质核心混合A,-0.10740254780625569,ret_6m,low,12.6,short,1.0,2026-09-21
,181.0,025794,中欧新能源主题混合发起A,-0.1079282639363156,ret_6m,low,10.1,young,1.0,2026-09-21
,182.0,026686,兴华景睿混合发起A,-0.11480489012964301,ret_6m,low,7.3,young,1.0,2026-09-21
,183.0,026253,国泰产业升级混合发起A,-0.1208641385030097,ret_6m,low,8.9,young,0.9921,2026-09-21
,184.0,025287,恒生前海匠心精选混合A,-0.12307939154084957,ret_6m,low,12.3,short,1.0,2026-09-21
,185.0,024330,华夏资源精选混合发起式A,-0.12807391530864887,ret_6m,low,10.7,young,1.0,2026-09-21
,186.0,024374,招商消费悦享混合发起式C,-0.12876865697575124,ret_6m,low,11.7,young,1.0,2026-09-21
,187.0,025854,中信保诚消费机遇混合A,-0.12989491862573854,ret_6m,low,10.6,young,1.0,2026-09-21
,188.0,025390,平安港股通成长精选混合A,-0.13144251078548497,ret_6m,low,10.1,young,1.0,2026-09-21
,189.0,026271,上银消费机遇混合发起式A,-0.13290977892577727,ret_6m,low,8.7,young,1.0,2026-09-21
,190.0,023839,银华甄选价值回报混合A,-0.13567656468353984,ret_6m,low,12.1,short,1.0,2026-09-21
,191.0,025439,永赢启航慧选混合A,-0.1371150291630543,ret_6m,low,9.2,young,1.0,2026-09-21
,192.0,025319,金元顺安乾丰稳健混合A,-0.1390451594683837,ret_6m,low,10.1,young,1.0,2026-09-21
,193.0,025870,圆信永丰沪港深消费精选混合发起A,-0.1403520914439369,ret_6m,low,9.6,young,1.0,2026-09-21
,194.0,026332,广发盛世精选混合A,-0.14879228300602143,ret_6m,low,8.8,young,1.0,2026-09-21
,195.0,025694,中银港股通消费精选混合发起A,-0.15255408247404456,ret_6m,low,9.9,young,1.0,2026-09-21
,196.0,025646,平安高端装备混合发起式A,-0.16080814959063927,ret_6m,low,10.7,young,1.0,2026-09-21
,197.0,026662,建信资源严选股票发起A,-0.16482635756522224,ret_6m,low,7.3,young,1.0,2026-09-21
,198.0,025838,中海港股通睿选混合A,-0.16526803695731795,ret_6m,low,9.8,young,1.0,2026-09-21
,199.0,026524,泰信消费精选混合发起式A,-0.17109454575877536,ret_6m,low,7.5,young,1.0,2026-09-21
,200.0,025923,平安新能源精选混合发起式A,-0.1742396274175222,ret_6m,low,10.3,young,1.0,2026-09-21
,201.0,026560,国泰海通低碳经济睿选混合发起A,-0.1769130081135215,ret_6m,low,8.0,young,1.0,2026-09-21
,202.0,025459,湘财科技智选混合A,-0.18052149143475182,ret_6m,low,11.9,young,1.0,2026-09-21
,203.0,025940,浦银港股通消费混合A,-0.18840771251326593,ret_6m,low,9.9,young,1.0,2026-09-21
,204.0,025650,平安资源精选混合发起式A,-0.19780235160421156,ret_6m,low,11.3,young,1.0,2026-09-21
,205.0,026384,中航甄选领航混合发起A,-0.2007129454085359,ret_6m,low,7.5,young,1.0,2026-09-21
,206.0,026167,国泰港股通精选混合发起A,-0.20948096968087715,ret_6m,low,8.9,young,1.0,2026-09-21
,207.0,026638,新华医疗创新混合发起A,-0.22031667742153238,ret_6m,low,8.0,young,1.0,2026-09-21
,208.0,026003,鹏安核心优选混合发起式A,-0.23594125143785927,ret_6m,low,9.1,young,1.0,2026-09-21
,209.0,024790,鑫元产业机遇混合A,-0.23727660330921863,ret_6m,low,12.0,young,1.0,2026-09-21
,210.0,026516,上银科技先锋股票发起式A,-0.24005354031681547,ret_6m,low,8.0,young,1.0,2026-09-21
,211.0,025839,恒生前海成长领航混合A,-0.24213153371849327,ret_6m,low,9.8,young,1.0,2026-09-21
,212.0,024319,永赢新兴产业智选混合发起A,-0.24475640419804168,ret_6m,low,12.3,short,1.0,2026-09-21
,213.0,024826,东兴低碳经济混合发起A,-0.27339286046152533,ret_6m,low,8.7,young,1.0,2026-09-21
,214.0,024271,恒生前海瑞丰混合A,-0.31806697350882884,ret_6m,low,12.4,short,1.0,2026-09-21
,215.0,025340,鹏华制造升级混合A,-0.34516971150551445,ret_6m,low,11.2,young,1.0,2026-09-21
,216.0,026068,新华低碳经济混合发起A,-0.4062703916495083,ret_6m,low,8.9,young,1.0,2026-09-21
1.0,,002910,易方达供给改革混合,1.882216432805936,ret_12m,main,115.8,full,1.0,2026-09-21
2.0,,021179,易方达产业机遇混合A,1.770560026276732,ret_12m,main,24.8,short,1.0,2026-09-21
3.0,,005844,东方人工智能主题混合A,1.7585482906199839,ret_12m,main,99.5,full,1.0,2026-09-21
4.0,,013840,银华集成电路混合A,1.7460103099213904,ret_12m,main,57.4,full,1.0,2026-09-21
5.0,,004320,前海开源沪港深乐享生活,1.7432596134544802,ret_12m,main,112.3,full,1.0,2026-09-21
6.0,,005119,银华智荟内在价值灵活配置混合发起A,1.5269703989545027,ret_12m,main,107.8,full,1.0,2026-09-21
7.0,,481015,工银主题策略混合A,1.5243266302515766,ret_12m,main,178.9,full,1.0,2026-09-21
8.0,,005825,申万菱信智能驱动股票A,1.5059587396716094,ret_12m,main,99.3,full,1.0,2026-09-21
9.0,,011369,华商均衡成长混合A,1.4824627976449647,ret_12m,main,65.4,full,1.0,2026-09-21
10.0,,007490,南方信息创新混合A,1.4773260654335099,ret_12m,main,87.1,full,1.0,2026-09-21
11.0,,001198,东方惠新灵活配置混合A,1.4535509809072558,ret_12m,main,137.0,full,1.0,2026-09-21
12.0,,001411,诺安创新驱动混合A,1.4344675672048037,ret_12m,main,135.1,full,1.0,2026-09-21
13.0,,018358,华富数字经济混合A,1.4277103427009972,ret_12m,main,39.1,full,1.0,2026-09-21
14.0,,001480,财通成长优选混合A,1.4252853907916871,ret_12m,main,134.8,full,1.0,2026-09-21
15.0,,162214,宏利领先中小盘混合,1.4031743928643596,ret_12m,main,187.8,full,1.0,2026-09-21
16.0,,006502,财通集成电路产业股票A,1.3715166469442979,ret_12m,main,93.7,full,1.0,2026-09-21
17.0,,014736,创金合信专精特新股票发起A,1.352502333172191,ret_12m,main,55.8,full,1.0,2026-09-21
18.0,,110005,易方达积极成长混合,1.3369337068273435,ret_12m,main,264.4,full,1.0,2026-09-21
19.0,,720001,财通价值动量混合A,1.2995544153875729,ret_12m,main,177.7,full,1.0,2026-09-21
20.0,,002289,华商改革创新股票A,1.2644254328000843,ret_12m,main,102.7,full,1.0,2026-09-21
21.0,,013107,华夏先进制造龙头混合A,1.237258781919766,ret_12m,main,58.2,full,1.0,2026-09-21
22.0,,001184,易方达新常态混合A,1.2200993152098483,ret_12m,main,136.7,full,1.0,2026-09-21
23.0,,005628,汇安趋势动力股票A,1.2186700807457638,ret_12m,main,100.9,full,1.0,2026-09-21
24.0,,021626,华富半导体产业混合发起式A,1.2117922751547758,ret_12m,main,21.9,short,1.0,2026-09-21
25.0,,630001,华商领先企业混合,1.2068531672702179,ret_12m,main,232.2,full,1.0,2026-09-21
26.0,,001170,宏利复兴混合A,1.1932364107931521,ret_12m,main,137.0,full,1.0,2026-09-21
27.0,,016500,华夏半导体龙头混合发起A,1.1827147651041483,ret_12m,main,48.1,full,1.0,2026-09-21
28.0,,020469,长城半导体混合发起式A,1.181490411865811,ret_12m,main,30.8,short,1.0,2026-09-21
29.0,,002125,广发新兴成长混合A,1.1647231589791343,ret_12m,main,108.2,full,1.0,2026-09-21
30.0,,011891,易方达先锋成长混合A,1.1594890496257797,ret_12m,main,59.9,full,1.0,2026-09-21
31.0,,001437,易方达瑞享混合I,1.1563394279894395,ret_12m,main,134.9,full,1.0,2026-09-21
32.0,,005903,宏利绩优混合A,1.1319307512368222,ret_12m,main,99.3,full,1.0,2026-09-21
33.0,,001723,华商新动力混合A,1.1295605469791843,ret_12m,main,132.1,full,1.0,2026-09-21
34.0,,008528,华泰柏瑞质量成长A,1.1285147544692529,ret_12m,main,78.1,full,1.0,2026-09-21
35.0,,001741,广发百发大数据精选混合A,1.1272981761130105,ret_12m,main,132.2,full,1.0,2026-09-21
36.0,,010115,易方达远见成长混合A,1.1255890191853166,ret_12m,main,66.6,full,1.0,2026-09-21
37.0,,018776,金信精选成长混合A,1.1101402046357105,ret_12m,main,36.2,full,1.0,2026-09-21
38.0,,010335,华宝竞争优势混合A,1.107315138485398,ret_12m,main,69.4,full,1.0,2026-09-21
39.0,,519773,交银数据产业灵活配置混合A,1.1055000019153218,ret_12m,main,121.2,full,1.0,2026-09-21
40.0,,162201,宏利成长混合,1.1020669765810238,ret_12m,main,280.9,full,1.0,2026-09-21
41.0,,019829,华夏数字产业混合A,1.099772659891511,ret_12m,main,29.9,short,1.0,2026-09-21
42.0,,005819,国泰优势行业混合A,1.0957246737315143,ret_12m,main,100.2,full,1.0,2026-09-21
43.0,,007872,金信稳健策略混合A,1.0925544479583569,ret_12m,main,81.3,full,1.0,2026-09-21
44.0,,010415,华泰柏瑞质量精选混合A,1.0840482790621473,ret_12m,main,65.7,full,1.0,2026-09-21
45.0,,540010,汇丰晋信科技先锋股票,1.0831347160463567,ret_12m,main,181.8,full,1.0,2026-09-21
46.0,,000742,国泰新经济灵活配置混合A,1.0781050126806084,ret_12m,main,144.2,full,1.0,2026-09-21
47.0,,011488,申万菱信乐享混合A,1.0779981700955377,ret_12m,main,65.9,full,1.0,2026-09-21
48.0,,519770,交银优择回报灵活配置混合A,1.0605857409636843,ret_12m,main,125.0,full,1.0,2026-09-21
49.0,,007639,汇添富竞争优势灵活配置混合,1.0540427323100436,ret_12m,main,84.6,full,1.0,2026-09-21
50.0,,010912,国泰成长价值混合A,1.0519083452179285,ret_12m,main,66.0,full,1.0,2026-09-21
51.0,,008734,交银科锐科技创新混合A,1.0515582368650827,ret_12m,main,80.0,full,1.0,2026-09-21
52.0,,001753,红土创新新兴产业混合A,1.0511294665401119,ret_12m,main,131.9,full,1.0,2026-09-21
53.0,,310358,申万菱信新经济混合A,1.050592378460407,ret_12m,main,237.5,full,1.0,2026-09-21
54.0,,009707,工银新兴制造混合A,1.0502908189189277,ret_12m,main,73.0,full,1.0,2026-09-21
55.0,,006976,鹏华核心优势混合A,1.0480569032394214,ret_12m,main,89.6,full,1.0,2026-09-21
56.0,,002692,富国创新科技混合A,1.0421642029088485,ret_12m,main,123.2,full,1.0,2026-09-21
57.0,,016370,信澳业绩驱动混合A,1.0356075869458263,ret_12m,main,48.9,full,1.0,2026-09-21
58.0,,002256,金信行业优选混合发起式A,1.0299446448092535,ret_12m,main,125.7,full,1.0,2026-09-21
59.0,,501026,财通多策略福享混合(LOF)A,1.0295445246326609,ret_12m,main,120.1,full,1.0,2026-09-21
60.0,,001060,前海开源高端装备制造混合A,1.018844816933711,ret_12m,main,137.9,full,1.0,2026-09-21
61.0,,021937,华安半导体产业股票发起式A,1.0122793005734412,ret_12m,main,18.4,short,1.0,2026-09-21
62.0,,460007,华泰柏瑞行业领先混合,1.0104750258649093,ret_12m,main,205.6,full,1.0,2026-09-21
63.0,,010389,易方达科益混合A,1.0104618993316965,ret_12m,main,70.6,full,1.0,2026-09-21
64.0,,006265,红土创新新科技股票A,1.0096189539304348,ret_12m,main,96.2,full,1.0,2026-09-21
65.0,,024592,圆信永丰科技驱动混合发起A,1.0089989659933236,ret_12m,main,14.6,short,1.0,2026-09-21
66.0,,001715,工银新焦点混合A,1.005198531612863,ret_12m,main,119.4,full,1.0,2026-09-21
67.0,,011377,创金合信积极成长股票A,1.0048455838058992,ret_12m,main,67.4,full,1.0,2026-09-21
68.0,,013296,民生加银聚优精选混合A,0.9972039221040445,ret_12m,main,59.2,full,1.0,2026-09-21
69.0,,008555,华商龙头优势混合,0.9942080148180175,ret_12m,main,76.0,full,1.0,2026-09-21
70.0,,023313,国泰聚鑫量化选股混合发起A,0.9935444303323426,ret_12m,main,12.6,short,0.9921,2026-09-21
71.0,,000390,华商优势行业混合A,0.9885973113206052,ret_12m,main,153.3,full,1.0,2026-09-21
72.0,,180031,银华中小盘混合A,0.9848111112247744,ret_12m,main,171.0,full,1.0,2026-09-21
73.0,,013721,信澳景气优选混合A,0.9822089791575426,ret_12m,main,57.0,full,1.0,2026-09-21
74.0,,016873,广发远见智选混合A,0.9798579158895355,ret_12m,main,46.0,full,1.0,2026-09-21
75.0,,016372,信澳匠心严选一年持有混合A,0.9770967494286535,ret_12m,main,48.5,full,1.0,2026-09-21
76.0,,001105,信澳转型创新股票A,0.9770145610119916,ret_12m,main,137.2,full,1.0,2026-09-21
77.0,,018815,方正富邦核心优势混合A,0.975384127301782,ret_12m,main,32.2,short,1.0,2026-09-21
78.0,,000017,财通可持续混合A,0.9667042718235639,ret_12m,main,161.8,full,1.0,2026-09-21
79.0,,007349,华夏科技创新混合A,0.9652615533660744,ret_12m,main,88.5,full,1.0,2026-09-21
80.0,,018287,信澳优势产业混合A,0.9625037811260588,ret_12m,main,39.8,full,1.0,2026-09-21
81.0,,009085,银华丰享一年持有期混合,0.962051188221204,ret_12m,main,76.7,full,1.0,2026-09-21
82.0,,200012,长城中小盘成长混合A,0.9542643243906277,ret_12m,main,187.8,full,1.0,2026-09-21
83.0,,002376,国寿安保核心产业混合,0.9526074369438504,ret_12m,main,127.6,full,1.0,2026-09-21
84.0,,010391,易方达战略新兴产业股票A,0.9492180982637792,ret_12m,main,68.2,full,1.0,2026-09-21
85.0,,009855,中加新兴成长混合A,0.9466653660043212,ret_12m,main,72.1,full,1.0,2026-09-21
86.0,,003659,山证资管策略精选混合A,0.9271404122042044,ret_12m,main,116.7,full,1.0,2026-09-21
87.0,,024423,东方阿尔法科技优选混合发起A,0.9235711124183978,ret_12m,main,15.5,short,1.0,2026-09-21
88.0,,021593,上银数字经济混合发起式A,0.9221521034078621,ret_12m,main,25.5,short,1.0,2026-09-21
89.0,,021792,华泰保兴产业升级混合发起A,0.9210606033214741,ret_12m,main,23.9,short,1.0,2026-09-21
90.0,,519158,新华趋势领航混合,0.9184992947879704,ret_12m,main,156.3,full,1.0,2026-09-21
91.0,,005875,易方达中盘成长混合,0.9166638574106782,ret_12m,main,98.6,full,1.0,2026-09-21
92.0,,009993,嘉实前沿创新混合,0.9135882700100049,ret_12m,main,72.2,full,1.0,2026-09-21
93.0,,013383,恒生前海高端制造混合A,0.9111642991859881,ret_12m,main,50.8,full,1.0,2026-09-21
94.0,,001877,宝盈国家安全沪港深股票A,0.9107437925681803,ret_12m,main,128.0,full,1.0,2026-09-21
95.0,,006081,海富通电子传媒股票A,0.9087095505373886,ret_12m,main,92.8,full,1.0,2026-09-21
96.0,,501201,红土创新科技创新股票(LOF)A,0.906088587417978,ret_12m,main,74.0,full,1.0,2026-09-21
97.0,,013389,华夏成长先锋一年持有混合A,0.905418340192184,ret_12m,main,58.2,full,1.0,2026-09-21
98.0,,010622,恒越成长精选混合A,0.9034109140609268,ret_12m,main,67.4,full,1.0,2026-09-21
99.0,,020775,国寿安保产业升级股票发起式A,0.8996086687237184,ret_12m,main,29.1,short,1.0,2026-09-21
100.0,,012696,同泰数字经济股票A,0.8992615336536007,ret_12m,main,61.9,full,1.0,2026-09-21
101.0,,017102,大摩数字经济混合A,0.8967676511141995,ret_12m,main,42.7,full,1.0,2026-09-21
102.0,,012456,鹏扬数字经济先锋混合A,0.8944032438132652,ret_12m,main,60.5,full,1.0,2026-09-21
103.0,,017744,嘉实绿色主题股票发起式A,0.8865718644838323,ret_12m,main,43.1,full,1.0,2026-09-21
104.0,,519087,新华优选分红混合A,0.884648878895226,ret_12m,main,252.2,full,1.0,2026-09-21
105.0,,001040,新华策略精选股票A,0.8837701286003183,ret_12m,main,137.7,full,1.0,2026-09-21
106.0,,160220,国泰民益混合(LOF)A,0.8823357861639343,ret_12m,main,152.7,full,1.0,2026-09-21
107.0,,168401,红土精选混合(LOF)A,0.8807675105698838,ret_12m,main,116.7,full,1.0,2026-09-21
108.0,,010363,信澳匠心臻选两年持有期混合,0.8699849407956621,ret_12m,main,70.7,full,1.0,2026-09-21
109.0,,001759,嘉实成长增强混合,0.8666994859300334,ret_12m,main,118.3,full,1.0,2026-09-21
110.0,,161606,融通行业景气混合A,0.8666697820522582,ret_12m,main,268.7,full,1.0,2026-09-21
111.0,,011599,国联安匠心科技1个月滚动持有混合,0.8602693208502534,ret_12m,main,64.1,full,1.0,2026-09-21
112.0,,014299,宏利先进制造股票A,0.8569201306531904,ret_12m,main,56.2,full,1.0,2026-09-21
113.0,,007343,嘉实科技创新混合,0.8551996858169906,ret_12m,main,88.5,full,1.0,2026-09-21
114.0,,202027,南方高端装备混合A,0.8502583634055012,ret_12m,main,167.9,full,1.0,2026-09-21
115.0,,001154,华银平安中国主题灵活配置,0.8493462346688236,ret_12m,main,136.6,full,1.0,2026-09-21
116.0,,530019,建信社会责任混合A,0.8489327900769019,ret_12m,main,169.2,full,1.0,2026-09-21
117.0,,020553,南方半导体产业股票发起A,0.8462094276806211,ret_12m,main,28.7,short,1.0,2026-09-21
118.0,,001613,长城久祥混合A,0.8423618539453723,ret_12m,main,130.4,full,1.0,2026-09-21
119.0,,007305,国联安新科技混合A,0.8412307090402089,ret_12m,main,83.8,full,1.0,2026-09-21
120.0,,016305,农银专精特新混合A,0.8404209795952002,ret_12m,main,47.7,full,1.0,2026-09-21
121.0,,013556,信澳汇智优选一年持有期混合A,0.8397993136198612,ret_12m,main,46.0,full,1.0,2026-09-21
122.0,,257070,国联安优选行业混合A,0.8397380965762267,ret_12m,main,184.0,full,1.0,2026-09-21
123.0,,000411,景顺长城优质成长股票A,0.83924259624589,ret_12m,main,152.6,full,1.0,2026-09-21
124.0,,001144,大成互联网思维混合A,0.8387794243209077,ret_12m,main,137.0,full,1.0,2026-09-21
125.0,,014319,德邦半导体产业混合发起式A,0.83858381143301,ret_12m,main,56.8,full,1.0,2026-09-21
126.0,,001808,银华互联网主题灵活配置混合A,0.8361894194329269,ret_12m,main,130.1,full,1.0,2026-09-21
127.0,,007685,华商电子行业量化股票发起式A,0.8331035593554694,ret_12m,main,84.1,full,1.0,2026-09-21
128.0,,011899,长安鑫瑞科技6个月定开混合A,0.832395466565369,ret_12m,main,63.6,full,1.0,2026-09-21
129.0,,020018,国泰金鹿混合,0.832024098724818,ret_12m,main,219.3,full,1.0,2026-09-21
130.0,,006025,诺安优化配置混合A,0.8301560247980746,ret_12m,main,96.0,full,1.0,2026-09-21
131.0,,008185,诺安研究优选混合A,0.8260295155697246,ret_12m,main,76.4,full,1.0,2026-09-21
132.0,,519935,长信创新驱动股票A,0.825082258567815,ret_12m,main,119.7,full,1.0,2026-09-21
133.0,,481010,工银中小盘混合,0.8225704684260389,ret_12m,main,199.3,full,1.0,2026-09-21
134.0,,011111,华泰柏瑞行业严选混合A,0.8218106046336189,ret_12m,main,63.2,full,1.0,2026-09-21
135.0,,005550,汇安成长优选混合A,0.8176981569876951,ret_12m,main,103.2,full,1.0,2026-09-21
136.0,,015967,永赢半导体产业智选混合发起A,0.81637468175054,ret_12m,main,48.0,full,1.0,2026-09-21
137.0,,002272,新华科技创新主题灵活配置混合A,0.8151766451406126,ret_12m,main,126.0,full,1.0,2026-09-21
138.0,,000697,汇添富移动互联股票A,0.814842480424826,ret_12m,main,144.9,full,1.0,2026-09-21
139.0,,001856,易方达环保主题混合A,0.8128279446882765,ret_12m,main,111.6,full,1.0,2026-09-21
140.0,,008382,融通产业趋势股票A,0.8124888585467469,ret_12m,main,76.4,full,1.0,2026-09-21
141.0,,168002,国寿安保策略精选混合A,0.8123912088123986,ret_12m,main,107.8,full,1.0,2026-09-21
142.0,,001076,易方达改革红利混合,0.8116673686408153,ret_12m,main,137.0,full,1.0,2026-09-21
143.0,,013250,红土创新智能制造混合型发起式A,0.8114941548475612,ret_12m,main,60.4,full,1.0,2026-09-21
144.0,,020821,大成领先动力混合A,0.809784328723002,ret_12m,main,24.8,short,1.0,2026-09-21
145.0,,001048,富国新兴产业股票A,0.809292394031438,ret_12m,main,138.3,full,1.0,2026-09-21
146.0,,017488,嘉实信息产业股票发起式A,0.8088759727423138,ret_12m,main,45.2,full,1.0,2026-09-21
147.0,,001404,招商移动互联网产业股票基金A,0.8082109901053163,ret_12m,main,135.1,full,1.0,2026-09-21
148.0,,022364,永赢科技智选混合发起A,0.8040498655457899,ret_12m,main,22.7,short,1.0,2026-09-21
149.0,,501079,大成科创主题混合(LOF)A,0.7992121200571765,ret_12m,main,86.1,full,1.0,2026-09-21
150.0,,020408,华商数字经济混合A,0.7988392206656203,ret_12m,main,26.9,short,1.0,2026-09-21
151.0,,009055,圆信永丰大湾区A,0.7944459239824222,ret_12m,main,76.3,full,1.0,2026-09-21
152.0,,160324,华夏磐晟混合(LOF),0.7935347403906661,ret_12m,main,111.7,full,1.0,2026-09-21
153.0,,519172,浦银睿智精选混合A,0.7911721749444574,ret_12m,main,127.6,full,1.0,2026-09-21
154.0,,001412,德邦鑫星价值灵活配置混合A,0.791029583890017,ret_12m,main,135.1,full,1.0,2026-09-21
155.0,,001416,嘉实事件驱动股票,0.7854217131001737,ret_12m,main,135.4,full,1.0,2026-09-21
156.0,,001036,嘉实企业变革股票,0.7828038110995477,ret_12m,main,139.3,full,1.0,2026-09-21
157.0,,008988,大成科技创新混合A,0.7806021903075604,ret_12m,main,76.7,full,1.0,2026-09-21
158.0,,003234,中信保诚至利混合A,0.7786429348739659,ret_12m,main,120.6,full,1.0,2026-09-21
159.0,,018000,鹏华芯片产业混合发起式A,0.7783003966865163,ret_12m,main,39.9,full,1.0,2026-09-21
160.0,,024433,嘉实成长共赢混合A,0.778119252642933,ret_12m,main,15.1,short,0.9763,2026-09-21
161.0,,009402,交银启明混合A,0.7770737445477565,ret_12m,main,75.8,full,1.0,2026-09-21
162.0,,006522,财通新兴蓝筹混合A,0.7767681682663905,ret_12m,main,90.7,full,1.0,2026-09-21
163.0,,019426,中银数字经济混合A,0.7761710991125688,ret_12m,main,28.9,short,1.0,2026-09-21
164.0,,001513,易方达信息产业混合A,0.7744618590593619,ret_12m,main,119.8,full,1.0,2026-09-21
165.0,,006887,诺德新生活混合A,0.7744067666481178,ret_12m,main,89.8,full,1.0,2026-09-21
166.0,,002772,光大产业新动力混合A,0.7743095083151839,ret_12m,main,120.2,full,1.0,2026-09-21
167.0,,013369,汇添富自主核心科技一年持有混合A,0.7735863439715531,ret_12m,main,55.0,full,1.0,2026-09-21
168.0,,017723,银华心质混合A,0.7731094453528391,ret_12m,main,41.8,full,1.0,2026-09-21
169.0,,005090,嘉合睿金混合发起式A,0.7724603371420309,ret_12m,main,102.0,full,1.0,2026-09-21
170.0,,000805,中银新经济灵活配置混合A,0.7715885159926343,ret_12m,main,143.7,full,1.0,2026-09-21
171.0,,020661,中加科技创新混合发起式A,0.770458779189511,ret_12m,main,30.3,short,1.0,2026-09-21
172.0,,001956,国联安科技动力股票A,0.770224729278064,ret_12m,main,127.8,full,1.0,2026-09-21
173.0,,009062,财通智慧成长混合A,0.7691691399355434,ret_12m,main,77.6,full,1.0,2026-09-21
174.0,,017746,建信电子行业股票A,0.769001541285276,ret_12m,main,41.4,full,1.0,2026-09-21
175.0,,013238,财通均衡优选一年持有混合A,0.7652578589258738,ret_12m,main,57.9,full,1.0,2026-09-21
176.0,,020722,国寿安保数字经济股票发起式A,0.7631783212764744,ret_12m,main,30.3,short,1.0,2026-09-21
177.0,,673141,西部利得景程混合A,0.7622281505285899,ret_12m,main,99.1,full,1.0,2026-09-21
178.0,,020476,泰康半导体量化选股股票发起式A,0.7570260881154174,ret_12m,main,28.5,short,1.0,2026-09-21
179.0,,570008,诺德周期策略混合,0.7567085595417211,ret_12m,main,174.0,full,1.0,2026-09-21
180.0,,012301,易方达核心智造混合,0.7542797058994517,ret_12m,main,59.8,full,1.0,2026-09-21
181.0,,501200,民生加银科技创新混合(LOF),0.7527294279509213,ret_12m,main,76.2,full,1.0,2026-09-21
182.0,,016237,华夏数字经济龙头混合发起式A,0.7522867460431346,ret_12m,main,49.5,full,1.0,2026-09-21
183.0,,001470,融通通鑫灵活配置混合A,0.7494397944786277,ret_12m,main,135.2,full,1.0,2026-09-21
184.0,,016653,华泰柏瑞行业优选6个月持有期混合C,0.7486189983551994,ret_12m,main,46.1,full,1.0,2026-09-21
185.0,,009808,易方达创新成长混合,0.7453000931898013,ret_12m,main,73.9,full,1.0,2026-09-21
186.0,,001702,东方创新科技混合,0.7447936851442194,ret_12m,main,132.4,full,1.0,2026-09-21
187.0,,110015,易方达行业领先混合,0.7442135973313249,ret_12m,main,209.9,full,1.0,2026-09-21
188.0,,005777,广发科技动力股票,0.7434030597507275,ret_12m,main,99.7,full,1.0,2026-09-21
189.0,,010013,易方达信息行业精选股票A,0.7426242209269374,ret_12m,main,72.9,full,1.0,2026-09-21
190.0,,200015,长城优化升级混合A,0.7425214402264475,ret_12m,main,173.0,full,1.0,2026-09-21
191.0,,000939,中银研究精选灵活配置混合A,0.7423379982215068,ret_12m,main,140.9,full,1.0,2026-09-21
192.0,,001607,英大策略优选A,0.7415308899081379,ret_12m,main,129.6,full,1.0,2026-09-21
193.0,,001370,中银新趋势灵活配置混合A,0.7399810508461835,ret_12m,main,135.8,full,1.0,2026-09-21
194.0,,011186,信澳至诚精选混合A,0.7384407307830065,ret_12m,main,66.7,full,1.0,2026-09-21
195.0,,016623,银华卓信成长精选混合A,0.7370196592761762,ret_12m,main,46.6,full,1.0,2026-09-21
196.0,,740001,长安宏观策略混合A,0.7351746084189212,ret_12m,main,174.4,full,1.0,2026-09-21
197.0,,019226,方正富邦金立方一年持有期混合A,0.7343757381436957,ret_12m,main,36.6,full,1.0,2026-09-21
198.0,,018244,嘉实产业精选混合A,0.734087129122658,ret_12m,main,25.7,short,1.0,2026-09-21
199.0,,008602,方正富邦新兴成长混合A,0.7327232520387545,ret_12m,main,72.8,full,1.0,2026-09-21
200.0,,002861,工银智能制造股票A,0.7326924516260722,ret_12m,main,111.0,full,1.0,2026-09-21
201.0,,519644,银河智联混合A,0.7320114147545409,ret_12m,main,129.1,full,1.0,2026-09-21
202.0,,013469,泰信低碳经济混合发起式A,0.730789312431241,ret_12m,main,58.6,full,1.0,2026-09-21
203.0,,024052,工银科技先锋混合发起式A,0.7262940023026727,ret_12m,main,14.2,short,1.0,2026-09-21
204.0,,001396,建信互联网+产业升级股票,0.7261539267906252,ret_12m,main,135.0,full,1.0,2026-09-21
205.0,,016772,诺德兴新趋势混合A,0.7256948195649771,ret_12m,main,45.0,full,1.0,2026-09-21
206.0,,003857,前海开源周期优选混合A,0.7245801258995828,ret_12m,main,115.8,full,1.0,2026-09-21
207.0,,040025,华安科技动力混合A,0.7235184187807557,ret_12m,main,177.1,full,1.0,2026-09-21
208.0,,011817,银华阿尔法混合,0.7203848500874861,ret_12m,main,63.6,full,1.0,2026-09-21
209.0,,016165,汇添富优势企业精选混合A,0.7180014029049797,ret_12m,main,47.2,full,1.0,2026-09-21
210.0,,019765,国寿安保优选国企股票发起式A,0.7145218014347421,ret_12m,main,34.9,short,1.0,2026-09-21
211.0,,021382,博时科技驱动混合A,0.7115317763076019,ret_12m,main,27.3,short,1.0,2026-09-21
212.0,,002244,景顺长城低碳科技主题混合,0.7092316964685645,ret_12m,main,126.4,full,1.0,2026-09-21
213.0,,010237,安信创新先锋混合发起A,0.709214824154168,ret_12m,main,70.7,full,1.0,2026-09-21
214.0,,000688,景顺长城研究精选股票A,0.7084114739371004,ret_12m,main,145.3,full,1.0,2026-09-21
215.0,,000166,中海信息产业混合A,0.7075167411936576,ret_12m,main,157.7,full,1.0,2026-09-21
216.0,,011399,汇添富数字未来混合A,0.7066441353867647,ret_12m,main,66.9,full,1.0,2026-09-21
217.0,,001037,国投瑞银锐意改革混合A,0.7055899572629445,ret_12m,main,137.7,full,1.0,2026-09-21
218.0,,001227,中邮信息产业灵活配置混合A,0.7042853832248948,ret_12m,main,136.3,full,1.0,2026-09-21
219.0,,018325,国泰海通创新成长混合发起A,0.7040488519384811,ret_12m,main,40.2,full,1.0,2026-09-21
220.0,,006615,工银战略新兴产业混合A,0.7039288958225107,ret_12m,main,88.9,full,1.0,2026-09-21
221.0,,019759,中欧半导体产业股票发起A,0.703207561068151,ret_12m,main,34.0,short,1.0,2026-09-21
222.0,,000823,银华高端制造业混合A,0.7012020205075098,ret_12m,main,142.3,full,1.0,2026-09-21
223.0,,005328,前海开源价值策略股票,0.7005414644684742,ret_12m,main,105.0,full,1.0,2026-09-21
224.0,,003961,易方达瑞程灵活配置混合A,0.700298690133691,ret_12m,main,117.2,full,1.0,2026-09-21
225.0,,001194,景顺长城稳健回报混合A,0.6971844778623539,ret_12m,main,137.4,full,1.0,2026-09-21
226.0,,014611,富国核心科技12个月持有混合A,0.6970102250568615,ret_12m,main,55.8,full,1.0,2026-09-21
227.0,,110029,易方达科讯混合,0.6939389109298524,ret_12m,main,224.6,full,1.0,2026-09-21
228.0,,110002,易方达策略成长混合,0.6927749072895824,ret_12m,main,273.4,full,1.0,2026-09-21
229.0,,008983,财通科技创新混合A,0.6918236186465372,ret_12m,main,74.5,full,1.0,2026-09-21
230.0,,350007,天治趋势精选混合,0.6914764873770118,ret_12m,main,206.2,full,1.0,2026-09-21
231.0,,112002,易方达策略成长二号混合,0.6901270866530511,ret_12m,main,241.2,full,1.0,2026-09-21
232.0,,010135,宏利高研发6个月持有混合A,0.6900925425187432,ret_12m,main,71.9,full,1.0,2026-09-21
233.0,,010371,大成成长进取混合A,0.6900650793163334,ret_12m,main,69.7,full,1.0,2026-09-21
234.0,,040001,华安创新混合,0.69005367459148,ret_12m,main,300.0,full,1.0,2026-09-21
235.0,,009242,中加核心智造混合A,0.6891885549021584,ret_12m,main,74.0,full,1.0,2026-09-21
236.0,,001239,长盛国企改革混合,0.6887205193005828,ret_12m,main,135.6,full,1.0,2026-09-21
237.0,,011665,汇添富数字经济引领发展三年持有混合A,0.6872659897496078,ret_12m,main,62.1,full,1.0,2026-09-21
238.0,,006751,富国互联科技股票A,0.6861457847351746,ret_12m,main,89.9,full,1.0,2026-09-21
239.0,,010557,汇添富数字生活六个月持有混合,0.6857357196067604,ret_12m,main,70.1,full,1.0,2026-09-21
240.0,,013085,申万菱信乐同混合A,0.6856133265232354,ret_12m,main,60.5,full,1.0,2026-09-21
241.0,,001387,国联新经济混合A,0.6853984299244067,ret_12m,main,130.1,full,1.0,2026-09-21
242.0,,009994,嘉实创新先锋混合A,0.6827503863937541,ret_12m,main,71.0,full,1.0,2026-09-21
243.0,,010020,华夏线上经济主题精选混合,0.6823103408605526,ret_12m,main,72.8,full,1.0,2026-09-21
244.0,,959991,兴证资管金麒麟领先优势一年持有期混合A,0.681929360237141,ret_12m,main,76.3,full,1.0,2026-09-21
245.0,,011822,易方达产业升级混合A,0.6774887567467516,ret_12m,main,62.0,full,1.0,2026-09-21
246.0,,610006,信澳产业升级混合A,0.6751898948195749,ret_12m,main,183.3,full,1.0,2026-09-21
247.0,,008635,华安科技创新混合A,0.6749933907308321,ret_12m,main,78.5,full,1.0,2026-09-21
248.0,,012466,嘉实策略精选混合A,0.6747047396184807,ret_12m,main,58.6,full,1.0,2026-09-21
249.0,,005310,广发电子信息传媒股票A,0.6746368355632795,ret_12m,main,105.3,full,1.0,2026-09-21
250.0,,009049,易方达高端制造混合发起式A,0.6743177833072804,ret_12m,main,78.2,full,1.0,2026-09-21
251.0,,022995,中海科技创新混合A,0.6731213760964769,ret_12m,main,14.0,short,1.0,2026-09-21
252.0,,015229,华夏低碳经济一年持有混合A,0.6702886132385188,ret_12m,main,50.8,full,1.0,2026-09-21
253.0,,017987,易方达国企主题混合A,0.6645524146073936,ret_12m,main,40.6,full,1.0,2026-09-21
254.0,,011300,易方达智造优势混合A,0.664245685670084,ret_12m,main,67.8,full,1.0,2026-09-21
255.0,,021510,宏利半导体产业混合发起A,0.6639109506586851,ret_12m,main,26.0,short,1.0,2026-09-21
256.0,,022334,广发产业甄选混合A,0.662836485263425,ret_12m,main,20.1,short,1.0,2026-09-21
257.0,,004352,华银研究精选股票,0.6612474874930441,ret_12m,main,110.8,full,1.0,2026-09-21
258.0,,501015,财通多策略升级混合(LOF)A,0.6609030870803156,ret_12m,main,126.4,full,1.0,2026-09-21
259.0,,010418,财通景气行业混合A,0.6607857095386145,ret_12m,main,69.4,full,1.0,2026-09-21
260.0,,012545,富荣福银混合A,0.6589156767622404,ret_12m,main,63.1,full,1.0,2026-09-21
261.0,,018547,金鹰产业智选一年持有混合A,0.6573336276743487,ret_12m,main,37.2,full,1.0,2026-09-21
262.0,,003853,金鹰信息产业股票A,0.6546575190161921,ret_12m,main,114.4,full,1.0,2026-09-21
263.0,,006863,国联安智能制造混合A,0.6537826356872003,ret_12m,main,88.9,full,1.0,2026-09-21
264.0,,019119,财通资管产业优选混合发起式A,0.6528985498142885,ret_12m,main,33.3,short,1.0,2026-09-21
265.0,,018019,南方核心科技一年持有混合A,0.6517698826443492,ret_12m,main,38.4,full,1.0,2026-09-21
266.0,,002707,大摩科技领先混合A,0.651594247320638,ret_12m,main,105.3,full,1.0,2026-09-21
267.0,,014185,招商专精特新股票A,0.6512975412610926,ret_12m,main,57.5,full,1.0,2026-09-21
268.0,,014007,华安制造升级一年持有混合A,0.650171567508272,ret_12m,main,57.1,full,1.0,2026-09-21
269.0,,519698,交银先锋混合A,0.6501267103493931,ret_12m,main,209.4,full,1.0,2026-09-21
270.0,,580002,东吴双动力混合A,0.6486521196351851,ret_12m,main,237.2,full,1.0,2026-09-21
271.0,,014189,南方专精特新混合A,0.6482646499364997,ret_12m,main,56.5,full,1.0,2026-09-21
272.0,,000845,国投瑞银信息消费混合A,0.6480364476484817,ret_12m,main,141.6,full,1.0,2026-09-21
273.0,,001267,宏利蓝筹混合,0.6458496705656238,ret_12m,main,135.6,full,1.0,2026-09-21
274.0,,006533,易方达科融混合,0.6447827121225782,ret_12m,main,89.9,full,1.0,2026-09-21
275.0,,001475,易方达国防军工混合A,0.6439834372873063,ret_12m,main,135.1,full,1.0,2026-09-21
276.0,,004374,华泰保兴吉年丰混合发起A,0.6439584815467754,ret_12m,main,113.9,full,1.0,2026-09-21
277.0,,003586,先锋精一混合A,0.6418227696605354,ret_12m,main,118.1,full,1.0,2026-09-21
278.0,,013242,华银优势行业股票,0.6408003339602637,ret_12m,main,59.8,full,1.0,2026-09-21
279.0,,014191,广发先进制造股票发起式A,0.6375849962774323,ret_12m,main,54.7,full,1.0,2026-09-21
280.0,,008919,永赢科技驱动A,0.6365819656675591,ret_12m,main,79.1,full,1.0,2026-09-21
281.0,,010198,易方达竞争优势企业混合A,0.636515092790271,ret_12m,main,68.0,full,1.0,2026-09-21
282.0,,501082,博时科创主题灵活配置混合(LOF)A,0.632995629085727,ret_12m,main,86.8,full,1.0,2026-09-21
283.0,,050022,博时回报混合,0.632512682991381,ret_12m,main,178.4,full,1.0,2026-09-21
284.0,,005967,鹏华创新驱动混合A,0.6313419854569697,ret_12m,main,99.5,full,1.0,2026-09-21
285.0,,017828,富国时代精选混合A,0.6306785173132348,ret_12m,main,41.8,full,1.0,2026-09-21
286.0,,005851,财通新视野灵活配置混合A,0.6299015020754182,ret_12m,main,98.9,full,1.0,2026-09-21
287.0,,017602,华夏国企创新混合发起式A,0.627874859000247,ret_12m,main,29.6,short,1.0,2026-09-21
288.0,,000603,易方达创新驱动灵活配置混合,0.6278513817992726,ret_12m,main,139.2,full,1.0,2026-09-21
289.0,,001075,宝盈转型动力混合A,0.6233296132950761,ret_12m,main,136.8,full,1.0,2026-09-21
290.0,,014727,易方达成长动力混合A,0.6206673896783668,ret_12m,main,55.4,full,1.0,2026-09-21
291.0,,001672,国寿安保智慧生活股票A,0.6204474019141837,ret_12m,main,132.7,full,1.0,2026-09-21
292.0,,023397,尚正研究睿选混合发起A,0.6202857986914789,ret_12m,main,19.1,short,1.0,2026-09-21
293.0,,014416,泰康研究精选股票发起A,0.6179535354502326,ret_12m,main,56.8,full,1.0,2026-09-21
294.0,,023451,中欧信息科技混合发起A,0.6156114073586056,ret_12m,main,18.8,short,1.0,2026-09-21
295.0,,001188,鹏华改革红利股票,0.6130085346728147,ret_12m,main,136.8,full,1.0,2026-09-21
296.0,,006128,银河和美生活混合A,0.6114948457962401,ret_12m,main,94.0,full,1.0,2026-09-21
297.0,,009025,海富通科技创新混合A,0.6114819750647864,ret_12m,main,78.4,full,1.0,2026-09-21
298.0,,014647,融通先进制造混合A,0.6100204265753422,ret_12m,main,54.9,full,1.0,2026-09-21
299.0,,002450,平安睿享文娱混合A,0.6087413263085841,ret_12m,main,125.8,full,1.0,2026-09-21
300.0,,018956,中航机遇领航混合发起A,0.6082346197824258,ret_12m,main,37.4,full,1.0,2026-09-21
301.0,,001072,华安智能装备主题股票A,0.6069453160899139,ret_12m,main,136.9,full,1.0,2026-09-21
302.0,,008657,景顺长城科技创新混合A,0.6056685796585137,ret_12m,main,78.1,full,1.0,2026-09-21
303.0,,015980,光大高端装备混合A,0.6024907729224311,ret_12m,main,46.4,full,1.0,2026-09-21
304.0,,022717,永赢锐见进取混合A,0.6002239750965428,ret_12m,main,19.9,short,1.0,2026-09-21
305.0,,001039,嘉实先进制造股票,0.599778230237098,ret_12m,main,136.9,full,1.0,2026-09-21
306.0,,015527,弘毅远方汽车产业升级混合A,0.5988598355609223,ret_12m,main,45.2,full,1.0,2026-09-21
307.0,,001279,中海积极增利混合,0.5980817779329404,ret_12m,main,136.1,full,1.0,2026-09-21
308.0,,009217,博时荣丰回报灵活配置混合A,0.5979010693473972,ret_12m,main,76.5,full,1.0,2026-09-21
309.0,,002229,华夏经济转型股票,0.5976324912867383,ret_12m,main,126.2,full,1.0,2026-09-21
310.0,,015096,东财数字经济混合A,0.5975234322285856,ret_12m,main,54.7,full,1.0,2026-09-21
311.0,,008633,万家科技创新混合A,0.5974455677611055,ret_12m,main,80.5,full,1.0,2026-09-21
312.0,,006154,华安制造先锋混合A,0.5973933996776908,ret_12m,main,92.9,full,1.0,2026-09-21
313.0,,000354,长盛城镇化主题混合A,0.5970698939222496,ret_12m,main,154.3,full,1.0,2026-09-21
314.0,,673050,西部利得新盈混合A,0.5968470987235703,ret_12m,main,128.0,full,1.0,2026-09-21
315.0,,002885,大摩万众创新混合A,0.5964788167376125,ret_12m,main,105.6,full,1.0,2026-09-21
316.0,,013842,银华新锐成长混合A,0.5955873561826195,ret_12m,main,53.7,full,1.0,2026-09-21
317.0,,000541,华商创新成长混合发起式A,0.5945278860015613,ret_12m,main,150.1,full,1.0,2026-09-21
318.0,,001018,易方达新经济混合,0.593897920543752,ret_12m,main,139.3,full,1.0,2026-09-21
319.0,,019374,广发睿杰精选混合发起式A1,0.5935923963556311,ret_12m,main,33.9,short,1.0,2026-09-21
320.0,,009913,中信保诚成长动力混合A,0.5933045273800062,ret_12m,main,72.4,full,1.0,2026-09-21
321.0,,009644,东方阿尔法优势产业混合A,0.593288037191648,ret_12m,main,74.8,full,1.0,2026-09-21
322.0,,519025,海富通领先成长混合A,0.5922453311464901,ret_12m,main,208.7,full,1.0,2026-09-21
323.0,,110013,易方达科翔混合,0.5919522256149958,ret_12m,main,213.3,full,1.0,2026-09-21
324.0,,481001,工银核心价值混合A,0.5919112774834003,ret_12m,main,252.7,full,1.0,2026-09-21
325.0,,017737,融通慧心混合A,0.589858323499526,ret_12m,main,42.7,full,1.0,2026-09-21
326.0,,580009,东吴多策略混合A,0.5877837457880264,ret_12m,main,163.7,full,1.0,2026-09-21
327.0,,162703,广发小盘成长混合(LOF)A,0.5873123921058581,ret_12m,main,259.6,full,1.0,2026-09-21
328.0,,018835,广发成长启航混合A,0.5870316552010497,ret_12m,main,30.1,short,1.0,2026-09-21
329.0,,017794,交银启盛混合A,0.5861477770448853,ret_12m,main,41.8,full,1.0,2026-09-21
330.0,,019003,易方达科技智选混合A,0.5846416598800439,ret_12m,main,35.8,short,1.0,2026-09-21
331.0,,000522,华润元大信息传媒科技混合A,0.5844579295959809,ret_12m,main,149.7,full,1.0,2026-09-21
332.0,,014036,博时成长回报混合A,0.5842792522313272,ret_12m,main,57.6,full,1.0,2026-09-21
333.0,,001521,国寿安保成长优选股票A,0.5838956038874907,ret_12m,main,129.3,full,1.0,2026-09-21
334.0,,001701,国联产业升级混合,0.5830745963106889,ret_12m,main,126.1,full,1.0,2026-09-21
335.0,,001892,长盛新兴成长混合A,0.5827165113213937,ret_12m,main,130.5,full,1.0,2026-09-21
336.0,,004640,华夏节能环保股票A,0.5814998907385891,ret_12m,main,109.3,full,1.0,2026-09-21
337.0,,008507,交银内核驱动混合,0.5803906623397654,ret_12m,main,80.3,full,1.0,2026-09-21
338.0,,018554,交银启嘉混合A,0.580330870614536,ret_12m,main,37.7,full,1.0,2026-09-21
339.0,,320007,诺安成长混合A,0.5796871277139264,ret_12m,main,210.4,full,1.0,2026-09-21
340.0,,012082,博时数字经济混合A,0.5789557965542966,ret_12m,main,63.1,full,1.0,2026-09-21
341.0,,018442,汇添富成长领航混合A,0.578773623220268,ret_12m,main,37.0,full,1.0,2026-09-21
342.0,,009023,鹏华稳健回报混合A,0.5776479512892871,ret_12m,main,77.8,full,1.0,2026-09-21
343.0,,000404,易方达新兴成长灵活配置,0.5772444754981059,ret_12m,main,153.8,full,1.0,2026-09-21
344.0,,017234,永赢睿恒混合A,0.5763927947564971,ret_12m,main,21.4,short,1.0,2026-09-21
345.0,,011815,恒越优势精选混合A,0.5754177262896691,ret_12m,main,65.7,full,1.0,2026-09-21
346.0,,018876,兴合先进制造混合发起式A,0.5754148619303483,ret_12m,main,37.5,full,1.0,2026-09-21
347.0,,000969,前海开源大安全混合,0.5753312893398357,ret_12m,main,139.5,full,1.0,2026-09-21
348.0,,012200,新华鑫科技3个月滚动持有灵活配置混合A,0.5750574084600379,ret_12m,main,63.9,full,1.0,2026-09-21
349.0,,009892,富国成长策略混合A,0.5724836060565548,ret_12m,main,73.3,full,1.0,2026-09-21
350.0,,001749,招商中国机遇股票A,0.5719265669243918,ret_12m,main,103.4,full,1.0,2026-09-21
351.0,,017075,宝盈半导体产业混合发起式A,0.5697830519472371,ret_12m,main,45.5,full,1.0,2026-09-21
352.0,,008082,国寿安保研究精选混合A,0.569770466342091,ret_12m,main,80.7,full,1.0,2026-09-21
353.0,,000531,东吴阿尔法灵活配置混合A,0.5692227405081347,ret_12m,main,150.1,full,1.0,2026-09-21
354.0,,004818,国寿安保目标策略混合发起A,0.5686859359672489,ret_12m,main,106.9,full,1.0,2026-09-21
355.0,,012816,国泰致和混合A,0.566991384754072,ret_12m,main,56.0,full,1.0,2026-09-21
356.0,,024450,易方达成长进取混合A,0.5651851408111803,ret_12m,main,15.1,short,0.9842,2026-09-21
357.0,,009511,信澳研究优选混合A,0.5626828209594459,ret_12m,main,75.0,full,1.0,2026-09-21
358.0,,014254,信澳智远三年持有期混合A,0.5616488700459437,ret_12m,main,55.9,full,1.0,2026-09-21
359.0,,002980,华夏创新前沿股票A,0.561148265758149,ret_12m,main,120.4,full,1.0,2026-09-21
360.0,,012608,信澳领先智选混合,0.5610810457645272,ret_12m,main,62.7,full,1.0,2026-09-21
361.0,,001070,建信信息产业股票A,0.5601403126880837,ret_12m,main,138.0,full,1.0,2026-09-21
362.0,,002770,安信新回报混合A,0.5594833548710527,ret_12m,main,124.4,full,1.0,2026-09-21
363.0,,006868,华夏科技成长股票,0.5585391317438142,ret_12m,main,90.6,full,1.0,2026-09-21
364.0,,009715,汇添富策略增长灵活配置混合,0.5584778722949906,ret_12m,main,73.9,full,1.0,2026-09-21
365.0,,501064,国泰价值优选灵活配置混合(LOF)A,0.5584323631070449,ret_12m,main,92.4,full,1.0,2026-09-21
366.0,,519674,银河创新成长混合A,0.5555098808006445,ret_12m,main,188.7,full,1.0,2026-09-21
367.0,,024469,大成至臻回报混合A,0.5548687384577784,ret_12m,main,14.9,short,0.9605,2026-09-21
368.0,,519089,新华优选成长混合,0.5546995533996295,ret_12m,main,217.9,full,1.0,2026-09-21
369.0,,015368,国泰海通领航成长一年持有混合发起A,0.5535859192656509,ret_12m,main,42.7,full,1.0,2026-09-21
370.0,,519732,交银定期支付双息平衡混合,0.5535560736328065,ret_12m,main,156.6,full,1.0,2026-09-21
371.0,,005482,博时创新驱动混合A,0.5532564857232076,ret_12m,main,103.8,full,1.0,2026-09-21
372.0,,501085,财通科创主题灵活配置混合(LOF)A,0.5526765388940642,ret_12m,main,86.4,full,1.0,2026-09-21
373.0,,580006,东吴新经济混合A,0.5525152352233,ret_12m,main,200.7,full,1.0,2026-09-21
374.0,,005962,宝盈人工智能股票A,0.5519574252813397,ret_12m,main,97.2,full,1.0,2026-09-21
375.0,,019219,中信保诚先进制造混合A,0.5500902883739991,ret_12m,main,35.4,short,1.0,2026-09-21
376.0,,005914,景顺长城智能生活混合A,0.5490012668894775,ret_12m,main,91.7,full,1.0,2026-09-21
377.0,,008980,中邮科技创新精选混合A,0.5483786304276252,ret_12m,main,78.8,full,1.0,2026-09-21
378.0,,012650,博时半导体主题混合A,0.5468343306298522,ret_12m,main,62.1,full,1.0,2026-09-21
379.0,,001869,招商制造业混合A,0.5466519017976239,ret_12m,main,129.6,full,1.0,2026-09-21
380.0,,005251,银华多元动力灵活配置混合A,0.5458572741525274,ret_12m,main,105.2,full,1.0,2026-09-21
381.0,,021875,路博迈资源精选股票发起A,0.5453115023123551,ret_12m,main,24.0,short,1.0,2026-09-21
382.0,,009048,浦银科技创新优选混合,0.54372598776034,ret_12m,main,75.7,full,1.0,2026-09-21
383.0,,012098,华夏成长机会一年持有混合,0.5419614840784224,ret_12m,main,61.8,full,1.0,2026-09-21
384.0,,005495,创金合信科技成长股票A,0.5410965075987026,ret_12m,main,104.8,full,1.0,2026-09-21
385.0,,004833,先锋聚利混合A,0.5403043208104201,ret_12m,main,100.4,full,1.0,2026-09-21
386.0,,001410,信澳新能源产业股票A,0.5374315936225897,ret_12m,main,133.7,full,1.0,2026-09-21
387.0,,021390,东兴成长优选混合发起A,0.5369307274893538,ret_12m,main,25.7,short,1.0,2026-09-21
388.0,,006009,国融融银灵活配置混合A,0.5355746954761333,ret_12m,main,99.5,full,1.0,2026-09-21
389.0,,161910,万家新机遇价值驱动A,0.5346640871701014,ret_12m,main,169.6,full,1.0,2026-09-21
390.0,,002345,华夏高端制造混合A,0.5344873420943359,ret_12m,main,124.4,full,1.0,2026-09-21
391.0,,519212,万家宏观择时多策略混合A,0.5328767009741231,ret_12m,main,113.7,full,1.0,2026-09-21
392.0,,002862,金信量化精选混合A,0.5313018083924184,ret_12m,main,122.7,full,1.0,2026-09-21
393.0,,007346,易方达科技创新混合A,0.5304006966269279,ret_12m,main,88.8,full,1.0,2026-09-21
394.0,,018790,华泰柏瑞均衡成长混合A,0.5273436307581125,ret_12m,main,37.0,full,1.0,2026-09-21
395.0,,009891,融通产业趋势臻选股票A,0.5271750421136678,ret_12m,main,73.1,full,1.0,2026-09-21
396.0,,011805,嘉实优质核心两年持有混合A,0.5260761019581606,ret_12m,main,59.8,full,1.0,2026-09-21
397.0,,001479,中邮风格轮动灵活配置混合,0.5248070785361634,ret_12m,main,127.8,full,1.0,2026-09-21
398.0,,506001,万家科创板2年定开混合,0.5245195104866323,ret_12m,main,73.6,full,1.0,2026-09-21
399.0,,009899,上银内需增长股票A,0.523535938853982,ret_12m,main,72.9,full,1.0,2026-09-21
400.0,,007340,南方科技创新混合A,0.5228209780852184,ret_12m,main,88.5,full,1.0,2026-09-21
401.0,,016507,长城数字经济混合A,0.5218641298887345,ret_12m,main,44.1,full,1.0,2026-09-21
402.0,,001933,华商新兴活力混合,0.5217682378732673,ret_12m,main,126.9,full,1.0,2026-09-21
403.0,,006100,平安优势产业混合A,0.5217011803294458,ret_12m,main,97.0,full,1.0,2026-09-21
404.0,,009474,国泰致远优势混合,0.5214422067561761,ret_12m,main,74.2,full,1.0,2026-09-21
405.0,,007277,恒生前海消费升级混合,0.5209419712110022,ret_12m,main,80.1,full,1.0,2026-09-21
406.0,,009364,工银科技创新6个月定开混合A,0.5196822301452528,ret_12m,main,76.1,full,1.0,2026-09-21
407.0,,014472,景顺长城远见成长混合A,0.5195422446374929,ret_12m,main,55.9,full,1.0,2026-09-21
408.0,,519091,新华泛资源优势混合,0.5194471326565702,ret_12m,main,206.3,full,1.0,2026-09-21
409.0,,010155,长盛核心成长混合A,0.5192343365481493,ret_12m,main,71.9,full,1.0,2026-09-21
410.0,,005730,国泰江源优势精选混合A,0.5189911731995047,ret_12m,main,102.1,full,1.0,2026-09-21
411.0,,001822,华商智能生活灵活配置混合A,0.5186812197370352,ret_12m,main,130.3,full,1.0,2026-09-21
412.0,,001664,平安鑫安混合A,0.5185951958265667,ret_12m,main,129.3,full,1.0,2026-09-21
413.0,,001678,英大国企改革A,0.5184450494765334,ret_12m,main,94.0,full,1.0,2026-09-21
414.0,,009491,宝盈创新驱动股票A,0.5184035564650684,ret_12m,main,73.4,full,1.0,2026-09-21
415.0,,002152,华宝核心优势混合A,0.5149970325527735,ret_12m,main,128.0,full,1.0,2026-09-21
416.0,,240011,华宝大盘精选混合,0.5147964098897477,ret_12m,main,215.5,full,1.0,2026-09-21
417.0,,011500,九泰量化新兴产业,0.5146813423417211,ret_12m,main,64.8,full,1.0,2026-09-21
418.0,,001959,华商乐享互联灵活配置混合A,0.5142188479017096,ret_12m,main,129.1,full,1.0,2026-09-21
419.0,,012846,恒越蓝筹精选混合,0.512241708312285,ret_12m,main,61.1,full,1.0,2026-09-21
420.0,,009318,南方成长先锋混合A,0.5115589062172605,ret_12m,main,75.3,full,1.0,2026-09-21
421.0,,160215,国泰价值经典混合(LOF),0.5110370591360094,ret_12m,main,193.3,full,1.0,2026-09-21
422.0,,002420,汇添富盈鑫混合A,0.5084810723281246,ret_12m,main,126.4,full,1.0,2026-09-21
423.0,,519005,海富通股票混合,0.5082897153453312,ret_12m,main,253.8,full,1.0,2026-09-21
424.0,,240017,华宝新兴产业混合,0.5072358692258756,ret_12m,main,189.5,full,1.0,2026-09-21
425.0,,015440,信澳智选先锋一年持有期混合A,0.5068954842607827,ret_12m,main,51.3,full,1.0,2026-09-21
426.0,,519949,长信利信混合A,0.5062977509879254,ret_12m,main,118.3,full,1.0,2026-09-21
427.0,,004450,嘉实前沿科技沪港深股票A,0.5053743495239409,ret_12m,main,112.1,full,1.0,2026-09-21
428.0,,017639,景顺长城景气优选一年持有期混合A,0.5044130582893971,ret_12m,main,42.7,full,1.0,2026-09-21
429.0,,001042,华夏领先股票,0.504321189981171,ret_12m,main,136.2,full,1.0,2026-09-21
430.0,,002292,诺安益鑫灵活配置混合A,0.5032585901345523,ret_12m,main,128.0,full,1.0,2026-09-21
431.0,,009234,鹏华优质企业混合A,0.5025996574200624,ret_12m,main,75.3,full,1.0,2026-09-21
432.0,,011144,华安汇宏精选混合A,0.5010244471120562,ret_12m,main,65.9,full,1.0,2026-09-21
433.0,,165528,中信保诚鼎利混合(LOF)A,0.5008230024295603,ret_12m,main,123.9,full,1.0,2026-09-21
434.0,,000717,融通转型三动力灵活配置混合A,0.5003369249236955,ret_12m,main,140.2,full,1.0,2026-09-21
435.0,,014292,嘉实产业领先混合A,0.49974821794091295,ret_12m,main,56.9,full,1.0,2026-09-21
436.0,,013339,创金合信芯片产业股票发起A,0.49969510123192484,ret_12m,main,59.8,full,1.0,2026-09-21
437.0,,005726,国泰价值精选灵活配置混合A,0.49918849831512846,ret_12m,main,97.4,full,1.0,2026-09-21
438.0,,008009,华商高端装备制造股票A,0.49836938190982405,ret_12m,main,81.4,full,1.0,2026-09-21
439.0,,100039,富国通胀通缩主题轮动混合A,0.49771064644607477,ret_12m,main,196.3,full,1.0,2026-09-21
440.0,,016605,财通资管臻享成长混合A,0.4972545131885908,ret_12m,main,42.7,full,1.0,2026-09-21
441.0,,007113,永赢高端制造混合A,0.4962365649852656,ret_12m,main,82.7,full,1.0,2026-09-21
442.0,,010361,嘉实品质优选股票A,0.4960824037734999,ret_12m,main,63.9,full,1.0,2026-09-21
443.0,,010383,宝盈基础产业混合A,0.4959065492193855,ret_12m,main,67.6,full,1.0,2026-09-21
444.0,,023044,太平科技先锋混合发起式A,0.49489401469326366,ret_12m,main,17.7,short,1.0,2026-09-21
445.0,,018730,华夏招鑫鸿瑞混合A,0.4937890891739136,ret_12m,main,32.2,short,1.0,2026-09-21
446.0,,016248,银华创新动力优选混合A,0.493678627253636,ret_12m,main,44.5,full,1.0,2026-09-21
447.0,,024439,交银瑞安混合A,0.4936106415353432,ret_12m,main,14.9,short,0.9684,2026-09-21
448.0,,360016,光大保德信行业轮动混合A,0.49302318226541075,ret_12m,main,175.2,full,1.0,2026-09-21
449.0,,002251,华夏军工安全混合A,0.492630208840938,ret_12m,main,126.0,full,1.0,2026-09-21
450.0,,020755,永赢融安混合A,0.49111679399272123,ret_12m,main,24.9,short,1.0,2026-09-21
451.0,,050010,博时特许价值混合A,0.4900027995498535,ret_12m,main,219.8,full,1.0,2026-09-21
452.0,,213008,宝盈资源优选混合,0.4887966213599306,ret_12m,main,218.9,full,1.0,2026-09-21
453.0,,022754,易方达科鑫量化选股股票发起式A,0.4886510808768565,ret_12m,main,21.3,short,1.0,2026-09-21
454.0,,015724,英大碳中和混合A,0.488307367591472,ret_12m,main,44.2,full,1.0,2026-09-21
455.0,,002560,诺安和鑫混合A,0.48701920324571946,ret_12m,main,124.8,full,1.0,2026-09-21
456.0,,501073,华安智联混合(LOF)A,0.4858245812589197,ret_12m,main,87.4,full,1.0,2026-09-21
457.0,,000828,宏利转型机遇股票A,0.48576474594022834,ret_12m,main,142.1,full,1.0,2026-09-21
458.0,,015035,银华核心动力精选混合A,0.48386488868816424,ret_12m,main,49.1,full,1.0,2026-09-21
459.0,,660015,农银行业轮动混合A,0.4836488306927078,ret_12m,main,166.2,full,1.0,2026-09-21
460.0,,001313,摩根智慧互联股票A,0.48364399894243437,ret_12m,main,135.4,full,1.0,2026-09-21
461.0,,100022,富国天瑞强势混合A,0.48303295847750194,ret_12m,main,257.5,full,1.0,2026-09-21
462.0,,021967,西部利得均衡优选混合A,0.48129691777813877,ret_12m,main,19.9,short,1.0,2026-09-21
463.0,,003567,华夏行业景气混合A,0.48022296440650947,ret_12m,main,115.5,full,1.0,2026-09-21
464.0,,007353,工银科技创新混合,0.47987608813968063,ret_12m,main,88.5,full,1.0,2026-09-21
465.0,,011351,金鹰年年邮益一年持有混合A,0.4797336287395293,ret_12m,main,66.4,full,1.0,2026-09-21
466.0,,017848,东方红先进制造混合A,0.4783201589210073,ret_12m,main,40.9,full,1.0,2026-09-21
467.0,,160722,嘉实惠泽混合(LOF),0.4773779899354036,ret_12m,main,119.7,full,1.0,2026-09-21
468.0,,013855,嘉实品质发现混合A,0.4767755911185896,ret_12m,main,54.2,full,1.0,2026-09-21
469.0,,008962,建信科技创新混合A,0.4761248660242492,ret_12m,main,79.1,full,1.0,2026-09-21
470.0,,024804,华夏量化选股股票A,0.4755177018289789,ret_12m,main,14.0,short,1.0,2026-09-21
471.0,,005041,人保研究精选混合A,0.4755059543631568,ret_12m,main,103.6,full,1.0,2026-09-21
472.0,,015703,易米开泰混合A,0.4751102891346708,ret_12m,main,46.4,full,1.0,2026-09-21
473.0,,012530,永赢惠添盈一年持有混合,0.47476515479692827,ret_12m,main,58.4,full,1.0,2026-09-21
474.0,,167002,平安鼎越混合(LOF)A,0.47359184912562213,ret_12m,main,120.0,full,1.0,2026-09-21
475.0,,002563,泓德泓汇混合,0.4726438744763384,ret_12m,main,118.1,full,1.0,2026-09-21
476.0,,006348,银华盛利混合发起式A,0.4721995296101644,ret_12m,main,93.3,full,1.0,2026-09-21
477.0,,002482,宝盈互联网沪港深混合,0.47068438635911325,ret_12m,main,123.2,full,1.0,2026-09-21
478.0,,000940,富国中小盘精选混合A,0.4702290213601077,ret_12m,main,139.9,full,1.0,2026-09-21
479.0,,501075,万家科创主题灵活配置混合(LOF)A,0.4700655293758702,ret_12m,main,87.3,full,1.0,2026-09-21
480.0,,000609,华商新量化混合A,0.46999170333890516,ret_12m,main,147.5,full,1.0,2026-09-21
481.0,,017876,汇添富新能源精选混合发起式A,0.46933019114864805,ret_12m,main,42.2,full,1.0,2026-09-21
482.0,,008251,汇安宜创量化精选混合A,0.4688874550806086,ret_12m,main,80.9,full,1.0,2026-09-21
483.0,,001496,工银聚焦30股票,0.4680477142131978,ret_12m,main,134.9,full,1.0,2026-09-21
484.0,,000308,建信创新中国混合,0.46790075916050555,ret_12m,main,155.9,full,1.0,2026-09-21
485.0,,000979,景顺长城沪港深精选股票A,0.46787423449462895,ret_12m,main,137.2,full,1.0,2026-09-21
486.0,,012130,景顺长城先进智造混合A,0.46733942645260096,ret_12m,main,60.9,full,1.0,2026-09-21
487.0,,110001,易方达平稳增长混合,0.46724301393389256,ret_12m,main,289.0,full,1.0,2026-09-21
488.0,,050009,博时新兴成长混合,0.4670755308736918,ret_12m,main,229.6,full,1.0,2026-09-21
489.0,,160642,鹏华增瑞混合(LOF)A,0.46520204774578944,ret_12m,main,120.0,full,1.0,2026-09-21
490.0,,012477,富国匠心精选12个月持有混合A,0.4649804873684791,ret_12m,main,60.7,full,1.0,2026-09-21
491.0,,519191,万家新利灵活配置混合,0.4647908436454793,ret_12m,main,151.9,full,1.0,2026-09-21
492.0,,024931,华夏卓越成长混合D,0.4645480492857397,ret_12m,main,13.2,short,1.0,2026-09-21
493.0,,001712,东方红优势精选混合,0.4636386044801162,ret_12m,main,132.4,full,1.0,2026-09-21
494.0,,005136,华安幸福生活混合A,0.4625422637060763,ret_12m,main,106.8,full,1.0,2026-09-21
495.0,,018611,鹏华高端装备一年持有期混合A,0.46200002089917946,ret_12m,main,38.4,full,1.0,2026-09-21
496.0,,164205,天弘文化新兴产业股票A,0.46186591875096017,ret_12m,main,193.3,full,1.0,2026-09-21
497.0,,003131,国寿安保强国智造混合,0.4610678182616792,ret_12m,main,119.8,full,1.0,2026-09-21
498.0,,050004,博时精选混合A,0.46043592242833586,ret_12m,main,267.0,full,1.0,2026-09-21
499.0,,000714,诺安稳健回报混合A,0.4601236698458695,ret_12m,main,144.2,full,1.0,2026-09-21
500.0,,009929,南方创新驱动混合A,0.4589142444686056,ret_12m,main,72.8,full,1.0,2026-09-21
501.0,,019888,中欧周期优选混合发起A,0.4576590231490516,ret_12m,main,34.2,short,1.0,2026-09-21
502.0,,002281,建信裕利灵活配置混合,0.45627096389913935,ret_12m,main,128.6,full,1.0,2026-09-21
503.0,,010550,华商双擎领航混合,0.45511487932576267,ret_12m,main,69.9,full,1.0,2026-09-21
504.0,,163412,兴全轻资产混合(LOF),0.4541036879992808,ret_12m,main,173.5,full,1.0,2026-09-21
505.0,,217020,招商安达灵活配置混合,0.45351434409886715,ret_12m,main,180.7,full,1.0,2026-09-21
506.0,,005268,鹏华优势企业,0.4530117372989819,ret_12m,main,105.7,full,1.0,2026-09-21
507.0,,002064,华富产业升级灵活配置混合A,0.45241697833103367,ret_12m,main,112.5,full,1.0,2026-09-21
508.0,,506000,南方科创板3年定开混合,0.451771241406288,ret_12m,main,73.8,full,1.0,2026-09-21
509.0,,005826,华夏潜龙精选股票,0.45143958614071766,ret_12m,main,95.8,full,1.0,2026-09-21
510.0,,168105,九泰泰富灵活配置混合(LOF)A,0.4505912459694421,ret_12m,main,119.8,full,1.0,2026-09-21
511.0,,000598,长盛生态环境混合A,0.4504871946873428,ret_12m,main,144.4,full,1.0,2026-09-21
512.0,,001112,东方红中国优势混合,0.4504812820358013,ret_12m,main,137.5,full,1.0,2026-09-21
513.0,,340006,兴全全球视野股票,0.4489181720579827,ret_12m,main,240.0,full,1.0,2026-09-21
514.0,,014807,宏利景气智选18个月持有混合A,0.44855053915192356,ret_12m,main,53.8,full,1.0,2026-09-21
515.0,,001210,天弘互联网混合A,0.4471983909110051,ret_12m,main,135.8,full,1.0,2026-09-21
516.0,,009651,海富通成长甄选混合A,0.4462327372859418,ret_12m,main,71.8,full,1.0,2026-09-21
517.0,,010611,万家战略发展产业混合A,0.4460758595788621,ret_12m,main,68.2,full,1.0,2026-09-21
518.0,,005094,万家臻选混合A,0.4458426188450493,ret_12m,main,105.0,full,1.0,2026-09-21
519.0,,001305,九泰天富改革混合A,0.44525876001550135,ret_12m,main,135.4,full,1.0,2026-09-21
520.0,,004183,富国产业升级混合A,0.443830156042184,ret_12m,main,111.4,full,1.0,2026-09-21
521.0,,000061,华夏盛世混合,0.4435557488404842,ret_12m,main,201.3,full,1.0,2026-09-21
522.0,,010375,国金鑫悦经济新动能A,0.4435503276327979,ret_12m,main,70.1,full,1.0,2026-09-21
523.0,,005668,融通新能源汽车主题精选混合A,0.44304164126076917,ret_12m,main,99.2,full,1.0,2026-09-21
524.0,,023915,永赢价值发现慧选混合发起A,0.44298393136418146,ret_12m,main,17.0,short,1.0,2026-09-21
525.0,,005682,财通资管消费精选混合A,0.44265288749835197,ret_12m,main,101.7,full,1.0,2026-09-21
526.0,,006430,凯石澜龙头经济一年持有混合,0.4415650099289419,ret_12m,main,93.5,full,1.0,2026-09-21
527.0,,016340,银河价值成长混合A,0.4409661513474412,ret_12m,main,46.4,full,1.0,2026-09-21
528.0,,013774,易方达趋势优选混合A,0.44047281999005605,ret_12m,main,54.0,full,1.0,2026-09-21
529.0,,019347,富国匠心成长混合A,0.4404643045082135,ret_12m,main,28.7,short,1.0,2026-09-21
530.0,,110012,易方达科汇灵活配置混合,0.4401296291273049,ret_12m,main,214.4,full,1.0,2026-09-21
531.0,,004148,圆信永丰多策略,0.4385031059278055,ret_12m,main,113.8,full,1.0,2026-09-21
532.0,,110025,易方达资源行业混合,0.4383686022278386,ret_12m,main,181.2,full,1.0,2026-09-21
533.0,,021145,银华甄选价值成长混合A,0.4379940947427836,ret_12m,main,25.5,short,1.0,2026-09-21
534.0,,470009,汇添富民营活力混合,0.4374785001997099,ret_12m,main,196.6,full,1.0,2026-09-21
535.0,,002095,博时新收益A,0.4352696282758812,ret_12m,main,127.5,full,1.0,2026-09-21
536.0,,010898,银河产业动力混合A,0.43492131391742217,ret_12m,main,67.8,full,1.0,2026-09-21
537.0,,001986,前海开源人工智能主题混合A,0.43467104987832283,ret_12m,main,124.6,full,1.0,2026-09-21
538.0,,501096,国联安科创混合(LOF),0.4346684296571941,ret_12m,main,78.1,full,1.0,2026-09-21
539.0,,017086,嘉实ESG可持续投资混合A,0.4338974813008918,ret_12m,main,42.5,full,1.0,2026-09-21
540.0,,009968,金鹰内需成长混合A,0.43384559785762744,ret_12m,main,73.0,full,1.0,2026-09-21
541.0,,019281,华西优选成长一年持有混合A,0.4338416381854069,ret_12m,main,34.7,short,1.0,2026-09-21
542.0,,018122,永赢数字经济智选混合发起A,0.4329624191424837,ret_12m,main,41.4,full,1.0,2026-09-21
543.0,,010033,安信成长精选混合A,0.4321947499883525,ret_12m,main,71.7,full,1.0,2026-09-21
544.0,,501205,鹏华创新未来混合(LOF)C,0.4307163335289941,ret_12m,main,68.3,full,1.0,2026-09-21
545.0,,022416,汇添富弘盛回报混合发起式A,0.42965499695258114,ret_12m,main,16.2,short,1.0,2026-09-21
546.0,,014401,富国核心趋势混合A,0.4286531777012925,ret_12m,main,40.2,full,1.0,2026-09-21
547.0,,010305,华夏创新驱动混合A,0.428638569036917,ret_12m,main,70.8,full,1.0,2026-09-21
548.0,,018375,金信景气优选混合A,0.42833535730241357,ret_12m,main,34.6,short,1.0,2026-09-21
549.0,,001951,金鹰改革红利混合,0.428187680708479,ret_12m,main,129.6,full,1.0,2026-09-21
550.0,,519185,万家精选混合A,0.42798528586680096,ret_12m,main,208.1,full,1.0,2026-09-21
551.0,,003025,新华红利回报混合,0.42762711642541107,ret_12m,main,113.8,full,1.0,2026-09-21
552.0,,017244,南方前瞻动力混合A,0.42731324756434264,ret_12m,main,44.1,full,1.0,2026-09-21
553.0,,015604,华安动力领航混合A,0.4272635402862912,ret_12m,main,46.4,full,1.0,2026-09-21
554.0,,519688,交银精选混合,0.42652815967190705,ret_12m,main,251.7,full,1.0,2026-09-21
555.0,,010114,华宝新兴成长混合A,0.42630764280164923,ret_12m,main,71.9,full,1.0,2026-09-21
556.0,,000263,工银信息产业混合A,0.4257538233685052,ret_12m,main,154.3,full,1.0,2026-09-21
557.0,,001297,平安智慧中国混合,0.42518820217290676,ret_12m,main,135.4,full,1.0,2026-09-21
558.0,,582003,东吴配置优化混合A,0.42510203797992197,ret_12m,main,169.3,full,1.0,2026-09-21
559.0,,011790,建信创新驱动混合,0.42507968961736875,ret_12m,main,61.4,full,1.0,2026-09-21
560.0,,519929,长信电子信息量化灵活配置混合A,0.42443760838516464,ret_12m,main,121.8,full,1.0,2026-09-21
561.0,,008286,易方达研究精选股票,0.4240778509702334,ret_12m,main,79.0,full,1.0,2026-09-21
562.0,,007355,汇添富科技创新混合A,0.42347759418447195,ret_12m,main,88.5,full,1.0,2026-09-21
563.0,,160605,鹏华中国50混合,0.42291630159170746,ret_12m,main,268.3,full,1.0,2026-09-21
564.0,,014175,工银价值成长混合A,0.4225868894249385,ret_12m,main,54.0,full,1.0,2026-09-21
565.0,,020975,万家科技量化选股混合发起式A,0.422364472742327,ret_12m,main,23.9,short,1.0,2026-09-21
566.0,,009189,华宝成长策略混合A,0.42208897422142533,ret_12m,main,76.4,full,1.0,2026-09-21
567.0,,010646,融通价值趋势混合A,0.4217379360459035,ret_12m,main,64.8,full,1.0,2026-09-21
568.0,,014600,博时回报严选混合A,0.42138033834663013,ret_12m,main,55.4,full,1.0,2026-09-21
569.0,,006864,国联安核心资产策略混合,0.42064470774376206,ret_12m,main,70.1,full,1.0,2026-09-21
570.0,,007133,嘉实长青竞争优势股票A,0.42008157755384845,ret_12m,main,88.5,full,1.0,2026-09-21
571.0,,014653,建信卓越成长一年持有混合A,0.4200452013455436,ret_12m,main,54.2,full,1.0,2026-09-21
572.0,,019824,国寿安保新材料股票发起式A,0.4194839669400472,ret_12m,main,34.5,short,1.0,2026-09-21
573.0,,016157,汇添富数字经济核心产业一年持有期混合A,0.41916227566911024,ret_12m,main,46.7,full,1.0,2026-09-21
574.0,,008381,前海开源新兴产业混合A,0.4188608652120742,ret_12m,main,77.3,full,1.0,2026-09-21
575.0,,009914,富国成长动力混合A,0.41873294226797464,ret_12m,main,72.1,full,1.0,2026-09-21
576.0,,006813,博时汇悦回报混合,0.4186951839960946,ret_12m,main,91.7,full,1.0,2026-09-21
577.0,,519196,万家新兴蓝筹A,0.4182440262699165,ret_12m,main,127.8,full,1.0,2026-09-21
578.0,,010490,鹏华高质量增长混合A,0.41815821500520944,ret_12m,main,70.1,full,1.0,2026-09-21
579.0,,010680,华夏新兴成长股票A,0.4175821188965705,ret_12m,main,68.2,full,1.0,2026-09-21
580.0,,014783,招商远见成长混合A,0.4170218409343238,ret_12m,main,49.0,full,1.0,2026-09-21
581.0,,000586,景顺长城中小创精选股票A,0.4166615996153422,ret_12m,main,148.7,full,1.0,2026-09-21
582.0,,017551,南方景气前瞻混合A,0.4161702736913693,ret_12m,main,42.3,full,1.0,2026-09-21
583.0,,005977,中信保诚至兴混合A,0.41440777077806046,ret_12m,main,98.8,full,1.0,2026-09-21
584.0,,002149,嘉实新优选混合,0.41327638077733986,ret_12m,main,125.4,full,1.0,2026-09-21
585.0,,015749,博时优享回报混合A,0.4124619916331793,ret_12m,main,49.6,full,1.0,2026-09-21
586.0,,013145,浙商汇金先进制造混合,0.41213798628297194,ret_12m,main,61.1,full,1.0,2026-09-21
587.0,,005265,博时厚泽回报混合A,0.4117318298873627,ret_12m,main,106.0,full,1.0,2026-09-21
588.0,,014356,长信企业成长三年持有混合A,0.4099005858267173,ret_12m,main,50.7,full,1.0,2026-09-21
589.0,,000698,宝盈科技30混合,0.40967889102145105,ret_12m,main,145.3,full,1.0,2026-09-21
590.0,,015079,永赢成长远航一年持有混合A,0.4094513367443364,ret_12m,main,53.5,full,1.0,2026-09-21
591.0,,000327,南方潜力新蓝筹混合A,0.409194337292887,ret_12m,main,135.8,full,1.0,2026-09-21
592.0,,320005,诺安价值增长混合A,0.4090741844698502,ret_12m,main,238.0,full,1.0,2026-09-21
593.0,,005449,华夏行业龙头混合,0.4083282994314188,ret_12m,main,102.5,full,1.0,2026-09-21
594.0,,019006,蜂巢先进制造混合发起式A,0.4070326107569764,ret_12m,main,37.2,full,1.0,2026-09-21
595.0,,000513,富国高端制造行业股票A,0.40634393566926796,ret_12m,main,147.1,full,1.0,2026-09-21
596.0,,004616,中欧电子信息产业沪港深股票A,0.4059931975618838,ret_12m,main,110.5,full,1.0,2026-09-21
597.0,,011486,博时创新精选混合A,0.40519804466163545,ret_12m,main,66.4,full,1.0,2026-09-21
598.0,,000020,景顺长城品质投资混合A,0.4047855310919233,ret_12m,main,162.1,full,1.0,2026-09-21
599.0,,024674,兴合景气智选混合发起式A,0.4046082839794327,ret_12m,main,13.9,short,1.0,2026-09-21
600.0,,012496,同泰行业优选股票A,0.4041753566903863,ret_12m,main,60.7,full,1.0,2026-09-21
601.0,,519195,万家品质生活混合A,0.40381296092479135,ret_12m,main,133.5,full,1.0,2026-09-21
602.0,,501099,平安新兴产业混合(LOF),0.40381215366573797,ret_12m,main,77.4,full,1.0,2026-09-21
603.0,,015842,国投瑞银专精特新量化选股混合A,0.40335418965443126,ret_12m,main,45.5,full,1.0,2026-09-21
604.0,,010730,银华心佳两年持有期混合,0.4031915969238191,ret_12m,main,68.4,full,1.0,2026-09-21
605.0,,002810,金信转型创新成长混合发起式A,0.4029918910174728,ret_12m,main,123.4,full,1.0,2026-09-21
606.0,,020600,国寿安保景气优选混合发起式A,0.4024607804094593,ret_12m,main,31.8,short,1.0,2026-09-21
607.0,,673010,西部利得新动向混合A,0.4021314028348406,ret_12m,main,181.1,full,1.0,2026-09-21
608.0,,019295,博时匠心优选混合A,0.4020591159250333,ret_12m,main,28.9,short,1.0,2026-09-21
609.0,,020416,农银先进制造混合A,0.40200644303255895,ret_12m,main,27.3,short,1.0,2026-09-21
610.0,,001816,汇添富新睿精选混合A,0.4016397388038808,ret_12m,main,117.0,full,1.0,2026-09-21
611.0,,013910,兴业兴睿两年持有混合A,0.40101614186362156,ret_12m,main,57.0,full,1.0,2026-09-21
612.0,,952004,国泰海通君得明混合A,0.3994014979950853,ret_12m,main,84.5,full,1.0,2026-09-21
613.0,,014325,国联安核心趋势一年持有混合A,0.3991962734357659,ret_12m,main,56.7,full,1.0,2026-09-21
614.0,,257020,国联安精选混合,0.39808497797903697,ret_12m,main,248.8,full,1.0,2026-09-21
615.0,,000793,工银高端制造股票,0.3965129110478718,ret_12m,main,143.0,full,1.0,2026-09-21
616.0,,021647,东方红动力领航混合A,0.39539322778049923,ret_12m,main,22.3,short,1.0,2026-09-21
617.0,,011167,景顺长城景气成长混合A,0.3947353257242805,ret_12m,main,63.2,full,1.0,2026-09-21
618.0,,001538,摩根科技前沿混合A,0.39471587884284953,ret_12m,main,134.4,full,1.0,2026-09-21
619.0,,550009,中信保诚中小盘混合A,0.3939318063635129,ret_12m,main,199.3,full,1.0,2026-09-21
620.0,,501078,广发科创主题灵活配置混合(LOF),0.3939195661599548,ret_12m,main,87.4,full,1.0,2026-09-21
621.0,,001764,广发沪港深新机遇股票,0.39369264503629764,ret_12m,main,123.8,full,1.0,2026-09-21
622.0,,004641,万家量化睿选混合A,0.3933357364567702,ret_12m,main,109.6,full,1.0,2026-09-21
623.0,,519026,海富通中小盘混合,0.39218824207411984,ret_12m,main,197.3,full,1.0,2026-09-21
624.0,,009008,平安科技创新混合A,0.39200225787066145,ret_12m,main,78.5,full,1.0,2026-09-21
625.0,,022003,博道大盘成长股票A,0.3916292950675906,ret_12m,main,21.8,short,1.0,2026-09-21
626.0,,013861,泓德产业升级混合A,0.39133586174109936,ret_12m,main,55.4,full,1.0,2026-09-21
627.0,,519029,华夏稳增混合,0.390772586570179,ret_12m,main,239.7,full,1.0,2026-09-21
628.0,,010755,博道睿见一年持有期混合,0.39073305478049036,ret_12m,main,69.4,full,1.0,2026-09-21
629.0,,019136,交银启合混合A,0.3898408710950714,ret_12m,main,21.8,short,1.0,2026-09-21
630.0,,001606,农银工业4.0混合,0.38950199914158534,ret_12m,main,133.3,full,1.0,2026-09-21
631.0,,001482,摩根新兴服务股票A,0.3888032622112758,ret_12m,main,133.5,full,1.0,2026-09-21
632.0,,010427,兴银策略智选混合A,0.38869104981969693,ret_12m,main,70.3,full,1.0,2026-09-21
633.0,,001103,前海开源工业革命4.0混合,0.38801908269832697,ret_12m,main,137.9,full,1.0,2026-09-21
634.0,,010147,博道嘉兴一年持有期混合,0.3880154798217452,ret_12m,main,70.9,full,1.0,2026-09-21
635.0,,012294,泰康优势精选三年持有期混合,0.3874287194225381,ret_12m,main,60.7,full,1.0,2026-09-21
636.0,,001832,易方达瑞恒灵活配置混合,0.3874029779135022,ret_12m,main,104.3,full,1.0,2026-09-21
637.0,,015145,同泰新能源1年持有股票A,0.38732113136255086,ret_12m,main,47.7,full,1.0,2026-09-21
638.0,,011030,达诚价值先锋灵活配置A,0.38712971083914405,ret_12m,main,64.1,full,1.0,2026-09-21
639.0,,501097,国寿安保科技创新混合(LOF),0.38695947771799033,ret_12m,main,77.9,full,1.0,2026-09-21
640.0,,000534,长盛高端装备混合A,0.3864518752754722,ret_12m,main,149.9,full,1.0,2026-09-21
641.0,,210008,金鹰策略配置混合,0.38642417390648953,ret_12m,main,180.7,full,1.0,2026-09-21
642.0,,002577,南方新兴龙头灵活配置混合A,0.38617904076427756,ret_12m,main,124.6,full,1.0,2026-09-21
643.0,,004745,长盛创新驱动混合A,0.3853884578570781,ret_12m,main,109.2,full,1.0,2026-09-21
644.0,,000935,浙商汇金转型成长,0.38434202767323766,ret_12m,main,140.7,full,1.0,2026-09-21
645.0,,018993,中欧数字经济混合发起A,0.38412941168954684,ret_12m,main,36.3,full,1.0,2026-09-21
646.0,,023647,广发科技智选股票发起式A,0.3838290214821565,ret_12m,main,17.1,short,1.0,2026-09-21
647.0,,010792,华安成长先锋混合A,0.38375657320107615,ret_12m,main,66.9,full,1.0,2026-09-21
648.0,,001162,前海开源优势蓝筹股票A,0.383115714517986,ret_12m,main,136.8,full,1.0,2026-09-21
649.0,,001106,华商健康生活混合,0.3824373884512682,ret_12m,main,138.2,full,1.0,2026-09-21
650.0,,671030,西部利得事件驱动股票A,0.38108746916516245,ret_12m,main,95.8,full,1.0,2026-09-21
651.0,,009488,中邮价值精选混合A,0.38085506223176924,ret_12m,main,74.9,full,1.0,2026-09-21
652.0,,160143,南方创业板2年定期开放混合,0.38069624560226734,ret_12m,main,72.6,full,1.0,2026-09-21
653.0,,012350,万家元贞量化选股股票A,0.37959647590798884,ret_12m,main,42.3,full,1.0,2026-09-21
654.0,,021636,长城周期优选混合发起式A,0.3794218309351163,ret_12m,main,26.6,short,1.0,2026-09-21
655.0,,001152,融通新区域新经济灵活配置混合,0.37915272994319116,ret_12m,main,136.1,full,1.0,2026-09-21
656.0,,001682,新华鑫回报混合,0.379124447891348,ret_12m,main,132.6,full,1.0,2026-09-21
657.0,,370027,摩根智选30混合A,0.37903689766009996,ret_12m,main,162.5,full,1.0,2026-09-21
658.0,,001088,华宝国策导向混合A,0.3789088350036387,ret_12m,main,136.5,full,1.0,2026-09-21
659.0,,010460,兴业研究精选混合A,0.3783511720140478,ret_12m,main,69.8,full,1.0,2026-09-21
660.0,,008186,淳厚信睿混合A,0.37803996981996346,ret_12m,main,79.3,full,1.0,2026-09-21
661.0,,000209,中信保诚新兴产业混合A,0.37792042571604934,ret_12m,main,158.2,full,1.0,2026-09-21
662.0,,004044,金鹰转型动力混合,0.3769928091549861,ret_12m,main,106.2,full,1.0,2026-09-21
663.0,,240005,华宝多策略增长A,0.37678828847622947,ret_12m,main,268.4,full,1.0,2026-09-21
664.0,,014639,兴全合衡三年持有混合A,0.37665997133589135,ret_12m,main,56.2,full,1.0,2026-09-21
665.0,,006904,泰康产业升级混合A,0.37655633178925285,ret_12m,main,88.2,full,1.0,2026-09-21
666.0,,018796,海富通远见回报混合A,0.3765053948897257,ret_12m,main,18.6,short,1.0,2026-09-21
667.0,,024202,永赢制造升级智选混合发起A,0.3764874055521361,ret_12m,main,15.3,short,1.0,2026-09-21
668.0,,008934,大成科技消费股票A,0.3758297753461144,ret_12m,main,74.2,full,1.0,2026-09-21
669.0,,014818,国金新兴价值混合A,0.37496018739034764,ret_12m,main,54.5,full,1.0,2026-09-21
670.0,,011506,建信高端装备股票A,0.37483201827495805,ret_12m,main,64.8,full,1.0,2026-09-21
671.0,,014350,华商卓越成长一年持有混合A,0.3744287955616967,ret_12m,main,54.7,full,1.0,2026-09-21
672.0,,007203,银河新动能混合A,0.3735418074324268,ret_12m,main,82.1,full,1.0,2026-09-21
673.0,,202212,南方平衡配置混合A,0.3732164407851879,ret_12m,main,183.0,full,1.0,2026-09-21
674.0,,270028,广发制造业精选混合A,0.37307197183631,ret_12m,main,180.0,full,1.0,2026-09-21
675.0,,001216,易方达新收益混合A,0.372698556999143,ret_12m,main,137.2,full,1.0,2026-09-21
676.0,,010790,海富通均衡甄选混合A,0.3722429147169055,ret_12m,main,67.8,full,1.0,2026-09-21
677.0,,021501,信澳科技驱动混合A,0.37186931633050113,ret_12m,main,21.1,short,1.0,2026-09-21
678.0,,011021,汇添富互联网核心资产六个月持有混合A,0.37113826970988306,ret_12m,main,67.8,full,1.0,2026-09-21
679.0,,011888,民生加银周期优选混合A,0.37020924952618417,ret_12m,main,63.0,full,1.0,2026-09-21
680.0,,015547,华商核心成长一年持有混合A,0.3697660149904034,ret_12m,main,44.8,full,1.0,2026-09-21
681.0,,013675,长城价值甄选一年持有混合C,0.3691882541747822,ret_12m,main,53.5,full,1.0,2026-09-21
682.0,,017878,华安匠心甄选混合A,0.36862852519112344,ret_12m,main,42.6,full,1.0,2026-09-21
683.0,,010313,上银鑫恒混合A,0.36848681976317477,ret_12m,main,70.1,full,1.0,2026-09-21
684.0,,008208,博道嘉泰回报混合,0.36837283326422443,ret_12m,main,81.1,full,1.0,2026-09-21
685.0,,020440,东兴数字经济混合发起A,0.3681924838990065,ret_12m,main,32.2,short,1.0,2026-09-21
686.0,,023135,农银创新驱动混合A,0.36799007146566276,ret_12m,main,19.9,short,1.0,2026-09-21
687.0,,400001,东方龙混合,0.36690324227981774,ret_12m,main,261.8,full,1.0,2026-09-21
688.0,,519133,海富通改革驱动混合,0.36679282424752313,ret_12m,main,124.8,full,1.0,2026-09-21
689.0,,024317,前海开源研究驱动混合A,0.3664849375847796,ret_12m,main,15.4,short,1.0,2026-09-21
690.0,,008638,广发科技创新混合A,0.3660751754175313,ret_12m,main,80.9,full,1.0,2026-09-21
691.0,,004726,先锋聚优A,0.365195565881979,ret_12m,main,108.2,full,1.0,2026-09-21
692.0,,024830,西部利得资源鑫选混合发起A,0.36428457709550854,ret_12m,main,13.6,short,1.0,2026-09-21
693.0,,008793,博道嘉元混合A,0.36372591223194206,ret_12m,main,78.6,full,1.0,2026-09-21
694.0,,010264,鹏华成长智选混合A,0.3635366928850523,ret_12m,main,71.1,full,1.0,2026-09-21
695.0,,013147,汇添富碳中和主题混合A,0.3633024403603826,ret_12m,main,60.2,full,1.0,2026-09-21
696.0,,012541,金鹰产业升级混合A,0.36284379304312697,ret_12m,main,62.1,full,1.0,2026-09-21
697.0,,000960,招商医药健康产业股票,0.36227220632822443,ret_12m,main,139.7,full,1.0,2026-09-21
698.0,,016272,华泰保兴吉年红混合发起A,0.3620766261358601,ret_12m,main,28.5,short,1.0,2026-09-21
699.0,,011874,博时先进制造混合A,0.36192414481738844,ret_12m,main,64.1,full,1.0,2026-09-21
700.0,,000496,长安产业精选混合A,0.3617518232837311,ret_12m,main,148.5,full,1.0,2026-09-21
701.0,,010807,融通稳信增益6个月持有期混合A,0.3616808068612023,ret_12m,main,55.9,full,1.0,2026-09-21
702.0,,017960,招商趋势领航混合A,0.3615539637881364,ret_12m,main,42.1,full,1.0,2026-09-21
703.0,,006270,汇安核心成长混合A,0.3614513076583872,ret_12m,main,91.9,full,1.0,2026-09-21
704.0,,011828,平安睿享成长混合A,0.3604243131088589,ret_12m,main,61.5,full,1.0,2026-09-21
705.0,,014287,泰康新锐成长混合A,0.36036951332697953,ret_12m,main,45.4,full,1.0,2026-09-21
706.0,,000592,建信改革红利股票A,0.360098218768532,ret_12m,main,148.3,full,1.0,2026-09-21
707.0,,519181,万家和谐增长混合A,0.3598893496056903,ret_12m,main,237.7,full,1.0,2026-09-21
708.0,,163402,兴全趋势投资混合(LOF),0.3598190719442147,ret_12m,main,250.6,full,1.0,2026-09-21
709.0,,018504,景顺长城周期优选混合A,0.35965396523293314,ret_12m,main,36.8,full,1.0,2026-09-21
710.0,,001409,工银互联网加股票,0.35914307224321385,ret_12m,main,135.6,full,1.0,2026-09-21
711.0,,000577,安信价值精选股票A,0.35880662692017795,ret_12m,main,149.0,full,1.0,2026-09-21
712.0,,022414,前海开源国企精选混合发起A,0.3582225308751852,ret_12m,main,21.5,short,1.0,2026-09-21
713.0,,015986,中海新兴成长六个月持有期混合,0.3578404121262644,ret_12m,main,48.6,full,1.0,2026-09-21
714.0,,005544,银华瑞和灵活配置混合A,0.3570064634765182,ret_12m,main,100.9,full,1.0,2026-09-21
715.0,,021730,富达低碳成长混合A,0.3567082658642011,ret_12m,main,20.9,short,1.0,2026-09-21
716.0,,001000,中欧明睿新起点混合,0.35627217196726857,ret_12m,main,139.7,full,1.0,2026-09-21
717.0,,165516,中信保诚周期轮动混合(LOF)A,0.356091815015497,ret_12m,main,172.5,full,1.0,2026-09-21
718.0,,213003,宝盈策略增长混合,0.35576781794064516,ret_12m,main,236.1,full,1.0,2026-09-21
719.0,,202023,南方优选成长混合A,0.3556185176506732,ret_12m,main,187.7,full,1.0,2026-09-21
720.0,,012188,华安优势龙头混合A,0.35558880355154954,ret_12m,main,58.2,full,1.0,2026-09-21
721.0,,005774,华夏产业升级混合A,0.3552880626833861,ret_12m,main,96.9,full,1.0,2026-09-21
722.0,,022704,银河科技成长混合发起式A,0.35528347962575846,ret_12m,main,20.8,short,1.0,2026-09-21
723.0,,519957,长信睿进混合A,0.3550351646515584,ret_12m,main,134.5,full,1.0,2026-09-21
724.0,,009857,博时价值臻选持有期混合A,0.354875130872528,ret_12m,main,73.8,full,1.0,2026-09-21
725.0,,000458,英大领先回报A,0.35476230074746584,ret_12m,main,150.6,full,1.0,2026-09-21
726.0,,019189,华商品质价值混合A,0.354538624296006,ret_12m,main,29.6,short,1.0,2026-09-21
727.0,,002542,长城久鼎混合A,0.35403508546043194,ret_12m,main,122.0,full,1.0,2026-09-21
728.0,,013755,中银证券内需增长混合A,0.35363797682230813,ret_12m,main,58.4,full,1.0,2026-09-21
729.0,,169104,东方红睿满沪港深混合(LOF)A,0.3527509610896955,ret_12m,main,122.8,full,1.0,2026-09-21
730.0,,080002,长盛创新先锋混合A,0.3526972628216123,ret_12m,main,219.6,full,1.0,2026-09-21
731.0,,160512,博时卓越品牌混合(LOF)A,0.35228184751330005,ret_12m,main,183.7,full,1.0,2026-09-21
732.0,,011170,宝盈智慧生活混合A,0.3521823341561694,ret_12m,main,65.1,full,1.0,2026-09-21
733.0,,005598,广发中小盘精选混合A,0.35170712998481646,ret_12m,main,100.6,full,1.0,2026-09-21
734.0,,010109,富国价值增长混合A,0.35039719459721597,ret_12m,main,72.2,full,1.0,2026-09-21
735.0,,011800,申万菱信价值精选混合A,0.35021987455314396,ret_12m,main,64.8,full,1.0,2026-09-21
736.0,,006769,长城研究精选混合A,0.35020755787044777,ret_12m,main,85.3,full,1.0,2026-09-21
737.0,,008671,银华科技创新混合A,0.3499775703454242,ret_12m,main,80.2,full,1.0,2026-09-21
738.0,,023632,景顺长城新兴产业混合A,0.34987902543066496,ret_12m,main,17.7,short,1.0,2026-09-21
739.0,,018821,银华新材料混合发起式A,0.349474723643763,ret_12m,main,30.5,short,1.0,2026-09-21
740.0,,001534,华宝万物互联混合A,0.3492829425109165,ret_12m,main,134.7,full,1.0,2026-09-21
741.0,,009596,泰康创新成长混合A,0.34876062335458835,ret_12m,main,72.4,full,1.0,2026-09-21
742.0,,519183,万家双引擎灵活配置混合A,0.34852092731064044,ret_12m,main,218.8,full,1.0,2026-09-21
743.0,,009931,淳厚欣享一年持有期混合A,0.3480964950106564,ret_12m,main,72.2,full,1.0,2026-09-21
744.0,,010126,平安价值成长混合A,0.3479450089841274,ret_12m,main,71.9,full,1.0,2026-09-21
745.0,,000309,大摩品质生活精选股票A,0.34767626945982366,ret_12m,main,154.7,full,1.0,2026-09-21
746.0,,006573,人保行业轮动混合A,0.3475622153052458,ret_12m,main,88.9,full,1.0,2026-09-21
747.0,,014562,易方达品质动能三年持有混合A,0.3471906410100336,ret_12m,main,50.5,full,1.0,2026-09-21
748.0,,009394,银华同力精选混合,0.3470768894376455,ret_12m,main,75.2,full,1.0,2026-09-21
749.0,,000751,嘉实新兴产业股票,0.34697199415112023,ret_12m,main,144.1,full,1.0,2026-09-21
750.0,,001125,博时互联网主题灵活配置混合,0.3463289273989305,ret_12m,main,136.8,full,1.0,2026-09-21
751.0,,001009,摩根安全战略股票A,0.34631849387589364,ret_12m,main,138.8,full,1.0,2026-09-21
752.0,,009859,银华乐享混合A,0.3455689187334223,ret_12m,main,68.9,full,1.0,2026-09-21
753.0,,004666,长城久嘉创新成长混合A,0.34508456116115727,ret_12m,main,109.6,full,1.0,2026-09-21
754.0,,001008,工银国企改革股票,0.3445798474742203,ret_12m,main,139.8,full,1.0,2026-09-21
755.0,,007345,富国科技创新灵活配置混合,0.34387764995376746,ret_12m,main,88.5,full,1.0,2026-09-21
756.0,,530011,建信内生动力混合A,0.3438023175169156,ret_12m,main,190.2,full,1.0,2026-09-21
757.0,,007497,中庚价值灵动灵活配置混合,0.3431912791640708,ret_12m,main,86.2,full,1.0,2026-09-21
758.0,,002446,广发利鑫灵活配置混合A,0.3431774647082375,ret_12m,main,126.0,full,1.0,2026-09-21
759.0,,000524,摩根民生需求股票A,0.3428547939647886,ret_12m,main,150.3,full,1.0,2026-09-21
760.0,,004784,招商稳健优选股票A,0.34213542649640094,ret_12m,main,108.0,full,1.0,2026-09-21
761.0,,010303,华泰柏瑞量化创盈混合A,0.3420511371824846,ret_12m,main,70.3,full,1.0,2026-09-21
762.0,,012221,瑞达行业轮动混合A,0.341799041924179,ret_12m,main,63.4,full,1.0,2026-09-21
763.0,,009893,大摩优悦安和混合A,0.341061960167534,ret_12m,main,71.9,full,1.0,2026-09-21
764.0,,501054,东方红睿泽三年持有混合A,0.340793374387826,ret_12m,main,103.7,full,1.0,2026-09-21
765.0,,162205,宏利风险预算混合,0.3406678461494572,ret_12m,main,257.5,full,1.0,2026-09-21
766.0,,010181,兴业优势产业混合A,0.3404242080008719,ret_12m,main,70.8,full,1.0,2026-09-21
767.0,,010925,兴银科技增长1个月滚动混合A,0.3395906608330328,ret_12m,main,67.1,full,1.0,2026-09-21
768.0,,000756,建信潜力新蓝筹股票A,0.33925001191635507,ret_12m,main,144.4,full,1.0,2026-09-21
769.0,,016568,嘉实碳中和主题混合A,0.3391118295926665,ret_12m,main,41.7,full,1.0,2026-09-21
770.0,,001053,南方创新经济,0.33906885174579116,ret_12m,main,138.0,full,1.0,2026-09-21
771.0,,011371,华商远见价值A,0.33862509218103565,ret_12m,main,63.2,full,1.0,2026-09-21
772.0,,005775,中加转型动力混合A,0.33822027008070465,ret_12m,main,96.5,full,1.0,2026-09-21
773.0,,010864,泓德卓远混合A,0.3377123805660134,ret_12m,main,69.0,full,1.0,2026-09-21
774.0,,004958,圆信永丰优享生活,0.33719031877729133,ret_12m,main,108.7,full,1.0,2026-09-21
775.0,,002863,金信深圳成长混合A,0.3370920563311983,ret_12m,main,117.0,full,1.0,2026-09-21
776.0,,001825,建信中国制造2025股票A,0.335869123659565,ret_12m,main,114.5,full,1.0,2026-09-21
777.0,,163411,兴全精选混合,0.33542646761061534,ret_12m,main,181.6,full,1.0,2026-09-21
778.0,,012835,招商景气精选股票A,0.33542437331082553,ret_12m,main,62.1,full,1.0,2026-09-21
779.0,,001731,广发百发大数据价值混合A,0.33529792553120297,ret_12m,main,111.2,full,1.0,2026-09-21
780.0,,016626,汇添富创新成长混合A,0.33521841623384474,ret_12m,main,45.2,full,1.0,2026-09-21
781.0,,002776,招商安荣混合A,0.33491469810929897,ret_12m,main,122.2,full,1.0,2026-09-21
782.0,,100060,富国高新技术产业混合,0.3347665800299249,ret_12m,main,170.8,full,1.0,2026-09-21
783.0,,010495,创金合信创新驱动股票A,0.334041169271146,ret_12m,main,68.7,full,1.0,2026-09-21
784.0,,002160,南方驱动混合,0.3339113214952949,ret_12m,main,126.0,full,1.0,2026-09-21
785.0,,519197,万家颐达灵活配置混合A,0.33107735335261124,ret_12m,main,123.6,full,1.0,2026-09-21
786.0,,023117,华安高端装备股票发起式A,0.3310353365781826,ret_12m,main,15.8,short,1.0,2026-09-21
787.0,,180020,银华成长先锋混合A,0.3309925986846569,ret_12m,main,191.4,full,1.0,2026-09-21
788.0,,019293,长江长扬混合发起A,0.3309383818035174,ret_12m,main,36.3,full,1.0,2026-09-21
789.0,,161810,银华内需精选混合(LOF)A,0.33086112187700034,ret_12m,main,205.5,full,1.0,2026-09-21
790.0,,016856,银河景气行业混合A,0.3305542607637957,ret_12m,main,45.7,full,1.0,2026-09-21
791.0,,000527,南方新优享灵活配置混合A,0.33044695128714396,ret_12m,main,150.8,full,1.0,2026-09-21
792.0,,001017,宏利改革动力混合A,0.3302717053056987,ret_12m,main,139.2,full,1.0,2026-09-21
793.0,,005343,长安裕盛灵活配置混合A,0.32977837892721396,ret_12m,main,105.7,full,1.0,2026-09-21
794.0,,001849,前海开源强势共识100强股票,0.32934749947221875,ret_12m,main,129.4,full,1.0,2026-09-21
795.0,,019367,长城均衡成长混合A,0.32893140142363597,ret_12m,main,32.9,short,1.0,2026-09-21
796.0,,700004,平安灵活配置混合A,0.3287183306094805,ret_12m,main,168.3,full,1.0,2026-09-21
797.0,,001365,大成正向回报灵活配置混合A,0.32871741158492984,ret_12m,main,134.5,full,1.0,2026-09-21
798.0,,010936,交银均衡成长一年混合A,0.3285487217361853,ret_12m,main,67.6,full,1.0,2026-09-21
799.0,,008467,博道嘉瑞混合A,0.32814807264728896,ret_12m,main,80.7,full,1.0,2026-09-21
800.0,,007895,嘉实价值成长混合,0.3280818612005263,ret_12m,main,84.4,full,1.0,2026-09-21
801.0,,013000,广发盛泽一年持有混合A,0.3273299658634592,ret_12m,main,53.8,full,1.0,2026-09-21
802.0,,002860,前海开源沪港深新机遇混合A,0.32630033165517314,ret_12m,main,120.7,full,1.0,2026-09-21
803.0,,501077,富国创新企业灵活配置混合(LOF)A,0.3253633074659912,ret_12m,main,87.4,full,1.0,2026-09-21
804.0,,000545,中邮核心竞争力灵活配置混合,0.32466139344535594,ret_12m,main,149.0,full,1.0,2026-09-21
805.0,,210004,金鹰稳健成长混合,0.32416941210976047,ret_12m,main,197.3,full,1.0,2026-09-21
806.0,,000574,宝盈新价值混合A,0.3239837557169305,ret_12m,main,149.4,full,1.0,2026-09-21
807.0,,014263,鑫元长三角混合A,0.32384400932116275,ret_12m,main,53.7,full,1.0,2026-09-21
808.0,,015043,西部利得时代动力混合发起A,0.3226580635710361,ret_12m,main,51.7,full,1.0,2026-09-21
809.0,,377240,摩根新兴动力混合A,0.32234972284678465,ret_12m,main,182.3,full,1.0,2026-09-21
810.0,,001173,中欧瑾和灵活配置混合A,0.3219839969903626,ret_12m,main,137.3,full,1.0,2026-09-21
811.0,,001744,诺安进取回报混合A,0.32101836029699937,ret_12m,main,119.8,full,1.0,2026-09-21
812.0,,002495,前海开源量化优选A,0.3208257526463585,ret_12m,main,110.6,full,1.0,2026-09-21
813.0,,012198,国金核心资产一年持有A,0.320373282338587,ret_12m,main,60.3,full,1.0,2026-09-21
814.0,,519679,银河主题混合A,0.3193536924217877,ret_12m,main,168.0,full,1.0,2026-09-21
815.0,,011122,汇添富ESG可持续成长股票A,0.31904701303844507,ret_12m,main,63.4,full,1.0,2026-09-21
816.0,,011284,中信保诚龙腾精选混合,0.31885994572207,ret_12m,main,65.7,full,1.0,2026-09-21
817.0,,019820,鹏华远见精选混合发起式A,0.3178267086591604,ret_12m,main,33.8,short,1.0,2026-09-21
818.0,,020138,永赢启鑫混合A,0.3175037274637582,ret_12m,main,27.6,short,1.0,2026-09-21
819.0,,013006,摩根景气甄选混合A,0.31742953889537295,ret_12m,main,60.7,full,1.0,2026-09-21
820.0,,007777,中邮研究精选混合,0.3173731590808342,ret_12m,main,84.3,full,1.0,2026-09-21
821.0,,002252,融通成长30灵活配置混合A,0.31651181789514493,ret_12m,main,129.3,full,1.0,2026-09-21
822.0,,005299,万家成长优选混合A,0.31618667710265136,ret_12m,main,103.6,full,1.0,2026-09-21
823.0,,013590,南方比较优势混合A,0.3159110888791332,ret_12m,main,55.4,full,1.0,2026-09-21
824.0,,012410,海富通成长领航混合A,0.3142635715398523,ret_12m,main,57.5,full,1.0,2026-09-21
825.0,,630010,华商价值精选混合,0.3139575362468985,ret_12m,main,183.7,full,1.0,2026-09-21
826.0,,519003,海富通收益增长混合,0.3133884772672615,ret_12m,main,270.3,full,1.0,2026-09-21
827.0,,011637,广发沪港深价值成长混合A,0.31326994992005464,ret_12m,main,63.0,full,1.0,2026-09-21
828.0,,009847,圆信永丰研究精选混合A,0.3127011903321635,ret_12m,main,72.8,full,1.0,2026-09-21
829.0,,001398,华泰柏瑞健康生活混合,0.3124759866558955,ret_12m,main,135.1,full,1.0,2026-09-21
830.0,,019257,恒越智选科技混合A,0.312434352323788,ret_12m,main,34.1,short,1.0,2026-09-21
831.0,,006281,万家人工智能混合A,0.31243267189264157,ret_12m,main,91.9,full,1.0,2026-09-21
832.0,,007850,方正富邦天睿混合A,0.31195652907617744,ret_12m,main,84.1,full,1.0,2026-09-21
833.0,,004205,东方支柱产业灵活配置混合,0.31189343224251,ret_12m,main,111.9,full,1.0,2026-09-21
834.0,,012528,广发鑫睿一年持有期混合A,0.3118627931644964,ret_12m,main,58.4,full,1.0,2026-09-21
835.0,,014478,中加低碳经济六个月持有混合A,0.3115522771922503,ret_12m,main,54.0,full,1.0,2026-09-21
836.0,,012844,工银瑞信恒兴6个月持有混合A,0.31148304645519875,ret_12m,main,61.1,full,1.0,2026-09-21
837.0,,019159,中欧产业领航混合A,0.3113359128598123,ret_12m,main,30.1,short,1.0,2026-09-21
838.0,,023448,上银资源精选混合发起式A,0.31110573377639406,ret_12m,main,18.0,short,1.0,2026-09-21
839.0,,002383,大成趋势回报灵活配置混合A,0.3105465493448709,ret_12m,main,126.0,full,1.0,2026-09-21
840.0,,018868,兴全品质甄选混合A,0.310437187413092,ret_12m,main,36.6,full,1.0,2026-09-21
841.0,,016485,中欧成长先锋混合A,0.3102824261355921,ret_12m,main,46.0,full,1.0,2026-09-21
842.0,,005634,汇安行业龙头混合A,0.3100034565659826,ret_12m,main,84.8,full,1.0,2026-09-21
843.0,,022292,前海开源优选领航股票A,0.3096793343893056,ret_12m,main,20.6,short,1.0,2026-09-21
844.0,,008065,汇添富中盘积极成长混合A,0.30947426861969407,ret_12m,main,78.3,full,1.0,2026-09-21
845.0,,010761,华商甄选回报混合A,0.3093789363357975,ret_12m,main,68.0,full,1.0,2026-09-21
846.0,,007808,华银量化优选灵活配置,0.3090145637685833,ret_12m,main,84.1,full,1.0,2026-09-21
847.0,,013607,广发睿恒进取一年持有期混合A,0.30899624102182255,ret_12m,main,55.4,full,1.0,2026-09-21
848.0,,009861,鹏华新兴成长混合A,0.30690190609550627,ret_12m,main,74.2,full,1.0,2026-09-21
849.0,,010878,诺德优势产业,0.3063120057732751,ret_12m,main,65.7,full,1.0,2026-09-21
850.0,,000936,博时产业新动力混合A,0.30602264455545414,ret_12m,main,139.8,full,1.0,2026-09-21
851.0,,000001,华夏成长混合,0.30564522507649783,ret_12m,main,297.1,full,1.0,2026-09-21
852.0,,001366,金鹰产业整合混合A,0.30562091245069745,ret_12m,main,135.2,full,1.0,2026-09-21
853.0,,519668,银河成长混合,0.30502995703548863,ret_12m,main,219.9,full,1.0,2026-09-21
854.0,,000601,华宝创新优选混合,0.3043985669835283,ret_12m,main,148.3,full,1.0,2026-09-21
855.0,,000963,兴业多策略混合,0.30437489867567225,ret_12m,main,139.9,full,1.0,2026-09-21
856.0,,014825,汇泉兴至未来一年持有混合A,0.3042893724548055,ret_12m,main,53.5,full,1.0,2026-09-21
857.0,,012647,中欧洞见一年持有混合,0.3040880934919381,ret_12m,main,58.9,full,1.0,2026-09-21
858.0,,000021,华夏优势增长混合,0.30399243492586203,ret_12m,main,237.9,full,1.0,2026-09-21
859.0,,011269,中银证券优势制造股票A,0.3038364484322633,ret_12m,main,62.5,full,1.0,2026-09-21
860.0,,010137,华泰柏瑞量化创享混合A,0.30383333236491117,ret_12m,main,68.7,full,1.0,2026-09-21
861.0,,005186,长安鑫兴混合A,0.3036171797878797,ret_12m,main,105.7,full,1.0,2026-09-21
862.0,,002145,诺安景鑫灵活配置混合,0.30350679953768567,ret_12m,main,129.4,full,1.0,2026-09-21
863.0,,001743,诺安优选回报混合A,0.30331224089337216,ret_12m,main,120.0,full,1.0,2026-09-21
864.0,,011277,上银科技驱动双周定期可赎回混合A,0.30280529216340857,ret_12m,main,63.4,full,1.0,2026-09-21
865.0,,024377,易方达科智量化选股股票发起式A,0.30189331184856405,ret_12m,main,15.6,short,1.0,2026-09-21
866.0,,005028,鹏华研究精选灵活配置混合,0.30174180035712284,ret_12m,main,107.4,full,1.0,2026-09-21
867.0,,000800,华商未来主题混合,0.30129697348755236,ret_12m,main,143.2,full,1.0,2026-09-21
868.0,,010944,招商商业模式优选A,0.3012026549739595,ret_12m,main,65.9,full,1.0,2026-09-21
869.0,,001532,华安文体健康混合A,0.3007101847245197,ret_12m,main,111.4,full,1.0,2026-09-21
870.0,,011373,招商前沿医疗保健股票A,0.30040287399000754,ret_12m,main,63.0,full,1.0,2026-09-21
871.0,,206009,鹏华新兴产业混合A,0.29968985923207425,ret_12m,main,183.2,full,1.0,2026-09-21
872.0,,165313,建信优势动力混合(LOF),0.29952648703340357,ret_12m,main,162.0,full,1.0,2026-09-21
873.0,,000011,华夏大盘精选混合A,0.2993756500675906,ret_12m,main,265.3,full,1.0,2026-09-21
874.0,,012519,大成核心趋势混合A,0.2992795212232322,ret_12m,main,62.7,full,1.0,2026-09-21
875.0,,410009,华富量子生命力混合A,0.29886811473611075,ret_12m,main,185.7,full,1.0,2026-09-21
876.0,,000654,华商新锐产业混合,0.2986749859441218,ret_12m,main,145.9,full,1.0,2026-09-21
877.0,,003889,汇安丰泽混合A,0.2986309001888967,ret_12m,main,116.2,full,1.0,2026-09-21
878.0,,009988,信澳蓝筹精选股票A,0.2986230973319315,ret_12m,main,72.4,full,1.0,2026-09-21
879.0,,018985,信澳双创智选混合A,0.29847187494822003,ret_12m,main,35.2,short,1.0,2026-09-21
880.0,,571002,诺德灵活配置混合,0.29844921507404787,ret_12m,main,214.5,full,1.0,2026-09-21
881.0,,016029,湘财成长优选一年持有混合A,0.29819298155346075,ret_12m,main,49.8,full,1.0,2026-09-21
882.0,,690001,民生加银品牌蓝筹混合A,0.2980293409400765,ret_12m,main,209.8,full,1.0,2026-09-21
883.0,,014773,华安品质领先混合A,0.2978638407617893,ret_12m,main,54.5,full,1.0,2026-09-21
884.0,,005001,交银持续成长主题混合A,0.29738320720438804,ret_12m,main,104.3,full,1.0,2026-09-21
885.0,,070027,嘉实周期优选混合,0.2971215249169856,ret_12m,main,177.4,full,1.0,2026-09-21
886.0,,018910,中欧科技成长混合A,0.29703485080116354,ret_12m,main,31.6,short,1.0,2026-09-21
887.0,,002939,广发创新升级混合,0.29653841765949696,ret_12m,main,120.9,full,1.0,2026-09-21
888.0,,007731,民生加银持续成长混合A,0.29644789080927336,ret_12m,main,83.9,full,1.0,2026-09-21
889.0,,015412,西部利得数字产业混合A,0.29618772927017356,ret_12m,main,50.8,full,1.0,2026-09-21
890.0,,017154,民生加银专精特新智选混合发起式A,0.29608144508323875,ret_12m,main,45.5,full,1.0,2026-09-21
891.0,,016311,中欧优质企业混合A,0.29559120557032537,ret_12m,main,49.0,full,1.0,2026-09-21
892.0,,022038,兴银数字经济智选混合发起A,0.2945225134926077,ret_12m,main,24.5,short,1.0,2026-09-21
893.0,,373020,摩根双核平衡混合A,0.2943737046386854,ret_12m,main,220.0,full,1.0,2026-09-21
894.0,,008261,招商研究优选股票A,0.29366823116630725,ret_12m,main,77.0,full,1.0,2026-09-21
895.0,,010967,博道嘉丰混合A,0.29296925205174085,ret_12m,main,67.6,full,1.0,2026-09-21
896.0,,006257,信澳先进智造股票型A,0.2928748877195315,ret_12m,main,92.1,full,1.0,2026-09-21
897.0,,202002,南方稳健成长贰号混合,0.2928021066150268,ret_12m,main,241.9,full,1.0,2026-09-21
898.0,,013641,博道成长智航股票A,0.2927638191259332,ret_12m,main,58.8,full,1.0,2026-09-21
899.0,,110010,易方达价值成长混合,0.2927610057560708,ret_12m,main,233.7,full,1.0,2026-09-21
900.0,,005638,农银汇理量化智慧动力混合,0.2924370694278726,ret_12m,main,101.9,full,1.0,2026-09-21
901.0,,001707,诺安高端制造股票A,0.2921123278229467,ret_12m,main,111.4,full,1.0,2026-09-21
902.0,,004496,前海开源多元策略混合A,0.2919811958041514,ret_12m,main,110.6,full,1.0,2026-09-21
903.0,,011229,创金合信数字经济主题股票A,0.2917813641015117,ret_12m,main,68.0,full,1.0,2026-09-21
904.0,,001028,华安物联网主题股票A,0.2916102806269709,ret_12m,main,138.2,full,1.0,2026-09-21
905.0,,040008,华安策略优选混合A,0.2908382336140405,ret_12m,main,229.1,full,1.0,2026-09-21
906.0,,202001,南方稳健成长混合,0.2904712385756636,ret_12m,main,299.8,full,1.0,2026-09-21
907.0,,014651,大成专精特新混合A,0.28986549974390874,ret_12m,main,55.8,full,1.0,2026-09-21
908.0,,519704,交银先进制造混合A,0.2898362723246952,ret_12m,main,183.0,full,1.0,2026-09-21
909.0,,010003,景顺长城电子信息产业股票A,0.28982275801672075,ret_12m,main,72.4,full,1.0,2026-09-21
910.0,,023036,中欧资源精选混合发起A,0.2895997380397233,ret_12m,main,20.0,short,1.0,2026-09-21
911.0,,161903,万家行业优选混合(LOF),0.28938351094240544,ret_12m,main,254.2,full,1.0,2026-09-21
912.0,,012064,圆信永丰兴诺一年持有期混合,0.28918637564059924,ret_12m,main,61.3,full,1.0,2026-09-21
913.0,,001667,南方转型增长混合A,0.28912731322279805,ret_12m,main,121.1,full,1.0,2026-09-21
914.0,,013495,信澳产业优选一年持有混合A,0.28902973029022005,ret_12m,main,54.4,full,1.0,2026-09-21
915.0,,008655,招商科技创新混合A,0.28847367555297665,ret_12m,main,79.3,full,1.0,2026-09-21
916.0,,010636,财通安盈混合A,0.28798730199668787,ret_12m,main,69.8,full,1.0,2026-09-21
917.0,,021665,中银周期优选混合发起A,0.28776700297541047,ret_12m,main,24.0,short,1.0,2026-09-21
918.0,,160610,鹏华动力增长混合(LOF),0.28770903365080147,ret_12m,main,236.4,full,1.0,2026-09-21
919.0,,519110,浦银价值成长混合A,0.28706783428000526,ret_12m,main,221.2,full,1.0,2026-09-21
920.0,,630008,华商策略精选混合,0.28663911897973526,ret_12m,main,190.4,full,1.0,2026-09-21
921.0,,001677,中银战略新兴产业股票A,0.2865409242280834,ret_12m,main,129.8,full,1.0,2026-09-21
922.0,,017667,鹏华新材料混合发起式A,0.28616623227728266,ret_12m,main,41.8,full,1.0,2026-09-21
923.0,,001302,前海开源金银珠宝混合A,0.2859893303646137,ret_12m,main,134.4,full,1.0,2026-09-21
924.0,,011011,融通产业趋势精选混合A,0.2857113318813349,ret_12m,main,66.2,full,1.0,2026-09-21
925.0,,019113,东财慧心优选A,0.285537961379402,ret_12m,main,34.7,short,1.0,2026-09-21
926.0,,009863,富国创新趋势股票A,0.28470699120551046,ret_12m,main,73.8,full,1.0,2026-09-21
927.0,,007146,鹏华研究智选混合,0.28413619717892336,ret_12m,main,88.5,full,1.0,2026-09-21
928.0,,003292,嘉实优势成长混合A,0.28378866422784976,ret_12m,main,117.7,full,1.0,2026-09-21
929.0,,018971,富国致弘量化选股股票A,0.28370083814299063,ret_12m,main,36.5,full,1.0,2026-09-21
930.0,,006401,先锋量化优选混合A,0.2834230941114413,ret_12m,main,88.2,full,1.0,2026-09-21
931.0,,630005,华商动态阿尔法混合,0.2829219528509168,ret_12m,main,201.9,full,1.0,2026-09-21
932.0,,001373,易方达新丝路灵活配置混合,0.28272681988894344,ret_12m,main,135.9,full,1.0,2026-09-21
933.0,,000408,民生加银城镇化混合A,0.28246547504922725,ret_12m,main,153.3,full,1.0,2026-09-21
934.0,,003145,国联竞争优势,0.28211806240373716,ret_12m,main,120.4,full,1.0,2026-09-21
935.0,,015357,摩根慧享成长混合A,0.2820882616643752,ret_12m,main,49.0,full,1.0,2026-09-21
936.0,,375010,摩根中国优势混合A,0.2818393169517397,ret_12m,main,264.2,full,1.0,2026-09-21
937.0,,002669,华商万众创新混合A,0.2816992213907523,ret_12m,main,122.8,full,1.0,2026-09-21
938.0,,007449,兴全多维价值混合A,0.28162148891399297,ret_12m,main,87.3,full,1.0,2026-09-21
939.0,,017751,长城创新成长混合A,0.28145341117381784,ret_12m,main,39.8,full,1.0,2026-09-21
940.0,,021642,富国资源精选混合发起式A,0.281304628352504,ret_12m,main,26.0,short,1.0,2026-09-21
941.0,,001322,东吴新趋势价值线混合,0.2812745447214824,ret_12m,main,134.7,full,1.0,2026-09-21
942.0,,000066,诺安鸿鑫混合A,0.2810605174152234,ret_12m,main,160.6,full,1.0,2026-09-21
943.0,,020231,大摩景气智选混合A,0.2809730169023501,ret_12m,main,16.2,short,1.0,2026-09-21
944.0,,010488,鹏华优选成长混合A,0.2808965904356371,ret_12m,main,69.2,full,1.0,2026-09-21
945.0,,200001,长城久恒灵活配置混合A,0.2806882803864674,ret_12m,main,274.7,full,1.0,2026-09-21
946.0,,166301,华商新趋势优选灵活配置混合,0.2805489043030551,ret_12m,main,168.5,full,1.0,2026-09-21
947.0,,001402,中信保诚新选混合A,0.27959346422858666,ret_12m,main,135.6,full,1.0,2026-09-21
948.0,,014341,摩根时代睿选股票A,0.27929942108804195,ret_12m,main,39.3,full,1.0,2026-09-21
949.0,,630011,华商主题精选混合,0.2789186782894755,ret_12m,main,171.7,full,1.0,2026-09-21
950.0,,398011,中海分红增利混合,0.2787319534588648,ret_12m,main,255.2,full,1.0,2026-09-21
951.0,,660005,农银中小盘混合,0.2786816066093325,ret_12m,main,197.9,full,1.0,2026-09-21
952.0,,002030,中信保诚新选混合B,0.2781808580117837,ret_12m,main,130.2,full,1.0,2026-09-21
953.0,,007875,国融融兴混合A,0.2778172797407006,ret_12m,main,82.5,full,1.0,2026-09-21
954.0,,004987,诺德新享灵活配置混合,0.2777746636182852,ret_12m,main,109.4,full,1.0,2026-09-21
955.0,,010088,工银优质成长混合A,0.27729739493147143,ret_12m,main,69.9,full,1.0,2026-09-21
956.0,,002512,长城久润混合A,0.27712574868151507,ret_12m,main,124.8,full,1.0,2026-09-21
957.0,,022327,宏利高端装备股票A,0.27707183474746655,ret_12m,main,20.1,short,1.0,2026-09-21
958.0,,011862,南方蓝筹成长混合A,0.2769841379983482,ret_12m,main,59.9,full,1.0,2026-09-21
959.0,,012500,博时汇荣回报混合A,0.2764519119227724,ret_12m,main,60.9,full,1.0,2026-09-21
960.0,,013323,国寿安保盛泽三年持有混合A,0.2757252785315123,ret_12m,main,56.1,full,1.0,2026-09-21
961.0,,379010,摩根中小盘混合A,0.27566660855525504,ret_12m,main,212.0,full,1.0,2026-09-21
962.0,,004683,建信高端医疗股票A,0.27523147400149406,ret_12m,main,110.1,full,1.0,2026-09-21
963.0,,481008,工银大盘蓝筹混合,0.27515022160558567,ret_12m,main,217.6,full,1.0,2026-09-21
964.0,,004434,博时逆向投资混合A,0.27496514927003846,ret_12m,main,113.2,full,1.0,2026-09-21
965.0,,010808,达诚策略先锋混合A,0.27488626026755525,ret_12m,main,68.9,full,1.0,2026-09-21
966.0,,006429,诺安恒鑫混合A,0.2748261433102801,ret_12m,main,88.7,full,1.0,2026-09-21
967.0,,011216,南方优质企业混合A,0.27480309411354753,ret_12m,main,66.4,full,1.0,2026-09-21
968.0,,004423,华商研究精选灵活配置A,0.2744855979603684,ret_12m,main,111.9,full,1.0,2026-09-21
969.0,,004476,景顺长城沪港深领先科技股票A,0.2743531298183577,ret_12m,main,110.5,full,1.0,2026-09-21
970.0,,014187,华夏量化优选股票A,0.2736309566161166,ret_12m,main,57.2,full,1.0,2026-09-21
971.0,,002703,长城久源灵活配置混合A,0.27326073786797456,ret_12m,main,123.0,full,1.0,2026-09-21
972.0,,001275,中邮创新优势灵活配置混合,0.2728804901841335,ret_12m,main,134.0,full,1.0,2026-09-21
973.0,,001421,南方量化成长股票A,0.27279724229671576,ret_12m,main,134.8,full,1.0,2026-09-21
974.0,,014144,长信先进装备三个月持有混合A,0.272781088321441,ret_12m,main,57.7,full,1.0,2026-09-21
975.0,,010299,南方产业升级混合A,0.2726813859334509,ret_12m,main,69.5,full,1.0,2026-09-21
976.0,,011884,工银景气优选混合A,0.272486924590299,ret_12m,main,62.0,full,1.0,2026-09-21
977.0,,001069,华泰柏瑞消费成长混合,0.2720570044847115,ret_12m,main,136.1,full,1.0,2026-09-21
978.0,,001809,中信建投智信物联网A,0.27203483298963493,ret_12m,main,121.6,full,1.0,2026-09-21
979.0,,005953,人保转型新动力混合A,0.27194885581114847,ret_12m,main,99.0,full,1.0,2026-09-21
980.0,,011304,工银创新成长混合A,0.271674175766492,ret_12m,main,67.5,full,1.0,2026-09-21
981.0,,005290,诺德新盛灵活配置混合A,0.27157676281948406,ret_12m,main,105.0,full,1.0,2026-09-21
982.0,,012985,平安优势回报1年持有混合A,0.27114374102898964,ret_12m,main,60.9,full,1.0,2026-09-21
983.0,,005729,南方人工智能混合,0.27097503284382385,ret_12m,main,95.3,full,1.0,2026-09-21
984.0,,005805,华泰柏瑞医疗健康A,0.2709012353531257,ret_12m,main,98.9,full,1.0,2026-09-21
985.0,,166001,中欧新趋势混合A,0.26973935231832225,ret_12m,main,235.7,full,1.0,2026-09-21
986.0,,018706,兴银先进制造智选混合发起A,0.2690948004912177,ret_12m,main,28.2,short,1.0,2026-09-21
987.0,,022490,华商恒鑫回报混合A,0.2687191761555294,ret_12m,main,18.6,short,1.0,2026-09-21
988.0,,012186,招商品质成长混合A,0.26672873006666253,ret_12m,main,59.9,full,1.0,2026-09-21
989.0,,009054,圆信永丰沣泰A,0.26642095777683217,ret_12m,main,76.7,full,1.0,2026-09-21
990.0,,011786,工银聚安混合A,0.2663681128410149,ret_12m,main,61.4,full,1.0,2026-09-21
991.0,,000549,华安大国新经济股票A,0.2660192436708453,ret_12m,main,149.3,full,1.0,2026-09-21
992.0,,018999,万家趋势领先混合A,0.26588093869046814,ret_12m,main,31.6,short,1.0,2026-09-21
993.0,,519672,银河蓝筹混合A,0.2652028296349065,ret_12m,main,194.2,full,1.0,2026-09-21
994.0,,000199,国泰量化策略收益混合A,0.2650868274052942,ret_12m,main,157.3,full,1.0,2026-09-21
995.0,,016117,贝莱德先进制造一年持有混合A,0.26507253540524967,ret_12m,main,48.7,full,1.0,2026-09-21
996.0,,260112,景顺长城能源基建混合A,0.2645340150432638,ret_12m,main,203.0,full,1.0,2026-09-21
997.0,,519908,华夏兴华混合A,0.2640994399767429,ret_12m,main,160.2,full,1.0,2026-09-21
998.0,,005609,富国军工主题混合A,0.26397899880340403,ret_12m,main,101.8,full,1.0,2026-09-21
999.0,,003293,易方达科瑞混合,0.2637368531335267,ret_12m,main,116.5,full,1.0,2026-09-21
1000.0,,000689,前海开源新经济混合A,0.2634983461454239,ret_12m,main,145.1,full,1.0,2026-09-21
1001.0,,005660,嘉实资源精选股票A,0.26349452199317414,ret_12m,main,95.0,full,1.0,2026-09-21
1002.0,,000073,摩根成长动力混合A,0.2632770515435252,ret_12m,main,160.2,full,1.0,2026-09-21
1003.0,,009601,招商科技动力3个月滚动持有股票A,0.2631643606652001,ret_12m,main,72.2,full,1.0,2026-09-21
1004.0,,481017,工银量化策略混合A,0.26309245661256364,ret_12m,main,172.8,full,1.0,2026-09-21
1005.0,,014389,华安产业动力6个月持有混合A,0.2629639509225279,ret_12m,main,56.9,full,1.0,2026-09-21
1006.0,,610001,信澳领先增长混合A,0.2627012438813381,ret_12m,main,234.5,full,1.0,2026-09-21
1007.0,,009360,招商创新增长混合A,0.2619089765158851,ret_12m,main,75.1,full,1.0,2026-09-21
1008.0,,630002,华商盛世成长混合,0.2618406193442244,ret_12m,main,215.9,full,1.0,2026-09-21
1009.0,,166002,中欧新蓝筹混合A,0.2616108232549563,ret_12m,main,217.9,full,1.0,2026-09-21
1010.0,,005743,长安裕隆混合A,0.26143649205463904,ret_12m,main,96.6,full,1.0,2026-09-21
1011.0,,150968,银河研究精选混合A,0.26137287370132567,ret_12m,main,109.1,full,1.0,2026-09-21
1012.0,,013269,交银瑞和三年持有期混合,0.26126941368210965,ret_12m,main,54.7,full,1.0,2026-09-21
1013.0,,000006,西部利得量化成长混合A,0.2611981959761538,ret_12m,main,90.1,full,1.0,2026-09-21
1014.0,,009750,汇安价值蓝筹混合A,0.26119560630808136,ret_12m,main,73.7,full,1.0,2026-09-21
1015.0,,501080,中金科创主题灵活配置混合(LOF),0.26066930502498464,ret_12m,main,86.4,full,1.0,2026-09-21
1016.0,,009188,鹏华股息精选混合,0.2600471756716871,ret_12m,main,76.5,full,1.0,2026-09-21
1017.0,,470021,汇添富优选回报混合A,0.2598935840537131,ret_12m,main,163.9,full,1.0,2026-09-21
1018.0,,013345,富荣信息技术混合A,0.25980696904396905,ret_12m,main,58.8,full,1.0,2026-09-21
1019.0,,519642,银河智造混合A,0.2596975321905344,ret_12m,main,126.4,full,1.0,2026-09-21
1020.0,,010286,海富通成长价值混合A,0.2593199281611185,ret_12m,main,69.1,full,1.0,2026-09-21
1021.0,,050014,博时创业成长混合A,0.25930081149903983,ret_12m,main,195.7,full,1.0,2026-09-21
1022.0,,001536,南方君选,0.25920530248695317,ret_12m,main,127.6,full,1.0,2026-09-21
1023.0,,018827,鑫元科技创新混合A,0.25875677697836164,ret_12m,main,36.6,full,1.0,2026-09-21
1024.0,,009486,光大瑞和混合A,0.2584293313582786,ret_12m,main,74.7,full,1.0,2026-09-21
1025.0,,002305,光大风格轮动混合A,0.2583888018839333,ret_12m,main,127.5,full,1.0,2026-09-21
1026.0,,012223,信澳成长精选混合A,0.2583769801779485,ret_12m,main,60.4,full,1.0,2026-09-21
1027.0,,000039,农银高增长混合,0.2580135963107244,ret_12m,main,161.9,full,1.0,2026-09-21
1028.0,,580001,东吴嘉禾优势精选混合A,0.25771051222850505,ret_12m,main,259.6,full,1.0,2026-09-21
1029.0,,010186,嘉实核心成长混合A,0.257575946521007,ret_12m,main,70.8,full,1.0,2026-09-21
1030.0,,001323,东吴移动互联混合A,0.25704722571101546,ret_12m,main,135.9,full,1.0,2026-09-21
1031.0,,005910,广发龙头优选混合A,0.25672749123345295,ret_12m,main,97.4,full,1.0,2026-09-21
1032.0,,016592,长城远见成长混合A,0.2565587469720929,ret_12m,main,47.8,full,1.0,2026-09-21
1033.0,,090018,大成新锐产业混合A,0.2563263584324278,ret_12m,main,174.1,full,1.0,2026-09-21
1034.0,,003886,汇安丰利混合A,0.2561885859291906,ret_12m,main,117.1,full,1.0,2026-09-21
1035.0,,001601,鑫元鑫新收益灵活配置混合A,0.2561537716626119,ret_12m,main,134.2,full,1.0,2026-09-21
1036.0,,519670,银河行业混合A,0.2556616792062689,ret_12m,main,208.9,full,1.0,2026-09-21
1037.0,,012239,惠升优势企业一年持有期混合,0.2552967908697885,ret_12m,main,62.5,full,1.0,2026-09-21
1038.0,,001938,中欧时代先锋股票A,0.2551920958011922,ret_12m,main,130.6,full,1.0,2026-09-21
1039.0,,005437,易方达易百智能量化策略A,0.2551692172134845,ret_12m,main,103.9,full,1.0,2026-09-21
1040.0,,019535,东方红新兴成长混合A,0.2547372942141306,ret_12m,main,14.7,short,1.0,2026-09-21
1041.0,,021965,泓德智选启鑫混合A,0.2546224386562872,ret_12m,main,19.5,short,1.0,2026-09-21
1042.0,,006801,前海联合科技先锋混合A,0.25458150415878666,ret_12m,main,85.3,full,1.0,2026-09-21
1043.0,,010148,浙商智选经济动能混合A,0.2545553875193678,ret_12m,main,67.6,full,1.0,2026-09-21
1044.0,,024437,华安竞争优势混合A,0.25319551034151444,ret_12m,main,15.0,short,0.9723,2026-09-21
1045.0,,233011,大摩主题优选混合,0.2530999834245633,ret_12m,main,174.3,full,1.0,2026-09-21
1046.0,,006371,长安鑫盈混合A,0.25299144820067676,ret_12m,main,86.1,full,1.0,2026-09-21
1047.0,,161610,融通领先成长混合(LOF)A,0.25257375754566236,ret_12m,main,231.8,full,1.0,2026-09-21
1048.0,,260117,景顺长城支柱产业混合A,0.2519194231246342,ret_12m,main,166.0,full,1.0,2026-09-21
1049.0,,010049,长城成长先锋混合A,0.2517426221028123,ret_12m,main,72.4,full,1.0,2026-09-21
1050.0,,260115,景顺长城中小盘混合A,0.2516940601312325,ret_12m,main,186.0,full,1.0,2026-09-21
1051.0,,001158,工银新材料新能源股票,0.2515661248954606,ret_12m,main,136.8,full,1.0,2026-09-21
1052.0,,018148,百嘉百瑞混合发起式A,0.2515345575195276,ret_12m,main,36.8,full,1.0,2026-09-21
1053.0,,009998,摩根慧见两年持有期混合,0.2515334266119553,ret_12m,main,72.1,full,1.0,2026-09-21
1054.0,,014232,博时专精特新主题混合A,0.2514032476694483,ret_12m,main,57.5,full,1.0,2026-09-21
1055.0,,015973,工银恒嘉一年持有混合A,0.2507372922019422,ret_12m,main,44.1,full,1.0,2026-09-21
1056.0,,519909,华安安顺灵活配置混合A,0.2506599452839706,ret_12m,main,147.4,full,1.0,2026-09-21
1057.0,,320001,诺安平衡混合A,0.25037126470701243,ret_12m,main,268.0,full,1.0,2026-09-21
1058.0,,014792,华泰柏瑞匠心臻选混合A,0.25027376752829245,ret_12m,main,50.8,full,1.0,2026-09-21
1059.0,,009353,浙商科创一个月滚动持有混合A,0.2501175958826387,ret_12m,main,71.7,full,1.0,2026-09-21
1060.0,,012905,金鹰睿选成长六个月持有混合A,0.2499419715263531,ret_12m,main,39.4,full,1.0,2026-09-21
1061.0,,015408,景顺长城成长趋势股票A,0.24970513531193061,ret_12m,main,37.9,full,1.0,2026-09-21
1062.0,,070021,嘉实主题新动力混合,0.24906414518495268,ret_12m,main,189.5,full,1.0,2026-09-21
1063.0,,001208,诺安低碳经济股票A,0.2490522334187275,ret_12m,main,136.3,full,1.0,2026-09-21
1064.0,,000925,汇添富外延增长股票A,0.24881135330714654,ret_12m,main,141.4,full,1.0,2026-09-21
1065.0,,012917,平安优势领航1年持有混合A,0.24842288115418087,ret_12m,main,60.9,full,1.0,2026-09-21
1066.0,,000652,博时裕隆灵活配置混合A,0.2480048826832686,ret_12m,main,146.6,full,1.0,2026-09-21
1067.0,,019387,中欧时代共赢混合发起A1,0.24777302462417916,ret_12m,main,33.8,short,1.0,2026-09-21
1068.0,,202213,南方核心竞争混合,0.24770618133911615,ret_12m,main,165.0,full,1.0,2026-09-21
1069.0,,290008,泰信发展主题混合,0.24761164001141456,ret_12m,main,189.2,full,1.0,2026-09-21
1070.0,,013513,长安先进制造混合A,0.24743516499027973,ret_12m,main,58.8,full,1.0,2026-09-21
1071.0,,217013,招商中小盘混合,0.2473851980003674,ret_12m,main,200.9,full,1.0,2026-09-21
1072.0,,014049,中银远见成长混合A,0.2461486941350881,ret_12m,main,51.9,full,1.0,2026-09-21
1073.0,,014207,华安产业精选混合A,0.24612494324656153,ret_12m,main,56.7,full,1.0,2026-09-21
1074.0,,020424,方正富邦致盛混合A,0.2460476192474499,ret_12m,main,31.5,short,1.0,2026-09-21
1075.0,,007066,浦银先进制造混合A,0.24587600486439576,ret_12m,main,80.2,full,1.0,2026-09-21
1076.0,,003624,创金合信资源股票发起式A,0.2455831551497798,ret_12m,main,118.6,full,1.0,2026-09-21
1077.0,,013693,博道盛兴一年持有期混合,0.24542900966821724,ret_12m,main,54.5,full,1.0,2026-09-21
1078.0,,001466,华富永鑫灵活配置混合A,0.2451492564642197,ret_12m,main,135.2,full,1.0,2026-09-21
1079.0,,110009,易方达价值精选混合,0.2451175319323935,ret_12m,main,243.3,full,1.0,2026-09-21
1080.0,,360012,光大中小盘混合A,0.24487149904167205,ret_12m,main,197.3,full,1.0,2026-09-21
1081.0,,005402,广发资源优选股票A,0.24483917775382324,ret_12m,main,105.2,full,1.0,2026-09-21
1082.0,,018424,路博迈中国机遇混合A,0.24476495924158526,ret_12m,main,39.2,full,1.0,2026-09-21
1083.0,,320003,诺安先锋混合A,0.24426586351208202,ret_12m,main,249.1,full,1.0,2026-09-21
1084.0,,169105,东方红睿华沪港深混合(LOF)A,0.24426257995953016,ret_12m,main,121.6,full,1.0,2026-09-21
1085.0,,004936,中航混改精选混合A,0.2442538556518412,ret_12m,main,105.2,full,1.0,2026-09-21
1086.0,,012454,淳厚鑫悦混合A,0.24364862408778243,ret_12m,main,59.0,full,1.0,2026-09-21
1087.0,,016560,永赢启源混合发起A,0.24359345777242924,ret_12m,main,36.8,full,1.0,2026-09-21
1088.0,,007012,湘财长顺混合发起式A,0.2433975457295141,ret_12m,main,89.8,full,1.0,2026-09-21
1089.0,,290014,泰信现代服务业混合,0.2430264262578341,ret_12m,main,163.4,full,1.0,2026-09-21
1090.0,,007074,国寿安保新蓝筹混合,0.24274774466413396,ret_12m,main,87.8,full,1.0,2026-09-21
1091.0,,001304,建信鑫安回报灵活配置混合A,0.24254187243408443,ret_12m,main,136.3,full,1.0,2026-09-21
1092.0,,200010,长城双动力混合A,0.24243463492035033,ret_12m,main,212.2,full,1.0,2026-09-21
1093.0,,014734,广发睿合混合A,0.24234133525601553,ret_12m,main,53.9,full,1.0,2026-09-21
1094.0,,012124,博道盛彦混合A,0.2417056240370612,ret_12m,main,63.7,full,1.0,2026-09-21
1095.0,,017801,汇添富战略精选中小盘市值3年持有混合发起A,0.24149825396540092,ret_12m,main,42.0,full,1.0,2026-09-21
1096.0,,002258,大成国企改革灵活配置混合A,0.24113107641454112,ret_12m,main,108.0,full,1.0,2026-09-21
1097.0,,020698,国泰海通科创板量化选股股票发起A,0.24091542174888425,ret_12m,main,29.2,short,1.0,2026-09-21
1098.0,,023524,广发制造智选股票发起式A,0.24055482865981492,ret_12m,main,18.3,short,1.0,2026-09-21
1099.0,,002031,华夏策略混合,0.24048991014215693,ret_12m,main,214.9,full,1.0,2026-09-21
1100.0,,019747,华西优选价值混合发起A,0.24037139510238603,ret_12m,main,34.4,short,1.0,2026-09-21
1101.0,,001181,南方改革机遇,0.2403087443748888,ret_12m,main,136.1,full,1.0,2026-09-21
1102.0,,011401,汇添富成长精选混合A,0.24022169022149176,ret_12m,main,67.4,full,1.0,2026-09-21
1103.0,,673081,西部利得祥运混合A,0.23975487152213137,ret_12m,main,117.5,full,1.0,2026-09-21
1104.0,,011196,摩根优势成长混合A,0.2397499200369526,ret_12m,main,64.3,full,1.0,2026-09-21
1105.0,,005161,华商上游产业股票A,0.23973521675771825,ret_12m,main,104.8,full,1.0,2026-09-21
1106.0,,003713,英大睿盛A,0.23967419140389934,ret_12m,main,117.7,full,1.0,2026-09-21
1107.0,,016464,兴全合瑞混合A,0.2390925037625602,ret_12m,main,48.5,full,1.0,2026-09-21
1108.0,,014668,银华专精特新量化优选股票发起A,0.2390382348637765,ret_12m,main,50.1,full,1.0,2026-09-21
1109.0,,002103,招商康泰灵活配置混合,0.23869274599363277,ret_12m,main,127.5,full,1.0,2026-09-21
1110.0,,001192,摩根整合驱动混合A,0.23750740190375685,ret_12m,main,137.0,full,1.0,2026-09-21
1111.0,,240009,华宝先进成长混合,0.23743106522239366,ret_12m,main,238.5,full,1.0,2026-09-21
1112.0,,009556,兴全合丰三年持有混合,0.23727589461911003,ret_12m,main,72.8,full,1.0,2026-09-21
1113.0,,004332,恒生沪港深新兴产业精选混合,0.23708112514220225,ret_12m,main,113.7,full,1.0,2026-09-21
1114.0,,018401,嘉实成长驱动混合A,0.23673473273064793,ret_12m,main,36.0,short,1.0,2026-09-21
1115.0,,008314,摩根慧选成长股票A,0.23644715136211447,ret_12m,main,80.0,full,1.0,2026-09-21
1116.0,,011446,长江新能源产业混合发起A,0.23592022436268079,ret_12m,main,65.2,full,1.0,2026-09-21
1117.0,,009882,华润元大核心动力混合A,0.23589931645028428,ret_12m,main,72.9,full,1.0,2026-09-21
1118.0,,012033,广发睿盛混合A,0.23586959994628454,ret_12m,main,59.8,full,1.0,2026-09-21
1119.0,,013680,华安品质甄选混合A,0.23567632622878998,ret_12m,main,50.1,full,1.0,2026-09-21
1120.0,,010412,汇安均衡优选混合A,0.235573563535606,ret_12m,main,67.4,full,1.0,2026-09-21
1121.0,,006230,鹏华研究驱动混合,0.23544872972619202,ret_12m,main,96.2,full,1.0,2026-09-21
1122.0,,000595,嘉实泰和混合,0.23530851808177955,ret_12m,main,148.7,full,1.0,2026-09-21
1123.0,,004707,景顺长城睿成混合A,0.23505185327749967,ret_12m,main,106.3,full,1.0,2026-09-21
1124.0,,000328,摩根转型动力混合A,0.23495803449178965,ret_12m,main,153.9,full,1.0,2026-09-21
1125.0,,011975,广发均衡回报混合A,0.2346598765633492,ret_12m,main,62.9,full,1.0,2026-09-21
1126.0,,012820,汇添富价值领先混合,0.234476825895634,ret_12m,main,61.1,full,1.0,2026-09-21
1127.0,,005211,银河智慧混合A,0.2343769498160546,ret_12m,main,105.7,full,1.0,2026-09-21
1128.0,,010665,博时高端装备混合A,0.23346256828096879,ret_12m,main,69.4,full,1.0,2026-09-21
1129.0,,010455,博时产业精选混合A,0.23313515591343936,ret_12m,main,70.5,full,1.0,2026-09-21
1130.0,,370024,摩根核心优选混合A,0.23300628191783535,ret_12m,main,165.7,full,1.0,2026-09-21
1131.0,,013687,平安成长龙头1年持有混合A,0.23292538905510107,ret_12m,main,57.7,full,1.0,2026-09-21
1132.0,,005571,中银证券新能源混合A,0.23263132728130742,ret_12m,main,97.6,full,1.0,2026-09-21
1133.0,,161038,富国新兴成长量化精选混合(LOF)A,0.2324741298969104,ret_12m,main,110.0,full,1.0,2026-09-21
1134.0,,501098,建信优享科技创新混合(LOF),0.23229306644217873,ret_12m,main,77.9,full,1.0,2026-09-21
1135.0,,001725,汇添富高端制造股票A,0.23174442226389047,ret_12m,main,114.1,full,1.0,2026-09-21
1136.0,,001758,嘉实研究增强混合,0.23152789682149777,ret_12m,main,117.7,full,1.0,2026-09-21
1137.0,,012426,南方价值臻选混合A,0.23090740693991152,ret_12m,main,63.0,full,1.0,2026-09-21
1138.0,,011450,招商企业优选混合A,0.23078693361831282,ret_12m,main,65.1,full,1.0,2026-09-21
1139.0,,014950,汇安润阳三年持有期混合A,0.23045854976780222,ret_12m,main,53.7,full,1.0,2026-09-21
1140.0,,151001,银河稳健混合A,0.23019484831314707,ret_12m,main,277.6,full,1.0,2026-09-21
1141.0,,378010,摩根成长先锋混合A,0.2299329083209971,ret_12m,main,240.0,full,1.0,2026-09-21
1142.0,,003561,诺德成长精选A,0.22987834300048804,ret_12m,main,114.9,full,1.0,2026-09-21
1143.0,,010377,广发价值核心混合A,0.2293781087746154,ret_12m,main,67.9,full,1.0,2026-09-21
1144.0,,090003,大成蓝筹稳健混合A,0.22932127810182235,ret_12m,main,267.6,full,1.0,2026-09-21
1145.0,,519013,海富通风格优势混合,0.2288988107937029,ret_12m,main,239.1,full,1.0,2026-09-21
1146.0,,570005,诺德成长优势混合,0.2288695644301495,ret_12m,main,204.0,full,1.0,2026-09-21
1147.0,,022269,中信保诚周期优选混合A,0.22814961244873677,ret_12m,main,22.5,short,1.0,2026-09-21
1148.0,,013899,摩根全景优势股票A,0.2280170692717678,ret_12m,main,56.3,full,1.0,2026-09-21
1149.0,,000136,民生加银策略精选混合A,0.22787426160095126,ret_12m,main,159.5,full,1.0,2026-09-21
1150.0,,470028,汇添富社会责任混合A,0.2275450878791856,ret_12m,main,185.8,full,1.0,2026-09-21
1151.0,,020560,万家高端装备量化选股混合发起式A,0.22742270713953316,ret_12m,main,32.1,short,1.0,2026-09-21
1152.0,,000462,农银主题轮动混合A,0.22737408237546952,ret_12m,main,137.4,full,1.0,2026-09-21
1153.0,,003842,中邮景泰灵活配置混合A,0.2273064269922227,ret_12m,main,116.7,full,1.0,2026-09-21
1154.0,,008120,万家自主创新混合A,0.22722789366943053,ret_12m,main,79.3,full,1.0,2026-09-21
1155.0,,002407,前海开源恒远灵活配置混合,0.22718151288162303,ret_12m,main,125.8,full,1.0,2026-09-21
1156.0,,014062,景顺长城专精特新量化优选股票A,0.22695867452196938,ret_12m,main,57.9,full,1.0,2026-09-21
1157.0,,003053,嘉实文体娱乐股票A,0.22655861771283292,ret_12m,main,120.4,full,1.0,2026-09-21
1158.0,,009327,东兴兴晟混合A,0.2263246545708666,ret_12m,main,73.5,full,1.0,2026-09-21
1159.0,,519224,海富通欣荣混合A,0.2260487488158871,ret_12m,main,120.0,full,1.0,2026-09-21
1160.0,,530016,建信恒稳价值混合,0.22574992033174168,ret_12m,main,178.0,full,1.0,2026-09-21
1161.0,,003115,光大诚鑫混合A,0.22554969277510328,ret_12m,main,117.2,full,1.0,2026-09-21
1162.0,,360007,光大优势配置混合A,0.22553010441775845,ret_12m,main,228.9,full,1.0,2026-09-21
1163.0,,000978,景顺长城量化精选股票A,0.22531811073990027,ret_12m,main,139.5,full,1.0,2026-09-21
1164.0,,002838,华夏新锦程混合A,0.2250941140510785,ret_12m,main,121.4,full,1.0,2026-09-21
1165.0,,009341,易方达均衡成长股票,0.2247729798814646,ret_12m,main,76.0,full,1.0,2026-09-21
1166.0,,001811,中欧明睿新常态混合A,0.2244456499323655,ret_12m,main,126.6,full,1.0,2026-09-21
1167.0,,010587,鹏扬先进制造混合A,0.22400036120122957,ret_12m,main,67.6,full,1.0,2026-09-21
1168.0,,530005,建信优化配置混合A,0.22372633282956844,ret_12m,main,234.7,full,1.0,2026-09-21
1169.0,,019985,蜂巢趋势臻选混合A,0.22371145498326372,ret_12m,main,28.9,short,1.0,2026-09-21
1170.0,,013916,国联成长先锋一年持有混合A,0.223706213518299,ret_12m,main,53.1,full,1.0,2026-09-21
1171.0,,519697,交银优势行业混合,0.22370063153482755,ret_12m,main,212.0,full,1.0,2026-09-21
1172.0,,023129,富国致盛量化选股股票A,0.22353945433229705,ret_12m,main,17.2,short,1.0,2026-09-21
1173.0,,001255,长城改革红利混合A,0.22339772739756336,ret_12m,main,135.4,full,1.0,2026-09-21
1174.0,,012428,华夏核心制造混合A,0.22332030625444466,ret_12m,main,63.0,full,1.0,2026-09-21
1175.0,,013534,鹏华沃鑫混合A,0.22327839537548644,ret_12m,main,57.0,full,1.0,2026-09-21
1176.0,,005674,诺德消费升级混合,0.22312765994757666,ret_12m,main,100.1,full,1.0,2026-09-21
1177.0,,000594,大摩进取优选股票,0.2227044148246986,ret_12m,main,147.8,full,1.0,2026-09-21
1178.0,,070022,嘉实领先成长混合,0.2225248151655408,ret_12m,main,183.7,full,1.0,2026-09-21
1179.0,,004959,圆信永丰优悦生活混合,0.2223595475886797,ret_12m,main,103.7,full,1.0,2026-09-21
1180.0,,019354,易方达平衡视野混合A1,0.2222014816257225,ret_12m,main,33.6,short,1.0,2026-09-21
1181.0,,012904,摩根鑫睿优选一年持有混合,0.22220074797918055,ret_12m,main,54.7,full,1.0,2026-09-21
1182.0,,360001,光大量化股票A,0.22208459141957548,ret_12m,main,264.8,full,1.0,2026-09-21
1183.0,,001605,国富沪港深成长精选股票A,0.221865162099111,ret_12m,main,128.0,full,1.0,2026-09-21
1184.0,,005128,华夏永康添福混合A,0.22185215065825847,ret_12m,main,103.6,full,1.0,2026-09-21
1185.0,,006648,汇安多因子混合A,0.22173127413353289,ret_12m,main,88.7,full,1.0,2026-09-21
1186.0,,180001,银华优势企业混合,0.22172730428616472,ret_12m,main,286.3,full,1.0,2026-09-21
1187.0,,001140,工银总回报灵活配置混合A,0.22107349376886565,ret_12m,main,137.2,full,1.0,2026-09-21
1188.0,,460009,华泰柏瑞量化先行混合A,0.22105302574192853,ret_12m,main,195.0,full,1.0,2026-09-21
1189.0,,001970,泰信鑫选灵活配置混合A,0.220455089639928,ret_12m,main,127.5,full,1.0,2026-09-21
1190.0,,000259,农银区间收益混合,0.22020849585550994,ret_12m,main,157.0,full,1.0,2026-09-21
1191.0,,005281,中科沃土转型升级混合A,0.22019964265962266,ret_12m,main,103.9,full,1.0,2026-09-21
1192.0,,519712,交银阿尔法核心混合A,0.2201388074620474,ret_12m,main,169.6,full,1.0,2026-09-21
1193.0,,020276,银河新材料股票发起式A,0.22013664813709477,ret_12m,main,32.8,short,1.0,2026-09-21
1194.0,,009537,太平行业优选股票A,0.21983282037757457,ret_12m,main,72.6,full,1.0,2026-09-21
1195.0,,011001,中邮兴荣价值一年持有混合,0.2196907333868463,ret_12m,main,55.8,full,1.0,2026-09-21
1196.0,,011813,融通创新动力混合A,0.21906724578844128,ret_12m,main,60.9,full,1.0,2026-09-21
1197.0,,004944,鑫元鑫趋势灵活配置混合A,0.21890327928848596,ret_12m,main,108.9,full,1.0,2026-09-21
1198.0,,005742,南方成安优选混合,0.21872101686249734,ret_12m,main,101.1,full,1.0,2026-09-21
1199.0,,002601,中银证券价值精选混合,0.21851934312419496,ret_12m,main,124.7,full,1.0,2026-09-21
1200.0,,014179,中银证券远见价值混合A,0.21810326812139746,ret_12m,main,56.9,full,1.0,2026-09-21
1201.0,,019879,万家周期驱动股票发起式A,0.2180501902561962,ret_12m,main,34.7,short,1.0,2026-09-21
1202.0,,002142,博时外延增长混合A,0.21784970206486043,ret_12m,main,127.6,full,1.0,2026-09-21
1203.0,,206012,鹏华价值精选股票,0.21766184802551747,ret_12m,main,173.2,full,1.0,2026-09-21
1204.0,,217001,招商安泰偏股混合,0.21724340915748352,ret_12m,main,280.8,full,1.0,2026-09-21
1205.0,,550015,中信保诚至远动力混合A,0.2172060148972288,ret_12m,main,165.3,full,1.0,2026-09-21
1206.0,,015006,中欧量化动力混合A,0.21715933004248722,ret_12m,main,54.7,full,1.0,2026-09-21
1207.0,,012688,长安成长优选混合A,0.21696644611682547,ret_12m,main,61.3,full,1.0,2026-09-21
1208.0,,013554,信澳远见价值混合A,0.2168203058471203,ret_12m,main,52.4,full,1.0,2026-09-21
1209.0,,519015,海富通精选贰号混合,0.2167976058518104,ret_12m,main,233.4,full,1.0,2026-09-21
1210.0,,003147,大成动态量化配置策略混合A,0.21652815047994078,ret_12m,main,120.0,full,1.0,2026-09-21
1211.0,,019997,长信优势行业混合A,0.21627165843133733,ret_12m,main,30.3,short,1.0,2026-09-21
1212.0,,560006,益民核心增长混合,0.21612841428673302,ret_12m,main,169.2,full,1.0,2026-09-21
1213.0,,009812,易方达悦兴一年持有期混合A,0.21588392218708852,ret_12m,main,69.8,full,1.0,2026-09-21
1214.0,,015030,博时远见回报混合A,0.21560277644804882,ret_12m,main,54.7,full,1.0,2026-09-21
1215.0,,001215,博时沪港深优质企业基金A,0.21552840910521387,ret_12m,main,136.3,full,1.0,2026-09-21
1216.0,,005075,富国研究量化精选混合A,0.2154256785042752,ret_12m,main,105.9,full,1.0,2026-09-21
1217.0,,673060,西部利得景瑞灵活配置混合A,0.21494914412124122,ret_12m,main,120.9,full,1.0,2026-09-21
1218.0,,160607,鹏华价值优势混合(LOF),0.21487432855116184,ret_12m,main,242.1,full,1.0,2026-09-21
1219.0,,005650,万家量化同顺多策略混合A,0.2147775614578653,ret_12m,main,100.6,full,1.0,2026-09-21
1220.0,,001490,汇添富国企创新股票A,0.21472975651864923,ret_12m,main,134.4,full,1.0,2026-09-21
1221.0,,040016,华安行业轮动混合,0.21454888864701016,ret_12m,main,196.4,full,1.0,2026-09-21
1222.0,,004890,中邮健康文娱灵活配置混合A,0.214102015413417,ret_12m,main,105.3,full,1.0,2026-09-21
1223.0,,015505,中邮专精特新一年持有混合A,0.21398544005509357,ret_12m,main,48.2,full,1.0,2026-09-21
1224.0,,011344,景顺长城融景一年持有混合A,0.21356463146255766,ret_12m,main,61.8,full,1.0,2026-09-21
1225.0,,019612,财通先进制造智选混合发起A,0.21338781415192076,ret_12m,main,27.8,short,1.0,2026-09-21
1226.0,,001453,鹏华弘鑫混合A,0.2133328524624134,ret_12m,main,135.1,full,1.0,2026-09-21
1227.0,,001244,华泰柏瑞量化智慧混合A,0.21316848363004226,ret_12m,main,135.6,full,1.0,2026-09-21
1228.0,,020748,国联智选先锋股票A,0.21276044402924166,ret_12m,main,27.6,short,1.0,2026-09-21
1229.0,,007831,博道伍佰智航股票A,0.21250196792957277,ret_12m,main,83.8,full,1.0,2026-09-21
1230.0,,015056,百嘉百盛混合,0.21238673464792623,ret_12m,main,51.2,full,1.0,2026-09-21
1231.0,,017842,农银汇理景气优选混合A,0.21224813464405523,ret_12m,main,42.9,full,1.0,2026-09-21
1232.0,,024153,华安消费机遇股票发起式A,0.21211599965427497,ret_12m,main,14.2,short,1.0,2026-09-21
1233.0,,519018,汇添富均衡增长混合,0.21135299410517283,ret_12m,main,241.5,full,1.0,2026-09-21
1234.0,,012036,诺德兴远优选一年持有混合,0.21131233252329573,ret_12m,main,63.7,full,1.0,2026-09-21
1235.0,,015381,东方兴瑞趋势领航混合A,0.2110908874305113,ret_12m,main,49.2,full,1.0,2026-09-21
1236.0,,000739,平安新鑫先锋A,0.2109210031908717,ret_12m,main,139.7,full,1.0,2026-09-21
1237.0,,005009,申万菱信行业轮动股票A,0.21048997068671826,ret_12m,main,107.7,full,1.0,2026-09-21
1238.0,,021884,太平量化选股混合A,0.21024499225666005,ret_12m,main,22.7,short,1.0,2026-09-21
1239.0,,590008,中邮战略新兴产业混合A,0.2101158839294548,ret_12m,main,171.3,full,1.0,2026-09-21
1240.0,,021369,华夏智胜优选混合发起式A,0.2099876151954716,ret_12m,main,25.5,short,1.0,2026-09-21
1241.0,,015092,汇安远见成长混合A,0.20988678905108005,ret_12m,main,49.1,full,1.0,2026-09-21
1242.0,,519951,长信利泰灵活配置混合A,0.20972835399283873,ret_12m,main,126.0,full,1.0,2026-09-21
1243.0,,024448,广发价值稳进混合A,0.209715567019102,ret_12m,main,15.1,short,0.9763,2026-09-21
1244.0,,003152,华富天鑫灵活配置混合A,0.20964717572667246,ret_12m,main,116.7,full,1.0,2026-09-21
1245.0,,168601,汇安裕阳三年持有期混合,0.2095616890111407,ret_12m,main,95.8,full,1.0,2026-09-21
1246.0,,519011,海富通精选混合,0.20952378663567162,ret_12m,main,277.0,full,1.0,2026-09-21
1247.0,,010977,华夏鸿阳6个月持有期混合A,0.209153523118226,ret_12m,main,63.7,full,1.0,2026-09-21
1248.0,,018294,景顺长城国企价值混合A,0.20895728058056418,ret_12m,main,39.8,full,1.0,2026-09-21
1249.0,,014756,鹏华成长领航两年持有期混合A,0.20841100330943307,ret_12m,main,56.0,full,1.0,2026-09-21
1250.0,,019561,富国致航量化选股股票A,0.20836027284489034,ret_12m,main,33.5,short,1.0,2026-09-21
1251.0,,001245,工银生态环境股票A,0.20817164056137205,ret_12m,main,135.7,full,1.0,2026-09-21
1252.0,,519778,交银经济新动力混合A,0.20803403017856548,ret_12m,main,119.0,full,1.0,2026-09-21
1253.0,,005126,银河量化稳进混合,0.20796203413709735,ret_12m,main,105.7,full,1.0,2026-09-21
1254.0,,014545,浦银兴耀优选一年持有混合A,0.20761441381743073,ret_12m,main,51.5,full,1.0,2026-09-21
1255.0,,006369,弘毅远方国企转型升级混合A,0.20670572051769187,ret_12m,main,94.7,full,1.0,2026-09-21
1256.0,,015789,永赢高端装备智选混合发起A,0.20643987267612363,ret_12m,main,50.2,full,1.0,2026-09-21
1257.0,,400003,东方精选混合,0.2062678245675995,ret_12m,main,248.3,full,1.0,2026-09-21
1258.0,,010166,招商兴和优选1年持有期混合,0.20623505123676766,ret_12m,main,67.6,full,1.0,2026-09-21
1259.0,,006736,国投瑞银先进制造混合,0.20604462336920815,ret_12m,main,91.9,full,1.0,2026-09-21
1260.0,,019720,信澳宁隽智选混合A,0.2060069446348669,ret_12m,main,33.1,short,1.0,2026-09-21
1261.0,,100020,富国天益价值混合A,0.20548612845898262,ret_12m,main,267.2,full,1.0,2026-09-21
1262.0,,010662,富国均衡优选混合,0.20515988790840334,ret_12m,main,68.5,full,1.0,2026-09-21
1263.0,,519700,交银主题优选混合A,0.2050243951520252,ret_12m,main,194.7,full,1.0,2026-09-21
1264.0,,410001,华富竞争力优选混合A,0.20487758702515158,ret_12m,main,258.7,full,1.0,2026-09-21
1265.0,,011331,鹏华远见成长混合A,0.2040717275619801,ret_12m,main,63.6,full,1.0,2026-09-21
1266.0,,019410,南方数字经济混合A,0.20392867428487893,ret_12m,main,34.2,short,1.0,2026-09-21
1267.0,,018823,国金智享量化选股混合A,0.20391782639650202,ret_12m,main,37.0,full,1.0,2026-09-21
1268.0,,005632,鹏华量化先锋混合,0.20288611155105163,ret_12m,main,102.7,full,1.0,2026-09-21
1269.0,,005352,鹏扬景泰成长混合A,0.20262872772063067,ret_12m,main,105.0,full,1.0,2026-09-21
1270.0,,202019,南方策略优化混合,0.20227016579238577,ret_12m,main,197.7,full,1.0,2026-09-21
1271.0,,001484,天弘新价值混合A,0.20225040200659494,ret_12m,main,135.1,full,1.0,2026-09-21
1272.0,,005443,国金量化多策略A,0.2022011314021821,ret_12m,main,103.6,full,1.0,2026-09-21
1273.0,,016895,中银卓越成长混合A,0.20144571668790712,ret_12m,main,40.6,full,1.0,2026-09-21
1274.0,,012779,博时移动互联主题混合A,0.20142186850096744,ret_12m,main,59.7,full,1.0,2026-09-21
1275.0,,002537,平安安盈灵活配置混合A,0.2013898418372757,ret_12m,main,125.0,full,1.0,2026-09-21
1276.0,,481004,工银稳健成长混合A,0.20102472815778327,ret_12m,main,237.5,full,1.0,2026-09-21
1277.0,,004674,富国新机遇灵活配置混合A,0.2009648875904384,ret_12m,main,106.2,full,1.0,2026-09-21
1278.0,,024435,天弘品质价值混合A,0.20094794435580066,ret_12m,main,15.1,short,0.9684,2026-09-21
1279.0,,006267,诺德量化核心A,0.20049417614655463,ret_12m,main,94.0,full,1.0,2026-09-21
1280.0,,000746,招商行业精选股票基金,0.20029966921365627,ret_12m,main,144.6,full,1.0,2026-09-21
1281.0,,002801,泓德泓信混合,0.2001876225642838,ret_12m,main,123.7,full,1.0,2026-09-21
1282.0,,020267,宏利睿智成长混合A,0.20010871336523106,ret_12m,main,28.3,short,1.0,2026-09-21
1283.0,,021623,天弘新兴产业混合发起A,0.19983468198573595,ret_12m,main,26.6,short,1.0,2026-09-21
1284.0,,166109,信澳量化先锋(LOF)A,0.19967667815419032,ret_12m,main,79.5,full,1.0,2026-09-21
1285.0,,010826,大成产业趋势混合A,0.19960979175612859,ret_12m,main,67.4,full,1.0,2026-09-21
1286.0,,952099,国泰海通君得鑫两年持有混合C,0.19954848313963902,ret_12m,main,79.3,full,1.0,2026-09-21
1287.0,,167001,平安鼎泰混合(LOF),0.19939167529869062,ret_12m,main,122.0,full,1.0,2026-09-21
1288.0,,009805,国泰医药健康股票A,0.1993218563196073,ret_12m,main,72.8,full,1.0,2026-09-21
1289.0,,001120,东方睿鑫热点挖掘混合A,0.19924011494416005,ret_12m,main,137.2,full,1.0,2026-09-21
1290.0,,017483,财通资管数字经济混合发起式A,0.19920989919290633,ret_12m,main,44.8,full,1.0,2026-09-21
1291.0,,002952,建信多因子量化股票,0.19906542777451186,ret_12m,main,121.4,full,1.0,2026-09-21
1292.0,,010663,长江均衡成长混合发起式A,0.19906532951713762,ret_12m,main,68.7,full,1.0,2026-09-21
1293.0,,011645,国泰核心价值两年持有期股票A,0.19880792900170197,ret_12m,main,63.4,full,1.0,2026-09-21
1294.0,,017850,交银启信混合发起A,0.1985162287495721,ret_12m,main,42.7,full,1.0,2026-09-21
1295.0,,017157,华富匠心领航18个月持有期混合A,0.19846275610317776,ret_12m,main,41.1,full,1.0,2026-09-21
1296.0,,013091,摩根均衡优选混合A,0.1984371533349263,ret_12m,main,59.8,full,1.0,2026-09-21
1297.0,,014224,大成聚优成长混合A,0.19841973190964235,ret_12m,main,56.0,full,1.0,2026-09-21
1298.0,,400011,东方核心动力混合A,0.19827545450468875,ret_12m,main,206.9,full,1.0,2026-09-21
1299.0,,005635,博时量化多策略股票A,0.19821620409349472,ret_12m,main,101.6,full,1.0,2026-09-21
1300.0,,001224,中邮新思路灵活配置混合A,0.198121887738689,ret_12m,main,130.3,full,1.0,2026-09-21
1301.0,,001704,国投瑞银进宝灵活配置混合,0.19783694110869643,ret_12m,main,132.9,full,1.0,2026-09-21
1302.0,,014526,汇添富中盘潜力增长一年持有混合A,0.19779894889848748,ret_12m,main,55.8,full,1.0,2026-09-21
1303.0,,008854,南方内需增长两年股票A,0.1976675533187835,ret_12m,main,79.0,full,1.0,2026-09-21
1304.0,,012314,南方行业领先混合,0.19729106775123983,ret_12m,main,61.6,full,1.0,2026-09-21
1305.0,,160603,鹏华普天收益混合,0.19723228121555825,ret_12m,main,278.3,full,1.0,2026-09-21
1306.0,,012148,国投瑞银产业趋势混合A,0.1970358558263725,ret_12m,main,63.4,full,1.0,2026-09-21
1307.0,,166020,中欧成长优选混合A,0.19700802803773132,ret_12m,main,157.0,full,1.0,2026-09-21
1308.0,,162006,长城久富混合(LOF)A,0.19695893007055143,ret_12m,main,234.4,full,1.0,2026-09-21
1309.0,,015320,长江新兴产业混合A,0.19689649782502472,ret_12m,main,53.0,full,1.0,2026-09-21
1310.0,,022320,汇添富弘瑞回报混合发起式A,0.1968239502271696,ret_12m,main,19.9,short,1.0,2026-09-21
1311.0,,011882,招商蓝筹精选股票A,0.19673590736106594,ret_12m,main,61.8,full,1.0,2026-09-21
1312.0,,024808,华夏成长动力混合A,0.1965908011928421,ret_12m,main,14.0,short,1.0,2026-09-21
1313.0,,001789,国泰量化收益灵活配置混合A,0.19646288357914687,ret_12m,main,112.1,full,1.0,2026-09-21
1314.0,,013021,建信兴润一年持有混合,0.196314148969581,ret_12m,main,60.9,full,1.0,2026-09-21
1315.0,,007549,中泰开阳价值优选混合A,0.19622669429598227,ret_12m,main,84.5,full,1.0,2026-09-21
1316.0,,004986,鹏华策略回报混合,0.19618979155736804,ret_12m,main,108.5,full,1.0,2026-09-21
1317.0,,022276,汇添富弘悦回报混合发起式A,0.1961459473075189,ret_12m,main,22.7,short,1.0,2026-09-21
1318.0,,001763,广发多策略混合,0.19613516182426105,ret_12m,main,129.4,full,1.0,2026-09-21
1319.0,,019690,华商产业机遇混合A,0.1959613344139386,ret_12m,main,30.6,short,1.0,2026-09-21
1320.0,,014158,博时浦惠一年持有期混合A,0.19567465075464963,ret_12m,main,55.1,full,1.0,2026-09-21
1321.0,,007527,融通量化多策略混合A,0.1956384449666504,ret_12m,main,85.0,full,1.0,2026-09-21
1322.0,,002121,广发沪港深新起点股票A,0.19562492774399587,ret_12m,main,118.6,full,1.0,2026-09-21
1323.0,,007802,兴全合泰混合A,0.19537624457919,ret_12m,main,83.2,full,1.0,2026-09-21
1324.0,,004763,中科沃土沃嘉混合A,0.19524792004060276,ret_12m,main,105.5,full,1.0,2026-09-21
1325.0,,022092,华商研究驱动混合A,0.19522606678560073,ret_12m,main,18.4,short,1.0,2026-09-21
1326.0,,001897,九泰久盛量化先锋混合A,0.1951891108928978,ret_12m,main,130.4,full,1.0,2026-09-21
1327.0,,163818,中银中小盘成长混合,0.19473441472605102,ret_12m,main,177.9,full,1.0,2026-09-21
1328.0,,008949,平安匠心优选混合A,0.19442768659445875,ret_12m,main,79.0,full,1.0,2026-09-21
1329.0,,006551,中庚价值领航混合,0.19394132926246277,ret_12m,main,93.1,full,1.0,2026-09-21
1330.0,,008903,广发科技先锋混合,0.19365022076036098,ret_12m,main,80.0,full,1.0,2026-09-21
1331.0,,006195,国金量化多因子股票A,0.19304446179490276,ret_12m,main,94.7,full,1.0,2026-09-21
1332.0,,010779,西部利得量化优选一年持有A,0.19272223302102698,ret_12m,main,68.0,full,1.0,2026-09-21
1333.0,,012493,长信内需均衡混合A,0.19226492975992926,ret_12m,main,62.7,full,1.0,2026-09-21
1334.0,,012463,博时成长优势混合A,0.19222298376365643,ret_12m,main,61.6,full,1.0,2026-09-21
1335.0,,015987,万家远见先锋一年持有期混合A,0.19185456159714653,ret_12m,main,38.4,full,1.0,2026-09-21
1336.0,,000173,汇添富美丽30混合A,0.19144213397671206,ret_12m,main,158.9,full,1.0,2026-09-21
1337.0,,009986,天弘创新领航A,0.1914213532517106,ret_12m,main,72.8,full,1.0,2026-09-21
1338.0,,000242,景顺长城策略精选灵活配置混合A,0.1913998403916437,ret_12m,main,157.5,full,1.0,2026-09-21
1339.0,,001413,国联鑫起点混合A,0.19133428921667628,ret_12m,main,135.3,full,1.0,2026-09-21
1340.0,,000711,嘉实医疗保健股票,0.1912413365636143,ret_12m,main,145.3,full,1.0,2026-09-21
1341.0,,019902,国寿安保先进制造股票发起式A,0.19119590289231736,ret_12m,main,34.4,short,1.0,2026-09-21
1342.0,,004394,华泰柏瑞量化创优混合,0.19096452256343688,ret_12m,main,112.3,full,1.0,2026-09-21
1343.0,,014307,嘉实多元动力混合A,0.19091182831625186,ret_12m,main,57.0,full,1.0,2026-09-21
1344.0,,016449,南方新材料股票发起A,0.1908836634874047,ret_12m,main,42.1,full,1.0,2026-09-21
1345.0,,012839,东方红智华三年持有混合A,0.1908831296499689,ret_12m,main,61.1,full,1.0,2026-09-21
1346.0,,002216,易方达量化策略A,0.1907767585142215,ret_12m,main,105.1,full,1.0,2026-09-21
1347.0,,005450,华夏稳盛灵活配置混合,0.19054648934040475,ret_12m,main,104.1,full,1.0,2026-09-21
1348.0,,163406,兴全合润混合A,0.19037560515964436,ret_12m,main,197.0,full,1.0,2026-09-21
1349.0,,011330,鹏华精选群英一年持有混合MOM,0.190293946628195,ret_12m,main,59.9,full,1.0,2026-09-21
1350.0,,001740,光大中国制造2025灵活配置混合A,0.1900628716347883,ret_12m,main,129.0,full,1.0,2026-09-21
1351.0,,024483,东吴裕盈平衡混合A,0.1900004203950325,ret_12m,main,14.2,short,1.0,2026-09-21
1352.0,,470008,汇添富策略回报混合,0.18978977213366055,ret_12m,main,201.0,full,1.0,2026-09-21
1353.0,,360010,光大均衡精选混合A,0.18968530131485184,ret_12m,main,210.6,full,1.0,2026-09-21
1354.0,,006314,国联策略优选混合A,0.18958637644463883,ret_12m,main,88.5,full,1.0,2026-09-21
1355.0,,011313,东方红启华三年持有混合B,0.18931364723566713,ret_12m,main,61.9,full,1.0,2026-09-21
1356.0,,017715,华宝量化选股混合发起式A,0.18890605386669268,ret_12m,main,43.0,full,1.0,2026-09-21
1357.0,,270006,广发策略优选混合,0.18886511369939374,ret_12m,main,244.2,full,1.0,2026-09-21
1358.0,,410007,华富价值增长混合A,0.18853688463118945,ret_12m,main,206.2,full,1.0,2026-09-21
1359.0,,017130,国投瑞银比较优势一年持有混合A,0.18838877739617077,ret_12m,main,42.0,full,1.0,2026-09-21
1360.0,,010124,兴银景气优选混合A,0.18818843322810297,ret_12m,main,69.9,full,1.0,2026-09-21
1361.0,,006973,太平睿盈混合A,0.18803189490381844,ret_12m,main,89.9,full,1.0,2026-09-21
1362.0,,002597,兴业成长动力混合A,0.18797610157947475,ret_12m,main,123.6,full,1.0,2026-09-21
1363.0,,002419,汇添富创新活力混合A,0.18792751094006666,ret_12m,main,125.1,full,1.0,2026-09-21
1364.0,,001761,广发安宏回报混合A,0.18758363823197466,ret_12m,main,128.7,full,1.0,2026-09-21
1365.0,,015970,华泰柏瑞景气驱动混合A,0.18728139436963387,ret_12m,main,47.8,full,1.0,2026-09-21
1366.0,,487016,工银瑞信灵活配置混合A,0.1872759977053189,ret_12m,main,176.8,full,1.0,2026-09-21
1367.0,,009804,国泰研究优势混合A,0.18723972350504714,ret_12m,main,71.7,full,1.0,2026-09-21
1368.0,,001541,汇添富民营新动力股票,0.18719976240695213,ret_12m,main,133.5,full,1.0,2026-09-21
1369.0,,006160,博道启航混合A,0.18699723738197416,ret_12m,main,97.4,full,1.0,2026-09-21
1370.0,,010062,南方行业精选一年混合A,0.18678980399338774,ret_12m,main,70.8,full,1.0,2026-09-21
1371.0,,290011,泰信中小盘精选混合,0.1867465091394327,ret_12m,main,178.9,full,1.0,2026-09-21
1372.0,,005109,汇安多策略混合A,0.18655015685392673,ret_12m,main,106.0,full,1.0,2026-09-21
1373.0,,005587,安信比较优势混合A,0.18645047457177433,ret_12m,main,102.0,full,1.0,2026-09-21
1374.0,,020037,鹏华品质甄选混合A,0.18612714656182705,ret_12m,main,27.8,short,1.0,2026-09-21
1375.0,,519056,海富通内需热点混合,0.18600038609388858,ret_12m,main,153.1,full,1.0,2026-09-21
1376.0,,002545,东方岳灵活配置混合,0.18578130748514843,ret_12m,main,120.0,full,1.0,2026-09-21
1377.0,,015586,东方匠心优选混合A,0.1856591932071101,ret_12m,main,46.0,full,1.0,2026-09-21
1378.0,,260111,景顺长城公司治理混合,0.1853315963798403,ret_12m,main,215.0,full,1.0,2026-09-21
1379.0,,233007,大摩卓越成长混合,0.18526730408947456,ret_12m,main,196.1,full,1.0,2026-09-21
1380.0,,007854,光大景气先锋混合A,0.18517377087252118,ret_12m,main,82.3,full,1.0,2026-09-21
1381.0,,012913,方正富邦趋势领航混合A,0.1851672113995544,ret_12m,main,59.9,full,1.0,2026-09-21
1382.0,,270005,广发聚丰混合A,0.18507534077936927,ret_12m,main,248.9,full,1.0,2026-09-21
1383.0,,004091,博时沪港深价值优选A,0.18506636020980616,ret_12m,main,115.8,full,1.0,2026-09-21
1384.0,,016021,华安优嘉精选混合A,0.18497897894442228,ret_12m,main,48.7,full,1.0,2026-09-21
1385.0,,002780,前海联合泓鑫混合A,0.18471719847235746,ret_12m,main,117.7,full,1.0,2026-09-21
1386.0,,016709,泉果旭源三年持有期混合A,0.18460797201449686,ret_12m,main,47.1,full,1.0,2026-09-21
1387.0,,001656,农银中国优势灵活配置混合,0.1845060366384461,ret_12m,main,111.4,full,1.0,2026-09-21
1388.0,,162208,宏利首选企业股票A,0.1843932495788987,ret_12m,main,237.7,full,1.0,2026-09-21
1389.0,,590003,中邮核心优势灵活配置混合A,0.18437720149556736,ret_12m,main,202.8,full,1.0,2026-09-21
1390.0,,010602,长城均衡优选混合A,0.18435189169993826,ret_12m,main,69.7,full,1.0,2026-09-21
1391.0,,000167,广发聚优灵活配置混合A,0.18431657583334982,ret_12m,main,156.3,full,1.0,2026-09-21
1392.0,,002288,中银稳进策略混合A,0.1842584906900202,ret_12m,main,127.7,full,1.0,2026-09-21
1393.0,,021094,东方低碳经济混合A,0.18412689756573464,ret_12m,main,18.6,short,1.0,2026-09-21
1394.0,,005457,景顺长城量化小盘股票A,0.18407587572119688,ret_12m,main,103.5,full,1.0,2026-09-21
1395.0,,001576,国泰智能装备股票A,0.1840550942458059,ret_12m,main,111.0,full,1.0,2026-09-21
1396.0,,000966,中邮核心科技创新灵活配置混合,0.1840112329648469,ret_12m,main,139.3,full,1.0,2026-09-21
1397.0,,162209,宏利市值优选混合A,0.18385075045293853,ret_12m,main,229.6,full,1.0,2026-09-21
1398.0,,018071,长信均衡优选混合A,0.18318273544306996,ret_12m,main,38.6,full,1.0,2026-09-21
1399.0,,011458,东方鑫享价值成长一年持有混合A,0.183164145791348,ret_12m,main,64.1,full,1.0,2026-09-21
1400.0,,022028,京管泰富科技驱动混合A,0.1828975992644053,ret_12m,main,20.8,short,1.0,2026-09-21
1401.0,,519097,新华中小市值优选混合A,0.18265954547688956,ret_12m,main,187.8,full,1.0,2026-09-21
1402.0,,000219,博时裕益混合A,0.1825950855560976,ret_12m,main,157.8,full,1.0,2026-09-21
1403.0,,011504,上银丰益混合A,0.18247171330827539,ret_12m,main,64.8,full,1.0,2026-09-21
1404.0,,015223,汇添富进取成长混合A,0.18240244889142398,ret_12m,main,48.2,full,1.0,2026-09-21
1405.0,,003626,平安鑫利混合A,0.1823782961401652,ret_12m,main,117.5,full,1.0,2026-09-21
1406.0,,011585,博时产业慧选混合A,0.1821251789445968,ret_12m,main,66.0,full,1.0,2026-09-21
1407.0,,012785,鹏华品质精选混合A,0.1820387924195661,ret_12m,main,59.8,full,1.0,2026-09-21
1408.0,,001535,景顺长城改革机遇灵活配置A,0.1817814043683912,ret_12m,main,132.7,full,1.0,2026-09-21
1409.0,,002319,大成一带一路灵活配置混合A,0.18160154095049452,ret_12m,main,111.6,full,1.0,2026-09-21
1410.0,,012071,中加喜利回报一年持有混合A,0.18152115898841514,ret_12m,main,60.6,full,1.0,2026-09-21
1411.0,,020023,国泰事件驱动策略混合A,0.18050648395434865,ret_12m,main,181.2,full,1.0,2026-09-21
1412.0,,021981,安联中国精选混合A,0.18050475078740869,ret_12m,main,24.6,short,1.0,2026-09-21
1413.0,,014410,华夏时代领航两年持有混合A,0.1804860561795245,ret_12m,main,51.3,full,1.0,2026-09-21
1414.0,,021198,汇添富优选价值混合发起式A,0.1804533559169803,ret_12m,main,23.2,short,1.0,2026-09-21
1415.0,,001430,中邮乐享收益灵活配置混合A,0.18038994906196448,ret_12m,main,135.2,full,1.0,2026-09-21
1416.0,,008318,博道久航混合A,0.1802531861680272,ret_12m,main,80.9,full,1.0,2026-09-21
1417.0,,013561,国联匠心优选混合A,0.18014669495408797,ret_12m,main,58.6,full,1.0,2026-09-21
1418.0,,001220,民生加银研究精选混合,0.18010208720903242,ret_12m,main,135.9,full,1.0,2026-09-21
1419.0,,163822,中银主题策略混合A,0.17984215547584625,ret_12m,main,169.9,full,1.0,2026-09-21
1420.0,,013365,汇添富产业升级混合A,0.17977485543649352,ret_12m,main,58.7,full,1.0,2026-09-21
1421.0,,016252,华夏景气成长一年持有混合发起式A,0.1794603019437695,ret_12m,main,43.2,full,1.0,2026-09-21
1422.0,,005472,富国价值驱动灵活配置混合A,0.1794322266076993,ret_12m,main,101.9,full,1.0,2026-09-21
1423.0,,008955,交银创新领航混合,0.1794136676486322,ret_12m,main,78.8,full,1.0,2026-09-21
1424.0,,011756,博时产业优选混合A,0.17926073782349872,ret_12m,main,62.1,full,1.0,2026-09-21
1425.0,,018440,汇添富量化选股混合A,0.17920105764638472,ret_12m,main,39.5,full,1.0,2026-09-21
1426.0,,011603,兴业高端制造混合A,0.1791281705771841,ret_12m,main,65.9,full,1.0,2026-09-21
1427.0,,009623,长城创新驱动混合A,0.17823773107887053,ret_12m,main,74.9,full,1.0,2026-09-21
1428.0,,001261,国联新机遇混合A,0.17822897410799032,ret_12m,main,136.6,full,1.0,2026-09-21
1429.0,,001734,广发新锐智选混合A,0.17810656962683535,ret_12m,main,130.1,full,1.0,2026-09-21
1430.0,,008954,安信价值回报三年持有混合A,0.17804538671111425,ret_12m,main,78.8,full,1.0,2026-09-21
1431.0,,014805,国金量化精选混合A,0.17782264922364233,ret_12m,main,54.1,full,1.0,2026-09-21
1432.0,,009646,南方核心成长混合A,0.17780094999136775,ret_12m,main,74.2,full,1.0,2026-09-21
1433.0,,017598,华夏景气驱动混合A,0.1774249387434732,ret_12m,main,43.0,full,1.0,2026-09-21
1434.0,,016250,华夏远见成长一年持有混合A,0.17709243632236116,ret_12m,main,48.0,full,1.0,2026-09-21
1435.0,,010824,天弘创新成长混合发起式A,0.17702956396860392,ret_12m,main,67.5,full,1.0,2026-09-21
1436.0,,004946,汇添富盈润混合A,0.17701486154095725,ret_12m,main,108.5,full,1.0,2026-09-21
1437.0,,019336,万家国企动力混合A,0.17674991421548314,ret_12m,main,30.1,short,1.0,2026-09-21
1438.0,,005738,长城智能产业混合A,0.17674078451584818,ret_12m,main,99.4,full,1.0,2026-09-21
1439.0,,011669,长信优质企业混合A,0.17667310417275295,ret_12m,main,63.8,full,1.0,2026-09-21
1440.0,,013552,汇添富成长领先混合A,0.176339647935553,ret_12m,main,57.4,full,1.0,2026-09-21
1441.0,,011685,创金合信先进装备股票A,0.1763069962288637,ret_12m,main,65.8,full,1.0,2026-09-21
1442.0,,011056,博时汇兴回报一年持有期混合,0.17599730598896546,ret_12m,main,68.2,full,1.0,2026-09-21
1443.0,,501188,汇添富核心精选混合(LOF),0.17571985424666203,ret_12m,main,98.6,full,1.0,2026-09-21
1444.0,,519008,汇添富优势精选混合,0.17563903296011807,ret_12m,main,252.9,full,1.0,2026-09-21
1445.0,,009591,博时研究精选持有期混合A,0.175392644987709,ret_12m,main,74.9,full,1.0,2026-09-21
1446.0,,166005,中欧价值发现混合A,0.1752723174333013,ret_12m,main,205.9,full,1.0,2026-09-21
1447.0,,019982,泓德智选启元混合A,0.175168065762908,ret_12m,main,34.0,short,1.0,2026-09-21
1448.0,,011977,格林研究优选混合A,0.1751574379227563,ret_12m,main,61.1,full,1.0,2026-09-21
1449.0,,012495,民生加银双核动力混合A,0.17498699183504574,ret_12m,main,56.3,full,1.0,2026-09-21
1450.0,,008961,华商科技创新混合,0.17487911126731048,ret_12m,main,78.5,full,1.0,2026-09-21
1451.0,,163807,中银优选灵活配置混合A,0.17487606783181664,ret_12m,main,209.6,full,1.0,2026-09-21
1452.0,,010558,汇安鑫利优选混合A,0.17487295956745275,ret_12m,main,65.6,full,1.0,2026-09-21
1453.0,,020720,国寿安保高端装备股票发起式A,0.17473729565357754,ret_12m,main,30.8,short,1.0,2026-09-21
1454.0,,002595,博时工业4.0主题股票,0.17464224782197957,ret_12m,main,123.4,full,1.0,2026-09-21
1455.0,,012243,东方红内需增长混合B,0.17439514628875297,ret_12m,main,63.7,full,1.0,2026-09-21
1456.0,,015293,金鹰时代领航一年持有混合A,0.17419494445162398,ret_12m,main,48.5,full,1.0,2026-09-21
1457.0,,519017,大成积极成长混合A,0.1740215023802314,ret_12m,main,235.7,full,1.0,2026-09-21
1458.0,,011841,嘉实兴锐优选一年持有混合A,0.17352096368591585,ret_12m,main,57.5,full,1.0,2026-09-21
1459.0,,519995,长信金利趋势混合A,0.17344543122055778,ret_12m,main,244.7,full,1.0,2026-09-21
1460.0,,024499,兴华景和混合发起A,0.17339363270405328,ret_12m,main,15.3,short,1.0,2026-09-21
1461.0,,016553,南方鑫悦15个月持有混合A,0.17335679721463904,ret_12m,main,48.2,full,1.0,2026-09-21
1462.0,,015900,东方阿尔法兴科一年持有混合A,0.17334388736198236,ret_12m,main,47.8,full,1.0,2026-09-21
1463.0,,519692,交银成长混合,0.17319900148503486,ret_12m,main,238.9,full,1.0,2026-09-21
1464.0,,006785,东方量化多策略混合A,0.1730931556465518,ret_12m,main,90.9,full,1.0,2026-09-21
1465.0,,001650,工银丰收回报灵活配置混合A,0.17299830627890733,ret_12m,main,130.8,full,1.0,2026-09-21
1466.0,,016703,兴业品质睿选混合发起式A,0.17284830874392676,ret_12m,main,25.0,short,1.0,2026-09-21
1467.0,,007775,汇安量化先锋混合A,0.17268635800716448,ret_12m,main,82.7,full,1.0,2026-09-21
1468.0,,009992,景顺长城量化成长演化混合A,0.17256942298278588,ret_12m,main,70.1,full,1.0,2026-09-21
1469.0,,501095,中银证券科技创新混合(LOF),0.1725627567768553,ret_12m,main,78.3,full,1.0,2026-09-21
1470.0,,014788,长城产业趋势混合A,0.17239331962228754,ret_12m,main,49.6,full,1.0,2026-09-21
1471.0,,001476,中银智能制造股票A,0.1723134668127584,ret_12m,main,135.1,full,1.0,2026-09-21
1472.0,,005927,创金合信新能源汽车股票A,0.17193647455858918,ret_12m,main,100.5,full,1.0,2026-09-21
1473.0,,000788,前海开源中国成长混合,0.17177753635995718,ret_12m,main,143.7,full,1.0,2026-09-21
1474.0,,011346,淳厚鑫淳一年持有混合,0.17163525688668946,ret_12m,main,63.7,full,1.0,2026-09-21
1475.0,,002389,招商安德灵活配置混合A,0.17155310234526322,ret_12m,main,127.1,full,1.0,2026-09-21
1476.0,,006299,恒越核心精选混合A,0.17146849836902378,ret_12m,main,94.2,full,1.0,2026-09-21
1477.0,,009199,万家价值优势一年持有期混合,0.1714381330899748,ret_12m,main,75.8,full,1.0,2026-09-21
1478.0,,019797,银河国企主题混合发起式A,0.17129638928435598,ret_12m,main,34.2,short,1.0,2026-09-21
1479.0,,010965,中银鑫新消费成长混合A,0.17085982705094738,ret_12m,main,60.5,full,1.0,2026-09-21
1480.0,,005937,工银精选金融地产混合A,0.17079764773764827,ret_12m,main,94.2,full,1.0,2026-09-21
1481.0,,010994,博时创新经济混合A,0.17072159895732608,ret_12m,main,68.3,full,1.0,2026-09-21
1482.0,,001975,景顺长城环保优势股票,0.17046718721135745,ret_12m,main,126.2,full,1.0,2026-09-21
1483.0,,000996,中银新动力股票A,0.17034060384344274,ret_12m,main,139.2,full,1.0,2026-09-21
1484.0,,014020,诺德量化先锋一年持有混合A,0.17011347049715164,ret_12m,main,56.3,full,1.0,2026-09-21
1485.0,,010421,海富通消费优选混合A,0.16989177289555535,ret_12m,main,65.2,full,1.0,2026-09-21
1486.0,,014488,国投瑞银产业升级两年持有混合A,0.16983925775743458,ret_12m,main,54.4,full,1.0,2026-09-21
1487.0,,009736,汇添富稳健收益混合A,0.1694757463381278,ret_12m,main,74.0,full,1.0,2026-09-21
1488.0,,001334,南方利鑫A,0.1694589109436324,ret_12m,main,136.1,full,1.0,2026-09-21
1489.0,,012147,富国大盘核心资产混合,0.16930378502229715,ret_12m,main,58.6,full,1.0,2026-09-21
1490.0,,320006,诺安灵活配置混合A,0.16929004381233415,ret_12m,main,220.1,full,1.0,2026-09-21
1491.0,,005258,景顺长城量化平衡混合A,0.1692810093903394,ret_12m,main,104.8,full,1.0,2026-09-21
1492.0,,240022,华宝资源优选混合A,0.16927337564109735,ret_12m,main,169.0,full,1.0,2026-09-21
1493.0,,013123,汇添富精选核心优势一年持有混合A,0.16885648850050083,ret_12m,main,60.5,full,1.0,2026-09-21
1494.0,,010787,华安优势企业混合A,0.16858501721939834,ret_12m,main,68.7,full,1.0,2026-09-21
1495.0,,121003,国投瑞银核心企业混合,0.16856701241036043,ret_12m,main,245.1,full,1.0,2026-09-21
1496.0,,013247,交银瑞卓三年持有期混合,0.16853891141218735,ret_12m,main,59.9,full,1.0,2026-09-21
1497.0,,021663,汇百川远航混合A,0.16844419187237492,ret_12m,main,25.2,short,1.0,2026-09-21
1498.0,,004138,上银鑫达灵活配置混合A,0.16783078958923014,ret_12m,main,114.4,full,1.0,2026-09-21
1499.0,,000270,建信灵活配置混合A,0.16768920521429642,ret_12m,main,156.6,full,1.0,2026-09-21
1500.0,,161601,融通新蓝筹混合,0.16748099590244125,ret_12m,main,288.3,full,1.0,2026-09-21
1501.0,,519983,长信量化先锋混合A,0.1674599297158128,ret_12m,main,190.1,full,1.0,2026-09-21
1502.0,,021864,中欧中证800研究智选混合发起A,0.16719406236944945,ret_12m,main,24.0,short,1.0,2026-09-21
1503.0,,010328,博时荣华灵活配置混合A,0.16683364460529715,ret_12m,main,70.3,full,1.0,2026-09-21
1504.0,,000824,圆信永丰双利A,0.16681683812685688,ret_12m,main,142.1,full,1.0,2026-09-21
1505.0,,001990,中欧数据挖掘多因子混合A,0.1666933818991545,ret_12m,main,128.3,full,1.0,2026-09-21
1506.0,,011936,华夏阿尔法精选混合A,0.16664639493790512,ret_12m,main,61.1,full,1.0,2026-09-21
1507.0,,012892,安信优质企业三年持有混合A,0.16653122333125814,ret_12m,main,58.4,full,1.0,2026-09-21
1508.0,,000587,大成灵活配置混合A,0.16647010674386342,ret_12m,main,148.3,full,1.0,2026-09-21
1509.0,,019468,信澳新材料精选混合A,0.1661564118026695,ret_12m,main,33.7,short,1.0,2026-09-21
1510.0,,016466,国泰海通量化选股混合发起A,0.16594347621774386,ret_12m,main,49.1,full,1.0,2026-09-21
1511.0,,010381,浙商智选价值混合A,0.165712166254123,ret_12m,main,65.2,full,1.0,2026-09-21
1512.0,,001345,富国新收益灵活配置混合A,0.16557589251327398,ret_12m,main,135.9,full,1.0,2026-09-21
1513.0,,016388,汇安均衡成长混合A,0.16532524635237023,ret_12m,main,32.3,short,1.0,2026-09-21
1514.0,,002630,江信瑞福灵活配置混合A,0.1652584908475716,ret_12m,main,115.1,full,1.0,2026-09-21
1515.0,,008264,南方ESG股票A,0.16515154326184756,ret_12m,main,81.1,full,1.0,2026-09-21
1516.0,,011550,湘财创新成长一年持有期混合A,0.16422788242160813,ret_12m,main,65.9,full,1.0,2026-09-21
1517.0,,003396,东方红优享红利混合A,0.16383421082157779,ret_12m,main,118.7,full,1.0,2026-09-21
1518.0,,004321,前海开源沪港深强国产业混合,0.16376224242103432,ret_12m,main,114.7,full,1.0,2026-09-21
1519.0,,013341,工银核心机遇混合A,0.16366800614789567,ret_12m,main,54.8,full,1.0,2026-09-21
1520.0,,001880,长城中国智造灵活配置混合A,0.16365753466194843,ret_12m,main,114.2,full,1.0,2026-09-21
1521.0,,001985,富国低碳新经济混合A,0.16338564329415517,ret_12m,main,129.1,full,1.0,2026-09-21
1522.0,,023921,联博智远混合A,0.16307489990948665,ret_12m,main,16.8,short,1.0,2026-09-21
1523.0,,015880,中欧小盘成长混合A,0.16304479003435723,ret_12m,main,50.8,full,1.0,2026-09-21
1524.0,,002148,国寿安保稳惠混合,0.16303790081075387,ret_12m,main,129.8,full,1.0,2026-09-21
1525.0,,001827,富国研究优选沪港深灵活配置混合A,0.16297096562036661,ret_12m,main,126.5,full,1.0,2026-09-21
1526.0,,340007,兴全社会责任混合,0.16296631537514328,ret_12m,main,220.7,full,1.0,2026-09-21
1527.0,,004888,财通资管鑫逸混合A,0.16278946445378195,ret_12m,main,108.7,full,1.0,2026-09-21
1528.0,,008308,华夏见龙精选混合,0.16254232196246,ret_12m,main,76.2,full,1.0,2026-09-21
1529.0,,011149,创金合信ESG责任投资股票A,0.16214572437988095,ret_12m,main,68.7,full,1.0,2026-09-21
1530.0,,008418,惠升惠泽混合A,0.16207533068046698,ret_12m,main,81.1,full,1.0,2026-09-21
1531.0,,160726,嘉实瑞享定期混合,0.1619883149693766,ret_12m,main,97.6,full,1.0,2026-09-21
1532.0,,014135,中欧金安量化混合A,0.16186305440572135,ret_12m,main,56.0,full,1.0,2026-09-21
1533.0,,002179,华安事件驱动量化混合A,0.16174962278378646,ret_12m,main,117.2,full,1.0,2026-09-21
1534.0,,021726,泓德智选启诚混合A,0.16157351197832281,ret_12m,main,18.1,short,1.0,2026-09-21
1535.0,,005351,汇添富行业整合混合A,0.16151749875279253,ret_12m,main,103.2,full,1.0,2026-09-21
1536.0,,008025,汇添富稳健增长混合A,0.16138222690159654,ret_12m,main,82.5,full,1.0,2026-09-21
1537.0,,016243,广发成长领航一年持有混合A,0.16124183775146905,ret_12m,main,42.4,full,1.0,2026-09-21
1538.0,,001318,东方新策略灵活配置混合A,0.1612243172879373,ret_12m,main,135.9,full,1.0,2026-09-21
1539.0,,012876,富荣福耀混合A,0.16072085148616932,ret_12m,main,56.8,full,1.0,2026-09-21
1540.0,,100016,富国天源沪港深平衡混合A,0.16066131616839496,ret_12m,main,289.2,full,1.0,2026-09-21
1541.0,,012270,富国腾享回报6个月滚动持有A,0.16059705223516363,ret_12m,main,61.8,full,1.0,2026-09-21
1542.0,,008328,诺安新兴产业混合,0.16039082815769024,ret_12m,main,78.4,full,1.0,2026-09-21
1543.0,,004698,博时军工主题股票A,0.16035981368062346,ret_12m,main,110.6,full,1.0,2026-09-21
1544.0,,004703,南方兴盛先锋混合A,0.1601855282534539,ret_12m,main,108.3,full,1.0,2026-09-21
1545.0,,009398,华富成长企业精选股票A,0.1601122378206281,ret_12m,main,75.1,full,1.0,2026-09-21
1546.0,,013714,方正富邦泰利12个月持有混合A,0.16002116714774384,ret_12m,main,56.0,full,1.0,2026-09-21
1547.0,,016332,长城产业臻选混合A,0.15980718899858193,ret_12m,main,42.3,full,1.0,2026-09-21
1548.0,,001736,圆信永丰优加生活,0.15977551021469538,ret_12m,main,130.8,full,1.0,2026-09-21
1549.0,,011134,广发价值优选混合A,0.1596070509919636,ret_12m,main,66.0,full,1.0,2026-09-21
1550.0,,163804,中银收益混合A,0.15935412976289398,ret_12m,main,239.3,full,1.0,2026-09-21
1551.0,,023362,鹏扬研究精选混合A,0.1593034538726188,ret_12m,main,13.5,short,1.0,2026-09-21
1552.0,,013812,景顺长城景气进取混合A,0.15913676579496872,ret_12m,main,57.9,full,1.0,2026-09-21
1553.0,,002871,华夏智胜价值成长A,0.15885696279129569,ret_12m,main,121.4,full,1.0,2026-09-21
1554.0,,001564,东方红京东大数据混合A,0.15881846542302114,ret_12m,main,133.7,full,1.0,2026-09-21
1555.0,,007689,国投瑞银新能源混合A,0.15877677862379103,ret_12m,main,82.1,full,1.0,2026-09-21
1556.0,,014885,长盛匠心研究混合A,0.1585970445852296,ret_12m,main,50.6,full,1.0,2026-09-21
1557.0,,018918,华夏清洁能源龙头混合发起式A,0.15848900102109753,ret_12m,main,37.0,full,1.0,2026-09-21
1558.0,,010699,东方红创新趋势混合,0.15832343442775487,ret_12m,main,66.2,full,1.0,2026-09-21
1559.0,,121008,国投瑞银成长优选混合,0.15803295952706398,ret_12m,main,223.5,full,1.0,2026-09-21
1560.0,,001924,华夏国企改革混合,0.15790527007412236,ret_12m,main,129.9,full,1.0,2026-09-21
1561.0,,000971,诺安新经济股票A,0.15778672118756742,ret_12m,main,139.8,full,1.0,2026-09-21
1562.0,,018728,华夏智胜新锐股票A,0.15778121007030332,ret_12m,main,38.5,full,1.0,2026-09-21
1563.0,,003308,中信建投睿利A,0.15776007501181288,ret_12m,main,117.5,full,1.0,2026-09-21
1564.0,,012153,博时研究慧选混合A,0.15730579072913198,ret_12m,main,63.4,full,1.0,2026-09-21
1565.0,,013417,博时核心资产精选混合A,0.15727088765021846,ret_12m,main,60.1,full,1.0,2026-09-21
1566.0,,013078,方正富邦策略轮动混合A,0.1568102134935816,ret_12m,main,58.3,full,1.0,2026-09-21
1567.0,,000994,建信睿盈灵活配置混合A,0.1567182176975488,ret_12m,main,139.6,full,1.0,2026-09-21
1568.0,,460002,华泰柏瑞积极成长混合,0.15663550621221,ret_12m,main,231.8,full,1.0,2026-09-21
1569.0,,970184,招商资管核心优势混合A,0.15632255843355725,ret_12m,main,49.4,full,1.0,2026-09-21
1570.0,,700003,平安策略先锋混合,0.15606421525423264,ret_12m,main,171.8,full,1.0,2026-09-21
1571.0,,040011,华安核心优选混合A,0.1559124774642926,ret_12m,main,215.0,full,1.0,2026-09-21
1572.0,,008128,湘财长源股票型A,0.1556647677776808,ret_12m,main,81.1,full,1.0,2026-09-21
1573.0,,450007,国富成长动力混合,0.15555431223576632,ret_12m,main,209.9,full,1.0,2026-09-21
1574.0,,007903,长城量化小盘股票A,0.15542093976250437,ret_12m,main,80.4,full,1.0,2026-09-21
1575.0,,004390,平安转型创新混合A,0.1553184895153108,ret_12m,main,113.2,full,1.0,2026-09-21
1576.0,,630016,华商价值共享混合发起式,0.15521386831663087,ret_12m,main,162.1,full,1.0,2026-09-21
1577.0,,001980,中欧量化驱动混合A,0.15507167822398604,ret_12m,main,100.2,full,1.0,2026-09-21
1578.0,,020567,泓德智选启航混合A,0.15467327560946642,ret_12m,main,30.1,short,1.0,2026-09-21
1579.0,,010301,达诚成长先锋混合A,0.15439309630004594,ret_12m,main,70.8,full,1.0,2026-09-21
1580.0,,013166,东兴宸祥量化混合A,0.15439261895854695,ret_12m,main,55.8,full,1.0,2026-09-21
1581.0,,004809,前海联合润丰混合A,0.15428606975376025,ret_12m,main,96.0,full,1.0,2026-09-21
1582.0,,011765,兴银高端制造混合A,0.15426679485661454,ret_12m,main,64.5,full,1.0,2026-09-21
1583.0,,501083,银华科创主题灵活配置混合(LOF)A,0.15413376793289024,ret_12m,main,86.6,full,1.0,2026-09-21
1584.0,,014506,博时成长臻选混合A,0.15412894373926145,ret_12m,main,55.9,full,1.0,2026-09-21
1585.0,,012613,创金合信产业智选混合A,0.1540909789367464,ret_12m,main,61.8,full,1.0,2026-09-21
1586.0,,010751,宝盈优质成长混合A,0.15403780982388104,ret_12m,main,59.3,full,1.0,2026-09-21
1587.0,,016045,华商研究回报一年持有混合A,0.1537996079426267,ret_12m,main,42.5,full,1.0,2026-09-21
1588.0,,519066,汇添富蓝筹稳健混合A,0.15370161274097605,ret_12m,main,218.4,full,1.0,2026-09-21
1589.0,,360011,光大动态优选灵活配置混合A,0.15364919898148988,ret_12m,main,202.8,full,1.0,2026-09-21
1590.0,,002181,华安大安全主题混合A,0.15360842498907457,ret_12m,main,108.9,full,1.0,2026-09-21
1591.0,,015610,万家匠心致远一年持有期混合A,0.15352323098002518,ret_12m,main,49.4,full,1.0,2026-09-21
1592.0,,010284,长城价值成长六个月持有期混合A,0.15349634424761693,ret_12m,main,66.2,full,1.0,2026-09-21
1593.0,,630006,华商产业升级混合,0.15338029882996862,ret_12m,main,195.1,full,1.0,2026-09-21
1594.0,,001637,嘉实量化精选股票,0.15329397233672393,ret_12m,main,129.5,full,1.0,2026-09-21
1595.0,,001581,华安沪港深通精选灵活配置混合A,0.15316920857697403,ret_12m,main,115.1,full,1.0,2026-09-21
1596.0,,002849,金信智能中国2025混合A,0.1531218659738358,ret_12m,main,122.7,full,1.0,2026-09-21
1597.0,,690007,民生加银景气行业混合A,0.15299799604608566,ret_12m,main,178.0,full,1.0,2026-09-21
1598.0,,014838,兴银碳中和主题混合A,0.15287668801697496,ret_12m,main,54.9,full,1.0,2026-09-21
1599.0,,007592,华夏价值精选混合A,0.15266876665350604,ret_12m,main,80.4,full,1.0,2026-09-21
1600.0,,519035,富国天博创新主题混合,0.15265864154085307,ret_12m,main,232.0,full,1.0,2026-09-21
1601.0,,002124,广发新兴产业混合A,0.1521781519274097,ret_12m,main,127.7,full,1.0,2026-09-21
1602.0,,019722,中银量化选股混合发起A,0.15199552061610677,ret_12m,main,27.1,short,1.0,2026-09-21
1603.0,,040035,华安逆向策略混合A,0.151777247018001,ret_12m,main,169.2,full,1.0,2026-09-21
1604.0,,005821,万家新机遇龙头企业混合A,0.15151628493181568,ret_12m,main,99.9,full,1.0,2026-09-21
1605.0,,001474,兴银丰盈灵活配置A,0.15137091784431345,ret_12m,main,134.9,full,1.0,2026-09-21
1606.0,,288001,华夏经典混合,0.1513312429925946,ret_12m,main,270.2,full,1.0,2026-09-21
1607.0,,009885,新华景气行业混合A,0.15119402982257735,ret_12m,main,71.8,full,1.0,2026-09-21
1608.0,,015245,南华丰汇混合A,0.15108964468221853,ret_12m,main,54.7,full,1.0,2026-09-21
1609.0,,021372,天弘价值驱动混合A,0.15078793539311386,ret_12m,main,20.9,short,1.0,2026-09-21
1610.0,,005294,诺德新宜灵活配置混合,0.15075760741912658,ret_12m,main,104.3,full,1.0,2026-09-21
1611.0,,005739,富国转型机遇混合,0.15060776978463863,ret_12m,main,100.9,full,1.0,2026-09-21
1612.0,,002983,长信国防军工量化混合A,0.15057887305069895,ret_12m,main,116.5,full,1.0,2026-09-21
1613.0,,200016,长城稳健成长混合A,0.15043819546218007,ret_12m,main,169.6,full,1.0,2026-09-21
1614.0,,001681,新华积极价值灵活配置混合A,0.15042849027981453,ret_12m,main,129.0,full,1.0,2026-09-21
1615.0,,013385,信澳优势价值混合A,0.1503638227163937,ret_12m,main,57.6,full,1.0,2026-09-21
1616.0,,012993,汇添富品牌力一年持有混合A,0.15029392329366487,ret_12m,main,54.7,full,1.0,2026-09-21
1617.0,,002210,创金合信量化多因子股票A,0.15016770825171877,ret_12m,main,128.0,full,1.0,2026-09-21
1618.0,,001272,兴业聚利灵活配置混合A,0.15007538906736317,ret_12m,main,136.5,full,1.0,2026-09-21
1619.0,,003069,光大创业板量化优选A,0.15001693549854322,ret_12m,main,103.2,full,1.0,2026-09-21
1620.0,,004934,圆信永丰消费升级,0.14974367062620653,ret_12m,main,102.0,full,1.0,2026-09-21
1621.0,,163415,兴全商业模式混合(LOF)A,0.14958074210236294,ret_12m,main,165.1,full,1.0,2026-09-21
1622.0,,163418,兴全合兴混合A,0.14938996400284954,ret_12m,main,68.3,full,1.0,2026-09-21
1623.0,,005616,东方量化成长灵活配置混合A,0.14936050511585997,ret_12m,main,102.0,full,1.0,2026-09-21
1624.0,,001277,博时国企改革股票A,0.14906756912718144,ret_12m,main,136.1,full,1.0,2026-09-21
1625.0,,020151,中信保诚景气优选混合A,0.14890512899955155,ret_12m,main,30.8,short,1.0,2026-09-21
1626.0,,070017,嘉实量化阿尔法混合,0.14880435877414766,ret_12m,main,210.1,full,1.0,2026-09-21
1627.0,,121005,国投瑞银创新动力混合,0.14863423048076374,ret_12m,main,238.2,full,1.0,2026-09-21
1628.0,,019505,国泰海通中证1000优选股票发起A,0.14857852408635086,ret_12m,main,33.3,short,1.0,2026-09-21
1629.0,,001898,易方达大健康混合,0.14844734127003,ret_12m,main,107.8,full,1.0,2026-09-21
1630.0,,014922,华夏ESG可持续投资一年持有混合A,0.1483489995202789,ret_12m,main,54.4,full,1.0,2026-09-21
1631.0,,005055,华泰柏瑞量化阿尔法A,0.14820262696406217,ret_12m,main,107.8,full,1.0,2026-09-21
1632.0,,003501,宏利睿智稳健混合A,0.14809301835710031,ret_12m,main,117.9,full,1.0,2026-09-21
1633.0,,470098,汇添富逆向投资混合A,0.1480412194424594,ret_12m,main,174.4,full,1.0,2026-09-21
1634.0,,002291,诺安安鑫灵活配置混合,0.1473560869993107,ret_12m,main,127.1,full,1.0,2026-09-21
1635.0,,020010,国泰金牛创新成长混合,0.1472352124607621,ret_12m,main,232.1,full,1.0,2026-09-21
1636.0,,000884,民生加银优选股票,0.14718343855253102,ret_12m,main,141.1,full,1.0,2026-09-21
1637.0,,004250,银河量化优选混合A,0.1466124660683661,ret_12m,main,112.8,full,1.0,2026-09-21
1638.0,,006058,民生加银新兴成长混合,0.14650529638875298,ret_12m,main,96.5,full,1.0,2026-09-21
1639.0,,007470,博道叁佰智航股票A,0.14624718984869478,ret_12m,main,87.6,full,1.0,2026-09-21
1640.0,,000409,鹏华环保产业股票,0.1461920275227404,ret_12m,main,150.5,full,1.0,2026-09-21
1641.0,,501032,财通福盛混合发起(LOF)A,0.14619066853424245,ret_12m,main,115.8,full,1.0,2026-09-21
1642.0,,021812,东兴宸泰量化选股混合发起A,0.14616762857514187,ret_12m,main,23.8,short,1.0,2026-09-21
1643.0,,011698,南方均衡回报混合A,0.14607064308739637,ret_12m,main,64.8,full,1.0,2026-09-21
1644.0,,003641,长盛盛丰灵活配置混合A,0.1458869167240351,ret_12m,main,118.1,full,1.0,2026-09-21
1645.0,,007130,中庚小盘价值股票,0.1455455383526536,ret_12m,main,89.6,full,1.0,2026-09-21
1646.0,,161224,国投瑞银新丝路混合(LOF),0.14537110511832263,ret_12m,main,137.4,full,1.0,2026-09-21
1647.0,,001163,银华中国梦30股票,0.14517431973227213,ret_12m,main,136.8,full,1.0,2026-09-21
1648.0,,014913,博时研究回报混合A,0.14515524529814527,ret_12m,main,54.2,full,1.0,2026-09-21
1649.0,,002213,中海顺鑫灵活配置混合,0.14504786328993746,ret_12m,main,128.7,full,1.0,2026-09-21
1650.0,,002681,金鹰元和灵活配置混合A,0.14469598939137107,ret_12m,main,123.9,full,1.0,2026-09-21
1651.0,,002005,工银新得利混合,0.14446700552051217,ret_12m,main,114.0,full,1.0,2026-09-21
1652.0,,009740,博时研究臻选持有期混合A,0.14422950172517113,ret_12m,main,74.7,full,1.0,2026-09-21
1653.0,,001796,汇添富安鑫智选混合A,0.14417854188858192,ret_12m,main,129.8,full,1.0,2026-09-21
1654.0,,007137,鹏扬元合量化大盘A,0.14389639009422672,ret_12m,main,86.4,full,1.0,2026-09-21
1655.0,,011927,博时汇誉回报混合A,0.14376566141565883,ret_12m,main,64.8,full,1.0,2026-09-21
1656.0,,519997,长信银利精选混合A,0.143678172025703,ret_12m,main,260.1,full,1.0,2026-09-21
1657.0,,011260,金鹰新能源混合A,0.1431953684802556,ret_12m,main,66.0,full,1.0,2026-09-21
1658.0,,016477,光大专精特新混合A,0.14307087869380042,ret_12m,main,44.2,full,1.0,2026-09-21
1659.0,,007126,博道远航混合A,0.14298928535642985,ret_12m,main,88.7,full,1.0,2026-09-21
1660.0,,010420,民生加银成长优选股票A,0.14291526156813883,ret_12m,main,69.8,full,1.0,2026-09-21
1661.0,,020009,国泰金鹏蓝筹混合,0.14290001011696374,ret_12m,main,239.7,full,1.0,2026-09-21
1662.0,,011425,广发优势成长股票A,0.14286751936076825,ret_12m,main,67.4,full,1.0,2026-09-21
1663.0,,003175,华泰柏瑞多策略混合A,0.14282886846814913,ret_12m,main,119.7,full,1.0,2026-09-21
1664.0,,001182,易方达安心回馈混合A,0.14280307921901558,ret_12m,main,135.8,full,1.0,2026-09-21
1665.0,,013661,华安研究领航混合A,0.14271949749237245,ret_12m,main,57.7,full,1.0,2026-09-21
1666.0,,000619,东方红产业升级混合,0.14258947689110246,ret_12m,main,147.5,full,1.0,2026-09-21
1667.0,,020985,汇安景气成长混合A,0.14238931801956833,ret_12m,main,19.4,short,1.0,2026-09-21
1668.0,,004448,博时汇智回报灵活配置混合,0.14212067616864799,ret_12m,main,113.3,full,1.0,2026-09-21
1669.0,,015291,金元顺安产业臻选混合A,0.14197216932933676,ret_12m,main,33.1,short,1.0,2026-09-21
1670.0,,002959,汇添富盈泰混合,0.14193477460044712,ret_12m,main,121.6,full,1.0,2026-09-21
1671.0,,162204,宏利行业精选混合A,0.1417593978370255,ret_12m,main,266.4,full,1.0,2026-09-21
1672.0,,010289,景顺长城产业趋势混合A,0.14118141054334377,ret_12m,main,68.2,full,1.0,2026-09-21
1673.0,,010338,国投瑞银远见成长混合A,0.14113099732851242,ret_12m,main,69.1,full,1.0,2026-09-21
1674.0,,006392,中信保诚创新成长混合A,0.14102742532937906,ret_12m,main,91.7,full,1.0,2026-09-21
1675.0,,202011,南方优选价值混合A,0.14094914640749767,ret_12m,main,219.1,full,1.0,2026-09-21
1676.0,,011146,创金合信气候变化责任投资股票A,0.14084235527712297,ret_12m,main,68.7,full,1.0,2026-09-21
1677.0,,410003,华富成长趋势混合A,0.14080403164619604,ret_12m,main,234.1,full,1.0,2026-09-21
1678.0,,001645,国泰大健康股票A,0.14077639758374128,ret_12m,main,127.6,full,1.0,2026-09-21
1679.0,,006696,汇添富研究优选灵活配置混合,0.14075280743378915,ret_12m,main,91.7,full,1.0,2026-09-21
1680.0,,570001,诺德价值优势混合,0.140745194506396,ret_12m,main,233.1,full,1.0,2026-09-21
1681.0,,001047,光大国企改革股票A,0.14061726242874562,ret_12m,main,137.9,full,1.0,2026-09-21
1682.0,,001603,易方达安盈回报混合A,0.14051874088561234,ret_12m,main,115.1,full,1.0,2026-09-21
1683.0,,014267,华商竞争力优选混合A,0.14042587493358694,ret_12m,main,55.8,full,1.0,2026-09-21
1684.0,,010821,东方红多元策略混合B,0.1402772233328793,ret_12m,main,68.4,full,1.0,2026-09-21
1685.0,,019617,工银远见共赢混合A1,0.1401709675924807,ret_12m,main,33.6,short,1.0,2026-09-21
1686.0,,008491,万家周期优势企业混合A,0.1400414248827766,ret_12m,main,73.1,full,1.0,2026-09-21
1687.0,,121006,国投瑞银稳健增长混合,0.13977996405818183,ret_12m,main,219.3,full,1.0,2026-09-21
1688.0,,006564,圆信永丰精选回报混合,0.1393956944028958,ret_12m,main,88.2,full,1.0,2026-09-21
1689.0,,021655,海富通量化选股混合A,0.13924808254775578,ret_12m,main,26.0,short,1.0,2026-09-21
1690.0,,013284,上银价值增长3个月持有期混合A,0.13924680675085344,ret_12m,main,57.0,full,1.0,2026-09-21
1691.0,,015143,中欧智能制造混合A,0.13910593676183303,ret_12m,main,54.0,full,1.0,2026-09-21
1692.0,,005630,华安研究精选混合A,0.13887585611366537,ret_12m,main,102.3,full,1.0,2026-09-21
1693.0,,000433,安信鑫发优选混合A,0.13881017796050088,ret_12m,main,152.7,full,1.0,2026-09-21
1694.0,,005760,富国周期优势混合A,0.1386938930279924,ret_12m,main,98.4,full,1.0,2026-09-21
1695.0,,018937,财通医药健康混合A,0.1383815260006549,ret_12m,main,29.8,short,1.0,2026-09-21
1696.0,,020062,格林宏观回报混合A,0.1382696782693471,ret_12m,main,27.8,short,1.0,2026-09-21
1697.0,,501219,华夏智胜先锋股票(LOF)A,0.13796907882519394,ret_12m,main,57.2,full,1.0,2026-09-21
1698.0,,121010,国投瑞银瑞源灵活配置混合A,0.13779868334998713,ret_12m,main,177.1,full,1.0,2026-09-21
1699.0,,005708,国联安远见成长混合,0.13778593077977974,ret_12m,main,100.2,full,1.0,2026-09-21
1700.0,,017424,华泰紫金先进制造混合发起A,0.13773238237459084,ret_12m,main,42.7,full,1.0,2026-09-21
1701.0,,010442,东方红启盛三年持有混合B,0.13764972425786604,ret_12m,main,62.5,full,1.0,2026-09-21
1702.0,,007254,广发均衡价值混合A,0.13759201398124832,ret_12m,main,87.0,full,1.0,2026-09-21
1703.0,,013524,富国悦享回报12个月持有期混合A,0.1374674772278126,ret_12m,main,58.3,full,1.0,2026-09-21
1704.0,,009152,南方瑞盛三年混合A,0.13736262145028433,ret_12m,main,77.1,full,1.0,2026-09-21
1705.0,,009795,嘉实远见精选两年持有期混合,0.13734075212586894,ret_12m,main,74.0,full,1.0,2026-09-21
1706.0,,163803,中银持续增长混合A,0.13720061499668246,ret_12m,main,246.2,full,1.0,2026-09-21
1707.0,,002161,银华万物互联灵活配置混合A,0.13707451446901509,ret_12m,main,112.7,full,1.0,2026-09-21
1708.0,,005894,华夏优势精选股票,0.1370319680940304,ret_12m,main,97.5,full,1.0,2026-09-21
1709.0,,880007,招商资管智远成长混合A,0.13700106748502483,ret_12m,main,71.3,full,1.0,2026-09-21
1710.0,,008531,惠升惠民混合A,0.13692030130700328,ret_12m,main,78.6,full,1.0,2026-09-21
1711.0,,008372,富国阿尔法两年持有期混合,0.13690237936006655,ret_12m,main,80.9,full,1.0,2026-09-21
1712.0,,008618,永赢医药健康A,0.13655747917716954,ret_12m,main,76.1,full,1.0,2026-09-21
1713.0,,320016,诺安多策略混合A,0.13655506079741397,ret_12m,main,181.4,full,1.0,2026-09-21
1714.0,,340008,兴全有机增长混合,0.13636604449348355,ret_12m,main,209.9,full,1.0,2026-09-21
1715.0,,000646,华润元大量化优选混合A,0.13630018019665435,ret_12m,main,145.1,full,1.0,2026-09-21
1716.0,,024895,泰康资源精选股票发起A,0.1358748625236763,ret_12m,main,13.3,short,1.0,2026-09-21
1717.0,,004695,东兴未来价值混合A,0.13539087055037768,ret_12m,main,85.9,full,1.0,2026-09-21
1718.0,,002411,华夏新机遇混合A,0.13535945628772472,ret_12m,main,125.7,full,1.0,2026-09-21
1719.0,,002943,广发多因子混合,0.1353508317762382,ret_12m,main,116.7,full,1.0,2026-09-21
1720.0,,012977,瑞达鑫红量化6个月持有混合A,0.13514553626195402,ret_12m,main,62.3,full,1.0,2026-09-21
1721.0,,673110,西部利得新润混合A,0.13513834097743338,ret_12m,main,108.9,full,1.0,2026-09-21
1722.0,,017494,东方红多元策略混合C,0.13504201582357167,ret_12m,main,45.5,full,1.0,2026-09-21
1723.0,,015305,银华鑫峰混合A,0.1349162526602028,ret_12m,main,52.8,full,1.0,2026-09-21
1724.0,,014878,华安价值驱动一年持有混合A,0.13485216937433697,ret_12m,main,54.8,full,1.0,2026-09-21
1725.0,,012173,国泰兴泽优选一年持有期混合A,0.13479002663590078,ret_12m,main,59.9,full,1.0,2026-09-21
1726.0,,010008,国联成长优选混合A,0.13435354349274542,ret_12m,main,70.1,full,1.0,2026-09-21
1727.0,,014198,华夏智胜先锋股票C,0.1341155910723706,ret_12m,main,57.2,full,1.0,2026-09-21
1728.0,,011523,前海联合产业趋势混合A,0.13385670813692396,ret_12m,main,61.1,full,1.0,2026-09-21
1729.0,,240002,华宝宝康配置混合,0.13366740080312045,ret_12m,main,278.2,full,1.0,2026-09-21
1730.0,,011663,华安研究驱动混合A,0.13363276543780045,ret_12m,main,59.8,full,1.0,2026-09-21
1731.0,,015641,银华数字经济股票发起式A,0.13357686999413332,ret_12m,main,52.1,full,1.0,2026-09-21
1732.0,,008311,圆信永丰优选价值A,0.13344815879700955,ret_12m,main,76.1,full,1.0,2026-09-21
1733.0,,001974,景顺长城量化新动力股票A,0.13337246108927459,ret_12m,main,122.3,full,1.0,2026-09-21
1734.0,,460001,华泰柏瑞盛世中国混合,0.13319537723451735,ret_12m,main,256.8,full,1.0,2026-09-21
1735.0,,010971,华夏永鑫六个月持有期混合A,0.13316909678125732,ret_12m,main,65.1,full,1.0,2026-09-21
1736.0,,021990,中加专精特新量化选股混合发起式A,0.1328922599434943,ret_12m,main,22.3,short,1.0,2026-09-21
1737.0,,024446,中欧大盘智选混合发起A,0.13276153137343827,ret_12m,main,14.9,short,0.9644,2026-09-21
1738.0,,000535,长盛航天海工混合A,0.13265545176907523,ret_12m,main,150.4,full,1.0,2026-09-21
1739.0,,519120,浦银新兴产业混合A,0.13256701607048949,ret_12m,main,161.9,full,1.0,2026-09-21
1740.0,,010340,易方达高质量严选三年持有,0.13248638590850548,ret_12m,main,70.3,full,1.0,2026-09-21
1741.0,,090001,大成价值增长混合A,0.1324748941479057,ret_12m,main,286.3,full,1.0,2026-09-21
1742.0,,005618,融通红利机会主题精选混合A,0.13235715715775576,ret_12m,main,101.8,full,1.0,2026-09-21
1743.0,,001685,汇添富沪港深新价值股票,0.13231717172842927,ret_12m,main,121.8,full,1.0,2026-09-21
1744.0,,014119,金鹰时代先锋混合A,0.13231662246660236,ret_12m,main,55.9,full,1.0,2026-09-21
1745.0,,002367,国联安安稳混合,0.13220174568961185,ret_12m,main,126.4,full,1.0,2026-09-21
1746.0,,257030,国联安优势混合,0.13211978086159304,ret_12m,main,235.9,full,1.0,2026-09-21
1747.0,,011803,景顺长城宁景6个月持有混合A,0.13200653823863484,ret_12m,main,57.7,full,1.0,2026-09-21
1748.0,,007243,安信核心竞争力混合A,0.1319398962278826,ret_12m,main,87.6,full,1.0,2026-09-21
1749.0,,040015,华安动态灵活配置混合A,0.1319142317399422,ret_12m,main,201.0,full,1.0,2026-09-21
1750.0,,008245,圆信永丰致优混合A,0.13184462769772298,ret_12m,main,80.9,full,1.0,2026-09-21
1751.0,,014946,南方高质量优选混合A,0.13176259740173735,ret_12m,main,49.0,full,1.0,2026-09-21
1752.0,,006535,恒生前海恒锦裕利A,0.13170870087146969,ret_12m,main,90.1,full,1.0,2026-09-21
1753.0,,016492,南方均衡成长混合A,0.13168694714911355,ret_12m,main,47.7,full,1.0,2026-09-21
1754.0,,161219,国投瑞银新兴产业混合(LOF)A,0.13160327104891745,ret_12m,main,177.3,full,1.0,2026-09-21
1755.0,,010116,民生加银新兴产业混合A,0.13153928093166156,ret_12m,main,72.1,full,1.0,2026-09-21
1756.0,,004686,华夏研究精选股票,0.1312776793257593,ret_12m,main,108.5,full,1.0,2026-09-21
1757.0,,229002,宏利逆向策略混合,0.13117202890201285,ret_12m,main,172.0,full,1.0,2026-09-21
1758.0,,519021,国泰金鼎价值混合,0.13113819548252814,ret_12m,main,232.9,full,1.0,2026-09-21
1759.0,,005434,鹏华睿投混合A,0.13110829753645992,ret_12m,main,99.7,full,1.0,2026-09-21
1760.0,,013962,华夏创新视野一年持有混合A,0.13096240898155487,ret_12m,main,58.3,full,1.0,2026-09-21
1761.0,,023386,国泰聚智量化选股混合发起A,0.13095156213356263,ret_12m,main,12.6,short,0.9921,2026-09-21
1762.0,,023344,信澳星瑞智选混合A,0.13087303299537711,ret_12m,main,18.1,short,1.0,2026-09-21
1763.0,,021316,民生加银智选成长股票A,0.13067325827032028,ret_12m,main,26.8,short,1.0,2026-09-21
1764.0,,050001,博时价值增长混合,0.1305704919443067,ret_12m,main,287.4,full,1.0,2026-09-21
1765.0,,007368,浙商沪港深精选混合A,0.13046945385483988,ret_12m,main,86.8,full,1.0,2026-09-21
1766.0,,000029,富国宏观策略灵活配置混合A,0.1302870627968209,ret_12m,main,161.3,full,1.0,2026-09-21
1767.0,,012202,中加消费优选混合A,0.1301364220598038,ret_12m,main,61.3,full,1.0,2026-09-21
1768.0,,009500,国寿安保高股息混合A,0.1297001970140481,ret_12m,main,71.8,full,1.0,2026-09-21
1769.0,,018724,长信汇智量化选股混合A,0.12947162110845967,ret_12m,main,33.8,short,1.0,2026-09-21
1770.0,,009379,中银成长优选股票A,0.12934101152113175,ret_12m,main,66.0,full,1.0,2026-09-21
1771.0,,000273,华润元大安鑫灵活配置混合A,0.1290512075939898,ret_12m,main,156.3,full,1.0,2026-09-21
1772.0,,015137,国富均衡增长混合A,0.12896524318068026,ret_12m,main,49.6,full,1.0,2026-09-21
1773.0,,002837,华夏网购精选混合A,0.12882147841013714,ret_12m,main,118.6,full,1.0,2026-09-21
1774.0,,009557,申万菱信创业板量化精选股票A,0.12874386335231547,ret_12m,main,74.7,full,1.0,2026-09-21
1775.0,,004604,富国新活力灵活配置混合A,0.1287108052151298,ret_12m,main,111.7,full,1.0,2026-09-21
1776.0,,009663,华泰紫金创新先锋混合(LOF)A,0.1286530136204671,ret_12m,main,74.2,full,1.0,2026-09-21
1777.0,,000082,嘉实研究阿尔法股票A,0.12851727153459436,ret_12m,main,159.8,full,1.0,2026-09-21
1778.0,,010128,宝盈发展新动能股票A,0.12844762379303498,ret_12m,main,71.8,full,1.0,2026-09-21
1779.0,,020158,信澳核心智选混合A,0.1284183777823722,ret_12m,main,31.6,short,1.0,2026-09-21
1780.0,,019146,农银均衡优选混合A,0.12838960458428894,ret_12m,main,35.4,short,1.0,2026-09-21
1781.0,,001128,宝盈新兴产业混合A,0.12837335690286178,ret_12m,main,137.3,full,1.0,2026-09-21
1782.0,,020305,信澳星煜智选混合A,0.12827046818189736,ret_12m,main,31.0,short,1.0,2026-09-21
1783.0,,090009,大成行业轮动混合A,0.12819206857679322,ret_12m,main,204.4,full,1.0,2026-09-21
1784.0,,050201,博时价值增长贰号混合,0.12816586394846285,ret_12m,main,239.8,full,1.0,2026-09-21
1785.0,,501208,中欧创新未来混合(LOF),0.1277528074172669,ret_12m,main,71.4,full,1.0,2026-09-21
1786.0,,014874,惠升惠远回报混合A,0.1275793040905011,ret_12m,main,56.1,full,1.0,2026-09-21
1787.0,,010584,渤海汇金新动能主题混合A,0.1273382008494146,ret_12m,main,66.0,full,1.0,2026-09-21
1788.0,,000877,华泰柏瑞量化优选混合,0.1272148390041583,ret_12m,main,141.1,full,1.0,2026-09-21
1789.0,,015887,国投瑞银行业睿选混合A,0.12720265622083615,ret_12m,main,48.5,full,1.0,2026-09-21
1790.0,,004475,华泰柏瑞富利混合A,0.12708431605026416,ret_12m,main,108.3,full,1.0,2026-09-21
1791.0,,005262,鑫元欣享灵活配置混合A,0.1270020060109498,ret_12m,main,105.2,full,1.0,2026-09-21
1792.0,,013960,万家新机遇成长一年持有期混合发起式A,0.12674514395617797,ret_12m,main,57.5,full,1.0,2026-09-21
1793.0,,010694,万家内需增长一年持有混合,0.12672973844487045,ret_12m,main,66.7,full,1.0,2026-09-21
1794.0,,163302,大摩资源优选混合(LOF),0.12672130922181046,ret_12m,main,251.8,full,1.0,2026-09-21
1795.0,,003119,博时鑫源混合A,0.12661786584247414,ret_12m,main,120.9,full,1.0,2026-09-21
1796.0,,011740,博时成长精选混合A,0.1265029631648158,ret_12m,main,65.1,full,1.0,2026-09-21
1797.0,,008150,嘉实远见企业精选两年持有期混合,0.12646329785799515,ret_12m,main,72.0,full,1.0,2026-09-21
1798.0,,004119,广发创新驱动灵活配置混合,0.12635519224607816,ret_12m,main,111.4,full,1.0,2026-09-21
1799.0,,005593,摩根创新商业模式混合A,0.12625690827076363,ret_12m,main,101.7,full,1.0,2026-09-21
1800.0,,011729,工银聚享混合A,0.126213285487353,ret_12m,main,60.9,full,1.0,2026-09-21
1801.0,,161728,招商瑞智优选混合(LOF),0.1261867570481905,ret_12m,main,98.6,full,1.0,2026-09-21
1802.0,,005059,南方安福混合A,0.1261353909906049,ret_12m,main,106.6,full,1.0,2026-09-21
1803.0,,015697,华夏磐润两年定开混合A,0.12612793219998908,ret_12m,main,48.9,full,1.0,2026-09-21
1804.0,,161222,国投瑞银瑞利混合(LOF)A,0.12609305444143004,ret_12m,main,139.5,full,1.0,2026-09-21
1805.0,,002819,招商丰美混合A,0.1258575189885931,ret_12m,main,118.3,full,1.0,2026-09-21
1806.0,,025216,永赢资源慧选混合发起A,0.1258281383869464,ret_12m,main,13.0,short,1.0,2026-09-21
1807.0,,023780,摩根汇智优选混合A,0.12559101530757588,ret_12m,main,14.0,short,1.0,2026-09-21
1808.0,,019322,中信建投致远混合A,0.12532879005565079,ret_12m,main,31.7,short,1.0,2026-09-21
1809.0,,020842,联博智选混合A,0.12530220255085012,ret_12m,main,29.7,short,1.0,2026-09-21
1810.0,,014024,华富卓越成长一年持有期混合A,0.12516412856170134,ret_12m,main,56.2,full,1.0,2026-09-21
1811.0,,001148,申万菱信多策略灵活配置混合A,0.12510737808689876,ret_12m,main,137.7,full,1.0,2026-09-21
1812.0,,024640,中欧化工产业混合发起A,0.1250304518921188,ret_12m,main,13.3,short,1.0,2026-09-21
1813.0,,501227,泓德红利优选混合(LOF)A,0.12495447957437533,ret_12m,main,16.8,short,1.0,2026-09-21
1814.0,,009800,长盛制造精选混合A,0.12490964210683497,ret_12m,main,72.8,full,1.0,2026-09-21
1815.0,,519095,新华行业周期轮换混合A,0.12468409448123863,ret_12m,main,194.0,full,1.0,2026-09-21
1816.0,,005840,富国产业驱动混合A,0.12459520368227572,ret_12m,main,94.2,full,1.0,2026-09-21
1817.0,,002562,泓德泓益量化混合A,0.12448626403747931,ret_12m,main,124.8,full,1.0,2026-09-21
1818.0,,000663,国投瑞银美丽中国混合A,0.1244241264053847,ret_12m,main,146.9,full,1.0,2026-09-21
1819.0,,011801,中银证券盈瑞混合A,0.12434145661673934,ret_12m,main,64.5,full,1.0,2026-09-21
1820.0,,000480,东方红新动力混合A,0.12422291394288543,ret_12m,main,151.8,full,1.0,2026-09-21
1821.0,,017635,银华动力领航混合A,0.12419443665141916,ret_12m,main,44.0,full,1.0,2026-09-21
1822.0,,169102,东方红睿阳三年持有混合,0.1241459480442697,ret_12m,main,140.1,full,1.0,2026-09-21
1823.0,,160813,长盛同盛成长优选(LOF),0.12393044047400914,ret_12m,main,141.6,full,1.0,2026-09-21
1824.0,,021431,景顺长城精锐成长混合A,0.12352877297902243,ret_12m,main,19.9,short,1.0,2026-09-21
1825.0,,012568,天弘高端制造混合A,0.12351074276972462,ret_12m,main,62.3,full,1.0,2026-09-21
1826.0,,018217,博时厚泽匠选一年持有期混合A,0.12320584827392378,ret_12m,main,40.8,full,1.0,2026-09-21
1827.0,,750001,安信灵活配置混合A,0.12319880845165665,ret_12m,main,171.0,full,1.0,2026-09-21
1828.0,,166006,中欧行业成长混合(LOF)A,0.12313704036416784,ret_12m,main,200.7,full,1.0,2026-09-21
1829.0,,005225,广发量化多因子混合A,0.12301838069030979,ret_12m,main,102.0,full,1.0,2026-09-21
1830.0,,002334,汇丰晋信大盘波动股票A,0.12290421172326149,ret_12m,main,126.4,full,1.0,2026-09-21
1831.0,,005960,博时量化价值股票A,0.12278233668545258,ret_12m,main,98.9,full,1.0,2026-09-21
1832.0,,519965,长信量化多策略股票A,0.12257832021635084,ret_12m,main,134.3,full,1.0,2026-09-21
1833.0,,012406,永赢长远价值混合A,0.12254474152481398,ret_12m,main,60.3,full,1.0,2026-09-21
1834.0,,016105,申万菱信兴乐优选混合A,0.12213235999981964,ret_12m,main,48.9,full,1.0,2026-09-21
1835.0,,012111,鹏华安颐混合A,0.12211673915360932,ret_12m,main,58.6,full,1.0,2026-09-21
1836.0,,023404,海富通致远量化选股股票发起A,0.12201101271262904,ret_12m,main,14.9,short,1.0,2026-09-21
1837.0,,010120,九泰久福量化股票A,0.12189178743915452,ret_12m,main,68.0,full,1.0,2026-09-21
1838.0,,011820,兴业兴智一年持有期混合A,0.121807752406913,ret_12m,main,64.4,full,1.0,2026-09-21
1839.0,,009789,富安达科技创新混合A,0.12172609161899928,ret_12m,main,72.1,full,1.0,2026-09-21
1840.0,,008317,光大睿盈混合A,0.12169581706959742,ret_12m,main,60.6,full,1.0,2026-09-21
1841.0,,013294,东方红智选三年持有混合A,0.12161286566505458,ret_12m,main,58.6,full,1.0,2026-09-21
1842.0,,002666,前海开源沪港深创新成长混合A,0.12129097885494633,ret_12m,main,122.9,full,1.0,2026-09-21
1843.0,,004218,前海开源裕和混合A,0.12114702020404389,ret_12m,main,113.3,full,1.0,2026-09-21
1844.0,,005244,国泰聚优价值灵活配置混合A,0.12103948037114165,ret_12m,main,106.2,full,1.0,2026-09-21
1845.0,,121002,国投瑞银景气行业混合,0.12101098098740093,ret_12m,main,268.7,full,1.0,2026-09-21
1846.0,,080015,长盛中小盘精选混合,0.12073977112212031,ret_12m,main,170.4,full,1.0,2026-09-21
1847.0,,003751,万家瑞隆混合A,0.1207124003277864,ret_12m,main,117.7,full,1.0,2026-09-21
1848.0,,010373,西部利得聚兴一年定开混合A,0.12066351123960262,ret_12m,main,64.8,full,1.0,2026-09-21
1849.0,,001705,泓德战略转型股票,0.12027659268404456,ret_12m,main,130.4,full,1.0,2026-09-21
1850.0,,165531,中信保诚多策略混合(LOF)A,0.12020330936611212,ret_12m,main,111.2,full,1.0,2026-09-21
1851.0,,014691,中加量化研选混合A,0.12018659843730384,ret_12m,main,53.4,full,1.0,2026-09-21
1852.0,,011837,鹏扬中国优质成长混合A,0.12010302855124633,ret_12m,main,63.4,full,1.0,2026-09-21
1853.0,,008905,嘉合锦鹏添利混合A,0.11994859699580607,ret_12m,main,76.7,full,1.0,2026-09-21
1854.0,,021692,招商资管智达量化选股混合发起A,0.11993844396236297,ret_12m,main,23.9,short,1.0,2026-09-21
1855.0,,018493,西部利得汇鑫6个月持有期混合A,0.11990235563254381,ret_12m,main,37.9,full,1.0,2026-09-21
1856.0,,006167,德邦乐享生活混合A,0.11980083798292163,ret_12m,main,90.3,full,1.0,2026-09-21
1857.0,,005260,银华稳健增利灵活配置混合A,0.1196949537494798,ret_12m,main,105.2,full,1.0,2026-09-21
1858.0,,501051,圆信永丰汇利混合(LOF),0.11963575687786987,ret_12m,main,105.7,full,1.0,2026-09-21
1859.0,,001143,华商量化进取混合,0.11943560774693696,ret_12m,main,137.4,full,1.0,2026-09-21
1860.0,,017549,平安策略回报混合A,0.1194034527262493,ret_12m,main,37.2,full,1.0,2026-09-21
1861.0,,005311,万家经济新动能混合A,0.11932542813048985,ret_12m,main,103.4,full,1.0,2026-09-21
1862.0,,024711,中金新锐股票A,0.11919350001520423,ret_12m,main,14.7,short,1.0,2026-09-21
1863.0,,270022,广发内需增长混合A,0.1190884754917041,ret_12m,main,197.1,full,1.0,2026-09-21
1864.0,,012572,恒越乐享添利混合A,0.11903955883798045,ret_12m,main,59.8,full,1.0,2026-09-21
1865.0,,013465,博时智选量化多因子股票A,0.1190313804248404,ret_12m,main,58.6,full,1.0,2026-09-21
1866.0,,015635,汇安价值先锋混合A,0.11889879753425636,ret_12m,main,47.7,full,1.0,2026-09-21
1867.0,,008297,广发价值优势混合,0.11845385477526627,ret_12m,main,78.7,full,1.0,2026-09-21
1868.0,,011692,华安研究智选混合A,0.11836468973039715,ret_12m,main,61.4,full,1.0,2026-09-21
1869.0,,006336,泓德量化精选混合,0.11803930254727923,ret_12m,main,84.5,full,1.0,2026-09-21
1870.0,,003502,金鹰鑫瑞混合A,0.11794876943079169,ret_12m,main,117.5,full,1.0,2026-09-21
1871.0,,000993,华宝稳健回报混合,0.11789398226678105,ret_12m,main,137.9,full,1.0,2026-09-21
1872.0,,006424,嘉合锦程混合A,0.11776301167171455,ret_12m,main,93.0,full,1.0,2026-09-21
1873.0,,070099,嘉实优质企业混合,0.11769054785220301,ret_12m,main,225.4,full,1.0,2026-09-21
1874.0,,000932,前海开源睿远稳健增利混合A,0.11763052282235664,ret_12m,main,140.2,full,1.0,2026-09-21
1875.0,,000520,上银新兴价值成长混合A,0.11750839747248931,ret_12m,main,148.5,full,1.0,2026-09-21
1876.0,,470006,汇添富医药保健混合,0.1174357092375764,ret_12m,main,192.0,full,1.0,2026-09-21
1877.0,,001268,富国国家安全主题混合A,0.11737270884608209,ret_12m,main,136.3,full,1.0,2026-09-21
1878.0,,017764,大成均衡增长混合A,0.11728911878803494,ret_12m,main,42.0,full,1.0,2026-09-21
1879.0,,013141,中信保诚弘远混合A,0.1172762686954687,ret_12m,main,60.7,full,1.0,2026-09-21
1880.0,,010423,国投瑞银价值成长一年持有混合A,0.11706958124621614,ret_12m,main,69.7,full,1.0,2026-09-21
1881.0,,002472,光大先进服务业混合A,0.11690515573789417,ret_12m,main,108.0,full,1.0,2026-09-21
1882.0,,019600,鹏华智投800混合A,0.11663321530387405,ret_12m,main,31.8,short,1.0,2026-09-21
1883.0,,001488,万家瑞丰灵活配置混合A,0.11627309839268163,ret_12m,main,135.1,full,1.0,2026-09-21
1884.0,,014625,财通资管稳兴丰益六个月持有期混合A,0.11622717798822824,ret_12m,main,51.4,full,1.0,2026-09-21
1885.0,,012880,国泰景气优选混合A,0.1161635373346308,ret_12m,main,58.4,full,1.0,2026-09-21
1886.0,,008811,鹏华科技创新混合,0.11605111547230784,ret_12m,main,80.2,full,1.0,2026-09-21
1887.0,,014139,易方达高质量增长量化精选股票A,0.1160186348192449,ret_12m,main,52.5,full,1.0,2026-09-21
1888.0,,004355,嘉实丰和灵活配置混合A,0.11586507777413169,ret_12m,main,113.0,full,1.0,2026-09-21
1889.0,,010885,长盛优势企业精选混合A,0.11570548419545901,ret_12m,main,67.6,full,1.0,2026-09-21
1890.0,,012475,平安优质企业混合A,0.11557684038479055,ret_12m,main,62.1,full,1.0,2026-09-21
1891.0,,014995,中欧量化先锋混合A,0.11530087929986887,ret_12m,main,55.1,full,1.0,2026-09-21
1892.0,,005373,中加紫金灵活配置混合A,0.11513888817703033,ret_12m,main,101.6,full,1.0,2026-09-21
1893.0,,010728,中泰兴诚价值一年持有混合A,0.11496740629876046,ret_12m,main,67.4,full,1.0,2026-09-21
1894.0,,100029,富国天成红利混合,0.11494531375429129,ret_12m,main,219.8,full,1.0,2026-09-21
1895.0,,017935,国泰海通远见价值混合发起A,0.11479141631287626,ret_12m,main,42.7,full,1.0,2026-09-21
1896.0,,000523,国投瑞银医疗保健混合A,0.11472784429163507,ret_12m,main,150.8,full,1.0,2026-09-21
1897.0,,005984,兴业聚华混合A,0.11471960166602546,ret_12m,main,78.1,full,1.0,2026-09-21
1898.0,,519727,交银成长30混合,0.11457704425688897,ret_12m,main,159.5,full,1.0,2026-09-21
1899.0,,008640,方正富邦科技创新A,0.11456272133250467,ret_12m,main,80.0,full,1.0,2026-09-21
1900.0,,519975,长信量化中小盘股票A,0.11455018073015233,ret_12m,main,139.5,full,1.0,2026-09-21
1901.0,,161005,富国天惠成长混合(LOF)A,0.1143807920214317,ret_12m,main,250.2,full,1.0,2026-09-21
1902.0,,270007,广发大盘成长混合,0.1142891932458614,ret_12m,main,231.3,full,1.0,2026-09-21
1903.0,,501081,中欧科创主题混合(LOF)A,0.11411531275477849,ret_12m,main,86.8,full,1.0,2026-09-21
1904.0,,025599,国泰海通新锐量化选股混合C,0.11408685186543632,ret_12m,main,46.7,full,0.996,2026-09-21
1905.0,,020064,西部利得科技创新混合A,0.11391751539209127,ret_12m,main,33.1,short,1.0,2026-09-21
1906.0,,010275,嘉实优质精选混合A,0.11382587047253256,ret_12m,main,69.4,full,1.0,2026-09-21
1907.0,,001384,东方新思路混合A,0.11378690552660053,ret_12m,main,134.9,full,1.0,2026-09-21
1908.0,,010452,广发瑞福精选混合A,0.11378594916593032,ret_12m,main,70.3,full,1.0,2026-09-21
1909.0,,007468,中信建投精选混合A,0.11377109001640129,ret_12m,main,81.7,full,1.0,2026-09-21
1910.0,,200007,长城安心回报混合A,0.11362496196475202,ret_12m,main,241.0,full,1.0,2026-09-21
1911.0,,007674,工银产业升级股票A,0.11350664282933076,ret_12m,main,80.9,full,1.0,2026-09-21
1912.0,,004774,汇添富添福吉祥混合A,0.11345242441295578,ret_12m,main,109.9,full,1.0,2026-09-21
1913.0,,005741,南方君信混合A,0.11332495431516287,ret_12m,main,99.7,full,1.0,2026-09-21
1914.0,,001815,华泰柏瑞激励动力混合A,0.11332084511745721,ret_12m,main,130.8,full,1.0,2026-09-21
1915.0,,002494,兴业聚盈混合A,0.11329842205487872,ret_12m,main,125.4,full,1.0,2026-09-21
1916.0,,015902,博时优质精选混合A,0.11324142152067651,ret_12m,main,49.0,full,1.0,2026-09-21
1917.0,,009576,东方红智远三年持有混合,0.11323909124739528,ret_12m,main,74.9,full,1.0,2026-09-21
1918.0,,024501,招商科技智选混合发起式A,0.11316717478192517,ret_12m,main,13.5,short,1.0,2026-09-21
1919.0,,001530,万家瑞富灵活配置混合A,0.11310618657433724,ret_12m,main,117.8,full,1.0,2026-09-21
1920.0,,310368,申万菱信竞争优势混合A,0.11309443635457028,ret_12m,main,218.6,full,1.0,2026-09-21
1921.0,,012828,富国浦诚回报12个月持有混合A,0.11276384332803313,ret_12m,main,61.8,full,1.0,2026-09-21
1922.0,,000977,长城环保主题混合A,0.11272943275808611,ret_12m,main,137.5,full,1.0,2026-09-21
1923.0,,022846,富国景气优选混合A,0.11256400464743255,ret_12m,main,18.1,short,1.0,2026-09-21
1924.0,,202003,南方绩优成长混合A,0.11210874203819854,ret_12m,main,238.2,full,1.0,2026-09-21
1925.0,,010690,万家互联互通核心资产量化A,0.11205711535308116,ret_12m,main,65.9,full,1.0,2026-09-21
1926.0,,002182,东兴蓝海财富混合A,0.11202690819593597,ret_12m,main,129.0,full,1.0,2026-09-21
1927.0,,002137,诺安利鑫灵活配置混合A,0.11188829028601299,ret_12m,main,129.6,full,1.0,2026-09-21
1928.0,,010731,广发创新医疗两年持有混合A,0.11152498553502266,ret_12m,main,66.1,full,1.0,2026-09-21
1929.0,,008415,国泰大制造两年持有期混合,0.11123766133956181,ret_12m,main,75.8,full,1.0,2026-09-21
1930.0,,010781,兴业聚申一年持有期混合A,0.11120852800597936,ret_12m,main,68.9,full,1.0,2026-09-21
1931.0,,018714,平安新鑫优选混合A,0.11115607436554775,ret_12m,main,37.2,full,1.0,2026-09-21
1932.0,,070013,嘉实研究精选混合,0.11114367179512064,ret_12m,main,219.8,full,1.0,2026-09-21
1933.0,,012995,嘉实策略视野三年持有期混合,0.11110459484148127,ret_12m,main,56.8,full,1.0,2026-09-21
1934.0,,006969,圆信永丰高端制造A,0.1110092023640088,ret_12m,main,89.6,full,1.0,2026-09-21
1935.0,,019972,海富通产业优选混合A,0.11096037580055196,ret_12m,main,32.9,short,1.0,2026-09-21
1936.0,,017860,景顺长城致远混合A,0.11077175270847905,ret_12m,main,42.7,full,1.0,2026-09-21
1937.0,,005855,中科沃土沃瑞混合A,0.11051821483390967,ret_12m,main,92.2,full,1.0,2026-09-21
1938.0,,011471,鹏华致远成长混合A,0.11046723688076932,ret_12m,main,66.1,full,1.0,2026-09-21
1939.0,,011296,汇添富优势行业一年持有混合A,0.11034125129851047,ret_12m,main,64.8,full,1.0,2026-09-21
1940.0,,022164,西部利得央企优选股票A,0.11031217330153176,ret_12m,main,21.4,short,1.0,2026-09-21
1941.0,,001718,工银物流产业股票A,0.1102105006367271,ret_12m,main,126.7,full,1.0,2026-09-21
1942.0,,519007,海富通强化回报混合,0.11019681350066102,ret_12m,main,243.9,full,1.0,2026-09-21
1943.0,,019421,华安远见慧选混合发起式A1,0.10986787362514638,ret_12m,main,33.5,short,1.0,2026-09-21
1944.0,,009686,华夏磐利一年定开混合A,0.10968907526586769,ret_12m,main,73.8,full,1.0,2026-09-21
1945.0,,020269,宏利价值驱动6个月持有混合A,0.10955948491352174,ret_12m,main,21.8,short,1.0,2026-09-21
1946.0,,000432,中银优秀企业混合A,0.10947740629160285,ret_12m,main,151.8,full,1.0,2026-09-21
1947.0,,013435,大成景气精选六个月持有混合A,0.10939149475667542,ret_12m,main,58.8,full,1.0,2026-09-21
1948.0,,011997,景顺长城安盈回报一年持有混合A,0.10931030988579393,ret_12m,main,63.9,full,1.0,2026-09-21
1949.0,,000589,光大银发商机混合A,0.10921367620826095,ret_12m,main,148.8,full,1.0,2026-09-21
1950.0,,012258,天弘鑫悦成长混合A,0.10920626809756273,ret_12m,main,56.8,full,1.0,2026-09-21
1951.0,,004279,国寿安保稳荣混合A,0.10902969436965781,ret_12m,main,115.3,full,1.0,2026-09-21
1952.0,,009106,嘉合同顺智选股票A,0.10902782102041142,ret_12m,main,76.0,full,1.0,2026-09-21
1953.0,,014701,中欧量化动能混合A,0.10888831923050724,ret_12m,main,51.9,full,1.0,2026-09-21
1954.0,,014558,华商品质慧选混合A,0.10874004125954917,ret_12m,main,54.5,full,1.0,2026-09-21
1955.0,,024455,银华成长智选混合A,0.10872977276256846,ret_12m,main,15.0,short,0.9723,2026-09-21
1956.0,,002846,泓德泓华混合,0.10853197538293213,ret_12m,main,117.7,full,1.0,2026-09-21
1957.0,,004724,先锋聚元灵活配置混合A,0.10850193131077424,ret_12m,main,106.1,full,1.0,2026-09-21
1958.0,,014508,汇添富先进制造混合A,0.10830633939413792,ret_12m,main,54.7,full,1.0,2026-09-21
1959.0,,009137,嘉实瑞和两年持有期混合,0.10825302755443622,ret_12m,main,77.4,full,1.0,2026-09-21
1960.0,,017749,国投瑞银景气驱动混合A,0.10812956767915316,ret_12m,main,42.3,full,1.0,2026-09-21
1961.0,,020979,西部利得价值回报混合A,0.10792259236091128,ret_12m,main,27.6,short,1.0,2026-09-21
1962.0,,010064,圆信永丰兴研A,0.10780414386211734,ret_12m,main,71.9,full,1.0,2026-09-21
1963.0,,501091,嘉实欣荣混合(LOF)A,0.10759049959412192,ret_12m,main,80.0,full,1.0,2026-09-21
1964.0,,011851,天弘先进制造混合A,0.1075793798973288,ret_12m,main,65.0,full,1.0,2026-09-21
1965.0,,012744,光大品质生活混合A,0.10744362402437813,ret_12m,main,62.1,full,1.0,2026-09-21
1966.0,,004657,金鹰民富收益混合A,0.10686551675527389,ret_12m,main,65.3,full,1.0,2026-09-21
1967.0,,010333,华夏核心资产混合A,0.10684237157228682,ret_12m,main,67.7,full,1.0,2026-09-21
1968.0,,002803,东方红沪港深混合,0.10662843410584655,ret_12m,main,122.3,full,1.0,2026-09-21
1969.0,,001838,国投瑞银国家安全混合A,0.10636131941901095,ret_12m,main,129.6,full,1.0,2026-09-21
1970.0,,011708,中欧嘉益一年持有期混合A,0.10635067530531561,ret_12m,main,64.5,full,1.0,2026-09-21
1971.0,,011138,广发聚鸿六个月持有期混合A,0.10624507499750235,ret_12m,main,67.4,full,1.0,2026-09-21
1972.0,,001291,大摩量化多策略股票,0.10622611599489473,ret_12m,main,135.7,full,1.0,2026-09-21
1973.0,,006227,华宝科技先锋混合A,0.10621262739178738,ret_12m,main,91.2,full,1.0,2026-09-21
1974.0,,011427,广发价值驱动混合A,0.10620779424578974,ret_12m,main,60.2,full,1.0,2026-09-21
1975.0,,169201,浙商鼎盈事件驱动混合,0.10614131810484229,ret_12m,main,117.5,full,1.0,2026-09-21
1976.0,,001156,申万菱信新能源汽车主题灵活配置混合A,0.10601590173106823,ret_12m,main,136.5,full,1.0,2026-09-21
1977.0,,009840,东财量化精选A,0.10597162723646347,ret_12m,main,73.8,full,1.0,2026-09-21
1978.0,,010892,中银证券精选行业股票A,0.10594083403052035,ret_12m,main,68.0,full,1.0,2026-09-21
1979.0,,160133,南方天元新产业股票(LOF),0.10570740641880705,ret_12m,main,146.6,full,1.0,2026-09-21
1980.0,,013632,富国利享回报12个月持有混合A,0.10569874650110145,ret_12m,main,52.9,full,1.0,2026-09-21
1981.0,,009391,汇添富优质成长混合A,0.10546762217565786,ret_12m,main,75.9,full,1.0,2026-09-21
1982.0,,163409,兴全绿色投资混合(LOF),0.10532730124490852,ret_12m,main,184.5,full,1.0,2026-09-21
1983.0,,022702,人保核心智选混合A,0.10518306543685552,ret_12m,main,16.3,short,1.0,2026-09-21
1984.0,,021576,平安研究智选混合A,0.10501577896709757,ret_12m,main,25.0,short,1.0,2026-09-21
1985.0,,000314,招商瑞丰灵活配置混合发起式A,0.10494163391826383,ret_12m,main,154.5,full,1.0,2026-09-21
1986.0,,001225,中邮趋势精选灵活配置混合A,0.10471288721864824,ret_12m,main,135.9,full,1.0,2026-09-21
1987.0,,001126,摩根卓越制造股票A,0.10470550907555154,ret_12m,main,137.3,full,1.0,2026-09-21
1988.0,,010902,博时成长领航混合A,0.10464460161261058,ret_12m,main,68.0,full,1.0,2026-09-21
1989.0,,013103,博时新能源主题混合A,0.10461287727446567,ret_12m,main,60.9,full,1.0,2026-09-21
1990.0,,377010,摩根阿尔法混合A,0.1043361906531044,ret_12m,main,251.3,full,1.0,2026-09-21
1991.0,,010934,国寿安保稳福6个月持有期混合A,0.10426906746376119,ret_12m,main,63.2,full,1.0,2026-09-21
1992.0,,020966,东吴科技创新混合A,0.10413224255042253,ret_12m,main,25.0,short,1.0,2026-09-21
1993.0,,006527,富国优质发展混合A,0.10382965263485677,ret_12m,main,91.9,full,1.0,2026-09-21
1994.0,,001463,光大一带一路混合A,0.10365499614466689,ret_12m,main,134.9,full,1.0,2026-09-21
1995.0,,019521,景顺长城价值发现混合A1,0.10357771428392604,ret_12m,main,34.7,short,1.0,2026-09-21
1996.0,,002317,招商睿逸混合,0.10353991837965326,ret_12m,main,125.3,full,1.0,2026-09-21
1997.0,,014261,摩根沃享远见一年持有期混合A,0.10351210622955875,ret_12m,main,55.9,full,1.0,2026-09-21
1998.0,,260101,景顺长城优选混合,0.10308226466605408,ret_12m,main,274.9,full,1.0,2026-09-21
1999.0,,000477,广发主题领先混合A,0.10304768436198475,ret_12m,main,145.7,full,1.0,2026-09-21
2000.0,,020669,国投瑞银弘信回报混合A,0.10304342417732348,ret_12m,main,30.1,short,1.0,2026-09-21
2001.0,,008546,南方产业优势两年混合A,0.10298138857533412,ret_12m,main,73.2,full,1.0,2026-09-21
2002.0,,021247,兴全红利混合A,0.10292535600176755,ret_12m,main,27.1,short,1.0,2026-09-21
2003.0,,011866,广发价值增长混合A,0.102919568278244,ret_12m,main,63.8,full,1.0,2026-09-21
2004.0,,012123,招商金安成长严选混合,0.102760179090579,ret_12m,main,63.4,full,1.0,2026-09-21
2005.0,,011160,富国质量成长6个月持有混合A,0.10268615456741204,ret_12m,main,66.0,full,1.0,2026-09-21
2006.0,,017043,汇添富品质价值混合,0.10264846745096645,ret_12m,main,45.3,full,1.0,2026-09-21
2007.0,,519019,大成景阳领先混合A,0.10250364221473784,ret_12m,main,224.1,full,1.0,2026-09-21
2008.0,,008085,海富通先进制造股票A,0.10207568489329377,ret_12m,main,81.1,full,1.0,2026-09-21
2009.0,,519069,汇添富价值精选混合,0.10207392434028306,ret_12m,main,211.9,full,1.0,2026-09-21
2010.0,,021308,鹏华创新医药混合A,0.10205220639478885,ret_12m,main,27.8,short,1.0,2026-09-21
2011.0,,010676,光大新机遇混合A,0.10193539304666133,ret_12m,main,65.7,full,1.0,2026-09-21
2012.0,,010072,方正富邦策略精选A,0.10164669469670184,ret_12m,main,69.6,full,1.0,2026-09-21
2013.0,,012955,国寿安保稳盛6个月持有混合A,0.10157351405891402,ret_12m,main,61.2,full,1.0,2026-09-21
2014.0,,002449,民生加银量化中国混合A,0.10146648005888625,ret_12m,main,124.1,full,1.0,2026-09-21
2015.0,,010966,富国成长领航混合,0.10120162376546848,ret_12m,main,67.8,full,1.0,2026-09-21
2016.0,,021711,南方周期优选混合发起A,0.10113300948750559,ret_12m,main,24.0,short,1.0,2026-09-21
2017.0,,481006,工银红利混合,0.10104408273038623,ret_12m,main,230.1,full,1.0,2026-09-21
2018.0,,008846,大成民稳增长混合A,0.10084000144134997,ret_12m,main,77.7,full,1.0,2026-09-21
2019.0,,020803,东方红量化选股混合发起A,0.10057449771568838,ret_12m,main,28.0,short,1.0,2026-09-21
2020.0,,002660,兴业聚源混合A,0.10057026854925977,ret_12m,main,122.7,full,1.0,2026-09-21
2021.0,,023761,广发智选启航混合A,0.10053836807795724,ret_12m,main,15.1,short,1.0,2026-09-21
2022.0,,001314,易方达新益混合I,0.10053496137626516,ret_12m,main,135.2,full,1.0,2026-09-21
2023.0,,590006,中邮中小盘灵活配置混合A,0.10049368985037987,ret_12m,main,184.4,full,1.0,2026-09-21
2024.0,,011498,富国沪深300基本面精选股票A,0.1004737634415318,ret_12m,main,63.7,full,1.0,2026-09-21
2025.0,,550002,中信保诚精萃成长混合A,0.1004707614516469,ret_12m,main,237.8,full,1.0,2026-09-21
2026.0,,202007,南方隆元产业主题混合,0.1004279949368525,ret_12m,main,226.2,full,1.0,2026-09-21
2027.0,,017650,中庚港股通价值股票,0.10041051987820149,ret_12m,main,44.3,full,1.0,2026-09-21
2028.0,,001780,诺安改革趋势混合A,0.10031800415061531,ret_12m,main,108.7,full,1.0,2026-09-21
2029.0,,000172,华泰柏瑞量化增强混合A,0.10030308248693198,ret_12m,main,157.6,full,1.0,2026-09-21
2030.0,,004335,华宝新飞跃灵活配置混合,0.10016901907440134,ret_12m,main,114.8,full,1.0,2026-09-21
2031.0,,017038,富国中证1000优选股票A,0.10011356548695449,ret_12m,main,46.0,full,1.0,2026-09-21
2032.0,,006251,银华兴盛股票A,0.09991918070253192,ret_12m,main,85.7,full,1.0,2026-09-21
2033.0,,013603,易方达均衡优选一年持有混合A,0.09979953667536146,ret_12m,main,51.9,full,1.0,2026-09-21
2034.0,,014333,工银优势领航混合A,0.09974054187392123,ret_12m,main,54.0,full,1.0,2026-09-21
2035.0,,002133,广发鑫益混合,0.09966683380724817,ret_12m,main,118.1,full,1.0,2026-09-21
2036.0,,450011,国富研究精选混合A,0.09952435683317695,ret_12m,main,172.0,full,1.0,2026-09-21
2037.0,,000547,建信健康民生混合A,0.09936461656871565,ret_12m,main,150.0,full,1.0,2026-09-21
2038.0,,003745,广发多元新兴股票,0.09925212866128663,ret_12m,main,112.9,full,1.0,2026-09-21
2039.0,,501087,交银瑞丰混合(LOF),0.09923996153017578,ret_12m,main,84.6,full,1.0,2026-09-21
2040.0,,015904,广发新能源精选股票A,0.0991223295289807,ret_12m,main,45.7,full,1.0,2026-09-21
2041.0,,017532,平安研究优选混合A,0.09902999045157723,ret_12m,main,42.1,full,1.0,2026-09-21
2042.0,,001722,工银银和利混合,0.09892976258046593,ret_12m,main,116.7,full,1.0,2026-09-21
2043.0,,009989,华宝研究精选混合,0.09863297253830972,ret_12m,main,72.8,full,1.0,2026-09-21
2044.0,,180018,银华和谐主题混合A,0.09862884191935883,ret_12m,main,208.8,full,1.0,2026-09-21
2045.0,,010534,广发均衡增长混合A,0.09860100332811883,ret_12m,main,67.8,full,1.0,2026-09-21
2046.0,,010738,大成优选升级一年持有混合A,0.09859564900659268,ret_12m,main,68.9,full,1.0,2026-09-21
2047.0,,013431,华泰柏瑞景气汇选三年持有期混合A,0.09857684468329975,ret_12m,main,56.3,full,1.0,2026-09-21
2048.0,,006992,嘉合锦创优势精选混合,0.09854130406710104,ret_12m,main,89.2,full,1.0,2026-09-21
2049.0,,013624,嘉实价值创造三年持有期混合A,0.09836441794869133,ret_12m,main,54.7,full,1.0,2026-09-21
2050.0,,620004,金元顺安价值增长混合,0.09827647701165265,ret_12m,main,204.3,full,1.0,2026-09-21
2051.0,,011107,九泰天兴量化智选A,0.09824008336742973,ret_12m,main,61.3,full,1.0,2026-09-21
2052.0,,100056,富国低碳环保混合,0.09812622822862571,ret_12m,main,181.4,full,1.0,2026-09-21
2053.0,,012850,国联低碳经济3个月持有混合A,0.09788125593573671,ret_12m,main,61.6,full,1.0,2026-09-21
2054.0,,009951,广发稳健回报混合A,0.09763207534157581,ret_12m,main,73.1,full,1.0,2026-09-21
2055.0,,501186,华夏兴融混合(LOF)A,0.09762455677422688,ret_12m,main,98.6,full,1.0,2026-09-21
2056.0,,012963,招商稳健平衡混合A,0.09752600820944712,ret_12m,main,59.1,full,1.0,2026-09-21
2057.0,,014199,建信沃信一年持有混合A,0.09740761855389724,ret_12m,main,56.0,full,1.0,2026-09-21
2058.0,,001172,鹏华弘泽混合A,0.09729118558076677,ret_12m,main,137.3,full,1.0,2026-09-21
2059.0,,011807,平安研究精选混合A,0.09720024061969457,ret_12m,main,63.9,full,1.0,2026-09-21
2060.0,,519755,交银多策略回报灵活配置混合A,0.09718709519865065,ret_12m,main,135.7,full,1.0,2026-09-21
2061.0,,024443,华夏瑞享回报混合A,0.09717374191250694,ret_12m,main,15.0,short,0.9723,2026-09-21
2062.0,,014317,广发价值领航一年持有混合A,0.09703601791521654,ret_12m,main,51.6,full,1.0,2026-09-21
2063.0,,008274,大成行业先锋混合A,0.0968948468491948,ret_12m,main,78.0,full,1.0,2026-09-21
2064.0,,015976,光大数字经济主题混合A,0.09669576077380926,ret_12m,main,34.5,short,1.0,2026-09-21
2065.0,,690011,民生加银积极成长混合发起式,0.09654169026191939,ret_12m,main,163.6,full,1.0,2026-09-21
2066.0,,015828,永赢新能源智选混合发起A,0.09641519190301251,ret_12m,main,51.2,full,1.0,2026-09-21
2067.0,,005474,泰康均衡优选混合A,0.09638801249133366,ret_12m,main,104.0,full,1.0,2026-09-21
2068.0,,690004,民生加银稳健成长混合,0.0961811107382402,ret_12m,main,194.8,full,1.0,2026-09-21
2069.0,,011212,富国稳健策略6个月持有混合A,0.09612045760264065,ret_12m,main,67.4,full,1.0,2026-09-21
2070.0,,000362,国泰聚信价值优势混合A,0.09607447200112218,ret_12m,main,153.1,full,1.0,2026-09-21
2071.0,,012669,南方新兴产业混合A,0.09596429234024395,ret_12m,main,55.1,full,1.0,2026-09-21
2072.0,,450010,国富策略回报混合A,0.09584342896460751,ret_12m,main,181.7,full,1.0,2026-09-21
2073.0,,002934,泰康恒泰回报混合A,0.09560480968659335,ret_12m,main,122.3,full,1.0,2026-09-21
2074.0,,000031,华夏复兴混合A,0.09559744109010393,ret_12m,main,228.4,full,1.0,2026-09-21
2075.0,,001256,泓德优选成长混合,0.09538271685525013,ret_12m,main,136.0,full,1.0,2026-09-21
2076.0,,015373,浙商智选新兴产业混合A,0.09537823978025028,ret_12m,main,51.9,full,1.0,2026-09-21
2077.0,,021859,浙商汇金红利精选混合型发起式A,0.09528702982045778,ret_12m,main,24.0,short,1.0,2026-09-21
2078.0,,011410,中信建投量化进取A,0.09493636675835826,ret_12m,main,66.4,full,1.0,2026-09-21
2079.0,,000165,国投瑞银策略精选混合,0.09489109613891467,ret_12m,main,155.8,full,1.0,2026-09-21
2080.0,,010560,永赢稳健增利18个月持有混合A,0.0948564324717418,ret_12m,main,67.8,full,1.0,2026-09-21
2081.0,,013200,南方均衡优选一年持有期混合A,0.09483419622463019,ret_12m,main,60.5,full,1.0,2026-09-21
2082.0,,009215,易方达瑞川混合A,0.09468181127141562,ret_12m,main,77.0,full,1.0,2026-09-21
2083.0,,018418,广发碳中和主题混合发起式A,0.09445776899272373,ret_12m,main,27.3,short,1.0,2026-09-21
2084.0,,014799,工银招瑞一年持有混合A,0.09443717414381636,ret_12m,main,55.8,full,1.0,2026-09-21
2085.0,,021187,摩根红利优选股票A,0.09442791633833858,ret_12m,main,25.7,short,1.0,2026-09-21
2086.0,,009932,永赢稳健增长一年持有混合A,0.09432981429803555,ret_12m,main,73.3,full,1.0,2026-09-21
2087.0,,001266,国投瑞银招财混合A,0.09431807748422183,ret_12m,main,135.6,full,1.0,2026-09-21
2088.0,,010861,长信企业优选一年持有混合,0.09430665715966735,ret_12m,main,66.4,full,1.0,2026-09-21
2089.0,,011649,易方达逆向投资混合A,0.09428253169142664,ret_12m,main,65.7,full,1.0,2026-09-21
2090.0,,021915,博道大盘价值股票A,0.09416333796408072,ret_12m,main,21.6,short,1.0,2026-09-21
2091.0,,000526,国泰浓益灵活配置混合A,0.09411626209749713,ret_12m,main,150.6,full,1.0,2026-09-21
2092.0,,017769,博时信享一年持有期混合A,0.09403283541568896,ret_12m,main,42.5,full,1.0,2026-09-21
2093.0,,012491,华商核心引力混合A,0.09403033121626114,ret_12m,main,61.8,full,1.0,2026-09-21
2094.0,,016832,东方红锦惠甄选18个月持有混合A,0.09400279315847304,ret_12m,main,43.7,full,1.0,2026-09-21
2095.0,,004677,博时战略新兴产业混合,0.09398326608907137,ret_12m,main,109.4,full,1.0,2026-09-21
2096.0,,450001,国富中国收益混合A,0.09391867802455356,ret_12m,main,255.7,full,1.0,2026-09-21
2097.0,,012412,汇泉策略优选混合A,0.09388694000667108,ret_12m,main,62.1,full,1.0,2026-09-21
2098.0,,540006,汇丰晋信大盘股票A,0.0938266857755421,ret_12m,main,206.9,full,1.0,2026-09-21
2099.0,,005968,创金合信工业周期股票A,0.09380364322740764,ret_12m,main,100.2,full,1.0,2026-09-21
2100.0,,169101,东方红睿丰混合,0.09362710276014541,ret_12m,main,144.1,full,1.0,2026-09-21
2101.0,,024429,东方红核心价值混合A,0.09361750271731983,ret_12m,main,15.5,short,1.0,2026-09-21
2102.0,,011773,国寿安保璟珹6个月持有混合A,0.09346243903674978,ret_12m,main,62.9,full,1.0,2026-09-21
2103.0,,013616,广发睿智两年持有期混合发起式A,0.0933947108763773,ret_12m,main,47.1,full,1.0,2026-09-21
2104.0,,005711,永赢惠添利灵活配置混合,0.09299437829989632,ret_12m,main,99.7,full,1.0,2026-09-21
2105.0,,007388,摩根研究驱动股票A,0.09294082808266624,ret_12m,main,75.3,full,1.0,2026-09-21
2106.0,,010963,信澳周期动力混合A,0.09288314177738521,ret_12m,main,68.7,full,1.0,2026-09-21
2107.0,,004209,大成智惠量化多策略混合A,0.09287150358571528,ret_12m,main,114.0,full,1.0,2026-09-21
2108.0,,010615,国金自主创新混合A,0.09281804693810147,ret_12m,main,68.0,full,1.0,2026-09-21
2109.0,,005947,德邦民裕进取量化混合A,0.0927675424942438,ret_12m,main,99.0,full,1.0,2026-09-21
2110.0,,001135,益民品质升级混合A,0.09275064504958652,ret_12m,main,136.5,full,1.0,2026-09-21
2111.0,,010345,华泰柏瑞成长智选混合A,0.0923311194633758,ret_12m,main,69.9,full,1.0,2026-09-21
2112.0,,000457,摩根核心成长股票A,0.09227466130401085,ret_12m,main,151.3,full,1.0,2026-09-21
2113.0,,009548,汇添富中盘价值精选混合A,0.09222240017247385,ret_12m,main,74.4,full,1.0,2026-09-21
2114.0,,001692,南方国策动力,0.09216296665161727,ret_12m,main,132.9,full,1.0,2026-09-21
2115.0,,166107,信澳量化多因子混合(LOF)A,0.09210028453303942,ret_12m,main,82.5,full,1.0,2026-09-21
2116.0,,014541,华安新能源主题混合A,0.09180555079777042,ret_12m,main,52.4,full,1.0,2026-09-21
2117.0,,023106,光大红利量化混合A,0.09170469001581028,ret_12m,main,17.9,short,1.0,2026-09-21
2118.0,,024445,工银泓裕回报混合,0.09158880794650925,ret_12m,main,14.8,short,0.9565,2026-09-21
2119.0,,022572,汇添富弘达回报混合发起式A,0.0914556711777641,ret_12m,main,16.2,short,1.0,2026-09-21
2120.0,,013033,泰信智选量化选股混合发起式A,0.09143135328014473,ret_12m,main,16.0,short,1.0,2026-09-21
2121.0,,001218,国投瑞银精选收益混合A,0.0911056406590316,ret_12m,main,136.1,full,1.0,2026-09-21
2122.0,,011703,中金鑫瑞优选一年持有混合,0.09108091957034725,ret_12m,main,62.3,full,1.0,2026-09-21
2123.0,,151002,银河收益混合A,0.0910539470568894,ret_12m,main,277.6,full,1.0,2026-09-21
2124.0,,001574,中海混改红利混合A,0.09072683554624916,ret_12m,main,130.3,full,1.0,2026-09-21
2125.0,,002293,南方益和灵活配置混合A,0.0905876570711941,ret_12m,main,128.3,full,1.0,2026-09-21
2126.0,,005815,农银汇理睿选灵活配置混合,0.0903629896657745,ret_12m,main,99.9,full,1.0,2026-09-21
2127.0,,000822,东海美丽中国A,0.09029133784806276,ret_12m,main,142.2,full,1.0,2026-09-21
2128.0,,010852,中欧内需成长混合A,0.0902532865118737,ret_12m,main,61.6,full,1.0,2026-09-21
2129.0,,005955,易方达鑫转添利混合A,0.09024967097703152,ret_12m,main,97.4,full,1.0,2026-09-21
2130.0,,011194,广发睿铭两年持有期混合A,0.09023543942650547,ret_12m,main,65.1,full,1.0,2026-09-21
2131.0,,012346,易方达港股通成长混合A,0.09021997840225593,ret_12m,main,60.7,full,1.0,2026-09-21
2132.0,,320012,诺安主题精选混合,0.09008565649974098,ret_12m,main,192.2,full,1.0,2026-09-21
2133.0,,070001,嘉实成长收益混合A,0.08992500755590838,ret_12m,main,286.5,full,1.0,2026-09-21
2134.0,,003291,信澳健康中国混合A,0.08981706599094408,ret_12m,main,109.1,full,1.0,2026-09-21
2135.0,,009984,鹏华启航混合,0.08980545348800573,ret_12m,main,71.9,full,1.0,2026-09-21
2136.0,,014016,中信建投品质优选一年持有A,0.08968138857827235,ret_12m,main,53.8,full,1.0,2026-09-21
2137.0,,006259,汇添富红利增长混合A,0.08965482128658042,ret_12m,main,88.9,full,1.0,2026-09-21
2138.0,,013867,汇安优势企业精选混合A,0.08960160052986232,ret_12m,main,57.2,full,1.0,2026-09-21
2139.0,,004301,国寿安保稳信混合A,0.08951464859217828,ret_12m,main,114.5,full,1.0,2026-09-21
2140.0,,009246,大摩ESG量化混合A,0.08948497576684744,ret_12m,main,74.2,full,1.0,2026-09-21
2141.0,,019124,博道红利智航股票A,0.08937460566971933,ret_12m,main,34.7,short,1.0,2026-09-21
2142.0,,016961,浙商汇金平稳增长一年混合,0.08935236000838276,ret_12m,main,46.0,full,1.0,2026-09-21
2143.0,,050007,博时平衡配置混合,0.08930542665910579,ret_12m,main,243.7,full,1.0,2026-09-21
2144.0,,012073,华安均衡优选混合A,0.08924553607776708,ret_12m,main,58.8,full,1.0,2026-09-21
2145.0,,000965,汇丰晋信新动力混合A,0.08924090813247187,ret_12m,main,139.3,full,1.0,2026-09-21
2146.0,,160518,博时睿远,0.08921249986945856,ret_12m,main,125.2,full,1.0,2026-09-21
2147.0,,004050,华夏新锦升混合A,0.0891281268863402,ret_12m,main,111.7,full,1.0,2026-09-21
2148.0,,020052,博时惠泽混合发起式A1,0.08908896528669752,ret_12m,main,33.6,short,1.0,2026-09-21
2149.0,,000985,嘉实逆向策略股票,0.08906313091800677,ret_12m,main,139.6,full,1.0,2026-09-21
2150.0,,420001,天弘精选混合A,0.08897692772557098,ret_12m,main,251.4,full,1.0,2026-09-21
2151.0,,001122,鹏华弘利混合A,0.08889057038062731,ret_12m,main,138.3,full,1.0,2026-09-21
2152.0,,010610,摩根远见两年持有期混合,0.08879034393442464,ret_12m,main,68.3,full,1.0,2026-09-21
2153.0,,009810,易方达悦通一年持有期混合A,0.08868128107906026,ret_12m,main,69.2,full,1.0,2026-09-21
2154.0,,011246,嘉实阿尔法优选混合A,0.08852998852406024,ret_12m,main,66.2,full,1.0,2026-09-21
2155.0,,166007,中欧互通精选混合A,0.0883938230479202,ret_12m,main,194.9,full,1.0,2026-09-21
2156.0,,519616,银河君信混合A,0.08832544419330723,ret_12m,main,120.4,full,1.0,2026-09-21
2157.0,,015699,平安均衡成长2年持有混合A,0.08822005888440443,ret_12m,main,50.1,full,1.0,2026-09-21
2158.0,,003593,国泰景气行业灵活配置混合,0.08813894210694473,ret_12m,main,114.1,full,1.0,2026-09-21
2159.0,,002135,广发鑫源混合A,0.08810106675347673,ret_12m,main,118.6,full,1.0,2026-09-21
2160.0,,010868,华宝安盈混合A,0.08803790227514718,ret_12m,main,63.4,full,1.0,2026-09-21
2161.0,,017564,华安产业优选混合A,0.08774433880616561,ret_12m,main,39.3,full,1.0,2026-09-21
2162.0,,501063,汇添富悦享两年持有混合,0.08769983889159505,ret_12m,main,91.7,full,1.0,2026-09-21
2163.0,,008244,上银鑫卓混合A,0.08755923333076443,ret_12m,main,80.0,full,1.0,2026-09-21
2164.0,,001907,国投瑞银境煊灵活配置混合A,0.08742018403202345,ret_12m,main,130.8,full,1.0,2026-09-21
2165.0,,009683,汇添富创新增长一年定开混合A,0.08733103606319004,ret_12m,main,75.0,full,1.0,2026-09-21
2166.0,,012443,招商瑞鸿6个月持有混合A,0.08728577592074993,ret_12m,main,57.0,full,1.0,2026-09-21
2167.0,,018038,富国融裕两年持有期混合A,0.08719158208992095,ret_12m,main,36.8,full,1.0,2026-09-21
2168.0,,016676,南方君誉混合A,0.08707051727778392,ret_12m,main,46.2,full,1.0,2026-09-21
2169.0,,009043,九泰久信量化股票,0.08692616722177116,ret_12m,main,76.1,full,1.0,2026-09-21
2170.0,,260116,景顺长城核心竞争力混合A,0.08685169529722714,ret_12m,main,177.1,full,1.0,2026-09-21
2171.0,,320011,诺安中小盘精选混合A,0.08669740747048671,ret_12m,main,196.8,full,1.0,2026-09-21
2172.0,,519979,长信内需成长混合A,0.08669309418140059,ret_12m,main,179.1,full,1.0,2026-09-21
2173.0,,013067,富安达中小盘六个月持有混合发起,0.08653032339564559,ret_12m,main,60.4,full,1.0,2026-09-21
2174.0,,013998,中欧瑾添混合A,0.0865262057195817,ret_12m,main,58.4,full,1.0,2026-09-21
2175.0,,009606,长信稳健精选混合A,0.08651807072819073,ret_12m,main,74.2,full,1.0,2026-09-21
2176.0,,001910,泰康新机遇混合,0.08647464631984603,ret_12m,main,129.4,full,1.0,2026-09-21
2177.0,,011921,富国均衡成长三年持有期混合A,0.08631630856477912,ret_12m,main,60.2,full,1.0,2026-09-21
2178.0,,005049,长安鑫旺价值混合A,0.08626182129440596,ret_12m,main,108.0,full,1.0,2026-09-21
2179.0,,001695,泓德泓业混合,0.08599475741800755,ret_12m,main,132.8,full,1.0,2026-09-21
2180.0,,008576,财通碳中和一年持有混合A,0.08590357565371232,ret_12m,main,42.7,full,1.0,2026-09-21
2181.0,,002808,泓德优势领航混合,0.08588480001388099,ret_12m,main,117.0,full,1.0,2026-09-21
2182.0,,011384,南方远见回报股票A,0.08586411564650942,ret_12m,main,65.9,full,1.0,2026-09-21
2183.0,,012155,汇添富成长先锋六个月持有混合A,0.0858462817840362,ret_12m,main,61.6,full,1.0,2026-09-21
2184.0,,002083,新华鑫动力灵活配置混合A,0.0858007435686472,ret_12m,main,123.4,full,1.0,2026-09-21
2185.0,,004671,国联核心成长,0.08578265290030229,ret_12m,main,107.7,full,1.0,2026-09-21
2186.0,,007835,国泰鑫睿混合,0.08549657389015852,ret_12m,main,82.3,full,1.0,2026-09-21
2187.0,,014513,金鹰远见优选混合A,0.08543478577166397,ret_12m,main,51.0,full,1.0,2026-09-21
2188.0,,005259,建信龙头企业股票,0.08527617355760442,ret_12m,main,103.9,full,1.0,2026-09-21
2189.0,,161834,银华鑫锐灵活配置混合(LOF)A,0.08526647624258343,ret_12m,main,121.7,full,1.0,2026-09-21
2190.0,,013623,湘财周期轮动一年持有混合,0.08523600622062144,ret_12m,main,58.5,full,1.0,2026-09-21
2191.0,,007733,南方智锐混合A,0.08522282268815085,ret_12m,main,84.1,full,1.0,2026-09-21
2192.0,,015133,华安鼎安优选一年持有混合A,0.0851641098872209,ret_12m,main,51.6,full,1.0,2026-09-21
2193.0,,020864,银华嘉选平衡混合发起式A,0.08499745303544004,ret_12m,main,27.1,short,1.0,2026-09-21
2194.0,,010385,华安汇嘉精选混合A,0.08496696514752511,ret_12m,main,70.7,full,1.0,2026-09-21
2195.0,,001422,景顺长城安享回报混合A,0.08494497331787887,ret_12m,main,135.2,full,1.0,2026-09-21
2196.0,,021333,信澳国企智选混合A,0.08492478587542607,ret_12m,main,27.8,short,1.0,2026-09-21
2197.0,,012387,国金ESG持续增长混合A,0.08490151016297265,ret_12m,main,62.1,full,1.0,2026-09-21
2198.0,,019472,长江长宏混合发起A,0.08478039431640383,ret_12m,main,35.0,short,1.0,2026-09-21
2199.0,,022119,平安产业趋势混合A,0.08470438230428856,ret_12m,main,21.2,short,1.0,2026-09-21
2200.0,,015627,圆信永丰弘阳股票A,0.08468968547585565,ret_12m,main,47.9,full,1.0,2026-09-21
2201.0,,018626,富国兴享回报6个月持有期混合A,0.08467387451145658,ret_12m,main,37.9,full,1.0,2026-09-21
2202.0,,519156,新华行业灵活配置混合A,0.08462637328241973,ret_12m,main,159.5,full,1.0,2026-09-21
2203.0,,210003,金鹰行业优势混合A,0.08458290715201078,ret_12m,main,206.7,full,1.0,2026-09-21
2204.0,,011743,华夏兴源稳健一年持有混合A,0.08452018451582544,ret_12m,main,62.9,full,1.0,2026-09-21
2205.0,,005005,中金瑞安混合发起A,0.08447103679748258,ret_12m,main,108.6,full,1.0,2026-09-21
2206.0,,014347,富国趋势优先混合A,0.0844400864932231,ret_12m,main,55.9,full,1.0,2026-09-21
2207.0,,000928,国联国企改革混合A,0.08437191258825494,ret_12m,main,141.2,full,1.0,2026-09-21
2208.0,,001760,嘉实创新成长混合,0.08430093319684939,ret_12m,main,127.6,full,1.0,2026-09-21
2209.0,,012119,工银核心优势混合A,0.08407842607247185,ret_12m,main,62.9,full,1.0,2026-09-21
2210.0,,001265,国泰兴益灵活配置混合A,0.0840618549973875,ret_12m,main,136.3,full,1.0,2026-09-21
2211.0,,004075,交银医药创新股票A,0.08402161698055988,ret_12m,main,114.0,full,1.0,2026-09-21
2212.0,,001150,融通互联网传媒灵活配置混合A,0.0840064755124934,ret_12m,main,137.2,full,1.0,2026-09-21
2213.0,,160916,大成优选混合(LOF)A,0.08399964769725377,ret_12m,main,168.7,full,1.0,2026-09-21
2214.0,,024786,汇添富港股通红利回报混合发起式A,0.08396012736072156,ret_12m,main,13.5,short,1.0,2026-09-21
2215.0,,022211,人保红利智享混合A,0.08381921927853431,ret_12m,main,21.6,short,1.0,2026-09-21
2216.0,,013575,鹏扬品质精选混合A,0.08362247033059034,ret_12m,main,53.9,full,1.0,2026-09-21
2217.0,,013895,宝盈成长精选混合A,0.08359247749293108,ret_12m,main,57.7,full,1.0,2026-09-21
2218.0,,015519,安信远见稳进一年持有混合A,0.08342964698894417,ret_12m,main,26.1,short,1.0,2026-09-21
2219.0,,010881,南方宝顺混合A,0.08340643433282979,ret_12m,main,66.0,full,1.0,2026-09-21
2220.0,,001562,易方达瑞和灵活配置混合,0.0833945315355602,ret_12m,main,103.6,full,1.0,2026-09-21
2221.0,,217009,招商核心价值混合,0.08330631924376464,ret_12m,main,233.8,full,1.0,2026-09-21
2222.0,,050018,博时行业轮动混合,0.08317708868534934,ret_12m,main,189.4,full,1.0,2026-09-21
2223.0,,012991,大成民享安盈一年持有混合A,0.08313896438111379,ret_12m,main,54.4,full,1.0,2026-09-21
2224.0,,017606,华泰柏瑞轮动精选混合A,0.08312005912176801,ret_12m,main,40.6,full,1.0,2026-09-21
2225.0,,021049,易方达高股息量化选股股票发起式A,0.08309601895381591,ret_12m,main,16.5,short,1.0,2026-09-21
2226.0,,217010,招商大盘蓝筹混合,0.08305313744786713,ret_12m,main,219.1,full,1.0,2026-09-21
2227.0,,001097,华泰柏瑞积极优选股票A,0.0830429565183548,ret_12m,main,137.9,full,1.0,2026-09-21
2228.0,,000507,宏利宏达混合A,0.0828404233977329,ret_12m,main,150.6,full,1.0,2026-09-21
2229.0,,002159,东吴国企改革主题灵活配置混合A,0.08282367569117288,ret_12m,main,128.7,full,1.0,2026-09-21
2230.0,,010984,国寿安保稳安混合A,0.08267816484549173,ret_12m,main,64.5,full,1.0,2026-09-21
2231.0,,011629,银河核心优势混合A,0.08226254545795042,ret_12m,main,50.0,full,1.0,2026-09-21
2232.0,,010904,博时双季鑫6个月持有混合A,0.08225094272598543,ret_12m,main,68.0,full,1.0,2026-09-21
2233.0,,161609,融通动力先锋混合A/B,0.08217341212268359,ret_12m,main,238.2,full,1.0,2026-09-21
2234.0,,010640,财通稳进回报6个月持有混合A,0.08202882408054202,ret_12m,main,58.3,full,1.0,2026-09-21
2235.0,,005123,南方优享分红混合A,0.08190766160424356,ret_12m,main,105.5,full,1.0,2026-09-21
2236.0,,288002,华夏收入混合,0.08169805429081656,ret_12m,main,250.1,full,1.0,2026-09-21
2237.0,,009076,工银圆兴混合,0.08165138060832633,ret_12m,main,76.9,full,1.0,2026-09-21
2238.0,,519756,交银国企改革灵活配置混合A,0.08164229175463222,ret_12m,main,135.4,full,1.0,2026-09-21
2239.0,,013914,大成红利优选一年持有混合发起A,0.08162556058703885,ret_12m,main,46.3,full,1.0,2026-09-21
2240.0,,005939,工银新能源汽车混合A,0.08143248693962479,ret_12m,main,94.2,full,1.0,2026-09-21
2241.0,,015110,惠升领先优选混合A,0.08134816174086268,ret_12m,main,54.4,full,1.0,2026-09-21
2242.0,,005357,富国国企改革灵活配置混合,0.08130947856019932,ret_12m,main,103.6,full,1.0,2026-09-21
2243.0,,002585,建信兴利灵活配置混合A,0.0812929695811282,ret_12m,main,123.4,full,1.0,2026-09-21
2244.0,,011849,西部利得量化价值一年持有期混合,0.08122022961226727,ret_12m,main,48.5,full,1.0,2026-09-21
2245.0,,000747,广发逆向策略混合A,0.08109681646272526,ret_12m,main,144.6,full,1.0,2026-09-21
2246.0,,004139,中邮军民融合灵活配置混合A,0.08097916722306175,ret_12m,main,113.7,full,1.0,2026-09-21
2247.0,,015633,中金景气驱动混合发起A,0.08069049408591678,ret_12m,main,52.6,full,1.0,2026-09-21
2248.0,,018726,广发匠心优选三年持有混合发起式A,0.08053336787667953,ret_12m,main,25.7,short,1.0,2026-09-21
2249.0,,000508,宏利宏达混合B,0.08025380501247614,ret_12m,main,150.6,full,1.0,2026-09-21
2250.0,,014460,平安品质优选混合A,0.08009977507812027,ret_12m,main,56.7,full,1.0,2026-09-21
2251.0,,620001,金元顺安宝石动力混合,0.08000128316039223,ret_12m,main,229.2,full,1.0,2026-09-21
2252.0,,012023,兴业聚乾混合A,0.07993378015925057,ret_12m,main,61.8,full,1.0,2026-09-21
2253.0,,310308,申万菱信盛利精选混合A,0.07990349106683303,ret_12m,main,269.4,full,1.0,2026-09-21
2254.0,,001324,华宝新价值混合,0.07986720472642705,ret_12m,main,135.7,full,1.0,2026-09-21
2255.0,,019431,永赢睿信混合A,0.07974940190499358,ret_12m,main,33.0,short,1.0,2026-09-21
2256.0,,501076,鹏华创新动力混合(LOF),0.07966008452793427,ret_12m,main,87.4,full,1.0,2026-09-21
2257.0,,022488,浦银红利量化混合A,0.0796434692016248,ret_12m,main,21.7,short,1.0,2026-09-21
2258.0,,019338,创金合信启富优选股票发起A,0.07934212770346716,ret_12m,main,36.1,full,1.0,2026-09-21
2259.0,,000690,前海开源大海洋混合,0.07924933707245985,ret_12m,main,145.7,full,1.0,2026-09-21
2260.0,,011052,鹏华弘裕一年持有期混合A,0.07922216827628592,ret_12m,main,67.5,full,1.0,2026-09-21
2261.0,,070010,嘉实主题混合,0.07908722467523255,ret_12m,main,242.0,full,1.0,2026-09-21
2262.0,,010924,博时双季鑫6个月持有混合B,0.07900942791603205,ret_12m,main,68.0,full,1.0,2026-09-21
2263.0,,017060,兴业聚福一年持有期混合A,0.07892024362076122,ret_12m,main,43.0,full,1.0,2026-09-21
2264.0,,011064,南方誉享一年持有期混合A,0.0788307880463417,ret_12m,main,65.5,full,1.0,2026-09-21
2265.0,,003734,万家瑞盈灵活配置混合A,0.07871952964251339,ret_12m,main,118.3,full,1.0,2026-09-21
2266.0,,024046,富国致享量化选股股票A,0.07866820516679929,ret_12m,main,14.9,short,1.0,2026-09-21
2267.0,,004737,富国新优享灵活配置混合A,0.07865287017170708,ret_12m,main,109.4,full,1.0,2026-09-21
2268.0,,010230,南方宝昌混合A,0.07824722951279228,ret_12m,main,56.0,full,1.0,2026-09-21
2269.0,,360006,光大新增长混合A,0.07798862862015521,ret_12m,main,240.2,full,1.0,2026-09-21
2270.0,,011554,海富通欣利混合A,0.07797314341330419,ret_12m,main,60.2,full,1.0,2026-09-21
2271.0,,161233,国投瑞银瑞泰多策略混合A,0.0779664783600329,ret_12m,main,115.9,full,1.0,2026-09-21
2272.0,,162202,宏利周期混合,0.07795659126283216,ret_12m,main,280.9,full,1.0,2026-09-21
2273.0,,010725,鹏华安享一年持有期混合A,0.07792561251708552,ret_12m,main,68.5,full,1.0,2026-09-21
2274.0,,009817,红塔红土稳健精选混合A,0.07776136125737865,ret_12m,main,71.2,full,1.0,2026-09-21
2275.0,,360005,光大红利混合A,0.07774721551379393,ret_12m,main,245.9,full,1.0,2026-09-21
2276.0,,011251,华安聚嘉精选混合A,0.07767950524834855,ret_12m,main,66.1,full,1.0,2026-09-21
2277.0,,016265,中信建投趋势领航两年持有混合A,0.07761190082156566,ret_12m,main,47.3,full,1.0,2026-09-21
2278.0,,519068,汇添富成长焦点混合,0.0774547793524838,ret_12m,main,234.3,full,1.0,2026-09-21
2279.0,,010843,富国天润回报混合A,0.0774026437556361,ret_12m,main,66.7,full,1.0,2026-09-21
2280.0,,163823,中银稳健策略混合,0.07738937759477049,ret_12m,main,168.0,full,1.0,2026-09-21
2281.0,,519738,交银周期回报灵活配置混合A,0.07736395359499793,ret_12m,main,148.0,full,1.0,2026-09-21
2282.0,,009640,中银证券优选行业龙头混合A,0.07726200561400143,ret_12m,main,72.6,full,1.0,2026-09-21
2283.0,,015160,南方宝嘉混合A,0.07722659418671585,ret_12m,main,50.8,full,1.0,2026-09-21
2284.0,,016570,嘉实价值丰润混合A,0.0771654199856664,ret_12m,main,47.8,full,1.0,2026-09-21
2285.0,,021515,汇添富红利智选混合发起式A,0.07678619734713643,ret_12m,main,23.8,short,1.0,2026-09-21
2286.0,,000866,华宝制造股票,0.07671877186656362,ret_12m,main,141.4,full,1.0,2026-09-21
2287.0,,005303,嘉实医药健康股票A,0.07661604544743161,ret_12m,main,105.6,full,1.0,2026-09-21
2288.0,,014718,富国天旭均衡混合A,0.07659294763737567,ret_12m,main,55.4,full,1.0,2026-09-21
2289.0,,016444,中泰研究精选6个月持有股票A,0.0764218389480742,ret_12m,main,46.3,full,1.0,2026-09-21
2290.0,,009086,鹏华价值共赢两年持有期混合,0.07631157428696178,ret_12m,main,76.7,full,1.0,2026-09-21
2291.0,,003882,易方达瑞弘混合A,0.07624208298413437,ret_12m,main,116.3,full,1.0,2026-09-21
2292.0,,013209,金鹰大视野混合A,0.07619415651127404,ret_12m,main,60.9,full,1.0,2026-09-21
2293.0,,012214,民生加银核心资产股票A,0.07619386995639199,ret_12m,main,58.5,full,1.0,2026-09-21
2294.0,,001415,中信保诚新锐混合A,0.0761074335251335,ret_12m,main,135.4,full,1.0,2026-09-21
2295.0,,021046,平安港股通红利精选混合发起式A,0.0760950430239864,ret_12m,main,29.9,short,1.0,2026-09-21
2296.0,,010239,平安瑞尚六个月持有混合A,0.07607011583565693,ret_12m,main,69.1,full,1.0,2026-09-21
2297.0,,017619,鑫元添鑫回报6个月持有期混合A,0.07598980944284173,ret_12m,main,42.3,full,1.0,2026-09-21
2298.0,,017835,信澳匠心回报混合A,0.07597574762023984,ret_12m,main,36.0,short,1.0,2026-09-21
2299.0,,014827,汇泉启元未来混合发起式A,0.07593695982774062,ret_12m,main,36.5,full,1.0,2026-09-21
2300.0,,012878,中信建投量化精选6个月持有混合A,0.07593227486477061,ret_12m,main,61.8,full,1.0,2026-09-21
2301.0,,016547,大成盛享一年持有混合A,0.07577626822801453,ret_12m,main,42.9,full,1.0,2026-09-21
2302.0,,021814,华泰柏瑞红利量化选股混合A,0.07573555329987114,ret_12m,main,19.9,short,1.0,2026-09-21
2303.0,,001280,银华聚利灵活配置混合A,0.07562346898485317,ret_12m,main,136.3,full,1.0,2026-09-21
2304.0,,019978,融通动力先锋混合C,0.07550500052450193,ret_12m,main,34.5,short,1.0,2026-09-21
2305.0,,000841,富国新回报灵活配置混合A/B,0.07546467842006743,ret_12m,main,141.8,full,1.0,2026-09-21
2306.0,,001222,鹏华外延成长混合,0.07538494938598617,ret_12m,main,136.1,full,1.0,2026-09-21
2307.0,,011357,华泰柏瑞品质成长混合A,0.07525431430762564,ret_12m,main,66.6,full,1.0,2026-09-21
2308.0,,002046,中信保诚新锐混合B,0.07523820600056097,ret_12m,main,129.9,full,1.0,2026-09-21
2309.0,,009539,兴业睿进混合A,0.07522614486852586,ret_12m,main,73.8,full,1.0,2026-09-21
2310.0,,017964,招商匠心优选混合A,0.07520506597732779,ret_12m,main,40.6,full,1.0,2026-09-21
2311.0,,020303,信澳星亮智选混合A,0.07516080984242679,ret_12m,main,31.7,short,1.0,2026-09-21
2312.0,,001183,南方利淘A,0.07508849503386394,ret_12m,main,137.2,full,1.0,2026-09-21
2313.0,,010330,东吴兴享成长混合A,0.07495696773921878,ret_12m,main,70.3,full,1.0,2026-09-21
2314.0,,519093,新华钻石品质企业混合,0.07486867301020017,ret_12m,main,199.6,full,1.0,2026-09-21
2315.0,,020876,中欧景气精选混合A,0.0747446533674625,ret_12m,main,28.9,short,1.0,2026-09-21
2316.0,,014811,平安兴奕成长1年持有混合A,0.0746905737343262,ret_12m,main,55.9,full,1.0,2026-09-21
2317.0,,024465,万家新机遇同享混合A,0.07466342038508733,ret_12m,main,14.9,short,0.9644,2026-09-21
2318.0,,004845,南华瑞盈混合发起A,0.07464933724282252,ret_12m,main,109.2,full,1.0,2026-09-21
2319.0,,090006,大成2020生命周期混合A,0.07450873905001787,ret_12m,main,240.3,full,1.0,2026-09-21
2320.0,,014031,南方发展机遇一年持有混合A,0.07450386107247198,ret_12m,main,54.4,full,1.0,2026-09-21
2321.0,,080007,长盛同鑫行业配置混合A,0.07445357802551844,ret_12m,main,184.0,full,1.0,2026-09-21
2322.0,,011913,华夏永泓一年持有混合A,0.07443918549193573,ret_12m,main,59.8,full,1.0,2026-09-21
2323.0,,012998,招商稳旺混合A,0.07423005380870284,ret_12m,main,54.2,full,1.0,2026-09-21
2324.0,,018434,嘉实均衡配置混合,0.07410411490921587,ret_12m,main,36.1,full,1.0,2026-09-21
2325.0,,009887,广发稳健优选六个月持有期混合A,0.07356269240274416,ret_12m,main,73.5,full,1.0,2026-09-21
2326.0,,005949,鑫元行业轮动混合A,0.07353978360643687,ret_12m,main,99.7,full,1.0,2026-09-21
2327.0,,003476,南方安颐混合,0.07348480961750004,ret_12m,main,117.2,full,1.0,2026-09-21
2328.0,,012001,中泰星宇价值成长混合A,0.07340353587654769,ret_12m,main,63.6,full,1.0,2026-09-21
2329.0,,002021,华夏回报二号混合,0.07332735311787086,ret_12m,main,241.2,full,1.0,2026-09-21
2330.0,,013051,汇泉臻心致远混合A,0.07330569328965941,ret_12m,main,58.6,full,1.0,2026-09-21
2331.0,,001810,中欧潜力价值灵活配置混合A,0.07327352079540672,ret_12m,main,131.7,full,1.0,2026-09-21
2332.0,,001468,广发改革混合,0.0732000369601542,ret_12m,main,133.8,full,1.0,2026-09-21
2333.0,,501022,银华鑫盛灵活配置混合(LOF)A,0.07308740038143036,ret_12m,main,119.2,full,1.0,2026-09-21
2334.0,,001721,工银新增益混合,0.07306228227731082,ret_12m,main,116.7,full,1.0,2026-09-21
2335.0,,009796,大成汇享一年持有混合A,0.0730299442228266,ret_12m,main,72.6,full,1.0,2026-09-21
2336.0,,012945,南方宝裕混合A,0.07302580563847538,ret_12m,main,54.8,full,1.0,2026-09-21
2337.0,,020090,万家研究领航混合A,0.0730237479884388,ret_12m,main,28.0,short,1.0,2026-09-21
2338.0,,021590,兴全竞争优势混合A,0.07297641360071672,ret_12m,main,24.8,short,1.0,2026-09-21
2339.0,,002561,东吴安鑫量化混合A,0.072910686053417,ret_12m,main,123.6,full,1.0,2026-09-21
2340.0,,001300,大成睿景灵活配置混合A,0.07287978529247607,ret_12m,main,135.9,full,1.0,2026-09-21
2341.0,,011930,华夏时代前沿一年持有混合A,0.07278911711555813,ret_12m,main,60.9,full,1.0,2026-09-21
2342.0,,519656,银河灵活配置混合A,0.07273990825526488,ret_12m,main,151.3,full,1.0,2026-09-21
2343.0,,002222,嘉实新趋势混合A,0.07263902969164082,ret_12m,main,125.4,full,1.0,2026-09-21
2344.0,,008356,中加科丰价值精选混合,0.07235123251276909,ret_12m,main,76.5,full,1.0,2026-09-21
2345.0,,010314,大摩内需增长混合A,0.07232101614898667,ret_12m,main,69.2,full,1.0,2026-09-21
2346.0,,002498,兴业聚鑫灵活配置混合A,0.07229361940985735,ret_12m,main,124.9,full,1.0,2026-09-21
2347.0,,519198,万家颐和灵活配置混合A,0.072246883308962,ret_12m,main,122.9,full,1.0,2026-09-21
2348.0,,018194,建信新材料精选股票发起A,0.07210454597082938,ret_12m,main,37.0,full,1.0,2026-09-21
2349.0,,010624,富国稳健增长混合A,0.07207650820624867,ret_12m,main,64.8,full,1.0,2026-09-21
2350.0,,160314,华夏行业混合(LOF),0.07197818311476745,ret_12m,main,225.1,full,1.0,2026-09-21
2351.0,,070019,嘉实价值优势混合A,0.07185608586482717,ret_12m,main,195.5,full,1.0,2026-09-21
2352.0,,014803,汇安添利18个月持有混合A,0.07182551639634527,ret_12m,main,49.4,full,1.0,2026-09-21
2353.0,,003295,南方安裕混合A,0.07182446846996449,ret_12m,main,118.2,full,1.0,2026-09-21
2354.0,,007415,南方致远混合A,0.07170243070865356,ret_12m,main,87.8,full,1.0,2026-09-21
2355.0,,004693,前海联合泳隽混合A,0.07160038133438462,ret_12m,main,103.7,full,1.0,2026-09-21
2356.0,,008347,中信建投甄选混合A,0.07139281951398346,ret_12m,main,81.0,full,1.0,2026-09-21
2357.0,,008178,同泰慧盈混合A,0.07125009567046803,ret_12m,main,81.8,full,1.0,2026-09-21
2358.0,,000214,广发成长优选混合,0.0710256391094588,ret_12m,main,153.3,full,1.0,2026-09-21
2359.0,,519702,交银趋势混合A,0.07101617931366189,ret_12m,main,189.0,full,1.0,2026-09-21
2360.0,,009907,湘财长泽灵活配置混合A,0.0709930027263963,ret_12m,main,73.3,full,1.0,2026-09-21
2361.0,,001433,易方达瑞景混合,0.07091524824397633,ret_12m,main,134.7,full,1.0,2026-09-21
2362.0,,003026,安信新价值混合A,0.07077746358845571,ret_12m,main,121.1,full,1.0,2026-09-21
2363.0,,005177,华夏睿磐泰利混合A,0.07061284454411854,ret_12m,main,104.8,full,1.0,2026-09-21
2364.0,,004153,中信保诚新悦混合A,0.07053437038294774,ret_12m,main,116.7,full,1.0,2026-09-21
2365.0,,393001,中海优势精选灵活配置混合,0.07039092542240133,ret_12m,main,171.0,full,1.0,2026-09-21
2366.0,,012706,中银核心精选混合A,0.07037619989614474,ret_12m,main,56.8,full,1.0,2026-09-21
2367.0,,163417,兴全合宜混合(LOF)A,0.07036149528658431,ret_12m,main,103.9,full,1.0,2026-09-21
2368.0,,022748,平安港股通红利优选混合A,0.07030193810494323,ret_12m,main,20.8,short,1.0,2026-09-21
2369.0,,550003,中信保诚盛世蓝筹混合,0.07001456548849117,ret_12m,main,219.6,full,1.0,2026-09-21
2370.0,,023099,金信周期价值混合A,0.06995854515474043,ret_12m,main,19.0,short,1.0,2026-09-21
2371.0,,519766,交银荣鑫灵活配置混合A,0.06994620135284757,ret_12m,main,125.9,full,1.0,2026-09-21
2372.0,,016091,汇泉匠心智选一年持有混合A,0.06992695697407303,ret_12m,main,48.3,full,1.0,2026-09-21
2373.0,,000843,富国新回报灵活配置混合C,0.06977124210283625,ret_12m,main,141.8,full,1.0,2026-09-21
2374.0,,004154,中信保诚新悦混合B,0.06954488920204582,ret_12m,main,116.7,full,1.0,2026-09-21
2375.0,,001249,易方达新利灵活配置混合,0.06927980846703519,ret_12m,main,136.7,full,1.0,2026-09-21
2376.0,,000667,工银绝对收益混合发起A,0.06921263215755502,ret_12m,main,146.9,full,1.0,2026-09-21
2377.0,,290006,泰信蓝筹精选混合,0.06907429088772621,ret_12m,main,209.0,full,1.0,2026-09-21
2378.0,,015911,兴业致远混合A,0.06900206145862953,ret_12m,main,45.7,full,1.0,2026-09-21
2379.0,,161225,国投瑞银瑞盈混合(LOF)A,0.0689609913814615,ret_12m,main,136.1,full,1.0,2026-09-21
2380.0,,008313,光大研究精选混合A,0.0689470448146321,ret_12m,main,78.0,full,1.0,2026-09-21
2381.0,,013765,平安恒泰1年持有混合A,0.068917892678106,ret_12m,main,54.9,full,1.0,2026-09-21
2382.0,,163809,中银蓝筹混合,0.06874681644622949,ret_12m,main,199.3,full,1.0,2026-09-21
2383.0,,006013,易方达鑫转招利混合A,0.06863992168752286,ret_12m,main,91.7,full,1.0,2026-09-21
2384.0,,019030,信澳星耀智选混合A,0.06837115107405345,ret_12m,main,37.0,full,1.0,2026-09-21
2385.0,,070003,嘉实稳健混合,0.06834248735739434,ret_12m,main,278.4,full,1.0,2026-09-21
2386.0,,017298,汇添富添添鑫多元收益9个月持有混合A,0.06826180990785291,ret_12m,main,39.2,full,1.0,2026-09-21
2387.0,,009990,华泰柏瑞品质优选A,0.06814865926962699,ret_12m,main,72.8,full,1.0,2026-09-21
2388.0,,012170,华夏永顺一年持有混合A,0.0679851370127802,ret_12m,main,62.0,full,1.0,2026-09-21
2389.0,,005802,汇添富智能制造股票A,0.0679106351205967,ret_12m,main,101.0,full,1.0,2026-09-21
2390.0,,690005,民生加银内需增长混合,0.06790985979361408,ret_12m,main,187.8,full,1.0,2026-09-21
2391.0,,012334,上银慧尚6个月持有期混合A,0.06790384634187752,ret_12m,main,57.4,full,1.0,2026-09-21
2392.0,,015657,富荣研究优选混合A,0.06787985154317666,ret_12m,main,36.1,full,1.0,2026-09-21
2393.0,,002358,国投瑞银瑞祥A,0.0678657490374659,ret_12m,main,126.7,full,1.0,2026-09-21
2394.0,,010659,民生加银质量领先混合A,0.06782673193545441,ret_12m,main,69.1,full,1.0,2026-09-21
2395.0,,002011,华夏红利混合,0.06767025207393451,ret_12m,main,254.7,full,1.0,2026-09-21
2396.0,,020901,招商成长量化选股股票A,0.06765019859849586,ret_12m,main,27.7,short,1.0,2026-09-21
2397.0,,002851,南方品质优选灵活配置混合A,0.06758314313606295,ret_12m,main,121.7,full,1.0,2026-09-21
2398.0,,011938,博时新能源汽车主题混合A,0.06755137378282972,ret_12m,main,63.6,full,1.0,2026-09-21
2399.0,,002001,华夏回报混合A,0.06746755564565854,ret_12m,main,276.5,full,1.0,2026-09-21
2400.0,,016097,东吴兴弘一年持有混合A,0.0674296975078883,ret_12m,main,48.2,full,1.0,2026-09-21
2401.0,,007439,东海科技动力A,0.06736190675274334,ret_12m,main,86.9,full,1.0,2026-09-21
2402.0,,003594,长盛盛崇灵活配置混合A,0.06732540128139264,ret_12m,main,118.3,full,1.0,2026-09-21
2403.0,,011836,银华智能建造股票发起式,0.06718001621530822,ret_12m,main,59.9,full,1.0,2026-09-21
2404.0,,013260,太平睿享混合A,0.06717551431369984,ret_12m,main,60.1,full,1.0,2026-09-21
2405.0,,022237,融通央企精选混合A,0.06709333712312437,ret_12m,main,17.9,short,1.0,2026-09-21
2406.0,,003154,华宝新活力混合C,0.06709121104855686,ret_12m,main,120.4,full,1.0,2026-09-21
2407.0,,000121,华夏永福混合A,0.067090351728198,ret_12m,main,157.3,full,1.0,2026-09-21
2408.0,,019498,兴全创新优势混合A,0.06708288669553508,ret_12m,main,29.9,short,1.0,2026-09-21
2409.0,,014148,景顺长城安鼎一年持有期混合A,0.06695663203088253,ret_12m,main,57.6,full,1.0,2026-09-21
2410.0,,005399,长信量化价值驱动混合A,0.06693839501206256,ret_12m,main,97.4,full,1.0,2026-09-21
2411.0,,160919,大成产业升级股票(LOF)A,0.06692639565273373,ret_12m,main,140.8,full,1.0,2026-09-21
2412.0,,162414,华宝新机遇混合(LOF)A,0.0669057605312251,ret_12m,main,135.4,full,1.0,2026-09-21
2413.0,,018635,嘉实稳健增利6个月持有混合A,0.06680281643685371,ret_12m,main,31.9,short,1.0,2026-09-21
2414.0,,018754,兴业均衡优选混合A,0.06680246065891482,ret_12m,main,37.2,full,1.0,2026-09-21
2415.0,,015769,天弘低碳经济混合A,0.06674064638226684,ret_12m,main,50.8,full,1.0,2026-09-21
2416.0,,004756,国寿安保稳吉混合A,0.06674015431829305,ret_12m,main,104.8,full,1.0,2026-09-21
2417.0,,014210,国投瑞银竞争优势混合A,0.06666014616735039,ret_12m,main,56.1,full,1.0,2026-09-21
2418.0,,017073,嘉实清洁能源股票发起式A,0.06660766600227253,ret_12m,main,46.0,full,1.0,2026-09-21
2419.0,,004975,交银恒益灵活配置混合A,0.0664788452478422,ret_12m,main,108.2,full,1.0,2026-09-21
2420.0,,015718,财通资管均衡臻选混合A,0.06637097356097343,ret_12m,main,46.2,full,1.0,2026-09-21
2421.0,,012077,易方达悦夏一年持有混合A,0.06634049529326869,ret_12m,main,63.4,full,1.0,2026-09-21
2422.0,,003142,鹏华弘达混合A,0.06627740758024259,ret_12m,main,121.4,full,1.0,2026-09-21
2423.0,,001850,国泰安益灵活配置混合A,0.06625702247019682,ret_12m,main,116.9,full,1.0,2026-09-21
2424.0,,487021,工银优质精选混合A,0.06614399523192738,ret_12m,main,163.4,full,1.0,2026-09-21
2425.0,,019361,富国核心优势混合发起式A,0.06599600066456923,ret_12m,main,33.7,short,1.0,2026-09-21
2426.0,,013193,华商稳健添利一年持有混合A,0.06588338725039278,ret_12m,main,56.3,full,1.0,2026-09-21
2427.0,,010678,中欧均衡成长混合A,0.06562688933831384,ret_12m,main,69.3,full,1.0,2026-09-21
2428.0,,009381,汇安核心资产混合A,0.06542562893206694,ret_12m,main,75.2,full,1.0,2026-09-21
2429.0,,519736,交银新成长混合,0.06542058902212777,ret_12m,main,148.4,full,1.0,2026-09-21
2430.0,,160812,长盛同益成长回报(LOF),0.0653481775383784,ret_12m,main,148.3,full,1.0,2026-09-21
2431.0,,013929,中银证券恒瑞9个月持有混合A,0.06519495925959395,ret_12m,main,57.9,full,1.0,2026-09-21
2432.0,,002593,富国美丽中国混合A,0.06516336681579005,ret_12m,main,124.1,full,1.0,2026-09-21
2433.0,,015217,鹏扬成长领航混合A,0.06463733334589361,ret_12m,main,47.0,full,1.0,2026-09-21
2434.0,,002331,泰康安泰回报混合A,0.0645944281984463,ret_12m,main,126.0,full,1.0,2026-09-21
2435.0,,001756,嘉实策略优选混合,0.06455932106112816,ret_12m,main,118.1,full,1.0,2026-09-21
2436.0,,010900,中欧生益稳健一年混合A,0.06450162084499866,ret_12m,main,68.3,full,1.0,2026-09-21
2437.0,,011530,泓德优质治理灵活配置混合,0.06447039454946757,ret_12m,main,66.0,full,1.0,2026-09-21
2438.0,,010742,南方宁悦一年持有期混合A,0.06441771613751857,ret_12m,main,68.5,full,1.0,2026-09-21
2439.0,,009618,交银启汇混合A,0.06433855808374989,ret_12m,main,74.5,full,1.0,2026-09-21
2440.0,,580008,东吴新产业精选股票A,0.06420723870734957,ret_12m,main,179.8,full,1.0,2026-09-21
2441.0,,004738,摩根安隆回报混合A,0.0642045960857407,ret_12m,main,103.4,full,1.0,2026-09-21
2442.0,,011395,博时恒元6个月持有期混合A,0.06419037018671792,ret_12m,main,66.2,full,1.0,2026-09-21
2443.0,,021181,中欧价值精选混合A,0.06413492460741743,ret_12m,main,28.0,short,1.0,2026-09-21
2444.0,,000063,长盛电子信息主题混合A,0.06409705437773527,ret_12m,main,160.4,full,1.0,2026-09-21
2445.0,,024917,华夏红利价值混合D,0.06407412331847184,ret_12m,main,13.2,short,1.0,2026-09-21
2446.0,,012195,万家瑞泽回报一年持有混合,0.06401076252441307,ret_12m,main,63.2,full,1.0,2026-09-21
2447.0,,003822,中信建投轮换混合A,0.06376654665015735,ret_12m,main,92.1,full,1.0,2026-09-21
2448.0,,008966,博时成长优选灵活配置混合A,0.06373663754962489,ret_12m,main,78.4,full,1.0,2026-09-21
2449.0,,270025,广发行业领先混合A,0.06373445148986767,ret_12m,main,189.9,full,1.0,2026-09-21
2450.0,,167702,德邦量化优选股票(LOF)A,0.06369162098969916,ret_12m,main,113.9,full,1.0,2026-09-21
2451.0,,015219,鹏扬产业智选一年持有混合A,0.06361503619073905,ret_12m,main,48.7,full,1.0,2026-09-21
2452.0,,004517,南方安康混合A,0.06344539593068688,ret_12m,main,111.2,full,1.0,2026-09-21
2453.0,,001648,工银新价值灵活配置混合A,0.06335714397576964,ret_12m,main,112.8,full,1.0,2026-09-21
2454.0,,003516,国泰融安多策略灵活配置混合A,0.06313923964722523,ret_12m,main,110.6,full,1.0,2026-09-21
2455.0,,011598,信澳医药健康混合A,0.06313826143146417,ret_12m,main,65.4,full,1.0,2026-09-21
2456.0,,011033,南方宝恒混合A,0.0631119033334766,ret_12m,main,63.4,full,1.0,2026-09-21
2457.0,,009550,汇添富开放视野中国优势六个月持有股票A,0.0630654175698242,ret_12m,main,74.0,full,1.0,2026-09-21
2458.0,,005421,中欧嘉泽灵活配置混合,0.06297084680902665,ret_12m,main,103.8,full,1.0,2026-09-21
2459.0,,000279,华商红利优选混合,0.06274286326918643,ret_12m,main,156.1,full,1.0,2026-09-21
2460.0,,021629,华安红利机遇股票发起式A,0.06270855411275633,ret_12m,main,24.8,short,1.0,2026-09-21
2461.0,,001633,万家瑞祥混合A,0.06266851479363056,ret_12m,main,118.1,full,1.0,2026-09-21
2462.0,,000190,中银新回报灵活配置混合A,0.06260459636968396,ret_12m,main,156.4,full,1.0,2026-09-21
2463.0,,010845,宏利波控回报12个月持有混合,0.06258969084956667,ret_12m,main,68.0,full,1.0,2026-09-21
2464.0,,010132,南方创新成长混合A,0.06255634074131855,ret_12m,main,72.1,full,1.0,2026-09-21
2465.0,,008209,南方宝泰一年混合A,0.06238082730400718,ret_12m,main,80.8,full,1.0,2026-09-21
2466.0,,013095,安信远见成长混合A,0.06237153012830654,ret_12m,main,54.5,full,1.0,2026-09-21
2467.0,,001596,中信保诚新泽混合A,0.06234849422143496,ret_12m,main,110.8,full,1.0,2026-09-21
2468.0,,320018,诺安新动力灵活配置混合A,0.062194728855886394,ret_12m,main,174.6,full,1.0,2026-09-21
2469.0,,270001,广发聚富混合,0.06215421654796005,ret_12m,main,273.6,full,1.0,2026-09-21
2470.0,,002543,长城久益混合A,0.0621108552061953,ret_12m,main,124.8,full,1.0,2026-09-21
2471.0,,003670,国联物联网主题A,0.062024756968929395,ret_12m,main,114.8,full,1.0,2026-09-21
2472.0,,020779,湘财新能源量化选股混合A,0.06202229624517974,ret_12m,main,24.5,short,1.0,2026-09-21
2473.0,,015485,平安策略优选1年持有混合A,0.0619889996676779,ret_12m,main,44.1,full,1.0,2026-09-21
2474.0,,161727,招商增荣混合(LOF),0.06194961068282412,ret_12m,main,123.6,full,1.0,2026-09-21
2475.0,,080008,长盛战略新兴产业混合A,0.0619258021913589,ret_12m,main,178.9,full,1.0,2026-09-21
2476.0,,002177,中信保诚新泽混合B,0.06190764420351558,ret_12m,main,110.8,full,1.0,2026-09-21
2477.0,,001349,富国改革动力混合,0.0619014639280826,ret_12m,main,136.1,full,1.0,2026-09-21
2478.0,,021570,华夏红利量化选股股票A,0.061878086685372535,ret_12m,main,26.6,short,1.0,2026-09-21
2479.0,,006752,天弘港股通精选A,0.06171454825655842,ret_12m,main,88.8,full,1.0,2026-09-21
2480.0,,010439,汇添富稳健汇盈一年持有期混合,0.061704952020415815,ret_12m,main,70.5,full,1.0,2026-09-21
2481.0,,021973,天弘优势企业混合发起A,0.06161667092932066,ret_12m,main,25.2,short,1.0,2026-09-21
2482.0,,050012,博时策略混合,0.06157033982499227,ret_12m,main,205.3,full,1.0,2026-09-21
2483.0,,010894,鹏华汇智优选混合A,0.06151844849150523,ret_12m,main,68.4,full,1.0,2026-09-21
2484.0,,519039,长盛同德主题混合,0.06147245314564742,ret_12m,main,226.0,full,1.0,2026-09-21
2485.0,,009263,华宝红利精选混合A,0.06134535377815986,ret_12m,main,75.6,full,1.0,2026-09-21
2486.0,,160624,鹏华消费领先混合,0.061283843448078246,ret_12m,main,151.8,full,1.0,2026-09-21
2487.0,,012218,博时乐享混合A,0.061182125781060304,ret_12m,main,63.8,full,1.0,2026-09-21
2488.0,,001441,易方达瑞信混合I,0.06112874318660477,ret_12m,main,103.7,full,1.0,2026-09-21
2489.0,,501001,财通多策略精选混合(LOF),0.061120014515466226,ret_12m,main,134.7,full,1.0,2026-09-21
2490.0,,019130,天弘多元锐选一年持有混合A,0.061113945817737436,ret_12m,main,35.8,short,1.0,2026-09-21
2491.0,,014329,国联优势产业混合A,0.060934477387506236,ret_12m,main,55.9,full,1.0,2026-09-21
2492.0,,009658,汇丰晋信中小盘低波动策略股票A,0.060934354581971384,ret_12m,main,73.3,full,1.0,2026-09-21
2493.0,,013517,易方达悦浦一年持有混合A,0.060869855640848236,ret_12m,main,59.0,full,1.0,2026-09-21
2494.0,,004128,前海联合泳隆混合A,0.060548495794796375,ret_12m,main,108.7,full,1.0,2026-09-21
2495.0,,000672,工银绝对收益混合发起B,0.060477639885856416,ret_12m,main,146.9,full,1.0,2026-09-21
2496.0,,001543,宝盈新锐混合A,0.060446993271496385,ret_12m,main,130.6,full,1.0,2026-09-21
2497.0,,011027,国寿安保稳弘混合A,0.060417125993263765,ret_12m,main,66.1,full,1.0,2026-09-21
2498.0,,003161,南方安泰混合A,0.060390304519672755,ret_12m,main,120.0,full,1.0,2026-09-21
2499.0,,010539,浙商智多金稳健一年持有期A,0.060356216479448666,ret_12m,main,62.9,full,1.0,2026-09-21
2500.0,,006608,泓德研究优选混合,0.06013454145597508,ret_12m,main,87.9,full,1.0,2026-09-21
2501.0,,730001,方正富邦创新动力混合A,0.06009550798203267,ret_12m,main,176.9,full,1.0,2026-09-21
2502.0,,017389,中银证券凌瑞6个月持有期混合A,0.060067767882711065,ret_12m,main,39.1,full,1.0,2026-09-21
2503.0,,017813,兴合安迎混合A,0.060053218812618825,ret_12m,main,39.8,full,1.0,2026-09-21
2504.0,,161611,融通内需驱动混合A,0.05990450442592565,ret_12m,main,209.0,full,1.0,2026-09-21
2505.0,,005293,诺德新旺,0.05987177974792246,ret_12m,main,103.4,full,1.0,2026-09-21
2506.0,,020495,建信研究精选混合A,0.059809163918498554,ret_12m,main,27.3,short,1.0,2026-09-21
2507.0,,001443,易方达瑞选灵活配置混合I,0.05979409004322078,ret_12m,main,129.6,full,1.0,2026-09-21
2508.0,,012297,东兴宸瑞量化混合A,0.059681052691687775,ret_12m,main,62.7,full,1.0,2026-09-21
2509.0,,000110,金鹰元安混合A,0.059648074063807455,ret_12m,main,160.1,full,1.0,2026-09-21
2510.0,,002514,招商丰益混合A,0.05960546211430784,ret_12m,main,120.9,full,1.0,2026-09-21
2511.0,,006250,摩根动力精选混合A,0.05959602077701742,ret_12m,main,91.7,full,1.0,2026-09-21
2512.0,,001336,鹏华弘益混合A,0.059485426383821816,ret_12m,main,135.8,full,1.0,2026-09-21
2513.0,,018455,建信开元耀享9个月持有期混合发起A,0.059382289074359385,ret_12m,main,37.5,full,1.0,2026-09-21
2514.0,,022000,浙商汇金红利机遇混合A,0.059366982521378286,ret_12m,main,22.4,short,1.0,2026-09-21
2515.0,,001342,易方达新享混合A,0.05928206500389499,ret_12m,main,135.8,full,1.0,2026-09-21
2516.0,,160613,鹏华盛世创新混合(LOF)A,0.0591656036095658,ret_12m,main,215.4,full,1.0,2026-09-21
2517.0,,021795,广发稳信六个月持有期混合A,0.05913140827565333,ret_12m,main,22.5,short,1.0,2026-09-21
2518.0,,023806,招商红利量化选股混合A,0.058981934007269254,ret_12m,main,15.8,short,1.0,2026-09-21
2519.0,,008860,民生加银龙头优选股票A,0.05894573511805201,ret_12m,main,78.4,full,1.0,2026-09-21
2520.0,,002049,融通新机遇灵活配置混合,0.058913089071996216,ret_12m,main,130.1,full,1.0,2026-09-21
2521.0,,013890,国泰睿毅三年持有期混合A,0.0587615097110008,ret_12m,main,53.7,full,1.0,2026-09-21
2522.0,,004008,国联鑫思路混合A,0.058702541984404055,ret_12m,main,116.1,full,1.0,2026-09-21
2523.0,,000955,南方产业活力,0.05865332758217523,ret_12m,main,139.8,full,1.0,2026-09-21
2524.0,,018405,朱雀产业精选混合A,0.05860979780600317,ret_12m,main,38.8,full,1.0,2026-09-21
2525.0,,009689,易方达瑞锦混合A,0.05858689245272064,ret_12m,main,74.5,full,1.0,2026-09-21
2526.0,,014606,招商高端装备混合A,0.058549371765288516,ret_12m,main,54.6,full,1.0,2026-09-21
2527.0,,501028,财通多策略福瑞混合发起式(LOF)A,0.05846514156146965,ret_12m,main,117.9,full,1.0,2026-09-21
2528.0,,450004,国富深化价值混合A,0.05843212252918062,ret_12m,main,218.6,full,1.0,2026-09-21
2529.0,,013980,光大恒鑫混合A,0.05837556564552626,ret_12m,main,57.7,full,1.0,2026-09-21
2530.0,,001528,诺安先进制造股票A,0.05835026525628173,ret_12m,main,133.0,full,1.0,2026-09-21
2531.0,,009395,鑫元安鑫回报混合A,0.058313516095086504,ret_12m,main,71.8,full,1.0,2026-09-21
2532.0,,001806,易方达瑞智灵活配置混合I,0.058293233263900124,ret_12m,main,111.0,full,1.0,2026-09-21
2533.0,,006243,中银双息回报混合A,0.058202039993790367,ret_12m,main,95.8,full,1.0,2026-09-21
2534.0,,004836,国联鑫价值混合A,0.05805969905273378,ret_12m,main,102.4,full,1.0,2026-09-21
2535.0,,010706,景顺长城景骊成长混合A,0.057993761432137525,ret_12m,main,64.5,full,1.0,2026-09-21
2536.0,,011845,博时周期优选混合A,0.05772564428620264,ret_12m,main,63.9,full,1.0,2026-09-21
2537.0,,019610,财通数字经济智选混合发起A,0.057682334328269524,ret_12m,main,27.6,short,1.0,2026-09-21
2538.0,,210010,金鹰灵活配置混合A,0.057671908244509185,ret_12m,main,165.7,full,1.0,2026-09-21
2539.0,,024661,国联鑫价值混合B,0.05763649264375159,ret_12m,main,15.0,short,1.0,2026-09-21
2540.0,,050008,博时第三产业混合,0.0574636194794893,ret_12m,main,232.9,full,1.0,2026-09-21
2541.0,,019787,上银丰瑞一年持有期混合发起式A,0.05737277931026741,ret_12m,main,33.0,short,1.0,2026-09-21
2542.0,,018708,交银悦信精选混合A,0.05736118959672454,ret_12m,main,36.5,full,1.0,2026-09-21
2543.0,,004925,长信低碳环保行业量化股票A,0.057291593997983226,ret_12m,main,106.4,full,1.0,2026-09-21
2544.0,,016902,鑫元欣悦混合A,0.057148747626275975,ret_12m,main,44.3,full,1.0,2026-09-21
2545.0,,005646,中海沪港深多策略灵活配置混合,0.056689065119191806,ret_12m,main,102.0,full,1.0,2026-09-21
2546.0,,010379,广发均衡优选混合A,0.05666242717924952,ret_12m,main,68.3,full,1.0,2026-09-21
2547.0,,000597,中海积极收益混合,0.05665265845045431,ret_12m,main,147.9,full,1.0,2026-09-21
2548.0,,008664,嘉实鑫和一年持有期混合A,0.05658673844655571,ret_12m,main,80.9,full,1.0,2026-09-21
2549.0,,002455,民生加银鑫喜混合A,0.05653158001923897,ret_12m,main,117.4,full,1.0,2026-09-21
2550.0,,002006,工银新得益混合,0.05649468078530484,ret_12m,main,117.9,full,1.0,2026-09-21
2551.0,,210006,金鹰元禧混合A,0.05642492120129261,ret_12m,main,184.2,full,1.0,2026-09-21
2552.0,,001688,嘉实新起点混合A,0.05632897777626744,ret_12m,main,129.8,full,1.0,2026-09-21
2553.0,,012025,兴业聚兴混合A,0.0562615079658042,ret_12m,main,59.8,full,1.0,2026-09-21
2554.0,,001189,广发聚宝混合A,0.05624203765921365,ret_12m,main,137.4,full,1.0,2026-09-21
2555.0,,008715,景顺长城价值驱动一年持有混合,0.05618335426532872,ret_12m,main,62.1,full,1.0,2026-09-21
2556.0,,015729,朱雀碳中和三年持有混合发起,0.056168463212575404,ret_12m,main,48.5,full,1.0,2026-09-21
2557.0,,003805,华安新恒利混合A,0.05598328198301017,ret_12m,main,117.4,full,1.0,2026-09-21
2558.0,,009169,湘财长兴灵活配置混合A,0.05597153640673502,ret_12m,main,76.9,full,1.0,2026-09-21
2559.0,,005120,摩根量化多因子混合,0.05588162071180913,ret_12m,main,104.0,full,1.0,2026-09-21
2560.0,,008375,中欧启航三年混合A,0.055852531780637094,ret_12m,main,80.9,full,1.0,2026-09-21
2561.0,,008809,安信民稳增长混合A,0.055699496214729916,ret_12m,main,80.2,full,1.0,2026-09-21
2562.0,,001327,鹏华弘华混合A,0.05566597391035555,ret_12m,main,135.9,full,1.0,2026-09-21
2563.0,,011128,华安精致生活混合A,0.055654601234467416,ret_12m,main,66.4,full,1.0,2026-09-21
2564.0,,011285,民生价值优选6个月持有股票A,0.05547016612030964,ret_12m,main,63.4,full,1.0,2026-09-21
2565.0,,022344,景顺长城红利量化选股股票A,0.05539260425432824,ret_12m,main,19.9,short,1.0,2026-09-21
2566.0,,450003,国富潜力组合混合A,0.05508222637355775,ret_12m,main,234.0,full,1.0,2026-09-21
2567.0,,000831,工银医疗保健股票,0.05505719553387545,ret_12m,main,142.1,full,1.0,2026-09-21
2568.0,,006136,广发估值优势混合A,0.055039695088048735,ret_12m,main,96.0,full,1.0,2026-09-21
2569.0,,090019,大成景恒混合A,0.05500436849197854,ret_12m,main,171.2,full,1.0,2026-09-21
2570.0,,001547,兴业聚惠混合A,0.05486872817897903,ret_12m,main,134.5,full,1.0,2026-09-21
2571.0,,015094,华商300智选混合A,0.05481552394784339,ret_12m,main,49.1,full,1.0,2026-09-21
2572.0,,014482,华夏融盛可持续一年持有混合A,0.05480797437784379,ret_12m,main,49.9,full,1.0,2026-09-21
2573.0,,008895,申万菱信量化对冲策略灵活配置混合发起式A,0.054736868600858024,ret_12m,main,77.9,full,1.0,2026-09-21
2574.0,,620002,金元顺安成长动力混合,0.05456979596581801,ret_12m,main,216.6,full,1.0,2026-09-21
2575.0,,008420,广发招泰A,0.05441110793369952,ret_12m,main,78.6,full,1.0,2026-09-21
2576.0,,000967,华泰柏瑞创新动力混合,0.05435061449988754,ret_12m,main,139.5,full,1.0,2026-09-21
2577.0,,000431,鹏华品牌传承混合,0.05434546267145146,ret_12m,main,151.8,full,1.0,2026-09-21
2578.0,,002624,广发优企精选混合A,0.054286207608888803,ret_12m,main,121.6,full,1.0,2026-09-21
2579.0,,004225,国寿安保稳诚混合A,0.05425044047630556,ret_12m,main,116.0,full,1.0,2026-09-21
2580.0,,010839,易方达瑞安灵活配置混合A,0.054231122518886066,ret_12m,main,68.4,full,1.0,2026-09-21
2581.0,,012487,博时恒玺一年持有期混合A,0.054194959057590086,ret_12m,main,62.5,full,1.0,2026-09-21
2582.0,,010942,招商瑞乐6个月持有期混合A,0.05417473853203414,ret_12m,main,62.3,full,1.0,2026-09-21
2583.0,,016840,博道惠泰优选混合A,0.05386650819186323,ret_12m,main,44.1,full,1.0,2026-09-21
2584.0,,002833,华夏新锦绣混合A,0.053864165841474465,ret_12m,main,120.9,full,1.0,2026-09-21
2585.0,,005477,长安鑫禧灵活配置混合A,0.05378258862114316,ret_12m,main,103.4,full,1.0,2026-09-21
2586.0,,012096,鑫元鑫动力混合A,0.05373556546799518,ret_12m,main,62.3,full,1.0,2026-09-21
2587.0,,001231,银华泰利灵活配置混合A,0.053704728562002924,ret_12m,main,136.9,full,1.0,2026-09-21
2588.0,,001054,工银新金融股票A,0.0535002926305721,ret_12m,main,138.1,full,1.0,2026-09-21
2589.0,,001577,嘉实低价策略股票,0.05344797546441038,ret_12m,main,133.8,full,1.0,2026-09-21
2590.0,,009774,财通资管优选回报一年持有期混合,0.053171673586232426,ret_12m,main,72.6,full,1.0,2026-09-21
2591.0,,005576,华泰柏瑞新金融地产混合A,0.053084720806580554,ret_12m,main,102.5,full,1.0,2026-09-21
2592.0,,519127,浦银盛世A,0.05307890334679022,ret_12m,main,146.9,full,1.0,2026-09-21
2593.0,,340001,兴全可转债混合,0.05302112037507145,ret_12m,main,268.4,full,1.0,2026-09-21
2594.0,,008488,华商恒益稳健混合,0.05294549703428397,ret_12m,main,79.0,full,1.0,2026-09-21
2595.0,,020772,中信建投量化选股股票A,0.052850001792910106,ret_12m,main,27.9,short,1.0,2026-09-21
2596.0,,014767,景顺长城华城稳健6个月持有期混合A,0.05278074112365605,ret_12m,main,55.8,full,1.0,2026-09-21
2597.0,,013225,景顺长城安景一年持有期混合A,0.05245903930211138,ret_12m,main,56.5,full,1.0,2026-09-21
2598.0,,008997,同泰竞争优势混合A,0.0523932961133291,ret_12m,main,76.8,full,1.0,2026-09-21
2599.0,,012107,泓德瑞嘉三年持有期混合A,0.052392432069002126,ret_12m,main,63.9,full,1.0,2026-09-21
2600.0,,011142,创金合信新材料新能源股票A,0.052380717054726356,ret_12m,main,68.7,full,1.0,2026-09-21
2601.0,,121001,国投瑞银融华债券,0.052332697206897816,ret_12m,main,281.2,full,1.0,2026-09-21
2602.0,,001835,易方达瑞祥混合A,0.052318467872622065,ret_12m,main,104.0,full,1.0,2026-09-21
2603.0,,011231,光大锦弘混合A,0.05218811416392222,ret_12m,main,66.5,full,1.0,2026-09-21
2604.0,,010657,海富通欣睿混合A,0.05218028827402321,ret_12m,main,67.4,full,1.0,2026-09-21
2605.0,,009029,工银高质量成长混合A,0.05217687083033362,ret_12m,main,75.1,full,1.0,2026-09-21
2606.0,,017230,宝盈价值成长混合A,0.05211080740219454,ret_12m,main,27.6,short,1.0,2026-09-21
2607.0,,012435,万家招瑞回报一年持有混合A,0.052109139171719,ret_12m,main,61.1,full,1.0,2026-09-21
2608.0,,014151,国富鑫享价值混合A,0.051992829716185573,ret_12m,main,51.7,full,1.0,2026-09-21
2609.0,,002249,招商境远灵活配置混合,0.05173965562298655,ret_12m,main,129.2,full,1.0,2026-09-21
2610.0,,019712,博时稳合一年持有期混合A,0.05167583065249559,ret_12m,main,29.1,short,1.0,2026-09-21
2611.0,,004405,国寿安保稳寿混合A,0.051631746853846305,ret_12m,main,109.7,full,1.0,2026-09-21
2612.0,,002388,天弘裕利灵活配置混合A,0.051587255517562935,ret_12m,main,127.7,full,1.0,2026-09-21
2613.0,,024431,富国均衡配置混合A,0.05158396080550043,ret_12m,main,15.0,short,0.9723,2026-09-21
2614.0,,022224,泓德智选领航混合A,0.051496509753628406,ret_12m,main,22.9,short,1.0,2026-09-21
2615.0,,016524,招商均衡成长混合A,0.051464783706176576,ret_12m,main,48.2,full,1.0,2026-09-21
2616.0,,011834,大成投资严选六月持有混合A,0.05144939322973552,ret_12m,main,62.2,full,1.0,2026-09-21
2617.0,,012578,富国红利混合A,0.05139510939103742,ret_12m,main,57.0,full,1.0,2026-09-21
2618.0,,004720,华夏睿磐泰茂混合A,0.051364901563367926,ret_12m,main,105.5,full,1.0,2026-09-21
2619.0,,010541,国寿安保稳和6个月持有期混合A,0.05135291427476485,ret_12m,main,69.9,full,1.0,2026-09-21
2620.0,,017993,方正富邦远见成长混合A,0.05128193813897686,ret_12m,main,42.2,full,1.0,2026-09-21
2621.0,,001285,易方达新鑫混合I,0.051256662786517415,ret_12m,main,136.3,full,1.0,2026-09-21
2622.0,,163110,申万菱信量化小盘股票(LOF)A,0.05125610528521185,ret_12m,main,183.2,full,1.0,2026-09-21
2623.0,,009249,易方达磐泰一年持有期混合A,0.05123352141686599,ret_12m,main,73.2,full,1.0,2026-09-21
2624.0,,000367,国泰安康定期支付混合A,0.05117257861695501,ret_12m,main,148.7,full,1.0,2026-09-21
2625.0,,010923,永赢鑫欣混合A,0.05093673188638381,ret_12m,main,68.2,full,1.0,2026-09-21
2626.0,,020759,建信红利精选股票发起A,0.05081053498720722,ret_12m,main,26.2,short,1.0,2026-09-21
2627.0,,001067,鹏华弘盛混合A,0.05069687259789468,ret_12m,main,138.8,full,1.0,2026-09-21
2628.0,,011769,富国精诚回报12个月持有期混合A,0.050691902871511596,ret_12m,main,64.7,full,1.0,2026-09-21
2629.0,,014462,光大汇佳混合A,0.05066261182774112,ret_12m,main,49.8,full,1.0,2026-09-21
2630.0,,023244,东海启元添益6个月持有混合发起式A,0.050329478533646776,ret_12m,main,19.3,short,1.0,2026-09-21
2631.0,,024461,宏利睿智领航混合A,0.05031047830320268,ret_12m,main,15.0,short,0.9723,2026-09-21
2632.0,,008499,鹏扬景科混合A,0.05029709021631956,ret_12m,main,77.4,full,1.0,2026-09-21
2633.0,,009950,财通资管均衡价值一年持有期混合,0.05014389005045117,ret_12m,main,69.9,full,1.0,2026-09-21
2634.0,,016978,博时均衡优选混合A,0.05008547031064414,ret_12m,main,42.5,full,1.0,2026-09-21
2635.0,,024087,百嘉科技创新混合A,0.049921776913399274,ret_12m,main,13.1,short,0.9684,2026-09-21
2636.0,,519050,海富通安颐收益混合A,0.04968641248417183,ret_12m,main,159.8,full,1.0,2026-09-21
2637.0,,024596,财通成长量化选股混合A,0.0496696058305921,ret_12m,main,13.3,short,0.9723,2026-09-21
2638.0,,017735,融通明锐混合A,0.04966026080945363,ret_12m,main,41.1,full,1.0,2026-09-21
2639.0,,002955,融通新趋势灵活配置混合,0.04942588203527931,ret_12m,main,121.1,full,1.0,2026-09-21
2640.0,,012594,招商瑞享1年持有期混合A,0.04942277847653842,ret_12m,main,55.9,full,1.0,2026-09-21
2641.0,,270008,广发核心精选混合,0.04934812995734039,ret_12m,main,218.2,full,1.0,2026-09-21
2642.0,,009653,大成丰享回报混合A,0.04934530628259548,ret_12m,main,70.1,full,1.0,2026-09-21
2643.0,,001250,天弘新活力混合发起A,0.04925854592705292,ret_12m,main,136.8,full,1.0,2026-09-21
2644.0,,019470,华夏信兴回报混合A,0.04925489991750531,ret_12m,main,34.0,short,1.0,2026-09-21
2645.0,,009776,中欧阿尔法混合A,0.04921053115265739,ret_12m,main,73.0,full,1.0,2026-09-21
2646.0,,003304,前海开源沪港深核心资源混合A,0.04915764171945902,ret_12m,main,119.1,full,1.0,2026-09-21
2647.0,,420005,天弘周期策略混合A,0.049109905328678316,ret_12m,main,201.1,full,1.0,2026-09-21
2648.0,,013958,华商鑫选回报一年持有混合A,0.049048518409465114,ret_12m,main,51.7,full,1.0,2026-09-21
2649.0,,012332,上银鑫尚稳健回报6个月持有期混合A,0.04897056809972966,ret_12m,main,62.1,full,1.0,2026-09-21
2650.0,,011781,泓德慧享混合A,0.048747158255014744,ret_12m,main,60.5,full,1.0,2026-09-21
2651.0,,008979,万家民丰回报一年持有混合,0.048695209881939094,ret_12m,main,78.6,full,1.0,2026-09-21
2652.0,,011759,平安鑫盛混合发起式A,0.04867808757043757,ret_12m,main,16.3,short,1.0,2026-09-21
2653.0,,002714,鹏华金城混合D,0.04859177850043839,ret_12m,main,123.7,full,1.0,2026-09-21
2654.0,,012502,银华安盛混合,0.04858477392229554,ret_12m,main,61.3,full,1.0,2026-09-21
2655.0,,550001,中信保诚四季红混合A,0.048550848070465946,ret_12m,main,244.8,full,1.0,2026-09-21
2656.0,,009766,安信平稳双利3个月持有混合A,0.048466497850809365,ret_12m,main,72.6,full,1.0,2026-09-21
2657.0,,004716,中信保诚量化阿尔法股票A,0.04836570223582326,ret_12m,main,110.3,full,1.0,2026-09-21
2658.0,,011746,南方誉浦一年持有混合A,0.04834367553201835,ret_12m,main,64.8,full,1.0,2026-09-21
2659.0,,008138,富国龙头优势混合A,0.048299339453503176,ret_12m,main,80.2,full,1.0,2026-09-21
2660.0,,013160,创金合信碳中和混合A,0.0482923194824838,ret_12m,main,60.0,full,1.0,2026-09-21
2661.0,,001110,中欧瑾泉灵活配置混合A,0.048269025892561324,ret_12m,main,138.2,full,1.0,2026-09-21
2662.0,,202009,南方盛元红利混合,0.04824485572978521,ret_12m,main,222.0,full,1.0,2026-09-21
2663.0,,001790,国泰智能汽车股票A,0.0482379190565454,ret_12m,main,109.7,full,1.0,2026-09-21
2664.0,,020358,东方红慧鑫甄选6个月持有混合A,0.04822060647905002,ret_12m,main,28.7,short,1.0,2026-09-21
2665.0,,008513,南方宝丰混合A,0.04817896983140013,ret_12m,main,78.6,full,1.0,2026-09-21
2666.0,,000849,汇丰晋信双核策略混合A,0.04802998897682942,ret_12m,main,141.8,full,1.0,2026-09-21
2667.0,,011534,万家民瑞祥明6个月持有混合A,0.0478736473374779,ret_12m,main,64.8,full,1.0,2026-09-21
2668.0,,011934,中航量化阿尔法六个月持有A,0.0478343301407671,ret_12m,main,60.9,full,1.0,2026-09-21
2669.0,,003187,嘉实安益混合C,0.047832842007314635,ret_12m,main,120.9,full,1.0,2026-09-21
2670.0,,013569,天弘永利优佳混合A,0.047414793922422094,ret_12m,main,59.7,full,1.0,2026-09-21
2671.0,,002000,工银新生利混合,0.047394062504098056,ret_12m,main,116.7,full,1.0,2026-09-21
2672.0,,501049,东方红睿玺三年持有混合A,0.047155049682246375,ret_12m,main,106.2,full,1.0,2026-09-21
2673.0,,021919,国泰海通红利量化选股混合A,0.047099223184079,ret_12m,main,22.7,short,1.0,2026-09-21
2674.0,,009515,中欧真益稳健一年混合A,0.047060245673073986,ret_12m,main,75.6,full,1.0,2026-09-21
2675.0,,233006,大摩领先优势混合,0.047013799364415076,ret_12m,main,204.0,full,1.0,2026-09-21
2676.0,,023570,浦银周期优选混合A,0.047006158226781114,ret_12m,main,17.0,short,1.0,2026-09-21
2677.0,,005535,泰信竞争优选混合,0.04697582315809523,ret_12m,main,100.3,full,1.0,2026-09-21
2678.0,,166009,中欧新动力混合(LOF)A,0.04693548186756691,ret_12m,main,187.3,full,1.0,2026-09-21
2679.0,,015564,大成弘远回报一年持有混合A,0.04685906759030267,ret_12m,main,47.8,full,1.0,2026-09-21
2680.0,,011711,中欧睿泽混合C,0.04680974689330597,ret_12m,main,59.9,full,1.0,2026-09-21
2681.0,,010188,中欧添益一年混合A,0.046634697441918505,ret_12m,main,71.0,full,1.0,2026-09-21
2682.0,,014771,中泰红利优选一年持有混合发起,0.04639357235403074,ret_12m,main,53.9,full,1.0,2026-09-21
2683.0,,009448,泰康申润一年持有期混合A,0.04637093091253064,ret_12m,main,74.7,full,1.0,2026-09-21
2684.0,,010797,长城优选回报六个月持有混合A,0.0462835836389337,ret_12m,main,68.0,full,1.0,2026-09-21
2685.0,,009691,国泰浩益混合A,0.04615111325895471,ret_12m,main,73.3,full,1.0,2026-09-21
2686.0,,011681,汇添富均衡精选六个月持有混合A,0.046125031818913476,ret_12m,main,60.1,full,1.0,2026-09-21
2687.0,,011086,易方达瑞康混合A,0.04606826744669079,ret_12m,main,67.6,full,1.0,2026-09-21
2688.0,,015125,易方达悦鑫一年持有混合A,0.04579771354656015,ret_12m,main,52.5,full,1.0,2026-09-21
2689.0,,161232,国投瑞银瑞盛混合(LOF)A,0.04578187884264806,ret_12m,main,123.9,full,1.0,2026-09-21
2690.0,,003697,华夏睿磐泰盛混合A,0.045637731831674966,ret_12m,main,114.2,full,1.0,2026-09-21
2691.0,,001745,易方达瑞富灵活配置混合I,0.04554777649950181,ret_12m,main,112.3,full,1.0,2026-09-21
2692.0,,001247,华泰柏瑞新利混合A,0.04546918645871534,ret_12m,main,136.8,full,1.0,2026-09-21
2693.0,,009900,易方达磐固六个月持有期混合A,0.04545415130996222,ret_12m,main,72.6,full,1.0,2026-09-21
2694.0,,024709,中金精选股票A,0.0452941480300193,ret_12m,main,14.7,short,1.0,2026-09-21
2695.0,,016682,天弘广盈六个月持有混合A,0.04523309978102219,ret_12m,main,38.8,full,1.0,2026-09-21
2696.0,,002602,易方达丰惠混合,0.04523208388762856,ret_12m,main,113.9,full,1.0,2026-09-21
2697.0,,000804,中信建投稳利混合A,0.045087216072898784,ret_12m,main,143.8,full,1.0,2026-09-21
2698.0,,002116,广发安享混合A,0.045084468467090355,ret_12m,main,126.9,full,1.0,2026-09-21
2699.0,,009264,泓德瑞兴三年持有期混合,0.04501701052553542,ret_12m,main,74.3,full,1.0,2026-09-21
2700.0,,000030,长城核心优选混合A,0.04499695201131804,ret_12m,main,161.1,full,1.0,2026-09-21
2701.0,,000573,天弘通利混合A,0.04489019782790371,ret_12m,main,150.3,full,1.0,2026-09-21
2702.0,,008116,银华沪深股通精选混合A,0.04487710799533784,ret_12m,main,76.3,full,1.0,2026-09-21
2703.0,,005823,泰康颐享混合A,0.044601328523631745,ret_12m,main,99.3,full,1.0,2026-09-21
2704.0,,002792,景顺长城顺益回报混合A,0.044599811515540155,ret_12m,main,117.5,full,1.0,2026-09-21
2705.0,,016504,广发核心竞争力混合A,0.044513414834263854,ret_12m,main,40.6,full,1.0,2026-09-21
2706.0,,009210,中欧嘉和三年混合A,0.04441840328354352,ret_12m,main,75.8,full,1.0,2026-09-21
2707.0,,010242,平安稳健增长混合A,0.04436258068950094,ret_12m,main,68.2,full,1.0,2026-09-21
2708.0,,008456,招商瑞阳混合A,0.04416908625727123,ret_12m,main,80.1,full,1.0,2026-09-21
2709.0,,009423,招商瑞信稳健配置混合A,0.044056895781296124,ret_12m,main,75.6,full,1.0,2026-09-21
2710.0,,014339,长江智能制造混合发起式A,0.04404587066774868,ret_12m,main,56.7,full,1.0,2026-09-21
2711.0,,163810,中银价值混合A,0.044042876843588985,ret_12m,main,192.9,full,1.0,2026-09-21
2712.0,,014574,鑫元清洁能源混合发起式A,0.04396075475567174,ret_12m,main,55.8,full,1.0,2026-09-21
2713.0,,011042,国泰价值先锋股票A,0.04391476223731772,ret_12m,main,66.4,full,1.0,2026-09-21
2714.0,,020695,海富通红利优选混合A,0.04381005985987896,ret_12m,main,27.6,short,1.0,2026-09-21
2715.0,,006005,诺安鼎利混合A,0.043783405995493574,ret_12m,main,89.8,full,1.0,2026-09-21
2716.0,,001522,博时新策略灵活配置混合A,0.04367600283443229,ret_12m,main,129.9,full,1.0,2026-09-21
2717.0,,012975,西部利得碳中和混合发起A,0.04363096238994557,ret_12m,main,61.4,full,1.0,2026-09-21
2718.0,,019352,招商精选企业混合A,0.04359415377460629,ret_12m,main,34.1,short,1.0,2026-09-21
2719.0,,011347,易方达宁易一年持有混合A,0.0435808183814248,ret_12m,main,65.4,full,1.0,2026-09-21
2720.0,,014900,兴全兴裕混合A,0.0435467942512211,ret_12m,main,51.3,full,1.0,2026-09-21
2721.0,,003717,中银量化精选混合A,0.043541214160124575,ret_12m,main,117.3,full,1.0,2026-09-21
2722.0,,165508,中信保诚深度价值混合(LOF),0.04351215592609936,ret_12m,main,193.7,full,1.0,2026-09-21
2723.0,,010870,汇添富稳健鑫添益六个月持有混合A,0.043407196089940925,ret_12m,main,65.9,full,1.0,2026-09-21
2724.0,,519222,海富通欣益混合A,0.0433589273456223,ret_12m,main,120.4,full,1.0,2026-09-21
2725.0,,710002,富安达策略精选混合A,0.043281828805681766,ret_12m,main,172.9,full,1.0,2026-09-21
2726.0,,660003,农银平衡双利混合,0.04320148189675743,ret_12m,main,209.4,full,1.0,2026-09-21
2727.0,,014593,西部利得聚优一年持有期混合,0.043161105833781965,ret_12m,main,49.4,full,1.0,2026-09-21
2728.0,,021979,兴全红利量化选股股票A,0.04310837581465887,ret_12m,main,22.7,short,1.0,2026-09-21
2729.0,,008277,财通资管行业精选混合,0.04299450792167292,ret_12m,main,77.7,full,1.0,2026-09-21
2730.0,,023232,国泰合利6个月持有混合A,0.042954453029173,ret_12m,main,18.3,short,1.0,2026-09-21
2731.0,,003692,大成景尚灵活配置混合A,0.04294060926028531,ret_12m,main,118.3,full,1.0,2026-09-21
2732.0,,017220,永赢合嘉一年持有混合A,0.04284562390775548,ret_12m,main,44.7,full,1.0,2026-09-21
2733.0,,006921,南方智诚混合,0.04256075985155072,ret_12m,main,90.3,full,1.0,2026-09-21
2734.0,,024676,万家多元价值混合发起式A,0.042512997245536255,ret_12m,main,14.4,short,1.0,2026-09-21
2735.0,,011192,广发恒荣三个月持有期混合A,0.04247607813832088,ret_12m,main,61.1,full,1.0,2026-09-21
2736.0,,004129,国联安鑫汇混合A,0.042445312712498184,ret_12m,main,114.7,full,1.0,2026-09-21
2737.0,,009244,国寿安保稳丰6个月持有混合A,0.04243487443858829,ret_12m,main,73.5,full,1.0,2026-09-21
2738.0,,001623,兴业国企改革混合A,0.04227115131824988,ret_12m,main,132.1,full,1.0,2026-09-21
2739.0,,009536,汇添富稳健增益一年持有混合A,0.042234752615840865,ret_12m,main,76.0,full,1.0,2026-09-21
2740.0,,001817,易方达瑞兴灵活配置混合I,0.04223351631948158,ret_12m,main,110.9,full,1.0,2026-09-21
2741.0,,001571,嘉合磐石A,0.04217103786607668,ret_12m,main,134.6,full,1.0,2026-09-21
2742.0,,017464,长江楚财一年持有期混合发起A,0.042115909583600564,ret_12m,main,37.1,full,1.0,2026-09-21
2743.0,,002574,招商瑞庆混合A,0.0420855846174748,ret_12m,main,120.9,full,1.0,2026-09-21
2744.0,,001917,招商量化精选股票A,0.04204441243649537,ret_12m,main,126.2,full,1.0,2026-09-21
2745.0,,004965,泓德致远混合A,0.041773226552296094,ret_12m,main,108.7,full,1.0,2026-09-21
2746.0,,018750,山证资管精选行业混合发起式A,0.0417578913047012,ret_12m,main,32.9,short,1.0,2026-09-21
2747.0,,011980,国富匠心精选混合A,0.04173737273539202,ret_12m,main,57.7,full,1.0,2026-09-21
2748.0,,012681,永赢鑫辰混合A,0.04163853492797087,ret_12m,main,60.6,full,1.0,2026-09-21
2749.0,,000336,农银研究精选混合,0.04160590139907483,ret_12m,main,154.5,full,1.0,2026-09-21
2750.0,,100026,富国天合稳健优选混合,0.041589666620248655,ret_12m,main,238.2,full,1.0,2026-09-21
2751.0,,020657,信澳红利智选混合A,0.041550014492665044,ret_12m,main,30.1,short,1.0,2026-09-21
2752.0,,019698,招商安泽稳利9个月持有期混合A,0.04151389651647319,ret_12m,main,34.2,short,1.0,2026-09-21
2753.0,,004750,广发鑫和A,0.04150828760017067,ret_12m,main,104.1,full,1.0,2026-09-21
2754.0,,003379,中信保诚至选混合A,0.04149887640454186,ret_12m,main,118.4,full,1.0,2026-09-21
2755.0,,014203,鹏扬产业趋势一年持有混合A,0.04145349470517967,ret_12m,main,55.8,full,1.0,2026-09-21
2756.0,,006557,海富通研究精选混合A,0.04132399023918931,ret_12m,main,91.7,full,1.0,2026-09-21
2757.0,,017507,东兴连众一年持有期混合A,0.04119658496206058,ret_12m,main,38.3,full,1.0,2026-09-21
2758.0,,012292,泰康鼎泰一年持有期混合A,0.04100794008238928,ret_12m,main,57.2,full,1.0,2026-09-21
2759.0,,010890,交银鸿福六个月持有混合A,0.04096825624616973,ret_12m,main,65.7,full,1.0,2026-09-21
2760.0,,660004,农银策略价值混合,0.04095253438788804,ret_12m,main,203.7,full,1.0,2026-09-21
2761.0,,012368,大摩优享六个月持有期混合A,0.040911045442565186,ret_12m,main,62.0,full,1.0,2026-09-21
2762.0,,012949,东方红招瑞甄选18个月持有混合A,0.04090353197846963,ret_12m,main,55.4,full,1.0,2026-09-21
2763.0,,014094,南方誉盈一年持有混合A,0.04087438841269364,ret_12m,main,57.6,full,1.0,2026-09-21
2764.0,,012965,招商瑞泰1年持有混合A,0.040808211208639866,ret_12m,main,57.5,full,1.0,2026-09-21
2765.0,,014160,易方达悦融一年持有混合A,0.04078699219440152,ret_12m,main,57.5,full,1.0,2026-09-21
2766.0,,501017,国泰融丰外延增长混合(LOF)A,0.04077690527775868,ret_12m,main,123.9,full,1.0,2026-09-21
2767.0,,160805,长盛同智优势混合(LOF),0.04071878540830287,ret_12m,main,236.0,full,1.0,2026-09-21
2768.0,,012459,汇添富稳健睿享一年持有混合A,0.04069799881459568,ret_12m,main,59.3,full,1.0,2026-09-21
2769.0,,001136,易方达裕如灵活配置混合A,0.04061182173650435,ret_12m,main,138.0,full,1.0,2026-09-21
2770.0,,010176,中加新兴消费混合A,0.04057926012472701,ret_12m,main,69.4,full,1.0,2026-09-21
2771.0,,001531,招商安益灵活配置混合A,0.040421143547142435,ret_12m,main,134.3,full,1.0,2026-09-21
2772.0,,020236,路博迈中国动力股票A,0.040356590081943144,ret_12m,main,28.8,short,1.0,2026-09-21
2773.0,,013144,富国安诚回报12个月持有期混合C,0.04035539521453524,ret_12m,main,59.2,full,1.0,2026-09-21
2774.0,,023365,南华丰利量化选股混合A,0.040333656781278204,ret_12m,main,18.5,short,1.0,2026-09-21
2775.0,,010215,中欧达益稳健一年混合A,0.04022031507291457,ret_12m,main,70.7,full,1.0,2026-09-21
2776.0,,161722,招商丰泰混合(LOF),0.04016274336372816,ret_12m,main,137.2,full,1.0,2026-09-21
2777.0,,011271,汇添富价值成长均衡投资混合A,0.04012198435147796,ret_12m,main,67.5,full,1.0,2026-09-21
2778.0,,002134,广发鑫裕混合A,0.04005825310961164,ret_12m,main,126.7,full,1.0,2026-09-21
2779.0,,009829,长城优选增强六个月持有混合A,0.03996997577720052,ret_12m,main,70.5,full,1.0,2026-09-21
2780.0,,009819,嘉实鑫福一年持有期混合,0.03994756853904624,ret_12m,main,49.0,full,1.0,2026-09-21
2781.0,,004227,泰信鑫利混合A,0.039851826717030914,ret_12m,main,111.9,full,1.0,2026-09-21
2782.0,,009937,东方欣益一年持有期混合A,0.03984992948707977,ret_12m,main,72.6,full,1.0,2026-09-21
2783.0,,014892,永赢添添欣12个月持有混合A,0.03983266036874067,ret_12m,main,55.1,full,1.0,2026-09-21
2784.0,,011224,九泰盈泰量化股票A,0.03974781813151829,ret_12m,main,61.1,full,1.0,2026-09-21
2785.0,,003900,交银瑞鑫六个月持有期混合A,0.039739285473313846,ret_12m,main,117.2,full,1.0,2026-09-21
2786.0,,002664,万家瑞和灵活配置混合A,0.039696855713093004,ret_12m,main,124.8,full,1.0,2026-09-21
2787.0,,012277,国泰佳益混合A,0.0396286803334025,ret_12m,main,63.0,full,1.0,2026-09-21
2788.0,,012833,交银鸿信一年持有期混合A,0.03957198212080848,ret_12m,main,61.5,full,1.0,2026-09-21
2789.0,,014693,万家兴恒回报一年持有期混合A,0.039350182997337946,ret_12m,main,53.2,full,1.0,2026-09-21
2790.0,,001852,融通中国风1号灵活配置混合A/B,0.039314568448044485,ret_12m,main,127.6,full,1.0,2026-09-21
2791.0,,010981,兴全汇虹一年持有混合A,0.039114975819749986,ret_12m,main,66.0,full,1.0,2026-09-21
2792.0,,008537,兴银研究精选股票A,0.03908322872258929,ret_12m,main,73.8,full,1.0,2026-09-21
2793.0,,011376,华宝安享混合A,0.03904341848218107,ret_12m,main,61.4,full,1.0,2026-09-21
2794.0,,009266,鹏扬景合六个月混合A,0.03893659450463116,ret_12m,main,70.5,full,1.0,2026-09-21
2795.0,,002458,国泰民利策略收益混合,0.03861818722274757,ret_12m,main,122.1,full,1.0,2026-09-21
2796.0,,008666,国泰鑫利一年持有期混合A,0.03850667396127827,ret_12m,main,80.0,full,1.0,2026-09-21
2797.0,,011521,鹏扬景源一年持有混合A,0.038386672174207215,ret_12m,main,66.4,full,1.0,2026-09-21
2798.0,,009232,鹏华安惠混合A,0.03825306117284577,ret_12m,main,74.9,full,1.0,2026-09-21
2799.0,,011236,摩根行业睿选股票A,0.038093533174146765,ret_12m,main,66.8,full,1.0,2026-09-21
2800.0,,519171,浦银医疗健康混合A,0.03801623904997764,ret_12m,main,135.9,full,1.0,2026-09-21
2801.0,,160323,华夏磐泰混合(LOF)A,0.03788022600811658,ret_12m,main,116.8,full,1.0,2026-09-21
2802.0,,000639,宝盈祥瑞混合A,0.0377457496949698,ret_12m,main,148.0,full,1.0,2026-09-21
2803.0,,000436,易方达裕惠定开混合A,0.03771187984059399,ret_12m,main,153.1,full,1.0,2026-09-21
2804.0,,007968,华泰柏瑞研究精选A,0.03767716517158726,ret_12m,main,82.1,full,1.0,2026-09-21
2805.0,,001657,长安鑫富领先混合A,0.037669405663811384,ret_12m,main,114.9,full,1.0,2026-09-21
2806.0,,009156,海富通富泽混合A,0.03757908980243063,ret_12m,main,75.0,full,1.0,2026-09-21
2807.0,,009015,泓德睿享一年持有期混合A,0.037527544369787114,ret_12m,main,74.9,full,1.0,2026-09-21
2808.0,,540004,汇丰晋信2026周期混合,0.03749718447250672,ret_12m,main,218.0,full,1.0,2026-09-21
2809.0,,014241,农银均衡收益混合,0.03749545648103614,ret_12m,main,55.9,full,1.0,2026-09-21
2810.0,,002197,国泰鑫策略价值灵活配置混合A,0.037484984111723074,ret_12m,main,128.7,full,1.0,2026-09-21
2811.0,,017479,广发医药精选股票A,0.03705261119568881,ret_12m,main,38.5,full,1.0,2026-09-21
2812.0,,019079,国富招瑞优选股票A,0.037051164798036273,ret_12m,main,31.4,short,1.0,2026-09-21
2813.0,,620007,金元顺安优质精选混合A,0.037015105119655,ret_12m,main,181.2,full,1.0,2026-09-21
2814.0,,012132,华泰保兴价值成长A,0.03700163679049728,ret_12m,main,58.3,full,1.0,2026-09-21
2815.0,,001219,摩根动态多因子混合A,0.03695130481004316,ret_12m,main,135.7,full,1.0,2026-09-21
2816.0,,660001,农银行业成长混合,0.036895116749141366,ret_12m,main,217.6,full,1.0,2026-09-21
2817.0,,010830,国泰通利9个月持有期混合A,0.036889679269692666,ret_12m,main,67.5,full,1.0,2026-09-21
2818.0,,012430,农银瑞康6个月持有混合,0.03685285578322928,ret_12m,main,62.1,full,1.0,2026-09-21
2819.0,,005274,中银景福回报混合A,0.036811038835849574,ret_12m,main,101.2,full,1.0,2026-09-21
2820.0,,015258,鹏华稳享一年持有期混合A,0.036800516250168336,ret_12m,main,50.1,full,1.0,2026-09-21
2821.0,,011824,浙商汇金量化臻选股票A,0.036751440251019396,ret_12m,main,62.7,full,1.0,2026-09-21
2822.0,,009475,汇丰晋信慧盈混合,0.03664674095351206,ret_12m,main,73.7,full,1.0,2026-09-21
2823.0,,013360,华夏磐泰混合C,0.036639751367260276,ret_12m,main,58.6,full,1.0,2026-09-21
2824.0,,002025,广发聚盛混合A,0.036619408917713425,ret_12m,main,129.9,full,1.0,2026-09-21
2825.0,,014697,南方誉稳一年持有混合A,0.03660972338339219,ret_12m,main,52.5,full,1.0,2026-09-21
2826.0,,013936,广发睿升混合A,0.03658980963827929,ret_12m,main,55.8,full,1.0,2026-09-21
2827.0,,012121,华夏永润六个月持有混合A,0.0362282859433376,ret_12m,main,58.7,full,1.0,2026-09-21
2828.0,,014591,广发瑞誉一年持有期混合A,0.036206949990424064,ret_12m,main,56.0,full,1.0,2026-09-21
2829.0,,020653,恒生前海兴泰混合A,0.03611481377230463,ret_12m,main,30.2,short,1.0,2026-09-21
2830.0,,011872,中邮悦享6个月持有期混合A,0.03604487519266519,ret_12m,main,60.2,full,1.0,2026-09-21
2831.0,,010547,博时恒进持有期混合A,0.03595608295869557,ret_12m,main,69.7,full,1.0,2026-09-21
2832.0,,013769,博时稳益9个月持有混合A,0.03586694029528292,ret_12m,main,58.4,full,1.0,2026-09-21
2833.0,,010834,国泰同益18个月持有期混合A,0.0358188483992401,ret_12m,main,64.8,full,1.0,2026-09-21
2834.0,,011095,博时恒泽混合A,0.03580771464996846,ret_12m,main,67.4,full,1.0,2026-09-21
2835.0,,009849,安信稳健聚申一年持有期混合A,0.035807318883616324,ret_12m,main,71.7,full,1.0,2026-09-21
2836.0,,015696,农银绿色能源混合,0.03578242052363967,ret_12m,main,49.6,full,1.0,2026-09-21
2837.0,,013969,华夏永利一年持有混合A,0.03564890570176327,ret_12m,main,55.8,full,1.0,2026-09-21
2838.0,,519752,交银新回报灵活配置混合A,0.035639967461742694,ret_12m,main,136.2,full,1.0,2026-09-21
2839.0,,003282,中信保诚至裕混合A,0.035616246874361046,ret_12m,main,119.7,full,1.0,2026-09-21
2840.0,,009716,博时恒盛持有期混合A,0.03560323881702687,ret_12m,main,73.7,full,1.0,2026-09-21
2841.0,,011050,天弘裕新混合A,0.03550708298580596,ret_12m,main,60.6,full,1.0,2026-09-21
2842.0,,014829,诺德新能源汽车混合A,0.03549816014252172,ret_12m,main,53.7,full,1.0,2026-09-21
2843.0,,016781,湘财研究精选一年持有期混合A,0.03530607079182779,ret_12m,main,45.2,full,1.0,2026-09-21
2844.0,,001755,嘉实新思路混合A,0.03527916171597112,ret_12m,main,125.3,full,1.0,2026-09-21
2845.0,,001202,东方红领先精选混合A,0.035254519231572745,ret_12m,main,137.2,full,1.0,2026-09-21
2846.0,,009977,银华招利一年持有期混合A,0.035240778748460766,ret_12m,main,69.1,full,1.0,2026-09-21
2847.0,,003839,易方达瑞通灵活配置混合A,0.035145124256742655,ret_12m,main,117.5,full,1.0,2026-09-21
2848.0,,019015,中欧国企红利混合A,0.03513813482376249,ret_12m,main,35.9,short,1.0,2026-09-21
2849.0,,021491,中航远见领航混合发起A,0.03508154318551915,ret_12m,main,24.7,short,1.0,2026-09-21
2850.0,,001316,安信稳健增值混合A,0.03503951765966162,ret_12m,main,135.9,full,1.0,2026-09-21
2851.0,,008869,大成恒享混合A,0.03490393926823465,ret_12m,main,78.6,full,1.0,2026-09-21
2852.0,,000398,华富灵活配置混合A,0.03462982446714258,ret_12m,main,153.1,full,1.0,2026-09-21
2853.0,,003580,泰康沪港深价值优选混合,0.03457293647097148,ret_12m,main,116.7,full,1.0,2026-09-21
2854.0,,012701,安信民安回报一年持有混合A,0.0345696583453694,ret_12m,main,60.5,full,1.0,2026-09-21
2855.0,,217002,招商安泰平衡混合,0.03454601791849865,ret_12m,main,280.8,full,1.0,2026-09-21
2856.0,,021975,创金合信红利甄选量化选股混合A,0.03446773926715929,ret_12m,main,21.6,short,1.0,2026-09-21
2857.0,,011018,景顺长城安泽回报一年持有混合A,0.034404768139490116,ret_12m,main,65.8,full,1.0,2026-09-21
2858.0,,006624,中泰玉衡价值优选混合A,0.03435087806576842,ret_12m,main,90.1,full,1.0,2026-09-21
2859.0,,019106,南方智信混合A,0.034349948073401526,ret_12m,main,35.8,short,1.0,2026-09-21
2860.0,,009273,融通中国风1号灵活配置混合C,0.0343063770988532,ret_12m,main,77.3,full,1.0,2026-09-21
2861.0,,009317,金信核心竞争力混合A,0.03429846774606227,ret_12m,main,76.4,full,1.0,2026-09-21
2862.0,,003343,鹏华弘惠灵活配置混合A,0.03420112225408589,ret_12m,main,119.8,full,1.0,2026-09-21
2863.0,,001303,银华稳利灵活配置混合A,0.034176888206973066,ret_12m,main,136.0,full,1.0,2026-09-21
2864.0,,001922,国泰多策略收益灵活配置混合A,0.03416256131720585,ret_12m,main,129.6,full,1.0,2026-09-21
2865.0,,010940,大成安享得利六月持有混合A,0.03407063746193839,ret_12m,main,65.0,full,1.0,2026-09-21
2866.0,,013358,上银高质量优选9个月持有混合A,0.03399705438682821,ret_12m,main,58.6,full,1.0,2026-09-21
2867.0,,004083,国联安鑫隆混合A,0.03393314512231105,ret_12m,main,114.6,full,1.0,2026-09-21
2868.0,,004202,华夏泰兴混合A,0.03354454292201736,ret_12m,main,110.3,full,1.0,2026-09-21
2869.0,,003591,华泰柏瑞享利混合A,0.03351714603691858,ret_12m,main,116.7,full,1.0,2026-09-21
2870.0,,002027,中加心享混合A,0.03348017644228052,ret_12m,main,129.6,full,1.0,2026-09-21
2871.0,,012137,景顺长城安瑞混合A,0.033334646225351205,ret_12m,main,47.9,full,1.0,2026-09-21
2872.0,,673030,西部利得多策略优选混合C,0.03314638916175494,ret_12m,main,133.8,full,1.0,2026-09-21
2873.0,,519613,银河君尚混合A,0.033115178836905734,ret_12m,main,121.1,full,1.0,2026-09-21
2874.0,,007047,长城核心优势混合A,0.03298824579067272,ret_12m,main,89.2,full,1.0,2026-09-21
2875.0,,011249,嘉实稳裕混合A,0.032954904862530165,ret_12m,main,60.3,full,1.0,2026-09-21
2876.0,,010219,汇添富稳健添益一年持有混合,0.03291858226407429,ret_12m,main,68.0,full,1.0,2026-09-21
2877.0,,003189,汇添富保鑫灵活配置混合A,0.03288878744676316,ret_12m,main,119.7,full,1.0,2026-09-21
2878.0,,008283,易方达金融行业股票发起式A,0.032868540878926655,ret_12m,main,76.5,full,1.0,2026-09-21
2879.0,,015272,博时恒益稳健一年持有期混合A,0.032539230448509704,ret_12m,main,53.3,full,1.0,2026-09-21
2880.0,,001403,招商国企改革主题混合基金,0.03245119803267382,ret_12m,main,134.8,full,1.0,2026-09-21
2881.0,,019752,海富通悦享一年持有期混合A,0.03239790353767358,ret_12m,main,33.3,short,1.0,2026-09-21
2882.0,,021513,富国港股通红利精选混合A,0.032385362506129445,ret_12m,main,25.3,short,1.0,2026-09-21
2883.0,,013367,汇添富多元价值发现混合A,0.03237878869498023,ret_12m,main,52.8,full,1.0,2026-09-21
2884.0,,011788,工银聚益混合A,0.03237636778380781,ret_12m,main,60.3,full,1.0,2026-09-21
2885.0,,024691,鑫元新兴产业睿选混合发起式A,0.03236536232442777,ret_12m,main,14.4,short,1.0,2026-09-21
2886.0,,012014,工银聚润6个月持有混合A,0.03231853040903965,ret_12m,main,61.8,full,1.0,2026-09-21
2887.0,,001570,南方利安A,0.032300289319169284,ret_12m,main,130.1,full,1.0,2026-09-21
2888.0,,519937,长信先锐混合A,0.03227273868512426,ret_12m,main,123.6,full,1.0,2026-09-21
2889.0,,010683,国联景颐6个月持有混合A,0.03221488310870968,ret_12m,main,67.8,full,1.0,2026-09-21
2890.0,,009872,中欧责任投资混合A,0.03213973340580334,ret_12m,main,72.3,full,1.0,2026-09-21
2891.0,,001139,华安新动力灵活配置混合A,0.03212425326640522,ret_12m,main,138.0,full,1.0,2026-09-21
2892.0,,018073,国泰产业精选混合A,0.03212207265800182,ret_12m,main,41.6,full,1.0,2026-09-21
2893.0,,004142,招商盛合灵活混合A,0.03198633652918148,ret_12m,main,114.7,full,1.0,2026-09-21
2894.0,,202005,南方成份精选混合A,0.031948074718678,ret_12m,main,232.2,full,1.0,2026-09-21
2895.0,,013665,银河成长优选一年持有混合A,0.03192245933599125,ret_12m,main,57.9,full,1.0,2026-09-21
2896.0,,011387,工银宁瑞6个月持有期混合A,0.031882635036046825,ret_12m,main,64.1,full,1.0,2026-09-21
2897.0,,009387,嘉实稳福混合A,0.03185069615332403,ret_12m,main,76.4,full,1.0,2026-09-21
2898.0,,012719,华夏新兴经济一年持有混合A,0.031836867018324,ret_12m,main,61.8,full,1.0,2026-09-21
2899.0,,005076,创金合信优选回报灵活配置混合,0.0317360932253119,ret_12m,main,107.8,full,1.0,2026-09-21
2900.0,,010543,中加科鑫混合A,0.03172453422246324,ret_12m,main,63.9,full,1.0,2026-09-21
2901.0,,009133,汇安嘉利混合A,0.031713449718572484,ret_12m,main,77.0,full,1.0,2026-09-21
2902.0,,003169,长盛盛辉混合A,0.03170955056956837,ret_12m,main,121.2,full,1.0,2026-09-21
2903.0,,001115,广发聚安混合A,0.0316848115373638,ret_12m,main,137.9,full,1.0,2026-09-21
2904.0,,398031,中海蓝筹混合A,0.03165739497931863,ret_12m,main,213.6,full,1.0,2026-09-21
2905.0,,080001,长盛成长价值混合A,0.03158667668728632,ret_12m,main,288.1,full,1.0,2026-09-21
2906.0,,014657,中欧融享增益一年持有期混合A,0.03158391948782646,ret_12m,main,55.9,full,1.0,2026-09-21
2907.0,,009268,创金合信稳健增利6个月持有期A,0.03127236572783443,ret_12m,main,74.0,full,1.0,2026-09-21
2908.0,,017630,富国周期精选三年持有期混合A,0.031174982952406394,ret_12m,main,44.1,full,1.0,2026-09-21
2909.0,,005014,泰康景泰回报混合A,0.031160970777503794,ret_12m,main,105.3,full,1.0,2026-09-21
2910.0,,017265,招商瑞成1年持有期混合A,0.03108416481809284,ret_12m,main,37.7,full,1.0,2026-09-21
2911.0,,000753,华宝量化对冲混合A,0.0310658984668708,ret_12m,main,144.1,full,1.0,2026-09-21
2912.0,,000894,中欧睿达6个月持有混合A,0.030857398093894428,ret_12m,main,141.7,full,1.0,2026-09-21
2913.0,,001710,安信新趋势混合A,0.03071004231352381,ret_12m,main,117.4,full,1.0,2026-09-21
2914.0,,009205,兴银丰运稳益回报混合A,0.030652970652747635,ret_12m,main,76.0,full,1.0,2026-09-21
2915.0,,007825,博道志远混合A,0.030635290520816927,ret_12m,main,84.1,full,1.0,2026-09-21
2916.0,,011208,泰康招享混合A,0.03035148829347034,ret_12m,main,51.7,full,1.0,2026-09-21
2917.0,,013190,国联景惠混合A,0.03032981360670206,ret_12m,main,57.9,full,1.0,2026-09-21
2918.0,,011989,汇安鑫泽稳健一年持有期混合A,0.030272433090002382,ret_12m,main,61.6,full,1.0,2026-09-21
2919.0,,004010,华泰柏瑞鼎利灵活配置混合A,0.030230184297922458,ret_12m,main,117.0,full,1.0,2026-09-21
2920.0,,014772,中泰红利价值一年持有混合发起,0.029963892144316384,ret_12m,main,53.9,full,1.0,2026-09-21
2921.0,,011542,鹏华远见回报三年持有混合,0.029927957130233773,ret_12m,main,65.9,full,1.0,2026-09-21
2922.0,,009820,嘉实浦惠6个月持有期混合A,0.02992155849585898,ret_12m,main,71.2,full,1.0,2026-09-21
2923.0,,002584,富安达长盈灵活配置混合A,0.029902036316839187,ret_12m,main,124.4,full,1.0,2026-09-21
2924.0,,023526,凯石元鑫混合发起式A,0.029868812688395252,ret_12m,main,18.5,short,1.0,2026-09-21
2925.0,,011761,平安鑫瑞混合A,0.029810823561374544,ret_12m,main,63.7,full,1.0,2026-09-21
2926.0,,010846,南方卓越优选3个月持有期混合A,0.02970435831348417,ret_12m,main,67.4,full,1.0,2026-09-21
2927.0,,005082,诺德量化蓝筹增强混合A,0.02968815634701638,ret_12m,main,104.7,full,1.0,2026-09-21
2928.0,,010322,大摩新兴产业股票,0.0296190897873867,ret_12m,main,66.9,full,1.0,2026-09-21
2929.0,,004100,鹏华安益增强混合D,0.029564509876750522,ret_12m,main,114.9,full,1.0,2026-09-21
2930.0,,009064,鹏扬景沃六个月持有期混合A,0.029555893679675815,ret_12m,main,78.2,full,1.0,2026-09-21
2931.0,,009525,广发聚荣一年持有混合A,0.029351153318681877,ret_12m,main,74.7,full,1.0,2026-09-21
2932.0,,001905,华安安益灵活配置混合A,0.0293444889747565,ret_12m,main,130.2,full,1.0,2026-09-21
2933.0,,012256,安信丰穗一年持有混合A,0.029303129020984864,ret_12m,main,56.0,full,1.0,2026-09-21
2934.0,,010018,招商瑞泽一年持有期混合A,0.029280173784682395,ret_12m,main,72.8,full,1.0,2026-09-21
2935.0,,009611,兴全汇享一年持有混合A,0.028985534466599683,ret_12m,main,74.4,full,1.0,2026-09-21
2936.0,,003861,招商兴福混合A,0.028939593901624594,ret_12m,main,117.5,full,1.0,2026-09-21
2937.0,,015891,富国上证50基本面精选股票发起式A,0.028901453804367927,ret_12m,main,49.1,full,1.0,2026-09-21
2938.0,,008370,国泰研究精选两年持有混合,0.0288747600516559,ret_12m,main,80.9,full,1.0,2026-09-21
2939.0,,013657,同泰同欣混合A,0.028872956284791362,ret_12m,main,56.8,full,1.0,2026-09-21
2940.0,,501189,嘉实产业优选混合(LOF)A,0.028687637276401334,ret_12m,main,98.6,full,1.0,2026-09-21
2941.0,,017142,华宝远见回报混合A,0.028673686478418725,ret_12m,main,42.5,full,1.0,2026-09-21
2942.0,,012005,信澳恒盛混合A,0.028657405272961567,ret_12m,main,59.9,full,1.0,2026-09-21
2943.0,,013995,嘉实融惠混合A,0.02864205827534283,ret_12m,main,54.7,full,1.0,2026-09-21
2944.0,,010271,国富价值成长一年持有期混合A,0.02861138844212685,ret_12m,main,70.5,full,1.0,2026-09-21
2945.0,,011527,博时恒悦6个月持有混合A,0.028551411870920917,ret_12m,main,66.2,full,1.0,2026-09-21
2946.0,,005267,嘉实价值精选股票A,0.02853527567832015,ret_12m,main,106.5,full,1.0,2026-09-21
2947.0,,009005,创金合信鑫祺混合A,0.028439610093722978,ret_12m,main,78.6,full,1.0,2026-09-21
2948.0,,012667,国联景泓一年持有混合A,0.02835393509811479,ret_12m,main,60.6,full,1.0,2026-09-21
2949.0,,003126,长信易进混合A,0.028319671461179974,ret_12m,main,116.9,full,1.0,2026-09-21
2950.0,,017669,大成卓远视野混合A,0.028228297758575494,ret_12m,main,27.3,short,1.0,2026-09-21
2951.0,,024441,汇添富均衡潜力优选混合A,0.028227791212420472,ret_12m,main,15.0,short,0.9723,2026-09-21
2952.0,,011220,南方匠心优选股票A,0.028116714111615426,ret_12m,main,67.6,full,1.0,2026-09-21
2953.0,,018054,鹏扬景添一年持有混合A,0.028059673974731192,ret_12m,main,35.8,short,1.0,2026-09-21
2954.0,,013485,尚正竞争优势混合发起A,0.028038383526997723,ret_12m,main,58.6,full,1.0,2026-09-21
2955.0,,002518,民生加银鑫福混合A,0.028036512465391628,ret_12m,main,121.0,full,1.0,2026-09-21
2956.0,,008132,鹏华价值驱动混合,0.028020213883194867,ret_12m,main,81.6,full,1.0,2026-09-21
2957.0,,012826,工银聚宁9个月持有期混合A,0.027990820216032386,ret_12m,main,60.8,full,1.0,2026-09-21
2958.0,,013426,贝莱德中国新视野混合A,0.02797623738034183,ret_12m,main,60.5,full,1.0,2026-09-21
2959.0,,010522,华安添禧一年持有期混合A,0.027956539038580752,ret_12m,main,63.6,full,1.0,2026-09-21
2960.0,,001164,中欧琪和灵活配置混合A,0.02788577938725534,ret_12m,main,137.5,full,1.0,2026-09-21
2961.0,,016517,华泰紫金创新成长混合发起A,0.027876644068160372,ret_12m,main,48.0,full,1.0,2026-09-21
2962.0,,022299,安信周期优选股票型发起A,0.027866028463218173,ret_12m,main,23.2,short,1.0,2026-09-21
2963.0,,013783,兴银竞争优势混合A,0.02785366614277418,ret_12m,main,48.6,full,1.0,2026-09-21
2964.0,,006007,诺安积极配置混合A,0.027809085611969042,ret_12m,main,97.8,full,1.0,2026-09-21
2965.0,,017575,华夏稳兴增益一年持有混合A,0.02774275016740768,ret_12m,main,38.6,full,1.0,2026-09-21
2966.0,,001447,天弘惠利混合A,0.02764254654700382,ret_12m,main,135.4,full,1.0,2026-09-21
2967.0,,001073,华泰柏瑞量化绝对收益混合,0.027481002600053817,ret_12m,main,134.8,full,1.0,2026-09-21
2968.0,,009782,富国兴泉回报12个月持有期混合A,0.02739147888808602,ret_12m,main,73.0,full,1.0,2026-09-21
2969.0,,002015,南方荣光A,0.02735794810344694,ret_12m,main,130.1,full,1.0,2026-09-21
2970.0,,023606,平安鑫瑞混合F,0.02734455941981495,ret_12m,main,18.5,short,1.0,2026-09-21
2971.0,,009126,嘉实基础产业优选股票A,0.027176753064095616,ret_12m,main,77.2,full,1.0,2026-09-21
2972.0,,017454,国泰慧益一年持有混合A,0.027174513109433196,ret_12m,main,37.2,full,1.0,2026-09-21
2973.0,,011516,嘉实浦盈一年持有期混合A,0.027156957033529272,ret_12m,main,66.8,full,1.0,2026-09-21
2974.0,,012943,广发稳睿六个月持有混合A,0.027091078632953902,ret_12m,main,60.2,full,1.0,2026-09-21
2975.0,,011004,永赢鑫盛混合A,0.02697814956393274,ret_12m,main,67.5,full,1.0,2026-09-21
2976.0,,014038,交银启诚混合A,0.02686762460622072,ret_12m,main,57.4,full,1.0,2026-09-21
2977.0,,005453,前海开源医疗健康A,0.026842969927914018,ret_12m,main,104.0,full,1.0,2026-09-21
2978.0,,016766,中欧行业景气一年持有混合A,0.026812207921856235,ret_12m,main,46.6,full,1.0,2026-09-21
2979.0,,008119,鹏华金享混合A,0.026708399281896833,ret_12m,main,81.8,full,1.0,2026-09-21
2980.0,,017224,国泰悦益六个月持有混合A,0.026523158648643408,ret_12m,main,44.1,full,1.0,2026-09-21
2981.0,,004648,南方安睿混合A,0.026436970967488094,ret_12m,main,110.3,full,1.0,2026-09-21
2982.0,,010058,天弘荣创一年持有混合A,0.02643501327152631,ret_12m,main,71.7,full,1.0,2026-09-21
2983.0,,003456,信澳新目标灵活配置混合A,0.026376437803689035,ret_12m,main,119.1,full,1.0,2026-09-21
2984.0,,011532,工银聚丰混合A,0.026367168924924966,ret_12m,main,63.8,full,1.0,2026-09-21
2985.0,,013041,鹏扬景浦一年持有混合A,0.02636442792546312,ret_12m,main,60.4,full,1.0,2026-09-21
2986.0,,020830,东兴医药生物量化选股混合A,0.026355792619897844,ret_12m,main,24.6,short,1.0,2026-09-21
2987.0,,014360,红塔红土稳健添利混合A,0.02626543219234545,ret_12m,main,53.7,full,1.0,2026-09-21
2988.0,,009570,鹏华匠心精选混合A,0.02624570058216391,ret_12m,main,74.4,full,1.0,2026-09-21
2989.0,,012010,富国泰享回报6个月持有混合A,0.02616948868957847,ret_12m,main,63.1,full,1.0,2026-09-21
2990.0,,009377,招商瑞恒一年持有期混合A,0.026140341039992077,ret_12m,main,76.0,full,1.0,2026-09-21
2991.0,,009671,平安恒泽混合A,0.02603120589291308,ret_12m,main,74.2,full,1.0,2026-09-21
2992.0,,010404,博道盛利6个月持有期混合,0.025954046776566875,ret_12m,main,68.9,full,1.0,2026-09-21
2993.0,,010444,南方誉尚一年持有期混合A,0.02592478252091701,ret_12m,main,70.3,full,1.0,2026-09-21
2994.0,,003495,鹏华弘尚混合A,0.025906764101843116,ret_12m,main,118.9,full,1.0,2026-09-21
2995.0,,519033,海富通国策导向混合A,0.02579088068525337,ret_12m,main,178.2,full,1.0,2026-09-21
2996.0,,010916,交银臻选回报混合A,0.02576657683625716,ret_12m,main,68.9,full,1.0,2026-09-21
2997.0,,002639,天弘价值精选混合发起A,0.025741069385699866,ret_12m,main,123.2,full,1.0,2026-09-21
2998.0,,090007,大成策略回报混合A,0.025730002965829613,ret_12m,main,213.8,full,1.0,2026-09-21
2999.0,,012299,浦银安裕回报一年持有期混合A,0.025697383782524286,ret_12m,main,60.7,full,1.0,2026-09-21
3000.0,,008893,创金合信鑫利混合A,0.0256966942187562,ret_12m,main,80.1,full,1.0,2026-09-21
3001.0,,017026,鑫元鑫领航混合A,0.025679070177803354,ret_12m,main,17.0,short,1.0,2026-09-21
3002.0,,012250,安信平衡增利混合A,0.025628153404987142,ret_12m,main,57.4,full,1.0,2026-09-21
3003.0,,005664,鹏扬景欣混合A,0.02562091891771634,ret_12m,main,100.4,full,1.0,2026-09-21
3004.0,,019349,中信保诚瑞丰6个月混合A,0.025478610340863517,ret_12m,main,33.8,short,1.0,2026-09-21
3005.0,,011073,鹏华安润混合A,0.02540832194552367,ret_12m,main,68.7,full,1.0,2026-09-21
3006.0,,519115,浦银红利精选混合A,0.02537788199853197,ret_12m,main,201.6,full,1.0,2026-09-21
3007.0,,004852,广发价值回报混合A,0.02520907809016104,ret_12m,main,105.7,full,1.0,2026-09-21
3008.0,,519768,交银优选回报灵活配置混合A,0.025193390772229707,ret_12m,main,125.0,full,1.0,2026-09-21
3009.0,,005652,国富天颐混合A,0.02515533277446269,ret_12m,main,101.8,full,1.0,2026-09-21
3010.0,,660006,农银大盘蓝筹混合,0.025106968644346805,ret_12m,main,192.7,full,1.0,2026-09-21
3011.0,,004988,人保双利A,0.02502668785203599,ret_12m,main,105.6,full,1.0,2026-09-21
3012.0,,001797,国新国证新利混合A,0.02496945015316987,ret_12m,main,132.6,full,1.0,2026-09-21
3013.0,,002009,中欧瑾通灵活配置混合A,0.024958207380949116,ret_12m,main,130.1,full,1.0,2026-09-21
3014.0,,003877,富国久利稳健配置混合A,0.024903742580150823,ret_12m,main,116.8,full,1.0,2026-09-21
3015.0,,008831,海富通安益对冲混合A,0.024872912897213606,ret_12m,main,80.0,full,1.0,2026-09-21
3016.0,,005189,海富通量化前锋股票A,0.024819713090419304,ret_12m,main,103.4,full,1.0,2026-09-21
3017.0,,002690,前海开源恒泽混合A,0.024806761363755037,ret_12m,main,122.2,full,1.0,2026-09-21
3018.0,,010879,南方宝升混合A,0.024806591141141032,ret_12m,main,68.3,full,1.0,2026-09-21
3019.0,,005140,华夏睿磐泰荣混合A,0.024714186457354792,ret_12m,main,104.8,full,1.0,2026-09-21
3020.0,,011189,建信智汇优选一年持有期混合(MOM),0.024712813014527102,ret_12m,main,67.8,full,1.0,2026-09-21
3021.0,,376510,摩根大盘蓝筹股票A,0.02453684442646531,ret_12m,main,189.0,full,1.0,2026-09-21
3022.0,,460005,华泰柏瑞价值增长混合A,0.024446525538459163,ret_12m,main,218.2,full,1.0,2026-09-21
3023.0,,011562,汇添富稳健盈和一年持有混合,0.024414444821327486,ret_12m,main,66.0,full,1.0,2026-09-21
3024.0,,011508,易方达悦弘一年持有期混合A,0.024412009942811563,ret_12m,main,67.0,full,1.0,2026-09-21
3025.0,,001190,鹏华弘润混合A,0.02437521664247133,ret_12m,main,137.3,full,1.0,2026-09-21
3026.0,,011442,创金合信鑫瑞混合A,0.02435372354883758,ret_12m,main,64.9,full,1.0,2026-09-21
3027.0,,017617,华泰柏瑞招享6个月持有期混合A,0.0243198464397143,ret_12m,main,43.4,full,1.0,2026-09-21
3028.0,,007016,富国睿泽回报混合,0.02430786962063669,ret_12m,main,87.6,full,1.0,2026-09-21
3029.0,,011290,前海联合添瑞一年持有混合A,0.024219072449727097,ret_12m,main,65.1,full,1.0,2026-09-21
3030.0,,590001,中邮核心优选混合A,0.024153877813930302,ret_12m,main,239.8,full,1.0,2026-09-21
3031.0,,015989,华安碳中和混合A,0.024127336457766102,ret_12m,main,43.4,full,1.0,2026-09-21
3032.0,,010357,南方阿尔法混合A,0.024120305956793375,ret_12m,main,68.2,full,1.0,2026-09-21
3033.0,,009334,富国融享18个月定开混合A,0.024108760132679263,ret_12m,main,75.9,full,1.0,2026-09-21
3034.0,,004292,鹏华沪深港互联网股票,0.024067949851176218,ret_12m,main,113.5,full,1.0,2026-09-21
3035.0,,004932,招商丰拓灵活混合A,0.02404320304922769,ret_12m,main,108.7,full,1.0,2026-09-21
3036.0,,011118,汇添富稳健睿选一年持有混合A,0.023961091201060825,ret_12m,main,66.6,full,1.0,2026-09-21
3037.0,,001355,广发聚泰混合A,0.023898463111234225,ret_12m,main,135.5,full,1.0,2026-09-21
3038.0,,008177,建信高股息主题股票,0.023879400456887634,ret_12m,main,80.0,full,1.0,2026-09-21
3039.0,,001331,鹏华弘信混合A,0.02387036356615435,ret_12m,main,135.9,full,1.0,2026-09-21
3040.0,,017998,中欧融恒平衡混合A,0.023767032761297546,ret_12m,main,42.1,full,1.0,2026-09-21
3041.0,,004361,摩根安通回报混合A,0.02374666239793921,ret_12m,main,112.9,full,1.0,2026-09-21
3042.0,,540001,汇丰晋信2016周期混合A,0.023683929188179853,ret_12m,main,244.0,full,1.0,2026-09-21
3043.0,,009130,鹏扬景恒六个月持有混合A,0.023362894868175,ret_12m,main,77.0,full,1.0,2026-09-21
3044.0,,002018,鹏华弘安混合A,0.02336170430364981,ret_12m,main,129.9,full,1.0,2026-09-21
3045.0,,005901,诺安汇利混合A,0.023360637730419187,ret_12m,main,98.4,full,1.0,2026-09-21
3046.0,,210007,金鹰技术领先灵活配置混合A,0.023299898995621682,ret_12m,main,183.7,full,1.0,2026-09-21
3047.0,,016637,博道和瑞多元稳健6个月持有混合A,0.023264083515583067,ret_12m,main,46.9,full,1.0,2026-09-21
3048.0,,008757,九泰聚鑫混合A,0.023256992818587063,ret_12m,main,74.4,full,1.0,2026-09-21
3049.0,,012704,中银兴利稳健回报灵活配置混合A,0.02325593269848314,ret_12m,main,58.6,full,1.0,2026-09-21
3050.0,,019958,湘财医药健康混合A,0.023242605053310994,ret_12m,main,32.9,short,1.0,2026-09-21
3051.0,,519126,浦银新经济结构混合A,0.02321673930064394,ret_12m,main,148.1,full,1.0,2026-09-21
3052.0,,519175,浦银经济带崛起混合A,0.023154005815788636,ret_12m,main,115.4,full,1.0,2026-09-21
3053.0,,018939,长城景气成长混合A,0.023093837999097255,ret_12m,main,36.3,full,1.0,2026-09-21
3054.0,,005412,金信民长混合A,0.023045414028493694,ret_12m,main,76.0,full,1.0,2026-09-21
3055.0,,003241,创金合信量化发现混合A,0.023042631868014585,ret_12m,main,119.8,full,1.0,2026-09-21
3056.0,,180010,银华优质增长混合,0.02302467878875225,ret_12m,main,243.4,full,1.0,2026-09-21
3057.0,,005275,中欧创新成长灵活配置混合A,0.022938296833793004,ret_12m,main,101.9,full,1.0,2026-09-21
3058.0,,008833,银华汇盈一年持有期混合A,0.022934964179930795,ret_12m,main,78.1,full,1.0,2026-09-21
3059.0,,009558,嘉实稳惠6个月持有期混合A,0.022872438458747757,ret_12m,main,69.8,full,1.0,2026-09-21
3060.0,,010570,新沃创新领航混合A,0.02280053308871155,ret_12m,main,68.9,full,1.0,2026-09-21
3061.0,,004495,博时量化平衡混合A,0.022741778957096725,ret_12m,main,112.6,full,1.0,2026-09-21
3062.0,,017421,天弘安康颐睿一年持有混合A,0.02262303790832454,ret_12m,main,42.7,full,1.0,2026-09-21
3063.0,,017216,国投瑞银策略智选混合A,0.02246455999090924,ret_12m,main,42.7,full,1.0,2026-09-21
3064.0,,009822,鹏华招华一年持有期混合A,0.022420978497932786,ret_12m,main,73.1,full,1.0,2026-09-21
3065.0,,012683,东方红安盈甄选一年持有混合A,0.022414298119098897,ret_12m,main,62.5,full,1.0,2026-09-21
3066.0,,002668,兴业聚丰混合A,0.022377785669923433,ret_12m,main,122.3,full,1.0,2026-09-21
3067.0,,004608,长信乐信灵活配置混合A,0.02233073312065148,ret_12m,main,105.5,full,1.0,2026-09-21
3068.0,,002745,华银丰利,0.022124127771940616,ret_12m,main,123.0,full,1.0,2026-09-21
3069.0,,013694,弘毅远方久盈混合A,0.022105361809676705,ret_12m,main,51.5,full,1.0,2026-09-21
3070.0,,009260,民生加银聚利6个月混合A,0.022057364461798956,ret_12m,main,76.3,full,1.0,2026-09-21
3071.0,,015963,汇安品质优选混合A,0.021981785616654648,ret_12m,main,48.7,full,1.0,2026-09-21
3072.0,,010056,平安瑞兴1年持有混合A,0.021897854200050304,ret_12m,main,70.5,full,1.0,2026-09-21
3073.0,,003030,安信新目标混合A,0.021836637709679918,ret_12m,main,121.4,full,1.0,2026-09-21
3074.0,,018465,嘉实稳健添翼一年持有混合A,0.021747297203772886,ret_12m,main,39.3,full,1.0,2026-09-21
3075.0,,012093,鹏华创新升级混合A,0.021738449730642317,ret_12m,main,63.1,full,1.0,2026-09-21
3076.0,,206001,鹏华弘泰A,0.02171765440599116,ret_12m,main,291.9,full,1.0,2026-09-21
3077.0,,377020,摩根内需动力混合A,0.021455866167441107,ret_12m,main,233.3,full,1.0,2026-09-21
3078.0,,001405,东方红策略精选混合A,0.021381484290743824,ret_12m,main,135.6,full,1.0,2026-09-21
3079.0,,080005,长盛量化红利混合A,0.02129112386403742,ret_12m,main,201.9,full,1.0,2026-09-21
3080.0,,013189,嘉实稳健添利一年持有混合,0.02125849590772,ret_12m,main,60.3,full,1.0,2026-09-21
3081.0,,001281,长安鑫利优选混合A,0.02125344471599222,ret_12m,main,136.1,full,1.0,2026-09-21
3082.0,,014678,永赢添添悦6个月持有混合A,0.0212519522814969,ret_12m,main,49.8,full,1.0,2026-09-21
3083.0,,011572,鹏华安荣混合A,0.021120170213944967,ret_12m,main,60.0,full,1.0,2026-09-21
3084.0,,005371,中加心悦混合A,0.021082346686257747,ret_12m,main,102.5,full,1.0,2026-09-21
3085.0,,019692,信澳鑫悦智选6个月持有期混合A,0.02105248894344869,ret_12m,main,33.0,short,1.0,2026-09-21
3086.0,,013387,长城价值领航混合A,0.021037905755421082,ret_12m,main,56.8,full,1.0,2026-09-21
3087.0,,001166,建信环保产业股票A,0.020791837455612416,ret_12m,main,137.0,full,1.0,2026-09-21
3088.0,,013676,兴银兴慧一年持有混合A,0.020789905589150948,ret_12m,main,58.8,full,1.0,2026-09-21
3089.0,,002456,招商安元灵活配置混合A,0.020653630909017284,ret_12m,main,126.7,full,1.0,2026-09-21
3090.0,,020922,汇泉智享量化选股混合A,0.02065277427654566,ret_12m,main,25.5,short,1.0,2026-09-21
3091.0,,240010,华宝行业精选混合,0.020610277851236924,ret_12m,main,231.3,full,1.0,2026-09-21
3092.0,,002087,国富新机遇混合A,0.020575130223799087,ret_12m,main,130.1,full,1.0,2026-09-21
3093.0,,013912,中欧招益稳健一年持有混合A,0.02054610318822281,ret_12m,main,56.5,full,1.0,2026-09-21
3094.0,,002123,华银外延增长主题灵活配置,0.02043665476849532,ret_12m,main,124.2,full,1.0,2026-09-21
3095.0,,024211,建信鑫稳回报灵活配置混合F,0.02036082710276288,ret_12m,main,15.8,short,0.996,2026-09-21
3096.0,,014131,华泰柏瑞聚优智选一年持有期混合A,0.020274592140909764,ret_12m,main,54.9,full,1.0,2026-09-21
3097.0,,002783,东方红价值精选混合A,0.02015624580121078,ret_12m,main,119.9,full,1.0,2026-09-21
3098.0,,000215,广发趋势优选灵活配置混合A,0.020135997880983192,ret_12m,main,156.3,full,1.0,2026-09-21
3099.0,,519655,银河服务混合A,0.020121134642867577,ret_12m,main,137.0,full,1.0,2026-09-21
3100.0,,009102,鹏扬红利优选混合A,0.01997792867268866,ret_12m,main,74.0,full,1.0,2026-09-21
3101.0,,004477,嘉实沪港深回报混合,0.01996538479579746,ret_12m,main,113.8,full,1.0,2026-09-21
3102.0,,010545,中加聚隆持有期混合A,0.01995959851583673,ret_12m,main,65.9,full,1.0,2026-09-21
3103.0,,167003,平安鼎弘混合(LOF)A,0.019950614177812742,ret_12m,main,112.9,full,1.0,2026-09-21
3104.0,,011784,天弘招添利混合发起A,0.019948403932910308,ret_12m,main,66.0,full,1.0,2026-09-21
3105.0,,007303,京管泰富优势混合A,0.01993398568957727,ret_12m,main,34.1,short,1.0,2026-09-21
3106.0,,001223,鹏华文化传媒娱乐股票,0.019865706166815267,ret_12m,main,127.8,full,1.0,2026-09-21
3107.0,,001364,大成景润灵活配置混合A,0.019861570482623714,ret_12m,main,115.8,full,1.0,2026-09-21
3108.0,,001566,南方利达A,0.019848799835690656,ret_12m,main,134.5,full,1.0,2026-09-21
3109.0,,000556,国投瑞银新机遇灵活配置混合A,0.01982260919394152,ret_12m,main,150.4,full,1.0,2026-09-21
3110.0,,020354,农银瑞益一年持有混合A,0.01981825791474412,ret_12m,main,31.9,short,1.0,2026-09-21
3111.0,,014852,嘉实添惠一年持有期混合A,0.01970585289677307,ret_12m,main,55.3,full,1.0,2026-09-21
3112.0,,008269,大成睿享混合A,0.019689437155979483,ret_12m,main,80.7,full,1.0,2026-09-21
3113.0,,011576,鹏华安诚混合A,0.019683928835067643,ret_12m,main,60.5,full,1.0,2026-09-21
3114.0,,017886,国富安颐稳健6个月持有期混合A,0.019683541028408857,ret_12m,main,36.3,full,1.0,2026-09-21
3115.0,,002622,广发稳裕混合A,0.019679055455957384,ret_12m,main,122.8,full,1.0,2026-09-21
3116.0,,005523,泰康颐年混合A,0.019608551551410613,ret_12m,main,99.7,full,1.0,2026-09-21
3117.0,,003028,安信新优选混合A,0.01959948747714302,ret_12m,main,121.8,full,1.0,2026-09-21
3118.0,,002271,招商晟元价值驱动混合A,0.01954420926203171,ret_12m,main,128.8,full,1.0,2026-09-21
3119.0,,000418,景顺长城成长之星股票A,0.019504327360288176,ret_12m,main,153.3,full,1.0,2026-09-21
3120.0,,010027,景顺长城核心中景一年持有混合,0.019390410404993563,ret_12m,main,69.2,full,1.0,2026-09-21
3121.0,,019357,大成兴远启航混合A,0.019334893284292942,ret_12m,main,18.4,short,1.0,2026-09-21
3122.0,,001282,华安新机遇灵活配置混合A,0.019290090139772786,ret_12m,main,135.9,full,1.0,2026-09-21
3123.0,,014754,华安景气优选混合A,0.019204389123000265,ret_12m,main,51.6,full,1.0,2026-09-21
3124.0,,000870,嘉实新收益混合,0.019203540774820116,ret_12m,main,141.4,full,1.0,2026-09-21
3125.0,,519125,浦银消费升级混合A,0.019164422921444935,ret_12m,main,153.6,full,1.0,2026-09-21
3126.0,,012253,鹏扬景润一年持有混合A,0.019118990455093465,ret_12m,main,61.5,full,1.0,2026-09-21
3127.0,,021167,中泰红利量化选股股票发起A,0.019103734207114975,ret_12m,main,27.6,short,1.0,2026-09-21
3128.0,,010707,安信平稳合盈一年持有混合A,0.018989500603705523,ret_12m,main,67.6,full,1.0,2026-09-21
3129.0,,320015,诺安行业轮动混合A,0.01881702932069418,ret_12m,main,184.3,full,1.0,2026-09-21
3130.0,,010122,华泰柏瑞优势领航混合A,0.018592915134644228,ret_12m,main,71.9,full,1.0,2026-09-21
3131.0,,001329,鹏华弘实混合A,0.01856253298539956,ret_12m,main,135.9,full,1.0,2026-09-21
3132.0,,010998,博道消费智航A,0.01854851140662439,ret_12m,main,64.5,full,1.0,2026-09-21
3133.0,,012196,招商品质生活混合A,0.01853926977768472,ret_12m,main,63.6,full,1.0,2026-09-21
3134.0,,240004,华宝动力组合混合A,0.018446592133078754,ret_12m,main,250.1,full,1.0,2026-09-21
3135.0,,090013,大成竞争优势混合A,0.018389515049100247,ret_12m,main,185.1,full,1.0,2026-09-21
3136.0,,004357,南方智慧混合,0.018388733001961866,ret_12m,main,113.8,full,1.0,2026-09-21
3137.0,,003125,中科沃土沃鑫成长精选混合A,0.018382141934132123,ret_12m,main,118.9,full,1.0,2026-09-21
3138.0,,011908,广发沪港深价值精选混合A,0.01832742941872656,ret_12m,main,63.9,full,1.0,2026-09-21
3139.0,,018350,万家欣优混合A,0.01818485617704435,ret_12m,main,39.1,full,1.0,2026-09-21
3140.0,,009621,中欧心益稳健6个月混合A,0.018183493966621,ret_12m,main,74.5,full,1.0,2026-09-21
3141.0,,001362,景顺长城领先回报混合A,0.018169769423074023,ret_12m,main,135.9,full,1.0,2026-09-21
3142.0,,006538,东海核心价值,0.01816781091177,ret_12m,main,93.9,full,1.0,2026-09-21
3143.0,,001719,工银国家战略股票,0.018146648669540966,ret_12m,main,127.7,full,1.0,2026-09-21
3144.0,,016345,长安行业成长混合A,0.01811224370770015,ret_12m,main,47.7,full,1.0,2026-09-21
3145.0,,008416,鹏扬景瑞三年持有混合A,0.01810237004739146,ret_12m,main,79.0,full,1.0,2026-09-21
3146.0,,006132,万家智造优势混合A,0.018077896164042206,ret_12m,main,96.8,full,1.0,2026-09-21
3147.0,,011105,长信稳健均衡6个月持有期混合A,0.018011477488476757,ret_12m,main,65.7,full,1.0,2026-09-21
3148.0,,008110,九泰科盈价值混合A,0.017993840834301444,ret_12m,main,78.3,full,1.0,2026-09-21
3149.0,,161616,融通医疗保健行业混合A/B,0.017766972560604666,ret_12m,main,169.9,full,1.0,2026-09-21
3150.0,,015012,浦银安弘回报一年持有混合A,0.017672728705112162,ret_12m,main,54.7,full,1.0,2026-09-21
3151.0,,011338,兴全合远两年持有混合A,0.01761485303328514,ret_12m,main,64.8,full,1.0,2026-09-21
3152.0,,009077,红土创新稳进混合A,0.01757507289756166,ret_12m,main,78.5,full,1.0,2026-09-21
3153.0,,006529,中欧匠心两年持有期混合A,0.01744645226987296,ret_12m,main,87.4,full,1.0,2026-09-21
3154.0,,012473,大成成长回报六个月持有混合A,0.017408657449486498,ret_12m,main,61.6,full,1.0,2026-09-21
3155.0,,005280,安信稳健阿尔法定开混合A,0.017393139048030193,ret_12m,main,105.5,full,1.0,2026-09-21
3156.0,,018212,兴银稳惠180天持有期混合A,0.017365226948367285,ret_12m,main,40.9,full,1.0,2026-09-21
3157.0,,001203,东方红稳健精选混合A,0.017293435810160185,ret_12m,main,137.2,full,1.0,2026-09-21
3158.0,,000743,红塔红土盛世普益混合发起式,0.01722226006879768,ret_12m,main,144.1,full,1.0,2026-09-21
3159.0,,008373,华泰柏瑞景气回报一年持有期混合A,0.017193781816722487,ret_12m,main,81.1,full,1.0,2026-09-21
3160.0,,010775,博时恒旭持有期混合A,0.01713246824123038,ret_12m,main,69.2,full,1.0,2026-09-21
3161.0,,009128,明亚价值长青混合A,0.017098912078210793,ret_12m,main,76.9,full,1.0,2026-09-21
3162.0,,001146,中欧瑾源灵活配置混合A,0.01701041463470654,ret_12m,main,137.7,full,1.0,2026-09-21
3163.0,,011818,鹏扬景阳一年持有混合A,0.016955162769524357,ret_12m,main,59.8,full,1.0,2026-09-21
3164.0,,003411,鹏华弘康灵活配置混合A,0.01693835461472104,ret_12m,main,119.7,full,1.0,2026-09-21
3165.0,,001289,银华汇利灵活配置混合A,0.01677897144848961,ret_12m,main,136.3,full,1.0,2026-09-21
3166.0,,002120,广发安悦回报混合A,0.016721267954769026,ret_12m,main,118.4,full,1.0,2026-09-21
3167.0,,001254,宏利新起点混合A,0.016626793481436142,ret_12m,main,136.3,full,1.0,2026-09-21
3168.0,,009806,东方红招盈甄选一年混合A,0.01657691150857099,ret_12m,main,72.8,full,1.0,2026-09-21
3169.0,,016863,华安招裕一年持有混合A,0.016518975469435926,ret_12m,main,41.8,full,1.0,2026-09-21
3170.0,,011048,天弘恒新混合A,0.016483184202514822,ret_12m,main,62.3,full,1.0,2026-09-21
3171.0,,001004,新华稳健回报灵活配置混合发起,0.016453269766721013,ret_12m,main,135.8,full,1.0,2026-09-21
3172.0,,004617,建信鑫稳回报灵活配置混合A,0.016384146383519704,ret_12m,main,105.0,full,1.0,2026-09-21
3173.0,,011558,天弘宁弘六个月A,0.016351794080730064,ret_12m,main,58.8,full,1.0,2026-09-21
3174.0,,001339,兴银鼎新灵活配置A,0.01628577376209317,ret_12m,main,135.9,full,1.0,2026-09-21
3175.0,,023158,上银先进制造混合发起式A,0.01623544295804913,ret_12m,main,19.9,short,1.0,2026-09-21
3176.0,,001709,华富物联世界灵活配置混合A,0.016193638016329004,ret_12m,main,128.0,full,1.0,2026-09-21
3177.0,,011393,中欧融益稳健一年混合A,0.016178070939004252,ret_12m,main,66.6,full,1.0,2026-09-21
3178.0,,015047,富安达稳健配置6个月持有期混合,0.01617075480601815,ret_12m,main,52.2,full,1.0,2026-09-21
3179.0,,011408,天弘益新混合A,0.016158560092971896,ret_12m,main,66.1,full,1.0,2026-09-21
3180.0,,011494,华泰紫金丰和偏债混合发起A,0.01612311569702296,ret_12m,main,62.8,full,1.0,2026-09-21
3181.0,,001399,安信鑫安得利混合A,0.016059761463900868,ret_12m,main,135.6,full,1.0,2026-09-21
3182.0,,013733,红塔红土盛丰混合A,0.01590608458896936,ret_12m,main,56.9,full,1.0,2026-09-21
3183.0,,006398,宝盈祥颐定期开放混合A,0.015748747280344588,ret_12m,main,90.1,full,1.0,2026-09-21
3184.0,,000649,长城久鑫混合A,0.01569388538063876,ret_12m,main,145.7,full,1.0,2026-09-21
3185.0,,001609,平安鑫享混合A,0.0156727703271069,ret_12m,main,133.8,full,1.0,2026-09-21
3186.0,,007109,南方沪港深核心优势混合A,0.01563033074239839,ret_12m,main,68.9,full,1.0,2026-09-21
3187.0,,014752,长信稳健增长一年持有混合A,0.015626833843303878,ret_12m,main,54.6,full,1.0,2026-09-21
3188.0,,019743,银华富兴央企混合发起式A,0.015583486210349218,ret_12m,main,27.6,short,1.0,2026-09-21
3189.0,,013393,信澳价值精选混合A,0.015538624889221309,ret_12m,main,58.8,full,1.0,2026-09-21
3190.0,,008384,银华汇益一年持有期混合A,0.015536090158267069,ret_12m,main,72.9,full,1.0,2026-09-21
3191.0,,009011,华夏睿阳一年持有混合,0.015410516621842119,ret_12m,main,78.1,full,1.0,2026-09-21
3192.0,,010869,汇添富稳健欣享一年持有混合,0.015369543309389444,ret_12m,main,64.7,full,1.0,2026-09-21
3193.0,,018329,泉果思源三年持有期混合A,0.015368780141052918,ret_12m,main,39.7,full,1.0,2026-09-21
3194.0,,002146,长安鑫益增强混合A,0.015328136943144832,ret_12m,main,126.9,full,1.0,2026-09-21
3195.0,,519993,长信增利动态策略混合,0.015263826972619743,ret_12m,main,238.4,full,1.0,2026-09-21
3196.0,,012671,嘉实核心蓝筹混合A,0.015217624333220048,ret_12m,main,62.0,full,1.0,2026-09-21
3197.0,,001800,华安新乐享灵活配置混合A,0.015176346083848546,ret_12m,main,132.4,full,1.0,2026-09-21
3198.0,,010697,国联行业先锋6个月持有混合A,0.015113425203082231,ret_12m,main,67.4,full,1.0,2026-09-21
3199.0,,011734,国寿安保裕丰混合A,0.015098794646923874,ret_12m,main,62.5,full,1.0,2026-09-21
3200.0,,013101,华夏稳福六个月持有混合A,0.01508375094657266,ret_12m,main,57.0,full,1.0,2026-09-21
3201.0,,008091,中信保诚红利精选混合A,0.015006580814907133,ret_12m,main,80.9,full,1.0,2026-09-21
3202.0,,000264,博时内需增长混合A,0.014842158189905863,ret_12m,main,158.2,full,1.0,2026-09-21
3203.0,,007725,招商瑞文混合A,0.014838745218133553,ret_12m,main,84.3,full,1.0,2026-09-21
3204.0,,017232,工银稳润一年持有混合A,0.014832335848806943,ret_12m,main,42.7,full,1.0,2026-09-21
3205.0,,005644,广发沪港深龙头混合,0.014510396274641124,ret_12m,main,102.0,full,1.0,2026-09-21
3206.0,,016995,华泰紫金安恒平衡配置混合发起A,0.014477287738155153,ret_12m,main,44.8,full,1.0,2026-09-21
3207.0,,017624,农银瑞云增益6个月持有混合A,0.01434203014475699,ret_12m,main,42.1,full,1.0,2026-09-21
3208.0,,008404,华泰紫金泰盈混合A,0.014173835208521668,ret_12m,main,80.0,full,1.0,2026-09-21
3209.0,,001118,华宝事件驱动混合A,0.014102444532577918,ret_12m,main,137.5,full,1.0,2026-09-21
3210.0,,012287,东海启航6个月持有混合A,0.013990467325259104,ret_12m,main,57.3,full,1.0,2026-09-21
3211.0,,002118,广发安盈混合A,0.013913257433773474,ret_12m,main,117.4,full,1.0,2026-09-21
3212.0,,004823,摩根安裕回报混合A,0.01390028371306129,ret_12m,main,96.3,full,1.0,2026-09-21
3213.0,,015824,博时月月乐同业存单30天持有混合,0.013894584918110686,ret_12m,main,51.5,full,1.0,2026-09-21
3214.0,,008037,兴银先锋成长混合A,0.01387522539284225,ret_12m,main,82.1,full,1.0,2026-09-21
3215.0,,017615,广发安颐一年持有期混合A,0.013848007518693306,ret_12m,main,44.1,full,1.0,2026-09-21
3216.0,,005588,长安裕腾混合A,0.01377489422252709,ret_12m,main,99.5,full,1.0,2026-09-21
3217.0,,014850,长信稳健成长混合A,0.013767025672366984,ret_12m,main,51.6,full,1.0,2026-09-21
3218.0,,410006,华富策略精选混合A,0.013629292558387629,ret_12m,main,212.9,full,1.0,2026-09-21
3219.0,,013243,天弘安康颐丰一年持有混合A,0.013582761269552268,ret_12m,main,56.1,full,1.0,2026-09-21
3220.0,,004224,南方军工改革灵活配置混合A,0.013570260531308831,ret_12m,main,114.5,full,1.0,2026-09-21
3221.0,,005876,易方达鑫转增利混合A,0.013558885554178168,ret_12m,main,94.5,full,1.0,2026-09-21
3222.0,,011238,华安聚恒精选混合A,0.013492568366351154,ret_12m,main,66.1,full,1.0,2026-09-21
3223.0,,016641,华商稳健泓利一年持有期混合A,0.013462822656424844,ret_12m,main,40.2,full,1.0,2026-09-21
3224.0,,013611,工银民瑞一年持有混合A,0.013447869160935433,ret_12m,main,56.8,full,1.0,2026-09-21
3225.0,,213002,宝盈泛沿海增长混合,0.013416312393355945,ret_12m,main,258.5,full,1.0,2026-09-21
3226.0,,001226,中邮稳健添利灵活配置混合,0.013408386399150762,ret_12m,main,136.6,full,1.0,2026-09-21
3227.0,,009568,浙商智多宝稳健一年持有期A,0.013406356386170604,ret_12m,main,74.0,full,1.0,2026-09-21
3228.0,,011190,招商瑞安1年持有期混合A,0.013404494933758393,ret_12m,main,64.4,full,1.0,2026-09-21
3229.0,,010043,天弘安康颐和混合A,0.013315210464164728,ret_12m,main,69.6,full,1.0,2026-09-21
3230.0,,013726,惠升惠诚稳健一年持有混合A,0.013291312275055533,ret_12m,main,57.7,full,1.0,2026-09-21
3231.0,,002270,东吴安盈量化混合A,0.013237175743996632,ret_12m,main,127.6,full,1.0,2026-09-21
3232.0,,013463,大成致远优势一年持有期混合A,0.013224586674539074,ret_12m,main,57.8,full,1.0,2026-09-21
3233.0,,009400,华安添瑞6个月混合A,0.01314053648728386,ret_12m,main,75.0,full,1.0,2026-09-21
3234.0,,014809,华安沣瑞一年持有混合A,0.013100298235384722,ret_12m,main,55.9,full,1.0,2026-09-21
3235.0,,021983,中信保诚红利领航量化股票A,0.01272010679775093,ret_12m,main,22.2,short,1.0,2026-09-21
3236.0,,011552,鹏华民丰盈和6个月持有混合A,0.012679870724606745,ret_12m,main,65.7,full,1.0,2026-09-21
3237.0,,005983,摩根核心精选股票A,0.012667484589043543,ret_12m,main,93.7,full,1.0,2026-09-21
3238.0,,014759,中欧琪福混合A,0.012639024257793396,ret_12m,main,53.5,full,1.0,2026-09-21
3239.0,,023629,平安鑫享混合F,0.012630629981996044,ret_12m,main,18.3,short,1.0,2026-09-21
3240.0,,007139,富国民裕进取沪港深成长A,0.012619660171630853,ret_12m,main,88.0,full,1.0,2026-09-21
3241.0,,011901,南方竞争优势混合A,0.012564630848217462,ret_12m,main,53.7,full,1.0,2026-09-21
3242.0,,009275,融通医疗保健行业混合C,0.012559703379400489,ret_12m,main,77.3,full,1.0,2026-09-21
3243.0,,009634,鹏华安睿两年持有期混合A,0.012514347952939708,ret_12m,main,73.8,full,1.0,2026-09-21
3244.0,,012609,安信稳健汇利一年持有混合A,0.012466273051890742,ret_12m,main,61.4,full,1.0,2026-09-21
3245.0,,002628,招商安博灵活配置混合A,0.012441641033491546,ret_12m,main,123.9,full,1.0,2026-09-21
3246.0,,001537,中加改革红利混合,0.012404593525415564,ret_12m,main,133.3,full,1.0,2026-09-21
3247.0,,011017,鹏扬景明一年混合,0.012393158738087218,ret_12m,main,68.3,full,1.0,2026-09-21
3248.0,,012069,天弘安康颐享12个月持有A,0.012376011363591344,ret_12m,main,63.4,full,1.0,2026-09-21
3249.0,,020168,广发信远回报混合A,0.012230213187204075,ret_12m,main,31.5,short,1.0,2026-09-21
3250.0,,009428,鹏扬景沣六个月持有期混合A,0.012196819236806267,ret_12m,main,73.3,full,1.0,2026-09-21
3251.0,,001102,前海开源国家比较优势混合A,0.012091250689740818,ret_12m,main,136.5,full,1.0,2026-09-21
3252.0,,001858,建信鑫利灵活配置混合A,0.012008149519684652,ret_12m,main,130.8,full,1.0,2026-09-21
3253.0,,024462,南方瑞享混合A,0.011970253582833212,ret_12m,main,14.9,short,0.9644,2026-09-21
3254.0,,003845,汇安丰恒灵活配置混合A,0.011961440897257036,ret_12m,main,114.3,full,1.0,2026-09-21
3255.0,,017540,安信稳健增益6个月持有混合A,0.011924925890755667,ret_12m,main,38.1,full,1.0,2026-09-21
3256.0,,014235,淳厚时代优选混合A,0.011906687857739406,ret_12m,main,55.8,full,1.0,2026-09-21
3257.0,,011353,国联景盛一年持有混合A,0.011837796242433418,ret_12m,main,64.3,full,1.0,2026-09-21
3258.0,,012510,国富优质企业一年持有期混合A,0.011836230640859036,ret_12m,main,61.6,full,1.0,2026-09-21
3259.0,,012054,鹏华安康一年持有期混合A,0.011742920729915785,ret_12m,main,58.8,full,1.0,2026-09-21
3260.0,,007318,中银民丰回报混合,0.011689755932464463,ret_12m,main,85.7,full,1.0,2026-09-21
3261.0,,501066,东方红恒元五年持有混合,0.011575516075105652,ret_12m,main,94.6,full,1.0,2026-09-21
3262.0,,021404,长江汇智量化选股混合发起A,0.011571357333212129,ret_12m,main,27.3,short,1.0,2026-09-21
3263.0,,022495,嘉实红利精选混合发起式A,0.011567015523194613,ret_12m,main,20.9,short,1.0,2026-09-21
3264.0,,004814,中欧红利优享混合A,0.011394602614889893,ret_12m,main,101.1,full,1.0,2026-09-21
3265.0,,013967,广发恒享一年持有期混合A,0.011308357415629633,ret_12m,main,58.2,full,1.0,2026-09-21
3266.0,,483003,工银精选平衡混合,0.011118158482447793,ret_12m,main,242.3,full,1.0,2026-09-21
3267.0,,001427,招商丰泽混合A,0.011107006807964837,ret_12m,main,135.4,full,1.0,2026-09-21
3268.0,,020003,国泰金龙行业混合,0.011032294232089512,ret_12m,main,273.5,full,1.0,2026-09-21
3269.0,,165526,中信保诚新旺混合(LOF)A,0.01095273096599203,ret_12m,main,135.1,full,1.0,2026-09-21
3270.0,,009718,招商增浩混合A,0.010943791952686244,ret_12m,main,69.7,full,1.0,2026-09-21
3271.0,,180012,银华富裕主题混合A,0.010907525801058693,ret_12m,main,238.2,full,1.0,2026-09-21
3272.0,,010045,汇添富稳健添盈一年持有混合,0.010905817045883337,ret_12m,main,72.3,full,1.0,2026-09-21
3273.0,,012951,汇添富鑫享添利六个月持有混合A,0.010860850643721776,ret_12m,main,62.0,full,1.0,2026-09-21
3274.0,,010408,安信浩盈6个月持有混合A,0.010801647856299779,ret_12m,main,68.7,full,1.0,2026-09-21
3275.0,,010029,富国稳进回报12个月持有期混合A,0.010728765734267176,ret_12m,main,72.4,full,1.0,2026-09-21
3276.0,,002295,广发稳安灵活配置A,0.010721285595277852,ret_12m,main,127.5,full,1.0,2026-09-21
3277.0,,000414,嘉实绝对收益策略定期混合A,0.010717631474839395,ret_12m,main,153.5,full,1.0,2026-09-21
3278.0,,019740,财通资管创新医药混合A,0.010635258760866684,ret_12m,main,31.9,short,1.0,2026-09-21
3279.0,,005904,华泰保兴成长优选A,0.010628271178820148,ret_12m,main,99.5,full,1.0,2026-09-21
3280.0,,001418,宏利创益混合A,0.010510091814122324,ret_12m,main,135.2,full,1.0,2026-09-21
3281.0,,233015,大摩量化配置混合A,0.01049924579781103,ret_12m,main,165.3,full,1.0,2026-09-21
3282.0,,013610,中信保诚前瞻优势混合,0.010475258864472314,ret_12m,main,58.8,full,1.0,2026-09-21
3283.0,,166023,中欧瑞丰灵活配置混合(LOF)A,0.010421416624145419,ret_12m,main,109.7,full,1.0,2026-09-21
3284.0,,009181,浙商智多兴稳健回报一年持有混合A,0.01040565141003058,ret_12m,main,75.6,full,1.0,2026-09-21
3285.0,,005295,诺德天富灵活配置混合,0.010392382220790086,ret_12m,main,103.4,full,1.0,2026-09-21
3286.0,,022115,鑫元致远量化选股混合A,0.010295909377271428,ret_12m,main,20.2,short,1.0,2026-09-21
3287.0,,012281,中欧精益稳健一年持有混合,0.010281194363864987,ret_12m,main,63.4,full,1.0,2026-09-21
3288.0,,001782,九泰久益混合A,0.010229387368006604,ret_12m,main,115.8,full,1.0,2026-09-21
3289.0,,011175,平安恒鑫混合A,0.010135864465892874,ret_12m,main,67.6,full,1.0,2026-09-21
3290.0,,008077,九泰天奕量化价值混合A,0.010108102146464404,ret_12m,main,75.8,full,1.0,2026-09-21
3291.0,,008336,宝盈祥裕增强回报混合A,0.010103658663452864,ret_12m,main,70.8,full,1.0,2026-09-21
3292.0,,014619,财通资管稳兴增益六个月持有期混合A,0.010054903147775018,ret_12m,main,54.4,full,1.0,2026-09-21
3293.0,,015268,招商瑞联1年持有混合A,0.009963061677030316,ret_12m,main,49.6,full,1.0,2026-09-21
3294.0,,008736,南方高股息股票A,0.009737968858998025,ret_12m,main,73.9,full,1.0,2026-09-21
3295.0,,700001,平安行业先锋混合,0.00966514577047839,ret_12m,main,180.0,full,1.0,2026-09-21
3296.0,,020193,天弘金融优选混合发起A,0.009653451084324693,ret_12m,main,26.4,short,1.0,2026-09-21
3297.0,,018409,中欧价值回报混合A,0.00963093594116482,ret_12m,main,39.4,full,1.0,2026-09-21
3298.0,,010744,工银灵动价值混合A,0.009572643042754958,ret_12m,main,68.9,full,1.0,2026-09-21
3299.0,,001542,国泰互联网+股票,0.009498092861049523,ret_12m,main,133.6,full,1.0,2026-09-21
3300.0,,019277,长城国企优选混合发起式A,0.009482835329347239,ret_12m,main,34.9,short,1.0,2026-09-21
3301.0,,006567,中泰星元灵活配置混合A,0.009408188606189194,ret_12m,main,93.5,full,1.0,2026-09-21
3302.0,,006022,富国大盘价值量化精选混合A,0.009373544211395135,ret_12m,main,98.1,full,1.0,2026-09-21
3303.0,,010515,富国天兴回报混合A,0.009346087248911727,ret_12m,main,69.2,full,1.0,2026-09-21
3304.0,,017063,申万菱信乐成混合A,0.009294180086084847,ret_12m,main,42.0,full,1.0,2026-09-21
3305.0,,012262,华宝可持续发展混合A,0.009102529562401873,ret_12m,main,57.4,full,1.0,2026-09-21
3306.0,,290005,泰信优势增长混合,0.009088976917362102,ret_12m,main,218.9,full,1.0,2026-09-21
3307.0,,001335,南方利众A,0.00906318667044581,ret_12m,main,136.0,full,1.0,2026-09-21
3308.0,,017655,嘉实价值丰裕混合A,0.008962344126912436,ret_12m,main,25.5,short,1.0,2026-09-21
3309.0,,020005,国泰金马稳健混合A,0.008911678572341097,ret_12m,main,267.1,full,1.0,2026-09-21
3310.0,,022550,平安瑞利6个月持有混合A,0.008834696658036156,ret_12m,main,20.9,short,1.0,2026-09-21
3311.0,,006302,银华行业轮动混合,0.008666936853964025,ret_12m,main,93.6,full,1.0,2026-09-21
3312.0,,012027,光大安阳一年持有期混合A,0.008609255827554785,ret_12m,main,63.1,full,1.0,2026-09-21
3313.0,,012370,银华鑫利一年持有期混合,0.008529880038585125,ret_12m,main,62.0,full,1.0,2026-09-21
3314.0,,000072,华安稳健回报混合A,0.008441208083486584,ret_12m,main,160.3,full,1.0,2026-09-21
3315.0,,011855,银华长荣混合A,0.00844081736575597,ret_12m,main,63.1,full,1.0,2026-09-21
3316.0,,009190,景顺长城核心优选一年持有混合,0.00834709108113052,ret_12m,main,76.5,full,1.0,2026-09-21
3317.0,,006595,广发港股通优质增长混合A,0.00827178963646813,ret_12m,main,88.5,full,1.0,2026-09-21
3318.0,,009135,广发恒隆一年持有混合A,0.008204102051626583,ret_12m,main,78.1,full,1.0,2026-09-21
3319.0,,015303,鹏扬丰融价值先锋一年持有混合A,0.008201251500855822,ret_12m,main,53.9,full,1.0,2026-09-21
3320.0,,011538,长城优选添瑞六个月持有混合A,0.0081535902348282,ret_12m,main,65.7,full,1.0,2026-09-21
3321.0,,002273,宏利创益混合B,0.008082286013248341,ret_12m,main,127.9,full,1.0,2026-09-21
3322.0,,010723,中欧价值成长混合A,0.008063362377721095,ret_12m,main,69.2,full,1.0,2026-09-21
3323.0,,004258,国寿安保稳嘉混合A,0.008056881914862979,ret_12m,main,115.3,full,1.0,2026-09-21
3324.0,,377530,摩根行业轮动混合A,0.008013395866696804,ret_12m,main,199.8,full,1.0,2026-09-21
3325.0,,017608,汇添富远景成长一年持有混合A,0.007992720459804481,ret_12m,main,37.4,full,1.0,2026-09-21
3326.0,,011932,工银战略远见混合A,0.007991729453635354,ret_12m,main,64.9,full,1.0,2026-09-21
3327.0,,011097,达诚宜创精选混合A,0.007934043143978498,ret_12m,main,67.8,full,1.0,2026-09-21
3328.0,,001679,前海开源中国稀缺资产混合A,0.00782759110024367,ret_12m,main,132.4,full,1.0,2026-09-21
3329.0,,000572,中银多策略混合A,0.007817101386203396,ret_12m,main,149.7,full,1.0,2026-09-21
3330.0,,012485,建信汇益一年持有混合A,0.007752991630947559,ret_12m,main,58.5,full,1.0,2026-09-21
3331.0,,009499,景顺长城安鑫回报一年持有期混合A,0.0077180941368553135,ret_12m,main,74.4,full,1.0,2026-09-21
3332.0,,000893,工银创新动力股票,0.0077159375777846595,ret_12m,main,141.3,full,1.0,2026-09-21
3333.0,,012533,嘉实价值驱动一年持有期混合A,0.00770111419104369,ret_12m,main,61.8,full,1.0,2026-09-21
3334.0,,011518,嘉实价值臻选混合A,0.007642093741091038,ret_12m,main,64.8,full,1.0,2026-09-21
3335.0,,017303,华安景气领航混合A,0.0074790318431319225,ret_12m,main,40.8,full,1.0,2026-09-21
3336.0,,010481,汇添富高质量成长精选2年持有混合,0.007464788045012716,ret_12m,main,69.6,full,1.0,2026-09-21
3337.0,,009069,大成睿鑫股票A,0.007430097895136711,ret_12m,main,73.3,full,1.0,2026-09-21
3338.0,,005933,前海联合先进制造混合A,0.0073995137057238924,ret_12m,main,92.8,full,1.0,2026-09-21
3339.0,,320020,诺安策略精选股票A,0.007283144800525054,ret_12m,main,171.8,full,1.0,2026-09-21
3340.0,,001358,宝盈祥泰混合A,0.007279138754957337,ret_12m,main,135.8,full,1.0,2026-09-21
3341.0,,001471,融通新能源灵活配置混合A,0.007228092425725086,ret_12m,main,134.8,full,1.0,2026-09-21
3342.0,,014872,嘉实品质蓝筹一年持有混合A,0.0072239872154227225,ret_12m,main,55.3,full,1.0,2026-09-21
3343.0,,015135,工银专精特新混合A,0.007195922134698884,ret_12m,main,49.7,full,1.0,2026-09-21
3344.0,,009725,东方红优质甄选一年持有混合A,0.007139839259754366,ret_12m,main,74.0,full,1.0,2026-09-21
3345.0,,350001,天治财富增长混合,0.007086217373517334,ret_12m,main,266.7,full,1.0,2026-09-21
3346.0,,012052,财通资管新聚益6个月持有混合发起式A,0.006935955536433669,ret_12m,main,56.9,full,1.0,2026-09-21
3347.0,,013439,嘉实产业优势混合A,0.006852750349187753,ret_12m,main,55.9,full,1.0,2026-09-21
3348.0,,011077,汇丰晋信创新先锋,0.006831463735033516,ret_12m,main,66.2,full,1.0,2026-09-21
3349.0,,001694,华安沪港深外延增长灵活配置混合A,0.006778616383952274,ret_12m,main,126.4,full,1.0,2026-09-21
3350.0,,008978,银华长丰混合发起式,0.006745189252924888,ret_12m,main,77.7,full,1.0,2026-09-21
3351.0,,010480,汇添富稳进双盈一年持有混合,0.006689268927735359,ret_12m,main,67.4,full,1.0,2026-09-21
3352.0,,000058,国联安安泰灵活配置混合A,0.006612367661034346,ret_12m,main,161.0,full,1.0,2026-09-21
3353.0,,014730,华富荣盛一年持有期混合A,0.006508446183946637,ret_12m,main,37.8,full,1.0,2026-09-21
3354.0,,020884,鹏华成长先锋混合A,0.006505951900960039,ret_12m,main,24.8,short,1.0,2026-09-21
3355.0,,013830,中欧瑾尚混合A,0.006431286748916243,ret_12m,main,58.6,full,1.0,2026-09-21
3356.0,,090004,大成精选增值混合A,0.006418320327985061,ret_12m,main,261.2,full,1.0,2026-09-21
3357.0,,012479,汇安信泰稳健一年持有期混合A,0.006417081743404829,ret_12m,main,58.4,full,1.0,2026-09-21
3358.0,,004244,东方周期优选灵活配置混合A,0.006404297578464613,ret_12m,main,114.2,full,1.0,2026-09-21
3359.0,,002227,长城新优选混合A,0.006347645499787724,ret_12m,main,126.0,full,1.0,2026-09-21
3360.0,,014177,华安景气驱动一年持有混合A,0.006273282585093298,ret_12m,main,54.7,full,1.0,2026-09-21
3361.0,,005906,招商丰茂灵活混合发起式A,0.006270701589858874,ret_12m,main,99.1,full,1.0,2026-09-21
3362.0,,000065,国富焦点驱动混合A,0.006176640629981467,ret_12m,main,160.5,full,1.0,2026-09-21
3363.0,,002581,招商丰凯混合A,0.005988379553808043,ret_12m,main,120.9,full,1.0,2026-09-21
3364.0,,020768,中信保诚国企红利量化选股股票A,0.005888047078201897,ret_12m,main,30.0,short,1.0,2026-09-21
3365.0,,021826,国投瑞银磐睿量化选股混合A,0.00587896418617917,ret_12m,main,24.3,short,1.0,2026-09-21
3366.0,,014573,东方红锦弘甄选两年持有混合,0.005824500442152436,ret_12m,main,56.2,full,1.0,2026-09-21
3367.0,,519971,长信改革红利混合,0.005793569021311562,ret_12m,main,145.5,full,1.0,2026-09-21
3368.0,,021910,渤海汇金优选价值混合发起A,0.005788959834340357,ret_12m,main,25.7,short,1.0,2026-09-21
3369.0,,002612,融通通慧混合A/B,0.0057766529615523865,ret_12m,main,120.0,full,1.0,2026-09-21
3370.0,,004740,中欧瑞丰灵活配置混合C,0.00569328552751025,ret_12m,main,109.7,full,1.0,2026-09-21
3371.0,,008770,东方红安鑫甄选一年持有混合,0.005516542747746156,ret_12m,main,80.4,full,1.0,2026-09-21
3372.0,,970121,兴证资管金麒麟恒睿致远一年持有期混合C,0.00548633628077444,ret_12m,main,56.8,full,1.0,2026-09-21
3373.0,,004734,中欧瑾灵灵活配置混合A,0.005424246759720308,ret_12m,main,105.7,full,1.0,2026-09-21
3374.0,,162102,金鹰中小盘精选混合A,0.005367708477837851,ret_12m,main,267.8,full,1.0,2026-09-21
3375.0,,005347,诺德量化优选6个月持有期混合,0.005340286044460907,ret_12m,main,72.8,full,1.0,2026-09-21
3376.0,,020015,国泰区位优势混合A,0.005242718741878205,ret_12m,main,207.8,full,1.0,2026-09-21
3377.0,,011460,鹏华创新成长混合A,0.0049897519497967835,ret_12m,main,66.4,full,1.0,2026-09-21
3378.0,,000924,宝盈先进制造混合A,0.004906699210815546,ret_12m,main,141.1,full,1.0,2026-09-21
3379.0,,000294,华安生态优先混合A,0.004905501294185877,ret_12m,main,153.8,full,1.0,2026-09-21
3380.0,,011405,银华稳健增长一年持有期混合,0.004808328607734058,ret_12m,main,67.5,full,1.0,2026-09-21
3381.0,,010605,创金合信鑫祥混合A,0.004744441266061772,ret_12m,main,67.5,full,1.0,2026-09-21
3382.0,,008990,东方红匠心甄选一年持有混合,0.004711289876859759,ret_12m,main,78.9,full,1.0,2026-09-21
3383.0,,008629,大成景瑞稳健配置混合A,0.004636320109627556,ret_12m,main,76.8,full,1.0,2026-09-21
3384.0,,013630,嘉实均衡臻选一年持有混合A,0.004562938135835637,ret_12m,main,57.4,full,1.0,2026-09-21
3385.0,,010819,安信稳健回报6个月混合A,0.004531639388696496,ret_12m,main,69.0,full,1.0,2026-09-21
3386.0,,010293,华商量化优质精选混合,0.00451914795098296,ret_12m,main,70.8,full,1.0,2026-09-21
3387.0,,160921,大成多策略混合(LOF)A,0.004511829326214745,ret_12m,main,121.1,full,1.0,2026-09-21
3388.0,,006449,浙商汇金量化精选混合A,0.004457401196767741,ret_12m,main,89.9,full,1.0,2026-09-21
3389.0,,017415,中泰元和价值精选混合A,0.004411591115765612,ret_12m,main,43.1,full,1.0,2026-09-21
3390.0,,006879,华安智能生活混合A,0.004154971694786402,ret_12m,main,88.5,full,1.0,2026-09-21
3391.0,,010350,景顺长城品质长青混合A,0.004138836476930363,ret_12m,main,67.4,full,1.0,2026-09-21
3392.0,,002307,银华多元视野灵活配置混合,0.004084084058919801,ret_12m,main,124.1,full,1.0,2026-09-21
3393.0,,011736,宝盈祥庆9个月持有混合A,0.004025347705681526,ret_12m,main,61.6,full,1.0,2026-09-21
3394.0,,011793,建信智能汽车股票,0.004016257869211337,ret_12m,main,60.4,full,1.0,2026-09-21
3395.0,,013985,融通稳健增利6个月持有混合A,0.00399662892524133,ret_12m,main,57.7,full,1.0,2026-09-21
3396.0,,020801,易方达红利混合A,0.003953401442055249,ret_12m,main,26.1,short,1.0,2026-09-21
3397.0,,012051,申万菱信乐道三年持有期混合,0.003943209223467248,ret_12m,main,63.4,full,1.0,2026-09-21
3398.0,,009114,鹏扬景泓回报灵活配置混合A,0.003875791439215792,ret_12m,main,72.4,full,1.0,2026-09-21
3399.0,,016645,富国恒享回报12个月持有混合A,0.003869622736417888,ret_12m,main,46.1,full,1.0,2026-09-21
3400.0,,001485,华安添颐混合A,0.0038650638672301785,ret_12m,main,135.2,full,1.0,2026-09-21
3401.0,,000530,招商丰盛稳定增长混合A,0.003669761880892519,ret_12m,main,150.1,full,1.0,2026-09-21
3402.0,,020117,南华丰元量化选股混合A,0.0035194864728489428,ret_12m,main,31.9,short,1.0,2026-09-21
3403.0,,023584,中欧红利智选混合A,0.0034993478120239896,ret_12m,main,17.4,short,1.0,2026-09-21
3404.0,,018101,贝莱德卓越远航混合A,0.0034789764282454616,ret_12m,main,28.0,short,1.0,2026-09-21
3405.0,,010746,富安达长三角区域主题混合A,0.003311300357043301,ret_12m,main,69.0,full,1.0,2026-09-21
3406.0,,009031,工银聚和一年定开混合A,0.0030879253772269077,ret_12m,main,76.4,full,1.0,2026-09-21
3407.0,,002640,中信建投睿溢混合A,0.0030618103834723076,ret_12m,main,124.1,full,1.0,2026-09-21
3408.0,,024175,中欧大盘价值混合A,0.0030144446331168417,ret_12m,main,15.5,short,1.0,2026-09-21
3409.0,,006323,合煦智远嘉选混合A,0.0028118668478758213,ret_12m,main,96.1,full,1.0,2026-09-21
3410.0,,270002,广发稳健增长混合A,0.0027923452113522984,ret_12m,main,265.9,full,1.0,2026-09-21
3411.0,,003956,南方产业智选股票A,0.0027711923392543802,ret_12m,main,115.8,full,1.0,2026-09-21
3412.0,,007387,融通通慧混合C,0.0027675151711439305,ret_12m,main,88.2,full,1.0,2026-09-21
3413.0,,021147,财通华臻量化选股混合A,0.0026854342011919385,ret_12m,main,28.5,short,1.0,2026-09-21
3414.0,,001584,国投瑞银新活力混合A,0.0023036459012968358,ret_12m,main,130.1,full,1.0,2026-09-21
3415.0,,519002,华安安信消费混合A,0.0022392195151557104,ret_12m,main,158.9,full,1.0,2026-09-21
3416.0,,012377,长盛安睿一年持有混合A,0.001967520404349221,ret_12m,main,60.9,full,1.0,2026-09-21
3417.0,,519170,浦银增长动力混合A,0.0018621036186177164,ret_12m,main,138.3,full,1.0,2026-09-21
3418.0,,009380,富安达科技领航混合A,0.0014638281689569599,ret_12m,main,75.1,full,1.0,2026-09-21
3419.0,,010273,嘉实价值长青混合A,0.0014269201231071893,ret_12m,main,68.9,full,1.0,2026-09-21
3420.0,,009853,中加优势企业混合A,0.0014152799327198373,ret_12m,main,73.3,full,1.0,2026-09-21
3421.0,,001157,国联安睿祺灵活配置混合,0.001401763296562386,ret_12m,main,137.5,full,1.0,2026-09-21
3422.0,,013636,国投瑞银策略回报混合A,0.0012952053437675914,ret_12m,main,58.1,full,1.0,2026-09-21
3423.0,,013267,天弘安康颐利混合A,0.0012911912499180556,ret_12m,main,53.2,full,1.0,2026-09-21
3424.0,,013634,申万菱信双利混合A,0.0012354760100241613,ret_12m,main,58.8,full,1.0,2026-09-21
3425.0,,011767,泰康合润混合A,0.0011796703070034997,ret_12m,main,65.5,full,1.0,2026-09-21
3426.0,,004710,民生加银鹏程混合A,0.0011527404821574105,ret_12m,main,103.2,full,1.0,2026-09-21
3427.0,,013776,中泰兴为价值精选混合A,0.0010752747955895536,ret_12m,main,56.1,full,1.0,2026-09-21
3428.0,,002614,中银颐利混合A,0.001036603574214201,ret_12m,main,121.4,full,1.0,2026-09-21
3429.0,,003044,东方红战略精选混合A,0.0009705391668415331,ret_12m,main,120.7,full,1.0,2026-09-21
3430.0,,008704,广发高股息优享混合A,0.000804907602349747,ret_12m,main,80.0,full,1.0,2026-09-21
3431.0,,008545,泓德丰润三年持有期混合,0.0007466140641760877,ret_12m,main,80.2,full,1.0,2026-09-21
3432.0,,002535,中银鑫利混合A,0.000706720629384483,ret_12m,main,125.9,full,1.0,2026-09-21
3433.0,,008723,永赢鑫享混合A,0.0006620690397380891,ret_12m,main,72.4,full,1.0,2026-09-21
3434.0,,020558,工银健康产业混合A,0.0006219006349383882,ret_12m,main,24.5,short,1.0,2026-09-21
3435.0,,217005,招商先锋混合,0.0006072627918074502,ret_12m,main,267.7,full,1.0,2026-09-21
3436.0,,010036,广发恒通六个月持有期混合A,0.0005428339924227199,ret_12m,main,70.5,full,1.0,2026-09-21
3437.0,,008290,华安现代生活混合,0.00047226977794156966,ret_12m,main,76.8,full,1.0,2026-09-21
3438.0,,002363,华安安康灵活配置混合A,0.0004155302284751805,ret_12m,main,127.6,full,1.0,2026-09-21
3439.0,,070032,嘉实优化红利混合A,0.00034016277947879203,ret_12m,main,170.8,full,1.0,2026-09-21
3440.0,,023169,兴证资管国企红利优选混合发起式A,0.0003221672315194546,ret_12m,main,20.4,short,1.0,2026-09-21
3441.0,,011015,嘉合锦元回报混合A,0.0002553566083620673,ret_12m,main,66.0,full,1.0,2026-09-21
3442.0,,012161,安信招信一年持有混合A,0.00012859595572134452,ret_12m,main,64.1,full,1.0,2026-09-21
3443.0,,001071,华安媒体互联网混合A,-4.5819965773685745e-05,ret_12m,main,136.2,full,1.0,2026-09-21
3444.0,,009636,华泰柏瑞景气优选A,-0.00014385301343844414,ret_12m,main,75.1,full,1.0,2026-09-21
3445.0,,011071,鹏华安悦一年持有期混合A,-0.00014595389028537742,ret_12m,main,67.4,full,1.0,2026-09-21
3446.0,,002461,中银珍利混合A,-0.00018716464564816349,ret_12m,main,126.4,full,1.0,2026-09-21
3447.0,,021995,南华丰睿量化选股混合A,-0.00023302064426633518,ret_12m,main,22.5,short,1.0,2026-09-21
3448.0,,000584,新华鑫益灵活配置混合C,-0.00035107662067335177,ret_12m,main,149.2,full,1.0,2026-09-21
3449.0,,000195,工银成长收益混合A,-0.00038630159092400973,ret_12m,main,158.9,full,1.0,2026-09-21
3450.0,,001942,前海开源沪港深汇鑫混合A,-0.0004275325409682784,ret_12m,main,124.1,full,1.0,2026-09-21
3451.0,,015104,博道研究恒选混合A,-0.0007467123615524374,ret_12m,main,51.6,full,1.0,2026-09-21
3452.0,,420009,天弘安康颐养混合A,-0.0007871284704080717,ret_12m,main,165.7,full,1.0,2026-09-21
3453.0,,012184,大成创新趋势混合A,-0.0008661134412132343,ret_12m,main,63.9,full,1.0,2026-09-21
3454.0,,012113,融通稳健增长一年持有期混合A,-0.0009028340825851799,ret_12m,main,60.2,full,1.0,2026-09-21
3455.0,,005481,银华瑞泰灵活配置混合A,-0.0011105826445331202,ret_12m,main,103.4,full,1.0,2026-09-21
3456.0,,016844,红土创新稳益6个月持有期混合A,-0.001179076429896786,ret_12m,main,42.2,full,1.0,2026-09-21
3457.0,,011293,中金恒远一年持有期混合,-0.0012618642081380083,ret_12m,main,65.5,full,1.0,2026-09-21
3458.0,,001325,鹏华弘和混合A,-0.001271881850632206,ret_12m,main,135.9,full,1.0,2026-09-21
3459.0,,014598,永赢合享混合发起A,-0.001328733965487272,ret_12m,main,57.0,full,1.0,2026-09-21
3460.0,,016528,广发稳宏一年持有混合A,-0.0013365431531729977,ret_12m,main,41.5,full,1.0,2026-09-21
3461.0,,003132,德邦新回报灵活配置混合A,-0.0013477019539758217,ret_12m,main,116.2,full,1.0,2026-09-21
3462.0,,010692,华夏核心价值混合A,-0.0013777325462537293,ret_12m,main,65.1,full,1.0,2026-09-21
3463.0,,005341,长安裕泰混合A,-0.0014358439498742825,ret_12m,main,104.8,full,1.0,2026-09-21
3464.0,,016067,鹏华新能源汽车混合A,-0.001483496976180887,ret_12m,main,49.9,full,1.0,2026-09-21
3465.0,,018139,中金先进制造混合A,-0.001568511005248241,ret_12m,main,35.4,short,1.0,2026-09-21
3466.0,,011601,前海开源公共卫生股票A,-0.0015722506718935936,ret_12m,main,65.9,full,1.0,2026-09-21
3467.0,,090015,大成内需增长混合A,-0.0016897997612630444,ret_12m,main,183.3,full,1.0,2026-09-21
3468.0,,011798,华安宁享6个月混合A,-0.0017323443676111605,ret_12m,main,61.1,full,1.0,2026-09-21
3469.0,,004913,中银证券聚瑞混合A,-0.0018291449077624256,ret_12m,main,105.7,full,1.0,2026-09-21
3470.0,,009960,银华多元机遇混合,-0.0019661880461164793,ret_12m,main,72.3,full,1.0,2026-09-21
3471.0,,003062,银华通利混合A,-0.002106542282420909,ret_12m,main,121.5,full,1.0,2026-09-21
3472.0,,000892,九泰天宝灵活配置混合A,-0.002148317361926444,ret_12m,main,134.0,full,1.0,2026-09-21
3473.0,,005270,太平改革红利精选混合,-0.002160433674070039,ret_12m,main,105.7,full,1.0,2026-09-21
3474.0,,001445,华安国企改革主题灵活配置混合A,-0.002212807897798208,ret_12m,main,134.8,full,1.0,2026-09-21
3475.0,,560002,益民红利成长混合,-0.002261022438481697,ret_12m,main,238.0,full,1.0,2026-09-21
3476.0,,000916,前海开源股息率100强股票A,-0.0024213511212592964,ret_12m,main,140.3,full,1.0,2026-09-21
3477.0,,019991,中欧红利精选混合发起A,-0.0024269880456210258,ret_12m,main,26.2,short,1.0,2026-09-21
3478.0,,011748,华泰柏瑞景气成长混合A,-0.002588123605913095,ret_12m,main,60.2,full,1.0,2026-09-21
3479.0,,022555,天弘安康颐利混合F,-0.0027048107911260555,ret_12m,main,22.4,short,1.0,2026-09-21
3480.0,,012088,东方红锦和甄选18个月持有混合A,-0.0030611957044665017,ret_12m,main,64.1,full,1.0,2026-09-21
3481.0,,000612,华宝生态中国混合A,-0.003215955228719536,ret_12m,main,147.3,full,1.0,2026-09-21
3482.0,,014311,大成优质精选混合A,-0.003319605041159468,ret_12m,main,49.8,full,1.0,2026-09-21
3483.0,,016834,东方红共赢甄选一年持有混合A,-0.0036340756613378877,ret_12m,main,42.5,full,1.0,2026-09-21
3484.0,,011390,华安添祥6个月持有混合A,-0.003719703641365202,ret_12m,main,62.0,full,1.0,2026-09-21
3485.0,,003993,前海开源沪港深核心驱动混合,-0.0038648039557761527,ret_12m,main,117.3,full,1.0,2026-09-21
3486.0,,014706,华富匠心明选一年持有混合A,-0.003930640709642774,ret_12m,main,53.9,full,1.0,2026-09-21
3487.0,,012445,华富新能源股票型发起式A,-0.004003209110079786,ret_12m,main,62.8,full,1.0,2026-09-21
3488.0,,006051,鹏扬核心价值灵活配置A,-0.004012757958408164,ret_12m,main,91.7,full,1.0,2026-09-21
3489.0,,024413,中欧核心价值混合发起A,-0.0040666261515133195,ret_12m,main,13.4,short,1.0,2026-09-21
3490.0,,257050,国联安主题驱动混合A,-0.004154179245706047,ret_12m,main,204.8,full,1.0,2026-09-21
3491.0,,008866,博时产业新趋势混合A,-0.004163387862988643,ret_12m,main,79.1,full,1.0,2026-09-21
3492.0,,160910,大成创新成长混合(LOF)A,-0.004187944902550034,ret_12m,main,231.0,full,1.0,2026-09-21
3493.0,,519062,海富通阿尔法对冲混合A,-0.004249437025809266,ret_12m,main,142.0,full,1.0,2026-09-21
3494.0,,206002,鹏华精选成长混合A,-0.004323406097606397,ret_12m,main,204.4,full,1.0,2026-09-21
3495.0,,000679,招商丰利灵活配置混合A,-0.004439198540544753,ret_12m,main,145.3,full,1.0,2026-09-21
3496.0,,012408,广发恒昌一年持有混合A,-0.004569048776452034,ret_12m,main,62.3,full,1.0,2026-09-21
3497.0,,024452,博时卓睿成长股票A,-0.004667801322086884,ret_12m,main,15.0,short,0.9723,2026-09-21
3498.0,,400007,东方策略成长混合,-0.004758644290473679,ret_12m,main,219.6,full,1.0,2026-09-21
3499.0,,011363,南方兴润价值一年持有混合A,-0.004771922526715544,ret_12m,main,67.5,full,1.0,2026-09-21
3500.0,,017824,华安新材料主题股票发起式A,-0.004806545509875471,ret_12m,main,34.2,short,1.0,2026-09-21
3501.0,,730002,方正富邦红利精选混合A,-0.004878100121956774,ret_12m,main,166.0,full,1.0,2026-09-21
3502.0,,008134,鹏华优选价值股票A,-0.004929699195931669,ret_12m,main,81.1,full,1.0,2026-09-21
3503.0,,021857,东方红远见精选混合A,-0.004930909803969263,ret_12m,main,18.6,short,1.0,2026-09-21
3504.0,,501092,交银瑞思混合(LOF),-0.0050738659823160726,ret_12m,main,79.0,full,1.0,2026-09-21
3505.0,,550008,中信保诚优胜精选混合A,-0.005098899486071673,ret_12m,main,204.8,full,1.0,2026-09-21
3506.0,,017742,中欧行业鑫选混合A,-0.00515676252896935,ret_12m,main,39.2,full,1.0,2026-09-21
3507.0,,005669,前海开源公用事业股票,-0.0052728164769692,ret_12m,main,102.0,full,1.0,2026-09-21
3508.0,,010369,大成卓享一年持有混合A,-0.005301755127953167,ret_12m,main,70.1,full,1.0,2026-09-21
3509.0,,014576,农银汇理瑞丰6个月持有混合,-0.0053280994931906855,ret_12m,main,54.0,full,1.0,2026-09-21
3510.0,,001569,泰信国策驱动灵活配置混合,-0.005406909364345958,ret_12m,main,130.8,full,1.0,2026-09-21
3511.0,,010599,汇添富高质量成长30一年混合A,-0.005497008098953593,ret_12m,main,67.4,full,1.0,2026-09-21
3512.0,,012029,广发恒鑫一年持有期混合A,-0.005506568943520529,ret_12m,main,64.2,full,1.0,2026-09-21
3513.0,,009121,广发招享混合A,-0.005686751647010491,ret_12m,main,77.0,full,1.0,2026-09-21
3514.0,,014944,蜂巢润和六个月持有期混合A,-0.005714022391732354,ret_12m,main,49.4,full,1.0,2026-09-21
3515.0,,018539,中银富利6个月持有期混合A,-0.005822877329969112,ret_12m,main,35.1,short,1.0,2026-09-21
3516.0,,009366,浦银科技创新一年持有混合A,-0.005894631407022177,ret_12m,main,69.2,full,1.0,2026-09-21
3517.0,,008838,德邦量化对冲混合A,-0.005944073113596571,ret_12m,main,76.7,full,1.0,2026-09-21
3518.0,,002156,长盛盛世混合A,-0.006066795452914886,ret_12m,main,129.3,full,1.0,2026-09-21
3519.0,,003333,泰信智选成长灵活配置混合A,-0.006086500455097399,ret_12m,main,117.0,full,1.0,2026-09-21
3520.0,,002657,招商安裕灵活配置混合A,-0.006119748394958324,ret_12m,main,123.0,full,1.0,2026-09-21
3521.0,,000196,工银成长收益混合B,-0.006138616922909401,ret_12m,main,158.9,full,1.0,2026-09-21
3522.0,,009296,南方誉慧一年混合A,-0.006186002109416222,ret_12m,main,76.7,full,1.0,2026-09-21
3523.0,,011256,交银鸿光一年混合A,-0.006222891325720625,ret_12m,main,66.5,full,1.0,2026-09-21
3524.0,,005662,嘉实金融精选股票A,-0.0063413707077941694,ret_12m,main,102.3,full,1.0,2026-09-21
3525.0,,001500,泓德远见回报混合,-0.006509370019181726,ret_12m,main,132.9,full,1.0,2026-09-21
3526.0,,000729,建信中小盘先锋股票A,-0.00664734972132619,ret_12m,main,145.1,full,1.0,2026-09-21
3527.0,,021273,摩根均衡精选混合A,-0.0066497214826383155,ret_12m,main,24.6,short,1.0,2026-09-21
3528.0,,014539,华安优势精选混合A,-0.006868995908342779,ret_12m,main,55.8,full,1.0,2026-09-21
3529.0,,011383,富安达医药创新混合A,-0.007016535587031414,ret_12m,main,66.4,full,1.0,2026-09-21
3530.0,,001195,工银农业产业股票,-0.007137556762588093,ret_12m,main,135.9,full,1.0,2026-09-21
3531.0,,010876,浙商智选先锋一年持有混合A,-0.007250886492986441,ret_12m,main,61.4,full,1.0,2026-09-21
3532.0,,009956,广发恒誉混合A,-0.007390268272701617,ret_12m,main,69.4,full,1.0,2026-09-21
3533.0,,620006,金元顺安消费主题混合,-0.0075078270086545995,ret_12m,main,192.2,full,1.0,2026-09-21
3534.0,,022223,泉果消费机遇混合发起式A,-0.007510524542104435,ret_12m,main,23.8,short,1.0,2026-09-21
3535.0,,021985,财通资管先进制造混合发起式A,-0.007613746494020135,ret_12m,main,23.2,short,1.0,2026-09-21
3536.0,,160211,国泰中小盘成长混合(LOF),-0.007636588263261412,ret_12m,main,201.9,full,1.0,2026-09-21
3537.0,,011791,招商瑞盈9个月持有期混合A,-0.00787521689116022,ret_12m,main,61.8,full,1.0,2026-09-21
3538.0,,010503,招商稳兴混合A,-0.008110825391014598,ret_12m,main,67.5,full,1.0,2026-09-21
3539.0,,023959,渤海汇金鑫泉平衡混合发起A,-0.008143846832767365,ret_12m,main,14.6,short,1.0,2026-09-21
3540.0,,001965,圆信永丰兴源灵活配置混合A,-0.00837748785467718,ret_12m,main,111.0,full,1.0,2026-09-21
3541.0,,018484,财通资管医疗保健混合A,-0.00839243093847919,ret_12m,main,37.6,full,1.0,2026-09-21
3542.0,,013983,中金稳健增长混合A,-0.008542376417226216,ret_12m,main,54.2,full,1.0,2026-09-21
3543.0,,010425,国投瑞银开放视角精选混合A,-0.008631575634421518,ret_12m,main,67.6,full,1.0,2026-09-21
3544.0,,022157,东兴红利优选混合A,-0.008666428730010889,ret_12m,main,21.8,short,1.0,2026-09-21
3545.0,,005037,银华新能源新材料A,-0.008695659608640605,ret_12m,main,108.2,full,1.0,2026-09-21
3546.0,,005498,银华积极成长混合A,-0.008703708421238243,ret_12m,main,101.8,full,1.0,2026-09-21
3547.0,,018806,华安国企机遇混合A,-0.008729650292336744,ret_12m,main,31.8,short,1.0,2026-09-21
3548.0,,005812,鹏华产业精选混合A,-0.008754121333229947,ret_12m,main,100.4,full,1.0,2026-09-21
3549.0,,012138,景顺长城安益回报一年持有混合A,-0.008805179533801333,ret_12m,main,63.1,full,1.0,2026-09-21
3550.0,,009376,景顺长城成长领航混合,-0.008839689886972368,ret_12m,main,75.8,full,1.0,2026-09-21
3551.0,,005974,东方红配置精选混合A,-0.00887021947535438,ret_12m,main,100.0,full,1.0,2026-09-21
3552.0,,009630,浦银ESG责任投资混合A,-0.008871906733548318,ret_12m,main,66.2,full,1.0,2026-09-21
3553.0,,005833,工银红利优享混合A,-0.008888197738909254,ret_12m,main,92.9,full,1.0,2026-09-21
3554.0,,011727,工银聚瑞混合A,-0.008901219605756405,ret_12m,main,63.8,full,1.0,2026-09-21
3555.0,,014666,工银优质发展混合A,-0.008918308319312507,ret_12m,main,51.9,full,1.0,2026-09-21
3556.0,,000452,南方医药保健混合A,-0.008993585963600337,ret_12m,main,151.9,full,1.0,2026-09-21
3557.0,,011717,浦银均衡优选6个月持有混合A,-0.009027032732254137,ret_12m,main,63.9,full,1.0,2026-09-21
3558.0,,006547,红塔红土盛弘混合A,-0.009140232049905106,ret_12m,main,94.5,full,1.0,2026-09-21
3559.0,,004403,平安股息精选沪港深A,-0.009140407684603669,ret_12m,main,112.2,full,1.0,2026-09-21
3560.0,,016774,中信建投红利智选混合A,-0.00914456821841203,ret_12m,main,46.9,full,1.0,2026-09-21
3561.0,,010929,大成核心价值甄选混合A,-0.009217550243113437,ret_12m,main,66.2,full,1.0,2026-09-21
3562.0,,009347,国联价值成长6个月持有混合A,-0.009223384492332398,ret_12m,main,73.5,full,1.0,2026-09-21
3563.0,,009312,前海联合价值优选混合A,-0.009224540892473043,ret_12m,main,74.5,full,1.0,2026-09-21
3564.0,,001703,银华沪港深增长股票A,-0.009536230033638238,ret_12m,main,121.4,full,1.0,2026-09-21
3565.0,,006700,红土创新稳健混合A,-0.00954056144402815,ret_12m,main,90.3,full,1.0,2026-09-21
3566.0,,003715,宝盈消费主题混合,-0.009618516852694659,ret_12m,main,116.0,full,1.0,2026-09-21
3567.0,,002282,平安安享灵活配置混合A,-0.009679096160621126,ret_12m,main,127.6,full,1.0,2026-09-21
3568.0,,000803,工银研究精选股票,-0.009700698429188637,ret_12m,main,142.9,full,1.0,2026-09-21
3569.0,,008835,富国量化对冲策略三个月持有期混合A,-0.010082767513565516,ret_12m,main,78.9,full,1.0,2026-09-21
3570.0,,013184,广发恒阳一年持有混合A,-0.01009997529453266,ret_12m,main,58.8,full,1.0,2026-09-21
3571.0,,001319,农银信息传媒股票A,-0.01021194124188185,ret_12m,main,134.9,full,1.0,2026-09-21
3572.0,,233009,大摩多因子策略混合A,-0.01027540623490042,ret_12m,main,184.2,full,1.0,2026-09-21
3573.0,,010688,招商瑞德一年持有期混合A,-0.010334739411359761,ret_12m,main,67.8,full,1.0,2026-09-21
3574.0,,000126,招商安润灵活配置混合A,-0.010345030977223613,ret_12m,main,161.1,full,1.0,2026-09-21
3575.0,,010465,鹏扬景创混合A,-0.010353856334933353,ret_12m,main,69.8,full,1.0,2026-09-21
3576.0,,020186,上银国企红利混合发起式A,-0.010487544356335365,ret_12m,main,30.6,short,1.0,2026-09-21
3577.0,,011243,万家惠裕回报6个月持有期混合A,-0.010547964953684152,ret_12m,main,62.8,full,1.0,2026-09-21
3578.0,,002313,宏利新起点混合B,-0.010574385407575715,ret_12m,main,127.9,full,1.0,2026-09-21
3579.0,,000755,富安达新兴成长混合A,-0.010596516590371197,ret_12m,main,144.3,full,1.0,2026-09-21
3580.0,,018240,嘉实制造升级股票发起式A,-0.010600243548874788,ret_12m,main,37.9,full,1.0,2026-09-21
3581.0,,001287,安信优势增长混合A,-0.010670300632092289,ret_12m,main,136.1,full,1.0,2026-09-21
3582.0,,014068,工银瑞信悦享混合A,-0.010698387306134483,ret_12m,main,57.1,full,1.0,2026-09-21
3583.0,,016830,广发恒裕一年持有期混合A,-0.01079593349686847,ret_12m,main,39.3,full,1.0,2026-09-21
3584.0,,017011,广发安润一年持有期混合A,-0.010827576830022778,ret_12m,main,39.8,full,1.0,2026-09-21
3585.0,,165512,中信保诚新机遇混合(LOF),-0.010843223266140178,ret_12m,main,181.7,full,1.0,2026-09-21
3586.0,,400013,东方成长收益灵活配置混合A,-0.01091310718060956,ret_12m,main,185.3,full,1.0,2026-09-21
3587.0,,011956,鹏华新能源精选混合A,-0.010997721475553557,ret_12m,main,62.0,full,1.0,2026-09-21
3588.0,,008294,朱雀企业优胜A,-0.011287995157471364,ret_12m,main,76.0,full,1.0,2026-09-21
3589.0,,006122,华安低碳生活混合A,-0.011370722651429022,ret_12m,main,90.3,full,1.0,2026-09-21
3590.0,,011044,中银顺泽回报一年持有期混合A,-0.01141067623772174,ret_12m,main,68.3,full,1.0,2026-09-21
3591.0,,012268,浙商智多享稳健混合发起式A,-0.011425942813962253,ret_12m,main,61.9,full,1.0,2026-09-21
3592.0,,010532,广发恒信一年持有期混合A,-0.011599281387694393,ret_12m,main,68.3,full,1.0,2026-09-21
3593.0,,009999,东方中国红利混合,-0.011700228833545934,ret_12m,main,71.7,full,1.0,2026-09-21
3594.0,,011046,富国优质企业混合A,-0.011730207888703492,ret_12m,main,66.1,full,1.0,2026-09-21
3595.0,,018698,国投瑞银盛煊混合A,-0.011751051795813261,ret_12m,main,32.9,short,1.0,2026-09-21
3596.0,,161605,融通蓝筹成长混合A/B,-0.011871323632136943,ret_12m,main,275.7,full,1.0,2026-09-21
3597.0,,000926,中信建投睿信灵活配置混合A,-0.011896478717215997,ret_12m,main,139.6,full,1.0,2026-09-21
3598.0,,001914,中信建投聚利混合A,-0.011935670302430701,ret_12m,main,130.3,full,1.0,2026-09-21
3599.0,,019876,广发均衡成长混合A,-0.01203212768600359,ret_12m,main,28.9,short,1.0,2026-09-21
3600.0,,007460,华安成长创新混合A,-0.01208771668244013,ret_12m,main,86.8,full,1.0,2026-09-21
3601.0,,011992,汇安泓利一年持有期混合C,-0.012212545226827354,ret_12m,main,64.5,full,1.0,2026-09-21
3602.0,,019497,博道明远混合A,-0.01223650365424056,ret_12m,main,31.7,short,1.0,2026-09-21
3603.0,,001306,中欧永裕混合A,-0.012275019287130484,ret_12m,main,135.6,full,1.0,2026-09-21
3604.0,,017868,民生加银均衡优选混合A,-0.01229149091454751,ret_12m,main,40.6,full,1.0,2026-09-21
3605.0,,014228,浦银品质优选混合A,-0.012299862811504414,ret_12m,main,56.8,full,1.0,2026-09-21
3606.0,,008547,博道安远6个月持有期混合,-0.012414360848057582,ret_12m,main,80.1,full,1.0,2026-09-21
3607.0,,000410,益民服务领先混合A,-0.012492026340304996,ret_12m,main,153.0,full,1.0,2026-09-21
3608.0,,011733,银华瑞祥一年持有期混合,-0.012514266867896251,ret_12m,main,64.8,full,1.0,2026-09-21
3609.0,,017400,贝莱德行业优选混合A,-0.012540604773673913,ret_12m,main,41.8,full,1.0,2026-09-21
3610.0,,001720,工银新增利混合,-0.01270710407590081,ret_12m,main,116.7,full,1.0,2026-09-21
3611.0,,001044,嘉实新消费股票A,-0.01277624975318814,ret_12m,main,138.0,full,1.0,2026-09-21
3612.0,,770001,德邦优化A,-0.012981180297758077,ret_12m,main,167.9,full,1.0,2026-09-21
3613.0,,018862,大成创优鑫选混合A,-0.01300776451528296,ret_12m,main,12.9,short,0.9605,2026-09-21
3614.0,,010336,中欧悦享生活混合A,-0.013199620927576317,ret_12m,main,68.4,full,1.0,2026-09-21
3615.0,,260110,景顺长城精选蓝筹混合,-0.013280728982530965,ret_12m,main,231.1,full,1.0,2026-09-21
3616.0,,013326,万家景气驱动混合A,-0.013326990746068135,ret_12m,main,55.8,full,1.0,2026-09-21
3617.0,,024934,华夏臻选回报混合B,-0.013498522020189752,ret_12m,main,13.3,short,1.0,2026-09-21
3618.0,,006121,华安双核驱动混合A,-0.013506243516183791,ret_12m,main,90.5,full,1.0,2026-09-21
3619.0,,002296,长城行业轮动混合A,-0.01352117740570491,ret_12m,main,128.3,full,1.0,2026-09-21
3620.0,,160105,南方积极配置混合(LOF),-0.013535402150104292,ret_12m,main,263.2,full,1.0,2026-09-21
3621.0,,255010,国联安稳健混合A,-0.013537378223258623,ret_12m,main,277.5,full,1.0,2026-09-21
3622.0,,002767,泰康宏泰回报混合A,-0.01357998702098373,ret_12m,main,123.4,full,1.0,2026-09-21
3623.0,,161131,易方达科润混合(LOF),-0.013585583567550463,ret_12m,main,98.6,full,1.0,2026-09-21
3624.0,,015578,南方宝祥混合A,-0.013642598767360403,ret_12m,main,49.6,full,1.0,2026-09-21
3625.0,,001357,泓德泓富混合A,-0.013812579886374077,ret_12m,main,135.4,full,1.0,2026-09-21
3626.0,,001171,工银养老产业股票A,-0.013923889004973988,ret_12m,main,136.8,full,1.0,2026-09-21
3627.0,,001312,华安新优选灵活配置混合A,-0.014166802733751371,ret_12m,main,135.8,full,1.0,2026-09-21
3628.0,,168101,九泰锐智事件驱动混合(LOF),-0.014471816398897941,ret_12m,main,133.3,full,1.0,2026-09-21
3629.0,,014686,招商核心装备混合A,-0.01452629284883189,ret_12m,main,49.9,full,1.0,2026-09-21
3630.0,,240008,华宝收益增长混合A,-0.014532499356694095,ret_12m,main,243.2,full,1.0,2026-09-21
3631.0,,018620,兴全兴晨六个月持有混合A,-0.01453573552659726,ret_12m,main,37.7,full,1.0,2026-09-21
3632.0,,002057,中银新机遇混合A,-0.014653367681109142,ret_12m,main,130.1,full,1.0,2026-09-21
3633.0,,001449,华商双驱优选混合,-0.014740152235243165,ret_12m,main,134.5,full,1.0,2026-09-21
3634.0,,002653,泰康沪港深精选混合,-0.014771771354859742,ret_12m,main,123.5,full,1.0,2026-09-21
3635.0,,008719,德邦安顺混合A,-0.015086519308294966,ret_12m,main,67.0,full,1.0,2026-09-21
3636.0,,070006,嘉实服务增值行业混合,-0.015482800786772222,ret_12m,main,269.7,full,1.0,2026-09-21
3637.0,,005492,农银汇理研究驱动混合,-0.015544148255259405,ret_12m,main,103.9,full,1.0,2026-09-21
3638.0,,005521,华安红利精选混合A,-0.015567895101205265,ret_12m,main,104.0,full,1.0,2026-09-21
3639.0,,015100,华泰柏瑞低碳经济智选混合A,-0.015789020590916136,ret_12m,main,49.6,full,1.0,2026-09-21
3640.0,,001635,万家瑞益灵活配置混合A,-0.01582408291363513,ret_12m,main,129.5,full,1.0,2026-09-21
3641.0,,018381,安信红利精选混合A,-0.015838611374015876,ret_12m,main,34.2,short,1.0,2026-09-21
3642.0,,009846,国富港股通远见价值混合A,-0.01586915335080341,ret_12m,main,73.1,full,1.0,2026-09-21
3643.0,,004453,前海开源盈鑫A,-0.015904932221913692,ret_12m,main,114.0,full,1.0,2026-09-21
3644.0,,006803,嘉实互通精选股票,-0.0160656611882688,ret_12m,main,91.0,full,1.0,2026-09-21
3645.0,,010597,创金合信景雯灵活配置混合A,-0.016204621884522208,ret_12m,main,67.0,full,1.0,2026-09-21
3646.0,,161706,招商优质成长混合(LOF),-0.016242996710055024,ret_12m,main,250.1,full,1.0,2026-09-21
3647.0,,010712,中欧瑾利混合A,-0.0162530562709009,ret_12m,main,68.7,full,1.0,2026-09-21
3648.0,,007251,广发睿享稳健增利混合A,-0.016312705767094204,ret_12m,main,85.0,full,1.0,2026-09-21
3649.0,,015071,鑫元专精特新混合A,-0.01638183828276385,ret_12m,main,51.2,full,1.0,2026-09-21
3650.0,,010393,工银健康生活混合A,-0.016450813783006613,ret_12m,main,70.4,full,1.0,2026-09-21
3651.0,,519130,海富通新内需混合A,-0.01652829667973199,ret_12m,main,141.8,full,1.0,2026-09-21
3652.0,,762001,国金国鑫发起A,-0.01655737142471725,ret_12m,main,168.8,full,1.0,2026-09-21
3653.0,,019718,摩根悦享回报6个月持有期混合A,-0.016680893368493543,ret_12m,main,27.3,short,1.0,2026-09-21
3654.0,,519694,交银蓝筹混合,-0.016952882438601158,ret_12m,main,229.5,full,1.0,2026-09-21
3655.0,,022336,京管泰富创新动力混合发起A,-0.017052204842865182,ret_12m,main,20.9,short,1.0,2026-09-21
3656.0,,519918,华夏兴和混合A,-0.017064388168462008,ret_12m,main,147.1,full,1.0,2026-09-21
3657.0,,019971,融通蓝筹成长混合C,-0.0174803466912421,ret_12m,main,34.5,short,1.0,2026-09-21
3658.0,,000471,富国城镇发展股票,-0.017735395890683514,ret_12m,main,151.8,full,1.0,2026-09-21
3659.0,,400025,东方新兴成长混合,-0.01785769010692828,ret_12m,main,144.6,full,1.0,2026-09-21
3660.0,,014121,大成品质医疗股票A,-0.017870422121211482,ret_12m,main,52.5,full,1.0,2026-09-21
3661.0,,004900,财通资管鑫锐混合A,-0.0180253580137536,ret_12m,main,105.5,full,1.0,2026-09-21
3662.0,,010457,广发睿鑫混合A,-0.018143280523752692,ret_12m,main,66.1,full,1.0,2026-09-21
3663.0,,005395,泓德臻远回报混合,-0.018467549307002784,ret_12m,main,100.6,full,1.0,2026-09-21
3664.0,,003345,安信新成长混合A,-0.018550853745539775,ret_12m,main,119.7,full,1.0,2026-09-21
3665.0,,010764,九泰锐升混合,-0.018595393053514098,ret_12m,main,68.0,full,1.0,2026-09-21
3666.0,,005117,金信价值精选混合A,-0.018699822096472363,ret_12m,main,108.6,full,1.0,2026-09-21
3667.0,,014585,银华心兴三年持有混合A,-0.01895899272019219,ret_12m,main,56.0,full,1.0,2026-09-21
3668.0,,420003,天弘永定价值成长混合A,-0.01923387678855959,ret_12m,main,213.6,full,1.0,2026-09-21
3669.0,,006002,工银医药健康股票A,-0.019314291612839374,ret_12m,main,97.7,full,1.0,2026-09-21
3670.0,,006718,国融融盛龙头严选混合A,-0.019330055726868856,ret_12m,main,87.8,full,1.0,2026-09-21
3671.0,,006435,景顺长城创新成长混合,-0.019396059805861454,ret_12m,main,83.2,full,1.0,2026-09-21
3672.0,,010347,农银策略收益一年持有混合,-0.01953396633044424,ret_12m,main,67.8,full,1.0,2026-09-21
3673.0,,010163,财通资管价值精选一年持有混合A,-0.0195582802494364,ret_12m,main,63.9,full,1.0,2026-09-21
3674.0,,005552,国富新趋势混合A,-0.0195736954242669,ret_12m,main,103.4,full,1.0,2026-09-21
3675.0,,024935,华夏臻选回报混合C,-0.019589986168331852,ret_12m,main,13.3,short,1.0,2026-09-21
3676.0,,019340,西部利得研究精选混合A,-0.01988692428737915,ret_12m,main,29.9,short,1.0,2026-09-21
3677.0,,002489,国泰民福策略价值混合A,-0.02003995154109217,ret_12m,main,125.8,full,1.0,2026-09-21
3678.0,,000567,广发聚祥灵活混合,-0.02005449438765472,ret_12m,main,149.1,full,1.0,2026-09-21
3679.0,,008063,汇添富大盘核心资产混合A,-0.020370780550770573,ret_12m,main,80.4,full,1.0,2026-09-21
3680.0,,020224,创金合信均益量化选股混合A,-0.020415758685923158,ret_12m,main,26.8,short,1.0,2026-09-21
3681.0,,690003,民生加银精选混合,-0.020871037547182225,ret_12m,main,199.6,full,1.0,2026-09-21
3682.0,,018105,中欧聚优港股通混合发起A,-0.020958333577394517,ret_12m,main,41.4,full,1.0,2026-09-21
3683.0,,000529,广发竞争优势混合A,-0.02114793925001901,ret_12m,main,150.3,full,1.0,2026-09-21
3684.0,,000945,华夏医疗健康混合A,-0.02137421333263534,ret_12m,main,139.6,full,1.0,2026-09-21
3685.0,,009667,鹏华安庆混合A,-0.021384886525396718,ret_12m,main,74.9,full,1.0,2026-09-21
3686.0,,012003,招商价值成长混合A,-0.02152176714809506,ret_12m,main,61.0,full,1.0,2026-09-21
3687.0,,009230,鹏华安和混合A,-0.02152493327764049,ret_12m,main,75.1,full,1.0,2026-09-21
3688.0,,019864,浦银高端装备混合A,-0.021592367926246414,ret_12m,main,29.8,short,1.0,2026-09-21
3689.0,,519139,海富通沪港深混合A,-0.02191090824268127,ret_12m,main,118.3,full,1.0,2026-09-21
3690.0,,005331,益民优势安享混合A,-0.022187835029067515,ret_12m,main,101.0,full,1.0,2026-09-21
3691.0,,009693,富国积极成长一年定开混合,-0.02221762765130908,ret_12m,main,75.2,full,1.0,2026-09-21
3692.0,,002708,大摩健康产业混合A,-0.022267531198253088,ret_12m,main,122.7,full,1.0,2026-09-21
3693.0,,023433,金元顺安乾利混合A,-0.022399006054686144,ret_12m,main,12.7,short,0.9526,2026-09-21
3694.0,,011203,永赢惠添益混合A,-0.022563018275351232,ret_12m,main,66.2,full,1.0,2026-09-21
3695.0,,012661,广发恒益一年持有期混合A,-0.022617229655660154,ret_12m,main,61.6,full,1.0,2026-09-21
3696.0,,019628,中金成长领航混合发起A,-0.022643075302470783,ret_12m,main,23.2,short,1.0,2026-09-21
3697.0,,024678,东海产业优选混合发起式A,-0.02283576711192692,ret_12m,main,13.3,short,1.0,2026-09-21
3698.0,,011468,国富竞争优势三年持有期混合A,-0.022844256479258918,ret_12m,main,64.3,full,1.0,2026-09-21
3699.0,,020147,兴银价值平衡混合A,-0.022942459251453107,ret_12m,main,30.1,short,1.0,2026-09-21
3700.0,,005039,鹏扬景兴混合A,-0.02303046339824988,ret_12m,main,107.8,full,1.0,2026-09-21
3701.0,,021271,华泰紫金远见回报12个月持有混合A,-0.023082272835518114,ret_12m,main,27.2,short,1.0,2026-09-21
3702.0,,009368,浦银价值精选混合A,-0.023393439027349805,ret_12m,main,74.0,full,1.0,2026-09-21
3703.0,,012193,泓德睿诚混合A,-0.023617157903972785,ret_12m,main,60.8,full,1.0,2026-09-21
3704.0,,011389,国都聚成混合,-0.023635089484804306,ret_12m,main,65.9,full,1.0,2026-09-21
3705.0,,005323,前海开源泽鑫混合A,-0.023696997352910865,ret_12m,main,103.9,full,1.0,2026-09-21
3706.0,,009345,中银顺兴回报一年持有混合A,-0.02369810153687968,ret_12m,main,75.2,full,1.0,2026-09-21
3707.0,,002415,融通通盈灵活配置混合,-0.023835120208660854,ret_12m,main,126.2,full,1.0,2026-09-21
3708.0,,011531,朱雀恒心一年持有混合,-0.023842834251793454,ret_12m,main,66.7,full,1.0,2026-09-21
3709.0,,020075,财通资管创新成长混合A,-0.023979703062569024,ret_12m,main,29.9,short,1.0,2026-09-21
3710.0,,007493,朱雀产业臻选混合A,-0.024024867035108866,ret_12m,main,86.8,full,1.0,2026-09-21
3711.0,,019430,国联安价值甄选混合,-0.02409236038263063,ret_12m,main,28.3,short,1.0,2026-09-21
3712.0,,000706,中邮多策略灵活配置混合,-0.02442450487020198,ret_12m,main,145.9,full,1.0,2026-09-21
3713.0,,001579,国泰大农业股票A,-0.024564933584007465,ret_12m,main,111.2,full,1.0,2026-09-21
3714.0,,673120,西部利得新富混合A,-0.024632961829197164,ret_12m,main,111.2,full,1.0,2026-09-21
3715.0,,008480,永赢股息优选A,-0.024893356101391206,ret_12m,main,77.9,full,1.0,2026-09-21
3716.0,,005794,银华心怡灵活配置混合A,-0.024929856575288678,ret_12m,main,98.6,full,1.0,2026-09-21
3717.0,,160526,博时优势企业灵活配置混合A,-0.024994815214450905,ret_12m,main,87.6,full,1.0,2026-09-21
3718.0,,010922,朱雀匠心一年持有,-0.025163687893074993,ret_12m,main,69.0,full,1.0,2026-09-21
3719.0,,000696,汇添富环保行业股票,-0.025278331094224282,ret_12m,main,144.2,full,1.0,2026-09-21
3720.0,,013771,中加龙头精选混合A,-0.025383234501581864,ret_12m,main,55.4,full,1.0,2026-09-21
3721.0,,019941,富国洞见价值股票A,-0.025702210749270593,ret_12m,main,32.9,short,1.0,2026-09-21
3722.0,,002340,富国价值优势混合A,-0.02590634144819559,ret_12m,main,125.4,full,1.0,2026-09-21
3723.0,,008271,大成优势企业混合A,-0.02613325228834862,ret_12m,main,80.9,full,1.0,2026-09-21
3724.0,,011816,融通多元收益一年持有期混合,-0.02615498076109657,ret_12m,main,61.6,full,1.0,2026-09-21
3725.0,,000326,南方中小盘成长股票A,-0.0261714474944319,ret_12m,main,130.8,full,1.0,2026-09-21
3726.0,,162207,宏利效率优选混合(LOF),-0.026442890675894892,ret_12m,main,244.3,full,1.0,2026-09-21
3727.0,,010410,长城品质成长混合A,-0.026523677984659155,ret_12m,main,68.7,full,1.0,2026-09-21
3728.0,,006952,中银景元回报混合,-0.026543137725770216,ret_12m,main,89.9,full,1.0,2026-09-21
3729.0,,009154,海富通富盈混合A,-0.02663442559207274,ret_12m,main,76.1,full,1.0,2026-09-21
3730.0,,519113,浦银精致生活混合A,-0.026782158867370787,ret_12m,main,207.6,full,1.0,2026-09-21
3731.0,,021650,东方红红利量化选股混合发起A,-0.02678622226009353,ret_12m,main,24.8,short,1.0,2026-09-21
3732.0,,001791,大成绝对收益策略混合A,-0.026941171534526576,ret_12m,main,131.9,full,1.0,2026-09-21
3733.0,,002497,东方盛世灵活配置混合A,-0.027049801021677866,ret_12m,main,125.2,full,1.0,2026-09-21
3734.0,,014053,太平睿庆混合A,-0.027233467862764482,ret_12m,main,57.0,full,1.0,2026-09-21
3735.0,,004393,安信企业价值优选混合A,-0.02754918714848531,ret_12m,main,113.8,full,1.0,2026-09-21
3736.0,,004442,中欧康裕混合A,-0.0275887339164117,ret_12m,main,114.2,full,1.0,2026-09-21
3737.0,,013767,平安价值回报混合A,-0.02770376373472727,ret_12m,main,53.3,full,1.0,2026-09-21
3738.0,,009141,宏利价值长青混合A,-0.0277889104966641,ret_12m,main,74.9,full,1.0,2026-09-21
3739.0,,020637,华泰紫金价值远见18个月持有混合发起A,-0.027949426113243248,ret_12m,main,30.5,short,1.0,2026-09-21
3740.0,,257010,国联安小盘精选混合,-0.02802187773894005,ret_12m,main,269.3,full,1.0,2026-09-21
3741.0,,450009,国富中小盘股票A,-0.028115520334139554,ret_12m,main,189.9,full,1.0,2026-09-21
3742.0,,024464,招商价值严选混合,-0.028220877492442176,ret_12m,main,14.8,short,0.9565,2026-09-21
3743.0,,020001,国泰金鹰增长混合,-0.028249325192483354,ret_12m,main,292.5,full,1.0,2026-09-21
3744.0,,010437,嘉实竞争力优选混合A,-0.02831767956529685,ret_12m,main,66.9,full,1.0,2026-09-21
3745.0,,020098,万家惠诚回报平衡一年持有期混合A,-0.028395732048000832,ret_12m,main,30.1,short,1.0,2026-09-21
3746.0,,022195,汇丰晋信景气优选混合A,-0.028419615348908245,ret_12m,main,15.8,short,1.0,2026-09-21
3747.0,,006228,中欧医疗创新股票A,-0.028492364718539775,ret_12m,main,90.7,full,1.0,2026-09-21
3748.0,,019727,国泰招享添利六个月持有混合发起A,-0.028531608236527783,ret_12m,main,32.4,short,1.0,2026-09-21
3749.0,,020364,博时卓越成长混合A,-0.028619957518736472,ret_12m,main,31.7,short,1.0,2026-09-21
3750.0,,003373,大成景禄灵活配置混合A,-0.02869930177332103,ret_12m,main,119.7,full,1.0,2026-09-21
3751.0,,010906,博远优享混合A,-0.028742253482987312,ret_12m,main,65.7,full,1.0,2026-09-21
3752.0,,011006,工银圆丰三年持有期混合,-0.028815882023227712,ret_12m,main,68.2,full,1.0,2026-09-21
3753.0,,005543,银华心诚灵活配置混合A,-0.028948684981406125,ret_12m,main,102.3,full,1.0,2026-09-21
3754.0,,010141,朱雀企业优选A,-0.028964167554045184,ret_12m,main,71.9,full,1.0,2026-09-21
3755.0,,018446,工银领航三年持有混合,-0.029130765624315713,ret_12m,main,39.3,full,1.0,2026-09-21
3756.0,,010996,招商品质升级混合A,-0.029144607850103532,ret_12m,main,66.6,full,1.0,2026-09-21
3757.0,,005848,银华裕利混合发起式A,-0.029182407974815527,ret_12m,main,93.5,full,1.0,2026-09-21
3758.0,,070018,嘉实回报混合,-0.029192799801885716,ret_12m,main,205.1,full,1.0,2026-09-21
3759.0,,022153,华泰柏瑞红利精选混合A,-0.029328803873248765,ret_12m,main,18.5,short,1.0,2026-09-21
3760.0,,006511,博道卓远混合A,-0.029411120236723542,ret_12m,main,94.5,full,1.0,2026-09-21
3761.0,,012987,嘉合锦明混合A,-0.02941261525131378,ret_12m,main,60.6,full,1.0,2026-09-21
3762.0,,010832,国泰合益混合A,-0.029444853794506898,ret_12m,main,67.6,full,1.0,2026-09-21
3763.0,,001660,富安达行业轮动混合,-0.029521875787011154,ret_12m,main,101.6,full,1.0,2026-09-21
3764.0,,012576,富国诚益回报12个月持有混合A,-0.029612140005279786,ret_12m,main,61.0,full,1.0,2026-09-21
3765.0,,010090,中信建投医药健康A,-0.02965831575308464,ret_12m,main,71.9,full,1.0,2026-09-21
3766.0,,002189,农银汇理国企改革混合,-0.029862658055151647,ret_12m,main,123.6,full,1.0,2026-09-21
3767.0,,320022,诺安研究精选股票A,-0.030081720534634315,ret_12m,main,165.4,full,1.0,2026-09-21
3768.0,,010081,泰康浩泽混合A,-0.030279168959745917,ret_12m,main,63.6,full,1.0,2026-09-21
3769.0,,024794,鑫元医药睿选混合发起式A,-0.03052064112556896,ret_12m,main,14.1,short,1.0,2026-09-21
3770.0,,006601,国融融泰灵活配置混合A,-0.03065210610801239,ret_12m,main,91.7,full,1.0,2026-09-21
3771.0,,012342,广发瑞泽精选混合A,-0.03067115427648881,ret_12m,main,58.6,full,1.0,2026-09-21
3772.0,,022492,金元顺安鑫怡混合发起式A,-0.030766304772561814,ret_12m,main,18.6,short,1.0,2026-09-21
3773.0,,012150,诺德价值发现一年持有混合,-0.030773247778211776,ret_12m,main,63.7,full,1.0,2026-09-21
3774.0,,000767,华富国泰民安灵活配置混合A,-0.030917543099997835,ret_12m,main,139.5,full,1.0,2026-09-21
3775.0,,000566,华泰柏瑞创新升级混合A,-0.031050012148541528,ret_12m,main,148.5,full,1.0,2026-09-21
3776.0,,001616,嘉实环保低碳股票,-0.031130522531279792,ret_12m,main,128.7,full,1.0,2026-09-21
3777.0,,001363,长城久惠灵活配置混合A,-0.03130765828687554,ret_12m,main,133.8,full,1.0,2026-09-21
3778.0,,017034,中信建投科技主题6个月持有混合A,-0.03137750540921391,ret_12m,main,45.2,full,1.0,2026-09-21
3779.0,,006923,前海开源沪港深非周期股票A,-0.03139382828473947,ret_12m,main,90.3,full,1.0,2026-09-21
3780.0,,012765,广发大盘价值混合A,-0.031440304095722515,ret_12m,main,57.5,full,1.0,2026-09-21
3781.0,,010222,大摩民丰盈和一年持有混合,-0.03146816144273101,ret_12m,main,67.8,full,1.0,2026-09-21
3782.0,,011843,民生加银内核驱动混合A,-0.031840222972924215,ret_12m,main,64.5,full,1.0,2026-09-21
3783.0,,018549,金鹰研究驱动混合A,-0.03185604692954813,ret_12m,main,32.2,short,1.0,2026-09-21
3784.0,,009223,宝盈现代服务业混合A,-0.03186826456579672,ret_12m,main,74.2,full,1.0,2026-09-21
3785.0,,008819,农银汇理策略趋势混合,-0.03200936469459992,ret_12m,main,78.3,full,1.0,2026-09-21
3786.0,,001604,浙商汇金转型升级A,-0.03201272229743468,ret_12m,main,127.6,full,1.0,2026-09-21
3787.0,,021202,汇添富均衡回报混合发起式A,-0.03202337492595597,ret_12m,main,27.3,short,1.0,2026-09-21
3788.0,,003484,金鹰鑫益混合A,-0.03214533079019366,ret_12m,main,118.1,full,1.0,2026-09-21
3789.0,,006109,富荣价值精选混合A,-0.032173141136521144,ret_12m,main,97.4,full,1.0,2026-09-21
3790.0,,021755,中欧价值品质混合发起A,-0.03226956257301927,ret_12m,main,22.5,short,1.0,2026-09-21
3791.0,,005043,国寿安保健康科学混合A,-0.03247620580070054,ret_12m,main,106.6,full,1.0,2026-09-21
3792.0,,016997,创金合信产业臻选平衡混合A,-0.03255076920138744,ret_12m,main,42.7,full,1.0,2026-09-21
3793.0,,398051,中海环保新能源混合,-0.032604614238372354,ret_12m,main,189.4,full,1.0,2026-09-21
3794.0,,213001,宝盈鸿利收益灵活配置混合A,-0.032680534667772654,ret_12m,main,287.4,full,1.0,2026-09-21
3795.0,,018890,大成锐见未来混合A,-0.032767371898486775,ret_12m,main,36.0,full,1.0,2026-09-21
3796.0,,006138,国联安价值优选股票,-0.03278766065726246,ret_12m,main,96.0,full,1.0,2026-09-21
3797.0,,010668,工银优选对冲灵活配置混合发起A,-0.03300485026928213,ret_12m,main,68.7,full,1.0,2026-09-21
3798.0,,016119,华富时代锐选混合A,-0.033427816222773576,ret_12m,main,45.7,full,1.0,2026-09-21
3799.0,,011152,国富兴海回报混合A,-0.033560564539587,ret_12m,main,65.7,full,1.0,2026-09-21
3800.0,,002649,民生智造2025灵活配置混合,-0.033876850652131196,ret_12m,main,103.4,full,1.0,2026-09-21
3801.0,,019960,富国远见价值混合A,-0.033891257654941054,ret_12m,main,27.8,short,1.0,2026-09-21
3802.0,,010413,财通资管宸瑞一年持有混合A,-0.03441026553381432,ret_12m,main,68.0,full,1.0,2026-09-21
3803.0,,019801,华泰紫金价值甄选混合C,-0.034561589785901514,ret_12m,main,33.3,short,1.0,2026-09-21
3804.0,,160918,大成中小盘混合(LOF)A,-0.034699220295838495,ret_12m,main,149.4,full,1.0,2026-09-21
3805.0,,016754,方正富邦均衡精选混合A,-0.034992145234549854,ret_12m,main,39.8,full,1.0,2026-09-21
3806.0,,019392,嘉实匠心严选混合A,-0.03511286546373493,ret_12m,main,31.5,short,1.0,2026-09-21
3807.0,,001167,金鹰科技创新股票A,-0.03513102081890851,ret_12m,main,136.7,full,1.0,2026-09-21
3808.0,,160106,南方高增长混合(LOF),-0.035143398779580504,ret_12m,main,254.3,full,1.0,2026-09-21
3809.0,,019729,华夏国企红利混合发起式A,-0.035344888944893404,ret_12m,main,30.8,short,1.0,2026-09-21
3810.0,,011548,九泰久慧混合A,-0.03553487117865817,ret_12m,main,64.1,full,1.0,2026-09-21
3811.0,,004340,泰康兴泰回报沪港深混合A,-0.03563286490791939,ret_12m,main,111.2,full,1.0,2026-09-21
3812.0,,006202,交银核心资产混合A,-0.03565533251016406,ret_12m,main,92.1,full,1.0,2026-09-21
3813.0,,660010,农银策略精选混合,-0.03582103765017952,ret_12m,main,180.5,full,1.0,2026-09-21
3814.0,,630015,华商大盘量化精选混合,-0.036059242493265975,ret_12m,main,161.4,full,1.0,2026-09-21
3815.0,,160505,博时主题行业混合(LOF),-0.03606448772376092,ret_12m,main,260.5,full,1.0,2026-09-21
3816.0,,160611,鹏华优质治理混合(LOF)A,-0.036086695799429136,ret_12m,main,232.3,full,1.0,2026-09-21
3817.0,,160421,华安智增精选混合,-0.03617754264532913,ret_12m,main,120.2,full,1.0,2026-09-21
3818.0,,001197,长盛转型升级主题灵活配置混合,-0.03624854304458147,ret_12m,main,137.0,full,1.0,2026-09-21
3819.0,,010947,中欧嘉选混合A,-0.03648719018407087,ret_12m,main,66.4,full,1.0,2026-09-21
3820.0,,013109,华夏优势价值一年持有混合A,-0.03649802417697934,ret_12m,main,54.6,full,1.0,2026-09-21
3821.0,,017261,大成成长领航一年持有混合A,-0.03656451343271405,ret_12m,main,28.5,short,1.0,2026-09-21
3822.0,,162107,金鹰先进制造股票(LOF)A,-0.036848800835114215,ret_12m,main,171.5,full,1.0,2026-09-21
3823.0,,012640,鹏华稳健鸿利一年持有期混合A,-0.03694765955168655,ret_12m,main,60.9,full,1.0,2026-09-21
3824.0,,001747,易方达瑞祺混合A,-0.03697186565824451,ret_12m,main,103.7,full,1.0,2026-09-21
3825.0,,002264,华夏乐享健康混合A,-0.03702131047499846,ret_12m,main,121.6,full,1.0,2026-09-21
3826.0,,450002,国富弹性市值混合A,-0.03715335272727838,ret_12m,main,243.3,full,1.0,2026-09-21
3827.0,,015559,长江启航混合发起式A,-0.037409514705680325,ret_12m,main,51.3,full,1.0,2026-09-21
3828.0,,018377,融通远见价值一年持有期混合A,-0.03759046795235976,ret_12m,main,38.1,full,1.0,2026-09-21
3829.0,,009119,广发品质回报混合A,-0.03759866221675434,ret_12m,main,75.4,full,1.0,2026-09-21
3830.0,,005732,富国臻选成长灵活配置混合A,-0.03760838997510396,ret_12m,main,97.2,full,1.0,2026-09-21
3831.0,,010434,红土创新医疗保健股票A,-0.03772650186762183,ret_12m,main,71.0,full,1.0,2026-09-21
3832.0,,012175,易方达稳健增利混合A,-0.037865356300111785,ret_12m,main,62.1,full,1.0,2026-09-21
3833.0,,373010,摩根双息平衡混合A,-0.03799798043676206,ret_12m,main,244.9,full,1.0,2026-09-21
3834.0,,160311,华夏蓝筹混合(LOF)A,-0.03820757206917269,ret_12m,main,232.4,full,1.0,2026-09-21
3835.0,,000127,农银行业领先混合,-0.03826969308854433,ret_12m,main,158.9,full,1.0,2026-09-21
3836.0,,015510,平安价值领航混合A,-0.03834812924845987,ret_12m,main,45.9,full,1.0,2026-09-21
3837.0,,350005,天治中国制造2025,-0.03842065599178934,ret_12m,main,220.5,full,1.0,2026-09-21
3838.0,,006780,广发稳健策略混合A,-0.0385414773513898,ret_12m,main,90.5,full,1.0,2026-09-21
3839.0,,009332,博时恒裕持有期混合A,-0.03879610027175595,ret_12m,main,76.1,full,1.0,2026-09-21
3840.0,,017079,格林鑫利六个月持有期混合A,-0.03914241566976662,ret_12m,main,42.1,full,1.0,2026-09-21
3841.0,,010405,惠升医药健康6个月持有期混合,-0.03934571440345647,ret_12m,main,69.0,full,1.0,2026-09-21
3842.0,,021476,银河ESG主题混合发起式A,-0.0393489680614133,ret_12m,main,27.1,short,1.0,2026-09-21
3843.0,,000844,南方绝对收益,-0.03971535746351251,ret_12m,main,141.7,full,1.0,2026-09-21
3844.0,,003984,嘉实新能源新材料股票A,-0.040061705651524004,ret_12m,main,114.2,full,1.0,2026-09-21
3845.0,,024806,华夏稳健回报混合A,-0.04008203951710343,ret_12m,main,14.0,short,1.0,2026-09-21
3846.0,,003095,中欧医疗健康混合A,-0.0401403934888126,ret_12m,main,119.7,full,1.0,2026-09-21
3847.0,,017114,浦银景气优选混合A,-0.04014297491492769,ret_12m,main,39.3,full,1.0,2026-09-21
3848.0,,001558,天弘医疗健康混合A,-0.040258712391520124,ret_12m,main,134.7,full,1.0,2026-09-21
3849.0,,590005,中邮核心主题混合A,-0.04037855040974603,ret_12m,main,196.1,full,1.0,2026-09-21
3850.0,,012930,中庚价值先锋股票,-0.04060946115273967,ret_12m,main,61.0,full,1.0,2026-09-21
3851.0,,012159,财通资管健康产业混合A,-0.04065687215372349,ret_12m,main,57.9,full,1.0,2026-09-21
3852.0,,007202,天弘优质成长企业A,-0.04083022979211093,ret_12m,main,83.1,full,1.0,2026-09-21
3853.0,,011777,易方达稳健增长混合A,-0.04089691840906662,ret_12m,main,64.8,full,1.0,2026-09-21
3854.0,,400015,东方新能源汽车混合,-0.04100742942760116,ret_12m,main,176.8,full,1.0,2026-09-21
3855.0,,013847,华泰柏瑞匠心汇选混合A,-0.04105640449393566,ret_12m,main,54.7,full,1.0,2026-09-21
3856.0,,017036,嘉实低碳精选混合发起式A,-0.04128150789476126,ret_12m,main,45.3,full,1.0,2026-09-21
3857.0,,016274,华泰保兴鑫成优选混合A,-0.04128311975317411,ret_12m,main,46.4,full,1.0,2026-09-21
3858.0,,010703,财通智选消费股票A,-0.04145975806818414,ret_12m,main,67.8,full,1.0,2026-09-21
3859.0,,004350,汇丰晋信价值先锋股票A,-0.04187988770397866,ret_12m,main,94.2,full,1.0,2026-09-21
3860.0,,009700,长江添利混合A,-0.04193526685306348,ret_12m,main,73.5,full,1.0,2026-09-21
3861.0,,004048,华夏新锦汇混合A,-0.04219722072396981,ret_12m,main,114.5,full,1.0,2026-09-21
3862.0,,012748,华泰柏瑞远见智选混合A,-0.04222869449558175,ret_12m,main,61.8,full,1.0,2026-09-21
3863.0,,019345,交银医疗健康混合发起A,-0.042258931561952706,ret_12m,main,35.4,short,1.0,2026-09-21
3864.0,,010551,淳厚欣颐一年持有期混合,-0.04226435695100006,ret_12m,main,69.0,full,1.0,2026-09-21
3865.0,,001766,摩根医疗健康股票A,-0.042764744345575645,ret_12m,main,131.0,full,1.0,2026-09-21
3866.0,,006039,国富估值优势混合A,-0.04292996428289464,ret_12m,main,97.0,full,1.0,2026-09-21
3867.0,,012588,南方港股通优势企业混合A,-0.04297245659387949,ret_12m,main,62.0,full,1.0,2026-09-21
3868.0,,020430,华安景气回报混合发起式A,-0.04299529296627014,ret_12m,main,24.0,short,1.0,2026-09-21
3869.0,,040020,华安升级主题混合A,-0.043004145256635096,ret_12m,main,185.0,full,1.0,2026-09-21
3870.0,,008276,财通资管价值发现混合A,-0.043116697352551525,ret_12m,main,78.0,full,1.0,2026-09-21
3871.0,,013993,中欧光熠一年持有混合A,-0.04315246791752925,ret_12m,main,54.7,full,1.0,2026-09-21
3872.0,,009878,平安低碳经济混合A,-0.043257488096639096,ret_12m,main,73.4,full,1.0,2026-09-21
3873.0,,017881,工银精选回报混合A,-0.04346945762880039,ret_12m,main,35.8,short,1.0,2026-09-21
3874.0,,233008,大摩消费领航混合,-0.04352689696364809,ret_12m,main,189.6,full,1.0,2026-09-21
3875.0,,002003,工银新机遇灵活配置混合A,-0.04355421730389819,ret_12m,main,113.2,full,1.0,2026-09-21
3876.0,,002190,农银新能源主题A,-0.04369824235489905,ret_12m,main,125.8,full,1.0,2026-09-21
3877.0,,010112,广发研究精选股票A,-0.043825312478732226,ret_12m,main,70.5,full,1.0,2026-09-21
3878.0,,004314,前海开源沪港深新硬件A,-0.04385579034233944,ret_12m,main,114.3,full,1.0,2026-09-21
3879.0,,009880,安信成长动力一年持有混合,-0.044052009790831126,ret_12m,main,73.3,full,1.0,2026-09-21
3880.0,,016945,中泰ESG主题6个月持有混合发起,-0.0442056656508476,ret_12m,main,31.9,short,1.0,2026-09-21
3881.0,,011694,华泰紫金信息科技主题6个月持有混合发起A,-0.04437326538999864,ret_12m,main,65.0,full,1.0,2026-09-21
3882.0,,024454,景顺长城成长同行混合,-0.044415929091719986,ret_12m,main,14.8,short,0.9565,2026-09-21
3883.0,,000772,景顺长城中国回报混合A,-0.044474016634072355,ret_12m,main,142.5,full,1.0,2026-09-21
3884.0,,011349,淳厚现代服务业股票A,-0.0445037279419096,ret_12m,main,60.9,full,1.0,2026-09-21
3885.0,,006689,方正富邦信泓混合A,-0.04458247317840869,ret_12m,main,85.9,full,1.0,2026-09-21
3886.0,,001178,前海开源再融资股票,-0.04461896753849548,ret_12m,main,136.1,full,1.0,2026-09-21
3887.0,,010296,万家互联互通中国优势A,-0.04497815081221601,ret_12m,main,70.5,full,1.0,2026-09-21
3888.0,,012008,易方达稳健回报混合A,-0.04503760443397431,ret_12m,main,63.7,full,1.0,2026-09-21
3889.0,,009057,博时科技创新混合A,-0.045064267220538023,ret_12m,main,77.2,full,1.0,2026-09-21
3890.0,,000628,大成高鑫股票A,-0.04520770797127238,ret_12m,main,139.6,full,1.0,2026-09-21
3891.0,,163805,中银动态策略混合A,-0.045284547508587014,ret_12m,main,221.6,full,1.0,2026-09-21
3892.0,,013853,大成匠心卓越三年持有混合A,-0.045331985344564174,ret_12m,main,51.5,full,1.0,2026-09-21
3893.0,,001798,泰康新回报灵活配置混合A,-0.045697103588827614,ret_12m,main,131.9,full,1.0,2026-09-21
3894.0,,011078,诺德品质消费6个月持有混合,-0.04608668138020988,ret_12m,main,67.3,full,1.0,2026-09-21
3895.0,,014103,富安达成长价值一年持有期混合A,-0.0463181382129183,ret_12m,main,56.8,full,1.0,2026-09-21
3896.0,,003834,华夏能源革新股票A,-0.04646130068569532,ret_12m,main,111.5,full,1.0,2026-09-21
3897.0,,006366,兴业安保优选混合A,-0.04651644093839058,ret_12m,main,93.5,full,1.0,2026-09-21
3898.0,,530012,建信积极配置混合,-0.04682998977093833,ret_12m,main,188.1,full,1.0,2026-09-21
3899.0,,004997,广发高端制造股票A,-0.04685408902874699,ret_12m,main,108.6,full,1.0,2026-09-21
3900.0,,001651,工银新蓝筹股票A,-0.04690712182177814,ret_12m,main,133.5,full,1.0,2026-09-21
3901.0,,001487,宝盈优势产业混合A,-0.047310816754647544,ret_12m,main,132.9,full,1.0,2026-09-21
3902.0,,080012,长盛电子信息产业混合A,-0.04743285396318242,ret_12m,main,173.8,full,1.0,2026-09-21
3903.0,,002594,工银现代服务业混合A,-0.047487096014866004,ret_12m,main,118.8,full,1.0,2026-09-21
3904.0,,001857,易方达现代服务业混合,-0.047489517701255646,ret_12m,main,106.0,full,1.0,2026-09-21
3905.0,,001236,博时丝路主题股票A,-0.047597655858637844,ret_12m,main,136.0,full,1.0,2026-09-21
3906.0,,006274,圆信永丰医药健康A,-0.04773610608155898,ret_12m,main,93.7,full,1.0,2026-09-21
3907.0,,004680,前海开源裕瑞混合A,-0.04778599475542877,ret_12m,main,108.5,full,1.0,2026-09-21
3908.0,,012967,广发行业严选三年持有期混合A,-0.04791494199848678,ret_12m,main,60.8,full,1.0,2026-09-21
3909.0,,008871,大成睿裕六月持有股票A,-0.048067414086424454,ret_12m,main,75.5,full,1.0,2026-09-21
3910.0,,004005,东方民丰回报赢安混合A,-0.048104641127074355,ret_12m,main,114.4,full,1.0,2026-09-21
3911.0,,013934,长江红利回报混合发起式A,-0.04810874924502584,ret_12m,main,58.3,full,1.0,2026-09-21
3912.0,,000778,鹏华先进制造股票,-0.04815146224285416,ret_12m,main,142.6,full,1.0,2026-09-21
3913.0,,040004,华安宝利配置混合,-0.04817012149343691,ret_12m,main,264.9,full,1.0,2026-09-21
3914.0,,002408,中信建投医改混合A,-0.04826422280233533,ret_12m,main,125.5,full,1.0,2026-09-21
3915.0,,168102,九泰锐富事件驱动混合发起式(LOF)A,-0.048507749060802796,ret_12m,main,127.5,full,1.0,2026-09-21
3916.0,,013824,汇丰晋信慧悦混合,-0.04864735854135005,ret_12m,main,54.6,full,1.0,2026-09-21
3917.0,,163503,天治核心成长混合(LOF),-0.04889142876721153,ret_12m,main,248.0,full,1.0,2026-09-21
3918.0,,011336,兴全汇吉一年持有混合A,-0.048925066538324624,ret_12m,main,67.4,full,1.0,2026-09-21
3919.0,,005197,工银沪港深精选混合A,-0.04896034332375365,ret_12m,main,106.4,full,1.0,2026-09-21
3920.0,,014352,东方创新成长混合A,-0.048969634995616906,ret_12m,main,53.1,full,1.0,2026-09-21
3921.0,,016075,华夏智造升级混合A,-0.04905495819216432,ret_12m,main,46.1,full,1.0,2026-09-21
3922.0,,003238,新华外延增长主题灵活配置混合,-0.049330696540766494,ret_12m,main,114.7,full,1.0,2026-09-21
3923.0,,012434,银华多元回报一年持有期混合,-0.04966272640387248,ret_12m,main,62.2,full,1.0,2026-09-21
3924.0,,008260,长城价值优选混合A,-0.04990241602592593,ret_12m,main,78.1,full,1.0,2026-09-21
3925.0,,011536,惠升惠益混合A,-0.05008914972138445,ret_12m,main,63.9,full,1.0,2026-09-21
3926.0,,090016,大成消费主题混合A,-0.05022360791719582,ret_12m,main,178.4,full,1.0,2026-09-21
3927.0,,001056,华银健康生活主题灵活配置,-0.050348243564087736,ret_12m,main,137.9,full,1.0,2026-09-21
3928.0,,270021,广发聚瑞混合A,-0.05091718190397687,ret_12m,main,207.2,full,1.0,2026-09-21
3929.0,,008681,鹏华价值成长混合,-0.05146899594506682,ret_12m,main,79.3,full,1.0,2026-09-21
3930.0,,011775,格林鑫悦一年持有期混合A,-0.051821703865715274,ret_12m,main,63.4,full,1.0,2026-09-21
3931.0,,020086,鹏华智投数字经济混合A,-0.0518353752151971,ret_12m,main,28.2,short,1.0,2026-09-21
3932.0,,005519,银华混改红利灵活配置混合发起式A,-0.05210182837496702,ret_12m,main,100.0,full,1.0,2026-09-21
3933.0,,013991,中欧港股通精选一年持有混合A,-0.05213831690756332,ret_12m,main,57.4,full,1.0,2026-09-21
3934.0,,000423,前海开源事件驱动混合A,-0.0524683559606689,ret_12m,main,153.1,full,1.0,2026-09-21
3935.0,,560003,益民创新优势混合A,-0.05264201310443284,ret_12m,main,230.4,full,1.0,2026-09-21
3936.0,,018184,万家先进制造混合发起式A,-0.052800115509813894,ret_12m,main,41.7,full,1.0,2026-09-21
3937.0,,010225,东方红启航三年持有混合B,-0.05283237321715473,ret_12m,main,70.7,full,1.0,2026-09-21
3938.0,,040007,华安中小盘成长混合,-0.05302654449256128,ret_12m,main,233.1,full,1.0,2026-09-21
3939.0,,002054,中银新财富混合A,-0.05309361553624414,ret_12m,main,130.1,full,1.0,2026-09-21
3940.0,,019334,大成红利汇聚混合A,-0.053293986674158744,ret_12m,main,31.9,short,1.0,2026-09-21
3941.0,,014420,中欧成长领航一年持有混合A,-0.05343241573157387,ret_12m,main,56.2,full,1.0,2026-09-21
3942.0,,015285,国投瑞银产业转型一年持有混合A,-0.053564319619164746,ret_12m,main,50.0,full,1.0,2026-09-21
3943.0,,019328,国泰金盛回报混合A,-0.053570794813316946,ret_12m,main,31.6,short,1.0,2026-09-21
3944.0,,673040,西部利得行业主题优选混合A,-0.05360403965280547,ret_12m,main,126.4,full,1.0,2026-09-21
3945.0,,011911,华夏消费优选混合A,-0.05365788076930089,ret_12m,main,64.0,full,1.0,2026-09-21
3946.0,,006049,恒越研究精选混合A/B,-0.054066743472757306,ret_12m,main,98.6,full,1.0,2026-09-21
3947.0,,010178,大成企业能力驱动混合A,-0.05411674873081085,ret_12m,main,68.0,full,1.0,2026-09-21
3948.0,,014725,广发成长动力三年持有混合A,-0.054344981901727096,ret_12m,main,49.9,full,1.0,2026-09-21
3949.0,,014999,华泰保兴吉年盈混合A,-0.0544899467618396,ret_12m,main,54.1,full,1.0,2026-09-21
3950.0,,020645,南方智弘混合A,-0.05465629997526078,ret_12m,main,25.6,short,1.0,2026-09-21
3951.0,,016297,中欧丰泰港股通混合A,-0.054669947557939746,ret_12m,main,48.2,full,1.0,2026-09-21
3952.0,,008107,华商医药医疗行业股票,-0.05481699310173471,ret_12m,main,80.8,full,1.0,2026-09-21
3953.0,,090020,大成健康产业混合A,-0.0548876454014986,ret_12m,main,168.8,full,1.0,2026-09-21
3954.0,,001030,天弘云端生活优选混合A,-0.05493010067408555,ret_12m,main,138.2,full,1.0,2026-09-21
3955.0,,018204,金信优质成长混合A,-0.05559176489256168,ret_12m,main,41.3,full,1.0,2026-09-21
3956.0,,001955,中欧养老产业混合A,-0.05575798810419219,ret_12m,main,124.3,full,1.0,2026-09-21
3957.0,,005689,中银医疗保健混合A,-0.055830844214277864,ret_12m,main,99.3,full,1.0,2026-09-21
3958.0,,011570,鹏华鑫远价值一年持有期混合A,-0.05595332394845354,ret_12m,main,64.3,full,1.0,2026-09-21
3959.0,,013886,华商新能源汽车混合A,-0.05603947806439091,ret_12m,main,58.1,full,1.0,2026-09-21
3960.0,,002573,建信汇利灵活配置混合,-0.05605450969849357,ret_12m,main,124.8,full,1.0,2026-09-21
3961.0,,002989,融通通乾研究精选灵活配置混合A,-0.056439055145712014,ret_12m,main,120.6,full,1.0,2026-09-21
3962.0,,007192,恒越研究精选混合C,-0.056620111954806096,ret_12m,main,89.4,full,1.0,2026-09-21
3963.0,,014466,工银行业优选混合A,-0.05671730443285494,ret_12m,main,50.6,full,1.0,2026-09-21
3964.0,,519678,银河消费混合A,-0.05721595102253718,ret_12m,main,181.8,full,1.0,2026-09-21
3965.0,,016746,浦银光耀优选混合A,-0.057263531111940824,ret_12m,main,43.2,full,1.0,2026-09-21
3966.0,,011037,富国长期成长混合A,-0.05737781616124937,ret_12m,main,62.5,full,1.0,2026-09-21
3967.0,,519193,万家消费成长,-0.05738072912047254,ret_12m,main,114.9,full,1.0,2026-09-21
3968.0,,013678,富国信享回报12个月持有混合A,-0.0576886205047582,ret_12m,main,58.8,full,1.0,2026-09-21
3969.0,,162607,景顺长城资源垄断混合(LOF)A,-0.057702952919323924,ret_12m,main,247.8,full,1.0,2026-09-21
3970.0,,004895,华商鑫安灵活混合,-0.057882476565962016,ret_12m,main,108.5,full,1.0,2026-09-21
3971.0,,003165,鹏华弘嘉混合A,-0.05802893176516799,ret_12m,main,121.1,full,1.0,2026-09-21
3972.0,,005209,东吴双三角股票A,-0.05804407223056718,ret_12m,main,105.5,full,1.0,2026-09-21
3973.0,,012366,摩根安荣回报混合A,-0.05823704170633892,ret_12m,main,62.5,full,1.0,2026-09-21
3974.0,,011206,创金合信竞争优势混合A,-0.05824257439015912,ret_12m,main,67.8,full,1.0,2026-09-21
3975.0,,011162,博时港股通领先趋势混合A,-0.058285345384585185,ret_12m,main,67.4,full,1.0,2026-09-21
3976.0,,008923,建信医疗健康行业股票A,-0.05833310448906981,ret_12m,main,56.8,full,1.0,2026-09-21
3977.0,,009330,鹏华成长价值混合A,-0.058432624764073404,ret_12m,main,76.1,full,1.0,2026-09-21
3978.0,,020816,湘财红利量化选股混合A,-0.05847313894639572,ret_12m,main,29.8,short,1.0,2026-09-21
3979.0,,005583,易方达港股通红利混合A,-0.058589293650654684,ret_12m,main,102.5,full,1.0,2026-09-21
3980.0,,233001,大摩基础行业混合,-0.058894810293122934,ret_12m,main,269.9,full,1.0,2026-09-21
3981.0,,017702,鹏扬均衡成长混合A,-0.05908229742847604,ret_12m,main,38.9,full,1.0,2026-09-21
3982.0,,003284,中邮医药健康混合A,-0.05910202651316576,ret_12m,main,117.3,full,1.0,2026-09-21
3983.0,,001352,民生加银新战略混合A,-0.05912031743154056,ret_12m,main,134.9,full,1.0,2026-09-21
3984.0,,007306,华泰柏瑞基本面智选A,-0.05920527005825604,ret_12m,main,87.6,full,1.0,2026-09-21
3985.0,,010549,富国均衡策略混合,-0.059247725695478426,ret_12m,main,69.9,full,1.0,2026-09-21
3986.0,,016174,汇丰晋信策略优选混合A,-0.05928270619322251,ret_12m,main,48.2,full,1.0,2026-09-21
3987.0,,012812,国富鑫颐收益混合A,-0.059322999644686125,ret_12m,main,54.7,full,1.0,2026-09-21
3988.0,,015102,东方红ESG可持续投资混合A,-0.05943663375376307,ret_12m,main,54.7,full,1.0,2026-09-21
3989.0,,166801,浙商聚潮新思维混合A,-0.05973491105739592,ret_12m,main,174.5,full,1.0,2026-09-21
3990.0,,007354,创金合信港股通量化股票A,-0.05981963773725407,ret_12m,main,68.3,full,1.0,2026-09-21
3991.0,,011738,华安兴安优选一年持有混合A,-0.05985958345457787,ret_12m,main,63.4,full,1.0,2026-09-21
3992.0,,010714,东方红远见价值混合A,-0.05995043823149093,ret_12m,main,65.3,full,1.0,2026-09-21
3993.0,,160127,南方新兴消费增长股票(LOF)A,-0.060017602607241205,ret_12m,main,174.3,full,1.0,2026-09-21
3994.0,,001861,富安达健康人生混合A,-0.06013233070512258,ret_12m,main,129.9,full,1.0,2026-09-21
3995.0,,019008,东方红远见领航混合发起A,-0.060219621443716065,ret_12m,main,34.2,short,1.0,2026-09-21
3996.0,,000120,中银美丽中国混合A,-0.06062286654815929,ret_12m,main,159.5,full,1.0,2026-09-21
3997.0,,006240,国联医疗健康混合A,-0.06068083216592768,ret_12m,main,96.1,full,1.0,2026-09-21
3998.0,,021204,华夏医药量化选股混合A,-0.06073146608310953,ret_12m,main,24.7,short,1.0,2026-09-21
3999.0,,162212,宏利红利先锋混合A,-0.06090680695821704,ret_12m,main,201.6,full,1.0,2026-09-21
4000.0,,007880,朱雀产业智选混合A,-0.060978867199140696,ret_12m,main,81.6,full,1.0,2026-09-21
4001.0,,005680,财通资管价值成长混合A,-0.06102388181375329,ret_12m,main,89.9,full,1.0,2026-09-21
4002.0,,688888,浙商聚潮产业成长混合A,-0.06112409413842468,ret_12m,main,184.2,full,1.0,2026-09-21
4003.0,,018130,博时ESG量化选股混合A,-0.06120315407032895,ret_12m,main,41.7,full,1.0,2026-09-21
4004.0,,009092,富国新材料新能源混合A,-0.06125816219729341,ret_12m,main,74.9,full,1.0,2026-09-21
4005.0,,001473,建信大安全战略精选股票,-0.061382443550399235,ret_12m,main,133.8,full,1.0,2026-09-21
4006.0,,013395,华夏新能源车龙头混合发起式A,-0.06147561419791103,ret_12m,main,60.2,full,1.0,2026-09-21
4007.0,,014313,鹏华创新增长一年持有期混合A,-0.06188662408717471,ret_12m,main,51.0,full,1.0,2026-09-21
4008.0,,023939,泉果研究精选混合A,-0.06249938086010287,ret_12m,main,16.5,short,1.0,2026-09-21
4009.0,,005707,富国港股通量化精选股票A,-0.06271620298545288,ret_12m,main,99.7,full,1.0,2026-09-21
4010.0,,020493,富达悦享红利优选混合A,-0.0633663648308187,ret_12m,main,28.7,short,1.0,2026-09-21
4011.0,,004871,中银金融地产混合A,-0.06341976614129352,ret_12m,main,107.8,full,1.0,2026-09-21
4012.0,,000684,长盛养老健康混合A,-0.06454800495733082,ret_12m,main,141.9,full,1.0,2026-09-21
4013.0,,004341,农银尖端科技混合,-0.06480195767323527,ret_12m,main,113.8,full,1.0,2026-09-21
4014.0,,000757,华富智慧城市灵活配置混合A,-0.06507722318518439,ret_12m,main,142.7,full,1.0,2026-09-21
4015.0,,019949,中银价值发现混合发起A,-0.06521233961143524,ret_12m,main,25.0,short,1.0,2026-09-21
4016.0,,014040,民生加银金融优选混合A,-0.06534185230052658,ret_12m,main,49.6,full,1.0,2026-09-21
4017.0,,006106,景顺长城量化港股通股票A,-0.06542193036650779,ret_12m,main,87.1,full,1.0,2026-09-21
4018.0,,257040,国联安红利混合,-0.06564363272966756,ret_12m,main,215.0,full,1.0,2026-09-21
4019.0,,270050,广发新经济混合A,-0.06569765221034574,ret_12m,main,163.4,full,1.0,2026-09-21
4020.0,,020491,万家医药量化选股混合发起式A,-0.0659902051163378,ret_12m,main,32.3,short,1.0,2026-09-21
4021.0,,004249,安信中国制造混合A,-0.06613789832066741,ret_12m,main,114.2,full,1.0,2026-09-21
4022.0,,019624,泉果嘉源三年持有期混合A,-0.06640147180399791,ret_12m,main,33.5,short,1.0,2026-09-21
4023.0,,010887,南方消费升级混合A,-0.06672108143416122,ret_12m,main,68.2,full,1.0,2026-09-21
4024.0,,011626,嘉实匠心回报混合A,-0.06681911164664467,ret_12m,main,65.7,full,1.0,2026-09-21
4025.0,,010469,圆信永丰聚优股票A,-0.06711312389268032,ret_12m,main,65.2,full,1.0,2026-09-21
4026.0,,014214,光大核心资产混合A,-0.06727111473811076,ret_12m,main,53.8,full,1.0,2026-09-21
4027.0,,210002,金鹰红利价值混合A,-0.06767138269917294,ret_12m,main,213.6,full,1.0,2026-09-21
4028.0,,014522,汇添富低碳投资一年持有混合A,-0.06774831549484872,ret_12m,main,54.8,full,1.0,2026-09-21
4029.0,,007287,合煦智远消费主题股票发起式A,-0.06781962817450427,ret_12m,main,86.6,full,1.0,2026-09-21
4030.0,,160212,国泰估值优势混合(LOF)A,-0.06792266979244843,ret_12m,main,199.3,full,1.0,2026-09-21
4031.0,,018220,广发品质优选混合发起式A,-0.06796589233915062,ret_12m,main,26.8,short,1.0,2026-09-21
4032.0,,690009,民生加银红利回报混合,-0.06806388617927461,ret_12m,main,169.4,full,1.0,2026-09-21
4033.0,,015780,大成ESG责任投资混合发起式A,-0.06806952175201275,ret_12m,main,50.9,full,1.0,2026-09-21
4034.0,,012075,易方达稳健添利混合A,-0.06838813164208302,ret_12m,main,56.7,full,1.0,2026-09-21
4035.0,,007713,华富科技动能混合A,-0.06845647938758492,ret_12m,main,82.5,full,1.0,2026-09-21
4036.0,,009864,招商景气优选股票A,-0.06882283162628866,ret_12m,main,70.1,full,1.0,2026-09-21
4037.0,,260103,景顺长城动力平衡混合,-0.06905930673602523,ret_12m,main,274.9,full,1.0,2026-09-21
4038.0,,014114,广发沪港深医药混合A,-0.0694575711123846,ret_12m,main,56.7,full,1.0,2026-09-21
4039.0,,012260,广发睿明优质企业混合A,-0.0697618711102378,ret_12m,main,61.8,full,1.0,2026-09-21
4040.0,,001457,华商新常态混合A,-0.07061317443620185,ret_12m,main,134.8,full,1.0,2026-09-21
4041.0,,015010,嘉合锦鑫混合A,-0.07069077163367465,ret_12m,main,54.7,full,1.0,2026-09-21
4042.0,,050026,博时医疗保健行业混合A,-0.07073288365730246,ret_12m,main,168.8,full,1.0,2026-09-21
4043.0,,000986,太平灵活配置,-0.07081961498598044,ret_12m,main,139.3,full,1.0,2026-09-21
4044.0,,019780,嘉实创新动力混合发起式A1,-0.07099221362471275,ret_12m,main,33.6,short,1.0,2026-09-21
4045.0,,002300,长盛医疗量化股票A,-0.07099402567951041,ret_12m,main,127.6,full,1.0,2026-09-21
4046.0,,006385,华泰保兴研究智选A,-0.0710170981013949,ret_12m,main,94.2,full,1.0,2026-09-21
4047.0,,002168,嘉实智能汽车股票,-0.07109129609406317,ret_12m,main,127.5,full,1.0,2026-09-21
4048.0,,008515,国富基本面优选混合A,-0.07109552191110913,ret_12m,main,79.2,full,1.0,2026-09-21
4049.0,,017147,嘉实积极配置一年持有混合A,-0.07153948709316904,ret_12m,main,45.7,full,1.0,2026-09-21
4050.0,,001209,前海开源一带一路混合A,-0.07160081944405094,ret_12m,main,136.8,full,1.0,2026-09-21
4051.0,,673071,西部利得新动力混合A,-0.07169597791630444,ret_12m,main,118.1,full,1.0,2026-09-21
4052.0,,530003,建信优选成长混合A,-0.0719559773201921,ret_12m,main,240.4,full,1.0,2026-09-21
4053.0,,005445,华宝价值发现混合A,-0.0722883605421476,ret_12m,main,103.9,full,1.0,2026-09-21
4054.0,,014746,贝莱德港股通远景视野混合A,-0.07232784609987541,ret_12m,main,56.0,full,1.0,2026-09-21
4055.0,,011479,广发诚享混合A,-0.07273966521479092,ret_12m,main,67.4,full,1.0,2026-09-21
4056.0,,011635,富国港股通策略精选混合A,-0.072744672070294,ret_12m,main,63.9,full,1.0,2026-09-21
4057.0,,001716,工银新趋势灵活配置混合A,-0.07278233667689904,ret_12m,main,129.2,full,1.0,2026-09-21
4058.0,,013757,泰信均衡价值混合A,-0.07285077390352734,ret_12m,main,57.0,full,1.0,2026-09-21
4059.0,,018048,申万菱信数字产业股票型发起式A,-0.07291841279211708,ret_12m,main,40.6,full,1.0,2026-09-21
4060.0,,022879,汇泉均衡智选混合A,-0.0729998173738583,ret_12m,main,17.7,short,1.0,2026-09-21
4061.0,,018159,国泰创新医疗混合发起A,-0.07327169587652993,ret_12m,main,41.1,full,1.0,2026-09-21
4062.0,,519651,银河转型混合A,-0.07329051414395993,ret_12m,main,136.3,full,1.0,2026-09-21
4063.0,,163001,长信医疗保健混合(LOF)A,-0.07360362703648671,ret_12m,main,197.9,full,1.0,2026-09-21
4064.0,,021015,长江旭日混合A,-0.07364170296457195,ret_12m,main,25.9,short,1.0,2026-09-21
4065.0,,018309,招商社会责任混合A,-0.07391316981972018,ret_12m,main,40.9,full,1.0,2026-09-21
4066.0,,009147,建信新能源行业股票A,-0.07401483115872154,ret_12m,main,75.1,full,1.0,2026-09-21
4067.0,,003513,中邮消费升级灵活配置混合A,-0.07418694447888152,ret_12m,main,117.2,full,1.0,2026-09-21
4068.0,,217012,招商行业领先混合A,-0.07418859721311444,ret_12m,main,207.1,full,1.0,2026-09-21
4069.0,,014327,格林新兴产业混合A,-0.07419429256236165,ret_12m,main,54.5,full,1.0,2026-09-21
4070.0,,004206,华商元亨混合A,-0.07423167231201266,ret_12m,main,115.8,full,1.0,2026-09-21
4071.0,,519779,交银沪港深价值精选混合,-0.07436890749880531,ret_12m,main,118.4,full,1.0,2026-09-21
4072.0,,011058,景顺长城成长龙头一年持有混合A,-0.07472395808720422,ret_12m,main,67.5,full,1.0,2026-09-21
4073.0,,001229,德邦福鑫灵活配置混合A,-0.07592682179923804,ret_12m,main,136.8,full,1.0,2026-09-21
4074.0,,019054,富国价值成长混合A,-0.07620035927188396,ret_12m,main,35.1,short,1.0,2026-09-21
4075.0,,005520,国投瑞银创新医疗混合A,-0.07625517158803086,ret_12m,main,101.8,full,1.0,2026-09-21
4076.0,,011903,南方领航优选混合A,-0.07625856922772412,ret_12m,main,57.9,full,1.0,2026-09-21
4077.0,,001382,易方达国企改革混合,-0.07635506960640648,ret_12m,main,108.9,full,1.0,2026-09-21
4078.0,,530006,建信核心精选混合,-0.07649980867799111,ret_12m,main,213.8,full,1.0,2026-09-21
4079.0,,009649,嘉实精选平衡混合A,-0.07656387338083237,ret_12m,main,75.3,full,1.0,2026-09-21
4080.0,,004263,华安沪港深机会灵活配置混合,-0.07657106291663651,ret_12m,main,112.4,full,1.0,2026-09-21
4081.0,,016064,建信智远先锋混合A,-0.07658465554570826,ret_12m,main,47.2,full,1.0,2026-09-21
4082.0,,014615,尚正正鑫混合发起A,-0.07675347070026106,ret_12m,main,54.5,full,1.0,2026-09-21
4083.0,,010161,广发瑞安精选股票A,-0.07676830379347077,ret_12m,main,69.2,full,1.0,2026-09-21
4084.0,,015400,弘毅远方甄选混合A,-0.0771737497955246,ret_12m,main,18.8,short,1.0,2026-09-21
4085.0,,008227,宝盈研究精选混合A,-0.07742303510490467,ret_12m,main,80.9,full,1.0,2026-09-21
4086.0,,019913,华夏瑞益混合A1,-0.07775957666248079,ret_12m,main,33.6,short,1.0,2026-09-21
4087.0,,003598,华商润丰灵活配置混合A,-0.07781173267935737,ret_12m,main,115.8,full,1.0,2026-09-21
4088.0,,009468,博时健康成长双周定期可赎回混合A,-0.07842178105533615,ret_12m,main,75.1,full,1.0,2026-09-21
4089.0,,017048,富安达产业优选混合A,-0.07854280130342484,ret_12m,main,42.7,full,1.0,2026-09-21
4090.0,,012888,工银兴瑞一年持有期混合A,-0.07864236814982928,ret_12m,main,60.2,full,1.0,2026-09-21
4091.0,,012227,景顺长城港股通全球竞争力A,-0.07872714861048957,ret_12m,main,61.3,full,1.0,2026-09-21
4092.0,,008861,西部利得港股通新机遇混合A,-0.07879440997893683,ret_12m,main,74.2,full,1.0,2026-09-21
4093.0,,011588,前海开源成份精选混合,-0.07926791881187822,ret_12m,main,66.1,full,1.0,2026-09-21
4094.0,,005537,中航新起航灵活配置混合A,-0.07927175309499146,ret_12m,main,101.0,full,1.0,2026-09-21
4095.0,,002020,国都创新驱动,-0.07931410225283242,ret_12m,main,128.8,full,1.0,2026-09-21
4096.0,,005706,兴业龙腾双益平衡混合,-0.07932853760285885,ret_12m,main,101.1,full,1.0,2026-09-21
4097.0,,017740,鹏华睿见混合A,-0.07935825012199149,ret_12m,main,38.4,full,1.0,2026-09-21
4098.0,,006123,国联高股息混合A,-0.07941038709236847,ret_12m,main,83.8,full,1.0,2026-09-21
4099.0,,005368,富国清洁能源产业混合A,-0.07945386342826632,ret_12m,main,78.5,full,1.0,2026-09-21
4100.0,,021455,农银红利甄选混合A,-0.0794680363754634,ret_12m,main,25.6,short,1.0,2026-09-21
4101.0,,011856,安信均衡成长18个月持有混合A,-0.07953832310851827,ret_12m,main,65.0,full,1.0,2026-09-21
4102.0,,011312,东方红启瑞三年持有混合B,-0.07982729765862373,ret_12m,main,66.0,full,1.0,2026-09-21
4103.0,,519664,银河美丽混合A,-0.07989795913721354,ret_12m,main,147.8,full,1.0,2026-09-21
4104.0,,001068,国新国证新锐A,-0.07993302466086327,ret_12m,main,137.2,full,1.0,2026-09-21
4105.0,,004266,招商沪港深科技创新混合A,-0.08048072624557168,ret_12m,main,112.9,full,1.0,2026-09-21
4106.0,,012086,博时健康生活混合A,-0.08051531329739081,ret_12m,main,63.9,full,1.0,2026-09-21
4107.0,,710001,富安达优势成长混合A,-0.0807809025225944,ret_12m,main,180.0,full,1.0,2026-09-21
4108.0,,017827,兴全欣越混合C,-0.08108751537897596,ret_12m,main,42.2,full,1.0,2026-09-21
4109.0,,014412,招商核心竞争力混合A,-0.08118018905937974,ret_12m,main,53.3,full,1.0,2026-09-21
4110.0,,005596,建信战略精选灵活配置混合A,-0.08150452069680247,ret_12m,main,101.6,full,1.0,2026-09-21
4111.0,,008958,嘉实回报精选股票,-0.08155078530438642,ret_12m,main,78.5,full,1.0,2026-09-21
4112.0,,008412,长盛竞争优势A,-0.08156997878660066,ret_12m,main,74.0,full,1.0,2026-09-21
4113.0,,018364,银华医疗健康混合A,-0.08159102373780402,ret_12m,main,36.5,full,1.0,2026-09-21
4114.0,,011704,东方阿尔法产业先锋混合A,-0.08172453295943827,ret_12m,main,62.0,full,1.0,2026-09-21
4115.0,,000251,工银金融地产混合A,-0.08184740770298493,ret_12m,main,156.8,full,1.0,2026-09-21
4116.0,,000532,景顺长城优势企业混合A,-0.08203858994584678,ret_12m,main,150.1,full,1.0,2026-09-21
4117.0,,018618,中信保诚远见成长混合A,-0.08236274545875832,ret_12m,main,38.9,full,1.0,2026-09-21
4118.0,,017991,华泰柏瑞致远混合A,-0.08255610326956075,ret_12m,main,40.0,full,1.0,2026-09-21
4119.0,,001392,国富金融地产混合A,-0.08292933246460088,ret_12m,main,135.4,full,1.0,2026-09-21
4120.0,,168103,九泰锐益混合(LOF)A,-0.08311497336439977,ret_12m,main,121.3,full,1.0,2026-09-21
4121.0,,002728,华富益鑫灵活配置混合A,-0.08315681041579459,ret_12m,main,120.4,full,1.0,2026-09-21
4122.0,,014376,东吴新能源汽车股票A,-0.0832317024914454,ret_12m,main,55.9,full,1.0,2026-09-21
4123.0,,007141,嘉合稳健增长混合A,-0.08325919253844216,ret_12m,main,73.5,full,1.0,2026-09-21
4124.0,,006796,富国消费升级混合A,-0.08345226746591783,ret_12m,main,91.0,full,1.0,2026-09-21
4125.0,,007381,国融融信消费严选混合A,-0.08349912997631204,ret_12m,main,87.1,full,1.0,2026-09-21
4126.0,,012143,新沃内需增长混合A,-0.08378303008955523,ret_12m,main,60.4,full,1.0,2026-09-21
4127.0,,017600,华夏行业甄选混合A,-0.0839687320031578,ret_12m,main,41.8,full,1.0,2026-09-21
4128.0,,007853,华商计算机行业量化股票发起式A,-0.08404006477604464,ret_12m,main,82.7,full,1.0,2026-09-21
4129.0,,005585,银河文体娱乐混合A,-0.08416637523212422,ret_12m,main,101.1,full,1.0,2026-09-21
4130.0,,015227,华夏创新研选混合A,-0.08448649962287169,ret_12m,main,49.0,full,1.0,2026-09-21
4131.0,,011201,财通优势行业轮动混合A,-0.08453798705949422,ret_12m,main,67.4,full,1.0,2026-09-21
4132.0,,007533,格林创新成长混合A,-0.08467161143612856,ret_12m,main,84.6,full,1.0,2026-09-21
4133.0,,005250,银华估值优势混合,-0.08470981461118321,ret_12m,main,106.6,full,1.0,2026-09-21
4134.0,,010654,天弘医药创新A,-0.08493199342971514,ret_12m,main,69.6,full,1.0,2026-09-21
4135.0,,168301,东海祥龙(LOF)A,-0.0850213871044021,ret_12m,main,117.0,full,1.0,2026-09-21
4136.0,,010740,汇安核心价值混合A,-0.08505223027818187,ret_12m,main,66.2,full,1.0,2026-09-21
4137.0,,008891,安信价值成长混合A,-0.0851891434551485,ret_12m,main,78.1,full,1.0,2026-09-21
4138.0,,015856,格林碳中和主题混合A,-0.08540087345530989,ret_12m,main,44.1,full,1.0,2026-09-21
4139.0,,012447,华夏互联网龙头混合A,-0.08546185233873838,ret_12m,main,62.1,full,1.0,2026-09-21
4140.0,,014840,招商裕华混合,-0.0855797493375855,ret_12m,main,55.3,full,1.0,2026-09-21
4141.0,,013334,鹏华价值远航6个月持有混合A,-0.08570828568037481,ret_12m,main,54.9,full,1.0,2026-09-21
4142.0,,019987,万家红利量化选股混合发起式A,-0.0857900833042412,ret_12m,main,34.2,short,1.0,2026-09-21
4143.0,,001927,华夏消费升级灵活配置混合A,-0.08604534074160675,ret_12m,main,127.6,full,1.0,2026-09-21
4144.0,,016163,万家欣远混合A,-0.08617098447661742,ret_12m,main,47.8,full,1.0,2026-09-21
4145.0,,002844,金鹰多元策略混合A,-0.0862906497276632,ret_12m,main,121.4,full,1.0,2026-09-21
4146.0,,013461,鹏扬成长先锋混合A,-0.08633273890329252,ret_12m,main,58.6,full,1.0,2026-09-21
4147.0,,005911,广发双擎升级混合A,-0.08646157408365185,ret_12m,main,94.6,full,1.0,2026-09-21
4148.0,,019115,东财卓越成长A,-0.08668440012140266,ret_12m,main,32.8,short,1.0,2026-09-21
4149.0,,009362,招商丰盈积极配置混合A,-0.08679414559942145,ret_12m,main,73.8,full,1.0,2026-09-21
4150.0,,024467,鹏华共赢未来混合A,-0.08682825176397779,ret_12m,main,14.9,short,0.9605,2026-09-21
4151.0,,001864,中海魅力长三角混合,-0.08687312523598067,ret_12m,main,125.7,full,1.0,2026-09-21
4152.0,,004211,金鹰周期优选混合A,-0.08687845579007814,ret_12m,main,103.7,full,1.0,2026-09-21
4153.0,,970067,兴证资管金麒麟消费升级混合A,-0.08726399426961684,ret_12m,main,60.6,full,1.0,2026-09-21
4154.0,,001717,工银前沿医疗股票A,-0.08736374362954547,ret_12m,main,127.6,full,1.0,2026-09-21
4155.0,,021699,汇添富远见成长混合发起式A,-0.08736949672719896,ret_12m,main,23.4,short,1.0,2026-09-21
4156.0,,001940,农银现代农业加,-0.08773816846922511,ret_12m,main,127.7,full,1.0,2026-09-21
4157.0,,020022,国泰策略价值灵活配置混合,-0.08796598161089053,ret_12m,main,185.1,full,1.0,2026-09-21
4158.0,,019760,中信建投质选成长混合发起式A,-0.0880600088508724,ret_12m,main,33.7,short,1.0,2026-09-21
4159.0,,014841,东方阿尔法医疗健康混合发起A,-0.08838068307006541,ret_12m,main,53.7,full,1.0,2026-09-21
4160.0,,025022,浦银医疗创新混合A,-0.08849720403416983,ret_12m,main,13.0,short,1.0,2026-09-21
4161.0,,012770,光大创新生活混合A,-0.08850127696395549,ret_12m,main,58.4,full,1.0,2026-09-21
4162.0,,011429,前海开源民裕进取,-0.08850779745262538,ret_12m,main,66.4,full,1.0,2026-09-21
4163.0,,009965,宝盈祥琪混合A,-0.08859067533818721,ret_12m,main,51.9,full,1.0,2026-09-21
4164.0,,012178,银华富饶精选三年持有期混合,-0.08890217169525916,ret_12m,main,63.8,full,1.0,2026-09-21
4165.0,,018551,宏利医药健康混合发起A,-0.0889967579547486,ret_12m,main,32.9,short,1.0,2026-09-21
4166.0,,019777,鹏扬消费量化选股混合A,-0.08915108192651477,ret_12m,main,33.1,short,1.0,2026-09-21
4167.0,,012079,信澳新能源精选混合A,-0.0896846948717217,ret_12m,main,63.9,full,1.0,2026-09-21
4168.0,,005358,东方阿尔法精选混合A,-0.08988100625334428,ret_12m,main,103.4,full,1.0,2026-09-21
4169.0,,519991,长信双利优选混合A,-0.0901716927295294,ret_12m,main,219.1,full,1.0,2026-09-21
4170.0,,006568,国联安行业领先混合,-0.09032482185584756,ret_12m,main,93.3,full,1.0,2026-09-21
4171.0,,009714,华安聚优精选混合,-0.09040624879669734,ret_12m,main,74.2,full,1.0,2026-09-21
4172.0,,530001,建信恒久价值混合,-0.09043179892737674,ret_12m,main,249.7,full,1.0,2026-09-21
4173.0,,011282,华夏消费龙头混合A,-0.09061735453349862,ret_12m,main,67.5,full,1.0,2026-09-21
4174.0,,005400,万家潜力价值灵活配置混合A,-0.09066975612425754,ret_12m,main,103.2,full,1.0,2026-09-21
4175.0,,001043,工银美丽城镇股票A,-0.09086171242765095,ret_12m,main,137.9,full,1.0,2026-09-21
4176.0,,011328,景顺长城新能源产业股票A,-0.09095492468354827,ret_12m,main,66.9,full,1.0,2026-09-21
4177.0,,003940,银华盛世精选灵活配置混合发起式A,-0.090964488931074,ret_12m,main,117.0,full,1.0,2026-09-21
4178.0,,005612,嘉实核心优势股票发起式,-0.09100764079110524,ret_12m,main,103.6,full,1.0,2026-09-21
4179.0,,012437,德邦价值优选混合A,-0.09131357649654315,ret_12m,main,61.3,full,1.0,2026-09-21
4180.0,,011333,鹏华品质优选混合A,-0.09154127160668013,ret_12m,main,67.4,full,1.0,2026-09-21
4181.0,,011169,建信臻选混合,-0.09166266128936373,ret_12m,main,66.7,full,1.0,2026-09-21
4182.0,,011431,宏利消费服务混合A,-0.09172696023715032,ret_12m,main,66.2,full,1.0,2026-09-21
4183.0,,009007,兴全沪港深两年持有混合,-0.09224361440978512,ret_12m,main,76.0,full,1.0,2026-09-21
4184.0,,015127,长城产业成长混合A,-0.0922590323770428,ret_12m,main,51.0,full,1.0,2026-09-21
4185.0,,310328,申万菱信新动力混合A,-0.09252998443387361,ret_12m,main,250.3,full,1.0,2026-09-21
4186.0,,570006,诺德中小盘混合,-0.09261773632786674,ret_12m,main,194.8,full,1.0,2026-09-21
4187.0,,110023,易方达医疗保健行业混合A,-0.0933247886690991,ret_12m,main,187.8,full,1.0,2026-09-21
4188.0,,022597,富国红利质选混合A,-0.09338696754506326,ret_12m,main,16.9,short,1.0,2026-09-21
4189.0,,163801,中银中国混合(LOF)A,-0.09350083265667586,ret_12m,main,260.5,full,1.0,2026-09-21
4190.0,,398001,中海优质成长混合,-0.09451620550948947,ret_12m,main,263.8,full,1.0,2026-09-21
4191.0,,015026,鹏华增华混合A,-0.09458422859741866,ret_12m,main,49.2,full,1.0,2026-09-21
4192.0,,004351,汇丰晋信珠三角区域发展混合,-0.09487449533078307,ret_12m,main,111.6,full,1.0,2026-09-21
4193.0,,016818,鹏华睿进一年持有期混合A,-0.09519974479819182,ret_12m,main,43.6,full,1.0,2026-09-21
4194.0,,002567,大成国家安全主题灵活配置混合A,-0.0955972041021983,ret_12m,main,124.6,full,1.0,2026-09-21
4195.0,,009124,华泰保兴科荣混合A,-0.09592912568222134,ret_12m,main,76.4,full,1.0,2026-09-21
4196.0,,001448,华商双翼平衡混合A,-0.09620003282170886,ret_12m,main,135.2,full,1.0,2026-09-21
4197.0,,013049,兴业能源革新股票A,-0.09636814832981877,ret_12m,main,60.7,full,1.0,2026-09-21
4198.0,,014708,天弘臻选健康混合A,-0.09642564579157797,ret_12m,main,54.2,full,1.0,2026-09-21
4199.0,,001583,安信新常态股票A,-0.09656801581402474,ret_12m,main,133.5,full,1.0,2026-09-21
4200.0,,012225,嘉实优势精选混合A,-0.09667279697847475,ret_12m,main,62.8,full,1.0,2026-09-21
4201.0,,001104,华安新丝路主题股票A,-0.09668456037091899,ret_12m,main,137.4,full,1.0,2026-09-21
4202.0,,012586,南方港股创新视野一年持有混合A,-0.0967844583687768,ret_12m,main,56.8,full,1.0,2026-09-21
4203.0,,012067,嘉实蓝筹优势混合A,-0.09705347718066581,ret_12m,main,61.1,full,1.0,2026-09-21
4204.0,,008786,长城健康生活混合A,-0.09710071081380667,ret_12m,main,73.2,full,1.0,2026-09-21
4205.0,,010783,德邦沪港深龙头混合A,-0.09719367590470152,ret_12m,main,69.2,full,1.0,2026-09-21
4206.0,,013956,华商医药消费精选混合A,-0.09721952822386892,ret_12m,main,57.2,full,1.0,2026-09-21
4207.0,,210009,金鹰核心资源混合A,-0.09742173937082055,ret_12m,main,172.0,full,1.0,2026-09-21
4208.0,,000124,华宝服务优选混合,-0.09777644847370748,ret_12m,main,158.8,full,1.0,2026-09-21
4209.0,,005493,鑫元价值精选混合A,-0.09788039606853782,ret_12m,main,103.9,full,1.0,2026-09-21
4210.0,,012244,广发金融地产精选股票A,-0.09809936766962657,ret_12m,main,62.8,full,1.0,2026-09-21
4211.0,,011184,东方阿尔法招阳混合A,-0.09815920485384366,ret_12m,main,66.2,full,1.0,2026-09-21
4212.0,,002683,民生加银前沿科技灵活配置混合,-0.09833402291917526,ret_12m,main,117.7,full,1.0,2026-09-21
4213.0,,001127,中银宏观策略混合A,-0.09848995537417737,ret_12m,main,137.4,full,1.0,2026-09-21
4214.0,,002662,前海开源沪港深大消费混合A,-0.09858256063930615,ret_12m,main,119.7,full,1.0,2026-09-21
4215.0,,019783,华安健康主题混合A,-0.09869942918631913,ret_12m,main,31.9,short,1.0,2026-09-21
4216.0,,210005,金鹰主题优势混合,-0.09874982893792739,ret_12m,main,189.0,full,1.0,2026-09-21
4217.0,,519772,交银新生活力灵活配置混合A,-0.09984583479058429,ret_12m,main,118.3,full,1.0,2026-09-21
4218.0,,003378,泰康策略优选混合,-0.10000940089300969,ret_12m,main,117.7,full,1.0,2026-09-21
4219.0,,012234,华安聚弘精选混合A,-0.10003133581029577,ret_12m,main,60.8,full,1.0,2026-09-21
4220.0,,020004,中欧臻选成长混合发起A,-0.10012962826668947,ret_12m,main,34.1,short,1.0,2026-09-21
4221.0,,016386,永赢低碳环保智选混合发起A,-0.10020837742612299,ret_12m,main,47.1,full,1.0,2026-09-21
4222.0,,001765,前海开源嘉鑫混合A,-0.10068459858217549,ret_12m,main,116.8,full,1.0,2026-09-21
4223.0,,017199,广发ESG责任投资混合A,-0.10096526902493441,ret_12m,main,44.1,full,1.0,2026-09-21
4224.0,,168104,九泰锐丰灵活配置混合(LOF)A,-0.10098313893641564,ret_12m,main,120.7,full,1.0,2026-09-21
4225.0,,016588,富国融甄混合A,-0.10164919910799752,ret_12m,main,47.8,full,1.0,2026-09-21
4226.0,,001298,金鹰民族新兴混合A,-0.10175993242094428,ret_12m,main,135.7,full,1.0,2026-09-21
4227.0,,017181,大成至诚鑫选混合A,-0.10224765541432235,ret_12m,main,39.3,full,1.0,2026-09-21
4228.0,,008353,宏利消费量化混合A,-0.10241599859562545,ret_12m,main,80.1,full,1.0,2026-09-21
4229.0,,001801,汇添富达欣混合A,-0.10250077807942803,ret_12m,main,129.6,full,1.0,2026-09-21
4230.0,,002332,汇丰晋信沪港深A,-0.10302317116121351,ret_12m,main,118.3,full,1.0,2026-09-21
4231.0,,021489,中航趋势领航混合发起A,-0.10315711872947997,ret_12m,main,27.1,short,1.0,2026-09-21
4232.0,,011248,嘉实品质回报混合,-0.10339654494359041,ret_12m,main,67.5,full,1.0,2026-09-21
4233.0,,010213,中欧互联网先锋混合A,-0.10342962603537043,ret_12m,main,71.3,full,1.0,2026-09-21
4234.0,,008359,华安医疗创新混合A,-0.10371517101814343,ret_12m,main,77.2,full,1.0,2026-09-21
4235.0,,011335,银河医药混合A,-0.1039138506911913,ret_12m,main,63.1,full,1.0,2026-09-21
4236.0,,010656,华商均衡30,-0.10417394763165522,ret_12m,main,48.0,full,1.0,2026-09-21
4237.0,,010608,华泰柏瑞质量领先混合A,-0.10417466089464311,ret_12m,main,68.0,full,1.0,2026-09-21
4238.0,,016375,招商裕泰混合,-0.1043582958798418,ret_12m,main,45.2,full,1.0,2026-09-21
4239.0,,022693,恒生前海港股通价值混合A,-0.10463980947783524,ret_12m,main,20.2,short,1.0,2026-09-21
4240.0,,000634,富国天盛灵活配置基金,-0.10496721410492194,ret_12m,main,148.4,full,1.0,2026-09-21
4241.0,,003581,前海联合国民健康混合A,-0.10517013540610698,ret_12m,main,116.7,full,1.0,2026-09-21
4242.0,,040005,华安宏利混合A,-0.10518349838980545,ret_12m,main,240.5,full,1.0,2026-09-21
4243.0,,001901,前海开源沪港深隆鑫混合A,-0.10526650559464523,ret_12m,main,114.7,full,1.0,2026-09-21
4244.0,,010874,泰康品质生活混合A,-0.10540242503079544,ret_12m,main,68.7,full,1.0,2026-09-21
4245.0,,002085,长盛互联网+混合A,-0.1060530419342337,ret_12m,main,128.8,full,1.0,2026-09-21
4246.0,,011435,中欧研究精选混合A,-0.10611445223108851,ret_12m,main,65.9,full,1.0,2026-09-21
4247.0,,006644,弘毅远方消费升级混合A,-0.1067215281257421,ret_12m,main,91.7,full,1.0,2026-09-21
4248.0,,005237,银华医疗健康量化优选A,-0.1067758575098483,ret_12m,main,106.4,full,1.0,2026-09-21
4249.0,,011690,招商品质发现混合A,-0.10686445087931162,ret_12m,main,60.7,full,1.0,2026-09-21
4250.0,,008371,华安汇智精选两年持有混合,-0.10695551203886378,ret_12m,main,81.1,full,1.0,2026-09-21
4251.0,,012526,广发盛锦混合A,-0.10703913868382964,ret_12m,main,60.7,full,1.0,2026-09-21
4252.0,,270041,广发消费品精选混合A,-0.1070843081108348,ret_12m,main,171.3,full,1.0,2026-09-21
4253.0,,009664,汇添富医疗积极成长一年持有混合A,-0.10711904082084633,ret_12m,main,73.0,full,1.0,2026-09-21
4254.0,,519673,银河康乐股票A,-0.10745656946273419,ret_12m,main,142.1,full,1.0,2026-09-21
4255.0,,070011,嘉实策略混合,-0.10760125038339896,ret_12m,main,237.3,full,1.0,2026-09-21
4256.0,,590002,中邮核心成长混合A,-0.10770057092287544,ret_12m,main,229.2,full,1.0,2026-09-21
4257.0,,001371,富国沪港深价值混合A,-0.10781217760063044,ret_12m,main,134.9,full,1.0,2026-09-21
4258.0,,023674,德邦新兴产业混合发起式A,-0.10794857844541128,ret_12m,main,17.9,short,1.0,2026-09-21
4259.0,,005176,富国精准医疗混合A,-0.10798415156426511,ret_12m,main,106.2,full,1.0,2026-09-21
4260.0,,001726,汇添富新兴消费股票A,-0.10802196766085204,ret_12m,main,129.6,full,1.0,2026-09-21
4261.0,,017132,中银新能源产业股票A,-0.10810943621403257,ret_12m,main,38.4,full,1.0,2026-09-21
4262.0,,007893,平安估值精选混合A,-0.10829067553239036,ret_12m,main,77.0,full,1.0,2026-09-21
4263.0,,020162,华安睿信优选混合A,-0.10838899492032816,ret_12m,main,32.1,short,1.0,2026-09-21
4264.0,,014919,银华心选一年持有期混合A,-0.10844975649196442,ret_12m,main,54.9,full,1.0,2026-09-21
4265.0,,001294,新华战略新兴产业灵活配置混合,-0.10871355759688406,ret_12m,main,134.8,full,1.0,2026-09-21
4266.0,,260104,景顺长城内需增长混合A,-0.10872124899662539,ret_12m,main,266.9,full,1.0,2026-09-21
4267.0,,009138,嘉实瑞成两年持有期混合A,-0.10874775051039787,ret_12m,main,76.3,full,1.0,2026-09-21
4268.0,,952035,国泰海通君得诚混合,-0.10883251377591374,ret_12m,main,77.8,full,1.0,2026-09-21
4269.0,,002919,东吴智慧医疗量化混合A,-0.10893721044033966,ret_12m,main,121.3,full,1.0,2026-09-21
4270.0,,160627,鹏华策略优选灵活配置混合,-0.11026204993789324,ret_12m,main,146.6,full,1.0,2026-09-21
4271.0,,012389,信澳品质回报6个月持有混合,-0.11029697486562096,ret_12m,main,60.9,full,1.0,2026-09-21
4272.0,,011643,嘉实时代先锋三年持有混合A,-0.11042153577097003,ret_12m,main,61.8,full,1.0,2026-09-21
4273.0,,005354,富国沪港深行业精选混合A,-0.11044208895929031,ret_12m,main,105.3,full,1.0,2026-09-21
4274.0,,022521,中欧农业产业混合发起A,-0.11048279335017142,ret_12m,main,21.1,short,1.0,2026-09-21
4275.0,,021830,国寿安保农业产业股票发起式A,-0.11089695670125066,ret_12m,main,26.2,short,1.0,2026-09-21
4276.0,,012126,宏利新能源股票A,-0.11094981452409391,ret_12m,main,63.9,full,1.0,2026-09-21
4277.0,,004260,德邦稳盈增长灵活配置混合A,-0.11126875839743378,ret_12m,main,114.4,full,1.0,2026-09-21
4278.0,,206013,鹏华宏观灵活配置混合,-0.11177035780024436,ret_12m,main,171.3,full,1.0,2026-09-21
4279.0,,005106,银华农业产业股票发起式A,-0.11180109820410122,ret_12m,main,107.8,full,1.0,2026-09-21
4280.0,,003182,华富弘鑫混合A,-0.11191882583000345,ret_12m,main,117.7,full,1.0,2026-09-21
4281.0,,016725,农银品质农业股票A,-0.11195707296444224,ret_12m,main,46.0,full,1.0,2026-09-21
4282.0,,009874,九泰久睿量化股票A,-0.11215963661194894,ret_12m,main,73.2,full,1.0,2026-09-21
4283.0,,398021,中海能源策略混合,-0.11220941361547931,ret_12m,main,234.3,full,1.0,2026-09-21
4284.0,,006266,永赢智能领先混合A,-0.11227189347529076,ret_12m,main,89.9,full,1.0,2026-09-21
4285.0,,009240,泰康蓝筹优势一年持有股票,-0.1127703065616944,ret_12m,main,73.2,full,1.0,2026-09-21
4286.0,,015537,红塔红土新能源主题精选股票A,-0.11287951341882707,ret_12m,main,47.8,full,1.0,2026-09-21
4287.0,,001276,建信新经济灵活配置混合,-0.11289476155204259,ret_12m,main,135.9,full,1.0,2026-09-21
4288.0,,003298,嘉实物流产业股票A,-0.1131250019050174,ret_12m,main,116.7,full,1.0,2026-09-21
4289.0,,004099,前海开源沪港深景气行业精选混合,-0.11317887908444746,ret_12m,main,112.5,full,1.0,2026-09-21
4290.0,,021305,中欧品质精选混合A,-0.11320279039809023,ret_12m,main,27.1,short,1.0,2026-09-21
4291.0,,006981,中金新医药股票A,-0.11321943119277667,ret_12m,main,88.3,full,1.0,2026-09-21
4292.0,,007481,华夏逸享健康混合A,-0.11360829422999108,ret_12m,main,82.5,full,1.0,2026-09-21
4293.0,,610005,信澳红利回报混合A,-0.1138084607772899,ret_12m,main,193.8,full,1.0,2026-09-21
4294.0,,013550,汇添富品牌价值一年持有混合A,-0.1139734793435242,ret_12m,main,57.0,full,1.0,2026-09-21
4295.0,,005847,富国沪港深业绩驱动混合型A,-0.11437581389555396,ret_12m,main,97.8,full,1.0,2026-09-21
4296.0,,002685,中欧丰泓沪港深混合A,-0.1145435117561674,ret_12m,main,118.4,full,1.0,2026-09-21
4297.0,,014141,大成新能源混合发起式A,-0.11475167936182107,ret_12m,main,56.9,full,1.0,2026-09-21
4298.0,,015514,方正富邦鑫诚12个月持有混合A,-0.11481419537944504,ret_12m,main,48.0,full,1.0,2026-09-21
4299.0,,007177,浙商智能行业优选混合A,-0.11483851825683855,ret_12m,main,83.8,full,1.0,2026-09-21
4300.0,,005701,摩根香港精选港股通混合A,-0.11485629565612476,ret_12m,main,99.4,full,1.0,2026-09-21
4301.0,,004223,金信多策略精选混合A,-0.11530653482835895,ret_12m,main,111.4,full,1.0,2026-09-21
4302.0,,200006,长城消费增值混合A,-0.11532604006848834,ret_12m,main,245.5,full,1.0,2026-09-21
4303.0,,004851,广发医疗保健股票A,-0.11539309734255465,ret_12m,main,109.4,full,1.0,2026-09-21
4304.0,,002604,华夏新起点混合A,-0.11539463685546547,ret_12m,main,122.7,full,1.0,2026-09-21
4305.0,,017973,易方达港股通优质增长混合A,-0.11565647380621547,ret_12m,main,41.9,full,1.0,2026-09-21
4306.0,,005296,南华丰淳混合A,-0.11584046017447902,ret_12m,main,104.8,full,1.0,2026-09-21
4307.0,,671010,西部利得策略优选混合A,-0.11635652074447278,ret_12m,main,187.9,full,1.0,2026-09-21
4308.0,,018124,永赢先进制造智选混合发起A,-0.11642324908447221,ret_12m,main,40.6,full,1.0,2026-09-21
4309.0,,166011,中欧盛世成长混合(LOF)A,-0.11654189623115108,ret_12m,main,173.8,full,1.0,2026-09-21
4310.0,,011783,泓德睿源三年持有期混合,-0.11673580343393386,ret_12m,main,65.0,full,1.0,2026-09-21
4311.0,,000550,广发新动力混合A,-0.11698146976182933,ret_12m,main,150.1,full,1.0,2026-09-21
4312.0,,021524,天弘匠心臻选混合发起A,-0.11733349865529408,ret_12m,main,26.5,short,1.0,2026-09-21
4313.0,,007548,易方达ESG责任投资股票,-0.11733516256681686,ret_12m,main,84.6,full,1.0,2026-09-21
4314.0,,000554,南方中国梦灵活配置混合A,-0.11794225070584519,ret_12m,main,147.4,full,1.0,2026-09-21
4315.0,,009898,民生加银医药健康股票A,-0.11796276814881812,ret_12m,main,72.8,full,1.0,2026-09-21
4316.0,,002132,广发鑫享灵活配置混合A,-0.11799980271381649,ret_12m,main,128.2,full,1.0,2026-09-21
4317.0,,001417,汇添富医疗服务灵活配置混合A,-0.11834674279592416,ret_12m,main,135.1,full,1.0,2026-09-21
4318.0,,012057,鹏华品质成长混合A,-0.11846224563837249,ret_12m,main,61.5,full,1.0,2026-09-21
4319.0,,002214,中海沪港深价值优选混合A,-0.11857248733212022,ret_12m,main,124.8,full,1.0,2026-09-21
4320.0,,001972,前海开源沪港深智慧生活混合,-0.1186878860568743,ret_12m,main,127.8,full,1.0,2026-09-21
4321.0,,019575,太平科创精选混合发起式A,-0.11875597478853972,ret_12m,main,31.7,short,1.0,2026-09-21
4322.0,,019342,富国价值发现混合A,-0.11880143388032927,ret_12m,main,31.5,short,1.0,2026-09-21
4323.0,,013559,招商均衡回报混合A,-0.11915330035084071,ret_12m,main,58.7,full,1.0,2026-09-21
4324.0,,019143,东财景气驱动A,-0.11965269838797343,ret_12m,main,31.9,short,1.0,2026-09-21
4325.0,,015139,泰康医疗健康股票发起A,-0.11979031345746716,ret_12m,main,54.5,full,1.0,2026-09-21
4326.0,,005517,富国新趋势灵活配置混合A,-0.11985544721793906,ret_12m,main,102.3,full,1.0,2026-09-21
4327.0,,002945,大成盛世精选混合A,-0.12004085118749896,ret_12m,main,105.0,full,1.0,2026-09-21
4328.0,,001320,工银丰盈回报灵活配置混合A,-0.12029679546252725,ret_12m,main,136.0,full,1.0,2026-09-21
4329.0,,009704,南方景气驱动混合A,-0.12032865413112181,ret_12m,main,73.6,full,1.0,2026-09-21
4330.0,,090011,大成核心双动力混合A,-0.12090418672563652,ret_12m,main,195.0,full,1.0,2026-09-21
4331.0,,017839,银华清洁能源产业混合A,-0.12105581409224875,ret_12m,main,39.5,full,1.0,2026-09-21
4332.0,,004040,金鹰医疗健康产业A,-0.1210852918337686,ret_12m,main,109.7,full,1.0,2026-09-21
4333.0,,011868,中信建投远见回报混合A,-0.12118253418676639,ret_12m,main,61.4,full,1.0,2026-09-21
4334.0,,009014,泓德睿泽混合,-0.12138378398960958,ret_12m,main,78.6,full,1.0,2026-09-21
4335.0,,009896,广发港股通成长精选股票A,-0.12188399683739459,ret_12m,main,72.3,full,1.0,2026-09-21
4336.0,,005269,华泰柏瑞港股通量化混合A,-0.12214008982179037,ret_12m,main,105.0,full,1.0,2026-09-21
4337.0,,011155,金鹰责任投资混合A,-0.12257242644689237,ret_12m,main,66.2,full,1.0,2026-09-21
4338.0,,024044,东方红港股通价值优选混合发起A,-0.12299385218431336,ret_12m,main,15.1,short,1.0,2026-09-21
4339.0,,024824,招商医药精选混合发起式A,-0.12299524026587938,ret_12m,main,13.5,short,1.0,2026-09-21
4340.0,,006692,金信消费升级股票A,-0.12300216270944431,ret_12m,main,91.7,full,1.0,2026-09-21
4341.0,,610004,信澳中小盘混合A,-0.12336658542324119,ret_12m,main,201.7,full,1.0,2026-09-21
4342.0,,000727,融通健康产业灵活配置混合A/B,-0.1235548527520357,ret_12m,main,140.9,full,1.0,2026-09-21
4343.0,,017977,信澳优享生活混合A,-0.12359492892024437,ret_12m,main,42.3,full,1.0,2026-09-21
4344.0,,009098,景顺长城价值领航两年持有,-0.12375586594014443,ret_12m,main,78.0,full,1.0,2026-09-21
4345.0,,005226,山证资管改革精选混合A,-0.12406123367450228,ret_12m,main,104.3,full,1.0,2026-09-21
4346.0,,006072,民生加银创新成长混合A,-0.12414140078701741,ret_12m,main,92.8,full,1.0,2026-09-21
4347.0,,160142,南方优势产业(LOF),-0.12439354362609878,ret_12m,main,98.6,full,1.0,2026-09-21
4348.0,,009619,博时女性消费主题混合A,-0.12459512677610796,ret_12m,main,74.7,full,1.0,2026-09-21
4349.0,,018242,万家颐德一年持有期混合A,-0.1259589746394285,ret_12m,main,40.6,full,1.0,2026-09-21
4350.0,,206007,鹏华消费优选混合,-0.1260823612059433,ret_12m,main,188.8,full,1.0,2026-09-21
4351.0,,000974,安信消费医药股票A,-0.1262139834501621,ret_12m,main,138.1,full,1.0,2026-09-21
4352.0,,006233,万家汽车新趋势混合A,-0.12638340032161888,ret_12m,main,83.0,full,1.0,2026-09-21
4353.0,,012045,大成医药健康股票A,-0.12646545599315373,ret_12m,main,60.2,full,1.0,2026-09-21
4354.0,,020265,长城产业优选混合A,-0.12682958130500543,ret_12m,main,26.0,short,1.0,2026-09-21
4355.0,,010709,安信医药健康股票A,-0.12719691735264926,ret_12m,main,68.3,full,1.0,2026-09-21
4356.0,,010094,交银产业机遇混合,-0.12732664778976255,ret_12m,main,71.9,full,1.0,2026-09-21
4357.0,,012284,光大健康优加混合A,-0.12763328877710356,ret_12m,main,61.5,full,1.0,2026-09-21
4358.0,,009274,融通健康产业灵活配置混合C,-0.12818485263942014,ret_12m,main,77.3,full,1.0,2026-09-21
4359.0,,008445,融通产业趋势先锋股票,-0.12871228659571776,ret_12m,main,75.7,full,1.0,2026-09-21
4360.0,,011136,广发盛兴混合A,-0.12891104673404286,ret_12m,main,67.6,full,1.0,2026-09-21
4361.0,,014560,东方汽车产业趋势混合A,-0.12909405082343972,ret_12m,main,55.4,full,1.0,2026-09-21
4362.0,,016551,诺德策略回报股票A,-0.12923016988473612,ret_12m,main,46.8,full,1.0,2026-09-21
4363.0,,008131,景顺长城竞争优势混合,-0.12951285729821305,ret_12m,main,73.5,full,1.0,2026-09-21
4364.0,,020057,银河高端装备混合发起式A,-0.12982752403037723,ret_12m,main,33.5,short,1.0,2026-09-21
4365.0,,002802,广发成长智选混合A,-0.13027592147189315,ret_12m,main,105.3,full,1.0,2026-09-21
4366.0,,011466,兴业医疗保健混合A,-0.13037743738174334,ret_12m,main,66.5,full,1.0,2026-09-21
4367.0,,008174,国泰蓝筹精选混合A,-0.13039275230155822,ret_12m,main,78.8,full,1.0,2026-09-21
4368.0,,006890,摩根领先优选混合A,-0.13064556462941335,ret_12m,main,90.1,full,1.0,2026-09-21
4369.0,,015289,格林高股息优选混合A,-0.13105960884475532,ret_12m,main,46.2,full,1.0,2026-09-21
4370.0,,009909,嘉实动力先锋混合A,-0.13208958399450021,ret_12m,main,69.9,full,1.0,2026-09-21
4371.0,,005409,华泰柏瑞新兴产业混合A,-0.13243960653087827,ret_12m,main,104.1,full,1.0,2026-09-21
4372.0,,010969,华夏安阳6个月持有期混合A,-0.13250777472514874,ret_12m,main,65.7,full,1.0,2026-09-21
4373.0,,009017,银华港股通精选股票发起式A,-0.1327021373252435,ret_12m,main,77.7,full,1.0,2026-09-21
4374.0,,168501,华银产业升级,-0.13416141732026898,ret_12m,main,110.9,full,1.0,2026-09-21
4375.0,,016530,鹏华碳中和主题混合A,-0.13436919865228614,ret_12m,main,40.6,full,1.0,2026-09-21
4376.0,,018052,鹏扬医疗健康混合A,-0.13468724748678307,ret_12m,main,34.7,short,1.0,2026-09-21
4377.0,,008712,景顺长城品质成长混合A,-0.13469520622047715,ret_12m,main,80.6,full,1.0,2026-09-21
4378.0,,010220,海富通消费核心混合A,-0.13522734350758547,ret_12m,main,70.5,full,1.0,2026-09-21
4379.0,,016166,万家颐远均衡一年持有混合发起A,-0.13524500377843507,ret_12m,main,48.7,full,1.0,2026-09-21
4380.0,,399011,中海医疗保健主题股票A,-0.13551086833788484,ret_12m,main,174.5,full,1.0,2026-09-21
4381.0,,012382,宏利新兴景气龙头混合A,-0.13625073065943416,ret_12m,main,58.9,full,1.0,2026-09-21
4382.0,,010387,易方达医药生物股票A,-0.13682846949036132,ret_12m,main,70.5,full,1.0,2026-09-21
4383.0,,000913,农银医疗保健股票,-0.13700804558914703,ret_12m,main,139.3,full,1.0,2026-09-21
4384.0,,021027,太平医疗创新混合发起式A,-0.13733527350766006,ret_12m,main,27.6,short,1.0,2026-09-21
4385.0,,001179,德邦大健康灵活配置混合A,-0.1373992384931617,ret_12m,main,136.8,full,1.0,2026-09-21
4386.0,,024802,华夏臻选价值成长混合A,-0.13745291567585094,ret_12m,main,14.0,short,1.0,2026-09-21
4387.0,,213006,宝盈核心优势混合A,-0.13748782089005807,ret_12m,main,210.2,full,1.0,2026-09-21
4388.0,,011455,长城竞争优势六个月混合A,-0.13773423486445546,ret_12m,main,62.3,full,1.0,2026-09-21
4389.0,,019435,易米鑫选品质混合A,-0.1379578092117404,ret_12m,main,29.9,short,1.0,2026-09-21
4390.0,,000511,国泰国策驱动灵活配置混合A,-0.1380497758267426,ret_12m,main,151.1,full,1.0,2026-09-21
4391.0,,008293,农银汇理创新医疗混合,-0.13824835456656548,ret_12m,main,80.0,full,1.0,2026-09-21
4392.0,,005541,前海开源盛鑫混合A,-0.13892967461169936,ret_12m,main,101.6,full,1.0,2026-09-21
4393.0,,002304,平安安心灵活配置混合A,-0.13909086186409425,ret_12m,main,128.2,full,1.0,2026-09-21
4394.0,,017721,华夏汽车产业混合A,-0.1392280997409132,ret_12m,main,43.2,full,1.0,2026-09-21
4395.0,,014244,鹏扬竞争力先锋一年持有混合A,-0.13924214539983493,ret_12m,main,57.0,full,1.0,2026-09-21
4396.0,,519020,国泰金泰灵活配置混合A,-0.13961620435970135,ret_12m,main,163.7,full,1.0,2026-09-21
4397.0,,014859,大成慧心优选一年持有混合A,-0.13982137986794885,ret_12m,main,44.1,full,1.0,2026-09-21
4398.0,,016475,大成新兴活力混合A,-0.14008056597750163,ret_12m,main,40.9,full,1.0,2026-09-21
4399.0,,006252,永赢消费主题A,-0.14038960855645888,ret_12m,main,94.5,full,1.0,2026-09-21
4400.0,,000780,鹏华医疗保健股票,-0.14054446080938543,ret_12m,main,143.9,full,1.0,2026-09-21
4401.0,,011722,前海开源深圳特区精选股票A,-0.1408116527315315,ret_12m,main,64.5,full,1.0,2026-09-21
4402.0,,014408,创金合信兴选产业趋势混合A,-0.14199097389277815,ret_12m,main,49.6,full,1.0,2026-09-21
4403.0,,540007,汇丰晋信中小盘股票,-0.14268541747522623,ret_12m,main,201.3,full,1.0,2026-09-21
4404.0,,017931,富达传承6个月股票A,-0.14283357209538494,ret_12m,main,40.8,full,1.0,2026-09-21
4405.0,,005505,前海开源中药股票A,-0.14286086375626783,ret_12m,main,102.0,full,1.0,2026-09-21
4406.0,,007152,诺德策略精选,-0.14301683240096041,ret_12m,main,88.0,full,1.0,2026-09-21
4407.0,,005489,中金衡优灵活配置混合A,-0.14302515237966884,ret_12m,main,99.4,full,1.0,2026-09-21
4408.0,,010595,广发成长精选混合A,-0.14319612250713143,ret_12m,main,68.0,full,1.0,2026-09-21
4409.0,,010409,富国消费精选30股票A,-0.14358987945143276,ret_12m,main,70.5,full,1.0,2026-09-21
4410.0,,023566,德邦高端装备混合发起式A,-0.14409501762323407,ret_12m,main,18.3,short,1.0,2026-09-21
4411.0,,011589,九泰天利量化A,-0.1444956385353784,ret_12m,main,59.3,full,1.0,2026-09-21
4412.0,,011847,易方达商业模式优选混合A,-0.14485632192957565,ret_12m,main,61.6,full,1.0,2026-09-21
4413.0,,013940,东吴医疗服务股票A,-0.1448774235975112,ret_12m,main,57.7,full,1.0,2026-09-21
4414.0,,013072,泰信医疗服务混合发起式A,-0.14579362245504335,ret_12m,main,56.7,full,1.0,2026-09-21
4415.0,,018818,鑫元数字经济混合发起式A,-0.14583815636440345,ret_12m,main,37.9,full,1.0,2026-09-21
4416.0,,012344,嘉实领先优势混合A,-0.1458909421700737,ret_12m,main,63.4,full,1.0,2026-09-21
4417.0,,008060,景顺长城价值边际灵活配置混合A,-0.14607543687228153,ret_12m,main,72.7,full,1.0,2026-09-21
4418.0,,011994,国联安核心优势混合A,-0.1462137108237368,ret_12m,main,61.1,full,1.0,2026-09-21
4419.0,,017041,富国碳中和混合A,-0.14637390660223626,ret_12m,main,42.9,full,1.0,2026-09-21
4420.0,,004794,富荣福鑫混合A,-0.14640405904763565,ret_12m,main,103.2,full,1.0,2026-09-21
4421.0,,260109,景顺长城内需增长贰号混合A,-0.1468477256912828,ret_12m,main,239.3,full,1.0,2026-09-21
4422.0,,014220,恒越医疗健康精选混合A,-0.14733502972001145,ret_12m,main,55.9,full,1.0,2026-09-21
4423.0,,010196,易方达核心优势股票A,-0.1477477951693399,ret_12m,main,67.7,full,1.0,2026-09-21
4424.0,,166019,中欧价值智选混合A,-0.1478431424316884,ret_12m,main,160.3,full,1.0,2026-09-21
4425.0,,001508,富国新动力灵活配置混合A,-0.1478547442974124,ret_12m,main,133.6,full,1.0,2026-09-21
4426.0,,011830,富国天恒混合A,-0.14813003223578458,ret_12m,main,55.9,full,1.0,2026-09-21
4427.0,,020071,太平先进制造混合发起式A,-0.14814420402928563,ret_12m,main,28.8,short,1.0,2026-09-21
4428.0,,010076,湘财长弘灵活配置混合A,-0.14827847945808081,ret_12m,main,71.9,full,1.0,2026-09-21
4429.0,,008985,东方红启东三年持有混合,-0.1483307382978465,ret_12m,main,78.2,full,1.0,2026-09-21
4430.0,,010815,农银新兴消费股票,-0.14858481095644427,ret_12m,main,66.6,full,1.0,2026-09-21
4431.0,,010447,中邮未来成长混合A,-0.14900170621523234,ret_12m,main,65.4,full,1.0,2026-09-21
4432.0,,010592,南方医药创新股票A,-0.1495113881403769,ret_12m,main,66.7,full,1.0,2026-09-21
4433.0,,010562,永赢成长领航混合A,-0.14954441193000967,ret_12m,main,69.7,full,1.0,2026-09-21
4434.0,,000083,汇添富消费行业混合,-0.14969504807427214,ret_12m,main,160.6,full,1.0,2026-09-21
4435.0,,002378,建信弘利灵活配置混合A,-0.14982112148056637,ret_12m,main,127.5,full,1.0,2026-09-21
4436.0,,011403,融通鑫新成长混合A,-0.15069644653710723,ret_12m,main,59.4,full,1.0,2026-09-21
4437.0,,000794,宝盈睿丰创新混合A/B,-0.15082355793647018,ret_12m,main,143.8,full,1.0,2026-09-21
4438.0,,008303,宝盈龙头优选股票A,-0.15139600777486295,ret_12m,main,77.9,full,1.0,2026-09-21
4439.0,,001252,中海进取收益混合,-0.15142796654334567,ret_12m,main,136.3,full,1.0,2026-09-21
4440.0,,014987,华安产业趋势混合A,-0.15155986776599883,ret_12m,main,49.6,full,1.0,2026-09-21
4441.0,,010795,民生价值发现一年持有混合A,-0.15160167127770263,ret_12m,main,66.6,full,1.0,2026-09-21
4442.0,,012373,富国稳健恒盛12个月持有混合A,-0.1516337126663917,ret_12m,main,60.5,full,1.0,2026-09-21
4443.0,,011314,农银创新成长混合,-0.1517222580428217,ret_12m,main,57.4,full,1.0,2026-09-21
4444.0,,006457,平安估值优势混合A,-0.15201777966972185,ret_12m,main,93.5,full,1.0,2026-09-21
4445.0,,013490,同泰金融精选股票A,-0.1521684366498559,ret_12m,main,57.7,full,1.0,2026-09-21
4446.0,,007484,信澳核心科技混合A,-0.15239139766078413,ret_12m,main,85.3,full,1.0,2026-09-21
4447.0,,000854,鹏华养老产业股票,-0.15250509871495965,ret_12m,main,141.6,full,1.0,2026-09-21
4448.0,,007959,方正富邦天恒混合A,-0.15288988558823735,ret_12m,main,84.1,full,1.0,2026-09-21
4449.0,,005164,富荣福锦混合A,-0.15307771144000992,ret_12m,main,102.2,full,1.0,2026-09-21
4450.0,,006218,富国生物医药科技混合A,-0.1531090151943022,ret_12m,main,90.3,full,1.0,2026-09-21
4451.0,,000878,中海医药健康产业精选混合A,-0.1531462420544023,ret_12m,main,141.1,full,1.0,2026-09-21
4452.0,,020444,华西研究精选混合发起A,-0.15350336381715823,ret_12m,main,32.8,short,1.0,2026-09-21
4453.0,,001628,招商体育文化休闲股票A,-0.15374743831095306,ret_12m,main,133.1,full,1.0,2026-09-21
4454.0,,350002,天治低碳经济混合,-0.15396320889163817,ret_12m,main,260.3,full,1.0,2026-09-21
4455.0,,016313,富国研究精选灵活配置混合C,-0.15439930969143068,ret_12m,main,49.0,full,1.0,2026-09-21
4456.0,,019705,鹏扬消费主题混合发起式A,-0.1544002365059397,ret_12m,main,32.9,short,1.0,2026-09-21
4457.0,,002259,鹏华健康环保混合,-0.15447240193832257,ret_12m,main,128.0,full,1.0,2026-09-21
4458.0,,519710,交银策略回报灵活配置混合,-0.15450998411725914,ret_12m,main,171.0,full,1.0,2026-09-21
4459.0,,010554,华安新兴消费混合A,-0.15460673346751808,ret_12m,main,69.3,full,1.0,2026-09-21
4460.0,,519690,交银稳健配置混合,-0.15464583380751618,ret_12m,main,243.3,full,1.0,2026-09-21
4461.0,,015553,融通价值成长混合A,-0.1549622317942284,ret_12m,main,50.1,full,1.0,2026-09-21
4462.0,,015915,永赢医药创新智选混合发起A,-0.155444764183978,ret_12m,main,46.0,full,1.0,2026-09-21
4463.0,,162605,景顺长城鼎益混合(LOF)A,-0.15556835235664535,ret_12m,main,258.2,full,1.0,2026-09-21
4464.0,,010914,长盛成长精选混合A,-0.15562638046529842,ret_12m,main,66.0,full,1.0,2026-09-21
4465.0,,010552,浙商智选领航三年持有混合A,-0.1556512836235865,ret_12m,main,68.2,full,1.0,2026-09-21
4466.0,,000591,中银健康生活混合A,-0.1556950606656725,ret_12m,main,148.1,full,1.0,2026-09-21
4467.0,,008133,华安优质生活混合,-0.15606299519364197,ret_12m,main,78.8,full,1.0,2026-09-21
4468.0,,013004,国泰价值领航股票A,-0.15609751260634375,ret_12m,main,60.5,full,1.0,2026-09-21
4469.0,,009869,嘉实产业先锋混合A,-0.15637620075533343,ret_12m,main,74.0,full,1.0,2026-09-21
4470.0,,011315,永赢港股通优质成长一年混合,-0.15647221223634555,ret_12m,main,64.3,full,1.0,2026-09-21
4471.0,,012182,广发沪港深精选混合A,-0.15655782251100503,ret_12m,main,58.1,full,1.0,2026-09-21
4472.0,,000220,富国医疗保健行业混合A,-0.15656982522917018,ret_12m,main,157.5,full,1.0,2026-09-21
4473.0,,012852,嘉实远见先锋一年持有期混合A,-0.1568969343268366,ret_12m,main,60.7,full,1.0,2026-09-21
4474.0,,750005,安信平稳增长混合发起A,-0.15714152344217291,ret_12m,main,165.1,full,1.0,2026-09-21
4475.0,,007084,天治转型升级混合,-0.15726389539698904,ret_12m,main,88.0,full,1.0,2026-09-21
4476.0,,008477,安信价值驱动三年持有混合,-0.15749065258472927,ret_12m,main,80.2,full,1.0,2026-09-21
4477.0,,009877,中银内核驱动股票A,-0.15761475979292439,ret_12m,main,73.1,full,1.0,2026-09-21
4478.0,,000796,宝盈睿丰创新混合C,-0.15769286471738597,ret_12m,main,143.8,full,1.0,2026-09-21
4479.0,,010108,景顺长城核心招景混合A,-0.15823891795962797,ret_12m,main,68.5,full,1.0,2026-09-21
4480.0,,011893,易方达长期价值混合A,-0.15876685654663214,ret_12m,main,59.9,full,1.0,2026-09-21
4481.0,,160322,华夏港股通精选股票发起式(LOF)A,-0.15929660312479677,ret_12m,main,118.3,full,1.0,2026-09-21
4482.0,,240001,华宝宝康消费品,-0.1593040359141591,ret_12m,main,278.2,full,1.0,2026-09-21
4483.0,,011164,富国兴远优选12个月持有混合A,-0.15941334243038352,ret_12m,main,66.7,full,1.0,2026-09-21
4484.0,,540009,汇丰晋信消费红利股票,-0.15942894100467864,ret_12m,main,189.4,full,1.0,2026-09-21
4485.0,,003446,英大睿鑫A,-0.15972241083110228,ret_12m,main,117.9,full,1.0,2026-09-21
4486.0,,009958,长安鑫悦消费混合A,-0.15979161229231542,ret_12m,main,72.1,full,1.0,2026-09-21
4487.0,,009010,华夏兴阳一年持有混合,-0.16033084441970935,ret_12m,main,78.1,full,1.0,2026-09-21
4488.0,,019916,富国医药创新股票A,-0.16068172016229132,ret_12m,main,30.3,short,1.0,2026-09-21
4489.0,,012981,华夏创新医药龙头混合A,-0.16169794870613874,ret_12m,main,59.3,full,1.0,2026-09-21
4490.0,,017648,信澳聚优智选混合A,-0.16178879873746266,ret_12m,main,44.1,full,1.0,2026-09-21
4491.0,,001714,工银文体产业股票A,-0.16195333066556927,ret_12m,main,128.7,full,1.0,2026-09-21
4492.0,,001278,前海开源清洁能源混合A,-0.1625526775360372,ret_12m,main,135.2,full,1.0,2026-09-21
4493.0,,018930,湘财均衡甄选混合A,-0.16259940486547353,ret_12m,main,36.0,full,1.0,2026-09-21
4494.0,,011340,博时战略新材料主题混合A,-0.16276466440693949,ret_12m,main,67.6,full,1.0,2026-09-21
4495.0,,003655,信澳新财富混合A,-0.1629223150325727,ret_12m,main,118.3,full,1.0,2026-09-21
4496.0,,011273,泰信景气驱动12个月持有混合A,-0.16347814045766662,ret_12m,main,65.4,full,1.0,2026-09-21
4497.0,,000339,长城医疗保健混合A,-0.16357466823100397,ret_12m,main,150.7,full,1.0,2026-09-21
4498.0,,001675,江信同福A,-0.16365673660553337,ret_12m,main,132.8,full,1.0,2026-09-21
4499.0,,007182,万家沪港深蓝筹混合A,-0.16367317483526955,ret_12m,main,58.6,full,1.0,2026-09-21
4500.0,,009875,天弘甄选食品饮料股票A,-0.16401937775545317,ret_12m,main,73.0,full,1.0,2026-09-21
4501.0,,004995,广发品牌消费股票发起式A,-0.16427713242833009,ret_12m,main,105.2,full,1.0,2026-09-21
4502.0,,009527,浙商汇金新兴消费混合,-0.16500746342229533,ret_12m,main,75.8,full,1.0,2026-09-21
4503.0,,012703,华夏核心成长混合A,-0.16514475264038997,ret_12m,main,57.6,full,1.0,2026-09-21
4504.0,,007163,浦银环保新能源A,-0.165390514236343,ret_12m,main,86.4,full,1.0,2026-09-21
4505.0,,013009,万家港股通精选混合A,-0.16579681845647232,ret_12m,main,56.5,full,1.0,2026-09-21
4506.0,,010298,汇添富品牌驱动六个月持有混合,-0.16599405524032318,ret_12m,main,71.1,full,1.0,2026-09-21
4507.0,,004868,交银股息优化混合,-0.16612289801436775,ret_12m,main,108.9,full,1.0,2026-09-21
4508.0,,018901,招商回报优选混合发起式A,-0.16613722315452517,ret_12m,main,30.1,short,1.0,2026-09-21
4509.0,,020331,红塔红土医药精选股票发起式A,-0.16614376530939223,ret_12m,main,29.6,short,1.0,2026-09-21
4510.0,,010341,招商产业精选股票A,-0.16627974538094326,ret_12m,main,69.2,full,1.0,2026-09-21
4511.0,,024647,中欧制造升级混合发起A,-0.1664420488274444,ret_12m,main,12.6,short,0.9802,2026-09-21
4512.0,,350009,天治研究驱动混合A,-0.16661046637312626,ret_12m,main,176.8,full,1.0,2026-09-21
4513.0,,161729,招商瑞利灵活配置混合(LOF)A,-0.16670418166483447,ret_12m,main,86.1,full,1.0,2026-09-21
4514.0,,004098,前海开源港股通股息率50强,-0.16693258482993967,ret_12m,main,112.5,full,1.0,2026-09-21
4515.0,,024693,鑫元消费睿选混合发起式A,-0.16701936329794542,ret_12m,main,14.1,short,1.0,2026-09-21
4516.0,,014107,博时品质生活混合A,-0.16718641921564037,ret_12m,main,57.0,full,1.0,2026-09-21
4517.0,,011687,易方达龙头优选两年持有混合A,-0.16732560780487327,ret_12m,main,58.0,full,1.0,2026-09-21
4518.0,,018975,中信建投消费升级混合发起式A,-0.16739204109964867,ret_12m,main,35.8,short,1.0,2026-09-21
4519.0,,005360,汇安资产轮动混合A,-0.16739956509166987,ret_12m,main,104.8,full,1.0,2026-09-21
4520.0,,000763,工银新财富灵活配置混合,-0.167581393659616,ret_12m,main,144.1,full,1.0,2026-09-21
4521.0,,020848,尚正正泰平衡配置混合发起A,-0.16770247626299906,ret_12m,main,22.5,short,1.0,2026-09-21
4522.0,,019620,汇安行业优选混合A,-0.1677758352402181,ret_12m,main,26.0,short,1.0,2026-09-21
4523.0,,007750,广发优势增长股票A,-0.1687963304046659,ret_12m,main,80.9,full,1.0,2026-09-21
4524.0,,016287,大成消费机遇混合A,-0.16885254407119032,ret_12m,main,46.1,full,1.0,2026-09-21
4525.0,,019952,平安价值远见混合A,-0.16914725306501266,ret_12m,main,31.5,short,1.0,2026-09-21
4526.0,,001915,宝盈医疗健康沪港深股票A,-0.16956149952089627,ret_12m,main,129.6,full,1.0,2026-09-21
4527.0,,008075,招商核心优选股票A,-0.17010615132591766,ret_12m,main,81.1,full,1.0,2026-09-21
4528.0,,010949,景顺长城研究驱动三年持有混合,-0.1701243201512005,ret_12m,main,53.5,full,1.0,2026-09-21
4529.0,,014765,中欧碳中和混合发起A,-0.1707421338815116,ret_12m,main,54.6,full,1.0,2026-09-21
4530.0,,003634,嘉实农业产业股票A,-0.17081654793040224,ret_12m,main,117.5,full,1.0,2026-09-21
4531.0,,001706,诺安积极回报混合A,-0.17086199361584598,ret_12m,main,120.0,full,1.0,2026-09-21
4532.0,,023955,国金安瑞平衡A,-0.17086949459056266,ret_12m,main,15.6,short,1.0,2026-09-21
4533.0,,010429,中欧睿见混合A,-0.17112586582385614,ret_12m,main,70.5,full,1.0,2026-09-21
4534.0,,005004,交银品质升级混合A,-0.17158968453374734,ret_12m,main,103.4,full,1.0,2026-09-21
4535.0,,007523,汇添富内需增长股票A,-0.17184384834861166,ret_12m,main,85.7,full,1.0,2026-09-21
4536.0,,004702,南方金融主题灵活配置混合A,-0.171870110289708,ret_12m,main,109.6,full,1.0,2026-09-21
4537.0,,519714,交银消费新驱动股票,-0.17203114643099737,ret_12m,main,166.4,full,1.0,2026-09-21
4538.0,,011173,银华心享一年持有期混合,-0.1720497821138558,ret_12m,main,66.6,full,1.0,2026-09-21
4539.0,,580007,东吴安享量化混合A,-0.17230233840378417,ret_12m,main,194.8,full,1.0,2026-09-21
4540.0,,019587,兴业弘远回报混合发起式A,-0.17250953815864978,ret_12m,main,24.6,short,1.0,2026-09-21
4541.0,,501071,泓德丰泽混合(LOF)A,-0.17282819414428863,ret_12m,main,89.8,full,1.0,2026-09-21
4542.0,,016454,诺安均衡优选一年持有混合A,-0.17285847659067488,ret_12m,main,48.0,full,1.0,2026-09-21
4543.0,,015663,易米开鑫价值优选混合A,-0.17300938840813718,ret_12m,main,49.6,full,1.0,2026-09-21
4544.0,,660012,农银消费主题混合A,-0.1733553917697881,ret_12m,main,172.9,full,1.0,2026-09-21
4545.0,,024159,大成港股通机遇混合A,-0.17357335947000452,ret_12m,main,16.1,short,1.0,2026-09-21
4546.0,,011923,大成消费精选股票A,-0.17384394251967517,ret_12m,main,63.9,full,1.0,2026-09-21
4547.0,,007151,前海开源沪港深聚瑞混合,-0.17398559497886334,ret_12m,main,87.3,full,1.0,2026-09-21
4548.0,,260108,景顺长城新兴成长混合A,-0.17415208224729462,ret_12m,main,242.8,full,1.0,2026-09-21
4549.0,,350008,天治新消费混合,-0.1741630079206401,ret_12m,main,181.6,full,1.0,2026-09-21
4550.0,,006377,广发趋势动力混合A,-0.1742016313301763,ret_12m,main,92.9,full,1.0,2026-09-21
4551.0,,217021,招商优势企业混合A,-0.17429985251878277,ret_12m,main,175.6,full,1.0,2026-09-21
4552.0,,013175,海富通碳中和混合A,-0.17491577817762283,ret_12m,main,59.9,full,1.0,2026-09-21
4553.0,,000551,中信保诚幸福消费混合A,-0.17500476343659965,ret_12m,main,148.8,full,1.0,2026-09-21
4554.0,,002547,民生加银养老服务混合,-0.1750196979482238,ret_12m,main,119.0,full,1.0,2026-09-21
4555.0,,009778,长信消费升级混合A,-0.17513189021216147,ret_12m,main,70.5,full,1.0,2026-09-21
4556.0,,015052,东方红医疗升级股票发起A,-0.1751822090139563,ret_12m,main,53.8,full,1.0,2026-09-21
4557.0,,006675,宝盈品牌消费股票A,-0.17519168400376028,ret_12m,main,87.5,full,1.0,2026-09-21
4558.0,,000117,广发轮动配置混合,-0.1756205918035847,ret_12m,main,159.8,full,1.0,2026-09-21
4559.0,,240020,华宝医药生物混合A,-0.1760509539740963,ret_12m,main,174.8,full,1.0,2026-09-21
4560.0,,019457,平安先进制造主题股票发起A,-0.17650806632833183,ret_12m,main,34.9,short,1.0,2026-09-21
4561.0,,024471,平安价值优享混合A,-0.17712410550021462,ret_12m,main,15.0,short,0.9723,2026-09-21
4562.0,,001230,鹏华医药科技股票A,-0.17719231800248592,ret_12m,main,135.7,full,1.0,2026-09-21
4563.0,,006603,嘉实互融精选股票A,-0.1774199554389181,ret_12m,main,90.7,full,1.0,2026-09-21
4564.0,,023173,兴华景成混合A,-0.17767141571217582,ret_12m,main,14.4,short,1.0,2026-09-21
4565.0,,005599,汇安量化优选灵活配置A,-0.17778928059745747,ret_12m,main,97.9,full,1.0,2026-09-21
4566.0,,011503,建信智能生活混合,-0.1780394573337345,ret_12m,main,65.9,full,1.0,2026-09-21
4567.0,,004505,博时新兴消费主题混合A,-0.17818047346705146,ret_12m,main,111.5,full,1.0,2026-09-21
4568.0,,006768,华安沪港深优选混合,-0.17841243956998987,ret_12m,main,89.9,full,1.0,2026-09-21
4569.0,,004812,中欧先进制造股票A,-0.17896823679796947,ret_12m,main,104.0,full,1.0,2026-09-21
4570.0,,005642,鹏扬景升A,-0.17903387191334252,ret_12m,main,101.6,full,1.0,2026-09-21
4571.0,,012848,大成悦享生活混合A,-0.18019744188176579,ret_12m,main,57.4,full,1.0,2026-09-21
4572.0,,011418,汇添富消费精选两年持有股票A,-0.18085826060164245,ret_12m,main,64.4,full,1.0,2026-09-21
4573.0,,014157,国泰海通创新医药混合发起A,-0.18120434547659958,ret_12m,main,56.9,full,1.0,2026-09-21
4574.0,,001983,中邮低碳配置混合,-0.181306914785356,ret_12m,main,124.8,full,1.0,2026-09-21
4575.0,,007412,景顺长城绩优成长混合A,-0.18159071340754318,ret_12m,main,86.7,full,1.0,2026-09-21
4576.0,,016384,永赢消费鑫选6个月持有混合A,-0.18177899463118974,ret_12m,main,45.7,full,1.0,2026-09-21
4577.0,,004942,格林伯元灵活配置A,-0.18232545100548136,ret_12m,main,103.5,full,1.0,2026-09-21
4578.0,,007110,国投瑞银港股通混合A,-0.18302971729155149,ret_12m,main,78.3,full,1.0,2026-09-21
4579.0,,012308,国泰价值远见混合A,-0.18305774299549793,ret_12m,main,60.5,full,1.0,2026-09-21
4580.0,,400032,东方主题精选混合,-0.1832266234577773,ret_12m,main,138.0,full,1.0,2026-09-21
4581.0,,001829,华银中国智造主题灵活配置,-0.18350237403197578,ret_12m,main,127.8,full,1.0,2026-09-21
4582.0,,019999,国泰优质领航混合A,-0.18368899507550662,ret_12m,main,29.1,short,1.0,2026-09-21
4583.0,,006882,华泰保兴健康消费A,-0.18383480776590466,ret_12m,main,87.9,full,1.0,2026-09-21
4584.0,,007718,中银创新医疗混合A,-0.18420244901030647,ret_12m,main,82.3,full,1.0,2026-09-21
4585.0,,004521,安信工业4.0灵活配置混合A,-0.1843250108030624,ret_12m,main,110.1,full,1.0,2026-09-21
4586.0,,009507,国金鑫意医药消费A,-0.18458858942211354,ret_12m,main,74.7,full,1.0,2026-09-21
4587.0,,004456,兴银消费新趋势灵活配置A,-0.18485214413041717,ret_12m,main,111.2,full,1.0,2026-09-21
4588.0,,001186,富国文体健康股票A,-0.18488514423080293,ret_12m,main,136.5,full,1.0,2026-09-21
4589.0,,006759,银河乐活优萃混合A,-0.18515146641795566,ret_12m,main,87.3,full,1.0,2026-09-21
4590.0,,015570,创金合信医药优选3个月持有混合A,-0.18525004650536325,ret_12m,main,48.7,full,1.0,2026-09-21
4591.0,,001837,前海开源沪港深蓝筹精选混合A,-0.1853491823721084,ret_12m,main,129.4,full,1.0,2026-09-21
4592.0,,013132,创金合信文娱媒体股票发起A,-0.1854677818389242,ret_12m,main,61.3,full,1.0,2026-09-21
4593.0,,011905,安信价值启航混合A,-0.18551635119614818,ret_12m,main,62.8,full,1.0,2026-09-21
4594.0,,001878,嘉实沪港深精选股票,-0.1856892800971559,ret_12m,main,123.8,full,1.0,2026-09-21
4595.0,,020510,金鹰科技致远混合A,-0.18611514011816388,ret_12m,main,30.1,short,1.0,2026-09-21
4596.0,,610007,信澳消费优选混合A,-0.18617726006523494,ret_12m,main,168.5,full,1.0,2026-09-21
4597.0,,020593,华夏软件龙头混合发起式A,-0.18618679942280103,ret_12m,main,27.6,short,1.0,2026-09-21
4598.0,,014699,东方高端制造混合A,-0.1864169598097356,ret_12m,main,42.7,full,1.0,2026-09-21
4599.0,,011651,招商港股通核心精选股票A,-0.18686915218834677,ret_12m,main,66.0,full,1.0,2026-09-21
4600.0,,023623,前海开源港股通价值领航混合A,-0.1870145541587903,ret_12m,main,13.5,short,0.9684,2026-09-21
4601.0,,022286,长城医药产业精选混合发起式A,-0.18712359497658437,ret_12m,main,23.0,short,1.0,2026-09-21
4602.0,,015004,中邮能源革新混合型发起A,-0.18717618808073122,ret_12m,main,54.5,full,1.0,2026-09-21
4603.0,,009414,中银大健康股票A,-0.18732078773631122,ret_12m,main,75.8,full,1.0,2026-09-21
4604.0,,005233,广发睿毅领先混合A,-0.1873985082933366,ret_12m,main,105.2,full,1.0,2026-09-21
4605.0,,010536,泰康优势企业混合A,-0.18744366213571328,ret_12m,main,69.0,full,1.0,2026-09-21
4606.0,,007132,长城港股通价值精选混合A,-0.18815497002511472,ret_12m,main,86.9,full,1.0,2026-09-21
4607.0,,162203,宏利稳定混合,-0.18816646264738224,ret_12m,main,280.9,full,1.0,2026-09-21
4608.0,,023393,宝盈创新医疗混合发起式A,-0.1881698918188649,ret_12m,main,15.6,short,1.0,2026-09-21
4609.0,,015732,尚正新能源产业混合A,-0.18854036742451297,ret_12m,main,49.4,full,1.0,2026-09-21
4610.0,,015343,长安优势行业混合A,-0.1886305854710384,ret_12m,main,48.7,full,1.0,2026-09-21
4611.0,,013270,前海开源聚利一年持有混合A,-0.18889787030256588,ret_12m,main,58.8,full,1.0,2026-09-21
4612.0,,010801,长江量化消费精选股票A,-0.18929565117104552,ret_12m,main,67.8,full,1.0,2026-09-21
4613.0,,010585,创金合信医药消费股票A,-0.1902675146486591,ret_12m,main,69.6,full,1.0,2026-09-21
4614.0,,005504,汇添富沪港深大盘价值混合A,-0.19030316590288265,ret_12m,main,103.2,full,1.0,2026-09-21
4615.0,,010204,中银港股通优势成长股票,-0.19151581397295192,ret_12m,main,67.4,full,1.0,2026-09-21
4616.0,,004905,华泰柏瑞生物医药混合A,-0.1918561134016652,ret_12m,main,109.2,full,1.0,2026-09-21
4617.0,,001874,前海开源沪港深价值精选混合,-0.19189976284007793,ret_12m,main,118.1,full,1.0,2026-09-21
4618.0,,012556,长盛景气优选混合,-0.19298825969492306,ret_12m,main,57.4,full,1.0,2026-09-21
4619.0,,021899,融通品质优选混合A,-0.19299816017860583,ret_12m,main,18.8,short,1.0,2026-09-21
4620.0,,014404,中欧多元价值三年持有混合A,-0.19313985053947313,ret_12m,main,55.8,full,1.0,2026-09-21
4621.0,,000991,工银战略转型股票A,-0.19325389372595503,ret_12m,main,139.1,full,1.0,2026-09-21
4622.0,,016502,永赢新兴消费智选混合发起A,-0.19336284859501052,ret_12m,main,45.4,full,1.0,2026-09-21
4623.0,,010717,前海开源优质企业6个月持有混合A,-0.1936374755161775,ret_12m,main,68.4,full,1.0,2026-09-21
4624.0,,005241,中欧时代智慧混合A,-0.19369480881379608,ret_12m,main,103.9,full,1.0,2026-09-21
4625.0,,024632,中欧消费精选混合发起A,-0.19372694208768737,ret_12m,main,14.5,short,1.0,2026-09-21
4626.0,,013023,平安均衡优选1年持有混合A,-0.19395893619675464,ret_12m,main,59.9,full,1.0,2026-09-21
4627.0,,006231,国融融君混合A,-0.19426274745986327,ret_12m,main,96.3,full,1.0,2026-09-21
4628.0,,018990,兴银智选消费混合A,-0.19483043371431996,ret_12m,main,34.6,short,1.0,2026-09-21
4629.0,,012483,前海开源优质龙头6个月持有混合A,-0.196372743901712,ret_12m,main,62.4,full,1.0,2026-09-21
4630.0,,000761,国富健康优质生活股票,-0.1963971736094129,ret_12m,main,143.9,full,1.0,2026-09-21
4631.0,,519001,银华价值优选混合,-0.1965673939798147,ret_12m,main,251.8,full,1.0,2026-09-21
4632.0,,012354,南方新能源产业趋势混合A,-0.19752488597699958,ret_12m,main,60.9,full,1.0,2026-09-21
4633.0,,003230,创金合信医疗保健股票A,-0.19845998607138704,ret_12m,main,120.7,full,1.0,2026-09-21
4634.0,,164403,前海开源沪港深农业混合A,-0.19885358916425622,ret_12m,main,135.6,full,1.0,2026-09-21
4635.0,,011177,博时汇融回报一年持有混合A,-0.19960818346533504,ret_12m,main,68.0,full,1.0,2026-09-21
4636.0,,001614,东方区域发展混合,-0.19975101778158688,ret_12m,main,120.4,full,1.0,2026-09-21
4637.0,,019085,工银价值精选混合A,-0.20009958058191835,ret_12m,main,28.7,short,1.0,2026-09-21
4638.0,,017719,华夏消费臻选混合发起式A,-0.20052133898467406,ret_12m,main,43.0,full,1.0,2026-09-21
4639.0,,006877,天治量化核心精选混合A,-0.2012449838044723,ret_12m,main,87.4,full,1.0,2026-09-21
4640.0,,001875,前海开源沪港深优势精选混合A,-0.20168667355318237,ret_12m,main,125.1,full,1.0,2026-09-21
4641.0,,022690,华安医药生物股票发起式A,-0.20171320892479716,ret_12m,main,20.9,short,1.0,2026-09-21
4642.0,,005142,国联沪港深大消费主题A,-0.20218069160612406,ret_12m,main,106.2,full,1.0,2026-09-21
4643.0,,002067,诺安精选回报混合A,-0.20223980432462918,ret_12m,main,125.8,full,1.0,2026-09-21
4644.0,,016378,太平消费升级一年持有A,-0.20237236084888888,ret_12m,main,44.0,full,1.0,2026-09-21
4645.0,,005235,银华食品饮料量化股票发起式A,-0.2024341181349123,ret_12m,main,106.4,full,1.0,2026-09-21
4646.0,,004316,前海开源沪港深裕鑫A,-0.20251036190310379,ret_12m,main,114.0,full,1.0,2026-09-21
4647.0,,006408,汇添富消费升级混合A,-0.20372361131038697,ret_12m,main,93.0,full,1.0,2026-09-21
4648.0,,021219,平安价值精选混合A,-0.2046814328586133,ret_12m,main,15.7,short,1.0,2026-09-21
4649.0,,024396,东兴产业升级混合发起A,-0.20491696357904432,ret_12m,main,13.1,short,1.0,2026-09-21
4650.0,,180013,银华领先策略混合,-0.2054448574016482,ret_12m,main,217.0,full,1.0,2026-09-21
4651.0,,006113,汇添富创新医药混合A,-0.206167229199114,ret_12m,main,97.4,full,1.0,2026-09-21
4652.0,,024800,华夏品质生活混合A,-0.20624922010481228,ret_12m,main,14.0,short,1.0,2026-09-21
4653.0,,001662,创金合信沪港深精选混合,-0.20641143571333997,ret_12m,main,132.9,full,1.0,2026-09-21
4654.0,,010594,广发睿选三年持有期混合,-0.20644084335012824,ret_12m,main,69.0,full,1.0,2026-09-21
4655.0,,007811,淳厚信泽混合A,-0.20645257095069647,ret_12m,main,85.0,full,1.0,2026-09-21
4656.0,,012523,国联高质量成长混合A,-0.20669243077352661,ret_12m,main,58.2,full,1.0,2026-09-21
4657.0,,016073,创金合信软件产业股票发起A,-0.20698282789081013,ret_12m,main,47.7,full,1.0,2026-09-21
4658.0,,011104,光大智能汽车主题股票A,-0.2072772898837466,ret_12m,main,67.4,full,1.0,2026-09-21
4659.0,,016549,永赢消费龙头智选混合发起A,-0.20802814049066598,ret_12m,main,45.4,full,1.0,2026-09-21
4660.0,,180028,银华永祥灵活配置混合,-0.2083537340355638,ret_12m,main,182.8,full,1.0,2026-09-21
4661.0,,022852,中航优选领航混合发起A,-0.2085421608485487,ret_12m,main,20.9,short,1.0,2026-09-21
4662.0,,519959,长信多利混合A,-0.20864879171332318,ret_12m,main,134.7,full,1.0,2026-09-21
4663.0,,001900,诺安精选价值混合A,-0.2090516927086018,ret_12m,main,90.7,full,1.0,2026-09-21
4664.0,,014589,招商成长先导股票A,-0.2098688066549147,ret_12m,main,50.0,full,1.0,2026-09-21
4665.0,,001518,万家瑞兴灵活配置混合A,-0.21039786918984937,ret_12m,main,134.0,full,1.0,2026-09-21
4666.0,,011288,上银医疗健康混合A,-0.21082938394266415,ret_12m,main,65.7,full,1.0,2026-09-21
4667.0,,010110,广发医药健康混合A,-0.21171276547497497,ret_12m,main,71.0,full,1.0,2026-09-21
4668.0,,002212,嘉实新起航混合A,-0.21216662208958104,ret_12m,main,126.3,full,1.0,2026-09-21
4669.0,,011174,中庚价值品质一年持有期混合,-0.21226123367448535,ret_12m,main,68.0,full,1.0,2026-09-21
4670.0,,008273,广发优质生活混合A,-0.21226731964589307,ret_12m,main,77.9,full,1.0,2026-09-21
4671.0,,017501,招商产业升级1年持有期混合A,-0.21280527601317423,ret_12m,main,39.8,full,1.0,2026-09-21
4672.0,,011278,华夏内需驱动混合A,-0.21286188258076555,ret_12m,main,67.4,full,1.0,2026-09-21
4673.0,,004076,国联安锐意成长混合,-0.21306487998207158,ret_12m,main,115.9,full,1.0,2026-09-21
4674.0,,003835,鹏华沪深港新兴成长混合A,-0.21325082639842063,ret_12m,main,117.6,full,1.0,2026-09-21
4675.0,,011826,汇添富健康生活一年持有混合A,-0.2134418222635066,ret_12m,main,65.9,full,1.0,2026-09-21
4676.0,,013220,中欧新兴价值一年持有混合A,-0.21350190482189957,ret_12m,main,60.5,full,1.0,2026-09-21
4677.0,,002938,中银证券健康产业混合,-0.21380353720489542,ret_12m,main,120.4,full,1.0,2026-09-21
4678.0,,004805,长信消费精选量化股票A,-0.21428833303367034,ret_12m,main,102.5,full,1.0,2026-09-21
4679.0,,007861,金元顺安医疗健康混合A,-0.21433580851451006,ret_12m,main,61.8,full,1.0,2026-09-21
4680.0,,006209,中信保诚新蓝筹混合,-0.2143682480606257,ret_12m,main,96.6,full,1.0,2026-09-21
4681.0,,002387,工银沪港深股票A,-0.21491482433291165,ret_12m,main,125.0,full,1.0,2026-09-21
4682.0,,003413,华泰柏瑞新经济沪港深混合A,-0.2158325345989517,ret_12m,main,117.8,full,1.0,2026-09-21
4683.0,,011069,工银成长精选混合A,-0.2160334444640266,ret_12m,main,65.9,full,1.0,2026-09-21
4684.0,,021427,国泰优质精选混合A,-0.21613666527061481,ret_12m,main,23.4,short,1.0,2026-09-21
4685.0,,013859,宝盈品质甄选混合A,-0.21655432476301617,ret_12m,main,56.8,full,1.0,2026-09-21
4686.0,,000538,诺安优势行业混合A,-0.21704138139566653,ret_12m,main,150.3,full,1.0,2026-09-21
4687.0,,010041,嘉实港股优势混合A,-0.2174882433862494,ret_12m,main,68.0,full,1.0,2026-09-21
4688.0,,016635,国联安气候变化混合A,-0.21822454620631027,ret_12m,main,47.8,full,1.0,2026-09-21
4689.0,,377150,摩根健康品质生活混合A,-0.2182252668339305,ret_12m,main,175.6,full,1.0,2026-09-21
4690.0,,006720,平安核心优势混合A,-0.21889522845332843,ret_12m,main,91.7,full,1.0,2026-09-21
4691.0,,020428,华安先进制造混合发起式A,-0.218988010339615,ret_12m,main,20.0,short,1.0,2026-09-21
4692.0,,020458,平安医药精选股票A,-0.21911173491100977,ret_12m,main,27.1,short,1.0,2026-09-21
4693.0,,010326,博时消费创新混合A,-0.21972164266555927,ret_12m,main,70.9,full,1.0,2026-09-21
4694.0,,005067,融通逆向策略灵活配置混合A,-0.2200591773854227,ret_12m,main,103.3,full,1.0,2026-09-21
4695.0,,020474,中欧产业优选混合A,-0.22065022081506214,ret_12m,main,32.8,short,1.0,2026-09-21
4696.0,,005526,工银新生代消费混合,-0.22108066363680512,ret_12m,main,103.2,full,1.0,2026-09-21
4697.0,,012557,中欧景气前瞻一年混合A,-0.2215871326374227,ret_12m,main,61.3,full,1.0,2026-09-21
4698.0,,024379,平安港股通医疗创新精选混合A,-0.22205946840190494,ret_12m,main,15.3,short,1.0,2026-09-21
4699.0,,020419,鹏华科技驱动混合发起式A,-0.22211948223822364,ret_12m,main,24.7,short,1.0,2026-09-21
4700.0,,005888,华夏新兴消费混合A,-0.2221963794599865,ret_12m,main,94.5,full,1.0,2026-09-21
4701.0,,002174,东方互联网嘉混合,-0.22249554029461716,ret_12m,main,125.5,full,1.0,2026-09-21
4702.0,,022446,前海开源周期精选混合A,-0.22285391969884327,ret_12m,main,20.0,short,1.0,2026-09-21
4703.0,,002564,新沃通盈灵活配置混合,-0.22302820660896838,ret_12m,main,120.0,full,1.0,2026-09-21
4704.0,,003032,平安医疗健康混合A,-0.22323340165808647,ret_12m,main,105.9,full,1.0,2026-09-21
4705.0,,014938,同泰产业升级混合A,-0.22328480538595386,ret_12m,main,53.9,full,1.0,2026-09-21
4706.0,,290002,泰信先行策略混合,-0.22418453150640327,ret_12m,main,266.8,full,1.0,2026-09-21
4707.0,,005335,浙商全景消费混合A,-0.22427327787356466,ret_12m,main,104.7,full,1.0,2026-09-21
4708.0,,005169,华泰保兴策略精选A,-0.2243869167800996,ret_12m,main,105.5,full,1.0,2026-09-21
4709.0,,005970,国泰消费优选股票,-0.22527822705698952,ret_12m,main,92.1,full,1.0,2026-09-21
4710.0,,012390,中欧产业前瞻混合A,-0.22527878953718206,ret_12m,main,63.2,full,1.0,2026-09-21
4711.0,,015032,国联医药消费混合A,-0.22639535090443175,ret_12m,main,54.4,full,1.0,2026-09-21
4712.0,,160527,博时研究优选混合(LOF)A,-0.22649943037477416,ret_12m,main,78.1,full,1.0,2026-09-21
4713.0,,019051,华泰柏瑞科技创新混合发起式A,-0.22748589479361425,ret_12m,main,36.1,full,1.0,2026-09-21
4714.0,,161818,银华消费主题混合A,-0.22801665880121735,ret_12m,main,179.8,full,1.0,2026-09-21
4715.0,,001270,英大灵活配置混合型发起式A,-0.22854111723123416,ret_12m,main,136.5,full,1.0,2026-09-21
4716.0,,001007,国联安鑫安灵活配置混合,-0.22854121326935462,ret_12m,main,139.8,full,1.0,2026-09-21
4717.0,,007291,汇丰晋信港股通双核策略混合,-0.2288212834687332,ret_12m,main,85.7,full,1.0,2026-09-21
4718.0,,519767,交银科技创新灵活配置混合A,-0.2289726997567083,ret_12m,main,124.6,full,1.0,2026-09-21
4719.0,,002620,中邮未来新蓝筹混合,-0.23046152275748089,ret_12m,main,109.6,full,1.0,2026-09-21
4720.0,,003397,银华体育文化灵活配置混合A,-0.230806249758154,ret_12m,main,118.1,full,1.0,2026-09-21
4721.0,,021631,兴银聚优智选混合发起A,-0.231224447138767,ret_12m,main,27.1,short,1.0,2026-09-21
4722.0,,003432,中信保诚至瑞混合A,-0.2312579549670677,ret_12m,main,119.0,full,1.0,2026-09-21
4723.0,,011355,华泰柏瑞港股通时代机遇混合A,-0.23135403764175966,ret_12m,main,64.5,full,1.0,2026-09-21
4724.0,,001271,英大灵活配置混合型发起式B,-0.2323129490440453,ret_12m,main,136.5,full,1.0,2026-09-21
4725.0,,012421,华夏优加生活混合A,-0.2325056914336916,ret_12m,main,59.9,full,1.0,2026-09-21
4726.0,,006652,富国金融地产行业混合A,-0.23305644570065642,ret_12m,main,92.8,full,1.0,2026-09-21
4727.0,,610002,信澳精华配置混合A,-0.23385174081871085,ret_12m,main,217.7,full,1.0,2026-09-21
4728.0,,000057,中银消费主题混合A,-0.23401903365342447,ret_12m,main,160.9,full,1.0,2026-09-21
4729.0,,016307,景顺长城北交所精选两年定开混合A,-0.23406173273879594,ret_12m,main,49.0,full,1.0,2026-09-21
4730.0,,015287,永赢优质生活混合A,-0.23461210723334147,ret_12m,main,49.0,full,1.0,2026-09-21
4731.0,,501209,银华富久食品饮料精选混合(LOF)A,-0.23539680231445514,ret_12m,main,60.6,full,1.0,2026-09-21
4732.0,,002967,浙商大数据智选消费混合A,-0.23559320145877038,ret_12m,main,116.3,full,1.0,2026-09-21
4733.0,,016761,嘉合锦荣混合A,-0.23566007045466264,ret_12m,main,44.8,full,1.0,2026-09-21
4734.0,,002621,中欧消费主题股票A,-0.23613322924315772,ret_12m,main,122.0,full,1.0,2026-09-21
4735.0,,000867,华宝品质生活股票,-0.2361478792364663,ret_12m,main,140.0,full,1.0,2026-09-21
4736.0,,006671,广发消费升级股票,-0.23694586943947415,ret_12m,main,87.9,full,1.0,2026-09-21
4737.0,,001830,融通跨界成长灵活配置混合A,-0.23711053700515972,ret_12m,main,131.7,full,1.0,2026-09-21
4738.0,,022301,安信医药创新股票型发起A,-0.2373316003823721,ret_12m,main,23.2,short,1.0,2026-09-21
4739.0,,110022,易方达消费行业股票,-0.23832430373213442,ret_12m,main,193.1,full,1.0,2026-09-21
4740.0,,009564,汇安消费龙头混合A,-0.2383945112478547,ret_12m,main,73.3,full,1.0,2026-09-21
4741.0,,009954,华银优选成长股票,-0.23887102641971547,ret_12m,main,71.8,full,1.0,2026-09-21
4742.0,,006223,交银创新成长混合,-0.23894734958534003,ret_12m,main,95.8,full,1.0,2026-09-21
4743.0,,013851,中信建投低碳成长混合A,-0.23957025467597648,ret_12m,main,57.3,full,1.0,2026-09-21
4744.0,,005228,汇添富港股通专注成长,-0.24018201396114958,ret_12m,main,106.3,full,1.0,2026-09-21
4745.0,,008166,工银消费股票A,-0.24091526989010292,ret_12m,main,78.6,full,1.0,2026-09-21
4746.0,,025017,华富医疗创新混合发起式A,-0.24184541140724503,ret_12m,main,13.2,short,0.9842,2026-09-21
4747.0,,000056,建信消费升级混合,-0.24187671468589123,ret_12m,main,159.2,full,1.0,2026-09-21
4748.0,,015838,广发招利混合A,-0.2434554874477982,ret_12m,main,48.0,full,1.0,2026-09-21
4749.0,,398041,中海量化策略混合,-0.24369819589260366,ret_12m,main,206.9,full,1.0,2026-09-21
4750.0,,510081,长盛动态精选混合,-0.2438715687154741,ret_12m,main,268.0,full,1.0,2026-09-21
4751.0,,011673,长城医药科技六个月持有混合A,-0.2443116601475036,ret_12m,main,63.4,full,1.0,2026-09-21
4752.0,,006881,华宝大健康混合A,-0.2444649033541918,ret_12m,main,89.8,full,1.0,2026-09-21
4753.0,,008188,前海开源稳健增长三年混合,-0.24469058791153298,ret_12m,main,78.1,full,1.0,2026-09-21
4754.0,,001540,浙商汇金转型驱动,-0.2452496334664167,ret_12m,main,133.8,full,1.0,2026-09-21
4755.0,,006775,前海开源优质成长混合,-0.24546303498488864,ret_12m,main,89.4,full,1.0,2026-09-21
4756.0,,015034,泰信优势领航混合A,-0.24694669272259984,ret_12m,main,48.5,full,1.0,2026-09-21
4757.0,,013289,工银食品饮料混合A,-0.24722459395211738,ret_12m,main,59.0,full,1.0,2026-09-21
4758.0,,005827,易方达蓝筹精选混合,-0.24724889200203048,ret_12m,main,96.5,full,1.0,2026-09-21
4759.0,,012358,汇丰晋信医疗先锋混合A,-0.247797944689222,ret_12m,main,62.3,full,1.0,2026-09-21
4760.0,,481013,工银消费服务混合A,-0.24819803961848086,ret_12m,main,185.0,full,1.0,2026-09-21
4761.0,,006216,前海开源价值成长混合A,-0.24845438612874204,ret_12m,main,96.1,full,1.0,2026-09-21
4762.0,,008842,同泰远见混合A,-0.24943150828707894,ret_12m,main,72.4,full,1.0,2026-09-21
4763.0,,008099,广发价值领先混合A,-0.2499114160326672,ret_12m,main,76.5,full,1.0,2026-09-21
4764.0,,013037,长城大健康混合A,-0.24997183863752115,ret_12m,main,57.0,full,1.0,2026-09-21
4765.0,,200008,长城品牌优选混合A,-0.2505685730793362,ret_12m,main,229.5,full,1.0,2026-09-21
4766.0,,004189,华商消费行业股票,-0.250708359529797,ret_12m,main,114.2,full,1.0,2026-09-21
4767.0,,006537,恒生前海港股通精选混合,-0.2508106577484437,ret_12m,main,84.1,full,1.0,2026-09-21
4768.0,,002598,平安消费精选混合A,-0.25104771568474704,ret_12m,main,123.4,full,1.0,2026-09-21
4769.0,,010104,景顺长城消费精选混合A,-0.2522813961253556,ret_12m,main,71.9,full,1.0,2026-09-21
4770.0,,519915,富国消费主题混合A,-0.2530123098167104,ret_12m,main,141.3,full,1.0,2026-09-21
4771.0,,006477,中邮沪港深精选混合A,-0.2530803729670418,ret_12m,main,89.8,full,1.0,2026-09-21
4772.0,,005104,富荣福康混合A,-0.2541737516381438,ret_12m,main,103.3,full,1.0,2026-09-21
4773.0,,004424,汇添富文体娱乐混合A,-0.25466108564389567,ret_12m,main,99.0,full,1.0,2026-09-21
4774.0,,020142,路博迈中国医疗健康股票发起A,-0.2547955068244454,ret_12m,main,32.9,short,1.0,2026-09-21
4775.0,,013348,创金合信大健康混合A,-0.25485269401019395,ret_12m,main,55.8,full,1.0,2026-09-21
4776.0,,021904,中银ESG主题混合发起A,-0.25542890844180755,ret_12m,main,22.7,short,1.0,2026-09-21
4777.0,,013836,博时时代消费混合A,-0.2554747857732186,ret_12m,main,57.0,full,1.0,2026-09-21
4778.0,,017112,嘉实优享生活混合A,-0.2556842286710602,ret_12m,main,44.1,full,1.0,2026-09-21
4779.0,,002605,融通新消费灵活配置混合,-0.2564536538579414,ret_12m,main,123.8,full,1.0,2026-09-21
4780.0,,024735,永赢港股通科技智选混合发起A,-0.25678172420261436,ret_12m,main,13.8,short,1.0,2026-09-21
4781.0,,012690,广发消费领先混合A,-0.2584292626329113,ret_12m,main,60.9,full,1.0,2026-09-21
4782.0,,011287,前海开源聚慧三年持有混合,-0.2587630057792436,ret_12m,main,66.4,full,1.0,2026-09-21
4783.0,,011969,建信港股通精选混合A,-0.2589111935537536,ret_12m,main,59.7,full,1.0,2026-09-21
4784.0,,020397,中银港股通医药混合发起A,-0.2594263496264986,ret_12m,main,32.8,short,1.0,2026-09-21
4785.0,,001193,中金消费升级股票A,-0.26060154899952337,ret_12m,main,134.9,full,1.0,2026-09-21
4786.0,,011153,华宝新兴消费混合A,-0.26085142614273393,ret_12m,main,66.1,full,1.0,2026-09-21
4787.0,,007590,华宝绿色领先股票A,-0.2610437665234946,ret_12m,main,84.1,full,1.0,2026-09-21
4788.0,,015927,西部利得绿色能源混合A,-0.26196842481591875,ret_12m,main,45.7,full,1.0,2026-09-21
4789.0,,006781,汇丰晋信港股通精选股票,-0.2625588602619737,ret_12m,main,90.1,full,1.0,2026-09-21
4790.0,,003190,创金合信消费主题股票A,-0.26328219190241087,ret_12m,main,121.0,full,1.0,2026-09-21
4791.0,,014957,华富消费成长股票A,-0.2636397222237482,ret_12m,main,50.0,full,1.0,2026-09-21
4792.0,,005865,浦银量化多策略混合A,-0.26423403625759767,ret_12m,main,96.5,full,1.0,2026-09-21
4793.0,,162717,广发成长新动能混合A,-0.26569137648806396,ret_12m,main,117.1,full,1.0,2026-09-21
4794.0,,005620,中欧品质消费股票A,-0.2660690266293497,ret_12m,main,103.3,full,1.0,2026-09-21
4795.0,,006526,鹏华优选回报混合A,-0.2670325805213649,ret_12m,main,92.2,full,1.0,2026-09-21
4796.0,,014794,富国远见优选混合A,-0.2684676506859154,ret_12m,main,55.1,full,1.0,2026-09-21
4797.0,,010054,万家健康产业混合A,-0.26894741696868185,ret_12m,main,71.7,full,1.0,2026-09-21
4798.0,,012102,国寿安保低碳经济混合A,-0.2691588360252424,ret_12m,main,51.7,full,1.0,2026-09-21
4799.0,,024357,东方阿尔法健康产业混合发起A,-0.2693625758866469,ret_12m,main,15.3,short,1.0,2026-09-21
4800.0,,016590,富国汽车智选混合A,-0.26959845775553704,ret_12m,main,47.8,full,1.0,2026-09-21
4801.0,,012971,东吴消费成长混合A,-0.27125062677117784,ret_12m,main,60.2,full,1.0,2026-09-21
4802.0,,020287,永赢红利慧选混合发起A,-0.27235422195056547,ret_12m,main,31.5,short,1.0,2026-09-21
4803.0,,010454,交银内需增长一年持有混合,-0.2728446658461403,ret_12m,main,69.3,full,1.0,2026-09-21
4804.0,,022081,景顺长城医疗产业股票A,-0.2729809174098452,ret_12m,main,19.9,short,1.0,2026-09-21
4805.0,,009852,银华品质消费股票A,-0.27361814060039646,ret_12m,main,70.3,full,1.0,2026-09-21
4806.0,,012582,交银品质增长一年混合A,-0.27545670144444756,ret_12m,main,62.0,full,1.0,2026-09-21
4807.0,,016350,招商碳中和主题混合A,-0.2762334944958227,ret_12m,main,47.8,full,1.0,2026-09-21
4808.0,,006926,长城量化精选股票A,-0.27640244247792256,ret_12m,main,87.8,full,1.0,2026-09-21
4809.0,,007393,上银未来生活灵活配置混合A,-0.2764883667643445,ret_12m,main,86.2,full,1.0,2026-09-21
4810.0,,002443,前海开源沪港深龙头精选混合A,-0.27681109812083005,ret_12m,main,122.6,full,1.0,2026-09-21
4811.0,,013871,招商能源转型混合A,-0.2770358687711554,ret_12m,main,55.4,full,1.0,2026-09-21
4812.0,,009162,富国医药成长30股票A,-0.2770568922326542,ret_12m,main,77.4,full,1.0,2026-09-21
4813.0,,004926,中航军民融合精选A,-0.2774756202821089,ret_12m,main,103.4,full,1.0,2026-09-21
4814.0,,310388,申万菱信消费增长混合A,-0.2782290112645789,ret_12m,main,207.3,full,1.0,2026-09-21
4815.0,,022802,西部利得消费精选混合A,-0.27840707962460676,ret_12m,main,19.9,short,1.0,2026-09-21
4816.0,,010701,恒越内需驱动混合A,-0.2785258092146464,ret_12m,main,68.5,full,1.0,2026-09-21
4817.0,,008424,国联品牌优选混合A,-0.2790304527267864,ret_12m,main,76.3,full,1.0,2026-09-21
4818.0,,010617,兴业消费精选混合A,-0.27918897999187875,ret_12m,main,69.2,full,1.0,2026-09-21
4819.0,,019126,华泰柏瑞港股通医疗精选混合发起式A,-0.28104911935783594,ret_12m,main,15.1,short,1.0,2026-09-21
4820.0,,398061,中海消费混合A,-0.28105872091342055,ret_12m,main,178.4,full,1.0,2026-09-21
4821.0,,017000,格林港股通臻选混合A,-0.28131056820695977,ret_12m,main,29.0,short,1.0,2026-09-21
4822.0,,006604,嘉实消费精选股票A,-0.28135219033392667,ret_12m,main,89.6,full,1.0,2026-09-21
4823.0,,008180,同泰慧利混合A,-0.2815334985356208,ret_12m,main,74.6,full,1.0,2026-09-21
4824.0,,010483,交银启道混合,-0.2817266548277195,ret_12m,main,67.7,full,1.0,2026-09-21
4825.0,,002303,金鹰智慧生活混合A,-0.28185858481989257,ret_12m,main,126.0,full,1.0,2026-09-21
4826.0,,013356,大摩沪港深精选混合A,-0.2821250630321449,ret_12m,main,57.9,full,1.0,2026-09-21
4827.0,,003684,汇安丰融混合A,-0.2840785135254008,ret_12m,main,117.0,full,1.0,2026-09-21
4828.0,,011917,山证资管品质生活混合A,-0.28417479035335,ret_12m,main,63.8,full,1.0,2026-09-21
4829.0,,519150,新华优选消费混合,-0.28494768085432465,ret_12m,main,171.3,full,1.0,2026-09-21
4830.0,,012255,富国高质量混合,-0.28557378842625925,ret_12m,main,63.2,full,1.0,2026-09-21
4831.0,,006179,富国品质生活混合A,-0.28596841934937256,ret_12m,main,90.1,full,1.0,2026-09-21
4832.0,,008901,富国内需增长混合A,-0.28642548911438537,ret_12m,main,77.9,full,1.0,2026-09-21
4833.0,,016847,中欧高端装备股票发起A,-0.2864277018002588,ret_12m,main,46.2,full,1.0,2026-09-21
4834.0,,018045,东方创新医疗股票A,-0.2866659029902725,ret_12m,main,40.5,full,1.0,2026-09-21
4835.0,,011121,广发兴诚混合A,-0.28878229437233205,ret_12m,main,68.5,full,1.0,2026-09-21
4836.0,,016541,交银启衡混合A,-0.2890029328413224,ret_12m,main,45.7,full,1.0,2026-09-21
4837.0,,005255,浦银港股通量化混合A,-0.29047337004164464,ret_12m,main,103.9,full,1.0,2026-09-21
4838.0,,024023,申万菱信行业精选混合A,-0.29267855076144356,ret_12m,main,15.6,short,1.0,2026-09-21
4839.0,,007518,东方阿尔法优选混合A,-0.2931486478545152,ret_12m,main,84.3,full,1.0,2026-09-21
4840.0,,011876,景顺长城医疗健康混合A,-0.2932160513869755,ret_12m,main,61.1,full,1.0,2026-09-21
4841.0,,011099,富国价值创造混合A,-0.2933077074408884,ret_12m,main,68.2,full,1.0,2026-09-21
4842.0,,011275,交银成长动力一年持有混合A,-0.29447695479800096,ret_12m,main,63.3,full,1.0,2026-09-21
4843.0,,005433,申万菱信医药先锋股票A,-0.294546789416275,ret_12m,main,70.1,full,1.0,2026-09-21
4844.0,,009265,易方达消费精选股票,-0.29673243834933716,ret_12m,main,77.3,full,1.0,2026-09-21
4845.0,,580005,东吴进取策略混合A,-0.29845866263301335,ret_12m,main,208.5,full,1.0,2026-09-21
4846.0,,010143,交银施罗德启欣混合,-0.30030031618183006,ret_12m,main,70.8,full,1.0,2026-09-21
4847.0,,017962,广发医药创新混合发起式A,-0.3012619538864193,ret_12m,main,37.5,full,1.0,2026-09-21
4848.0,,009476,建信食品饮料行业股票A,-0.30220441012393373,ret_12m,main,72.8,full,1.0,2026-09-21
4849.0,,020140,国寿安保品质消费股票发起式A,-0.3023292195209468,ret_12m,main,33.5,short,1.0,2026-09-21
4850.0,,007082,平安高端制造混合A,-0.30258019305656225,ret_12m,main,88.9,full,1.0,2026-09-21
4851.0,,001643,汇丰晋信智造先锋股票A,-0.3041519686358912,ret_12m,main,131.7,full,1.0,2026-09-21
4852.0,,023560,富达创新驱动混合发起A,-0.30427730416671706,ret_12m,main,17.9,short,1.0,2026-09-21
4853.0,,011013,长城消费30股票A,-0.30438667159745114,ret_12m,main,64.4,full,1.0,2026-09-21
4854.0,,004549,富安达消费主题混合,-0.3051362772164179,ret_12m,main,109.7,full,1.0,2026-09-21
4855.0,,008234,光大消费主题股票A,-0.30639358143325135,ret_12m,main,76.9,full,1.0,2026-09-21
4856.0,,009983,永赢港股通品质生活慧选混合A,-0.30674058240826474,ret_12m,main,71.7,full,1.0,2026-09-21
4857.0,,013293,长城健康消费混合A,-0.30830744812000355,ret_12m,main,57.9,full,1.0,2026-09-21
4858.0,,025172,德邦医疗创新混合发起式A,-0.31254652694555574,ret_12m,main,12.8,short,1.0,2026-09-21
4859.0,,540008,汇丰晋信低碳先锋股票A,-0.31413575194031385,ret_12m,main,195.4,full,1.0,2026-09-21
4860.0,,009542,银华富利精选混合A,-0.3145443179672136,ret_12m,main,73.3,full,1.0,2026-09-21
4861.0,,011924,嘉实港股互联网产业核心资产A,-0.31483658399830317,ret_12m,main,61.1,full,1.0,2026-09-21
4862.0,,009661,平安研究睿选混合A,-0.317012118425416,ret_12m,main,74.2,full,1.0,2026-09-21
4863.0,,001563,华富健康文娱灵活配置混合A,-0.3184737951048905,ret_12m,main,133.6,full,1.0,2026-09-21
4864.0,,009940,格林稳健价值混合A,-0.319288080123287,ret_12m,main,71.0,full,1.0,2026-09-21
4865.0,,014074,嘉实内需精选混合A,-0.31944675548339463,ret_12m,main,56.5,full,1.0,2026-09-21
4866.0,,024388,中航智选领航混合发起A,-0.3237400836720522,ret_12m,main,15.3,short,1.0,2026-09-21
4867.0,,000976,长城新兴产业混合A,-0.32378780652527384,ret_12m,main,139.1,full,1.0,2026-09-21
4868.0,,540003,汇丰晋信动态策略混合A,-0.32527925836453453,ret_12m,main,233.4,full,1.0,2026-09-21
4869.0,,012506,东方品质消费一年持有期混合A,-0.3256382527007813,ret_12m,main,62.5,full,1.0,2026-09-21
4870.0,,540002,汇丰晋信龙腾混合A,-0.3257811363319615,ret_12m,main,239.8,full,1.0,2026-09-21
4871.0,,024737,永赢新材料智选混合发起A,-0.32719908424161004,ret_12m,main,13.8,short,1.0,2026-09-21
4872.0,,011578,汇丰晋信核心成长A,-0.32743336063239536,ret_12m,main,63.9,full,1.0,2026-09-21
4873.0,,023899,富达港股通精选混合发起A,-0.32753704886838564,ret_12m,main,14.7,short,1.0,2026-09-21
4874.0,,018362,东方阿尔法瑞丰混合发起A,-0.3289098015408348,ret_12m,main,40.3,full,1.0,2026-09-21
4875.0,,580003,东吴行业轮动混合A,-0.33040272683745897,ret_12m,main,220.9,full,1.0,2026-09-21
4876.0,,023753,永赢信息产业智选混合发起A,-0.33067886924783374,ret_12m,main,17.9,short,1.0,2026-09-21
4877.0,,021450,富国医疗产业混合发起式A,-0.3360601427565907,ret_12m,main,28.0,short,1.0,2026-09-21
4878.0,,519606,国泰金鑫股票A,-0.3363397096603049,ret_12m,main,142.9,full,1.0,2026-09-21
4879.0,,020026,国泰成长优选混合,-0.3403294078290223,ret_12m,main,174.1,full,1.0,2026-09-21
4880.0,,010715,财通资管消费升级一年持有A,-0.3475457918675945,ret_12m,main,62.1,full,1.0,2026-09-21
4881.0,,290004,泰信优质生活混合,-0.34790327033992785,ret_12m,main,237.2,full,1.0,2026-09-21
4882.0,,007965,民生加银品质消费股票A,-0.34946297642447366,ret_12m,main,76.9,full,1.0,2026-09-21
4883.0,,018248,中欧致和混合A,-0.35041794047596686,ret_12m,main,40.0,full,1.0,2026-09-21
4884.0,,004634,前海联合泳涛混合A,-0.3530818808934634,ret_12m,main,111.5,full,1.0,2026-09-21
4885.0,,290012,泰信行业精选混合A,-0.35427406906370895,ret_12m,main,174.9,full,1.0,2026-09-21
4886.0,,012210,申万菱信智能汽车股票A,-0.3551793682838573,ret_12m,main,63.0,full,1.0,2026-09-21
4887.0,,014917,汇丰晋信时代先锋混合A,-0.3608987916397671,ret_12m,main,51.4,full,1.0,2026-09-21
4888.0,,008840,德邦大消费混合A,-0.36582971249379515,ret_12m,main,75.1,full,1.0,2026-09-21
4889.0,,015630,申万菱信乐融一年持有混合A,-0.36749116376549695,ret_12m,main,51.2,full,1.0,2026-09-21
4890.0,,019394,浦银策略优选混合A,-0.3693746589547948,ret_12m,main,33.1,short,1.0,2026-09-21
4891.0,,006181,格林伯锐灵活配置A,-0.37261299163386186,ret_12m,main,94.2,full,1.0,2026-09-21
4892.0,,006235,东方城镇消费主题混合A,-0.3825052755954158,ret_12m,main,87.9,full,1.0,2026-09-21
4893.0,,014423,汇丰晋信研究精选混合,-0.38613731942608664,ret_12m,main,56.0,full,1.0,2026-09-21
4894.0,,011188,信澳星奕混合A,-0.4013331263386577,ret_12m,main,67.9,full,1.0,2026-09-21
4895.0,,018438,财通资管品质消费混合发起式A,-0.4022336341345437,ret_12m,main,40.4,full,1.0,2026-09-21
4896.0,,015150,恒越匠心优选一年持有混合A,-0.4025308143537297,ret_12m,main,45.9,full,1.0,2026-09-21
4897.0,,001978,泰信互联网+主题混合A,-0.4133498762410279,ret_12m,main,123.4,full,1.0,2026-09-21
4898.0,,010282,中信建投智享生活混合A,-0.4174875137697579,ret_12m,main,70.5,full,1.0,2026-09-21
4899.0,,006364,招商丰韵混合A,-0.4177776243219563,ret_12m,main,90.1,full,1.0,2026-09-21
4900.0,,011002,同泰大健康主题混合A,-0.4440579348800775,ret_12m,main,65.4,full,1.0,2026-09-21
4901.0,,007770,同泰开泰混合A,-0.44967631954499254,ret_12m,main,84.8,full,1.0,2026-09-21
4902.0,,008050,同泰慧择混合A,-0.5180349575436574,ret_12m,main,82.0,full,1.0,2026-09-21
