rank,rank_lowconf,fund_code,fund_name,score,signal,confidence,age_months,age_group,coverage,as_of
,1.0,025686,国泰半导体制造精选混合发起A,0.9125117532607498,ret_6m,low,11.3,young,1.0,2026-09-23
,2.0,024480,财通品质甄选混合A,0.8237644066735716,ret_6m,low,10.7,young,1.0,2026-09-23
,3.0,026632,平安半导体领航精选混合发起式A,0.755797366702222,ret_6m,low,7.8,young,1.0,2026-09-23
,4.0,025968,建信科技智选股票型发起A,0.7311833560585865,ret_6m,low,9.7,young,1.0,2026-09-23
,5.0,019437,华商科创创业精选混合A,0.6808063676132239,ret_6m,low,10.6,young,1.0,2026-09-23
,6.0,024473,信澳优势行业混合A,0.5994250294660866,ret_6m,low,14.0,short,1.0,2026-09-23
,7.0,026538,融通科技臻选混合发起式A,0.5398604731897187,ret_6m,low,7.6,young,1.0,2026-09-23
,8.0,025783,兴证资管金麒麟兴享优选混合D,0.5398578763722408,ret_6m,low,11.1,young,1.0,2026-09-23
,9.0,026353,财通泓盛平衡混合A,0.5198563463349652,ret_6m,low,8.1,young,1.0,2026-09-23
,10.0,024459,华商致远回报混合A,0.5149948875698911,ret_6m,low,14.3,short,1.0,2026-09-23
,11.0,026382,中航洞见领航混合A,0.4834479742948723,ret_6m,low,8.3,young,1.0,2026-09-23
,12.0,025208,永赢先锋半导体智选混合发起A,0.4834144129324689,ret_6m,low,12.4,short,1.0,2026-09-23
,13.0,025421,浦银数字经济混合A,0.4668903367712809,ret_6m,low,12.4,short,1.0,2026-09-23
,14.0,024476,南华科技创新混合发起A,0.4480049962736221,ret_6m,low,12.0,young,1.0,2026-09-23
,15.0,026210,平安科技精选混合发起式A,0.41837141485436025,ret_6m,low,9.4,young,1.0,2026-09-23
,16.0,026475,西部利得创新驱动鑫选混合发起A,0.4053622516077171,ret_6m,low,7.4,young,1.0,2026-09-23
,17.0,026273,平安数字经济精选混合发起式A,0.39440259476003536,ret_6m,low,8.9,young,1.0,2026-09-23
,18.0,025499,东方阿尔法科技智选混合发起A,0.3688038874934645,ret_6m,low,12.4,short,1.0,2026-09-23
,19.0,025758,华安新兴动力混合发起式A,0.3567255436994927,ret_6m,low,10.7,young,1.0,2026-09-23
,20.0,024796,兴业科技创新混合发起式A,0.3386094674042819,ret_6m,low,13.4,short,1.0,2026-09-23
,21.0,024717,汇安成长领航混合A,0.32223309565738867,ret_6m,low,12.4,short,1.0,2026-09-23
,22.0,024818,中欧医药生物混合发起A,0.31460586941278224,ret_6m,low,9.9,young,1.0,2026-09-23
,23.0,026448,大摩沪港深科技混合A,0.3071811538012572,ret_6m,low,7.9,young,1.0,2026-09-23
,24.0,026293,红土精选混合C,0.2986635816660006,ret_6m,low,9.4,young,1.0,2026-09-23
,25.0,026202,上银丰泽混合发起式A,0.2831715012807132,ret_6m,low,9.2,young,1.0,2026-09-23
,26.0,025860,万家泓裕成长驱动混合发起式A,0.2710168699736819,ret_6m,low,10.7,young,1.0,2026-09-23
,27.0,025684,易方达优势进取混合A,0.2610348053396039,ret_6m,low,9.9,young,1.0,2026-09-23
,28.0,025926,中信保诚医药精选混合A,0.2520698149359142,ret_6m,low,9.7,young,1.0,2026-09-23
,29.0,025918,易方达科技先锋混合A,0.24406819361820653,ret_6m,low,10.2,young,1.0,2026-09-23
,30.0,025736,华西科技成长股票,0.24107224834785024,ret_6m,low,9.9,young,1.0,2026-09-23
,31.0,026282,东方红先锋锐选混合发起A,0.23517037034549726,ret_6m,low,8.8,young,1.0,2026-09-23
,32.0,023420,永赢锐见先锋混合A,0.2345083596787203,ret_6m,low,12.7,short,1.0,2026-09-23
,33.0,025580,财通消费优选混合发起A,0.23223934621157127,ret_6m,low,9.2,young,1.0,2026-09-23
,34.0,025824,易方达产业优选混合A,0.23163148568237024,ret_6m,low,10.6,young,1.0,2026-09-23
,35.0,025511,广发信息产业股票发起式A,0.21745369042961205,ret_6m,low,10.6,young,1.0,2026-09-23
,36.0,026470,泓德医药精选混合发起式A,0.20491918937344744,ret_6m,low,8.1,young,1.0,2026-09-23
,37.0,025830,嘉实成长共享混合A,0.19108092193763682,ret_6m,low,10.8,young,1.0,2026-09-23
,38.0,026488,安信资源睿选股票发起A,0.1726900223502812,ret_6m,low,7.4,young,1.0,2026-09-23
,39.0,025082,摩根慧启成长混合A,0.16462567052031662,ret_6m,low,9.7,young,1.0,2026-09-23
,40.0,026177,华商品质甄选混合A,0.15960627713670172,ret_6m,low,7.9,young,1.0,2026-09-23
,41.0,025658,国金科创创业量化选股股票A,0.14971023087617596,ret_6m,low,9.2,young,1.0,2026-09-23
,42.0,026089,上银医疗创新混合发起式A,0.14018714121655584,ret_6m,low,9.2,young,1.0,2026-09-23
,43.0,025068,建信医疗创新股票A,0.1299614200084438,ret_6m,low,12.9,short,1.0,2026-09-23
,44.0,024534,平安港股通科技精选混合A,0.12817500641210589,ret_6m,low,12.7,short,1.0,2026-09-23
,45.0,026284,东方红嘉享混合发起A,0.12057344447296003,ret_6m,low,8.8,young,1.0,2026-09-23
,46.0,026699,新华大盘成长量化选股混合发起A,0.11483924712804527,ret_6m,low,7.8,young,1.0,2026-09-23
,47.0,025748,招商医药量化选股混合发起式A,0.1136262357166764,ret_6m,low,8.1,young,1.0,2026-09-23
,48.0,025769,中金进取回报混合A,0.1116412381620775,ret_6m,low,10.6,young,1.0,2026-09-23
,49.0,025648,易方达港股通科技混合A,0.10501012248231745,ret_6m,low,11.3,young,1.0,2026-09-23
,50.0,025928,恒生前海成长先锋混合A,0.10399636202687446,ret_6m,low,7.9,young,1.0,2026-09-23
,51.0,025386,万家智胜量化选股股票A,0.10134535857832483,ret_6m,low,10.6,young,1.0,2026-09-23
,52.0,025785,中金科创优选混合发起A,0.0947608216164737,ret_6m,low,6.0,young,0.9528,2026-09-23
,53.0,025956,新华科技优选混合发起A,0.09426222833124442,ret_6m,low,9.2,young,1.0,2026-09-23
,54.0,025368,东财启和混合A,0.09384565438075265,ret_6m,low,8.9,young,1.0,2026-09-23
,55.0,023457,前海开源研究优选混合A,0.09174436085900894,ret_6m,low,13.1,short,1.0,2026-09-23
,56.0,026760,财信均衡致远混合发起式A,0.08458277968099148,ret_6m,low,7.4,young,1.0,2026-09-23
,57.0,026195,易方达港股通医药混合A,0.083814858019015,ret_6m,low,7.9,young,1.0,2026-09-23
,58.0,024354,国泰红利智选混合A,0.08266997774944396,ret_6m,low,12.5,short,1.0,2026-09-23
,59.0,025688,中金阿尔法优选混合A,0.08093410488405173,ret_6m,low,10.4,young,1.0,2026-09-23
,60.0,024841,信澳高端装备混合A,0.08010560876830142,ret_6m,low,10.4,young,1.0,2026-09-23
,61.0,025546,财通周期优选混合A,0.07166799290679449,ret_6m,low,7.4,young,1.0,2026-09-23
,62.0,025533,光大阳光优选一年持有混合A,0.06987906285581791,ret_6m,low,9.8,young,1.0,2026-09-23
,63.0,026237,广发平衡精选混合D,0.06704828744319302,ret_6m,low,8.8,young,1.0,2026-09-23
,64.0,025964,广发创新成长混合A,0.06338711375182426,ret_6m,low,9.5,young,1.0,2026-09-23
,65.0,025702,惠升均衡回报混合A,0.059333805615511936,ret_6m,low,9.5,young,1.0,2026-09-23
,66.0,023951,农银平衡价值混合A,0.05879782271097489,ret_6m,low,12.0,young,1.0,2026-09-23
,67.0,026173,路博迈港股通科技股票A,0.058226345891959186,ret_6m,low,8.8,young,1.0,2026-09-23
,68.0,026074,恒生前海成长动力混合A,0.05702834077686347,ret_6m,low,7.8,young,1.0,2026-09-23
,69.0,026199,大摩港股通多元成长混合A,0.05641101919717162,ret_6m,low,8.3,young,1.0,2026-09-23
,70.0,025058,中欧核心智选混合A,0.0561281828818021,ret_6m,low,13.3,short,1.0,2026-09-23
,71.0,025656,国金智远量化选股混合A,0.05524155047126289,ret_6m,low,10.6,young,1.0,2026-09-23
,72.0,026520,财通资管量化选股股票发起式A,0.05427146818858719,ret_6m,low,7.6,young,1.0,2026-09-23
,73.0,024638,永赢汇达6个月持有混合A,0.05169592857799632,ret_6m,low,14.3,short,1.0,2026-09-23
,74.0,024866,圆信永丰新材料混合发起A,0.05039172472041997,ret_6m,low,10.7,young,1.0,2026-09-23
,75.0,026678,恒越嘉润量化选股混合A,0.04967261878578877,ret_6m,low,7.6,young,1.0,2026-09-23
,76.0,025065,平安研究驱动混合A,0.04943839014592055,ret_6m,low,11.8,young,1.0,2026-09-23
,77.0,026468,山证资管数字经济锐选股票发起式A,0.047198622477376606,ret_6m,low,8.7,young,1.0,2026-09-23
,78.0,024361,中欧红利慧选混合发起A,0.04354630332563425,ret_6m,low,10.8,young,1.0,2026-09-23
,79.0,025558,光大阳光启明星创新驱动混合A,0.04207538710945258,ret_6m,low,9.8,young,1.0,2026-09-23
,80.0,025773,中金丰裕稳健一年持有混合A,0.04124578501732201,ret_6m,low,10.2,young,1.0,2026-09-23
,81.0,026756,鑫元鑫锐量化选股混合发起式A,0.03957721959023952,ret_6m,low,7.9,young,1.0,2026-09-23
,82.0,025075,汇添富成长优选混合A,0.0356919901563757,ret_6m,low,12.2,short,1.0,2026-09-23
,83.0,025985,东海领航精选3个月持有混合发起式A,0.03404748021571602,ret_6m,low,8.8,young,1.0,2026-09-23
,84.0,024683,东海价值臻选混合A,0.03327663620257448,ret_6m,low,12.2,short,1.0,2026-09-23
,85.0,025486,中邮新锐量化选股混合发起式A,0.03205828145492662,ret_6m,low,10.6,young,1.0,2026-09-23
,86.0,025069,景顺长城高端装备股票,0.031139076951035793,ret_6m,low,12.0,young,1.0,2026-09-23
,87.0,025709,汇添富价值驱动混合A,0.026927085569066422,ret_6m,low,10.4,young,1.0,2026-09-23
,88.0,025995,大成荣享混合A,0.026407797212680828,ret_6m,low,9.2,young,1.0,2026-09-23
,89.0,025447,万家元晟量化选股混合发起式A,0.0253032460933289,ret_6m,low,12.4,short,1.0,2026-09-23
,90.0,026251,易方达消费机遇混合A,0.02303658086389726,ret_6m,low,8.8,young,1.0,2026-09-23
,91.0,025149,华富福盛一年持有期混合A,0.021956320026801812,ret_6m,low,11.1,young,1.0,2026-09-23
,92.0,025993,银华盛安六个月持有混合A,0.021209059963321453,ret_6m,low,9.2,young,1.0,2026-09-23
,93.0,025843,兴证资管金麒麟兴睿优选混合D,0.019252076442670463,ret_6m,low,10.8,young,1.0,2026-09-23
,94.0,023943,天弘安和平衡混合A,0.01827155356372323,ret_6m,low,12.9,short,1.0,2026-09-23
,95.0,025077,华泰柏瑞制造业主题混合A,0.018058123549336447,ret_6m,low,11.8,young,1.0,2026-09-23
,96.0,025231,中信建投价值增长混合A,0.017814067289411373,ret_6m,low,12.0,short,1.0,2026-09-23
,97.0,024900,西部利得专精特新量化选股混合A,0.017710728870376835,ret_6m,low,10.2,young,1.0,2026-09-23
,98.0,025544,汇添富港股通科技精选混合发起式A,0.017360871160894353,ret_6m,low,10.8,young,1.0,2026-09-23
,99.0,024658,国联价值均衡混合A,0.014670385566549982,ret_6m,low,9.9,young,1.0,2026-09-23
,100.0,025997,永赢汇欣混合A,0.012779764913031233,ret_6m,low,9.0,young,1.0,2026-09-23
,101.0,025352,凯石瑞鑫6个月持有混合发起A,0.0124259220185996,ret_6m,low,12.6,short,1.0,2026-09-23
,102.0,026495,东方红消费研选混合发起A,0.011871762219717308,ret_6m,low,8.4,young,1.0,2026-09-23
,103.0,024594,财通华晟量化选股混合A,0.011496578444079919,ret_6m,low,12.6,short,1.0,2026-09-23
,104.0,025715,安联睿利6个月持有混合A,0.011338390151531375,ret_6m,low,9.0,young,1.0,2026-09-23
,105.0,024923,招商资管智达红利优选混合发起A,0.01133698829897578,ret_6m,low,13.2,short,1.0,2026-09-23
,106.0,026562,国泰海通制造升级睿选混合发起A,0.01076987357190462,ret_6m,low,8.1,young,1.0,2026-09-23
,107.0,025904,兴证资管恒睿致胜混合发起式A,0.009498259331407244,ret_6m,low,9.7,young,1.0,2026-09-23
,108.0,026140,财信芙璟混合A,0.009424958322777455,ret_6m,low,9.0,young,1.0,2026-09-23
,109.0,023871,人保均衡智选混合A,0.00940626316090265,ret_6m,low,11.9,young,1.0,2026-09-23
,110.0,026886,财通资管消费研选混合发起式A,0.009402127893479051,ret_6m,low,6.4,young,1.0,2026-09-23
,111.0,026609,工银前瞻成长混合A,0.005379816831947881,ret_6m,low,7.8,young,1.0,2026-09-23
,112.0,003813,泰康金泰回报3个月持有A,0.0037272012640194863,ret_6m,low,116.0,full,1.0,2026-09-23
,113.0,025428,东方红研究精选混合A,0.0036865364142089074,ret_6m,low,12.0,young,1.0,2026-09-23
,114.0,025845,华安消费智选混合发起式A,0.0034659605165556773,ret_6m,low,9.9,young,1.0,2026-09-23
,115.0,024645,平安瑞和6个月持有混合A,0.0012802249352679151,ret_6m,low,12.2,short,1.0,2026-09-23
,116.0,025584,光大阳光智造混合A,-4.3119053995011036e-05,ret_6m,low,9.8,young,1.0,2026-09-23
,117.0,026257,平安新锐量化选股混合发起式A,-0.0009614129997626009,ret_6m,low,7.4,young,1.0,2026-09-23
,118.0,026529,贝莱德富元金利混合A,-0.001782488269363336,ret_6m,low,7.4,young,1.0,2026-09-23
,119.0,025666,银华鑫禾混合A,-0.002092603580755914,ret_6m,low,10.2,young,1.0,2026-09-23
,120.0,025668,申万菱信宁通六个月持有期混合,-0.005360052441501617,ret_6m,low,10.1,young,1.0,2026-09-23
,121.0,025771,中金安心回报混合A,-0.005995368454326133,ret_6m,low,10.2,young,1.0,2026-09-23
,122.0,026078,中航卓越领航混合发起A,-0.006120505204877724,ret_6m,low,9.6,young,1.0,2026-09-23
,123.0,025445,万家周期视野股票发起式A,-0.007336345921711285,ret_6m,low,12.2,short,1.0,2026-09-23
,124.0,023186,国联安红利慧选混合发起式A,-0.007394638650610186,ret_6m,low,9.0,young,1.0,2026-09-23
,125.0,025721,中欧价值优选混合A,-0.008447928762626455,ret_6m,low,8.0,young,1.0,2026-09-23
,126.0,025828,中欧多元平衡混合A,-0.009046625855199997,ret_6m,low,9.6,young,1.0,2026-09-23
,127.0,025011,财通华裕量化选股股票A,-0.00978100297359541,ret_6m,low,11.8,young,1.0,2026-09-23
,128.0,025404,苏新睿见量化选股股票A,-0.011283348426384232,ret_6m,low,10.6,young,1.0,2026-09-23
,129.0,025184,中银品质新兴混合A,-0.011727812700515372,ret_6m,low,9.7,young,1.0,2026-09-23
,130.0,025449,万家数字经济股票发起式A,-0.015739534857582616,ret_6m,low,12.2,short,1.0,2026-09-23
,131.0,025349,广发乾享核心精选混合A,-0.019503825261631524,ret_6m,low,11.9,young,1.0,2026-09-23
,132.0,025073,南方瑞景混合A,-0.020717365338367988,ret_6m,low,12.2,short,1.0,2026-09-23
,133.0,025358,鑫元锦鑫回报混合A,-0.020785958835842888,ret_6m,low,11.9,young,1.0,2026-09-23
,134.0,024729,兴业先进制造混合发起式A,-0.02204629018755777,ret_6m,low,13.9,short,1.0,2026-09-23
,135.0,024385,国金红利量化选股混合A,-0.02236096052682668,ret_6m,low,12.9,short,1.0,2026-09-23
,136.0,026072,广发研究智选混合A,-0.022808722597772446,ret_6m,low,8.1,young,1.0,2026-09-23
,137.0,024421,华夏信选混合A,-0.023487041990583046,ret_6m,low,12.4,short,1.0,2026-09-23
,138.0,026187,中邮周期精选混合发起式A,-0.02454390741258672,ret_6m,low,8.9,young,1.0,2026-09-23
,139.0,024261,中邮先进制造混合发起式A,-0.02517096036854638,ret_6m,low,13.8,short,1.0,2026-09-23
,140.0,025355,东海启恒混合发起式A,-0.025902227085036866,ret_6m,low,12.0,short,1.0,2026-09-23
,141.0,025222,创金合信弘科混合发起A,-0.026449250103634636,ret_6m,low,9.7,young,1.0,2026-09-23
,142.0,025788,广发质量优选股票A,-0.026532800126945588,ret_6m,low,9.0,young,1.0,2026-09-23
,143.0,024964,南方多元价值一年持有混合A,-0.02883365553453332,ret_6m,low,10.6,young,1.0,2026-09-23
,144.0,021194,格林科技成长混合A,-0.0361534316424742,ret_6m,low,12.2,short,1.0,2026-09-23
,145.0,026600,明亚远臻智选混合A,-0.03987996732689014,ret_6m,low,8.2,young,1.0,2026-09-23
,146.0,025326,银华嘉瑞平衡混合发起式A,-0.03998091283568028,ret_6m,low,10.8,young,1.0,2026-09-23
,147.0,025750,兴证资管金麒麟均衡优选混合D,-0.04047911221413769,ret_6m,low,11.1,young,1.0,2026-09-23
,148.0,026617,万家致远动力混合发起式A,-0.040679376069230666,ret_6m,low,7.9,young,1.0,2026-09-23
,149.0,025408,兴华景明混合A,-0.04206706361382018,ret_6m,low,12.0,short,1.0,2026-09-23
,150.0,026619,安信消费睿选股票发起A,-0.042218556748808256,ret_6m,low,7.4,young,1.0,2026-09-23
,151.0,025527,中金优势领航一年持有混合A,-0.04263198775901744,ret_6m,low,12.0,short,1.0,2026-09-23
,152.0,025848,西部利得红利鑫选混合发起A,-0.04939735098933373,ret_6m,low,7.9,young,1.0,2026-09-23
,153.0,024398,浦银港股通央企红利混合A,-0.05033625377119977,ret_6m,low,13.8,short,1.0,2026-09-23
,154.0,022673,平安产业竞争力混合A,-0.05114569524036483,ret_6m,low,9.0,young,1.0,2026-09-23
,155.0,024836,中欧港股通科技混合发起A,-0.05186184107440239,ret_6m,low,12.2,short,1.0,2026-09-23
,156.0,026081,财通资管优质研选混合发起式A,-0.053548607955128835,ret_6m,low,8.9,young,1.0,2026-09-23
,157.0,025753,招商均衡配置混合C,-0.05384220835837583,ret_6m,low,9.0,young,1.0,2026-09-23
,158.0,025392,建信红利严选混合发起A,-0.053996320155836,ret_6m,low,9.8,young,1.0,2026-09-23
,159.0,026076,恒生前海港股通科技成长混合A,-0.06273158937787171,ret_6m,low,7.9,young,1.0,2026-09-23
,160.0,025792,东方阿尔法科技甄选混合发起A,-0.06818053623576958,ret_6m,low,10.8,young,1.0,2026-09-23
,161.0,026327,广发乾元价值增长混合A,-0.06835904654016411,ret_6m,low,8.9,young,1.0,2026-09-23
,162.0,025299,交银港股通优质精选混合C,-0.07591397398651167,ret_6m,low,12.0,young,1.0,2026-09-23
,163.0,026680,永赢产业机遇智选混合发起A,-0.07883131786549458,ret_6m,low,7.8,young,1.0,2026-09-23
,164.0,026323,广发消费智选混合A,-0.07967585280938771,ret_6m,low,8.9,young,1.0,2026-09-23
,165.0,026837,财通资管周期研选混合发起式A,-0.08118989777649477,ret_6m,low,6.9,young,1.0,2026-09-23
,166.0,025674,鑫元港股通领航混合A,-0.08203070004363344,ret_6m,low,9.7,young,1.0,2026-09-23
,167.0,012360,汇丰晋信港股通核心资产股票发起式A,-0.08257003050648382,ret_6m,low,13.4,short,1.0,2026-09-23
,168.0,025933,中欧价值裕享混合A,-0.08425076252820773,ret_6m,low,10.1,young,1.0,2026-09-23
,169.0,024672,永赢价值回报混合A,-0.08473588591084957,ret_6m,low,10.6,young,1.0,2026-09-23
,170.0,025568,光大阳光稳健增长混合A,-0.0864101357314998,ret_6m,low,9.8,young,1.0,2026-09-23
,171.0,025060,国泰优质核心混合A,-0.08837583719947284,ret_6m,low,12.7,short,1.0,2026-09-23
,172.0,025255,鹏扬港股通精选混合A,-0.09481618200240605,ret_6m,low,9.2,young,1.0,2026-09-23
,173.0,025573,光大阳光混合A,-0.09668896620392375,ret_6m,low,9.8,young,1.0,2026-09-23
,174.0,026070,安信港股通臻选混合发起A,-0.09679756550605423,ret_6m,low,8.8,young,1.0,2026-09-23
,175.0,025202,中欧港股通大盘精选混合发起A,-0.09807468689022825,ret_6m,low,8.3,young,1.0,2026-09-23
,176.0,026686,兴华景睿混合发起A,-0.10253172755156748,ret_6m,low,7.4,young,1.0,2026-09-23
,177.0,025287,恒生前海匠心精选混合A,-0.10771023086675491,ret_6m,low,12.4,short,1.0,2026-09-23
,178.0,025794,中欧新能源主题混合发起A,-0.109888525628973,ret_6m,low,10.1,young,1.0,2026-09-23
,179.0,024330,华夏资源精选混合发起式A,-0.11243596174470705,ret_6m,low,10.7,young,1.0,2026-09-23
,180.0,025854,中信保诚消费机遇混合A,-0.11761184913321165,ret_6m,low,10.6,young,1.0,2026-09-23
,181.0,023839,银华甄选价值回报混合A,-0.1292759121100271,ret_6m,low,12.2,short,1.0,2026-09-23
,182.0,026253,国泰产业升级混合发起A,-0.12972143230759203,ret_6m,low,8.9,young,1.0,2026-09-23
,183.0,026271,上银消费机遇混合发起式A,-0.13123257051177806,ret_6m,low,8.8,young,1.0,2026-09-23
,184.0,025870,圆信永丰沪港深消费精选混合发起A,-0.13276929712096275,ret_6m,low,9.7,young,1.0,2026-09-23
,185.0,024374,招商消费悦享混合发起式C,-0.13529777541239274,ret_6m,low,11.8,young,1.0,2026-09-23
,186.0,025319,金元顺安乾丰稳健混合A,-0.13532895018539948,ret_6m,low,10.2,young,1.0,2026-09-23
,187.0,026332,广发盛世精选混合A,-0.13675000475380072,ret_6m,low,8.9,young,1.0,2026-09-23
,188.0,025646,平安高端装备混合发起式A,-0.13826602625215312,ret_6m,low,10.8,young,1.0,2026-09-23
,189.0,025459,湘财科技智选混合A,-0.14235471986349157,ret_6m,low,11.9,young,1.0,2026-09-23
,190.0,025439,永赢启航慧选混合A,-0.14529083063520898,ret_6m,low,9.2,young,1.0,2026-09-23
,191.0,025838,中海港股通睿选混合A,-0.14747998610027857,ret_6m,low,9.8,young,1.0,2026-09-23
,192.0,025390,平安港股通成长精选混合A,-0.15026681850318746,ret_6m,low,10.2,young,1.0,2026-09-23
,193.0,026524,泰信消费精选混合发起式A,-0.15076492546299658,ret_6m,low,7.6,young,1.0,2026-09-23
,194.0,025694,中银港股通消费精选混合发起A,-0.15432393587888826,ret_6m,low,9.9,young,1.0,2026-09-23
,195.0,025777,东方阿尔法瑞享混合发起A,-0.16359262702125577,ret_6m,low,11.1,young,1.0,2026-09-23
,196.0,026560,国泰海通低碳经济睿选混合发起A,-0.16378284619650796,ret_6m,low,8.1,young,1.0,2026-09-23
,197.0,026662,建信资源严选股票发起A,-0.17164684383097262,ret_6m,low,7.4,young,1.0,2026-09-23
,198.0,025923,平安新能源精选混合发起式A,-0.17828426861630053,ret_6m,low,10.4,young,1.0,2026-09-23
,199.0,026638,新华医疗创新混合发起A,-0.1853123026775675,ret_6m,low,8.0,young,1.0,2026-09-23
,200.0,025940,浦银港股通消费混合A,-0.18815955438786913,ret_6m,low,9.9,young,1.0,2026-09-23
,201.0,025650,平安资源精选混合发起式A,-0.1957040237375689,ret_6m,low,11.3,young,1.0,2026-09-23
,202.0,026003,鹏安核心优选混合发起式A,-0.198717498124388,ret_6m,low,9.1,young,1.0,2026-09-23
,203.0,026384,中航甄选领航混合发起A,-0.20750837527577115,ret_6m,low,7.6,young,1.0,2026-09-23
,204.0,024319,永赢新兴产业智选混合发起A,-0.2115864979317572,ret_6m,low,12.4,short,1.0,2026-09-23
,205.0,026167,国泰港股通精选混合发起A,-0.21976911458600767,ret_6m,low,8.9,young,1.0,2026-09-23
,206.0,026516,上银科技先锋股票发起式A,-0.22489523314191417,ret_6m,low,8.1,young,1.0,2026-09-23
,207.0,025839,恒生前海成长领航混合A,-0.22959281595166758,ret_6m,low,9.9,young,1.0,2026-09-23
,208.0,024790,鑫元产业机遇混合A,-0.23438785379553018,ret_6m,low,12.0,short,1.0,2026-09-23
,209.0,024826,东兴低碳经济混合发起A,-0.26934916270139675,ret_6m,low,8.8,young,1.0,2026-09-23
,210.0,025340,鹏华制造升级混合A,-0.33192554346587655,ret_6m,low,11.3,young,1.0,2026-09-23
,211.0,026068,新华低碳经济混合发起A,-0.4047878443382634,ret_6m,low,9.0,young,1.0,2026-09-23
1.0,,004320,前海开源沪港深乐享生活,1.9024776177579454,ret_12m,main,112.4,full,1.0,2026-09-23
2.0,,002910,易方达供给改革混合,1.8622147201225001,ret_12m,main,115.9,full,1.0,2026-09-23
3.0,,005844,东方人工智能主题混合A,1.766700886991253,ret_12m,main,99.5,full,1.0,2026-09-23
4.0,,013840,银华集成电路混合A,1.7605977218740363,ret_12m,main,57.5,full,1.0,2026-09-23
5.0,,021179,易方达产业机遇混合A,1.7483903890568104,ret_12m,main,24.8,short,1.0,2026-09-23
6.0,,011369,华商均衡成长混合A,1.6186445965891303,ret_12m,main,65.5,full,1.0,2026-09-23
7.0,,001480,财通成长优选混合A,1.576806397270754,ret_12m,main,134.8,full,1.0,2026-09-23
8.0,,481015,工银主题策略混合A,1.5438529838664015,ret_12m,main,179.0,full,1.0,2026-09-23
9.0,,005825,申万菱信智能驱动股票A,1.5356270397113798,ret_12m,main,99.4,full,1.0,2026-09-23
10.0,,005119,银华智荟内在价值灵活配置混合发起A,1.5312815666337314,ret_12m,main,107.8,full,1.0,2026-09-23
11.0,,006502,财通集成电路产业股票A,1.5129956100696464,ret_12m,main,93.8,full,1.0,2026-09-23
12.0,,018358,华富数字经济混合A,1.5009104268601647,ret_12m,main,39.1,full,1.0,2026-09-23
13.0,,007490,南方信息创新混合A,1.4887256944884828,ret_12m,main,87.2,full,1.0,2026-09-23
14.0,,001198,东方惠新灵活配置混合A,1.479946699046657,ret_12m,main,137.1,full,1.0,2026-09-23
15.0,,001411,诺安创新驱动混合A,1.434093753471399,ret_12m,main,135.2,full,1.0,2026-09-23
16.0,,720001,财通价值动量混合A,1.4308105643763254,ret_12m,main,177.7,full,1.0,2026-09-23
17.0,,162214,宏利领先中小盘混合,1.428599037836554,ret_12m,main,187.9,full,1.0,2026-09-23
18.0,,014736,创金合信专精特新股票发起A,1.3967067686517702,ret_12m,main,55.9,full,1.0,2026-09-23
19.0,,110005,易方达积极成长混合,1.371904588927284,ret_12m,main,264.4,full,1.0,2026-09-23
20.0,,005628,汇安趋势动力股票A,1.3646751510834405,ret_12m,main,101.0,full,1.0,2026-09-23
21.0,,001170,宏利复兴混合A,1.3382287020890682,ret_12m,main,137.1,full,1.0,2026-09-23
22.0,,011891,易方达先锋成长混合A,1.3362900774538264,ret_12m,main,60.0,full,1.0,2026-09-23
23.0,,001184,易方达新常态混合A,1.3358888677203766,ret_12m,main,136.8,full,1.0,2026-09-23
24.0,,001437,易方达瑞享混合I,1.3319943842423387,ret_12m,main,134.9,full,1.0,2026-09-23
25.0,,013107,华夏先进制造龙头混合A,1.3191741275203586,ret_12m,main,58.2,full,1.0,2026-09-23
26.0,,008528,华泰柏瑞质量成长A,1.2873941361705392,ret_12m,main,78.2,full,1.0,2026-09-23
27.0,,002289,华商改革创新股票A,1.2787130536001299,ret_12m,main,102.7,full,1.0,2026-09-23
28.0,,010115,易方达远见成长混合A,1.2754978473020655,ret_12m,main,66.6,full,1.0,2026-09-23
29.0,,005903,宏利绩优混合A,1.2695301669236372,ret_12m,main,99.4,full,1.0,2026-09-23
30.0,,002125,广发新兴成长混合A,1.2536386365592054,ret_12m,main,108.3,full,1.0,2026-09-23
31.0,,162201,宏利成长混合,1.2492167822680544,ret_12m,main,281.0,full,1.0,2026-09-23
32.0,,001753,红土创新新兴产业混合A,1.2441579766250261,ret_12m,main,132.0,full,1.0,2026-09-23
33.0,,021626,华富半导体产业混合发起式A,1.2409486850323397,ret_12m,main,22.0,short,1.0,2026-09-23
34.0,,020469,长城半导体混合发起式A,1.2234800075751422,ret_12m,main,30.9,short,1.0,2026-09-23
35.0,,016500,华夏半导体龙头混合发起A,1.2185971787880643,ret_12m,main,48.1,full,1.0,2026-09-23
36.0,,630001,华商领先企业混合,1.2168074292500637,ret_12m,main,232.3,full,1.0,2026-09-23
37.0,,016370,信澳业绩驱动混合A,1.2052218089918796,ret_12m,main,49.0,full,1.0,2026-09-23
38.0,,010415,华泰柏瑞质量精选混合A,1.18774505135536,ret_12m,main,65.8,full,1.0,2026-09-23
39.0,,019829,华夏数字产业混合A,1.1817844258905654,ret_12m,main,30.0,short,1.0,2026-09-23
40.0,,519770,交银优择回报灵活配置混合A,1.176243022157355,ret_12m,main,125.0,full,1.0,2026-09-23
41.0,,002692,富国创新科技混合A,1.1627577594500496,ret_12m,main,123.2,full,1.0,2026-09-23
42.0,,519773,交银数据产业灵活配置混合A,1.1419737138689303,ret_12m,main,121.2,full,1.0,2026-09-23
43.0,,540010,汇丰晋信科技先锋股票,1.1418292888771413,ret_12m,main,181.9,full,1.0,2026-09-23
44.0,,001723,华商新动力混合A,1.1410933636514202,ret_12m,main,132.2,full,1.0,2026-09-23
45.0,,006265,红土创新新科技股票A,1.1375835468835622,ret_12m,main,96.3,full,1.0,2026-09-23
46.0,,005819,国泰优势行业混合A,1.1229944792637827,ret_12m,main,100.2,full,1.0,2026-09-23
47.0,,024592,圆信永丰科技驱动混合发起A,1.1224270621847423,ret_12m,main,14.7,short,1.0,2026-09-23
48.0,,018776,金信精选成长混合A,1.119222533376731,ret_12m,main,36.3,full,1.0,2026-09-23
49.0,,008555,华商龙头优势混合,1.1162660122505899,ret_12m,main,76.1,full,1.0,2026-09-23
50.0,,010335,华宝竞争优势混合A,1.1142275885969846,ret_12m,main,69.5,full,1.0,2026-09-23
51.0,,000742,国泰新经济灵活配置混合A,1.1059843797423161,ret_12m,main,144.2,full,1.0,2026-09-23
52.0,,007872,金信稳健策略混合A,1.101110265960418,ret_12m,main,81.3,full,1.0,2026-09-23
53.0,,001105,信澳转型创新股票A,1.0896604049302376,ret_12m,main,137.3,full,1.0,2026-09-23
54.0,,011488,申万菱信乐享混合A,1.0838676339231386,ret_12m,main,66.0,full,1.0,2026-09-23
55.0,,000390,华商优势行业混合A,1.082864749629513,ret_12m,main,153.4,full,1.0,2026-09-23
56.0,,001741,广发百发大数据精选混合A,1.0808444389537448,ret_12m,main,132.3,full,1.0,2026-09-23
57.0,,006976,鹏华核心优势混合A,1.0788563842143684,ret_12m,main,89.7,full,1.0,2026-09-23
58.0,,501026,财通多策略福享混合(LOF)A,1.0676469521523524,ret_12m,main,120.1,full,1.0,2026-09-23
59.0,,008734,交银科锐科技创新混合A,1.0639905147266586,ret_12m,main,80.1,full,1.0,2026-09-23
60.0,,310358,申万菱信新经济混合A,1.0638260619362168,ret_12m,main,237.6,full,1.0,2026-09-23
61.0,,009707,工银新兴制造混合A,1.0595813810199264,ret_12m,main,73.1,full,1.0,2026-09-23
62.0,,010912,国泰成长价值混合A,1.0580900813027205,ret_12m,main,66.0,full,1.0,2026-09-23
63.0,,519158,新华趋势领航混合,1.045756820393326,ret_12m,main,156.4,full,1.0,2026-09-23
64.0,,001040,新华策略精选股票A,1.0422303826737083,ret_12m,main,137.8,full,1.0,2026-09-23
65.0,,013296,民生加银聚优精选混合A,1.042060852743338,ret_12m,main,59.3,full,1.0,2026-09-23
66.0,,001060,前海开源高端装备制造混合A,1.0395560202562852,ret_12m,main,137.9,full,1.0,2026-09-23
67.0,,002256,金信行业优选混合发起式A,1.0390390227901563,ret_12m,main,125.7,full,1.0,2026-09-23
68.0,,009855,中加新兴成长混合A,1.0389680962192012,ret_12m,main,72.2,full,1.0,2026-09-23
69.0,,460007,华泰柏瑞行业领先混合,1.0363812256254152,ret_12m,main,205.7,full,1.0,2026-09-23
70.0,,000017,财通可持续混合A,1.0322393991904026,ret_12m,main,161.9,full,1.0,2026-09-23
71.0,,180031,银华中小盘混合A,1.0305686645975856,ret_12m,main,171.1,full,1.0,2026-09-23
72.0,,010389,易方达科益混合A,1.0299618582145849,ret_12m,main,70.7,full,1.0,2026-09-23
73.0,,021937,华安半导体产业股票发起式A,1.0289566596707491,ret_12m,main,18.4,short,1.0,2026-09-23
74.0,,003659,山证资管策略精选混合A,1.0289011737699063,ret_12m,main,116.8,full,1.0,2026-09-23
75.0,,011377,创金合信积极成长股票A,1.028652822782898,ret_12m,main,67.4,full,1.0,2026-09-23
76.0,,012696,同泰数字经济股票A,1.023000627908539,ret_12m,main,61.9,full,1.0,2026-09-23
77.0,,519087,新华优选分红混合A,1.0184777124377824,ret_12m,main,252.2,full,1.0,2026-09-23
78.0,,017102,大摩数字经济混合A,1.0177852188130978,ret_12m,main,42.7,full,1.0,2026-09-23
79.0,,257070,国联安优选行业混合A,1.0147310739314368,ret_12m,main,184.0,full,1.0,2026-09-23
80.0,,010391,易方达战略新兴产业股票A,1.00658854762071,ret_12m,main,68.3,full,1.0,2026-09-23
81.0,,018815,方正富邦核心优势混合A,1.0058387966995297,ret_12m,main,32.3,short,1.0,2026-09-23
82.0,,501201,红土创新科技创新股票(LOF)A,1.004971890856973,ret_12m,main,74.0,full,1.0,2026-09-23
83.0,,007349,华夏科技创新混合A,1.0038196340132837,ret_12m,main,88.6,full,1.0,2026-09-23
84.0,,006081,海富通电子传媒股票A,1.0037761903047153,ret_12m,main,92.9,full,1.0,2026-09-23
85.0,,009085,银华丰享一年持有期混合,1.002774306646042,ret_12m,main,76.8,full,1.0,2026-09-23
86.0,,013721,信澳景气优选混合A,1.0022384448436559,ret_12m,main,57.1,full,1.0,2026-09-23
87.0,,016372,信澳匠心严选一年持有混合A,0.997893130475016,ret_12m,main,48.5,full,1.0,2026-09-23
88.0,,012456,鹏扬数字经济先锋混合A,0.9953583648839635,ret_12m,main,60.5,full,1.0,2026-09-23
89.0,,168401,红土精选混合(LOF)A,0.994541490266541,ret_12m,main,116.8,full,1.0,2026-09-23
90.0,,023313,国泰聚鑫量化选股混合发起A,0.9909488753549383,ret_12m,main,12.7,short,0.996,2026-09-23
91.0,,007639,汇添富竞争优势灵活配置混合,0.9834121914252683,ret_12m,main,84.6,full,1.0,2026-09-23
92.0,,018287,信澳优势产业混合A,0.9781891775454012,ret_12m,main,39.9,full,1.0,2026-09-23
93.0,,010622,恒越成长精选混合A,0.9778288059483227,ret_12m,main,67.4,full,1.0,2026-09-23
94.0,,011899,长安鑫瑞科技6个月定开混合A,0.9752909692562863,ret_12m,main,63.7,full,1.0,2026-09-23
95.0,,200012,长城中小盘成长混合A,0.9747528273486505,ret_12m,main,187.9,full,1.0,2026-09-23
96.0,,001715,工银新焦点混合A,0.9746499994899953,ret_12m,main,119.4,full,1.0,2026-09-23
97.0,,005875,易方达中盘成长混合,0.9703873246143344,ret_12m,main,98.7,full,1.0,2026-09-23
98.0,,001877,宝盈国家安全沪港深股票A,0.9676353463469454,ret_12m,main,128.1,full,1.0,2026-09-23
99.0,,016873,广发远见智选混合A,0.9578671245236177,ret_12m,main,46.0,full,1.0,2026-09-23
100.0,,160220,国泰民益混合(LOF)A,0.9570464892224972,ret_12m,main,152.8,full,1.0,2026-09-23
101.0,,021792,华泰保兴产业升级混合发起A,0.9510668455131037,ret_12m,main,24.0,short,1.0,2026-09-23
102.0,,005550,汇安成长优选混合A,0.9484811938645998,ret_12m,main,103.3,full,1.0,2026-09-23
103.0,,002376,国寿安保核心产业混合,0.9454367599575977,ret_12m,main,127.6,full,1.0,2026-09-23
104.0,,013383,恒生前海高端制造混合A,0.9432938632110996,ret_12m,main,50.8,full,1.0,2026-09-23
105.0,,021593,上银数字经济混合发起式A,0.9402631715234522,ret_12m,main,25.6,short,1.0,2026-09-23
106.0,,017744,嘉实绿色主题股票发起式A,0.9388078748269106,ret_12m,main,43.2,full,1.0,2026-09-23
107.0,,010363,信澳匠心臻选两年持有期混合,0.9373832953155548,ret_12m,main,70.8,full,1.0,2026-09-23
108.0,,001613,长城久祥混合A,0.9293257288351409,ret_12m,main,130.5,full,1.0,2026-09-23
109.0,,009993,嘉实前沿创新混合,0.9239681242614941,ret_12m,main,72.3,full,1.0,2026-09-23
110.0,,020018,国泰金鹿混合,0.9156615497181901,ret_12m,main,219.4,full,1.0,2026-09-23
111.0,,006887,诺德新生活混合A,0.9150960041227094,ret_12m,main,89.9,full,1.0,2026-09-23
112.0,,530019,建信社会责任混合A,0.9111542926905087,ret_12m,main,169.3,full,1.0,2026-09-23
113.0,,013389,华夏成长先锋一年持有混合A,0.9107612707226802,ret_12m,main,58.2,full,1.0,2026-09-23
114.0,,024423,东方阿尔法科技优选混合发起A,0.9102966847140785,ret_12m,main,15.6,short,1.0,2026-09-23
115.0,,007305,国联安新科技混合A,0.9097521878508856,ret_12m,main,83.9,full,1.0,2026-09-23
116.0,,001956,国联安科技动力股票A,0.9069867468232669,ret_12m,main,127.9,full,1.0,2026-09-23
117.0,,001412,德邦鑫星价值灵活配置混合A,0.9068781167927618,ret_12m,main,135.2,full,1.0,2026-09-23
118.0,,001759,嘉实成长增强混合,0.9053769124095015,ret_12m,main,118.4,full,1.0,2026-09-23
119.0,,013556,信澳汇智优选一年持有期混合A,0.9039790687520086,ret_12m,main,46.0,full,1.0,2026-09-23
120.0,,013250,红土创新智能制造混合型发起式A,0.9002794988972727,ret_12m,main,60.5,full,1.0,2026-09-23
121.0,,008382,融通产业趋势股票A,0.8983335435664357,ret_12m,main,76.5,full,1.0,2026-09-23
122.0,,000697,汇添富移动互联股票A,0.8963450435085538,ret_12m,main,144.9,full,1.0,2026-09-23
123.0,,008988,大成科技创新混合A,0.8933960789447759,ret_12m,main,76.8,full,1.0,2026-09-23
124.0,,020775,国寿安保产业升级股票发起式A,0.8929542601610447,ret_12m,main,29.2,short,1.0,2026-09-23
125.0,,000411,景顺长城优质成长股票A,0.8885568428757373,ret_12m,main,152.7,full,1.0,2026-09-23
126.0,,202027,南方高端装备混合A,0.8883367476983357,ret_12m,main,167.9,full,1.0,2026-09-23
127.0,,020553,南方半导体产业股票发起A,0.8852663020102611,ret_12m,main,28.8,short,1.0,2026-09-23
128.0,,519935,长信创新驱动股票A,0.8819947327000732,ret_12m,main,119.8,full,1.0,2026-09-23
129.0,,014319,德邦半导体产业混合发起式A,0.8814844351394187,ret_12m,main,56.8,full,1.0,2026-09-23
130.0,,008185,诺安研究优选混合A,0.880300753240141,ret_12m,main,76.5,full,1.0,2026-09-23
131.0,,001048,富国新兴产业股票A,0.8791638831257951,ret_12m,main,138.4,full,1.0,2026-09-23
132.0,,002272,新华科技创新主题灵活配置混合A,0.8787466229833552,ret_12m,main,126.1,full,1.0,2026-09-23
133.0,,016305,农银专精特新混合A,0.8782695313549449,ret_12m,main,47.8,full,1.0,2026-09-23
134.0,,161606,融通行业景气混合A,0.8762932280037736,ret_12m,main,268.8,full,1.0,2026-09-23
135.0,,020661,中加科技创新混合发起式A,0.8745288468002179,ret_12m,main,30.4,short,1.0,2026-09-23
136.0,,011599,国联安匠心科技1个月滚动持有混合,0.8675346536316764,ret_12m,main,64.2,full,1.0,2026-09-23
137.0,,013369,汇添富自主核心科技一年持有混合A,0.8663248922089604,ret_12m,main,55.0,full,1.0,2026-09-23
138.0,,007685,华商电子行业量化股票发起式A,0.8660544501509291,ret_12m,main,84.2,full,1.0,2026-09-23
139.0,,009062,财通智慧成长混合A,0.8659802389076956,ret_12m,main,77.7,full,1.0,2026-09-23
140.0,,014299,宏利先进制造股票A,0.8658138652805196,ret_12m,main,56.3,full,1.0,2026-09-23
141.0,,016772,诺德兴新趋势混合A,0.8651120387696614,ret_12m,main,45.1,full,1.0,2026-09-23
142.0,,740001,长安宏观策略混合A,0.8634898303328653,ret_12m,main,174.5,full,1.0,2026-09-23
143.0,,017488,嘉实信息产业股票发起式A,0.8632317753664167,ret_12m,main,45.2,full,1.0,2026-09-23
144.0,,022364,永赢科技智选混合发起A,0.8615777586083111,ret_12m,main,22.8,short,1.0,2026-09-23
145.0,,570008,诺德周期策略混合,0.8606678603049978,ret_12m,main,174.1,full,1.0,2026-09-23
146.0,,519172,浦银睿智精选混合A,0.8579329539262224,ret_12m,main,127.6,full,1.0,2026-09-23
147.0,,481010,工银中小盘混合,0.857657142704815,ret_12m,main,199.4,full,1.0,2026-09-23
148.0,,001144,大成互联网思维混合A,0.8561582758543302,ret_12m,main,137.1,full,1.0,2026-09-23
149.0,,001856,易方达环保主题混合A,0.8540744561839411,ret_12m,main,111.7,full,1.0,2026-09-23
150.0,,001808,银华互联网主题灵活配置混合A,0.8535774430842706,ret_12m,main,130.2,full,1.0,2026-09-23
151.0,,006025,诺安优化配置混合A,0.8505452671772924,ret_12m,main,96.1,full,1.0,2026-09-23
152.0,,001513,易方达信息产业混合A,0.8489683179048264,ret_12m,main,119.9,full,1.0,2026-09-23
153.0,,006522,财通新兴蓝筹混合A,0.8481450481380977,ret_12m,main,90.8,full,1.0,2026-09-23
154.0,,018325,国泰海通创新成长混合发起A,0.8452482646144825,ret_12m,main,40.3,full,1.0,2026-09-23
155.0,,011111,华泰柏瑞行业严选混合A,0.844385438823843,ret_12m,main,63.2,full,1.0,2026-09-23
156.0,,001154,华银平安中国主题灵活配置,0.8433028966850928,ret_12m,main,136.6,full,1.0,2026-09-23
157.0,,001416,嘉实事件驱动股票,0.8403941920556541,ret_12m,main,135.5,full,1.0,2026-09-23
158.0,,007343,嘉实科技创新混合,0.8375021598176438,ret_12m,main,88.6,full,1.0,2026-09-23
159.0,,005090,嘉合睿金混合发起式A,0.8368520003839695,ret_12m,main,102.1,full,1.0,2026-09-23
160.0,,001404,招商移动互联网产业股票基金A,0.8298705675620088,ret_12m,main,135.2,full,1.0,2026-09-23
161.0,,015967,永赢半导体产业智选混合发起A,0.8286337763196265,ret_12m,main,48.0,full,1.0,2026-09-23
162.0,,010237,安信创新先锋混合发起A,0.8261186153445146,ret_12m,main,70.8,full,1.0,2026-09-23
163.0,,019426,中银数字经济混合A,0.8251841824409791,ret_12m,main,28.9,short,1.0,2026-09-23
164.0,,001036,嘉实企业变革股票,0.8195032430060216,ret_12m,main,139.3,full,1.0,2026-09-23
165.0,,017723,银华心质混合A,0.8167525362903143,ret_12m,main,41.8,full,1.0,2026-09-23
166.0,,013469,泰信低碳经济混合发起式A,0.8162589754205496,ret_12m,main,58.6,full,1.0,2026-09-23
167.0,,003234,中信保诚至利混合A,0.8161473158765211,ret_12m,main,120.7,full,1.0,2026-09-23
168.0,,002772,光大产业新动力混合A,0.815883404117439,ret_12m,main,120.3,full,1.0,2026-09-23
169.0,,501079,大成科创主题混合(LOF)A,0.815729142354022,ret_12m,main,86.2,full,1.0,2026-09-23
170.0,,168002,国寿安保策略精选混合A,0.8154958587190502,ret_12m,main,107.9,full,1.0,2026-09-23
171.0,,000805,中银新经济灵活配置混合A,0.814287164427828,ret_12m,main,143.8,full,1.0,2026-09-23
172.0,,010013,易方达信息行业精选股票A,0.8111793373396312,ret_12m,main,73.0,full,1.0,2026-09-23
173.0,,009055,圆信永丰大湾区A,0.8096083747465312,ret_12m,main,76.3,full,1.0,2026-09-23
174.0,,018000,鹏华芯片产业混合发起式A,0.809458970858487,ret_12m,main,40.0,full,1.0,2026-09-23
175.0,,020476,泰康半导体量化选股股票发起式A,0.8069748023821715,ret_12m,main,28.6,short,1.0,2026-09-23
176.0,,017746,建信电子行业股票A,0.8050339815603158,ret_12m,main,41.4,full,1.0,2026-09-23
177.0,,012301,易方达核心智造混合,0.8025298565772356,ret_12m,main,59.8,full,1.0,2026-09-23
178.0,,006615,工银战略新兴产业混合A,0.7993452787951698,ret_12m,main,89.0,full,1.0,2026-09-23
179.0,,110015,易方达行业领先混合,0.7985316945734298,ret_12m,main,209.9,full,1.0,2026-09-23
180.0,,013238,财通均衡优选一年持有混合A,0.7975707513341614,ret_12m,main,58.0,full,1.0,2026-09-23
181.0,,001076,易方达改革红利混合,0.7956431738176188,ret_12m,main,137.0,full,1.0,2026-09-23
182.0,,000823,银华高端制造业混合A,0.7932487363318981,ret_12m,main,142.3,full,1.0,2026-09-23
183.0,,009242,中加核心智造混合A,0.7904861000309935,ret_12m,main,74.1,full,1.0,2026-09-23
184.0,,016623,银华卓信成长精选混合A,0.7902550373252692,ret_12m,main,46.6,full,1.0,2026-09-23
185.0,,009808,易方达创新成长混合,0.7880560516989983,ret_12m,main,74.0,full,1.0,2026-09-23
186.0,,001370,中银新趋势灵活配置混合A,0.7879280231026471,ret_12m,main,135.9,full,1.0,2026-09-23
187.0,,021382,博时科技驱动混合A,0.7875656758299527,ret_12m,main,27.4,short,1.0,2026-09-23
188.0,,000166,中海信息产业混合A,0.7872606187332394,ret_12m,main,157.8,full,1.0,2026-09-23
189.0,,000939,中银研究精选灵活配置混合A,0.7862743001072385,ret_12m,main,141.0,full,1.0,2026-09-23
190.0,,001037,国投瑞银锐意改革混合A,0.7845190037560186,ret_12m,main,137.8,full,1.0,2026-09-23
191.0,,020821,大成领先动力混合A,0.7823982557660492,ret_12m,main,24.8,short,1.0,2026-09-23
192.0,,020408,华商数字经济混合A,0.7795887027834145,ret_12m,main,26.9,short,1.0,2026-09-23
193.0,,519644,银河智联混合A,0.7784412518913304,ret_12m,main,129.2,full,1.0,2026-09-23
194.0,,009402,交银启明混合A,0.7776536324734147,ret_12m,main,75.9,full,1.0,2026-09-23
195.0,,016237,华夏数字经济龙头混合发起式A,0.7769386683895114,ret_12m,main,49.6,full,1.0,2026-09-23
196.0,,011399,汇添富数字未来混合A,0.7757645827626054,ret_12m,main,66.9,full,1.0,2026-09-23
197.0,,001702,东方创新科技混合,0.7687161317751612,ret_12m,main,132.5,full,1.0,2026-09-23
198.0,,016653,华泰柏瑞行业优选6个月持有期混合C,0.7672331146051921,ret_12m,main,46.2,full,1.0,2026-09-23
199.0,,011817,银华阿尔法混合,0.7658240688117759,ret_12m,main,63.7,full,1.0,2026-09-23
200.0,,018244,嘉实产业精选混合A,0.7655079861826595,ret_12m,main,25.8,short,1.0,2026-09-23
201.0,,673141,西部利得景程混合A,0.7652184625430778,ret_12m,main,99.1,full,1.0,2026-09-23
202.0,,016165,汇添富优势企业精选混合A,0.7642131438453363,ret_12m,main,47.3,full,1.0,2026-09-23
203.0,,024433,嘉实成长共赢混合A,0.7577235846921877,ret_12m,main,15.1,short,0.9802,2026-09-23
204.0,,020722,国寿安保数字经济股票发起式A,0.7574393105057111,ret_12m,main,30.3,short,1.0,2026-09-23
205.0,,110002,易方达策略成长混合,0.7557662582774627,ret_12m,main,273.5,full,1.0,2026-09-23
206.0,,001227,中邮信息产业灵活配置混合A,0.7555553313829373,ret_12m,main,136.3,full,1.0,2026-09-23
207.0,,006751,富国互联科技股票A,0.7552328581645937,ret_12m,main,90.0,full,1.0,2026-09-23
208.0,,002861,工银智能制造股票A,0.7544152819471905,ret_12m,main,111.1,full,1.0,2026-09-23
209.0,,001239,长盛国企改革混合,0.7524862433240584,ret_12m,main,135.7,full,1.0,2026-09-23
210.0,,112002,易方达策略成长二号混合,0.7522883476156641,ret_12m,main,241.2,full,1.0,2026-09-23
211.0,,160324,华夏磐晟混合(LOF),0.7509694186891014,ret_12m,main,111.8,full,1.0,2026-09-23
212.0,,003857,前海开源周期优选混合A,0.7505907946495258,ret_12m,main,115.9,full,1.0,2026-09-23
213.0,,040025,华安科技动力混合A,0.7500728787789257,ret_12m,main,177.1,full,1.0,2026-09-23
214.0,,959991,兴证资管金麒麟领先优势一年持有期混合A,0.7487181930635218,ret_12m,main,76.4,full,1.0,2026-09-23
215.0,,014611,富国核心科技12个月持有混合A,0.7485961805035528,ret_12m,main,55.8,full,1.0,2026-09-23
216.0,,019226,方正富邦金立方一年持有期混合A,0.7442364006631574,ret_12m,main,36.6,full,1.0,2026-09-23
217.0,,001607,英大策略优选A,0.7429794377638785,ret_12m,main,129.7,full,1.0,2026-09-23
218.0,,110029,易方达科讯混合,0.7425537960966733,ret_12m,main,224.6,full,1.0,2026-09-23
219.0,,200015,长城优化升级混合A,0.7417736645107202,ret_12m,main,173.1,full,1.0,2026-09-23
220.0,,018956,中航机遇领航混合发起A,0.740387849031497,ret_12m,main,37.5,full,1.0,2026-09-23
221.0,,008602,方正富邦新兴成长混合A,0.7392785034744791,ret_12m,main,72.8,full,1.0,2026-09-23
222.0,,008919,永赢科技驱动A,0.7381229409564807,ret_12m,main,79.1,full,1.0,2026-09-23
223.0,,011665,汇添富数字经济引领发展三年持有混合A,0.7375126540540948,ret_12m,main,62.1,full,1.0,2026-09-23
224.0,,019759,中欧半导体产业股票发起A,0.737267229774607,ret_12m,main,34.1,short,1.0,2026-09-23
225.0,,001470,融通通鑫灵活配置混合A,0.736285485545489,ret_12m,main,135.3,full,1.0,2026-09-23
226.0,,000688,景顺长城研究精选股票A,0.7361782606611258,ret_12m,main,145.4,full,1.0,2026-09-23
227.0,,350007,天治趋势精选混合,0.7339787344752657,ret_12m,main,206.3,full,1.0,2026-09-23
228.0,,002244,景顺长城低碳科技主题混合,0.7334464523681148,ret_12m,main,126.4,full,1.0,2026-09-23
229.0,,024052,工银科技先锋混合发起式A,0.7327776662328478,ret_12m,main,14.3,short,1.0,2026-09-23
230.0,,001396,建信互联网+产业升级股票,0.73217395513102,ret_12m,main,135.0,full,1.0,2026-09-23
231.0,,010371,大成成长进取混合A,0.7312690535953441,ret_12m,main,69.7,full,1.0,2026-09-23
232.0,,010557,汇添富数字生活六个月持有混合,0.7285023005609161,ret_12m,main,70.1,full,1.0,2026-09-23
233.0,,011822,易方达产业升级混合A,0.7279717272653736,ret_12m,main,62.0,full,1.0,2026-09-23
234.0,,000845,国投瑞银信息消费混合A,0.7266182438057882,ret_12m,main,141.7,full,1.0,2026-09-23
235.0,,013085,申万菱信乐同混合A,0.7265964879177411,ret_12m,main,60.6,full,1.0,2026-09-23
236.0,,005310,广发电子信息传媒股票A,0.7259993174554578,ret_12m,main,105.4,full,1.0,2026-09-23
237.0,,018210,红土创新景气回报混合A,0.7257280146900495,ret_12m,main,12.5,short,0.9526,2026-09-23
238.0,,009049,易方达高端制造混合发起式A,0.7229484387312708,ret_12m,main,78.3,full,1.0,2026-09-23
239.0,,005777,广发科技动力股票,0.7214107656998909,ret_12m,main,99.8,full,1.0,2026-09-23
240.0,,501200,民生加银科技创新混合(LOF),0.7174802521971138,ret_12m,main,76.3,full,1.0,2026-09-23
241.0,,001387,国联新经济混合A,0.7157226189501642,ret_12m,main,130.2,full,1.0,2026-09-23
242.0,,003853,金鹰信息产业股票A,0.7126799875866918,ret_12m,main,114.5,full,1.0,2026-09-23
243.0,,019119,财通资管产业优选混合发起式A,0.7123055913281153,ret_12m,main,33.3,short,1.0,2026-09-23
244.0,,011300,易方达智造优势混合A,0.7118907330471875,ret_12m,main,67.9,full,1.0,2026-09-23
245.0,,004352,华银研究精选股票,0.7118670146779593,ret_12m,main,110.9,full,1.0,2026-09-23
246.0,,001194,景顺长城稳健回报混合A,0.7104336028251195,ret_12m,main,137.5,full,1.0,2026-09-23
247.0,,008983,财通科技创新混合A,0.7097048156142685,ret_12m,main,74.5,full,1.0,2026-09-23
248.0,,501082,博时科创主题灵活配置混合(LOF)A,0.70925250158889,ret_12m,main,86.9,full,1.0,2026-09-23
249.0,,003961,易方达瑞程灵活配置混合A,0.7078469943286938,ret_12m,main,117.3,full,1.0,2026-09-23
250.0,,001267,宏利蓝筹混合,0.7032412573806188,ret_12m,main,135.7,full,1.0,2026-09-23
251.0,,012545,富荣福银混合A,0.7031255451552072,ret_12m,main,63.2,full,1.0,2026-09-23
252.0,,005328,前海开源价值策略股票,0.7022887625793841,ret_12m,main,105.0,full,1.0,2026-09-23
253.0,,610006,信澳产业升级混合A,0.6987530494363459,ret_12m,main,183.4,full,1.0,2026-09-23
254.0,,009913,中信保诚成长动力混合A,0.6961901046192496,ret_12m,main,72.4,full,1.0,2026-09-23
255.0,,008635,华安科技创新混合A,0.6956281941287958,ret_12m,main,78.6,full,1.0,2026-09-23
256.0,,519698,交银先锋混合A,0.6941729101682952,ret_12m,main,209.4,full,1.0,2026-09-23
257.0,,006533,易方达科融混合,0.6940811477845608,ret_12m,main,90.0,full,1.0,2026-09-23
258.0,,022717,永赢锐见进取混合A,0.6896900012667051,ret_12m,main,20.0,short,1.0,2026-09-23
259.0,,018019,南方核心科技一年持有混合A,0.689156298620915,ret_12m,main,38.4,full,1.0,2026-09-23
260.0,,000522,华润元大信息传媒科技混合A,0.6887522496119987,ret_12m,main,149.8,full,1.0,2026-09-23
261.0,,014191,广发先进制造股票发起式A,0.6886828697604015,ret_12m,main,54.8,full,1.0,2026-09-23
262.0,,015368,国泰海通领航成长一年持有混合发起A,0.6885391296405952,ret_12m,main,42.8,full,1.0,2026-09-23
263.0,,011186,信澳至诚精选混合A,0.6872732212977624,ret_12m,main,66.7,full,1.0,2026-09-23
264.0,,009025,海富通科技创新混合A,0.6864147873117825,ret_12m,main,78.5,full,1.0,2026-09-23
265.0,,001075,宝盈转型动力混合A,0.6848118403236025,ret_12m,main,136.8,full,1.0,2026-09-23
266.0,,005967,鹏华创新驱动混合A,0.6845417045478719,ret_12m,main,99.6,full,1.0,2026-09-23
267.0,,021510,宏利半导体产业混合发起A,0.6814910821304865,ret_12m,main,26.0,short,1.0,2026-09-23
268.0,,012466,嘉实策略精选混合A,0.6809263980948925,ret_12m,main,58.7,full,1.0,2026-09-23
269.0,,023397,尚正研究睿选混合发起A,0.6803632394552528,ret_12m,main,19.1,short,1.0,2026-09-23
270.0,,009994,嘉实创新先锋混合A,0.6784789817729324,ret_12m,main,71.1,full,1.0,2026-09-23
271.0,,017828,富国时代精选混合A,0.6772242988144945,ret_12m,main,41.9,full,1.0,2026-09-23
272.0,,010020,华夏线上经济主题精选混合,0.676007612812076,ret_12m,main,72.9,full,1.0,2026-09-23
273.0,,050022,博时回报混合,0.673318011308002,ret_12m,main,178.5,full,1.0,2026-09-23
274.0,,006863,国联安智能制造混合A,0.6730323552807622,ret_12m,main,89.0,full,1.0,2026-09-23
275.0,,014647,融通先进制造混合A,0.6729414782967476,ret_12m,main,55.0,full,1.0,2026-09-23
276.0,,018547,金鹰产业智选一年持有混合A,0.6728812253234915,ret_12m,main,37.3,full,1.0,2026-09-23
277.0,,019765,国寿安保优选国企股票发起式A,0.6715896333836042,ret_12m,main,35.0,short,1.0,2026-09-23
278.0,,010135,宏利高研发6个月持有混合A,0.671240747159142,ret_12m,main,72.0,full,1.0,2026-09-23
279.0,,501015,财通多策略升级混合(LOF)A,0.6712267136647347,ret_12m,main,126.5,full,1.0,2026-09-23
280.0,,017602,华夏国企创新混合发起式A,0.6711286529404334,ret_12m,main,29.7,short,1.0,2026-09-23
281.0,,023451,中欧信息科技混合发起A,0.670168636894307,ret_12m,main,18.9,short,1.0,2026-09-23
282.0,,015096,东财数字经济混合A,0.669981536522694,ret_12m,main,54.8,full,1.0,2026-09-23
283.0,,009217,博时荣丰回报灵活配置混合A,0.6684399523748845,ret_12m,main,76.6,full,1.0,2026-09-23
284.0,,022995,中海科技创新混合A,0.6670467938071518,ret_12m,main,14.1,short,1.0,2026-09-23
285.0,,010418,财通景气行业混合A,0.6657398478565968,ret_12m,main,69.5,full,1.0,2026-09-23
286.0,,002707,大摩科技领先混合A,0.6649081701419908,ret_12m,main,105.3,full,1.0,2026-09-23
287.0,,015229,华夏低碳经济一年持有混合A,0.6648022456297964,ret_12m,main,50.9,full,1.0,2026-09-23
288.0,,014727,易方达成长动力混合A,0.6641502403219992,ret_12m,main,55.5,full,1.0,2026-09-23
289.0,,022334,广发产业甄选混合A,0.6626178778201461,ret_12m,main,20.2,short,1.0,2026-09-23
290.0,,013242,华银优势行业股票,0.6608449258146623,ret_12m,main,59.9,full,1.0,2026-09-23
291.0,,017737,融通慧心混合A,0.6597056440900086,ret_12m,main,42.8,full,1.0,2026-09-23
292.0,,000404,易方达新兴成长灵活配置,0.6591039055428616,ret_12m,main,153.8,full,1.0,2026-09-23
293.0,,673050,西部利得新盈混合A,0.6582628495841603,ret_12m,main,128.0,full,1.0,2026-09-23
294.0,,001279,中海积极增利混合,0.6561713196539296,ret_12m,main,136.1,full,1.0,2026-09-23
295.0,,009644,东方阿尔法优势产业混合A,0.6556201064395475,ret_12m,main,74.8,full,1.0,2026-09-23
296.0,,580002,东吴双动力混合A,0.6518623929819962,ret_12m,main,237.3,full,1.0,2026-09-23
297.0,,006128,银河和美生活混合A,0.6496564997174819,ret_12m,main,94.0,full,1.0,2026-09-23
298.0,,008633,万家科技创新混合A,0.6492322435594033,ret_12m,main,80.5,full,1.0,2026-09-23
299.0,,003586,先锋精一混合A,0.6484762584524024,ret_12m,main,118.1,full,1.0,2026-09-23
300.0,,002450,平安睿享文娱混合A,0.6480367689600282,ret_12m,main,125.8,full,1.0,2026-09-23
301.0,,000354,长盛城镇化主题混合A,0.6475609970878875,ret_12m,main,154.3,full,1.0,2026-09-23
302.0,,040001,华安创新混合,0.646791059097952,ret_12m,main,300.1,full,1.0,2026-09-23
303.0,,001188,鹏华改革红利股票,0.6460638227324633,ret_12m,main,136.9,full,1.0,2026-09-23
304.0,,014189,南方专精特新混合A,0.6432012683435175,ret_12m,main,56.6,full,1.0,2026-09-23
305.0,,014416,泰康研究精选股票发起A,0.642925879295029,ret_12m,main,56.8,full,1.0,2026-09-23
306.0,,001672,国寿安保智慧生活股票A,0.64204042398853,ret_12m,main,132.7,full,1.0,2026-09-23
307.0,,001701,国联产业升级混合,0.6411176678637263,ret_12m,main,126.2,full,1.0,2026-09-23
308.0,,008657,景顺长城科技创新混合A,0.6405480235867871,ret_12m,main,78.2,full,1.0,2026-09-23
309.0,,005482,博时创新驱动混合A,0.6394878545781937,ret_12m,main,103.9,full,1.0,2026-09-23
310.0,,001749,招商中国机遇股票A,0.6370060468337595,ret_12m,main,103.5,full,1.0,2026-09-23
311.0,,015527,弘毅远方汽车产业升级混合A,0.6364838876276626,ret_12m,main,45.2,full,1.0,2026-09-23
312.0,,000603,易方达创新驱动灵活配置混合,0.6360590299399218,ret_12m,main,139.3,full,1.0,2026-09-23
313.0,,005851,财通新视野灵活配置混合A,0.6354247552139329,ret_12m,main,99.0,full,1.0,2026-09-23
314.0,,019003,易方达科技智选混合A,0.6334917695791873,ret_12m,main,35.9,short,1.0,2026-09-23
315.0,,017794,交银启盛混合A,0.6325496537347892,ret_12m,main,41.8,full,1.0,2026-09-23
316.0,,014036,博时成长回报混合A,0.6323299074060427,ret_12m,main,57.7,full,1.0,2026-09-23
317.0,,165528,中信保诚鼎利混合(LOF)A,0.6295596604893599,ret_12m,main,124.0,full,1.0,2026-09-23
318.0,,009048,浦银科技创新优选混合,0.6271514370565308,ret_12m,main,75.7,full,1.0,2026-09-23
319.0,,009892,富国成长策略混合A,0.6268449375041851,ret_12m,main,73.4,full,1.0,2026-09-23
320.0,,002770,安信新回报混合A,0.6258150327173291,ret_12m,main,124.5,full,1.0,2026-09-23
321.0,,007113,永赢高端制造混合A,0.6239333089869321,ret_12m,main,82.7,full,1.0,2026-09-23
322.0,,012082,博时数字经济混合A,0.6233475226525911,ret_12m,main,63.2,full,1.0,2026-09-23
323.0,,004374,华泰保兴吉年丰混合发起A,0.6228576256015497,ret_12m,main,114.0,full,1.0,2026-09-23
324.0,,519025,海富通领先成长混合A,0.6226860180473992,ret_12m,main,208.8,full,1.0,2026-09-23
325.0,,014185,招商专精特新股票A,0.6224728701183215,ret_12m,main,57.5,full,1.0,2026-09-23
326.0,,000531,东吴阿尔法灵活配置混合A,0.6205488289817274,ret_12m,main,150.2,full,1.0,2026-09-23
327.0,,008507,交银内核驱动混合,0.6188909097460504,ret_12m,main,80.3,full,1.0,2026-09-23
328.0,,001072,华安智能装备主题股票A,0.6180109436336658,ret_12m,main,137.0,full,1.0,2026-09-23
329.0,,001475,易方达国防军工混合A,0.6177194339003491,ret_12m,main,135.2,full,1.0,2026-09-23
330.0,,001892,长盛新兴成长混合A,0.6168391777172255,ret_12m,main,130.6,full,1.0,2026-09-23
331.0,,000969,前海开源大安全混合,0.6157482373151308,ret_12m,main,139.5,full,1.0,2026-09-23
332.0,,001070,建信信息产业股票A,0.613781338381886,ret_12m,main,138.0,full,1.0,2026-09-23
333.0,,009715,汇添富策略增长灵活配置混合,0.6110252826770033,ret_12m,main,74.0,full,1.0,2026-09-23
334.0,,013842,银华新锐成长混合A,0.6108762737435063,ret_12m,main,53.8,full,1.0,2026-09-23
335.0,,017234,永赢睿恒混合A,0.6097759119590673,ret_12m,main,21.4,short,1.0,2026-09-23
336.0,,002229,华夏经济转型股票,0.6088785770879388,ret_12m,main,126.3,full,1.0,2026-09-23
337.0,,501085,财通科创主题灵活配置混合(LOF)A,0.6088475142942544,ret_12m,main,86.4,full,1.0,2026-09-23
338.0,,000541,华商创新成长混合发起式A,0.6082337637273809,ret_12m,main,150.2,full,1.0,2026-09-23
339.0,,010198,易方达竞争优势企业混合A,0.6070500413794813,ret_12m,main,68.1,full,1.0,2026-09-23
340.0,,017987,易方达国企主题混合A,0.6054904534488184,ret_12m,main,40.6,full,1.0,2026-09-23
341.0,,580006,东吴新经济混合A,0.6054087034793445,ret_12m,main,200.8,full,1.0,2026-09-23
342.0,,002885,大摩万众创新混合A,0.6036313378652323,ret_12m,main,105.6,full,1.0,2026-09-23
343.0,,001521,国寿安保成长优选股票A,0.6015828295673258,ret_12m,main,129.4,full,1.0,2026-09-23
344.0,,320007,诺安成长混合A,0.600280400967522,ret_12m,main,210.5,full,1.0,2026-09-23
345.0,,014007,华安制造升级一年持有混合A,0.5997465858674489,ret_12m,main,57.2,full,1.0,2026-09-23
346.0,,481001,工银核心价值混合A,0.5987414464059013,ret_12m,main,252.7,full,1.0,2026-09-23
347.0,,519674,银河创新成长混合A,0.598285091630236,ret_12m,main,188.8,full,1.0,2026-09-23
348.0,,001933,华商新兴活力混合,0.5971211636658018,ret_12m,main,126.9,full,1.0,2026-09-23
349.0,,014254,信澳智远三年持有期混合A,0.5963720733733295,ret_12m,main,55.9,full,1.0,2026-09-23
350.0,,009364,工银科技创新6个月定开混合A,0.5962617081130044,ret_12m,main,76.1,full,1.0,2026-09-23
351.0,,017075,宝盈半导体产业混合发起式A,0.5958315745439389,ret_12m,main,45.6,full,1.0,2026-09-23
352.0,,009511,信澳研究优选混合A,0.595828893754718,ret_12m,main,75.0,full,1.0,2026-09-23
353.0,,012608,信澳领先智选混合,0.5954705281417763,ret_12m,main,62.8,full,1.0,2026-09-23
354.0,,009891,融通产业趋势臻选股票A,0.5954595853465019,ret_12m,main,73.2,full,1.0,2026-09-23
355.0,,002345,华夏高端制造混合A,0.5951973407047428,ret_12m,main,124.4,full,1.0,2026-09-23
356.0,,016507,长城数字经济混合A,0.5938916818375672,ret_12m,main,44.1,full,1.0,2026-09-23
357.0,,012200,新华鑫科技3个月滚动持有灵活配置混合A,0.5937900823329703,ret_12m,main,63.9,full,1.0,2026-09-23
358.0,,580009,东吴多策略混合A,0.593265777466073,ret_12m,main,163.7,full,1.0,2026-09-23
359.0,,001822,华商智能生活灵活配置混合A,0.5928751274380375,ret_12m,main,130.3,full,1.0,2026-09-23
360.0,,004818,国寿安保目标策略混合发起A,0.5926803287024927,ret_12m,main,107.0,full,1.0,2026-09-23
361.0,,005962,宝盈人工智能股票A,0.5909178456579682,ret_12m,main,97.3,full,1.0,2026-09-23
362.0,,011815,恒越优势精选混合A,0.5899985932373262,ret_12m,main,65.8,full,1.0,2026-09-23
363.0,,002980,华夏创新前沿股票A,0.5899281160420311,ret_12m,main,120.5,full,1.0,2026-09-23
364.0,,001664,平安鑫安混合A,0.5892750912022746,ret_12m,main,129.4,full,1.0,2026-09-23
365.0,,018442,汇添富成长领航混合A,0.5867669948554186,ret_12m,main,37.1,full,1.0,2026-09-23
366.0,,004640,华夏节能环保股票A,0.5853535862324784,ret_12m,main,109.4,full,1.0,2026-09-23
367.0,,001039,嘉实先进制造股票,0.5850564285663613,ret_12m,main,137.0,full,1.0,2026-09-23
368.0,,519005,海富通股票混合,0.5839020989214134,ret_12m,main,253.8,full,1.0,2026-09-23
369.0,,110013,易方达科翔混合,0.5829216820632173,ret_12m,main,213.4,full,1.0,2026-09-23
370.0,,018554,交银启嘉混合A,0.5828583494421635,ret_12m,main,37.7,full,1.0,2026-09-23
371.0,,001018,易方达新经济混合,0.5824740753240856,ret_12m,main,139.3,full,1.0,2026-09-23
372.0,,240017,华宝新兴产业混合,0.5808565788609232,ret_12m,main,189.5,full,1.0,2026-09-23
373.0,,008009,华商高端装备制造股票A,0.5787250194939584,ret_12m,main,81.4,full,1.0,2026-09-23
374.0,,007346,易方达科技创新混合A,0.5782385078519472,ret_12m,main,88.8,full,1.0,2026-09-23
375.0,,240011,华宝大盘精选混合,0.577834959890257,ret_12m,main,215.5,full,1.0,2026-09-23
376.0,,162703,广发小盘成长混合(LOF)A,0.5774882424088672,ret_12m,main,259.6,full,1.0,2026-09-23
377.0,,009023,鹏华稳健回报混合A,0.577458634678319,ret_12m,main,77.9,full,1.0,2026-09-23
378.0,,008980,中邮科技创新精选混合A,0.5772680948312037,ret_12m,main,78.9,full,1.0,2026-09-23
379.0,,015440,信澳智选先锋一年持有期混合A,0.577124819247155,ret_12m,main,51.3,full,1.0,2026-09-23
380.0,,012650,博时半导体主题混合A,0.5767566539725841,ret_12m,main,62.1,full,1.0,2026-09-23
381.0,,002152,华宝核心优势混合A,0.576738558018786,ret_12m,main,128.1,full,1.0,2026-09-23
382.0,,006868,华夏科技成长股票,0.5741153924422175,ret_12m,main,90.6,full,1.0,2026-09-23
383.0,,001410,信澳新能源产业股票A,0.5740259338868026,ret_12m,main,133.8,full,1.0,2026-09-23
384.0,,018876,兴合先进制造混合发起式A,0.5736760184072438,ret_12m,main,37.5,full,1.0,2026-09-23
385.0,,100039,富国通胀通缩主题轮动混合A,0.5736695856526604,ret_12m,main,196.4,full,1.0,2026-09-23
386.0,,005495,创金合信科技成长股票A,0.569990383902951,ret_12m,main,104.8,full,1.0,2026-09-23
387.0,,001479,中邮风格轮动灵活配置混合,0.5686538641551422,ret_12m,main,127.9,full,1.0,2026-09-23
388.0,,005251,银华多元动力灵活配置混合A,0.5673765826470631,ret_12m,main,105.3,full,1.0,2026-09-23
389.0,,519732,交银定期支付双息平衡混合,0.5652764976302742,ret_12m,main,156.6,full,1.0,2026-09-23
390.0,,011805,嘉实优质核心两年持有混合A,0.5626140024510997,ret_12m,main,59.8,full,1.0,2026-09-23
391.0,,161910,万家新机遇价值驱动A,0.5610757169463658,ret_12m,main,169.7,full,1.0,2026-09-23
392.0,,006154,华安制造先锋混合A,0.5602841711770261,ret_12m,main,92.9,full,1.0,2026-09-23
393.0,,009491,宝盈创新驱动股票A,0.5589304356042217,ret_12m,main,73.4,full,1.0,2026-09-23
394.0,,010155,长盛核心成长混合A,0.5586598166736976,ret_12m,main,72.0,full,1.0,2026-09-23
395.0,,024450,易方达成长进取混合A,0.5575237160654238,ret_12m,main,15.1,short,0.9881,2026-09-23
396.0,,002862,金信量化精选混合A,0.5555169429570037,ret_12m,main,122.7,full,1.0,2026-09-23
397.0,,004833,先锋聚利混合A,0.5543230418908447,ret_12m,main,100.5,full,1.0,2026-09-23
398.0,,506001,万家科创板2年定开混合,0.5526329215541763,ret_12m,main,73.7,full,1.0,2026-09-23
399.0,,005914,景顺长城智能生活混合A,0.5523094816549907,ret_12m,main,91.7,full,1.0,2026-09-23
400.0,,006100,平安优势产业混合A,0.5520036790597214,ret_12m,main,97.1,full,1.0,2026-09-23
401.0,,019374,广发睿杰精选混合发起式A1,0.5519047128146037,ret_12m,main,34.0,short,1.0,2026-09-23
402.0,,018835,广发成长启航混合A,0.5507275555318589,ret_12m,main,30.2,short,1.0,2026-09-23
403.0,,519089,新华优选成长混合,0.5503415716176145,ret_12m,main,218.0,full,1.0,2026-09-23
404.0,,011500,九泰量化新兴产业,0.5500180485010657,ret_12m,main,64.9,full,1.0,2026-09-23
405.0,,213008,宝盈资源优选混合,0.5485255712252377,ret_12m,main,218.9,full,1.0,2026-09-23
406.0,,019219,中信保诚先进制造混合A,0.5478403949865731,ret_12m,main,35.5,short,1.0,2026-09-23
407.0,,024469,大成至臻回报混合A,0.5473381359889304,ret_12m,main,14.9,short,0.9644,2026-09-23
408.0,,000717,融通转型三动力灵活配置混合A,0.5462119265010779,ret_12m,main,140.2,full,1.0,2026-09-23
409.0,,012816,国泰致和混合A,0.5452102547206366,ret_12m,main,56.0,full,1.0,2026-09-23
410.0,,001678,英大国企改革A,0.5448403153195895,ret_12m,main,94.0,full,1.0,2026-09-23
411.0,,050010,博时特许价值混合A,0.544571887066355,ret_12m,main,219.9,full,1.0,2026-09-23
412.0,,001959,华商乐享互联灵活配置混合A,0.5442989672899567,ret_12m,main,129.2,full,1.0,2026-09-23
413.0,,008082,国寿安保研究精选混合A,0.542637502313061,ret_12m,main,80.8,full,1.0,2026-09-23
414.0,,002420,汇添富盈鑫混合A,0.5416494446092939,ret_12m,main,126.4,full,1.0,2026-09-23
415.0,,217020,招商安达灵活配置混合,0.5372781945707235,ret_12m,main,180.7,full,1.0,2026-09-23
416.0,,002292,诺安益鑫灵活配置混合A,0.5371266128592351,ret_12m,main,128.0,full,1.0,2026-09-23
417.0,,006430,凯石澜龙头经济一年持有混合,0.535848730246441,ret_12m,main,93.6,full,1.0,2026-09-23
418.0,,014472,景顺长城远见成长混合A,0.535808797302407,ret_12m,main,55.9,full,1.0,2026-09-23
419.0,,010361,嘉实品质优选股票A,0.5356143483079419,ret_12m,main,64.0,full,1.0,2026-09-23
420.0,,501064,国泰价值优选灵活配置混合(LOF)A,0.5346320391021158,ret_12m,main,92.4,full,1.0,2026-09-23
421.0,,007340,南方科技创新混合A,0.5315511892143567,ret_12m,main,88.6,full,1.0,2026-09-23
422.0,,167002,平安鼎越混合(LOF)A,0.5310544141642843,ret_12m,main,120.1,full,1.0,2026-09-23
423.0,,014292,嘉实产业领先混合A,0.5310321184105014,ret_12m,main,57.0,full,1.0,2026-09-23
424.0,,015724,英大碳中和混合A,0.5307693149964028,ret_12m,main,44.2,full,1.0,2026-09-23
425.0,,015980,光大高端装备混合A,0.5307603847008169,ret_12m,main,46.4,full,1.0,2026-09-23
426.0,,000940,富国中小盘精选混合A,0.5300790856210134,ret_12m,main,140.0,full,1.0,2026-09-23
427.0,,006009,国融融银灵活配置混合A,0.5295573083914324,ret_12m,main,99.5,full,1.0,2026-09-23
428.0,,011144,华安汇宏精选混合A,0.5291829663472178,ret_12m,main,65.9,full,1.0,2026-09-23
429.0,,009318,南方成长先锋混合A,0.5290288750208274,ret_12m,main,75.4,full,1.0,2026-09-23
430.0,,021390,东兴成长优选混合发起A,0.5290018651855823,ret_12m,main,25.7,short,1.0,2026-09-23
431.0,,023044,太平科技先锋混合发起式A,0.527657924141588,ret_12m,main,17.7,short,1.0,2026-09-23
432.0,,012098,华夏成长机会一年持有混合,0.5273908237064842,ret_12m,main,61.8,full,1.0,2026-09-23
433.0,,001313,摩根智慧互联股票A,0.5264276663880738,ret_12m,main,135.5,full,1.0,2026-09-23
434.0,,012846,恒越蓝筹精选混合,0.5258899605913783,ret_12m,main,61.2,full,1.0,2026-09-23
435.0,,001042,华夏领先股票,0.5253015572002322,ret_12m,main,136.3,full,1.0,2026-09-23
436.0,,007277,恒生前海消费升级混合,0.5232376208817175,ret_12m,main,80.1,full,1.0,2026-09-23
437.0,,016248,银华创新动力优选混合A,0.5229683614448819,ret_12m,main,44.6,full,1.0,2026-09-23
438.0,,001869,招商制造业混合A,0.5222915598079436,ret_12m,main,129.7,full,1.0,2026-09-23
439.0,,012477,富国匠心精选12个月持有混合A,0.522147851179823,ret_12m,main,60.8,full,1.0,2026-09-23
440.0,,100022,富国天瑞强势混合A,0.521953763500917,ret_12m,main,257.6,full,1.0,2026-09-23
441.0,,005726,国泰价值精选灵活配置混合A,0.5214631209856466,ret_12m,main,97.5,full,1.0,2026-09-23
442.0,,018611,鹏华高端装备一年持有期混合A,0.5201361210097106,ret_12m,main,38.4,full,1.0,2026-09-23
443.0,,660015,农银行业轮动混合A,0.5198560199212869,ret_12m,main,166.3,full,1.0,2026-09-23
444.0,,013339,创金合信芯片产业股票发起A,0.5173726064062001,ret_12m,main,59.8,full,1.0,2026-09-23
445.0,,000828,宏利转型机遇股票A,0.5166751324020828,ret_12m,main,142.2,full,1.0,2026-09-23
446.0,,002560,诺安和鑫混合A,0.5156117594298755,ret_12m,main,124.8,full,1.0,2026-09-23
447.0,,519091,新华泛资源优势混合,0.5147337769870239,ret_12m,main,206.4,full,1.0,2026-09-23
448.0,,501073,华安智联混合(LOF)A,0.5140338471528252,ret_12m,main,87.4,full,1.0,2026-09-23
449.0,,020755,永赢融安混合A,0.5137626700183235,ret_12m,main,25.0,short,1.0,2026-09-23
450.0,,015035,银华核心动力精选混合A,0.5129626538636551,ret_12m,main,49.2,full,1.0,2026-09-23
451.0,,018730,华夏招鑫鸿瑞混合A,0.5108523399719682,ret_12m,main,32.2,short,1.0,2026-09-23
452.0,,519212,万家宏观择时多策略混合A,0.5098521679472297,ret_12m,main,113.8,full,1.0,2026-09-23
453.0,,506000,南方科创板3年定开混合,0.5093883665580976,ret_12m,main,73.9,full,1.0,2026-09-23
454.0,,009899,上银内需增长股票A,0.5082342490800582,ret_12m,main,73.0,full,1.0,2026-09-23
455.0,,005826,华夏潜龙精选股票,0.5082075886190229,ret_12m,main,95.9,full,1.0,2026-09-23
456.0,,009234,鹏华优质企业混合A,0.5080867109634575,ret_12m,main,75.4,full,1.0,2026-09-23
457.0,,501096,国联安科创混合(LOF),0.5067453278025917,ret_12m,main,78.1,full,1.0,2026-09-23
458.0,,002482,宝盈互联网沪港深混合,0.5049598721329713,ret_12m,main,123.2,full,1.0,2026-09-23
459.0,,050009,博时新兴成长混合,0.50445670242862,ret_12m,main,229.7,full,1.0,2026-09-23
460.0,,501075,万家科创主题灵活配置混合(LOF)A,0.5044393129236708,ret_12m,main,87.4,full,1.0,2026-09-23
461.0,,010383,宝盈基础产业混合A,0.5034410840698911,ret_12m,main,67.6,full,1.0,2026-09-23
462.0,,000308,建信创新中国混合,0.5018103190042307,ret_12m,main,156.0,full,1.0,2026-09-23
463.0,,009474,国泰致远优势混合,0.5002956687139497,ret_12m,main,74.3,full,1.0,2026-09-23
464.0,,952004,国泰海通君得明混合A,0.4983259008185481,ret_12m,main,84.6,full,1.0,2026-09-23
465.0,,005730,国泰江源优势精选混合A,0.4981740101297585,ret_12m,main,102.2,full,1.0,2026-09-23
466.0,,501205,鹏华创新未来混合(LOF)C,0.4964557864951207,ret_12m,main,68.4,full,1.0,2026-09-23
467.0,,007353,工银科技创新混合,0.49635719422466584,ret_12m,main,88.6,full,1.0,2026-09-23
468.0,,005041,人保研究精选混合A,0.4959236027764926,ret_12m,main,103.7,full,1.0,2026-09-23
469.0,,006348,银华盛利混合发起式A,0.495799010105336,ret_12m,main,93.3,full,1.0,2026-09-23
470.0,,008962,建信科技创新混合A,0.4956116707186977,ret_12m,main,79.2,full,1.0,2026-09-23
471.0,,002251,华夏军工安全混合A,0.4951659052732875,ret_12m,main,126.1,full,1.0,2026-09-23
472.0,,050004,博时精选混合A,0.4926870618743904,ret_12m,main,267.0,full,1.0,2026-09-23
473.0,,000609,华商新量化混合A,0.49206053663503635,ret_12m,main,147.6,full,1.0,2026-09-23
474.0,,010114,华宝新兴成长混合A,0.4912864800212511,ret_12m,main,72.0,full,1.0,2026-09-23
475.0,,014807,宏利景气智选18个月持有混合A,0.49069558253910084,ret_12m,main,53.8,full,1.0,2026-09-23
476.0,,005094,万家臻选混合A,0.48982342760006814,ret_12m,main,105.1,full,1.0,2026-09-23
477.0,,002281,建信裕利灵活配置混合,0.48938889562617005,ret_12m,main,128.6,full,1.0,2026-09-23
478.0,,001496,工银聚焦30股票,0.488749262893166,ret_12m,main,135.0,full,1.0,2026-09-23
479.0,,022754,易方达科鑫量化选股股票发起式A,0.4884021049359153,ret_12m,main,21.4,short,1.0,2026-09-23
480.0,,010646,融通价值趋势混合A,0.4881991267111614,ret_12m,main,64.9,full,1.0,2026-09-23
481.0,,017639,景顺长城景气优选一年持有期混合A,0.487743320457628,ret_12m,main,42.8,full,1.0,2026-09-23
482.0,,005668,融通新能源汽车主题精选混合A,0.4870008902009568,ret_12m,main,99.3,full,1.0,2026-09-23
483.0,,013145,浙商汇金先进制造混合,0.4869207759857097,ret_12m,main,61.2,full,1.0,2026-09-23
484.0,,010033,安信成长精选混合A,0.48536549125536443,ret_12m,main,71.8,full,1.0,2026-09-23
485.0,,021967,西部利得均衡优选混合A,0.4851947515396762,ret_12m,main,19.9,short,1.0,2026-09-23
486.0,,002064,华富产业升级灵活配置混合A,0.48480625730917914,ret_12m,main,112.5,full,1.0,2026-09-23
487.0,,024439,交银瑞安混合A,0.4845134773287312,ret_12m,main,15.0,short,0.9723,2026-09-23
488.0,,008251,汇安宜创量化精选混合A,0.4842705126308726,ret_12m,main,81.0,full,1.0,2026-09-23
489.0,,009189,华宝成长策略混合A,0.48377683358011536,ret_12m,main,76.5,full,1.0,2026-09-23
490.0,,002563,泓德泓汇混合,0.48367962765815364,ret_12m,main,118.2,full,1.0,2026-09-23
491.0,,000979,景顺长城沪港深精选股票A,0.4828939578129676,ret_12m,main,137.3,full,1.0,2026-09-23
492.0,,016605,财通资管臻享成长混合A,0.48204935973479146,ret_12m,main,42.7,full,1.0,2026-09-23
493.0,,017876,汇添富新能源精选混合发起式A,0.481089122203769,ret_12m,main,42.3,full,1.0,2026-09-23
494.0,,011351,金鹰年年邮益一年持有混合A,0.4805218447463082,ret_12m,main,66.5,full,1.0,2026-09-23
495.0,,501099,平安新兴产业混合(LOF),0.4801478982095231,ret_12m,main,77.4,full,1.0,2026-09-23
496.0,,004450,嘉实前沿科技沪港深股票A,0.4798289363073054,ret_12m,main,112.2,full,1.0,2026-09-23
497.0,,160722,嘉实惠泽混合(LOF),0.47931145296698796,ret_12m,main,119.8,full,1.0,2026-09-23
498.0,,014600,博时回报严选混合A,0.47856046072795677,ret_12m,main,55.5,full,1.0,2026-09-23
499.0,,013855,嘉实品质发现混合A,0.4778934176460117,ret_12m,main,54.2,full,1.0,2026-09-23
500.0,,519949,长信利信混合A,0.47746174864615987,ret_12m,main,118.4,full,1.0,2026-09-23
501.0,,015703,易米开泰混合A,0.47620455149537055,ret_12m,main,46.5,full,1.0,2026-09-23
502.0,,001712,东方红优势精选混合,0.4760294135742176,ret_12m,main,132.5,full,1.0,2026-09-23
503.0,,001951,金鹰改革红利混合,0.4754462504610375,ret_12m,main,129.7,full,1.0,2026-09-23
504.0,,014783,招商远见成长混合A,0.4742496152206668,ret_12m,main,49.0,full,1.0,2026-09-23
505.0,,024804,华夏量化选股股票A,0.4740633241415637,ret_12m,main,14.1,short,1.0,2026-09-23
506.0,,018790,华泰柏瑞均衡成长混合A,0.4735483805305465,ret_12m,main,37.1,full,1.0,2026-09-23
507.0,,003567,华夏行业景气混合A,0.4734959504455778,ret_12m,main,115.6,full,1.0,2026-09-23
508.0,,020440,东兴数字经济混合发起A,0.47164760944675654,ret_12m,main,32.2,short,1.0,2026-09-23
509.0,,009651,海富通成长甄选混合A,0.4710760573713688,ret_12m,main,71.9,full,1.0,2026-09-23
510.0,,360016,光大保德信行业轮动混合A,0.47090501765870507,ret_12m,main,175.2,full,1.0,2026-09-23
511.0,,010375,国金鑫悦经济新动能A,0.470338000037398,ret_12m,main,70.1,full,1.0,2026-09-23
512.0,,010550,华商双擎领航混合,0.4700189121521001,ret_12m,main,70.0,full,1.0,2026-09-23
513.0,,019347,富国匠心成长混合A,0.46942668214344163,ret_12m,main,28.8,short,1.0,2026-09-23
514.0,,003131,国寿安保强国智造混合,0.4692374827810657,ret_12m,main,119.9,full,1.0,2026-09-23
515.0,,470009,汇添富民营活力混合,0.4688734477155787,ret_12m,main,196.6,full,1.0,2026-09-23
516.0,,021875,路博迈资源精选股票发起A,0.46861724812524375,ret_12m,main,24.1,short,1.0,2026-09-23
517.0,,015079,永赢成长远航一年持有混合A,0.4675488785881543,ret_12m,main,53.6,full,1.0,2026-09-23
518.0,,012530,永赢惠添盈一年持有混合,0.46691396158864773,ret_12m,main,58.4,full,1.0,2026-09-23
519.0,,009968,金鹰内需成长混合A,0.4668704397201,ret_12m,main,73.1,full,1.0,2026-09-23
520.0,,009914,富国成长动力混合A,0.46534087324378093,ret_12m,main,72.2,full,1.0,2026-09-23
521.0,,019824,国寿安保新材料股票发起式A,0.4648359659832657,ret_12m,main,34.6,short,1.0,2026-09-23
522.0,,009929,南方创新驱动混合A,0.463914829317835,ret_12m,main,72.8,full,1.0,2026-09-23
523.0,,014175,工银价值成长混合A,0.4637841694187601,ret_12m,main,54.0,full,1.0,2026-09-23
524.0,,000714,诺安稳健回报混合A,0.4637058161165455,ret_12m,main,144.3,full,1.0,2026-09-23
525.0,,168105,九泰泰富灵活配置混合(LOF)A,0.4634492653494984,ret_12m,main,119.9,full,1.0,2026-09-23
526.0,,519196,万家新兴蓝筹A,0.4631982416079934,ret_12m,main,127.9,full,1.0,2026-09-23
527.0,,001210,天弘互联网混合A,0.46284699220921666,ret_12m,main,135.9,full,1.0,2026-09-23
528.0,,160215,国泰价值经典混合(LOF),0.4625366297979532,ret_12m,main,193.3,full,1.0,2026-09-23
529.0,,000598,长盛生态环境混合A,0.46215005310149926,ret_12m,main,144.4,full,1.0,2026-09-23
530.0,,110001,易方达平稳增长混合,0.46213697778909313,ret_12m,main,289.0,full,1.0,2026-09-23
531.0,,009008,平安科技创新混合A,0.46107527850574703,ret_12m,main,78.6,full,1.0,2026-09-23
532.0,,024931,华夏卓越成长混合D,0.46087848886975347,ret_12m,main,13.3,short,1.0,2026-09-23
533.0,,018122,永赢数字经济智选混合发起A,0.46072711498082053,ret_12m,main,41.5,full,1.0,2026-09-23
534.0,,005136,华安幸福生活混合A,0.4604293600964193,ret_12m,main,106.9,full,1.0,2026-09-23
535.0,,001297,平安智慧中国混合,0.4602383767534526,ret_12m,main,135.5,full,1.0,2026-09-23
536.0,,163412,兴全轻资产混合(LOF),0.4597402840833047,ret_12m,main,173.6,full,1.0,2026-09-23
537.0,,001305,九泰天富改革混合A,0.45850747311901796,ret_12m,main,135.5,full,1.0,2026-09-23
538.0,,012130,景顺长城先进智造混合A,0.4571564182208947,ret_12m,main,61.0,full,1.0,2026-09-23
539.0,,007355,汇添富科技创新混合A,0.4565295256977808,ret_12m,main,88.6,full,1.0,2026-09-23
540.0,,011790,建信创新驱动混合,0.4564322268148868,ret_12m,main,61.4,full,1.0,2026-09-23
541.0,,020975,万家科技量化选股混合发起式A,0.45538981226640196,ret_12m,main,24.0,short,1.0,2026-09-23
542.0,,582003,东吴配置优化混合A,0.4548661531198712,ret_12m,main,169.3,full,1.0,2026-09-23
543.0,,017848,东方红先进制造混合A,0.4544581666349501,ret_12m,main,40.9,full,1.0,2026-09-23
544.0,,000698,宝盈科技30混合,0.45419587473555256,ret_12m,main,145.3,full,1.0,2026-09-23
545.0,,519929,长信电子信息量化灵活配置混合A,0.4515261899659797,ret_12m,main,121.9,full,1.0,2026-09-23
546.0,,014653,建信卓越成长一年持有混合A,0.4493462047602488,ret_12m,main,54.2,full,1.0,2026-09-23
547.0,,000586,景顺长城中小创精选股票A,0.44894193591600473,ret_12m,main,148.8,full,1.0,2026-09-23
548.0,,519195,万家品质生活混合A,0.44845218145854626,ret_12m,main,133.6,full,1.0,2026-09-23
549.0,,005682,财通资管消费精选混合A,0.4480191240018061,ret_12m,main,101.7,full,1.0,2026-09-23
550.0,,004183,富国产业升级混合A,0.4476163568888847,ret_12m,main,111.5,full,1.0,2026-09-23
551.0,,160642,鹏华增瑞混合(LOF)A,0.44719786382911675,ret_12m,main,120.1,full,1.0,2026-09-23
552.0,,501097,国寿安保科技创新混合(LOF),0.44524813688042464,ret_12m,main,77.9,full,1.0,2026-09-23
553.0,,016157,汇添富数字经济核心产业一年持有期混合A,0.4452095709769248,ret_12m,main,46.8,full,1.0,2026-09-23
554.0,,005265,博时厚泽回报混合A,0.4451010620101248,ret_12m,main,106.0,full,1.0,2026-09-23
555.0,,013774,易方达趋势优选混合A,0.4446374624197178,ret_12m,main,54.0,full,1.0,2026-09-23
556.0,,002095,博时新收益A,0.44336809157418844,ret_12m,main,127.6,full,1.0,2026-09-23
557.0,,340006,兴全全球视野股票,0.4432606565025805,ret_12m,main,240.1,full,1.0,2026-09-23
558.0,,010898,银河产业动力混合A,0.442806970868973,ret_12m,main,67.9,full,1.0,2026-09-23
559.0,,164205,天弘文化新兴产业股票A,0.441992104489342,ret_12m,main,193.4,full,1.0,2026-09-23
560.0,,015842,国投瑞银专精特新量化选股混合A,0.440616795517071,ret_12m,main,45.6,full,1.0,2026-09-23
561.0,,004148,圆信永丰多策略,0.43955978749910285,ret_12m,main,113.8,full,1.0,2026-09-23
562.0,,110012,易方达科汇灵活配置混合,0.4387092845332865,ret_12m,main,214.5,full,1.0,2026-09-23
563.0,,000061,华夏盛世混合,0.43788972882430066,ret_12m,main,201.4,full,1.0,2026-09-23
564.0,,000960,招商医药健康产业股票,0.437565451308741,ret_12m,main,139.8,full,1.0,2026-09-23
565.0,,005268,鹏华优势企业,0.4374063764699341,ret_12m,main,105.8,full,1.0,2026-09-23
566.0,,022704,银河科技成长混合发起式A,0.4373005544074,ret_12m,main,20.9,short,1.0,2026-09-23
567.0,,001112,东方红中国优势混合,0.4369732550184138,ret_12m,main,137.6,full,1.0,2026-09-23
568.0,,000263,工银信息产业混合A,0.4363102833552013,ret_12m,main,154.4,full,1.0,2026-09-23
569.0,,008286,易方达研究精选股票,0.43614608102091945,ret_12m,main,79.0,full,1.0,2026-09-23
570.0,,017086,嘉实ESG可持续投资混合A,0.4355549207244156,ret_12m,main,42.6,full,1.0,2026-09-23
571.0,,006813,博时汇悦回报混合,0.4346299207514943,ret_12m,main,91.8,full,1.0,2026-09-23
572.0,,519688,交银精选混合,0.4341349361066127,ret_12m,main,251.8,full,1.0,2026-09-23
573.0,,021145,银华甄选价值成长混合A,0.4335054824154305,ret_12m,main,25.5,short,1.0,2026-09-23
574.0,,010490,鹏华高质量增长混合A,0.43280632867929936,ret_12m,main,70.1,full,1.0,2026-09-23
575.0,,010109,富国价值增长混合A,0.4322434036038145,ret_12m,main,72.3,full,1.0,2026-09-23
576.0,,110025,易方达资源行业混合,0.4322384064739335,ret_12m,main,181.3,full,1.0,2026-09-23
577.0,,001482,摩根新兴服务股票A,0.43216255683249005,ret_12m,main,133.6,full,1.0,2026-09-23
578.0,,011486,博时创新精选混合A,0.43187772620108555,ret_12m,main,66.5,full,1.0,2026-09-23
579.0,,014350,华商卓越成长一年持有混合A,0.43159512645467624,ret_12m,main,54.8,full,1.0,2026-09-23
580.0,,020416,农银先进制造混合A,0.43137547493920425,ret_12m,main,27.3,short,1.0,2026-09-23
581.0,,010305,华夏创新驱动混合A,0.4312257212087329,ret_12m,main,70.9,full,1.0,2026-09-23
582.0,,003025,新华红利回报混合,0.43071667573831873,ret_12m,main,113.9,full,1.0,2026-09-23
583.0,,008186,淳厚信睿混合A,0.430432539421699,ret_12m,main,79.3,full,1.0,2026-09-23
584.0,,015547,华商核心成长一年持有混合A,0.43042162559167063,ret_12m,main,44.9,full,1.0,2026-09-23
585.0,,019281,华西优选成长一年持有混合A,0.4295590256637094,ret_12m,main,34.7,short,1.0,2026-09-23
586.0,,519191,万家新利灵活配置混合,0.4288023642948635,ret_12m,main,152.0,full,1.0,2026-09-23
587.0,,018993,中欧数字经济混合发起A,0.4284490551942688,ret_12m,main,36.4,full,1.0,2026-09-23
588.0,,001986,前海开源人工智能主题混合A,0.42752518761481095,ret_12m,main,124.6,full,1.0,2026-09-23
589.0,,024674,兴合景气智选混合发起式A,0.42623105728446364,ret_12m,main,14.0,short,1.0,2026-09-23
590.0,,004784,招商稳健优选股票A,0.42543175345594686,ret_12m,main,108.1,full,1.0,2026-09-23
591.0,,019006,蜂巢先进制造混合发起式A,0.4249669043746991,ret_12m,main,37.3,full,1.0,2026-09-23
592.0,,007133,嘉实长青竞争优势股票A,0.4246863253240307,ret_12m,main,88.6,full,1.0,2026-09-23
593.0,,519026,海富通中小盘混合,0.4242162334415991,ret_12m,main,197.3,full,1.0,2026-09-23
594.0,,018375,金信景气优选混合A,0.4236232217813418,ret_12m,main,34.7,short,1.0,2026-09-23
595.0,,001000,中欧明睿新起点混合,0.4225327694902239,ret_12m,main,139.8,full,1.0,2026-09-23
596.0,,014401,富国核心趋势混合A,0.42159640514456087,ret_12m,main,40.3,full,1.0,2026-09-23
597.0,,017244,南方前瞻动力混合A,0.4206219175092907,ret_12m,main,44.1,full,1.0,2026-09-23
598.0,,210008,金鹰策略配置混合,0.42035445238757596,ret_12m,main,180.7,full,1.0,2026-09-23
599.0,,010730,银华心佳两年持有期混合,0.4199060312706311,ret_12m,main,68.5,full,1.0,2026-09-23
600.0,,012496,同泰行业优选股票A,0.4197058955392363,ret_12m,main,60.8,full,1.0,2026-09-23
601.0,,010680,华夏新兴成长股票A,0.4196419367350519,ret_12m,main,68.2,full,1.0,2026-09-23
602.0,,001538,摩根科技前沿混合A,0.4195171770478894,ret_12m,main,134.5,full,1.0,2026-09-23
603.0,,019295,博时匠心优选混合A,0.4194990441994808,ret_12m,main,28.9,short,1.0,2026-09-23
604.0,,007203,银河新动能混合A,0.4191622516486755,ret_12m,main,82.2,full,1.0,2026-09-23
605.0,,013910,兴业兴睿两年持有混合A,0.4184768427845509,ret_12m,main,57.1,full,1.0,2026-09-23
606.0,,000513,富国高端制造行业股票A,0.41798345218482913,ret_12m,main,147.1,full,1.0,2026-09-23
607.0,,016340,银河价值成长混合A,0.4168632865038242,ret_12m,main,46.5,full,1.0,2026-09-23
608.0,,019888,中欧周期优选混合发起A,0.4164596055370837,ret_12m,main,34.3,short,1.0,2026-09-23
609.0,,008381,前海开源新兴产业混合A,0.416275652543203,ret_12m,main,77.3,full,1.0,2026-09-23
610.0,,002810,金信转型创新成长混合发起式A,0.41615322656739884,ret_12m,main,123.5,full,1.0,2026-09-23
611.0,,021647,东方红动力领航混合A,0.41596699257581915,ret_12m,main,22.3,short,1.0,2026-09-23
612.0,,006864,国联安核心资产策略混合,0.4159445786520033,ret_12m,main,70.1,full,1.0,2026-09-23
613.0,,015604,华安动力领航混合A,0.4138740556503484,ret_12m,main,46.5,full,1.0,2026-09-23
614.0,,008934,大成科技消费股票A,0.41334097663285996,ret_12m,main,74.3,full,1.0,2026-09-23
615.0,,022416,汇添富弘盛回报混合发起式A,0.4131598581749323,ret_12m,main,16.3,short,1.0,2026-09-23
616.0,,011506,建信高端装备股票A,0.4130226251463669,ret_12m,main,64.9,full,1.0,2026-09-23
617.0,,010611,万家战略发展产业混合A,0.41286587804557606,ret_12m,main,68.3,full,1.0,2026-09-23
618.0,,017551,南方景气前瞻混合A,0.41223176935150185,ret_12m,main,42.3,full,1.0,2026-09-23
619.0,,519185,万家精选混合A,0.4121254550541338,ret_12m,main,208.2,full,1.0,2026-09-23
620.0,,011021,汇添富互联网核心资产六个月持有混合A,0.41176860566045237,ret_12m,main,67.9,full,1.0,2026-09-23
621.0,,000935,浙商汇金转型成长,0.4115032137960071,ret_12m,main,140.8,full,1.0,2026-09-23
622.0,,023915,永赢价值发现慧选混合发起A,0.41117184724778055,ret_12m,main,17.0,short,1.0,2026-09-23
623.0,,010427,兴银策略智选混合A,0.41096832089711466,ret_12m,main,70.4,full,1.0,2026-09-23
624.0,,000327,南方潜力新蓝筹混合A,0.41077713958522977,ret_12m,main,135.9,full,1.0,2026-09-23
625.0,,673010,西部利得新动向混合A,0.41034603407649795,ret_12m,main,181.2,full,1.0,2026-09-23
626.0,,001606,农银工业4.0混合,0.410066406355146,ret_12m,main,133.4,full,1.0,2026-09-23
627.0,,010147,博道嘉兴一年持有期混合,0.4081201148752749,ret_12m,main,71.0,full,1.0,2026-09-23
628.0,,020600,国寿安保景气优选混合发起式A,0.4078371399713068,ret_12m,main,31.9,short,1.0,2026-09-23
629.0,,000534,长盛高端装备混合A,0.40757947187106236,ret_12m,main,150.0,full,1.0,2026-09-23
630.0,,004641,万家量化睿选混合A,0.40729293534407796,ret_12m,main,109.6,full,1.0,2026-09-23
631.0,,004616,中欧电子信息产业沪港深股票A,0.40698193632918533,ret_12m,main,110.6,full,1.0,2026-09-23
632.0,,005449,华夏行业龙头混合,0.40668929613246885,ret_12m,main,102.6,full,1.0,2026-09-23
633.0,,004745,长盛创新驱动混合A,0.4062109611970466,ret_12m,main,109.2,full,1.0,2026-09-23
634.0,,000020,景顺长城品质投资混合A,0.40606533613049356,ret_12m,main,162.2,full,1.0,2026-09-23
635.0,,370027,摩根智选30混合A,0.40570831877737046,ret_12m,main,162.6,full,1.0,2026-09-23
636.0,,015749,博时优享回报混合A,0.40480535451806543,ret_12m,main,49.7,full,1.0,2026-09-23
637.0,,017878,华安匠心甄选混合A,0.4047856363515241,ret_12m,main,42.7,full,1.0,2026-09-23
638.0,,501078,广发科创主题灵活配置混合(LOF),0.40477613492994524,ret_12m,main,87.4,full,1.0,2026-09-23
639.0,,022003,博道大盘成长股票A,0.40455592155442255,ret_12m,main,21.9,short,1.0,2026-09-23
640.0,,001088,华宝国策导向混合A,0.4024036351248095,ret_12m,main,136.5,full,1.0,2026-09-23
641.0,,010807,融通稳信增益6个月持有期混合A,0.4020794563036998,ret_12m,main,55.9,full,1.0,2026-09-23
642.0,,005775,中加转型动力混合A,0.40123117740530057,ret_12m,main,96.6,full,1.0,2026-09-23
643.0,,010460,兴业研究精选混合A,0.4009169332490432,ret_12m,main,69.9,full,1.0,2026-09-23
644.0,,012294,泰康优势精选三年持有期混合,0.4001999337166766,ret_12m,main,60.7,full,1.0,2026-09-23
645.0,,240005,华宝多策略增长A,0.3991176595795203,ret_12m,main,268.4,full,1.0,2026-09-23
646.0,,000496,长安产业精选混合A,0.39866999790421587,ret_12m,main,148.6,full,1.0,2026-09-23
647.0,,014478,中加低碳经济六个月持有混合A,0.39862396406890244,ret_12m,main,54.1,full,1.0,2026-09-23
648.0,,213003,宝盈策略增长混合,0.3979487832757216,ret_12m,main,236.1,full,1.0,2026-09-23
649.0,,550009,中信保诚中小盘混合A,0.3977095966532258,ret_12m,main,199.4,full,1.0,2026-09-23
650.0,,015986,中海新兴成长六个月持有期混合,0.3973714179424006,ret_12m,main,48.7,full,1.0,2026-09-23
651.0,,160143,南方创业板2年定期开放混合,0.3971736472042755,ret_12m,main,72.7,full,1.0,2026-09-23
652.0,,012350,万家元贞量化选股股票A,0.39690564225265756,ret_12m,main,42.3,full,1.0,2026-09-23
653.0,,011030,达诚价值先锋灵活配置A,0.3964886107072292,ret_12m,main,64.2,full,1.0,2026-09-23
654.0,,013861,泓德产业升级混合A,0.3964802090487991,ret_12m,main,55.5,full,1.0,2026-09-23
655.0,,023135,农银创新驱动混合A,0.3953785448014542,ret_12m,main,20.0,short,1.0,2026-09-23
656.0,,014325,国联安核心趋势一年持有混合A,0.3952442567109955,ret_12m,main,56.8,full,1.0,2026-09-23
657.0,,009931,淳厚欣享一年持有期混合A,0.39500113026723316,ret_12m,main,72.2,full,1.0,2026-09-23
658.0,,005977,中信保诚至兴混合A,0.3945760101994602,ret_12m,main,98.9,full,1.0,2026-09-23
659.0,,270028,广发制造业精选混合A,0.39454522702371597,ret_12m,main,180.1,full,1.0,2026-09-23
660.0,,320005,诺安价值增长混合A,0.3942487599559794,ret_12m,main,238.1,full,1.0,2026-09-23
661.0,,001682,新华鑫回报混合,0.3939232689207579,ret_12m,main,132.7,full,1.0,2026-09-23
662.0,,010755,博道睿见一年持有期混合,0.39351246341699153,ret_12m,main,69.5,full,1.0,2026-09-23
663.0,,519181,万家和谐增长混合A,0.39317623223234643,ret_12m,main,237.8,full,1.0,2026-09-23
664.0,,006904,泰康产业升级混合A,0.39302699067622693,ret_12m,main,88.2,full,1.0,2026-09-23
665.0,,519029,华夏稳增混合,0.3926121487852201,ret_12m,main,239.8,full,1.0,2026-09-23
666.0,,257020,国联安精选混合,0.3921773699434661,ret_12m,main,248.8,full,1.0,2026-09-23
667.0,,009488,中邮价值精选混合A,0.38935635856466955,ret_12m,main,75.0,full,1.0,2026-09-23
668.0,,001534,华宝万物互联混合A,0.3886662404505947,ret_12m,main,134.8,full,1.0,2026-09-23
669.0,,001009,摩根安全战略股票A,0.3881119330841818,ret_12m,main,138.9,full,1.0,2026-09-23
670.0,,018796,海富通远见回报混合A,0.3877263962754929,ret_12m,main,18.7,short,1.0,2026-09-23
671.0,,008208,博道嘉泰回报混合,0.38763512569295444,ret_12m,main,81.1,full,1.0,2026-09-23
672.0,,002446,广发利鑫灵活配置混合A,0.3874459909417729,ret_12m,main,126.1,full,1.0,2026-09-23
673.0,,000524,摩根民生需求股票A,0.38716626090132955,ret_12m,main,150.3,full,1.0,2026-09-23
674.0,,001816,汇添富新睿精选混合A,0.3863876928888752,ret_12m,main,117.1,full,1.0,2026-09-23
675.0,,000793,工银高端制造股票,0.3857734552976666,ret_12m,main,143.0,full,1.0,2026-09-23
676.0,,000592,建信改革红利股票A,0.3854209063302363,ret_12m,main,148.3,full,1.0,2026-09-23
677.0,,010790,海富通均衡甄选混合A,0.38537305982587355,ret_12m,main,67.9,full,1.0,2026-09-23
678.0,,001832,易方达瑞恒灵活配置混合,0.38327597780911793,ret_12m,main,104.4,full,1.0,2026-09-23
679.0,,001106,华商健康生活混合,0.38316474890783847,ret_12m,main,138.3,full,1.0,2026-09-23
680.0,,023647,广发科技智选股票发起式A,0.3829280175998877,ret_12m,main,17.2,short,1.0,2026-09-23
681.0,,002577,南方新兴龙头灵活配置混合A,0.38128037711661755,ret_12m,main,124.7,full,1.0,2026-09-23
682.0,,008793,博道嘉元混合A,0.3812497613793302,ret_12m,main,78.7,full,1.0,2026-09-23
683.0,,001152,融通新区域新经济灵活配置混合,0.38110477940812926,ret_12m,main,136.1,full,1.0,2026-09-23
684.0,,001162,前海开源优势蓝筹股票A,0.3810665081872264,ret_12m,main,136.9,full,1.0,2026-09-23
685.0,,671030,西部利得事件驱动股票A,0.38003219333073535,ret_12m,main,95.9,full,1.0,2026-09-23
686.0,,019820,鹏华远见精选混合发起式A,0.37967020966492027,ret_12m,main,33.8,short,1.0,2026-09-23
687.0,,519133,海富通改革驱动混合,0.37917900035973107,ret_12m,main,124.8,full,1.0,2026-09-23
688.0,,169104,东方红睿满沪港深混合(LOF)A,0.37909086367098555,ret_12m,main,122.8,full,1.0,2026-09-23
689.0,,014356,长信企业成长三年持有混合A,0.37888806149275767,ret_12m,main,50.8,full,1.0,2026-09-23
690.0,,008671,银华科技创新混合A,0.3786287583932648,ret_12m,main,80.2,full,1.0,2026-09-23
691.0,,008638,广发科技创新混合A,0.37773227795565245,ret_12m,main,81.0,full,1.0,2026-09-23
692.0,,014818,国金新兴价值混合A,0.37769459408414185,ret_12m,main,54.5,full,1.0,2026-09-23
693.0,,009857,博时价值臻选持有期混合A,0.3776564993615832,ret_12m,main,73.8,full,1.0,2026-09-23
694.0,,001764,广发沪港深新机遇股票,0.37755287827609063,ret_12m,main,123.9,full,1.0,2026-09-23
695.0,,005299,万家成长优选混合A,0.3769658085359904,ret_12m,main,103.7,full,1.0,2026-09-23
696.0,,023632,景顺长城新兴产业混合A,0.376910492296725,ret_12m,main,17.7,short,1.0,2026-09-23
697.0,,010925,兴银科技增长1个月滚动混合A,0.3769058744314613,ret_12m,main,67.1,full,1.0,2026-09-23
698.0,,013147,汇添富碳中和主题混合A,0.3751765365409139,ret_12m,main,60.3,full,1.0,2026-09-23
699.0,,011167,景顺长城景气成长混合A,0.37507062295406124,ret_12m,main,63.3,full,1.0,2026-09-23
700.0,,017960,招商趋势领航混合A,0.37502092101627515,ret_12m,main,42.1,full,1.0,2026-09-23
701.0,,002149,嘉实新优选混合,0.3741508904125268,ret_12m,main,125.5,full,1.0,2026-09-23
702.0,,000209,中信保诚新兴产业混合A,0.3735054649625631,ret_12m,main,158.2,full,1.0,2026-09-23
703.0,,007345,富国科技创新灵活配置混合,0.3734881093931628,ret_12m,main,88.6,full,1.0,2026-09-23
704.0,,001103,前海开源工业革命4.0混合,0.37340354904232,ret_12m,main,137.9,full,1.0,2026-09-23
705.0,,016485,中欧成长先锋混合A,0.3732951986726165,ret_12m,main,46.0,full,1.0,2026-09-23
706.0,,011828,平安睿享成长混合A,0.37320365346499407,ret_12m,main,61.6,full,1.0,2026-09-23
707.0,,163402,兴全趋势投资混合(LOF),0.3726879769928333,ret_12m,main,250.6,full,1.0,2026-09-23
708.0,,004726,先锋聚优A,0.37263788052511737,ret_12m,main,108.3,full,1.0,2026-09-23
709.0,,013755,中银证券内需增长混合A,0.37261004039628953,ret_12m,main,58.4,full,1.0,2026-09-23
710.0,,010303,华泰柏瑞量化创盈混合A,0.37251608873233333,ret_12m,main,70.3,full,1.0,2026-09-23
711.0,,006281,万家人工智能混合A,0.3720467781015373,ret_12m,main,91.9,full,1.0,2026-09-23
712.0,,001409,工银互联网加股票,0.37142176293205953,ret_12m,main,135.6,full,1.0,2026-09-23
713.0,,000756,建信潜力新蓝筹股票A,0.37020740838157384,ret_12m,main,144.4,full,1.0,2026-09-23
714.0,,016856,银河景气行业混合A,0.3702062792987808,ret_12m,main,45.8,full,1.0,2026-09-23
715.0,,024317,前海开源研究驱动混合A,0.36986112366022983,ret_12m,main,15.4,short,1.0,2026-09-23
716.0,,019293,长江长扬混合发起A,0.36968671838665945,ret_12m,main,36.4,full,1.0,2026-09-23
717.0,,160605,鹏华中国50混合,0.3692209640040722,ret_12m,main,268.4,full,1.0,2026-09-23
718.0,,009596,泰康创新成长混合A,0.3686289656247288,ret_12m,main,72.5,full,1.0,2026-09-23
719.0,,004666,长城久嘉创新成长混合A,0.36838338989210984,ret_12m,main,109.6,full,1.0,2026-09-23
720.0,,001125,博时互联网主题灵活配置混合,0.3674027320362707,ret_12m,main,136.9,full,1.0,2026-09-23
721.0,,001173,中欧瑾和灵活配置混合A,0.3672190289426327,ret_12m,main,137.4,full,1.0,2026-09-23
722.0,,012541,金鹰产业升级混合A,0.36676382896035475,ret_12m,main,62.2,full,1.0,2026-09-23
723.0,,011269,中银证券优势制造股票A,0.3666454279252849,ret_12m,main,62.5,full,1.0,2026-09-23
724.0,,009893,大摩优悦安和混合A,0.366571392479212,ret_12m,main,72.0,full,1.0,2026-09-23
725.0,,501054,东方红睿泽三年持有混合A,0.36607953831537077,ret_12m,main,103.7,full,1.0,2026-09-23
726.0,,160512,博时卓越品牌混合(LOF)A,0.36595493617861763,ret_12m,main,183.8,full,1.0,2026-09-23
727.0,,001825,建信中国制造2025股票A,0.36560040327283794,ret_12m,main,114.5,full,1.0,2026-09-23
728.0,,010313,上银鑫恒混合A,0.3652387843037166,ret_12m,main,70.1,full,1.0,2026-09-23
729.0,,080002,长盛创新先锋混合A,0.3646241127840757,ret_12m,main,219.6,full,1.0,2026-09-23
730.0,,019136,交银启合混合A,0.3644613322540633,ret_12m,main,21.8,short,1.0,2026-09-23
731.0,,000545,中邮核心竞争力灵活配置混合,0.3643091752770724,ret_12m,main,149.0,full,1.0,2026-09-23
732.0,,163411,兴全精选混合,0.3637739204670678,ret_12m,main,181.7,full,1.0,2026-09-23
733.0,,202212,南方平衡配置混合A,0.3625031935187746,ret_12m,main,183.1,full,1.0,2026-09-23
734.0,,001216,易方达新收益混合A,0.3622815707477651,ret_12m,main,137.2,full,1.0,2026-09-23
735.0,,005598,广发中小盘精选混合A,0.3612552296723035,ret_12m,main,100.7,full,1.0,2026-09-23
736.0,,014639,兴全合衡三年持有混合A,0.36094893099082404,ret_12m,main,56.3,full,1.0,2026-09-23
737.0,,010264,鹏华成长智选混合A,0.3607545239151999,ret_12m,main,71.1,full,1.0,2026-09-23
738.0,,000458,英大领先回报A,0.359888367046898,ret_12m,main,150.6,full,1.0,2026-09-23
739.0,,016272,华泰保兴吉年红混合发起A,0.35969069215428284,ret_12m,main,28.6,short,1.0,2026-09-23
740.0,,006769,长城研究精选混合A,0.35879272573192256,ret_12m,main,85.3,full,1.0,2026-09-23
741.0,,010181,兴业优势产业混合A,0.35833536306486624,ret_12m,main,70.8,full,1.0,2026-09-23
742.0,,006270,汇安核心成长混合A,0.35819960574322485,ret_12m,main,91.9,full,1.0,2026-09-23
743.0,,007777,中邮研究精选混合,0.35751714419784375,ret_12m,main,84.4,full,1.0,2026-09-23
744.0,,015145,同泰新能源1年持有股票A,0.356681758212265,ret_12m,main,47.8,full,1.0,2026-09-23
745.0,,010126,平安价值成长混合A,0.3566490602476271,ret_12m,main,72.0,full,1.0,2026-09-23
746.0,,005544,银华瑞和灵活配置混合A,0.3564952898584861,ret_12m,main,100.9,full,1.0,2026-09-23
747.0,,006573,人保行业轮动混合A,0.3563234548884975,ret_12m,main,89.0,full,1.0,2026-09-23
748.0,,001744,诺安进取回报混合A,0.3560093287731496,ret_12m,main,119.9,full,1.0,2026-09-23
749.0,,002542,长城久鼎混合A,0.3558048830678404,ret_12m,main,122.1,full,1.0,2026-09-23
750.0,,011170,宝盈智慧生活混合A,0.35563687335320027,ret_12m,main,65.1,full,1.0,2026-09-23
751.0,,010792,华安成长先锋混合A,0.3556022879542915,ret_12m,main,67.0,full,1.0,2026-09-23
752.0,,011373,招商前沿医疗保健股票A,0.3536003882861969,ret_12m,main,63.0,full,1.0,2026-09-23
753.0,,000577,安信价值精选股票A,0.35346459973315625,ret_12m,main,149.1,full,1.0,2026-09-23
754.0,,000601,华宝创新优选混合,0.35344090805323347,ret_12m,main,148.3,full,1.0,2026-09-23
755.0,,013006,摩根景气甄选混合A,0.3530770111340933,ret_12m,main,60.7,full,1.0,2026-09-23
756.0,,021501,信澳科技驱动混合A,0.3529985503658932,ret_12m,main,21.2,short,1.0,2026-09-23
757.0,,010495,创金合信创新驱动股票A,0.3528317717899492,ret_12m,main,68.8,full,1.0,2026-09-23
758.0,,202023,南方优选成长混合A,0.3523595582751975,ret_12m,main,187.8,full,1.0,2026-09-23
759.0,,010944,招商商业模式优选A,0.35193951254998224,ret_12m,main,65.9,full,1.0,2026-09-23
760.0,,162205,宏利风险预算混合,0.3513138755726557,ret_12m,main,257.6,full,1.0,2026-09-23
761.0,,022414,前海开源国企精选混合发起A,0.3512407940043272,ret_12m,main,21.6,short,1.0,2026-09-23
762.0,,012835,招商景气精选股票A,0.3508093741485667,ret_12m,main,62.1,full,1.0,2026-09-23
763.0,,012188,华安优势龙头混合A,0.350723796332701,ret_12m,main,58.2,full,1.0,2026-09-23
764.0,,012221,瑞达行业轮动混合A,0.3491077370125515,ret_12m,main,63.5,full,1.0,2026-09-23
765.0,,519957,长信睿进混合A,0.34898480668865606,ret_12m,main,134.6,full,1.0,2026-09-23
766.0,,001008,工银国企改革股票,0.3486481581874483,ret_12m,main,139.9,full,1.0,2026-09-23
767.0,,011277,上银科技驱动双周定期可赎回混合A,0.34861555320114457,ret_12m,main,63.5,full,1.0,2026-09-23
768.0,,009859,银华乐享混合A,0.34853648723960085,ret_12m,main,69.0,full,1.0,2026-09-23
769.0,,001053,南方创新经济,0.34840851837922937,ret_12m,main,138.0,full,1.0,2026-09-23
770.0,,377240,摩根新兴动力混合A,0.34839534309210696,ret_12m,main,182.4,full,1.0,2026-09-23
771.0,,002863,金信深圳成长混合A,0.34793452278239134,ret_12m,main,117.0,full,1.0,2026-09-23
772.0,,011888,民生加银周期优选混合A,0.34725418461572444,ret_12m,main,63.0,full,1.0,2026-09-23
773.0,,519197,万家颐达灵活配置混合A,0.3462805039357708,ret_12m,main,123.7,full,1.0,2026-09-23
774.0,,001398,华泰柏瑞健康生活混合,0.3461513231069451,ret_12m,main,135.2,full,1.0,2026-09-23
775.0,,004044,金鹰转型动力混合,0.3461348926607708,ret_12m,main,106.2,full,1.0,2026-09-23
776.0,,005774,华夏产业升级混合A,0.34539746734615173,ret_12m,main,97.0,full,1.0,2026-09-23
777.0,,000309,大摩品质生活精选股票A,0.34497427868091224,ret_12m,main,154.8,full,1.0,2026-09-23
778.0,,165516,中信保诚周期轮动混合(LOF)A,0.34455117199067486,ret_12m,main,172.6,full,1.0,2026-09-23
779.0,,002776,招商安荣混合A,0.34414208619044473,ret_12m,main,122.3,full,1.0,2026-09-23
780.0,,210004,金鹰稳健成长混合,0.3436283642212872,ret_12m,main,197.3,full,1.0,2026-09-23
781.0,,021636,长城周期优选混合发起式A,0.34258031261252575,ret_12m,main,26.7,short,1.0,2026-09-23
782.0,,501077,富国创新企业灵活配置混合(LOF)A,0.34240230780444736,ret_12m,main,87.4,full,1.0,2026-09-23
783.0,,019189,华商品质价值混合A,0.3419257832178657,ret_12m,main,29.7,short,1.0,2026-09-23
784.0,,011800,申万菱信价值精选混合A,0.3415768427055985,ret_12m,main,64.9,full,1.0,2026-09-23
785.0,,018868,兴全品质甄选混合A,0.34133512660904763,ret_12m,main,36.6,full,1.0,2026-09-23
786.0,,002145,诺安景鑫灵活配置混合,0.3412963073199957,ret_12m,main,129.5,full,1.0,2026-09-23
787.0,,014263,鑫元长三角混合A,0.3411928380675944,ret_12m,main,53.8,full,1.0,2026-09-23
788.0,,013000,广发盛泽一年持有混合A,0.34102938927520343,ret_12m,main,53.8,full,1.0,2026-09-23
789.0,,018821,银华新材料混合发起式A,0.34082983750588736,ret_12m,main,30.6,short,1.0,2026-09-23
790.0,,013675,长城价值甄选一年持有混合C,0.34074001346296257,ret_12m,main,53.6,full,1.0,2026-09-23
791.0,,014562,易方达品质动能三年持有混合A,0.3403359498975487,ret_12m,main,50.6,full,1.0,2026-09-23
792.0,,000527,南方新优享灵活配置混合A,0.3402679647896869,ret_12m,main,150.9,full,1.0,2026-09-23
793.0,,008467,博道嘉瑞混合A,0.33954757708226735,ret_12m,main,80.8,full,1.0,2026-09-23
794.0,,010864,泓德卓远混合A,0.33833983670587964,ret_12m,main,69.0,full,1.0,2026-09-23
795.0,,001849,前海开源强势共识100强股票,0.33805995356594143,ret_12m,main,129.4,full,1.0,2026-09-23
796.0,,013323,国寿安保盛泽三年持有混合A,0.3377269046609823,ret_12m,main,56.1,full,1.0,2026-09-23
797.0,,018504,景顺长城周期优选混合A,0.3368038366432249,ret_12m,main,36.8,full,1.0,2026-09-23
798.0,,006257,信澳先进智造股票型A,0.33640844590520613,ret_12m,main,92.2,full,1.0,2026-09-23
799.0,,023117,华安高端装备股票发起式A,0.33568316585394076,ret_12m,main,15.9,short,1.0,2026-09-23
800.0,,002160,南方驱动混合,0.3356228742753644,ret_12m,main,126.0,full,1.0,2026-09-23
801.0,,100060,富国高新技术产业混合,0.3353309971200391,ret_12m,main,170.9,full,1.0,2026-09-23
802.0,,001731,广发百发大数据价值混合A,0.33508442935558946,ret_12m,main,111.2,full,1.0,2026-09-23
803.0,,373020,摩根双核平衡混合A,0.3345287973065898,ret_12m,main,220.1,full,1.0,2026-09-23
804.0,,016029,湘财成长优选一年持有混合A,0.33234433938524144,ret_12m,main,49.9,full,1.0,2026-09-23
805.0,,011122,汇添富ESG可持续成长股票A,0.3323013049096877,ret_12m,main,63.4,full,1.0,2026-09-23
806.0,,000574,宝盈新价值混合A,0.33220381137608745,ret_12m,main,149.5,full,1.0,2026-09-23
807.0,,021730,富达低碳成长混合A,0.33191625700356386,ret_12m,main,20.9,short,1.0,2026-09-23
808.0,,165313,建信优势动力混合(LOF),0.3318931071119129,ret_12m,main,162.1,full,1.0,2026-09-23
809.0,,519679,银河主题混合A,0.33127714672248665,ret_12m,main,168.0,full,1.0,2026-09-23
810.0,,630010,华商价值精选混合,0.3311034330409126,ret_12m,main,183.8,full,1.0,2026-09-23
811.0,,012410,海富通成长领航混合A,0.3310812696514769,ret_12m,main,57.5,full,1.0,2026-09-23
812.0,,005805,华泰柏瑞医疗健康A,0.3305915680178826,ret_12m,main,99.0,full,1.0,2026-09-23
813.0,,000066,诺安鸿鑫混合A,0.32995051861009883,ret_12m,main,160.7,full,1.0,2026-09-23
814.0,,000963,兴业多策略混合,0.3297614571251224,ret_12m,main,140.0,full,1.0,2026-09-23
815.0,,009861,鹏华新兴成长混合A,0.32887944918715317,ret_12m,main,74.2,full,1.0,2026-09-23
816.0,,018985,信澳双创智选混合A,0.32865130972668943,ret_12m,main,35.3,short,1.0,2026-09-23
817.0,,007497,中庚价值灵动灵活配置混合,0.3285895542504298,ret_12m,main,86.3,full,1.0,2026-09-23
818.0,,002860,前海开源沪港深新机遇混合A,0.32832978032938676,ret_12m,main,120.8,full,1.0,2026-09-23
819.0,,000751,嘉实新兴产业股票,0.3283203614678356,ret_12m,main,144.2,full,1.0,2026-09-23
820.0,,011874,博时先进制造混合A,0.32792992906985674,ret_12m,main,64.2,full,1.0,2026-09-23
821.0,,004958,圆信永丰优享生活,0.3278789428754889,ret_12m,main,108.8,full,1.0,2026-09-23
822.0,,016626,汇添富创新成长混合A,0.3276059669443301,ret_12m,main,45.3,full,1.0,2026-09-23
823.0,,530011,建信内生动力混合A,0.3270366618259499,ret_12m,main,190.2,full,1.0,2026-09-23
824.0,,001366,金鹰产业整合混合A,0.3266856832905054,ret_12m,main,135.3,full,1.0,2026-09-23
825.0,,012186,招商品质成长混合A,0.3261410354048253,ret_12m,main,60.0,full,1.0,2026-09-23
826.0,,519003,海富通收益增长混合,0.32593375469892005,ret_12m,main,270.4,full,1.0,2026-09-23
827.0,,022038,兴银数字经济智选混合发起A,0.3258172631647971,ret_12m,main,24.6,short,1.0,2026-09-23
828.0,,016568,嘉实碳中和主题混合A,0.32571395820089344,ret_12m,main,41.8,full,1.0,2026-09-23
829.0,,024830,西部利得资源鑫选混合发起A,0.3251314144448296,ret_12m,main,13.6,short,1.0,2026-09-23
830.0,,010137,华泰柏瑞量化创享混合A,0.3249219265414609,ret_12m,main,68.8,full,1.0,2026-09-23
831.0,,002495,前海开源量化优选A,0.3247428019185674,ret_12m,main,110.7,full,1.0,2026-09-23
832.0,,010936,交银均衡成长一年混合A,0.32472394274691285,ret_12m,main,67.7,full,1.0,2026-09-23
833.0,,001322,东吴新趋势价值线混合,0.3243212273211742,ret_12m,main,134.8,full,1.0,2026-09-23
834.0,,009863,富国创新趋势股票A,0.3243038318748539,ret_12m,main,73.9,full,1.0,2026-09-23
835.0,,011371,华商远见价值A,0.3238807448533647,ret_12m,main,63.2,full,1.0,2026-09-23
836.0,,700004,平安灵活配置混合A,0.3236242304874224,ret_12m,main,168.4,full,1.0,2026-09-23
837.0,,206009,鹏华新兴产业混合A,0.32339679362310814,ret_12m,main,183.3,full,1.0,2026-09-23
838.0,,400001,东方龙混合,0.32286185626861164,ret_12m,main,261.9,full,1.0,2026-09-23
839.0,,001743,诺安优选回报混合A,0.3212659366913577,ret_12m,main,120.0,full,1.0,2026-09-23
840.0,,015043,西部利得时代动力混合发起A,0.32060563848026646,ret_12m,main,51.8,full,1.0,2026-09-23
841.0,,019159,中欧产业领航混合A,0.3204504399939323,ret_12m,main,30.2,short,1.0,2026-09-23
842.0,,010878,诺德优势产业,0.3203830042122364,ret_12m,main,65.8,full,1.0,2026-09-23
843.0,,013590,南方比较优势混合A,0.3202111478039604,ret_12m,main,55.5,full,1.0,2026-09-23
844.0,,019367,长城均衡成长混合A,0.3201159904053954,ret_12m,main,33.0,short,1.0,2026-09-23
845.0,,007808,华银量化优选灵活配置,0.31973945550483895,ret_12m,main,84.2,full,1.0,2026-09-23
846.0,,005638,农银汇理量化智慧动力混合,0.3196807565473221,ret_12m,main,101.9,full,1.0,2026-09-23
847.0,,000001,华夏成长混合,0.31944255127936283,ret_12m,main,297.2,full,1.0,2026-09-23
848.0,,014287,泰康新锐成长混合A,0.3193131700158083,ret_12m,main,45.5,full,1.0,2026-09-23
849.0,,007731,民生加银持续成长混合A,0.3192568664019544,ret_12m,main,84.0,full,1.0,2026-09-23
850.0,,010003,景顺长城电子信息产业股票A,0.31838443722068743,ret_12m,main,72.4,full,1.0,2026-09-23
851.0,,011284,中信保诚龙腾精选混合,0.318353102434519,ret_12m,main,65.8,full,1.0,2026-09-23
852.0,,005634,汇安行业龙头混合A,0.3183336888507502,ret_12m,main,84.9,full,1.0,2026-09-23
853.0,,012198,国金核心资产一年持有A,0.31812175362508643,ret_12m,main,60.3,full,1.0,2026-09-23
854.0,,014341,摩根时代睿选股票A,0.31787112375890203,ret_12m,main,39.4,full,1.0,2026-09-23
855.0,,014773,华安品质领先混合A,0.31731659434129167,ret_12m,main,54.5,full,1.0,2026-09-23
856.0,,519668,银河成长混合,0.31642182454159307,ret_12m,main,219.9,full,1.0,2026-09-23
857.0,,009360,招商创新增长混合A,0.31525840530016014,ret_12m,main,75.2,full,1.0,2026-09-23
858.0,,003145,国联竞争优势,0.3135408757948803,ret_12m,main,120.5,full,1.0,2026-09-23
859.0,,000021,华夏优势增长混合,0.31348570193344427,ret_12m,main,238.0,full,1.0,2026-09-23
860.0,,007850,方正富邦天睿混合A,0.3134192450672757,ret_12m,main,84.2,full,1.0,2026-09-23
861.0,,019113,东财慧心优选A,0.31192344328223065,ret_12m,main,34.8,short,1.0,2026-09-23
862.0,,015412,西部利得数字产业混合A,0.31180225607726264,ret_12m,main,50.9,full,1.0,2026-09-23
863.0,,014825,汇泉兴至未来一年持有混合A,0.31159183212188823,ret_12m,main,53.6,full,1.0,2026-09-23
864.0,,024202,永赢制造升级智选混合发起A,0.31130236621699425,ret_12m,main,15.4,short,1.0,2026-09-23
865.0,,200001,长城久恒灵活配置混合A,0.31129523166819983,ret_12m,main,274.8,full,1.0,2026-09-23
866.0,,017154,民生加银专精特新智选混合发起式A,0.3110804713332129,ret_12m,main,45.6,full,1.0,2026-09-23
867.0,,160610,鹏华动力增长混合(LOF),0.3109375737626221,ret_12m,main,236.5,full,1.0,2026-09-23
868.0,,008261,招商研究优选股票A,0.3106837879151363,ret_12m,main,77.1,full,1.0,2026-09-23
869.0,,001532,华安文体健康混合A,0.31002434529960277,ret_12m,main,111.5,full,1.0,2026-09-23
870.0,,690001,民生加银品牌蓝筹混合A,0.30919492161597395,ret_12m,main,209.9,full,1.0,2026-09-23
871.0,,519183,万家双引擎灵活配置混合A,0.3090280002729573,ret_12m,main,218.9,full,1.0,2026-09-23
872.0,,571002,诺德灵活配置混合,0.3089102432413413,ret_12m,main,214.6,full,1.0,2026-09-23
873.0,,018910,中欧科技成长混合A,0.3087128725811019,ret_12m,main,31.7,short,1.0,2026-09-23
874.0,,013641,博道成长智航股票A,0.3074710193591532,ret_12m,main,58.9,full,1.0,2026-09-23
875.0,,410009,华富量子生命力混合A,0.3069883074626305,ret_12m,main,185.8,full,1.0,2026-09-23
876.0,,012647,中欧洞见一年持有混合,0.30607825622128315,ret_12m,main,58.9,full,1.0,2026-09-23
877.0,,009882,华润元大核心动力混合A,0.3060301781965711,ret_12m,main,73.0,full,1.0,2026-09-23
878.0,,470021,汇添富优选回报混合A,0.3051071126102849,ret_12m,main,163.9,full,1.0,2026-09-23
879.0,,010967,博道嘉丰混合A,0.3047279502639495,ret_12m,main,67.7,full,1.0,2026-09-23
880.0,,004683,建信高端医疗股票A,0.304609835886287,ret_12m,main,110.2,full,1.0,2026-09-23
881.0,,007895,嘉实价值成长混合,0.3045690284711551,ret_12m,main,84.4,full,1.0,2026-09-23
882.0,,610001,信澳领先增长混合A,0.3043077792738038,ret_12m,main,234.5,full,1.0,2026-09-23
883.0,,009847,圆信永丰研究精选混合A,0.30429149949391565,ret_12m,main,72.9,full,1.0,2026-09-23
884.0,,001707,诺安高端制造股票A,0.30342002218838493,ret_12m,main,111.5,full,1.0,2026-09-23
885.0,,019387,中欧时代共赢混合发起A1,0.30282568793021203,ret_12m,main,33.8,short,1.0,2026-09-23
886.0,,000011,华夏大盘精选混合A,0.3028201318490351,ret_12m,main,265.4,full,1.0,2026-09-23
887.0,,000936,博时产业新动力混合A,0.30273911633072337,ret_12m,main,139.9,full,1.0,2026-09-23
888.0,,010761,华商甄选回报混合A,0.30233709443821644,ret_12m,main,68.1,full,1.0,2026-09-23
889.0,,005028,鹏华研究精选灵活配置混合,0.30211348104464264,ret_12m,main,107.5,full,1.0,2026-09-23
890.0,,000800,华商未来主题混合,0.30208000941454327,ret_12m,main,143.3,full,1.0,2026-09-23
891.0,,660005,农银中小盘混合,0.30156118159010825,ret_12m,main,198.0,full,1.0,2026-09-23
892.0,,008065,汇添富中盘积极成长混合A,0.30119984380843334,ret_12m,main,78.4,full,1.0,2026-09-23
893.0,,375010,摩根中国优势混合A,0.30114422935096385,ret_12m,main,264.2,full,1.0,2026-09-23
894.0,,024377,易方达科智量化选股股票发起式A,0.30105849744713553,ret_12m,main,15.6,short,1.0,2026-09-23
895.0,,501080,中金科创主题灵活配置混合(LOF),0.30051508227456636,ret_12m,main,86.4,full,1.0,2026-09-23
896.0,,001017,宏利改革动力混合A,0.300385380951639,ret_12m,main,139.3,full,1.0,2026-09-23
897.0,,011637,广发沪港深价值成长混合A,0.2999242978002976,ret_12m,main,63.0,full,1.0,2026-09-23
898.0,,015357,摩根慧享成长混合A,0.2994149698817301,ret_12m,main,49.0,full,1.0,2026-09-23
899.0,,005729,南方人工智能混合,0.29915542038774623,ret_12m,main,95.4,full,1.0,2026-09-23
900.0,,519642,银河智造混合A,0.29801960070986255,ret_12m,main,126.4,full,1.0,2026-09-23
901.0,,016311,中欧优质企业混合A,0.2978338834495957,ret_12m,main,49.0,full,1.0,2026-09-23
902.0,,002252,融通成长30灵活配置混合A,0.2969377898126777,ret_12m,main,129.4,full,1.0,2026-09-23
903.0,,161903,万家行业优选混合(LOF),0.29638624215072373,ret_12m,main,254.3,full,1.0,2026-09-23
904.0,,010488,鹏华优选成长混合A,0.2963554885147177,ret_12m,main,69.2,full,1.0,2026-09-23
905.0,,004205,东方支柱产业灵活配置混合,0.2957062901654548,ret_12m,main,112.0,full,1.0,2026-09-23
906.0,,022292,前海开源优选领航股票A,0.29563830932895274,ret_12m,main,20.6,short,1.0,2026-09-23
907.0,,398011,中海分红增利混合,0.2955733956159887,ret_12m,main,255.2,full,1.0,2026-09-23
908.0,,001677,中银战略新兴产业股票A,0.29517023152085664,ret_12m,main,129.9,full,1.0,2026-09-23
909.0,,202002,南方稳健成长贰号混合,0.29511771231924966,ret_12m,main,242.0,full,1.0,2026-09-23
910.0,,012844,工银瑞信恒兴6个月持有混合A,0.2947893901655485,ret_12m,main,61.2,full,1.0,2026-09-23
911.0,,000408,民生加银城镇化混合A,0.29402077846040964,ret_12m,main,153.4,full,1.0,2026-09-23
912.0,,017751,长城创新成长混合A,0.2938854766408183,ret_12m,main,39.8,full,1.0,2026-09-23
913.0,,202001,南方稳健成长混合,0.29356304357774654,ret_12m,main,299.8,full,1.0,2026-09-23
914.0,,519672,银河蓝筹混合A,0.29334982531628473,ret_12m,main,194.3,full,1.0,2026-09-23
915.0,,001323,东吴移动互联混合A,0.29311770605024834,ret_12m,main,135.9,full,1.0,2026-09-23
916.0,,000654,华商新锐产业混合,0.2925552289610387,ret_12m,main,146.0,full,1.0,2026-09-23
917.0,,011884,工银景气优选混合A,0.29228001403846227,ret_12m,main,62.0,full,1.0,2026-09-23
918.0,,580001,东吴嘉禾优势精选混合A,0.29175687929053606,ret_12m,main,259.7,full,1.0,2026-09-23
919.0,,002703,长城久源灵活配置混合A,0.29122601033046114,ret_12m,main,123.1,full,1.0,2026-09-23
920.0,,006401,先锋量化优选混合A,0.29059719873326895,ret_12m,main,88.3,full,1.0,2026-09-23
921.0,,007875,国融融兴混合A,0.29021260645986113,ret_12m,main,82.6,full,1.0,2026-09-23
922.0,,001028,华安物联网主题股票A,0.2899654086644321,ret_12m,main,138.3,full,1.0,2026-09-23
923.0,,150968,银河研究精选混合A,0.2899396997060557,ret_12m,main,109.2,full,1.0,2026-09-23
924.0,,010148,浙商智选经济动能混合A,0.28967377424715335,ret_12m,main,67.6,full,1.0,2026-09-23
925.0,,007146,鹏华研究智选混合,0.2893716506241393,ret_12m,main,88.6,full,1.0,2026-09-23
926.0,,166002,中欧新蓝筹混合A,0.28935685647095166,ret_12m,main,218.0,full,1.0,2026-09-23
927.0,,519704,交银先进制造混合A,0.28909785807277477,ret_12m,main,183.1,full,1.0,2026-09-23
928.0,,630008,华商策略精选混合,0.2890948742496062,ret_12m,main,190.5,full,1.0,2026-09-23
929.0,,519110,浦银价值成长混合A,0.2889025521383777,ret_12m,main,221.2,full,1.0,2026-09-23
930.0,,006801,前海联合科技先锋混合A,0.2885288014575178,ret_12m,main,85.3,full,1.0,2026-09-23
931.0,,005343,长安裕盛灵活配置混合A,0.2881830751375971,ret_12m,main,105.8,full,1.0,2026-09-23
932.0,,070027,嘉实周期优选混合,0.2867279452280851,ret_12m,main,177.5,full,1.0,2026-09-23
933.0,,110010,易方达价值成长混合,0.2867086878976166,ret_12m,main,233.7,full,1.0,2026-09-23
934.0,,005001,交银持续成长主题混合A,0.28639034463419133,ret_12m,main,104.3,full,1.0,2026-09-23
935.0,,630005,华商动态阿尔法混合,0.2862634367759356,ret_12m,main,202.0,full,1.0,2026-09-23
936.0,,023448,上银资源精选混合发起式A,0.28599052354106,ret_12m,main,18.1,short,1.0,2026-09-23
937.0,,014651,大成专精特新混合A,0.2858739568471864,ret_12m,main,55.9,full,1.0,2026-09-23
938.0,,379010,摩根中小盘混合A,0.2857344629160994,ret_12m,main,212.0,full,1.0,2026-09-23
939.0,,007449,兴全多维价值混合A,0.285564017684927,ret_12m,main,87.4,full,1.0,2026-09-23
940.0,,006429,诺安恒鑫混合A,0.28479271654437976,ret_12m,main,88.8,full,1.0,2026-09-23
941.0,,018971,富国致弘量化选股股票A,0.2837604069087891,ret_12m,main,36.6,full,1.0,2026-09-23
942.0,,010636,财通安盈混合A,0.28372439069688005,ret_12m,main,69.9,full,1.0,2026-09-23
943.0,,012064,圆信永丰兴诺一年持有期混合,0.2834999060923744,ret_12m,main,61.4,full,1.0,2026-09-23
944.0,,013607,广发睿恒进取一年持有期混合A,0.28334796813931185,ret_12m,main,55.5,full,1.0,2026-09-23
945.0,,001421,南方量化成长股票A,0.2832022717486027,ret_12m,main,134.8,full,1.0,2026-09-23
946.0,,012985,平安优势回报1年持有混合A,0.282963922298054,ret_12m,main,61.0,full,1.0,2026-09-23
947.0,,013345,富荣信息技术混合A,0.2829096569369953,ret_12m,main,58.8,full,1.0,2026-09-23
948.0,,519670,银河行业混合A,0.2820360125559087,ret_12m,main,209.0,full,1.0,2026-09-23
949.0,,018148,百嘉百瑞混合发起式A,0.2818323169892065,ret_12m,main,36.8,full,1.0,2026-09-23
950.0,,001601,鑫元鑫新收益灵活配置混合A,0.28106229113548165,ret_12m,main,134.3,full,1.0,2026-09-23
951.0,,000689,前海开源新经济混合A,0.28054454974488396,ret_12m,main,145.1,full,1.0,2026-09-23
952.0,,001365,大成正向回报灵活配置混合A,0.2799081750089445,ret_12m,main,134.5,full,1.0,2026-09-23
953.0,,004434,博时逆向投资混合A,0.2795555787904742,ret_12m,main,113.3,full,1.0,2026-09-23
954.0,,011450,招商企业优选混合A,0.27927359990725664,ret_12m,main,65.1,full,1.0,2026-09-23
955.0,,012528,广发鑫睿一年持有期混合A,0.2786981414657388,ret_12m,main,58.4,full,1.0,2026-09-23
956.0,,005186,长安鑫兴混合A,0.27839415544941937,ret_12m,main,105.8,full,1.0,2026-09-23
957.0,,481008,工银大盘蓝筹混合,0.27777602960629677,ret_12m,main,217.6,full,1.0,2026-09-23
958.0,,009988,信澳蓝筹精选股票A,0.277696688443249,ret_12m,main,72.4,full,1.0,2026-09-23
959.0,,002939,广发创新升级混合,0.27743077697891794,ret_12m,main,121.0,full,1.0,2026-09-23
960.0,,004936,中航混改精选混合A,0.27719153457379475,ret_12m,main,105.3,full,1.0,2026-09-23
961.0,,008655,招商科技创新混合A,0.2761420637611842,ret_12m,main,79.3,full,1.0,2026-09-23
962.0,,002407,前海开源恒远灵活配置混合,0.27574823379261093,ret_12m,main,125.9,full,1.0,2026-09-23
963.0,,009394,银华同力精选混合,0.27542160600699583,ret_12m,main,75.2,full,1.0,2026-09-23
964.0,,015408,景顺长城成长趋势股票A,0.27537633332188594,ret_12m,main,38.0,full,1.0,2026-09-23
965.0,,166301,华商新趋势优选灵活配置混合,0.2747606938307512,ret_12m,main,168.5,full,1.0,2026-09-23
966.0,,003292,嘉实优势成长混合A,0.2744508389321081,ret_12m,main,117.7,full,1.0,2026-09-23
967.0,,001667,南方转型增长混合A,0.27433737929290114,ret_12m,main,121.2,full,1.0,2026-09-23
968.0,,011862,南方蓝筹成长混合A,0.2742590902573132,ret_12m,main,60.0,full,1.0,2026-09-23
969.0,,020138,永赢启鑫混合A,0.27381196385100104,ret_12m,main,27.6,short,1.0,2026-09-23
970.0,,002383,大成趋势回报灵活配置混合A,0.27366852969328925,ret_12m,main,126.1,full,1.0,2026-09-23
971.0,,003889,汇安丰泽混合A,0.2736257851052464,ret_12m,main,116.3,full,1.0,2026-09-23
972.0,,013495,信澳产业优选一年持有混合A,0.27353463832552727,ret_12m,main,54.4,full,1.0,2026-09-23
973.0,,000039,农银高增长混合,0.27331106068401634,ret_12m,main,161.9,full,1.0,2026-09-23
974.0,,180020,银华成长先锋混合A,0.2731576470010837,ret_12m,main,191.5,full,1.0,2026-09-23
975.0,,009188,鹏华股息精选混合,0.2727789700874299,ret_12m,main,76.6,full,1.0,2026-09-23
976.0,,021665,中银周期优选混合发起A,0.272672746149629,ret_12m,main,24.1,short,1.0,2026-09-23
977.0,,005953,人保转型新动力混合A,0.272517528772805,ret_12m,main,99.1,full,1.0,2026-09-23
978.0,,020698,国泰海通科创板量化选股股票发起A,0.2724620934273192,ret_12m,main,29.2,short,1.0,2026-09-23
979.0,,014144,长信先进装备三个月持有混合A,0.27226321073175797,ret_12m,main,57.8,full,1.0,2026-09-23
980.0,,000073,摩根成长动力混合A,0.27168955133182804,ret_12m,main,160.3,full,1.0,2026-09-23
981.0,,005609,富国军工主题混合A,0.2714169921451399,ret_12m,main,101.8,full,1.0,2026-09-23
982.0,,016117,贝莱德先进制造一年持有混合A,0.2711145428064359,ret_12m,main,48.8,full,1.0,2026-09-23
983.0,,011216,南方优质企业混合A,0.27106146331323866,ret_12m,main,66.5,full,1.0,2026-09-23
984.0,,001192,摩根整合驱动混合A,0.2707512471728588,ret_12m,main,137.0,full,1.0,2026-09-23
985.0,,001809,中信建投智信物联网A,0.2705823002331147,ret_12m,main,121.7,full,1.0,2026-09-23
986.0,,166001,中欧新趋势混合A,0.26977174270850335,ret_12m,main,235.8,full,1.0,2026-09-23
987.0,,010299,南方产业升级混合A,0.26958361391164476,ret_12m,main,69.5,full,1.0,2026-09-23
988.0,,004496,前海开源多元策略混合A,0.2695037442366883,ret_12m,main,110.7,full,1.0,2026-09-23
989.0,,011011,融通产业趋势精选混合A,0.26932429168253735,ret_12m,main,66.3,full,1.0,2026-09-23
990.0,,011304,工银创新成长混合A,0.26913292736414696,ret_12m,main,67.6,full,1.0,2026-09-23
991.0,,012500,博时汇荣回报混合A,0.268930064147596,ret_12m,main,61.0,full,1.0,2026-09-23
992.0,,004423,华商研究精选灵活配置A,0.26887018919229577,ret_12m,main,112.0,full,1.0,2026-09-23
993.0,,004476,景顺长城沪港深领先科技股票A,0.2687693040180472,ret_12m,main,110.6,full,1.0,2026-09-23
994.0,,008120,万家自主创新混合A,0.26869129759108024,ret_12m,main,79.4,full,1.0,2026-09-23
995.0,,004987,诺德新享灵活配置混合,0.2682223947859723,ret_12m,main,109.5,full,1.0,2026-09-23
996.0,,000549,华安大国新经济股票A,0.26770486880065936,ret_12m,main,149.3,full,1.0,2026-09-23
997.0,,002669,华商万众创新混合A,0.2675322223255341,ret_12m,main,122.8,full,1.0,2026-09-23
998.0,,009998,摩根慧见两年持有期混合,0.2673700762681095,ret_12m,main,72.2,full,1.0,2026-09-23
999.0,,014232,博时专精特新主题混合A,0.26727606309048735,ret_12m,main,57.6,full,1.0,2026-09-23
1000.0,,001275,中邮创新优势灵活配置混合,0.26707291982632686,ret_12m,main,134.0,full,1.0,2026-09-23
1001.0,,001373,易方达新丝路灵活配置混合,0.26627491357758637,ret_12m,main,135.9,full,1.0,2026-09-23
1002.0,,040008,华安策略优选混合A,0.26602568151760764,ret_12m,main,229.1,full,1.0,2026-09-23
1003.0,,002103,招商康泰灵活配置混合,0.2659654527591,ret_12m,main,127.6,full,1.0,2026-09-23
1004.0,,009054,圆信永丰沣泰A,0.26538649267391823,ret_12m,main,76.8,full,1.0,2026-09-23
1005.0,,023036,中欧资源精选混合发起A,0.26495922403332317,ret_12m,main,20.0,short,1.0,2026-09-23
1006.0,,410001,华富竞争力优选混合A,0.26484538360740717,ret_12m,main,258.7,full,1.0,2026-09-23
1007.0,,320003,诺安先锋混合A,0.26397697671681475,ret_12m,main,249.1,full,1.0,2026-09-23
1008.0,,014049,中银远见成长混合A,0.26320467635810507,ret_12m,main,52.0,full,1.0,2026-09-23
1009.0,,000328,摩根转型动力混合A,0.2627466867687378,ret_12m,main,153.9,full,1.0,2026-09-23
1010.0,,014187,华夏量化优选股票A,0.2626574844757621,ret_12m,main,57.3,full,1.0,2026-09-23
1011.0,,001304,建信鑫安回报灵活配置混合A,0.26260317025079827,ret_12m,main,136.3,full,1.0,2026-09-23
1012.0,,050014,博时创业成长混合A,0.2617193989579949,ret_12m,main,195.7,full,1.0,2026-09-23
1013.0,,009353,浙商科创一个月滚动持有混合A,0.26134379145856146,ret_12m,main,71.8,full,1.0,2026-09-23
1014.0,,630002,华商盛世成长混合,0.2612104088901168,ret_12m,main,216.0,full,1.0,2026-09-23
1015.0,,003293,易方达科瑞混合,0.26086616792042117,ret_12m,main,116.5,full,1.0,2026-09-23
1016.0,,019535,东方红新兴成长混合A,0.2608642199662645,ret_12m,main,14.8,short,1.0,2026-09-23
1017.0,,161610,融通领先成长混合(LOF)A,0.2606557259543827,ret_12m,main,231.8,full,1.0,2026-09-23
1018.0,,360012,光大中小盘混合A,0.2605758615776883,ret_12m,main,197.3,full,1.0,2026-09-23
1019.0,,161810,银华内需精选混合(LOF)A,0.2600828096322889,ret_12m,main,205.6,full,1.0,2026-09-23
1020.0,,001536,南方君选,0.25946098782457416,ret_12m,main,127.6,full,1.0,2026-09-23
1021.0,,005660,嘉实资源精选股票A,0.2590935661200853,ret_12m,main,95.0,full,1.0,2026-09-23
1022.0,,005211,银河智慧混合A,0.25889336341273195,ret_12m,main,105.7,full,1.0,2026-09-23
1023.0,,001811,中欧明睿新常态混合A,0.25873518340062174,ret_12m,main,126.7,full,1.0,2026-09-23
1024.0,,019257,恒越智选科技混合A,0.25852890089947955,ret_12m,main,34.2,short,1.0,2026-09-23
1025.0,,630011,华商主题精选混合,0.2578292011678436,ret_12m,main,171.8,full,1.0,2026-09-23
1026.0,,012223,信澳成长精选混合A,0.25764727174325963,ret_12m,main,60.4,full,1.0,2026-09-23
1027.0,,012917,平安优势领航1年持有混合A,0.2572492386372136,ret_12m,main,61.0,full,1.0,2026-09-23
1028.0,,481017,工银量化策略混合A,0.2571627095072906,ret_12m,main,172.9,full,1.0,2026-09-23
1029.0,,000199,国泰量化策略收益混合A,0.25709271070318906,ret_12m,main,157.4,full,1.0,2026-09-23
1030.0,,010088,工银优质成长混合A,0.257074433966213,ret_12m,main,69.9,full,1.0,2026-09-23
1031.0,,001938,中欧时代先锋股票A,0.2566844400285828,ret_12m,main,130.7,full,1.0,2026-09-23
1032.0,,011229,创金合信数字经济主题股票A,0.25653542420394726,ret_12m,main,68.1,full,1.0,2026-09-23
1033.0,,011196,摩根优势成长混合A,0.256510709782215,ret_12m,main,64.3,full,1.0,2026-09-23
1034.0,,002512,长城久润混合A,0.2558469620335546,ret_12m,main,124.9,full,1.0,2026-09-23
1035.0,,022490,华商恒鑫回报混合A,0.25580819074788996,ret_12m,main,18.7,short,1.0,2026-09-23
1036.0,,020231,大摩景气智选混合A,0.255450384541519,ret_12m,main,16.3,short,1.0,2026-09-23
1037.0,,003713,英大睿盛A,0.2554103154487892,ret_12m,main,117.7,full,1.0,2026-09-23
1038.0,,010455,博时产业精选混合A,0.25531173733613866,ret_12m,main,70.5,full,1.0,2026-09-23
1039.0,,000006,西部利得量化成长混合A,0.25508011740939485,ret_12m,main,90.2,full,1.0,2026-09-23
1040.0,,001208,诺安低碳经济股票A,0.254984878583836,ret_12m,main,136.4,full,1.0,2026-09-23
1041.0,,016592,长城远见成长混合A,0.2548798053083847,ret_12m,main,47.8,full,1.0,2026-09-23
1042.0,,005437,易方达易百智能量化策略A,0.2539366171099904,ret_12m,main,104.0,full,1.0,2026-09-23
1043.0,,260115,景顺长城中小盘混合A,0.25382786350496134,ret_12m,main,186.1,full,1.0,2026-09-23
1044.0,,010662,富国均衡优选混合,0.2537411829467162,ret_12m,main,68.5,full,1.0,2026-09-23
1045.0,,021965,泓德智选启鑫混合A,0.2536649632840129,ret_12m,main,19.5,short,1.0,2026-09-23
1046.0,,501098,建信优享科技创新混合(LOF),0.2535433064718067,ret_12m,main,77.9,full,1.0,2026-09-23
1047.0,,003842,中邮景泰灵活配置混合A,0.25286605900384607,ret_12m,main,116.8,full,1.0,2026-09-23
1048.0,,008314,摩根慧选成长股票A,0.25273167120442674,ret_12m,main,80.0,full,1.0,2026-09-23
1049.0,,151001,银河稳健混合A,0.2522240488503831,ret_12m,main,277.7,full,1.0,2026-09-23
1050.0,,017667,鹏华新材料混合发起式A,0.25215678349370196,ret_12m,main,41.9,full,1.0,2026-09-23
1051.0,,003561,诺德成长精选A,0.25211435343171873,ret_12m,main,114.9,full,1.0,2026-09-23
1052.0,,260112,景顺长城能源基建混合A,0.2518403908342681,ret_12m,main,203.1,full,1.0,2026-09-23
1053.0,,015987,万家远见先锋一年持有期混合A,0.25178787150365545,ret_12m,main,38.4,full,1.0,2026-09-23
1054.0,,009601,招商科技动力3个月滚动持有股票A,0.251579612904693,ret_12m,main,72.3,full,1.0,2026-09-23
1055.0,,519908,华夏兴华混合A,0.2514109544627672,ret_12m,main,160.3,full,1.0,2026-09-23
1056.0,,013269,交银瑞和三年持有期混合,0.2513314661582384,ret_12m,main,54.7,full,1.0,2026-09-23
1057.0,,001402,中信保诚新选混合A,0.2511794864729586,ret_12m,main,135.6,full,1.0,2026-09-23
1058.0,,004332,恒生沪港深新兴产业精选混合,0.25110019401701544,ret_12m,main,113.7,full,1.0,2026-09-23
1059.0,,570005,诺德成长优势混合,0.2509540670559789,ret_12m,main,204.0,full,1.0,2026-09-23
1060.0,,169105,东方红睿华沪港深混合(LOF)A,0.2508434387092602,ret_12m,main,121.6,full,1.0,2026-09-23
1061.0,,001069,华泰柏瑞消费成长混合,0.250773013826324,ret_12m,main,136.1,full,1.0,2026-09-23
1062.0,,002030,中信保诚新选混合B,0.25016864028612895,ret_12m,main,130.2,full,1.0,2026-09-23
1063.0,,012820,汇添富价值领先混合,0.25004103656006404,ret_12m,main,61.2,full,1.0,2026-09-23
1064.0,,010166,招商兴和优选1年持有期混合,0.24956802463077166,ret_12m,main,67.7,full,1.0,2026-09-23
1065.0,,161038,富国新兴成长量化精选混合(LOF)A,0.24940563425933027,ret_12m,main,110.1,full,1.0,2026-09-23
1066.0,,011786,工银聚安混合A,0.24881589404826387,ret_12m,main,61.4,full,1.0,2026-09-23
1067.0,,000136,民生加银策略精选混合A,0.2482954661865311,ret_12m,main,159.5,full,1.0,2026-09-23
1068.0,,000462,农银主题轮动混合A,0.24816655691965117,ret_12m,main,137.5,full,1.0,2026-09-23
1069.0,,002305,光大风格轮动混合A,0.24806868675243776,ret_12m,main,127.6,full,1.0,2026-09-23
1070.0,,018706,兴银先进制造智选混合发起A,0.24801047430536483,ret_12m,main,28.3,short,1.0,2026-09-23
1071.0,,470028,汇添富社会责任混合A,0.24798421406401316,ret_12m,main,185.9,full,1.0,2026-09-23
1072.0,,011001,中邮兴荣价值一年持有混合,0.24777271390537714,ret_12m,main,55.8,full,1.0,2026-09-23
1073.0,,014062,景顺长城专精特新量化优选股票A,0.2472305432587696,ret_12m,main,57.9,full,1.0,2026-09-23
1074.0,,012905,金鹰睿选成长六个月持有混合A,0.24719417445105796,ret_12m,main,39.5,full,1.0,2026-09-23
1075.0,,010186,嘉实核心成长混合A,0.2471919646314782,ret_12m,main,70.8,full,1.0,2026-09-23
1076.0,,202213,南方核心竞争混合,0.24690703966191618,ret_12m,main,165.1,full,1.0,2026-09-23
1077.0,,021642,富国资源精选混合发起式A,0.246841056433589,ret_12m,main,26.0,short,1.0,2026-09-23
1078.0,,000711,嘉实医疗保健股票,0.24662910407551197,ret_12m,main,145.3,full,1.0,2026-09-23
1079.0,,024437,华安竞争优势混合A,0.24655896287739898,ret_12m,main,15.1,short,0.9763,2026-09-23
1080.0,,952099,国泰海通君得鑫两年持有混合C,0.2463870704112241,ret_12m,main,79.3,full,1.0,2026-09-23
1081.0,,019747,华西优选价值混合发起A,0.24620452280964944,ret_12m,main,34.5,short,1.0,2026-09-23
1082.0,,700003,平安策略先锋混合,0.24567416326552993,ret_12m,main,171.8,full,1.0,2026-09-23
1083.0,,010286,海富通成长价值混合A,0.24518727764092163,ret_12m,main,69.2,full,1.0,2026-09-23
1084.0,,010808,达诚策略先锋混合A,0.24504478663908724,ret_12m,main,68.9,full,1.0,2026-09-23
1085.0,,110009,易方达价值精选混合,0.24489391732533305,ret_12m,main,243.4,full,1.0,2026-09-23
1086.0,,519909,华安安顺灵活配置混合A,0.24489260558569081,ret_12m,main,147.5,full,1.0,2026-09-23
1087.0,,010049,长城成长先锋混合A,0.2445639429109625,ret_12m,main,72.4,full,1.0,2026-09-23
1088.0,,320001,诺安平衡混合A,0.2445150232588318,ret_12m,main,268.1,full,1.0,2026-09-23
1089.0,,217001,招商安泰偏股混合,0.24446648700798113,ret_12m,main,280.9,full,1.0,2026-09-23
1090.0,,023524,广发制造智选股票发起式A,0.24422365064288254,ret_12m,main,18.4,short,1.0,2026-09-23
1091.0,,070021,嘉实主题新动力混合,0.24408159148969877,ret_12m,main,189.5,full,1.0,2026-09-23
1092.0,,014668,银华专精特新量化优选股票发起A,0.2440462133714112,ret_12m,main,50.1,full,1.0,2026-09-23
1093.0,,005910,广发龙头优选混合A,0.243936051534819,ret_12m,main,97.5,full,1.0,2026-09-23
1094.0,,000925,汇添富外延增长股票A,0.24379989106342892,ret_12m,main,141.5,full,1.0,2026-09-23
1095.0,,014179,中银证券远见价值混合A,0.24286161580011068,ret_12m,main,57.0,full,1.0,2026-09-23
1096.0,,013687,平安成长龙头1年持有混合A,0.24275978596145764,ret_12m,main,57.8,full,1.0,2026-09-23
1097.0,,014207,华安产业精选混合A,0.24267868985905228,ret_12m,main,56.8,full,1.0,2026-09-23
1098.0,,015030,博时远见回报混合A,0.2424461560707638,ret_12m,main,54.8,full,1.0,2026-09-23
1099.0,,004390,平安转型创新混合A,0.24233874383421128,ret_12m,main,113.3,full,1.0,2026-09-23
1100.0,,005290,诺德新盛灵活配置混合A,0.2422339990269804,ret_12m,main,105.1,full,1.0,2026-09-23
1101.0,,010412,汇安均衡优选混合A,0.242050690476471,ret_12m,main,67.4,full,1.0,2026-09-23
1102.0,,022327,宏利高端装备股票A,0.24203346408782012,ret_12m,main,20.2,short,1.0,2026-09-23
1103.0,,009750,汇安价值蓝筹混合A,0.24200146889609275,ret_12m,main,73.8,full,1.0,2026-09-23
1104.0,,007012,湘财长顺混合发起式A,0.24192210111369716,ret_12m,main,89.9,full,1.0,2026-09-23
1105.0,,012454,淳厚鑫悦混合A,0.24190084284681657,ret_12m,main,59.0,full,1.0,2026-09-23
1106.0,,019612,财通先进制造智选混合发起A,0.24076338401361386,ret_12m,main,27.8,short,1.0,2026-09-23
1107.0,,012519,大成核心趋势混合A,0.24028381497120277,ret_12m,main,62.8,full,1.0,2026-09-23
1108.0,,006230,鹏华研究驱动混合,0.23995383913978108,ret_12m,main,96.3,full,1.0,2026-09-23
1109.0,,003886,汇安丰利混合A,0.23981286237379607,ret_12m,main,117.1,full,1.0,2026-09-23
1110.0,,010665,博时高端装备混合A,0.23955598868473116,ret_12m,main,69.5,full,1.0,2026-09-23
1111.0,,001181,南方改革机遇,0.2392934708193699,ret_12m,main,136.2,full,1.0,2026-09-23
1112.0,,011975,广发均衡回报混合A,0.2391598414091316,ret_12m,main,63.0,full,1.0,2026-09-23
1113.0,,010587,鹏扬先进制造混合A,0.23907005737294207,ret_12m,main,67.6,full,1.0,2026-09-23
1114.0,,005571,中银证券新能源混合A,0.2390279195653091,ret_12m,main,97.7,full,1.0,2026-09-23
1115.0,,009537,太平行业优选股票A,0.2384579369534321,ret_12m,main,72.7,full,1.0,2026-09-23
1116.0,,018827,鑫元科技创新混合A,0.2380049996974607,ret_12m,main,36.6,full,1.0,2026-09-23
1117.0,,005128,华夏永康添福混合A,0.23789498764456685,ret_12m,main,103.7,full,1.0,2026-09-23
1118.0,,014950,汇安润阳三年持有期混合A,0.2371576353800271,ret_12m,main,53.7,full,1.0,2026-09-23
1119.0,,012239,惠升优势企业一年持有期混合,0.23631606337763045,ret_12m,main,62.6,full,1.0,2026-09-23
1120.0,,000652,博时裕隆灵活配置混合A,0.23617057339788894,ret_12m,main,146.7,full,1.0,2026-09-23
1121.0,,013693,博道盛兴一年持有期混合,0.23614333622793193,ret_12m,main,54.5,full,1.0,2026-09-23
1122.0,,009556,兴全合丰三年持有混合,0.23580036563600903,ret_12m,main,72.8,full,1.0,2026-09-23
1123.0,,530005,建信优化配置混合A,0.235612482058847,ret_12m,main,234.8,full,1.0,2026-09-23
1124.0,,005743,长安裕隆混合A,0.23532665159111676,ret_12m,main,96.7,full,1.0,2026-09-23
1125.0,,006314,国联策略优选混合A,0.2352955279697524,ret_12m,main,88.5,full,1.0,2026-09-23
1126.0,,017483,财通资管数字经济混合发起式A,0.23523109245860385,ret_12m,main,44.9,full,1.0,2026-09-23
1127.0,,001758,嘉实研究增强混合,0.23463326210206703,ret_12m,main,117.7,full,1.0,2026-09-23
1128.0,,009327,东兴兴晟混合A,0.23461055183261714,ret_12m,main,73.6,full,1.0,2026-09-23
1129.0,,233011,大摩主题优选混合,0.23457648235170359,ret_12m,main,174.4,full,1.0,2026-09-23
1130.0,,005674,诺德消费升级混合,0.23457500988946256,ret_12m,main,100.2,full,1.0,2026-09-23
1131.0,,006736,国投瑞银先进制造混合,0.23429953587863528,ret_12m,main,91.9,full,1.0,2026-09-23
1132.0,,014792,华泰柏瑞匠心臻选混合A,0.23410997567094904,ret_12m,main,50.9,full,1.0,2026-09-23
1133.0,,012036,诺德兴远优选一年持有混合,0.23397721511473346,ret_12m,main,63.7,full,1.0,2026-09-23
1134.0,,200010,长城双动力混合A,0.23394910770783328,ret_12m,main,212.2,full,1.0,2026-09-23
1135.0,,001255,长城改革红利混合A,0.2336199185338219,ret_12m,main,135.5,full,1.0,2026-09-23
1136.0,,014389,华安产业动力6个月持有混合A,0.23354252877231696,ret_12m,main,57.0,full,1.0,2026-09-23
1137.0,,530016,建信恒稳价值混合,0.23337445014226277,ret_12m,main,178.0,full,1.0,2026-09-23
1138.0,,001970,泰信鑫选灵活配置混合A,0.2330514583818526,ret_12m,main,127.6,full,1.0,2026-09-23
1139.0,,011401,汇添富成长精选混合A,0.23303599819555965,ret_12m,main,67.4,full,1.0,2026-09-23
1140.0,,004674,富国新机遇灵活配置混合A,0.23283984072275676,ret_12m,main,106.3,full,1.0,2026-09-23
1141.0,,012124,博道盛彦混合A,0.2324339686522876,ret_12m,main,63.7,full,1.0,2026-09-23
1142.0,,015973,工银恒嘉一年持有混合A,0.23228567522253085,ret_12m,main,44.2,full,1.0,2026-09-23
1143.0,,519018,汇添富均衡增长混合,0.23188836264817958,ret_12m,main,241.5,full,1.0,2026-09-23
1144.0,,021981,安联中国精选混合A,0.2315066671537125,ret_12m,main,24.6,short,1.0,2026-09-23
1145.0,,673081,西部利得祥运混合A,0.2313998470328067,ret_12m,main,117.6,full,1.0,2026-09-23
1146.0,,015056,百嘉百盛混合,0.23108598080798104,ret_12m,main,51.3,full,1.0,2026-09-23
1147.0,,020560,万家高端装备量化选股混合发起式A,0.2305996848376881,ret_12m,main,32.1,short,1.0,2026-09-23
1148.0,,015505,中邮专精特新一年持有混合A,0.23044651021524398,ret_12m,main,48.3,full,1.0,2026-09-23
1149.0,,011446,长江新能源产业混合发起A,0.23032964758240593,ret_12m,main,65.3,full,1.0,2026-09-23
1150.0,,000739,平安新鑫先锋A,0.23001061134973577,ret_12m,main,139.8,full,1.0,2026-09-23
1151.0,,007066,浦银先进制造混合A,0.22969530265357552,ret_12m,main,80.3,full,1.0,2026-09-23
1152.0,,016560,永赢启源混合发起A,0.22923032748183902,ret_12m,main,36.9,full,1.0,2026-09-23
1153.0,,012426,南方价值臻选混合A,0.2291323569217223,ret_12m,main,63.1,full,1.0,2026-09-23
1154.0,,090003,大成蓝筹稳健混合A,0.2288386519990453,ret_12m,main,267.7,full,1.0,2026-09-23
1155.0,,013680,华安品质甄选混合A,0.22867962270026743,ret_12m,main,50.1,full,1.0,2026-09-23
1156.0,,001704,国投瑞银进宝灵活配置混合,0.22838813404589797,ret_12m,main,132.9,full,1.0,2026-09-23
1157.0,,010377,广发价值核心混合A,0.22824563133550502,ret_12m,main,68.0,full,1.0,2026-09-23
1158.0,,217013,招商中小盘混合,0.22800844630412742,ret_12m,main,200.9,full,1.0,2026-09-23
1159.0,,501095,中银证券科技创新混合(LOF),0.22784561512068713,ret_12m,main,78.4,full,1.0,2026-09-23
1160.0,,673060,西部利得景瑞灵活配置混合A,0.22778201874988357,ret_12m,main,120.9,full,1.0,2026-09-23
1161.0,,519013,海富通风格优势混合,0.22758566035763406,ret_12m,main,239.1,full,1.0,2026-09-23
1162.0,,006371,长安鑫盈混合A,0.227542388589282,ret_12m,main,86.2,full,1.0,2026-09-23
1163.0,,002537,平安安盈灵活配置混合A,0.22717030720728126,ret_12m,main,125.0,full,1.0,2026-09-23
1164.0,,000259,农银区间收益混合,0.22710093843851498,ret_12m,main,157.1,full,1.0,2026-09-23
1165.0,,006648,汇安多因子混合A,0.22707752054762342,ret_12m,main,88.8,full,1.0,2026-09-23
1166.0,,017842,农银汇理景气优选混合A,0.22637970709160937,ret_12m,main,43.0,full,1.0,2026-09-23
1167.0,,015970,华泰柏瑞景气驱动混合A,0.22623156033772007,ret_12m,main,47.8,full,1.0,2026-09-23
1168.0,,013534,鹏华沃鑫混合A,0.22614728600195533,ret_12m,main,57.1,full,1.0,2026-09-23
1169.0,,018424,路博迈中国机遇混合A,0.226079613008346,ret_12m,main,39.3,full,1.0,2026-09-23
1170.0,,011813,融通创新动力混合A,0.22594424175156425,ret_12m,main,61.0,full,1.0,2026-09-23
1171.0,,004707,景顺长城睿成混合A,0.22551705741132433,ret_12m,main,106.4,full,1.0,2026-09-23
1172.0,,009486,光大瑞和混合A,0.22539655435539796,ret_12m,main,74.8,full,1.0,2026-09-23
1173.0,,013916,国联成长先锋一年持有混合A,0.22457514671921475,ret_12m,main,53.2,full,1.0,2026-09-23
1174.0,,290011,泰信中小盘精选混合,0.22450637207380386,ret_12m,main,178.9,full,1.0,2026-09-23
1175.0,,001215,博时沪港深优质企业基金A,0.22435494285078272,ret_12m,main,136.3,full,1.0,2026-09-23
1176.0,,012428,华夏核心制造混合A,0.2243288663570988,ret_12m,main,63.0,full,1.0,2026-09-23
1177.0,,012148,国投瑞银产业趋势混合A,0.22417937116852849,ret_12m,main,63.5,full,1.0,2026-09-23
1178.0,,005742,南方成安优选混合,0.2239189797206762,ret_12m,main,101.2,full,1.0,2026-09-23
1179.0,,003115,光大诚鑫混合A,0.22363745041555383,ret_12m,main,117.3,full,1.0,2026-09-23
1180.0,,001453,鹏华弘鑫混合A,0.22354968783052853,ret_12m,main,135.2,full,1.0,2026-09-23
1181.0,,162006,长城久富混合(LOF)A,0.22326317649314475,ret_12m,main,234.5,full,1.0,2026-09-23
1182.0,,160607,鹏华价值优势混合(LOF),0.22309928599672446,ret_12m,main,242.2,full,1.0,2026-09-23
1183.0,,013513,长安先进制造混合A,0.22308359293229274,ret_12m,main,58.8,full,1.0,2026-09-23
1184.0,,260117,景顺长城支柱产业混合A,0.2230367384663836,ret_12m,main,166.1,full,1.0,2026-09-23
1185.0,,016895,中银卓越成长混合A,0.22250795844202176,ret_12m,main,40.6,full,1.0,2026-09-23
1186.0,,003624,创金合信资源股票发起式A,0.22162005001195428,ret_12m,main,118.7,full,1.0,2026-09-23
1187.0,,005402,广发资源优选股票A,0.22137454087393293,ret_12m,main,105.3,full,1.0,2026-09-23
1188.0,,005075,富国研究量化精选混合A,0.22122628073667805,ret_12m,main,106.0,full,1.0,2026-09-23
1189.0,,011331,鹏华远见成长混合A,0.22115001459068795,ret_12m,main,63.7,full,1.0,2026-09-23
1190.0,,001158,工银新材料新能源股票,0.22079093518624382,ret_12m,main,136.9,full,1.0,2026-09-23
1191.0,,019902,国寿安保先进制造股票发起式A,0.2207587994461251,ret_12m,main,34.5,short,1.0,2026-09-23
1192.0,,370024,摩根核心优选混合A,0.2206059844408299,ret_12m,main,165.8,full,1.0,2026-09-23
1193.0,,519697,交银优势行业混合,0.22016006212638772,ret_12m,main,212.0,full,1.0,2026-09-23
1194.0,,460009,华泰柏瑞量化先行混合A,0.22003562849597702,ret_12m,main,195.1,full,1.0,2026-09-23
1195.0,,004890,中邮健康文娱灵活配置混合A,0.22000419172017982,ret_12m,main,105.3,full,1.0,2026-09-23
1196.0,,550015,中信保诚至远动力混合A,0.21929634026820177,ret_12m,main,165.4,full,1.0,2026-09-23
1197.0,,240009,华宝先进成长混合,0.21880944166024907,ret_12m,main,238.5,full,1.0,2026-09-23
1198.0,,018401,嘉实成长驱动混合A,0.21874749668832894,ret_12m,main,36.0,full,1.0,2026-09-23
1199.0,,002142,博时外延增长混合A,0.21871424354799918,ret_12m,main,127.6,full,1.0,2026-09-23
1200.0,,163406,兴全合润混合A,0.21851340202431246,ret_12m,main,197.1,full,1.0,2026-09-23
1201.0,,017801,汇添富战略精选中小盘市值3年持有混合发起A,0.21847576293313864,ret_12m,main,42.1,full,1.0,2026-09-23
1202.0,,000978,景顺长城量化精选股票A,0.218304589379535,ret_12m,main,139.6,full,1.0,2026-09-23
1203.0,,007074,国寿安保新蓝筹混合,0.21796638833022497,ret_12m,main,87.9,full,1.0,2026-09-23
1204.0,,012779,博时移动互联主题混合A,0.21781574412879712,ret_12m,main,59.8,full,1.0,2026-09-23
1205.0,,378010,摩根成长先锋混合A,0.21780269071328395,ret_12m,main,240.1,full,1.0,2026-09-23
1206.0,,018999,万家趋势领先混合A,0.21761896323755248,ret_12m,main,31.7,short,1.0,2026-09-23
1207.0,,000595,嘉实泰和混合,0.21728045459558776,ret_12m,main,148.8,full,1.0,2026-09-23
1208.0,,023129,富国致盛量化选股股票A,0.2171944468795295,ret_12m,main,17.3,short,1.0,2026-09-23
1209.0,,040016,华安行业轮动混合,0.2167880161749023,ret_12m,main,196.4,full,1.0,2026-09-23
1210.0,,008903,广发科技先锋混合,0.2167650345085017,ret_12m,main,80.0,full,1.0,2026-09-23
1211.0,,160603,鹏华普天收益混合,0.21670586345105702,ret_12m,main,278.4,full,1.0,2026-09-23
1212.0,,004959,圆信永丰优悦生活混合,0.21667570029392547,ret_12m,main,103.8,full,1.0,2026-09-23
1213.0,,001302,前海开源金银珠宝混合A,0.21651171438899808,ret_12m,main,134.5,full,1.0,2026-09-23
1214.0,,007527,融通量化多策略混合A,0.2160492229654951,ret_12m,main,85.1,full,1.0,2026-09-23
1215.0,,022276,汇添富弘悦回报混合发起式A,0.21558377574590337,ret_12m,main,22.8,short,1.0,2026-09-23
1216.0,,004394,华泰柏瑞量化创优混合,0.21548316466318962,ret_12m,main,112.4,full,1.0,2026-09-23
1217.0,,013899,摩根全景优势股票A,0.21529398479394235,ret_12m,main,56.4,full,1.0,2026-09-23
1218.0,,519712,交银阿尔法核心混合A,0.215269314748888,ret_12m,main,169.7,full,1.0,2026-09-23
1219.0,,168601,汇安裕阳三年持有期混合,0.21517083611827426,ret_12m,main,95.9,full,1.0,2026-09-23
1220.0,,560006,益民核心增长混合,0.21516286528730033,ret_12m,main,169.2,full,1.0,2026-09-23
1221.0,,070022,嘉实领先成长混合,0.21488228072714888,ret_12m,main,183.8,full,1.0,2026-09-23
1222.0,,005281,中科沃土转型升级混合A,0.21483106562008025,ret_12m,main,103.9,full,1.0,2026-09-23
1223.0,,007831,博道伍佰智航股票A,0.21394452615680692,ret_12m,main,83.9,full,1.0,2026-09-23
1224.0,,001725,汇添富高端制造股票A,0.21371197002412656,ret_12m,main,114.1,full,1.0,2026-09-23
1225.0,,015006,中欧量化动力混合A,0.21332082567379662,ret_12m,main,54.7,full,1.0,2026-09-23
1226.0,,009812,易方达悦兴一年持有期混合A,0.21312010339348442,ret_12m,main,69.8,full,1.0,2026-09-23
1227.0,,012033,广发睿盛混合A,0.21287939390837085,ret_12m,main,59.9,full,1.0,2026-09-23
1228.0,,519015,海富通精选贰号混合,0.21273095433148637,ret_12m,main,233.5,full,1.0,2026-09-23
1229.0,,519224,海富通欣荣混合A,0.21264275934776955,ret_12m,main,120.0,full,1.0,2026-09-23
1230.0,,001985,富国低碳新经济混合A,0.2124455100699656,ret_12m,main,129.2,full,1.0,2026-09-23
1231.0,,024153,华安消费机遇股票发起式A,0.21196740583694962,ret_12m,main,14.2,short,1.0,2026-09-23
1232.0,,001220,民生加银研究精选混合,0.21165036931483838,ret_12m,main,135.9,full,1.0,2026-09-23
1233.0,,004944,鑫元鑫趋势灵活配置混合A,0.21156609821618066,ret_12m,main,109.0,full,1.0,2026-09-23
1234.0,,014756,鹏华成长领航两年持有期混合A,0.21124364487188885,ret_12m,main,56.0,full,1.0,2026-09-23
1235.0,,016464,兴全合瑞混合A,0.2111915570184293,ret_12m,main,48.5,full,1.0,2026-09-23
1236.0,,005161,华商上游产业股票A,0.21097278555461996,ret_12m,main,104.9,full,1.0,2026-09-23
1237.0,,001244,华泰柏瑞量化智慧混合A,0.21094364749185757,ret_12m,main,135.7,full,1.0,2026-09-23
1238.0,,005635,博时量化多策略股票A,0.21094299347918533,ret_12m,main,101.7,full,1.0,2026-09-23
1239.0,,014734,广发睿合混合A,0.210910731693444,ret_12m,main,54.0,full,1.0,2026-09-23
1240.0,,360001,光大量化股票A,0.21067610556707939,ret_12m,main,264.9,full,1.0,2026-09-23
1241.0,,202019,南方策略优化混合,0.20998843306283543,ret_12m,main,197.8,full,1.0,2026-09-23
1242.0,,090018,大成新锐产业混合A,0.2099752987182386,ret_12m,main,174.1,full,1.0,2026-09-23
1243.0,,167001,平安鼎泰混合(LOF),0.20952974543622283,ret_12m,main,122.1,full,1.0,2026-09-23
1244.0,,003053,嘉实文体娱乐股票A,0.20942991674869682,ret_12m,main,120.5,full,1.0,2026-09-23
1245.0,,002952,建信多因子量化股票,0.20930142640812321,ret_12m,main,121.5,full,1.0,2026-09-23
1246.0,,519951,长信利泰灵活配置混合A,0.20927841694967952,ret_12m,main,126.0,full,1.0,2026-09-23
1247.0,,260111,景顺长城公司治理混合,0.20900844409207342,ret_12m,main,215.0,full,1.0,2026-09-23
1248.0,,001140,工银总回报灵活配置混合A,0.20871279664819564,ret_12m,main,137.2,full,1.0,2026-09-23
1249.0,,021623,天弘新兴产业混合发起A,0.20861739250682843,ret_12m,main,26.7,short,1.0,2026-09-23
1250.0,,002031,华夏策略混合,0.20860861372901618,ret_12m,main,215.0,full,1.0,2026-09-23
1251.0,,024448,广发价值稳进混合A,0.20860722561659917,ret_12m,main,15.1,short,0.9802,2026-09-23
1252.0,,001245,工银生态环境股票A,0.20832897026548935,ret_12m,main,135.7,full,1.0,2026-09-23
1253.0,,008949,平安匠心优选混合A,0.2078612860959117,ret_12m,main,79.0,full,1.0,2026-09-23
1254.0,,012904,摩根鑫睿优选一年持有混合,0.2071160888580481,ret_12m,main,54.8,full,1.0,2026-09-23
1255.0,,005650,万家量化同顺多策略混合A,0.20706093319055086,ret_12m,main,100.7,full,1.0,2026-09-23
1256.0,,000594,大摩进取优选股票,0.2069255153384295,ret_12m,main,147.8,full,1.0,2026-09-23
1257.0,,009341,易方达均衡成长股票,0.20689815069344952,ret_12m,main,76.1,full,1.0,2026-09-23
1258.0,,006369,弘毅远方国企转型升级混合A,0.20678195944447286,ret_12m,main,94.8,full,1.0,2026-09-23
1259.0,,021884,太平量化选股混合A,0.20650546340369802,ret_12m,main,22.8,short,1.0,2026-09-23
1260.0,,005126,银河量化稳进混合,0.20628691236303442,ret_12m,main,105.7,full,1.0,2026-09-23
1261.0,,003147,大成动态量化配置策略混合A,0.2057845365533404,ret_12m,main,120.1,full,1.0,2026-09-23
1262.0,,002148,国寿安保稳惠混合,0.20565001940369299,ret_12m,main,129.9,full,1.0,2026-09-23
1263.0,,021369,华夏智胜优选混合发起式A,0.2055724840098625,ret_12m,main,25.6,short,1.0,2026-09-23
1264.0,,519011,海富通精选混合,0.20547618824714675,ret_12m,main,277.1,full,1.0,2026-09-23
1265.0,,019985,蜂巢趋势臻选混合A,0.20542219817364415,ret_12m,main,29.0,short,1.0,2026-09-23
1266.0,,013021,建信兴润一年持有混合,0.20541965171441534,ret_12m,main,61.0,full,1.0,2026-09-23
1267.0,,019354,易方达平衡视野混合A1,0.205413649215608,ret_12m,main,33.6,short,1.0,2026-09-23
1268.0,,590008,中邮战略新兴产业混合A,0.20490042541083575,ret_12m,main,171.4,full,1.0,2026-09-23
1269.0,,001535,景顺长城改革机遇灵活配置A,0.20487585534615316,ret_12m,main,132.7,full,1.0,2026-09-23
1270.0,,019561,富国致航量化选股股票A,0.2048160576075282,ret_12m,main,33.6,short,1.0,2026-09-23
1271.0,,290014,泰信现代服务业混合,0.20426964734342024,ret_12m,main,163.5,full,1.0,2026-09-23
1272.0,,180001,银华优势企业混合,0.20425676419206318,ret_12m,main,286.3,full,1.0,2026-09-23
1273.0,,014526,汇添富中盘潜力增长一年持有混合A,0.2041803810238756,ret_12m,main,55.9,full,1.0,2026-09-23
1274.0,,206012,鹏华价值精选股票,0.2041295124728788,ret_12m,main,173.2,full,1.0,2026-09-23
1275.0,,011344,景顺长城融景一年持有混合A,0.20365377367404602,ret_12m,main,61.9,full,1.0,2026-09-23
1276.0,,012314,南方行业领先混合,0.20361656309605647,ret_12m,main,61.7,full,1.0,2026-09-23
1277.0,,014545,浦银兴耀优选一年持有混合A,0.2032635635404476,ret_12m,main,51.5,full,1.0,2026-09-23
1278.0,,001490,汇添富国企创新股票A,0.2032326487403442,ret_12m,main,134.5,full,1.0,2026-09-23
1279.0,,020748,国联智选先锋股票A,0.20321012491548163,ret_12m,main,27.6,short,1.0,2026-09-23
1280.0,,020037,鹏华品质甄选混合A,0.20312419993847253,ret_12m,main,27.9,short,1.0,2026-09-23
1281.0,,005450,华夏稳盛灵活配置混合,0.2030854281877561,ret_12m,main,104.2,full,1.0,2026-09-23
1282.0,,019720,信澳宁隽智选混合A,0.20282461690177533,ret_12m,main,33.1,short,1.0,2026-09-23
1283.0,,100020,富国天益价值混合A,0.20280212059750968,ret_12m,main,267.3,full,1.0,2026-09-23
1284.0,,005738,长城智能产业混合A,0.20259864060444088,ret_12m,main,99.5,full,1.0,2026-09-23
1285.0,,163822,中银主题策略混合A,0.20245769477938858,ret_12m,main,170.0,full,1.0,2026-09-23
1286.0,,011330,鹏华精选群英一年持有混合MOM,0.2024014120436477,ret_12m,main,60.0,full,1.0,2026-09-23
1287.0,,005443,国金量化多策略A,0.20217706882808573,ret_12m,main,103.7,full,1.0,2026-09-23
1288.0,,017850,交银启信混合发起A,0.20187542376907408,ret_12m,main,42.8,full,1.0,2026-09-23
1289.0,,002258,大成国企改革灵活配置混合A,0.20112524698299827,ret_12m,main,108.1,full,1.0,2026-09-23
1290.0,,001605,国富沪港深成长精选股票A,0.20063532143569107,ret_12m,main,128.1,full,1.0,2026-09-23
1291.0,,012147,富国大盘核心资产混合,0.2005452564939869,ret_12m,main,58.7,full,1.0,2026-09-23
1292.0,,020276,银河新材料股票发起式A,0.20036023122906443,ret_12m,main,32.9,short,1.0,2026-09-23
1293.0,,290008,泰信发展主题混合,0.20015582625693584,ret_12m,main,189.3,full,1.0,2026-09-23
1294.0,,002801,泓德泓信混合,0.20014389591337656,ret_12m,main,123.7,full,1.0,2026-09-23
1295.0,,009805,国泰医药健康股票A,0.1996884213248118,ret_12m,main,72.9,full,1.0,2026-09-23
1296.0,,010779,西部利得量化优选一年持有A,0.19955306208661683,ret_12m,main,68.1,full,1.0,2026-09-23
1297.0,,519700,交银主题优选混合A,0.19951936645448898,ret_12m,main,194.8,full,1.0,2026-09-23
1298.0,,020424,方正富邦致盛混合A,0.19898671709522953,ret_12m,main,31.6,short,1.0,2026-09-23
1299.0,,018823,国金智享量化选股混合A,0.19887674191469462,ret_12m,main,37.1,full,1.0,2026-09-23
1300.0,,163807,中银优选灵活配置混合A,0.1988454582135848,ret_12m,main,209.7,full,1.0,2026-09-23
1301.0,,360007,光大优势配置混合A,0.19799807016718618,ret_12m,main,229.0,full,1.0,2026-09-23
1302.0,,014788,长城产业趋势混合A,0.19790231620979837,ret_12m,main,49.7,full,1.0,2026-09-23
1303.0,,166109,信澳量化先锋(LOF)A,0.1974796001968071,ret_12m,main,79.6,full,1.0,2026-09-23
1304.0,,016388,汇安均衡成长混合A,0.19729984874889173,ret_12m,main,32.4,short,1.0,2026-09-23
1305.0,,019468,信澳新材料精选混合A,0.19722950036543585,ret_12m,main,33.8,short,1.0,2026-09-23
1306.0,,019410,南方数字经济混合A,0.19551369998364798,ret_12m,main,34.3,short,1.0,2026-09-23
1307.0,,020267,宏利睿智成长混合A,0.19551279691934353,ret_12m,main,28.3,short,1.0,2026-09-23
1308.0,,003626,平安鑫利混合A,0.19540506058431606,ret_12m,main,117.5,full,1.0,2026-09-23
1309.0,,002216,易方达量化策略A,0.19534715380452372,ret_12m,main,105.1,full,1.0,2026-09-23
1310.0,,519778,交银经济新动力混合A,0.1951477854423127,ret_12m,main,119.1,full,1.0,2026-09-23
1311.0,,010977,华夏鸿阳6个月持有期混合A,0.1951183387328843,ret_12m,main,63.7,full,1.0,2026-09-23
1312.0,,163818,中银中小盘成长混合,0.19463329149493158,ret_12m,main,178.0,full,1.0,2026-09-23
1313.0,,000242,景顺长城策略精选灵活配置混合A,0.19436956504114034,ret_12m,main,157.5,full,1.0,2026-09-23
1314.0,,015293,金鹰时代领航一年持有混合A,0.19434130965714802,ret_12m,main,48.6,full,1.0,2026-09-23
1315.0,,001430,中邮乐享收益灵活配置混合A,0.19434093563715793,ret_12m,main,135.3,full,1.0,2026-09-23
1316.0,,400011,东方核心动力混合A,0.19419507464676466,ret_12m,main,207.0,full,1.0,2026-09-23
1317.0,,000966,中邮核心科技创新灵活配置混合,0.1941630136584216,ret_12m,main,139.4,full,1.0,2026-09-23
1318.0,,013554,信澳远见价值混合A,0.19408236172177684,ret_12m,main,52.4,full,1.0,2026-09-23
1319.0,,006267,诺德量化核心A,0.19398248873948143,ret_12m,main,94.0,full,1.0,2026-09-23
1320.0,,009623,长城创新驱动混合A,0.19394418816866543,ret_12m,main,75.0,full,1.0,2026-09-23
1321.0,,010663,长江均衡成长混合发起式A,0.1938432389611484,ret_12m,main,68.8,full,1.0,2026-09-23
1322.0,,004763,中科沃土沃嘉混合A,0.19350140178930642,ret_12m,main,105.6,full,1.0,2026-09-23
1323.0,,006195,国金量化多因子股票A,0.19316888919581077,ret_12m,main,94.8,full,1.0,2026-09-23
1324.0,,001975,景顺长城环保优势股票,0.19313734333323307,ret_12m,main,126.3,full,1.0,2026-09-23
1325.0,,011645,国泰核心价值两年持有期股票A,0.19257434769110837,ret_12m,main,63.5,full,1.0,2026-09-23
1326.0,,014158,博时浦惠一年持有期混合A,0.192433445454806,ret_12m,main,55.2,full,1.0,2026-09-23
1327.0,,162208,宏利首选企业股票A,0.19238949084531565,ret_12m,main,237.7,full,1.0,2026-09-23
1328.0,,005472,富国价值驱动灵活配置混合A,0.1923837347690629,ret_12m,main,101.9,full,1.0,2026-09-23
1329.0,,012688,长安成长优选混合A,0.19165431622641238,ret_12m,main,61.4,full,1.0,2026-09-23
1330.0,,000167,广发聚优灵活配置混合A,0.19157484663544344,ret_12m,main,156.4,full,1.0,2026-09-23
1331.0,,005632,鹏华量化先锋混合,0.191445042982904,ret_12m,main,102.7,full,1.0,2026-09-23
1332.0,,016252,华夏景气成长一年持有混合发起式A,0.19134903809523007,ret_12m,main,43.3,full,1.0,2026-09-23
1333.0,,000173,汇添富美丽30混合A,0.19097223474286285,ret_12m,main,158.9,full,1.0,2026-09-23
1334.0,,470008,汇添富策略回报混合,0.19090967229260092,ret_12m,main,201.0,full,1.0,2026-09-23
1335.0,,007854,光大景气先锋混合A,0.190669942883251,ret_12m,main,82.3,full,1.0,2026-09-23
1336.0,,001897,九泰久盛量化先锋混合A,0.19061445325894155,ret_12m,main,130.4,full,1.0,2026-09-23
1337.0,,013561,国联匠心优选混合A,0.1905767321877343,ret_12m,main,58.7,full,1.0,2026-09-23
1338.0,,002597,兴业成长动力混合A,0.19040019047823553,ret_12m,main,123.7,full,1.0,2026-09-23
1339.0,,020023,国泰事件驱动策略混合A,0.1903188814998149,ret_12m,main,181.2,full,1.0,2026-09-23
1340.0,,018294,景顺长城国企价值混合A,0.18978854044374893,ret_12m,main,39.8,full,1.0,2026-09-23
1341.0,,022269,中信保诚周期优选混合A,0.18973389498333826,ret_12m,main,22.6,short,1.0,2026-09-23
1342.0,,001789,国泰量化收益灵活配置混合A,0.1892978284976501,ret_12m,main,112.2,full,1.0,2026-09-23
1343.0,,020720,国寿安保高端装备股票发起式A,0.18924738215155745,ret_12m,main,30.9,short,1.0,2026-09-23
1344.0,,006160,博道启航混合A,0.1891758568836439,ret_12m,main,97.4,full,1.0,2026-09-23
1345.0,,005352,鹏扬景泰成长混合A,0.1891670560724441,ret_12m,main,105.1,full,1.0,2026-09-23
1346.0,,166020,中欧成长优选混合A,0.18912861724228125,ret_12m,main,157.1,full,1.0,2026-09-23
1347.0,,233007,大摩卓越成长混合,0.18896698103681264,ret_12m,main,196.2,full,1.0,2026-09-23
1348.0,,015320,长江新兴产业混合A,0.18860478380624235,ret_12m,main,53.1,full,1.0,2026-09-23
1349.0,,016449,南方新材料股票发起A,0.1885607058897112,ret_12m,main,42.1,full,1.0,2026-09-23
1350.0,,008318,博道久航混合A,0.18812956714773388,ret_12m,main,81.0,full,1.0,2026-09-23
1351.0,,010965,中银鑫新消费成长混合A,0.18804320588015644,ret_12m,main,60.6,full,1.0,2026-09-23
1352.0,,022320,汇添富弘瑞回报混合发起式A,0.1874238589118704,ret_12m,main,19.9,short,1.0,2026-09-23
1353.0,,018440,汇添富量化选股混合A,0.18701961991073457,ret_12m,main,39.6,full,1.0,2026-09-23
1354.0,,481004,工银稳健成长混合A,0.18692298428215315,ret_12m,main,237.6,full,1.0,2026-09-23
1355.0,,012913,方正富邦趋势领航混合A,0.18682860530759426,ret_12m,main,60.0,full,1.0,2026-09-23
1356.0,,012493,长信内需均衡混合A,0.18677520967074357,ret_12m,main,62.8,full,1.0,2026-09-23
1357.0,,011504,上银丰益混合A,0.1867009416841865,ret_12m,main,64.9,full,1.0,2026-09-23
1358.0,,005109,汇安多策略混合A,0.1866009948668339,ret_12m,main,106.0,full,1.0,2026-09-23
1359.0,,005457,景顺长城量化小盘股票A,0.18657388615088322,ret_12m,main,103.5,full,1.0,2026-09-23
1360.0,,012243,东方红内需增长混合B,0.18633377062601952,ret_12m,main,63.7,full,1.0,2026-09-23
1361.0,,009986,天弘创新领航A,0.1861376489719202,ret_12m,main,72.8,full,1.0,2026-09-23
1362.0,,200016,长城稳健成长混合A,0.18565524604124617,ret_12m,main,169.7,full,1.0,2026-09-23
1363.0,,011882,招商蓝筹精选股票A,0.18564426793744082,ret_12m,main,61.9,full,1.0,2026-09-23
1364.0,,024435,天弘品质价值混合A,0.18562327213080732,ret_12m,main,15.1,short,0.9723,2026-09-23
1365.0,,000646,华润元大量化优选混合A,0.18504547483461886,ret_12m,main,145.2,full,1.0,2026-09-23
1366.0,,008854,南方内需增长两年股票A,0.18494003972413986,ret_12m,main,79.0,full,1.0,2026-09-23
1367.0,,009646,南方核心成长混合A,0.1849147890442644,ret_12m,main,74.3,full,1.0,2026-09-23
1368.0,,001484,天弘新价值混合A,0.18473569561506653,ret_12m,main,135.2,full,1.0,2026-09-23
1369.0,,519056,海富通内需热点混合,0.18444118727248293,ret_12m,main,153.1,full,1.0,2026-09-23
1370.0,,012785,鹏华品质精选混合A,0.18443138169525852,ret_12m,main,59.8,full,1.0,2026-09-23
1371.0,,001656,农银中国优势灵活配置混合,0.18415963528534407,ret_12m,main,111.5,full,1.0,2026-09-23
1372.0,,007689,国投瑞银新能源混合A,0.18411685045029103,ret_12m,main,82.2,full,1.0,2026-09-23
1373.0,,005258,景顺长城量化平衡混合A,0.18394401269699823,ret_12m,main,104.9,full,1.0,2026-09-23
1374.0,,013091,摩根均衡优选混合A,0.1838797237985661,ret_12m,main,59.9,full,1.0,2026-09-23
1375.0,,022092,华商研究驱动混合A,0.18386589721946467,ret_12m,main,18.4,short,1.0,2026-09-23
1376.0,,016466,国泰海通量化选股混合发起A,0.18363330590921634,ret_12m,main,49.2,full,1.0,2026-09-23
1377.0,,004986,鹏华策略回报混合,0.18360687902044726,ret_12m,main,108.6,full,1.0,2026-09-23
1378.0,,016332,长城产业臻选混合A,0.18351273662113843,ret_12m,main,42.3,full,1.0,2026-09-23
1379.0,,006551,中庚价值领航混合,0.18346815970752872,ret_12m,main,93.1,full,1.0,2026-09-23
1380.0,,019690,华商产业机遇混合A,0.18344544324881795,ret_12m,main,30.7,short,1.0,2026-09-23
1381.0,,015092,汇安远见成长混合A,0.18332963862591023,ret_12m,main,49.2,full,1.0,2026-09-23
1382.0,,519097,新华中小市值优选混合A,0.18329114570840477,ret_12m,main,187.8,full,1.0,2026-09-23
1383.0,,009992,景顺长城量化成长演化混合A,0.1830418387701911,ret_12m,main,70.1,full,1.0,2026-09-23
1384.0,,001761,广发安宏回报混合A,0.1829612818287476,ret_12m,main,128.8,full,1.0,2026-09-23
1385.0,,163804,中银收益混合A,0.18289100918738677,ret_12m,main,239.4,full,1.0,2026-09-23
1386.0,,162209,宏利市值优选混合A,0.18278599893926173,ret_12m,main,229.7,full,1.0,2026-09-23
1387.0,,011313,东方红启华三年持有混合B,0.18214307832359622,ret_12m,main,61.9,full,1.0,2026-09-23
1388.0,,013365,汇添富产业升级混合A,0.18202701280143807,ret_12m,main,58.8,full,1.0,2026-09-23
1389.0,,005821,万家新机遇龙头企业混合A,0.18183151238653084,ret_12m,main,100.0,full,1.0,2026-09-23
1390.0,,014488,国投瑞银产业升级两年持有混合A,0.1816714548510805,ret_12m,main,54.4,full,1.0,2026-09-23
1391.0,,519035,富国天博创新主题混合,0.18156999473927438,ret_12m,main,232.0,full,1.0,2026-09-23
1392.0,,001541,汇添富民营新动力股票,0.18141450103786028,ret_12m,main,133.6,full,1.0,2026-09-23
1393.0,,015610,万家匠心致远一年持有期混合A,0.18098714214176082,ret_12m,main,49.5,full,1.0,2026-09-23
1394.0,,018071,长信均衡优选混合A,0.18087136797457037,ret_12m,main,38.7,full,1.0,2026-09-23
1395.0,,006973,太平睿盈混合A,0.18083704542471257,ret_12m,main,90.0,full,1.0,2026-09-23
1396.0,,270005,广发聚丰混合A,0.18052637451263376,ret_12m,main,249.0,full,1.0,2026-09-23
1397.0,,001734,广发新锐智选混合A,0.1803018505935452,ret_12m,main,130.2,full,1.0,2026-09-23
1398.0,,009199,万家价值优势一年持有期混合,0.1802401960436364,ret_12m,main,75.8,full,1.0,2026-09-23
1399.0,,012839,东方红智华三年持有混合A,0.1801728543160206,ret_12m,main,61.2,full,1.0,2026-09-23
1400.0,,002121,广发沪港深新起点股票A,0.17975718665290352,ret_12m,main,118.7,full,1.0,2026-09-23
1401.0,,004888,财通资管鑫逸混合A,0.1794017314140821,ret_12m,main,108.8,full,1.0,2026-09-23
1402.0,,017715,华宝量化选股混合发起式A,0.1787246280892032,ret_12m,main,43.1,full,1.0,2026-09-23
1403.0,,008128,湘财长源股票型A,0.17872158086707235,ret_12m,main,81.2,full,1.0,2026-09-23
1404.0,,012463,博时成长优势混合A,0.1786123611439998,ret_12m,main,61.7,full,1.0,2026-09-23
1405.0,,008308,华夏见龙精选混合,0.17858284252846102,ret_12m,main,76.3,full,1.0,2026-09-23
1406.0,,007549,中泰开阳价值优选混合A,0.17857773761931361,ret_12m,main,84.6,full,1.0,2026-09-23
1407.0,,001413,国联鑫起点混合A,0.1785034635473577,ret_12m,main,135.4,full,1.0,2026-09-23
1408.0,,004946,汇添富盈润混合A,0.17831391148903553,ret_12m,main,108.6,full,1.0,2026-09-23
1409.0,,487016,工银瑞信灵活配置混合A,0.1782887019192707,ret_12m,main,176.9,full,1.0,2026-09-23
1410.0,,003069,光大创业板量化优选A,0.17812783859437498,ret_12m,main,103.3,full,1.0,2026-09-23
1411.0,,014805,国金量化精选混合A,0.17782126688901556,ret_12m,main,54.2,full,1.0,2026-09-23
1412.0,,121003,国投瑞银核心企业混合,0.177524649380697,ret_12m,main,245.2,full,1.0,2026-09-23
1413.0,,001224,中邮新思路灵活配置混合A,0.17747386601079929,ret_12m,main,130.4,full,1.0,2026-09-23
1414.0,,410007,华富价值增长混合A,0.17701435748781136,ret_12m,main,206.3,full,1.0,2026-09-23
1415.0,,024483,东吴裕盈平衡混合A,0.17697819239297763,ret_12m,main,14.3,short,1.0,2026-09-23
1416.0,,008264,南方ESG股票A,0.17697661780513863,ret_12m,main,81.1,full,1.0,2026-09-23
1417.0,,501188,汇添富核心精选混合(LOF),0.17690290904063133,ret_12m,main,98.6,full,1.0,2026-09-23
1418.0,,100016,富国天源沪港深平衡混合A,0.17688568355873668,ret_12m,main,289.2,full,1.0,2026-09-23
1419.0,,002319,大成一带一路灵活配置混合A,0.1768743952804135,ret_12m,main,111.7,full,1.0,2026-09-23
1420.0,,000996,中银新动力股票A,0.17660916700305562,ret_12m,main,139.3,full,1.0,2026-09-23
1421.0,,006299,恒越核心精选混合A,0.1765783474317706,ret_12m,main,94.3,full,1.0,2026-09-23
1422.0,,011585,博时产业慧选混合A,0.1765604587521481,ret_12m,main,66.0,full,1.0,2026-09-23
1423.0,,519995,长信金利趋势混合A,0.1764629396900319,ret_12m,main,244.8,full,1.0,2026-09-23
1424.0,,163415,兴全商业模式混合(LOF)A,0.17624323941074294,ret_12m,main,165.2,full,1.0,2026-09-23
1425.0,,011977,格林研究优选混合A,0.17619016688744282,ret_12m,main,61.1,full,1.0,2026-09-23
1426.0,,024499,兴华景和混合发起A,0.17599576613616397,ret_12m,main,15.4,short,1.0,2026-09-23
1427.0,,006785,东方量化多策略混合A,0.17594554273999896,ret_12m,main,91.0,full,1.0,2026-09-23
1428.0,,000746,招商行业精选股票基金,0.17587397217723755,ret_12m,main,144.7,full,1.0,2026-09-23
1429.0,,013417,博时核心资产精选混合A,0.17561270783612204,ret_12m,main,60.2,full,1.0,2026-09-23
1430.0,,630006,华商产业升级混合,0.17513988667423863,ret_12m,main,195.2,full,1.0,2026-09-23
1431.0,,010062,南方行业精选一年混合A,0.1751062361575184,ret_12m,main,70.9,full,1.0,2026-09-23
1432.0,,015223,汇添富进取成长混合A,0.17509218607647714,ret_12m,main,48.3,full,1.0,2026-09-23
1433.0,,002545,东方岳灵活配置混合,0.1750213611377327,ret_12m,main,120.0,full,1.0,2026-09-23
1434.0,,000788,前海开源中国成长混合,0.17501460190541218,ret_12m,main,143.8,full,1.0,2026-09-23
1435.0,,320006,诺安灵活配置混合A,0.1749741771848543,ret_12m,main,220.1,full,1.0,2026-09-23
1436.0,,270006,广发策略优选混合,0.17486615292937957,ret_12m,main,244.2,full,1.0,2026-09-23
1437.0,,012071,中加喜利回报一年持有混合A,0.17471692298422203,ret_12m,main,60.7,full,1.0,2026-09-23
1438.0,,019982,泓德智选启元混合A,0.17466506277469995,ret_12m,main,34.1,short,1.0,2026-09-23
1439.0,,012495,民生加银双核动力混合A,0.17459716725115015,ret_12m,main,56.4,full,1.0,2026-09-23
1440.0,,001261,国联新机遇混合A,0.17441019697021964,ret_12m,main,136.7,full,1.0,2026-09-23
1441.0,,014885,长盛匠心研究混合A,0.17440458352644672,ret_12m,main,50.6,full,1.0,2026-09-23
1442.0,,519008,汇添富优势精选混合,0.17411342360392013,ret_12m,main,252.9,full,1.0,2026-09-23
1443.0,,003152,华富天鑫灵活配置混合A,0.17409822499063177,ret_12m,main,116.8,full,1.0,2026-09-23
1444.0,,001476,中银智能制造股票A,0.17374474077007718,ret_12m,main,135.2,full,1.0,2026-09-23
1445.0,,008618,永赢医药健康A,0.1737312658259762,ret_12m,main,76.1,full,1.0,2026-09-23
1446.0,,161601,融通新蓝筹混合,0.1737080582848256,ret_12m,main,288.3,full,1.0,2026-09-23
1447.0,,010421,海富通消费优选混合A,0.17365385489579377,ret_12m,main,65.3,full,1.0,2026-09-23
1448.0,,011756,博时产业优选混合A,0.1735900038525886,ret_12m,main,62.1,full,1.0,2026-09-23
1449.0,,501032,财通福盛混合发起(LOF)A,0.17357654978552306,ret_12m,main,115.9,full,1.0,2026-09-23
1450.0,,014410,华夏时代领航两年持有混合A,0.17292395089409274,ret_12m,main,51.3,full,1.0,2026-09-23
1451.0,,019997,长信优势行业混合A,0.17277788909150615,ret_12m,main,30.4,short,1.0,2026-09-23
1452.0,,016250,华夏远见成长一年持有混合A,0.17266680353637365,ret_12m,main,48.1,full,1.0,2026-09-23
1453.0,,017157,华富匠心领航18个月持有期混合A,0.17260723431973868,ret_12m,main,41.2,full,1.0,2026-09-23
1454.0,,021663,汇百川远航混合A,0.17253811786128503,ret_12m,main,25.3,short,1.0,2026-09-23
1455.0,,019879,万家周期驱动股票发起式A,0.1722517073562162,ret_12m,main,34.8,short,1.0,2026-09-23
1456.0,,590003,中邮核心优势灵活配置混合A,0.1720563331549454,ret_12m,main,202.8,full,1.0,2026-09-23
1457.0,,002419,汇添富创新活力混合A,0.17163923334288023,ret_12m,main,125.1,full,1.0,2026-09-23
1458.0,,470006,汇添富医药保健混合,0.17130264400100503,ret_12m,main,192.1,full,1.0,2026-09-23
1459.0,,008328,诺安新兴产业混合,0.1712624962549807,ret_12m,main,78.5,full,1.0,2026-09-23
1460.0,,009398,华富成长企业精选股票A,0.17122023438774492,ret_12m,main,75.2,full,1.0,2026-09-23
1461.0,,010124,兴银景气优选混合A,0.17120798936728998,ret_12m,main,69.9,full,1.0,2026-09-23
1462.0,,001466,华富永鑫灵活配置混合A,0.17086328709128917,ret_12m,main,135.3,full,1.0,2026-09-23
1463.0,,015789,永赢高端装备智选混合发起A,0.1708354870834925,ret_12m,main,50.3,full,1.0,2026-09-23
1464.0,,016553,南方鑫悦15个月持有混合A,0.17073903410180713,ret_12m,main,48.3,full,1.0,2026-09-23
1465.0,,009591,博时研究精选持有期混合A,0.17067827391829993,ret_12m,main,75.0,full,1.0,2026-09-23
1466.0,,000971,诺安新经济股票A,0.17060229314209296,ret_12m,main,139.9,full,1.0,2026-09-23
1467.0,,001650,工银丰收回报灵活配置混合A,0.17059217323171705,ret_12m,main,130.9,full,1.0,2026-09-23
1468.0,,006424,嘉合锦程混合A,0.16972129166697014,ret_12m,main,93.1,full,1.0,2026-09-23
1469.0,,023362,鹏扬研究精选混合A,0.16962899135593945,ret_12m,main,13.6,short,1.0,2026-09-23
1470.0,,001334,南方利鑫A,0.16957403068029975,ret_12m,main,136.1,full,1.0,2026-09-23
1471.0,,022028,京管泰富科技驱动混合A,0.16944405870164814,ret_12m,main,20.9,short,1.0,2026-09-23
1472.0,,001763,广发多策略混合,0.16941419915457523,ret_12m,main,129.5,full,1.0,2026-09-23
1473.0,,004091,博时沪港深价值优选A,0.1694062296615726,ret_12m,main,115.9,full,1.0,2026-09-23
1474.0,,519692,交银成长混合,0.16914722775994906,ret_12m,main,239.0,full,1.0,2026-09-23
1475.0,,010602,长城均衡优选混合A,0.16906927053148513,ret_12m,main,69.7,full,1.0,2026-09-23
1476.0,,011550,湘财创新成长一年持有期混合A,0.16906610873761996,ret_12m,main,66.0,full,1.0,2026-09-23
1477.0,,011346,淳厚鑫淳一年持有混合,0.16905841511840158,ret_12m,main,63.7,full,1.0,2026-09-23
1478.0,,005009,申万菱信行业轮动股票A,0.1689586310273683,ret_12m,main,107.8,full,1.0,2026-09-23
1479.0,,010824,天弘创新成长混合发起式A,0.16885519472387944,ret_12m,main,67.5,full,1.0,2026-09-23
1480.0,,400003,东方精选混合,0.16868989694078684,ret_12m,main,248.4,full,1.0,2026-09-23
1481.0,,001880,长城中国智造灵活配置混合A,0.16862187964904285,ret_12m,main,114.3,full,1.0,2026-09-23
1482.0,,010558,汇安鑫利优选混合A,0.1685957858532341,ret_12m,main,65.7,full,1.0,2026-09-23
1483.0,,166005,中欧价值发现混合A,0.16858459569590134,ret_12m,main,206.0,full,1.0,2026-09-23
1484.0,,001345,富国新收益灵活配置混合A,0.1683853615723121,ret_12m,main,136.0,full,1.0,2026-09-23
1485.0,,002601,中银证券价值精选混合,0.16802126161940345,ret_12m,main,124.8,full,1.0,2026-09-23
1486.0,,519017,大成积极成长混合A,0.16801501318488077,ret_12m,main,235.8,full,1.0,2026-09-23
1487.0,,015641,银华数字经济股票发起式A,0.16799290420206248,ret_12m,main,52.1,full,1.0,2026-09-23
1488.0,,011685,创金合信先进装备股票A,0.1678846983044222,ret_12m,main,65.8,full,1.0,2026-09-23
1489.0,,011603,兴业高端制造混合A,0.16758101484707866,ret_12m,main,66.0,full,1.0,2026-09-23
1490.0,,010284,长城价值成长六个月持有期混合A,0.1674443563311303,ret_12m,main,66.3,full,1.0,2026-09-23
1491.0,,021198,汇添富优选价值混合发起式A,0.1673086320765198,ret_12m,main,23.3,short,1.0,2026-09-23
1492.0,,005587,安信比较优势混合A,0.1672146618995376,ret_12m,main,102.1,full,1.0,2026-09-23
1493.0,,014020,诺德量化先锋一年持有混合A,0.16693672718381358,ret_12m,main,56.4,full,1.0,2026-09-23
1494.0,,008955,交银创新领航混合,0.1668278900604101,ret_12m,main,78.9,full,1.0,2026-09-23
1495.0,,001740,光大中国制造2025灵活配置混合A,0.16673602051459224,ret_12m,main,129.0,full,1.0,2026-09-23
1496.0,,013714,方正富邦泰利12个月持有混合A,0.166655579044648,ret_12m,main,56.0,full,1.0,2026-09-23
1497.0,,014307,嘉实多元动力混合A,0.1663009656197103,ret_12m,main,57.1,full,1.0,2026-09-23
1498.0,,008954,安信价值回报三年持有混合A,0.16602175975222466,ret_12m,main,78.9,full,1.0,2026-09-23
1499.0,,340007,兴全社会责任混合,0.16591519778797914,ret_12m,main,220.8,full,1.0,2026-09-23
1500.0,,002389,招商安德灵活配置混合A,0.16585332916193263,ret_12m,main,127.1,full,1.0,2026-09-23
1501.0,,000219,博时裕益混合A,0.1657495453205402,ret_12m,main,157.8,full,1.0,2026-09-23
1502.0,,004138,上银鑫达灵活配置混合A,0.16565105302835859,ret_12m,main,114.5,full,1.0,2026-09-23
1503.0,,002780,前海联合泓鑫混合A,0.16502869876928838,ret_12m,main,117.7,full,1.0,2026-09-23
1504.0,,015880,中欧小盘成长混合A,0.16489286151055937,ret_12m,main,50.9,full,1.0,2026-09-23
1505.0,,022119,平安产业趋势混合A,0.16477414516936695,ret_12m,main,21.2,short,1.0,2026-09-23
1506.0,,008961,华商科技创新混合,0.16475849679777488,ret_12m,main,78.6,full,1.0,2026-09-23
1507.0,,016021,华安优嘉精选混合A,0.16469596517434626,ret_12m,main,48.8,full,1.0,2026-09-23
1508.0,,040011,华安核心优选混合A,0.1646880049275805,ret_12m,main,215.0,full,1.0,2026-09-23
1509.0,,002630,江信瑞福灵活配置混合A,0.164674799624124,ret_12m,main,115.2,full,1.0,2026-09-23
1510.0,,014922,华夏ESG可持续投资一年持有混合A,0.16405609135616728,ret_12m,main,54.5,full,1.0,2026-09-23
1511.0,,021726,泓德智选启诚混合A,0.163824441345497,ret_12m,main,18.2,short,1.0,2026-09-23
1512.0,,008418,惠升惠泽混合A,0.16370786405671733,ret_12m,main,81.2,full,1.0,2026-09-23
1513.0,,023921,联博智远混合A,0.16341588375103777,ret_12m,main,16.8,short,1.0,2026-09-23
1514.0,,013552,汇添富成长领先混合A,0.1634022607785388,ret_12m,main,57.4,full,1.0,2026-09-23
1515.0,,005927,创金合信新能源汽车股票A,0.16323499019632415,ret_12m,main,100.5,full,1.0,2026-09-23
1516.0,,501083,银华科创主题灵活配置混合(LOF)A,0.16314227896337852,ret_12m,main,86.6,full,1.0,2026-09-23
1517.0,,519066,汇添富蓝筹稳健混合A,0.1631104663123073,ret_12m,main,218.5,full,1.0,2026-09-23
1518.0,,040035,华安逆向策略混合A,0.16272927527521985,ret_12m,main,169.2,full,1.0,2026-09-23
1519.0,,007802,兴全合泰混合A,0.16265244538548318,ret_12m,main,83.2,full,1.0,2026-09-23
1520.0,,014267,华商竞争力优选混合A,0.16259306662408313,ret_12m,main,55.8,full,1.0,2026-09-23
1521.0,,013812,景顺长城景气进取混合A,0.1624634593951353,ret_12m,main,58.0,full,1.0,2026-09-23
1522.0,,360010,光大均衡精选混合A,0.16226505840595196,ret_12m,main,210.7,full,1.0,2026-09-23
1523.0,,011669,长信优质企业混合A,0.1622418150235605,ret_12m,main,63.9,full,1.0,2026-09-23
1524.0,,000270,建信灵活配置混合A,0.16179761236140622,ret_12m,main,156.6,full,1.0,2026-09-23
1525.0,,016703,兴业品质睿选混合发起式A,0.16175154017357896,ret_12m,main,25.1,short,1.0,2026-09-23
1526.0,,009736,汇添富稳健收益混合A,0.1615424523608724,ret_12m,main,74.0,full,1.0,2026-09-23
1527.0,,519983,长信量化先锋混合A,0.16151118317332824,ret_12m,main,190.2,full,1.0,2026-09-23
1528.0,,240022,华宝资源优选混合A,0.1614370983397473,ret_12m,main,169.1,full,1.0,2026-09-23
1529.0,,014460,平安品质优选混合A,0.1613924489233607,ret_12m,main,56.8,full,1.0,2026-09-23
1530.0,,008640,方正富邦科技创新A,0.16134059749129137,ret_12m,main,80.1,full,1.0,2026-09-23
1531.0,,001120,东方睿鑫热点挖掘混合A,0.16106468272640972,ret_12m,main,137.3,full,1.0,2026-09-23
1532.0,,570001,诺德价值优势混合,0.16071769485020848,ret_12m,main,233.2,full,1.0,2026-09-23
1533.0,,163418,兴全合兴混合A,0.16059760860833872,ret_12m,main,68.3,full,1.0,2026-09-23
1534.0,,012270,富国腾享回报6个月滚动持有A,0.16050328994349505,ret_12m,main,61.8,full,1.0,2026-09-23
1535.0,,000587,大成灵活配置混合A,0.16038114836707185,ret_12m,main,148.3,full,1.0,2026-09-23
1536.0,,013247,交银瑞卓三年持有期混合,0.16025261469368557,ret_12m,main,60.0,full,1.0,2026-09-23
1537.0,,360011,光大动态优选灵活配置混合A,0.16002235274349186,ret_12m,main,202.8,full,1.0,2026-09-23
1538.0,,001564,东方红京东大数据混合A,0.15966456528633044,ret_12m,main,133.8,full,1.0,2026-09-23
1539.0,,008372,富国阿尔法两年持有期混合,0.15958579735599998,ret_12m,main,81.0,full,1.0,2026-09-23
1540.0,,002288,中银稳进策略混合A,0.15911078914900312,ret_12m,main,127.8,full,1.0,2026-09-23
1541.0,,970184,招商资管核心优势混合A,0.15884403132408909,ret_12m,main,49.5,full,1.0,2026-09-23
1542.0,,005618,融通红利机会主题精选混合A,0.15875711903366185,ret_12m,main,101.9,full,1.0,2026-09-23
1543.0,,001576,国泰智能装备股票A,0.1586067046360602,ret_12m,main,111.1,full,1.0,2026-09-23
1544.0,,019722,中银量化选股混合发起A,0.15839243515097223,ret_12m,main,27.2,short,1.0,2026-09-23
1545.0,,010328,博时荣华灵活配置混合A,0.15836329473528132,ret_12m,main,70.4,full,1.0,2026-09-23
1546.0,,008025,汇添富稳健增长混合A,0.15836072757098796,ret_12m,main,82.6,full,1.0,2026-09-23
1547.0,,013078,方正富邦策略轮动混合A,0.1582013963093547,ret_12m,main,58.3,full,1.0,2026-09-23
1548.0,,004698,博时军工主题股票A,0.1581952048985853,ret_12m,main,110.7,full,1.0,2026-09-23
1549.0,,010994,博时创新经济混合A,0.15813450902152915,ret_12m,main,68.3,full,1.0,2026-09-23
1550.0,,012613,创金合信产业智选混合A,0.15766873343839993,ret_12m,main,61.9,full,1.0,2026-09-23
1551.0,,012892,安信优质企业三年持有混合A,0.1573591833735779,ret_12m,main,58.4,full,1.0,2026-09-23
1552.0,,019797,银河国企主题混合发起式A,0.15732557668799663,ret_12m,main,34.3,short,1.0,2026-09-23
1553.0,,013166,东兴宸祥量化混合A,0.1572237498010418,ret_12m,main,55.8,full,1.0,2026-09-23
1554.0,,012202,中加消费优选混合A,0.15714370179544046,ret_12m,main,61.4,full,1.0,2026-09-23
1555.0,,004321,前海开源沪港深强国产业混合,0.1571408509555572,ret_12m,main,114.8,full,1.0,2026-09-23
1556.0,,018728,华夏智胜新锐股票A,0.15685639579288657,ret_12m,main,38.6,full,1.0,2026-09-23
1557.0,,021864,中欧中证800研究智选混合发起A,0.15685556680410695,ret_12m,main,24.1,short,1.0,2026-09-23
1558.0,,013123,汇添富精选核心优势一年持有混合A,0.15678831961864237,ret_12m,main,60.5,full,1.0,2026-09-23
1559.0,,001272,兴业聚利灵活配置混合A,0.15669143708983402,ret_12m,main,136.6,full,1.0,2026-09-23
1560.0,,001990,中欧数据挖掘多因子混合A,0.15643722755290934,ret_12m,main,128.3,full,1.0,2026-09-23
1561.0,,012876,富荣福耀混合A,0.15635772444351326,ret_12m,main,56.9,full,1.0,2026-09-23
1562.0,,020985,汇安景气成长混合A,0.15621189563796456,ret_12m,main,19.5,short,1.0,2026-09-23
1563.0,,020567,泓德智选启航混合A,0.15609620213835318,ret_12m,main,30.2,short,1.0,2026-09-23
1564.0,,011936,华夏阿尔法精选混合A,0.155969240641201,ret_12m,main,61.1,full,1.0,2026-09-23
1565.0,,005739,富国转型机遇混合,0.15593051479784847,ret_12m,main,101.0,full,1.0,2026-09-23
1566.0,,880007,招商资管智远成长混合A,0.1559085727916132,ret_12m,main,71.3,full,1.0,2026-09-23
1567.0,,002124,广发新兴产业混合A,0.15588041670161057,ret_12m,main,127.8,full,1.0,2026-09-23
1568.0,,001318,东方新策略灵活配置混合A,0.15580171838563817,ret_12m,main,136.0,full,1.0,2026-09-23
1569.0,,014811,平安兴奕成长1年持有混合A,0.1555896822970495,ret_12m,main,55.9,full,1.0,2026-09-23
1570.0,,004809,前海联合润丰混合A,0.15558272415379926,ret_12m,main,96.1,full,1.0,2026-09-23
1571.0,,010892,中银证券精选行业股票A,0.15502062136425576,ret_12m,main,68.1,full,1.0,2026-09-23
1572.0,,002849,金信智能中国2025混合A,0.15486912274175846,ret_12m,main,122.7,full,1.0,2026-09-23
1573.0,,011841,嘉实兴锐优选一年持有混合A,0.1548109993127691,ret_12m,main,57.6,full,1.0,2026-09-23
1574.0,,121008,国投瑞银成长优选混合,0.1545912575849604,ret_12m,main,223.6,full,1.0,2026-09-23
1575.0,,016243,广发成长领航一年持有混合A,0.1545857144654501,ret_12m,main,42.5,full,1.0,2026-09-23
1576.0,,001898,易方达大健康混合,0.15455099400389138,ret_12m,main,107.9,full,1.0,2026-09-23
1577.0,,002871,华夏智胜价值成长A,0.15441484647178605,ret_12m,main,121.5,full,1.0,2026-09-23
1578.0,,002838,华夏新锦程混合A,0.15413753011009002,ret_12m,main,121.5,full,1.0,2026-09-23
1579.0,,020151,中信保诚景气优选混合A,0.1538872973168801,ret_12m,main,30.9,short,1.0,2026-09-23
1580.0,,007126,博道远航混合A,0.1537243123096459,ret_12m,main,88.8,full,1.0,2026-09-23
1581.0,,002681,金鹰元和灵活配置混合A,0.1537129378382267,ret_12m,main,124.0,full,1.0,2026-09-23
1582.0,,450007,国富成长动力混合,0.15362287718749057,ret_12m,main,210.0,full,1.0,2026-09-23
1583.0,,002210,创金合信量化多因子股票A,0.1533857367255067,ret_12m,main,128.0,full,1.0,2026-09-23
1584.0,,015381,东方兴瑞趋势领航混合A,0.15338352887601792,ret_12m,main,49.2,full,1.0,2026-09-23
1585.0,,003308,中信建投睿利A,0.1532890322804472,ret_12m,main,117.5,full,1.0,2026-09-23
1586.0,,163803,中银持续增长混合A,0.15322028319307224,ret_12m,main,246.2,full,1.0,2026-09-23
1587.0,,013960,万家新机遇成长一年持有期混合发起式A,0.15311081566073637,ret_12m,main,57.5,full,1.0,2026-09-23
1588.0,,021094,东方低碳经济混合A,0.15293350304312914,ret_12m,main,18.7,short,1.0,2026-09-23
1589.0,,014135,中欧金安量化混合A,0.15279893658696442,ret_12m,main,56.1,full,1.0,2026-09-23
1590.0,,002181,华安大安全主题混合A,0.15270141788499347,ret_12m,main,109.0,full,1.0,2026-09-23
1591.0,,011056,博时汇兴回报一年持有期混合,0.1524326013690831,ret_12m,main,68.3,full,1.0,2026-09-23
1592.0,,020010,国泰金牛创新成长混合,0.1522103071765848,ret_12m,main,232.2,full,1.0,2026-09-23
1593.0,,010787,华安优势企业混合A,0.15217675384772344,ret_12m,main,68.8,full,1.0,2026-09-23
1594.0,,002005,工银新得利混合,0.1521522589096298,ret_12m,main,114.0,full,1.0,2026-09-23
1595.0,,001924,华夏国企改革混合,0.15202070770241338,ret_12m,main,129.9,full,1.0,2026-09-23
1596.0,,002595,博时工业4.0主题股票,0.15163249829616188,ret_12m,main,123.5,full,1.0,2026-09-23
1597.0,,013661,华安研究领航混合A,0.15160923920074953,ret_12m,main,57.8,full,1.0,2026-09-23
1598.0,,019505,国泰海通中证1000优选股票发起A,0.1514527100885965,ret_12m,main,33.4,short,1.0,2026-09-23
1599.0,,000409,鹏华环保产业股票,0.15143548332012569,ret_12m,main,150.6,full,1.0,2026-09-23
1600.0,,007903,长城量化小盘股票A,0.15133834068649565,ret_12m,main,80.4,full,1.0,2026-09-23
1601.0,,009557,申万菱信创业板量化精选股票A,0.1513333285375673,ret_12m,main,74.8,full,1.0,2026-09-23
1602.0,,070017,嘉实量化阿尔法混合,0.15132980031503807,ret_12m,main,210.1,full,1.0,2026-09-23
1603.0,,013385,信澳优势价值混合A,0.15116621575307487,ret_12m,main,57.7,full,1.0,2026-09-23
1604.0,,005616,东方量化成长灵活配置混合A,0.15114455084566236,ret_12m,main,102.1,full,1.0,2026-09-23
1605.0,,002983,长信国防军工量化混合A,0.1509000310863413,ret_12m,main,116.6,full,1.0,2026-09-23
1606.0,,090001,大成价值增长混合A,0.15010354930872705,ret_12m,main,286.4,full,1.0,2026-09-23
1607.0,,005630,华安研究精选混合A,0.1500549292283211,ret_12m,main,102.3,full,1.0,2026-09-23
1608.0,,010699,东方红创新趋势混合,0.14985340088675603,ret_12m,main,66.3,full,1.0,2026-09-23
1609.0,,001827,富国研究优选沪港深灵活配置混合A,0.1497186159566981,ret_12m,main,126.5,full,1.0,2026-09-23
1610.0,,005351,汇添富行业整合混合A,0.14961494444330792,ret_12m,main,103.3,full,1.0,2026-09-23
1611.0,,010381,浙商智选价值混合A,0.14948736184188083,ret_12m,main,65.2,full,1.0,2026-09-23
1612.0,,003396,东方红优享红利混合A,0.1493743051685208,ret_12m,main,118.7,full,1.0,2026-09-23
1613.0,,010420,民生加银成长优选股票A,0.1492475902527941,ret_12m,main,69.8,full,1.0,2026-09-23
1614.0,,009640,中银证券优选行业龙头混合A,0.14910889470834077,ret_12m,main,72.7,full,1.0,2026-09-23
1615.0,,011134,广发价值优选混合A,0.14903822277640333,ret_12m,main,66.1,full,1.0,2026-09-23
1616.0,,001980,中欧量化驱动混合A,0.14901488943611607,ret_12m,main,100.3,full,1.0,2026-09-23
1617.0,,002179,华安事件驱动量化混合A,0.14873301817777862,ret_12m,main,117.3,full,1.0,2026-09-23
1618.0,,014506,博时成长臻选混合A,0.14847685570472224,ret_12m,main,55.9,full,1.0,2026-09-23
1619.0,,024808,华夏成长动力混合A,0.14829569952007104,ret_12m,main,14.1,short,1.0,2026-09-23
1620.0,,002161,银华万物互联灵活配置混合A,0.1479139028601293,ret_12m,main,112.7,full,1.0,2026-09-23
1621.0,,016709,泉果旭源三年持有期混合A,0.14767784978117704,ret_12m,main,47.2,full,1.0,2026-09-23
1622.0,,007470,博道叁佰智航股票A,0.14761711354553952,ret_12m,main,87.6,full,1.0,2026-09-23
1623.0,,010821,东方红多元策略混合B,0.14755986579213487,ret_12m,main,68.5,full,1.0,2026-09-23
1624.0,,005055,华泰柏瑞量化阿尔法A,0.14750290716422088,ret_12m,main,107.9,full,1.0,2026-09-23
1625.0,,010008,国联成长优选混合A,0.14738386220416255,ret_12m,main,70.1,full,1.0,2026-09-23
1626.0,,005894,华夏优势精选股票,0.14729732061587741,ret_12m,main,97.5,full,1.0,2026-09-23
1627.0,,021812,东兴宸泰量化选股混合发起A,0.14725539534871013,ret_12m,main,23.9,short,1.0,2026-09-23
1628.0,,005937,工银精选金融地产混合A,0.14722196853816105,ret_12m,main,94.3,full,1.0,2026-09-23
1629.0,,017130,国投瑞银比较优势一年持有混合A,0.1470698384456044,ret_12m,main,42.1,full,1.0,2026-09-23
1630.0,,009885,新华景气行业混合A,0.14702978781697928,ret_12m,main,71.9,full,1.0,2026-09-23
1631.0,,519997,长信银利精选混合A,0.14689619536164522,ret_12m,main,260.2,full,1.0,2026-09-23
1632.0,,007592,华夏价值精选混合A,0.1462985474793681,ret_12m,main,80.4,full,1.0,2026-09-23
1633.0,,000824,圆信永丰双利A,0.14627592920869326,ret_12m,main,142.1,full,1.0,2026-09-23
1634.0,,005262,鑫元欣享灵活配置混合A,0.14591468909176952,ret_12m,main,105.3,full,1.0,2026-09-23
1635.0,,004703,南方兴盛先锋混合A,0.14580703598370004,ret_12m,main,108.3,full,1.0,2026-09-23
1636.0,,002411,华夏新机遇混合A,0.14554769644347543,ret_12m,main,125.8,full,1.0,2026-09-23
1637.0,,000619,东方红产业升级混合,0.1454527516442421,ret_12m,main,147.6,full,1.0,2026-09-23
1638.0,,021431,景顺长城精锐成长混合A,0.14542142449959883,ret_12m,main,19.9,short,1.0,2026-09-23
1639.0,,121005,国投瑞银创新动力混合,0.14522012359117098,ret_12m,main,238.3,full,1.0,2026-09-23
1640.0,,169101,东方红睿丰混合,0.14488018495541133,ret_12m,main,144.1,full,1.0,2026-09-23
1641.0,,013465,博时智选量化多因子股票A,0.14452356994352566,ret_12m,main,58.7,full,1.0,2026-09-23
1642.0,,470098,汇添富逆向投资混合A,0.14423930172894828,ret_12m,main,174.5,full,1.0,2026-09-23
1643.0,,014878,华安价值驱动一年持有混合A,0.14414452605822348,ret_12m,main,54.9,full,1.0,2026-09-23
1644.0,,012993,汇添富品牌力一年持有混合A,0.14373603321389727,ret_12m,main,54.8,full,1.0,2026-09-23
1645.0,,015485,平安策略优选1年持有混合A,0.14346394036633336,ret_12m,main,44.2,full,1.0,2026-09-23
1646.0,,020062,格林宏观回报混合A,0.143430727100764,ret_12m,main,27.9,short,1.0,2026-09-23
1647.0,,690007,民生加银景气行业混合A,0.14312784398949185,ret_12m,main,178.0,full,1.0,2026-09-23
1648.0,,007775,汇安量化先锋混合A,0.14301082596854187,ret_12m,main,82.8,full,1.0,2026-09-23
1649.0,,011663,华安研究驱动混合A,0.14291431497727336,ret_12m,main,59.9,full,1.0,2026-09-23
1650.0,,019617,工银远见共赢混合A1,0.14283343412762228,ret_12m,main,33.6,short,1.0,2026-09-23
1651.0,,001637,嘉实量化精选股票,0.14256521869824468,ret_12m,main,129.5,full,1.0,2026-09-23
1652.0,,010116,民生加银新兴产业混合A,0.1425251604884672,ret_12m,main,72.1,full,1.0,2026-09-23
1653.0,,001681,新华积极价值灵活配置混合A,0.14237655690815187,ret_12m,main,129.1,full,1.0,2026-09-23
1654.0,,017494,东方红多元策略混合C,0.14229122242730874,ret_12m,main,45.6,full,1.0,2026-09-23
1655.0,,003501,宏利睿智稳健混合A,0.1419550488995367,ret_12m,main,118.0,full,1.0,2026-09-23
1656.0,,001277,博时国企改革股票A,0.14179995847865468,ret_12m,main,136.1,full,1.0,2026-09-23
1657.0,,023386,国泰聚智量化选股混合发起A,0.141351973651193,ret_12m,main,12.7,short,0.996,2026-09-23
1658.0,,001182,易方达安心回馈混合A,0.14132105927438876,ret_12m,main,135.9,full,1.0,2026-09-23
1659.0,,015245,南华丰汇混合A,0.14127028199995628,ret_12m,main,54.8,full,1.0,2026-09-23
1660.0,,015900,东方阿尔法兴科一年持有混合A,0.14093430953021535,ret_12m,main,47.8,full,1.0,2026-09-23
1661.0,,007137,鹏扬元合量化大盘A,0.14049530852945447,ret_12m,main,86.5,full,1.0,2026-09-23
1662.0,,009804,国泰研究优势混合A,0.14033890011380534,ret_12m,main,71.8,full,1.0,2026-09-23
1663.0,,004686,华夏研究精选股票,0.14017965888003903,ret_12m,main,108.6,full,1.0,2026-09-23
1664.0,,121006,国投瑞银稳健增长混合,0.14012742800636935,ret_12m,main,219.4,full,1.0,2026-09-23
1665.0,,012153,博时研究慧选混合A,0.13992155936388762,ret_12m,main,63.5,full,1.0,2026-09-23
1666.0,,001581,华安沪港深通精选灵活配置混合A,0.1398685035520888,ret_12m,main,115.2,full,1.0,2026-09-23
1667.0,,004934,圆信永丰消费升级,0.13980280278051516,ret_12m,main,102.1,full,1.0,2026-09-23
1668.0,,002959,汇添富盈泰混合,0.1397167110641495,ret_12m,main,121.7,full,1.0,2026-09-23
1669.0,,010971,华夏永鑫六个月持有期混合A,0.1396854930057616,ret_12m,main,65.1,full,1.0,2026-09-23
1670.0,,001645,国泰大健康股票A,0.13944148071228568,ret_12m,main,127.6,full,1.0,2026-09-23
1671.0,,021655,海富通量化选股混合A,0.13938907701123004,ret_12m,main,26.0,short,1.0,2026-09-23
1672.0,,202011,南方优选价值混合A,0.13935040257469855,ret_12m,main,219.2,full,1.0,2026-09-23
1673.0,,010826,大成产业趋势混合A,0.1392751716376679,ret_12m,main,67.4,full,1.0,2026-09-23
1674.0,,240002,华宝宝康配置混合,0.13913854852467145,ret_12m,main,278.3,full,1.0,2026-09-23
1675.0,,007130,中庚小盘价值股票,0.13903609052721122,ret_12m,main,89.7,full,1.0,2026-09-23
1676.0,,018937,财通医药健康混合A,0.1389625424197629,ret_12m,main,29.9,short,1.0,2026-09-23
1677.0,,010966,富国成长领航混合,0.1388578847041506,ret_12m,main,67.9,full,1.0,2026-09-23
1678.0,,019336,万家国企动力混合A,0.13877651959806392,ret_12m,main,30.1,short,1.0,2026-09-23
1679.0,,016045,华商研究回报一年持有混合A,0.13863848809628387,ret_12m,main,42.6,full,1.0,2026-09-23
1680.0,,021990,中加专精特新量化选股混合发起式A,0.13859559117356013,ret_12m,main,22.3,short,1.0,2026-09-23
1681.0,,002666,前海开源沪港深创新成长混合A,0.13848690663619978,ret_12m,main,123.0,full,1.0,2026-09-23
1682.0,,003641,长盛盛丰灵活配置混合A,0.13834228522166114,ret_12m,main,118.1,full,1.0,2026-09-23
1683.0,,000994,建信睿盈灵活配置混合A,0.13822780595961226,ret_12m,main,139.6,full,1.0,2026-09-23
1684.0,,004250,银河量化优选混合A,0.13802666208715442,ret_12m,main,112.9,full,1.0,2026-09-23
1685.0,,011765,兴银高端制造混合A,0.13802568680509686,ret_12m,main,64.6,full,1.0,2026-09-23
1686.0,,004604,富国新活力灵活配置混合A,0.13798533657046552,ret_12m,main,111.7,full,1.0,2026-09-23
1687.0,,501219,华夏智胜先锋股票(LOF)A,0.13791999182759684,ret_12m,main,57.3,full,1.0,2026-09-23
1688.0,,169102,东方红睿阳三年持有混合,0.137540675455464,ret_12m,main,140.1,full,1.0,2026-09-23
1689.0,,018217,博时厚泽匠选一年持有期混合A,0.13753879100502298,ret_12m,main,40.9,full,1.0,2026-09-23
1690.0,,160726,嘉实瑞享定期混合,0.13748369023417806,ret_12m,main,97.7,full,1.0,2026-09-23
1691.0,,001474,兴银丰盈灵活配置A,0.1370911835302433,ret_12m,main,135.0,full,1.0,2026-09-23
1692.0,,017635,银华动力领航混合A,0.13704185598731278,ret_12m,main,44.1,full,1.0,2026-09-23
1693.0,,011801,中银证券盈瑞混合A,0.13704170844752306,ret_12m,main,64.6,full,1.0,2026-09-23
1694.0,,014224,大成聚优成长混合A,0.13699294088666525,ret_12m,main,56.1,full,1.0,2026-09-23
1695.0,,001736,圆信永丰优加生活,0.13691007164783042,ret_12m,main,130.9,full,1.0,2026-09-23
1696.0,,015586,东方匠心优选混合A,0.13684029163154343,ret_12m,main,46.0,full,1.0,2026-09-23
1697.0,,005311,万家经济新动能混合A,0.13670891461100165,ret_12m,main,103.5,full,1.0,2026-09-23
1698.0,,013524,富国悦享回报12个月持有期混合A,0.13667208088430005,ret_12m,main,58.3,full,1.0,2026-09-23
1699.0,,011149,创金合信ESG责任投资股票A,0.1366447736477847,ret_12m,main,68.8,full,1.0,2026-09-23
1700.0,,013294,东方红智选三年持有混合A,0.1365788516829849,ret_12m,main,58.6,full,1.0,2026-09-23
1701.0,,015143,中欧智能制造混合A,0.1365221523764446,ret_12m,main,54.1,full,1.0,2026-09-23
1702.0,,001163,银华中国梦30股票,0.13646522808631478,ret_12m,main,136.8,full,1.0,2026-09-23
1703.0,,000523,国投瑞银医疗保健混合A,0.13639092063341995,ret_12m,main,150.9,full,1.0,2026-09-23
1704.0,,006696,汇添富研究优选灵活配置混合,0.13630838937704848,ret_12m,main,91.7,full,1.0,2026-09-23
1705.0,,011458,东方鑫享价值成长一年持有混合A,0.13626547372914866,ret_12m,main,64.2,full,1.0,2026-09-23
1706.0,,017598,华夏景气驱动混合A,0.13620147587972808,ret_12m,main,43.0,full,1.0,2026-09-23
1707.0,,009663,华泰紫金创新先锋混合(LOF)A,0.1360388832893329,ret_12m,main,74.2,full,1.0,2026-09-23
1708.0,,009800,长盛制造精选混合A,0.13587677730798098,ret_12m,main,72.9,full,1.0,2026-09-23
1709.0,,014625,财通资管稳兴丰益六个月持有期混合A,0.135715932723512,ret_12m,main,51.4,full,1.0,2026-09-23
1710.0,,160813,长盛同盛成长优选(LOF),0.13562174663529936,ret_12m,main,141.7,full,1.0,2026-09-23
1711.0,,630016,华商价值共享混合发起式,0.13556565469435156,ret_12m,main,162.2,full,1.0,2026-09-23
1712.0,,011927,博时汇誉回报混合A,0.13546452895294991,ret_12m,main,64.8,full,1.0,2026-09-23
1713.0,,011425,广发优势成长股票A,0.13489104099142168,ret_12m,main,67.4,full,1.0,2026-09-23
1714.0,,162204,宏利行业精选混合A,0.13440358168851296,ret_12m,main,266.5,full,1.0,2026-09-23
1715.0,,024501,招商科技智选混合发起式A,0.13427414293907858,ret_12m,main,13.6,short,1.0,2026-09-23
1716.0,,005960,博时量化价值股票A,0.13414016808247364,ret_12m,main,98.9,full,1.0,2026-09-23
1717.0,,340008,兴全有机增长混合,0.13392823882710014,ret_12m,main,210.0,full,1.0,2026-09-23
1718.0,,012475,平安优质企业混合A,0.13388118873455057,ret_12m,main,62.2,full,1.0,2026-09-23
1719.0,,004695,东兴未来价值混合A,0.1338557505498863,ret_12m,main,85.9,full,1.0,2026-09-23
1720.0,,014838,兴银碳中和主题混合A,0.13385441405180565,ret_12m,main,55.0,full,1.0,2026-09-23
1721.0,,014198,华夏智胜先锋股票C,0.13383974329542503,ret_12m,main,57.3,full,1.0,2026-09-23
1722.0,,015291,金元顺安产业臻选混合A,0.1336671434637473,ret_12m,main,33.1,short,1.0,2026-09-23
1723.0,,006058,民生加银新兴成长混合,0.13357808255496306,ret_12m,main,96.5,full,1.0,2026-09-23
1724.0,,001974,景顺长城量化新动力股票A,0.13337959306907088,ret_12m,main,122.3,full,1.0,2026-09-23
1725.0,,010751,宝盈优质成长混合A,0.1333146000691301,ret_12m,main,59.4,full,1.0,2026-09-23
1726.0,,014946,南方高质量优选混合A,0.13327486590499804,ret_12m,main,49.0,full,1.0,2026-09-23
1727.0,,460002,华泰柏瑞积极成长混合,0.13315566812663815,ret_12m,main,231.9,full,1.0,2026-09-23
1728.0,,020009,国泰金鹏蓝筹混合,0.13312689582060333,ret_12m,main,239.8,full,1.0,2026-09-23
1729.0,,009379,中银成长优选股票A,0.13309111096161286,ret_12m,main,66.0,full,1.0,2026-09-23
1730.0,,022846,富国景气优选混合A,0.13307897162960725,ret_12m,main,18.2,short,1.0,2026-09-23
1731.0,,005593,摩根创新商业模式混合A,0.13265272795592775,ret_12m,main,101.7,full,1.0,2026-09-23
1732.0,,010289,景顺长城产业趋势混合A,0.13253798450074328,ret_12m,main,68.2,full,1.0,2026-09-23
1733.0,,320016,诺安多策略混合A,0.1324213608569289,ret_12m,main,181.5,full,1.0,2026-09-23
1734.0,,257030,国联安优势混合,0.13239518448914733,ret_12m,main,236.0,full,1.0,2026-09-23
1735.0,,006392,中信保诚创新成长混合A,0.1323939855425047,ret_12m,main,91.8,full,1.0,2026-09-23
1736.0,,016105,申万菱信兴乐优选混合A,0.13232614074064464,ret_12m,main,49.0,full,1.0,2026-09-23
1737.0,,001796,汇添富安鑫智选混合A,0.132252576663912,ret_12m,main,129.9,full,1.0,2026-09-23
1738.0,,519120,浦银新兴产业混合A,0.13216610561690745,ret_12m,main,162.0,full,1.0,2026-09-23
1739.0,,019322,中信建投致远混合A,0.1320669827221168,ret_12m,main,31.8,short,1.0,2026-09-23
1740.0,,004448,博时汇智回报灵活配置混合,0.1318785922204193,ret_12m,main,113.4,full,1.0,2026-09-23
1741.0,,011260,金鹰新能源混合A,0.13185274120877888,ret_12m,main,66.0,full,1.0,2026-09-23
1742.0,,008491,万家周期优势企业混合A,0.13172654335780964,ret_12m,main,73.2,full,1.0,2026-09-23
1743.0,,229002,宏利逆向策略混合,0.13167364010606808,ret_12m,main,172.0,full,1.0,2026-09-23
1744.0,,000433,安信鑫发优选混合A,0.1316628085680358,ret_12m,main,152.7,full,1.0,2026-09-23
1745.0,,002182,东兴蓝海财富混合A,0.13153391123422087,ret_12m,main,129.0,full,1.0,2026-09-23
1746.0,,002367,国联安安稳混合,0.1313710604730538,ret_12m,main,126.4,full,1.0,2026-09-23
1747.0,,011698,南方均衡回报混合A,0.13129846338968032,ret_12m,main,64.9,full,1.0,2026-09-23
1748.0,,021372,天弘价值驱动混合A,0.1306291226722185,ret_12m,main,21.0,short,1.0,2026-09-23
1749.0,,000547,建信健康民生混合A,0.13051524675336967,ret_12m,main,150.1,full,1.0,2026-09-23
1750.0,,010731,广发创新医疗两年持有混合A,0.13038394097156525,ret_12m,main,66.2,full,1.0,2026-09-23
1751.0,,018918,华夏清洁能源龙头混合发起式A,0.13029512218509942,ret_12m,main,37.1,full,1.0,2026-09-23
1752.0,,012173,国泰兴泽优选一年持有期混合A,0.13011836465630755,ret_12m,main,60.0,full,1.0,2026-09-23
1753.0,,020305,信澳星煜智选混合A,0.12979849800281884,ret_12m,main,31.1,short,1.0,2026-09-23
1754.0,,010584,渤海汇金新动能主题混合A,0.12969764409596563,ret_12m,main,66.0,full,1.0,2026-09-23
1755.0,,005294,诺德新宜灵活配置混合,0.12968103095914518,ret_12m,main,104.3,full,1.0,2026-09-23
1756.0,,009789,富安达科技创新混合A,0.12962177455894586,ret_12m,main,72.1,full,1.0,2026-09-23
1757.0,,000993,华宝稳健回报混合,0.12952840130397547,ret_12m,main,137.9,full,1.0,2026-09-23
1758.0,,673110,西部利得新润混合A,0.1293733525535281,ret_12m,main,108.9,full,1.0,2026-09-23
1759.0,,000877,华泰柏瑞量化优选混合,0.1293594685901851,ret_12m,main,141.2,full,1.0,2026-09-23
1760.0,,002837,华夏网购精选混合A,0.12927219571036086,ret_12m,main,118.7,full,1.0,2026-09-23
1761.0,,019146,农银均衡优选混合A,0.12918559370315186,ret_12m,main,35.4,short,1.0,2026-09-23
1762.0,,002291,诺安安鑫灵活配置混合,0.12915861034711984,ret_12m,main,127.2,full,1.0,2026-09-23
1763.0,,121002,国投瑞银景气行业混合,0.1290261192066502,ret_12m,main,268.8,full,1.0,2026-09-23
1764.0,,008531,惠升惠民混合A,0.12902532282172996,ret_12m,main,78.6,full,1.0,2026-09-23
1765.0,,009740,博时研究臻选持有期混合A,0.12862824107554172,ret_12m,main,74.8,full,1.0,2026-09-23
1766.0,,024446,中欧大盘智选混合发起A,0.12856498972815888,ret_12m,main,14.9,short,0.9684,2026-09-23
1767.0,,003593,国泰景气行业灵活配置混合,0.12854830627928027,ret_12m,main,114.1,full,1.0,2026-09-23
1768.0,,000884,民生加银优选股票,0.1285282004474957,ret_12m,main,141.1,full,1.0,2026-09-23
1769.0,,166006,中欧行业成长混合(LOF)A,0.12846740138461876,ret_12m,main,200.8,full,1.0,2026-09-23
1770.0,,020842,联博智选混合A,0.12834840040061524,ret_12m,main,29.7,short,1.0,2026-09-23
1771.0,,001815,华泰柏瑞激励动力混合A,0.12830868552621677,ret_12m,main,130.9,full,1.0,2026-09-23
1772.0,,014119,金鹰时代先锋混合A,0.12817472338297198,ret_12m,main,55.9,full,1.0,2026-09-23
1773.0,,001603,易方达安盈回报混合A,0.12810118017403593,ret_12m,main,115.2,full,1.0,2026-09-23
1774.0,,090009,大成行业轮动混合A,0.12791389053640234,ret_12m,main,204.5,full,1.0,2026-09-23
1775.0,,519021,国泰金鼎价值混合,0.12785556262959497,ret_12m,main,233.0,full,1.0,2026-09-23
1776.0,,000029,富国宏观策略灵活配置混合A,0.12769221566823985,ret_12m,main,161.4,full,1.0,2026-09-23
1777.0,,011692,华安研究智选混合A,0.12752075154732334,ret_12m,main,61.4,full,1.0,2026-09-23
1778.0,,001143,华商量化进取混合,0.12714622042569435,ret_12m,main,137.5,full,1.0,2026-09-23
1779.0,,010885,长盛优势企业精选混合A,0.12700013199832405,ret_12m,main,67.6,full,1.0,2026-09-23
1780.0,,010423,国投瑞银价值成长一年持有混合A,0.1269950928913115,ret_12m,main,69.7,full,1.0,2026-09-23
1781.0,,011803,景顺长城宁景6个月持有混合A,0.12693280375449767,ret_12m,main,57.7,full,1.0,2026-09-23
1782.0,,000535,长盛航天海工混合A,0.12692429983103626,ret_12m,main,150.4,full,1.0,2026-09-23
1783.0,,012977,瑞达鑫红量化6个月持有混合A,0.12676341593312213,ret_12m,main,62.3,full,1.0,2026-09-23
1784.0,,015697,华夏磐润两年定开混合A,0.12657233943447999,ret_12m,main,49.0,full,1.0,2026-09-23
1785.0,,002943,广发多因子混合,0.12648286445464763,ret_12m,main,116.8,full,1.0,2026-09-23
1786.0,,015137,国富均衡增长混合A,0.12648120504671057,ret_12m,main,49.7,full,1.0,2026-09-23
1787.0,,014913,博时研究回报混合A,0.1263516362266952,ret_12m,main,54.3,full,1.0,2026-09-23
1788.0,,005434,鹏华睿投混合A,0.12631467548628916,ret_12m,main,99.8,full,1.0,2026-09-23
1789.0,,011729,工银聚享混合A,0.1262443403734239,ret_12m,main,61.0,full,1.0,2026-09-23
1790.0,,023404,海富通致远量化选股股票发起A,0.12553499479043428,ret_12m,main,15.0,short,1.0,2026-09-23
1791.0,,007254,广发均衡价值混合A,0.12547376779558617,ret_12m,main,87.1,full,1.0,2026-09-23
1792.0,,021316,民生加银智选成长股票A,0.12520728079193377,ret_12m,main,26.8,short,1.0,2026-09-23
1793.0,,025216,永赢资源慧选混合发起A,0.12515157308475966,ret_12m,main,13.1,short,1.0,2026-09-23
1794.0,,001150,融通互联网传媒灵活配置混合A,0.12489937820315089,ret_12m,main,137.3,full,1.0,2026-09-23
1795.0,,012880,国泰景气优选混合A,0.12484872918993872,ret_12m,main,58.4,full,1.0,2026-09-23
1796.0,,009152,南方瑞盛三年混合A,0.12462374746246008,ret_12m,main,77.2,full,1.0,2026-09-23
1797.0,,006535,恒生前海恒锦裕利A,0.12459446851742229,ret_12m,main,90.2,full,1.0,2026-09-23
1798.0,,018714,平安新鑫优选混合A,0.12453147143850596,ret_12m,main,37.3,full,1.0,2026-09-23
1799.0,,011820,兴业兴智一年持有期混合A,0.12423161819024742,ret_12m,main,64.5,full,1.0,2026-09-23
1800.0,,017424,华泰紫金先进制造混合发起A,0.12398691197644207,ret_12m,main,42.8,full,1.0,2026-09-23
1801.0,,001268,富国国家安全主题混合A,0.12393106164957768,ret_12m,main,136.3,full,1.0,2026-09-23
1802.0,,005244,国泰聚优价值灵活配置混合A,0.12388906147093692,ret_12m,main,106.3,full,1.0,2026-09-23
1803.0,,015902,博时优质精选混合A,0.12336283193188691,ret_12m,main,49.1,full,1.0,2026-09-23
1804.0,,010301,达诚成长先锋混合A,0.12333504900600345,ret_12m,main,70.9,full,1.0,2026-09-23
1805.0,,023344,信澳星瑞智选混合A,0.12301253642765331,ret_12m,main,18.2,short,1.0,2026-09-23
1806.0,,004218,前海开源裕和混合A,0.12295931976491814,ret_12m,main,113.4,full,1.0,2026-09-23
1807.0,,008576,财通碳中和一年持有混合A,0.12280117441891014,ret_12m,main,42.8,full,1.0,2026-09-23
1808.0,,005059,南方安福混合A,0.12275682651250186,ret_12m,main,106.7,full,1.0,2026-09-23
1809.0,,020158,信澳核心智选混合A,0.12255824059661502,ret_12m,main,31.7,short,1.0,2026-09-23
1810.0,,000480,东方红新动力混合A,0.12254420040368297,ret_12m,main,151.8,full,1.0,2026-09-23
1811.0,,007468,中信建投精选混合A,0.12253714541977834,ret_12m,main,81.8,full,1.0,2026-09-23
1812.0,,006336,泓德量化精选混合,0.12228363033513978,ret_12m,main,84.6,full,1.0,2026-09-23
1813.0,,002133,广发鑫益混合,0.12206697939926991,ret_12m,main,118.2,full,1.0,2026-09-23
1814.0,,005260,银华稳健增利灵活配置混合A,0.12195731255969,ret_12m,main,105.3,full,1.0,2026-09-23
1815.0,,018724,长信汇智量化选股混合A,0.12195143095579764,ret_12m,main,33.8,short,1.0,2026-09-23
1816.0,,013341,工银核心机遇混合A,0.1216616613246777,ret_12m,main,54.9,full,1.0,2026-09-23
1817.0,,011523,前海联合产业趋势混合A,0.12142879891824765,ret_12m,main,61.2,full,1.0,2026-09-23
1818.0,,260101,景顺长城优选混合,0.12134627785766461,ret_12m,main,275.0,full,1.0,2026-09-23
1819.0,,004075,交银医药创新股票A,0.12132400199561988,ret_12m,main,114.0,full,1.0,2026-09-23
1820.0,,050001,博时价值增长混合,0.12116287941637816,ret_12m,main,287.5,full,1.0,2026-09-23
1821.0,,000082,嘉实研究阿尔法股票A,0.12112335945007491,ret_12m,main,159.9,full,1.0,2026-09-23
1822.0,,002803,东方红沪港深混合,0.12105818426589021,ret_12m,main,122.4,full,1.0,2026-09-23
1823.0,,002562,泓德泓益量化混合A,0.12101734967030064,ret_12m,main,124.9,full,1.0,2026-09-23
1824.0,,002213,中海顺鑫灵活配置混合,0.12095974938874554,ret_12m,main,128.8,full,1.0,2026-09-23
1825.0,,012111,鹏华安颐混合A,0.1203227541645504,ret_12m,main,58.7,full,1.0,2026-09-23
1826.0,,018493,西部利得汇鑫6个月持有期混合A,0.12024095216696895,ret_12m,main,38.0,full,1.0,2026-09-23
1827.0,,020966,东吴科技创新混合A,0.12001310062409054,ret_12m,main,25.1,short,1.0,2026-09-23
1828.0,,003502,金鹰鑫瑞混合A,0.1198551556674945,ret_12m,main,117.6,full,1.0,2026-09-23
1829.0,,010373,西部利得聚兴一年定开混合A,0.11977010244001862,ret_12m,main,64.8,full,1.0,2026-09-23
1830.0,,005840,富国产业驱动混合A,0.11964573291407699,ret_12m,main,94.3,full,1.0,2026-09-23
1831.0,,002494,兴业聚盈混合A,0.11944774568996386,ret_12m,main,125.5,full,1.0,2026-09-23
1832.0,,519965,长信量化多策略股票A,0.1193961097466758,ret_12m,main,134.3,full,1.0,2026-09-23
1833.0,,017549,平安策略回报混合A,0.11937259280700374,ret_12m,main,37.3,full,1.0,2026-09-23
1834.0,,024640,中欧化工产业混合发起A,0.11932550113118423,ret_12m,main,13.3,short,1.0,2026-09-23
1835.0,,006564,圆信永丰精选回报混合,0.11931991255324825,ret_12m,main,88.3,full,1.0,2026-09-23
1836.0,,000273,华润元大安鑫灵活配置混合A,0.11929404727537984,ret_12m,main,156.4,full,1.0,2026-09-23
1837.0,,005760,富国周期优势混合A,0.11916817785374012,ret_12m,main,98.5,full,1.0,2026-09-23
1838.0,,005303,嘉实医药健康股票A,0.11902258948301325,ret_12m,main,105.6,full,1.0,2026-09-23
1839.0,,019421,华安远见慧选混合发起式A1,0.11895462287040504,ret_12m,main,33.6,short,1.0,2026-09-23
1840.0,,003119,博时鑫源混合A,0.11877141955604498,ret_12m,main,121.0,full,1.0,2026-09-23
1841.0,,001126,摩根卓越制造股票A,0.11871572292139976,ret_12m,main,137.3,full,1.0,2026-09-23
1842.0,,519975,长信量化中小盘股票A,0.11869811453795931,ret_12m,main,139.6,full,1.0,2026-09-23
1843.0,,050201,博时价值增长贰号混合,0.11867093050500288,ret_12m,main,239.9,full,1.0,2026-09-23
1844.0,,009686,华夏磐利一年定开混合A,0.11828475800798643,ret_12m,main,73.8,full,1.0,2026-09-23
1845.0,,023780,摩根汇智优选混合A,0.11821943154048964,ret_12m,main,14.1,short,1.0,2026-09-23
1846.0,,165531,中信保诚多策略混合(LOF)A,0.1180555057710786,ret_12m,main,111.2,full,1.0,2026-09-23
1847.0,,010781,兴业聚申一年持有期混合A,0.11801671199698194,ret_12m,main,69.0,full,1.0,2026-09-23
1848.0,,011160,富国质量成长6个月持有混合A,0.11801508146995743,ret_12m,main,66.0,full,1.0,2026-09-23
1849.0,,015305,银华鑫峰混合A,0.11797402823846914,ret_12m,main,52.8,full,1.0,2026-09-23
1850.0,,008085,海富通先进制造股票A,0.11796213124098776,ret_12m,main,81.2,full,1.0,2026-09-23
1851.0,,010694,万家内需增长一年持有混合,0.11787376996033228,ret_12m,main,66.7,full,1.0,2026-09-23
1852.0,,163409,兴全绿色投资混合(LOF),0.11775654332062024,ret_12m,main,184.6,full,1.0,2026-09-23
1853.0,,024455,银华成长智选混合A,0.117722546901873,ret_12m,main,15.1,short,0.9763,2026-09-23
1854.0,,000432,中银优秀企业混合A,0.11769897867085,ret_12m,main,151.8,full,1.0,2026-09-23
1855.0,,005984,兴业聚华混合A,0.11766721207225084,ret_12m,main,78.1,full,1.0,2026-09-23
1856.0,,410003,华富成长趋势混合A,0.11765148336281817,ret_12m,main,234.2,full,1.0,2026-09-23
1857.0,,024711,中金新锐股票A,0.11711419439044723,ret_12m,main,14.8,short,1.0,2026-09-23
1858.0,,270007,广发大盘成长混合,0.11674901518485759,ret_12m,main,231.4,full,1.0,2026-09-23
1859.0,,501208,中欧创新未来混合(LOF),0.11653216507084507,ret_12m,main,71.5,full,1.0,2026-09-23
1860.0,,004677,博时战略新兴产业混合,0.11633406086334652,ret_12m,main,109.5,full,1.0,2026-09-23
1861.0,,005708,国联安远见成长混合,0.11598163880783452,ret_12m,main,100.3,full,1.0,2026-09-23
1862.0,,024895,泰康资源精选股票发起A,0.11591880635278717,ret_12m,main,13.4,short,1.0,2026-09-23
1863.0,,070013,嘉实研究精选混合,0.1158302000575282,ret_12m,main,219.9,full,1.0,2026-09-23
1864.0,,008150,嘉实远见企业精选两年持有期混合,0.11582703483638057,ret_12m,main,72.0,full,1.0,2026-09-23
1865.0,,009840,东财量化精选A,0.11579882759132087,ret_12m,main,73.8,full,1.0,2026-09-23
1866.0,,014261,摩根沃享远见一年持有期混合A,0.11559462963446188,ret_12m,main,55.9,full,1.0,2026-09-23
1867.0,,004119,广发创新驱动灵活配置混合,0.11555258487431486,ret_12m,main,111.5,full,1.0,2026-09-23
1868.0,,017532,平安研究优选混合A,0.1154119868939989,ret_12m,main,42.1,full,1.0,2026-09-23
1869.0,,000932,前海开源睿远稳健增利混合A,0.11528611159462043,ret_12m,main,140.3,full,1.0,2026-09-23
1870.0,,003175,华泰柏瑞多策略混合A,0.11528412496460216,ret_12m,main,119.8,full,1.0,2026-09-23
1871.0,,001488,万家瑞丰灵活配置混合A,0.11518131483164362,ret_12m,main,135.2,full,1.0,2026-09-23
1872.0,,161219,国投瑞银新兴产业混合(LOF)A,0.11513029519380003,ret_12m,main,177.3,full,1.0,2026-09-23
1873.0,,002334,汇丰晋信大盘波动股票A,0.11483996026076615,ret_12m,main,126.4,full,1.0,2026-09-23
1874.0,,001128,宝盈新兴产业混合A,0.11481764774663827,ret_12m,main,137.4,full,1.0,2026-09-23
1875.0,,010340,易方达高质量严选三年持有,0.11471203441555189,ret_12m,main,70.3,full,1.0,2026-09-23
1876.0,,620004,金元顺安价值增长混合,0.11457032854083438,ret_12m,main,204.4,full,1.0,2026-09-23
1877.0,,001705,泓德战略转型股票,0.11454168741302273,ret_12m,main,130.4,full,1.0,2026-09-23
1878.0,,025599,国泰海通新锐量化选股混合C,0.11436497557597969,ret_12m,main,46.8,full,0.996,2026-09-23
1879.0,,011740,博时成长精选混合A,0.11413131454551206,ret_12m,main,65.1,full,1.0,2026-09-23
1880.0,,005741,南方君信混合A,0.11412155506434973,ret_12m,main,99.8,full,1.0,2026-09-23
1881.0,,014691,中加量化研选混合A,0.11367095600127364,ret_12m,main,53.4,full,1.0,2026-09-23
1882.0,,519019,大成景阳领先混合A,0.1134883414331167,ret_12m,main,224.2,full,1.0,2026-09-23
1883.0,,163302,大摩资源优选混合(LOF),0.11338409692858153,ret_12m,main,251.9,full,1.0,2026-09-23
1884.0,,014558,华商品质慧选混合A,0.11334108114776376,ret_12m,main,54.5,full,1.0,2026-09-23
1885.0,,006167,德邦乐享生活混合A,0.11326391556414772,ret_12m,main,90.4,full,1.0,2026-09-23
1886.0,,016492,南方均衡成长混合A,0.11326381438331512,ret_12m,main,47.8,full,1.0,2026-09-23
1887.0,,005225,广发量化多因子混合A,0.11319189925074613,ret_12m,main,102.1,full,1.0,2026-09-23
1888.0,,015373,浙商智选新兴产业混合A,0.11305738509477714,ret_12m,main,52.0,full,1.0,2026-09-23
1889.0,,004279,国寿安保稳荣混合A,0.11292350224117143,ret_12m,main,115.4,full,1.0,2026-09-23
1890.0,,010442,东方红启盛三年持有混合B,0.11274958162179227,ret_12m,main,62.5,full,1.0,2026-09-23
1891.0,,021692,招商资管智达量化选股混合发起A,0.11227162702222349,ret_12m,main,24.0,short,1.0,2026-09-23
1892.0,,014995,中欧量化先锋混合A,0.11218445529478371,ret_12m,main,55.2,full,1.0,2026-09-23
1893.0,,010128,宝盈发展新动能股票A,0.11216769250297554,ret_12m,main,71.9,full,1.0,2026-09-23
1894.0,,008245,圆信永丰致优混合A,0.11207576529192109,ret_12m,main,81.0,full,1.0,2026-09-23
1895.0,,011837,鹏扬中国优质成长混合A,0.11198746401993298,ret_12m,main,63.5,full,1.0,2026-09-23
1896.0,,010275,嘉实优质精选混合A,0.111982687772193,ret_12m,main,69.5,full,1.0,2026-09-23
1897.0,,008415,国泰大制造两年持有期混合,0.11189366682749702,ret_12m,main,75.8,full,1.0,2026-09-23
1898.0,,007368,浙商沪港深精选混合A,0.1118901837720101,ret_12m,main,86.9,full,1.0,2026-09-23
1899.0,,003751,万家瑞隆混合A,0.11156090386573814,ret_12m,main,117.7,full,1.0,2026-09-23
1900.0,,010452,广发瑞福精选混合A,0.11144698810899856,ret_12m,main,70.4,full,1.0,2026-09-23
1901.0,,008274,大成行业先锋混合A,0.1113994238260334,ret_12m,main,78.0,full,1.0,2026-09-23
1902.0,,011807,平安研究精选混合A,0.11121901559668879,ret_12m,main,64.0,full,1.0,2026-09-23
1903.0,,320012,诺安主题精选混合,0.11100298996174107,ret_12m,main,192.3,full,1.0,2026-09-23
1904.0,,009795,嘉实远见精选两年持有期混合,0.11096620726180828,ret_12m,main,74.0,full,1.0,2026-09-23
1905.0,,010934,国寿安保稳福6个月持有期混合A,0.1109244514459129,ret_12m,main,63.2,full,1.0,2026-09-23
1906.0,,008311,圆信永丰优选价值A,0.11085451653543332,ret_12m,main,76.2,full,1.0,2026-09-23
1907.0,,021491,中航远见领航混合发起A,0.11084089215746773,ret_12m,main,24.8,short,1.0,2026-09-23
1908.0,,460001,华泰柏瑞盛世中国混合,0.1107103270620855,ret_12m,main,256.9,full,1.0,2026-09-23
1909.0,,080015,长盛中小盘精选混合,0.11053521669390132,ret_12m,main,170.4,full,1.0,2026-09-23
1910.0,,004724,先锋聚元灵活配置混合A,0.11051890309285217,ret_12m,main,106.2,full,1.0,2026-09-23
1911.0,,005711,永赢惠添利灵活配置混合,0.11031580212906289,ret_12m,main,99.8,full,1.0,2026-09-23
1912.0,,012123,招商金安成长严选混合,0.11018281508658578,ret_12m,main,63.4,full,1.0,2026-09-23
1913.0,,000520,上银新兴价值成长混合A,0.11017730905787815,ret_12m,main,148.6,full,1.0,2026-09-23
1914.0,,004774,汇添富添福吉祥混合A,0.11011055255989022,ret_12m,main,110.0,full,1.0,2026-09-23
1915.0,,519766,交银荣鑫灵活配置混合A,0.11009129283420838,ret_12m,main,126.0,full,1.0,2026-09-23
1916.0,,501081,中欧科创主题混合(LOF)A,0.11002480264540315,ret_12m,main,86.9,full,1.0,2026-09-23
1917.0,,008297,广发价值优势混合,0.1100139574352319,ret_12m,main,78.7,full,1.0,2026-09-23
1918.0,,017764,大成均衡增长混合A,0.10978323224769992,ret_12m,main,42.1,full,1.0,2026-09-23
1919.0,,008905,嘉合锦鹏添利混合A,0.10970244833593967,ret_12m,main,76.8,full,1.0,2026-09-23
1920.0,,590006,中邮中小盘灵活配置混合A,0.10945222005227806,ret_12m,main,184.5,full,1.0,2026-09-23
1921.0,,501076,鹏华创新动力混合(LOF),0.10937939108786465,ret_12m,main,87.5,full,1.0,2026-09-23
1922.0,,009989,华宝研究精选混合,0.10922256998358337,ret_12m,main,72.9,full,1.0,2026-09-23
1923.0,,000589,光大银发商机混合A,0.1092141308560437,ret_12m,main,148.8,full,1.0,2026-09-23
1924.0,,001148,申万菱信多策略灵活配置混合A,0.10904335109809726,ret_12m,main,137.8,full,1.0,2026-09-23
1925.0,,004657,金鹰民富收益混合A,0.10888175385017851,ret_12m,main,65.3,full,1.0,2026-09-23
1926.0,,001468,广发改革混合,0.10884672123343875,ret_12m,main,133.9,full,1.0,2026-09-23
1927.0,,288001,华夏经典混合,0.10880792723411536,ret_12m,main,270.3,full,1.0,2026-09-23
1928.0,,012828,富国浦诚回报12个月持有混合A,0.10865264239994521,ret_12m,main,61.9,full,1.0,2026-09-23
1929.0,,021308,鹏华创新医药混合A,0.10860703943045968,ret_12m,main,27.9,short,1.0,2026-09-23
1930.0,,012572,恒越乐享添利混合A,0.10855738796013958,ret_12m,main,59.8,full,1.0,2026-09-23
1931.0,,019600,鹏华智投800混合A,0.10845301078887393,ret_12m,main,31.9,short,1.0,2026-09-23
1932.0,,014874,惠升惠远回报混合A,0.10844091473672157,ret_12m,main,56.1,full,1.0,2026-09-23
1933.0,,014508,汇添富先进制造混合A,0.1083164441302451,ret_12m,main,54.7,full,1.0,2026-09-23
1934.0,,001047,光大国企改革股票A,0.1083005090594884,ret_12m,main,138.0,full,1.0,2026-09-23
1935.0,,010120,九泰久福量化股票A,0.10792668498129743,ret_12m,main,68.1,full,1.0,2026-09-23
1936.0,,011921,富国均衡成长三年持有期混合A,0.10789049168092912,ret_12m,main,60.2,full,1.0,2026-09-23
1937.0,,001530,万家瑞富灵活配置混合A,0.10787654129255864,ret_12m,main,117.9,full,1.0,2026-09-23
1938.0,,007674,工银产业升级股票A,0.10786596813593463,ret_12m,main,81.0,full,1.0,2026-09-23
1939.0,,005373,中加紫金灵活配置混合A,0.1076477541774461,ret_12m,main,101.7,full,1.0,2026-09-23
1940.0,,013033,泰信智选量化选股混合发起式A,0.10744015067850388,ret_12m,main,16.1,short,1.0,2026-09-23
1941.0,,013632,富国利享回报12个月持有混合A,0.10725216169939689,ret_12m,main,52.9,full,1.0,2026-09-23
1942.0,,270022,广发内需增长混合A,0.10722870460246514,ret_12m,main,197.2,full,1.0,2026-09-23
1943.0,,003745,广发多元新兴股票,0.10699142047667531,ret_12m,main,113.0,full,1.0,2026-09-23
1944.0,,002472,光大先进服务业混合A,0.10667627184750983,ret_12m,main,108.1,full,1.0,2026-09-23
1945.0,,121010,国投瑞银瑞源灵活配置混合A,0.10659548118831674,ret_12m,main,177.1,full,1.0,2026-09-23
1946.0,,015904,广发新能源精选股票A,0.10643281301389118,ret_12m,main,45.8,full,1.0,2026-09-23
1947.0,,008811,鹏华科技创新混合,0.10607208753024167,ret_12m,main,80.3,full,1.0,2026-09-23
1948.0,,007243,安信核心竞争力混合A,0.1059619941957104,ret_12m,main,87.6,full,1.0,2026-09-23
1949.0,,012955,国寿安保稳盛6个月持有混合A,0.10588181101722927,ret_12m,main,61.2,full,1.0,2026-09-23
1950.0,,022702,人保核心智选混合A,0.10587469713482855,ret_12m,main,16.3,short,1.0,2026-09-23
1951.0,,001225,中邮趋势精选灵活配置混合A,0.10575685506974475,ret_12m,main,135.9,full,1.0,2026-09-23
1952.0,,014139,易方达高质量增长量化精选股票A,0.10554402641370175,ret_12m,main,52.6,full,1.0,2026-09-23
1953.0,,002846,泓德泓华混合,0.10543045231464032,ret_12m,main,117.7,full,1.0,2026-09-23
1954.0,,501227,泓德红利优选混合(LOF)A,0.10513090007671422,ret_12m,main,16.8,short,1.0,2026-09-23
1955.0,,011138,广发聚鸿六个月持有期混合A,0.10492853840677663,ret_12m,main,67.4,full,1.0,2026-09-23
1956.0,,014024,华富卓越成长一年持有期混合A,0.10488934513523951,ret_12m,main,56.3,full,1.0,2026-09-23
1957.0,,012995,嘉实策略视野三年持有期混合,0.10472002854339202,ret_12m,main,56.8,full,1.0,2026-09-23
1958.0,,020064,西部利得科技创新混合A,0.10471196178256359,ret_12m,main,33.1,short,1.0,2026-09-23
1959.0,,006527,富国优质发展混合A,0.10460711677456414,ret_12m,main,91.9,full,1.0,2026-09-23
1960.0,,002449,民生加银量化中国混合A,0.10457176591175665,ret_12m,main,124.2,full,1.0,2026-09-23
1961.0,,200007,长城安心回报混合A,0.10451192493776795,ret_12m,main,241.1,full,1.0,2026-09-23
1962.0,,011146,创金合信气候变化责任投资股票A,0.10440841324869132,ret_12m,main,68.8,full,1.0,2026-09-23
1963.0,,070099,嘉实优质企业混合,0.10439595840298188,ret_12m,main,225.5,full,1.0,2026-09-23
1964.0,,161224,国投瑞银新丝路混合(LOF),0.10419975854482555,ret_12m,main,137.5,full,1.0,2026-09-23
1965.0,,006227,华宝科技先锋混合A,0.10401454311117875,ret_12m,main,91.3,full,1.0,2026-09-23
1966.0,,019431,永赢睿信混合A,0.10357019793255806,ret_12m,main,33.1,short,1.0,2026-09-23
1967.0,,010338,国投瑞银远见成长混合A,0.10337909661925493,ret_12m,main,69.2,full,1.0,2026-09-23
1968.0,,013284,上银价值增长3个月持有期混合A,0.10318224807885912,ret_12m,main,57.1,full,1.0,2026-09-23
1969.0,,014199,建信沃信一年持有混合A,0.10317169963745099,ret_12m,main,56.1,full,1.0,2026-09-23
1970.0,,169201,浙商鼎盈事件驱动混合,0.103081233557897,ret_12m,main,117.5,full,1.0,2026-09-23
1971.0,,011708,中欧嘉益一年持有期混合A,0.10304084762340615,ret_12m,main,64.6,full,1.0,2026-09-23
1972.0,,012406,永赢长远价值混合A,0.10303519713982379,ret_12m,main,60.3,full,1.0,2026-09-23
1973.0,,010615,国金自主创新混合A,0.10288192224992376,ret_12m,main,68.1,full,1.0,2026-09-23
1974.0,,002819,招商丰美混合A,0.10283729662117036,ret_12m,main,118.4,full,1.0,2026-09-23
1975.0,,011471,鹏华致远成长混合A,0.10280621626616115,ret_12m,main,66.2,full,1.0,2026-09-23
1976.0,,011997,景顺长城安盈回报一年持有混合A,0.102804890548291,ret_12m,main,64.0,full,1.0,2026-09-23
1977.0,,000172,华泰柏瑞量化增强混合A,0.10272447232637072,ret_12m,main,157.7,full,1.0,2026-09-23
1978.0,,009683,汇添富创新增长一年定开混合A,0.10253880308587293,ret_12m,main,75.0,full,1.0,2026-09-23
1979.0,,014701,中欧量化动能混合A,0.1025310307446814,ret_12m,main,52.0,full,1.0,2026-09-23
1980.0,,020090,万家研究领航混合A,0.10246693780755844,ret_12m,main,28.0,short,1.0,2026-09-23
1981.0,,001780,诺安改革趋势混合A,0.10244470202512845,ret_12m,main,108.8,full,1.0,2026-09-23
1982.0,,690011,民生加银积极成长混合发起式,0.10234221744070293,ret_12m,main,163.7,full,1.0,2026-09-23
1983.0,,011743,华夏兴源稳健一年持有混合A,0.10229916891241131,ret_12m,main,63.0,full,1.0,2026-09-23
1984.0,,003291,信澳健康中国混合A,0.10221864290788218,ret_12m,main,109.2,full,1.0,2026-09-23
1985.0,,161728,招商瑞智优选混合(LOF),0.10215957626805983,ret_12m,main,98.6,full,1.0,2026-09-23
1986.0,,001135,益民品质升级混合A,0.10215146401707687,ret_12m,main,136.6,full,1.0,2026-09-23
1987.0,,377010,摩根阿尔法混合A,0.10186569138952706,ret_12m,main,251.4,full,1.0,2026-09-23
1988.0,,210003,金鹰行业优势混合A,0.10185762279826016,ret_12m,main,206.8,full,1.0,2026-09-23
1989.0,,011296,汇添富优势行业一年持有混合A,0.10177812099050376,ret_12m,main,64.8,full,1.0,2026-09-23
1990.0,,000977,长城环保主题混合A,0.10149002110145333,ret_12m,main,137.5,full,1.0,2026-09-23
1991.0,,009391,汇添富优质成长混合A,0.10137565790474734,ret_12m,main,76.0,full,1.0,2026-09-23
1992.0,,519727,交银成长30混合,0.10136064949043733,ret_12m,main,159.6,full,1.0,2026-09-23
1993.0,,022164,西部利得央企优选股票A,0.10105903088745927,ret_12m,main,21.4,short,1.0,2026-09-23
1994.0,,004335,华宝新飞跃灵活配置混合,0.10083137248745011,ret_12m,main,114.8,full,1.0,2026-09-23
1995.0,,010072,方正富邦策略精选A,0.10076652156601429,ret_12m,main,69.7,full,1.0,2026-09-23
1996.0,,519755,交银多策略回报灵活配置混合A,0.1006031961561451,ret_12m,main,135.7,full,1.0,2026-09-23
1997.0,,013103,博时新能源主题混合A,0.10042612082449054,ret_12m,main,61.0,full,1.0,2026-09-23
1998.0,,519095,新华行业周期轮换混合A,0.10039863119269898,ret_12m,main,194.1,full,1.0,2026-09-23
1999.0,,013962,华夏创新视野一年持有混合A,0.1003437454719438,ret_12m,main,58.4,full,1.0,2026-09-23
2000.0,,010610,摩根远见两年持有期混合,0.10024612542598876,ret_12m,main,68.4,full,1.0,2026-09-23
2001.0,,013141,中信保诚弘远混合A,0.10023043632314188,ret_12m,main,60.7,full,1.0,2026-09-23
2002.0,,001314,易方达新益混合I,0.09998537457002432,ret_12m,main,135.3,full,1.0,2026-09-23
2003.0,,750001,安信灵活配置混合A,0.09951900944931835,ret_12m,main,171.1,full,1.0,2026-09-23
2004.0,,004475,华泰柏瑞富利混合A,0.09936246598208442,ret_12m,main,108.4,full,1.0,2026-09-23
2005.0,,014333,工银优势领航混合A,0.09931012668001937,ret_12m,main,54.0,full,1.0,2026-09-23
2006.0,,017769,博时信享一年持有期混合A,0.09882127388311979,ret_12m,main,42.5,full,1.0,2026-09-23
2007.0,,519069,汇添富价值精选混合,0.09876191839914061,ret_12m,main,212.0,full,1.0,2026-09-23
2008.0,,000165,国投瑞银策略精选混合,0.09874907630628482,ret_12m,main,155.9,full,1.0,2026-09-23
2009.0,,001722,工银银和利混合,0.09840196931824052,ret_12m,main,116.8,full,1.0,2026-09-23
2010.0,,005947,德邦民裕进取量化混合A,0.09837363096122842,ret_12m,main,99.1,full,1.0,2026-09-23
2011.0,,450010,国富策略回报混合A,0.098150600254999,ret_12m,main,181.7,full,1.0,2026-09-23
2012.0,,005855,中科沃土沃瑞混合A,0.09814198552641251,ret_12m,main,92.3,full,1.0,2026-09-23
2013.0,,015635,汇安价值先锋混合A,0.0981081242376427,ret_12m,main,47.8,full,1.0,2026-09-23
2014.0,,012744,光大品质生活混合A,0.09805980816636861,ret_12m,main,62.2,full,1.0,2026-09-23
2015.0,,014606,招商高端装备混合A,0.09802894992422218,ret_12m,main,54.7,full,1.0,2026-09-23
2016.0,,001291,大摩量化多策略股票,0.097736041015829,ret_12m,main,135.7,full,1.0,2026-09-23
2017.0,,011212,富国稳健策略6个月持有混合A,0.09755119853806749,ret_12m,main,67.4,full,1.0,2026-09-23
2018.0,,450011,国富研究精选混合A,0.09753477239085906,ret_12m,main,172.1,full,1.0,2026-09-23
2019.0,,014513,金鹰远见优选混合A,0.09743606057408094,ret_12m,main,51.1,full,1.0,2026-09-23
2020.0,,160133,南方天元新产业股票(LOF),0.09728061779488284,ret_12m,main,146.7,full,1.0,2026-09-23
2021.0,,310368,申万菱信竞争优势混合A,0.09721170987236905,ret_12m,main,218.6,full,1.0,2026-09-23
2022.0,,519171,浦银医疗健康混合A,0.09707508609244453,ret_12m,main,136.0,full,1.0,2026-09-23
2023.0,,501051,圆信永丰汇利混合(LOF),0.09706357583186764,ret_12m,main,105.8,full,1.0,2026-09-23
2024.0,,011773,国寿安保璟珹6个月持有混合A,0.0969730612734434,ret_12m,main,63.0,full,1.0,2026-09-23
2025.0,,040015,华安动态灵活配置混合A,0.0966386206982437,ret_12m,main,201.0,full,1.0,2026-09-23
2026.0,,000362,国泰聚信价值优势混合A,0.09651816633070864,ret_12m,main,153.2,full,1.0,2026-09-23
2027.0,,017935,国泰海通远见价值混合发起A,0.09647827678020726,ret_12m,main,42.8,full,1.0,2026-09-23
2028.0,,012850,国联低碳经济3个月持有混合A,0.09636689435635404,ret_12m,main,61.7,full,1.0,2026-09-23
2029.0,,009169,湘财长兴灵活配置混合A,0.09632550341895207,ret_12m,main,77.0,full,1.0,2026-09-23
2030.0,,010728,中泰兴诚价值一年持有混合A,0.09615875854353106,ret_12m,main,67.4,full,1.0,2026-09-23
2031.0,,161222,国投瑞银瑞利混合(LOF)A,0.09607988542797652,ret_12m,main,139.6,full,1.0,2026-09-23
2032.0,,010560,永赢稳健增利18个月持有混合A,0.09606342931325007,ret_12m,main,67.9,full,1.0,2026-09-23
2033.0,,012412,汇泉策略优选混合A,0.0957536802386314,ret_12m,main,62.1,full,1.0,2026-09-23
2034.0,,151002,银河收益混合A,0.09565210058240292,ret_12m,main,277.7,full,1.0,2026-09-23
2035.0,,012568,天弘高端制造混合A,0.0954281505640242,ret_12m,main,62.3,full,1.0,2026-09-23
2036.0,,100029,富国天成红利混合,0.09542006744599507,ret_12m,main,219.9,full,1.0,2026-09-23
2037.0,,010333,华夏核心资产混合A,0.09541604192400488,ret_12m,main,67.8,full,1.0,2026-09-23
2038.0,,004209,大成智惠量化多策略混合A,0.09536897341723649,ret_12m,main,114.1,full,1.0,2026-09-23
2039.0,,024429,东方红核心价值混合A,0.09528769849964669,ret_12m,main,15.6,short,1.0,2026-09-23
2040.0,,163417,兴全合宜混合(LOF)A,0.09515521409530203,ret_12m,main,104.0,full,1.0,2026-09-23
2041.0,,002934,泰康恒泰回报混合A,0.0948382695898613,ret_12m,main,122.3,full,1.0,2026-09-23
2042.0,,001685,汇添富沪港深新价值股票,0.09479022866127607,ret_12m,main,121.9,full,1.0,2026-09-23
2043.0,,010690,万家互联互通核心资产量化A,0.09451299662426393,ret_12m,main,66.0,full,1.0,2026-09-23
2044.0,,004355,嘉实丰和灵活配置混合A,0.09444231591481356,ret_12m,main,113.1,full,1.0,2026-09-23
2045.0,,009106,嘉合同顺智选股票A,0.09438077667546052,ret_12m,main,76.1,full,1.0,2026-09-23
2046.0,,519007,海富通强化回报混合,0.09427419220337518,ret_12m,main,244.0,full,1.0,2026-09-23
2047.0,,450001,国富中国收益混合A,0.09426988975845974,ret_12m,main,255.7,full,1.0,2026-09-23
2048.0,,017038,富国中证1000优选股票A,0.09418131102451777,ret_12m,main,46.0,full,1.0,2026-09-23
2049.0,,014016,中信建投品质优选一年持有A,0.09391110636105471,ret_12m,main,53.9,full,1.0,2026-09-23
2050.0,,012155,汇添富成长先锋六个月持有混合A,0.09382514697359867,ret_12m,main,61.7,full,1.0,2026-09-23
2051.0,,002660,兴业聚源混合A,0.09380966043273675,ret_12m,main,122.8,full,1.0,2026-09-23
2052.0,,010902,博时成长领航混合A,0.09376096538353162,ret_12m,main,68.0,full,1.0,2026-09-23
2053.0,,010868,华宝安盈混合A,0.09360442175060424,ret_12m,main,63.5,full,1.0,2026-09-23
2054.0,,008846,大成民稳增长混合A,0.09348934717605029,ret_12m,main,77.8,full,1.0,2026-09-23
2055.0,,012387,国金ESG持续增长混合A,0.09346267022532229,ret_12m,main,62.1,full,1.0,2026-09-23
2056.0,,001574,中海混改红利混合A,0.09338964503187097,ret_12m,main,130.4,full,1.0,2026-09-23
2057.0,,002317,招商睿逸混合,0.09333965240954933,ret_12m,main,125.3,full,1.0,2026-09-23
2058.0,,015976,光大数字经济主题混合A,0.09320741736819005,ret_12m,main,34.5,short,1.0,2026-09-23
2059.0,,519616,银河君信混合A,0.09316906517230583,ret_12m,main,120.5,full,1.0,2026-09-23
2060.0,,070001,嘉实成长收益混合A,0.09315664750050212,ret_12m,main,286.6,full,1.0,2026-09-23
2061.0,,008546,南方产业优势两年混合A,0.09281154241316014,ret_12m,main,73.3,full,1.0,2026-09-23
2062.0,,024443,华夏瑞享回报混合A,0.0926784894310424,ret_12m,main,15.1,short,0.9763,2026-09-23
2063.0,,002137,诺安利鑫灵活配置混合A,0.0924985929472546,ret_12m,main,129.7,full,1.0,2026-09-23
2064.0,,006251,银华兴盛股票A,0.09221233055242606,ret_12m,main,85.7,full,1.0,2026-09-23
2065.0,,202007,南方隆元产业主题混合,0.09204034978355602,ret_12m,main,226.3,full,1.0,2026-09-23
2066.0,,000507,宏利宏达混合A,0.091668000180956,ret_12m,main,150.6,full,1.0,2026-09-23
2067.0,,018038,富国融裕两年持有期混合A,0.0916670004451523,ret_12m,main,36.8,full,1.0,2026-09-23
2068.0,,015887,国投瑞银行业睿选混合A,0.09164639561832155,ret_12m,main,48.5,full,1.0,2026-09-23
2069.0,,011703,中金鑫瑞优选一年持有混合,0.0915568643930964,ret_12m,main,62.4,full,1.0,2026-09-23
2070.0,,017043,汇添富品质价值混合,0.09146472013131057,ret_12m,main,45.4,full,1.0,2026-09-23
2071.0,,161005,富国天惠成长混合(LOF)A,0.09145321120997685,ret_12m,main,250.2,full,1.0,2026-09-23
2072.0,,180018,银华和谐主题混合A,0.09139475091294957,ret_12m,main,208.9,full,1.0,2026-09-23
2073.0,,001760,嘉实创新成长混合,0.09133982577910316,ret_12m,main,127.6,full,1.0,2026-09-23
2074.0,,001256,泓德优选成长混合,0.09107838327393969,ret_12m,main,136.1,full,1.0,2026-09-23
2075.0,,009932,永赢稳健增长一年持有混合A,0.09105452333516495,ret_12m,main,73.4,full,1.0,2026-09-23
2076.0,,013895,宝盈成长精选混合A,0.09094681159823637,ret_12m,main,57.7,full,1.0,2026-09-23
2077.0,,021576,平安研究智选混合A,0.09090490611055779,ret_12m,main,25.1,short,1.0,2026-09-23
2078.0,,009951,广发稳健回报混合A,0.09074768109723141,ret_12m,main,73.2,full,1.0,2026-09-23
2079.0,,014799,工银招瑞一年持有混合A,0.09073372906734956,ret_12m,main,55.9,full,1.0,2026-09-23
2080.0,,019972,海富通产业优选混合A,0.09068106914008323,ret_12m,main,33.0,short,1.0,2026-09-23
2081.0,,000663,国投瑞银美丽中国混合A,0.09066475690932707,ret_12m,main,147.0,full,1.0,2026-09-23
2082.0,,024445,工银泓裕回报混合,0.09060057076689909,ret_12m,main,14.9,short,0.9605,2026-09-23
2083.0,,009246,大摩ESG量化混合A,0.09053296599441496,ret_12m,main,74.3,full,1.0,2026-09-23
2084.0,,000866,华宝制造股票,0.09034988423041934,ret_12m,main,141.4,full,1.0,2026-09-23
2085.0,,001122,鹏华弘利混合A,0.09020216855394181,ret_12m,main,138.4,full,1.0,2026-09-23
2086.0,,001695,泓德泓业混合,0.09015465705349013,ret_12m,main,132.9,full,1.0,2026-09-23
2087.0,,001172,鹏华弘泽混合A,0.09010873748214654,ret_12m,main,137.3,full,1.0,2026-09-23
2088.0,,013200,南方均衡优选一年持有期混合A,0.09004783952408735,ret_12m,main,60.5,full,1.0,2026-09-23
2089.0,,012443,招商瑞鸿6个月持有混合A,0.0900086839071581,ret_12m,main,57.1,full,1.0,2026-09-23
2090.0,,007388,摩根研究驱动股票A,0.08982232541348867,ret_12m,main,75.4,full,1.0,2026-09-23
2091.0,,010984,国寿安保稳安混合A,0.08975077845063417,ret_12m,main,64.6,full,1.0,2026-09-23
2092.0,,020303,信澳星亮智选混合A,0.08965093228526277,ret_12m,main,31.8,short,1.0,2026-09-23
2093.0,,005955,易方达鑫转添利混合A,0.08949389538096297,ret_12m,main,97.5,full,1.0,2026-09-23
2094.0,,002135,广发鑫源混合A,0.08931615047587749,ret_12m,main,118.7,full,1.0,2026-09-23
2095.0,,001266,国投瑞银招财混合A,0.08931053831049907,ret_12m,main,135.7,full,1.0,2026-09-23
2096.0,,000508,宏利宏达混合B,0.08927902638559382,ret_12m,main,150.6,full,1.0,2026-09-23
2097.0,,002083,新华鑫动力灵活配置混合A,0.08924877448299284,ret_12m,main,123.5,full,1.0,2026-09-23
2098.0,,012491,华商核心引力混合A,0.08912502887822682,ret_12m,main,61.9,full,1.0,2026-09-23
2099.0,,005815,农银汇理睿选灵活配置混合,0.08912270950053647,ret_12m,main,100.0,full,1.0,2026-09-23
2100.0,,010676,光大新机遇混合A,0.08901589148030564,ret_12m,main,65.8,full,1.0,2026-09-23
2101.0,,006969,圆信永丰高端制造A,0.08888249704085482,ret_12m,main,89.7,full,1.0,2026-09-23
2102.0,,016832,东方红锦惠甄选18个月持有混合A,0.08883442873833425,ret_12m,main,43.8,full,1.0,2026-09-23
2103.0,,020269,宏利价值驱动6个月持有混合A,0.08882295437264065,ret_12m,main,21.8,short,1.0,2026-09-23
2104.0,,010330,东吴兴享成长混合A,0.08874877048021412,ret_12m,main,70.4,full,1.0,2026-09-23
2105.0,,000457,摩根核心成长股票A,0.08871215454713743,ret_12m,main,151.4,full,1.0,2026-09-23
2106.0,,320011,诺安中小盘精选混合A,0.08858000693566348,ret_12m,main,196.9,full,1.0,2026-09-23
2107.0,,000063,长盛电子信息主题混合A,0.08849560798340295,ret_12m,main,160.5,full,1.0,2026-09-23
2108.0,,481006,工银红利混合,0.08832289001029148,ret_12m,main,230.2,full,1.0,2026-09-23
2109.0,,009548,汇添富中盘价值精选混合A,0.08814413157202128,ret_12m,main,74.5,full,1.0,2026-09-23
2110.0,,020803,东方红量化选股混合发起A,0.08809918731459221,ret_12m,main,28.1,short,1.0,2026-09-23
2111.0,,009576,东方红智远三年持有混合,0.08789737113037854,ret_12m,main,75.0,full,1.0,2026-09-23
2112.0,,020864,银华嘉选平衡混合发起式A,0.08782885434395027,ret_12m,main,27.1,short,1.0,2026-09-23
2113.0,,007439,东海科技动力A,0.08769467651299623,ret_12m,main,86.9,full,1.0,2026-09-23
2114.0,,018418,广发碳中和主题混合发起式A,0.08766614652328086,ret_12m,main,27.4,short,1.0,2026-09-23
2115.0,,012258,天弘鑫悦成长混合A,0.08764540649401842,ret_12m,main,56.8,full,1.0,2026-09-23
2116.0,,501186,华夏兴融混合(LOF)A,0.08757943548912905,ret_12m,main,98.6,full,1.0,2026-09-23
2117.0,,011629,银河核心优势混合A,0.08750277644051674,ret_12m,main,50.1,full,1.0,2026-09-23
2118.0,,013998,中欧瑾添混合A,0.08729044199193048,ret_12m,main,58.4,full,1.0,2026-09-23
2119.0,,501022,银华鑫盛灵活配置混合(LOF)A,0.08726274078821539,ret_12m,main,119.3,full,1.0,2026-09-23
2120.0,,160518,博时睿远,0.08724235453395646,ret_12m,main,125.3,full,1.0,2026-09-23
2121.0,,550002,中信保诚精萃成长混合A,0.0871634615226542,ret_12m,main,237.9,full,1.0,2026-09-23
2122.0,,001422,景顺长城安享回报混合A,0.08711782911870136,ret_12m,main,135.3,full,1.0,2026-09-23
2123.0,,001838,国投瑞银国家安全混合A,0.0870970935637716,ret_12m,main,129.7,full,1.0,2026-09-23
2124.0,,020979,西部利得价值回报混合A,0.08691488172452377,ret_12m,main,27.6,short,1.0,2026-09-23
2125.0,,020052,博时惠泽混合发起式A1,0.08687726582141297,ret_12m,main,33.6,short,1.0,2026-09-23
2126.0,,011427,广发价值驱动混合A,0.0867650420886854,ret_12m,main,60.3,full,1.0,2026-09-23
2127.0,,166107,信澳量化多因子混合(LOF)A,0.08675340103293494,ret_12m,main,82.6,full,1.0,2026-09-23
2128.0,,014347,富国趋势优先混合A,0.08672845947303132,ret_12m,main,55.9,full,1.0,2026-09-23
2129.0,,519068,汇添富成长焦点混合,0.08670506761304786,ret_12m,main,234.4,full,1.0,2026-09-23
2130.0,,010904,博时双季鑫6个月持有混合A,0.08666491097705453,ret_12m,main,68.1,full,1.0,2026-09-23
2131.0,,016477,光大专精特新混合A,0.08665954158534239,ret_12m,main,44.2,full,1.0,2026-09-23
2132.0,,021247,兴全红利混合A,0.08640995734764756,ret_12m,main,27.2,short,1.0,2026-09-23
2133.0,,012963,招商稳健平衡混合A,0.0864046439299555,ret_12m,main,59.1,full,1.0,2026-09-23
2134.0,,023761,广发智选启航混合A,0.0864038059307548,ret_12m,main,15.2,short,1.0,2026-09-23
2135.0,,009215,易方达瑞川混合A,0.08629970114135377,ret_12m,main,77.0,full,1.0,2026-09-23
2136.0,,001463,光大一带一路混合A,0.08617726542714998,ret_12m,main,134.9,full,1.0,2026-09-23
2137.0,,018626,富国兴享回报6个月持有期混合A,0.08608782213155886,ret_12m,main,38.0,full,1.0,2026-09-23
2138.0,,011410,中信建投量化进取A,0.08607414116034318,ret_12m,main,66.5,full,1.0,2026-09-23
2139.0,,010852,中欧内需成长混合A,0.08592944911305489,ret_12m,main,61.7,full,1.0,2026-09-23
2140.0,,009810,易方达悦通一年持有期混合A,0.08585490572916266,ret_12m,main,69.2,full,1.0,2026-09-23
2141.0,,022572,汇添富弘达回报混合发起式A,0.08576357795278056,ret_12m,main,16.3,short,1.0,2026-09-23
2142.0,,015110,惠升领先优选混合A,0.08576071706134925,ret_12m,main,54.5,full,1.0,2026-09-23
2143.0,,001218,国投瑞银精选收益混合A,0.08574974108953759,ret_12m,main,136.2,full,1.0,2026-09-23
2144.0,,006992,嘉合锦创优势精选混合,0.085550433654495,ret_12m,main,89.3,full,1.0,2026-09-23
2145.0,,007835,国泰鑫睿混合,0.08543914217421911,ret_12m,main,82.3,full,1.0,2026-09-23
2146.0,,050007,博时平衡配置混合,0.08528729111454991,ret_12m,main,243.8,full,1.0,2026-09-23
2147.0,,015627,圆信永丰弘阳股票A,0.08519704075429124,ret_12m,main,48.0,full,1.0,2026-09-23
2148.0,,010064,圆信永丰兴研A,0.08514892690547837,ret_12m,main,72.0,full,1.0,2026-09-23
2149.0,,014317,广发价值领航一年持有混合A,0.08509611508987525,ret_12m,main,51.7,full,1.0,2026-09-23
2150.0,,690004,民生加银稳健成长混合,0.08509600883124468,ret_12m,main,194.8,full,1.0,2026-09-23
2151.0,,000822,东海美丽中国A,0.08504098604469457,ret_12m,main,142.3,full,1.0,2026-09-23
2152.0,,000526,国泰浓益灵活配置混合A,0.08498240340406915,ret_12m,main,150.7,full,1.0,2026-09-23
2153.0,,202003,南方绩优成长混合A,0.08480465573929452,ret_12m,main,238.2,full,1.0,2026-09-23
2154.0,,006259,汇添富红利增长混合A,0.08464319815996069,ret_12m,main,88.9,full,1.0,2026-09-23
2155.0,,017749,国投瑞银景气驱动混合A,0.08456699075016183,ret_12m,main,42.3,full,1.0,2026-09-23
2156.0,,260116,景顺长城核心竞争力混合A,0.08453678235956374,ret_12m,main,177.1,full,1.0,2026-09-23
2157.0,,004301,国寿安保稳信混合A,0.08440681073243406,ret_12m,main,114.5,full,1.0,2026-09-23
2158.0,,005259,建信龙头企业股票,0.08440385306379006,ret_12m,main,104.0,full,1.0,2026-09-23
2159.0,,019472,长江长宏混合发起A,0.08401140973648213,ret_12m,main,35.0,short,1.0,2026-09-23
2160.0,,011107,九泰天兴量化智选A,0.08396131257662143,ret_12m,main,61.4,full,1.0,2026-09-23
2161.0,,009137,嘉实瑞和两年持有期混合,0.08380987893986225,ret_12m,main,77.5,full,1.0,2026-09-23
2162.0,,620001,金元顺安宝石动力混合,0.08375067031242578,ret_12m,main,229.3,full,1.0,2026-09-23
2163.0,,008317,光大睿盈混合A,0.08374365928833427,ret_12m,main,60.7,full,1.0,2026-09-23
2164.0,,004737,富国新优享灵活配置混合A,0.08374090659974076,ret_12m,main,109.5,full,1.0,2026-09-23
2165.0,,023099,金信周期价值混合A,0.08361115409662401,ret_12m,main,19.1,short,1.0,2026-09-23
2166.0,,017479,广发医药精选股票A,0.08346012070136077,ret_12m,main,38.6,full,1.0,2026-09-23
2167.0,,002808,泓德优势领航混合,0.08344935609434478,ret_12m,main,117.1,full,1.0,2026-09-23
2168.0,,011866,广发价值增长混合A,0.08340327383810098,ret_12m,main,63.9,full,1.0,2026-09-23
2169.0,,000831,工银医疗保健股票,0.08337306785001153,ret_12m,main,142.2,full,1.0,2026-09-23
2170.0,,010924,博时双季鑫6个月持有混合B,0.08330169358142281,ret_12m,main,68.1,full,1.0,2026-09-23
2171.0,,009606,长信稳健精选混合A,0.08315969089713415,ret_12m,main,74.3,full,1.0,2026-09-23
2172.0,,013209,金鹰大视野混合A,0.0830448144654079,ret_12m,main,60.9,full,1.0,2026-09-23
2173.0,,015133,华安鼎安优选一年持有混合A,0.08266295691776748,ret_12m,main,51.7,full,1.0,2026-09-23
2174.0,,001384,东方新思路混合A,0.082634604344205,ret_12m,main,135.0,full,1.0,2026-09-23
2175.0,,160314,华夏行业混合(LOF),0.08260461976727496,ret_12m,main,225.1,full,1.0,2026-09-23
2176.0,,011598,信澳医药健康混合A,0.08245166361662748,ret_12m,main,65.5,full,1.0,2026-09-23
2177.0,,016265,中信建投趋势领航两年持有混合A,0.08239756047197311,ret_12m,main,47.4,full,1.0,2026-09-23
2178.0,,001562,易方达瑞和灵活配置混合,0.08220524369150817,ret_12m,main,103.7,full,1.0,2026-09-23
2179.0,,310308,申万菱信盛利精选混合A,0.08218237644036552,ret_12m,main,269.5,full,1.0,2026-09-23
2180.0,,501091,嘉实欣荣混合(LOF)A,0.08212290229545638,ret_12m,main,80.1,full,1.0,2026-09-23
2181.0,,015699,平安均衡成长2年持有混合A,0.08206293721508473,ret_12m,main,50.2,full,1.0,2026-09-23
2182.0,,019338,创金合信启富优选股票发起A,0.08203897151402795,ret_12m,main,36.1,full,1.0,2026-09-23
2183.0,,013067,富安达中小盘六个月持有混合发起,0.08192037779091565,ret_12m,main,60.5,full,1.0,2026-09-23
2184.0,,002293,南方益和灵活配置混合A,0.08189271813560905,ret_12m,main,128.4,full,1.0,2026-09-23
2185.0,,010881,南方宝顺混合A,0.08178411365404936,ret_12m,main,66.0,full,1.0,2026-09-23
2186.0,,017650,中庚港股通价值股票,0.08170897190013227,ret_12m,main,44.4,full,1.0,2026-09-23
2187.0,,010239,平安瑞尚六个月持有混合A,0.08168965097864866,ret_12m,main,69.2,full,1.0,2026-09-23
2188.0,,015633,中金景气驱动混合发起A,0.08166693534141789,ret_12m,main,52.6,full,1.0,2026-09-23
2189.0,,011052,鹏华弘裕一年持有期混合A,0.08150148839098237,ret_12m,main,67.6,full,1.0,2026-09-23
2190.0,,001324,华宝新价值混合,0.08127703591263913,ret_12m,main,135.8,full,1.0,2026-09-23
2191.0,,017060,兴业聚福一年持有期混合A,0.08120622072658112,ret_12m,main,43.0,full,1.0,2026-09-23
2192.0,,000031,华夏复兴混合A,0.08106942906389292,ret_12m,main,228.4,full,1.0,2026-09-23
2193.0,,010640,财通稳进回报6个月持有混合A,0.08094714125460878,ret_12m,main,58.4,full,1.0,2026-09-23
2194.0,,012023,兴业聚乾混合A,0.0808127475293754,ret_12m,main,61.8,full,1.0,2026-09-23
2195.0,,012073,华安均衡优选混合A,0.08061324600624742,ret_12m,main,58.9,full,1.0,2026-09-23
2196.0,,005474,泰康均衡优选混合A,0.08056800090973582,ret_12m,main,104.1,full,1.0,2026-09-23
2197.0,,021711,南方周期优选混合发起A,0.08048998696565501,ret_12m,main,24.1,short,1.0,2026-09-23
2198.0,,100056,富国低碳环保混合,0.08047166270599382,ret_12m,main,181.5,full,1.0,2026-09-23
2199.0,,014827,汇泉启元未来混合发起式A,0.08039057040014641,ret_12m,main,36.6,full,1.0,2026-09-23
2200.0,,019361,富国核心优势混合发起式A,0.08037962355403305,ret_12m,main,33.7,short,1.0,2026-09-23
2201.0,,050012,博时策略混合,0.08032560107187448,ret_12m,main,205.4,full,1.0,2026-09-23
2202.0,,009984,鹏华启航混合,0.08024706585226338,ret_12m,main,72.0,full,1.0,2026-09-23
2203.0,,161609,融通动力先锋混合A/B,0.08011781189737843,ret_12m,main,238.3,full,1.0,2026-09-23
2204.0,,012991,大成民享安盈一年持有混合A,0.08000568284468534,ret_12m,main,54.4,full,1.0,2026-09-23
2205.0,,001692,南方国策动力,0.07998006136876157,ret_12m,main,132.9,full,1.0,2026-09-23
2206.0,,010725,鹏华安享一年持有期混合A,0.07987441470630419,ret_12m,main,68.5,full,1.0,2026-09-23
2207.0,,017619,鑫元添鑫回报6个月持有期混合A,0.07965800769796183,ret_12m,main,42.3,full,1.0,2026-09-23
2208.0,,003734,万家瑞盈灵活配置混合A,0.07958729413888621,ret_12m,main,118.4,full,1.0,2026-09-23
2209.0,,011064,南方誉享一年持有期混合A,0.07958715881924494,ret_12m,main,65.5,full,1.0,2026-09-23
2210.0,,019521,景顺长城价值发现混合A1,0.07940152897678643,ret_12m,main,34.8,short,1.0,2026-09-23
2211.0,,013914,大成红利优选一年持有混合发起A,0.07937294632644964,ret_12m,main,46.4,full,1.0,2026-09-23
2212.0,,011851,天弘先进制造混合A,0.07914435639437767,ret_12m,main,65.1,full,1.0,2026-09-23
2213.0,,000841,富国新回报灵活配置混合A/B,0.0791319139860045,ret_12m,main,141.9,full,1.0,2026-09-23
2214.0,,001265,国泰兴益灵活配置混合A,0.07877129501952163,ret_12m,main,136.3,full,1.0,2026-09-23
2215.0,,519979,长信内需成长混合A,0.07867819329750869,ret_12m,main,179.1,full,1.0,2026-09-23
2216.0,,012669,南方新兴产业混合A,0.0786444457986335,ret_12m,main,55.1,full,1.0,2026-09-23
2217.0,,013603,易方达均衡优选一年持有混合A,0.07858533719485239,ret_12m,main,51.9,full,1.0,2026-09-23
2218.0,,008244,上银鑫卓混合A,0.07822932261189286,ret_12m,main,80.1,full,1.0,2026-09-23
2219.0,,015911,兴业致远混合A,0.07821817844491008,ret_12m,main,45.8,full,1.0,2026-09-23
2220.0,,011649,易方达逆向投资混合A,0.07821518379673043,ret_12m,main,65.7,full,1.0,2026-09-23
2221.0,,003882,易方达瑞弘混合A,0.07796543850624649,ret_12m,main,116.4,full,1.0,2026-09-23
2222.0,,050008,博时第三产业混合,0.07786426016004722,ret_12m,main,233.0,full,1.0,2026-09-23
2223.0,,166007,中欧互通精选混合A,0.0778553708224956,ret_12m,main,195.0,full,1.0,2026-09-23
2224.0,,001415,中信保诚新锐混合A,0.07783765930078879,ret_12m,main,135.4,full,1.0,2026-09-23
2225.0,,004139,中邮军民融合灵活配置混合A,0.07783088657973214,ret_12m,main,113.7,full,1.0,2026-09-23
2226.0,,014718,富国天旭均衡混合A,0.07756820022967514,ret_12m,main,55.5,full,1.0,2026-09-23
2227.0,,016097,东吴兴弘一年持有混合A,0.07750363013944783,ret_12m,main,48.3,full,1.0,2026-09-23
2228.0,,010345,华泰柏瑞成长智选混合A,0.0774898108302926,ret_12m,main,70.0,full,1.0,2026-09-23
2229.0,,011194,广发睿铭两年持有期混合A,0.07736864844919267,ret_12m,main,65.1,full,1.0,2026-09-23
2230.0,,010738,大成优选升级一年持有混合A,0.07733405409769545,ret_12m,main,69.0,full,1.0,2026-09-23
2231.0,,011498,富国沪深300基本面精选股票A,0.07709940389630021,ret_12m,main,63.7,full,1.0,2026-09-23
2232.0,,004671,国联核心成长,0.07694626754032785,ret_12m,main,107.8,full,1.0,2026-09-23
2233.0,,161834,银华鑫锐灵活配置混合(LOF)A,0.07686657800110663,ret_12m,main,121.7,full,1.0,2026-09-23
2234.0,,002046,中信保诚新锐混合B,0.07685954171581022,ret_12m,main,129.9,full,1.0,2026-09-23
2235.0,,013575,鹏扬品质精选混合A,0.07674043618129245,ret_12m,main,54.0,full,1.0,2026-09-23
2236.0,,021187,摩根红利优选股票A,0.07672165400724018,ret_12m,main,25.8,short,1.0,2026-09-23
2237.0,,015219,鹏扬产业智选一年持有混合A,0.07641787569270564,ret_12m,main,48.7,full,1.0,2026-09-23
2238.0,,519039,长盛同德主题混合,0.07639114753811027,ret_12m,main,226.1,full,1.0,2026-09-23
2239.0,,017860,景顺长城致远混合A,0.0762213253367372,ret_12m,main,42.8,full,1.0,2026-09-23
2240.0,,000985,嘉实逆向策略股票,0.07618508015194836,ret_12m,main,139.7,full,1.0,2026-09-23
2241.0,,003476,南方安颐混合,0.07615448033108074,ret_12m,main,117.3,full,1.0,2026-09-23
2242.0,,010861,长信企业优选一年持有混合,0.07577187182914402,ret_12m,main,66.5,full,1.0,2026-09-23
2243.0,,000431,鹏华品牌传承混合,0.07572902660627978,ret_12m,main,151.8,full,1.0,2026-09-23
2244.0,,013616,广发睿智两年持有期混合发起式A,0.07572263517831734,ret_12m,main,47.2,full,1.0,2026-09-23
2245.0,,004050,华夏新锦升混合A,0.07553425422281945,ret_12m,main,111.8,full,1.0,2026-09-23
2246.0,,000314,招商瑞丰灵活配置混合发起式A,0.07545153170537833,ret_12m,main,154.5,full,1.0,2026-09-23
2247.0,,008347,中信建投甄选混合A,0.07540336494067845,ret_12m,main,81.0,full,1.0,2026-09-23
2248.0,,016091,汇泉匠心智选一年持有混合A,0.07540064984152228,ret_12m,main,48.3,full,1.0,2026-09-23
2249.0,,017735,融通明锐混合A,0.07532186555986753,ret_12m,main,41.2,full,1.0,2026-09-23
2250.0,,021915,博道大盘价值股票A,0.07520658085829268,ret_12m,main,21.7,short,1.0,2026-09-23
2251.0,,009500,国寿安保高股息混合A,0.07510542626303462,ret_12m,main,71.9,full,1.0,2026-09-23
2252.0,,010534,广发均衡增长混合A,0.07501816496677227,ret_12m,main,67.8,full,1.0,2026-09-23
2253.0,,016676,南方君誉混合A,0.07488815919386926,ret_12m,main,46.3,full,1.0,2026-09-23
2254.0,,002498,兴业聚鑫灵活配置混合A,0.0748790767176244,ret_12m,main,124.9,full,1.0,2026-09-23
2255.0,,690005,民生加银内需增长混合,0.07484564848691577,ret_12m,main,187.8,full,1.0,2026-09-23
2256.0,,011357,华泰柏瑞品质成长混合A,0.0748355966775176,ret_12m,main,66.7,full,1.0,2026-09-23
2257.0,,580008,东吴新产业精选股票A,0.07447285147436711,ret_12m,main,179.8,full,1.0,2026-09-23
2258.0,,001183,南方利淘A,0.07444713817373438,ret_12m,main,137.2,full,1.0,2026-09-23
2259.0,,001718,工银物流产业股票A,0.07444216924313074,ret_12m,main,126.8,full,1.0,2026-09-23
2260.0,,010843,富国天润回报混合A,0.07439103608615838,ret_12m,main,66.7,full,1.0,2026-09-23
2261.0,,161233,国投瑞银瑞泰多策略混合A,0.07431081070264911,ret_12m,main,116.0,full,1.0,2026-09-23
2262.0,,008356,中加科丰价值精选混合,0.07428496723390565,ret_12m,main,76.5,full,1.0,2026-09-23
2263.0,,015160,南方宝嘉混合A,0.07421884317814675,ret_12m,main,50.9,full,1.0,2026-09-23
2264.0,,004756,国寿安保稳吉混合A,0.0739470770848325,ret_12m,main,104.9,full,1.0,2026-09-23
2265.0,,001721,工银新增益混合,0.07392202171228535,ret_12m,main,116.8,full,1.0,2026-09-23
2266.0,,550003,中信保诚盛世蓝筹混合,0.07377510492982275,ret_12m,main,219.6,full,1.0,2026-09-23
2267.0,,016961,浙商汇金平稳增长一年混合,0.07366506078854895,ret_12m,main,46.0,full,1.0,2026-09-23
2268.0,,005802,汇添富智能制造股票A,0.07362584528730132,ret_12m,main,101.0,full,1.0,2026-09-23
2269.0,,020876,中欧景气精选混合A,0.07349046297254058,ret_12m,main,29.0,short,1.0,2026-09-23
2270.0,,019978,融通动力先锋混合C,0.07346206701991798,ret_12m,main,34.5,short,1.0,2026-09-23
2271.0,,000843,富国新回报灵活配置混合C,0.07341879522019856,ret_12m,main,141.9,full,1.0,2026-09-23
2272.0,,019124,博道红利智航股票A,0.07337180245770814,ret_12m,main,34.8,short,1.0,2026-09-23
2273.0,,018726,广发匠心优选三年持有混合发起式A,0.07336767953465673,ret_12m,main,25.8,short,1.0,2026-09-23
2274.0,,021333,信澳国企智选混合A,0.07335834594207391,ret_12m,main,27.9,short,1.0,2026-09-23
2275.0,,519738,交银周期回报灵活配置混合A,0.0730703517702822,ret_12m,main,148.1,full,1.0,2026-09-23
2276.0,,001280,银华聚利灵活配置混合A,0.07304682612904623,ret_12m,main,136.3,full,1.0,2026-09-23
2277.0,,011913,华夏永泓一年持有混合A,0.07304501980573486,ret_12m,main,59.8,full,1.0,2026-09-23
2278.0,,010230,南方宝昌混合A,0.07266533302502443,ret_12m,main,56.1,full,1.0,2026-09-23
2279.0,,013431,华泰柏瑞景气汇选三年持有期混合A,0.07260347862933147,ret_12m,main,56.4,full,1.0,2026-09-23
2280.0,,540006,汇丰晋信大盘股票A,0.07257745229457657,ret_12m,main,207.0,full,1.0,2026-09-23
2281.0,,010176,中加新兴消费混合A,0.07257592122498946,ret_12m,main,69.5,full,1.0,2026-09-23
2282.0,,010132,南方创新成长混合A,0.07250476277884688,ret_12m,main,72.1,full,1.0,2026-09-23
2283.0,,080007,长盛同鑫行业配置混合A,0.07241114475025556,ret_12m,main,184.0,full,1.0,2026-09-23
2284.0,,024046,富国致享量化选股股票A,0.07233745872768749,ret_12m,main,14.9,short,1.0,2026-09-23
2285.0,,012119,工银核心优势混合A,0.07223341054492582,ret_12m,main,63.0,full,1.0,2026-09-23
2286.0,,005177,华夏睿磐泰利混合A,0.07222122988749291,ret_12m,main,104.9,full,1.0,2026-09-23
2287.0,,023106,光大红利量化混合A,0.072122652754397,ret_12m,main,18.0,short,1.0,2026-09-23
2288.0,,160812,长盛同益成长回报(LOF),0.07200243392910721,ret_12m,main,148.3,full,1.0,2026-09-23
2289.0,,519656,银河灵活配置混合A,0.07194744490401317,ret_12m,main,151.4,full,1.0,2026-09-23
2290.0,,005049,长安鑫旺价值混合A,0.07192135457772131,ret_12m,main,108.1,full,1.0,2026-09-23
2291.0,,021859,浙商汇金红利精选混合型发起式A,0.07188451617996416,ret_12m,main,24.1,short,1.0,2026-09-23
2292.0,,288002,华夏收入混合,0.07188042885333723,ret_12m,main,250.2,full,1.0,2026-09-23
2293.0,,011246,嘉实阿尔法优选混合A,0.07183649880065812,ret_12m,main,66.3,full,1.0,2026-09-23
2294.0,,012945,南方宝裕混合A,0.07174158196754243,ret_12m,main,54.9,full,1.0,2026-09-23
2295.0,,090006,大成2020生命周期混合A,0.07172134133952102,ret_12m,main,240.3,full,1.0,2026-09-23
2296.0,,009076,工银圆兴混合,0.07153138687991678,ret_12m,main,77.0,full,1.0,2026-09-23
2297.0,,013765,平安恒泰1年持有混合A,0.07148682733253264,ret_12m,main,55.0,full,1.0,2026-09-23
2298.0,,005123,南方优享分红混合A,0.07145531625608492,ret_12m,main,105.6,full,1.0,2026-09-23
2299.0,,002222,嘉实新趋势混合A,0.07114086168510858,ret_12m,main,125.5,full,1.0,2026-09-23
2300.0,,050018,博时行业轮动混合,0.07113586031810115,ret_12m,main,189.4,full,1.0,2026-09-23
2301.0,,012878,中信建投量化精选6个月持有混合A,0.07066727511653692,ret_12m,main,61.9,full,1.0,2026-09-23
2302.0,,217009,招商核心价值混合,0.0706550175381555,ret_12m,main,233.8,full,1.0,2026-09-23
2303.0,,003142,鹏华弘达混合A,0.07056065602846107,ret_12m,main,121.4,full,1.0,2026-09-23
2304.0,,003295,南方安裕混合A,0.07043158623827606,ret_12m,main,118.2,full,1.0,2026-09-23
2305.0,,217010,招商大盘蓝筹混合,0.07010029908697057,ret_12m,main,219.1,full,1.0,2026-09-23
2306.0,,163809,中银蓝筹混合,0.07004830503376391,ret_12m,main,199.4,full,1.0,2026-09-23
2307.0,,020495,建信研究精选混合A,0.0699400545085902,ret_12m,main,27.4,short,1.0,2026-09-23
2308.0,,012706,中银核心精选混合A,0.06983805622081407,ret_12m,main,56.8,full,1.0,2026-09-23
2309.0,,007415,南方致远混合A,0.06977735597155443,ret_12m,main,87.8,full,1.0,2026-09-23
2310.0,,011554,海富通欣利混合A,0.06972989152787457,ret_12m,main,60.3,full,1.0,2026-09-23
2311.0,,000477,广发主题领先混合A,0.06966991386150467,ret_12m,main,145.8,full,1.0,2026-09-23
2312.0,,013867,汇安优势企业精选混合A,0.06966764914635304,ret_12m,main,57.3,full,1.0,2026-09-23
2313.0,,003717,中银量化精选混合A,0.06966487530604004,ret_12m,main,117.3,full,1.0,2026-09-23
2314.0,,000121,华夏永福混合A,0.0695676069247948,ret_12m,main,157.3,full,1.0,2026-09-23
2315.0,,011930,华夏时代前沿一年持有混合A,0.06945295891865588,ret_12m,main,61.0,full,1.0,2026-09-23
2316.0,,013623,湘财周期轮动一年持有混合,0.06941024536029139,ret_12m,main,58.6,full,1.0,2026-09-23
2317.0,,487021,工银优质精选混合A,0.06922617688514254,ret_12m,main,163.5,full,1.0,2026-09-23
2318.0,,000214,广发成长优选混合,0.06920294935278726,ret_12m,main,153.4,full,1.0,2026-09-23
2319.0,,010963,信澳周期动力混合A,0.06910261856651378,ret_12m,main,68.8,full,1.0,2026-09-23
2320.0,,001756,嘉实策略优选混合,0.06895108803804151,ret_12m,main,118.1,full,1.0,2026-09-23
2321.0,,160916,大成优选混合(LOF)A,0.06894143830734567,ret_12m,main,168.8,full,1.0,2026-09-23
2322.0,,501087,交银瑞丰混合(LOF),0.06893535802191386,ret_12m,main,84.6,full,1.0,2026-09-23
2323.0,,008178,同泰慧盈混合A,0.068211131477113,ret_12m,main,81.9,full,1.0,2026-09-23
2324.0,,001910,泰康新机遇混合,0.06806926376595679,ret_12m,main,129.5,full,1.0,2026-09-23
2325.0,,008138,富国龙头优势混合A,0.0680502810375192,ret_12m,main,80.3,full,1.0,2026-09-23
2326.0,,012334,上银慧尚6个月持有期混合A,0.06801234508583542,ret_12m,main,57.5,full,1.0,2026-09-23
2327.0,,024465,万家新机遇同享混合A,0.06800514972467564,ret_12m,main,14.9,short,0.9684,2026-09-23
2328.0,,162414,华宝新机遇混合(LOF)A,0.0679740030675351,ret_12m,main,135.4,full,1.0,2026-09-23
2329.0,,003594,长盛盛崇灵活配置混合A,0.06797266049606776,ret_12m,main,118.4,full,1.0,2026-09-23
2330.0,,017298,汇添富添添鑫多元收益9个月持有混合A,0.06794119240211804,ret_12m,main,39.3,full,1.0,2026-09-23
2331.0,,620002,金元顺安成长动力混合,0.06791574890357932,ret_12m,main,216.6,full,1.0,2026-09-23
2332.0,,005005,中金瑞安混合发起A,0.06791505549492571,ret_12m,main,108.7,full,1.0,2026-09-23
2333.0,,013929,中银证券恒瑞9个月持有混合A,0.06786615270419016,ret_12m,main,58.0,full,1.0,2026-09-23
2334.0,,002585,建信兴利灵活配置混合A,0.06776500861284473,ret_12m,main,123.5,full,1.0,2026-09-23
2335.0,,003822,中信建投轮换混合A,0.06770919222852512,ret_12m,main,92.2,full,1.0,2026-09-23
2336.0,,001810,中欧潜力价值灵活配置混合A,0.06770132553150399,ret_12m,main,131.8,full,1.0,2026-09-23
2337.0,,000965,汇丰晋信新动力混合A,0.06758673647901992,ret_12m,main,139.4,full,1.0,2026-09-23
2338.0,,009796,大成汇享一年持有混合A,0.06757363044710107,ret_12m,main,72.6,full,1.0,2026-09-23
2339.0,,003026,安信新价值混合A,0.06757171505257498,ret_12m,main,121.1,full,1.0,2026-09-23
2340.0,,001850,国泰安益灵活配置混合A,0.06754155786143579,ret_12m,main,117.0,full,1.0,2026-09-23
2341.0,,001433,易方达瑞景混合,0.06749810064210404,ret_12m,main,134.8,full,1.0,2026-09-23
2342.0,,020669,国投瑞银弘信回报混合A,0.0674302794791306,ret_12m,main,30.2,short,1.0,2026-09-23
2343.0,,360005,光大红利混合A,0.06736595607316476,ret_12m,main,246.0,full,1.0,2026-09-23
2344.0,,000928,国联国企改革混合A,0.0673656706975132,ret_12m,main,141.2,full,1.0,2026-09-23
2345.0,,001097,华泰柏瑞积极优选股票A,0.06736296456822544,ret_12m,main,138.0,full,1.0,2026-09-23
2346.0,,010385,华安汇嘉精选混合A,0.067267123123542,ret_12m,main,70.8,full,1.0,2026-09-23
2347.0,,002833,华夏新锦绣混合A,0.06724401284781156,ret_12m,main,121.0,full,1.0,2026-09-23
2348.0,,012195,万家瑞泽回报一年持有混合,0.06720964003323027,ret_12m,main,63.2,full,1.0,2026-09-23
2349.0,,002358,国投瑞银瑞祥A,0.06711892100955574,ret_12m,main,126.7,full,1.0,2026-09-23
2350.0,,017964,招商匠心优选混合A,0.06670314711811876,ret_12m,main,40.7,full,1.0,2026-09-23
2351.0,,519756,交银国企改革灵活配置混合A,0.0665188811821733,ret_12m,main,135.5,full,1.0,2026-09-23
2352.0,,012077,易方达悦夏一年持有混合A,0.0664478014548342,ret_12m,main,63.5,full,1.0,2026-09-23
2353.0,,001156,申万菱信新能源汽车主题灵活配置混合A,0.06619863832922968,ret_12m,main,136.6,full,1.0,2026-09-23
2354.0,,001542,国泰互联网+股票,0.06611477854810643,ret_12m,main,133.7,full,1.0,2026-09-23
2355.0,,009990,华泰柏瑞品质优选A,0.06602033218555103,ret_12m,main,72.8,full,1.0,2026-09-23
2356.0,,001249,易方达新利灵活配置混合,0.06597446609750524,ret_12m,main,136.8,full,1.0,2026-09-23
2357.0,,009539,兴业睿进混合A,0.06584184430013607,ret_12m,main,73.9,full,1.0,2026-09-23
2358.0,,013260,太平睿享混合A,0.06568698331832823,ret_12m,main,60.2,full,1.0,2026-09-23
2359.0,,011384,南方远见回报股票A,0.06560065889917599,ret_12m,main,66.0,full,1.0,2026-09-23
2360.0,,019030,信澳星耀智选混合A,0.06553949518337632,ret_12m,main,37.1,full,1.0,2026-09-23
2361.0,,519093,新华钻石品质企业混合,0.06552354406824468,ret_12m,main,199.6,full,1.0,2026-09-23
2362.0,,009043,九泰久信量化股票,0.06550901630972517,ret_12m,main,76.1,full,1.0,2026-09-23
2363.0,,001633,万家瑞祥混合A,0.06543740712446389,ret_12m,main,118.2,full,1.0,2026-09-23
2364.0,,015657,富荣研究优选混合A,0.06537987611055485,ret_12m,main,36.1,full,1.0,2026-09-23
2365.0,,012170,华夏永顺一年持有混合A,0.06510549166201174,ret_12m,main,62.1,full,1.0,2026-09-23
2366.0,,018635,嘉实稳健增利6个月持有混合A,0.06509938588828001,ret_12m,main,32.0,short,1.0,2026-09-23
2367.0,,080008,长盛战略新兴产业混合A,0.06504628680755298,ret_12m,main,178.9,full,1.0,2026-09-23
2368.0,,000190,中银新回报灵活配置混合A,0.06494694674217993,ret_12m,main,156.4,full,1.0,2026-09-23
2369.0,,010706,景顺长城景骊成长混合A,0.06485464696454213,ret_12m,main,64.6,full,1.0,2026-09-23
2370.0,,022488,浦银红利量化混合A,0.0648335222038281,ret_12m,main,21.8,short,1.0,2026-09-23
2371.0,,011849,西部利得量化价值一年持有期混合,0.06481834182441104,ret_12m,main,48.6,full,1.0,2026-09-23
2372.0,,019498,兴全创新优势混合A,0.06477435626919159,ret_12m,main,29.9,short,1.0,2026-09-23
2373.0,,024786,汇添富港股通红利回报混合发起式A,0.06468205344136235,ret_12m,main,13.6,short,1.0,2026-09-23
2374.0,,162202,宏利周期混合,0.06466910360954481,ret_12m,main,281.0,full,1.0,2026-09-23
2375.0,,013051,汇泉臻心致远混合A,0.06466891937588959,ret_12m,main,58.7,full,1.0,2026-09-23
2376.0,,009550,汇添富开放视野中国优势六个月持有股票A,0.064664462443633,ret_12m,main,74.1,full,1.0,2026-09-23
2377.0,,005968,创金合信工业周期股票A,0.0644003055147131,ret_12m,main,100.2,full,1.0,2026-09-23
2378.0,,002543,长城久益混合A,0.0643531939324431,ret_12m,main,124.8,full,1.0,2026-09-23
2379.0,,017389,中银证券凌瑞6个月持有期混合A,0.06421711558189425,ret_12m,main,39.2,full,1.0,2026-09-23
2380.0,,008966,博时成长优选灵活配置混合A,0.06414883877893951,ret_12m,main,78.5,full,1.0,2026-09-23
2381.0,,013193,华商稳健添利一年持有混合A,0.06407660237617674,ret_12m,main,56.4,full,1.0,2026-09-23
2382.0,,002021,华夏回报二号混合,0.06394910225162409,ret_12m,main,241.3,full,1.0,2026-09-23
2383.0,,014803,汇安添利18个月持有混合A,0.0639171081848251,ret_12m,main,49.4,full,1.0,2026-09-23
2384.0,,000667,工银绝对收益混合发起A,0.06391642859690982,ret_12m,main,146.9,full,1.0,2026-09-23
2385.0,,005293,诺德新旺,0.06381755675652223,ret_12m,main,103.5,full,1.0,2026-09-23
2386.0,,002331,泰康安泰回报混合A,0.06374411349973541,ret_12m,main,126.0,full,1.0,2026-09-23
2387.0,,010314,大摩内需增长混合A,0.063686461037328,ret_12m,main,69.2,full,1.0,2026-09-23
2388.0,,010742,南方宁悦一年持有期混合A,0.06367396383154111,ret_12m,main,68.5,full,1.0,2026-09-23
2389.0,,000690,前海开源大海洋混合,0.06356645900338331,ret_12m,main,145.8,full,1.0,2026-09-23
2390.0,,022211,人保红利智享混合A,0.0635330407982222,ret_12m,main,21.7,short,1.0,2026-09-23
2391.0,,009317,金信核心竞争力混合A,0.06341743047916215,ret_12m,main,76.5,full,1.0,2026-09-23
2392.0,,002159,东吴国企改革主题灵活配置混合A,0.06336091563958313,ret_12m,main,128.8,full,1.0,2026-09-23
2393.0,,010678,中欧均衡成长混合A,0.06320162972449705,ret_12m,main,69.4,full,1.0,2026-09-23
2394.0,,005939,工银新能源汽车混合A,0.06311315821730212,ret_12m,main,94.3,full,1.0,2026-09-23
2395.0,,005399,长信量化价值驱动混合A,0.06308833809187431,ret_12m,main,97.5,full,1.0,2026-09-23
2396.0,,011251,华安聚嘉精选混合A,0.06308809908120194,ret_12m,main,66.2,full,1.0,2026-09-23
2397.0,,011395,博时恒元6个月持有期混合A,0.06280989384820668,ret_12m,main,66.3,full,1.0,2026-09-23
2398.0,,011836,银华智能建造股票发起式,0.06280479554152985,ret_12m,main,60.0,full,1.0,2026-09-23
2399.0,,014482,华夏融盛可持续一年持有混合A,0.06279054269556217,ret_12m,main,49.9,full,1.0,2026-09-23
2400.0,,021590,兴全竞争优势混合A,0.06273299814983635,ret_12m,main,24.9,short,1.0,2026-09-23
2401.0,,009887,广发稳健优选六个月持有期混合A,0.06267526516163846,ret_12m,main,73.6,full,1.0,2026-09-23
2402.0,,004738,摩根安隆回报混合A,0.06239617164217237,ret_12m,main,103.5,full,1.0,2026-09-23
2403.0,,010845,宏利波控回报12个月持有混合,0.06227161638841294,ret_12m,main,68.1,full,1.0,2026-09-23
2404.0,,001537,中加改革红利混合,0.062161374193934193,ret_12m,main,133.4,full,1.0,2026-09-23
2405.0,,003670,国联物联网主题A,0.06211267365983031,ret_12m,main,114.8,full,1.0,2026-09-23
2406.0,,010900,中欧生益稳健一年混合A,0.06205662713095106,ret_12m,main,68.3,full,1.0,2026-09-23
2407.0,,021515,汇添富红利智选混合发起式A,0.06202890069150646,ret_12m,main,23.9,short,1.0,2026-09-23
2408.0,,001528,诺安先进制造股票A,0.061865010130658815,ret_12m,main,133.1,full,1.0,2026-09-23
2409.0,,001441,易方达瑞信混合I,0.06166124060812539,ret_12m,main,103.8,full,1.0,2026-09-23
2410.0,,160624,鹏华消费领先混合,0.06160872946009688,ret_12m,main,151.9,full,1.0,2026-09-23
2411.0,,010894,鹏华汇智优选混合A,0.0615451620946581,ret_12m,main,68.5,full,1.0,2026-09-23
2412.0,,012096,鑫元鑫动力混合A,0.06146534849215679,ret_12m,main,62.4,full,1.0,2026-09-23
2413.0,,163823,中银稳健策略混合,0.06144739470349703,ret_12m,main,168.1,full,1.0,2026-09-23
2414.0,,010439,汇添富稳健汇盈一年持有期混合,0.06138610088682195,ret_12m,main,70.6,full,1.0,2026-09-23
2415.0,,001443,易方达瑞选灵活配置混合I,0.06128934301150579,ret_12m,main,129.7,full,1.0,2026-09-23
2416.0,,420001,天弘精选混合A,0.061258846320112914,ret_12m,main,251.5,full,1.0,2026-09-23
2417.0,,003154,华宝新活力混合C,0.06122731114698943,ret_12m,main,120.5,full,1.0,2026-09-23
2418.0,,004517,南方安康混合A,0.06121652319861193,ret_12m,main,111.3,full,1.0,2026-09-23
2419.0,,006449,浙商汇金量化精选混合A,0.061211113682873464,ret_12m,main,90.0,full,1.0,2026-09-23
2420.0,,002561,东吴安鑫量化混合A,0.06118992376596921,ret_12m,main,123.7,full,1.0,2026-09-23
2421.0,,009395,鑫元安鑫回报混合A,0.061177562373380345,ret_12m,main,71.8,full,1.0,2026-09-23
2422.0,,004975,交银恒益灵活配置混合A,0.06117196672328573,ret_12m,main,108.3,full,1.0,2026-09-23
2423.0,,017813,兴合安迎混合A,0.06117180168723313,ret_12m,main,39.8,full,1.0,2026-09-23
2424.0,,012025,兴业聚兴混合A,0.061134239570535875,ret_12m,main,59.8,full,1.0,2026-09-23
2425.0,,011033,南方宝恒混合A,0.0610958843982734,ret_12m,main,63.5,full,1.0,2026-09-23
2426.0,,070003,嘉实稳健混合,0.061041634014570745,ret_12m,main,278.5,full,1.0,2026-09-23
2427.0,,001342,易方达新享混合A,0.06097871964408652,ret_12m,main,135.9,full,1.0,2026-09-23
2428.0,,004153,中信保诚新悦混合A,0.06087350906261291,ret_12m,main,116.8,full,1.0,2026-09-23
2429.0,,019787,上银丰瑞一年持有期混合发起式A,0.060865816659842364,ret_12m,main,33.1,short,1.0,2026-09-23
2430.0,,014031,南方发展机遇一年持有混合A,0.06074781472168289,ret_12m,main,54.5,full,1.0,2026-09-23
2431.0,,018194,建信新材料精选股票发起A,0.06050864429648661,ret_12m,main,37.1,full,1.0,2026-09-23
2432.0,,018434,嘉实均衡配置混合,0.060480884238604204,ret_12m,main,36.1,full,1.0,2026-09-23
2433.0,,003516,国泰融安多策略灵活配置混合A,0.06025537870838815,ret_12m,main,110.7,full,1.0,2026-09-23
2434.0,,167702,德邦量化优选股票(LOF)A,0.06018331132787447,ret_12m,main,114.0,full,1.0,2026-09-23
2435.0,,018455,建信开元耀享9个月持有期混合发起A,0.06012664546033486,ret_12m,main,37.5,full,1.0,2026-09-23
2436.0,,002851,南方品质优选灵活配置混合A,0.060125686398242006,ret_12m,main,121.7,full,1.0,2026-09-23
2437.0,,009776,中欧阿尔法混合A,0.06000507160118462,ret_12m,main,73.1,full,1.0,2026-09-23
2438.0,,021049,易方达高股息量化选股股票发起式A,0.05999935736858286,ret_12m,main,16.6,short,1.0,2026-09-23
2439.0,,000747,广发逆向策略混合A,0.05986924227266743,ret_12m,main,144.6,full,1.0,2026-09-23
2440.0,,014148,景顺长城安鼎一年持有期混合A,0.05985434777602472,ret_12m,main,57.7,full,1.0,2026-09-23
2441.0,,013517,易方达悦浦一年持有混合A,0.05981303350054645,ret_12m,main,59.1,full,1.0,2026-09-23
2442.0,,021814,华泰柏瑞红利量化选股混合A,0.059732036176958436,ret_12m,main,19.9,short,1.0,2026-09-23
2443.0,,004154,中信保诚新悦混合B,0.05968179767491533,ret_12m,main,116.8,full,1.0,2026-09-23
2444.0,,020901,招商成长量化选股股票A,0.05961951929615261,ret_12m,main,27.8,short,1.0,2026-09-23
2445.0,,016547,大成盛享一年持有混合A,0.05955077259701813,ret_12m,main,42.9,full,1.0,2026-09-23
2446.0,,012218,博时乐享混合A,0.05948931129774393,ret_12m,main,63.9,full,1.0,2026-09-23
2447.0,,501063,汇添富悦享两年持有混合,0.0594657606635447,ret_12m,main,91.7,full,1.0,2026-09-23
2448.0,,017142,华宝远见回报混合A,0.05945682326718127,ret_12m,main,42.6,full,1.0,2026-09-23
2449.0,,004836,国联鑫价值混合A,0.05933259282573422,ret_12m,main,102.5,full,1.0,2026-09-23
2450.0,,007733,南方智锐混合A,0.05932175688419217,ret_12m,main,84.2,full,1.0,2026-09-23
2451.0,,005421,中欧嘉泽灵活配置混合,0.059277331466300875,ret_12m,main,103.9,full,1.0,2026-09-23
2452.0,,018405,朱雀产业精选混合A,0.0592494776560184,ret_12m,main,38.9,full,1.0,2026-09-23
2453.0,,009817,红塔红土稳健精选混合A,0.059216961491936004,ret_12m,main,71.2,full,1.0,2026-09-23
2454.0,,000110,金鹰元安混合A,0.05912442253003447,ret_12m,main,160.1,full,1.0,2026-09-23
2455.0,,024661,国联鑫价值混合B,0.059120934883466036,ret_12m,main,15.1,short,1.0,2026-09-23
2456.0,,003161,南方安泰混合A,0.05911991202927669,ret_12m,main,120.0,full,1.0,2026-09-23
2457.0,,015217,鹏扬成长领航混合A,0.05896586415632554,ret_12m,main,47.1,full,1.0,2026-09-23
2458.0,,161727,招商增荣混合(LOF),0.05889851125939116,ret_12m,main,123.7,full,1.0,2026-09-23
2459.0,,519198,万家颐和灵活配置混合A,0.05877104519526899,ret_12m,main,123.0,full,1.0,2026-09-23
2460.0,,004693,前海联合泳隽混合A,0.05875224783917998,ret_12m,main,103.8,full,1.0,2026-09-23
2461.0,,001300,大成睿景灵活配置混合A,0.05867818041890227,ret_12m,main,136.0,full,1.0,2026-09-23
2462.0,,008664,嘉实鑫和一年持有期混合A,0.05849126090720436,ret_12m,main,81.0,full,1.0,2026-09-23
2463.0,,005453,前海开源医疗健康A,0.05844774797778163,ret_12m,main,104.1,full,1.0,2026-09-23
2464.0,,016902,鑫元欣悦混合A,0.05840200193791589,ret_12m,main,44.4,full,1.0,2026-09-23
2465.0,,016444,中泰研究精选6个月持有股票A,0.05836448162723018,ret_12m,main,46.4,full,1.0,2026-09-23
2466.0,,001806,易方达瑞智灵活配置混合I,0.05818785895503087,ret_12m,main,111.1,full,1.0,2026-09-23
2467.0,,011934,中航量化阿尔法六个月持有A,0.058125098464216096,ret_12m,main,60.9,full,1.0,2026-09-23
2468.0,,009086,鹏华价值共赢两年持有期混合,0.05799689286910925,ret_12m,main,76.8,full,1.0,2026-09-23
2469.0,,017606,华泰柏瑞轮动精选混合A,0.057832470803163005,ret_12m,main,40.6,full,1.0,2026-09-23
2470.0,,011027,国寿安保稳弘混合A,0.0578050531396157,ret_12m,main,66.2,full,1.0,2026-09-23
2471.0,,002049,融通新机遇灵活配置混合,0.05775030848218998,ret_12m,main,130.2,full,1.0,2026-09-23
2472.0,,005949,鑫元行业轮动混合A,0.05773411810204765,ret_12m,main,99.8,full,1.0,2026-09-23
2473.0,,000967,华泰柏瑞创新动力混合,0.0576598535575632,ret_12m,main,139.5,full,1.0,2026-09-23
2474.0,,018754,兴业均衡优选混合A,0.05761142030178945,ret_12m,main,37.2,full,1.0,2026-09-23
2475.0,,010942,招商瑞乐6个月持有期混合A,0.057556042363926085,ret_12m,main,62.4,full,1.0,2026-09-23
2476.0,,021046,平安港股通红利精选混合发起式A,0.05750899704625656,ret_12m,main,29.9,short,1.0,2026-09-23
2477.0,,013980,光大恒鑫混合A,0.057460418466015906,ret_12m,main,57.8,full,1.0,2026-09-23
2478.0,,002001,华夏回报混合A,0.057408869679014485,ret_12m,main,276.6,full,1.0,2026-09-23
2479.0,,010624,富国稳健增长混合A,0.05737824961124227,ret_12m,main,64.9,full,1.0,2026-09-23
2480.0,,006013,易方达鑫转招利混合A,0.0573498560062744,ret_12m,main,91.8,full,1.0,2026-09-23
2481.0,,210010,金鹰灵活配置混合A,0.057251846250559346,ret_12m,main,165.8,full,1.0,2026-09-23
2482.0,,019130,天弘多元锐选一年持有混合A,0.05698441430695178,ret_12m,main,35.9,short,1.0,2026-09-23
2483.0,,010541,国寿安保稳和6个月持有期混合A,0.05683897294944096,ret_12m,main,69.9,full,1.0,2026-09-23
2484.0,,008420,广发招泰A,0.05683788969254633,ret_12m,main,78.6,full,1.0,2026-09-23
2485.0,,003805,华安新恒利混合A,0.05682840665846656,ret_12m,main,117.5,full,1.0,2026-09-23
2486.0,,012346,易方达港股通成长混合A,0.056621141296883115,ret_12m,main,60.7,full,1.0,2026-09-23
2487.0,,004225,国寿安保稳诚混合A,0.05657497951000212,ret_12m,main,116.1,full,1.0,2026-09-23
2488.0,,001547,兴业聚惠混合A,0.05656185374801592,ret_12m,main,134.5,full,1.0,2026-09-23
2489.0,,008209,南方宝泰一年混合A,0.056561107334119454,ret_12m,main,80.9,full,1.0,2026-09-23
2490.0,,006250,摩根动力精选混合A,0.056541703422332334,ret_12m,main,91.8,full,1.0,2026-09-23
2491.0,,001349,富国改革动力混合,0.056494802484303275,ret_12m,main,136.1,full,1.0,2026-09-23
2492.0,,001222,鹏华外延成长混合,0.05634093361736614,ret_12m,main,136.2,full,1.0,2026-09-23
2493.0,,001596,中信保诚新泽混合A,0.05632716380064795,ret_12m,main,110.9,full,1.0,2026-09-23
2494.0,,160919,大成产业升级股票(LOF)A,0.05627197240104054,ret_12m,main,140.9,full,1.0,2026-09-23
2495.0,,002514,招商丰益混合A,0.05624180531434697,ret_12m,main,121.0,full,1.0,2026-09-23
2496.0,,210006,金鹰元禧混合A,0.05600505930185107,ret_12m,main,184.2,full,1.0,2026-09-23
2497.0,,001327,鹏华弘华混合A,0.05598368772565876,ret_12m,main,136.0,full,1.0,2026-09-23
2498.0,,004405,国寿安保稳寿混合A,0.05586199107855627,ret_12m,main,109.7,full,1.0,2026-09-23
2499.0,,019712,博时稳合一年持有期混合A,0.05578671046259576,ret_12m,main,29.2,short,1.0,2026-09-23
2500.0,,009689,易方达瑞锦混合A,0.05573721696994616,ret_12m,main,74.5,full,1.0,2026-09-23
2501.0,,002177,中信保诚新泽混合B,0.05567554656000473,ret_12m,main,110.9,full,1.0,2026-09-23
2502.0,,000672,工银绝对收益混合发起B,0.05564138079983394,ret_12m,main,146.9,full,1.0,2026-09-23
2503.0,,519127,浦银盛世A,0.05561218247949573,ret_12m,main,146.9,full,1.0,2026-09-23
2504.0,,002388,天弘裕利灵活配置混合A,0.05558859942331118,ret_12m,main,127.8,full,1.0,2026-09-23
2505.0,,024917,华夏红利价值混合D,0.055479929010888274,ret_12m,main,13.3,short,1.0,2026-09-23
2506.0,,450004,国富深化价值混合A,0.05545929682642026,ret_12m,main,218.7,full,1.0,2026-09-23
2507.0,,001688,嘉实新起点混合A,0.055272342287564724,ret_12m,main,129.9,full,1.0,2026-09-23
2508.0,,001571,嘉合磐石A,0.05526096376090228,ret_12m,main,134.7,full,1.0,2026-09-23
2509.0,,002006,工银新得益混合,0.05522688716836255,ret_12m,main,118.0,full,1.0,2026-09-23
2510.0,,001907,国投瑞银境煊灵活配置混合A,0.055115328786881745,ret_12m,main,130.9,full,1.0,2026-09-23
2511.0,,012214,民生加银核心资产股票A,0.0551078574088435,ret_12m,main,58.6,full,1.0,2026-09-23
2512.0,,011530,泓德优质治理灵活配置混合,0.05496177160775262,ret_12m,main,66.0,full,1.0,2026-09-23
2513.0,,013225,景顺长城安景一年持有期混合A,0.05488370059250869,ret_12m,main,56.5,full,1.0,2026-09-23
2514.0,,013435,大成景气精选六个月持有混合A,0.05474445363766978,ret_12m,main,58.8,full,1.0,2026-09-23
2515.0,,501028,财通多策略福瑞混合发起式(LOF)A,0.054684955286085746,ret_12m,main,118.0,full,1.0,2026-09-23
2516.0,,012435,万家招瑞回报一年持有混合A,0.05453686414368475,ret_12m,main,61.2,full,1.0,2026-09-23
2517.0,,008488,华商恒益稳健混合,0.05453193719233518,ret_12m,main,79.1,full,1.0,2026-09-23
2518.0,,010539,浙商智多金稳健一年持有期A,0.05444305693724094,ret_12m,main,63.0,full,1.0,2026-09-23
2519.0,,012487,博时恒玺一年持有期混合A,0.054405734829311436,ret_12m,main,62.6,full,1.0,2026-09-23
2520.0,,519736,交银新成长混合,0.054405483930523246,ret_12m,main,148.5,full,1.0,2026-09-23
2521.0,,006608,泓德研究优选混合,0.05440125334453083,ret_12m,main,87.9,full,1.0,2026-09-23
2522.0,,163110,申万菱信量化小盘股票(LOF)A,0.054329401949007705,ret_12m,main,183.3,full,1.0,2026-09-23
2523.0,,012998,招商稳旺混合A,0.05419256405480177,ret_12m,main,54.3,full,1.0,2026-09-23
2524.0,,070010,嘉实主题混合,0.05412354117348417,ret_12m,main,242.1,full,1.0,2026-09-23
2525.0,,019610,财通数字经济智选混合发起A,0.054069258682490684,ret_12m,main,27.6,short,1.0,2026-09-23
2526.0,,015519,安信远见稳进一年持有混合A,0.05395931292547296,ret_12m,main,26.2,short,1.0,2026-09-23
2527.0,,012594,招商瑞享1年持有期混合A,0.05394955825586756,ret_12m,main,55.9,full,1.0,2026-09-23
2528.0,,005357,富国国企改革灵活配置混合,0.05386519088047792,ret_12m,main,103.7,full,1.0,2026-09-23
2529.0,,240010,华宝行业精选混合,0.053705367066252396,ret_12m,main,231.3,full,1.0,2026-09-23
2530.0,,023834,广发资源智选股票发起式A,0.05344528095791157,ret_12m,main,13.0,short,0.9526,2026-09-23
2531.0,,014210,国投瑞银竞争优势混合A,0.05341754399635468,ret_12m,main,56.1,full,1.0,2026-09-23
2532.0,,519156,新华行业灵活配置混合A,0.05330368082924575,ret_12m,main,159.6,full,1.0,2026-09-23
2533.0,,000597,中海积极收益混合,0.05327693082055873,ret_12m,main,147.9,full,1.0,2026-09-23
2534.0,,012297,东兴宸瑞量化混合A,0.053248584282103106,ret_12m,main,62.8,full,1.0,2026-09-23
2535.0,,016524,招商均衡成长混合A,0.053180998889496234,ret_12m,main,48.3,full,1.0,2026-09-23
2536.0,,013624,嘉实价值创造三年持有期混合A,0.053023625236404914,ret_12m,main,54.7,full,1.0,2026-09-23
2537.0,,010923,永赢鑫欣混合A,0.05293799851327052,ret_12m,main,68.3,full,1.0,2026-09-23
2538.0,,001543,宝盈新锐混合A,0.052765840749258386,ret_12m,main,130.6,full,1.0,2026-09-23
2539.0,,021795,广发稳信六个月持有期混合A,0.052696324581925635,ret_12m,main,22.6,short,1.0,2026-09-23
2540.0,,012001,中泰星宇价值成长混合A,0.05265388437421481,ret_12m,main,63.7,full,1.0,2026-09-23
2541.0,,002955,融通新趋势灵活配置混合,0.05248136116351643,ret_12m,main,121.2,full,1.0,2026-09-23
2542.0,,010839,易方达瑞安灵活配置混合A,0.05244440025665953,ret_12m,main,68.5,full,1.0,2026-09-23
2543.0,,011042,国泰价值先锋股票A,0.052321989785051315,ret_12m,main,66.5,full,1.0,2026-09-23
2544.0,,004720,华夏睿磐泰茂混合A,0.05231402552836606,ret_12m,main,105.6,full,1.0,2026-09-23
2545.0,,360006,光大新增长混合A,0.052247952711734325,ret_12m,main,240.3,full,1.0,2026-09-23
2546.0,,450003,国富潜力组合混合A,0.05219093921060258,ret_12m,main,234.1,full,1.0,2026-09-23
2547.0,,009907,湘财长泽灵活配置混合A,0.052140888163212606,ret_12m,main,73.3,full,1.0,2026-09-23
2548.0,,001067,鹏华弘盛混合A,0.0520626419553365,ret_12m,main,138.9,full,1.0,2026-09-23
2549.0,,001231,银华泰利灵活配置混合A,0.05202009611177738,ret_12m,main,137.0,full,1.0,2026-09-23
2550.0,,002455,民生加银鑫喜混合A,0.05199499715381051,ret_12m,main,117.5,full,1.0,2026-09-23
2551.0,,005120,摩根量化多因子混合,0.05193246393990769,ret_12m,main,104.1,full,1.0,2026-09-23
2552.0,,008860,民生加银龙头优选股票A,0.051709784037933026,ret_12m,main,78.5,full,1.0,2026-09-23
2553.0,,014462,光大汇佳混合A,0.05154889594989176,ret_12m,main,49.9,full,1.0,2026-09-23
2554.0,,022224,泓德智选领航混合A,0.05149387071678513,ret_12m,main,23.0,short,1.0,2026-09-23
2555.0,,121001,国投瑞银融华债券,0.05149200882106486,ret_12m,main,281.3,full,1.0,2026-09-23
2556.0,,024087,百嘉科技创新混合A,0.05148401852057538,ret_12m,main,13.1,short,0.9723,2026-09-23
2557.0,,240004,华宝动力组合混合A,0.0514724077115194,ret_12m,main,250.2,full,1.0,2026-09-23
2558.0,,009618,交银启汇混合A,0.05143513114175535,ret_12m,main,74.5,full,1.0,2026-09-23
2559.0,,501017,国泰融丰外延增长混合(LOF)A,0.05131944182546233,ret_12m,main,123.9,full,1.0,2026-09-23
2560.0,,320018,诺安新动力灵活配置混合A,0.051301965709350306,ret_12m,main,174.6,full,1.0,2026-09-23
2561.0,,000030,长城核心优选混合A,0.051201799538514114,ret_12m,main,161.2,full,1.0,2026-09-23
2562.0,,022748,平安港股通红利优选混合A,0.051185272647548796,ret_12m,main,20.9,short,1.0,2026-09-23
2563.0,,015718,财通资管均衡臻选混合A,0.051080081861214266,ret_12m,main,46.3,full,1.0,2026-09-23
2564.0,,017835,信澳匠心回报混合A,0.051044765341270004,ret_12m,main,36.0,full,1.0,2026-09-23
2565.0,,001285,易方达新鑫混合I,0.050837547088268265,ret_12m,main,136.3,full,1.0,2026-09-23
2566.0,,001189,广发聚宝混合A,0.05077104734243565,ret_12m,main,137.5,full,1.0,2026-09-23
2567.0,,001835,易方达瑞祥混合A,0.05042675385866935,ret_12m,main,104.1,full,1.0,2026-09-23
2568.0,,008895,申万菱信量化对冲策略灵活配置混合发起式A,0.05042064825824544,ret_12m,main,78.0,full,1.0,2026-09-23
2569.0,,021181,中欧价值精选混合A,0.050363199850232965,ret_12m,main,28.1,short,1.0,2026-09-23
2570.0,,008979,万家民丰回报一年持有混合,0.05027206821719643,ret_12m,main,78.6,full,1.0,2026-09-23
2571.0,,377020,摩根内需动力混合A,0.05012308852347713,ret_12m,main,233.4,full,1.0,2026-09-23
2572.0,,009249,易方达磐泰一年持有期混合A,0.04997254558149988,ret_12m,main,73.3,full,1.0,2026-09-23
2573.0,,017073,嘉实清洁能源股票发起式A,0.04995806203762876,ret_12m,main,46.0,full,1.0,2026-09-23
2574.0,,023244,东海启元添益6个月持有混合发起式A,0.049803840530777466,ret_12m,main,19.3,short,1.0,2026-09-23
2575.0,,000955,南方产业活力,0.0497910279933349,ret_12m,main,139.9,full,1.0,2026-09-23
2576.0,,519170,浦银增长动力混合A,0.049709145352627715,ret_12m,main,138.4,full,1.0,2026-09-23
2577.0,,002011,华夏红利混合,0.0495549034737508,ret_12m,main,254.8,full,1.0,2026-09-23
2578.0,,024461,宏利睿智领航混合A,0.04953436187836524,ret_12m,main,15.1,short,0.9763,2026-09-23
2579.0,,021570,华夏红利量化选股股票A,0.04942900132656303,ret_12m,main,26.7,short,1.0,2026-09-23
2580.0,,166023,中欧瑞丰灵活配置混合(LOF)A,0.0493954116543287,ret_12m,main,109.8,full,1.0,2026-09-23
2581.0,,011781,泓德慧享混合A,0.04939118807011145,ret_12m,main,60.6,full,1.0,2026-09-23
2582.0,,002714,鹏华金城混合D,0.049339288765759104,ret_12m,main,123.7,full,1.0,2026-09-23
2583.0,,501001,财通多策略精选混合(LOF),0.04930127288882513,ret_12m,main,134.8,full,1.0,2026-09-23
2584.0,,730001,方正富邦创新动力混合A,0.04929613415935674,ret_12m,main,176.9,full,1.0,2026-09-23
2585.0,,000367,国泰安康定期支付混合A,0.04917692369647875,ret_12m,main,148.8,full,1.0,2026-09-23
2586.0,,290006,泰信蓝筹精选混合,0.0491650325189279,ret_12m,main,209.1,full,1.0,2026-09-23
2587.0,,019740,财通资管创新医药混合A,0.04904493965861034,ret_12m,main,32.0,short,1.0,2026-09-23
2588.0,,011834,大成投资严选六月持有混合A,0.0489672449230627,ret_12m,main,62.3,full,1.0,2026-09-23
2589.0,,161611,融通内需驱动混合A,0.04890788945582436,ret_12m,main,209.1,full,1.0,2026-09-23
2590.0,,013890,国泰睿毅三年持有期混合A,0.04888602445388157,ret_12m,main,53.8,full,1.0,2026-09-23
2591.0,,004008,国联鑫思路混合A,0.04883131525696105,ret_12m,main,116.2,full,1.0,2026-09-23
2592.0,,090019,大成景恒混合A,0.04877006909379089,ret_12m,main,171.3,full,1.0,2026-09-23
2593.0,,004716,中信保诚量化阿尔法股票A,0.048682014928844275,ret_12m,main,110.4,full,1.0,2026-09-23
2594.0,,166009,中欧新动力混合(LOF)A,0.04866306660984265,ret_12m,main,187.4,full,1.0,2026-09-23
2595.0,,020358,东方红慧鑫甄选6个月持有混合A,0.04864129088802982,ret_12m,main,28.8,short,1.0,2026-09-23
2596.0,,008499,鹏扬景科混合A,0.048619278174559355,ret_12m,main,77.4,full,1.0,2026-09-23
2597.0,,006136,广发估值优势混合A,0.04850460250983524,ret_12m,main,96.1,full,1.0,2026-09-23
2598.0,,011231,光大锦弘混合A,0.04840408574726407,ret_12m,main,66.5,full,1.0,2026-09-23
2599.0,,010188,中欧添益一年混合A,0.04831715701330741,ret_12m,main,71.0,full,1.0,2026-09-23
2600.0,,009515,中欧真益稳健一年混合A,0.04821687287425358,ret_12m,main,75.6,full,1.0,2026-09-23
2601.0,,010657,海富通欣睿混合A,0.04809135787600871,ret_12m,main,67.4,full,1.0,2026-09-23
2602.0,,009766,安信平稳双利3个月持有混合A,0.048047237029915424,ret_12m,main,72.6,full,1.0,2026-09-23
2603.0,,009653,大成丰享回报混合A,0.04798096778538774,ret_12m,main,70.1,full,1.0,2026-09-23
2604.0,,006557,海富通研究精选混合A,0.04784066417210919,ret_12m,main,91.8,full,1.0,2026-09-23
2605.0,,012107,泓德瑞嘉三年持有期混合A,0.04755287036664413,ret_12m,main,64.0,full,1.0,2026-09-23
2606.0,,014767,景顺长城华城稳健6个月持有期混合A,0.047531563147785505,ret_12m,main,55.9,full,1.0,2026-09-23
2607.0,,002602,易方达丰惠混合,0.047433727600803444,ret_12m,main,114.0,full,1.0,2026-09-23
2608.0,,003187,嘉实安益混合C,0.04741480953659449,ret_12m,main,120.9,full,1.0,2026-09-23
2609.0,,014151,国富鑫享价值混合A,0.04736599448285195,ret_12m,main,51.8,full,1.0,2026-09-23
2610.0,,008809,安信民稳增长混合A,0.04708995897787971,ret_12m,main,80.3,full,1.0,2026-09-23
2611.0,,016570,嘉实价值丰润混合A,0.04708817298603929,ret_12m,main,47.9,full,1.0,2026-09-23
2612.0,,009448,泰康申润一年持有期混合A,0.04701072874547596,ret_12m,main,74.8,full,1.0,2026-09-23
2613.0,,015094,华商300智选混合A,0.046951689162485044,ret_12m,main,49.2,full,1.0,2026-09-23
2614.0,,010379,广发均衡优选混合A,0.04688588379951053,ret_12m,main,68.4,full,1.0,2026-09-23
2615.0,,011534,万家民瑞祥明6个月持有混合A,0.04683141804420665,ret_12m,main,64.9,full,1.0,2026-09-23
2616.0,,002000,工银新生利混合,0.046661838551483426,ret_12m,main,116.8,full,1.0,2026-09-23
2617.0,,003304,前海开源沪港深核心资源混合A,0.046628939059984775,ret_12m,main,119.2,full,1.0,2026-09-23
2618.0,,003697,华夏睿磐泰盛混合A,0.04658117114935578,ret_12m,main,114.3,full,1.0,2026-09-23
2619.0,,009900,易方达磐固六个月持有期混合A,0.046291058714980515,ret_12m,main,72.6,full,1.0,2026-09-23
2620.0,,270025,广发行业领先混合A,0.04628708994126729,ret_12m,main,190.0,full,1.0,2026-09-23
2621.0,,011746,南方誉浦一年持有混合A,0.04625038771179324,ret_12m,main,64.8,full,1.0,2026-09-23
2622.0,,001336,鹏华弘益混合A,0.04611965166030063,ret_12m,main,135.9,full,1.0,2026-09-23
2623.0,,000804,中信建投稳利混合A,0.046061343237489005,ret_12m,main,143.9,full,1.0,2026-09-23
2624.0,,002116,广发安享混合A,0.04592191742461216,ret_12m,main,127.0,full,1.0,2026-09-23
2625.0,,010659,民生加银质量领先混合A,0.04585741570636892,ret_12m,main,69.2,full,1.0,2026-09-23
2626.0,,001648,工银新价值灵活配置混合A,0.045839215716486414,ret_12m,main,112.9,full,1.0,2026-09-23
2627.0,,340001,兴全可转债混合,0.04580388954661707,ret_12m,main,268.4,full,1.0,2026-09-23
2628.0,,011769,富国精诚回报12个月持有期混合A,0.045761000143222486,ret_12m,main,64.8,full,1.0,2026-09-23
2629.0,,013569,天弘永利优佳混合A,0.04574298556399414,ret_12m,main,59.8,full,1.0,2026-09-23
2630.0,,010870,汇添富稳健鑫添益六个月持有混合A,0.04570666310507798,ret_12m,main,66.0,full,1.0,2026-09-23
2631.0,,005412,金信民长混合A,0.04561477822235083,ret_12m,main,76.1,full,1.0,2026-09-23
2632.0,,001745,易方达瑞富灵活配置混合I,0.045547682400201905,ret_12m,main,112.4,full,1.0,2026-09-23
2633.0,,009263,华宝红利精选混合A,0.045447186699774544,ret_12m,main,75.7,full,1.0,2026-09-23
2634.0,,660003,农银平衡双利混合,0.04540812315753717,ret_12m,main,209.5,full,1.0,2026-09-23
2635.0,,519050,海富通安颐收益混合A,0.045183118486684215,ret_12m,main,159.8,full,1.0,2026-09-23
2636.0,,004128,前海联合泳隆混合A,0.045171992414541506,ret_12m,main,108.8,full,1.0,2026-09-23
2637.0,,011285,民生价值优选6个月持有股票A,0.04509782245640359,ret_12m,main,63.5,full,1.0,2026-09-23
2638.0,,012277,国泰佳益混合A,0.04506774672352387,ret_12m,main,63.0,full,1.0,2026-09-23
2639.0,,008513,南方宝丰混合A,0.04504198936156345,ret_12m,main,78.6,full,1.0,2026-09-23
2640.0,,024596,财通成长量化选股混合A,0.045036731574818134,ret_12m,main,13.4,short,0.9763,2026-09-23
2641.0,,393001,中海优势精选灵活配置混合,0.044955187655229656,ret_12m,main,171.1,full,1.0,2026-09-23
2642.0,,018484,财通资管医疗保健混合A,0.044830360512722045,ret_12m,main,37.7,full,1.0,2026-09-23
2643.0,,017230,宝盈价值成长混合A,0.044740296750145125,ret_12m,main,27.6,short,1.0,2026-09-23
2644.0,,009658,汇丰晋信中小盘低波动策略股票A,0.04462196481254388,ret_12m,main,73.3,full,1.0,2026-09-23
2645.0,,004740,中欧瑞丰灵活配置混合C,0.044591064619271537,ret_12m,main,109.8,full,1.0,2026-09-23
2646.0,,015125,易方达悦鑫一年持有混合A,0.04454411379040191,ret_12m,main,52.6,full,1.0,2026-09-23
2647.0,,015564,大成弘远回报一年持有混合A,0.04438908043294565,ret_12m,main,47.9,full,1.0,2026-09-23
2648.0,,009029,工银高质量成长混合A,0.04434117772018853,ret_12m,main,75.2,full,1.0,2026-09-23
2649.0,,000336,农银研究精选混合,0.04433736950626033,ret_12m,main,154.6,full,1.0,2026-09-23
2650.0,,009381,汇安核心资产混合A,0.044322735909583466,ret_12m,main,75.2,full,1.0,2026-09-23
2651.0,,015729,朱雀碳中和三年持有混合发起,0.04427223138925829,ret_12m,main,48.5,full,1.0,2026-09-23
2652.0,,015769,天弘低碳经济混合A,0.04426669063506816,ret_12m,main,50.9,full,1.0,2026-09-23
2653.0,,023806,招商红利量化选股混合A,0.04418810240450144,ret_12m,main,15.9,short,1.0,2026-09-23
2654.0,,009244,国寿安保稳丰6个月持有混合A,0.04410838118963967,ret_12m,main,73.6,full,1.0,2026-09-23
2655.0,,006005,诺安鼎利混合A,0.044099419066068624,ret_12m,main,89.9,full,1.0,2026-09-23
2656.0,,010797,长城优选回报六个月持有混合A,0.04409540470139861,ret_12m,main,68.1,full,1.0,2026-09-23
2657.0,,021629,华安红利机遇股票发起式A,0.04375355126959257,ret_12m,main,24.9,short,1.0,2026-09-23
2658.0,,020772,中信建投量化选股股票A,0.043727059863524875,ret_12m,main,28.0,short,1.0,2026-09-23
2659.0,,009691,国泰浩益混合A,0.04353750994078509,ret_12m,main,73.4,full,1.0,2026-09-23
2660.0,,022237,融通央企精选混合A,0.04351260146730551,ret_12m,main,18.0,short,1.0,2026-09-23
2661.0,,023232,国泰合利6个月持有混合A,0.043478477724927966,ret_12m,main,18.3,short,1.0,2026-09-23
2662.0,,660004,农银策略价值混合,0.043471974682553816,ret_12m,main,203.8,full,1.0,2026-09-23
2663.0,,018708,交银悦信精选混合A,0.04339528524126823,ret_12m,main,36.6,full,1.0,2026-09-23
2664.0,,011938,博时新能源汽车主题混合A,0.04325383313474851,ret_12m,main,63.7,full,1.0,2026-09-23
2665.0,,012292,泰康鼎泰一年持有期混合A,0.04319416071181892,ret_12m,main,57.3,full,1.0,2026-09-23
2666.0,,011192,广发恒荣三个月持有期混合A,0.0429975247560368,ret_12m,main,61.2,full,1.0,2026-09-23
2667.0,,017507,东兴连众一年持有期混合A,0.04297375459782882,ret_12m,main,38.3,full,1.0,2026-09-23
2668.0,,011086,易方达瑞康混合A,0.042937531999930556,ret_12m,main,67.6,full,1.0,2026-09-23
2669.0,,002792,景顺长城顺益回报混合A,0.04293270425459461,ret_12m,main,117.5,full,1.0,2026-09-23
2670.0,,001247,华泰柏瑞新利混合A,0.04285781210401063,ret_12m,main,136.9,full,1.0,2026-09-23
2671.0,,012332,上银鑫尚稳健回报6个月持有期混合A,0.04269107248421666,ret_12m,main,62.1,full,1.0,2026-09-23
2672.0,,012681,永赢鑫辰混合A,0.04258065136961764,ret_12m,main,60.7,full,1.0,2026-09-23
2673.0,,003379,中信保诚至选混合A,0.042541543353139755,ret_12m,main,118.5,full,1.0,2026-09-23
2674.0,,163810,中银价值混合A,0.042377755975651965,ret_12m,main,193.0,full,1.0,2026-09-23
2675.0,,014329,国联优势产业混合A,0.04225022706808601,ret_12m,main,55.9,full,1.0,2026-09-23
2676.0,,004750,广发鑫和A,0.042133630312629844,ret_12m,main,104.2,full,1.0,2026-09-23
2677.0,,014593,西部利得聚优一年持有期混合,0.04211857024929899,ret_12m,main,49.5,full,1.0,2026-09-23
2678.0,,016682,天弘广盈六个月持有混合A,0.04199926307829016,ret_12m,main,38.8,full,1.0,2026-09-23
2679.0,,014541,华安新能源主题混合A,0.04196415902310746,ret_12m,main,52.4,full,1.0,2026-09-23
2680.0,,233006,大摩领先优势混合,0.04191301628936461,ret_12m,main,204.0,full,1.0,2026-09-23
2681.0,,010215,中欧达益稳健一年混合A,0.04188969480450311,ret_12m,main,70.8,full,1.0,2026-09-23
2682.0,,002664,万家瑞和灵活配置混合A,0.041883060914376324,ret_12m,main,124.9,full,1.0,2026-09-23
2683.0,,003692,大成景尚灵活配置混合A,0.041690622252076315,ret_12m,main,118.4,full,1.0,2026-09-23
2684.0,,004129,国联安鑫汇混合A,0.04151661998763512,ret_12m,main,114.8,full,1.0,2026-09-23
2685.0,,007968,华泰柏瑞研究精选A,0.04144703600985422,ret_12m,main,82.1,full,1.0,2026-09-23
2686.0,,001136,易方达裕如灵活配置混合A,0.04141320100829504,ret_12m,main,138.0,full,1.0,2026-09-23
2687.0,,013958,华商鑫选回报一年持有混合A,0.0413491694949506,ret_12m,main,51.8,full,1.0,2026-09-23
2688.0,,009829,长城优选增强六个月持有混合A,0.04132367575420126,ret_12m,main,70.6,full,1.0,2026-09-23
2689.0,,014892,永赢添添欣12个月持有混合A,0.04108172942897648,ret_12m,main,55.2,full,1.0,2026-09-23
2690.0,,160323,华夏磐泰混合(LOF)A,0.04099879074995294,ret_12m,main,116.9,full,1.0,2026-09-23
2691.0,,010242,平安稳健增长混合A,0.04092393507662684,ret_12m,main,68.3,full,1.0,2026-09-23
2692.0,,006243,中银双息回报混合A,0.0408859720710939,ret_12m,main,95.9,full,1.0,2026-09-23
2693.0,,160613,鹏华盛世创新混合(LOF)A,0.040843953073653294,ret_12m,main,215.4,full,1.0,2026-09-23
2694.0,,000279,华商红利优选混合,0.04076643461488749,ret_12m,main,156.2,full,1.0,2026-09-23
2695.0,,001054,工银新金融股票A,0.04073619346469526,ret_12m,main,138.2,full,1.0,2026-09-23
2696.0,,012833,交银鸿信一年持有期混合A,0.040716197830567236,ret_12m,main,61.6,full,1.0,2026-09-23
2697.0,,008715,景顺长城价值驱动一年持有混合,0.040462969143204575,ret_12m,main,62.2,full,1.0,2026-09-23
2698.0,,008375,中欧启航三年混合A,0.04045200693040507,ret_12m,main,81.0,full,1.0,2026-09-23
2699.0,,004227,泰信鑫利混合A,0.0403719398661293,ret_12m,main,112.0,full,1.0,2026-09-23
2700.0,,016781,湘财研究精选一年持有期混合A,0.04036187241017619,ret_12m,main,45.3,full,1.0,2026-09-23
2701.0,,009266,鹏扬景合六个月混合A,0.04018483679036855,ret_12m,main,70.6,full,1.0,2026-09-23
2702.0,,519222,海富通欣益混合A,0.04014417929522707,ret_12m,main,120.5,full,1.0,2026-09-23
2703.0,,009232,鹏华安惠混合A,0.04001911965554594,ret_12m,main,75.0,full,1.0,2026-09-23
2704.0,,001577,嘉实低价策略股票,0.04001151872640252,ret_12m,main,133.9,full,1.0,2026-09-23
2705.0,,012975,西部利得碳中和混合发起A,0.0400081114847215,ret_12m,main,61.5,full,1.0,2026-09-23
2706.0,,014693,万家兴恒回报一年持有期混合A,0.03987150393287675,ret_12m,main,53.3,full,1.0,2026-09-23
2707.0,,014900,兴全兴裕混合A,0.03980014175366042,ret_12m,main,51.3,full,1.0,2026-09-23
2708.0,,014241,农银均衡收益混合,0.0397979859898574,ret_12m,main,55.9,full,1.0,2026-09-23
2709.0,,009264,泓德瑞兴三年持有期混合,0.039791543451229705,ret_12m,main,74.3,full,1.0,2026-09-23
2710.0,,013360,华夏磐泰混合C,0.03975458879993199,ret_12m,main,58.6,full,1.0,2026-09-23
2711.0,,014160,易方达悦融一年持有混合A,0.039746203890157705,ret_12m,main,57.5,full,1.0,2026-09-23
2712.0,,017220,永赢合嘉一年持有混合A,0.03972442399107301,ret_12m,main,44.8,full,1.0,2026-09-23
2713.0,,017464,长江楚财一年持有期混合发起A,0.039622788005298615,ret_12m,main,37.2,full,1.0,2026-09-23
2714.0,,001817,易方达瑞兴灵活配置混合I,0.03952883713237565,ret_12m,main,111.0,full,1.0,2026-09-23
2715.0,,011347,易方达宁易一年持有混合A,0.039523525736131715,ret_12m,main,65.5,full,1.0,2026-09-23
2716.0,,001852,融通中国风1号灵活配置混合A/B,0.03948103583611684,ret_12m,main,127.6,full,1.0,2026-09-23
2717.0,,002574,招商瑞庆混合A,0.03938273008272941,ret_12m,main,121.0,full,1.0,2026-09-23
2718.0,,660001,农银行业成长混合,0.039300556698850464,ret_12m,main,217.6,full,1.0,2026-09-23
2719.0,,011759,平安鑫盛混合发起式A,0.039280606951499486,ret_12m,main,16.4,short,1.0,2026-09-23
2720.0,,022344,景顺长城红利量化选股股票A,0.039158568165722496,ret_12m,main,19.9,short,1.0,2026-09-23
2721.0,,002593,富国美丽中国混合A,0.03908418834134797,ret_12m,main,124.2,full,1.0,2026-09-23
2722.0,,000573,天弘通利混合A,0.039016527944435,ret_12m,main,150.3,full,1.0,2026-09-23
2723.0,,001917,招商量化精选股票A,0.03898153503855406,ret_12m,main,126.3,full,1.0,2026-09-23
2724.0,,021973,天弘优势企业混合发起A,0.038976479912013806,ret_12m,main,25.2,short,1.0,2026-09-23
2725.0,,002027,中加心享混合A,0.03896372433207285,ret_12m,main,129.7,full,1.0,2026-09-23
2726.0,,017564,华安产业优选混合A,0.03882342394529248,ret_12m,main,39.4,full,1.0,2026-09-23
2727.0,,001755,嘉实新思路混合A,0.03880687182805209,ret_12m,main,125.4,full,1.0,2026-09-23
2728.0,,020236,路博迈中国动力股票A,0.03877909762738341,ret_12m,main,28.9,short,1.0,2026-09-23
2729.0,,016504,广发核心竞争力混合A,0.038774420234434226,ret_12m,main,40.6,full,1.0,2026-09-23
2730.0,,016978,博时均衡优选混合A,0.03862232211819072,ret_12m,main,42.6,full,1.0,2026-09-23
2731.0,,000436,易方达裕惠定开混合A,0.03854290167924357,ret_12m,main,153.2,full,1.0,2026-09-23
2732.0,,009423,招商瑞信稳健配置混合A,0.03844653888040295,ret_12m,main,75.7,full,1.0,2026-09-23
2733.0,,002197,国泰鑫策略价值灵活配置混合A,0.03841891777042172,ret_12m,main,128.8,full,1.0,2026-09-23
2734.0,,023158,上银先进制造混合发起式A,0.038409805663379704,ret_12m,main,20.0,short,1.0,2026-09-23
2735.0,,070019,嘉实价值优势混合A,0.03839109676942232,ret_12m,main,195.5,full,1.0,2026-09-23
2736.0,,519702,交银趋势混合A,0.038349174225062344,ret_12m,main,189.0,full,1.0,2026-09-23
2737.0,,014339,长江智能制造混合发起式A,0.03826639977817803,ret_12m,main,56.8,full,1.0,2026-09-23
2738.0,,012459,汇添富稳健睿享一年持有混合A,0.03820302658367569,ret_12m,main,59.4,full,1.0,2026-09-23
2739.0,,010890,交银鸿福六个月持有混合A,0.03816589378412538,ret_12m,main,65.8,full,1.0,2026-09-23
2740.0,,011271,汇添富价值成长均衡投资混合A,0.038154412220464895,ret_12m,main,67.5,full,1.0,2026-09-23
2741.0,,001254,宏利新起点混合A,0.038126756428773945,ret_12m,main,136.3,full,1.0,2026-09-23
2742.0,,011224,九泰盈泰量化股票A,0.03809923805063553,ret_12m,main,61.2,full,1.0,2026-09-23
2743.0,,012949,东方红招瑞甄选18个月持有混合A,0.038097353785838894,ret_12m,main,55.5,full,1.0,2026-09-23
2744.0,,161232,国投瑞银瑞盛混合(LOF)A,0.03800574259759748,ret_12m,main,124.0,full,1.0,2026-09-23
2745.0,,270001,广发聚富混合,0.03785450687345859,ret_12m,main,273.7,full,1.0,2026-09-23
2746.0,,008869,大成恒享混合A,0.03780195783875162,ret_12m,main,78.6,full,1.0,2026-09-23
2747.0,,003900,交银瑞鑫六个月持有期混合A,0.037768884474135955,ret_12m,main,117.3,full,1.0,2026-09-23
2748.0,,009819,嘉实鑫福一年持有期混合,0.03766311057520588,ret_12m,main,49.0,full,1.0,2026-09-23
2749.0,,012430,农银瑞康6个月持有混合,0.03747881440848322,ret_12m,main,62.1,full,1.0,2026-09-23
2750.0,,010547,博时恒进持有期混合A,0.037410430249965376,ret_12m,main,69.7,full,1.0,2026-09-23
2751.0,,161225,国投瑞银瑞盈混合(LOF)A,0.03739159965796546,ret_12m,main,136.2,full,1.0,2026-09-23
2752.0,,008666,国泰鑫利一年持有期混合A,0.03737113095582312,ret_12m,main,80.1,full,1.0,2026-09-23
2753.0,,003877,富国久利稳健配置混合A,0.03732217961512885,ret_12m,main,116.9,full,1.0,2026-09-23
2754.0,,004965,泓德致远混合A,0.03725578829092924,ret_12m,main,108.8,full,1.0,2026-09-23
2755.0,,024431,富国均衡配置混合A,0.03722521277107793,ret_12m,main,15.1,short,0.9763,2026-09-23
2756.0,,014203,鹏扬产业趋势一年持有混合A,0.037120992892794025,ret_12m,main,55.9,full,1.0,2026-09-23
2757.0,,016840,博道惠泰优选混合A,0.0370813971617141,ret_12m,main,44.2,full,1.0,2026-09-23
2758.0,,019698,招商安泽稳利9个月持有期混合A,0.037057224454555726,ret_12m,main,34.3,short,1.0,2026-09-23
2759.0,,010434,红土创新医疗保健股票A,0.03691241821480751,ret_12m,main,71.1,full,1.0,2026-09-23
2760.0,,009774,财通资管优选回报一年持有期混合,0.03683806889889385,ret_12m,main,72.7,full,1.0,2026-09-23
2761.0,,009015,泓德睿享一年持有期混合A,0.036721576600407424,ret_12m,main,75.0,full,1.0,2026-09-23
2762.0,,003839,易方达瑞通灵活配置混合A,0.03669992566070701,ret_12m,main,117.5,full,1.0,2026-09-23
2763.0,,019349,中信保诚瑞丰6个月混合A,0.0366947419137611,ret_12m,main,33.8,short,1.0,2026-09-23
2764.0,,011376,华宝安享混合A,0.036653213850718736,ret_12m,main,61.4,full,1.0,2026-09-23
2765.0,,001657,长安鑫富领先混合A,0.036644016263302825,ret_12m,main,115.0,full,1.0,2026-09-23
2766.0,,011521,鹏扬景源一年持有混合A,0.03652158547126949,ret_12m,main,66.5,full,1.0,2026-09-23
2767.0,,011128,华安精致生活混合A,0.036313521811550675,ret_12m,main,66.5,full,1.0,2026-09-23
2768.0,,006752,天弘港股通精选A,0.036286001316701455,ret_12m,main,88.8,full,1.0,2026-09-23
2769.0,,010834,国泰同益18个月持有期混合A,0.036233258820683956,ret_12m,main,64.9,full,1.0,2026-09-23
2770.0,,009210,中欧嘉和三年混合A,0.03616749092862692,ret_12m,main,75.9,full,1.0,2026-09-23
2771.0,,161722,招商丰泰混合(LOF),0.0361194515276686,ret_12m,main,137.2,full,1.0,2026-09-23
2772.0,,009536,汇添富稳健增益一年持有混合A,0.03611504470454219,ret_12m,main,76.1,full,1.0,2026-09-23
2773.0,,019106,南方智信混合A,0.03596906836497871,ret_12m,main,35.9,short,1.0,2026-09-23
2774.0,,010090,中信建投医药健康A,0.03596318238838747,ret_12m,main,72.0,full,1.0,2026-09-23
2775.0,,005477,长安鑫禧灵活配置混合A,0.03592675188348937,ret_12m,main,103.5,full,1.0,2026-09-23
2776.0,,010830,国泰通利9个月持有期混合A,0.03586041857105404,ret_12m,main,67.5,full,1.0,2026-09-23
2777.0,,020759,建信红利精选股票发起A,0.035706987761755515,ret_12m,main,26.3,short,1.0,2026-09-23
2778.0,,010981,兴全汇虹一年持有混合A,0.03569506612448081,ret_12m,main,66.0,full,1.0,2026-09-23
2779.0,,001922,国泰多策略收益灵活配置混合A,0.03550838062781225,ret_12m,main,129.7,full,1.0,2026-09-23
2780.0,,004845,南华瑞盈混合发起A,0.03544991084063742,ret_12m,main,109.2,full,1.0,2026-09-23
2781.0,,550001,中信保诚四季红混合A,0.035416697862898694,ret_12m,main,244.8,full,1.0,2026-09-23
2782.0,,014591,广发瑞誉一年持有期混合A,0.03538480030497526,ret_12m,main,56.1,full,1.0,2026-09-23
2783.0,,002249,招商境远灵活配置混合,0.03532918716145428,ret_12m,main,129.3,full,1.0,2026-09-23
2784.0,,002025,广发聚盛混合A,0.035284789154856,ret_12m,main,130.0,full,1.0,2026-09-23
2785.0,,020830,东兴医药生物量化选股混合A,0.03525934872969416,ret_12m,main,24.6,short,1.0,2026-09-23
2786.0,,005823,泰康颐享混合A,0.03524295440968639,ret_12m,main,99.4,full,1.0,2026-09-23
2787.0,,003282,中信保诚至裕混合A,0.03520162751644662,ret_12m,main,119.8,full,1.0,2026-09-23
2788.0,,021919,国泰海通红利量化选股混合A,0.03513690734817687,ret_12m,main,22.8,short,1.0,2026-09-23
2789.0,,009387,嘉实稳福混合A,0.0350560389922836,ret_12m,main,76.5,full,1.0,2026-09-23
2790.0,,011872,中邮悦享6个月持有期混合A,0.035015854508892996,ret_12m,main,60.3,full,1.0,2026-09-23
2791.0,,014094,南方誉盈一年持有混合A,0.03495584851126887,ret_12m,main,57.7,full,1.0,2026-09-23
2792.0,,009716,博时恒盛持有期混合A,0.03488293837338219,ret_12m,main,73.8,full,1.0,2026-09-23
2793.0,,019079,国富招瑞优选股票A,0.03487342742561861,ret_12m,main,31.5,short,1.0,2026-09-23
2794.0,,014754,华安景气优选混合A,0.034865084787877754,ret_12m,main,51.7,full,1.0,2026-09-23
2795.0,,001569,泰信国策驱动灵活配置混合,0.03482356985402846,ret_12m,main,130.9,full,1.0,2026-09-23
2796.0,,673030,西部利得多策略优选混合C,0.034803359537493694,ret_12m,main,133.9,full,1.0,2026-09-23
2797.0,,012965,招商瑞泰1年持有混合A,0.034791114062155515,ret_12m,main,57.5,full,1.0,2026-09-23
2798.0,,015258,鹏华稳享一年持有期混合A,0.034729566361491715,ret_12m,main,50.2,full,1.0,2026-09-23
2799.0,,001522,博时新策略灵活配置混合A,0.03465192031424391,ret_12m,main,130.0,full,1.0,2026-09-23
2800.0,,011236,摩根行业睿选股票A,0.0345731256095565,ret_12m,main,66.9,full,1.0,2026-09-23
2801.0,,001447,天弘惠利混合A,0.03456365125229377,ret_12m,main,135.5,full,1.0,2026-09-23
2802.0,,009977,银华招利一年持有期混合A,0.034516638078001094,ret_12m,main,69.2,full,1.0,2026-09-23
2803.0,,003241,创金合信量化发现混合A,0.03447721696343109,ret_12m,main,119.9,full,1.0,2026-09-23
2804.0,,009273,融通中国风1号灵活配置混合C,0.03447495627732522,ret_12m,main,77.3,full,1.0,2026-09-23
2805.0,,004083,国联安鑫隆混合A,0.03444906514134072,ret_12m,main,114.7,full,1.0,2026-09-23
2806.0,,000639,宝盈祥瑞混合A,0.03443169446219985,ret_12m,main,148.1,full,1.0,2026-09-23
2807.0,,004202,华夏泰兴混合A,0.034371843943028724,ret_12m,main,110.3,full,1.0,2026-09-23
2808.0,,014771,中泰红利优选一年持有混合发起,0.034356891034306614,ret_12m,main,54.0,full,1.0,2026-09-23
2809.0,,008537,兴银研究精选股票A,0.03404043053358774,ret_12m,main,73.8,full,1.0,2026-09-23
2810.0,,003189,汇添富保鑫灵活配置混合A,0.034025957504900894,ret_12m,main,119.8,full,1.0,2026-09-23
2811.0,,001202,东方红领先精选混合A,0.03392180085824714,ret_12m,main,137.2,full,1.0,2026-09-23
2812.0,,519752,交银新回报灵活配置混合A,0.03388278032965397,ret_12m,main,136.3,full,1.0,2026-09-23
2813.0,,001115,广发聚安混合A,0.033854893636203975,ret_12m,main,138.0,full,1.0,2026-09-23
2814.0,,012121,华夏永润六个月持有混合A,0.03374416387987589,ret_12m,main,58.8,full,1.0,2026-09-23
2815.0,,002458,国泰民利策略收益混合,0.03367590789827668,ret_12m,main,122.2,full,1.0,2026-09-23
2816.0,,003169,长盛盛辉混合A,0.03366516710122158,ret_12m,main,121.2,full,1.0,2026-09-23
2817.0,,010940,大成安享得利六月持有混合A,0.03365711257886872,ret_12m,main,65.1,full,1.0,2026-09-23
2818.0,,009950,财通资管均衡价值一年持有期混合,0.033555506698179194,ret_12m,main,70.0,full,1.0,2026-09-23
2819.0,,011050,天弘裕新混合A,0.03343370611045482,ret_12m,main,60.6,full,1.0,2026-09-23
2820.0,,009937,东方欣益一年持有期混合A,0.03341050211839036,ret_12m,main,72.7,full,1.0,2026-09-23
2821.0,,005576,华泰柏瑞新金融地产混合A,0.03340968498851038,ret_12m,main,102.5,full,1.0,2026-09-23
2822.0,,012051,申万菱信乐道三年持有期混合,0.03338354495121809,ret_12m,main,63.4,full,1.0,2026-09-23
2823.0,,011208,泰康招享混合A,0.033347897555455086,ret_12m,main,51.7,full,1.0,2026-09-23
2824.0,,000894,中欧睿达6个月持有混合A,0.03333983238277938,ret_12m,main,141.7,full,1.0,2026-09-23
2825.0,,013969,华夏永利一年持有混合A,0.03326985095283397,ret_12m,main,55.9,full,1.0,2026-09-23
2826.0,,013144,富国安诚回报12个月持有期混合C,0.03320530526914989,ret_12m,main,59.3,full,1.0,2026-09-23
2827.0,,010570,新沃创新领航混合A,0.033104258545916476,ret_12m,main,69.0,full,1.0,2026-09-23
2828.0,,001250,天弘新活力混合发起A,0.03306418341638384,ret_12m,main,136.8,full,1.0,2026-09-23
2829.0,,002624,广发优企精选混合A,0.03306053159634326,ret_12m,main,121.6,full,1.0,2026-09-23
2830.0,,519613,银河君尚混合A,0.032908400833861595,ret_12m,main,121.2,full,1.0,2026-09-23
2831.0,,013095,安信远见成长混合A,0.03286250986437711,ret_12m,main,54.5,full,1.0,2026-09-23
2832.0,,011249,嘉实稳裕混合A,0.03285176433080084,ret_12m,main,60.3,full,1.0,2026-09-23
2833.0,,009133,汇安嘉利混合A,0.03274469926832624,ret_12m,main,77.1,full,1.0,2026-09-23
2834.0,,001139,华安新动力灵活配置混合A,0.03274377561491293,ret_12m,main,138.0,full,1.0,2026-09-23
2835.0,,014657,中欧融享增益一年持有期混合A,0.03261857348942998,ret_12m,main,55.9,full,1.0,2026-09-23
2836.0,,008132,鹏华价值驱动混合,0.03245691093217706,ret_12m,main,81.7,full,1.0,2026-09-23
2837.0,,001570,南方利安A,0.03230045448725671,ret_12m,main,130.1,full,1.0,2026-09-23
2838.0,,015272,博时恒益稳健一年持有期混合A,0.032233399544603136,ret_12m,main,53.3,full,1.0,2026-09-23
2839.0,,010543,中加科鑫混合A,0.032139683869624625,ret_12m,main,63.9,full,1.0,2026-09-23
2840.0,,019470,华夏信兴回报混合A,0.032127934457057084,ret_12m,main,34.1,short,1.0,2026-09-23
2841.0,,024709,中金精选股票A,0.03209319945679123,ret_12m,main,14.8,short,1.0,2026-09-23
2842.0,,017454,国泰慧益一年持有混合A,0.03202378780267057,ret_12m,main,37.3,full,1.0,2026-09-23
2843.0,,024676,万家多元价值混合发起式A,0.03200246076340085,ret_12m,main,14.4,short,1.0,2026-09-23
2844.0,,202009,南方盛元红利混合,0.03193778825003535,ret_12m,main,222.1,full,1.0,2026-09-23
2845.0,,003591,华泰柏瑞享利混合A,0.03186503651664663,ret_12m,main,116.8,full,1.0,2026-09-23
2846.0,,001303,银华稳利灵活配置混合A,0.031804913419889225,ret_12m,main,136.1,full,1.0,2026-09-23
2847.0,,009820,嘉实浦惠6个月持有期混合A,0.03177944239851738,ret_12m,main,71.3,full,1.0,2026-09-23
2848.0,,011788,工银聚益混合A,0.03175839601254271,ret_12m,main,60.3,full,1.0,2026-09-23
2849.0,,009205,兴银丰运稳益回报混合A,0.03170746511791411,ret_12m,main,76.1,full,1.0,2026-09-23
2850.0,,011980,国富匠心精选混合A,0.031651560659250455,ret_12m,main,57.8,full,1.0,2026-09-23
2851.0,,013769,博时稳益9个月持有混合A,0.031631984947672054,ret_12m,main,58.4,full,1.0,2026-09-23
2852.0,,011095,博时恒泽混合A,0.03157275440951279,ret_12m,main,67.4,full,1.0,2026-09-23
2853.0,,013657,同泰同欣混合A,0.03155785713460468,ret_12m,main,56.9,full,1.0,2026-09-23
2854.0,,001316,安信稳健增值混合A,0.0315268934145827,ret_12m,main,136.0,full,1.0,2026-09-23
2855.0,,010683,国联景颐6个月持有混合A,0.03138845005578017,ret_12m,main,67.8,full,1.0,2026-09-23
2856.0,,019752,海富通悦享一年持有期混合A,0.03136653700067282,ret_12m,main,33.4,short,1.0,2026-09-23
2857.0,,004361,摩根安通回报混合A,0.031356187068583896,ret_12m,main,112.9,full,1.0,2026-09-23
2858.0,,001531,招商安益灵活配置混合A,0.03133551128721135,ret_12m,main,134.3,full,1.0,2026-09-23
2859.0,,018139,中金先进制造混合A,0.03130905755345981,ret_12m,main,35.4,short,1.0,2026-09-23
2860.0,,002518,民生加银鑫福混合A,0.031228263415612023,ret_12m,main,121.0,full,1.0,2026-09-23
2861.0,,005117,金信价值精选混合A,0.0312235610997591,ret_12m,main,108.7,full,1.0,2026-09-23
2862.0,,540004,汇丰晋信2026周期混合,0.031098889235554594,ret_12m,main,218.0,full,1.0,2026-09-23
2863.0,,519937,长信先锐混合A,0.03093573719227183,ret_12m,main,123.7,full,1.0,2026-09-23
2864.0,,005274,中银景福回报混合A,0.03083298161982384,ret_12m,main,101.2,full,1.0,2026-09-23
2865.0,,011681,汇添富均衡精选六个月持有混合A,0.030723921874045823,ret_12m,main,60.2,full,1.0,2026-09-23
2866.0,,014697,南方誉稳一年持有混合A,0.03071451543847159,ret_12m,main,52.6,full,1.0,2026-09-23
2867.0,,660006,农银大盘蓝筹混合,0.030692670422052704,ret_12m,main,192.7,full,1.0,2026-09-23
2868.0,,002628,招商安博灵活配置混合A,0.030627104702990904,ret_12m,main,124.0,full,1.0,2026-09-23
2869.0,,017575,华夏稳兴增益一年持有混合A,0.030622867889455785,ret_12m,main,38.6,full,1.0,2026-09-23
2870.0,,001623,兴业国企改革混合A,0.030530437958984136,ret_12m,main,132.2,full,1.0,2026-09-23
2871.0,,009156,海富通富泽混合A,0.030444002490160882,ret_12m,main,75.0,full,1.0,2026-09-23
2872.0,,160805,长盛同智优势混合(LOF),0.030443899087740256,ret_12m,main,236.0,full,1.0,2026-09-23
2873.0,,010350,景顺长城品质长青混合A,0.03040415102933003,ret_12m,main,67.4,full,1.0,2026-09-23
2874.0,,012701,安信民安回报一年持有混合A,0.030340274360738162,ret_12m,main,60.5,full,1.0,2026-09-23
2875.0,,013665,银河成长优选一年持有混合A,0.030279408147819487,ret_12m,main,57.9,full,1.0,2026-09-23
2876.0,,013190,国联景惠混合A,0.030226852697977646,ret_12m,main,58.0,full,1.0,2026-09-23
2877.0,,001905,华安安益灵活配置混合A,0.03016940752432662,ret_12m,main,130.2,full,1.0,2026-09-23
2878.0,,017224,国泰悦益六个月持有混合A,0.0300309584583327,ret_12m,main,44.2,full,1.0,2026-09-23
2879.0,,009268,创金合信稳健增利6个月持有期A,0.02993226828383344,ret_12m,main,74.1,full,1.0,2026-09-23
2880.0,,011387,工银宁瑞6个月持有期混合A,0.029925167612658843,ret_12m,main,64.2,full,1.0,2026-09-23
2881.0,,161616,融通医疗保健行业混合A/B,0.02984319193018159,ret_12m,main,169.9,full,1.0,2026-09-23
2882.0,,000398,华富灵活配置混合A,0.02977329004211904,ret_12m,main,153.2,full,1.0,2026-09-23
2883.0,,001219,摩根动态多因子混合A,0.029720389556477267,ret_12m,main,135.7,full,1.0,2026-09-23
2884.0,,009475,汇丰晋信慧盈混合,0.029711815421952892,ret_12m,main,73.8,full,1.0,2026-09-23
2885.0,,398031,中海蓝筹混合A,0.029689267167382072,ret_12m,main,213.7,full,1.0,2026-09-23
2886.0,,011761,平安鑫瑞混合A,0.02960520116021015,ret_12m,main,63.7,full,1.0,2026-09-23
2887.0,,001710,安信新趋势混合A,0.029578072418810386,ret_12m,main,117.5,full,1.0,2026-09-23
2888.0,,013995,嘉实融惠混合A,0.029571720772685994,ret_12m,main,54.8,full,1.0,2026-09-23
2889.0,,022000,浙商汇金红利机遇混合A,0.029530275234631365,ret_12m,main,22.5,short,1.0,2026-09-23
2890.0,,016517,华泰紫金创新成长混合发起A,0.029443440316077263,ret_12m,main,48.1,full,1.0,2026-09-23
2891.0,,003343,鹏华弘惠灵活配置混合A,0.029391140730788745,ret_12m,main,119.9,full,1.0,2026-09-23
2892.0,,007825,博道志远混合A,0.029378928831361062,ret_12m,main,84.2,full,1.0,2026-09-23
2893.0,,012014,工银聚润6个月持有混合A,0.02933513965561585,ret_12m,main,61.9,full,1.0,2026-09-23
2894.0,,011601,前海开源公共卫生股票A,0.029258918370902,ret_12m,main,66.0,full,1.0,2026-09-23
2895.0,,004100,鹏华安益增强混合D,0.02925678343751903,ret_12m,main,115.0,full,1.0,2026-09-23
2896.0,,008456,招商瑞阳混合A,0.029240618745211888,ret_12m,main,80.1,full,1.0,2026-09-23
2897.0,,000849,汇丰晋信双核策略混合A,0.029158649456227925,ret_12m,main,141.9,full,1.0,2026-09-23
2898.0,,011989,汇安鑫泽稳健一年持有期混合A,0.02903607508295658,ret_12m,main,61.7,full,1.0,2026-09-23
2899.0,,710002,富安达策略精选混合A,0.02897165386413425,ret_12m,main,172.9,full,1.0,2026-09-23
2900.0,,009525,广发聚荣一年持有混合A,0.02894119294201647,ret_12m,main,74.8,full,1.0,2026-09-23
2901.0,,010219,汇添富稳健添益一年持有混合,0.028692894036088212,ret_12m,main,68.1,full,1.0,2026-09-23
2902.0,,460005,华泰柏瑞价值增长混合A,0.028669136129298334,ret_12m,main,218.3,full,1.0,2026-09-23
2903.0,,002584,富安达长盈灵活配置混合A,0.02858135322391875,ret_12m,main,124.4,full,1.0,2026-09-23
2904.0,,020779,湘财新能源量化选股混合A,0.02848881512065704,ret_12m,main,24.6,short,1.0,2026-09-23
2905.0,,011527,博时恒悦6个月持有混合A,0.02834575299555442,ret_12m,main,66.3,full,1.0,2026-09-23
2906.0,,009064,鹏扬景沃六个月持有期混合A,0.02832274847411198,ret_12m,main,78.3,full,1.0,2026-09-23
2907.0,,005983,摩根核心精选股票A,0.028268886146519234,ret_12m,main,93.8,full,1.0,2026-09-23
2908.0,,005646,中海沪港深多策略灵活配置混合,0.028240532207335578,ret_12m,main,102.1,full,1.0,2026-09-23
2909.0,,165508,中信保诚深度价值混合(LOF),0.0282163111863436,ret_12m,main,193.8,full,1.0,2026-09-23
2910.0,,009260,民生加银聚利6个月混合A,0.028104557725497026,ret_12m,main,76.3,full,1.0,2026-09-23
2911.0,,008313,光大研究精选混合A,0.028096389459656868,ret_12m,main,78.0,full,1.0,2026-09-23
2912.0,,270008,广发核心精选混合,0.028022317829459187,ret_12m,main,218.3,full,1.0,2026-09-23
2913.0,,012093,鹏华创新升级混合A,0.027987130598148946,ret_12m,main,63.2,full,1.0,2026-09-23
2914.0,,008283,易方达金融行业股票发起式A,0.027822158313988155,ret_12m,main,76.6,full,1.0,2026-09-23
2915.0,,003495,鹏华弘尚混合A,0.027755943738900557,ret_12m,main,118.9,full,1.0,2026-09-23
2916.0,,018054,鹏扬景添一年持有混合A,0.027751173860649736,ret_12m,main,35.9,short,1.0,2026-09-23
2917.0,,090007,大成策略回报混合A,0.02773935490410695,ret_12m,main,213.9,full,1.0,2026-09-23
2918.0,,010058,天弘荣创一年持有混合A,0.027667104841012202,ret_12m,main,71.8,full,1.0,2026-09-23
2919.0,,501049,东方红睿玺三年持有混合A,0.027464251335026724,ret_12m,main,106.3,full,1.0,2026-09-23
2920.0,,009849,安信稳健聚申一年持有期混合A,0.027460580742066476,ret_12m,main,71.8,full,1.0,2026-09-23
2921.0,,001797,国新国证新利混合A,0.02744665780753497,ret_12m,main,132.7,full,1.0,2026-09-23
2922.0,,012943,广发稳睿六个月持有混合A,0.027395481657864318,ret_12m,main,60.2,full,1.0,2026-09-23
2923.0,,008077,九泰天奕量化价值混合A,0.027306393369865845,ret_12m,main,75.8,full,1.0,2026-09-23
2924.0,,011004,永赢鑫盛混合A,0.02728630463981707,ret_12m,main,67.5,full,1.0,2026-09-23
2925.0,,002639,天弘价值精选混合发起A,0.027281477982443292,ret_12m,main,123.2,full,1.0,2026-09-23
2926.0,,005535,泰信竞争优选混合,0.027273952386869027,ret_12m,main,100.3,full,1.0,2026-09-23
2927.0,,011516,嘉实浦盈一年持有期混合A,0.027263208273941464,ret_12m,main,66.9,full,1.0,2026-09-23
2928.0,,009611,兴全汇享一年持有混合A,0.02725581387197895,ret_12m,main,74.5,full,1.0,2026-09-23
2929.0,,023365,南华丰利量化选股混合A,0.027251247820439195,ret_12m,main,18.6,short,1.0,2026-09-23
2930.0,,004010,华泰柏瑞鼎利灵活配置混合A,0.02724569786789921,ret_12m,main,117.0,full,1.0,2026-09-23
2931.0,,023606,平安鑫瑞混合F,0.027242092069428958,ret_12m,main,18.6,short,1.0,2026-09-23
2932.0,,014360,红塔红土稳健添利混合A,0.02720316339702311,ret_12m,main,53.8,full,1.0,2026-09-23
2933.0,,003456,信澳新目标灵活配置混合A,0.027198967858284906,ret_12m,main,119.1,full,1.0,2026-09-23
2934.0,,001164,中欧琪和灵活配置混合A,0.0271664236512823,ret_12m,main,137.6,full,1.0,2026-09-23
2935.0,,008277,财通资管行业精选混合,0.0271239148403688,ret_12m,main,77.7,full,1.0,2026-09-23
2936.0,,005076,创金合信优选回报灵活配置混合,0.027110911924263403,ret_12m,main,107.9,full,1.0,2026-09-23
2937.0,,022299,安信周期优选股票型发起A,0.027036085215725647,ret_12m,main,23.3,short,1.0,2026-09-23
2938.0,,015696,农银绿色能源混合,0.027035996348742986,ret_12m,main,49.7,full,1.0,2026-09-23
2939.0,,005664,鹏扬景欣混合A,0.02685269060626827,ret_12m,main,100.5,full,1.0,2026-09-23
2940.0,,002134,广发鑫裕混合A,0.02676512260228958,ret_12m,main,126.8,full,1.0,2026-09-23
2941.0,,012299,浦银安裕回报一年持有期混合A,0.026724930750849918,ret_12m,main,60.7,full,1.0,2026-09-23
2942.0,,420005,天弘周期策略混合A,0.026720449732658302,ret_12m,main,201.2,full,1.0,2026-09-23
2943.0,,011073,鹏华安润混合A,0.02663950951726135,ret_12m,main,68.8,full,1.0,2026-09-23
2944.0,,001190,鹏华弘润混合A,0.02652702961077047,ret_12m,main,137.3,full,1.0,2026-09-23
2945.0,,005652,国富天颐混合A,0.026490231254189256,ret_12m,main,101.9,full,1.0,2026-09-23
2946.0,,002015,南方荣光A,0.02643478295612134,ret_12m,main,130.1,full,1.0,2026-09-23
2947.0,,005901,诺安汇利混合A,0.026334535456129293,ret_12m,main,98.4,full,1.0,2026-09-23
2948.0,,024441,汇添富均衡潜力优选混合A,0.02617034853131628,ret_12m,main,15.1,short,0.9763,2026-09-23
2949.0,,017669,大成卓远视野混合A,0.026113020480138305,ret_12m,main,27.4,short,1.0,2026-09-23
2950.0,,021975,创金合信红利甄选量化选股混合A,0.026058732718903466,ret_12m,main,21.7,short,1.0,2026-09-23
2951.0,,009005,创金合信鑫祺混合A,0.02597402539403104,ret_12m,main,78.7,full,1.0,2026-09-23
2952.0,,001709,华富物联世界灵活配置混合A,0.02589598808157567,ret_12m,main,128.1,full,1.0,2026-09-23
2953.0,,004495,博时量化平衡混合A,0.02581688206742494,ret_12m,main,112.7,full,1.0,2026-09-23
2954.0,,008893,创金合信鑫利混合A,0.02579920234637667,ret_12m,main,80.2,full,1.0,2026-09-23
2955.0,,000418,景顺长城成长之星股票A,0.02579221162196732,ret_12m,main,153.3,full,1.0,2026-09-23
2956.0,,010444,南方誉尚一年持有期混合A,0.025748218805053957,ret_12m,main,70.4,full,1.0,2026-09-23
2957.0,,001110,中欧瑾泉灵活配置混合A,0.025733402831031205,ret_12m,main,138.3,full,1.0,2026-09-23
2958.0,,011142,创金合信新材料新能源股票A,0.025705607106138784,ret_12m,main,68.8,full,1.0,2026-09-23
2959.0,,519175,浦银经济带崛起混合A,0.02551538161723199,ret_12m,main,115.5,full,1.0,2026-09-23
2960.0,,010916,交银臻选回报混合A,0.025458682789776033,ret_12m,main,69.0,full,1.0,2026-09-23
2961.0,,020653,恒生前海兴泰混合A,0.025430174635828973,ret_12m,main,30.3,short,1.0,2026-09-23
2962.0,,010522,华安添禧一年持有期混合A,0.02538806532166671,ret_12m,main,63.6,full,1.0,2026-09-23
2963.0,,002708,大摩健康产业混合A,0.025195507558211094,ret_12m,main,122.8,full,1.0,2026-09-23
2964.0,,005189,海富通量化前锋股票A,0.025135755114892078,ret_12m,main,103.5,full,1.0,2026-09-23
2965.0,,540001,汇丰晋信2016周期混合A,0.02512239073581335,ret_12m,main,244.0,full,1.0,2026-09-23
2966.0,,001073,华泰柏瑞量化绝对收益混合,0.025018434085340324,ret_12m,main,134.8,full,1.0,2026-09-23
2967.0,,002690,前海开源恒泽混合A,0.025018005679344313,ret_12m,main,122.3,full,1.0,2026-09-23
2968.0,,012256,安信丰穗一年持有混合A,0.02499300016530359,ret_12m,main,56.0,full,1.0,2026-09-23
2969.0,,519768,交银优选回报灵活配置混合A,0.024989151579486446,ret_12m,main,125.0,full,1.0,2026-09-23
2970.0,,012667,国联景泓一年持有混合A,0.024963820211839405,ret_12m,main,60.7,full,1.0,2026-09-23
2971.0,,010018,招商瑞泽一年持有期混合A,0.024866392247792968,ret_12m,main,72.9,full,1.0,2026-09-23
2972.0,,008119,鹏华金享混合A,0.02485976957427738,ret_12m,main,81.8,full,1.0,2026-09-23
2973.0,,001355,广发聚泰混合A,0.024820699237978028,ret_12m,main,135.5,full,1.0,2026-09-23
2974.0,,001331,鹏华弘信混合A,0.02479242057218145,ret_12m,main,136.0,full,1.0,2026-09-23
2975.0,,011508,易方达悦弘一年持有期混合A,0.024618040027652555,ret_12m,main,67.1,full,1.0,2026-09-23
2976.0,,000753,华宝量化对冲混合A,0.02459357134852147,ret_12m,main,144.2,full,1.0,2026-09-23
2977.0,,011290,前海联合添瑞一年持有混合A,0.02453824803793303,ret_12m,main,65.1,full,1.0,2026-09-23
2978.0,,017026,鑫元鑫领航混合A,0.024439412247841075,ret_12m,main,17.1,short,1.0,2026-09-23
2979.0,,012010,富国泰享回报6个月持有混合A,0.02442738741858186,ret_12m,main,63.2,full,1.0,2026-09-23
2980.0,,019015,中欧国企红利混合A,0.024410642680511963,ret_12m,main,35.9,short,1.0,2026-09-23
2981.0,,018073,国泰产业精选混合A,0.024409097253030865,ret_12m,main,41.7,full,1.0,2026-09-23
2982.0,,013426,贝莱德中国新视野混合A,0.02437194180357327,ret_12m,main,60.5,full,1.0,2026-09-23
2983.0,,620007,金元顺安优质精选混合A,0.024363141659013987,ret_12m,main,181.3,full,1.0,2026-09-23
2984.0,,011442,创金合信鑫瑞混合A,0.024353600601797476,ret_12m,main,64.9,full,1.0,2026-09-23
2985.0,,009275,融通医疗保健行业混合C,0.024337383641670485,ret_12m,main,77.3,full,1.0,2026-09-23
2986.0,,202005,南方成份精选混合A,0.024327145926549276,ret_12m,main,232.3,full,1.0,2026-09-23
2987.0,,013041,鹏扬景浦一年持有混合A,0.024315631829321394,ret_12m,main,60.5,full,1.0,2026-09-23
2988.0,,020657,信澳红利智选混合A,0.024203442206023107,ret_12m,main,30.1,short,1.0,2026-09-23
2989.0,,002018,鹏华弘安混合A,0.024180536952059573,ret_12m,main,130.0,full,1.0,2026-09-23
2990.0,,002009,中欧瑾通灵活配置混合A,0.024140124913069494,ret_12m,main,130.2,full,1.0,2026-09-23
2991.0,,013358,上银高质量优选9个月持有混合A,0.024139500516062062,ret_12m,main,58.6,full,1.0,2026-09-23
2992.0,,010056,平安瑞兴1年持有混合A,0.024047247817927664,ret_12m,main,70.6,full,1.0,2026-09-23
2993.0,,011711,中欧睿泽混合C,0.023987073248566526,ret_12m,main,60.0,full,1.0,2026-09-23
2994.0,,012502,银华安盛混合,0.02392379939517375,ret_12m,main,61.3,full,1.0,2026-09-23
2995.0,,003030,安信新目标混合A,0.023881968429080525,ret_12m,main,121.5,full,1.0,2026-09-23
2996.0,,005014,泰康景泰回报混合A,0.02386577697911041,ret_12m,main,105.3,full,1.0,2026-09-23
2997.0,,009558,嘉实稳惠6个月持有期混合A,0.023794119299361594,ret_12m,main,69.8,full,1.0,2026-09-23
2998.0,,004988,人保双利A,0.023700946476229445,ret_12m,main,105.6,full,1.0,2026-09-23
2999.0,,012368,大摩优享六个月持有期混合A,0.023688652242504604,ret_12m,main,62.0,full,1.0,2026-09-23
3000.0,,019352,招商精选企业混合A,0.02367270616290562,ret_12m,main,34.2,short,1.0,2026-09-23
3001.0,,020558,工银健康产业混合A,0.02366606955394568,ret_12m,main,24.5,short,1.0,2026-09-23
3002.0,,010357,南方阿尔法混合A,0.02364117722846948,ret_12m,main,68.3,full,1.0,2026-09-23
3003.0,,001004,新华稳健回报灵活配置混合发起,0.02361297942836149,ret_12m,main,135.9,full,1.0,2026-09-23
3004.0,,017265,招商瑞成1年持有期混合A,0.023588612648470564,ret_12m,main,37.8,full,1.0,2026-09-23
3005.0,,009377,招商瑞恒一年持有期混合A,0.02357864796631315,ret_12m,main,76.1,full,1.0,2026-09-23
3006.0,,012578,富国红利混合A,0.023467387343426793,ret_12m,main,57.1,full,1.0,2026-09-23
3007.0,,006921,南方智诚混合,0.02338250169898859,ret_12m,main,90.4,full,1.0,2026-09-23
3008.0,,021979,兴全红利量化选股股票A,0.023375931253810434,ret_12m,main,22.7,short,1.0,2026-09-23
3009.0,,003126,长信易进混合A,0.023301392588815917,ret_12m,main,117.0,full,1.0,2026-09-23
3010.0,,012826,工银聚宁9个月持有期混合A,0.023287016301290153,ret_12m,main,60.9,full,1.0,2026-09-23
3011.0,,011824,浙商汇金量化臻选股票A,0.023196616214178123,ret_12m,main,62.8,full,1.0,2026-09-23
3012.0,,004648,南方安睿混合A,0.02305883964732791,ret_12m,main,110.4,full,1.0,2026-09-23
3013.0,,011845,博时周期优选混合A,0.02300832645406614,ret_12m,main,64.0,full,1.0,2026-09-23
3014.0,,005140,华夏睿磐泰荣混合A,0.02288898414918017,ret_12m,main,104.9,full,1.0,2026-09-23
3015.0,,008833,银华汇盈一年持有期混合A,0.02283355040428159,ret_12m,main,78.1,full,1.0,2026-09-23
3016.0,,013189,嘉实稳健添利一年持有混合,0.022691531498272077,ret_12m,main,60.3,full,1.0,2026-09-23
3017.0,,004142,招商盛合灵活混合A,0.022593948419368903,ret_12m,main,114.8,full,1.0,2026-09-23
3018.0,,008177,建信高股息主题股票,0.022567395874601992,ret_12m,main,80.1,full,1.0,2026-09-23
3019.0,,206001,鹏华弘泰A,0.0225352533584966,ret_12m,main,292.0,full,1.0,2026-09-23
3020.0,,010404,博道盛利6个月持有期混合,0.022375682392981044,ret_12m,main,69.0,full,1.0,2026-09-23
3021.0,,009853,中加优势企业混合A,0.022325244945394562,ret_12m,main,73.3,full,1.0,2026-09-23
3022.0,,015891,富国上证50基本面精选股票发起式A,0.02231182710722135,ret_12m,main,49.2,full,1.0,2026-09-23
3023.0,,210007,金鹰技术领先灵活配置混合A,0.02217921645413412,ret_12m,main,183.8,full,1.0,2026-09-23
3024.0,,012005,信澳恒盛混合A,0.022061876848094242,ret_12m,main,60.0,full,1.0,2026-09-23
3025.0,,012683,东方红安盈甄选一年持有混合A,0.02200434913678717,ret_12m,main,62.6,full,1.0,2026-09-23
3026.0,,001471,融通新能源灵活配置混合A,0.02195961688037107,ret_12m,main,134.8,full,1.0,2026-09-23
3027.0,,005371,中加心悦混合A,0.02179783013879799,ret_12m,main,102.5,full,1.0,2026-09-23
3028.0,,014678,永赢添添悦6个月持有混合A,0.021763283740498407,ret_12m,main,49.9,full,1.0,2026-09-23
3029.0,,014852,嘉实添惠一年持有期混合A,0.021751604040212813,ret_12m,main,55.4,full,1.0,2026-09-23
3030.0,,016637,博道和瑞多元稳健6个月持有混合A,0.02173489027033182,ret_12m,main,46.9,full,1.0,2026-09-23
3031.0,,217002,招商安泰平衡混合,0.021693070757178523,ret_12m,main,280.9,full,1.0,2026-09-23
3032.0,,011908,广发沪港深价值精选混合A,0.021689447649276605,ret_12m,main,64.0,full,1.0,2026-09-23
3033.0,,017617,华泰柏瑞招享6个月持有期混合A,0.02165923552935567,ret_12m,main,43.5,full,1.0,2026-09-23
3034.0,,017421,天弘安康颐睿一年持有混合A,0.021600619231498364,ret_12m,main,42.8,full,1.0,2026-09-23
3035.0,,011562,汇添富稳健盈和一年持有混合,0.021553074557326912,ret_12m,main,66.0,full,1.0,2026-09-23
3036.0,,009130,鹏扬景恒六个月持有混合A,0.021523844907768597,ret_12m,main,77.1,full,1.0,2026-09-23
3037.0,,020003,国泰金龙行业混合,0.021443748041882538,ret_12m,main,273.6,full,1.0,2026-09-23
3038.0,,009822,鹏华招华一年持有期混合A,0.021398598522504253,ret_12m,main,73.2,full,1.0,2026-09-23
3039.0,,519033,海富通国策导向混合A,0.02138285792857708,ret_12m,main,178.2,full,1.0,2026-09-23
3040.0,,017303,华安景气领航混合A,0.021226289148549515,ret_12m,main,40.9,full,1.0,2026-09-23
3041.0,,162102,金鹰中小盘精选混合A,0.021114408335015433,ret_12m,main,267.9,full,1.0,2026-09-23
3042.0,,008757,九泰聚鑫混合A,0.02111029982666013,ret_12m,main,74.5,full,1.0,2026-09-23
3043.0,,018750,山证资管精选行业混合发起式A,0.021026114484758773,ret_12m,main,32.9,short,1.0,2026-09-23
3044.0,,010545,中加聚隆持有期混合A,0.020981428560001847,ret_12m,main,66.0,full,1.0,2026-09-23
3045.0,,004925,长信低碳环保行业量化股票A,0.020887219536071644,ret_12m,main,106.4,full,1.0,2026-09-23
3046.0,,001694,华安沪港深外延增长灵活配置混合A,0.0208179530173338,ret_12m,main,126.5,full,1.0,2026-09-23
3047.0,,001226,中邮稳健添利灵活配置混合,0.020810612125666816,ret_12m,main,136.6,full,1.0,2026-09-23
3048.0,,002622,广发稳裕混合A,0.02080135531350824,ret_12m,main,122.9,full,1.0,2026-09-23
3049.0,,003861,招商兴福混合A,0.020776503460987916,ret_12m,main,117.6,full,1.0,2026-09-23
3050.0,,023526,凯石元鑫混合发起式A,0.02074787964846103,ret_12m,main,18.6,short,1.0,2026-09-23
3051.0,,004852,广发价值回报混合A,0.020711003488036672,ret_12m,main,105.8,full,1.0,2026-09-23
3052.0,,013694,弘毅远方久盈混合A,0.020682732319469377,ret_12m,main,51.5,full,1.0,2026-09-23
3053.0,,020695,海富通红利优选混合A,0.02064730112640878,ret_12m,main,27.6,short,1.0,2026-09-23
3054.0,,014177,华安景气驱动一年持有混合A,0.020607803778358802,ret_12m,main,54.8,full,1.0,2026-09-23
3055.0,,002783,东方红价值精选混合A,0.020565738092076513,ret_12m,main,120.0,full,1.0,2026-09-23
3056.0,,024211,建信鑫稳回报灵活配置混合F,0.020565726555467956,ret_12m,main,15.9,short,0.996,2026-09-23
3057.0,,590001,中邮核心优选混合A,0.02047126836819846,ret_12m,main,239.8,full,1.0,2026-09-23
3058.0,,000945,华夏医疗健康混合A,0.02047020695302204,ret_12m,main,139.7,full,1.0,2026-09-23
3059.0,,167003,平安鼎弘混合(LOF)A,0.02046170314878082,ret_12m,main,112.9,full,1.0,2026-09-23
3060.0,,008116,银华沪深股通精选混合A,0.020452611412594468,ret_12m,main,76.3,full,1.0,2026-09-23
3061.0,,020354,农银瑞益一年持有混合A,0.020431599395744682,ret_12m,main,32.0,short,1.0,2026-09-23
3062.0,,011576,鹏华安诚混合A,0.02039785036955899,ret_12m,main,60.5,full,1.0,2026-09-23
3063.0,,013676,兴银兴慧一年持有混合A,0.020367324300107903,ret_12m,main,58.9,full,1.0,2026-09-23
3064.0,,011018,景顺长城安泽回报一年持有混合A,0.02034358699367722,ret_12m,main,65.8,full,1.0,2026-09-23
3065.0,,008373,华泰柏瑞景气回报一年持有期混合A,0.02027687440432757,ret_12m,main,81.2,full,1.0,2026-09-23
3066.0,,011784,天弘招添利混合发起A,0.020254204802165665,ret_12m,main,66.1,full,1.0,2026-09-23
3067.0,,013912,中欧招益稳健一年持有混合A,0.020237491270661767,ret_12m,main,56.6,full,1.0,2026-09-23
3068.0,,320015,诺安行业轮动混合A,0.020167746933709374,ret_12m,main,184.4,full,1.0,2026-09-23
3069.0,,019357,大成兴远启航混合A,0.020046298807313123,ret_12m,main,18.4,short,1.0,2026-09-23
3070.0,,006007,诺安积极配置混合A,0.020007843440449147,ret_12m,main,97.9,full,1.0,2026-09-23
3071.0,,011572,鹏华安荣混合A,0.019894642299912668,ret_12m,main,60.0,full,1.0,2026-09-23
3072.0,,011118,汇添富稳健睿选一年持有混合A,0.01987423791348908,ret_12m,main,66.7,full,1.0,2026-09-23
3073.0,,004608,长信乐信灵活配置混合A,0.01967626791317123,ret_12m,main,105.5,full,1.0,2026-09-23
3074.0,,019692,信澳鑫悦智选6个月持有期混合A,0.019624738459923075,ret_12m,main,33.1,short,1.0,2026-09-23
3075.0,,001362,景顺长城领先回报混合A,0.019391440184956643,ret_12m,main,136.0,full,1.0,2026-09-23
3076.0,,000870,嘉实新收益混合,0.01931717224984153,ret_12m,main,141.4,full,1.0,2026-09-23
3077.0,,000743,红塔红土盛世普益混合发起式,0.01916532124858894,ret_12m,main,144.2,full,1.0,2026-09-23
3078.0,,000215,广发趋势优选灵活配置混合A,0.01911710575446457,ret_12m,main,156.4,full,1.0,2026-09-23
3079.0,,012719,华夏新兴经济一年持有混合A,0.01908400014649403,ret_12m,main,61.9,full,1.0,2026-09-23
3080.0,,011532,工银聚丰混合A,0.019020887251696594,ret_12m,main,63.9,full,1.0,2026-09-23
3081.0,,001403,招商国企改革主题混合基金,0.01895456137827467,ret_12m,main,134.8,full,1.0,2026-09-23
3082.0,,012137,景顺长城安瑞混合A,0.018879365670207315,ret_12m,main,48.0,full,1.0,2026-09-23
3083.0,,018212,兴银稳惠180天持有期混合A,0.018807867242819576,ret_12m,main,40.9,full,1.0,2026-09-23
3084.0,,010879,南方宝升混合A,0.01878690341839051,ret_12m,main,68.3,full,1.0,2026-09-23
3085.0,,001405,东方红策略精选混合A,0.018631176262861926,ret_12m,main,135.6,full,1.0,2026-09-23
3086.0,,014772,中泰红利价值一年持有混合发起,0.018624259695825263,ret_12m,main,54.0,full,1.0,2026-09-23
3087.0,,022115,鑫元致远量化选股混合A,0.018490188899092264,ret_12m,main,20.3,short,1.0,2026-09-23
3088.0,,015012,浦银安弘回报一年持有混合A,0.018488916681246526,ret_12m,main,54.7,full,1.0,2026-09-23
3089.0,,018465,嘉实稳健添翼一年持有混合A,0.018480686745723673,ret_12m,main,39.4,full,1.0,2026-09-23
3090.0,,002120,广发安悦回报混合A,0.018349874453921666,ret_12m,main,118.5,full,1.0,2026-09-23
3091.0,,376510,摩根大盘蓝筹股票A,0.018306538058695754,ret_12m,main,189.1,full,1.0,2026-09-23
3092.0,,002668,兴业聚丰混合A,0.01830046907754812,ret_12m,main,122.3,full,1.0,2026-09-23
3093.0,,014686,招商核心装备混合A,0.0182493442345395,ret_12m,main,49.9,full,1.0,2026-09-23
3094.0,,001609,平安鑫享混合A,0.018211852697002318,ret_12m,main,133.9,full,1.0,2026-09-23
3095.0,,005523,泰康颐年混合A,0.018182881527675,ret_12m,main,99.8,full,1.0,2026-09-23
3096.0,,002087,国富新机遇混合A,0.018126485166508832,ret_12m,main,130.1,full,1.0,2026-09-23
3097.0,,007303,京管泰富优势混合A,0.018105086703307904,ret_12m,main,34.2,short,1.0,2026-09-23
3098.0,,006879,华安智能生活混合A,0.018057497285138835,ret_12m,main,88.5,full,1.0,2026-09-23
3099.0,,008269,大成睿享混合A,0.01789603677087115,ret_12m,main,80.8,full,1.0,2026-09-23
3100.0,,001281,长安鑫利优选混合A,0.01788419709863498,ret_12m,main,136.2,full,1.0,2026-09-23
3101.0,,519126,浦银新经济结构混合A,0.017862203297196677,ret_12m,main,148.1,full,1.0,2026-09-23
3102.0,,001289,银华汇利灵活配置混合A,0.01779693115796377,ret_12m,main,136.3,full,1.0,2026-09-23
3103.0,,090013,大成竞争优势混合A,0.017712030883478613,ret_12m,main,185.1,full,1.0,2026-09-23
3104.0,,008997,同泰竞争优势混合A,0.01771115923940414,ret_12m,main,76.9,full,1.0,2026-09-23
3105.0,,009872,中欧责任投资混合A,0.017690746611602748,ret_12m,main,72.4,full,1.0,2026-09-23
3106.0,,006398,宝盈祥颐定期开放混合A,0.01758393991846341,ret_12m,main,90.2,full,1.0,2026-09-23
3107.0,,009011,华夏睿阳一年持有混合,0.01751437391838384,ret_12m,main,78.2,full,1.0,2026-09-23
3108.0,,003411,鹏华弘康灵活配置混合A,0.017446935672537522,ret_12m,main,119.8,full,1.0,2026-09-23
3109.0,,011105,长信稳健均衡6个月持有期混合A,0.01740338556166554,ret_12m,main,65.8,full,1.0,2026-09-23
3110.0,,009621,中欧心益稳健6个月混合A,0.017369313583150747,ret_12m,main,74.6,full,1.0,2026-09-23
3111.0,,006624,中泰玉衡价值优选混合A,0.017294602411393134,ret_12m,main,90.2,full,1.0,2026-09-23
3112.0,,003125,中科沃土沃鑫成长精选混合A,0.01719806153363601,ret_12m,main,118.9,full,1.0,2026-09-23
3113.0,,017886,国富安颐稳健6个月持有期混合A,0.017135758102630128,ret_12m,main,36.4,full,1.0,2026-09-23
3114.0,,010322,大摩新兴产业股票,0.017134086854969643,ret_12m,main,66.9,full,1.0,2026-09-23
3115.0,,013733,红塔红土盛丰混合A,0.017069691425410483,ret_12m,main,57.0,full,1.0,2026-09-23
3116.0,,009077,红土创新稳进混合A,0.01706701757614404,ret_12m,main,78.6,full,1.0,2026-09-23
3117.0,,013393,信澳价值精选混合A,0.017064595941165273,ret_12m,main,58.9,full,1.0,2026-09-23
3118.0,,002270,东吴安盈量化混合A,0.017041853180091993,ret_12m,main,127.6,full,1.0,2026-09-23
3119.0,,001329,鹏华弘实混合A,0.01703524938004164,ret_12m,main,136.0,full,1.0,2026-09-23
3120.0,,012253,鹏扬景润一年持有混合A,0.016880427643116924,ret_12m,main,61.6,full,1.0,2026-09-23
3121.0,,090015,大成内需增长混合A,0.016872402174650913,ret_12m,main,183.3,full,1.0,2026-09-23
3122.0,,011558,天弘宁弘六个月A,0.01685993953292786,ret_12m,main,58.9,full,1.0,2026-09-23
3123.0,,000556,国投瑞银新机遇灵活配置混合A,0.016768862449040745,ret_12m,main,150.4,full,1.0,2026-09-23
3124.0,,004224,南方军工改革灵活配置混合A,0.01674824482290216,ret_12m,main,114.5,full,1.0,2026-09-23
3125.0,,003028,安信新优选混合A,0.016647230746656305,ret_12m,main,121.9,full,1.0,2026-09-23
3126.0,,010869,汇添富稳健欣享一年持有混合,0.016589206351200758,ret_12m,main,64.8,full,1.0,2026-09-23
3127.0,,004617,建信鑫稳回报灵活配置混合A,0.01658824727587116,ret_12m,main,105.1,full,1.0,2026-09-23
3128.0,,011238,华安聚恒精选混合A,0.01655958333759755,ret_12m,main,66.2,full,1.0,2026-09-23
3129.0,,002745,华银丰利,0.01652828436084941,ret_12m,main,123.1,full,1.0,2026-09-23
3130.0,,008416,鹏扬景瑞三年持有混合A,0.016272255909471012,ret_12m,main,79.1,full,1.0,2026-09-23
3131.0,,008384,银华汇益一年持有期混合A,0.016248836343784046,ret_12m,main,73.0,full,1.0,2026-09-23
3132.0,,011175,平安恒鑫混合A,0.016226517266923812,ret_12m,main,67.6,full,1.0,2026-09-23
3133.0,,001339,兴银鼎新灵活配置A,0.0161841248549357,ret_12m,main,136.0,full,1.0,2026-09-23
3134.0,,011048,天弘恒新混合A,0.016178239247254256,ret_12m,main,62.4,full,1.0,2026-09-23
3135.0,,012262,华宝可持续发展混合A,0.0161580455305661,ret_12m,main,57.4,full,1.0,2026-09-23
3136.0,,017216,国投瑞银策略智选混合A,0.01612908100635635,ret_12m,main,42.8,full,1.0,2026-09-23
3137.0,,014752,长信稳健增长一年持有混合A,0.016034019641672392,ret_12m,main,54.7,full,1.0,2026-09-23
3138.0,,013101,华夏稳福六个月持有混合A,0.015997336482397984,ret_12m,main,57.1,full,1.0,2026-09-23
3139.0,,014829,诺德新能源汽车混合A,0.01587220070939721,ret_12m,main,53.8,full,1.0,2026-09-23
3140.0,,011408,天弘益新混合A,0.015853580400956302,ret_12m,main,66.2,full,1.0,2026-09-23
3141.0,,001566,南方利达A,0.015679135448006587,ret_12m,main,134.5,full,1.0,2026-09-23
3142.0,,011494,华泰紫金丰和偏债混合发起A,0.015617693729775617,ret_12m,main,62.8,full,1.0,2026-09-23
3143.0,,001719,工银国家战略股票,0.015615224835600516,ret_12m,main,127.8,full,1.0,2026-09-23
3144.0,,016863,华安招裕一年持有混合A,0.01561206277541416,ret_12m,main,41.9,full,1.0,2026-09-23
3145.0,,002146,长安鑫益增强混合A,0.015531202558343171,ret_12m,main,127.0,full,1.0,2026-09-23
3146.0,,004823,摩根安裕回报混合A,0.015524757895113428,ret_12m,main,96.3,full,1.0,2026-09-23
3147.0,,021995,南华丰睿量化选股混合A,0.015477408424126482,ret_12m,main,22.6,short,1.0,2026-09-23
3148.0,,023570,浦银周期优选混合A,0.015421379337606345,ret_12m,main,17.1,short,1.0,2026-09-23
3149.0,,001203,东方红稳健精选混合A,0.015364545041542055,ret_12m,main,137.2,full,1.0,2026-09-23
3150.0,,011393,中欧融益稳健一年混合A,0.015264282340970103,ret_12m,main,66.7,full,1.0,2026-09-23
3151.0,,023629,平安鑫享混合F,0.015263735300750092,ret_12m,main,18.4,short,1.0,2026-09-23
3152.0,,013367,汇添富多元价值发现混合A,0.015248706496697073,ret_12m,main,52.8,full,1.0,2026-09-23
3153.0,,180010,银华优质增长混合,0.015214271476570396,ret_12m,main,243.5,full,1.0,2026-09-23
3154.0,,023824,永赢国企机遇慧选混合发起A,0.015178267095416365,ret_12m,main,13.8,short,0.9526,2026-09-23
3155.0,,009806,东方红招盈甄选一年混合A,0.015151019190269732,ret_12m,main,72.8,full,1.0,2026-09-23
3156.0,,009671,平安恒泽混合A,0.015125104256346722,ret_12m,main,74.3,full,1.0,2026-09-23
3157.0,,011189,建信智汇优选一年持有期混合(MOM),0.015114194559903371,ret_12m,main,67.9,full,1.0,2026-09-23
3158.0,,010405,惠升医药健康6个月持有期混合,0.01507747260291592,ret_12m,main,69.0,full,1.0,2026-09-23
3159.0,,519655,银河服务混合A,0.015075923674193747,ret_12m,main,137.1,full,1.0,2026-09-23
3160.0,,217005,招商先锋混合,0.015020508824565182,ret_12m,main,267.7,full,1.0,2026-09-23
3161.0,,080001,长盛成长价值混合A,0.014985039491169028,ret_12m,main,288.2,full,1.0,2026-09-23
3162.0,,009400,华安添瑞6个月混合A,0.014971270896213085,ret_12m,main,75.0,full,1.0,2026-09-23
3163.0,,015047,富安达稳健配置6个月持有期混合,0.01495381492286274,ret_12m,main,52.2,full,1.0,2026-09-23
3164.0,,001399,安信鑫安得利混合A,0.014942765923614765,ret_12m,main,135.6,full,1.0,2026-09-23
3165.0,,002118,广发安盈混合A,0.014928043373010125,ret_12m,main,117.5,full,1.0,2026-09-23
3166.0,,000452,南方医药保健混合A,0.014845481228393798,ret_12m,main,152.0,full,1.0,2026-09-23
3167.0,,012132,华泰保兴价值成长A,0.014779844810309362,ret_12m,main,58.4,full,1.0,2026-09-23
3168.0,,017624,农银瑞云增益6个月持有混合A,0.01474886384822427,ret_12m,main,42.1,full,1.0,2026-09-23
3169.0,,009380,富安达科技领航混合A,0.014674767136956701,ret_12m,main,75.2,full,1.0,2026-09-23
3170.0,,011542,鹏华远见回报三年持有混合,0.014569122212218844,ret_12m,main,66.0,full,1.0,2026-09-23
3171.0,,006538,东海核心价值,0.014516916494591303,ret_12m,main,94.0,full,1.0,2026-09-23
3172.0,,005082,诺德量化蓝筹增强混合A,0.014490866002288216,ret_12m,main,104.8,full,1.0,2026-09-23
3173.0,,005588,长安裕腾混合A,0.01448467860535918,ret_12m,main,99.6,full,1.0,2026-09-23
3174.0,,011818,鹏扬景阳一年持有混合A,0.014417494705887268,ret_12m,main,59.8,full,1.0,2026-09-23
3175.0,,008110,九泰科盈价值混合A,0.01440572327887013,ret_12m,main,78.4,full,1.0,2026-09-23
3176.0,,014850,长信稳健成长混合A,0.014274720828097998,ret_12m,main,51.7,full,1.0,2026-09-23
3177.0,,015828,永赢新能源智选混合发起A,0.014062288719659533,ret_12m,main,51.2,full,1.0,2026-09-23
3178.0,,001800,华安新乐享灵活配置混合A,0.014061537375671174,ret_12m,main,132.4,full,1.0,2026-09-23
3179.0,,012287,东海启航6个月持有混合A,0.013997309413054104,ret_12m,main,57.3,full,1.0,2026-09-23
3180.0,,008831,海富通安益对冲混合A,0.013966889291147977,ret_12m,main,80.0,full,1.0,2026-09-23
3181.0,,005347,诺德量化优选6个月持有期混合,0.01390297766557036,ret_12m,main,72.9,full,1.0,2026-09-23
3182.0,,015824,博时月月乐同业存单30天持有混合,0.013793205597550928,ret_12m,main,51.5,full,1.0,2026-09-23
3183.0,,013783,兴银竞争优势混合A,0.013638464054570587,ret_12m,main,48.7,full,1.0,2026-09-23
3184.0,,012250,安信平衡增利混合A,0.013622215845958463,ret_12m,main,57.4,full,1.0,2026-09-23
3185.0,,213002,宝盈泛沿海增长混合,0.01362020839182243,ret_12m,main,258.5,full,1.0,2026-09-23
3186.0,,008723,永赢鑫享混合A,0.013592292948042761,ret_12m,main,72.5,full,1.0,2026-09-23
3187.0,,016641,华商稳健泓利一年持有期混合A,0.013463430552284494,ret_12m,main,40.3,full,1.0,2026-09-23
3188.0,,009634,鹏华安睿两年持有期混合A,0.013426543307689665,ret_12m,main,73.8,full,1.0,2026-09-23
3189.0,,002271,招商晟元价值驱动混合A,0.013110198829332731,ret_12m,main,128.8,full,1.0,2026-09-23
3190.0,,006132,万家智造优势混合A,0.013074862119057729,ret_12m,main,96.9,full,1.0,2026-09-23
3191.0,,009128,明亚价值长青混合A,0.013056442634628906,ret_12m,main,77.0,full,1.0,2026-09-23
3192.0,,010271,国富价值成长一年持有期混合A,0.012931417835800652,ret_12m,main,70.6,full,1.0,2026-09-23
3193.0,,010043,天弘安康颐和混合A,0.01290992481126585,ret_12m,main,69.7,full,1.0,2026-09-23
3194.0,,003845,汇安丰恒灵活配置混合A,0.012872894882842933,ret_12m,main,114.4,full,1.0,2026-09-23
3195.0,,002408,中信建投医改混合A,0.012845242716210237,ret_12m,main,125.6,full,1.0,2026-09-23
3196.0,,017615,广发安颐一年持有期混合A,0.012839950639241149,ret_12m,main,44.2,full,1.0,2026-09-23
3197.0,,009570,鹏华匠心精选混合A,0.012702775853975501,ret_12m,main,74.4,full,1.0,2026-09-23
3198.0,,010707,安信平稳合盈一年持有混合A,0.012698748836828644,ret_12m,main,67.7,full,1.0,2026-09-23
3199.0,,011734,国寿安保裕丰混合A,0.012686577756590323,ret_12m,main,62.5,full,1.0,2026-09-23
3200.0,,012069,天弘安康颐享12个月持有A,0.012680636193806771,ret_12m,main,63.5,full,1.0,2026-09-23
3201.0,,010029,富国稳进回报12个月持有期混合A,0.012470153720111954,ret_12m,main,72.5,full,1.0,2026-09-23
3202.0,,011353,国联景盛一年持有混合A,0.01244808218397253,ret_12m,main,64.3,full,1.0,2026-09-23
3203.0,,002456,招商安元灵活配置混合A,0.012257674950420405,ret_12m,main,126.8,full,1.0,2026-09-23
3204.0,,519115,浦银红利精选混合A,0.01224801018505084,ret_12m,main,201.7,full,1.0,2026-09-23
3205.0,,013936,广发睿升混合A,0.0120381799697169,ret_12m,main,55.9,full,1.0,2026-09-23
3206.0,,021404,长江汇智量化选股混合发起A,0.01201993037197746,ret_12m,main,27.4,short,1.0,2026-09-23
3207.0,,010775,博时恒旭持有期混合A,0.011964426073696188,ret_12m,main,69.2,full,1.0,2026-09-23
3208.0,,001364,大成景润灵活配置混合A,0.011953308975749755,ret_12m,main,115.9,full,1.0,2026-09-23
3209.0,,080005,长盛量化红利混合A,0.011936371874446516,ret_12m,main,201.9,full,1.0,2026-09-23
3210.0,,007016,富国睿泽回报混合,0.011932025048368988,ret_12m,main,87.6,full,1.0,2026-09-23
3211.0,,014759,中欧琪福混合A,0.011828852298286119,ret_12m,main,53.6,full,1.0,2026-09-23
3212.0,,013611,工银民瑞一年持有混合A,0.011627940089246946,ret_12m,main,56.8,full,1.0,2026-09-23
3213.0,,010998,博道消费智航A,0.011383173900627819,ret_12m,main,64.6,full,1.0,2026-09-23
3214.0,,165526,中信保诚新旺混合(LOF)A,0.011357112058378194,ret_12m,main,135.2,full,1.0,2026-09-23
3215.0,,003580,泰康沪港深价值优选混合,0.011200471537803791,ret_12m,main,116.8,full,1.0,2026-09-23
3216.0,,001071,华安媒体互联网混合A,0.011178062794509946,ret_12m,main,136.3,full,1.0,2026-09-23
3217.0,,001282,华安新机遇灵活配置混合A,0.011047259911498797,ret_12m,main,135.9,full,1.0,2026-09-23
3218.0,,018939,长城景气成长混合A,0.011005509030176164,ret_12m,main,36.4,full,1.0,2026-09-23
3219.0,,009718,招商增浩混合A,0.01095253794926121,ret_12m,main,69.7,full,1.0,2026-09-23
3220.0,,017232,工银稳润一年持有混合A,0.01088326169844911,ret_12m,main,42.8,full,1.0,2026-09-23
3221.0,,019958,湘财医药健康混合A,0.010876918907407385,ret_12m,main,32.9,short,1.0,2026-09-23
3222.0,,001118,华宝事件驱动混合A,0.010856298310619739,ret_12m,main,137.5,full,1.0,2026-09-23
3223.0,,012609,安信稳健汇利一年持有混合A,0.010848560920335704,ret_12m,main,61.4,full,1.0,2026-09-23
3224.0,,017540,安信稳健增益6个月持有混合A,0.010812587109422678,ret_12m,main,38.2,full,1.0,2026-09-23
3225.0,,011552,鹏华民丰盈和6个月持有混合A,0.01075758982708197,ret_12m,main,65.8,full,1.0,2026-09-23
3226.0,,011017,鹏扬景明一年混合,0.010573822412630607,ret_12m,main,68.3,full,1.0,2026-09-23
3227.0,,001418,宏利创益混合A,0.010508201025777542,ret_12m,main,135.3,full,1.0,2026-09-23
3228.0,,012027,光大安阳一年持有期混合A,0.01043862327209788,ret_12m,main,63.2,full,1.0,2026-09-23
3229.0,,013967,广发恒享一年持有期混合A,0.010409492059220371,ret_12m,main,58.3,full,1.0,2026-09-23
3230.0,,012951,汇添富鑫享添利六个月持有混合A,0.010355521284271862,ret_12m,main,62.1,full,1.0,2026-09-23
3231.0,,004292,鹏华沪深港互联网股票,0.010295856675400339,ret_12m,main,113.6,full,1.0,2026-09-23
3232.0,,021513,富国港股通红利精选混合A,0.010246676473390615,ret_12m,main,25.3,short,1.0,2026-09-23
3233.0,,007725,招商瑞文混合A,0.010193271227013412,ret_12m,main,84.4,full,1.0,2026-09-23
3234.0,,014619,财通资管稳兴增益六个月持有期混合A,0.010160052377873985,ret_12m,main,54.5,full,1.0,2026-09-23
3235.0,,022550,平安瑞利6个月持有混合A,0.010147636024709028,ret_12m,main,21.0,short,1.0,2026-09-23
3236.0,,012054,鹏华安康一年持有期混合A,0.01012534512931107,ret_12m,main,58.9,full,1.0,2026-09-23
3237.0,,560002,益民红利成长混合,0.010087088569072922,ret_12m,main,238.1,full,1.0,2026-09-23
3238.0,,012052,财通资管新聚益6个月持有混合发起式A,0.010062801543174071,ret_12m,main,57.0,full,1.0,2026-09-23
3239.0,,010846,南方卓越优选3个月持有期混合A,0.010056873955460288,ret_12m,main,67.4,full,1.0,2026-09-23
3240.0,,016995,华泰紫金安恒平衡配置混合发起A,0.009943102792194347,ret_12m,main,44.9,full,1.0,2026-09-23
3241.0,,100026,富国天合稳健优选混合,0.009857935575159349,ret_12m,main,238.3,full,1.0,2026-09-23
3242.0,,004258,国寿安保稳嘉混合A,0.009783300270972184,ret_12m,main,115.4,full,1.0,2026-09-23
3243.0,,000072,华安稳健回报混合A,0.009755537531425107,ret_12m,main,160.3,full,1.0,2026-09-23
3244.0,,013243,天弘安康颐丰一年持有混合A,0.00973946161626027,ret_12m,main,56.1,full,1.0,2026-09-23
3245.0,,009499,景顺长城安鑫回报一年持有期混合A,0.009737771647902127,ret_12m,main,74.4,full,1.0,2026-09-23
3246.0,,009428,鹏扬景沣六个月持有期混合A,0.009671004748326384,ret_12m,main,73.4,full,1.0,2026-09-23
3247.0,,010027,景顺长城核心中景一年持有混合,0.009555421367584582,ret_12m,main,69.2,full,1.0,2026-09-23
3248.0,,002313,宏利新起点混合B,0.009234502102507536,ret_12m,main,127.9,full,1.0,2026-09-23
3249.0,,012281,中欧精益稳健一年持有混合,0.00917805904330704,ret_12m,main,63.4,full,1.0,2026-09-23
3250.0,,017868,民生加银均衡优选混合A,0.009045864583641539,ret_12m,main,40.6,full,1.0,2026-09-23
3251.0,,001146,中欧瑾源灵活配置混合A,0.009012808776867498,ret_12m,main,137.8,full,1.0,2026-09-23
3252.0,,006718,国融融盛龙头严选混合A,0.008911048244196751,ret_12m,main,87.9,full,1.0,2026-09-23
3253.0,,011220,南方匠心优选股票A,0.008909343352218269,ret_12m,main,67.6,full,1.0,2026-09-23
3254.0,,013726,惠升惠诚稳健一年持有混合A,0.008854116460037975,ret_12m,main,57.8,full,1.0,2026-09-23
3255.0,,013463,大成致远优势一年持有期混合A,0.00871159334978544,ret_12m,main,57.9,full,1.0,2026-09-23
3256.0,,002273,宏利创益混合B,0.008684230364860879,ret_12m,main,127.9,full,1.0,2026-09-23
3257.0,,009568,浙商智多宝稳健一年持有期A,0.00865995890234883,ret_12m,main,74.0,full,1.0,2026-09-23
3258.0,,009376,景顺长城成长领航混合,0.008580880532255586,ret_12m,main,75.9,full,1.0,2026-09-23
3259.0,,519993,长信增利动态策略混合,0.008562556752797823,ret_12m,main,238.5,full,1.0,2026-09-23
3260.0,,014809,华安沣瑞一年持有混合A,0.008556402565462307,ret_12m,main,55.9,full,1.0,2026-09-23
3261.0,,001102,前海开源国家比较优势混合A,0.00849844530541466,ret_12m,main,136.5,full,1.0,2026-09-23
3262.0,,005275,中欧创新成长灵活配置混合A,0.008417704289233274,ret_12m,main,101.9,full,1.0,2026-09-23
3263.0,,002295,广发稳安灵活配置A,0.008198990773862658,ret_12m,main,127.6,full,1.0,2026-09-23
3264.0,,005280,安信稳健阿尔法定开混合A,0.008173731662658668,ret_12m,main,105.6,full,1.0,2026-09-23
3265.0,,011190,招商瑞安1年持有期混合A,0.00816269485516452,ret_12m,main,64.5,full,1.0,2026-09-23
3266.0,,008336,宝盈祥裕增强回报混合A,0.00808778651597164,ret_12m,main,70.9,full,1.0,2026-09-23
3267.0,,013387,长城价值领航混合A,0.007932892616200116,ret_12m,main,56.8,full,1.0,2026-09-23
3268.0,,013830,中欧瑾尚混合A,0.007846332247298582,ret_12m,main,58.6,full,1.0,2026-09-23
3269.0,,017608,汇添富远景成长一年持有混合A,0.007588142548508703,ret_12m,main,37.5,full,1.0,2026-09-23
3270.0,,017998,中欧融恒平衡混合A,0.0075316410676520285,ret_12m,main,42.1,full,1.0,2026-09-23
3271.0,,011538,长城优选添瑞六个月持有混合A,0.007449312653012408,ret_12m,main,65.8,full,1.0,2026-09-23
3272.0,,007047,长城核心优势混合A,0.007447001942131104,ret_12m,main,89.3,full,1.0,2026-09-23
3273.0,,350001,天治财富增长混合,0.007391468095835574,ret_12m,main,266.8,full,1.0,2026-09-23
3274.0,,004932,招商丰拓灵活混合A,0.007308697199584824,ret_12m,main,108.8,full,1.0,2026-09-23
3275.0,,000572,中银多策略混合A,0.007111266346929046,ret_12m,main,149.8,full,1.0,2026-09-23
3276.0,,000414,嘉实绝对收益策略定期混合A,0.007088581742475064,ret_12m,main,153.6,full,1.0,2026-09-23
3277.0,,010045,汇添富稳健添盈一年持有混合,0.007071448692511417,ret_12m,main,72.4,full,1.0,2026-09-23
3278.0,,009725,东方红优质甄选一年持有混合A,0.007039175607654435,ret_12m,main,74.0,full,1.0,2026-09-23
3279.0,,000264,博时内需增长混合A,0.006779056327238964,ret_12m,main,158.3,full,1.0,2026-09-23
3280.0,,012150,诺德价值发现一年持有混合,0.006760239564440829,ret_12m,main,63.7,full,1.0,2026-09-23
3281.0,,206002,鹏华精选成长混合A,0.00674925012863925,ret_12m,main,204.5,full,1.0,2026-09-23
3282.0,,024462,南方瑞享混合A,0.006710386394298329,ret_12m,main,15.0,short,0.9684,2026-09-23
3283.0,,009126,嘉实基础产业优选股票A,0.006692249356243352,ret_12m,main,77.3,full,1.0,2026-09-23
3284.0,,001358,宝盈祥泰混合A,0.006674368360048755,ret_12m,main,135.9,full,1.0,2026-09-23
3285.0,,010723,中欧价值成长混合A,0.006488023812459165,ret_12m,main,69.2,full,1.0,2026-09-23
3286.0,,021167,中泰红利量化选股股票发起A,0.006376545333313111,ret_12m,main,27.6,short,1.0,2026-09-23
3287.0,,002227,长城新优选混合A,0.006247201944413749,ret_12m,main,126.1,full,1.0,2026-09-23
3288.0,,004734,中欧瑾灵灵活配置混合A,0.006130158677538855,ret_12m,main,105.7,full,1.0,2026-09-23
3289.0,,013160,创金合信碳中和混合A,0.00597231468803705,ret_12m,main,60.0,full,1.0,2026-09-23
3290.0,,002156,长盛盛世混合A,0.005904465629169797,ret_12m,main,129.4,full,1.0,2026-09-23
3291.0,,004357,南方智慧混合,0.0058592908832515445,ret_12m,main,113.9,full,1.0,2026-09-23
3292.0,,012479,汇安信泰稳健一年持有期混合A,0.005813110639746766,ret_12m,main,58.4,full,1.0,2026-09-23
3293.0,,009181,浙商智多兴稳健回报一年持有混合A,0.005668326634272747,ret_12m,main,75.6,full,1.0,2026-09-23
3294.0,,016345,长安行业成长混合A,0.005653825085320863,ret_12m,main,47.8,full,1.0,2026-09-23
3295.0,,011383,富安达医药创新混合A,0.005650280894599513,ret_12m,main,66.5,full,1.0,2026-09-23
3296.0,,000294,华安生态优先混合A,0.0056158759757216625,ret_12m,main,153.8,full,1.0,2026-09-23
3297.0,,008091,中信保诚红利精选混合A,0.005612481436185313,ret_12m,main,81.0,full,1.0,2026-09-23
3298.0,,015135,工银专精特新混合A,0.005546076936098654,ret_12m,main,49.7,full,1.0,2026-09-23
3299.0,,009102,鹏扬红利优选混合A,0.005530915468290543,ret_12m,main,74.1,full,1.0,2026-09-23
3300.0,,008770,东方红安鑫甄选一年持有混合,0.005517145756565256,ret_12m,main,80.4,full,1.0,2026-09-23
3301.0,,018329,泉果思源三年持有期混合A,0.005401955897191391,ret_12m,main,39.7,full,1.0,2026-09-23
3302.0,,015963,汇安品质优选混合A,0.005387813146803477,ret_12m,main,48.8,full,1.0,2026-09-23
3303.0,,015268,招商瑞联1年持有混合A,0.00533740510270353,ret_12m,main,49.7,full,1.0,2026-09-23
3304.0,,017993,方正富邦远见成长混合A,0.005314189780448286,ret_12m,main,42.3,full,1.0,2026-09-23
3305.0,,002123,华银外延增长主题灵活配置,0.005131653740231057,ret_12m,main,124.2,full,1.0,2026-09-23
3306.0,,012485,建信汇益一年持有混合A,0.005034928278551787,ret_12m,main,58.6,full,1.0,2026-09-23
3307.0,,001325,鹏华弘和混合A,0.004907753582578334,ret_12m,main,136.0,full,1.0,2026-09-23
3308.0,,002612,融通通慧混合A/B,0.004873794501959905,ret_12m,main,120.1,full,1.0,2026-09-23
3309.0,,007318,中银民丰回报混合,0.004747759152269326,ret_12m,main,85.8,full,1.0,2026-09-23
3310.0,,519971,长信改革红利混合,0.004715214288647518,ret_12m,main,145.6,full,1.0,2026-09-23
3311.0,,010515,富国天兴回报混合A,0.0047119618946129815,ret_12m,main,69.2,full,1.0,2026-09-23
3312.0,,011015,嘉合锦元回报混合A,0.004601133228909315,ret_12m,main,66.0,full,1.0,2026-09-23
3313.0,,014235,淳厚时代优选混合A,0.0043491012774907745,ret_12m,main,55.9,full,1.0,2026-09-23
3314.0,,018350,万家欣优混合A,0.004320329434837955,ret_12m,main,39.1,full,1.0,2026-09-23
3315.0,,005906,招商丰茂灵活混合发起式A,0.004262858294319161,ret_12m,main,99.1,full,1.0,2026-09-23
3316.0,,008629,大成景瑞稳健配置混合A,0.00413435332632095,ret_12m,main,76.9,full,1.0,2026-09-23
3317.0,,001679,前海开源中国稀缺资产混合A,0.004052730785808478,ret_12m,main,132.4,full,1.0,2026-09-23
3318.0,,014730,华富荣盛一年持有期混合A,0.00399565598388274,ret_12m,main,37.9,full,1.0,2026-09-23
3319.0,,011077,汇丰晋信创新先锋,0.003776520615612844,ret_12m,main,66.3,full,1.0,2026-09-23
3320.0,,008990,东方红匠心甄选一年持有混合,0.0037080833967029214,ret_12m,main,78.9,full,1.0,2026-09-23
3321.0,,008037,兴银先锋成长混合A,0.0036017585289342957,ret_12m,main,82.2,full,1.0,2026-09-23
3322.0,,010408,安信浩盈6个月持有混合A,0.003553295254930422,ret_12m,main,68.8,full,1.0,2026-09-23
3323.0,,010819,安信稳健回报6个月混合A,0.003427026094400709,ret_12m,main,69.0,full,1.0,2026-09-23
3324.0,,012196,招商品质生活混合A,0.0034199292270429282,ret_12m,main,63.7,full,1.0,2026-09-23
3325.0,,002363,华安安康灵活配置混合A,0.003331562709515401,ret_12m,main,127.7,full,1.0,2026-09-23
3326.0,,009031,工银聚和一年定开混合A,0.003288542962302188,ret_12m,main,76.5,full,1.0,2026-09-23
3327.0,,010480,汇添富稳进双盈一年持有混合,0.0032759644390432108,ret_12m,main,67.4,full,1.0,2026-09-23
3328.0,,009135,广发恒隆一年持有混合A,0.003271588605101572,ret_12m,main,78.1,full,1.0,2026-09-23
3329.0,,483003,工银精选平衡混合,0.0031964987789150356,ret_12m,main,242.4,full,1.0,2026-09-23
3330.0,,000058,国联安安泰灵活配置混合A,0.003193707359632647,ret_12m,main,161.0,full,1.0,2026-09-23
3331.0,,013485,尚正竞争优势混合发起A,0.0031449877753757516,ret_12m,main,58.7,full,1.0,2026-09-23
3332.0,,005295,诺德天富灵活配置混合,0.003036877676491967,ret_12m,main,103.5,full,1.0,2026-09-23
3333.0,,010481,汇添富高质量成长精选2年持有混合,0.0030314024107143123,ret_12m,main,69.7,full,1.0,2026-09-23
3334.0,,519125,浦银消费升级混合A,0.0030215410515412877,ret_12m,main,153.6,full,1.0,2026-09-23
3335.0,,970121,兴证资管金麒麟恒睿致远一年持有期混合C,0.002975201573929276,ret_12m,main,56.9,full,1.0,2026-09-23
3336.0,,004710,民生加银鹏程混合A,0.002957252115759701,ret_12m,main,103.3,full,1.0,2026-09-23
3337.0,,001335,南方利众A,0.0029375412105823173,ret_12m,main,136.1,full,1.0,2026-09-23
3338.0,,000126,招商安润灵活配置混合A,0.002916272687483623,ret_12m,main,161.1,full,1.0,2026-09-23
3339.0,,090020,大成健康产业混合A,0.0028689414920530787,ret_12m,main,168.8,full,1.0,2026-09-23
3340.0,,016645,富国恒享回报12个月持有混合A,0.0028644501782990606,ret_12m,main,46.2,full,1.0,2026-09-23
3341.0,,001790,国泰智能汽车股票A,0.0024863711567861824,ret_12m,main,109.7,full,1.0,2026-09-23
3342.0,,011071,鹏华安悦一年持有期混合A,0.002464909647161395,ret_12m,main,67.4,full,1.0,2026-09-23
3343.0,,012159,财通资管健康产业混合A,0.002420041736855394,ret_12m,main,58.0,full,1.0,2026-09-23
3344.0,,290005,泰信优势增长混合,0.0023642164560593315,ret_12m,main,218.9,full,1.0,2026-09-23
3345.0,,005876,易方达鑫转增利混合A,0.002345929912816791,ret_12m,main,94.5,full,1.0,2026-09-23
3346.0,,006529,中欧匠心两年持有期混合A,0.0023362351455122887,ret_12m,main,87.4,full,1.0,2026-09-23
3347.0,,012473,大成成长回报六个月持有混合A,0.0022532381041884264,ret_12m,main,61.7,full,1.0,2026-09-23
3348.0,,014573,东方红锦弘甄选两年持有混合,0.0021943556606069947,ret_12m,main,56.3,full,1.0,2026-09-23
3349.0,,000410,益民服务领先混合A,0.002160982507652509,ret_12m,main,153.1,full,1.0,2026-09-23
3350.0,,002640,中信建投睿溢混合A,0.0021567627314378335,ret_12m,main,124.2,full,1.0,2026-09-23
3351.0,,320020,诺安策略精选股票A,0.0021564777844600425,ret_12m,main,171.9,full,1.0,2026-09-23
3352.0,,001223,鹏华文化传媒娱乐股票,0.002013693122375537,ret_12m,main,127.9,full,1.0,2026-09-23
3353.0,,007387,融通通慧混合C,0.0019672241668740043,ret_12m,main,88.2,full,1.0,2026-09-23
3354.0,,011460,鹏华创新成长混合A,0.0018553558484828425,ret_12m,main,66.5,full,1.0,2026-09-23
3355.0,,001584,国投瑞银新活力混合A,0.0018013716105094169,ret_12m,main,130.2,full,1.0,2026-09-23
3356.0,,021910,渤海汇金优选价值混合发起A,0.0016455939813537768,ret_12m,main,25.8,short,1.0,2026-09-23
3357.0,,016766,中欧行业景气一年持有混合A,0.0015556563805323442,ret_12m,main,46.7,full,1.0,2026-09-23
3358.0,,000065,国富焦点驱动混合A,0.0015493228654195335,ret_12m,main,160.6,full,1.0,2026-09-23
3359.0,,012704,中银兴利稳健回报灵活配置混合A,0.0014718281352779083,ret_12m,main,58.6,full,1.0,2026-09-23
3360.0,,011736,宝盈祥庆9个月持有混合A,0.001317156858668067,ret_12m,main,61.7,full,1.0,2026-09-23
3361.0,,007460,华安成长创新混合A,0.00128952526698356,ret_12m,main,86.9,full,1.0,2026-09-23
3362.0,,010605,创金合信鑫祥混合A,0.0011392973130137651,ret_12m,main,67.6,full,1.0,2026-09-23
3363.0,,017630,富国周期精选三年持有期混合A,0.0010418350204890459,ret_12m,main,44.1,full,1.0,2026-09-23
3364.0,,022336,京管泰富创新动力混合发起A,0.0010331614945400247,ret_12m,main,21.0,short,1.0,2026-09-23
3365.0,,010744,工银灵动价值混合A,0.0010257148296595187,ret_12m,main,68.9,full,1.0,2026-09-23
3366.0,,020922,汇泉智享量化选股混合A,0.0009394477646551547,ret_12m,main,25.6,short,1.0,2026-09-23
3367.0,,005644,广发沪港深龙头混合,0.0006333656894206285,ret_12m,main,102.1,full,1.0,2026-09-23
3368.0,,009782,富国兴泉回报12个月持有期混合A,0.0004775530743486023,ret_12m,main,73.1,full,1.0,2026-09-23
3369.0,,180012,银华富裕主题混合A,0.00046659717679786716,ret_12m,main,238.2,full,1.0,2026-09-23
3370.0,,001485,华安添颐混合A,0.0004609930809484908,ret_12m,main,135.3,full,1.0,2026-09-23
3371.0,,013985,融通稳健增利6个月持有混合A,0.00040503631119692685,ret_12m,main,57.8,full,1.0,2026-09-23
3372.0,,005933,前海联合先进制造混合A,0.00040131688247768693,ret_12m,main,92.9,full,1.0,2026-09-23
3373.0,,003044,东方红战略精选混合A,0.0002711187461819087,ret_12m,main,120.8,full,1.0,2026-09-23
3374.0,,021983,中信保诚红利领航量化股票A,0.00023075205570655122,ret_12m,main,22.2,short,1.0,2026-09-23
3375.0,,009190,景顺长城核心优选一年持有混合,0.00019209523535645978,ret_12m,main,76.5,full,1.0,2026-09-23
3376.0,,013267,天弘安康颐利混合A,0.00019014126214500493,ret_12m,main,53.3,full,1.0,2026-09-23
3377.0,,012161,安信招信一年持有混合A,0.0001302780250664881,ret_12m,main,64.1,full,1.0,2026-09-23
3378.0,,014944,蜂巢润和六个月持有期混合A,6.899319669884107e-05,ret_12m,main,49.5,full,1.0,2026-09-23
3379.0,,011855,银华长荣混合A,-5.239313309868265e-07,ret_12m,main,63.2,full,1.0,2026-09-23
3380.0,,012370,银华鑫利一年持有期混合,-0.00021167493342244548,ret_12m,main,62.0,full,1.0,2026-09-23
3381.0,,014598,永赢合享混合发起A,-0.00021555264617467707,ret_12m,main,57.0,full,1.0,2026-09-23
3382.0,,004913,中银证券聚瑞混合A,-0.0003289460117459342,ret_12m,main,105.8,full,1.0,2026-09-23
3383.0,,013610,中信保诚前瞻优势混合,-0.0004303303658970137,ret_12m,main,58.9,full,1.0,2026-09-23
3384.0,,011932,工银战略远见混合A,-0.0006249348796948384,ret_12m,main,64.9,full,1.0,2026-09-23
3385.0,,014574,鑫元清洁能源混合发起式A,-0.0006358828382839743,ret_12m,main,55.9,full,1.0,2026-09-23
3386.0,,011901,南方竞争优势混合A,-0.0009879046149015025,ret_12m,main,53.7,full,1.0,2026-09-23
3387.0,,001157,国联安睿祺灵活配置混合,-0.0009972147094736705,ret_12m,main,137.5,full,1.0,2026-09-23
3388.0,,501189,嘉实产业优选混合(LOF)A,-0.0010980563263022214,ret_12m,main,98.6,full,1.0,2026-09-23
3389.0,,001171,工银养老产业股票A,-0.0012526432958320788,ret_12m,main,136.9,full,1.0,2026-09-23
3390.0,,010697,国联行业先锋6个月持有混合A,-0.0012734621238565946,ret_12m,main,67.4,full,1.0,2026-09-23
3391.0,,012510,国富优质企业一年持有期混合A,-0.0013016381109448583,ret_12m,main,61.7,full,1.0,2026-09-23
3392.0,,011767,泰康合润混合A,-0.0014164652718325899,ret_12m,main,65.5,full,1.0,2026-09-23
3393.0,,021826,国投瑞银磐睿量化选股混合A,-0.0014196434404033509,ret_12m,main,24.4,short,1.0,2026-09-23
3394.0,,013634,申万菱信双利混合A,-0.0014642291584209266,ret_12m,main,58.9,full,1.0,2026-09-23
3395.0,,420009,天弘安康颐养混合A,-0.0014857686839513384,ret_12m,main,165.8,full,1.0,2026-09-23
3396.0,,008978,银华长丰混合发起式,-0.0014861388171033552,ret_12m,main,77.7,full,1.0,2026-09-23
3397.0,,001427,招商丰泽混合A,-0.0017537566170694463,ret_12m,main,135.4,full,1.0,2026-09-23
3398.0,,016844,红土创新稳益6个月持有期混合A,-0.0017783090847472982,ret_12m,main,42.3,full,1.0,2026-09-23
3399.0,,020015,国泰区位优势混合A,-0.0019126376606314333,ret_12m,main,207.9,full,1.0,2026-09-23
3400.0,,002461,中银珍利混合A,-0.001986377833509967,ret_12m,main,126.5,full,1.0,2026-09-23
3401.0,,001166,建信环保产业股票A,-0.0020304511120493585,ret_12m,main,137.1,full,1.0,2026-09-23
3402.0,,000892,九泰天宝灵活配置混合A,-0.0020514051446233195,ret_12m,main,134.0,full,1.0,2026-09-23
3403.0,,012377,长盛安睿一年持有混合A,-0.00212914314581536,ret_12m,main,61.0,full,1.0,2026-09-23
3404.0,,012113,融通稳健增长一年持有期混合A,-0.0021991662259979172,ret_12m,main,60.2,full,1.0,2026-09-23
3405.0,,002307,银华多元视野灵活配置混合,-0.0023858071692830496,ret_12m,main,124.2,full,1.0,2026-09-23
3406.0,,007109,南方沪港深核心优势混合A,-0.0024919554658001664,ret_12m,main,68.9,full,1.0,2026-09-23
3407.0,,002264,华夏乐享健康混合A,-0.002763950976253149,ret_12m,main,121.7,full,1.0,2026-09-23
3408.0,,010293,华商量化优质精选混合,-0.0027644473474174314,ret_12m,main,70.8,full,1.0,2026-09-23
3409.0,,011798,华安宁享6个月混合A,-0.0028226049552098065,ret_12m,main,61.2,full,1.0,2026-09-23
3410.0,,003132,德邦新回报灵活配置混合A,-0.002844852077495741,ret_12m,main,116.3,full,1.0,2026-09-23
3411.0,,020768,中信保诚国企红利量化选股股票A,-0.003135336112802811,ret_12m,main,30.1,short,1.0,2026-09-23
3412.0,,011293,中金恒远一年持有期混合,-0.003158320530742942,ret_12m,main,65.5,full,1.0,2026-09-23
3413.0,,011956,鹏华新能源精选混合A,-0.003165405682411082,ret_12m,main,62.1,full,1.0,2026-09-23
3414.0,,010122,华泰柏瑞优势领航混合A,-0.0032297866679733556,ret_12m,main,72.0,full,1.0,2026-09-23
3415.0,,009223,宝盈现代服务业混合A,-0.003397084721927679,ret_12m,main,74.2,full,1.0,2026-09-23
3416.0,,003062,银华通利混合A,-0.0034022489294776026,ret_12m,main,121.6,full,1.0,2026-09-23
3417.0,,006435,景顺长城创新成长混合,-0.003487646564497071,ret_12m,main,83.2,full,1.0,2026-09-23
3418.0,,000755,富安达新兴成长混合A,-0.0036094528668726422,ret_12m,main,144.4,full,1.0,2026-09-23
3419.0,,233015,大摩量化配置混合A,-0.00371058712982697,ret_12m,main,165.4,full,1.0,2026-09-23
3420.0,,014068,工银瑞信悦享混合A,-0.0037237820005049382,ret_12m,main,57.2,full,1.0,2026-09-23
3421.0,,008736,南方高股息股票A,-0.003795937850983311,ret_12m,main,74.0,full,1.0,2026-09-23
3422.0,,022555,天弘安康颐利混合F,-0.0038015862582099214,ret_12m,main,22.5,short,1.0,2026-09-23
3423.0,,006228,中欧医疗创新股票A,-0.0038493824494302276,ret_12m,main,90.8,full,1.0,2026-09-23
3424.0,,019345,交银医疗健康混合发起A,-0.004257079018947452,ret_12m,main,35.4,short,1.0,2026-09-23
3425.0,,010599,汇添富高质量成长30一年混合A,-0.004285873655654804,ret_12m,main,67.4,full,1.0,2026-09-23
3426.0,,006302,银华行业轮动混合,-0.004532682914449304,ret_12m,main,93.7,full,1.0,2026-09-23
3427.0,,012088,东方红锦和甄选18个月持有混合A,-0.004553977245796648,ret_12m,main,64.2,full,1.0,2026-09-23
3428.0,,002614,中银颐利混合A,-0.0047438936542471,ret_12m,main,121.5,full,0.9921,2026-09-23
3429.0,,000530,招商丰盛稳定增长混合A,-0.004794424086380755,ret_12m,main,150.1,full,1.0,2026-09-23
3430.0,,009069,大成睿鑫股票A,-0.004831181363963766,ret_12m,main,73.4,full,1.0,2026-09-23
3431.0,,000893,工银创新动力股票,-0.005051338693499163,ret_12m,main,141.4,full,1.0,2026-09-23
3432.0,,006022,富国大盘价值量化精选混合A,-0.005139190662668436,ret_12m,main,98.2,full,1.0,2026-09-23
3433.0,,010036,广发恒通六个月持有期混合A,-0.0052391187064837474,ret_12m,main,70.6,full,1.0,2026-09-23
3434.0,,009334,富国融享18个月定开混合A,-0.005385106200628931,ret_12m,main,76.0,full,1.0,2026-09-23
3435.0,,011793,建信智能汽车股票,-0.005396583348882489,ret_12m,main,60.4,full,1.0,2026-09-23
3436.0,,016528,广发稳宏一年持有混合A,-0.005517949158078017,ret_12m,main,41.6,full,1.0,2026-09-23
3437.0,,001965,圆信永丰兴源灵活配置混合A,-0.005553532837567765,ret_12m,main,111.1,full,1.0,2026-09-23
3438.0,,011405,银华稳健增长一年持有期混合,-0.005845568536447909,ret_12m,main,67.6,full,1.0,2026-09-23
3439.0,,005669,前海开源公用事业股票,-0.005952239991134367,ret_12m,main,102.0,full,1.0,2026-09-23
3440.0,,015303,鹏扬丰融价值先锋一年持有混合A,-0.006076815182205153,ret_12m,main,54.0,full,1.0,2026-09-23
3441.0,,000803,工银研究精选股票,-0.006153256155958742,ret_12m,main,143.0,full,1.0,2026-09-23
3442.0,,016834,东方红共赢甄选一年持有混合A,-0.0062198759611564736,ret_12m,main,42.5,full,1.0,2026-09-23
3443.0,,000195,工银成长收益混合A,-0.006253418909643815,ret_12m,main,158.9,full,1.0,2026-09-23
3444.0,,018539,中银富利6个月持有期混合A,-0.006319717471233499,ret_12m,main,35.1,short,0.9921,2026-09-23
3445.0,,000612,华宝生态中国混合A,-0.006512881350074773,ret_12m,main,147.4,full,1.0,2026-09-23
3446.0,,014539,华安优势精选混合A,-0.006520299311868039,ret_12m,main,55.9,full,1.0,2026-09-23
3447.0,,014311,大成优质精选混合A,-0.006576314122986537,ret_12m,main,49.9,full,1.0,2026-09-23
3448.0,,010369,大成卓享一年持有混合A,-0.006578497142295636,ret_12m,main,70.2,full,1.0,2026-09-23
3449.0,,014666,工银优质发展混合A,-0.006762648494928802,ret_12m,main,52.0,full,1.0,2026-09-23
3450.0,,015104,博道研究恒选混合A,-0.007183005142426646,ret_12m,main,51.7,full,1.0,2026-09-23
3451.0,,002535,中银鑫利混合A,-0.007353656841699752,ret_12m,main,126.0,full,1.0,2026-09-23
3452.0,,012029,广发恒鑫一年持有期混合A,-0.007375741947399983,ret_12m,main,64.2,full,1.0,2026-09-23
3453.0,,009636,华泰柏瑞景气优选A,-0.00752980473917042,ret_12m,main,75.2,full,1.0,2026-09-23
3454.0,,160105,南方积极配置混合(LOF),-0.0075491052743170695,ret_12m,main,263.3,full,1.0,2026-09-23
3455.0,,011390,华安添祥6个月持有混合A,-0.007686182376743456,ret_12m,main,62.1,full,1.0,2026-09-23
3456.0,,020193,天弘金融优选混合发起A,-0.007740679326711963,ret_12m,main,26.5,short,1.0,2026-09-23
3457.0,,006700,红土创新稳健混合A,-0.007754904224166803,ret_12m,main,90.4,full,1.0,2026-09-23
3458.0,,006567,中泰星元灵活配置混合A,-0.007933147202609847,ret_12m,main,93.6,full,1.0,2026-09-23
3459.0,,501066,东方红恒元五年持有混合,-0.008148368266926997,ret_12m,main,94.7,full,1.0,2026-09-23
3460.0,,001287,安信优势增长混合A,-0.00828530320723131,ret_12m,main,136.1,full,1.0,2026-09-23
3461.0,,002581,招商丰凯混合A,-0.008290781985114015,ret_12m,main,121.0,full,1.0,2026-09-23
3462.0,,012671,嘉实核心蓝筹混合A,-0.00839426386015063,ret_12m,main,62.0,full,1.0,2026-09-23
3463.0,,014038,交银启诚混合A,-0.00840617999519333,ret_12m,main,57.5,full,1.0,2026-09-23
3464.0,,010876,浙商智选先锋一年持有混合A,-0.008428878544744722,ret_12m,main,61.4,full,1.0,2026-09-23
3465.0,,160921,大成多策略混合(LOF)A,-0.008603494021717895,ret_12m,main,121.1,full,1.0,2026-09-23
3466.0,,010503,招商稳兴混合A,-0.008604025310310015,ret_12m,main,67.5,full,1.0,2026-09-23
3467.0,,015989,华安碳中和混合A,-0.008667911781356619,ret_12m,main,43.5,full,1.0,2026-09-23
3468.0,,013636,国投瑞银策略回报混合A,-0.008776954762837796,ret_12m,main,58.2,full,1.0,2026-09-23
3469.0,,519918,华夏兴和混合A,-0.008850939622906617,ret_12m,main,147.1,full,1.0,2026-09-23
3470.0,,014576,农银汇理瑞丰6个月持有混合,-0.008981236240716561,ret_12m,main,54.1,full,1.0,2026-09-23
3471.0,,009312,前海联合价值优选混合A,-0.009107985872180202,ret_12m,main,74.5,full,1.0,2026-09-23
3472.0,,270002,广发稳健增长混合A,-0.009148900799320403,ret_12m,main,265.9,full,1.0,2026-09-23
3473.0,,700001,平安行业先锋混合,-0.009201414128468532,ret_12m,main,180.1,full,1.0,2026-09-23
3474.0,,519002,华安安信消费混合A,-0.009424855274197341,ret_12m,main,159.0,full,1.0,2026-09-23
3475.0,,000584,新华鑫益灵活配置混合C,-0.009486684436096682,ret_12m,main,149.3,full,1.0,2026-09-23
3476.0,,024175,中欧大盘价值混合A,-0.00966890108544749,ret_12m,main,15.6,short,1.0,2026-09-23
3477.0,,005481,银华瑞泰灵活配置混合A,-0.00979601103700145,ret_12m,main,103.5,full,1.0,2026-09-23
3478.0,,023959,渤海汇金鑫泉平衡混合发起A,-0.010029254829256207,ret_12m,main,14.7,short,1.0,2026-09-23
3479.0,,013184,广发恒阳一年持有混合A,-0.010076119891508917,ret_12m,main,58.9,full,1.0,2026-09-23
3480.0,,011727,工银聚瑞混合A,-0.010090032996907139,ret_12m,main,63.9,full,1.0,2026-09-23
3481.0,,008290,华安现代生活混合,-0.01019543097607234,ret_12m,main,76.9,full,1.0,2026-09-23
3482.0,,019497,博道明远混合A,-0.010216860992799726,ret_12m,main,31.8,short,1.0,2026-09-23
3483.0,,018806,华安国企机遇混合A,-0.01022384227110329,ret_12m,main,31.9,short,1.0,2026-09-23
3484.0,,010465,鹏扬景创混合A,-0.01025483230614943,ret_12m,main,69.8,full,1.0,2026-09-23
3485.0,,008404,华泰紫金泰盈混合A,-0.010326517983213934,ret_12m,main,80.1,full,1.0,2026-09-23
3486.0,,001942,前海开源沪港深汇鑫混合A,-0.010401147678905431,ret_12m,main,124.2,full,1.0,2026-09-23
3487.0,,024691,鑫元新兴产业睿选混合发起式A,-0.01040864156078447,ret_12m,main,14.5,short,1.0,2026-09-23
3488.0,,020117,南华丰元量化选股混合A,-0.010519588898118326,ret_12m,main,32.0,short,1.0,2026-09-23
3489.0,,011791,招商瑞盈9个月持有期混合A,-0.010549228637115493,ret_12m,main,61.9,full,1.0,2026-09-23
3490.0,,005267,嘉实价值精选股票A,-0.010616231348733463,ret_12m,main,106.5,full,1.0,2026-09-23
3491.0,,004477,嘉实沪港深回报混合,-0.010617040386857624,ret_12m,main,113.8,full,1.0,2026-09-23
3492.0,,009296,南方誉慧一年混合A,-0.01064289400252183,ret_12m,main,76.8,full,1.0,2026-09-23
3493.0,,001782,九泰久益混合A,-0.010713032274713208,ret_12m,main,115.9,full,1.0,2026-09-23
3494.0,,016830,广发恒裕一年持有期混合A,-0.010793875123194296,ret_12m,main,39.4,full,1.0,2026-09-23
3495.0,,000529,广发竞争优势混合A,-0.010817245417798271,ret_12m,main,150.4,full,1.0,2026-09-23
3496.0,,011256,交银鸿光一年混合A,-0.010879187404908675,ret_12m,main,66.5,full,1.0,2026-09-23
3497.0,,160211,国泰中小盘成长混合(LOF),-0.010924462506661459,ret_12m,main,202.0,full,1.0,2026-09-23
3498.0,,006547,红塔红土盛弘混合A,-0.010958710875579536,ret_12m,main,94.6,full,1.0,2026-09-23
3499.0,,233009,大摩多因子策略混合A,-0.01099514563291859,ret_12m,main,184.2,full,1.0,2026-09-23
3500.0,,005974,东方红配置精选混合A,-0.011147798314882551,ret_12m,main,100.1,full,1.0,2026-09-23
3501.0,,009121,广发招享混合A,-0.01123877089038361,ret_12m,main,77.0,full,1.0,2026-09-23
3502.0,,008370,国泰研究精选两年持有混合,-0.011250731373032563,ret_12m,main,81.0,full,1.0,2026-09-23
3503.0,,001197,长盛转型升级主题灵活配置混合,-0.011384613673349753,ret_12m,main,137.1,full,1.0,2026-09-23
3504.0,,008547,博道安远6个月持有期混合,-0.011418824966858754,ret_12m,main,80.2,full,1.0,2026-09-23
3505.0,,012184,大成创新趋势混合A,-0.011453057823760049,ret_12m,main,64.0,full,1.0,2026-09-23
3506.0,,009114,鹏扬景泓回报灵活配置混合A,-0.011616212845025231,ret_12m,main,72.5,full,1.0,2026-09-23
3507.0,,017655,嘉实价值丰裕混合A,-0.0116640631007916,ret_12m,main,25.5,short,1.0,2026-09-23
3508.0,,012408,广发恒昌一年持有混合A,-0.01170928071235866,ret_12m,main,62.4,full,1.0,2026-09-23
3509.0,,018409,中欧价值回报混合A,-0.011713865878922647,ret_12m,main,39.5,full,1.0,2026-09-23
3510.0,,000196,工银成长收益混合B,-0.011769431132465535,ret_12m,main,158.9,full,1.0,2026-09-23
3511.0,,001858,建信鑫利灵活配置混合A,-0.01184695340813946,ret_12m,main,130.8,full,1.0,2026-09-23
3512.0,,008838,德邦量化对冲混合A,-0.011888602093951484,ret_12m,main,76.8,full,1.0,2026-09-23
3513.0,,011097,达诚宜创精选混合A,-0.01189062568454402,ret_12m,main,67.9,full,1.0,2026-09-23
3514.0,,004814,中欧红利优享混合A,-0.011959670918039289,ret_12m,main,101.2,full,1.0,2026-09-23
3515.0,,010688,招商瑞德一年持有期混合A,-0.01201519311978616,ret_12m,main,67.9,full,1.0,2026-09-23
3516.0,,021147,财通华臻量化选股混合A,-0.012022484318181204,ret_12m,main,28.6,short,1.0,2026-09-23
3517.0,,009956,广发恒誉混合A,-0.012047681060663784,ret_12m,main,69.5,full,1.0,2026-09-23
3518.0,,019277,长城国企优选混合发起式A,-0.012186410114822688,ret_12m,main,35.0,short,1.0,2026-09-23
3519.0,,014121,大成品质医疗股票A,-0.012193912977357058,ret_12m,main,52.6,full,1.0,2026-09-23
3520.0,,011044,中银顺泽回报一年持有期混合A,-0.01220127103003743,ret_12m,main,68.3,full,1.0,2026-09-23
3521.0,,012268,浙商智多享稳健混合发起式A,-0.012315857200014602,ret_12m,main,61.9,full,1.0,2026-09-23
3522.0,,024452,博时卓睿成长股票A,-0.012321288823956889,ret_12m,main,15.1,short,0.9763,2026-09-23
3523.0,,001319,农银信息传媒股票A,-0.012347671349563383,ret_12m,main,135.0,full,1.0,2026-09-23
3524.0,,005270,太平改革红利精选混合,-0.012355564132367158,ret_12m,main,105.7,full,1.0,2026-09-23
3525.0,,001312,华安新优选灵活配置混合A,-0.012778305272812984,ret_12m,main,135.9,full,1.0,2026-09-23
3526.0,,730002,方正富邦红利精选混合A,-0.013207527291558052,ret_12m,main,166.1,full,1.0,2026-09-23
3527.0,,001766,摩根医疗健康股票A,-0.0134356803440141,ret_12m,main,131.1,full,1.0,2026-09-23
3528.0,,024413,中欧核心价值混合发起A,-0.013478987915614304,ret_12m,main,13.5,short,1.0,2026-09-23
3529.0,,023169,兴证资管国企红利优选混合发起式A,-0.013508704262966464,ret_12m,main,20.4,short,1.0,2026-09-23
3530.0,,011992,汇安泓利一年持有期混合C,-0.013594480308952384,ret_12m,main,64.6,full,1.0,2026-09-23
3531.0,,620006,金元顺安消费主题混合,-0.013642085232020151,ret_12m,main,192.3,full,1.0,2026-09-23
3532.0,,003284,中邮医药健康混合A,-0.013689219595284796,ret_12m,main,117.3,full,1.0,2026-09-23
3533.0,,012138,景顺长城安益回报一年持有混合A,-0.013836506983345598,ret_12m,main,63.2,full,1.0,2026-09-23
3534.0,,003333,泰信智选成长灵活配置混合A,-0.013881443791847858,ret_12m,main,117.1,full,1.0,2026-09-23
3535.0,,006323,合煦智远嘉选混合A,-0.013931512580917071,ret_12m,main,96.2,full,1.0,2026-09-23
3536.0,,377530,摩根行业轮动混合A,-0.013996954233340131,ret_12m,main,199.8,full,1.0,2026-09-23
3537.0,,018101,贝莱德卓越远航混合A,-0.014089651756682975,ret_12m,main,28.1,short,1.0,2026-09-23
3538.0,,012987,嘉合锦明混合A,-0.014132769263239031,ret_12m,main,60.7,full,1.0,2026-09-23
3539.0,,010393,工银健康生活混合A,-0.014157720619083158,ret_12m,main,70.4,full,1.0,2026-09-23
3540.0,,001914,中信建投聚利混合A,-0.014215667646151342,ret_12m,main,130.4,full,1.0,2026-09-23
3541.0,,008294,朱雀企业优胜A,-0.014260518651429188,ret_12m,main,76.1,full,1.0,2026-09-23
3542.0,,770001,德邦优化A,-0.014266259060634057,ret_12m,main,167.9,full,1.0,2026-09-23
3543.0,,006121,华安双核驱动混合A,-0.014493561327577287,ret_12m,main,90.5,full,1.0,2026-09-23
3544.0,,090004,大成精选增值混合A,-0.014537496649719706,ret_12m,main,261.3,full,1.0,2026-09-23
3545.0,,005498,银华积极成长混合A,-0.014633456550349755,ret_12m,main,101.8,full,1.0,2026-09-23
3546.0,,000916,前海开源股息率100强股票A,-0.014692085157153478,ret_12m,main,140.3,full,1.0,2026-09-23
3547.0,,008835,富国量化对冲策略三个月持有期混合A,-0.014819063040365399,ret_12m,main,78.9,full,1.0,2026-09-23
3548.0,,008704,广发高股息优享混合A,-0.014861691678659583,ret_12m,main,80.1,full,1.0,2026-09-23
3549.0,,018549,金鹰研究驱动混合A,-0.014946382873337938,ret_12m,main,32.2,short,1.0,2026-09-23
3550.0,,005341,长安裕泰混合A,-0.015014657106181661,ret_12m,main,104.9,full,1.0,2026-09-23
3551.0,,022495,嘉实红利精选混合发起式A,-0.015058469505701777,ret_12m,main,21.0,short,1.0,2026-09-23
3552.0,,011243,万家惠裕回报6个月持有期混合A,-0.015072994631003644,ret_12m,main,62.9,full,1.0,2026-09-23
3553.0,,165512,中信保诚新机遇混合(LOF),-0.015187533315990098,ret_12m,main,181.7,full,1.0,2026-09-23
3554.0,,003956,南方产业智选股票A,-0.015466404541069845,ret_12m,main,115.9,full,1.0,2026-09-23
3555.0,,011389,国都聚成混合,-0.015516860658695064,ret_12m,main,66.0,full,1.0,2026-09-23
3556.0,,023584,中欧红利智选混合A,-0.015527051111768109,ret_12m,main,17.5,short,1.0,2026-09-23
3557.0,,010532,广发恒信一年持有期混合A,-0.015546133229324632,ret_12m,main,68.3,full,1.0,2026-09-23
3558.0,,019743,银华富兴央企混合发起式A,-0.015555243243979278,ret_12m,main,27.6,short,1.0,2026-09-23
3559.0,,257050,国联安主题驱动混合A,-0.015643400117232753,ret_12m,main,204.9,full,1.0,2026-09-23
3560.0,,001445,华安国企改革主题灵活配置混合A,-0.01567886765703086,ret_12m,main,134.8,full,1.0,2026-09-23
3561.0,,006595,广发港股通优质增长混合A,-0.0157773445103363,ret_12m,main,88.6,full,1.0,2026-09-23
3562.0,,006002,工银医药健康股票A,-0.01585110054646388,ret_12m,main,97.8,full,1.0,2026-09-23
3563.0,,020168,广发信远回报混合A,-0.015900452592583103,ret_12m,main,31.5,short,1.0,2026-09-23
3564.0,,000706,中邮多策略灵活配置混合,-0.015930778925893785,ret_12m,main,146.0,full,1.0,2026-09-23
3565.0,,002057,中银新机遇混合A,-0.015934416889028857,ret_12m,main,130.1,full,1.0,2026-09-23
3566.0,,022223,泉果消费机遇混合发起式A,-0.016011489354887054,ret_12m,main,23.9,short,1.0,2026-09-23
3567.0,,020801,易方达红利混合A,-0.016065612662802486,ret_12m,main,26.2,short,1.0,2026-09-23
3568.0,,013439,嘉实产业优势混合A,-0.01606953559009383,ret_12m,main,55.9,full,1.0,2026-09-23
3569.0,,007139,富国民裕进取沪港深成长A,-0.01621216035079076,ret_12m,main,88.1,full,1.0,2026-09-23
3570.0,,015578,南方宝祥混合A,-0.016299387457831327,ret_12m,main,49.7,full,1.0,2026-09-23
3571.0,,519062,海富通阿尔法对冲混合A,-0.016315866309908444,ret_12m,main,142.1,full,1.0,2026-09-23
3572.0,,005904,华泰保兴成长优选A,-0.01651749340409059,ret_12m,main,99.5,full,1.0,2026-09-23
3573.0,,001487,宝盈优势产业混合A,-0.016588050226381323,ret_12m,main,133.0,full,1.0,2026-09-23
3574.0,,009960,银华多元机遇混合,-0.016687455856135402,ret_12m,main,72.4,full,1.0,2026-09-23
3575.0,,014872,嘉实品质蓝筹一年持有混合A,-0.01669083046055142,ret_12m,main,55.4,full,1.0,2026-09-23
3576.0,,014131,华泰柏瑞聚优智选一年持有期混合A,-0.01678031167311722,ret_12m,main,55.0,full,1.0,2026-09-23
3577.0,,005662,嘉实金融精选股票A,-0.016884313632526626,ret_12m,main,102.3,full,1.0,2026-09-23
3578.0,,400013,东方成长收益灵活配置混合A,-0.016919492669159597,ret_12m,main,185.3,full,1.0,2026-09-23
3579.0,,017011,广发安润一年持有期混合A,-0.016935213247823988,ret_12m,main,39.8,full,1.0,2026-09-23
3580.0,,550008,中信保诚优胜精选混合A,-0.016938262046729324,ret_12m,main,204.9,full,1.0,2026-09-23
3581.0,,005521,华安红利精选混合A,-0.016950467065196873,ret_12m,main,104.1,full,1.0,2026-09-23
3582.0,,017415,中泰元和价值精选混合A,-0.017034742250141788,ret_12m,main,43.2,full,1.0,2026-09-23
3583.0,,000566,华泰柏瑞创新升级混合A,-0.017044401844030888,ret_12m,main,148.6,full,1.0,2026-09-23
3584.0,,008719,德邦安顺混合A,-0.01705571592505073,ret_12m,main,67.1,full,1.0,2026-09-23
3585.0,,168101,九泰锐智事件驱动混合(LOF),-0.017170872278723825,ret_12m,main,133.3,full,1.0,2026-09-23
3586.0,,009366,浦银科技创新一年持有混合A,-0.01722946634827316,ret_12m,main,69.3,full,1.0,2026-09-23
3587.0,,022157,东兴红利优选混合A,-0.017231345968439893,ret_12m,main,21.9,short,1.0,2026-09-23
3588.0,,020075,财通资管创新成长混合A,-0.01726440117706718,ret_12m,main,29.9,short,1.0,2026-09-23
3589.0,,004453,前海开源盈鑫A,-0.017374205743957316,ret_12m,main,114.1,full,1.0,2026-09-23
3590.0,,001720,工银新增利混合,-0.01743476359349394,ret_12m,main,116.8,full,1.0,2026-09-23
3591.0,,007251,广发睿享稳健增利混合A,-0.017589760996460813,ret_12m,main,85.1,full,1.0,2026-09-23
3592.0,,014228,浦银品质优选混合A,-0.01768435280413827,ret_12m,main,56.8,full,1.0,2026-09-23
3593.0,,005037,银华新能源新材料A,-0.017946946305241518,ret_12m,main,108.3,full,1.0,2026-09-23
3594.0,,010597,创金合信景雯灵活配置混合A,-0.017972458082531118,ret_12m,main,67.1,full,1.0,2026-09-23
3595.0,,008923,建信医疗健康行业股票A,-0.018094804552188926,ret_12m,main,56.8,full,1.0,2026-09-23
3596.0,,070032,嘉实优化红利混合A,-0.018101908058813287,ret_12m,main,170.9,full,1.0,2026-09-23
3597.0,,002767,泰康宏泰回报混合A,-0.018105133477082647,ret_12m,main,123.5,full,1.0,2026-09-23
3598.0,,010163,财通资管价值精选一年持有混合A,-0.018137250668422422,ret_12m,main,64.0,full,1.0,2026-09-23
3599.0,,014706,华富匠心明选一年持有混合A,-0.01814958150290502,ret_12m,main,54.0,full,1.0,2026-09-23
3600.0,,001635,万家瑞益灵活配置混合A,-0.018180605387377757,ret_12m,main,129.5,full,1.0,2026-09-23
3601.0,,240008,华宝收益增长混合A,-0.018263734161395817,ret_12m,main,243.3,full,1.0,2026-09-23
3602.0,,006051,鹏扬核心价值灵活配置A,-0.018410265198951503,ret_12m,main,91.8,full,1.0,2026-09-23
3603.0,,012342,广发瑞泽精选混合A,-0.018721845336011955,ret_12m,main,58.7,full,1.0,2026-09-23
3604.0,,005331,益民优势安享混合A,-0.018811984091148704,ret_12m,main,101.0,full,1.0,2026-09-23
3605.0,,020884,鹏华成长先锋混合A,-0.018821097596486536,ret_12m,main,24.9,short,1.0,2026-09-23
3606.0,,019718,摩根悦享回报6个月持有期混合A,-0.018943353766254445,ret_12m,main,27.4,short,1.0,2026-09-23
3607.0,,018620,兴全兴晨六个月持有混合A,-0.018953371700186072,ret_12m,main,37.7,full,1.0,2026-09-23
3608.0,,011843,民生加银内核驱动混合A,-0.01904159357555424,ret_12m,main,64.6,full,1.0,2026-09-23
3609.0,,013776,中泰兴为价值精选混合A,-0.019527038410997122,ret_12m,main,56.1,full,1.0,2026-09-23
3610.0,,001500,泓德远见回报混合,-0.019564901145580516,ret_12m,main,133.0,full,1.0,2026-09-23
3611.0,,011338,兴全合远两年持有混合A,-0.019587388386014815,ret_12m,main,64.9,full,1.0,2026-09-23
3612.0,,010692,华夏核心价值混合A,-0.01972190781489347,ret_12m,main,65.1,full,1.0,2026-09-23
3613.0,,002657,招商安裕灵活配置混合A,-0.01976922700716588,ret_12m,main,123.1,full,1.0,2026-09-23
3614.0,,070006,嘉实服务增值行业混合,-0.01984976822464113,ret_12m,main,269.7,full,1.0,2026-09-23
3615.0,,008134,鹏华优选价值股票A,-0.019910569614827733,ret_12m,main,81.2,full,1.0,2026-09-23
3616.0,,260110,景顺长城精选蓝筹混合,-0.020006878651184112,ret_12m,main,231.2,full,1.0,2026-09-23
3617.0,,023433,金元顺安乾利混合A,-0.020051600324034635,ret_12m,main,12.8,short,0.9565,2026-09-23
3618.0,,002282,平安安享灵活配置混合A,-0.020061342455188425,ret_12m,main,127.6,full,1.0,2026-09-23
3619.0,,012661,广发恒益一年持有期混合A,-0.02025068385277662,ret_12m,main,61.7,full,1.0,2026-09-23
3620.0,,023082,东方红慧选成长混合A,-0.020383023223051078,ret_12m,main,12.5,short,0.9526,2026-09-23
3621.0,,010457,广发睿鑫混合A,-0.02089039187856634,ret_12m,main,66.2,full,1.0,2026-09-23
3622.0,,160421,华安智增精选混合,-0.020913524996242328,ret_12m,main,120.3,full,1.0,2026-09-23
3623.0,,410006,华富策略精选混合A,-0.021146949495163048,ret_12m,main,213.0,full,1.0,2026-09-23
3624.0,,003095,中欧医疗健康混合A,-0.021288202509449516,ret_12m,main,119.8,full,1.0,2026-09-23
3625.0,,019991,中欧红利精选混合发起A,-0.021339498075477636,ret_12m,main,26.3,short,1.0,2026-09-23
3626.0,,009630,浦银ESG责任投资混合A,-0.021343523643543083,ret_12m,main,66.3,full,1.0,2026-09-23
3627.0,,161131,易方达科润混合(LOF),-0.02135573855225248,ret_12m,main,98.6,full,1.0,2026-09-23
3628.0,,009230,鹏华安和混合A,-0.021494891711822173,ret_12m,main,75.2,full,1.0,2026-09-23
3629.0,,010712,中欧瑾利混合A,-0.021638294797805213,ret_12m,main,68.8,full,1.0,2026-09-23
3630.0,,161605,融通蓝筹成长混合A/B,-0.021724464701027735,ret_12m,main,275.8,full,1.0,2026-09-23
3631.0,,160910,大成创新成长混合(LOF)A,-0.021791374478257075,ret_12m,main,231.1,full,1.0,2026-09-23
3632.0,,400007,东方策略成长混合,-0.02192305207714551,ret_12m,main,219.7,full,1.0,2026-09-23
3633.0,,161706,招商优质成长混合(LOF),-0.021980625973389012,ret_12m,main,250.2,full,1.0,2026-09-23
3634.0,,000924,宝盈先进制造混合A,-0.02201128889202597,ret_12m,main,141.2,full,1.0,2026-09-23
3635.0,,017400,贝莱德行业优选混合A,-0.022089131814630236,ret_12m,main,41.9,full,1.0,2026-09-23
3636.0,,020186,上银国企红利混合发起式A,-0.02210512203851389,ret_12m,main,30.7,short,1.0,2026-09-23
3637.0,,009667,鹏华安庆混合A,-0.02213866075697779,ret_12m,main,75.0,full,1.0,2026-09-23
3638.0,,010929,大成核心价值甄选混合A,-0.02216456660550381,ret_12m,main,66.3,full,1.0,2026-09-23
3639.0,,003373,大成景禄灵活配置混合A,-0.022406630851990683,ret_12m,main,119.8,full,1.0,2026-09-23
3640.0,,008866,博时产业新趋势混合A,-0.02268009546248506,ret_12m,main,79.2,full,1.0,2026-09-23
3641.0,,008545,泓德丰润三年持有期混合,-0.02268982391410601,ret_12m,main,80.3,full,1.0,2026-09-23
3642.0,,004900,财通资管鑫锐混合A,-0.02270922086184557,ret_12m,main,105.6,full,1.0,2026-09-23
3643.0,,002296,长城行业轮动混合A,-0.022770461045354407,ret_12m,main,128.4,full,1.0,2026-09-23
3644.0,,350005,天治中国制造2025,-0.02291383771552913,ret_12m,main,220.5,full,1.0,2026-09-23
3645.0,,000926,中信建投睿信灵活配置混合A,-0.02296031278469801,ret_12m,main,139.6,full,1.0,2026-09-23
3646.0,,400025,东方新兴成长混合,-0.02316893677474663,ret_12m,main,144.7,full,1.0,2026-09-23
3647.0,,024464,招商价值严选混合,-0.0231692294909549,ret_12m,main,14.9,short,0.9605,2026-09-23
3648.0,,013326,万家景气驱动混合A,-0.023171906298908085,ret_12m,main,55.9,full,1.0,2026-09-23
3649.0,,005552,国富新趋势混合A,-0.02318956476450773,ret_12m,main,103.5,full,1.0,2026-09-23
3650.0,,021857,东方红远见精选混合A,-0.023313729454747523,ret_12m,main,18.6,short,1.0,2026-09-23
3651.0,,011363,南方兴润价值一年持有混合A,-0.023521506167782702,ret_12m,main,67.6,full,1.0,2026-09-23
3652.0,,021476,银河ESG主题混合发起式A,-0.02358273546237699,ret_12m,main,27.2,short,1.0,2026-09-23
3653.0,,690003,民生加银精选混合,-0.023588998356972812,ret_12m,main,199.6,full,1.0,2026-09-23
3654.0,,008063,汇添富大盘核心资产混合A,-0.023805016687460934,ret_12m,main,80.5,full,1.0,2026-09-23
3655.0,,003345,安信新成长混合A,-0.023831734680508365,ret_12m,main,119.8,full,1.0,2026-09-23
3656.0,,519694,交银蓝筹混合,-0.02397611201895644,ret_12m,main,229.5,full,1.0,2026-09-23
3657.0,,501092,交银瑞思混合(LOF),-0.02398081233748517,ret_12m,main,79.0,full,1.0,2026-09-23
3658.0,,005492,农银汇理研究驱动混合,-0.02405865881467495,ret_12m,main,104.0,full,1.0,2026-09-23
3659.0,,011733,银华瑞祥一年持有期混合,-0.02410916623580106,ret_12m,main,64.8,full,1.0,2026-09-23
3660.0,,000679,招商丰利灵活配置混合A,-0.024320073851905266,ret_12m,main,145.4,full,1.0,2026-09-23
3661.0,,011816,融通多元收益一年持有期混合,-0.0243777593909853,ret_12m,main,61.7,full,1.0,2026-09-23
3662.0,,001167,金鹰科技创新股票A,-0.024740549259718914,ret_12m,main,136.8,full,1.0,2026-09-23
3663.0,,011717,浦银均衡优选6个月持有混合A,-0.024789037176189077,ret_12m,main,64.0,full,1.0,2026-09-23
3664.0,,003993,前海开源沪港深核心驱动混合,-0.024789184953113774,ret_12m,main,117.3,full,1.0,2026-09-23
3665.0,,013983,中金稳健增长混合A,-0.024865829799126105,ret_12m,main,54.3,full,1.0,2026-09-23
3666.0,,090016,大成消费主题混合A,-0.025189694518731653,ret_12m,main,178.5,full,1.0,2026-09-23
3667.0,,002489,国泰民福策略价值混合A,-0.025692877198464137,ret_12m,main,125.8,full,1.0,2026-09-23
3668.0,,762001,国金国鑫发起A,-0.025952525700100648,ret_12m,main,168.8,full,1.0,2026-09-23
3669.0,,001044,嘉实新消费股票A,-0.02596557275319389,ret_12m,main,138.1,full,1.0,2026-09-23
3670.0,,005039,鹏扬景兴混合A,-0.02624502345540125,ret_12m,main,107.9,full,1.0,2026-09-23
3671.0,,014053,太平睿庆混合A,-0.026355969322398254,ret_12m,main,57.1,full,1.0,2026-09-23
3672.0,,320022,诺安研究精选股票A,-0.026488650426760185,ret_12m,main,165.4,full,1.0,2026-09-23
3673.0,,016774,中信建投红利智选混合A,-0.026536281794793726,ret_12m,main,46.9,full,1.0,2026-09-23
3674.0,,020005,国泰金马稳健混合A,-0.026755930315759846,ret_12m,main,267.2,full,1.0,2026-09-23
3675.0,,017742,中欧行业鑫选混合A,-0.027128090035770547,ret_12m,main,39.3,full,1.0,2026-09-23
3676.0,,016754,方正富邦均衡精选混合A,-0.027190369358835675,ret_12m,main,39.9,full,1.0,2026-09-23
3677.0,,005323,前海开源泽鑫混合A,-0.02720633907835368,ret_12m,main,104.0,full,1.0,2026-09-23
3678.0,,019971,融通蓝筹成长混合C,-0.02727755729603254,ret_12m,main,34.5,short,1.0,2026-09-23
3679.0,,024794,鑫元医药睿选混合发起式A,-0.027425237584832063,ret_12m,main,14.2,short,1.0,2026-09-23
3680.0,,005812,鹏华产业精选混合A,-0.0274367427687211,ret_12m,main,100.5,full,1.0,2026-09-23
3681.0,,006923,前海开源沪港深非周期股票A,-0.02750459313515896,ret_12m,main,90.4,full,1.0,2026-09-23
3682.0,,020430,华安景气回报混合发起式A,-0.027561038434201324,ret_12m,main,24.1,short,1.0,2026-09-23
3683.0,,017034,中信建投科技主题6个月持有混合A,-0.027564469155040405,ret_12m,main,45.3,full,1.0,2026-09-23
3684.0,,000729,建信中小盘先锋股票A,-0.027591395089931914,ret_12m,main,145.1,full,1.0,2026-09-23
3685.0,,009345,中银顺兴回报一年持有混合A,-0.02769811286657431,ret_12m,main,75.2,full,1.0,2026-09-23
3686.0,,019727,国泰招享添利六个月持有混合发起A,-0.027851987889764285,ret_12m,main,32.5,short,1.0,2026-09-23
3687.0,,005689,中银医疗保健混合A,-0.027936379663919264,ret_12m,main,99.4,full,1.0,2026-09-23
3688.0,,010746,富安达长三角区域主题混合A,-0.027992479080879096,ret_12m,main,69.0,full,1.0,2026-09-23
3689.0,,020147,兴银价值平衡混合A,-0.028118667048559698,ret_12m,main,30.1,short,1.0,2026-09-23
3690.0,,004244,东方周期优选灵活配置混合A,-0.028278175034061936,ret_12m,main,114.3,full,1.0,2026-09-23
3691.0,,019864,浦银高端装备混合A,-0.028320464627066833,ret_12m,main,29.9,short,1.0,2026-09-23
3692.0,,024678,东海产业优选混合发起式A,-0.028379610073297368,ret_12m,main,13.4,short,1.0,2026-09-23
3693.0,,233008,大摩消费领航混合,-0.028443417383891778,ret_12m,main,189.7,full,1.0,2026-09-23
3694.0,,003484,金鹰鑫益混合A,-0.0285630128254043,ret_12m,main,118.2,full,1.0,2026-09-23
3695.0,,006109,富荣价值精选混合A,-0.028574846367946383,ret_12m,main,97.4,full,1.0,2026-09-23
3696.0,,021273,摩根均衡精选混合A,-0.028593479451258674,ret_12m,main,24.6,short,1.0,2026-09-23
3697.0,,004442,中欧康裕混合A,-0.02874036773402877,ret_12m,main,114.3,full,1.0,2026-09-23
3698.0,,011518,嘉实价值臻选混合A,-0.02920575818989324,ret_12m,main,64.9,full,1.0,2026-09-23
3699.0,,018048,申万菱信数字产业股票型发起式A,-0.029274462885399033,ret_12m,main,40.7,full,1.0,2026-09-23
3700.0,,000567,广发聚祥灵活混合,-0.029632100805327743,ret_12m,main,149.2,full,1.0,2026-09-23
3701.0,,000696,汇添富环保行业股票,-0.02970779639831711,ret_12m,main,144.2,full,1.0,2026-09-23
3702.0,,014841,东方阿尔法医疗健康混合发起A,-0.029764967926222963,ret_12m,main,53.8,full,1.0,2026-09-23
3703.0,,005395,泓德臻远回报混合,-0.029865036787141364,ret_12m,main,100.7,full,1.0,2026-09-23
3704.0,,080012,长盛电子信息产业混合A,-0.030109284196526254,ret_12m,main,173.9,full,1.0,2026-09-23
3705.0,,011748,华泰柏瑞景气成长混合A,-0.030214203775537407,ret_12m,main,60.3,full,1.0,2026-09-23
3706.0,,004403,平安股息精选沪港深A,-0.03030673687003782,ret_12m,main,112.2,full,1.0,2026-09-23
3707.0,,012533,嘉实价值驱动一年持有期混合A,-0.03031065140952327,ret_12m,main,61.9,full,1.0,2026-09-23
3708.0,,420003,天弘永定价值成长混合A,-0.03065997582012492,ret_12m,main,213.7,full,1.0,2026-09-23
3709.0,,160106,南方高增长混合(LOF),-0.030693933229281822,ret_12m,main,254.4,full,1.0,2026-09-23
3710.0,,020098,万家惠诚回报平衡一年持有期混合A,-0.030714386468767896,ret_12m,main,30.2,short,1.0,2026-09-23
3711.0,,006511,博道卓远混合A,-0.03072935177764302,ret_12m,main,94.5,full,1.0,2026-09-23
3712.0,,160311,华夏蓝筹混合(LOF)A,-0.030940210277950575,ret_12m,main,232.5,full,1.0,2026-09-23
3713.0,,010222,大摩民丰盈和一年持有混合,-0.031053767643985264,ret_12m,main,67.9,full,1.0,2026-09-23
3714.0,,001306,中欧永裕混合A,-0.031154923435067206,ret_12m,main,135.7,full,1.0,2026-09-23
3715.0,,012003,招商价值成长混合A,-0.031258974038358645,ret_12m,main,61.1,full,1.0,2026-09-23
3716.0,,006122,华安低碳生活混合A,-0.03130249717592637,ret_12m,main,90.4,full,1.0,2026-09-23
3717.0,,013630,嘉实均衡臻选一年持有混合A,-0.03132196011992683,ret_12m,main,57.5,full,1.0,2026-09-23
3718.0,,015071,鑫元专精特新混合A,-0.031664219997488585,ret_12m,main,51.2,full,1.0,2026-09-23
3719.0,,004314,前海开源沪港深新硬件A,-0.031969840303750274,ret_12m,main,114.4,full,1.0,2026-09-23
3720.0,,017824,华安新材料主题股票发起式A,-0.03205044056055084,ret_12m,main,34.3,short,1.0,2026-09-23
3721.0,,001363,长城久惠灵活配置混合A,-0.032363925989808084,ret_12m,main,133.9,full,1.0,2026-09-23
3722.0,,019876,广发均衡成长混合A,-0.03243534332613651,ret_12m,main,29.0,short,1.0,2026-09-23
3723.0,,021202,汇添富均衡回报混合发起式A,-0.03248488305674524,ret_12m,main,27.4,short,1.0,2026-09-23
3724.0,,010081,泰康浩泽混合A,-0.03260107268441004,ret_12m,main,63.7,full,1.0,2026-09-23
3725.0,,010906,博远优享混合A,-0.032755299971394924,ret_12m,main,65.8,full,1.0,2026-09-23
3726.0,,013767,平安价值回报混合A,-0.03284085638180634,ret_12m,main,53.3,full,1.0,2026-09-23
3727.0,,010922,朱雀匠心一年持有,-0.03286006687828957,ret_12m,main,69.1,full,1.0,2026-09-23
3728.0,,213001,宝盈鸿利收益灵活配置混合A,-0.0329436838386713,ret_12m,main,287.5,full,1.0,2026-09-23
3729.0,,000684,长盛养老健康混合A,-0.03326232534559903,ret_12m,main,141.9,full,1.0,2026-09-23
3730.0,,020224,创金合信均益量化选股混合A,-0.03332133099595491,ret_12m,main,26.9,short,1.0,2026-09-23
3731.0,,010413,财通资管宸瑞一年持有混合A,-0.03347089000123227,ret_12m,main,68.1,full,1.0,2026-09-23
3732.0,,000767,华富国泰民安灵活配置混合A,-0.03348766259606528,ret_12m,main,139.6,full,1.0,2026-09-23
3733.0,,016997,创金合信产业臻选平衡混合A,-0.033704469688223826,ret_12m,main,42.8,full,1.0,2026-09-23
3734.0,,022492,金元顺安鑫怡混合发起式A,-0.033728247434106184,ret_12m,main,18.7,short,1.0,2026-09-23
3735.0,,012445,华富新能源股票型发起式A,-0.03376425653953752,ret_12m,main,62.8,full,1.0,2026-09-23
3736.0,,014103,富安达成长价值一年持有期混合A,-0.03378979956413197,ret_12m,main,56.8,full,1.0,2026-09-23
3737.0,,003715,宝盈消费主题混合,-0.03380132275360048,ret_12m,main,116.1,full,1.0,2026-09-23
3738.0,,002497,东方盛世灵活配置混合A,-0.034211868444075755,ret_12m,main,125.3,full,1.0,2026-09-23
3739.0,,010832,国泰合益混合A,-0.0342935783423195,ret_12m,main,67.7,full,1.0,2026-09-23
3740.0,,018381,安信红利精选混合A,-0.03443065050306604,ret_12m,main,34.3,short,1.0,2026-09-23
3741.0,,009347,国联价值成长6个月持有混合A,-0.0345687530209946,ret_12m,main,73.6,full,1.0,2026-09-23
3742.0,,010273,嘉实价值长青混合A,-0.03471154771701823,ret_12m,main,69.0,full,1.0,2026-09-23
3743.0,,000649,长城久鑫混合A,-0.034785057062860725,ret_12m,main,145.8,full,1.0,2026-09-23
3744.0,,009141,宏利价值长青混合A,-0.034991890161414574,ret_12m,main,75.0,full,1.0,2026-09-23
3745.0,,005043,国寿安保健康科学混合A,-0.0349978314256808,ret_12m,main,106.7,full,1.0,2026-09-23
3746.0,,010764,九泰锐升混合,-0.035010042399704955,ret_12m,main,68.1,full,1.0,2026-09-23
3747.0,,011468,国富竞争优势三年持有期混合A,-0.03512131826718967,ret_12m,main,64.3,full,1.0,2026-09-23
3748.0,,019941,富国洞见价值股票A,-0.03514473968244047,ret_12m,main,33.0,short,1.0,2026-09-23
3749.0,,005833,工银红利优享混合A,-0.035272466589864715,ret_12m,main,92.9,full,1.0,2026-09-23
3750.0,,010347,农银策略收益一年持有混合,-0.035370448426652934,ret_12m,main,67.8,full,1.0,2026-09-23
3751.0,,020364,博时卓越成长混合A,-0.035496527046032345,ret_12m,main,31.8,short,1.0,2026-09-23
3752.0,,012765,广发大盘价值混合A,-0.035499390556197885,ret_12m,main,57.5,full,1.0,2026-09-23
3753.0,,001449,华商双驱优选混合,-0.0355243796783562,ret_12m,main,134.5,full,1.0,2026-09-23
3754.0,,006803,嘉实互通精选股票,-0.035650971243486373,ret_12m,main,91.1,full,1.0,2026-09-23
3755.0,,012193,泓德睿诚混合A,-0.03603698775675379,ret_12m,main,60.9,full,1.0,2026-09-23
3756.0,,009999,东方中国红利混合,-0.03605058291233343,ret_12m,main,71.8,full,1.0,2026-09-23
3757.0,,001357,泓德泓富混合A,-0.036058229844466605,ret_12m,main,135.5,full,1.0,2026-09-23
3758.0,,011046,富国优质企业混合A,-0.036239489028079275,ret_12m,main,66.2,full,1.0,2026-09-23
3759.0,,014352,东方创新成长混合A,-0.03628531630754295,ret_12m,main,53.2,full,1.0,2026-09-23
3760.0,,162207,宏利效率优选混合(LOF),-0.03686755598821945,ret_12m,main,244.4,full,1.0,2026-09-23
3761.0,,050026,博时医疗保健行业混合A,-0.03699504255652253,ret_12m,main,168.8,full,1.0,2026-09-23
3762.0,,002300,长盛医疗量化股票A,-0.037230397927080605,ret_12m,main,127.6,full,1.0,2026-09-23
3763.0,,002003,工银新机遇灵活配置混合A,-0.03730665075103079,ret_12m,main,113.3,full,1.0,2026-09-23
3764.0,,002189,农银汇理国企改革混合,-0.03755160045065986,ret_12m,main,123.7,full,1.0,2026-09-23
3765.0,,017063,申万菱信乐成混合A,-0.037604005916132555,ret_12m,main,42.1,full,1.0,2026-09-23
3766.0,,011531,朱雀恒心一年持有混合,-0.03764089978537488,ret_12m,main,66.8,full,1.0,2026-09-23
3767.0,,001703,银华沪港深增长股票A,-0.0376884812751247,ret_12m,main,121.4,full,1.0,2026-09-23
3768.0,,007493,朱雀产业臻选混合A,-0.03782078492500873,ret_12m,main,86.9,full,1.0,2026-09-23
3769.0,,017079,格林鑫利六个月持有期混合A,-0.03788232388709101,ret_12m,main,42.2,full,1.0,2026-09-23
3770.0,,018862,大成创优鑫选混合A,-0.03793728348861247,ret_12m,main,12.9,short,0.9644,2026-09-23
3771.0,,001558,天弘医疗健康混合A,-0.03797966871234226,ret_12m,main,134.8,full,1.0,2026-09-23
3772.0,,255010,国联安稳健混合A,-0.03801200106112845,ret_12m,main,277.5,full,1.0,2026-09-23
3773.0,,040007,华安中小盘成长混合,-0.038029335682086995,ret_12m,main,233.2,full,1.0,2026-09-23
3774.0,,002653,泰康沪港深精选混合,-0.03826391512562155,ret_12m,main,123.6,full,1.0,2026-09-23
3775.0,,010141,朱雀企业优选A,-0.038266175409582326,ret_12m,main,72.0,full,1.0,2026-09-23
3776.0,,008107,华商医药医疗行业股票,-0.0382844404577003,ret_12m,main,80.9,full,1.0,2026-09-23
3777.0,,013993,中欧光熠一年持有混合A,-0.03832600163761701,ret_12m,main,54.7,full,1.0,2026-09-23
3778.0,,000471,富国城镇发展股票,-0.03834484161110485,ret_12m,main,151.8,full,1.0,2026-09-23
3779.0,,000326,南方中小盘成长股票A,-0.03837909160785591,ret_12m,main,130.9,full,1.0,2026-09-23
3780.0,,008271,大成优势企业混合A,-0.038383908072530004,ret_12m,main,81.0,full,1.0,2026-09-23
3781.0,,519130,海富通新内需混合A,-0.038503498669912206,ret_12m,main,141.9,full,1.0,2026-09-23
3782.0,,009154,海富通富盈混合A,-0.038510126404230904,ret_12m,main,76.1,full,1.0,2026-09-23
3783.0,,000844,南方绝对收益,-0.039137452964493336,ret_12m,main,141.7,full,1.0,2026-09-23
3784.0,,001660,富安达行业轮动混合,-0.03917335542522593,ret_12m,main,101.7,full,1.0,2026-09-23
3785.0,,008480,永赢股息优选A,-0.03938995455742922,ret_12m,main,78.0,full,1.0,2026-09-23
3786.0,,009846,国富港股通远见价值混合A,-0.03946651206250362,ret_12m,main,73.2,full,1.0,2026-09-23
3787.0,,004340,泰康兴泰回报沪港深混合A,-0.03948039024156369,ret_12m,main,111.3,full,1.0,2026-09-23
3788.0,,160505,博时主题行业混合(LOF),-0.03963614642996427,ret_12m,main,260.5,full,1.0,2026-09-23
3789.0,,630015,华商大盘量化精选混合,-0.03999379731124031,ret_12m,main,161.5,full,1.0,2026-09-23
3790.0,,006952,中银景元回报混合,-0.040129133014340734,ret_12m,main,90.0,full,1.0,2026-09-23
3791.0,,009119,广发品质回报混合A,-0.04038911998541339,ret_12m,main,75.5,full,1.0,2026-09-23
3792.0,,010425,国投瑞银开放视角精选混合A,-0.04042433729502393,ret_12m,main,67.7,full,1.0,2026-09-23
3793.0,,450009,国富中小盘股票A,-0.040613958614066026,ret_12m,main,190.0,full,1.0,2026-09-23
3794.0,,008276,财通资管价值发现混合A,-0.041269086445894776,ret_12m,main,78.0,full,1.0,2026-09-23
3795.0,,160526,博时优势企业灵活配置混合A,-0.041312392169829404,ret_12m,main,87.7,full,1.0,2026-09-23
3796.0,,006601,国融融泰灵活配置混合A,-0.04138604171971916,ret_12m,main,91.8,full,1.0,2026-09-23
3797.0,,590005,中邮核心主题混合A,-0.04142513946614268,ret_12m,main,196.2,full,1.0,2026-09-23
3798.0,,010668,工银优选对冲灵活配置混合发起A,-0.04147296511225784,ret_12m,main,68.8,full,1.0,2026-09-23
3799.0,,012576,富国诚益回报12个月持有混合A,-0.04148769455388257,ret_12m,main,61.1,full,1.0,2026-09-23
3800.0,,011006,工银圆丰三年持有期混合,-0.04152232449958071,ret_12m,main,68.3,full,1.0,2026-09-23
3801.0,,019628,中金成长领航混合发起A,-0.04153583142044914,ret_12m,main,23.3,short,1.0,2026-09-23
3802.0,,021271,华泰紫金远见回报12个月持有混合A,-0.04158578680841041,ret_12m,main,27.3,short,1.0,2026-09-23
3803.0,,006274,圆信永丰医药健康A,-0.04161923698744052,ret_12m,main,93.8,full,1.0,2026-09-23
3804.0,,004350,汇丰晋信价值先锋股票A,-0.04179769448336346,ret_12m,main,94.3,full,1.0,2026-09-23
3805.0,,018446,工银领航三年持有混合,-0.041834619943074136,ret_12m,main,39.4,full,1.0,2026-09-23
3806.0,,008819,农银汇理策略趋势混合,-0.041888720054626516,ret_12m,main,78.4,full,1.0,2026-09-23
3807.0,,673120,西部利得新富混合A,-0.04227924635566849,ret_12m,main,111.2,full,1.0,2026-09-23
3808.0,,021650,东方红红利量化选股混合发起A,-0.04231140958826629,ret_12m,main,24.9,short,1.0,2026-09-23
3809.0,,000757,华富智慧城市灵活配置混合A,-0.042342313458111236,ret_12m,main,142.8,full,1.0,2026-09-23
3810.0,,398051,中海环保新能源混合,-0.04243774244762544,ret_12m,main,189.5,full,1.0,2026-09-23
3811.0,,011203,永赢惠添益混合A,-0.042454271823763046,ret_12m,main,66.3,full,1.0,2026-09-23
3812.0,,011775,格林鑫悦一年持有期混合A,-0.04256003391061958,ret_12m,main,63.5,full,1.0,2026-09-23
3813.0,,021755,中欧价值品质混合发起A,-0.042617263015282014,ret_12m,main,22.6,short,1.0,2026-09-23
3814.0,,016119,华富时代锐选混合A,-0.04284944122444956,ret_12m,main,45.7,full,1.0,2026-09-23
3815.0,,018698,国投瑞银盛煊混合A,-0.04287950186081402,ret_12m,main,32.9,short,1.0,2026-09-23
3816.0,,001178,前海开源再融资股票,-0.042885937347594716,ret_12m,main,136.2,full,1.0,2026-09-23
3817.0,,005848,银华裕利混合发起式A,-0.04300813816978888,ret_12m,main,93.5,full,1.0,2026-09-23
3818.0,,002649,民生智造2025灵活配置混合,-0.043025439943243815,ret_12m,main,103.5,full,1.0,2026-09-23
3819.0,,018240,嘉实制造升级股票发起式A,-0.0431655753030592,ret_12m,main,38.0,full,1.0,2026-09-23
3820.0,,001616,嘉实环保低碳股票,-0.0435343606176648,ret_12m,main,128.8,full,1.0,2026-09-23
3821.0,,019801,华泰紫金价值甄选混合C,-0.04356243363710077,ret_12m,main,33.3,short,1.0,2026-09-23
3822.0,,009700,长江添利混合A,-0.04356403673271614,ret_12m,main,73.6,full,1.0,2026-09-23
3823.0,,011548,九泰久慧混合A,-0.04356944710101818,ret_12m,main,64.2,full,1.0,2026-09-23
3824.0,,014585,银华心兴三年持有混合A,-0.04365698090762271,ret_12m,main,56.1,full,1.0,2026-09-23
3825.0,,009332,博时恒裕持有期混合A,-0.04395975034988242,ret_12m,main,76.2,full,1.0,2026-09-23
3826.0,,010336,中欧悦享生活混合A,-0.04400634338497422,ret_12m,main,68.5,full,1.0,2026-09-23
3827.0,,001747,易方达瑞祺混合A,-0.04408233951412255,ret_12m,main,103.8,full,1.0,2026-09-23
3828.0,,013886,华商新能源汽车混合A,-0.044275582445496786,ret_12m,main,58.2,full,1.0,2026-09-23
3829.0,,007202,天弘优质成长企业A,-0.0442976376656099,ret_12m,main,83.2,full,1.0,2026-09-23
3830.0,,020086,鹏华智投数字经济混合A,-0.04445601161876933,ret_12m,main,28.2,short,1.0,2026-09-23
3831.0,,018105,中欧聚优港股通混合发起A,-0.04486017506101714,ret_12m,main,41.4,full,1.0,2026-09-23
3832.0,,012967,广发行业严选三年持有期混合A,-0.04486057242931807,ret_12m,main,60.9,full,1.0,2026-09-23
3833.0,,005209,东吴双三角股票A,-0.04491055519861886,ret_12m,main,105.6,full,1.0,2026-09-23
3834.0,,024934,华夏臻选回报混合B,-0.045187262789366134,ret_12m,main,13.4,short,1.0,2026-09-23
3835.0,,660010,农银策略精选混合,-0.04519020882701075,ret_12m,main,180.6,full,1.0,2026-09-23
3836.0,,010996,招商品质升级混合A,-0.04521623991787371,ret_12m,main,66.6,full,1.0,2026-09-23
3837.0,,004206,华商元亨混合A,-0.045364351278506576,ret_12m,main,115.9,full,1.0,2026-09-23
3838.0,,001195,工银农业产业股票,-0.045621238959871246,ret_12m,main,136.0,full,1.0,2026-09-23
3839.0,,019729,华夏国企红利混合发起式A,-0.04571677269777141,ret_12m,main,30.9,short,1.0,2026-09-23
3840.0,,070018,嘉实回报混合,-0.04593439723647985,ret_12m,main,205.2,full,1.0,2026-09-23
3841.0,,001791,大成绝对收益策略混合A,-0.04615223139269542,ret_12m,main,132.0,full,1.0,2026-09-23
3842.0,,010437,嘉实竞争力优选混合A,-0.046235871450658106,ret_12m,main,66.9,full,1.0,2026-09-23
3843.0,,162107,金鹰先进制造股票(LOF)A,-0.04627277716312239,ret_12m,main,171.6,full,1.0,2026-09-23
3844.0,,009693,富国积极成长一年定开混合,-0.04638554406456874,ret_12m,main,75.3,full,1.0,2026-09-23
3845.0,,001068,国新国证新锐A,-0.046567982599696855,ret_12m,main,137.3,full,1.0,2026-09-23
3846.0,,010703,财通智选消费股票A,-0.04660279082924135,ret_12m,main,67.8,full,1.0,2026-09-23
3847.0,,010296,万家互联互通中国优势A,-0.04697530474921374,ret_12m,main,70.6,full,1.0,2026-09-23
3848.0,,001716,工银新趋势灵活配置混合A,-0.04697864379675021,ret_12m,main,129.3,full,1.0,2026-09-23
3849.0,,006202,交银核心资产混合A,-0.04723662114333371,ret_12m,main,92.2,full,1.0,2026-09-23
3850.0,,022195,汇丰晋信景气优选混合A,-0.04752396630718991,ret_12m,main,15.9,short,1.0,2026-09-23
3851.0,,000127,农银行业领先混合,-0.0476133220321594,ret_12m,main,158.9,full,1.0,2026-09-23
3852.0,,004393,安信企业价值优选混合A,-0.047698515543486475,ret_12m,main,113.8,full,1.0,2026-09-23
3853.0,,016746,浦银光耀优选混合A,-0.047775262891957104,ret_12m,main,43.3,full,1.0,2026-09-23
3854.0,,004997,广发高端制造股票A,-0.04780581183580579,ret_12m,main,108.7,full,1.0,2026-09-23
3855.0,,004048,华夏新锦汇混合A,-0.047827642626130484,ret_12m,main,114.5,full,1.0,2026-09-23
3856.0,,018890,大成锐见未来混合A,-0.047979634747863265,ret_12m,main,36.1,full,1.0,2026-09-23
3857.0,,019430,国联安价值甄选混合,-0.048008616160896134,ret_12m,main,28.3,short,1.0,2026-09-23
3858.0,,001056,华银健康生活主题灵活配置,-0.04810856164826893,ret_12m,main,137.9,full,1.0,2026-09-23
3859.0,,011152,国富兴海回报混合A,-0.04827023676658382,ret_12m,main,65.8,full,1.0,2026-09-23
3860.0,,017036,嘉实低碳精选混合发起式A,-0.04831148329880541,ret_12m,main,45.3,full,1.0,2026-09-23
3861.0,,040004,华安宝利配置混合,-0.048548426439639636,ret_12m,main,265.0,full,1.0,2026-09-23
3862.0,,004005,东方民丰回报赢安混合A,-0.04858037017211003,ret_12m,main,114.5,full,1.0,2026-09-23
3863.0,,270021,广发聚瑞混合A,-0.048637495147241694,ret_12m,main,207.2,full,1.0,2026-09-23
3864.0,,019340,西部利得研究精选混合A,-0.048692187863851766,ret_12m,main,29.9,short,1.0,2026-09-23
3865.0,,010410,长城品质成长混合A,-0.048801407074581804,ret_12m,main,68.8,full,1.0,2026-09-23
3866.0,,005794,银华心怡灵活配置混合A,-0.04881216160836421,ret_12m,main,98.6,full,1.0,2026-09-23
3867.0,,012175,易方达稳健增利混合A,-0.04884358124384025,ret_12m,main,62.1,full,1.0,2026-09-23
3868.0,,018159,国泰创新医疗混合发起A,-0.04888362808597124,ret_12m,main,41.2,full,1.0,2026-09-23
3869.0,,040020,华安升级主题混合A,-0.048973058653206336,ret_12m,main,185.1,full,1.0,2026-09-23
3870.0,,022153,华泰柏瑞红利精选混合A,-0.04937543762317664,ret_12m,main,18.6,short,1.0,2026-09-23
3871.0,,013109,华夏优势价值一年持有混合A,-0.049519079557973966,ret_12m,main,54.7,full,1.0,2026-09-23
3872.0,,002415,融通通盈灵活配置混合,-0.0495310124445546,ret_12m,main,126.3,full,1.0,2026-09-23
3873.0,,006039,国富估值优势混合A,-0.049534864763443154,ret_12m,main,97.1,full,1.0,2026-09-23
3874.0,,005732,富国臻选成长灵活配置混合A,-0.0495457463743213,ret_12m,main,97.3,full,1.0,2026-09-23
3875.0,,012086,博时健康生活混合A,-0.049686429684814404,ret_12m,main,63.9,full,1.0,2026-09-23
3876.0,,530012,建信积极配置混合,-0.04976124469928367,ret_12m,main,188.2,full,1.0,2026-09-23
3877.0,,009468,博时健康成长双周定期可赎回混合A,-0.04988138502792383,ret_12m,main,75.2,full,1.0,2026-09-23
3878.0,,015010,嘉合锦鑫混合A,-0.049927602683882744,ret_12m,main,54.7,full,1.0,2026-09-23
3879.0,,160611,鹏华优质治理混合(LOF)A,-0.049966286446142094,ret_12m,main,232.3,full,1.0,2026-09-23
3880.0,,006240,国联医疗健康混合A,-0.05013966391571545,ret_12m,main,96.1,full,1.0,2026-09-23
3881.0,,013847,华泰柏瑞匠心汇选混合A,-0.050200302100233296,ret_12m,main,54.7,full,1.0,2026-09-23
3882.0,,020637,华泰紫金价值远见18个月持有混合发起A,-0.050244867653511216,ret_12m,main,30.6,short,1.0,2026-09-23
3883.0,,110023,易方达医疗保健行业混合A,-0.05068365743878833,ret_12m,main,187.8,full,1.0,2026-09-23
3884.0,,003598,华商润丰灵活配置混合A,-0.05068867904721508,ret_12m,main,115.9,full,1.0,2026-09-23
3885.0,,001798,泰康新回报灵活配置混合A,-0.05071920721484913,ret_12m,main,132.0,full,1.0,2026-09-23
3886.0,,006366,兴业安保优选混合A,-0.05107022603628264,ret_12m,main,93.5,full,1.0,2026-09-23
3887.0,,024935,华夏臻选回报混合C,-0.051083054824891616,ret_12m,main,13.4,short,1.0,2026-09-23
3888.0,,020491,万家医药量化选股混合发起式A,-0.05125630177000484,ret_12m,main,32.4,short,1.0,2026-09-23
3889.0,,519113,浦银精致生活混合A,-0.051292677154454736,ret_12m,main,207.6,full,1.0,2026-09-23
3890.0,,257010,国联安小盘精选混合,-0.051342321486781195,ret_12m,main,269.4,full,1.0,2026-09-23
3891.0,,519193,万家消费成长,-0.05139400595864663,ret_12m,main,115.0,full,1.0,2026-09-23
3892.0,,000120,中银美丽中国混合A,-0.05161406677966551,ret_12m,main,159.5,full,1.0,2026-09-23
3893.0,,002594,工银现代服务业混合A,-0.05162280606015823,ret_12m,main,118.9,full,1.0,2026-09-23
3894.0,,014114,广发沪港深医药混合A,-0.05168923385648194,ret_12m,main,56.8,full,1.0,2026-09-23
3895.0,,012588,南方港股通优势企业混合A,-0.05192247593599608,ret_12m,main,62.1,full,1.0,2026-09-23
3896.0,,011777,易方达稳健增长混合A,-0.051936425208886305,ret_12m,main,64.9,full,1.0,2026-09-23
3897.0,,015100,华泰柏瑞低碳经济智选混合A,-0.05215072518998154,ret_12m,main,49.7,full,1.0,2026-09-23
3898.0,,004680,前海开源裕瑞混合A,-0.052168370367359995,ret_12m,main,108.6,full,1.0,2026-09-23
3899.0,,001861,富安达健康人生混合A,-0.05230926408135195,ret_12m,main,129.9,full,1.0,2026-09-23
3900.0,,006780,广发稳健策略混合A,-0.052364806174654444,ret_12m,main,90.6,full,1.0,2026-09-23
3901.0,,012640,鹏华稳健鸿利一年持有期混合A,-0.05239187089842601,ret_12m,main,60.9,full,1.0,2026-09-23
3902.0,,002190,农银新能源主题A,-0.0526416867504963,ret_12m,main,125.8,full,1.0,2026-09-23
3903.0,,013853,大成匠心卓越三年持有混合A,-0.05264384828990709,ret_12m,main,51.5,full,1.0,2026-09-23
3904.0,,450002,国富弹性市值混合A,-0.052673421375722285,ret_12m,main,243.3,full,1.0,2026-09-23
3905.0,,010947,中欧嘉选混合A,-0.05267531487983779,ret_12m,main,66.5,full,1.0,2026-09-23
3906.0,,001579,国泰大农业股票A,-0.05278253242334241,ret_12m,main,111.3,full,1.0,2026-09-23
3907.0,,005543,银华心诚灵活配置混合A,-0.05291358809335822,ret_12m,main,102.4,full,1.0,2026-09-23
3908.0,,373010,摩根双息平衡混合A,-0.05310908114880508,ret_12m,main,244.9,full,1.0,2026-09-23
3909.0,,013824,汇丰晋信慧悦混合,-0.05358289869965693,ret_12m,main,54.7,full,1.0,2026-09-23
3910.0,,014725,广发成长动力三年持有混合A,-0.05364964707921638,ret_12m,main,49.9,full,1.0,2026-09-23
3911.0,,001604,浙商汇金转型升级A,-0.053806022485578975,ret_12m,main,127.6,full,1.0,2026-09-23
3912.0,,013771,中加龙头精选混合A,-0.0539817422591129,ret_12m,main,55.4,full,1.0,2026-09-23
3913.0,,020645,南方智弘混合A,-0.05402268510637054,ret_12m,main,25.7,short,1.0,2026-09-23
3914.0,,010225,东方红启航三年持有混合B,-0.054072960506947876,ret_12m,main,70.8,full,1.0,2026-09-23
3915.0,,015510,平安价值领航混合A,-0.054183052633001716,ret_12m,main,46.0,full,1.0,2026-09-23
3916.0,,163805,中银动态策略混合A,-0.05443836730114571,ret_12m,main,221.7,full,1.0,2026-09-23
3917.0,,011911,华夏消费优选混合A,-0.05465328726100249,ret_12m,main,64.1,full,1.0,2026-09-23
3918.0,,009368,浦银价值精选混合A,-0.05465981836906397,ret_12m,main,74.1,full,1.0,2026-09-23
3919.0,,163001,长信医疗保健混合(LOF)A,-0.054706687799149,ret_12m,main,197.9,full,1.0,2026-09-23
3920.0,,160918,大成中小盘混合(LOF)A,-0.05481708069791624,ret_12m,main,149.4,full,1.0,2026-09-23
3921.0,,011536,惠升惠益混合A,-0.055019102529961006,ret_12m,main,64.0,full,1.0,2026-09-23
3922.0,,002919,东吴智慧医疗量化混合A,-0.0550767894793468,ret_12m,main,121.4,full,1.0,2026-09-23
3923.0,,004040,金鹰医疗健康产业A,-0.0550828875907845,ret_12m,main,109.7,full,1.0,2026-09-23
3924.0,,019328,国泰金盛回报混合A,-0.055314592034723,ret_12m,main,31.7,short,1.0,2026-09-23
3925.0,,560003,益民创新优势混合A,-0.055447450332626325,ret_12m,main,230.4,full,1.0,2026-09-23
3926.0,,005680,财通资管价值成长混合A,-0.05574529496232061,ret_12m,main,90.0,full,1.0,2026-09-23
3927.0,,002340,富国价值优势混合A,-0.05576974770186849,ret_12m,main,125.5,full,1.0,2026-09-23
3928.0,,021204,华夏医药量化选股混合A,-0.05614846857062972,ret_12m,main,24.8,short,1.0,2026-09-23
3929.0,,019392,嘉实匠心严选混合A,-0.05620688967234566,ret_12m,main,31.5,short,1.0,2026-09-23
3930.0,,012008,易方达稳健回报混合A,-0.0564927899913612,ret_12m,main,63.8,full,1.0,2026-09-23
3931.0,,019960,富国远见价值混合A,-0.056871610126135286,ret_12m,main,27.9,short,1.0,2026-09-23
3932.0,,013934,长江红利回报混合发起式A,-0.057029112387638636,ret_12m,main,58.4,full,1.0,2026-09-23
3933.0,,016067,鹏华新能源汽车混合A,-0.057241259269293576,ret_12m,main,49.9,full,1.0,2026-09-23
3934.0,,000423,前海开源事件驱动混合A,-0.05739552050967356,ret_12m,main,153.1,full,1.0,2026-09-23
3935.0,,001857,易方达现代服务业混合,-0.05753887296670701,ret_12m,main,106.0,full,1.0,2026-09-23
3936.0,,024454,景顺长城成长同行混合,-0.05761415049220253,ret_12m,main,14.9,short,0.9605,2026-09-23
3937.0,,003165,鹏华弘嘉混合A,-0.057763428271969786,ret_12m,main,121.1,full,1.0,2026-09-23
3938.0,,016274,华泰保兴鑫成优选混合A,-0.057983135807794906,ret_12m,main,46.5,full,1.0,2026-09-23
3939.0,,008260,长城价值优选混合A,-0.058391678038019146,ret_12m,main,78.2,full,1.0,2026-09-23
3940.0,,018377,融通远见价值一年持有期混合A,-0.05858291706471308,ret_12m,main,38.2,full,1.0,2026-09-23
3941.0,,016945,中泰ESG主题6个月持有混合发起,-0.058614536279040785,ret_12m,main,32.0,short,1.0,2026-09-23
3942.0,,006138,国联安价值优选股票,-0.05882299282132186,ret_12m,main,96.1,full,1.0,2026-09-23
3943.0,,012748,华泰柏瑞远见智选混合A,-0.05886916333975023,ret_12m,main,61.9,full,1.0,2026-09-23
3944.0,,000628,大成高鑫股票A,-0.05890840649834728,ret_12m,main,139.6,full,1.0,2026-09-23
3945.0,,519139,海富通沪港深混合A,-0.05905336899675562,ret_12m,main,118.4,full,1.0,2026-09-23
3946.0,,008227,宝盈研究精选混合A,-0.059299848822554124,ret_12m,main,81.0,full,1.0,2026-09-23
3947.0,,009057,博时科技创新混合A,-0.05957531764572377,ret_12m,main,77.3,full,1.0,2026-09-23
3948.0,,003238,新华外延增长主题灵活配置混合,-0.05967539579950121,ret_12m,main,114.7,full,1.0,2026-09-23
3949.0,,014313,鹏华创新增长一年持有期混合A,-0.05978958078278851,ret_12m,main,51.1,full,1.0,2026-09-23
3950.0,,002573,建信汇利灵活配置混合,-0.059821435787026256,ret_12m,main,124.8,full,1.0,2026-09-23
3951.0,,007853,华商计算机行业量化股票发起式A,-0.05984256475287353,ret_12m,main,82.8,full,1.0,2026-09-23
3952.0,,011336,兴全汇吉一年持有混合A,-0.059958836219485945,ret_12m,main,67.4,full,1.0,2026-09-23
3953.0,,570006,诺德中小盘混合,-0.06004104817969813,ret_12m,main,194.9,full,1.0,2026-09-23
3954.0,,017261,大成成长领航一年持有混合A,-0.06012490638561707,ret_12m,main,28.6,short,1.0,2026-09-23
3955.0,,021985,财通资管先进制造混合发起式A,-0.06026191096557776,ret_12m,main,23.3,short,1.0,2026-09-23
3956.0,,015102,东方红ESG可持续投资混合A,-0.06038520430315253,ret_12m,main,54.7,full,1.0,2026-09-23
3957.0,,009880,安信成长动力一年持有混合,-0.060681865042436,ret_12m,main,73.3,full,1.0,2026-09-23
3958.0,,163503,天治核心成长混合(LOF),-0.060698433630104964,ret_12m,main,248.1,full,1.0,2026-09-23
3959.0,,018130,博时ESG量化选股混合A,-0.06082978681934792,ret_12m,main,41.8,full,1.0,2026-09-23
3960.0,,002989,融通通乾研究精选灵活配置混合A,-0.06093087056679369,ret_12m,main,120.7,full,1.0,2026-09-23
3961.0,,011570,鹏华鑫远价值一年持有期混合A,-0.06111195820448456,ret_12m,main,64.3,full,1.0,2026-09-23
3962.0,,019054,富国价值成长混合A,-0.061179940697725366,ret_12m,main,35.2,short,1.0,2026-09-23
3963.0,,011349,淳厚现代服务业股票A,-0.06129443876772944,ret_12m,main,61.0,full,1.0,2026-09-23
3964.0,,012812,国富鑫颐收益混合A,-0.061296053680589435,ret_12m,main,54.7,full,1.0,2026-09-23
3965.0,,011738,华安兴安优选一年持有混合A,-0.06133964909422207,ret_12m,main,63.5,full,1.0,2026-09-23
3966.0,,018204,金信优质成长混合A,-0.06159661928531468,ret_12m,main,41.4,full,1.0,2026-09-23
3967.0,,008681,鹏华价值成长混合,-0.06163751990516875,ret_12m,main,79.4,full,1.0,2026-09-23
3968.0,,010551,淳厚欣颐一年持有期混合,-0.06193064094235545,ret_12m,main,69.0,full,1.0,2026-09-23
3969.0,,012930,中庚价值先锋股票,-0.06197969036043505,ret_12m,main,61.1,full,1.0,2026-09-23
3970.0,,001717,工银前沿医疗股票A,-0.06210164129470608,ret_12m,main,127.6,full,1.0,2026-09-23
3971.0,,017881,工银精选回报混合A,-0.06234871245898921,ret_12m,main,35.9,short,1.0,2026-09-23
3972.0,,018184,万家先进制造混合发起式A,-0.06261541781962743,ret_12m,main,41.8,full,1.0,2026-09-23
3973.0,,009878,平安低碳经济混合A,-0.0626768577714244,ret_12m,main,73.4,full,1.0,2026-09-23
3974.0,,012366,摩根安荣回报混合A,-0.06287052201286991,ret_12m,main,62.6,full,1.0,2026-09-23
3975.0,,005519,银华混改红利灵活配置混合发起式A,-0.06293050866132788,ret_12m,main,100.1,full,1.0,2026-09-23
3976.0,,000772,景顺长城中国回报混合A,-0.06304044914958418,ret_12m,main,142.6,full,1.0,2026-09-23
3977.0,,012434,银华多元回报一年持有期混合,-0.06316629676858376,ret_12m,main,62.3,full,1.0,2026-09-23
3978.0,,011694,华泰紫金信息科技主题6个月持有混合发起A,-0.06322051505233828,ret_12m,main,65.1,full,1.0,2026-09-23
3979.0,,021699,汇添富远见成长混合发起式A,-0.06332635356308314,ret_12m,main,23.5,short,1.0,2026-09-23
3980.0,,519678,银河消费混合A,-0.06334182295033486,ret_12m,main,181.8,full,1.0,2026-09-23
3981.0,,008871,大成睿裕六月持有股票A,-0.06335808062906567,ret_12m,main,75.6,full,1.0,2026-09-23
3982.0,,001651,工银新蓝筹股票A,-0.06394924529846446,ret_12m,main,133.6,full,1.0,2026-09-23
3983.0,,002054,中银新财富混合A,-0.06399712906628974,ret_12m,main,130.1,full,1.0,2026-09-23
3984.0,,016174,汇丰晋信策略优选混合A,-0.06409416321168582,ret_12m,main,48.3,full,1.0,2026-09-23
3985.0,,025022,浦银医疗创新混合A,-0.06411262104216409,ret_12m,main,13.1,short,1.0,2026-09-23
3986.0,,210002,金鹰红利价值混合A,-0.06418729468504702,ret_12m,main,213.6,full,1.0,2026-09-23
3987.0,,000778,鹏华先进制造股票,-0.06419005169316216,ret_12m,main,142.6,full,1.0,2026-09-23
3988.0,,023939,泉果研究精选混合A,-0.06425822824323635,ret_12m,main,16.6,short,1.0,2026-09-23
3989.0,,001236,博时丝路主题股票A,-0.06442651004759758,ret_12m,main,136.1,full,1.0,2026-09-23
3990.0,,020001,国泰金鹰增长混合,-0.0644596990532047,ret_12m,main,292.5,full,1.0,2026-09-23
3991.0,,162212,宏利红利先锋混合A,-0.0646603998643891,ret_12m,main,201.7,full,1.0,2026-09-23
3992.0,,010469,圆信永丰聚优股票A,-0.0647717068804261,ret_12m,main,65.2,full,1.0,2026-09-23
3993.0,,011078,诺德品质消费6个月持有混合,-0.06481283901843127,ret_12m,main,67.4,full,1.0,2026-09-23
3994.0,,017114,浦银景气优选混合A,-0.06557268959471785,ret_12m,main,39.3,full,1.0,2026-09-23
3995.0,,015559,长江启航混合发起式A,-0.06600295494873787,ret_12m,main,51.4,full,1.0,2026-09-23
3996.0,,024806,华夏稳健回报混合A,-0.06613406341055117,ret_12m,main,14.1,short,1.0,2026-09-23
3997.0,,004341,农银尖端科技混合,-0.06616191344362576,ret_12m,main,113.8,full,1.0,2026-09-23
3998.0,,014466,工银行业优选混合A,-0.06619880723537452,ret_12m,main,50.7,full,1.0,2026-09-23
3999.0,,168102,九泰锐富事件驱动混合发起式(LOF)A,-0.06633433167717617,ret_12m,main,127.6,full,1.0,2026-09-23
4000.0,,270050,广发新经济混合A,-0.06653857645212191,ret_12m,main,163.5,full,1.0,2026-09-23
4001.0,,710001,富安达优势成长混合A,-0.06673186411469534,ret_12m,main,180.1,full,1.0,2026-09-23
4002.0,,688888,浙商聚潮产业成长混合A,-0.06692313450156373,ret_12m,main,184.2,full,1.0,2026-09-23
4003.0,,160127,南方新兴消费增长股票(LOF)A,-0.06732921945397596,ret_12m,main,174.4,full,1.0,2026-09-23
4004.0,,166801,浙商聚潮新思维混合A,-0.06747231758151162,ret_12m,main,174.5,full,1.0,2026-09-23
4005.0,,018364,银华医疗健康混合A,-0.06814149657217006,ret_12m,main,36.6,full,1.0,2026-09-23
4006.0,,005520,国投瑞银创新医疗混合A,-0.06818970805854108,ret_12m,main,101.9,full,1.0,2026-09-23
4007.0,,001030,天弘云端生活优选混合A,-0.06824204486626462,ret_12m,main,138.3,full,1.0,2026-09-23
4008.0,,013678,富国信享回报12个月持有混合A,-0.06838085855748388,ret_12m,main,58.9,full,1.0,2026-09-23
4009.0,,003984,嘉实新能源新材料股票A,-0.0684910129284001,ret_12m,main,114.3,full,1.0,2026-09-23
4010.0,,013757,泰信均衡价值混合A,-0.06857519852503746,ret_12m,main,57.0,full,1.0,2026-09-23
4011.0,,013991,中欧港股通精选一年持有混合A,-0.06868428441791219,ret_12m,main,57.5,full,1.0,2026-09-23
4012.0,,003834,华夏能源革新股票A,-0.06869384929584477,ret_12m,main,111.5,full,1.0,2026-09-23
4013.0,,010112,广发研究精选股票A,-0.06897732975901061,ret_12m,main,70.6,full,1.0,2026-09-23
4014.0,,001352,民生加银新战略混合A,-0.069040010514963,ret_12m,main,134.9,full,1.0,2026-09-23
4015.0,,019783,华安健康主题混合A,-0.06984702032532453,ret_12m,main,32.0,short,1.0,2026-09-23
4016.0,,019913,华夏瑞益混合A1,-0.06992737043003239,ret_12m,main,33.6,short,1.0,2026-09-23
4017.0,,014420,中欧成长领航一年持有混合A,-0.06996713971583879,ret_12m,main,56.3,full,1.0,2026-09-23
4018.0,,005197,工银沪港深精选混合A,-0.07054031219877321,ret_12m,main,106.4,full,1.0,2026-09-23
4019.0,,010887,南方消费升级混合A,-0.07110219606544754,ret_12m,main,68.3,full,1.0,2026-09-23
4020.0,,018551,宏利医药健康混合发起A,-0.0717808020338282,ret_12m,main,32.9,short,1.0,2026-09-23
4021.0,,009330,鹏华成长价值混合A,-0.07191737614837057,ret_12m,main,76.2,full,1.0,2026-09-23
4022.0,,673040,西部利得行业主题优选混合A,-0.07199075112868791,ret_12m,main,126.4,full,1.0,2026-09-23
4023.0,,011162,博时港股通领先趋势混合A,-0.07210662639422893,ret_12m,main,67.4,full,1.0,2026-09-23
4024.0,,017702,鹏扬均衡成长混合A,-0.07220661932537975,ret_12m,main,38.9,full,1.0,2026-09-23
4025.0,,011058,景顺长城成长龙头一年持有混合A,-0.07222169538373313,ret_12m,main,67.5,full,1.0,2026-09-23
4026.0,,001955,中欧养老产业混合A,-0.07226105618351364,ret_12m,main,124.4,full,1.0,2026-09-23
4027.0,,162607,景顺长城资源垄断混合(LOF)A,-0.07239683583315015,ret_12m,main,247.9,full,1.0,2026-09-23
4028.0,,020493,富达悦享红利优选混合A,-0.07240405532068639,ret_12m,main,28.8,short,1.0,2026-09-23
4029.0,,016297,中欧丰泰港股通混合A,-0.07256063784357825,ret_12m,main,48.3,full,1.0,2026-09-23
4030.0,,019008,东方红远见领航混合发起A,-0.07264311699717896,ret_12m,main,34.2,short,1.0,2026-09-23
4031.0,,010161,广发瑞安精选股票A,-0.07264762070261743,ret_12m,main,69.2,full,1.0,2026-09-23
4032.0,,014522,汇添富低碳投资一年持有混合A,-0.07266527340083351,ret_12m,main,54.9,full,1.0,2026-09-23
4033.0,,020816,湘财红利量化选股混合A,-0.07282199355579655,ret_12m,main,29.8,short,1.0,2026-09-23
4034.0,,010714,东方红远见价值混合A,-0.07284375726516412,ret_12m,main,65.4,full,1.0,2026-09-23
4035.0,,011201,财通优势行业轮动混合A,-0.0731213010558015,ret_12m,main,67.4,full,1.0,2026-09-23
4036.0,,001229,德邦福鑫灵活配置混合A,-0.07319738181501678,ret_12m,main,136.9,full,1.0,2026-09-23
4037.0,,011206,创金合信竞争优势混合A,-0.07321376222635312,ret_12m,main,67.9,full,1.0,2026-09-23
4038.0,,519651,银河转型混合A,-0.07343765857024642,ret_12m,main,136.4,full,1.0,2026-09-23
4039.0,,019624,泉果嘉源三年持有期混合A,-0.07359473643185821,ret_12m,main,33.6,short,1.0,2026-09-23
4040.0,,007533,格林创新成长混合A,-0.07362342868480198,ret_12m,main,84.7,full,1.0,2026-09-23
4041.0,,014708,天弘臻选健康混合A,-0.07374935205758526,ret_12m,main,54.2,full,1.0,2026-09-23
4042.0,,003513,中邮消费升级灵活配置混合A,-0.0742522168813543,ret_12m,main,117.3,full,1.0,2026-09-23
4043.0,,009864,招商景气优选股票A,-0.0745429782026874,ret_12m,main,70.1,full,1.0,2026-09-23
4044.0,,017600,华夏行业甄选混合A,-0.07461492512997947,ret_12m,main,41.9,full,1.0,2026-09-23
4045.0,,008786,长城健康生活混合A,-0.07461606606737858,ret_12m,main,73.3,full,1.0,2026-09-23
4046.0,,400015,东方新能源汽车混合,-0.07482916426175268,ret_12m,main,176.9,full,1.0,2026-09-23
4047.0,,019334,大成红利汇聚混合A,-0.07486375758115893,ret_12m,main,32.0,short,1.0,2026-09-23
4048.0,,014040,民生加银金融优选混合A,-0.07503943511579847,ret_12m,main,49.7,full,1.0,2026-09-23
4049.0,,004895,华商鑫安灵活混合,-0.07507962501368237,ret_12m,main,108.6,full,1.0,2026-09-23
4050.0,,014376,东吴新能源汽车股票A,-0.07536098726823537,ret_12m,main,55.9,full,1.0,2026-09-23
4051.0,,260103,景顺长城动力平衡混合,-0.07549817274637993,ret_12m,main,275.0,full,1.0,2026-09-23
4052.0,,004211,金鹰周期优选混合A,-0.07569930493803634,ret_12m,main,103.8,full,1.0,2026-09-23
4053.0,,010740,汇安核心价值混合A,-0.0758762380454302,ret_12m,main,66.3,full,1.0,2026-09-23
4054.0,,168103,九泰锐益混合(LOF)A,-0.07590493881791915,ret_12m,main,121.4,full,1.0,2026-09-23
4055.0,,009147,建信新能源行业股票A,-0.07595505790664381,ret_12m,main,75.2,full,1.0,2026-09-23
4056.0,,015285,国投瑞银产业转型一年持有混合A,-0.07600258131465609,ret_12m,main,50.1,full,1.0,2026-09-23
4057.0,,007880,朱雀产业智选混合A,-0.076113621579325,ret_12m,main,81.7,full,1.0,2026-09-23
4058.0,,012143,新沃内需增长混合A,-0.07625746104296127,ret_12m,main,60.5,full,1.0,2026-09-23
4059.0,,009124,华泰保兴科荣混合A,-0.07632276081801004,ret_12m,main,76.4,full,1.0,2026-09-23
4060.0,,012260,广发睿明优质企业混合A,-0.07655234053422688,ret_12m,main,61.8,full,1.0,2026-09-23
4061.0,,000634,富国天盛灵活配置基金,-0.07663642044704277,ret_12m,main,148.5,full,1.0,2026-09-23
4062.0,,017048,富安达产业优选混合A,-0.07667699187914379,ret_12m,main,42.8,full,1.0,2026-09-23
4063.0,,006385,华泰保兴研究智选A,-0.07696719608816027,ret_12m,main,94.2,full,1.0,2026-09-23
4064.0,,008359,华安医疗创新混合A,-0.07702643162181522,ret_12m,main,77.3,full,1.0,2026-09-23
4065.0,,020022,国泰策略价值灵活配置混合,-0.07710842170342092,ret_12m,main,185.2,full,1.0,2026-09-23
4066.0,,398001,中海优质成长混合,-0.0771655799346721,ret_12m,main,263.8,full,1.0,2026-09-23
4067.0,,015026,鹏华增华混合A,-0.07725969139112299,ret_12m,main,49.2,full,1.0,2026-09-23
4068.0,,005911,广发双擎升级混合A,-0.07732561418337824,ret_12m,main,94.7,full,1.0,2026-09-23
4069.0,,021015,长江旭日混合A,-0.07741111842713722,ret_12m,main,26.0,short,1.0,2026-09-23
4070.0,,011037,富国长期成长混合A,-0.07771155895201232,ret_12m,main,62.6,full,1.0,2026-09-23
4071.0,,011479,广发诚享混合A,-0.07771726358799758,ret_12m,main,67.4,full,1.0,2026-09-23
4072.0,,001473,建信大安全战略精选股票,-0.07779640652464137,ret_12m,main,133.8,full,1.0,2026-09-23
4073.0,,012888,工银兴瑞一年持有期混合A,-0.07784390161043742,ret_12m,main,60.3,full,1.0,2026-09-23
4074.0,,257040,国联安红利混合,-0.07796245065448659,ret_12m,main,215.0,full,1.0,2026-09-23
4075.0,,001209,前海开源一带一路混合A,-0.07796965797296984,ret_12m,main,136.8,full,1.0,2026-09-23
4076.0,,010178,大成企业能力驱动混合A,-0.07821225348674776,ret_12m,main,68.1,full,1.0,2026-09-23
4077.0,,530003,建信优选成长混合A,-0.0782418105741961,ret_12m,main,240.5,full,1.0,2026-09-23
4078.0,,004263,华安沪港深机会灵活配置混合,-0.07835713387137189,ret_12m,main,112.5,full,1.0,2026-09-23
4079.0,,001801,汇添富达欣混合A,-0.07852979579787456,ret_12m,main,129.7,full,1.0,2026-09-23
4080.0,,007381,国融融信消费严选混合A,-0.07922841416322846,ret_12m,main,87.2,full,1.0,2026-09-23
4081.0,,014999,华泰保兴吉年盈混合A,-0.07973401900483801,ret_12m,main,54.2,full,1.0,2026-09-23
4082.0,,009362,招商丰盈积极配置混合A,-0.07976477609682009,ret_12m,main,73.8,full,1.0,2026-09-23
4083.0,,007481,华夏逸享健康混合A,-0.07979239304171126,ret_12m,main,82.6,full,1.0,2026-09-23
4084.0,,012045,大成医药健康股票A,-0.0800558410605382,ret_12m,main,60.2,full,1.0,2026-09-23
4085.0,,013395,华夏新能源车龙头混合发起式A,-0.08026940930305027,ret_12m,main,60.3,full,1.0,2026-09-23
4086.0,,004871,中银金融地产混合A,-0.08053752634473366,ret_12m,main,107.8,full,1.0,2026-09-23
4087.0,,010549,富国均衡策略混合,-0.08062073182299534,ret_12m,main,70.0,full,1.0,2026-09-23
4088.0,,022879,汇泉均衡智选混合A,-0.08077758476795216,ret_12m,main,17.8,short,1.0,2026-09-23
4089.0,,011184,东方阿尔法招阳混合A,-0.08088480024611788,ret_12m,main,66.2,full,1.0,2026-09-23
4090.0,,519664,银河美丽混合A,-0.08109216044377576,ret_12m,main,147.8,full,1.0,2026-09-23
4091.0,,007354,创金合信港股通量化股票A,-0.08121699859135634,ret_12m,main,68.4,full,1.0,2026-09-23
4092.0,,005707,富国港股通量化精选股票A,-0.08142850068136964,ret_12m,main,99.8,full,1.0,2026-09-23
4093.0,,005176,富国精准医疗混合A,-0.0814886743289851,ret_12m,main,106.2,full,1.0,2026-09-23
4094.0,,690009,民生加银红利回报混合,-0.08158668337963682,ret_12m,main,169.5,full,1.0,2026-09-23
4095.0,,017740,鹏华睿见混合A,-0.08166023428881453,ret_12m,main,38.4,full,1.0,2026-09-23
4096.0,,016588,富国融甄混合A,-0.0817655731344592,ret_12m,main,47.9,full,1.0,2026-09-23
4097.0,,007287,合煦智远消费主题股票发起式A,-0.08187717625146973,ret_12m,main,86.7,full,1.0,2026-09-23
4098.0,,019949,中银价值发现混合发起A,-0.08236178140815742,ret_12m,main,25.1,short,1.0,2026-09-23
4099.0,,014214,光大核心资产混合A,-0.08246155832376911,ret_12m,main,53.8,full,1.0,2026-09-23
4100.0,,013956,华商医药消费精选混合A,-0.08278035254221261,ret_12m,main,57.2,full,1.0,2026-09-23
4101.0,,310328,申万菱信新动力混合A,-0.08291209646613484,ret_12m,main,250.4,full,1.0,2026-09-23
4102.0,,005583,易方达港股通红利混合A,-0.08298639448811951,ret_12m,main,102.6,full,1.0,2026-09-23
4103.0,,011328,景顺长城新能源产业股票A,-0.08305616995633502,ret_12m,main,67.0,full,1.0,2026-09-23
4104.0,,015780,大成ESG责任投资混合发起式A,-0.08344472499992117,ret_12m,main,51.0,full,1.0,2026-09-23
4105.0,,673071,西部利得新动力混合A,-0.08359608714360889,ret_12m,main,118.2,full,1.0,2026-09-23
4106.0,,217012,招商行业领先混合A,-0.08371400455881928,ret_12m,main,207.1,full,1.0,2026-09-23
4107.0,,012075,易方达稳健添利混合A,-0.0839378774618762,ret_12m,main,56.7,full,1.0,2026-09-23
4108.0,,004351,汇丰晋信珠三角区域发展混合,-0.084176463364391,ret_12m,main,111.7,full,1.0,2026-09-23
4109.0,,007306,华泰柏瑞基本面智选A,-0.08422499628508073,ret_12m,main,87.6,full,1.0,2026-09-23
4110.0,,004249,安信中国制造混合A,-0.08431566823439496,ret_12m,main,114.3,full,1.0,2026-09-23
4111.0,,014615,尚正正鑫混合发起A,-0.08437002706726937,ret_12m,main,54.5,full,1.0,2026-09-23
4112.0,,001457,华商新常态混合A,-0.08470973642055202,ret_12m,main,134.8,full,1.0,2026-09-23
4113.0,,011155,金鹰责任投资混合A,-0.08481497056134624,ret_12m,main,66.3,full,1.0,2026-09-23
4114.0,,019780,嘉实创新动力混合发起式A1,-0.08491368614305994,ret_12m,main,33.6,short,1.0,2026-09-23
4115.0,,000986,太平灵活配置,-0.0852926125426755,ret_12m,main,139.4,full,1.0,2026-09-23
4116.0,,006106,景顺长城量化港股通股票A,-0.08535476161589595,ret_12m,main,87.2,full,1.0,2026-09-23
4117.0,,001448,华商双翼平衡混合A,-0.08557228259107996,ret_12m,main,135.3,full,1.0,2026-09-23
4118.0,,016163,万家欣远混合A,-0.08574777105362663,ret_12m,main,47.8,full,1.0,2026-09-23
4119.0,,024467,鹏华共赢未来混合A,-0.08582628319494334,ret_12m,main,14.9,short,0.9644,2026-09-23
4120.0,,005368,富国清洁能源产业混合A,-0.08584885849702772,ret_12m,main,78.6,full,1.0,2026-09-23
4121.0,,019760,中信建投质选成长混合发起式A,-0.08632476388273436,ret_12m,main,33.7,short,1.0,2026-09-23
4122.0,,005706,兴业龙腾双益平衡混合,-0.0863818834907204,ret_12m,main,101.2,full,1.0,2026-09-23
4123.0,,019115,东财卓越成长A,-0.08641629794106576,ret_12m,main,32.9,short,1.0,2026-09-23
4124.0,,004266,招商沪港深科技创新混合A,-0.08648691519150475,ret_12m,main,112.9,full,1.0,2026-09-23
4125.0,,001127,中银宏观策略混合A,-0.0865963348743799,ret_12m,main,137.5,full,1.0,2026-09-23
4126.0,,011626,嘉实匠心回报混合A,-0.086726376015412,ret_12m,main,65.8,full,1.0,2026-09-23
4127.0,,002085,长盛互联网+混合A,-0.0867824018815605,ret_12m,main,128.9,full,1.0,2026-09-23
4128.0,,009649,嘉实精选平衡混合A,-0.08689967698636147,ret_12m,main,75.4,full,1.0,2026-09-23
4129.0,,006233,万家汽车新趋势混合A,-0.08696522686142227,ret_12m,main,83.0,full,1.0,2026-09-23
4130.0,,009898,民生加银医药健康股票A,-0.08760672978231832,ret_12m,main,72.8,full,1.0,2026-09-23
4131.0,,005400,万家潜力价值灵活配置混合A,-0.08763856993500241,ret_12m,main,103.3,full,1.0,2026-09-23
4132.0,,011903,南方领航优选混合A,-0.08766013347106372,ret_12m,main,58.0,full,1.0,2026-09-23
4133.0,,210009,金鹰核心资源混合A,-0.0878038934599844,ret_12m,main,172.0,full,1.0,2026-09-23
4134.0,,014746,贝莱德港股通远景视野混合A,-0.08786721675391906,ret_12m,main,56.0,full,1.0,2026-09-23
4135.0,,019987,万家红利量化选股混合发起式A,-0.08788143248760394,ret_12m,main,34.3,short,1.0,2026-09-23
4136.0,,008515,国富基本面优选混合A,-0.0879546058571532,ret_12m,main,79.3,full,1.0,2026-09-23
4137.0,,017977,信澳优享生活混合A,-0.08805882728677805,ret_12m,main,42.3,full,1.0,2026-09-23
4138.0,,004260,德邦稳盈增长灵活配置混合A,-0.08889420945551063,ret_12m,main,114.5,full,1.0,2026-09-23
4139.0,,001298,金鹰民族新兴混合A,-0.08889447094326686,ret_12m,main,135.7,full,1.0,2026-09-23
4140.0,,018052,鹏扬医疗健康混合A,-0.08913569019918699,ret_12m,main,34.8,short,1.0,2026-09-23
4141.0,,010654,天弘医药创新A,-0.0891416791888594,ret_12m,main,69.7,full,1.0,2026-09-23
4142.0,,530006,建信核心精选混合,-0.08929980036168506,ret_12m,main,213.9,full,1.0,2026-09-23
4143.0,,168301,东海祥龙(LOF)A,-0.08949530812485507,ret_12m,main,117.1,full,1.0,2026-09-23
4144.0,,001392,国富金融地产混合A,-0.08991331220124521,ret_12m,main,135.5,full,1.0,2026-09-23
4145.0,,014327,格林新兴产业混合A,-0.08996019469950678,ret_12m,main,54.5,full,1.0,2026-09-23
4146.0,,519772,交银新生活力灵活配置混合A,-0.09001062491329448,ret_12m,main,118.4,full,1.0,2026-09-23
4147.0,,017827,兴全欣越混合C,-0.0902105134726856,ret_12m,main,42.3,full,1.0,2026-09-23
4148.0,,009092,富国新材料新能源混合A,-0.09036303337396756,ret_12m,main,75.0,full,1.0,2026-09-23
4149.0,,006049,恒越研究精选混合A/B,-0.09037413377921244,ret_12m,main,98.7,full,1.0,2026-09-23
4150.0,,016064,建信智远先锋混合A,-0.09046557121056786,ret_12m,main,47.3,full,1.0,2026-09-23
4151.0,,018618,中信保诚远见成长混合A,-0.09049415815129425,ret_12m,main,38.9,full,1.0,2026-09-23
4152.0,,012526,广发盛锦混合A,-0.09068803848889861,ret_12m,main,60.8,full,1.0,2026-09-23
4153.0,,021455,农银红利甄选混合A,-0.09069363242002149,ret_12m,main,25.7,short,1.0,2026-09-23
4154.0,,002020,国都创新驱动,-0.09083551442660232,ret_12m,main,128.9,full,1.0,2026-09-23
4155.0,,009965,宝盈祥琪混合A,-0.09123179393240988,ret_12m,main,52.0,full,1.0,2026-09-23
4156.0,,002728,华富益鑫灵活配置混合A,-0.09129699707886563,ret_12m,main,120.5,full,1.0,2026-09-23
4157.0,,000251,工银金融地产混合A,-0.09159694969081278,ret_12m,main,156.9,full,1.0,2026-09-23
4158.0,,011856,安信均衡成长18个月持有混合A,-0.09162332074042534,ret_12m,main,65.1,full,1.0,2026-09-23
4159.0,,008412,长盛竞争优势A,-0.0918023105156911,ret_12m,main,74.0,full,1.0,2026-09-23
4160.0,,519779,交银沪港深价值精选混合,-0.09191438482428371,ret_12m,main,118.5,full,1.0,2026-09-23
4161.0,,018309,招商社会责任混合A,-0.0919391135844122,ret_12m,main,40.9,full,1.0,2026-09-23
4162.0,,002844,金鹰多元策略混合A,-0.09204763342941258,ret_12m,main,121.5,full,1.0,2026-09-23
4163.0,,530001,建信恒久价值混合,-0.0920790985606521,ret_12m,main,249.7,full,1.0,2026-09-23
4164.0,,160212,国泰估值优势混合(LOF)A,-0.09220507169999248,ret_12m,main,199.4,full,1.0,2026-09-23
4165.0,,006644,弘毅远方消费升级混合A,-0.09263841472125489,ret_12m,main,91.8,full,1.0,2026-09-23
4166.0,,007192,恒越研究精选混合C,-0.09264979020202546,ret_12m,main,89.5,full,1.0,2026-09-23
4167.0,,011312,东方红启瑞三年持有混合B,-0.09272672421757922,ret_12m,main,66.1,full,1.0,2026-09-23
4168.0,,014412,招商核心竞争力混合A,-0.09295999812703537,ret_12m,main,53.4,full,1.0,2026-09-23
4169.0,,008891,安信价值成长混合A,-0.09297029110890187,ret_12m,main,78.2,full,1.0,2026-09-23
4170.0,,017147,嘉实积极配置一年持有混合A,-0.09308188021479624,ret_12m,main,45.8,full,1.0,2026-09-23
4171.0,,002168,嘉实智能汽车股票,-0.09310929885850627,ret_12m,main,127.6,full,1.0,2026-09-23
4172.0,,005585,银河文体娱乐混合A,-0.09322097701144727,ret_12m,main,101.2,full,1.0,2026-09-23
4173.0,,233001,大摩基础行业混合,-0.09371673400634939,ret_12m,main,269.9,full,1.0,2026-09-23
4174.0,,018220,广发品质优选混合发起式A,-0.09373831391328535,ret_12m,main,26.9,short,1.0,2026-09-23
4175.0,,005596,建信战略精选灵活配置混合A,-0.09406012784837303,ret_12m,main,101.7,full,1.0,2026-09-23
4176.0,,001417,汇添富医疗服务灵活配置混合A,-0.09407294377381148,ret_12m,main,135.2,full,1.0,2026-09-23
4177.0,,007141,嘉合稳健增长混合A,-0.09426090319834846,ret_12m,main,73.6,full,1.0,2026-09-23
4178.0,,011635,富国港股通策略精选混合A,-0.09431322670738718,ret_12m,main,64.0,full,1.0,2026-09-23
4179.0,,016375,招商裕泰混合,-0.09468919943933796,ret_12m,main,45.2,full,1.0,2026-09-23
4180.0,,004851,广发医疗保健股票A,-0.09474991101835128,ret_12m,main,109.4,full,1.0,2026-09-23
4181.0,,200006,长城消费增值混合A,-0.0947838623320647,ret_12m,main,245.6,full,1.0,2026-09-23
4182.0,,163801,中银中国混合(LOF)A,-0.09514126353772923,ret_12m,main,260.6,full,1.0,2026-09-23
4183.0,,014840,招商裕华混合,-0.09584639182182575,ret_12m,main,55.4,full,1.0,2026-09-23
4184.0,,000532,景顺长城优势企业混合A,-0.0958726697666511,ret_12m,main,150.2,full,1.0,2026-09-23
4185.0,,005250,银华估值优势混合,-0.09617766909948644,ret_12m,main,106.6,full,1.0,2026-09-23
4186.0,,970067,兴证资管金麒麟消费升级混合A,-0.09621653271133468,ret_12m,main,60.7,full,1.0,2026-09-23
4187.0,,008958,嘉实回报精选股票,-0.0964107699427359,ret_12m,main,78.6,full,1.0,2026-09-23
4188.0,,009664,汇添富医疗积极成长一年持有混合A,-0.09661086958895515,ret_12m,main,73.1,full,1.0,2026-09-23
4189.0,,013049,兴业能源革新股票A,-0.09668614516687335,ret_12m,main,60.7,full,1.0,2026-09-23
4190.0,,011435,中欧研究精选混合A,-0.09675015997692349,ret_12m,main,66.0,full,1.0,2026-09-23
4191.0,,011588,前海开源成份精选混合,-0.0970445546447013,ret_12m,main,66.2,full,1.0,2026-09-23
4192.0,,012227,景顺长城港股通全球竞争力A,-0.09718993747584703,ret_12m,main,61.4,full,1.0,2026-09-23
4193.0,,017181,大成至诚鑫选混合A,-0.09728578763735041,ret_12m,main,39.4,full,1.0,2026-09-23
4194.0,,015139,泰康医疗健康股票发起A,-0.09733281530641091,ret_12m,main,54.5,full,1.0,2026-09-23
4195.0,,006123,国联高股息混合A,-0.09801256038169526,ret_12m,main,83.9,full,1.0,2026-09-23
4196.0,,005445,华宝价值发现混合A,-0.09817747378182362,ret_12m,main,104.0,full,1.0,2026-09-23
4197.0,,013072,泰信医疗服务混合发起式A,-0.09849047363390062,ret_12m,main,56.8,full,1.0,2026-09-23
4198.0,,016818,鹏华睿进一年持有期混合A,-0.09863952534618747,ret_12m,main,43.7,full,1.0,2026-09-23
4199.0,,005237,银华医疗健康量化优选A,-0.09865801385589479,ret_12m,main,106.4,full,1.0,2026-09-23
4200.0,,006568,国联安行业领先混合,-0.09900618026959296,ret_12m,main,93.3,full,1.0,2026-09-23
4201.0,,011333,鹏华品质优选混合A,-0.09903853362410353,ret_12m,main,67.4,full,1.0,2026-09-23
4202.0,,013334,鹏华价值远航6个月持有混合A,-0.0991749299621304,ret_12m,main,55.0,full,1.0,2026-09-23
4203.0,,001382,易方达国企改革混合,-0.09933113423028495,ret_12m,main,109.0,full,1.0,2026-09-23
4204.0,,005358,东方阿尔法精选混合A,-0.09961737825670536,ret_12m,main,103.5,full,1.0,2026-09-23
4205.0,,017991,华泰柏瑞致远混合A,-0.09989714609976486,ret_12m,main,40.0,full,1.0,2026-09-23
4206.0,,001294,新华战略新兴产业灵活配置混合,-0.1006605935531365,ret_12m,main,134.8,full,1.0,2026-09-23
4207.0,,000913,农银医疗保健股票,-0.10109369710956495,ret_12m,main,139.4,full,1.0,2026-09-23
4208.0,,001927,华夏消费升级灵活配置混合A,-0.10118604116843832,ret_12m,main,127.6,full,1.0,2026-09-23
4209.0,,009874,九泰久睿量化股票A,-0.10130524324136714,ret_12m,main,73.3,full,1.0,2026-09-23
4210.0,,015856,格林碳中和主题混合A,-0.10132448233225078,ret_12m,main,44.2,full,1.0,2026-09-23
4211.0,,952035,国泰海通君得诚混合,-0.10145197885997348,ret_12m,main,77.9,full,1.0,2026-09-23
4212.0,,015227,华夏创新研选混合A,-0.10195159079412941,ret_12m,main,49.0,full,1.0,2026-09-23
4213.0,,008293,农银汇理创新医疗混合,-0.10219039779383154,ret_12m,main,80.1,full,1.0,2026-09-23
4214.0,,006796,富国消费升级混合A,-0.10264818521186558,ret_12m,main,91.1,full,1.0,2026-09-23
4215.0,,000550,广发新动力混合A,-0.102862320713904,ret_12m,main,150.2,full,1.0,2026-09-23
4216.0,,001043,工银美丽城镇股票A,-0.10324030051523814,ret_12m,main,138.0,full,1.0,2026-09-23
4217.0,,011429,前海开源民裕进取,-0.10334159005113286,ret_12m,main,66.5,full,1.0,2026-09-23
4218.0,,010608,华泰柏瑞质量领先混合A,-0.1035259600094598,ret_12m,main,68.1,full,1.0,2026-09-23
4219.0,,011169,建信臻选混合,-0.10389721339116798,ret_12m,main,66.7,full,1.0,2026-09-23
4220.0,,012447,华夏互联网龙头混合A,-0.10394139288199933,ret_12m,main,62.1,full,1.0,2026-09-23
4221.0,,015127,长城产业成长混合A,-0.1039432619250995,ret_12m,main,51.1,full,1.0,2026-09-23
4222.0,,210005,金鹰主题优势混合,-0.10399706757149674,ret_12m,main,189.1,full,1.0,2026-09-23
4223.0,,006981,中金新医药股票A,-0.1041105955999696,ret_12m,main,88.3,full,1.0,2026-09-23
4224.0,,016075,华夏智造升级混合A,-0.104477983335304,ret_12m,main,46.2,full,1.0,2026-09-23
4225.0,,019777,鹏扬消费量化选股混合A,-0.10454269071209776,ret_12m,main,33.1,short,1.0,2026-09-23
4226.0,,003940,银华盛世精选灵活配置混合发起式A,-0.10491529979564673,ret_12m,main,117.0,full,1.0,2026-09-23
4227.0,,009007,兴全沪港深两年持有混合,-0.10512206782543787,ret_12m,main,76.1,full,1.0,2026-09-23
4228.0,,005612,嘉实核心优势股票发起式,-0.10531980166756583,ret_12m,main,103.7,full,1.0,2026-09-23
4229.0,,019575,太平科创精选混合发起式A,-0.10539736601716188,ret_12m,main,31.8,short,1.0,2026-09-23
4230.0,,012770,光大创新生活混合A,-0.10599373817932112,ret_12m,main,58.4,full,1.0,2026-09-23
4231.0,,005537,中航新起航灵活配置混合A,-0.1063013356149961,ret_12m,main,101.0,full,1.0,2026-09-23
4232.0,,002567,大成国家安全主题灵活配置混合A,-0.10635800550166752,ret_12m,main,124.6,full,1.0,2026-09-23
4233.0,,001940,农银现代农业加,-0.10638088121307698,ret_12m,main,127.8,full,1.0,2026-09-23
4234.0,,020004,中欧臻选成长混合发起A,-0.10639417264159445,ret_12m,main,34.2,short,1.0,2026-09-23
4235.0,,003581,前海联合国民健康混合A,-0.10640958974724701,ret_12m,main,116.8,full,1.0,2026-09-23
4236.0,,206007,鹏华消费优选混合,-0.10664692028992584,ret_12m,main,188.8,full,1.0,2026-09-23
4237.0,,519673,银河康乐股票A,-0.10669789351042125,ret_12m,main,142.2,full,1.0,2026-09-23
4238.0,,011282,华夏消费龙头混合A,-0.10675912454182923,ret_12m,main,67.6,full,1.0,2026-09-23
4239.0,,012234,华安聚弘精选混合A,-0.10680653601085432,ret_12m,main,60.9,full,1.0,2026-09-23
4240.0,,012437,德邦价值优选混合A,-0.1069794049321805,ret_12m,main,61.4,full,1.0,2026-09-23
4241.0,,009714,华安聚优精选混合,-0.10711778853295906,ret_12m,main,74.3,full,1.0,2026-09-23
4242.0,,519991,长信双利优选混合A,-0.10720503735077735,ret_12m,main,219.1,full,1.0,2026-09-23
4243.0,,020162,华安睿信优选混合A,-0.10723521972861816,ret_12m,main,32.2,short,1.0,2026-09-23
4244.0,,012079,信澳新能源精选混合A,-0.1074295626858286,ret_12m,main,64.0,full,1.0,2026-09-23
4245.0,,013461,鹏扬成长先锋混合A,-0.10833480221901826,ret_12m,main,58.7,full,1.0,2026-09-23
4246.0,,006266,永赢智能领先混合A,-0.10836431697389814,ret_12m,main,90.0,full,1.0,2026-09-23
4247.0,,010709,安信医药健康股票A,-0.10856607619574254,ret_12m,main,68.3,full,1.0,2026-09-23
4248.0,,013940,东吴医疗服务股票A,-0.10941819698813937,ret_12m,main,57.8,full,1.0,2026-09-23
4249.0,,001104,华安新丝路主题股票A,-0.10959754335775362,ret_12m,main,137.5,full,1.0,2026-09-23
4250.0,,011466,兴业医疗保健混合A,-0.10991495628551584,ret_12m,main,66.5,full,1.0,2026-09-23
4251.0,,015514,方正富邦鑫诚12个月持有混合A,-0.11023618286560755,ret_12m,main,48.1,full,1.0,2026-09-23
4252.0,,006689,方正富邦信泓混合A,-0.11043719184860068,ret_12m,main,85.9,full,1.0,2026-09-23
4253.0,,022597,富国红利质选混合A,-0.11080610251720135,ret_12m,main,17.0,short,1.0,2026-09-23
4254.0,,012225,嘉实优势精选混合A,-0.11115917835655909,ret_12m,main,62.8,full,1.0,2026-09-23
4255.0,,012284,光大健康优加混合A,-0.11117563617800408,ret_12m,main,61.6,full,1.0,2026-09-23
4256.0,,012067,嘉实蓝筹优势混合A,-0.11144516796577464,ret_12m,main,61.2,full,1.0,2026-09-23
4257.0,,000220,富国医疗保健行业混合A,-0.11166111798022471,ret_12m,main,157.5,full,1.0,2026-09-23
4258.0,,590002,中邮核心成长混合A,-0.11170193382887328,ret_12m,main,229.2,full,1.0,2026-09-23
4259.0,,008353,宏利消费量化混合A,-0.11196645079627332,ret_12m,main,80.1,full,1.0,2026-09-23
4260.0,,012178,银华富饶精选三年持有期混合,-0.11197998584863023,ret_12m,main,63.9,full,1.0,2026-09-23
4261.0,,001276,建信新经济灵活配置混合,-0.11201100837061795,ret_12m,main,136.0,full,1.0,2026-09-23
4262.0,,016551,诺德策略回报股票A,-0.11202380017773139,ret_12m,main,46.9,full,1.0,2026-09-23
4263.0,,021027,太平医疗创新混合发起式A,-0.11239008176401433,ret_12m,main,27.6,short,1.0,2026-09-23
4264.0,,004223,金信多策略精选混合A,-0.11290406196914404,ret_12m,main,111.5,full,1.0,2026-09-23
4265.0,,024824,招商医药精选混合发起式A,-0.11298987835710661,ret_12m,main,13.6,short,1.0,2026-09-23
4266.0,,002214,中海沪港深价值优选混合A,-0.11308243118685313,ret_12m,main,124.8,full,1.0,2026-09-23
4267.0,,003182,华富弘鑫混合A,-0.11333778692654017,ret_12m,main,117.8,full,1.0,2026-09-23
4268.0,,023674,德邦新兴产业混合发起式A,-0.11342447683339307,ret_12m,main,18.0,short,1.0,2026-09-23
4269.0,,008371,华安汇智精选两年持有混合,-0.1137600315144105,ret_12m,main,81.2,full,1.0,2026-09-23
4270.0,,017199,广发ESG责任投资混合A,-0.11384843584575732,ret_12m,main,44.1,full,1.0,2026-09-23
4271.0,,015537,红塔红土新能源主题精选股票A,-0.11393177499070228,ret_12m,main,47.9,full,1.0,2026-09-23
4272.0,,001972,前海开源沪港深智慧生活混合,-0.11414344548702449,ret_12m,main,127.9,full,1.0,2026-09-23
4273.0,,001583,安信新常态股票A,-0.11448271799981735,ret_12m,main,133.6,full,1.0,2026-09-23
4274.0,,040005,华安宏利混合A,-0.11498262535322157,ret_12m,main,240.6,full,1.0,2026-09-23
4275.0,,007893,平安估值精选混合A,-0.11527334191987848,ret_12m,main,77.0,full,1.0,2026-09-23
4276.0,,012244,广发金融地产精选股票A,-0.11557747610142555,ret_12m,main,62.8,full,1.0,2026-09-23
4277.0,,011431,宏利消费服务混合A,-0.11573280782114792,ret_12m,main,66.3,full,1.0,2026-09-23
4278.0,,007152,诺德策略精选,-0.11603636250626947,ret_12m,main,88.0,full,1.0,2026-09-23
4279.0,,012586,南方港股创新视野一年持有混合A,-0.11615495587608937,ret_12m,main,56.8,full,1.0,2026-09-23
4280.0,,005409,华泰柏瑞新兴产业混合A,-0.11617540792973646,ret_12m,main,104.2,full,1.0,2026-09-23
4281.0,,168104,九泰锐丰灵活配置混合(LOF)A,-0.11644861563533926,ret_12m,main,120.8,full,1.0,2026-09-23
4282.0,,011335,银河医药混合A,-0.11661526721404403,ret_12m,main,63.2,full,1.0,2026-09-23
4283.0,,014919,银华心选一年持有期混合A,-0.11705301663582068,ret_12m,main,55.0,full,1.0,2026-09-23
4284.0,,011704,东方阿尔法产业先锋混合A,-0.11709356458975784,ret_12m,main,62.1,full,1.0,2026-09-23
4285.0,,008861,西部利得港股通新机遇混合A,-0.11718063830841696,ret_12m,main,74.3,full,1.0,2026-09-23
4286.0,,011248,嘉实品质回报混合,-0.11748738479352006,ret_12m,main,67.6,full,1.0,2026-09-23
4287.0,,002662,前海开源沪港深大消费混合A,-0.1181399325023641,ret_12m,main,119.8,full,1.0,2026-09-23
4288.0,,010783,德邦沪港深龙头混合A,-0.1182373385388178,ret_12m,main,69.3,full,1.0,2026-09-23
4289.0,,010213,中欧互联网先锋混合A,-0.11856736766559195,ret_12m,main,71.4,full,1.0,2026-09-23
4290.0,,003378,泰康策略优选混合,-0.1190128728180736,ret_12m,main,117.8,full,1.0,2026-09-23
4291.0,,007177,浙商智能行业优选混合A,-0.11916331946038439,ret_12m,main,83.9,full,1.0,2026-09-23
4292.0,,270041,广发消费品精选混合A,-0.11950862089833414,ret_12m,main,171.4,full,1.0,2026-09-23
4293.0,,260104,景顺长城内需增长混合A,-0.1200990807341843,ret_12m,main,266.9,full,1.0,2026-09-23
4294.0,,012382,宏利新兴景气龙头混合A,-0.12012535988224238,ret_12m,main,58.9,full,1.0,2026-09-23
4295.0,,002332,汇丰晋信沪港深A,-0.12027852558272101,ret_12m,main,118.4,full,1.0,2026-09-23
4296.0,,000554,南方中国梦灵活配置混合A,-0.12040939482723778,ret_12m,main,147.5,full,1.0,2026-09-23
4297.0,,160627,鹏华策略优选灵活配置混合,-0.1209265330303626,ret_12m,main,146.7,full,1.0,2026-09-23
4298.0,,002945,大成盛世精选混合A,-0.12130480939134791,ret_12m,main,105.1,full,1.0,2026-09-23
4299.0,,021524,天弘匠心臻选混合发起A,-0.12145274530009276,ret_12m,main,26.6,short,1.0,2026-09-23
4300.0,,000124,华宝服务优选混合,-0.12146545545351572,ret_12m,main,158.9,full,1.0,2026-09-23
4301.0,,009138,嘉实瑞成两年持有期混合A,-0.12185440123818625,ret_12m,main,76.3,full,1.0,2026-09-23
4302.0,,010592,南方医药创新股票A,-0.12221231446158853,ret_12m,main,66.7,full,1.0,2026-09-23
4303.0,,021305,中欧品质精选混合A,-0.12255900153207666,ret_12m,main,27.2,short,1.0,2026-09-23
4304.0,,005354,富国沪港深行业精选混合A,-0.1227002620663813,ret_12m,main,105.4,full,1.0,2026-09-23
4305.0,,020331,红塔红土医药精选股票发起式A,-0.1227314617272447,ret_12m,main,29.7,short,1.0,2026-09-23
4306.0,,011136,广发盛兴混合A,-0.12348052485308114,ret_12m,main,67.6,full,1.0,2026-09-23
4307.0,,013559,招商均衡回报混合A,-0.12355322909937128,ret_12m,main,58.8,full,1.0,2026-09-23
4308.0,,005493,鑫元价值精选混合A,-0.12370744780989062,ret_12m,main,104.0,full,1.0,2026-09-23
4309.0,,005701,摩根香港精选港股通混合A,-0.12374711280342521,ret_12m,main,99.5,full,1.0,2026-09-23
4310.0,,006890,摩根领先优选混合A,-0.12378388451333011,ret_12m,main,90.2,full,1.0,2026-09-23
4311.0,,002132,广发鑫享灵活配置混合A,-0.12441257677091044,ret_12m,main,128.3,full,1.0,2026-09-23
4312.0,,015400,弘毅远方甄选混合A,-0.124492769440123,ret_12m,main,18.8,short,1.0,2026-09-23
4313.0,,010874,泰康品质生活混合A,-0.12455427992221713,ret_12m,main,68.8,full,1.0,2026-09-23
4314.0,,014141,大成新能源混合发起式A,-0.1248630347319134,ret_12m,main,57.0,full,1.0,2026-09-23
4315.0,,000339,长城医疗保健混合A,-0.1251418809568502,ret_12m,main,150.8,full,1.0,2026-09-23
4316.0,,011690,招商品质发现混合A,-0.12529066687588708,ret_12m,main,60.7,full,1.0,2026-09-23
4317.0,,002685,中欧丰泓沪港深混合A,-0.12545910193912413,ret_12m,main,118.5,full,1.0,2026-09-23
4318.0,,160142,南方优势产业(LOF),-0.12570691856151506,ret_12m,main,98.6,full,1.0,2026-09-23
4319.0,,022693,恒生前海港股通价值混合A,-0.1257451230678709,ret_12m,main,20.3,short,1.0,2026-09-23
4320.0,,017839,银华清洁能源产业混合A,-0.1263089745022321,ret_12m,main,39.6,full,1.0,2026-09-23
4321.0,,090011,大成核心双动力混合A,-0.12694633560370616,ret_12m,main,195.1,full,1.0,2026-09-23
4322.0,,011783,泓德睿源三年持有期混合,-0.12708756154072598,ret_12m,main,65.1,full,1.0,2026-09-23
4323.0,,007484,信澳核心科技混合A,-0.12734040218774167,ret_12m,main,85.3,full,1.0,2026-09-23
4324.0,,001901,前海开源沪港深隆鑫混合A,-0.1274560671820718,ret_12m,main,114.8,full,1.0,2026-09-23
4325.0,,005517,富国新趋势灵活配置混合A,-0.12760648644278072,ret_12m,main,102.4,full,1.0,2026-09-23
4326.0,,610004,信澳中小盘混合A,-0.1278838082252497,ret_12m,main,201.7,full,1.0,2026-09-23
4327.0,,070011,嘉实策略混合,-0.1278942967167137,ret_12m,main,237.4,full,1.0,2026-09-23
4328.0,,671010,西部利得策略优选混合A,-0.12804986939606522,ret_12m,main,187.9,full,1.0,2026-09-23
4329.0,,000780,鹏华医疗保健股票,-0.12820249661036376,ret_12m,main,144.0,full,1.0,2026-09-23
4330.0,,398021,中海能源策略混合,-0.12830500055605565,ret_12m,main,234.4,full,1.0,2026-09-23
4331.0,,009704,南方景气驱动混合A,-0.12830708619388553,ret_12m,main,73.6,full,1.0,2026-09-23
4332.0,,006218,富国生物医药科技混合A,-0.12849629102954252,ret_12m,main,90.4,full,1.0,2026-09-23
4333.0,,012126,宏利新能源股票A,-0.1287915674664657,ret_12m,main,63.9,full,1.0,2026-09-23
4334.0,,015915,永赢医药创新智选混合发起A,-0.12879729521514172,ret_12m,main,46.0,full,1.0,2026-09-23
4335.0,,017132,中银新能源产业股票A,-0.128919782222632,ret_12m,main,38.4,full,1.0,2026-09-23
4336.0,,012057,鹏华品质成长混合A,-0.12903384604784818,ret_12m,main,61.6,full,1.0,2026-09-23
4337.0,,001371,富国沪港深价值混合A,-0.13029493267940706,ret_12m,main,135.0,full,1.0,2026-09-23
4338.0,,012373,富国稳健恒盛12个月持有混合A,-0.13037094378223124,ret_12m,main,60.5,full,1.0,2026-09-23
4339.0,,000591,中银健康生活混合A,-0.13044675679350481,ret_12m,main,148.1,full,1.0,2026-09-23
4340.0,,017973,易方达港股通优质增长混合A,-0.13067997194220216,ret_12m,main,41.9,full,1.0,2026-09-23
4341.0,,010387,易方达医药生物股票A,-0.13089943975324425,ret_12m,main,70.6,full,1.0,2026-09-23
4342.0,,001726,汇添富新兴消费股票A,-0.13098331078423242,ret_12m,main,129.7,full,1.0,2026-09-23
4343.0,,010656,华商均衡30,-0.1316109008609725,ret_12m,main,48.1,full,1.0,2026-09-23
4344.0,,009014,泓德睿泽混合,-0.1320335465102257,ret_12m,main,78.7,full,1.0,2026-09-23
4345.0,,016386,永赢低碳环保智选混合发起A,-0.13214586879761425,ret_12m,main,47.2,full,1.0,2026-09-23
4346.0,,012981,华夏创新医药龙头混合A,-0.13226983816335436,ret_12m,main,59.4,full,1.0,2026-09-23
4347.0,,005847,富国沪港深业绩驱动混合型A,-0.13241456664548135,ret_12m,main,97.9,full,1.0,2026-09-23
4348.0,,002604,华夏新起点混合A,-0.13275151128313645,ret_12m,main,122.8,full,1.0,2026-09-23
4349.0,,006072,民生加银创新成长混合A,-0.13294394619380034,ret_12m,main,92.9,full,1.0,2026-09-23
4350.0,,010220,海富通消费核心混合A,-0.13319963859757677,ret_12m,main,70.6,full,1.0,2026-09-23
4351.0,,001320,工银丰盈回报灵活配置混合A,-0.13337419475744805,ret_12m,main,136.1,full,1.0,2026-09-23
4352.0,,013550,汇添富品牌价值一年持有混合A,-0.13353947529182464,ret_12m,main,57.1,full,1.0,2026-09-23
4353.0,,021830,国寿安保农业产业股票发起式A,-0.13361819513807138,ret_12m,main,26.3,short,1.0,2026-09-23
4354.0,,000878,中海医药健康产业精选混合A,-0.13363168461473995,ret_12m,main,141.2,full,1.0,2026-09-23
4355.0,,206013,鹏华宏观灵活配置混合,-0.13421726410519064,ret_12m,main,171.3,full,1.0,2026-09-23
4356.0,,009619,博时女性消费主题混合A,-0.13434715940731623,ret_12m,main,74.8,full,1.0,2026-09-23
4357.0,,023173,兴华景成混合A,-0.13445974159875118,ret_12m,main,14.5,short,1.0,2026-09-23
4358.0,,020265,长城产业优选混合A,-0.13470947541588996,ret_12m,main,26.0,short,1.0,2026-09-23
4359.0,,004099,前海开源沪港深景气行业精选混合,-0.1347423118340526,ret_12m,main,112.5,full,1.0,2026-09-23
4360.0,,011868,中信建投远见回报混合A,-0.1347686536056355,ret_12m,main,61.4,full,1.0,2026-09-23
4361.0,,168501,华银产业升级,-0.13493441011653962,ret_12m,main,111.0,full,1.0,2026-09-23
4362.0,,009896,广发港股通成长精选股票A,-0.13511559622840508,ret_12m,main,72.4,full,1.0,2026-09-23
4363.0,,016725,农银品质农业股票A,-0.13523060104920048,ret_12m,main,46.0,full,1.0,2026-09-23
4364.0,,015289,格林高股息优选混合A,-0.135254281173385,ret_12m,main,46.3,full,1.0,2026-09-23
4365.0,,011643,嘉实时代先锋三年持有混合A,-0.1352770865199755,ret_12m,main,61.9,full,1.0,2026-09-23
4366.0,,017648,信澳聚优智选混合A,-0.13546610786267044,ret_12m,main,44.1,full,1.0,2026-09-23
4367.0,,000727,融通健康产业灵活配置混合A/B,-0.1356701830288789,ret_12m,main,140.9,full,1.0,2026-09-23
4368.0,,008445,融通产业趋势先锋股票,-0.13588895848001759,ret_12m,main,75.7,full,1.0,2026-09-23
4369.0,,002938,中银证券健康产业混合,-0.1361963833266886,ret_12m,main,120.5,full,1.0,2026-09-23
4370.0,,399011,中海医疗保健主题股票A,-0.1362025911620275,ret_12m,main,174.6,full,1.0,2026-09-23
4371.0,,007713,华富科技动能混合A,-0.1367233165458962,ret_12m,main,82.6,full,1.0,2026-09-23
4372.0,,019342,富国价值发现混合A,-0.1367362892267956,ret_12m,main,31.5,short,1.0,2026-09-23
4373.0,,020057,银河高端装备混合发起式A,-0.1370095953447792,ret_12m,main,33.6,short,1.0,2026-09-23
4374.0,,009098,景顺长城价值领航两年持有,-0.13701784561282793,ret_12m,main,78.0,full,1.0,2026-09-23
4375.0,,011455,长城竞争优势六个月混合A,-0.13703921770549143,ret_12m,main,62.4,full,1.0,2026-09-23
4376.0,,009240,泰康蓝筹优势一年持有股票,-0.13711410419975956,ret_12m,main,73.3,full,1.0,2026-09-23
4377.0,,020071,太平先进制造混合发起式A,-0.13727271674249575,ret_12m,main,28.9,short,1.0,2026-09-23
4378.0,,005489,中金衡优灵活配置混合A,-0.13727967880001457,ret_12m,main,99.5,full,1.0,2026-09-23
4379.0,,010969,华夏安阳6个月持有期混合A,-0.13754638025568855,ret_12m,main,65.8,full,1.0,2026-09-23
4380.0,,006692,金信消费升级股票A,-0.1379484907996401,ret_12m,main,91.7,full,1.0,2026-09-23
4381.0,,002259,鹏华健康环保混合,-0.13805389899512222,ret_12m,main,128.1,full,1.0,2026-09-23
4382.0,,020444,华西研究精选混合发起A,-0.13821126044814447,ret_12m,main,32.9,short,1.0,2026-09-23
4383.0,,009274,融通健康产业灵活配置混合C,-0.13998201028832646,ret_12m,main,77.3,full,1.0,2026-09-23
4384.0,,003298,嘉实物流产业股票A,-0.1401031977079611,ret_12m,main,116.8,full,1.0,2026-09-23
4385.0,,000974,安信消费医药股票A,-0.14045506894864435,ret_12m,main,138.2,full,1.0,2026-09-23
4386.0,,004905,华泰柏瑞生物医药混合A,-0.1406351361674275,ret_12m,main,109.2,full,1.0,2026-09-23
4387.0,,012389,信澳品质回报6个月持有混合,-0.14146755806601874,ret_12m,main,61.0,full,1.0,2026-09-23
4388.0,,240020,华宝医药生物混合A,-0.14198519285332667,ret_12m,main,174.8,full,1.0,2026-09-23
4389.0,,005269,华泰柏瑞港股通量化混合A,-0.14215839663483898,ret_12m,main,105.1,full,1.0,2026-09-23
4390.0,,000854,鹏华养老产业股票,-0.14247715797929317,ret_12m,main,141.7,full,1.0,2026-09-23
4391.0,,750005,安信平稳增长混合发起A,-0.1432500977814959,ret_12m,main,165.2,full,1.0,2026-09-23
4392.0,,022521,中欧农业产业混合发起A,-0.14348593028391798,ret_12m,main,21.2,short,1.0,2026-09-23
4393.0,,002802,广发成长智选混合A,-0.1436769746810871,ret_12m,main,105.4,full,1.0,2026-09-23
4394.0,,213006,宝盈核心优势混合A,-0.14402054058805214,ret_12m,main,210.2,full,1.0,2026-09-23
4395.0,,001915,宝盈医疗健康沪港深股票A,-0.14432279571708984,ret_12m,main,129.7,full,1.0,2026-09-23
4396.0,,010094,交银产业机遇混合,-0.14499805418562173,ret_12m,main,72.0,full,1.0,2026-09-23
4397.0,,017931,富达传承6个月股票A,-0.14556319444847277,ret_12m,main,40.9,full,1.0,2026-09-23
4398.0,,610005,信澳红利回报混合A,-0.14573137825946336,ret_12m,main,193.9,full,1.0,2026-09-23
4399.0,,001706,诺安积极回报混合A,-0.14587186648139994,ret_12m,main,120.0,full,1.0,2026-09-23
4400.0,,007548,易方达ESG责任投资股票,-0.14599277683895429,ret_12m,main,84.7,full,1.0,2026-09-23
4401.0,,010562,永赢成长领航混合A,-0.14623058647745035,ret_12m,main,69.7,full,1.0,2026-09-23
4402.0,,016475,大成新兴活力混合A,-0.14685673939938582,ret_12m,main,41.0,full,1.0,2026-09-23
4403.0,,008131,景顺长城竞争优势混合,-0.14700536165274902,ret_12m,main,73.6,full,1.0,2026-09-23
4404.0,,018242,万家颐德一年持有期混合A,-0.14732367331727558,ret_12m,main,40.6,full,1.0,2026-09-23
4405.0,,005505,前海开源中药股票A,-0.1474215168825893,ret_12m,main,102.1,full,1.0,2026-09-23
4406.0,,024802,华夏臻选价值成长混合A,-0.14849799092980953,ret_12m,main,14.1,short,1.0,2026-09-23
4407.0,,002683,民生加银前沿科技灵活配置混合,-0.14854750937757222,ret_12m,main,117.7,full,1.0,2026-09-23
4408.0,,001252,中海进取收益混合,-0.14863106387866742,ret_12m,main,136.4,full,1.0,2026-09-23
4409.0,,019143,东财景气驱动A,-0.14874436846267425,ret_12m,main,32.0,short,1.0,2026-09-23
4410.0,,008174,国泰蓝筹精选混合A,-0.1488251267558287,ret_12m,main,78.9,full,1.0,2026-09-23
4411.0,,000511,国泰国策驱动灵活配置混合A,-0.14897536438548242,ret_12m,main,151.2,full,1.0,2026-09-23
4412.0,,002304,平安安心灵活配置混合A,-0.14899516332168472,ret_12m,main,128.3,full,1.0,2026-09-23
4413.0,,008985,东方红启东三年持有混合,-0.14901987350202417,ret_12m,main,78.3,full,1.0,2026-09-23
4414.0,,001278,前海开源清洁能源混合A,-0.14953509885379368,ret_12m,main,135.3,full,1.0,2026-09-23
4415.0,,024044,东方红港股通价值优选混合发起A,-0.15009516980670612,ret_12m,main,15.2,short,1.0,2026-09-23
4416.0,,018818,鑫元数字经济混合发起式A,-0.1502982662693152,ret_12m,main,38.0,full,1.0,2026-09-23
4417.0,,021489,中航趋势领航混合发起A,-0.1508833640276196,ret_12m,main,27.2,short,1.0,2026-09-23
4418.0,,009909,嘉实动力先锋混合A,-0.15101657378332023,ret_12m,main,70.0,full,1.0,2026-09-23
4419.0,,015052,东方红医疗升级股票发起A,-0.151294322025324,ret_12m,main,53.8,full,1.0,2026-09-23
4420.0,,008712,景顺长城品质成长混合A,-0.15183016980794273,ret_12m,main,80.7,full,1.0,2026-09-23
4421.0,,019435,易米鑫选品质混合A,-0.15212632131524262,ret_12m,main,29.9,short,1.0,2026-09-23
4422.0,,009017,银华港股通精选股票发起式A,-0.15269883789803962,ret_12m,main,77.7,full,1.0,2026-09-23
4423.0,,005106,银华农业产业股票发起式A,-0.15305112686654898,ret_12m,main,107.8,full,1.0,2026-09-23
4424.0,,519020,国泰金泰灵活配置混合A,-0.15325452279109375,ret_12m,main,163.7,full,1.0,2026-09-23
4425.0,,001179,德邦大健康灵活配置混合A,-0.15366026716531067,ret_12m,main,136.8,full,1.0,2026-09-23
4426.0,,019916,富国医药创新股票A,-0.15373362345412556,ret_12m,main,30.4,short,1.0,2026-09-23
4427.0,,015570,创金合信医药优选3个月持有混合A,-0.15398992997963756,ret_12m,main,48.8,full,1.0,2026-09-23
4428.0,,022286,长城医药产业精选混合发起式A,-0.1542136807976665,ret_12m,main,23.0,short,1.0,2026-09-23
4429.0,,011314,农银创新成长混合,-0.1546570687103752,ret_12m,main,57.5,full,1.0,2026-09-23
4430.0,,010595,广发成长精选混合A,-0.15467301502292008,ret_12m,main,68.1,full,1.0,2026-09-23
4431.0,,014560,东方汽车产业趋势混合A,-0.15467619645054875,ret_12m,main,55.4,full,1.0,2026-09-23
4432.0,,001628,招商体育文化休闲股票A,-0.15501555672422418,ret_12m,main,133.2,full,1.0,2026-09-23
4433.0,,010447,中邮未来成长混合A,-0.1552447871944288,ret_12m,main,65.5,full,1.0,2026-09-23
4434.0,,350008,天治新消费混合,-0.1553593925012957,ret_12m,main,181.7,full,1.0,2026-09-23
4435.0,,001765,前海开源嘉鑫混合A,-0.15569965688468712,ret_12m,main,116.9,full,1.0,2026-09-23
4436.0,,014244,鹏扬竞争力先锋一年持有混合A,-0.15609789633762028,ret_12m,main,57.1,full,1.0,2026-09-23
4437.0,,014987,华安产业趋势混合A,-0.15625333326801882,ret_12m,main,49.7,full,1.0,2026-09-23
4438.0,,016166,万家颐远均衡一年持有混合发起A,-0.1566365915558975,ret_12m,main,48.8,full,1.0,2026-09-23
4439.0,,014220,恒越医疗健康精选混合A,-0.15664465777437897,ret_12m,main,55.9,full,1.0,2026-09-23
4440.0,,166011,中欧盛世成长混合(LOF)A,-0.15686393027567347,ret_12m,main,173.8,full,1.0,2026-09-23
4441.0,,022852,中航优选领航混合发起A,-0.15687442233011084,ret_12m,main,21.0,short,1.0,2026-09-23
4442.0,,019705,鹏扬消费主题混合发起式A,-0.15702012913596874,ret_12m,main,32.9,short,1.0,2026-09-23
4443.0,,011589,九泰天利量化A,-0.15715122298282025,ret_12m,main,59.4,full,1.0,2026-09-23
4444.0,,013004,国泰价值领航股票A,-0.15717865218431837,ret_12m,main,60.5,full,1.0,2026-09-23
4445.0,,010914,长盛成长精选混合A,-0.15723423996703412,ret_12m,main,66.1,full,1.0,2026-09-23
4446.0,,014859,大成慧心优选一年持有混合A,-0.15801831463179983,ret_12m,main,44.2,full,1.0,2026-09-23
4447.0,,011923,大成消费精选股票A,-0.15804292390681252,ret_12m,main,64.0,full,1.0,2026-09-23
4448.0,,001864,中海魅力长三角混合,-0.15823544130052103,ret_12m,main,125.8,full,1.0,2026-09-23
4449.0,,007959,方正富邦天恒混合A,-0.1585319822826704,ret_12m,main,84.1,full,1.0,2026-09-23
4450.0,,010409,富国消费精选30股票A,-0.1585941062218753,ret_12m,main,70.6,full,1.0,2026-09-23
4451.0,,000083,汇添富消费行业混合,-0.15915814136174666,ret_12m,main,160.7,full,1.0,2026-09-23
4452.0,,011403,融通鑫新成长混合A,-0.15922061939674081,ret_12m,main,59.5,full,1.0,2026-09-23
4453.0,,014157,国泰海通创新医药混合发起A,-0.15924905845834125,ret_12m,main,57.0,full,1.0,2026-09-23
4454.0,,024598,兴业医疗创新混合发起式A,-0.1592805606618266,ret_12m,main,14.8,short,0.9526,2026-09-23
4455.0,,023393,宝盈创新医疗混合发起式A,-0.15929438885204383,ret_12m,main,15.6,short,1.0,2026-09-23
4456.0,,005296,南华丰淳混合A,-0.1594541389602061,ret_12m,main,104.9,full,1.0,2026-09-23
4457.0,,009958,长安鑫悦消费混合A,-0.1596689893924751,ret_12m,main,72.1,full,1.0,2026-09-23
4458.0,,008060,景顺长城价值边际灵活配置混合A,-0.16007019171811254,ret_12m,main,72.7,full,1.0,2026-09-23
4459.0,,011273,泰信景气驱动12个月持有混合A,-0.16012564987997713,ret_12m,main,65.5,full,1.0,2026-09-23
4460.0,,012344,嘉实领先优势混合A,-0.16020185360784933,ret_12m,main,63.5,full,1.0,2026-09-23
4461.0,,260109,景顺长城内需增长贰号混合A,-0.16034439622893593,ret_12m,main,239.4,full,1.0,2026-09-23
4462.0,,350002,天治低碳经济混合,-0.16044046760754538,ret_12m,main,260.3,full,1.0,2026-09-23
4463.0,,519710,交银策略回报灵活配置混合,-0.16046196121629108,ret_12m,main,171.1,full,1.0,2026-09-23
4464.0,,009414,中银大健康股票A,-0.1604689864033425,ret_12m,main,75.9,full,1.0,2026-09-23
4465.0,,010554,华安新兴消费混合A,-0.16095357704446012,ret_12m,main,69.4,full,1.0,2026-09-23
4466.0,,166019,中欧价值智选混合A,-0.1614653266544851,ret_12m,main,160.3,full,1.0,2026-09-23
4467.0,,020848,尚正正泰平衡配置混合发起A,-0.1616133181823891,ret_12m,main,22.6,short,1.0,2026-09-23
4468.0,,001508,富国新动力灵活配置混合A,-0.16183487537594243,ret_12m,main,133.7,full,1.0,2026-09-23
4469.0,,006603,嘉实互融精选股票A,-0.1618934296108765,ret_12m,main,90.8,full,1.0,2026-09-23
4470.0,,011722,前海开源深圳特区精选股票A,-0.16238840745461358,ret_12m,main,64.6,full,1.0,2026-09-23
4471.0,,013490,同泰金融精选股票A,-0.16242653581613808,ret_12m,main,57.8,full,1.0,2026-09-23
4472.0,,011830,富国天恒混合A,-0.1625533016759011,ret_12m,main,56.0,full,1.0,2026-09-23
4473.0,,011340,博时战略新材料主题混合A,-0.16262693352428526,ret_12m,main,67.6,full,1.0,2026-09-23
4474.0,,005599,汇安量化优选灵活配置A,-0.16300408519397058,ret_12m,main,97.9,full,1.0,2026-09-23
4475.0,,007163,浦银环保新能源A,-0.16303245194779026,ret_12m,main,86.5,full,1.0,2026-09-23
4476.0,,018975,中信建投消费升级混合发起式A,-0.16318645199232296,ret_12m,main,35.9,short,1.0,2026-09-23
4477.0,,009877,中银内核驱动股票A,-0.16327079712512027,ret_12m,main,73.2,full,1.0,2026-09-23
4478.0,,240001,华宝宝康消费品,-0.1633063005032963,ret_12m,main,278.3,full,1.0,2026-09-23
4479.0,,519690,交银稳健配置混合,-0.16388505831132294,ret_12m,main,243.3,full,1.0,2026-09-23
4480.0,,003230,创金合信医疗保健股票A,-0.1639184399852721,ret_12m,main,120.8,full,1.0,2026-09-23
4481.0,,001230,鹏华医药科技股票A,-0.16420711030575952,ret_12m,main,135.7,full,1.0,2026-09-23
4482.0,,014408,创金合信兴选产业趋势混合A,-0.1644023770403613,ret_12m,main,49.7,full,1.0,2026-09-23
4483.0,,007084,天治转型升级混合,-0.16448027001648524,ret_12m,main,88.1,full,1.0,2026-09-23
4484.0,,005541,前海开源盛鑫混合A,-0.16482813391618634,ret_12m,main,101.7,full,1.0,2026-09-23
4485.0,,350009,天治研究驱动混合A,-0.1656938211584722,ret_12m,main,176.9,full,1.0,2026-09-23
4486.0,,012848,大成悦享生活混合A,-0.16601622704468832,ret_12m,main,57.4,full,1.0,2026-09-23
4487.0,,018930,湘财均衡甄选混合A,-0.16661755105739884,ret_12m,main,36.1,full,1.0,2026-09-23
4488.0,,011994,国联安核心优势混合A,-0.1667994321935906,ret_12m,main,61.2,full,1.0,2026-09-23
4489.0,,010815,农银新兴消费股票,-0.16696832557180674,ret_12m,main,66.7,full,1.0,2026-09-23
4490.0,,001983,中邮低碳配置混合,-0.16716712565684222,ret_12m,main,124.8,full,1.0,2026-09-23
4491.0,,001714,工银文体产业股票A,-0.16721153745585826,ret_12m,main,128.8,full,1.0,2026-09-23
4492.0,,017721,华夏汽车产业混合A,-0.16768199073276202,ret_12m,main,43.2,full,1.0,2026-09-23
4493.0,,015553,融通价值成长混合A,-0.16778477586948926,ret_12m,main,50.2,full,1.0,2026-09-23
4494.0,,014765,中欧碳中和混合发起A,-0.16804078898266706,ret_12m,main,54.7,full,1.0,2026-09-23
4495.0,,002378,建信弘利灵活配置混合A,-0.16905223511312184,ret_12m,main,127.6,full,1.0,2026-09-23
4496.0,,010108,景顺长城核心招景混合A,-0.16910330160035414,ret_12m,main,68.5,full,1.0,2026-09-23
4497.0,,015004,中邮能源革新混合型发起A,-0.1694986594682707,ret_12m,main,54.5,full,1.0,2026-09-23
4498.0,,016313,富国研究精选灵活配置混合C,-0.16966418157698304,ret_12m,main,49.0,full,1.0,2026-09-23
4499.0,,013175,海富通碳中和混合A,-0.1697482382421368,ret_12m,main,60.0,full,1.0,2026-09-23
4500.0,,011315,永赢港股通优质成长一年混合,-0.16978306960881073,ret_12m,main,64.3,full,1.0,2026-09-23
4501.0,,008303,宝盈龙头优选股票A,-0.17002417070866793,ret_12m,main,78.0,full,1.0,2026-09-23
4502.0,,002547,民生加银养老服务混合,-0.17027336815281435,ret_12m,main,119.1,full,1.0,2026-09-23
4503.0,,010552,浙商智选领航三年持有混合A,-0.17036753704191,ret_12m,main,68.3,full,1.0,2026-09-23
4504.0,,001675,江信同福A,-0.17103894442517908,ret_12m,main,132.9,full,1.0,2026-09-23
4505.0,,000117,广发轮动配置混合,-0.1712298973897609,ret_12m,main,159.9,full,1.0,2026-09-23
4506.0,,006457,平安估值优势混合A,-0.17133967507179193,ret_12m,main,93.6,full,1.0,2026-09-23
4507.0,,010585,创金合信医药消费股票A,-0.17139195141365726,ret_12m,main,69.7,full,1.0,2026-09-23
4508.0,,004702,南方金融主题灵活配置混合A,-0.17162535375575283,ret_12m,main,109.7,full,1.0,2026-09-23
4509.0,,011847,易方达商业模式优选混合A,-0.1721266439135838,ret_12m,main,61.7,full,1.0,2026-09-23
4510.0,,018124,永赢先进制造智选混合发起A,-0.17263671247763734,ret_12m,main,40.7,full,1.0,2026-09-23
4511.0,,006252,永赢消费主题A,-0.17269885034752064,ret_12m,main,94.6,full,1.0,2026-09-23
4512.0,,020510,金鹰科技致远混合A,-0.17292652488810523,ret_12m,main,30.2,short,1.0,2026-09-23
4513.0,,008133,华安优质生活混合,-0.17335647015467448,ret_12m,main,78.9,full,1.0,2026-09-23
4514.0,,003655,信澳新财富混合A,-0.1735026457248714,ret_12m,main,118.4,full,1.0,2026-09-23
4515.0,,010795,民生价值发现一年持有混合A,-0.17402143568743333,ret_12m,main,66.6,full,1.0,2026-09-23
4516.0,,007718,中银创新医疗混合A,-0.17421278182116184,ret_12m,main,82.3,full,1.0,2026-09-23
4517.0,,009010,华夏兴阳一年持有混合,-0.17428498560430739,ret_12m,main,78.2,full,1.0,2026-09-23
4518.0,,008477,安信价值驱动三年持有混合,-0.17452489266812743,ret_12m,main,80.3,full,1.0,2026-09-23
4519.0,,004868,交银股息优化混合,-0.17494741941644076,ret_12m,main,108.9,full,1.0,2026-09-23
4520.0,,016454,诺安均衡优选一年持有混合A,-0.17509087987901506,ret_12m,main,48.1,full,1.0,2026-09-23
4521.0,,010196,易方达核心优势股票A,-0.17509503651362857,ret_12m,main,67.8,full,1.0,2026-09-23
4522.0,,003446,英大睿鑫A,-0.17514377911183465,ret_12m,main,118.0,full,1.0,2026-09-23
4523.0,,005226,山证资管改革精选混合A,-0.1752328234059407,ret_12m,main,104.3,full,1.0,2026-09-23
4524.0,,019587,兴业弘远回报混合发起式A,-0.17549997392422267,ret_12m,main,24.6,short,1.0,2026-09-23
4525.0,,012703,华夏核心成长混合A,-0.17622605113640322,ret_12m,main,57.7,full,1.0,2026-09-23
4526.0,,009875,天弘甄选食品饮料股票A,-0.17654316736615683,ret_12m,main,73.1,full,1.0,2026-09-23
4527.0,,006720,平安核心优势混合A,-0.17662277442272234,ret_12m,main,91.8,full,1.0,2026-09-23
4528.0,,005360,汇安资产轮动混合A,-0.1767313624127017,ret_12m,main,104.9,full,1.0,2026-09-23
4529.0,,020458,平安医药精选股票A,-0.1767346660193262,ret_12m,main,27.2,short,1.0,2026-09-23
4530.0,,024693,鑫元消费睿选混合发起式A,-0.17677199677227873,ret_12m,main,14.2,short,1.0,2026-09-23
4531.0,,012852,嘉实远见先锋一年持有期混合A,-0.17685721547041955,ret_12m,main,60.7,full,1.0,2026-09-23
4532.0,,012182,广发沪港深精选混合A,-0.177174148620189,ret_12m,main,58.2,full,1.0,2026-09-23
4533.0,,580007,东吴安享量化混合A,-0.17748950368674454,ret_12m,main,194.8,full,1.0,2026-09-23
4534.0,,540009,汇丰晋信消费红利股票,-0.17759996158222824,ret_12m,main,189.5,full,1.0,2026-09-23
4535.0,,009527,浙商汇金新兴消费混合,-0.17772162288856663,ret_12m,main,75.8,full,1.0,2026-09-23
4536.0,,010298,汇添富品牌驱动六个月持有混合,-0.17781673107077756,ret_12m,main,71.1,full,1.0,2026-09-23
4537.0,,009869,嘉实产业先锋混合A,-0.17830156673300823,ret_12m,main,74.1,full,1.0,2026-09-23
4538.0,,011503,建信智能生活混合,-0.17839414003321952,ret_12m,main,65.9,full,1.0,2026-09-23
4539.0,,162605,景顺长城鼎益混合(LOF)A,-0.17844039626225194,ret_12m,main,258.3,full,1.0,2026-09-23
4540.0,,024471,平安价值优享混合A,-0.17885252340157565,ret_12m,main,15.1,short,0.9763,2026-09-23
4541.0,,660012,农银消费主题混合A,-0.17917614563695827,ret_12m,main,173.0,full,1.0,2026-09-23
4542.0,,011173,银华心享一年持有期混合,-0.17980471696757006,ret_12m,main,66.7,full,1.0,2026-09-23
4543.0,,007750,广发优势增长股票A,-0.1798583330127207,ret_12m,main,81.0,full,1.0,2026-09-23
4544.0,,160322,华夏港股通精选股票发起式(LOF)A,-0.17992977080158845,ret_12m,main,118.4,full,1.0,2026-09-23
4545.0,,011164,富国兴远优选12个月持有混合A,-0.17995694770969883,ret_12m,main,66.7,full,1.0,2026-09-23
4546.0,,008075,招商核心优选股票A,-0.18029181703436825,ret_12m,main,81.2,full,1.0,2026-09-23
4547.0,,009778,长信消费升级混合A,-0.1808869957325554,ret_12m,main,70.6,full,1.0,2026-09-23
4548.0,,023955,国金安瑞平衡A,-0.18107327457929057,ret_12m,main,15.6,short,1.0,2026-09-23
4549.0,,018901,招商回报优选混合发起式A,-0.1816719757246379,ret_12m,main,30.2,short,1.0,2026-09-23
4550.0,,005004,交银品质升级混合A,-0.1818350137892163,ret_12m,main,103.5,full,1.0,2026-09-23
4551.0,,004794,富荣福鑫混合A,-0.18191270020044392,ret_12m,main,103.3,full,1.0,2026-09-23
4552.0,,000763,工银新财富灵活配置混合,-0.1821355407489068,ret_12m,main,144.1,full,1.0,2026-09-23
4553.0,,540007,汇丰晋信中小盘股票,-0.18222298161092843,ret_12m,main,201.4,full,1.0,2026-09-23
4554.0,,010429,中欧睿见混合A,-0.1826256658315324,ret_12m,main,70.5,full,1.0,2026-09-23
4555.0,,024647,中欧制造升级混合发起A,-0.18331651263518645,ret_12m,main,12.6,short,0.9842,2026-09-23
4556.0,,519714,交银消费新驱动股票,-0.1840681390955905,ret_12m,main,166.5,full,1.0,2026-09-23
4557.0,,010076,湘财长弘灵活配置混合A,-0.18409683078399575,ret_12m,main,72.0,full,1.0,2026-09-23
4558.0,,001900,诺安精选价值混合A,-0.18435246171740938,ret_12m,main,90.8,full,1.0,2026-09-23
4559.0,,011288,上银医疗健康混合A,-0.18440021963102182,ret_12m,main,65.8,full,1.0,2026-09-23
4560.0,,007861,金元顺安医疗健康混合A,-0.18458690720004933,ret_12m,main,61.8,full,1.0,2026-09-23
4561.0,,014107,博时品质生活混合A,-0.18473022440141484,ret_12m,main,57.0,full,1.0,2026-09-23
4562.0,,022446,前海开源周期精选混合A,-0.18473424720083154,ret_12m,main,20.0,short,1.0,2026-09-23
4563.0,,020593,华夏软件龙头混合发起式A,-0.1848511739229901,ret_12m,main,27.6,short,1.0,2026-09-23
4564.0,,004098,前海开源港股通股息率50强,-0.1849688686124199,ret_12m,main,112.5,full,1.0,2026-09-23
4565.0,,011893,易方达长期价值混合A,-0.1850298820953089,ret_12m,main,60.0,full,1.0,2026-09-23
4566.0,,260108,景顺长城新兴成长混合A,-0.18525550609315788,ret_12m,main,242.9,full,1.0,2026-09-23
4567.0,,004505,博时新兴消费主题混合A,-0.18527737142788625,ret_12m,main,111.6,full,1.0,2026-09-23
4568.0,,003032,平安医疗健康混合A,-0.18544351270609205,ret_12m,main,106.0,full,1.0,2026-09-23
4569.0,,007182,万家沪港深蓝筹混合A,-0.1856571559511545,ret_12m,main,58.7,full,1.0,2026-09-23
4570.0,,013009,万家港股通精选混合A,-0.18584994522716392,ret_12m,main,56.6,full,1.0,2026-09-23
4571.0,,011687,易方达龙头优选两年持有混合A,-0.18590216329425024,ret_12m,main,58.0,full,1.0,2026-09-23
4572.0,,001829,华银中国智造主题灵活配置,-0.1861048628731793,ret_12m,main,127.9,full,1.0,2026-09-23
4573.0,,006768,华安沪港深优选混合,-0.18642920328449608,ret_12m,main,90.0,full,1.0,2026-09-23
4574.0,,023566,德邦高端装备混合发起式A,-0.18674122568987317,ret_12m,main,18.3,short,1.0,2026-09-23
4575.0,,007523,汇添富内需增长股票A,-0.18682403743819642,ret_12m,main,85.8,full,1.0,2026-09-23
4576.0,,015663,易米开鑫价值优选混合A,-0.1871692544680863,ret_12m,main,49.7,full,1.0,2026-09-23
4577.0,,006759,银河乐活优萃混合A,-0.18719574552205154,ret_12m,main,87.4,full,1.0,2026-09-23
4578.0,,400032,东方主题精选混合,-0.18732356312691234,ret_12m,main,138.1,full,1.0,2026-09-23
4579.0,,004995,广发品牌消费股票发起式A,-0.18733587050778366,ret_12m,main,105.3,full,1.0,2026-09-23
4580.0,,010949,景顺长城研究驱动三年持有混合,-0.18801401227393655,ret_12m,main,53.6,full,1.0,2026-09-23
4581.0,,022690,华安医药生物股票发起式A,-0.18828032350134183,ret_12m,main,20.9,short,1.0,2026-09-23
4582.0,,011418,汇添富消费精选两年持有股票A,-0.18844237368851502,ret_12m,main,64.4,full,1.0,2026-09-23
4583.0,,004942,格林伯元灵活配置A,-0.18845918885738744,ret_12m,main,103.5,full,1.0,2026-09-23
4584.0,,017041,富国碳中和混合A,-0.1885372411224231,ret_12m,main,42.9,full,1.0,2026-09-23
4585.0,,012308,国泰价值远见混合A,-0.18891172635533304,ret_12m,main,60.5,full,1.0,2026-09-23
4586.0,,019952,平安价值远见混合A,-0.18902324493393607,ret_12m,main,31.5,short,1.0,2026-09-23
4587.0,,019457,平安先进制造主题股票发起A,-0.19026836883303366,ret_12m,main,35.0,short,1.0,2026-09-23
4588.0,,162203,宏利稳定混合,-0.19042592037678663,ret_12m,main,281.0,full,1.0,2026-09-23
4589.0,,019620,汇安行业优选混合A,-0.19049473571278486,ret_12m,main,26.0,short,1.0,2026-09-23
4590.0,,006675,宝盈品牌消费股票A,-0.1908750135615488,ret_12m,main,87.6,full,1.0,2026-09-23
4591.0,,010341,招商产业精选股票A,-0.1909812370012265,ret_12m,main,69.2,full,1.0,2026-09-23
4592.0,,024159,大成港股通机遇混合A,-0.19106785527770664,ret_12m,main,16.1,short,1.0,2026-09-23
4593.0,,161729,招商瑞利灵活配置混合(LOF)A,-0.19117389065637036,ret_12m,main,86.2,full,1.0,2026-09-23
4594.0,,024632,中欧消费精选混合发起A,-0.1913089109135263,ret_12m,main,14.6,short,1.0,2026-09-23
4595.0,,007811,淳厚信泽混合A,-0.19151822045288447,ret_12m,main,85.1,full,1.0,2026-09-23
4596.0,,000991,工银战略转型股票A,-0.1916546415553153,ret_12m,main,139.2,full,1.0,2026-09-23
4597.0,,000551,中信保诚幸福消费混合A,-0.1917419715636962,ret_12m,main,148.8,full,1.0,2026-09-23
4598.0,,016530,鹏华碳中和主题混合A,-0.1925294675622723,ret_12m,main,40.6,full,1.0,2026-09-23
4599.0,,007412,景顺长城绩优成长混合A,-0.19258995936276257,ret_12m,main,86.7,full,1.0,2026-09-23
4600.0,,012556,长盛景气优选混合,-0.19320924783021498,ret_12m,main,57.5,full,1.0,2026-09-23
4601.0,,501071,泓德丰泽混合(LOF)A,-0.19335107504606697,ret_12m,main,89.9,full,1.0,2026-09-23
4602.0,,015343,长安优势行业混合A,-0.19388211237685338,ret_12m,main,48.7,full,1.0,2026-09-23
4603.0,,001837,前海开源沪港深蓝筹精选混合A,-0.19416588206900187,ret_12m,main,129.5,full,1.0,2026-09-23
4604.0,,004456,兴银消费新趋势灵活配置A,-0.19450124392325496,ret_12m,main,111.3,full,1.0,2026-09-23
4605.0,,004812,中欧先进制造股票A,-0.19578863758210596,ret_12m,main,104.1,full,1.0,2026-09-23
4606.0,,005642,鹏扬景升A,-0.19591975770119185,ret_12m,main,101.7,full,1.0,2026-09-23
4607.0,,016384,永赢消费鑫选6个月持有混合A,-0.1959913461797521,ret_12m,main,45.7,full,1.0,2026-09-23
4608.0,,010204,中银港股通优势成长股票,-0.1964238660213573,ret_12m,main,67.4,full,1.0,2026-09-23
4609.0,,010801,长江量化消费精选股票A,-0.1970861585952004,ret_12m,main,67.8,full,1.0,2026-09-23
4610.0,,001186,富国文体健康股票A,-0.19740130003866352,ret_12m,main,136.6,full,1.0,2026-09-23
4611.0,,013270,前海开源聚利一年持有混合A,-0.19767778892255328,ret_12m,main,58.9,full,1.0,2026-09-23
4612.0,,003634,嘉实农业产业股票A,-0.19791048022571556,ret_12m,main,117.5,full,1.0,2026-09-23
4613.0,,016287,大成消费机遇混合A,-0.19820506808549554,ret_12m,main,46.2,full,1.0,2026-09-23
4614.0,,013132,创金合信文娱媒体股票发起A,-0.19867181273118228,ret_12m,main,61.4,full,1.0,2026-09-23
4615.0,,009507,国金鑫意医药消费A,-0.19894805925317138,ret_12m,main,74.8,full,1.0,2026-09-23
4616.0,,006113,汇添富创新医药混合A,-0.1992627405132793,ret_12m,main,97.5,full,1.0,2026-09-23
4617.0,,001878,嘉实沪港深精选股票,-0.19954331332805209,ret_12m,main,123.9,full,1.0,2026-09-23
4618.0,,000794,宝盈睿丰创新混合A/B,-0.20007165307586683,ret_12m,main,143.9,full,1.0,2026-09-23
4619.0,,217021,招商优势企业混合A,-0.20011892780855622,ret_12m,main,175.7,full,1.0,2026-09-23
4620.0,,001874,前海开源沪港深价值精选混合,-0.20056686388885792,ret_12m,main,118.1,full,1.0,2026-09-23
4621.0,,006231,国融融君混合A,-0.20062406684029388,ret_12m,main,96.4,full,1.0,2026-09-23
4622.0,,016073,创金合信软件产业股票发起A,-0.20080938495859113,ret_12m,main,47.8,full,1.0,2026-09-23
4623.0,,005504,汇添富沪港深大盘价值混合A,-0.20124158426084282,ret_12m,main,103.3,full,1.0,2026-09-23
4624.0,,023623,前海开源港股通价值领航混合A,-0.20134179667084995,ret_12m,main,13.6,short,0.9723,2026-09-23
4625.0,,007110,国投瑞银港股通混合A,-0.2016515797144086,ret_12m,main,78.4,full,1.0,2026-09-23
4626.0,,519001,银华价值优选混合,-0.2017677432478433,ret_12m,main,251.9,full,1.0,2026-09-23
4627.0,,010110,广发医药健康混合A,-0.2019297943854378,ret_12m,main,71.1,full,1.0,2026-09-23
4628.0,,011651,招商港股通核心精选股票A,-0.20203178659808707,ret_12m,main,66.0,full,1.0,2026-09-23
4629.0,,012523,国联高质量成长混合A,-0.2020422814693208,ret_12m,main,58.2,full,1.0,2026-09-23
4630.0,,377150,摩根健康品质生活混合A,-0.2021242838901327,ret_12m,main,175.7,full,1.0,2026-09-23
4631.0,,001614,东方区域发展混合,-0.20226891522278845,ret_12m,main,120.5,full,1.0,2026-09-23
4632.0,,005067,融通逆向策略灵活配置混合A,-0.2024744799191146,ret_12m,main,103.4,full,1.0,2026-09-23
4633.0,,011826,汇添富健康生活一年持有混合A,-0.20265953396230751,ret_12m,main,66.0,full,1.0,2026-09-23
4634.0,,010717,前海开源优质企业6个月持有混合A,-0.20268374122002508,ret_12m,main,68.5,full,1.0,2026-09-23
4635.0,,000761,国富健康优质生活股票,-0.2033256188990381,ret_12m,main,144.0,full,1.0,2026-09-23
4636.0,,011069,工银成长精选混合A,-0.20339836623244412,ret_12m,main,66.0,full,1.0,2026-09-23
4637.0,,015032,国联医药消费混合A,-0.20374242882143567,ret_12m,main,54.5,full,1.0,2026-09-23
4638.0,,180028,银华永祥灵活配置混合,-0.20434708461195372,ret_12m,main,182.9,full,1.0,2026-09-23
4639.0,,015732,尚正新能源产业混合A,-0.2043991731831103,ret_12m,main,49.4,full,1.0,2026-09-23
4640.0,,011177,博时汇融回报一年持有混合A,-0.20521670504542355,ret_12m,main,68.1,full,1.0,2026-09-23
4641.0,,011905,安信价值启航混合A,-0.20524268830404857,ret_12m,main,62.8,full,1.0,2026-09-23
4642.0,,006377,广发趋势动力混合A,-0.20524497230830807,ret_12m,main,92.9,full,1.0,2026-09-23
4643.0,,007151,前海开源沪港深聚瑞混合,-0.20536476109409452,ret_12m,main,87.3,full,1.0,2026-09-23
4644.0,,017719,华夏消费臻选混合发起式A,-0.2062586093495774,ret_12m,main,43.0,full,1.0,2026-09-23
4645.0,,000796,宝盈睿丰创新混合C,-0.206466871151622,ret_12m,main,143.9,full,1.0,2026-09-23
4646.0,,610007,信澳消费优选混合A,-0.20669895031276264,ret_12m,main,168.6,full,1.0,2026-09-23
4647.0,,024396,东兴产业升级混合发起A,-0.20696294639630108,ret_12m,main,13.1,short,1.0,2026-09-23
4648.0,,004076,国联安锐意成长混合,-0.2072156166228566,ret_12m,main,116.0,full,1.0,2026-09-23
4649.0,,005241,中欧时代智慧混合A,-0.20768331698584852,ret_12m,main,103.9,full,1.0,2026-09-23
4650.0,,014404,中欧多元价值三年持有混合A,-0.2077821397159456,ret_12m,main,55.9,full,1.0,2026-09-23
4651.0,,006877,天治量化核心精选混合A,-0.2079284900494791,ret_12m,main,87.4,full,1.0,2026-09-23
4652.0,,002067,诺安精选回报混合A,-0.20798604980426028,ret_12m,main,125.9,full,1.0,2026-09-23
4653.0,,019999,国泰优质领航混合A,-0.20821681787041246,ret_12m,main,29.2,short,1.0,2026-09-23
4654.0,,007132,长城港股通价值精选混合A,-0.20889250045501773,ret_12m,main,86.9,full,1.0,2026-09-23
4655.0,,016378,太平消费升级一年持有A,-0.20920634964271156,ret_12m,main,44.1,full,1.0,2026-09-23
4656.0,,005235,银华食品饮料量化股票发起式A,-0.20944458568393653,ret_12m,main,106.4,full,1.0,2026-09-23
4657.0,,005164,富荣福锦混合A,-0.2094946359434221,ret_12m,main,102.3,full,1.0,2026-09-23
4658.0,,021899,融通品质优选混合A,-0.2104486067615452,ret_12m,main,18.9,short,1.0,2026-09-23
4659.0,,001875,前海开源沪港深优势精选混合A,-0.2105622647178007,ret_12m,main,125.1,full,1.0,2026-09-23
4660.0,,013023,平安均衡优选1年持有混合A,-0.21120756854964817,ret_12m,main,60.0,full,1.0,2026-09-23
4661.0,,005233,广发睿毅领先混合A,-0.21122030955718163,ret_12m,main,105.3,full,1.0,2026-09-23
4662.0,,014589,招商成长先导股票A,-0.2117305515029787,ret_12m,main,50.1,full,1.0,2026-09-23
4663.0,,000538,诺安优势行业混合A,-0.21184742010653346,ret_12m,main,150.4,full,1.0,2026-09-23
4664.0,,012483,前海开源优质龙头6个月持有混合A,-0.21197426676098008,ret_12m,main,62.5,full,1.0,2026-09-23
4665.0,,010536,泰康优势企业混合A,-0.21198078150364974,ret_12m,main,69.0,full,1.0,2026-09-23
4666.0,,016307,景顺长城北交所精选两年定开混合A,-0.21203150915782853,ret_12m,main,49.0,full,1.0,2026-09-23
4667.0,,018990,兴银智选消费混合A,-0.21214714918897482,ret_12m,main,34.7,short,1.0,2026-09-23
4668.0,,015838,广发招利混合A,-0.21277366835775058,ret_12m,main,48.1,full,1.0,2026-09-23
4669.0,,019051,华泰柏瑞科技创新混合发起式A,-0.21317033385865314,ret_12m,main,36.1,full,1.0,2026-09-23
4670.0,,008273,广发优质生活混合A,-0.2134253622316138,ret_12m,main,78.0,full,1.0,2026-09-23
4671.0,,024379,平安港股通医疗创新精选混合A,-0.21377229692988597,ret_12m,main,15.4,short,1.0,2026-09-23
4672.0,,006882,华泰保兴健康消费A,-0.2138258860250677,ret_12m,main,87.9,full,1.0,2026-09-23
4673.0,,021219,平安价值精选混合A,-0.2142197834426044,ret_12m,main,15.8,short,1.0,2026-09-23
4674.0,,519959,长信多利混合A,-0.2145629920131934,ret_12m,main,134.8,full,1.0,2026-09-23
4675.0,,016502,永赢新兴消费智选混合发起A,-0.21482068080173156,ret_12m,main,45.5,full,1.0,2026-09-23
4676.0,,020474,中欧产业优选混合A,-0.21593794743068917,ret_12m,main,32.9,short,1.0,2026-09-23
4677.0,,011278,华夏内需驱动混合A,-0.21609504903226484,ret_12m,main,67.4,full,1.0,2026-09-23
4678.0,,006408,汇添富消费升级混合A,-0.21619838149987614,ret_12m,main,93.1,full,1.0,2026-09-23
4679.0,,011673,长城医药科技六个月持有混合A,-0.21674788067153505,ret_12m,main,63.5,full,1.0,2026-09-23
4680.0,,010594,广发睿选三年持有期混合,-0.2173764466559217,ret_12m,main,69.0,full,1.0,2026-09-23
4681.0,,015034,泰信优势领航混合A,-0.2178887522912485,ret_12m,main,48.5,full,1.0,2026-09-23
4682.0,,012354,南方新能源产业趋势混合A,-0.2183155019362134,ret_12m,main,60.9,full,1.0,2026-09-23
4683.0,,006881,华宝大健康混合A,-0.21843972934726796,ret_12m,main,89.9,full,1.0,2026-09-23
4684.0,,180013,银华领先策略混合,-0.21858665407836464,ret_12m,main,217.1,full,1.0,2026-09-23
4685.0,,005142,国联沪港深大消费主题A,-0.21917356637602536,ret_12m,main,106.2,full,1.0,2026-09-23
4686.0,,001518,万家瑞兴灵活配置混合A,-0.21930074895976015,ret_12m,main,134.0,full,1.0,2026-09-23
4687.0,,011174,中庚价值品质一年持有期混合,-0.2195321295299123,ret_12m,main,68.1,full,1.0,2026-09-23
4688.0,,004316,前海开源沪港深裕鑫A,-0.21975712833243,ret_12m,main,114.0,full,1.0,2026-09-23
4689.0,,024800,华夏品质生活混合A,-0.22036297398504645,ret_12m,main,14.1,short,1.0,2026-09-23
4690.0,,002967,浙商大数据智选消费混合A,-0.22037529853499993,ret_12m,main,116.4,full,1.0,2026-09-23
4691.0,,290002,泰信先行策略混合,-0.2208240302168647,ret_12m,main,266.8,full,1.0,2026-09-23
4692.0,,002620,中邮未来新蓝筹混合,-0.22104944660393322,ret_12m,main,109.6,full,1.0,2026-09-23
4693.0,,013037,长城大健康混合A,-0.22110300697118745,ret_12m,main,57.1,full,1.0,2026-09-23
4694.0,,164403,前海开源沪港深农业混合A,-0.22246063347864553,ret_12m,main,135.7,full,1.0,2026-09-23
4695.0,,012102,国寿安保低碳经济混合A,-0.22254079299055596,ret_12m,main,51.7,full,1.0,2026-09-23
4696.0,,003432,中信保诚至瑞混合A,-0.22279296965847817,ret_12m,main,119.1,full,1.0,2026-09-23
4697.0,,004521,安信工业4.0灵活配置混合A,-0.22284702286470692,ret_12m,main,110.1,full,1.0,2026-09-23
4698.0,,001007,国联安鑫安灵活配置混合,-0.2229600494978583,ret_12m,main,139.9,full,1.0,2026-09-23
4699.0,,002564,新沃通盈灵活配置混合,-0.22617904600532002,ret_12m,main,120.0,full,1.0,2026-09-23
4700.0,,001662,创金合信沪港深精选混合,-0.2263108445485693,ret_12m,main,133.0,full,1.0,2026-09-23
4701.0,,005335,浙商全景消费混合A,-0.22663945079082148,ret_12m,main,104.8,full,1.0,2026-09-23
4702.0,,013851,中信建投低碳成长混合A,-0.2268672164634984,ret_12m,main,57.3,full,1.0,2026-09-23
4703.0,,006209,中信保诚新蓝筹混合,-0.22740548289786944,ret_12m,main,96.6,full,1.0,2026-09-23
4704.0,,012557,中欧景气前瞻一年混合A,-0.22766952384362082,ret_12m,main,61.3,full,1.0,2026-09-23
4705.0,,008842,同泰远见混合A,-0.2282883581719084,ret_12m,main,72.5,full,1.0,2026-09-23
4706.0,,012358,汇丰晋信医疗先锋混合A,-0.22889641739098088,ret_12m,main,62.4,full,1.0,2026-09-23
4707.0,,019085,工银价值精选混合A,-0.22897837567043833,ret_12m,main,28.8,short,1.0,2026-09-23
4708.0,,014699,东方高端制造混合A,-0.2291675617702773,ret_12m,main,42.8,full,1.0,2026-09-23
4709.0,,004805,长信消费精选量化股票A,-0.22934206876871233,ret_12m,main,102.6,full,1.0,2026-09-23
4710.0,,010041,嘉实港股优势混合A,-0.2295847177358784,ret_12m,main,68.1,full,1.0,2026-09-23
4711.0,,013220,中欧新兴价值一年持有混合A,-0.22961242009898652,ret_12m,main,60.6,full,1.0,2026-09-23
4712.0,,016549,永赢消费龙头智选混合发起A,-0.2298278159958913,ret_12m,main,45.5,full,1.0,2026-09-23
4713.0,,016761,嘉合锦荣混合A,-0.22989550026114414,ret_12m,main,44.9,full,1.0,2026-09-23
4714.0,,020428,华安先进制造混合发起式A,-0.23012302748934332,ret_12m,main,20.0,short,1.0,2026-09-23
4715.0,,002174,东方互联网嘉混合,-0.23036609229480143,ret_12m,main,125.6,full,1.0,2026-09-23
4716.0,,002212,嘉实新起航混合A,-0.23049477214887604,ret_12m,main,126.3,full,1.0,2026-09-23
4717.0,,005970,国泰消费优选股票,-0.23123891003645491,ret_12m,main,92.2,full,1.0,2026-09-23
4718.0,,012390,中欧产业前瞻混合A,-0.23125479768324442,ret_12m,main,63.2,full,1.0,2026-09-23
4719.0,,010326,博时消费创新混合A,-0.2313815811886809,ret_12m,main,71.0,full,1.0,2026-09-23
4720.0,,014938,同泰产业升级混合A,-0.23162732109014694,ret_12m,main,54.0,full,1.0,2026-09-23
4721.0,,022301,安信医药创新股票型发起A,-0.23173150523824804,ret_12m,main,23.3,short,1.0,2026-09-23
4722.0,,013348,创金合信大健康混合A,-0.23191933689361766,ret_12m,main,55.9,full,1.0,2026-09-23
4723.0,,002598,平安消费精选混合A,-0.23234215707083072,ret_12m,main,123.5,full,1.0,2026-09-23
4724.0,,013859,宝盈品质甄选混合A,-0.2332901343895637,ret_12m,main,56.8,full,1.0,2026-09-23
4725.0,,002387,工银沪港深股票A,-0.23424437219035277,ret_12m,main,125.1,full,1.0,2026-09-23
4726.0,,017501,招商产业升级1年持有期混合A,-0.23483878028484573,ret_12m,main,39.9,full,1.0,2026-09-23
4727.0,,510081,长盛动态精选混合,-0.23489246508313322,ret_12m,main,268.1,full,1.0,2026-09-23
4728.0,,005888,华夏新兴消费混合A,-0.23628091069187185,ret_12m,main,94.5,full,1.0,2026-09-23
4729.0,,006652,富国金融地产行业混合A,-0.2362868393367713,ret_12m,main,92.9,full,1.0,2026-09-23
4730.0,,012421,华夏优加生活混合A,-0.2381418979463723,ret_12m,main,60.0,full,1.0,2026-09-23
4731.0,,005526,工银新生代消费混合,-0.23915752060651196,ret_12m,main,103.3,full,1.0,2026-09-23
4732.0,,020142,路博迈中国医疗健康股票发起A,-0.23917151640063672,ret_12m,main,32.9,short,1.0,2026-09-23
4733.0,,024357,东方阿尔法健康产业混合发起A,-0.23959920529164125,ret_12m,main,15.4,short,1.0,2026-09-23
4734.0,,025017,华富医疗创新混合发起式A,-0.23976149463421792,ret_12m,main,13.3,short,0.9881,2026-09-23
4735.0,,005433,申万菱信医药先锋股票A,-0.23996012649981835,ret_12m,main,70.2,full,1.0,2026-09-23
4736.0,,519767,交银科技创新灵活配置混合A,-0.24037966600052252,ret_12m,main,124.6,full,1.0,2026-09-23
4737.0,,160527,博时研究优选混合(LOF)A,-0.24058933645988323,ret_12m,main,78.1,full,1.0,2026-09-23
4738.0,,021427,国泰优质精选混合A,-0.24078577658810774,ret_12m,main,23.5,short,1.0,2026-09-23
4739.0,,001830,融通跨界成长灵活配置混合A,-0.24127572853619073,ret_12m,main,131.8,full,1.0,2026-09-23
4740.0,,000867,华宝品质生活股票,-0.24168705821420255,ret_12m,main,140.1,full,1.0,2026-09-23
4741.0,,161818,银华消费主题混合A,-0.24186502252834763,ret_12m,main,179.8,full,1.0,2026-09-23
4742.0,,013356,大摩沪港深精选混合A,-0.24204554182027038,ret_12m,main,58.0,full,1.0,2026-09-23
4743.0,,008188,前海开源稳健增长三年混合,-0.2421765227528997,ret_12m,main,78.2,full,1.0,2026-09-23
4744.0,,501209,银华富久食品饮料精选混合(LOF)A,-0.24218572692130547,ret_12m,main,60.6,full,1.0,2026-09-23
4745.0,,015287,永赢优质生活混合A,-0.24241451557766114,ret_12m,main,49.0,full,1.0,2026-09-23
4746.0,,003413,华泰柏瑞新经济沪港深混合A,-0.24242960079527487,ret_12m,main,117.9,full,1.0,2026-09-23
4747.0,,006671,广发消费升级股票,-0.24321873988786513,ret_12m,main,87.9,full,1.0,2026-09-23
4748.0,,003397,银华体育文化灵活配置混合A,-0.24336405760148727,ret_12m,main,118.2,full,1.0,2026-09-23
4749.0,,006775,前海开源优质成长混合,-0.24393005302264315,ret_12m,main,89.5,full,1.0,2026-09-23
4750.0,,000056,建信消费升级混合,-0.24439109110650914,ret_12m,main,159.3,full,1.0,2026-09-23
4751.0,,610002,信澳精华配置混合A,-0.2450547967330341,ret_12m,main,217.8,full,1.0,2026-09-23
4752.0,,002621,中欧消费主题股票A,-0.24557009154924558,ret_12m,main,122.1,full,1.0,2026-09-23
4753.0,,005169,华泰保兴策略精选A,-0.24599168290035078,ret_12m,main,105.6,full,1.0,2026-09-23
4754.0,,011104,光大智能汽车主题股票A,-0.24627549805128102,ret_12m,main,67.4,full,1.0,2026-09-23
4755.0,,009162,富国医药成长30股票A,-0.24698921084879988,ret_12m,main,77.5,full,1.0,2026-09-23
4756.0,,006216,前海开源价值成长混合A,-0.24753319488402092,ret_12m,main,96.1,full,1.0,2026-09-23
4757.0,,009954,华银优选成长股票,-0.24827741923532376,ret_12m,main,71.9,full,1.0,2026-09-23
4758.0,,020419,鹏华科技驱动混合发起式A,-0.2489684140247197,ret_12m,main,24.8,short,1.0,2026-09-23
4759.0,,000057,中银消费主题混合A,-0.24977495827251783,ret_12m,main,161.0,full,1.0,2026-09-23
4760.0,,008166,工银消费股票A,-0.24988528964796441,ret_12m,main,78.6,full,1.0,2026-09-23
4761.0,,021631,兴银聚优智选混合发起A,-0.2510300422965662,ret_12m,main,27.2,short,1.0,2026-09-23
4762.0,,017962,广发医药创新混合发起式A,-0.2519895886057272,ret_12m,main,37.5,full,1.0,2026-09-23
4763.0,,110022,易方达消费行业股票,-0.25228834282740176,ret_12m,main,193.1,full,1.0,2026-09-23
4764.0,,006223,交银创新成长混合,-0.2537125845688072,ret_12m,main,95.9,full,1.0,2026-09-23
4765.0,,022081,景顺长城医疗产业股票A,-0.25391202630733367,ret_12m,main,19.9,short,1.0,2026-09-23
4766.0,,011355,华泰柏瑞港股通时代机遇混合A,-0.2540464784911983,ret_12m,main,64.6,full,1.0,2026-09-23
4767.0,,003835,鹏华沪深港新兴成长混合A,-0.2546779447919969,ret_12m,main,117.7,full,1.0,2026-09-23
4768.0,,398041,中海量化策略混合,-0.2551050446326383,ret_12m,main,207.0,full,1.0,2026-09-23
4769.0,,015927,西部利得绿色能源混合A,-0.2558041113045857,ret_12m,main,45.8,full,1.0,2026-09-23
4770.0,,011287,前海开源聚慧三年持有混合,-0.25725918081997656,ret_12m,main,66.5,full,1.0,2026-09-23
4771.0,,519915,富国消费主题混合A,-0.2583417198764125,ret_12m,main,141.4,full,1.0,2026-09-23
4772.0,,007291,汇丰晋信港股通双核策略混合,-0.25895535589905094,ret_12m,main,85.7,full,1.0,2026-09-23
4773.0,,009564,汇安消费龙头混合A,-0.25947499713546496,ret_12m,main,73.4,full,1.0,2026-09-23
4774.0,,016635,国联安气候变化混合A,-0.25983339850994347,ret_12m,main,47.8,full,1.0,2026-09-23
4775.0,,481013,工银消费服务混合A,-0.25996424561489884,ret_12m,main,185.1,full,1.0,2026-09-23
4776.0,,005104,富荣福康混合A,-0.26014603503193445,ret_12m,main,103.4,full,1.0,2026-09-23
4777.0,,002303,金鹰智慧生活混合A,-0.26031277865317914,ret_12m,main,126.0,full,1.0,2026-09-23
4778.0,,002605,融通新消费灵活配置混合,-0.26032248882294184,ret_12m,main,123.9,full,1.0,2026-09-23
4779.0,,006537,恒生前海港股通精选混合,-0.26067363941222654,ret_12m,main,84.2,full,1.0,2026-09-23
4780.0,,013289,工银食品饮料混合A,-0.26073090970279433,ret_12m,main,59.0,full,1.0,2026-09-23
4781.0,,005228,汇添富港股通专注成长,-0.261016425042923,ret_12m,main,106.4,full,1.0,2026-09-23
4782.0,,004189,华商消费行业股票,-0.2615822172865926,ret_12m,main,114.3,full,1.0,2026-09-23
4783.0,,020397,中银港股通医药混合发起A,-0.262278931465876,ret_12m,main,32.8,short,1.0,2026-09-23
4784.0,,200008,长城品牌优选混合A,-0.26256962028226394,ret_12m,main,229.6,full,1.0,2026-09-23
4785.0,,012690,广发消费领先混合A,-0.2648603308444093,ret_12m,main,61.0,full,1.0,2026-09-23
4786.0,,001193,中金消费升级股票A,-0.2660935154179749,ret_12m,main,135.0,full,1.0,2026-09-23
4787.0,,162717,广发成长新动能混合A,-0.26652328141805015,ret_12m,main,117.1,full,1.0,2026-09-23
4788.0,,008099,广发价值领先混合A,-0.26763886346727384,ret_12m,main,76.6,full,1.0,2026-09-23
4789.0,,017112,嘉实优享生活混合A,-0.26791764637463056,ret_12m,main,44.2,full,1.0,2026-09-23
4790.0,,013836,博时时代消费混合A,-0.26822049170452666,ret_12m,main,57.1,full,1.0,2026-09-23
4791.0,,011153,华宝新兴消费混合A,-0.2685564532317345,ret_12m,main,66.2,full,1.0,2026-09-23
4792.0,,004424,汇添富文体娱乐混合A,-0.26904553662890573,ret_12m,main,99.1,full,1.0,2026-09-23
4793.0,,005827,易方达蓝筹精选混合,-0.2701768375475475,ret_12m,main,96.6,full,1.0,2026-09-23
4794.0,,011917,山证资管品质生活混合A,-0.2711335961103344,ret_12m,main,63.9,full,1.0,2026-09-23
4795.0,,001540,浙商汇金转型驱动,-0.2720091703996045,ret_12m,main,133.9,full,1.0,2026-09-23
4796.0,,010054,万家健康产业混合A,-0.27220098392131353,ret_12m,main,71.8,full,1.0,2026-09-23
4797.0,,005620,中欧品质消费股票A,-0.2730919781741077,ret_12m,main,103.4,full,1.0,2026-09-23
4798.0,,024271,恒生前海瑞丰混合A,-0.273590736433561,ret_12m,main,12.5,short,0.9565,2026-09-23
4799.0,,021904,中银ESG主题混合发起A,-0.2737338249349456,ret_12m,main,22.8,short,1.0,2026-09-23
4800.0,,006781,汇丰晋信港股通精选股票,-0.27377249900815537,ret_12m,main,90.2,full,1.0,2026-09-23
4801.0,,001270,英大灵活配置混合型发起式A,-0.2740304221375913,ret_12m,main,136.6,full,1.0,2026-09-23
4802.0,,011969,建信港股通精选混合A,-0.27422266269893825,ret_12m,main,59.8,full,1.0,2026-09-23
4803.0,,014794,富国远见优选混合A,-0.27422767462348974,ret_12m,main,55.2,full,1.0,2026-09-23
4804.0,,006526,鹏华优选回报混合A,-0.2743232252996797,ret_12m,main,92.3,full,1.0,2026-09-23
4805.0,,024735,永赢港股通科技智选混合发起A,-0.27478709512267385,ret_12m,main,13.9,short,1.0,2026-09-23
4806.0,,006477,中邮沪港深精选混合A,-0.27513204787125456,ret_12m,main,89.9,full,1.0,2026-09-23
4807.0,,018045,东方创新医疗股票A,-0.27614074174204706,ret_12m,main,40.5,full,1.0,2026-09-23
4808.0,,005865,浦银量化多策略混合A,-0.27638164968178525,ret_12m,main,96.6,full,1.0,2026-09-23
4809.0,,007590,华宝绿色领先股票A,-0.2771822950558612,ret_12m,main,84.2,full,1.0,2026-09-23
4810.0,,001271,英大灵活配置混合型发起式B,-0.27743462062202484,ret_12m,main,136.6,full,1.0,2026-09-23
4811.0,,025172,德邦医疗创新混合发起式A,-0.27791011627269047,ret_12m,main,12.9,short,1.0,2026-09-23
4812.0,,009852,银华品质消费股票A,-0.2786918654787316,ret_12m,main,70.4,full,1.0,2026-09-23
4813.0,,012971,东吴消费成长混合A,-0.27923827259699296,ret_12m,main,60.3,full,1.0,2026-09-23
4814.0,,310388,申万菱信消费增长混合A,-0.27960235718266957,ret_12m,main,207.4,full,1.0,2026-09-23
4815.0,,010104,景顺长城消费精选混合A,-0.2799890268592595,ret_12m,main,72.0,full,1.0,2026-09-23
4816.0,,003190,创金合信消费主题股票A,-0.28030608547813496,ret_12m,main,121.0,full,1.0,2026-09-23
4817.0,,011876,景顺长城医疗健康混合A,-0.2816497733696154,ret_12m,main,61.2,full,1.0,2026-09-23
4818.0,,010454,交银内需增长一年持有混合,-0.2822844088478411,ret_12m,main,69.4,full,1.0,2026-09-23
4819.0,,012582,交银品质增长一年混合A,-0.28263646961465494,ret_12m,main,62.0,full,1.0,2026-09-23
4820.0,,014957,华富消费成长股票A,-0.28363639322126244,ret_12m,main,50.1,full,1.0,2026-09-23
4821.0,,019126,华泰柏瑞港股通医疗精选混合发起式A,-0.28473149875237824,ret_12m,main,15.2,short,1.0,2026-09-23
4822.0,,017000,格林港股通臻选混合A,-0.2848627895993221,ret_12m,main,29.0,short,1.0,2026-09-23
4823.0,,010617,兴业消费精选混合A,-0.285297657942554,ret_12m,main,69.2,full,1.0,2026-09-23
4824.0,,007393,上银未来生活灵活配置混合A,-0.285798808821056,ret_12m,main,86.3,full,1.0,2026-09-23
4825.0,,010701,恒越内需驱动混合A,-0.2874441570974926,ret_12m,main,68.6,full,1.0,2026-09-23
4826.0,,398061,中海消费混合A,-0.2874494094850216,ret_12m,main,178.5,full,1.0,2026-09-23
4827.0,,004926,中航军民融合精选A,-0.2886579068823144,ret_12m,main,103.4,full,1.0,2026-09-23
4828.0,,006604,嘉实消费精选股票A,-0.2887935939547064,ret_12m,main,89.7,full,1.0,2026-09-23
4829.0,,012255,富国高质量混合,-0.28955491399426436,ret_12m,main,63.2,full,1.0,2026-09-23
4830.0,,006926,长城量化精选股票A,-0.2901520234139351,ret_12m,main,87.9,full,1.0,2026-09-23
4831.0,,024023,申万菱信行业精选混合A,-0.29061897339322995,ret_12m,main,15.7,short,1.0,2026-09-23
4832.0,,016350,招商碳中和主题混合A,-0.2909660227581571,ret_12m,main,47.9,full,1.0,2026-09-23
4833.0,,008901,富国内需增长混合A,-0.2913244218724025,ret_12m,main,77.9,full,1.0,2026-09-23
4834.0,,016847,中欧高端装备股票发起A,-0.29136621773608085,ret_12m,main,46.3,full,1.0,2026-09-23
4835.0,,006179,富国品质生活混合A,-0.2915152905620959,ret_12m,main,90.2,full,1.0,2026-09-23
4836.0,,519606,国泰金鑫股票A,-0.2935031790193574,ret_12m,main,143.0,full,1.0,2026-09-23
4837.0,,022802,西部利得消费精选混合A,-0.2939600420845365,ret_12m,main,19.9,short,1.0,2026-09-23
4838.0,,020287,永赢红利慧选混合发起A,-0.2941045274915285,ret_12m,main,31.5,short,1.0,2026-09-23
4839.0,,001643,汇丰晋信智造先锋股票A,-0.2943662578907249,ret_12m,main,131.8,full,1.0,2026-09-23
4840.0,,020026,国泰成长优选混合,-0.29463588839460353,ret_12m,main,174.1,full,1.0,2026-09-23
4841.0,,008424,国联品牌优选混合A,-0.29579128317235737,ret_12m,main,76.3,full,1.0,2026-09-23
4842.0,,011099,富国价值创造混合A,-0.29844381679047605,ret_12m,main,68.3,full,1.0,2026-09-23
4843.0,,013871,招商能源转型混合A,-0.29863598368697075,ret_12m,main,55.5,full,1.0,2026-09-23
4844.0,,001563,华富健康文娱灵活配置混合A,-0.29866650860015886,ret_12m,main,133.7,full,1.0,2026-09-23
4845.0,,519150,新华优选消费混合,-0.29915973519454675,ret_12m,main,171.3,full,1.0,2026-09-23
4846.0,,011121,广发兴诚混合A,-0.29927137781729674,ret_12m,main,68.5,full,1.0,2026-09-23
4847.0,,005255,浦银港股通量化混合A,-0.29983977375149706,ret_12m,main,104.0,full,1.0,2026-09-23
4848.0,,003684,汇安丰融混合A,-0.3000724394250983,ret_12m,main,117.0,full,1.0,2026-09-23
4849.0,,540008,汇丰晋信低碳先锋股票A,-0.3004376608345115,ret_12m,main,195.5,full,1.0,2026-09-23
4850.0,,007082,平安高端制造混合A,-0.30045499092321093,ret_12m,main,89.0,full,1.0,2026-09-23
4851.0,,016541,交银启衡混合A,-0.3008053879044257,ret_12m,main,45.8,full,1.0,2026-09-23
4852.0,,016590,富国汽车智选混合A,-0.30095650700383847,ret_12m,main,47.8,full,1.0,2026-09-23
4853.0,,002443,前海开源沪港深龙头精选混合A,-0.3013081854473979,ret_12m,main,122.6,full,1.0,2026-09-23
4854.0,,010483,交银启道混合,-0.3017908132208379,ret_12m,main,67.8,full,1.0,2026-09-23
4855.0,,580005,东吴进取策略混合A,-0.3059325643731162,ret_12m,main,208.6,full,1.0,2026-09-23
4856.0,,023560,富达创新驱动混合发起A,-0.3095806795483411,ret_12m,main,18.0,short,1.0,2026-09-23
4857.0,,011013,长城消费30股票A,-0.30980545247286784,ret_12m,main,64.4,full,1.0,2026-09-23
4858.0,,004549,富安达消费主题混合,-0.31031181374772243,ret_12m,main,109.7,full,1.0,2026-09-23
4859.0,,013293,长城健康消费混合A,-0.31054022620151434,ret_12m,main,57.9,full,1.0,2026-09-23
4860.0,,020140,国寿安保品质消费股票发起式A,-0.3110833861777085,ret_12m,main,33.5,short,1.0,2026-09-23
4861.0,,011275,交银成长动力一年持有混合A,-0.31155150638815376,ret_12m,main,63.4,full,1.0,2026-09-23
4862.0,,011578,汇丰晋信核心成长A,-0.31322231888852414,ret_12m,main,64.0,full,1.0,2026-09-23
4863.0,,290004,泰信优质生活混合,-0.31322383071321713,ret_12m,main,237.3,full,1.0,2026-09-23
4864.0,,009476,建信食品饮料行业股票A,-0.3133258147449016,ret_12m,main,72.9,full,1.0,2026-09-23
4865.0,,009983,永赢港股通品质生活慧选混合A,-0.3141650972637373,ret_12m,main,71.8,full,1.0,2026-09-23
4866.0,,009265,易方达消费精选股票,-0.3157044809081997,ret_12m,main,77.3,full,1.0,2026-09-23
4867.0,,540003,汇丰晋信动态策略混合A,-0.316210632492092,ret_12m,main,233.5,full,1.0,2026-09-23
4868.0,,010143,交银施罗德启欣混合,-0.3170943669516352,ret_12m,main,70.8,full,1.0,2026-09-23
4869.0,,009542,银华富利精选混合A,-0.3196005617580032,ret_12m,main,73.3,full,1.0,2026-09-23
4870.0,,009661,平安研究睿选混合A,-0.3206312766961683,ret_12m,main,74.2,full,1.0,2026-09-23
4871.0,,008234,光大消费主题股票A,-0.321689688171818,ret_12m,main,77.0,full,1.0,2026-09-23
4872.0,,023753,永赢信息产业智选混合发起A,-0.3243505119879614,ret_12m,main,17.9,short,1.0,2026-09-23
4873.0,,014074,嘉实内需精选混合A,-0.3246727063200885,ret_12m,main,56.5,full,1.0,2026-09-23
4874.0,,008180,同泰慧利混合A,-0.32468370227979204,ret_12m,main,74.7,full,1.0,2026-09-23
4875.0,,540002,汇丰晋信龙腾混合A,-0.3287213128560781,ret_12m,main,239.9,full,1.0,2026-09-23
4876.0,,010715,财通资管消费升级一年持有A,-0.33411194275391665,ret_12m,main,62.1,full,1.0,2026-09-23
4877.0,,009940,格林稳健价值混合A,-0.33487033416595724,ret_12m,main,71.1,full,1.0,2026-09-23
4878.0,,024388,中航智选领航混合发起A,-0.33513729395827696,ret_12m,main,15.3,short,1.0,2026-09-23
4879.0,,023899,富达港股通精选混合发起A,-0.33532056513177155,ret_12m,main,14.8,short,1.0,2026-09-23
4880.0,,018362,东方阿尔法瑞丰混合发起A,-0.3359563691304799,ret_12m,main,40.4,full,1.0,2026-09-23
4881.0,,012506,东方品质消费一年持有期混合A,-0.33718628931256267,ret_12m,main,62.5,full,1.0,2026-09-23
4882.0,,580003,东吴行业轮动混合A,-0.33863564266289714,ret_12m,main,221.0,full,1.0,2026-09-23
4883.0,,007518,东方阿尔法优选混合A,-0.3389612126955617,ret_12m,main,84.4,full,1.0,2026-09-23
4884.0,,004634,前海联合泳涛混合A,-0.3411814446576641,ret_12m,main,111.5,full,1.0,2026-09-23
4885.0,,011924,嘉实港股互联网产业核心资产A,-0.34148562176299113,ret_12m,main,61.2,full,1.0,2026-09-23
4886.0,,019394,浦银策略优选混合A,-0.34171635271907974,ret_12m,main,33.1,short,1.0,2026-09-23
4887.0,,021450,富国医疗产业混合发起式A,-0.34224838194912865,ret_12m,main,28.1,short,1.0,2026-09-23
4888.0,,007965,民生加银品质消费股票A,-0.3456807844269415,ret_12m,main,77.0,full,1.0,2026-09-23
4889.0,,000976,长城新兴产业混合A,-0.35137493136355713,ret_12m,main,139.2,full,1.0,2026-09-23
4890.0,,290012,泰信行业精选混合A,-0.3517887221506666,ret_12m,main,175.0,full,1.0,2026-09-23
4891.0,,024737,永赢新材料智选混合发起A,-0.35441663225036124,ret_12m,main,13.9,short,1.0,2026-09-23
4892.0,,014917,汇丰晋信时代先锋混合A,-0.3577314484194395,ret_12m,main,51.5,full,1.0,2026-09-23
4893.0,,018248,中欧致和混合A,-0.36070753604121997,ret_12m,main,40.0,full,1.0,2026-09-23
4894.0,,012210,申万菱信智能汽车股票A,-0.3624180157286937,ret_12m,main,63.0,full,1.0,2026-09-23
4895.0,,011002,同泰大健康主题混合A,-0.36654364589116506,ret_12m,main,65.5,full,1.0,2026-09-23
4896.0,,015630,申万菱信乐融一年持有混合A,-0.3673302623866068,ret_12m,main,51.2,full,1.0,2026-09-23
4897.0,,014423,汇丰晋信研究精选混合,-0.3743641786412464,ret_12m,main,56.0,full,1.0,2026-09-23
4898.0,,008840,德邦大消费混合A,-0.374907580143207,ret_12m,main,75.2,full,1.0,2026-09-23
4899.0,,006181,格林伯锐灵活配置A,-0.38210623561534596,ret_12m,main,94.2,full,1.0,2026-09-23
4900.0,,018438,财通资管品质消费混合发起式A,-0.3908360973361086,ret_12m,main,40.4,full,1.0,2026-09-23
4901.0,,006235,东方城镇消费主题混合A,-0.39393843830542086,ret_12m,main,87.9,full,1.0,2026-09-23
4902.0,,011188,信澳星奕混合A,-0.4041972154458936,ret_12m,main,68.0,full,1.0,2026-09-23
4903.0,,015150,恒越匠心优选一年持有混合A,-0.405413766143071,ret_12m,main,46.0,full,1.0,2026-09-23
4904.0,,006364,招商丰韵混合A,-0.40774117649932096,ret_12m,main,90.2,full,1.0,2026-09-23
4905.0,,001978,泰信互联网+主题混合A,-0.4133038360812329,ret_12m,main,123.5,full,1.0,2026-09-23
4906.0,,010282,中信建投智享生活混合A,-0.4235789606910121,ret_12m,main,70.6,full,1.0,2026-09-23
4907.0,,007770,同泰开泰混合A,-0.4303091272627204,ret_12m,main,84.9,full,1.0,2026-09-23
4908.0,,008050,同泰慧择混合A,-0.502303983720243,ret_12m,main,82.1,full,1.0,2026-09-23
