rank,rank_lowconf,fund_code,fund_name,score,signal,confidence,age_months,age_group,coverage,as_of
,1.0,025686,国泰半导体制造精选混合发起A,0.9343811954909123,ret_6m,low,11.3,young,1.0,2026-09-23
,2.0,024480,财通品质甄选混合A,0.8411019728373372,ret_6m,low,10.7,young,1.0,2026-09-23
,3.0,026632,平安半导体领航精选混合发起式A,0.7607283924060995,ret_6m,low,7.8,young,1.0,2026-09-23
,4.0,025968,建信科技智选股票型发起A,0.75568949052251,ret_6m,low,9.7,young,1.0,2026-09-23
,5.0,019437,华商科创创业精选混合A,0.6764310206410629,ret_6m,low,10.6,young,1.0,2026-09-23
,6.0,024473,信澳优势行业混合A,0.6264445046739804,ret_6m,low,14.0,short,1.0,2026-09-23
,7.0,026538,融通科技臻选混合发起式A,0.551347335590529,ret_6m,low,7.6,young,1.0,2026-09-23
,8.0,025783,兴证资管金麒麟兴享优选混合D,0.5502981190070255,ret_6m,low,11.1,young,1.0,2026-09-23
,9.0,024459,华商致远回报混合A,0.5363263593458449,ret_6m,low,14.3,short,1.0,2026-09-23
,10.0,026353,财通泓盛平衡混合A,0.5310554493209805,ret_6m,low,8.1,young,1.0,2026-09-23
,11.0,026382,中航洞见领航混合A,0.4992182566412027,ret_6m,low,8.3,young,1.0,2026-09-23
,12.0,025208,永赢先锋半导体智选混合发起A,0.48046058096725064,ret_6m,low,12.4,short,1.0,2026-09-23
,13.0,025421,浦银数字经济混合A,0.4779863302415628,ret_6m,low,12.4,short,1.0,2026-09-23
,14.0,024476,南华科技创新混合发起A,0.46175373058167435,ret_6m,low,12.0,young,1.0,2026-09-23
,15.0,026210,平安科技精选混合发起式A,0.4362674910486466,ret_6m,low,9.4,young,1.0,2026-09-23
,16.0,026475,西部利得创新驱动鑫选混合发起A,0.4322163073709222,ret_6m,low,7.4,young,1.0,2026-09-23
,17.0,026273,平安数字经济精选混合发起式A,0.41131640365230315,ret_6m,low,8.9,young,1.0,2026-09-23
,18.0,025758,华安新兴动力混合发起式A,0.3672650782903786,ret_6m,low,10.7,young,1.0,2026-09-23
,19.0,025499,东方阿尔法科技智选混合发起A,0.3575508444405764,ret_6m,low,12.4,short,1.0,2026-09-23
,20.0,024796,兴业科技创新混合发起式A,0.346007329211681,ret_6m,low,13.4,short,1.0,2026-09-23
,21.0,024818,中欧医药生物混合发起A,0.3392522449506088,ret_6m,low,9.9,young,1.0,2026-09-23
,22.0,024717,汇安成长领航混合A,0.32543559785698273,ret_6m,low,12.4,short,1.0,2026-09-23
,23.0,026293,红土精选混合C,0.3135772160278343,ret_6m,low,9.4,young,1.0,2026-09-23
,24.0,026448,大摩沪港深科技混合A,0.29274650317730755,ret_6m,low,7.9,young,1.0,2026-09-23
,25.0,026202,上银丰泽混合发起式A,0.2877960056401192,ret_6m,low,9.2,young,1.0,2026-09-23
,26.0,025860,万家泓裕成长驱动混合发起式A,0.2710168699736819,ret_6m,low,10.7,young,1.0,2026-09-23
,27.0,025684,易方达优势进取混合A,0.2676066443732439,ret_6m,low,9.9,young,1.0,2026-09-23
,28.0,025926,中信保诚医药精选混合A,0.26565465922093323,ret_6m,low,9.7,young,1.0,2026-09-23
,29.0,025918,易方达科技先锋混合A,0.24944997755438192,ret_6m,low,10.2,young,1.0,2026-09-23
,30.0,025824,易方达产业优选混合A,0.2391920694225962,ret_6m,low,10.6,young,1.0,2026-09-23
,31.0,025736,华西科技成长股票,0.2373385773239396,ret_6m,low,9.9,young,1.0,2026-09-23
,32.0,023420,永赢锐见先锋混合A,0.23587108842497884,ret_6m,low,12.7,short,1.0,2026-09-23
,33.0,025580,财通消费优选混合发起A,0.23162273324809468,ret_6m,low,9.2,young,1.0,2026-09-23
,34.0,026282,东方红先锋锐选混合发起A,0.2278042812668044,ret_6m,low,8.8,young,1.0,2026-09-23
,35.0,025511,广发信息产业股票发起式A,0.2276134185922558,ret_6m,low,10.6,young,1.0,2026-09-23
,36.0,026470,泓德医药精选混合发起式A,0.21301319234998872,ret_6m,low,8.1,young,1.0,2026-09-23
,37.0,025830,嘉实成长共享混合A,0.19513993279720188,ret_6m,low,10.8,young,1.0,2026-09-23
,38.0,026177,华商品质甄选混合A,0.1905196719891451,ret_6m,low,7.9,young,1.0,2026-09-23
,39.0,026488,安信资源睿选股票发起A,0.18222313072145502,ret_6m,low,7.4,young,1.0,2026-09-23
,40.0,026089,上银医疗创新混合发起式A,0.16531807760206574,ret_6m,low,9.2,young,1.0,2026-09-23
,41.0,025082,摩根慧启成长混合A,0.1617062238379734,ret_6m,low,9.7,young,1.0,2026-09-23
,42.0,025658,国金科创创业量化选股股票A,0.1537277885918975,ret_6m,low,9.2,young,1.0,2026-09-23
,43.0,025956,新华科技优选混合发起A,0.14839847807025963,ret_6m,low,9.2,young,1.0,2026-09-23
,44.0,025068,建信医疗创新股票A,0.14655843885363828,ret_6m,low,12.9,short,1.0,2026-09-23
,45.0,024534,平安港股通科技精选混合A,0.1312425517467608,ret_6m,low,12.7,short,1.0,2026-09-23
,46.0,026284,东方红嘉享混合发起A,0.13047807114166443,ret_6m,low,8.8,young,1.0,2026-09-23
,47.0,025769,中金进取回报混合A,0.11949735998654432,ret_6m,low,10.6,young,1.0,2026-09-23
,48.0,025748,招商医药量化选股混合发起式A,0.10896624748313033,ret_6m,low,8.1,young,1.0,2026-09-23
,49.0,026699,新华大盘成长量化选股混合发起A,0.10669603469655198,ret_6m,low,7.8,young,1.0,2026-09-23
,50.0,025928,恒生前海成长先锋混合A,0.10531877731379002,ret_6m,low,7.9,young,1.0,2026-09-23
,51.0,025785,中金科创优选混合发起A,0.10026655900138848,ret_6m,low,6.0,young,0.9528,2026-09-23
,52.0,025386,万家智胜量化选股股票A,0.09716150137288881,ret_6m,low,10.6,young,1.0,2026-09-23
,53.0,025546,财通周期优选混合A,0.09622410832775508,ret_6m,low,7.4,young,1.0,2026-09-23
,54.0,026195,易方达港股通医药混合A,0.09374309962156491,ret_6m,low,7.9,young,1.0,2026-09-23
,55.0,025368,东财启和混合A,0.09351759910102242,ret_6m,low,8.9,young,1.0,2026-09-23
,56.0,025648,易方达港股通科技混合A,0.09096431357688206,ret_6m,low,11.3,young,1.0,2026-09-23
,57.0,024841,信澳高端装备混合A,0.08661292240682905,ret_6m,low,10.4,young,1.0,2026-09-23
,58.0,026760,财信均衡致远混合发起式A,0.08327670909833507,ret_6m,low,7.4,young,1.0,2026-09-23
,59.0,023457,前海开源研究优选混合A,0.08181643672208816,ret_6m,low,13.1,short,1.0,2026-09-23
,60.0,024354,国泰红利智选混合A,0.07791336476682043,ret_6m,low,12.5,short,1.0,2026-09-23
,61.0,025688,中金阿尔法优选混合A,0.0775845489812721,ret_6m,low,10.4,young,1.0,2026-09-23
,62.0,026237,广发平衡精选混合D,0.07272350663380878,ret_6m,low,8.8,young,1.0,2026-09-23
,63.0,025964,广发创新成长混合A,0.06937742442178729,ret_6m,low,9.5,young,1.0,2026-09-23
,64.0,024866,圆信永丰新材料混合发起A,0.06584175309083218,ret_6m,low,10.7,young,1.0,2026-09-23
,65.0,025533,光大阳光优选一年持有混合A,0.06028469102869316,ret_6m,low,9.8,young,1.0,2026-09-23
,66.0,026468,山证资管数字经济锐选股票发起式A,0.056678392747238515,ret_6m,low,8.7,young,1.0,2026-09-23
,67.0,023951,农银平衡价值混合A,0.056252125681816256,ret_6m,low,12.0,young,1.0,2026-09-23
,68.0,025702,惠升均衡回报混合A,0.05552667603558192,ret_6m,low,9.5,young,1.0,2026-09-23
,69.0,025065,平安研究驱动混合A,0.055355481350932045,ret_6m,low,11.8,young,1.0,2026-09-23
,70.0,025058,中欧核心智选混合A,0.051902402416135196,ret_6m,low,13.3,short,1.0,2026-09-23
,71.0,024638,永赢汇达6个月持有混合A,0.051801087654946176,ret_6m,low,14.3,short,1.0,2026-09-23
,72.0,026173,路博迈港股通科技股票A,0.05018382566318036,ret_6m,low,8.8,young,1.0,2026-09-23
,73.0,026520,财通资管量化选股股票发起式A,0.048805108995666036,ret_6m,low,7.6,young,1.0,2026-09-23
,74.0,025656,国金智远量化选股混合A,0.04880457701338825,ret_6m,low,10.6,young,1.0,2026-09-23
,75.0,026074,恒生前海成长动力混合A,0.047002185188030454,ret_6m,low,7.8,young,1.0,2026-09-23
,76.0,026678,恒越嘉润量化选股混合A,0.04590472425230718,ret_6m,low,7.6,young,1.0,2026-09-23
,77.0,025558,光大阳光启明星创新驱动混合A,0.04574355954723086,ret_6m,low,9.8,young,1.0,2026-09-23
,78.0,025773,中金丰裕稳健一年持有混合A,0.041975386668485326,ret_6m,low,10.2,young,1.0,2026-09-23
,79.0,024361,中欧红利慧选混合发起A,0.0414493550621442,ret_6m,low,10.8,young,1.0,2026-09-23
,80.0,025075,汇添富成长优选混合A,0.04057438970876759,ret_6m,low,12.2,short,1.0,2026-09-23
,81.0,024683,东海价值臻选混合A,0.03679787561631476,ret_6m,low,12.2,short,1.0,2026-09-23
,82.0,025069,景顺长城高端装备股票,0.03321151002701028,ret_6m,low,12.0,young,1.0,2026-09-23
,83.0,025985,东海领航精选3个月持有混合发起式A,0.0316710721376825,ret_6m,low,8.8,young,1.0,2026-09-23
,84.0,026199,大摩港股通多元成长混合A,0.030456003072652615,ret_6m,low,8.3,young,1.0,2026-09-23
,85.0,026562,国泰海通制造升级睿选混合发起A,0.02952180508402691,ret_6m,low,8.1,young,1.0,2026-09-23
,86.0,026756,鑫元鑫锐量化选股混合发起式A,0.027434068539789358,ret_6m,low,7.9,young,1.0,2026-09-23
,87.0,025995,大成荣享混合A,0.026305043403769934,ret_6m,low,9.2,young,1.0,2026-09-23
,88.0,025709,汇添富价值驱动混合A,0.02321902387593866,ret_6m,low,10.4,young,1.0,2026-09-23
,89.0,023943,天弘安和平衡混合A,0.021539827356505725,ret_6m,low,12.9,short,1.0,2026-09-23
,90.0,025149,华富福盛一年持有期混合A,0.021445035095829734,ret_6m,low,11.1,young,1.0,2026-09-23
,91.0,025486,中邮新锐量化选股混合发起式A,0.02070011476431599,ret_6m,low,10.6,young,1.0,2026-09-23
,92.0,025993,银华盛安六个月持有混合A,0.019677552674834287,ret_6m,low,9.2,young,1.0,2026-09-23
,93.0,025077,华泰柏瑞制造业主题混合A,0.01612168303002126,ret_6m,low,11.8,young,1.0,2026-09-23
,94.0,024900,西部利得专精特新量化选股混合A,0.014248088543989068,ret_6m,low,10.2,young,1.0,2026-09-23
,95.0,024594,财通华晟量化选股混合A,0.014132268065200737,ret_6m,low,12.6,short,1.0,2026-09-23
,96.0,025843,兴证资管金麒麟兴睿优选混合D,0.013857592714743516,ret_6m,low,10.8,young,1.0,2026-09-23
,97.0,025997,永赢汇欣混合A,0.013185038928602566,ret_6m,low,9.0,young,1.0,2026-09-23
,98.0,026886,财通资管消费研选混合发起式A,0.01305570486956631,ret_6m,low,6.4,young,1.0,2026-09-23
,99.0,026251,易方达消费机遇混合A,0.012847988284832468,ret_6m,low,8.8,young,1.0,2026-09-23
,100.0,025584,光大阳光智造混合A,0.012269365182747238,ret_6m,low,9.8,young,1.0,2026-09-23
,101.0,025447,万家元晟量化选股混合发起式A,0.012045450689299075,ret_6m,low,12.4,short,1.0,2026-09-23
,102.0,025231,中信建投价值增长混合A,0.011541256934347599,ret_6m,low,12.0,short,1.0,2026-09-23
,103.0,025715,安联睿利6个月持有混合A,0.011338390151531375,ret_6m,low,9.0,young,1.0,2026-09-23
,104.0,024658,国联价值均衡混合A,0.009707929344096478,ret_6m,low,9.9,young,1.0,2026-09-23
,105.0,025904,兴证资管恒睿致胜混合发起式A,0.009498259331407244,ret_6m,low,9.7,young,1.0,2026-09-23
,106.0,025352,凯石瑞鑫6个月持有混合发起A,0.008983329624496994,ret_6m,low,12.6,short,1.0,2026-09-23
,107.0,026140,财信芙璟混合A,0.006603365147870965,ret_6m,low,9.0,young,1.0,2026-09-23
,108.0,024923,招商资管智达红利优选混合发起A,0.0057785257870897055,ret_6m,low,13.2,short,1.0,2026-09-23
,109.0,025445,万家周期视野股票发起式A,0.004859034537570972,ret_6m,low,12.2,short,1.0,2026-09-23
,110.0,023871,人保均衡智选混合A,0.004267540918817758,ret_6m,low,11.9,young,1.0,2026-09-23
,111.0,003813,泰康金泰回报3个月持有A,0.0024227472385838222,ret_6m,low,116.0,full,1.0,2026-09-23
,112.0,024645,平安瑞和6个月持有混合A,0.0001794771365186687,ret_6m,low,12.2,short,1.0,2026-09-23
,113.0,026609,工银前瞻成长混合A,0.0001549766885078352,ret_6m,low,7.8,young,1.0,2026-09-23
,114.0,026495,东方红消费研选混合发起A,-0.00045950888115242616,ret_6m,low,8.4,young,1.0,2026-09-23
,115.0,025428,东方红研究精选混合A,-0.000660177360169989,ret_6m,low,12.0,young,1.0,2026-09-23
,116.0,026529,贝莱德富元金利混合A,-0.002680794199327985,ret_6m,low,7.4,young,1.0,2026-09-23
,117.0,025544,汇添富港股通科技精选混合发起式A,-0.003943529773499099,ret_6m,low,10.8,young,1.0,2026-09-23
,118.0,025449,万家数字经济股票发起式A,-0.00447089933974143,ret_6m,low,12.2,short,1.0,2026-09-23
,119.0,025771,中金安心回报混合A,-0.005995368454326133,ret_6m,low,10.2,young,1.0,2026-09-23
,120.0,025845,华安消费智选混合发起式A,-0.006140414853367582,ret_6m,low,9.9,young,1.0,2026-09-23
,121.0,025668,申万菱信宁通六个月持有期混合,-0.006354891356843306,ret_6m,low,10.1,young,1.0,2026-09-23
,122.0,025011,财通华裕量化选股股票A,-0.007098021245576014,ret_6m,low,11.8,young,1.0,2026-09-23
,123.0,025349,广发乾享核心精选混合A,-0.008862473126830195,ret_6m,low,11.9,young,1.0,2026-09-23
,124.0,025666,银华鑫禾混合A,-0.009556011511693496,ret_6m,low,10.2,young,1.0,2026-09-23
,125.0,025828,中欧多元平衡混合A,-0.009938483891930416,ret_6m,low,9.6,young,1.0,2026-09-23
,126.0,026257,平安新锐量化选股混合发起式A,-0.011429788861963663,ret_6m,low,7.4,young,1.0,2026-09-23
,127.0,023186,国联安红利慧选混合发起式A,-0.012861074504642023,ret_6m,low,9.0,young,1.0,2026-09-23
,128.0,025404,苏新睿见量化选股股票A,-0.012868306489221326,ret_6m,low,10.6,young,1.0,2026-09-23
,129.0,024261,中邮先进制造混合发起式A,-0.015114061203743367,ret_6m,low,13.8,short,1.0,2026-09-23
,130.0,025184,中银品质新兴混合A,-0.015597941760127854,ret_6m,low,9.7,young,1.0,2026-09-23
,131.0,026187,中邮周期精选混合发起式A,-0.017108879528057397,ret_6m,low,8.9,young,1.0,2026-09-23
,132.0,025721,中欧价值优选混合A,-0.017725839841295943,ret_6m,low,8.0,young,1.0,2026-09-23
,133.0,025358,鑫元锦鑫回报混合A,-0.021373781171709405,ret_6m,low,11.9,young,1.0,2026-09-23
,134.0,025073,南方瑞景混合A,-0.02199234523327065,ret_6m,low,12.2,short,1.0,2026-09-23
,135.0,025222,创金合信弘科混合发起A,-0.023016073655637403,ret_6m,low,9.7,young,1.0,2026-09-23
,136.0,024421,华夏信选混合A,-0.023290540741361054,ret_6m,low,12.4,short,1.0,2026-09-23
,137.0,024729,兴业先进制造混合发起式A,-0.023815808359715307,ret_6m,low,13.9,short,1.0,2026-09-23
,138.0,026072,广发研究智选混合A,-0.025361930638417296,ret_6m,low,8.1,young,1.0,2026-09-23
,139.0,026078,中航卓越领航混合发起A,-0.02550329817471586,ret_6m,low,9.6,young,1.0,2026-09-23
,140.0,024964,南方多元价值一年持有混合A,-0.026490437250913157,ret_6m,low,10.6,young,1.0,2026-09-23
,141.0,025355,东海启恒混合发起式A,-0.026974592527597263,ret_6m,low,12.0,short,1.0,2026-09-23
,142.0,025788,广发质量优选股票A,-0.027606190182940304,ret_6m,low,9.0,young,1.0,2026-09-23
,143.0,024385,国金红利量化选股混合A,-0.02813653911187919,ret_6m,low,12.9,short,1.0,2026-09-23
,144.0,026619,安信消费睿选股票发起A,-0.036758334736992415,ret_6m,low,7.4,young,1.0,2026-09-23
,145.0,022673,平安产业竞争力混合A,-0.03759063374379845,ret_6m,low,9.0,young,1.0,2026-09-23
,146.0,025326,银华嘉瑞平衡混合发起式A,-0.03766877454245976,ret_6m,low,10.8,young,1.0,2026-09-23
,147.0,025527,中金优势领航一年持有混合A,-0.03772339535685698,ret_6m,low,12.0,short,1.0,2026-09-23
,148.0,025750,兴证资管金麒麟均衡优选混合D,-0.038650720190475885,ret_6m,low,11.1,young,1.0,2026-09-23
,149.0,026600,明亚远臻智选混合A,-0.04210964833976172,ret_6m,low,8.2,young,1.0,2026-09-23
,150.0,026327,广发乾元价值增长混合A,-0.043380813773383875,ret_6m,low,8.9,young,1.0,2026-09-23
,151.0,025408,兴华景明混合A,-0.04638294088027761,ret_6m,low,12.0,short,1.0,2026-09-23
,152.0,021194,格林科技成长混合A,-0.04654196876805239,ret_6m,low,12.2,short,1.0,2026-09-23
,153.0,026617,万家致远动力混合发起式A,-0.047879320709959705,ret_6m,low,7.9,young,1.0,2026-09-23
,154.0,024398,浦银港股通央企红利混合A,-0.05004983663651741,ret_6m,low,13.8,short,1.0,2026-09-23
,155.0,025792,东方阿尔法科技甄选混合发起A,-0.05206756947434954,ret_6m,low,10.8,young,1.0,2026-09-23
,156.0,025848,西部利得红利鑫选混合发起A,-0.05654473932775983,ret_6m,low,7.9,young,1.0,2026-09-23
,157.0,025392,建信红利严选混合发起A,-0.05692834515835232,ret_6m,low,9.8,young,1.0,2026-09-23
,158.0,024836,中欧港股通科技混合发起A,-0.05774088556418999,ret_6m,low,12.2,short,1.0,2026-09-23
,159.0,026081,财通资管优质研选混合发起式A,-0.058665585845639856,ret_6m,low,8.9,young,1.0,2026-09-23
,160.0,025753,招商均衡配置混合C,-0.06074432875308333,ret_6m,low,9.0,young,1.0,2026-09-23
,161.0,026076,恒生前海港股通科技成长混合A,-0.06657708170605225,ret_6m,low,7.9,young,1.0,2026-09-23
,162.0,026837,财通资管周期研选混合发起式A,-0.07071516598157401,ret_6m,low,6.9,young,1.0,2026-09-23
,163.0,026680,永赢产业机遇智选混合发起A,-0.07315026543295944,ret_6m,low,7.8,young,1.0,2026-09-23
,164.0,025568,光大阳光稳健增长混合A,-0.07722692966361666,ret_6m,low,9.8,young,1.0,2026-09-23
,165.0,026323,广发消费智选混合A,-0.08013930539635072,ret_6m,low,8.9,young,1.0,2026-09-23
,166.0,025674,鑫元港股通领航混合A,-0.0806477996218854,ret_6m,low,9.7,young,1.0,2026-09-23
,167.0,025299,交银港股通优质精选混合C,-0.08165076517634196,ret_6m,low,12.0,young,1.0,2026-09-23
,168.0,025573,光大阳光混合A,-0.08385443347391708,ret_6m,low,9.8,young,1.0,2026-09-23
,169.0,012360,汇丰晋信港股通核心资产股票发起式A,-0.08524126234537044,ret_6m,low,13.4,short,1.0,2026-09-23
,170.0,025933,中欧价值裕享混合A,-0.0881111929180316,ret_6m,low,10.1,young,1.0,2026-09-23
,171.0,024672,永赢价值回报混合A,-0.08848846877861494,ret_6m,low,10.6,young,1.0,2026-09-23
,172.0,025255,鹏扬港股通精选混合A,-0.09789750457068003,ret_6m,low,9.2,young,1.0,2026-09-23
,173.0,025794,中欧新能源主题混合发起A,-0.10002032746521428,ret_6m,low,10.1,young,1.0,2026-09-23
,174.0,025287,恒生前海匠心精选混合A,-0.10108409509998517,ret_6m,low,12.4,short,1.0,2026-09-23
,175.0,026070,安信港股通臻选混合发起A,-0.10420827189273674,ret_6m,low,8.8,young,1.0,2026-09-23
,176.0,025060,国泰优质核心混合A,-0.10478687554068888,ret_6m,low,12.7,short,1.0,2026-09-23
,177.0,025202,中欧港股通大盘精选混合发起A,-0.10535407612517156,ret_6m,low,8.3,young,1.0,2026-09-23
,178.0,026686,兴华景睿混合发起A,-0.10566191086354493,ret_6m,low,7.4,young,1.0,2026-09-23
,179.0,026253,国泰产业升级混合发起A,-0.1120508014915026,ret_6m,low,8.9,young,1.0,2026-09-23
,180.0,024330,华夏资源精选混合发起式A,-0.12269272887337968,ret_6m,low,10.7,young,1.0,2026-09-23
,181.0,026332,广发盛世精选混合A,-0.1237036258825478,ret_6m,low,8.9,young,1.0,2026-09-23
,182.0,025854,中信保诚消费机遇混合A,-0.1270139136764049,ret_6m,low,10.6,young,1.0,2026-09-23
,183.0,025646,平安高端装备混合发起式A,-0.13123889931431187,ret_6m,low,10.8,young,1.0,2026-09-23
,184.0,024374,招商消费悦享混合发起式C,-0.13355635516350028,ret_6m,low,11.8,young,1.0,2026-09-23
,185.0,023839,银华甄选价值回报混合A,-0.1351185274218577,ret_6m,low,12.2,short,1.0,2026-09-23
,186.0,025870,圆信永丰沪港深消费精选混合发起A,-0.13780628698346886,ret_6m,low,9.7,young,1.0,2026-09-23
,187.0,025319,金元顺安乾丰稳健混合A,-0.1380131883732877,ret_6m,low,10.2,young,1.0,2026-09-23
,188.0,025838,中海港股通睿选混合A,-0.13986896380746316,ret_6m,low,9.8,young,1.0,2026-09-23
,189.0,025439,永赢启航慧选混合A,-0.14115055006910648,ret_6m,low,9.2,young,1.0,2026-09-23
,190.0,026524,泰信消费精选混合发起式A,-0.14983281751848365,ret_6m,low,7.6,young,1.0,2026-09-23
,191.0,025694,中银港股通消费精选混合发起A,-0.14988872101915074,ret_6m,low,9.9,young,1.0,2026-09-23
,192.0,026271,上银消费机遇混合发起式A,-0.1519379651425793,ret_6m,low,8.8,young,1.0,2026-09-23
,193.0,026560,国泰海通低碳经济睿选混合发起A,-0.15504599829661192,ret_6m,low,8.1,young,1.0,2026-09-23
,194.0,025390,平安港股通成长精选混合A,-0.16704683421638633,ret_6m,low,10.2,young,1.0,2026-09-23
,195.0,026662,建信资源严选股票发起A,-0.17487645225750392,ret_6m,low,7.4,young,1.0,2026-09-23
,196.0,025923,平安新能源精选混合发起式A,-0.18107085697327696,ret_6m,low,10.4,young,1.0,2026-09-23
,197.0,025777,东方阿尔法瑞享混合发起A,-0.18232627881080077,ret_6m,low,11.1,young,1.0,2026-09-23
,198.0,025459,湘财科技智选混合A,-0.18578611647110277,ret_6m,low,11.9,young,1.0,2026-09-23
,199.0,025650,平安资源精选混合发起式A,-0.1890862964594715,ret_6m,low,11.3,young,1.0,2026-09-23
,200.0,025940,浦银港股通消费混合A,-0.19254480837036914,ret_6m,low,9.9,young,1.0,2026-09-23
,201.0,024319,永赢新兴产业智选混合发起A,-0.19359957682929574,ret_6m,low,12.4,short,1.0,2026-09-23
,202.0,026638,新华医疗创新混合发起A,-0.20690296603416902,ret_6m,low,8.0,young,1.0,2026-09-23
,203.0,026003,鹏安核心优选混合发起式A,-0.21389270431496965,ret_6m,low,9.1,young,1.0,2026-09-23
,204.0,026384,中航甄选领航混合发起A,-0.21624675525969905,ret_6m,low,7.6,young,1.0,2026-09-23
,205.0,025839,恒生前海成长领航混合A,-0.22982481972120627,ret_6m,low,9.9,young,1.0,2026-09-23
,206.0,024790,鑫元产业机遇混合A,-0.23299933806437845,ret_6m,low,12.0,short,1.0,2026-09-23
,207.0,026167,国泰港股通精选混合发起A,-0.2340216851620469,ret_6m,low,8.9,young,1.0,2026-09-23
,208.0,026516,上银科技先锋股票发起式A,-0.24402984277107598,ret_6m,low,8.1,young,1.0,2026-09-23
,209.0,024826,东兴低碳经济混合发起A,-0.278979308534988,ret_6m,low,8.8,young,1.0,2026-09-23
,210.0,025340,鹏华制造升级混合A,-0.33037266701309376,ret_6m,low,11.3,young,1.0,2026-09-23
,211.0,026068,新华低碳经济混合发起A,-0.4011877708161158,ret_6m,low,9.0,young,1.0,2026-09-23
1.0,,004320,前海开源沪港深乐享生活,1.923871081620661,ret_12m,main,112.4,full,1.0,2026-09-23
2.0,,002910,易方达供给改革混合,1.8422032308687468,ret_12m,main,115.9,full,1.0,2026-09-23
3.0,,005844,东方人工智能主题混合A,1.7795225916861543,ret_12m,main,99.5,full,1.0,2026-09-23
4.0,,013840,银华集成电路混合A,1.7789738640468742,ret_12m,main,57.5,full,1.0,2026-09-23
5.0,,021179,易方达产业机遇混合A,1.7324529122956331,ret_12m,main,24.8,short,1.0,2026-09-23
6.0,,011369,华商均衡成长混合A,1.6456272967459227,ret_12m,main,65.5,full,1.0,2026-09-23
7.0,,001480,财通成长优选混合A,1.6033929087538223,ret_12m,main,134.8,full,1.0,2026-09-23
8.0,,481015,工银主题策略混合A,1.55949405150231,ret_12m,main,179.0,full,1.0,2026-09-23
9.0,,005825,申万菱信智能驱动股票A,1.5488692417868029,ret_12m,main,99.4,full,1.0,2026-09-23
10.0,,006502,财通集成电路产业股票A,1.5432972087724823,ret_12m,main,93.8,full,1.0,2026-09-23
11.0,,005119,银华智荟内在价值灵活配置混合发起A,1.5389120375942427,ret_12m,main,107.8,full,1.0,2026-09-23
12.0,,007490,南方信息创新混合A,1.489973801657233,ret_12m,main,87.2,full,1.0,2026-09-23
13.0,,018358,华富数字经济混合A,1.4821835616430605,ret_12m,main,39.1,full,1.0,2026-09-23
14.0,,001198,东方惠新灵活配置混合A,1.4692839945112102,ret_12m,main,137.1,full,1.0,2026-09-23
15.0,,162214,宏利领先中小盘混合,1.4687269286796716,ret_12m,main,187.9,full,1.0,2026-09-23
16.0,,720001,财通价值动量混合A,1.4541837428799438,ret_12m,main,177.7,full,1.0,2026-09-23
17.0,,014736,创金合信专精特新股票发起A,1.4285310613247444,ret_12m,main,55.9,full,1.0,2026-09-23
18.0,,001411,诺安创新驱动混合A,1.424857128483191,ret_12m,main,135.2,full,1.0,2026-09-23
19.0,,110005,易方达积极成长混合,1.3987409677493732,ret_12m,main,264.4,full,1.0,2026-09-23
20.0,,005628,汇安趋势动力股票A,1.3887534039576641,ret_12m,main,101.0,full,1.0,2026-09-23
21.0,,001170,宏利复兴混合A,1.3545122891342989,ret_12m,main,137.1,full,1.0,2026-09-23
22.0,,011891,易方达先锋成长混合A,1.3466151842645906,ret_12m,main,60.0,full,1.0,2026-09-23
23.0,,001437,易方达瑞享混合I,1.3425623346241014,ret_12m,main,134.9,full,1.0,2026-09-23
24.0,,001184,易方达新常态混合A,1.3405732934051664,ret_12m,main,136.8,full,1.0,2026-09-23
25.0,,013107,华夏先进制造龙头混合A,1.3145482690830983,ret_12m,main,58.2,full,1.0,2026-09-23
26.0,,008528,华泰柏瑞质量成长A,1.304736893976119,ret_12m,main,78.2,full,1.0,2026-09-23
27.0,,002125,广发新兴成长混合A,1.286669065430913,ret_12m,main,108.3,full,1.0,2026-09-23
28.0,,010115,易方达远见成长混合A,1.2857849080945702,ret_12m,main,66.6,full,1.0,2026-09-23
29.0,,005903,宏利绩优混合A,1.2846451004268626,ret_12m,main,99.4,full,1.0,2026-09-23
30.0,,001753,红土创新新兴产业混合A,1.278108929372757,ret_12m,main,132.0,full,1.0,2026-09-23
31.0,,002289,华商改革创新股票A,1.266195153285706,ret_12m,main,102.7,full,1.0,2026-09-23
32.0,,162201,宏利成长混合,1.2635126516468769,ret_12m,main,281.0,full,1.0,2026-09-23
33.0,,021626,华富半导体产业混合发起式A,1.2571223323180587,ret_12m,main,22.0,short,1.0,2026-09-23
34.0,,016370,信澳业绩驱动混合A,1.243134574578821,ret_12m,main,49.0,full,1.0,2026-09-23
35.0,,016500,华夏半导体龙头混合发起A,1.2157150199668147,ret_12m,main,48.1,full,1.0,2026-09-23
36.0,,020469,长城半导体混合发起式A,1.2124135134104241,ret_12m,main,30.9,short,1.0,2026-09-23
37.0,,630001,华商领先企业混合,1.209707965905788,ret_12m,main,232.3,full,1.0,2026-09-23
38.0,,010415,华泰柏瑞质量精选混合A,1.2039112006365564,ret_12m,main,65.8,full,1.0,2026-09-23
39.0,,019829,华夏数字产业混合A,1.1955848695483065,ret_12m,main,30.0,short,1.0,2026-09-23
40.0,,519770,交银优择回报灵活配置混合A,1.1856649361679037,ret_12m,main,125.0,full,1.0,2026-09-23
41.0,,006265,红土创新新科技股票A,1.1649580664413124,ret_12m,main,96.3,full,1.0,2026-09-23
42.0,,540010,汇丰晋信科技先锋股票,1.1640994702575513,ret_12m,main,181.9,full,1.0,2026-09-23
43.0,,002692,富国创新科技混合A,1.162106653250516,ret_12m,main,123.2,full,1.0,2026-09-23
44.0,,018776,金信精选成长混合A,1.1517699543197701,ret_12m,main,36.3,full,1.0,2026-09-23
45.0,,005819,国泰优势行业混合A,1.1494244712627144,ret_12m,main,100.2,full,1.0,2026-09-23
46.0,,024592,圆信永丰科技驱动混合发起A,1.1464699296839518,ret_12m,main,14.7,short,1.0,2026-09-23
47.0,,519773,交银数据产业灵活配置混合A,1.1434754983237663,ret_12m,main,121.2,full,1.0,2026-09-23
48.0,,008555,华商龙头优势混合,1.1403338523657585,ret_12m,main,76.1,full,1.0,2026-09-23
49.0,,000742,国泰新经济灵活配置混合A,1.1334898960920943,ret_12m,main,144.2,full,1.0,2026-09-23
50.0,,007872,金信稳健策略混合A,1.1329484859719399,ret_12m,main,81.3,full,1.0,2026-09-23
51.0,,001723,华商新动力混合A,1.129969689467199,ret_12m,main,132.2,full,1.0,2026-09-23
52.0,,010335,华宝竞争优势混合A,1.1272022247040683,ret_12m,main,69.5,full,1.0,2026-09-23
53.0,,000390,华商优势行业混合A,1.1035017676725514,ret_12m,main,153.4,full,1.0,2026-09-23
54.0,,001105,信澳转型创新股票A,1.0930105618920498,ret_12m,main,137.3,full,1.0,2026-09-23
55.0,,501026,财通多策略福享混合(LOF)A,1.0922542854248398,ret_12m,main,120.1,full,1.0,2026-09-23
56.0,,001741,广发百发大数据精选混合A,1.0902638132373097,ret_12m,main,132.3,full,1.0,2026-09-23
57.0,,011488,申万菱信乐享混合A,1.0899626577641643,ret_12m,main,66.0,full,1.0,2026-09-23
58.0,,006976,鹏华核心优势混合A,1.0838421495007826,ret_12m,main,89.7,full,1.0,2026-09-23
59.0,,010912,国泰成长价值混合A,1.0837172406467408,ret_12m,main,66.0,full,1.0,2026-09-23
60.0,,001060,前海开源高端装备制造混合A,1.0783183061244799,ret_12m,main,137.9,full,1.0,2026-09-23
61.0,,009707,工银新兴制造混合A,1.076400222824807,ret_12m,main,73.1,full,1.0,2026-09-23
62.0,,002256,金信行业优选混合发起式A,1.0732635402606476,ret_12m,main,125.7,full,1.0,2026-09-23
63.0,,008734,交银科锐科技创新混合A,1.0731222977983497,ret_12m,main,80.1,full,1.0,2026-09-23
64.0,,310358,申万菱信新经济混合A,1.0715315679192283,ret_12m,main,237.6,full,1.0,2026-09-23
65.0,,519158,新华趋势领航混合,1.0711699485969697,ret_12m,main,156.4,full,1.0,2026-09-23
66.0,,001040,新华策略精选股票A,1.065343086299718,ret_12m,main,137.8,full,1.0,2026-09-23
67.0,,180031,银华中小盘混合A,1.0616278084746353,ret_12m,main,171.1,full,1.0,2026-09-23
68.0,,003659,山证资管策略精选混合A,1.059751166275277,ret_12m,main,116.8,full,1.0,2026-09-23
69.0,,519087,新华优选分红混合A,1.0536837190500692,ret_12m,main,252.2,full,1.0,2026-09-23
70.0,,009855,中加新兴成长混合A,1.0503439579854876,ret_12m,main,72.2,full,1.0,2026-09-23
71.0,,011377,创金合信积极成长股票A,1.0478585197656343,ret_12m,main,67.4,full,1.0,2026-09-23
72.0,,000017,财通可持续混合A,1.0471718074582332,ret_12m,main,161.9,full,1.0,2026-09-23
73.0,,013296,民生加银聚优精选混合A,1.0449228861739526,ret_12m,main,59.3,full,1.0,2026-09-23
74.0,,010622,恒越成长精选混合A,1.043689501212389,ret_12m,main,67.4,full,1.0,2026-09-23
75.0,,460007,华泰柏瑞行业领先混合,1.0411237092411896,ret_12m,main,205.7,full,1.0,2026-09-23
76.0,,013721,信澳景气优选混合A,1.0383112023325816,ret_12m,main,57.1,full,1.0,2026-09-23
77.0,,160220,国泰民益混合(LOF)A,1.0365882585206312,ret_12m,main,152.8,full,1.0,2026-09-23
78.0,,012696,同泰数字经济股票A,1.0343806414859253,ret_12m,main,61.9,full,1.0,2026-09-23
79.0,,016372,信澳匠心严选一年持有混合A,1.0334485171201422,ret_12m,main,48.5,full,1.0,2026-09-23
80.0,,257070,国联安优选行业混合A,1.0288794663045508,ret_12m,main,184.0,full,1.0,2026-09-23
81.0,,006081,海富通电子传媒股票A,1.027647527049385,ret_12m,main,92.9,full,1.0,2026-09-23
82.0,,501201,红土创新科技创新股票(LOF)A,1.0265632749473208,ret_12m,main,74.0,full,1.0,2026-09-23
83.0,,021937,华安半导体产业股票发起式A,1.0232681860079094,ret_12m,main,18.4,short,1.0,2026-09-23
84.0,,017102,大摩数字经济混合A,1.0206231727073498,ret_12m,main,42.7,full,1.0,2026-09-23
85.0,,168401,红土精选混合(LOF)A,1.0174464696047485,ret_12m,main,116.8,full,1.0,2026-09-23
86.0,,018287,信澳优势产业混合A,1.0168527928226743,ret_12m,main,39.9,full,1.0,2026-09-23
87.0,,009085,银华丰享一年持有期混合,1.0151096492051503,ret_12m,main,76.8,full,1.0,2026-09-23
88.0,,010391,易方达战略新兴产业股票A,1.0124469054059713,ret_12m,main,68.3,full,1.0,2026-09-23
89.0,,018815,方正富邦核心优势混合A,1.012055653597919,ret_12m,main,32.3,short,1.0,2026-09-23
90.0,,010389,易方达科益混合A,1.0105014689207366,ret_12m,main,70.7,full,1.0,2026-09-23
91.0,,007639,汇添富竞争优势灵活配置混合,1.0010336223031504,ret_12m,main,84.6,full,1.0,2026-09-23
92.0,,200012,长城中小盘成长混合A,0.9994721237943631,ret_12m,main,187.9,full,1.0,2026-09-23
93.0,,020018,国泰金鹿混合,0.9959365188183305,ret_12m,main,219.4,full,1.0,2026-09-23
94.0,,005875,易方达中盘成长混合,0.9918132036979379,ret_12m,main,98.7,full,1.0,2026-09-23
95.0,,001715,工银新焦点混合A,0.9880340713125375,ret_12m,main,119.4,full,1.0,2026-09-23
96.0,,023313,国泰聚鑫量化选股混合发起A,0.9847824835939232,ret_12m,main,12.7,short,0.996,2026-09-23
97.0,,011899,长安鑫瑞科技6个月定开混合A,0.9842650322160575,ret_12m,main,63.7,full,1.0,2026-09-23
98.0,,007349,华夏科技创新混合A,0.9829589299114201,ret_12m,main,88.6,full,1.0,2026-09-23
99.0,,016873,广发远见智选混合A,0.982881447955982,ret_12m,main,46.0,full,1.0,2026-09-23
100.0,,012456,鹏扬数字经济先锋混合A,0.9770811731244624,ret_12m,main,60.5,full,1.0,2026-09-23
101.0,,001877,宝盈国家安全沪港深股票A,0.9751590073613532,ret_12m,main,128.1,full,1.0,2026-09-23
102.0,,021792,华泰保兴产业升级混合发起A,0.9715318936153086,ret_12m,main,24.0,short,1.0,2026-09-23
103.0,,005550,汇安成长优选混合A,0.9669595264133561,ret_12m,main,103.3,full,1.0,2026-09-23
104.0,,001613,长城久祥混合A,0.9646793510676896,ret_12m,main,130.5,full,1.0,2026-09-23
105.0,,002376,国寿安保核心产业混合,0.9619068958008188,ret_12m,main,127.6,full,1.0,2026-09-23
106.0,,021593,上银数字经济混合发起式A,0.9515800725641157,ret_12m,main,25.6,short,1.0,2026-09-23
107.0,,013383,恒生前海高端制造混合A,0.9505078566834393,ret_12m,main,50.8,full,1.0,2026-09-23
108.0,,009993,嘉实前沿创新混合,0.9431632108584793,ret_12m,main,72.3,full,1.0,2026-09-23
109.0,,006887,诺德新生活混合A,0.9377587160153316,ret_12m,main,89.9,full,1.0,2026-09-23
110.0,,010363,信澳匠心臻选两年持有期混合,0.9362192356548404,ret_12m,main,70.8,full,1.0,2026-09-23
111.0,,001956,国联安科技动力股票A,0.9350705451463801,ret_12m,main,127.9,full,1.0,2026-09-23
112.0,,024423,东方阿尔法科技优选混合发起A,0.9315673229688155,ret_12m,main,15.6,short,1.0,2026-09-23
113.0,,202027,南方高端装备混合A,0.9277688176452035,ret_12m,main,167.9,full,1.0,2026-09-23
114.0,,001412,德邦鑫星价值灵活配置混合A,0.927141470933359,ret_12m,main,135.2,full,1.0,2026-09-23
115.0,,013250,红土创新智能制造混合型发起式A,0.9247967628685305,ret_12m,main,60.5,full,1.0,2026-09-23
116.0,,020661,中加科技创新混合发起式A,0.9188150680280847,ret_12m,main,30.4,short,1.0,2026-09-23
117.0,,008988,大成科技创新混合A,0.9177194961029778,ret_12m,main,76.8,full,1.0,2026-09-23
118.0,,013389,华夏成长先锋一年持有混合A,0.9170730947400825,ret_12m,main,58.2,full,1.0,2026-09-23
119.0,,530019,建信社会责任混合A,0.9164964430544233,ret_12m,main,169.3,full,1.0,2026-09-23
120.0,,014319,德邦半导体产业混合发起式A,0.9150755551013314,ret_12m,main,56.8,full,1.0,2026-09-23
121.0,,020775,国寿安保产业升级股票发起式A,0.9149142863810109,ret_12m,main,29.2,short,1.0,2026-09-23
122.0,,002272,新华科技创新主题灵活配置混合A,0.9146012940950057,ret_12m,main,126.1,full,1.0,2026-09-23
123.0,,020553,南方半导体产业股票发起A,0.9134639208618505,ret_12m,main,28.8,short,1.0,2026-09-23
124.0,,519935,长信创新驱动股票A,0.9103598161688478,ret_12m,main,119.8,full,1.0,2026-09-23
125.0,,008382,融通产业趋势股票A,0.9078998283052306,ret_12m,main,76.5,full,1.0,2026-09-23
126.0,,017744,嘉实绿色主题股票发起式A,0.9047567843760775,ret_12m,main,43.2,full,1.0,2026-09-23
127.0,,000697,汇添富移动互联股票A,0.9045328973965814,ret_12m,main,144.9,full,1.0,2026-09-23
128.0,,013556,信澳汇智优选一年持有期混合A,0.9037883275108995,ret_12m,main,46.0,full,1.0,2026-09-23
129.0,,001759,嘉实成长增强混合,0.9029105278768592,ret_12m,main,118.4,full,1.0,2026-09-23
130.0,,007305,国联安新科技混合A,0.9004511385312661,ret_12m,main,83.9,full,1.0,2026-09-23
131.0,,016305,农银专精特新混合A,0.8952333304339157,ret_12m,main,47.8,full,1.0,2026-09-23
132.0,,000411,景顺长城优质成长股票A,0.8946299831603344,ret_12m,main,152.7,full,1.0,2026-09-23
133.0,,009062,财通智慧成长混合A,0.8905899001695399,ret_12m,main,77.7,full,1.0,2026-09-23
134.0,,481010,工银中小盘混合,0.8905162037215031,ret_12m,main,199.4,full,1.0,2026-09-23
135.0,,001048,富国新兴产业股票A,0.8895564435654046,ret_12m,main,138.4,full,1.0,2026-09-23
136.0,,013369,汇添富自主核心科技一年持有混合A,0.8870471833306912,ret_12m,main,55.0,full,1.0,2026-09-23
137.0,,011599,国联安匠心科技1个月滚动持有混合,0.8860045694714083,ret_12m,main,64.2,full,1.0,2026-09-23
138.0,,161606,融通行业景气混合A,0.8859414387950815,ret_12m,main,268.8,full,1.0,2026-09-23
139.0,,016772,诺德兴新趋势混合A,0.8850960553581166,ret_12m,main,45.1,full,1.0,2026-09-23
140.0,,008185,诺安研究优选混合A,0.8838837152611583,ret_12m,main,76.5,full,1.0,2026-09-23
141.0,,570008,诺德周期策略混合,0.8791201422630921,ret_12m,main,174.1,full,1.0,2026-09-23
142.0,,014299,宏利先进制造股票A,0.8774225416124206,ret_12m,main,56.3,full,1.0,2026-09-23
143.0,,017488,嘉实信息产业股票发起式A,0.8769735332570763,ret_12m,main,45.2,full,1.0,2026-09-23
144.0,,022364,永赢科技智选混合发起A,0.8757868486609606,ret_12m,main,22.8,short,1.0,2026-09-23
145.0,,001144,大成互联网思维混合A,0.8754756753100232,ret_12m,main,137.1,full,1.0,2026-09-23
146.0,,006522,财通新兴蓝筹混合A,0.8745605019432137,ret_12m,main,90.8,full,1.0,2026-09-23
147.0,,001808,银华互联网主题灵活配置混合A,0.8707436905217494,ret_12m,main,130.2,full,1.0,2026-09-23
148.0,,740001,长安宏观策略混合A,0.8698774353566903,ret_12m,main,174.5,full,1.0,2026-09-23
149.0,,001513,易方达信息产业混合A,0.8635007170177427,ret_12m,main,119.9,full,1.0,2026-09-23
150.0,,519172,浦银睿智精选混合A,0.8625922300670745,ret_12m,main,127.6,full,1.0,2026-09-23
151.0,,001416,嘉实事件驱动股票,0.8620744729816678,ret_12m,main,135.5,full,1.0,2026-09-23
152.0,,001856,易方达环保主题混合A,0.8613438744800275,ret_12m,main,111.7,full,1.0,2026-09-23
153.0,,007685,华商电子行业量化股票发起式A,0.858785560462966,ret_12m,main,84.2,full,1.0,2026-09-23
154.0,,005090,嘉合睿金混合发起式A,0.8546226133071639,ret_12m,main,102.1,full,1.0,2026-09-23
155.0,,001154,华银平安中国主题灵活配置,0.8532957042768001,ret_12m,main,136.6,full,1.0,2026-09-23
156.0,,011111,华泰柏瑞行业严选混合A,0.849052406027345,ret_12m,main,63.2,full,1.0,2026-09-23
157.0,,006025,诺安优化配置混合A,0.8438833042154541,ret_12m,main,96.1,full,1.0,2026-09-23
158.0,,001404,招商移动互联网产业股票基金A,0.8409439144156365,ret_12m,main,135.2,full,1.0,2026-09-23
159.0,,013469,泰信低碳经济混合发起式A,0.840321467914491,ret_12m,main,58.6,full,1.0,2026-09-23
160.0,,501079,大成科创主题混合(LOF)A,0.8362790275544714,ret_12m,main,86.2,full,1.0,2026-09-23
161.0,,019426,中银数字经济混合A,0.8334238782886765,ret_12m,main,28.9,short,1.0,2026-09-23
162.0,,009055,圆信永丰大湾区A,0.8286035641245564,ret_12m,main,76.3,full,1.0,2026-09-23
163.0,,015967,永赢半导体产业智选混合发起A,0.8277180858958311,ret_12m,main,48.0,full,1.0,2026-09-23
164.0,,010013,易方达信息行业精选股票A,0.8276031298192854,ret_12m,main,73.0,full,1.0,2026-09-23
165.0,,010237,安信创新先锋混合发起A,0.8268548050705153,ret_12m,main,70.8,full,1.0,2026-09-23
166.0,,017723,银华心质混合A,0.8266202326250238,ret_12m,main,41.8,full,1.0,2026-09-23
167.0,,006615,工银战略新兴产业混合A,0.825744658075277,ret_12m,main,89.0,full,1.0,2026-09-23
168.0,,013238,财通均衡优选一年持有混合A,0.8227652225594417,ret_12m,main,58.0,full,1.0,2026-09-23
169.0,,001036,嘉实企业变革股票,0.8176926118556527,ret_12m,main,139.3,full,1.0,2026-09-23
170.0,,003234,中信保诚至利混合A,0.8174165881619779,ret_12m,main,120.7,full,1.0,2026-09-23
171.0,,012301,易方达核心智造混合,0.8154362321134383,ret_12m,main,59.8,full,1.0,2026-09-23
172.0,,021382,博时科技驱动混合A,0.8133002868884125,ret_12m,main,27.4,short,1.0,2026-09-23
173.0,,000805,中银新经济灵活配置混合A,0.8115765760347584,ret_12m,main,143.8,full,1.0,2026-09-23
174.0,,017746,建信电子行业股票A,0.8081016190377253,ret_12m,main,41.4,full,1.0,2026-09-23
175.0,,002772,光大产业新动力混合A,0.8077485357067586,ret_12m,main,120.3,full,1.0,2026-09-23
176.0,,020821,大成领先动力混合A,0.8047367825211524,ret_12m,main,24.8,short,1.0,2026-09-23
177.0,,018000,鹏华芯片产业混合发起式A,0.8018827295290025,ret_12m,main,40.0,full,1.0,2026-09-23
178.0,,007343,嘉实科技创新混合,0.8018472322536145,ret_12m,main,88.6,full,1.0,2026-09-23
179.0,,168002,国寿安保策略精选混合A,0.8015235267728869,ret_12m,main,107.9,full,1.0,2026-09-23
180.0,,003857,前海开源周期优选混合A,0.8008869565668677,ret_12m,main,115.9,full,1.0,2026-09-23
181.0,,110015,易方达行业领先混合,0.7996169998301372,ret_12m,main,209.9,full,1.0,2026-09-23
182.0,,000166,中海信息产业混合A,0.7969012214114521,ret_12m,main,157.8,full,1.0,2026-09-23
183.0,,000823,银华高端制造业混合A,0.7946833353209635,ret_12m,main,142.3,full,1.0,2026-09-23
184.0,,020476,泰康半导体量化选股股票发起式A,0.7933413183177371,ret_12m,main,28.6,short,1.0,2026-09-23
185.0,,001076,易方达改革红利混合,0.7925853821763387,ret_12m,main,137.0,full,1.0,2026-09-23
186.0,,009808,易方达创新成长混合,0.7925631500345975,ret_12m,main,74.0,full,1.0,2026-09-23
187.0,,011399,汇添富数字未来混合A,0.7922283882260903,ret_12m,main,66.9,full,1.0,2026-09-23
188.0,,018325,国泰海通创新成长混合发起A,0.7920648676986224,ret_12m,main,40.3,full,1.0,2026-09-23
189.0,,001370,中银新趋势灵活配置混合A,0.791855965633929,ret_12m,main,135.9,full,1.0,2026-09-23
190.0,,009242,中加核心智造混合A,0.7917472594896593,ret_12m,main,74.1,full,1.0,2026-09-23
191.0,,001037,国投瑞银锐意改革混合A,0.7909794506722716,ret_12m,main,137.8,full,1.0,2026-09-23
192.0,,009402,交银启明混合A,0.7892722836660511,ret_12m,main,75.9,full,1.0,2026-09-23
193.0,,016623,银华卓信成长精选混合A,0.7886327764175036,ret_12m,main,46.6,full,1.0,2026-09-23
194.0,,673141,西部利得景程混合A,0.7883536979630392,ret_12m,main,99.1,full,1.0,2026-09-23
195.0,,000939,中银研究精选灵活配置混合A,0.7823628803200027,ret_12m,main,141.0,full,1.0,2026-09-23
196.0,,016237,华夏数字经济龙头混合发起式A,0.7808467610321754,ret_12m,main,49.6,full,1.0,2026-09-23
197.0,,519644,银河智联混合A,0.7784412518913304,ret_12m,main,129.2,full,1.0,2026-09-23
198.0,,019226,方正富邦金立方一年持有期混合A,0.7775735816435423,ret_12m,main,36.6,full,1.0,2026-09-23
199.0,,020408,华商数字经济混合A,0.7745938668092829,ret_12m,main,26.9,short,1.0,2026-09-23
200.0,,018244,嘉实产业精选混合A,0.773863526949006,ret_12m,main,25.8,short,1.0,2026-09-23
201.0,,016165,汇添富优势企业精选混合A,0.7738604866066174,ret_12m,main,47.3,full,1.0,2026-09-23
202.0,,008602,方正富邦新兴成长混合A,0.7734266416317004,ret_12m,main,72.8,full,1.0,2026-09-23
203.0,,016653,华泰柏瑞行业优选6个月持有期混合C,0.7690205456910675,ret_12m,main,46.2,full,1.0,2026-09-23
204.0,,001702,东方创新科技混合,0.7676528819213742,ret_12m,main,132.5,full,1.0,2026-09-23
205.0,,110002,易方达策略成长混合,0.7654646758937391,ret_12m,main,273.5,full,1.0,2026-09-23
206.0,,001607,英大策略优选A,0.7648305600247949,ret_12m,main,129.7,full,1.0,2026-09-23
207.0,,011817,银华阿尔法混合,0.7644013079546406,ret_12m,main,63.7,full,1.0,2026-09-23
208.0,,024433,嘉实成长共赢混合A,0.7642769676661509,ret_12m,main,15.1,short,0.9802,2026-09-23
209.0,,024052,工银科技先锋混合发起式A,0.7624443084771348,ret_12m,main,14.3,short,1.0,2026-09-23
210.0,,112002,易方达策略成长二号混合,0.7623205328119369,ret_12m,main,241.2,full,1.0,2026-09-23
211.0,,200015,长城优化升级混合A,0.7617371926666905,ret_12m,main,173.1,full,1.0,2026-09-23
212.0,,020722,国寿安保数字经济股票发起式A,0.7597297076021094,ret_12m,main,30.3,short,1.0,2026-09-23
213.0,,001239,长盛国企改革混合,0.7597089952316061,ret_12m,main,135.7,full,1.0,2026-09-23
214.0,,019759,中欧半导体产业股票发起A,0.7586803033281031,ret_12m,main,34.1,short,1.0,2026-09-23
215.0,,006751,富国互联科技股票A,0.7585801857070136,ret_12m,main,90.0,full,1.0,2026-09-23
216.0,,160324,华夏磐晟混合(LOF),0.7585288248139643,ret_12m,main,111.8,full,1.0,2026-09-23
217.0,,001470,融通通鑫灵活配置混合A,0.7582016408209797,ret_12m,main,135.3,full,1.0,2026-09-23
218.0,,002861,工银智能制造股票A,0.7559942557009429,ret_12m,main,111.1,full,1.0,2026-09-23
219.0,,014611,富国核心科技12个月持有混合A,0.7556243002001104,ret_12m,main,55.8,full,1.0,2026-09-23
220.0,,959991,兴证资管金麒麟领先优势一年持有期混合A,0.7540061222835506,ret_12m,main,76.4,full,1.0,2026-09-23
221.0,,018956,中航机遇领航混合发起A,0.7529942801311218,ret_12m,main,37.5,full,1.0,2026-09-23
222.0,,001227,中邮信息产业灵活配置混合A,0.7515288283293067,ret_12m,main,136.3,full,1.0,2026-09-23
223.0,,011665,汇添富数字经济引领发展三年持有混合A,0.7506279367688753,ret_12m,main,62.1,full,1.0,2026-09-23
224.0,,010371,大成成长进取混合A,0.7497722316232838,ret_12m,main,69.7,full,1.0,2026-09-23
225.0,,040025,华安科技动力混合A,0.7484943404035989,ret_12m,main,177.1,full,1.0,2026-09-23
226.0,,018210,红土创新景气回报混合A,0.7444915932248857,ret_12m,main,12.5,short,0.9526,2026-09-23
227.0,,010557,汇添富数字生活六个月持有混合,0.7415495703417203,ret_12m,main,70.1,full,1.0,2026-09-23
228.0,,002244,景顺长城低碳科技主题混合,0.740578545147552,ret_12m,main,126.4,full,1.0,2026-09-23
229.0,,013085,申万菱信乐同混合A,0.7385662616207775,ret_12m,main,60.6,full,1.0,2026-09-23
230.0,,110029,易方达科讯混合,0.7361011849622079,ret_12m,main,224.6,full,1.0,2026-09-23
231.0,,011822,易方达产业升级混合A,0.734224942201195,ret_12m,main,62.0,full,1.0,2026-09-23
232.0,,005328,前海开源价值策略股票,0.7325884007482728,ret_12m,main,105.0,full,1.0,2026-09-23
233.0,,000845,国投瑞银信息消费混合A,0.7319992798526345,ret_12m,main,141.7,full,1.0,2026-09-23
234.0,,005777,广发科技动力股票,0.7318068045465937,ret_12m,main,99.8,full,1.0,2026-09-23
235.0,,000688,景顺长城研究精选股票A,0.7306107985565906,ret_12m,main,145.4,full,1.0,2026-09-23
236.0,,019119,财通资管产业优选混合发起式A,0.7296016074021368,ret_12m,main,33.3,short,1.0,2026-09-23
237.0,,009049,易方达高端制造混合发起式A,0.7295311896534289,ret_12m,main,78.3,full,1.0,2026-09-23
238.0,,008919,永赢科技驱动A,0.729439273185915,ret_12m,main,79.1,full,1.0,2026-09-23
239.0,,001387,国联新经济混合A,0.7285549894577763,ret_12m,main,130.2,full,1.0,2026-09-23
240.0,,005967,鹏华创新驱动混合A,0.727440291299116,ret_12m,main,99.6,full,1.0,2026-09-23
241.0,,012545,富荣福银混合A,0.7262774884233529,ret_12m,main,63.2,full,1.0,2026-09-23
242.0,,610006,信澳产业升级混合A,0.7245804321056599,ret_12m,main,183.4,full,1.0,2026-09-23
243.0,,501200,民生加银科技创新混合(LOF),0.7238623722464552,ret_12m,main,76.3,full,1.0,2026-09-23
244.0,,003961,易方达瑞程灵活配置混合A,0.7233603400583652,ret_12m,main,117.3,full,1.0,2026-09-23
245.0,,004352,华银研究精选股票,0.7232016076724159,ret_12m,main,110.9,full,1.0,2026-09-23
246.0,,350007,天治趋势精选混合,0.7216736380087245,ret_12m,main,206.3,full,1.0,2026-09-23
247.0,,501082,博时科创主题灵活配置混合(LOF)A,0.7205618414490269,ret_12m,main,86.9,full,1.0,2026-09-23
248.0,,001396,建信互联网+产业升级股票,0.7193443211925061,ret_12m,main,135.0,full,1.0,2026-09-23
249.0,,011300,易方达智造优势混合A,0.7186047051498468,ret_12m,main,67.9,full,1.0,2026-09-23
250.0,,005310,广发电子信息传媒股票A,0.7159825113305411,ret_12m,main,105.4,full,1.0,2026-09-23
251.0,,003853,金鹰信息产业股票A,0.714905581333056,ret_12m,main,114.5,full,1.0,2026-09-23
252.0,,001267,宏利蓝筹混合,0.7116510539960614,ret_12m,main,135.7,full,1.0,2026-09-23
253.0,,001194,景顺长城稳健回报混合A,0.7075174087374623,ret_12m,main,137.5,full,1.0,2026-09-23
254.0,,519698,交银先锋混合A,0.7065987739724027,ret_12m,main,209.4,full,1.0,2026-09-23
255.0,,009913,中信保诚成长动力混合A,0.704865833767337,ret_12m,main,72.4,full,1.0,2026-09-23
256.0,,018019,南方核心科技一年持有混合A,0.7039481051614302,ret_12m,main,38.4,full,1.0,2026-09-23
257.0,,009644,东方阿尔法优势产业混合A,0.7012322475265076,ret_12m,main,74.8,full,1.0,2026-09-23
258.0,,009025,海富通科技创新混合A,0.700759986515245,ret_12m,main,78.5,full,1.0,2026-09-23
259.0,,008983,财通科技创新混合A,0.7002882559448524,ret_12m,main,74.5,full,1.0,2026-09-23
260.0,,022717,永赢锐见进取混合A,0.6985285366319471,ret_12m,main,20.0,short,1.0,2026-09-23
261.0,,015229,华夏低碳经济一年持有混合A,0.6978138825931697,ret_12m,main,50.9,full,1.0,2026-09-23
262.0,,011186,信澳至诚精选混合A,0.6976121129601596,ret_12m,main,66.7,full,1.0,2026-09-23
263.0,,000522,华润元大信息传媒科技混合A,0.6972129322252851,ret_12m,main,149.8,full,1.0,2026-09-23
264.0,,001075,宝盈转型动力混合A,0.6970514178135934,ret_12m,main,136.8,full,1.0,2026-09-23
265.0,,008635,华安科技创新混合A,0.6957978757253263,ret_12m,main,78.6,full,1.0,2026-09-23
266.0,,673050,西部利得新盈混合A,0.694488681537101,ret_12m,main,128.0,full,1.0,2026-09-23
267.0,,022995,中海科技创新混合A,0.692701406506055,ret_12m,main,14.1,short,1.0,2026-09-23
268.0,,006533,易方达科融混合,0.6925529599194649,ret_12m,main,90.0,full,1.0,2026-09-23
269.0,,501015,财通多策略升级混合(LOF)A,0.6923301927240428,ret_12m,main,126.5,full,1.0,2026-09-23
270.0,,014191,广发先进制造股票发起式A,0.6909003321146325,ret_12m,main,54.8,full,1.0,2026-09-23
271.0,,018547,金鹰产业智选一年持有混合A,0.6895763101326677,ret_12m,main,37.3,full,1.0,2026-09-23
272.0,,001701,国联产业升级混合,0.6879830027839868,ret_12m,main,126.2,full,1.0,2026-09-23
273.0,,022334,广发产业甄选混合A,0.6871844409374155,ret_12m,main,20.2,short,1.0,2026-09-23
274.0,,010418,财通景气行业混合A,0.6869701959073689,ret_12m,main,69.5,full,1.0,2026-09-23
275.0,,050022,博时回报混合,0.6868425052365368,ret_12m,main,178.5,full,1.0,2026-09-23
276.0,,017828,富国时代精选混合A,0.6824477218869534,ret_12m,main,41.9,full,1.0,2026-09-23
277.0,,015096,东财数字经济混合A,0.6812834317698677,ret_12m,main,54.8,full,1.0,2026-09-23
278.0,,014647,融通先进制造混合A,0.6798218675644938,ret_12m,main,55.0,full,1.0,2026-09-23
279.0,,006863,国联安智能制造混合A,0.6797378957828895,ret_12m,main,89.0,full,1.0,2026-09-23
280.0,,010020,华夏线上经济主题精选混合,0.6797022187721826,ret_12m,main,72.9,full,1.0,2026-09-23
281.0,,012466,嘉实策略精选混合A,0.6792515013251679,ret_12m,main,58.7,full,1.0,2026-09-23
282.0,,023451,中欧信息科技混合发起A,0.6752058399813508,ret_12m,main,18.9,short,1.0,2026-09-23
283.0,,010135,宏利高研发6个月持有混合A,0.6751031403649963,ret_12m,main,72.0,full,1.0,2026-09-23
284.0,,009994,嘉实创新先锋混合A,0.6749678692500487,ret_12m,main,71.1,full,1.0,2026-09-23
285.0,,017602,华夏国企创新混合发起式A,0.6717981756379257,ret_12m,main,29.7,short,1.0,2026-09-23
286.0,,001672,国寿安保智慧生活股票A,0.6714008655224284,ret_12m,main,132.7,full,1.0,2026-09-23
287.0,,017737,融通慧心混合A,0.6700350709052652,ret_12m,main,42.8,full,1.0,2026-09-23
288.0,,009217,博时荣丰回报灵活配置混合A,0.6697781837383294,ret_12m,main,76.6,full,1.0,2026-09-23
289.0,,001279,中海积极增利混合,0.6697180576301511,ret_12m,main,136.1,full,1.0,2026-09-23
290.0,,019765,国寿安保优选国企股票发起式A,0.6687293390939697,ret_12m,main,35.0,short,1.0,2026-09-23
291.0,,000404,易方达新兴成长灵活配置,0.6684698146870554,ret_12m,main,153.8,full,1.0,2026-09-23
292.0,,021510,宏利半导体产业混合发起A,0.6684094638972751,ret_12m,main,26.0,short,1.0,2026-09-23
293.0,,002707,大摩科技领先混合A,0.6669030675999743,ret_12m,main,105.3,full,1.0,2026-09-23
294.0,,000354,长盛城镇化主题混合A,0.665407628661931,ret_12m,main,154.3,full,1.0,2026-09-23
295.0,,013242,华银优势行业股票,0.6643358419834253,ret_12m,main,59.9,full,1.0,2026-09-23
296.0,,014727,易方达成长动力混合A,0.6636497440091202,ret_12m,main,55.5,full,1.0,2026-09-23
297.0,,000969,前海开源大安全混合,0.6636319768153867,ret_12m,main,139.5,full,1.0,2026-09-23
298.0,,014189,南方专精特新混合A,0.6634099936195164,ret_12m,main,56.6,full,1.0,2026-09-23
299.0,,005851,财通新视野灵活配置混合A,0.6554274233005484,ret_12m,main,99.0,full,1.0,2026-09-23
300.0,,040001,华安创新混合,0.6542351171250145,ret_12m,main,300.1,full,1.0,2026-09-23
301.0,,005482,博时创新驱动混合A,0.6541732832272937,ret_12m,main,103.9,full,1.0,2026-09-23
302.0,,001188,鹏华改革红利股票,0.6541263104687578,ret_12m,main,136.9,full,1.0,2026-09-23
303.0,,006128,银河和美生活混合A,0.6531448479698294,ret_12m,main,94.0,full,1.0,2026-09-23
304.0,,014416,泰康研究精选股票发起A,0.6523870608589628,ret_12m,main,56.8,full,1.0,2026-09-23
305.0,,014036,博时成长回报混合A,0.65191720789826,ret_12m,main,57.7,full,1.0,2026-09-23
306.0,,000603,易方达创新驱动灵活配置混合,0.6517506612215263,ret_12m,main,139.3,full,1.0,2026-09-23
307.0,,012082,博时数字经济混合A,0.6508842454847885,ret_12m,main,63.2,full,1.0,2026-09-23
308.0,,580002,东吴双动力混合A,0.6478943520019573,ret_12m,main,237.3,full,1.0,2026-09-23
309.0,,003586,先锋精一混合A,0.6464965031380083,ret_12m,main,118.1,full,1.0,2026-09-23
310.0,,008657,景顺长城科技创新混合A,0.6464902440163194,ret_12m,main,78.2,full,1.0,2026-09-23
311.0,,002450,平安睿享文娱混合A,0.6452283662863794,ret_12m,main,125.8,full,1.0,2026-09-23
312.0,,019003,易方达科技智选混合A,0.6440049909441379,ret_12m,main,35.9,short,1.0,2026-09-23
313.0,,007113,永赢高端制造混合A,0.6424205610437044,ret_12m,main,82.7,full,1.0,2026-09-23
314.0,,009048,浦银科技创新优选混合,0.6415684050852233,ret_12m,main,75.7,full,1.0,2026-09-23
315.0,,001749,招商中国机遇股票A,0.6411220230150774,ret_12m,main,103.5,full,1.0,2026-09-23
316.0,,002770,安信新回报混合A,0.6395695359652143,ret_12m,main,124.5,full,1.0,2026-09-23
317.0,,017794,交银启盛混合A,0.6387626619312763,ret_12m,main,41.8,full,1.0,2026-09-23
318.0,,165528,中信保诚鼎利混合(LOF)A,0.6380605736460059,ret_12m,main,124.0,full,1.0,2026-09-23
319.0,,015527,弘毅远方汽车产业升级混合A,0.637303194670632,ret_12m,main,45.2,full,1.0,2026-09-23
320.0,,008633,万家科技创新混合A,0.6336517877978534,ret_12m,main,80.5,full,1.0,2026-09-23
321.0,,015368,国泰海通领航成长一年持有混合发起A,0.6335047763998112,ret_12m,main,42.8,full,1.0,2026-09-23
322.0,,009892,富国成长策略混合A,0.6332144739526002,ret_12m,main,73.4,full,1.0,2026-09-23
323.0,,519025,海富通领先成长混合A,0.6300225870027023,ret_12m,main,208.8,full,1.0,2026-09-23
324.0,,014185,招商专精特新股票A,0.6273490658810497,ret_12m,main,57.5,full,1.0,2026-09-23
325.0,,008507,交银内核驱动混合,0.6262139989035265,ret_12m,main,80.3,full,1.0,2026-09-23
326.0,,004374,华泰保兴吉年丰混合发起A,0.6257981769666421,ret_12m,main,114.0,full,1.0,2026-09-23
327.0,,004640,华夏节能环保股票A,0.625241773642015,ret_12m,main,109.4,full,1.0,2026-09-23
328.0,,017987,易方达国企主题混合A,0.6245568747900196,ret_12m,main,40.6,full,1.0,2026-09-23
329.0,,002345,华夏高端制造混合A,0.6240689609257886,ret_12m,main,124.4,full,1.0,2026-09-23
330.0,,001072,华安智能装备主题股票A,0.6232031167379857,ret_12m,main,137.0,full,1.0,2026-09-23
331.0,,010198,易方达竞争优势企业混合A,0.6231027054998088,ret_12m,main,68.1,full,1.0,2026-09-23
332.0,,000531,东吴阿尔法灵活配置混合A,0.6229874558311177,ret_12m,main,150.2,full,1.0,2026-09-23
333.0,,001475,易方达国防军工混合A,0.622306385206598,ret_12m,main,135.2,full,1.0,2026-09-23
334.0,,017234,永赢睿恒混合A,0.6209887665850691,ret_12m,main,21.4,short,1.0,2026-09-23
335.0,,001933,华商新兴活力混合,0.6198336280205048,ret_12m,main,126.9,full,1.0,2026-09-23
336.0,,009715,汇添富策略增长灵活配置混合,0.6184575525599785,ret_12m,main,74.0,full,1.0,2026-09-23
337.0,,023397,尚正研究睿选混合发起A,0.6166921447147737,ret_12m,main,19.1,short,1.0,2026-09-23
338.0,,000541,华商创新成长混合发起式A,0.6151713692490781,ret_12m,main,150.2,full,1.0,2026-09-23
339.0,,009364,工银科技创新6个月定开混合A,0.6150089348155565,ret_12m,main,76.1,full,1.0,2026-09-23
340.0,,001521,国寿安保成长优选股票A,0.614277225427245,ret_12m,main,129.4,full,1.0,2026-09-23
341.0,,001822,华商智能生活灵活配置混合A,0.6137494990677697,ret_12m,main,130.3,full,1.0,2026-09-23
342.0,,013842,银华新锐成长混合A,0.6128072012517394,ret_12m,main,53.8,full,1.0,2026-09-23
343.0,,014254,信澳智远三年持有期混合A,0.6127073413793569,ret_12m,main,55.9,full,1.0,2026-09-23
344.0,,016507,长城数字经济混合A,0.6122492946613178,ret_12m,main,44.1,full,1.0,2026-09-23
345.0,,001892,长盛新兴成长混合A,0.6120012388251936,ret_12m,main,130.6,full,1.0,2026-09-23
346.0,,009511,信澳研究优选混合A,0.6116735493039824,ret_12m,main,75.0,full,1.0,2026-09-23
347.0,,012608,信澳领先智选混合,0.6116348899977617,ret_12m,main,62.8,full,1.0,2026-09-23
348.0,,002229,华夏经济转型股票,0.6112962467589786,ret_12m,main,126.3,full,1.0,2026-09-23
349.0,,012200,新华鑫科技3个月滚动持有灵活配置混合A,0.6104038237033067,ret_12m,main,63.9,full,1.0,2026-09-23
350.0,,002885,大摩万众创新混合A,0.6090929691872211,ret_12m,main,105.6,full,1.0,2026-09-23
351.0,,580006,东吴新经济混合A,0.607663264804323,ret_12m,main,200.8,full,1.0,2026-09-23
352.0,,004818,国寿安保目标策略混合发起A,0.6057246542072472,ret_12m,main,107.0,full,1.0,2026-09-23
353.0,,519005,海富通股票混合,0.6020377699294304,ret_12m,main,253.8,full,1.0,2026-09-23
354.0,,009891,融通产业趋势臻选股票A,0.6010881596320705,ret_12m,main,73.2,full,1.0,2026-09-23
355.0,,015440,信澳智选先锋一年持有期混合A,0.6008362277754775,ret_12m,main,51.3,full,1.0,2026-09-23
356.0,,005962,宝盈人工智能股票A,0.5982883986744114,ret_12m,main,97.3,full,1.0,2026-09-23
357.0,,481001,工银核心价值混合A,0.5979372505073071,ret_12m,main,252.7,full,1.0,2026-09-23
358.0,,001070,建信信息产业股票A,0.596475372286638,ret_12m,main,138.0,full,1.0,2026-09-23
359.0,,240017,华宝新兴产业混合,0.5963645772579207,ret_12m,main,189.5,full,1.0,2026-09-23
360.0,,001664,平安鑫安混合A,0.5963278500538025,ret_12m,main,129.4,full,1.0,2026-09-23
361.0,,008009,华商高端装备制造股票A,0.5958850740536752,ret_12m,main,81.4,full,1.0,2026-09-23
362.0,,501085,财通科创主题灵活配置混合(LOF)A,0.595817152464654,ret_12m,main,86.4,full,1.0,2026-09-23
363.0,,014007,华安制造升级一年持有混合A,0.5954120993829108,ret_12m,main,57.2,full,1.0,2026-09-23
364.0,,017075,宝盈半导体产业混合发起式A,0.5926354368020126,ret_12m,main,45.6,full,1.0,2026-09-23
365.0,,018554,交银启嘉混合A,0.5912930460559214,ret_12m,main,37.7,full,1.0,2026-09-23
366.0,,001410,信澳新能源产业股票A,0.5904483553479007,ret_12m,main,133.8,full,1.0,2026-09-23
367.0,,580009,东吴多策略混合A,0.5878492154788872,ret_12m,main,163.7,full,1.0,2026-09-23
368.0,,007346,易方达科技创新混合A,0.5877708523728975,ret_12m,main,88.8,full,1.0,2026-09-23
369.0,,320007,诺安成长混合A,0.5862484484680062,ret_12m,main,210.5,full,1.0,2026-09-23
370.0,,162703,广发小盘成长混合(LOF)A,0.585107424903899,ret_12m,main,259.6,full,1.0,2026-09-23
371.0,,011815,恒越优势精选混合A,0.5832944529987991,ret_12m,main,65.8,full,1.0,2026-09-23
372.0,,018442,汇添富成长领航混合A,0.5818563652417099,ret_12m,main,37.1,full,1.0,2026-09-23
373.0,,005495,创金合信科技成长股票A,0.5792877273386907,ret_12m,main,104.8,full,1.0,2026-09-23
374.0,,519674,银河创新成长混合A,0.578625598389273,ret_12m,main,188.8,full,1.0,2026-09-23
375.0,,002980,华夏创新前沿股票A,0.5773977567875097,ret_12m,main,120.5,full,1.0,2026-09-23
376.0,,006868,华夏科技成长股票,0.577262993706849,ret_12m,main,90.6,full,1.0,2026-09-23
377.0,,240011,华宝大盘精选混合,0.5764061929480078,ret_12m,main,215.5,full,1.0,2026-09-23
378.0,,005251,银华多元动力灵活配置混合A,0.5762318175772727,ret_12m,main,105.3,full,1.0,2026-09-23
379.0,,001039,嘉实先进制造股票,0.5760152781182195,ret_12m,main,137.0,full,1.0,2026-09-23
380.0,,002152,华宝核心优势混合A,0.5753107838944105,ret_12m,main,128.1,full,1.0,2026-09-23
381.0,,001479,中邮风格轮动灵活配置混合,0.5752074762405412,ret_12m,main,127.9,full,1.0,2026-09-23
382.0,,110013,易方达科翔混合,0.5748447430151709,ret_12m,main,213.4,full,1.0,2026-09-23
383.0,,008980,中邮科技创新精选混合A,0.5742715851019973,ret_12m,main,78.9,full,1.0,2026-09-23
384.0,,001018,易方达新经济混合,0.5740819274361353,ret_12m,main,139.3,full,1.0,2026-09-23
385.0,,018876,兴合先进制造混合发起式A,0.5714697832522564,ret_12m,main,37.5,full,1.0,2026-09-23
386.0,,006154,华安制造先锋混合A,0.5714077956527328,ret_12m,main,92.9,full,1.0,2026-09-23
387.0,,519732,交银定期支付双息平衡混合,0.57139760295541,ret_12m,main,156.6,full,1.0,2026-09-23
388.0,,012846,恒越蓝筹精选混合,0.5709278528882229,ret_12m,main,61.2,full,1.0,2026-09-23
389.0,,024469,大成至臻回报混合A,0.5692064318740957,ret_12m,main,14.9,short,0.9644,2026-09-23
390.0,,009491,宝盈创新驱动股票A,0.5674097107374434,ret_12m,main,73.4,full,1.0,2026-09-23
391.0,,100039,富国通胀通缩主题轮动混合A,0.56554419408738,ret_12m,main,196.4,full,1.0,2026-09-23
392.0,,004833,先锋聚利混合A,0.5649168042290802,ret_12m,main,100.5,full,1.0,2026-09-23
393.0,,002862,金信量化精选混合A,0.5625336091992916,ret_12m,main,122.7,full,1.0,2026-09-23
394.0,,161910,万家新机遇价值驱动A,0.5617015867336552,ret_12m,main,169.7,full,1.0,2026-09-23
395.0,,000717,融通转型三动力灵活配置混合A,0.5615410887466121,ret_12m,main,140.2,full,1.0,2026-09-23
396.0,,217020,招商安达灵活配置混合,0.5607730333743857,ret_12m,main,180.7,full,1.0,2026-09-23
397.0,,006009,国融融银灵活配置混合A,0.5594015668348651,ret_12m,main,99.5,full,1.0,2026-09-23
398.0,,012098,华夏成长机会一年持有混合,0.5593504488647913,ret_12m,main,61.8,full,1.0,2026-09-23
399.0,,019374,广发睿杰精选混合发起式A1,0.5583266035317411,ret_12m,main,34.0,short,1.0,2026-09-23
400.0,,006430,凯石澜龙头经济一年持有混合,0.5569707271433484,ret_12m,main,93.6,full,1.0,2026-09-23
401.0,,019219,中信保诚先进制造混合A,0.5568566391273,ret_12m,main,35.5,short,1.0,2026-09-23
402.0,,012650,博时半导体主题混合A,0.5565639002385958,ret_12m,main,62.1,full,1.0,2026-09-23
403.0,,021390,东兴成长优选混合发起A,0.5565528506419448,ret_12m,main,25.7,short,1.0,2026-09-23
404.0,,018835,广发成长启航混合A,0.5563455682116565,ret_12m,main,30.2,short,1.0,2026-09-23
405.0,,010155,长盛核心成长混合A,0.5557036840607208,ret_12m,main,72.0,full,1.0,2026-09-23
406.0,,001042,华夏领先股票,0.5555452704234236,ret_12m,main,136.3,full,1.0,2026-09-23
407.0,,024450,易方达成长进取混合A,0.5545599753938921,ret_12m,main,15.1,short,0.9881,2026-09-23
408.0,,006100,平安优势产业混合A,0.5529396547431427,ret_12m,main,97.1,full,1.0,2026-09-23
409.0,,012816,国泰致和混合A,0.5525290980111608,ret_12m,main,56.0,full,1.0,2026-09-23
410.0,,009023,鹏华稳健回报混合A,0.5524220925149892,ret_12m,main,77.9,full,1.0,2026-09-23
411.0,,005914,景顺长城智能生活混合A,0.5523094816549907,ret_12m,main,91.7,full,1.0,2026-09-23
412.0,,011805,嘉实优质核心两年持有混合A,0.5516691375149805,ret_12m,main,59.8,full,1.0,2026-09-23
413.0,,519089,新华优选成长混合,0.5501860397585037,ret_12m,main,218.0,full,1.0,2026-09-23
414.0,,015980,光大高端装备混合A,0.5488749760844513,ret_12m,main,46.4,full,1.0,2026-09-23
415.0,,001678,英大国企改革A,0.5487128720109551,ret_12m,main,94.0,full,1.0,2026-09-23
416.0,,007340,南方科技创新混合A,0.5479678568305688,ret_12m,main,88.6,full,1.0,2026-09-23
417.0,,008082,国寿安保研究精选混合A,0.5457420253605818,ret_12m,main,80.8,full,1.0,2026-09-23
418.0,,001959,华商乐享互联灵活配置混合A,0.5433799240640353,ret_12m,main,129.2,full,1.0,2026-09-23
419.0,,011500,九泰量化新兴产业,0.5431979690876612,ret_12m,main,64.9,full,1.0,2026-09-23
420.0,,050010,博时特许价值混合A,0.5427124506051997,ret_12m,main,219.9,full,1.0,2026-09-23
421.0,,501064,国泰价值优选灵活配置混合(LOF)A,0.5423670796217837,ret_12m,main,92.4,full,1.0,2026-09-23
422.0,,167002,平安鼎越混合(LOF)A,0.5412470297921683,ret_12m,main,120.1,full,1.0,2026-09-23
423.0,,009318,南方成长先锋混合A,0.5412351483763895,ret_12m,main,75.4,full,1.0,2026-09-23
424.0,,002420,汇添富盈鑫混合A,0.5411866258027462,ret_12m,main,126.4,full,1.0,2026-09-23
425.0,,011144,华安汇宏精选混合A,0.5408537742847945,ret_12m,main,65.9,full,1.0,2026-09-23
426.0,,002292,诺安益鑫灵活配置混合A,0.5360589519850518,ret_12m,main,128.0,full,1.0,2026-09-23
427.0,,213008,宝盈资源优选混合,0.5354298918347145,ret_12m,main,218.9,full,1.0,2026-09-23
428.0,,010361,嘉实品质优选股票A,0.5353071947229215,ret_12m,main,64.0,full,1.0,2026-09-23
429.0,,016248,银华创新动力优选混合A,0.5343029343853347,ret_12m,main,44.6,full,1.0,2026-09-23
430.0,,000940,富国中小盘精选混合A,0.5338962672536374,ret_12m,main,140.0,full,1.0,2026-09-23
431.0,,015724,英大碳中和混合A,0.5336841894186246,ret_12m,main,44.2,full,1.0,2026-09-23
432.0,,018611,鹏华高端装备一年持有期混合A,0.5325397702291912,ret_12m,main,38.4,full,1.0,2026-09-23
433.0,,014472,景顺长城远见成长混合A,0.5302782264608661,ret_12m,main,55.9,full,1.0,2026-09-23
434.0,,100022,富国天瑞强势混合A,0.5297735944437489,ret_12m,main,257.6,full,1.0,2026-09-23
435.0,,005726,国泰价值精选灵活配置混合A,0.5297344396741825,ret_12m,main,97.5,full,1.0,2026-09-23
436.0,,014292,嘉实产业领先混合A,0.5291924883493291,ret_12m,main,57.0,full,1.0,2026-09-23
437.0,,007277,恒生前海消费升级混合,0.5275262738112989,ret_12m,main,80.1,full,1.0,2026-09-23
438.0,,001869,招商制造业混合A,0.5261218022591512,ret_12m,main,129.7,full,1.0,2026-09-23
439.0,,506001,万家科创板2年定开混合,0.5249100687573622,ret_12m,main,73.7,full,1.0,2026-09-23
440.0,,013339,创金合信芯片产业股票发起A,0.5246874487389808,ret_12m,main,59.8,full,1.0,2026-09-23
441.0,,012477,富国匠心精选12个月持有混合A,0.523669846831438,ret_12m,main,60.8,full,1.0,2026-09-23
442.0,,015035,银华核心动力精选混合A,0.5236108929316683,ret_12m,main,49.2,full,1.0,2026-09-23
443.0,,001313,摩根智慧互联股票A,0.5233680799651672,ret_12m,main,135.5,full,1.0,2026-09-23
444.0,,660015,农银行业轮动混合A,0.521532892159916,ret_12m,main,166.3,full,1.0,2026-09-23
445.0,,023044,太平科技先锋混合发起式A,0.5212641391078117,ret_12m,main,17.7,short,1.0,2026-09-23
446.0,,020755,永赢融安混合A,0.5204566958957912,ret_12m,main,25.0,short,1.0,2026-09-23
447.0,,501073,华安智联混合(LOF)A,0.5199569407468625,ret_12m,main,87.4,full,1.0,2026-09-23
448.0,,160215,国泰价值经典混合(LOF),0.5199231567519085,ret_12m,main,193.3,full,1.0,2026-09-23
449.0,,519091,新华泛资源优势混合,0.516557841746065,ret_12m,main,206.4,full,1.0,2026-09-23
450.0,,005041,人保研究精选混合A,0.5164653646886093,ret_12m,main,103.7,full,1.0,2026-09-23
451.0,,501205,鹏华创新未来混合(LOF)C,0.5150199883850752,ret_12m,main,68.4,full,1.0,2026-09-23
452.0,,010383,宝盈基础产业混合A,0.5116226640900239,ret_12m,main,67.6,full,1.0,2026-09-23
453.0,,006348,银华盛利混合发起式A,0.5080065385505281,ret_12m,main,93.3,full,1.0,2026-09-23
454.0,,009474,国泰致远优势混合,0.5074024915752233,ret_12m,main,74.3,full,1.0,2026-09-23
455.0,,003131,国寿安保强国智造混合,0.5070814785496691,ret_12m,main,119.9,full,1.0,2026-09-23
456.0,,501096,国联安科创混合(LOF),0.5070499977708058,ret_12m,main,78.1,full,1.0,2026-09-23
457.0,,050004,博时精选混合A,0.5070007058511812,ret_12m,main,267.0,full,1.0,2026-09-23
458.0,,010114,华宝新兴成长混合A,0.505914327989909,ret_12m,main,72.0,full,1.0,2026-09-23
459.0,,002560,诺安和鑫混合A,0.5057740557786927,ret_12m,main,124.8,full,1.0,2026-09-23
460.0,,005730,国泰江源优势精选混合A,0.5052714981325908,ret_12m,main,102.2,full,1.0,2026-09-23
461.0,,000609,华商新量化混合A,0.5051514267809869,ret_12m,main,147.6,full,1.0,2026-09-23
462.0,,000308,建信创新中国混合,0.5046795393220869,ret_12m,main,156.0,full,1.0,2026-09-23
463.0,,050009,博时新兴成长混合,0.50445670242862,ret_12m,main,229.7,full,1.0,2026-09-23
464.0,,009899,上银内需增长股票A,0.5043104857744667,ret_12m,main,73.0,full,1.0,2026-09-23
465.0,,014600,博时回报严选混合A,0.5042252502370099,ret_12m,main,55.5,full,1.0,2026-09-23
466.0,,007353,工银科技创新混合,0.5031307656702055,ret_12m,main,88.6,full,1.0,2026-09-23
467.0,,000828,宏利转型机遇股票A,0.5029324820935506,ret_12m,main,142.2,full,1.0,2026-09-23
468.0,,013145,浙商汇金先进制造混合,0.5013876245206876,ret_12m,main,61.2,full,1.0,2026-09-23
469.0,,001496,工银聚焦30股票,0.50134418061731,ret_12m,main,135.0,full,1.0,2026-09-23
470.0,,022754,易方达科鑫量化选股股票发起式A,0.49765239869153155,ret_12m,main,21.4,short,1.0,2026-09-23
471.0,,010033,安信成长精选混合A,0.4971683351307592,ret_12m,main,71.8,full,1.0,2026-09-23
472.0,,014783,招商远见成长混合A,0.49666143667430984,ret_12m,main,49.0,full,1.0,2026-09-23
473.0,,021967,西部利得均衡优选混合A,0.4963885618467283,ret_12m,main,19.9,short,1.0,2026-09-23
474.0,,014807,宏利景气智选18个月持有混合A,0.4962472419808672,ret_12m,main,53.8,full,1.0,2026-09-23
475.0,,018730,华夏招鑫鸿瑞混合A,0.4961342953082255,ret_12m,main,32.2,short,1.0,2026-09-23
476.0,,000960,招商医药健康产业股票,0.4957203275261095,ret_12m,main,139.8,full,1.0,2026-09-23
477.0,,005668,融通新能源汽车主题精选混合A,0.49554170547115617,ret_12m,main,99.3,full,1.0,2026-09-23
478.0,,002563,泓德泓汇混合,0.49532687111199203,ret_12m,main,118.2,full,1.0,2026-09-23
479.0,,008962,建信科技创新混合A,0.49516064186745545,ret_12m,main,79.2,full,1.0,2026-09-23
480.0,,009234,鹏华优质企业混合A,0.4947155496488782,ret_12m,main,75.4,full,1.0,2026-09-23
481.0,,501099,平安新兴产业混合(LOF),0.4946401103954847,ret_12m,main,77.4,full,1.0,2026-09-23
482.0,,501075,万家科创主题灵活配置混合(LOF)A,0.49409797873441663,ret_12m,main,87.4,full,1.0,2026-09-23
483.0,,160722,嘉实惠泽混合(LOF),0.49360863402858324,ret_12m,main,119.8,full,1.0,2026-09-23
484.0,,002251,华夏军工安全混合A,0.4921662746076776,ret_12m,main,126.1,full,1.0,2026-09-23
485.0,,519949,长信利信混合A,0.48792535876405063,ret_12m,main,118.4,full,1.0,2026-09-23
486.0,,010646,融通价值趋势混合A,0.4871514153678067,ret_12m,main,64.9,full,1.0,2026-09-23
487.0,,019824,国寿安保新材料股票发起式A,0.4869240657299676,ret_12m,main,34.6,short,1.0,2026-09-23
488.0,,002064,华富产业升级灵活配置混合A,0.4868872751890798,ret_12m,main,112.5,full,1.0,2026-09-23
489.0,,000979,景顺长城沪港深精选股票A,0.4867750976260474,ret_12m,main,137.3,full,1.0,2026-09-23
490.0,,017639,景顺长城景气优选一年持有期混合A,0.4867001267039266,ret_12m,main,42.8,full,1.0,2026-09-23
491.0,,018790,华泰柏瑞均衡成长混合A,0.486657181327826,ret_12m,main,37.1,full,1.0,2026-09-23
492.0,,009189,华宝成长策略混合A,0.4866098915479602,ret_12m,main,76.5,full,1.0,2026-09-23
493.0,,002281,建信裕利灵活配置混合,0.48536392313273513,ret_12m,main,128.6,full,1.0,2026-09-23
494.0,,024439,交银瑞安混合A,0.48406682800248646,ret_12m,main,15.0,short,0.9723,2026-09-23
495.0,,016605,财通资管臻享成长混合A,0.4838233839060453,ret_12m,main,42.7,full,1.0,2026-09-23
496.0,,001951,金鹰改革红利混合,0.48330462160709664,ret_12m,main,129.7,full,1.0,2026-09-23
497.0,,020440,东兴数字经济混合发起A,0.4829041732871304,ret_12m,main,32.2,short,1.0,2026-09-23
498.0,,001712,东方红优势精选混合,0.48165972051216377,ret_12m,main,132.5,full,1.0,2026-09-23
499.0,,008251,汇安宜创量化精选混合A,0.48161105919394664,ret_12m,main,81.0,full,1.0,2026-09-23
500.0,,024804,华夏量化选股股票A,0.481455076845112,ret_12m,main,14.1,short,1.0,2026-09-23
501.0,,011351,金鹰年年邮益一年持有混合A,0.48141140323504006,ret_12m,main,66.5,full,1.0,2026-09-23
502.0,,009651,海富通成长甄选混合A,0.48130318562916474,ret_12m,main,71.9,full,1.0,2026-09-23
503.0,,019347,富国匠心成长混合A,0.48066738952571675,ret_12m,main,28.8,short,1.0,2026-09-23
504.0,,015079,永赢成长远航一年持有混合A,0.4802959954004542,ret_12m,main,53.6,full,1.0,2026-09-23
505.0,,021875,路博迈资源精选股票发起A,0.4799418129443913,ret_12m,main,24.1,short,1.0,2026-09-23
506.0,,005094,万家臻选混合A,0.479532325737579,ret_12m,main,105.1,full,1.0,2026-09-23
507.0,,017876,汇添富新能源精选混合发起式A,0.4793078965607096,ret_12m,main,42.3,full,1.0,2026-09-23
508.0,,010550,华商双擎领航混合,0.4791843558923887,ret_12m,main,70.0,full,1.0,2026-09-23
509.0,,000714,诺安稳健回报混合A,0.47760082184417163,ret_12m,main,144.3,full,1.0,2026-09-23
510.0,,519212,万家宏观择时多策略混合A,0.4772578662714886,ret_12m,main,113.8,full,1.0,2026-09-23
511.0,,360016,光大保德信行业轮动混合A,0.4760899985850875,ret_12m,main,175.2,full,1.0,2026-09-23
512.0,,009008,平安科技创新混合A,0.4753821937101743,ret_12m,main,78.6,full,1.0,2026-09-23
513.0,,005826,华夏潜龙精选股票,0.47528506308574636,ret_12m,main,95.9,full,1.0,2026-09-23
514.0,,003567,华夏行业景气混合A,0.47497506703907866,ret_12m,main,115.6,full,1.0,2026-09-23
515.0,,013855,嘉实品质发现混合A,0.4747879782052906,ret_12m,main,54.2,full,1.0,2026-09-23
516.0,,009968,金鹰内需成长混合A,0.4726130563783095,ret_12m,main,73.1,full,1.0,2026-09-23
517.0,,001210,天弘互联网混合A,0.46945491377611215,ret_12m,main,135.9,full,1.0,2026-09-23
518.0,,009929,南方创新驱动混合A,0.46847668694839917,ret_12m,main,72.8,full,1.0,2026-09-23
519.0,,009914,富国成长动力混合A,0.46724429364267905,ret_12m,main,72.2,full,1.0,2026-09-23
520.0,,002482,宝盈互联网沪港深混合,0.46665776407809156,ret_12m,main,123.2,full,1.0,2026-09-23
521.0,,470009,汇添富民营活力混合,0.46651546886904005,ret_12m,main,196.6,full,1.0,2026-09-23
522.0,,015703,易米开泰混合A,0.4664128769136273,ret_12m,main,46.5,full,1.0,2026-09-23
523.0,,005268,鹏华优势企业,0.4662647167562055,ret_12m,main,105.8,full,1.0,2026-09-23
524.0,,014175,工银价值成长混合A,0.46349003013021983,ret_12m,main,54.0,full,1.0,2026-09-23
525.0,,000698,宝盈科技30混合,0.4632535544857639,ret_12m,main,145.3,full,1.0,2026-09-23
526.0,,010375,国金鑫悦经济新动能A,0.46301632888891975,ret_12m,main,70.1,full,1.0,2026-09-23
527.0,,005136,华安幸福生活混合A,0.4613128624316256,ret_12m,main,106.9,full,1.0,2026-09-23
528.0,,024931,华夏卓越成长混合D,0.4610253108284341,ret_12m,main,13.3,short,1.0,2026-09-23
529.0,,000598,长盛生态环境混合A,0.4596546660015368,ret_12m,main,144.4,full,1.0,2026-09-23
530.0,,005265,博时厚泽回报混合A,0.458659818947871,ret_12m,main,106.0,full,1.0,2026-09-23
531.0,,952004,国泰海通君得明混合A,0.45862741601213397,ret_12m,main,84.6,full,1.0,2026-09-23
532.0,,501097,国寿安保科技创新混合(LOF),0.458314167249007,ret_12m,main,77.9,full,1.0,2026-09-23
533.0,,012530,永赢惠添盈一年持有混合,0.45705111809377175,ret_12m,main,58.4,full,1.0,2026-09-23
534.0,,010109,富国价值增长混合A,0.45704980713022514,ret_12m,main,72.3,full,1.0,2026-09-23
535.0,,110001,易方达平稳增长混合,0.45686854307781233,ret_12m,main,289.0,full,1.0,2026-09-23
536.0,,519196,万家新兴蓝筹A,0.4567414446336926,ret_12m,main,127.9,full,1.0,2026-09-23
537.0,,012130,景顺长城先进智造混合A,0.4567188337109187,ret_12m,main,61.0,full,1.0,2026-09-23
538.0,,002095,博时新收益A,0.45553863159549257,ret_12m,main,127.6,full,1.0,2026-09-23
539.0,,016157,汇添富数字经济核心产业一年持有期混合A,0.455360551306885,ret_12m,main,46.8,full,1.0,2026-09-23
540.0,,017848,东方红先进制造混合A,0.4550407072043443,ret_12m,main,40.9,full,1.0,2026-09-23
541.0,,011790,建信创新驱动混合,0.45467554908629326,ret_12m,main,61.4,full,1.0,2026-09-23
542.0,,582003,东吴配置优化混合A,0.45355624962066377,ret_12m,main,169.3,full,1.0,2026-09-23
543.0,,506000,南方科创板3年定开混合,0.45354465168882974,ret_12m,main,73.9,full,1.0,2026-09-23
544.0,,007355,汇添富科技创新混合A,0.4531744752129485,ret_12m,main,88.6,full,1.0,2026-09-23
545.0,,164205,天弘文化新兴产业股票A,0.45287123212606883,ret_12m,main,193.4,full,1.0,2026-09-23
546.0,,000586,景顺长城中小创精选股票A,0.4521165920847281,ret_12m,main,148.8,full,1.0,2026-09-23
547.0,,014350,华商卓越成长一年持有混合A,0.4516608441694283,ret_12m,main,54.8,full,1.0,2026-09-23
548.0,,015547,华商核心成长一年持有混合A,0.45161198928833257,ret_12m,main,44.9,full,1.0,2026-09-23
549.0,,003025,新华红利回报混合,0.45128585341927874,ret_12m,main,113.9,full,1.0,2026-09-23
550.0,,004183,富国产业升级混合A,0.4509663092189422,ret_12m,main,111.5,full,1.0,2026-09-23
551.0,,001297,平安智慧中国混合,0.45066399439047555,ret_12m,main,135.5,full,1.0,2026-09-23
552.0,,004450,嘉实前沿科技沪港深股票A,0.4503057982231595,ret_12m,main,112.2,full,1.0,2026-09-23
553.0,,168105,九泰泰富灵活配置混合(LOF)A,0.4499351374895537,ret_12m,main,119.9,full,1.0,2026-09-23
554.0,,014653,建信卓越成长一年持有混合A,0.4497835891898112,ret_12m,main,54.2,full,1.0,2026-09-23
555.0,,006813,博时汇悦回报混合,0.4488284394581843,ret_12m,main,91.8,full,1.0,2026-09-23
556.0,,163412,兴全轻资产混合(LOF),0.44865401831031315,ret_12m,main,173.6,full,1.0,2026-09-23
557.0,,011486,博时创新精选混合A,0.44842283676128436,ret_12m,main,66.5,full,1.0,2026-09-23
558.0,,005682,财通资管消费精选混合A,0.4480191240018061,ret_12m,main,101.7,full,1.0,2026-09-23
559.0,,001986,前海开源人工智能主题混合A,0.4449269574760233,ret_12m,main,124.6,full,1.0,2026-09-23
560.0,,519026,海富通中小盘混合,0.44391115864413244,ret_12m,main,197.3,full,1.0,2026-09-23
561.0,,519929,长信电子信息量化灵活配置混合A,0.44314087930681345,ret_12m,main,121.9,full,1.0,2026-09-23
562.0,,001305,九泰天富改革混合A,0.44301915437906825,ret_12m,main,135.5,full,1.0,2026-09-23
563.0,,519195,万家品质生活混合A,0.44206045585588094,ret_12m,main,133.6,full,1.0,2026-09-23
564.0,,015842,国投瑞银专精特新量化选股混合A,0.4409033143705945,ret_12m,main,45.6,full,1.0,2026-09-23
565.0,,014401,富国核心趋势混合A,0.440706201170862,ret_12m,main,40.3,full,1.0,2026-09-23
566.0,,519688,交银精选混合,0.4404768393416567,ret_12m,main,251.8,full,1.0,2026-09-23
567.0,,007133,嘉实长青竞争优势股票A,0.44027933762047766,ret_12m,main,88.6,full,1.0,2026-09-23
568.0,,160642,鹏华增瑞混合(LOF)A,0.4399495523805088,ret_12m,main,120.1,full,1.0,2026-09-23
569.0,,110012,易方达科汇灵活配置混合,0.43986221193749997,ret_12m,main,214.5,full,1.0,2026-09-23
570.0,,020416,农银先进制造混合A,0.43942579397069914,ret_12m,main,27.3,short,1.0,2026-09-23
571.0,,001112,东方红中国优势混合,0.4394212503421251,ret_12m,main,137.6,full,1.0,2026-09-23
572.0,,012496,同泰行业优选股票A,0.4390596566114162,ret_12m,main,60.8,full,1.0,2026-09-23
573.0,,004784,招商稳健优选股票A,0.43877903024525455,ret_12m,main,108.1,full,1.0,2026-09-23
574.0,,000263,工银信息产业混合A,0.4384714483918477,ret_12m,main,154.4,full,1.0,2026-09-23
575.0,,340006,兴全全球视野股票,0.438039333657229,ret_12m,main,240.1,full,1.0,2026-09-23
576.0,,020975,万家科技量化选股混合发起式A,0.4374862074329662,ret_12m,main,24.0,short,1.0,2026-09-23
577.0,,013774,易方达趋势优选混合A,0.43654668355228066,ret_12m,main,54.0,full,1.0,2026-09-23
578.0,,008186,淳厚信睿混合A,0.43555851706645154,ret_12m,main,79.3,full,1.0,2026-09-23
579.0,,018993,中欧数字经济混合发起A,0.4350489604312049,ret_12m,main,36.4,full,1.0,2026-09-23
580.0,,001000,中欧明睿新起点混合,0.4348589980218269,ret_12m,main,139.8,full,1.0,2026-09-23
581.0,,000061,华夏盛世混合,0.4345652953941683,ret_12m,main,201.4,full,1.0,2026-09-23
582.0,,019006,蜂巢先进制造混合发起式A,0.4345419502670975,ret_12m,main,37.3,full,1.0,2026-09-23
583.0,,210008,金鹰策略配置混合,0.43278612616601864,ret_12m,main,180.7,full,1.0,2026-09-23
584.0,,017086,嘉实ESG可持续投资混合A,0.43239480382868445,ret_12m,main,42.6,full,1.0,2026-09-23
585.0,,019295,博时匠心优选混合A,0.43188087865359703,ret_12m,main,28.9,short,1.0,2026-09-23
586.0,,018375,金信景气优选混合A,0.43153383778437027,ret_12m,main,34.7,short,1.0,2026-09-23
587.0,,019281,华西优选成长一年持有混合A,0.4314236055105669,ret_12m,main,34.7,short,1.0,2026-09-23
588.0,,010305,华夏创新驱动混合A,0.4296501124283789,ret_12m,main,70.9,full,1.0,2026-09-23
589.0,,110025,易方达资源行业混合,0.428657810457749,ret_12m,main,181.3,full,1.0,2026-09-23
590.0,,008381,前海开源新兴产业混合A,0.4284515836108851,ret_12m,main,77.3,full,1.0,2026-09-23
591.0,,000935,浙商汇金转型成长,0.42774048588205615,ret_12m,main,140.8,full,1.0,2026-09-23
592.0,,001482,摩根新兴服务股票A,0.42757137251886146,ret_12m,main,133.6,full,1.0,2026-09-23
593.0,,017878,华安匠心甄选混合A,0.4273541840103996,ret_12m,main,42.7,full,1.0,2026-09-23
594.0,,011506,建信高端装备股票A,0.42713147435357746,ret_12m,main,64.9,full,1.0,2026-09-23
595.0,,008286,易方达研究精选股票,0.42710378608744826,ret_12m,main,79.0,full,1.0,2026-09-23
596.0,,002810,金信转型创新成长混合发起式A,0.4264598102440238,ret_12m,main,123.5,full,1.0,2026-09-23
597.0,,024674,兴合景气智选混合发起式A,0.42637338150932,ret_12m,main,14.0,short,1.0,2026-09-23
598.0,,004148,圆信永丰多策略,0.4259844271841917,ret_12m,main,113.8,full,1.0,2026-09-23
599.0,,021145,银华甄选价值成长混合A,0.4250163904288291,ret_12m,main,25.5,short,1.0,2026-09-23
600.0,,017244,南方前瞻动力混合A,0.42462931360945766,ret_12m,main,44.1,full,1.0,2026-09-23
601.0,,008934,大成科技消费股票A,0.4242367771135098,ret_12m,main,74.3,full,1.0,2026-09-23
602.0,,013910,兴业兴睿两年持有混合A,0.4240400564680382,ret_12m,main,57.1,full,1.0,2026-09-23
603.0,,016340,银河价值成长混合A,0.4236956591934147,ret_12m,main,46.5,full,1.0,2026-09-23
604.0,,000513,富国高端制造行业股票A,0.42368560741629513,ret_12m,main,147.1,full,1.0,2026-09-23
605.0,,010898,银河产业动力混合A,0.423164264418705,ret_12m,main,67.9,full,1.0,2026-09-23
606.0,,023915,永赢价值发现慧选混合发起A,0.4219419878775086,ret_12m,main,17.0,short,1.0,2026-09-23
607.0,,001538,摩根科技前沿混合A,0.4195171770478894,ret_12m,main,134.5,full,1.0,2026-09-23
608.0,,673010,西部利得新动向混合A,0.41941213955870893,ret_12m,main,181.2,full,1.0,2026-09-23
609.0,,015749,博时优享回报混合A,0.41899100891085617,ret_12m,main,49.7,full,1.0,2026-09-23
610.0,,007203,银河新动能混合A,0.4178818045043311,ret_12m,main,82.2,full,1.0,2026-09-23
611.0,,015604,华安动力领航混合A,0.41772851844341763,ret_12m,main,46.5,full,1.0,2026-09-23
612.0,,022704,银河科技成长混合发起式A,0.41745307009758204,ret_12m,main,20.9,short,1.0,2026-09-23
613.0,,501078,广发科创主题灵活配置混合(LOF),0.41734273217678086,ret_12m,main,87.4,full,1.0,2026-09-23
614.0,,010490,鹏华高质量增长混合A,0.4163013103946125,ret_12m,main,70.1,full,1.0,2026-09-23
615.0,,011021,汇添富互联网核心资产六个月持有混合A,0.4158824812195514,ret_12m,main,67.9,full,1.0,2026-09-23
616.0,,017551,南方景气前瞻混合A,0.4156474261553351,ret_12m,main,42.3,full,1.0,2026-09-23
617.0,,001088,华宝国策导向混合A,0.4155418982523009,ret_12m,main,136.5,full,1.0,2026-09-23
618.0,,019888,中欧周期优选混合发起A,0.41460914077253963,ret_12m,main,34.3,short,1.0,2026-09-23
619.0,,006864,国联安核心资产策略混合,0.4145318832727236,ret_12m,main,70.1,full,1.0,2026-09-23
620.0,,000327,南方潜力新蓝筹混合A,0.4141889343605265,ret_12m,main,135.9,full,1.0,2026-09-23
621.0,,015986,中海新兴成长六个月持有期混合,0.4132918998178188,ret_12m,main,48.7,full,1.0,2026-09-23
622.0,,004745,长盛创新驱动混合A,0.41312698419199334,ret_12m,main,109.2,full,1.0,2026-09-23
623.0,,000534,长盛高端装备混合A,0.4130866547967216,ret_12m,main,150.0,full,1.0,2026-09-23
624.0,,240005,华宝多策略增长A,0.41265341442378434,ret_12m,main,268.4,full,1.0,2026-09-23
625.0,,160143,南方创业板2年定期开放混合,0.41255977849799796,ret_12m,main,72.7,full,1.0,2026-09-23
626.0,,021647,东方红动力领航混合A,0.41171739175776456,ret_12m,main,22.3,short,1.0,2026-09-23
627.0,,010680,华夏新兴成长股票A,0.4117062261683557,ret_12m,main,68.2,full,1.0,2026-09-23
628.0,,004641,万家量化睿选混合A,0.4115279426728289,ret_12m,main,109.6,full,1.0,2026-09-23
629.0,,022416,汇添富弘盛回报混合发起式A,0.4110345926974286,ret_12m,main,16.3,short,1.0,2026-09-23
630.0,,013861,泓德产业升级混合A,0.4082933346842572,ret_12m,main,55.5,full,1.0,2026-09-23
631.0,,018122,永赢数字经济智选混合发起A,0.40816851056841563,ret_12m,main,41.5,full,1.0,2026-09-23
632.0,,010730,银华心佳两年持有期混合,0.4073016390121944,ret_12m,main,68.5,full,1.0,2026-09-23
633.0,,010807,融通稳信增益6个月持有期混合A,0.40700100689748475,ret_12m,main,55.9,full,1.0,2026-09-23
634.0,,001606,农银工业4.0混合,0.4069627084121932,ret_12m,main,133.4,full,1.0,2026-09-23
635.0,,000496,长安产业精选混合A,0.4062311331416597,ret_12m,main,148.6,full,1.0,2026-09-23
636.0,,000020,景顺长城品质投资混合A,0.4047982300901234,ret_12m,main,162.2,full,1.0,2026-09-23
637.0,,370027,摩根智选30混合A,0.40401571393838487,ret_12m,main,162.6,full,1.0,2026-09-23
638.0,,005449,华夏行业龙头混合,0.4035889991464021,ret_12m,main,102.6,full,1.0,2026-09-23
639.0,,002446,广发利鑫灵活配置混合A,0.4033840041388068,ret_12m,main,126.1,full,1.0,2026-09-23
640.0,,270028,广发制造业精选混合A,0.403249727585024,ret_12m,main,180.1,full,1.0,2026-09-23
641.0,,004616,中欧电子信息产业沪港深股票A,0.403163611645208,ret_12m,main,110.6,full,1.0,2026-09-23
642.0,,519191,万家新利灵活配置混合,0.40260148378556937,ret_12m,main,152.0,full,1.0,2026-09-23
643.0,,010460,兴业研究精选混合A,0.402183585087424,ret_12m,main,69.9,full,1.0,2026-09-23
644.0,,671030,西部利得事件驱动股票A,0.4021516609456133,ret_12m,main,95.9,full,1.0,2026-09-23
645.0,,023135,农银创新驱动混合A,0.40196250139272705,ret_12m,main,20.0,short,1.0,2026-09-23
646.0,,213003,宝盈策略增长混合,0.40159731453100855,ret_12m,main,236.1,full,1.0,2026-09-23
647.0,,020600,国寿安保景气优选混合发起式A,0.40108829519765,ret_12m,main,31.9,short,1.0,2026-09-23
648.0,,012350,万家元贞量化选股股票A,0.4004066588999071,ret_12m,main,42.3,full,1.0,2026-09-23
649.0,,010427,兴银策略智选混合A,0.4003966301811026,ret_12m,main,70.4,full,1.0,2026-09-23
650.0,,009893,大摩优悦安和混合A,0.3999057478669301,ret_12m,main,72.0,full,1.0,2026-09-23
651.0,,010147,博道嘉兴一年持有期混合,0.39981884721164174,ret_12m,main,71.0,full,1.0,2026-09-23
652.0,,001106,华商健康生活混合,0.39964928990078086,ret_12m,main,138.3,full,1.0,2026-09-23
653.0,,002577,南方新兴龙头灵活配置混合A,0.39936106394036597,ret_12m,main,124.7,full,1.0,2026-09-23
654.0,,005775,中加转型动力混合A,0.3988407177950757,ret_12m,main,96.6,full,1.0,2026-09-23
655.0,,000592,建信改革红利股票A,0.3987958466970609,ret_12m,main,148.3,full,1.0,2026-09-23
656.0,,009931,淳厚欣享一年持有期混合A,0.3987507599852238,ret_12m,main,72.2,full,1.0,2026-09-23
657.0,,005977,中信保诚至兴混合A,0.3985067660164108,ret_12m,main,98.9,full,1.0,2026-09-23
658.0,,010611,万家战略发展产业混合A,0.3982973341033704,ret_12m,main,68.3,full,1.0,2026-09-23
659.0,,011373,招商前沿医疗保健股票A,0.3982081374430213,ret_12m,main,63.0,full,1.0,2026-09-23
660.0,,519029,华夏稳增混合,0.3972100678357362,ret_12m,main,239.8,full,1.0,2026-09-23
661.0,,009488,中邮价值精选混合A,0.3966400091993467,ret_12m,main,75.0,full,1.0,2026-09-23
662.0,,001534,华宝万物互联混合A,0.3960915139316161,ret_12m,main,134.8,full,1.0,2026-09-23
663.0,,550009,中信保诚中小盘混合A,0.3960361939634287,ret_12m,main,199.4,full,1.0,2026-09-23
664.0,,001816,汇添富新睿精选混合A,0.39478495329401664,ret_12m,main,117.1,full,1.0,2026-09-23
665.0,,320005,诺安价值增长混合A,0.39452777711826825,ret_12m,main,238.1,full,1.0,2026-09-23
666.0,,019820,鹏华远见精选混合发起式A,0.3942149257306651,ret_12m,main,33.8,short,1.0,2026-09-23
667.0,,011030,达诚价值先锋灵活配置A,0.3938326263625409,ret_12m,main,64.2,full,1.0,2026-09-23
668.0,,014325,国联安核心趋势一年持有混合A,0.3937131626543495,ret_12m,main,56.8,full,1.0,2026-09-23
669.0,,257020,国联安精选混合,0.39329011037303463,ret_12m,main,248.8,full,1.0,2026-09-23
670.0,,001682,新华鑫回报混合,0.3932263072862976,ret_12m,main,132.7,full,1.0,2026-09-23
671.0,,023632,景顺长城新兴产业混合A,0.3930946666919446,ret_12m,main,17.7,short,1.0,2026-09-23
672.0,,012294,泰康优势精选三年持有期混合,0.39289991401011304,ret_12m,main,60.7,full,1.0,2026-09-23
673.0,,009857,博时价值臻选持有期混合A,0.3926250005618903,ret_12m,main,73.8,full,1.0,2026-09-23
674.0,,014818,国金新兴价值混合A,0.3921207154881643,ret_12m,main,54.5,full,1.0,2026-09-23
675.0,,001009,摩根安全战略股票A,0.39173406378070785,ret_12m,main,138.9,full,1.0,2026-09-23
676.0,,023647,广发科技智选股票发起式A,0.3909925485692012,ret_12m,main,17.2,short,1.0,2026-09-23
677.0,,018796,海富通远见回报混合A,0.3896777994040439,ret_12m,main,18.7,short,1.0,2026-09-23
678.0,,008638,广发科技创新混合A,0.3896211978737929,ret_12m,main,81.0,full,1.0,2026-09-23
679.0,,014478,中加低碳经济六个月持有混合A,0.38919441523322074,ret_12m,main,54.1,full,1.0,2026-09-23
680.0,,005299,万家成长优选混合A,0.3888984022012558,ret_12m,main,103.7,full,1.0,2026-09-23
681.0,,519185,万家精选混合A,0.3880934633329698,ret_12m,main,208.2,full,1.0,2026-09-23
682.0,,010790,海富通均衡甄选混合A,0.3877390777098437,ret_12m,main,67.9,full,1.0,2026-09-23
683.0,,519181,万家和谐增长混合A,0.3875845154664128,ret_12m,main,237.8,full,1.0,2026-09-23
684.0,,014356,长信企业成长三年持有混合A,0.38711565004737647,ret_12m,main,50.8,full,1.0,2026-09-23
685.0,,001764,广发沪港深新机遇股票,0.38659285173272306,ret_12m,main,123.9,full,1.0,2026-09-23
686.0,,022003,博道大盘成长股票A,0.38658808003513245,ret_12m,main,21.9,short,1.0,2026-09-23
687.0,,006904,泰康产业升级混合A,0.3863210137880051,ret_12m,main,88.2,full,1.0,2026-09-23
688.0,,001832,易方达瑞恒灵活配置混合,0.38593262832750197,ret_12m,main,104.4,full,1.0,2026-09-23
689.0,,010755,博道睿见一年持有期混合,0.38557975489659113,ret_12m,main,69.5,full,1.0,2026-09-23
690.0,,000793,工银高端制造股票,0.3841065265222481,ret_12m,main,143.0,full,1.0,2026-09-23
691.0,,006281,万家人工智能混合A,0.38407742410988566,ret_12m,main,91.9,full,1.0,2026-09-23
692.0,,021501,信澳科技驱动混合A,0.38367972554705965,ret_12m,main,21.2,short,1.0,2026-09-23
693.0,,004666,长城久嘉创新成长混合A,0.38356311688768585,ret_12m,main,109.6,full,1.0,2026-09-23
694.0,,000524,摩根民生需求股票A,0.3829997623203285,ret_12m,main,150.3,full,1.0,2026-09-23
695.0,,002149,嘉实新优选混合,0.3826008102023619,ret_12m,main,125.5,full,1.0,2026-09-23
696.0,,519133,海富通改革驱动混合,0.3819509408689459,ret_12m,main,124.8,full,1.0,2026-09-23
697.0,,009859,银华乐享混合A,0.3817914462815353,ret_12m,main,69.0,full,1.0,2026-09-23
698.0,,016272,华泰保兴吉年红混合发起A,0.3816013086055552,ret_12m,main,28.6,short,1.0,2026-09-23
699.0,,012186,招商品质成长混合A,0.3806472843728259,ret_12m,main,60.0,full,1.0,2026-09-23
700.0,,005805,华泰柏瑞医疗健康A,0.3802744858655711,ret_12m,main,99.0,full,1.0,2026-09-23
701.0,,001162,前海开源优势蓝筹股票A,0.37982354832985776,ret_12m,main,136.9,full,1.0,2026-09-23
702.0,,160512,博时卓越品牌混合(LOF)A,0.3786345703354568,ret_12m,main,183.8,full,1.0,2026-09-23
703.0,,008208,博道嘉泰回报混合,0.37862180669924594,ret_12m,main,81.1,full,1.0,2026-09-23
704.0,,000209,中信保诚新兴产业混合A,0.3784659582148353,ret_12m,main,158.2,full,1.0,2026-09-23
705.0,,202212,南方平衡配置混合A,0.37622703712794814,ret_12m,main,183.1,full,1.0,2026-09-23
706.0,,013755,中银证券内需增长混合A,0.37591952813684726,ret_12m,main,58.4,full,1.0,2026-09-23
707.0,,160605,鹏华中国50混合,0.3755656969892829,ret_12m,main,268.4,full,1.0,2026-09-23
708.0,,169104,东方红睿满沪港深混合(LOF)A,0.3748143990542203,ret_12m,main,122.8,full,1.0,2026-09-23
709.0,,017960,招商趋势领航混合A,0.37447008639593804,ret_12m,main,42.1,full,1.0,2026-09-23
710.0,,007345,富国科技创新灵活配置混合,0.37431294461049447,ret_12m,main,88.6,full,1.0,2026-09-23
711.0,,013147,汇添富碳中和主题混合A,0.37407419061983904,ret_12m,main,60.3,full,1.0,2026-09-23
712.0,,012541,金鹰产业升级混合A,0.37361614937026344,ret_12m,main,62.2,full,1.0,2026-09-23
713.0,,011828,平安睿享成长混合A,0.37347914822945705,ret_12m,main,61.6,full,1.0,2026-09-23
714.0,,000458,英大领先回报A,0.3728709210484511,ret_12m,main,150.6,full,1.0,2026-09-23
715.0,,011167,景顺长城景气成长混合A,0.3728672048301487,ret_12m,main,63.3,full,1.0,2026-09-23
716.0,,002542,长城久鼎混合A,0.37282105771363105,ret_12m,main,122.1,full,1.0,2026-09-23
717.0,,010303,华泰柏瑞量化创盈混合A,0.3721056473182385,ret_12m,main,70.3,full,1.0,2026-09-23
718.0,,001103,前海开源工业革命4.0混合,0.37202476824818054,ret_12m,main,137.9,full,1.0,2026-09-23
719.0,,011269,中银证券优势制造股票A,0.3720091364579492,ret_12m,main,62.5,full,1.0,2026-09-23
720.0,,004726,先锋聚优A,0.3719516302098862,ret_12m,main,108.3,full,1.0,2026-09-23
721.0,,006573,人保行业轮动混合A,0.3717238317376135,ret_12m,main,89.0,full,1.0,2026-09-23
722.0,,008793,博道嘉元混合A,0.3715897070985281,ret_12m,main,78.7,full,1.0,2026-09-23
723.0,,001409,工银互联网加股票,0.37142176293205953,ret_12m,main,135.6,full,1.0,2026-09-23
724.0,,010944,招商商业模式优选A,0.37124511020742057,ret_12m,main,65.9,full,1.0,2026-09-23
725.0,,016485,中欧成长先锋混合A,0.37095544938644354,ret_12m,main,46.0,full,1.0,2026-09-23
726.0,,001825,建信中国制造2025股票A,0.3706673121096906,ret_12m,main,114.5,full,1.0,2026-09-23
727.0,,008671,银华科技创新混合A,0.369977138532843,ret_12m,main,80.2,full,1.0,2026-09-23
728.0,,001152,融通新区域新经济灵活配置混合,0.3699256560812523,ret_12m,main,136.1,full,1.0,2026-09-23
729.0,,019293,长江长扬混合发起A,0.3698240165741482,ret_12m,main,36.4,full,1.0,2026-09-23
730.0,,019136,交银启合混合A,0.3696838877159545,ret_12m,main,21.8,short,1.0,2026-09-23
731.0,,000601,华宝创新优选混合,0.36958261283899096,ret_12m,main,148.3,full,1.0,2026-09-23
732.0,,001216,易方达新收益混合A,0.36857260099115385,ret_12m,main,137.2,full,1.0,2026-09-23
733.0,,163411,兴全精选混合,0.36802500056103216,ret_12m,main,181.7,full,1.0,2026-09-23
734.0,,014639,兴全合衡三年持有混合A,0.36778580897229096,ret_12m,main,56.3,full,1.0,2026-09-23
735.0,,000545,中邮核心竞争力灵活配置混合,0.3676975847129884,ret_12m,main,149.0,full,1.0,2026-09-23
736.0,,024317,前海开源研究驱动混合A,0.36724898382185733,ret_12m,main,15.4,short,1.0,2026-09-23
737.0,,010181,兴业优势产业混合A,0.3661434626710274,ret_12m,main,70.8,full,1.0,2026-09-23
738.0,,080002,长盛创新先锋混合A,0.3658572068618926,ret_12m,main,219.6,full,1.0,2026-09-23
739.0,,010313,上银鑫恒混合A,0.36345988240976523,ret_12m,main,70.1,full,1.0,2026-09-23
740.0,,501054,东方红睿泽三年持有混合A,0.3629350397784159,ret_12m,main,103.7,full,1.0,2026-09-23
741.0,,002863,金信深圳成长混合A,0.3628429257346475,ret_12m,main,117.0,full,1.0,2026-09-23
742.0,,009596,泰康创新成长混合A,0.3620411005675701,ret_12m,main,72.5,full,1.0,2026-09-23
743.0,,519957,长信睿进混合A,0.36176366105011293,ret_12m,main,134.6,full,1.0,2026-09-23
744.0,,005598,广发中小盘精选混合A,0.3612552296723035,ret_12m,main,100.7,full,1.0,2026-09-23
745.0,,015145,同泰新能源1年持有股票A,0.36077266712234324,ret_12m,main,47.8,full,1.0,2026-09-23
746.0,,001125,博时互联网主题灵活配置混合,0.36070245864929307,ret_12m,main,136.9,full,1.0,2026-09-23
747.0,,009360,招商创新增长混合A,0.3605529467678261,ret_12m,main,75.2,full,1.0,2026-09-23
748.0,,007777,中邮研究精选混合,0.3603509275008412,ret_12m,main,84.4,full,1.0,2026-09-23
749.0,,163402,兴全趋势投资混合(LOF),0.35998801859049223,ret_12m,main,250.6,full,1.0,2026-09-23
750.0,,016856,银河景气行业混合A,0.3594408595012073,ret_12m,main,45.8,full,1.0,2026-09-23
751.0,,010264,鹏华成长智选混合A,0.3591199839465333,ret_12m,main,71.1,full,1.0,2026-09-23
752.0,,004044,金鹰转型动力混合,0.35821523842399206,ret_12m,main,106.2,full,1.0,2026-09-23
753.0,,010126,平安价值成长混合A,0.3576028157384106,ret_12m,main,72.0,full,1.0,2026-09-23
754.0,,010495,创金合信创新驱动股票A,0.357432319923662,ret_12m,main,68.8,full,1.0,2026-09-23
755.0,,011888,民生加银周期优选混合A,0.3567600603261467,ret_12m,main,63.0,full,1.0,2026-09-23
756.0,,000756,建信潜力新蓝筹股票A,0.35627865059256414,ret_12m,main,144.4,full,1.0,2026-09-23
757.0,,202023,南方优选成长混合A,0.3561628997408166,ret_12m,main,187.8,full,1.0,2026-09-23
758.0,,022414,前海开源国企精选混合发起A,0.3555873667232794,ret_12m,main,21.6,short,1.0,2026-09-23
759.0,,005774,华夏产业升级混合A,0.3555590796372856,ret_12m,main,97.0,full,1.0,2026-09-23
760.0,,006769,长城研究精选混合A,0.35539098147563375,ret_12m,main,85.3,full,1.0,2026-09-23
761.0,,010925,兴银科技增长1个月滚动混合A,0.35500488196125146,ret_12m,main,67.1,full,1.0,2026-09-23
762.0,,000577,安信价值精选股票A,0.35481928354832304,ret_12m,main,149.1,full,1.0,2026-09-23
763.0,,001173,中欧瑾和灵活配置混合A,0.3532484376746672,ret_12m,main,137.4,full,1.0,2026-09-23
764.0,,162205,宏利风险预算混合,0.3530698812086459,ret_12m,main,257.6,full,1.0,2026-09-23
765.0,,001744,诺安进取回报混合A,0.35291341706362167,ret_12m,main,119.9,full,1.0,2026-09-23
766.0,,001053,南方创新经济,0.3528855765446901,ret_12m,main,138.0,full,1.0,2026-09-23
767.0,,010792,华安成长先锋混合A,0.35262294226648017,ret_12m,main,67.0,full,1.0,2026-09-23
768.0,,000309,大摩品质生活精选股票A,0.35215000213270287,ret_12m,main,154.8,full,1.0,2026-09-23
769.0,,013006,摩根景气甄选混合A,0.35199063858400614,ret_12m,main,60.7,full,1.0,2026-09-23
770.0,,021636,长城周期优选混合发起式A,0.35182823210783054,ret_12m,main,26.7,short,1.0,2026-09-23
771.0,,012835,招商景气精选股票A,0.3512153883878659,ret_12m,main,62.1,full,1.0,2026-09-23
772.0,,013675,长城价值甄选一年持有混合C,0.3510628015313637,ret_12m,main,53.6,full,1.0,2026-09-23
773.0,,013323,国寿安保盛泽三年持有混合A,0.3506193635353374,ret_12m,main,56.1,full,1.0,2026-09-23
774.0,,014263,鑫元长三角混合A,0.3502040615082813,ret_12m,main,53.8,full,1.0,2026-09-23
775.0,,002145,诺安景鑫灵活配置混合,0.34989436057204704,ret_12m,main,129.5,full,1.0,2026-09-23
776.0,,002160,南方驱动混合,0.3491058429234093,ret_12m,main,126.0,full,1.0,2026-09-23
777.0,,010864,泓德卓远混合A,0.3483093502871395,ret_12m,main,69.0,full,1.0,2026-09-23
778.0,,001398,华泰柏瑞健康生活混合,0.348183760937504,ret_12m,main,135.2,full,1.0,2026-09-23
779.0,,012410,海富通成长领航混合A,0.3478227320144731,ret_12m,main,57.5,full,1.0,2026-09-23
780.0,,011800,申万菱信价值精选混合A,0.3473845346653628,ret_12m,main,64.9,full,1.0,2026-09-23
781.0,,013000,广发盛泽一年持有混合A,0.34709373682996025,ret_12m,main,53.8,full,1.0,2026-09-23
782.0,,165516,中信保诚周期轮动混合(LOF)A,0.34644072392882697,ret_12m,main,172.6,full,1.0,2026-09-23
783.0,,001008,工银国企改革股票,0.3459386691704971,ret_12m,main,139.9,full,1.0,2026-09-23
784.0,,005544,银华瑞和灵活配置混合A,0.34591779984459436,ret_12m,main,100.9,full,1.0,2026-09-23
785.0,,012188,华安优势龙头混合A,0.34572261746106014,ret_12m,main,58.2,full,1.0,2026-09-23
786.0,,519197,万家颐达灵活配置混合A,0.3453370698054725,ret_12m,main,123.7,full,1.0,2026-09-23
787.0,,501077,富国创新企业灵活配置混合(LOF)A,0.3452278514011089,ret_12m,main,87.4,full,1.0,2026-09-23
788.0,,000527,南方新优享灵活配置混合A,0.3445831448755372,ret_12m,main,150.9,full,1.0,2026-09-23
789.0,,018821,银华新材料混合发起式A,0.34418627546900393,ret_12m,main,30.6,short,1.0,2026-09-23
790.0,,002776,招商安荣混合A,0.3430628874058681,ret_12m,main,122.3,full,1.0,2026-09-23
791.0,,015043,西部利得时代动力混合发起A,0.3400321798624444,ret_12m,main,51.8,full,1.0,2026-09-23
792.0,,012221,瑞达行业轮动混合A,0.3399530292870896,ret_12m,main,63.5,full,1.0,2026-09-23
793.0,,210004,金鹰稳健成长混合,0.33945936419217526,ret_12m,main,197.3,full,1.0,2026-09-23
794.0,,630010,华商价值精选混合,0.33929525198920696,ret_12m,main,183.8,full,1.0,2026-09-23
795.0,,006257,信澳先进智造股票型A,0.3392012190531819,ret_12m,main,92.2,full,1.0,2026-09-23
796.0,,377240,摩根新兴动力混合A,0.33893007293401944,ret_12m,main,182.4,full,1.0,2026-09-23
797.0,,100060,富国高新技术产业混合,0.3382778605904615,ret_12m,main,170.9,full,1.0,2026-09-23
798.0,,373020,摩根双核平衡混合A,0.33787281053027063,ret_12m,main,220.1,full,1.0,2026-09-23
799.0,,530011,建信内生动力混合A,0.33771166765260396,ret_12m,main,190.2,full,1.0,2026-09-23
800.0,,011277,上银科技驱动双周定期可赎回混合A,0.337475516286764,ret_12m,main,63.5,full,1.0,2026-09-23
801.0,,004958,圆信永丰优享生活,0.33680518840299567,ret_12m,main,108.8,full,1.0,2026-09-23
802.0,,000963,兴业多策略混合,0.3367256625607662,ret_12m,main,140.0,full,1.0,2026-09-23
803.0,,007497,中庚价值灵动灵活配置混合,0.33579130449430883,ret_12m,main,86.3,full,1.0,2026-09-23
804.0,,008467,博道嘉瑞混合A,0.33578932736700673,ret_12m,main,80.8,full,1.0,2026-09-23
805.0,,024830,西部利得资源鑫选混合发起A,0.33555815209505657,ret_12m,main,13.6,short,1.0,2026-09-23
806.0,,021730,富达低碳成长混合A,0.33526682114374173,ret_12m,main,20.9,short,1.0,2026-09-23
807.0,,019367,长城均衡成长混合A,0.3350838979702264,ret_12m,main,33.0,short,1.0,2026-09-23
808.0,,023117,华安高端装备股票发起式A,0.33487886045499216,ret_12m,main,15.9,short,1.0,2026-09-23
809.0,,014562,易方达品质动能三年持有混合A,0.33483341921307885,ret_12m,main,50.6,full,1.0,2026-09-23
810.0,,004683,建信高端医疗股票A,0.33431955024685966,ret_12m,main,110.2,full,1.0,2026-09-23
811.0,,001731,广发百发大数据价值混合A,0.33427838119940767,ret_12m,main,111.2,full,1.0,2026-09-23
812.0,,519679,银河主题混合A,0.33407534711095366,ret_12m,main,168.0,full,1.0,2026-09-23
813.0,,018868,兴全品质甄选混合A,0.3338198922828737,ret_12m,main,36.6,full,1.0,2026-09-23
814.0,,700004,平安灵活配置混合A,0.33142893062721424,ret_12m,main,168.4,full,1.0,2026-09-23
815.0,,000574,宝盈新价值混合A,0.33127461381932855,ret_12m,main,149.5,full,1.0,2026-09-23
816.0,,011874,博时先进制造混合A,0.331016577717518,ret_12m,main,64.2,full,1.0,2026-09-23
817.0,,012198,国金核心资产一年持有A,0.3308610759192583,ret_12m,main,60.3,full,1.0,2026-09-23
818.0,,011122,汇添富ESG可持续成长股票A,0.3304289682033301,ret_12m,main,63.4,full,1.0,2026-09-23
819.0,,000751,嘉实新兴产业股票,0.33005081188361673,ret_12m,main,144.2,full,1.0,2026-09-23
820.0,,019189,华商品质价值混合A,0.32984965878134864,ret_12m,main,29.7,short,1.0,2026-09-23
821.0,,010936,交银均衡成长一年混合A,0.32978929893773423,ret_12m,main,67.7,full,1.0,2026-09-23
822.0,,018504,景顺长城周期优选混合A,0.32811461170504397,ret_12m,main,36.8,full,1.0,2026-09-23
823.0,,519003,海富通收益增长混合,0.32806355492732897,ret_12m,main,270.4,full,1.0,2026-09-23
824.0,,006270,汇安核心成长混合A,0.3278659467011438,ret_12m,main,91.9,full,1.0,2026-09-23
825.0,,001849,前海开源强势共识100强股票,0.32761462388889506,ret_12m,main,129.4,full,1.0,2026-09-23
826.0,,165313,建信优势动力混合(LOF),0.32696510261559864,ret_12m,main,162.1,full,1.0,2026-09-23
827.0,,014773,华安品质领先混合A,0.32659067274860254,ret_12m,main,54.5,full,1.0,2026-09-23
828.0,,016029,湘财成长优选一年持有混合A,0.3260948200288436,ret_12m,main,49.9,full,1.0,2026-09-23
829.0,,200001,长城久恒灵活配置混合A,0.32407357579838036,ret_12m,main,274.8,full,1.0,2026-09-23
830.0,,000066,诺安鸿鑫混合A,0.32398007035217247,ret_12m,main,160.7,full,1.0,2026-09-23
831.0,,002860,前海开源沪港深新机遇混合A,0.32353869004866764,ret_12m,main,120.8,full,1.0,2026-09-23
832.0,,001366,金鹰产业整合混合A,0.3232304265775381,ret_12m,main,135.3,full,1.0,2026-09-23
833.0,,001322,东吴新趋势价值线混合,0.3228637452300751,ret_12m,main,134.8,full,1.0,2026-09-23
834.0,,016626,汇添富创新成长混合A,0.3228213223542815,ret_12m,main,45.3,full,1.0,2026-09-23
835.0,,010137,华泰柏瑞量化创享混合A,0.3226684325193294,ret_12m,main,68.8,full,1.0,2026-09-23
836.0,,501080,中金科创主题灵活配置混合(LOF),0.3217833483081294,ret_12m,main,86.4,full,1.0,2026-09-23
837.0,,011170,宝盈智慧生活混合A,0.3217057169465565,ret_12m,main,65.1,full,1.0,2026-09-23
838.0,,009861,鹏华新兴成长混合A,0.32160480305345196,ret_12m,main,74.2,full,1.0,2026-09-23
839.0,,000001,华夏成长混合,0.3214292646169652,ret_12m,main,297.2,full,1.0,2026-09-23
840.0,,400001,东方龙混合,0.32126274855477854,ret_12m,main,261.9,full,1.0,2026-09-23
841.0,,014341,摩根时代睿选股票A,0.32104576061228096,ret_12m,main,39.4,full,1.0,2026-09-23
842.0,,001743,诺安优选回报混合A,0.32074053021489224,ret_12m,main,120.0,full,1.0,2026-09-23
843.0,,007808,华银量化优选灵活配置,0.32053272706695357,ret_12m,main,84.2,full,1.0,2026-09-23
844.0,,009882,华润元大核心动力混合A,0.32050798930224733,ret_12m,main,73.0,full,1.0,2026-09-23
845.0,,018985,信澳双创智选混合A,0.3200357535482943,ret_12m,main,35.3,short,1.0,2026-09-23
846.0,,010878,诺德优势产业,0.31959045739098046,ret_12m,main,65.8,full,1.0,2026-09-23
847.0,,519668,银河成长混合,0.3193211418045738,ret_12m,main,219.9,full,1.0,2026-09-23
848.0,,024202,永赢制造升级智选混合发起A,0.31856025392373977,ret_12m,main,15.4,short,1.0,2026-09-23
849.0,,690001,民生加银品牌蓝筹混合A,0.3175160757787874,ret_12m,main,209.9,full,1.0,2026-09-23
850.0,,007731,民生加银持续成长混合A,0.31741064527744145,ret_12m,main,84.0,full,1.0,2026-09-23
851.0,,016568,嘉实碳中和主题混合A,0.3172098293721013,ret_12m,main,41.8,full,1.0,2026-09-23
852.0,,011284,中信保诚龙腾精选混合,0.31703764334208784,ret_12m,main,65.8,full,1.0,2026-09-23
853.0,,005638,农银汇理量化智慧动力混合,0.3166415398255247,ret_12m,main,101.9,full,1.0,2026-09-23
854.0,,018910,中欧科技成长混合A,0.31609779004024596,ret_12m,main,31.7,short,1.0,2026-09-23
855.0,,005634,汇安行业龙头混合A,0.31570018168165137,ret_12m,main,84.9,full,1.0,2026-09-23
856.0,,012647,中欧洞见一年持有混合,0.3150384379629143,ret_12m,main,58.9,full,1.0,2026-09-23
857.0,,005028,鹏华研究精选灵活配置混合,0.3150017873917159,ret_12m,main,107.5,full,1.0,2026-09-23
858.0,,206009,鹏华新兴产业混合A,0.31485026688833395,ret_12m,main,183.3,full,1.0,2026-09-23
859.0,,002495,前海开源量化优选A,0.31449486593228837,ret_12m,main,110.7,full,1.0,2026-09-23
860.0,,014825,汇泉兴至未来一年持有混合A,0.31422555066028557,ret_12m,main,53.6,full,1.0,2026-09-23
861.0,,009863,富国创新趋势股票A,0.3131121609950207,ret_12m,main,73.9,full,1.0,2026-09-23
862.0,,160610,鹏华动力增长混合(LOF),0.3129024082556715,ret_12m,main,236.5,full,1.0,2026-09-23
863.0,,011371,华商远见价值A,0.31275347023182376,ret_12m,main,63.2,full,1.0,2026-09-23
864.0,,008065,汇添富中盘积极成长混合A,0.3122202901564781,ret_12m,main,78.4,full,1.0,2026-09-23
865.0,,009847,圆信永丰研究精选混合A,0.31213528920721956,ret_12m,main,72.9,full,1.0,2026-09-23
866.0,,013590,南方比较优势混合A,0.3120754663444787,ret_12m,main,55.5,full,1.0,2026-09-23
867.0,,000021,华夏优势增长混合,0.3120378271242181,ret_12m,main,238.0,full,1.0,2026-09-23
868.0,,398011,中海分红增利混合,0.3116780472239489,ret_12m,main,255.2,full,1.0,2026-09-23
869.0,,008261,招商研究优选股票A,0.3110777415634425,ret_12m,main,77.1,full,1.0,2026-09-23
870.0,,019159,中欧产业领航混合A,0.3110733664552676,ret_12m,main,30.2,short,1.0,2026-09-23
871.0,,001532,华安文体健康混合A,0.3105491947969181,ret_12m,main,111.5,full,1.0,2026-09-23
872.0,,010003,景顺长城电子信息产业股票A,0.3100344516707494,ret_12m,main,72.4,full,1.0,2026-09-23
873.0,,000654,华商新锐产业混合,0.30985921377065906,ret_12m,main,146.0,full,1.0,2026-09-23
874.0,,003145,国联竞争优势,0.3097193784636152,ret_12m,main,120.5,full,1.0,2026-09-23
875.0,,000936,博时产业新动力混合A,0.30957902283811434,ret_12m,main,139.9,full,1.0,2026-09-23
876.0,,660005,农银中小盘混合,0.30942164167016917,ret_12m,main,198.0,full,1.0,2026-09-23
877.0,,470021,汇添富优选回报混合A,0.3087805142139328,ret_12m,main,163.9,full,1.0,2026-09-23
878.0,,012844,工银瑞信恒兴6个月持有混合A,0.30865279171681603,ret_12m,main,61.2,full,1.0,2026-09-23
879.0,,017751,长城创新成长混合A,0.3086302385267006,ret_12m,main,39.8,full,1.0,2026-09-23
880.0,,571002,诺德灵活配置混合,0.3074701539559188,ret_12m,main,214.6,full,1.0,2026-09-23
881.0,,016311,中欧优质企业混合A,0.30621122773005705,ret_12m,main,49.0,full,1.0,2026-09-23
882.0,,002252,融通成长30灵活配置混合A,0.30606380964449187,ret_12m,main,129.4,full,1.0,2026-09-23
883.0,,202002,南方稳健成长贰号混合,0.30594841963637776,ret_12m,main,242.0,full,1.0,2026-09-23
884.0,,010488,鹏华优选成长混合A,0.30480545910772383,ret_12m,main,69.2,full,1.0,2026-09-23
885.0,,610001,信澳领先增长混合A,0.3044374708099753,ret_12m,main,234.5,full,1.0,2026-09-23
886.0,,202001,南方稳健成长混合,0.30411901844474154,ret_12m,main,299.8,full,1.0,2026-09-23
887.0,,007850,方正富邦天睿混合A,0.30364387110875146,ret_12m,main,84.2,full,1.0,2026-09-23
888.0,,017154,民生加银专精特新智选混合发起式A,0.3035760138835606,ret_12m,main,45.6,full,1.0,2026-09-23
889.0,,000800,华商未来主题混合,0.30312491262201813,ret_12m,main,143.3,full,1.0,2026-09-23
890.0,,014287,泰康新锐成长混合A,0.30279201731575034,ret_12m,main,45.5,full,1.0,2026-09-23
891.0,,024377,易方达科智量化选股股票发起式A,0.302487946455517,ret_12m,main,15.6,short,1.0,2026-09-23
892.0,,010967,博道嘉丰混合A,0.302372845660585,ret_12m,main,67.7,full,1.0,2026-09-23
893.0,,010148,浙商智选经济动能混合A,0.3023099718332114,ret_12m,main,67.6,full,1.0,2026-09-23
894.0,,013641,博道成长智航股票A,0.3017364973444201,ret_12m,main,58.9,full,1.0,2026-09-23
895.0,,019387,中欧时代共赢混合发起A1,0.30151946606543345,ret_12m,main,33.8,short,1.0,2026-09-23
896.0,,519183,万家双引擎灵活配置混合A,0.30050824258619024,ret_12m,main,218.9,full,1.0,2026-09-23
897.0,,000408,民生加银城镇化混合A,0.30041132654996416,ret_12m,main,153.4,full,1.0,2026-09-23
898.0,,001017,宏利改革动力混合A,0.300385380951639,ret_12m,main,139.3,full,1.0,2026-09-23
899.0,,005729,南方人工智能混合,0.29967675081326295,ret_12m,main,95.4,full,1.0,2026-09-23
900.0,,007875,国融融兴混合A,0.29904967910684643,ret_12m,main,82.6,full,1.0,2026-09-23
901.0,,410001,华富竞争力优选混合A,0.29747011088231834,ret_12m,main,258.7,full,1.0,2026-09-23
902.0,,006401,先锋量化优选混合A,0.2970676549587439,ret_12m,main,88.3,full,1.0,2026-09-23
903.0,,519642,银河智造混合A,0.296977014685196,ret_12m,main,126.4,full,1.0,2026-09-23
904.0,,001707,诺安高端制造股票A,0.29690878219343886,ret_12m,main,111.5,full,1.0,2026-09-23
905.0,,015357,摩根慧享成长混合A,0.2964170218119859,ret_12m,main,49.0,full,1.0,2026-09-23
906.0,,022292,前海开源优选领航股票A,0.29589793027060773,ret_12m,main,20.6,short,1.0,2026-09-23
907.0,,630005,华商动态阿尔法混合,0.2953389776059241,ret_12m,main,202.0,full,1.0,2026-09-23
908.0,,011450,招商企业优选混合A,0.2940031414070472,ret_12m,main,65.1,full,1.0,2026-09-23
909.0,,010761,华商甄选回报混合A,0.2933563569290982,ret_12m,main,68.1,full,1.0,2026-09-23
910.0,,166301,华商新趋势优选灵活配置混合,0.2931211785172272,ret_12m,main,168.5,full,1.0,2026-09-23
911.0,,001677,中银战略新兴产业股票A,0.29243670640910424,ret_12m,main,129.9,full,1.0,2026-09-23
912.0,,011884,工银景气优选混合A,0.29240961789103825,ret_12m,main,62.0,full,1.0,2026-09-23
913.0,,519110,浦银价值成长混合A,0.29240183508535944,ret_12m,main,221.2,full,1.0,2026-09-23
914.0,,007895,嘉实价值成长混合,0.29230117246112197,ret_12m,main,84.4,full,1.0,2026-09-23
915.0,,000011,华夏大盘精选混合A,0.2921625848805973,ret_12m,main,265.4,full,1.0,2026-09-23
916.0,,410009,华富量子生命力混合A,0.29215538889112835,ret_12m,main,185.8,full,1.0,2026-09-23
917.0,,580001,东吴嘉禾优势精选混合A,0.29175687929053606,ret_12m,main,259.7,full,1.0,2026-09-23
918.0,,006801,前海联合科技先锋混合A,0.2916386859340847,ret_12m,main,85.3,full,1.0,2026-09-23
919.0,,375010,摩根中国优势混合A,0.29161442813268157,ret_12m,main,264.2,full,1.0,2026-09-23
920.0,,004205,东方支柱产业灵活配置混合,0.2914197430400951,ret_12m,main,112.0,full,1.0,2026-09-23
921.0,,014651,大成专精特新混合A,0.2912968613745064,ret_12m,main,55.9,full,1.0,2026-09-23
922.0,,007146,鹏华研究智选混合,0.29117984486522297,ret_12m,main,88.6,full,1.0,2026-09-23
923.0,,166002,中欧新蓝筹混合A,0.29077827613633356,ret_12m,main,218.0,full,1.0,2026-09-23
924.0,,011637,广发沪港深价值成长混合A,0.29031062619953585,ret_12m,main,63.0,full,1.0,2026-09-23
925.0,,001323,东吴移动互联混合A,0.2902728470969378,ret_12m,main,135.9,full,1.0,2026-09-23
926.0,,004434,博时逆向投资混合A,0.29019151973936586,ret_12m,main,113.3,full,1.0,2026-09-23
927.0,,015408,景顺长城成长趋势股票A,0.28980540076936023,ret_12m,main,38.0,full,1.0,2026-09-23
928.0,,010636,财通安盈混合A,0.28979492559604014,ret_12m,main,69.9,full,1.0,2026-09-23
929.0,,006429,诺安恒鑫混合A,0.2890675864421375,ret_12m,main,88.8,full,1.0,2026-09-23
930.0,,022038,兴银数字经济智选混合发起A,0.2889853906335673,ret_12m,main,24.6,short,1.0,2026-09-23
931.0,,000711,嘉实医疗保健股票,0.28894713532764826,ret_12m,main,145.3,full,1.0,2026-09-23
932.0,,630008,华商策略精选混合,0.28857773660072494,ret_12m,main,190.5,full,1.0,2026-09-23
933.0,,002703,长城久源灵活配置混合A,0.2883819001755481,ret_12m,main,123.1,full,1.0,2026-09-23
934.0,,019113,东财慧心优选A,0.28807971416686806,ret_12m,main,34.8,short,1.0,2026-09-23
935.0,,011862,南方蓝筹成长混合A,0.2879026724358258,ret_12m,main,60.0,full,1.0,2026-09-23
936.0,,018148,百嘉百瑞混合发起式A,0.2874253973092702,ret_12m,main,36.8,full,1.0,2026-09-23
937.0,,002512,长城久润混合A,0.28694048397532845,ret_12m,main,124.9,full,1.0,2026-09-23
938.0,,070027,嘉实周期优选混合,0.2867279452280851,ret_12m,main,177.5,full,1.0,2026-09-23
939.0,,110010,易方达价值成长混合,0.2863200715617975,ret_12m,main,233.7,full,1.0,2026-09-23
940.0,,004423,华商研究精选灵活配置A,0.2854693428689823,ret_12m,main,112.0,full,1.0,2026-09-23
941.0,,001275,中邮创新优势灵活配置混合,0.2850364852719658,ret_12m,main,134.0,full,1.0,2026-09-23
942.0,,519704,交银先进制造混合A,0.2849677888438671,ret_12m,main,183.1,full,1.0,2026-09-23
943.0,,011011,融通产业趋势精选混合A,0.2849506855861974,ret_12m,main,66.3,full,1.0,2026-09-23
944.0,,001601,鑫元鑫新收益灵活配置混合A,0.2849392071784622,ret_12m,main,134.3,full,1.0,2026-09-23
945.0,,011216,南方优质企业混合A,0.2849275883675648,ret_12m,main,66.5,full,1.0,2026-09-23
946.0,,001028,华安物联网主题股票A,0.28428046495637593,ret_12m,main,138.3,full,1.0,2026-09-23
947.0,,012985,平安优势回报1年持有混合A,0.2839945188818862,ret_12m,main,61.0,full,1.0,2026-09-23
948.0,,010299,南方产业升级混合A,0.2831771354343351,ret_12m,main,69.5,full,1.0,2026-09-23
949.0,,013607,广发睿恒进取一年持有期混合A,0.2824523115314379,ret_12m,main,55.5,full,1.0,2026-09-23
950.0,,018971,富国致弘量化选股股票A,0.2818353438173533,ret_12m,main,36.6,full,1.0,2026-09-23
951.0,,012223,信澳成长精选混合A,0.2810217260867709,ret_12m,main,60.4,full,1.0,2026-09-23
952.0,,023448,上银资源精选混合发起式A,0.28032423242992355,ret_12m,main,18.1,short,1.0,2026-09-23
953.0,,001421,南方量化成长股票A,0.2801311853383548,ret_12m,main,134.8,full,1.0,2026-09-23
954.0,,379010,摩根中小盘混合A,0.28005963932613964,ret_12m,main,212.0,full,1.0,2026-09-23
955.0,,481008,工银大盘蓝筹混合,0.279570118906717,ret_12m,main,217.6,full,1.0,2026-09-23
956.0,,001809,中信建投智信物联网A,0.27953907374936016,ret_12m,main,121.7,full,1.0,2026-09-23
957.0,,014232,博时专精特新主题混合A,0.2786929645597709,ret_12m,main,57.6,full,1.0,2026-09-23
958.0,,008655,招商科技创新混合A,0.2783382993436847,ret_12m,main,79.3,full,1.0,2026-09-23
959.0,,015412,西部利得数字产业混合A,0.2775960302842504,ret_12m,main,50.9,full,1.0,2026-09-23
960.0,,013345,富荣信息技术混合A,0.2772733089684254,ret_12m,main,58.8,full,1.0,2026-09-23
961.0,,003889,汇安丰泽混合A,0.2772341552340478,ret_12m,main,116.3,full,1.0,2026-09-23
962.0,,005001,交银持续成长主题混合A,0.2771458986002895,ret_12m,main,104.3,full,1.0,2026-09-23
963.0,,005953,人保转型新动力混合A,0.2768462527326123,ret_12m,main,99.1,full,1.0,2026-09-23
964.0,,007449,兴全多维价值混合A,0.276721920673338,ret_12m,main,87.4,full,1.0,2026-09-23
965.0,,000689,前海开源新经济混合A,0.2765716833475569,ret_12m,main,145.1,full,1.0,2026-09-23
966.0,,519672,银河蓝筹混合A,0.2765012943778966,ret_12m,main,194.3,full,1.0,2026-09-23
967.0,,003292,嘉实优势成长混合A,0.27585273485493333,ret_12m,main,117.7,full,1.0,2026-09-23
968.0,,001365,大成正向回报灵活配置混合A,0.27578567258314823,ret_12m,main,134.5,full,1.0,2026-09-23
969.0,,002407,前海开源恒远灵活配置混合,0.27574823379261093,ret_12m,main,125.9,full,1.0,2026-09-23
970.0,,000039,农银高增长混合,0.2756140750622631,ret_12m,main,161.9,full,1.0,2026-09-23
971.0,,150968,银河研究精选混合A,0.2755642523063466,ret_12m,main,109.2,full,1.0,2026-09-23
972.0,,002669,华商万众创新混合A,0.27406589357463473,ret_12m,main,122.8,full,1.0,2026-09-23
973.0,,002383,大成趋势回报灵活配置混合A,0.27289956096938495,ret_12m,main,126.1,full,1.0,2026-09-23
974.0,,013495,信澳产业优选一年持有混合A,0.27251274493469446,ret_12m,main,54.4,full,1.0,2026-09-23
975.0,,005343,长安裕盛灵活配置混合A,0.2724782350090085,ret_12m,main,105.8,full,1.0,2026-09-23
976.0,,004936,中航混改精选混合A,0.27212130220152875,ret_12m,main,105.3,full,1.0,2026-09-23
977.0,,009988,信澳蓝筹精选股票A,0.27207144786975457,ret_12m,main,72.4,full,1.0,2026-09-23
978.0,,009394,银华同力精选混合,0.2715675922902139,ret_12m,main,75.2,full,1.0,2026-09-23
979.0,,012528,广发鑫睿一年持有期混合A,0.27091753432066046,ret_12m,main,58.4,full,1.0,2026-09-23
980.0,,016592,长城远见成长混合A,0.2707579281612593,ret_12m,main,47.8,full,1.0,2026-09-23
981.0,,020698,国泰海通科创板量化选股股票发起A,0.27069179934921306,ret_12m,main,29.2,short,1.0,2026-09-23
982.0,,004496,前海开源多元策略混合A,0.2706488167660659,ret_12m,main,110.7,full,1.0,2026-09-23
983.0,,012064,圆信永丰兴诺一年持有期混合,0.2704798175372851,ret_12m,main,61.4,full,1.0,2026-09-23
984.0,,009188,鹏华股息精选混合,0.2703585116316536,ret_12m,main,76.6,full,1.0,2026-09-23
985.0,,002103,招商康泰灵活配置混合,0.2702883236432829,ret_12m,main,127.6,full,1.0,2026-09-23
986.0,,011304,工银创新成长混合A,0.2701510845461479,ret_12m,main,67.6,full,1.0,2026-09-23
987.0,,012500,博时汇荣回报混合A,0.2700763424349921,ret_12m,main,61.0,full,1.0,2026-09-23
988.0,,011229,创金合信数字经济主题股票A,0.2700438172024886,ret_12m,main,68.1,full,1.0,2026-09-23
989.0,,161610,融通领先成长混合(LOF)A,0.26928687671605167,ret_12m,main,231.8,full,1.0,2026-09-23
990.0,,004476,景顺长城沪港深领先科技股票A,0.2692778797486888,ret_12m,main,110.6,full,1.0,2026-09-23
991.0,,166001,中欧新趋势混合A,0.26913615769363264,ret_12m,main,235.8,full,1.0,2026-09-23
992.0,,016117,贝莱德先进制造一年持有混合A,0.26856312862978715,ret_12m,main,48.8,full,1.0,2026-09-23
993.0,,001667,南方转型增长混合A,0.2683497898870464,ret_12m,main,121.2,full,1.0,2026-09-23
994.0,,019257,恒越智选科技混合A,0.26813695679785843,ret_12m,main,34.2,short,1.0,2026-09-23
995.0,,014144,长信先进装备三个月持有混合A,0.26754072489738046,ret_12m,main,57.8,full,1.0,2026-09-23
996.0,,020138,永赢启鑫混合A,0.2674166833818221,ret_12m,main,27.6,short,1.0,2026-09-23
997.0,,017667,鹏华新材料混合发起式A,0.26716400045772115,ret_12m,main,41.9,full,1.0,2026-09-23
998.0,,001192,摩根整合驱动混合A,0.26667587736833553,ret_12m,main,137.0,full,1.0,2026-09-23
999.0,,003713,英大睿盛A,0.2663916845865377,ret_12m,main,117.7,full,1.0,2026-09-23
1000.0,,000549,华安大国新经济股票A,0.26617935150968397,ret_12m,main,149.3,full,1.0,2026-09-23
1001.0,,001402,中信保诚新选混合A,0.26606396871953675,ret_12m,main,135.6,full,1.0,2026-09-23
1002.0,,002939,广发创新升级混合,0.26604912324469776,ret_12m,main,121.0,full,1.0,2026-09-23
1003.0,,019535,东方红新兴成长混合A,0.2659294573669524,ret_12m,main,14.8,short,1.0,2026-09-23
1004.0,,519670,银河行业混合A,0.26571733618288196,ret_12m,main,209.0,full,1.0,2026-09-23
1005.0,,021665,中银周期优选混合发起A,0.26569328647885126,ret_12m,main,24.1,short,1.0,2026-09-23
1006.0,,002030,中信保诚新选混合B,0.2650410971420385,ret_12m,main,130.2,full,1.0,2026-09-23
1007.0,,010166,招商兴和优选1年持有期混合,0.26459567444694776,ret_12m,main,67.7,full,1.0,2026-09-23
1008.0,,000073,摩根成长动力混合A,0.26404182425155254,ret_12m,main,160.3,full,1.0,2026-09-23
1009.0,,040008,华安策略优选混合A,0.26385979275985383,ret_12m,main,229.1,full,1.0,2026-09-23
1010.0,,009998,摩根慧见两年持有期混合,0.26381183279718745,ret_12m,main,72.2,full,1.0,2026-09-23
1011.0,,320003,诺安先锋混合A,0.2634742514600916,ret_12m,main,249.1,full,1.0,2026-09-23
1012.0,,005186,长安鑫兴混合A,0.26343843940226574,ret_12m,main,105.8,full,1.0,2026-09-23
1013.0,,180020,银华成长先锋混合A,0.26343400302840947,ret_12m,main,191.5,full,1.0,2026-09-23
1014.0,,010455,博时产业精选混合A,0.26328076589842975,ret_12m,main,70.5,full,1.0,2026-09-23
1015.0,,019902,国寿安保先进制造股票发起式A,0.2629175054680766,ret_12m,main,34.5,short,1.0,2026-09-23
1016.0,,050014,博时创业成长混合A,0.2626061495395917,ret_12m,main,195.7,full,1.0,2026-09-23
1017.0,,022276,汇添富弘悦回报混合发起式A,0.262497176200426,ret_12m,main,22.8,short,1.0,2026-09-23
1018.0,,001536,南方君选,0.2621092987031479,ret_12m,main,127.6,full,1.0,2026-09-23
1019.0,,009054,圆信永丰沣泰A,0.2621037099150356,ret_12m,main,76.8,full,1.0,2026-09-23
1020.0,,001304,建信鑫安回报灵活配置混合A,0.26197237330323087,ret_12m,main,136.3,full,1.0,2026-09-23
1021.0,,005609,富国军工主题混合A,0.26160156118512656,ret_12m,main,101.8,full,1.0,2026-09-23
1022.0,,010088,工银优质成长混合A,0.2613669448384488,ret_12m,main,69.9,full,1.0,2026-09-23
1023.0,,630002,华商盛世成长混合,0.2612104088901168,ret_12m,main,216.0,full,1.0,2026-09-23
1024.0,,700003,平安策略先锋混合,0.26074531352601715,ret_12m,main,171.8,full,1.0,2026-09-23
1025.0,,015987,万家远见先锋一年持有期混合A,0.26073371336342,ret_12m,main,38.4,full,1.0,2026-09-23
1026.0,,010049,长城成长先锋混合A,0.2604407331111023,ret_12m,main,72.4,full,1.0,2026-09-23
1027.0,,014049,中银远见成长混合A,0.2604208936394954,ret_12m,main,52.0,full,1.0,2026-09-23
1028.0,,014187,华夏量化优选股票A,0.2597487182354836,ret_12m,main,57.3,full,1.0,2026-09-23
1029.0,,161810,银华内需精选混合(LOF)A,0.2597015440317949,ret_12m,main,205.6,full,1.0,2026-09-23
1030.0,,012917,平安优势领航1年持有混合A,0.2595250317079567,ret_12m,main,61.0,full,1.0,2026-09-23
1031.0,,003842,中邮景泰灵活配置混合A,0.25948836887990123,ret_12m,main,116.8,full,1.0,2026-09-23
1032.0,,023036,中欧资源精选混合发起A,0.25924519421185166,ret_12m,main,20.0,short,1.0,2026-09-23
1033.0,,012820,汇添富价值领先混合,0.2582277032982405,ret_12m,main,61.2,full,1.0,2026-09-23
1034.0,,001373,易方达新丝路灵活配置混合,0.2581837000722982,ret_12m,main,135.9,full,1.0,2026-09-23
1035.0,,000328,摩根转型动力混合A,0.2579352585026984,ret_12m,main,153.9,full,1.0,2026-09-23
1036.0,,020231,大摩景气智选混合A,0.2577240646825538,ret_12m,main,16.3,short,1.0,2026-09-23
1037.0,,519908,华夏兴华混合A,0.25718302945577687,ret_12m,main,160.3,full,1.0,2026-09-23
1038.0,,161903,万家行业优选混合(LOF),0.2571056627405872,ret_12m,main,254.3,full,1.0,2026-09-23
1039.0,,003293,易方达科瑞混合,0.2570862153834361,ret_12m,main,116.5,full,1.0,2026-09-23
1040.0,,009353,浙商科创一个月滚动持有混合A,0.25670188572114694,ret_12m,main,71.8,full,1.0,2026-09-23
1041.0,,519909,华安安顺灵活配置混合A,0.2566261631330171,ret_12m,main,147.5,full,1.0,2026-09-23
1042.0,,014179,中银证券远见价值混合A,0.2559983653127955,ret_12m,main,57.0,full,1.0,2026-09-23
1043.0,,001811,中欧明睿新常态混合A,0.25558077486162656,ret_12m,main,126.7,full,1.0,2026-09-23
1044.0,,004390,平安转型创新混合A,0.25552467623096997,ret_12m,main,113.3,full,1.0,2026-09-23
1045.0,,001938,中欧时代先锋股票A,0.2551764187005485,ret_12m,main,130.7,full,1.0,2026-09-23
1046.0,,000199,国泰量化策略收益混合A,0.25508337170506223,ret_12m,main,157.4,full,1.0,2026-09-23
1047.0,,001208,诺安低碳经济股票A,0.254984878583836,ret_12m,main,136.4,full,1.0,2026-09-23
1048.0,,169105,东方红睿华沪港深混合(LOF)A,0.2548610026998952,ret_12m,main,121.6,full,1.0,2026-09-23
1049.0,,260115,景顺长城中小盘混合A,0.2543313077384508,ret_12m,main,186.1,full,1.0,2026-09-23
1050.0,,011196,摩根优势成长混合A,0.2541154350269361,ret_12m,main,64.3,full,1.0,2026-09-23
1051.0,,014062,景顺长城专精特新量化优选股票A,0.253581892006268,ret_12m,main,57.9,full,1.0,2026-09-23
1052.0,,001970,泰信鑫选灵活配置混合A,0.25349635163578266,ret_12m,main,127.6,full,1.0,2026-09-23
1053.0,,000462,农银主题轮动混合A,0.25330356041630897,ret_12m,main,137.5,full,1.0,2026-09-23
1054.0,,003561,诺德成长精选A,0.25324103101429096,ret_12m,main,114.9,full,1.0,2026-09-23
1055.0,,015505,中邮专精特新一年持有混合A,0.2528430124627259,ret_12m,main,48.3,full,1.0,2026-09-23
1056.0,,470028,汇添富社会责任混合A,0.25274942710002946,ret_12m,main,185.9,full,1.0,2026-09-23
1057.0,,005437,易方达易百智能量化策略A,0.2526858075168634,ret_12m,main,104.0,full,1.0,2026-09-23
1058.0,,320001,诺安平衡混合A,0.25267536589091355,ret_12m,main,268.1,full,1.0,2026-09-23
1059.0,,005660,嘉实资源精选股票A,0.25229037895073536,ret_12m,main,95.0,full,1.0,2026-09-23
1060.0,,630011,华商主题精选混合,0.2521473788377342,ret_12m,main,171.8,full,1.0,2026-09-23
1061.0,,021965,泓德智选启鑫混合A,0.2520340571974833,ret_12m,main,19.5,short,1.0,2026-09-23
1062.0,,005571,中银证券新能源混合A,0.2520072611884754,ret_12m,main,97.7,full,1.0,2026-09-23
1063.0,,009601,招商科技动力3个月滚动持有股票A,0.2519595318401089,ret_12m,main,72.3,full,1.0,2026-09-23
1064.0,,005290,诺德新盛灵活配置混合A,0.251741530137358,ret_12m,main,105.1,full,1.0,2026-09-23
1065.0,,019747,华西优选价值混合发起A,0.25170708166600897,ret_12m,main,34.5,short,1.0,2026-09-23
1066.0,,570005,诺德成长优势混合,0.25170463949621236,ret_12m,main,204.0,full,1.0,2026-09-23
1067.0,,011813,融通创新动力混合A,0.2512214426124213,ret_12m,main,61.0,full,1.0,2026-09-23
1068.0,,015030,博时远见回报混合A,0.25121430113830634,ret_12m,main,54.8,full,1.0,2026-09-23
1069.0,,001069,华泰柏瑞消费成长混合,0.25114929932988206,ret_12m,main,136.1,full,1.0,2026-09-23
1070.0,,010286,海富通成长价值混合A,0.2508193439283717,ret_12m,main,69.2,full,1.0,2026-09-23
1071.0,,011786,工银聚安混合A,0.25069494294090355,ret_12m,main,61.4,full,1.0,2026-09-23
1072.0,,000006,西部利得量化成长混合A,0.25058520254402095,ret_12m,main,90.2,full,1.0,2026-09-23
1073.0,,014668,银华专精特新量化优选股票发起A,0.24950800077795088,ret_12m,main,50.1,full,1.0,2026-09-23
1074.0,,010665,博时高端装备混合A,0.24935783044440374,ret_12m,main,69.5,full,1.0,2026-09-23
1075.0,,202213,南方核心竞争混合,0.2486549818422772,ret_12m,main,165.1,full,1.0,2026-09-23
1076.0,,022327,宏利高端装备股票A,0.24864533367366315,ret_12m,main,20.2,short,1.0,2026-09-23
1077.0,,161038,富国新兴成长量化精选混合(LOF)A,0.24853384005679668,ret_12m,main,110.1,full,1.0,2026-09-23
1078.0,,004332,恒生沪港深新兴产业精选混合,0.24835600615376774,ret_12m,main,113.7,full,1.0,2026-09-23
1079.0,,018827,鑫元科技创新混合A,0.2482976500041818,ret_12m,main,36.6,full,1.0,2026-09-23
1080.0,,008314,摩根慧选成长股票A,0.2482123466064352,ret_12m,main,80.0,full,1.0,2026-09-23
1081.0,,001453,鹏华弘鑫混合A,0.2479148530915607,ret_12m,main,135.2,full,1.0,2026-09-23
1082.0,,110009,易方达价值精选混合,0.24751317113395266,ret_12m,main,243.4,full,1.0,2026-09-23
1083.0,,012519,大成核心趋势混合A,0.24745163180719154,ret_12m,main,62.8,full,1.0,2026-09-23
1084.0,,673060,西部利得景瑞灵活配置混合A,0.2473275662524006,ret_12m,main,120.9,full,1.0,2026-09-23
1085.0,,010186,嘉实核心成长混合A,0.2473166214995075,ret_12m,main,70.8,full,1.0,2026-09-23
1086.0,,006230,鹏华研究驱动混合,0.2473085467409919,ret_12m,main,96.3,full,1.0,2026-09-23
1087.0,,010808,达诚策略先锋混合A,0.24704928619495625,ret_12m,main,68.9,full,1.0,2026-09-23
1088.0,,360012,光大中小盘混合A,0.24666277411272675,ret_12m,main,197.3,full,1.0,2026-09-23
1089.0,,481017,工银量化策略混合A,0.24664775704302588,ret_12m,main,172.9,full,1.0,2026-09-23
1090.0,,022490,华商恒鑫回报混合A,0.2457747686706071,ret_12m,main,18.7,short,1.0,2026-09-23
1091.0,,217001,招商安泰偏股混合,0.2457164533468803,ret_12m,main,280.9,full,1.0,2026-09-23
1092.0,,260112,景顺长城能源基建混合A,0.2455886909199938,ret_12m,main,203.1,full,1.0,2026-09-23
1093.0,,010587,鹏扬先进制造混合A,0.24537229861419285,ret_12m,main,67.6,full,1.0,2026-09-23
1094.0,,005743,长安裕隆混合A,0.24530102907671325,ret_12m,main,96.7,full,1.0,2026-09-23
1095.0,,009750,汇安价值蓝筹混合A,0.24525671468150567,ret_12m,main,73.8,full,1.0,2026-09-23
1096.0,,530016,建信恒稳价值混合,0.24502642987224976,ret_12m,main,178.0,full,1.0,2026-09-23
1097.0,,014207,华安产业精选混合A,0.24492089278782747,ret_12m,main,56.8,full,1.0,2026-09-23
1098.0,,019612,财通先进制造智选混合发起A,0.24460629188697025,ret_12m,main,27.8,short,1.0,2026-09-23
1099.0,,011001,中邮兴荣价值一年持有混合,0.24455616715130835,ret_12m,main,55.8,full,1.0,2026-09-23
1100.0,,011975,广发均衡回报混合A,0.2436495509794543,ret_12m,main,63.0,full,1.0,2026-09-23
1101.0,,013687,平安成长龙头1年持有混合A,0.2436332115138402,ret_12m,main,57.8,full,1.0,2026-09-23
1102.0,,002305,光大风格轮动混合A,0.24357563948012895,ret_12m,main,127.6,full,1.0,2026-09-23
1103.0,,004987,诺德新享灵活配置混合,0.24352330999085625,ret_12m,main,109.5,full,1.0,2026-09-23
1104.0,,005211,银河智慧混合A,0.24349367333816563,ret_12m,main,105.7,full,1.0,2026-09-23
1105.0,,070021,嘉实主题新动力混合,0.24321195187112177,ret_12m,main,189.5,full,1.0,2026-09-23
1106.0,,501098,建信优享科技创新混合(LOF),0.2429115781690625,ret_12m,main,77.9,full,1.0,2026-09-23
1107.0,,024437,华安竞争优势混合A,0.24244120053756357,ret_12m,main,15.1,short,0.9763,2026-09-23
1108.0,,021981,安联中国精选混合A,0.24223364753440668,ret_12m,main,24.6,short,1.0,2026-09-23
1109.0,,005128,华夏永康添福混合A,0.24211226515758444,ret_12m,main,103.7,full,1.0,2026-09-23
1110.0,,010662,富国均衡优选混合,0.24199161084649545,ret_12m,main,68.5,full,1.0,2026-09-23
1111.0,,012905,金鹰睿选成长六个月持有混合A,0.24195543504442285,ret_12m,main,39.5,full,1.0,2026-09-23
1112.0,,151001,银河稳健混合A,0.2417357828115525,ret_12m,main,277.7,full,1.0,2026-09-23
1113.0,,013269,交银瑞和三年持有期混合,0.24171832409556449,ret_12m,main,54.7,full,1.0,2026-09-23
1114.0,,001181,南方改革机遇,0.24127872267490713,ret_12m,main,136.2,full,1.0,2026-09-23
1115.0,,014389,华安产业动力6个月持有混合A,0.2409794813171664,ret_12m,main,57.0,full,1.0,2026-09-23
1116.0,,000136,民生加银策略精选混合A,0.24093641018083534,ret_12m,main,159.5,full,1.0,2026-09-23
1117.0,,003886,汇安丰利混合A,0.24043922029153575,ret_12m,main,117.1,full,1.0,2026-09-23
1118.0,,018706,兴银先进制造智选混合发起A,0.23991217333403125,ret_12m,main,28.3,short,1.0,2026-09-23
1119.0,,010412,汇安均衡优选混合A,0.23956907071527955,ret_12m,main,67.4,full,1.0,2026-09-23
1120.0,,021642,富国资源精选混合发起式A,0.239060065442257,ret_12m,main,26.0,short,1.0,2026-09-23
1121.0,,290011,泰信中小盘精选混合,0.2390532681781048,ret_12m,main,178.9,full,1.0,2026-09-23
1122.0,,501095,中银证券科技创新混合(LOF),0.2388871691012613,ret_12m,main,78.4,full,1.0,2026-09-23
1123.0,,023524,广发制造智选股票发起式A,0.23875289610822836,ret_12m,main,18.4,short,1.0,2026-09-23
1124.0,,009805,国泰医药健康股票A,0.2382671114863657,ret_12m,main,72.9,full,1.0,2026-09-23
1125.0,,013916,国联成长先锋一年持有混合A,0.23822981130503473,ret_12m,main,53.2,full,1.0,2026-09-23
1126.0,,952099,国泰海通君得鑫两年持有混合C,0.23809679604236145,ret_12m,main,79.3,full,1.0,2026-09-23
1127.0,,016895,中银卓越成长混合A,0.23795171247888725,ret_12m,main,40.6,full,1.0,2026-09-23
1128.0,,006371,长安鑫盈混合A,0.23745491418604625,ret_12m,main,86.2,full,1.0,2026-09-23
1129.0,,006314,国联策略优选混合A,0.23714551128839734,ret_12m,main,88.5,full,1.0,2026-09-23
1130.0,,001758,嘉实研究增强混合,0.2371179335894933,ret_12m,main,117.7,full,1.0,2026-09-23
1131.0,,014792,华泰柏瑞匠心臻选混合A,0.23708732181249537,ret_12m,main,50.9,full,1.0,2026-09-23
1132.0,,001215,博时沪港深优质企业基金A,0.23694407633574044,ret_12m,main,136.3,full,1.0,2026-09-23
1133.0,,014950,汇安润阳三年持有期混合A,0.236662475229785,ret_12m,main,53.7,full,1.0,2026-09-23
1134.0,,519018,汇添富均衡增长混合,0.23646603357496288,ret_12m,main,241.5,full,1.0,2026-09-23
1135.0,,000925,汇添富外延增长股票A,0.23645044754087108,ret_12m,main,141.5,full,1.0,2026-09-23
1136.0,,006736,国投瑞银先进制造混合,0.23591641354554627,ret_12m,main,91.9,full,1.0,2026-09-23
1137.0,,017483,财通资管数字经济混合发起式A,0.23585013179530745,ret_12m,main,44.9,full,1.0,2026-09-23
1138.0,,008120,万家自主创新混合A,0.23569461549650406,ret_12m,main,79.4,full,1.0,2026-09-23
1139.0,,009327,东兴兴晟混合A,0.23559587549728822,ret_12m,main,73.6,full,1.0,2026-09-23
1140.0,,011446,长江新能源产业混合发起A,0.23515398462802395,ret_12m,main,65.3,full,1.0,2026-09-23
1141.0,,217013,招商中小盘混合,0.234935863750791,ret_12m,main,200.9,full,1.0,2026-09-23
1142.0,,012036,诺德兴远优选一年持有混合,0.23484099916531376,ret_12m,main,63.7,full,1.0,2026-09-23
1143.0,,009537,太平行业优选股票A,0.23462867343402705,ret_12m,main,72.7,full,1.0,2026-09-23
1144.0,,000652,博时裕隆灵活配置混合A,0.23456162090948562,ret_12m,main,146.7,full,1.0,2026-09-23
1145.0,,673081,西部利得祥运混合A,0.2342400191629468,ret_12m,main,117.6,full,1.0,2026-09-23
1146.0,,015970,华泰柏瑞景气驱动混合A,0.2338334358242653,ret_12m,main,47.8,full,1.0,2026-09-23
1147.0,,019985,蜂巢趋势臻选混合A,0.23368388069963197,ret_12m,main,29.0,short,1.0,2026-09-23
1148.0,,015973,工银恒嘉一年持有混合A,0.23352080168862543,ret_12m,main,44.2,full,1.0,2026-09-23
1149.0,,200010,长城双动力混合A,0.23345359556740264,ret_12m,main,212.2,full,1.0,2026-09-23
1150.0,,233011,大摩主题优选混合,0.23334104106044795,ret_12m,main,174.4,full,1.0,2026-09-23
1151.0,,012454,淳厚鑫悦混合A,0.23326968130995374,ret_12m,main,59.0,full,1.0,2026-09-23
1152.0,,007012,湘财长顺混合发起式A,0.23322516763250878,ret_12m,main,89.9,full,1.0,2026-09-23
1153.0,,013513,长安先进制造混合A,0.23320294058847768,ret_12m,main,58.8,full,1.0,2026-09-23
1154.0,,530005,建信优化配置混合A,0.2331325774285231,ret_12m,main,234.8,full,1.0,2026-09-23
1155.0,,013680,华安品质甄选混合A,0.2326256030220668,ret_12m,main,50.1,full,1.0,2026-09-23
1156.0,,012426,南方价值臻选混合A,0.23233322243453913,ret_12m,main,63.1,full,1.0,2026-09-23
1157.0,,016560,永赢启源混合发起A,0.23170512177916525,ret_12m,main,36.9,full,1.0,2026-09-23
1158.0,,004674,富国新机遇灵活配置混合A,0.2313547897200794,ret_12m,main,106.3,full,1.0,2026-09-23
1159.0,,240009,华宝先进成长混合,0.23101356168901077,ret_12m,main,238.5,full,1.0,2026-09-23
1160.0,,009486,光大瑞和混合A,0.2308246675529857,ret_12m,main,74.8,full,1.0,2026-09-23
1161.0,,011401,汇添富成长精选混合A,0.23068641601065187,ret_12m,main,67.4,full,1.0,2026-09-23
1162.0,,007074,国寿安保新蓝筹混合,0.23037455912116234,ret_12m,main,87.9,full,1.0,2026-09-23
1163.0,,002537,平安安盈灵活配置混合A,0.23036670351938193,ret_12m,main,125.0,full,1.0,2026-09-23
1164.0,,001704,国投瑞银进宝灵活配置混合,0.22987274051266682,ret_12m,main,132.9,full,1.0,2026-09-23
1165.0,,005742,南方成安优选混合,0.2298405713975833,ret_12m,main,101.2,full,1.0,2026-09-23
1166.0,,013693,博道盛兴一年持有期混合,0.22973844847545566,ret_12m,main,54.5,full,1.0,2026-09-23
1167.0,,012239,惠升优势企业一年持有期混合,0.22952786496635236,ret_12m,main,62.6,full,1.0,2026-09-23
1168.0,,000739,平安新鑫先锋A,0.22951628376555,ret_12m,main,139.8,full,1.0,2026-09-23
1169.0,,018401,嘉实成长驱动混合A,0.22891802174615417,ret_12m,main,36.0,full,1.0,2026-09-23
1170.0,,160607,鹏华价值优势混合(LOF),0.2288680432914405,ret_12m,main,242.2,full,1.0,2026-09-23
1171.0,,001158,工银新材料新能源股票,0.2285221202401979,ret_12m,main,136.9,full,1.0,2026-09-23
1172.0,,012124,博道盛彦混合A,0.22849844455320834,ret_12m,main,63.7,full,1.0,2026-09-23
1173.0,,005674,诺德消费升级混合,0.22840521973509254,ret_12m,main,100.2,full,1.0,2026-09-23
1174.0,,011331,鹏华远见成长混合A,0.22824545647069794,ret_12m,main,63.7,full,1.0,2026-09-23
1175.0,,018424,路博迈中国机遇混合A,0.22817547559468498,ret_12m,main,39.3,full,1.0,2026-09-23
1176.0,,024153,华安消费机遇股票发起式A,0.22734894221239865,ret_12m,main,14.2,short,1.0,2026-09-23
1177.0,,005910,广发龙头优选混合A,0.22721148555959747,ret_12m,main,97.5,full,1.0,2026-09-23
1178.0,,002031,华夏策略混合,0.22666211340926368,ret_12m,main,215.0,full,1.0,2026-09-23
1179.0,,013534,鹏华沃鑫混合A,0.22651597817976477,ret_12m,main,57.1,full,1.0,2026-09-23
1180.0,,020560,万家高端装备量化选股混合发起式A,0.226421912567645,ret_12m,main,32.1,short,1.0,2026-09-23
1181.0,,000259,农银区间收益混合,0.2263629065990369,ret_12m,main,157.1,full,1.0,2026-09-23
1182.0,,015056,百嘉百盛混合,0.22620749465459133,ret_12m,main,51.3,full,1.0,2026-09-23
1183.0,,005402,广发资源优选股票A,0.22566092500414325,ret_12m,main,105.3,full,1.0,2026-09-23
1184.0,,012148,国投瑞银产业趋势混合A,0.22528867587458135,ret_12m,main,63.5,full,1.0,2026-09-23
1185.0,,019468,信澳新材料精选混合A,0.22500244747920273,ret_12m,main,33.8,short,1.0,2026-09-23
1186.0,,002148,国寿安保稳惠混合,0.22477759013764764,ret_12m,main,129.9,full,1.0,2026-09-23
1187.0,,006648,汇安多因子混合A,0.2240131975016051,ret_12m,main,88.8,full,1.0,2026-09-23
1188.0,,370024,摩根核心优选混合A,0.22355134374372376,ret_12m,main,165.8,full,1.0,2026-09-23
1189.0,,519013,海富通风格优势混合,0.22340643612091027,ret_12m,main,239.1,full,1.0,2026-09-23
1190.0,,003115,光大诚鑫混合A,0.22339352786987177,ret_12m,main,117.3,full,1.0,2026-09-23
1191.0,,005075,富国研究量化精选混合A,0.22330840357014736,ret_12m,main,106.0,full,1.0,2026-09-23
1192.0,,001302,前海开源金银珠宝混合A,0.22290728704577978,ret_12m,main,134.5,full,1.0,2026-09-23
1193.0,,460009,华泰柏瑞量化先行混合A,0.2224805896753277,ret_12m,main,195.1,full,1.0,2026-09-23
1194.0,,090003,大成蓝筹稳健混合A,0.22232124495852212,ret_12m,main,267.7,full,1.0,2026-09-23
1195.0,,007527,融通量化多策略混合A,0.22217665027057154,ret_12m,main,85.1,full,1.0,2026-09-23
1196.0,,162006,长城久富混合(LOF)A,0.2220467254425349,ret_12m,main,234.5,full,1.0,2026-09-23
1197.0,,017842,农银汇理景气优选混合A,0.22195056689745818,ret_12m,main,43.0,full,1.0,2026-09-23
1198.0,,005161,华商上游产业股票A,0.2218450318891667,ret_12m,main,104.9,full,1.0,2026-09-23
1199.0,,012033,广发睿盛混合A,0.22156028473170708,ret_12m,main,59.9,full,1.0,2026-09-23
1200.0,,013899,摩根全景优势股票A,0.22079747974369868,ret_12m,main,56.4,full,1.0,2026-09-23
1201.0,,007066,浦银先进制造混合A,0.22072301308898679,ret_12m,main,80.3,full,1.0,2026-09-23
1202.0,,004707,景顺长城睿成混合A,0.22049344219898015,ret_12m,main,106.4,full,1.0,2026-09-23
1203.0,,163822,中银主题策略混合A,0.2200505220604576,ret_12m,main,170.0,full,1.0,2026-09-23
1204.0,,005281,中科沃土转型升级混合A,0.21994973584038924,ret_12m,main,103.9,full,1.0,2026-09-23
1205.0,,378010,摩根成长先锋混合A,0.21976155700979683,ret_12m,main,240.1,full,1.0,2026-09-23
1206.0,,020276,银河新材料股票发起式A,0.21910074652323308,ret_12m,main,32.9,short,1.0,2026-09-23
1207.0,,001255,长城改革红利混合A,0.21903609474030672,ret_12m,main,135.5,full,1.0,2026-09-23
1208.0,,017801,汇添富战略精选中小盘市值3年持有混合发起A,0.21896624326439884,ret_12m,main,42.1,full,1.0,2026-09-23
1209.0,,003626,平安鑫利混合A,0.21855444379141375,ret_12m,main,117.5,full,1.0,2026-09-23
1210.0,,550015,中信保诚至远动力混合A,0.2179563203118675,ret_12m,main,165.4,full,1.0,2026-09-23
1211.0,,519015,海富通精选贰号混合,0.21772763497942038,ret_12m,main,233.5,full,1.0,2026-09-23
1212.0,,010377,广发价值核心混合A,0.21756950285851562,ret_12m,main,68.0,full,1.0,2026-09-23
1213.0,,009812,易方达悦兴一年持有期混合A,0.21749564930292897,ret_12m,main,69.8,full,1.0,2026-09-23
1214.0,,012428,华夏核心制造混合A,0.21734180734805286,ret_12m,main,63.0,full,1.0,2026-09-23
1215.0,,000595,嘉实泰和混合,0.21728045459558776,ret_12m,main,148.8,full,1.0,2026-09-23
1216.0,,000978,景顺长城量化精选股票A,0.21720547738029516,ret_12m,main,139.6,full,1.0,2026-09-23
1217.0,,002142,博时外延增长混合A,0.21712275332538478,ret_12m,main,127.6,full,1.0,2026-09-23
1218.0,,519697,交银优势行业混合,0.2171108816432652,ret_12m,main,212.0,full,1.0,2026-09-23
1219.0,,160603,鹏华普天收益混合,0.21622097519223415,ret_12m,main,278.4,full,1.0,2026-09-23
1220.0,,021623,天弘新兴产业混合发起A,0.21607502371059284,ret_12m,main,26.7,short,1.0,2026-09-23
1221.0,,018999,万家趋势领先混合A,0.21602490014368647,ret_12m,main,31.7,short,1.0,2026-09-23
1222.0,,040016,华安行业轮动混合,0.21568861931258176,ret_12m,main,196.4,full,1.0,2026-09-23
1223.0,,070022,嘉实领先成长混合,0.2152464904645508,ret_12m,main,183.8,full,1.0,2026-09-23
1224.0,,260117,景顺长城支柱产业混合A,0.21520930334019872,ret_12m,main,166.1,full,1.0,2026-09-23
1225.0,,470006,汇添富医药保健混合,0.2150896587300144,ret_12m,main,192.1,full,1.0,2026-09-23
1226.0,,013021,建信兴润一年持有混合,0.2150047702333322,ret_12m,main,61.0,full,1.0,2026-09-23
1227.0,,015006,中欧量化动力混合A,0.21465668085169787,ret_12m,main,54.7,full,1.0,2026-09-23
1228.0,,163807,中银优选灵活配置混合A,0.21457707746891663,ret_12m,main,209.7,full,1.0,2026-09-23
1229.0,,168601,汇安裕阳三年持有期混合,0.21444136888298537,ret_12m,main,95.9,full,1.0,2026-09-23
1230.0,,004959,圆信永丰优悦生活混合,0.2138834890479906,ret_12m,main,103.8,full,1.0,2026-09-23
1231.0,,519951,长信利泰灵活配置混合A,0.21350202183873646,ret_12m,main,126.0,full,1.0,2026-09-23
1232.0,,005635,博时量化多策略股票A,0.21324724153888508,ret_12m,main,101.7,full,1.0,2026-09-23
1233.0,,003624,创金合信资源股票发起式A,0.2131798994711689,ret_12m,main,118.7,full,1.0,2026-09-23
1234.0,,004944,鑫元鑫趋势灵活配置混合A,0.21302201581868352,ret_12m,main,109.0,full,1.0,2026-09-23
1235.0,,163406,兴全合润混合A,0.2129405628422565,ret_12m,main,197.1,full,1.0,2026-09-23
1236.0,,167001,平安鼎泰混合(LOF),0.21267609594961345,ret_12m,main,122.1,full,1.0,2026-09-23
1237.0,,519224,海富通欣荣混合A,0.21264275934776955,ret_12m,main,120.0,full,1.0,2026-09-23
1238.0,,001244,华泰柏瑞量化智慧混合A,0.2126423660354333,ret_12m,main,135.7,full,1.0,2026-09-23
1239.0,,008903,广发科技先锋混合,0.21237766058599528,ret_12m,main,80.0,full,1.0,2026-09-23
1240.0,,014756,鹏华成长领航两年持有期混合A,0.21233671544281507,ret_12m,main,56.0,full,1.0,2026-09-23
1241.0,,009341,易方达均衡成长股票,0.2120028558625453,ret_12m,main,76.1,full,1.0,2026-09-23
1242.0,,090018,大成新锐产业混合A,0.21168672064004657,ret_12m,main,174.1,full,1.0,2026-09-23
1243.0,,005126,银河量化稳进混合,0.21136958193759758,ret_12m,main,105.7,full,1.0,2026-09-23
1244.0,,020037,鹏华品质甄选混合A,0.21132677118329068,ret_12m,main,27.9,short,1.0,2026-09-23
1245.0,,006369,弘毅远方国企转型升级混合A,0.21100992426735132,ret_12m,main,94.8,full,1.0,2026-09-23
1246.0,,007831,博道伍佰智航股票A,0.21091360503886802,ret_12m,main,83.9,full,1.0,2026-09-23
1247.0,,519712,交银阿尔法核心混合A,0.2107755145644281,ret_12m,main,169.7,full,1.0,2026-09-23
1248.0,,005450,华夏稳盛灵活配置混合,0.210682339280853,ret_12m,main,104.2,full,1.0,2026-09-23
1249.0,,519011,海富通精选混合,0.2104424788136794,ret_12m,main,277.1,full,1.0,2026-09-23
1250.0,,023129,富国致盛量化选股股票A,0.21026129174091324,ret_12m,main,17.3,short,1.0,2026-09-23
1251.0,,020720,国寿安保高端装备股票发起式A,0.209818409315351,ret_12m,main,30.9,short,1.0,2026-09-23
1252.0,,002952,建信多因子量化股票,0.20978374824535861,ret_12m,main,121.5,full,1.0,2026-09-23
1253.0,,016464,兴全合瑞混合A,0.20935771495168098,ret_12m,main,48.5,full,1.0,2026-09-23
1254.0,,012314,南方行业领先混合,0.2093191818929836,ret_12m,main,61.7,full,1.0,2026-09-23
1255.0,,012904,摩根鑫睿优选一年持有混合,0.20918036544094587,ret_12m,main,54.8,full,1.0,2026-09-23
1256.0,,004394,华泰柏瑞量化创优混合,0.208925457510446,ret_12m,main,112.4,full,1.0,2026-09-23
1257.0,,012779,博时移动互联主题混合A,0.20882907030893993,ret_12m,main,59.8,full,1.0,2026-09-23
1258.0,,162208,宏利首选企业股票A,0.20872027924585512,ret_12m,main,237.7,full,1.0,2026-09-23
1259.0,,020424,方正富邦致盛混合A,0.2086754986475141,ret_12m,main,31.6,short,1.0,2026-09-23
1260.0,,100020,富国天益价值混合A,0.20822449040585345,ret_12m,main,267.3,full,1.0,2026-09-23
1261.0,,014526,汇添富中盘潜力增长一年持有混合A,0.207921945804044,ret_12m,main,55.9,full,1.0,2026-09-23
1262.0,,016449,南方新材料股票发起A,0.20763298679858244,ret_12m,main,42.1,full,1.0,2026-09-23
1263.0,,008949,平安匠心优选混合A,0.2070170495504624,ret_12m,main,79.0,full,1.0,2026-09-23
1264.0,,360001,光大量化股票A,0.2069256349692401,ret_12m,main,264.9,full,1.0,2026-09-23
1265.0,,012147,富国大盘核心资产混合,0.20692409344578433,ret_12m,main,58.7,full,1.0,2026-09-23
1266.0,,005472,富国价值驱动灵活配置混合A,0.20644996757486833,ret_12m,main,101.9,full,1.0,2026-09-23
1267.0,,260111,景顺长城公司治理混合,0.2062533470729393,ret_12m,main,215.0,full,1.0,2026-09-23
1268.0,,011330,鹏华精选群英一年持有混合MOM,0.20625333367598309,ret_12m,main,60.0,full,1.0,2026-09-23
1269.0,,003147,大成动态量化配置策略混合A,0.20614681533247525,ret_12m,main,120.1,full,1.0,2026-09-23
1270.0,,019561,富国致航量化选股股票A,0.20613963462077933,ret_12m,main,33.6,short,1.0,2026-09-23
1271.0,,000594,大摩进取优选股票,0.2060806674776927,ret_12m,main,147.8,full,1.0,2026-09-23
1272.0,,014545,浦银兴耀优选一年持有混合A,0.20592967275566476,ret_12m,main,51.5,full,1.0,2026-09-23
1273.0,,014734,广发睿合混合A,0.20570537715352422,ret_12m,main,54.0,full,1.0,2026-09-23
1274.0,,001245,工银生态环境股票A,0.20565862999970919,ret_12m,main,135.7,full,1.0,2026-09-23
1275.0,,001725,汇添富高端制造股票A,0.205484234607753,ret_12m,main,114.1,full,1.0,2026-09-23
1276.0,,180001,银华优势企业混合,0.20449906937600515,ret_12m,main,286.3,full,1.0,2026-09-23
1277.0,,010965,中银鑫新消费成长混合A,0.2043831234793516,ret_12m,main,60.6,full,1.0,2026-09-23
1278.0,,014158,博时浦惠一年持有期混合A,0.20429309093401327,ret_12m,main,55.2,full,1.0,2026-09-23
1279.0,,011344,景顺长城融景一年持有混合A,0.20401581110346467,ret_12m,main,61.9,full,1.0,2026-09-23
1280.0,,001535,景顺长城改革机遇灵活配置A,0.2036805419975951,ret_12m,main,132.7,full,1.0,2026-09-23
1281.0,,019354,易方达平衡视野混合A1,0.20360335639039406,ret_12m,main,33.6,short,1.0,2026-09-23
1282.0,,015293,金鹰时代领航一年持有混合A,0.20348044976326385,ret_12m,main,48.6,full,1.0,2026-09-23
1283.0,,013561,国联匠心优选混合A,0.20342641045524368,ret_12m,main,58.7,full,1.0,2026-09-23
1284.0,,012463,博时成长优势混合A,0.20309711327558877,ret_12m,main,61.7,full,1.0,2026-09-23
1285.0,,019720,信澳宁隽智选混合A,0.20174131643623783,ret_12m,main,33.1,short,1.0,2026-09-23
1286.0,,021369,华夏智胜优选混合发起式A,0.20159806922741264,ret_12m,main,25.6,short,1.0,2026-09-23
1287.0,,005650,万家量化同顺多策略混合A,0.20126472222685066,ret_12m,main,100.7,full,1.0,2026-09-23
1288.0,,022269,中信保诚周期优选混合A,0.2010452114725092,ret_12m,main,22.6,short,1.0,2026-09-23
1289.0,,012688,长安成长优选混合A,0.20103647395989976,ret_12m,main,61.4,full,1.0,2026-09-23
1290.0,,011977,格林研究优选混合A,0.20087461393744643,ret_12m,main,61.1,full,1.0,2026-09-23
1291.0,,202019,南方策略优化混合,0.20083007025905353,ret_12m,main,197.8,full,1.0,2026-09-23
1292.0,,206012,鹏华价值精选股票,0.20027629803296576,ret_12m,main,173.2,full,1.0,2026-09-23
1293.0,,001605,国富沪港深成长精选股票A,0.20027295665054945,ret_12m,main,128.1,full,1.0,2026-09-23
1294.0,,001490,汇添富国企创新股票A,0.20021853889881003,ret_12m,main,134.5,full,1.0,2026-09-23
1295.0,,009556,兴全合丰三年持有混合,0.2000030836655342,ret_12m,main,72.8,full,1.0,2026-09-23
1296.0,,163804,中银收益混合A,0.19972003667006488,ret_12m,main,239.4,full,1.0,2026-09-23
1297.0,,022092,华商研究驱动混合A,0.19957562498848302,ret_12m,main,18.4,short,1.0,2026-09-23
1298.0,,015320,长江新兴产业混合A,0.19939720012409579,ret_12m,main,53.1,full,1.0,2026-09-23
1299.0,,004890,中邮健康文娱灵活配置混合A,0.19927890692143668,ret_12m,main,105.3,full,1.0,2026-09-23
1300.0,,020748,国联智选先锋股票A,0.1990001524700109,ret_12m,main,27.6,short,1.0,2026-09-23
1301.0,,590008,中邮战略新兴产业混合A,0.19889753369396224,ret_12m,main,171.4,full,1.0,2026-09-23
1302.0,,024448,广发价值稳进混合A,0.1988526236561623,ret_12m,main,15.1,short,0.9802,2026-09-23
1303.0,,163818,中银中小盘成长混合,0.1988262482942016,ret_12m,main,178.0,full,1.0,2026-09-23
1304.0,,010779,西部利得量化优选一年持有A,0.19871713660781087,ret_12m,main,68.1,full,1.0,2026-09-23
1305.0,,001140,工银总回报灵活配置混合A,0.1987074947511378,ret_12m,main,137.2,full,1.0,2026-09-23
1306.0,,001220,民生加银研究精选混合,0.19867483734795677,ret_12m,main,135.9,full,1.0,2026-09-23
1307.0,,002801,泓德泓信混合,0.19858526747712557,ret_12m,main,123.7,full,1.0,2026-09-23
1308.0,,006267,诺德量化核心A,0.19841396151341661,ret_12m,main,94.0,full,1.0,2026-09-23
1309.0,,560006,益民核心增长混合,0.19835729370375565,ret_12m,main,169.2,full,1.0,2026-09-23
1310.0,,019410,南方数字经济混合A,0.19792790373967306,ret_12m,main,34.3,short,1.0,2026-09-23
1311.0,,519700,交银主题优选混合A,0.19771882702720833,ret_12m,main,194.8,full,1.0,2026-09-23
1312.0,,009398,华富成长企业精选股票A,0.1976891529029361,ret_12m,main,75.2,full,1.0,2026-09-23
1313.0,,005443,国金量化多策略A,0.19735679188811717,ret_12m,main,103.7,full,1.0,2026-09-23
1314.0,,003053,嘉实文体娱乐股票A,0.19665849104882005,ret_12m,main,120.5,full,1.0,2026-09-23
1315.0,,002258,大成国企改革灵活配置混合A,0.19665605610021752,ret_12m,main,108.1,full,1.0,2026-09-23
1316.0,,022028,京管泰富科技驱动混合A,0.1958385870700663,ret_12m,main,20.9,short,1.0,2026-09-23
1317.0,,017850,交银启信混合发起A,0.19563378569497103,ret_12m,main,42.8,full,1.0,2026-09-23
1318.0,,000966,中邮核心科技创新灵活配置混合,0.19536233374846734,ret_12m,main,139.4,full,1.0,2026-09-23
1319.0,,014788,长城产业趋势混合A,0.1952839504913071,ret_12m,main,49.7,full,1.0,2026-09-23
1320.0,,012785,鹏华品质精选混合A,0.195048200405187,ret_12m,main,59.8,full,1.0,2026-09-23
1321.0,,001985,富国低碳新经济混合A,0.1949346737389519,ret_12m,main,129.2,full,1.0,2026-09-23
1322.0,,006299,恒越核心精选混合A,0.19445192192494942,ret_12m,main,94.3,full,1.0,2026-09-23
1323.0,,001430,中邮乐享收益灵活配置混合A,0.19434093563715793,ret_12m,main,135.3,full,1.0,2026-09-23
1324.0,,290014,泰信现代服务业混合,0.19411111647609292,ret_12m,main,163.5,full,1.0,2026-09-23
1325.0,,016388,汇安均衡成长混合A,0.19406098531674854,ret_12m,main,32.4,short,1.0,2026-09-23
1326.0,,004763,中科沃土沃嘉混合A,0.19385981061867263,ret_12m,main,105.6,full,1.0,2026-09-23
1327.0,,018823,国金智享量化选股混合A,0.19371175845588962,ret_12m,main,37.1,full,1.0,2026-09-23
1328.0,,519778,交银经济新动力混合A,0.192628401433651,ret_12m,main,119.1,full,1.0,2026-09-23
1329.0,,000242,景顺长城策略精选灵活配置混合A,0.1925735205824315,ret_12m,main,157.5,full,1.0,2026-09-23
1330.0,,006551,中庚价值领航混合,0.19203711661611123,ret_12m,main,93.1,full,1.0,2026-09-23
1331.0,,000167,广发聚优灵活配置混合A,0.19157484663544344,ret_12m,main,156.4,full,1.0,2026-09-23
1332.0,,001789,国泰量化收益灵活配置混合A,0.19143984980172846,ret_12m,main,112.2,full,1.0,2026-09-23
1333.0,,001975,景顺长城环保优势股票,0.19124516398014269,ret_12m,main,126.3,full,1.0,2026-09-23
1334.0,,233007,大摩卓越成长混合,0.1911101220000273,ret_12m,main,196.2,full,1.0,2026-09-23
1335.0,,009646,南方核心成长混合A,0.19110793097112144,ret_12m,main,74.3,full,1.0,2026-09-23
1336.0,,009623,长城创新驱动混合A,0.191077575471982,ret_12m,main,75.0,full,1.0,2026-09-23
1337.0,,013554,信澳远见价值混合A,0.19097214919875882,ret_12m,main,52.4,full,1.0,2026-09-23
1338.0,,003152,华富天鑫灵活配置混合A,0.19094393055278913,ret_12m,main,116.8,full,1.0,2026-09-23
1339.0,,166020,中欧成长优选混合A,0.19091983327548423,ret_12m,main,157.1,full,1.0,2026-09-23
1340.0,,018294,景顺长城国企价值混合A,0.19086516389679486,ret_12m,main,39.8,full,1.0,2026-09-23
1341.0,,006195,国金量化多因子股票A,0.190661981074439,ret_12m,main,94.8,full,1.0,2026-09-23
1342.0,,002216,易方达量化策略A,0.19057292653021718,ret_12m,main,105.1,full,1.0,2026-09-23
1343.0,,021884,太平量化选股混合A,0.19051735698596706,ret_12m,main,22.8,short,1.0,2026-09-23
1344.0,,000173,汇添富美丽30混合A,0.19037543566752557,ret_12m,main,158.9,full,1.0,2026-09-23
1345.0,,022320,汇添富弘瑞回报混合发起式A,0.19016315166562925,ret_12m,main,19.9,short,1.0,2026-09-23
1346.0,,005632,鹏华量化先锋混合,0.18953739556093607,ret_12m,main,102.7,full,1.0,2026-09-23
1347.0,,013417,博时核心资产精选混合A,0.18940567578484147,ret_12m,main,60.2,full,1.0,2026-09-23
1348.0,,501032,财通福盛混合发起(LOF)A,0.18900897457533872,ret_12m,main,115.9,full,1.0,2026-09-23
1349.0,,024435,天弘品质价值混合A,0.18849055936691572,ret_12m,main,15.1,short,0.9723,2026-09-23
1350.0,,010663,长江均衡成长混合发起式A,0.18847577510329527,ret_12m,main,68.8,full,1.0,2026-09-23
1351.0,,400011,东方核心动力混合A,0.18821931866874841,ret_12m,main,207.0,full,1.0,2026-09-23
1352.0,,020023,国泰事件驱动策略混合A,0.1879470196257491,ret_12m,main,181.2,full,1.0,2026-09-23
1353.0,,007689,国投瑞银新能源混合A,0.18782207124003159,ret_12m,main,82.2,full,1.0,2026-09-23
1354.0,,014488,国投瑞银产业升级两年持有混合A,0.18737771539764503,ret_12m,main,54.4,full,1.0,2026-09-23
1355.0,,001224,中邮新思路灵活配置混合A,0.18720603585384787,ret_12m,main,130.4,full,1.0,2026-09-23
1356.0,,320006,诺安灵活配置混合A,0.18718632049969197,ret_12m,main,220.1,full,1.0,2026-09-23
1357.0,,012913,方正富邦趋势领航混合A,0.18718472511314754,ret_12m,main,60.0,full,1.0,2026-09-23
1358.0,,020267,宏利睿智成长混合A,0.18716674169002734,ret_12m,main,28.3,short,1.0,2026-09-23
1359.0,,008618,永赢医药健康A,0.18712385558717726,ret_12m,main,76.1,full,1.0,2026-09-23
1360.0,,007549,中泰开阳价值优选混合A,0.18603559192526142,ret_12m,main,84.6,full,1.0,2026-09-23
1361.0,,481004,工银稳健成长混合A,0.185969919555238,ret_12m,main,237.6,full,1.0,2026-09-23
1362.0,,012493,长信内需均衡混合A,0.18594355220075687,ret_12m,main,62.8,full,1.0,2026-09-23
1363.0,,013091,摩根均衡优选混合A,0.1859044677929902,ret_12m,main,59.9,full,1.0,2026-09-23
1364.0,,005821,万家新机遇龙头企业混合A,0.18575036687897017,ret_12m,main,100.0,full,1.0,2026-09-23
1365.0,,015610,万家匠心致远一年持有期混合A,0.18573435203882327,ret_12m,main,49.5,full,1.0,2026-09-23
1366.0,,015092,汇安远见成长混合A,0.18560297160203687,ret_12m,main,49.2,full,1.0,2026-09-23
1367.0,,010977,华夏鸿阳6个月持有期混合A,0.185229511884631,ret_12m,main,63.7,full,1.0,2026-09-23
1368.0,,200016,长城稳健成长混合A,0.18518211944665675,ret_12m,main,169.7,full,1.0,2026-09-23
1369.0,,005457,景顺长城量化小盘股票A,0.18479562575601216,ret_12m,main,103.5,full,1.0,2026-09-23
1370.0,,012495,民生加银双核动力混合A,0.18453133580220693,ret_12m,main,56.4,full,1.0,2026-09-23
1371.0,,011504,上银丰益混合A,0.1843268275665828,ret_12m,main,64.9,full,1.0,2026-09-23
1372.0,,519035,富国天博创新主题混合,0.18406401121223892,ret_12m,main,232.0,full,1.0,2026-09-23
1373.0,,018440,汇添富量化选股混合A,0.18406212633910113,ret_12m,main,39.6,full,1.0,2026-09-23
1374.0,,470008,汇添富策略回报混合,0.18375634559948284,ret_12m,main,201.0,full,1.0,2026-09-23
1375.0,,001541,汇添富民营新动力股票,0.18343157912540087,ret_12m,main,133.6,full,1.0,2026-09-23
1376.0,,002597,兴业成长动力混合A,0.18338244355195488,ret_12m,main,123.7,full,1.0,2026-09-23
1377.0,,001484,天弘新价值混合A,0.18331116371653144,ret_12m,main,135.2,full,1.0,2026-09-23
1378.0,,006160,博道启航混合A,0.1831255806764347,ret_12m,main,97.4,full,1.0,2026-09-23
1379.0,,014307,嘉实多元动力混合A,0.18292367219530736,ret_12m,main,57.1,full,1.0,2026-09-23
1380.0,,016252,华夏景气成长一年持有混合发起式A,0.1827152170110491,ret_12m,main,43.3,full,1.0,2026-09-23
1381.0,,009986,天弘创新领航A,0.18270231572312512,ret_12m,main,72.8,full,1.0,2026-09-23
1382.0,,016332,长城产业臻选混合A,0.18268872735553776,ret_12m,main,42.3,full,1.0,2026-09-23
1383.0,,360007,光大优势配置混合A,0.18261618989928863,ret_12m,main,229.0,full,1.0,2026-09-23
1384.0,,013365,汇添富产业升级混合A,0.1825011511940582,ret_12m,main,58.8,full,1.0,2026-09-23
1385.0,,005738,长城智能产业混合A,0.18237690282968777,ret_12m,main,99.5,full,1.0,2026-09-23
1386.0,,161601,融通新蓝筹混合,0.18234174311501428,ret_12m,main,288.3,full,1.0,2026-09-23
1387.0,,006973,太平睿盈混合A,0.1821376569696882,ret_12m,main,90.0,full,1.0,2026-09-23
1388.0,,022119,平安产业趋势混合A,0.18203869934914296,ret_12m,main,21.2,short,1.0,2026-09-23
1389.0,,000646,华润元大量化优选混合A,0.181606435630155,ret_12m,main,145.2,full,1.0,2026-09-23
1390.0,,519056,海富通内需热点混合,0.18159539805488967,ret_12m,main,153.1,full,1.0,2026-09-23
1391.0,,005352,鹏扬景泰成长混合A,0.18156019034644366,ret_12m,main,105.1,full,1.0,2026-09-23
1392.0,,008318,博道久航混合A,0.18138689636642957,ret_12m,main,81.0,full,1.0,2026-09-23
1393.0,,004986,鹏华策略回报混合,0.18123919172494696,ret_12m,main,108.6,full,1.0,2026-09-23
1394.0,,012243,东方红内需增长混合B,0.18119812659733547,ret_12m,main,63.7,full,1.0,2026-09-23
1395.0,,013552,汇添富成长领先混合A,0.18115784409949698,ret_12m,main,57.4,full,1.0,2026-09-23
1396.0,,005258,景顺长城量化平衡混合A,0.1809862231179613,ret_12m,main,104.9,full,1.0,2026-09-23
1397.0,,016466,国泰海通量化选股混合发起A,0.18091827987591502,ret_12m,main,49.2,full,1.0,2026-09-23
1398.0,,001466,华富永鑫灵活配置混合A,0.18082707152201238,ret_12m,main,135.3,full,1.0,2026-09-23
1399.0,,008264,南方ESG股票A,0.18053029116807684,ret_12m,main,81.1,full,1.0,2026-09-23
1400.0,,019997,长信优势行业混合A,0.180371756442969,ret_12m,main,30.4,short,1.0,2026-09-23
1401.0,,166109,信澳量化先锋(LOF)A,0.18024711289742856,ret_12m,main,79.6,full,1.0,2026-09-23
1402.0,,008961,华商科技创新混合,0.1800966860789448,ret_12m,main,78.6,full,1.0,2026-09-23
1403.0,,162209,宏利市值优选混合A,0.18006177723131,ret_12m,main,229.7,full,1.0,2026-09-23
1404.0,,004946,汇添富盈润混合A,0.17996685685585367,ret_12m,main,108.6,full,1.0,2026-09-23
1405.0,,019690,华商产业机遇混合A,0.17988263709754193,ret_12m,main,30.7,short,1.0,2026-09-23
1406.0,,008640,方正富邦科技创新A,0.1798172679578729,ret_12m,main,80.1,full,1.0,2026-09-23
1407.0,,630006,华商产业升级混合,0.17974966896958144,ret_12m,main,195.2,full,1.0,2026-09-23
1408.0,,000996,中银新动力股票A,0.17968991608080787,ret_12m,main,139.3,full,1.0,2026-09-23
1409.0,,009992,景顺长城量化成长演化混合A,0.17926742811808305,ret_12m,main,70.1,full,1.0,2026-09-23
1410.0,,001656,农银中国优势灵活配置混合,0.17917169980425052,ret_12m,main,111.5,full,1.0,2026-09-23
1411.0,,008954,安信价值回报三年持有混合A,0.17916664521697023,ret_12m,main,78.9,full,1.0,2026-09-23
1412.0,,016250,华夏远见成长一年持有混合A,0.179056713464826,ret_12m,main,48.1,full,1.0,2026-09-23
1413.0,,501188,汇添富核心精选混合(LOF),0.17879884606687502,ret_12m,main,98.6,full,1.0,2026-09-23
1414.0,,008854,南方内需增长两年股票A,0.17878081520738087,ret_12m,main,79.0,full,1.0,2026-09-23
1415.0,,006785,东方量化多策略混合A,0.17841354757685113,ret_12m,main,91.0,full,1.0,2026-09-23
1416.0,,270005,广发聚丰混合A,0.17817214901754386,ret_12m,main,249.0,full,1.0,2026-09-23
1417.0,,021663,汇百川远航混合A,0.17803475575670502,ret_12m,main,25.3,short,1.0,2026-09-23
1418.0,,004888,财通资管鑫逸混合A,0.1779837551815433,ret_12m,main,108.8,full,1.0,2026-09-23
1419.0,,018071,长信均衡优选混合A,0.17779464129180278,ret_12m,main,38.7,full,1.0,2026-09-23
1420.0,,008308,华夏见龙精选混合,0.17763732881604333,ret_12m,main,76.3,full,1.0,2026-09-23
1421.0,,004091,博时沪港深价值优选A,0.17752792365720915,ret_12m,main,115.9,full,1.0,2026-09-23
1422.0,,003069,光大创业板量化优选A,0.17741890598665577,ret_12m,main,103.3,full,1.0,2026-09-23
1423.0,,519995,长信金利趋势混合A,0.17740684737406776,ret_12m,main,244.8,full,1.0,2026-09-23
1424.0,,017715,华宝量化选股混合发起式A,0.17707622685124003,ret_12m,main,43.1,full,1.0,2026-09-23
1425.0,,014885,长盛匠心研究混合A,0.17699682801702377,ret_12m,main,50.6,full,1.0,2026-09-23
1426.0,,487016,工银瑞信灵活配置混合A,0.17698985677235135,ret_12m,main,176.9,full,1.0,2026-09-23
1427.0,,008128,湘财长源股票型A,0.17696631195880208,ret_12m,main,81.2,full,1.0,2026-09-23
1428.0,,001476,中银智能制造股票A,0.17680781045390948,ret_12m,main,135.2,full,1.0,2026-09-23
1429.0,,011313,东方红启华三年持有混合B,0.17670902400133337,ret_12m,main,61.9,full,1.0,2026-09-23
1430.0,,024499,兴华景和混合发起A,0.17669988494634414,ret_12m,main,15.4,short,1.0,2026-09-23
1431.0,,290008,泰信发展主题混合,0.1765903542126206,ret_12m,main,189.3,full,1.0,2026-09-23
1432.0,,021198,汇添富优选价值混合发起式A,0.17657857396775878,ret_12m,main,23.3,short,1.0,2026-09-23
1433.0,,005109,汇安多策略混合A,0.1765062589326618,ret_12m,main,106.0,full,1.0,2026-09-23
1434.0,,001897,九泰久盛量化先锋混合A,0.17617128299966067,ret_12m,main,130.4,full,1.0,2026-09-23
1435.0,,011645,国泰核心价值两年持有期股票A,0.17598118443561672,ret_12m,main,63.5,full,1.0,2026-09-23
1436.0,,590003,中邮核心优势灵活配置混合A,0.17580691342104138,ret_12m,main,202.8,full,1.0,2026-09-23
1437.0,,014267,华商竞争力优选混合A,0.1755561836904087,ret_12m,main,55.8,full,1.0,2026-09-23
1438.0,,012839,东方红智华三年持有混合A,0.17521910058013512,ret_12m,main,61.2,full,1.0,2026-09-23
1439.0,,014805,国金量化精选混合A,0.1751111939459935,ret_12m,main,54.2,full,1.0,2026-09-23
1440.0,,015223,汇添富进取成长混合A,0.17426565419318374,ret_12m,main,48.3,full,1.0,2026-09-23
1441.0,,100016,富国天源沪港深平衡混合A,0.17417803419174138,ret_12m,main,289.2,full,1.0,2026-09-23
1442.0,,000788,前海开源中国成长混合,0.1739605670786255,ret_12m,main,143.8,full,1.0,2026-09-23
1443.0,,014460,平安品质优选混合A,0.1739154505690994,ret_12m,main,56.8,full,1.0,2026-09-23
1444.0,,011585,博时产业慧选混合A,0.17384186416190306,ret_12m,main,66.0,full,1.0,2026-09-23
1445.0,,015641,银华数字经济股票发起式A,0.17380960193215245,ret_12m,main,52.1,full,1.0,2026-09-23
1446.0,,012071,中加喜利回报一年持有混合A,0.1737761145565646,ret_12m,main,60.7,full,1.0,2026-09-23
1447.0,,019879,万家周期驱动股票发起式A,0.17367376765628428,ret_12m,main,34.8,short,1.0,2026-09-23
1448.0,,011882,招商蓝筹精选股票A,0.1735940770915243,ret_12m,main,61.9,full,1.0,2026-09-23
1449.0,,024483,东吴裕盈平衡混合A,0.17344195345739544,ret_12m,main,14.3,short,1.0,2026-09-23
1450.0,,016553,南方鑫悦15个月持有混合A,0.17331930446348198,ret_12m,main,48.3,full,1.0,2026-09-23
1451.0,,121003,国投瑞银核心企业混合,0.17316213691177862,ret_12m,main,245.2,full,1.0,2026-09-23
1452.0,,007854,光大景气先锋混合A,0.17308023224577296,ret_12m,main,82.3,full,1.0,2026-09-23
1453.0,,016021,华安优嘉精选混合A,0.17305643565532658,ret_12m,main,48.8,full,1.0,2026-09-23
1454.0,,005009,申万菱信行业轮动股票A,0.1728587053195434,ret_12m,main,107.8,full,1.0,2026-09-23
1455.0,,000746,招商行业精选股票基金,0.17280780797338569,ret_12m,main,144.7,full,1.0,2026-09-23
1456.0,,008328,诺安新兴产业混合,0.17266618645322906,ret_12m,main,78.5,full,1.0,2026-09-23
1457.0,,010062,南方行业精选一年混合A,0.17251919150671635,ret_12m,main,70.9,full,1.0,2026-09-23
1458.0,,019982,泓德智选启元混合A,0.17231643723681178,ret_12m,main,34.1,short,1.0,2026-09-23
1459.0,,001345,富国新收益灵活配置混合A,0.17213958705381738,ret_12m,main,136.0,full,1.0,2026-09-23
1460.0,,000971,诺安新经济股票A,0.17177032576346818,ret_12m,main,139.9,full,1.0,2026-09-23
1461.0,,006424,嘉合锦程混合A,0.17160225052794198,ret_12m,main,93.1,full,1.0,2026-09-23
1462.0,,270006,广发策略优选混合,0.17144054279113785,ret_12m,main,244.2,full,1.0,2026-09-23
1463.0,,410007,华富价值增长混合A,0.17123947979512044,ret_12m,main,206.3,full,1.0,2026-09-23
1464.0,,002838,华夏新锦程混合A,0.17093177064524068,ret_12m,main,121.5,full,1.0,2026-09-23
1465.0,,014410,华夏时代领航两年持有混合A,0.1709285834203409,ret_12m,main,51.3,full,1.0,2026-09-23
1466.0,,011756,博时产业优选混合A,0.17087800042763024,ret_12m,main,62.1,full,1.0,2026-09-23
1467.0,,002319,大成一带一路灵活配置混合A,0.17087233586448347,ret_12m,main,111.7,full,1.0,2026-09-23
1468.0,,017157,华富匠心领航18个月持有期混合A,0.17071230292400963,ret_12m,main,41.2,full,1.0,2026-09-23
1469.0,,001261,国联新机遇混合A,0.17065208433991508,ret_12m,main,136.7,full,1.0,2026-09-23
1470.0,,166005,中欧价值发现混合A,0.1705799691517904,ret_12m,main,206.0,full,1.0,2026-09-23
1471.0,,014811,平安兴奕成长1年持有混合A,0.1704938083734664,ret_12m,main,55.9,full,1.0,2026-09-23
1472.0,,001761,广发安宏回报混合A,0.1704456719002272,ret_12m,main,128.8,full,1.0,2026-09-23
1473.0,,012892,安信优质企业三年持有混合A,0.17016698117751083,ret_12m,main,58.4,full,1.0,2026-09-23
1474.0,,010558,汇安鑫利优选混合A,0.17011086964859623,ret_12m,main,65.7,full,1.0,2026-09-23
1475.0,,005927,创金合信新能源汽车股票A,0.16997770750907493,ret_12m,main,100.5,full,1.0,2026-09-23
1476.0,,002121,广发沪港深新起点股票A,0.1699603035621391,ret_12m,main,118.7,full,1.0,2026-09-23
1477.0,,519097,新华中小市值优选混合A,0.1698300237619743,ret_12m,main,187.8,full,1.0,2026-09-23
1478.0,,519008,汇添富优势精选混合,0.16929087798502995,ret_12m,main,252.9,full,1.0,2026-09-23
1479.0,,010284,长城价值成长六个月持有期混合A,0.16897350259131194,ret_12m,main,66.3,full,1.0,2026-09-23
1480.0,,519017,大成积极成长混合A,0.16894942519542866,ret_12m,main,235.8,full,1.0,2026-09-23
1481.0,,519066,汇添富蓝筹稳健混合A,0.1687135677156586,ret_12m,main,218.5,full,1.0,2026-09-23
1482.0,,011550,湘财创新成长一年持有期混合A,0.1684782838639589,ret_12m,main,66.0,full,1.0,2026-09-23
1483.0,,023362,鹏扬研究精选混合A,0.16846714672362006,ret_12m,main,13.6,short,1.0,2026-09-23
1484.0,,012613,创金合信产业智选混合A,0.16805821788692454,ret_12m,main,61.9,full,1.0,2026-09-23
1485.0,,001650,工银丰收回报灵活配置混合A,0.1679038437275402,ret_12m,main,130.9,full,1.0,2026-09-23
1486.0,,010994,博时创新经济混合A,0.16774850271860986,ret_12m,main,68.3,full,1.0,2026-09-23
1487.0,,009591,博时研究精选持有期混合A,0.1677389390937587,ret_12m,main,75.0,full,1.0,2026-09-23
1488.0,,008418,惠升惠泽混合A,0.16768875422453378,ret_12m,main,81.2,full,1.0,2026-09-23
1489.0,,020062,格林宏观回报混合A,0.16765839864663823,ret_12m,main,27.9,short,1.0,2026-09-23
1490.0,,001763,广发多策略混合,0.16754612535400892,ret_12m,main,129.5,full,1.0,2026-09-23
1491.0,,009640,中银证券优选行业龙头混合A,0.1675029664146357,ret_12m,main,72.7,full,1.0,2026-09-23
1492.0,,001734,广发新锐智选混合A,0.16744962295888977,ret_12m,main,130.2,full,1.0,2026-09-23
1493.0,,340007,兴全社会责任混合,0.16743789193819447,ret_12m,main,220.8,full,1.0,2026-09-23
1494.0,,400003,东方精选混合,0.16739566671161654,ret_12m,main,248.4,full,1.0,2026-09-23
1495.0,,001898,易方达大健康混合,0.16738447691340785,ret_12m,main,107.9,full,1.0,2026-09-23
1496.0,,002545,东方岳灵活配置混合,0.16726932097029068,ret_12m,main,120.0,full,1.0,2026-09-23
1497.0,,021094,东方低碳经济混合A,0.1672275077678851,ret_12m,main,18.7,short,1.0,2026-09-23
1498.0,,011685,创金合信先进装备股票A,0.16706257512580902,ret_12m,main,65.8,full,1.0,2026-09-23
1499.0,,010602,长城均衡优选混合A,0.16695628259398454,ret_12m,main,69.7,full,1.0,2026-09-23
1500.0,,011603,兴业高端制造混合A,0.16687786458219023,ret_12m,main,66.0,full,1.0,2026-09-23
1501.0,,009736,汇添富稳健收益混合A,0.16656167911712982,ret_12m,main,74.0,full,1.0,2026-09-23
1502.0,,002780,前海联合泓鑫混合A,0.1665500823035928,ret_12m,main,117.7,full,1.0,2026-09-23
1503.0,,360010,光大均衡精选混合A,0.16647446908025954,ret_12m,main,210.7,full,1.0,2026-09-23
1504.0,,002630,江信瑞福灵活配置混合A,0.16642531285001216,ret_12m,main,115.2,full,1.0,2026-09-23
1505.0,,001334,南方利鑫A,0.16618565436763966,ret_12m,main,136.1,full,1.0,2026-09-23
1506.0,,018937,财通医药健康混合A,0.16611069916857923,ret_12m,main,29.9,short,1.0,2026-09-23
1507.0,,011669,长信优质企业混合A,0.16596284934879835,ret_12m,main,63.9,full,1.0,2026-09-23
1508.0,,016703,兴业品质睿选混合发起式A,0.16515121672908206,ret_12m,main,25.1,short,1.0,2026-09-23
1509.0,,040035,华安逆向策略混合A,0.1650675945819573,ret_12m,main,169.2,full,1.0,2026-09-23
1510.0,,010892,中银证券精选行业股票A,0.1650622482786639,ret_12m,main,68.1,full,1.0,2026-09-23
1511.0,,001413,国联鑫起点混合A,0.16496415466635383,ret_12m,main,135.4,full,1.0,2026-09-23
1512.0,,002389,招商安德灵活配置混合A,0.16480153686417265,ret_12m,main,127.1,full,1.0,2026-09-23
1513.0,,519983,长信量化先锋混合A,0.16465291849146868,ret_12m,main,190.2,full,1.0,2026-09-23
1514.0,,008955,交银创新领航混合,0.1646013429165767,ret_12m,main,78.9,full,1.0,2026-09-23
1515.0,,010824,天弘创新成长混合发起式A,0.16453820109193829,ret_12m,main,67.5,full,1.0,2026-09-23
1516.0,,014922,华夏ESG可持续投资一年持有混合A,0.16452255342443256,ret_12m,main,54.5,full,1.0,2026-09-23
1517.0,,163415,兴全商业模式混合(LOF)A,0.16432777507268614,ret_12m,main,165.2,full,1.0,2026-09-23
1518.0,,002419,汇添富创新活力混合A,0.16425569111014982,ret_12m,main,125.1,full,1.0,2026-09-23
1519.0,,010421,海富通消费优选混合A,0.16393391177502448,ret_12m,main,65.3,full,1.0,2026-09-23
1520.0,,001740,光大中国制造2025灵活配置混合A,0.1638098166108135,ret_12m,main,129.0,full,1.0,2026-09-23
1521.0,,001880,长城中国智造灵活配置混合A,0.1634866192171487,ret_12m,main,114.3,full,1.0,2026-09-23
1522.0,,570001,诺德价值优势混合,0.1633991439242899,ret_12m,main,233.2,full,1.0,2026-09-23
1523.0,,015789,永赢高端装备智选混合发起A,0.16330145619938397,ret_12m,main,50.3,full,1.0,2026-09-23
1524.0,,970184,招商资管核心优势混合A,0.1628027068053528,ret_12m,main,49.5,full,1.0,2026-09-23
1525.0,,008025,汇添富稳健增长混合A,0.16242800540656033,ret_12m,main,82.6,full,1.0,2026-09-23
1526.0,,015381,东方兴瑞趋势领航混合A,0.16213897064380167,ret_12m,main,49.2,full,1.0,2026-09-23
1527.0,,012270,富国腾享回报6个月滚动持有A,0.16213190322128268,ret_12m,main,61.8,full,1.0,2026-09-23
1528.0,,004138,上银鑫达灵活配置混合A,0.16203789607966557,ret_12m,main,114.5,full,1.0,2026-09-23
1529.0,,010124,兴银景气优选混合A,0.1619766782668195,ret_12m,main,69.9,full,1.0,2026-09-23
1530.0,,000587,大成灵活配置混合A,0.16189039848500797,ret_12m,main,148.3,full,1.0,2026-09-23
1531.0,,013812,景顺长城景气进取混合A,0.16188042024406935,ret_12m,main,58.0,full,1.0,2026-09-23
1532.0,,007802,兴全合泰混合A,0.16159591549771357,ret_12m,main,83.2,full,1.0,2026-09-23
1533.0,,014020,诺德量化先锋一年持有混合A,0.16157042812848443,ret_12m,main,56.4,full,1.0,2026-09-23
1534.0,,005618,融通红利机会主题精选混合A,0.16120593653388382,ret_12m,main,101.9,full,1.0,2026-09-23
1535.0,,019797,银河国企主题混合发起式A,0.16116162972442738,ret_12m,main,34.3,short,1.0,2026-09-23
1536.0,,011346,淳厚鑫淳一年持有混合,0.16081907151373498,ret_12m,main,63.7,full,1.0,2026-09-23
1537.0,,011936,华夏阿尔法精选混合A,0.1607267932276586,ret_12m,main,61.1,full,1.0,2026-09-23
1538.0,,501083,银华科创主题灵活配置混合(LOF)A,0.1605728312138861,ret_12m,main,86.6,full,1.0,2026-09-23
1539.0,,004809,前海联合润丰混合A,0.16034107422814947,ret_12m,main,96.1,full,1.0,2026-09-23
1540.0,,008372,富国阿尔法两年持有期混合,0.16016850378683256,ret_12m,main,81.0,full,1.0,2026-09-23
1541.0,,009199,万家价值优势一年持有期混合,0.16013849549349057,ret_12m,main,75.8,full,1.0,2026-09-23
1542.0,,519692,交银成长混合,0.16005424902176224,ret_12m,main,239.0,full,1.0,2026-09-23
1543.0,,013714,方正富邦泰利12个月持有混合A,0.15991727755245622,ret_12m,main,56.0,full,1.0,2026-09-23
1544.0,,163418,兴全合兴混合A,0.15966586943434313,ret_12m,main,68.3,full,1.0,2026-09-23
1545.0,,021726,泓德智选启诚混合A,0.15964136627676306,ret_12m,main,18.2,short,1.0,2026-09-23
1546.0,,000219,博时裕益混合A,0.15945638572368837,ret_12m,main,157.8,full,1.0,2026-09-23
1547.0,,002983,长信国防军工量化混合A,0.15892631996292894,ret_12m,main,116.6,full,1.0,2026-09-23
1548.0,,019722,中银量化选股混合发起A,0.15874106850826086,ret_12m,main,27.2,short,1.0,2026-09-23
1549.0,,010328,博时荣华灵活配置混合A,0.15871108195347672,ret_12m,main,70.4,full,1.0,2026-09-23
1550.0,,001924,华夏国企改革混合,0.15860368317499862,ret_12m,main,129.9,full,1.0,2026-09-23
1551.0,,002871,华夏智胜价值成长A,0.158584499774985,ret_12m,main,121.5,full,1.0,2026-09-23
1552.0,,015880,中欧小盘成长混合A,0.15850384003239038,ret_12m,main,50.9,full,1.0,2026-09-23
1553.0,,001120,东方睿鑫热点挖掘混合A,0.15803318224931728,ret_12m,main,137.3,full,1.0,2026-09-23
1554.0,,005587,安信比较优势混合A,0.15789651271762328,ret_12m,main,102.1,full,1.0,2026-09-23
1555.0,,020010,国泰金牛创新成长混合,0.1578471187831798,ret_12m,main,232.2,full,1.0,2026-09-23
1556.0,,005351,汇添富行业整合混合A,0.1578182269614461,ret_12m,main,103.3,full,1.0,2026-09-23
1557.0,,013960,万家新机遇成长一年持有期混合发起式A,0.15763009229733238,ret_12m,main,57.5,full,1.0,2026-09-23
1558.0,,040011,华安核心优选混合A,0.15759404903136653,ret_12m,main,215.0,full,1.0,2026-09-23
1559.0,,000523,国投瑞银医疗保健混合A,0.15756022083653987,ret_12m,main,150.9,full,1.0,2026-09-23
1560.0,,001576,国泰智能装备股票A,0.157557558812363,ret_12m,main,111.1,full,1.0,2026-09-23
1561.0,,002005,工银新得利混合,0.15746437717261919,ret_12m,main,114.0,full,1.0,2026-09-23
1562.0,,014506,博时成长臻选混合A,0.15736814043117153,ret_12m,main,55.9,full,1.0,2026-09-23
1563.0,,004321,前海开源沪港深强国产业混合,0.15725690158748518,ret_12m,main,114.8,full,1.0,2026-09-23
1564.0,,009885,新华景气行业混合A,0.1571907120497047,ret_12m,main,71.9,full,1.0,2026-09-23
1565.0,,011056,博时汇兴回报一年持有期混合,0.1571803642967491,ret_12m,main,68.3,full,1.0,2026-09-23
1566.0,,001827,富国研究优选沪港深灵活配置混合A,0.15702246518582696,ret_12m,main,126.5,full,1.0,2026-09-23
1567.0,,013078,方正富邦策略轮动混合A,0.15692902885111004,ret_12m,main,58.3,full,1.0,2026-09-23
1568.0,,005739,富国转型机遇混合,0.15685535169337594,ret_12m,main,101.0,full,1.0,2026-09-23
1569.0,,015485,平安策略优选1年持有混合A,0.15682509896244445,ret_12m,main,44.2,full,1.0,2026-09-23
1570.0,,021864,中欧中证800研究智选混合发起A,0.15662291611193924,ret_12m,main,24.1,short,1.0,2026-09-23
1571.0,,121008,国投瑞银成长优选混合,0.15656154983339898,ret_12m,main,223.6,full,1.0,2026-09-23
1572.0,,003308,中信建投睿利A,0.15652147401256444,ret_12m,main,117.5,full,1.0,2026-09-23
1573.0,,001645,国泰大健康股票A,0.15647688608523924,ret_12m,main,127.6,full,1.0,2026-09-23
1574.0,,023921,联博智远混合A,0.15644932157288793,ret_12m,main,16.8,short,1.0,2026-09-23
1575.0,,002124,广发新兴产业混合A,0.15622766697700663,ret_12m,main,127.8,full,1.0,2026-09-23
1576.0,,013247,交银瑞卓三年持有期混合,0.15572037791753868,ret_12m,main,60.0,full,1.0,2026-09-23
1577.0,,020985,汇安景气成长混合A,0.1556334426183339,ret_12m,main,19.5,short,1.0,2026-09-23
1578.0,,001564,东方红京东大数据混合A,0.15561586106837333,ret_12m,main,133.8,full,1.0,2026-09-23
1579.0,,013166,东兴宸祥量化混合A,0.1556060630813998,ret_12m,main,55.8,full,1.0,2026-09-23
1580.0,,018728,华夏智胜新锐股票A,0.1555865204956386,ret_12m,main,38.6,full,1.0,2026-09-23
1581.0,,014135,中欧金安量化混合A,0.15545675290026617,ret_12m,main,56.1,full,1.0,2026-09-23
1582.0,,013661,华安研究领航混合A,0.15531700614454902,ret_12m,main,57.8,full,1.0,2026-09-23
1583.0,,001990,中欧数据挖掘多因子混合A,0.1552791690434432,ret_12m,main,128.3,full,1.0,2026-09-23
1584.0,,002595,博时工业4.0主题股票,0.15511315263314418,ret_12m,main,123.5,full,1.0,2026-09-23
1585.0,,002601,中银证券价值精选混合,0.15505363208952194,ret_12m,main,124.8,full,1.0,2026-09-23
1586.0,,013123,汇添富精选核心优势一年持有混合A,0.15505279003329764,ret_12m,main,60.5,full,1.0,2026-09-23
1587.0,,004698,博时军工主题股票A,0.15494315257837288,ret_12m,main,110.7,full,1.0,2026-09-23
1588.0,,021431,景顺长城精锐成长混合A,0.15432216621788197,ret_12m,main,19.9,short,1.0,2026-09-23
1589.0,,090001,大成价值增长混合A,0.15401390137637683,ret_12m,main,286.4,full,1.0,2026-09-23
1590.0,,016243,广发成长领航一年持有混合A,0.15388681270124605,ret_12m,main,42.5,full,1.0,2026-09-23
1591.0,,001272,兴业聚利灵活配置混合A,0.15357055482727522,ret_12m,main,136.6,full,1.0,2026-09-23
1592.0,,002181,华安大安全主题混合A,0.1530501225591543,ret_12m,main,109.0,full,1.0,2026-09-23
1593.0,,010787,华安优势企业混合A,0.1529894540973138,ret_12m,main,68.8,full,1.0,2026-09-23
1594.0,,002210,创金合信量化多因子股票A,0.1525786895286778,ret_12m,main,128.0,full,1.0,2026-09-23
1595.0,,005303,嘉实医药健康股票A,0.1525370348765751,ret_12m,main,105.6,full,1.0,2026-09-23
1596.0,,005616,东方量化成长灵活配置混合A,0.1524063934026434,ret_12m,main,102.1,full,1.0,2026-09-23
1597.0,,020567,泓德智选启航混合A,0.15228489597745765,ret_12m,main,30.2,short,1.0,2026-09-23
1598.0,,450007,国富成长动力混合,0.15201135051810066,ret_12m,main,210.0,full,1.0,2026-09-23
1599.0,,005630,华安研究精选混合A,0.15190500753795821,ret_12m,main,102.3,full,1.0,2026-09-23
1600.0,,010826,大成产业趋势混合A,0.15171038977142604,ret_12m,main,67.4,full,1.0,2026-09-23
1601.0,,011841,嘉实兴锐优选一年持有混合A,0.1515729953090883,ret_12m,main,57.6,full,1.0,2026-09-23
1602.0,,002161,银华万物互联灵活配置混合A,0.15125521603717895,ret_12m,main,112.7,full,1.0,2026-09-23
1603.0,,007903,长城量化小盘股票A,0.1512233678144479,ret_12m,main,80.4,full,1.0,2026-09-23
1604.0,,001581,华安沪港深通精选灵活配置混合A,0.15120242333172595,ret_12m,main,115.2,full,1.0,2026-09-23
1605.0,,880007,招商资管智远成长混合A,0.15105666792880612,ret_12m,main,71.3,full,1.0,2026-09-23
1606.0,,018217,博时厚泽匠选一年持有期混合A,0.15088910461859872,ret_12m,main,40.9,full,1.0,2026-09-23
1607.0,,000270,建信灵活配置混合A,0.15049787377353208,ret_12m,main,156.6,full,1.0,2026-09-23
1608.0,,019617,工银远见共赢混合A1,0.15029993058136593,ret_12m,main,33.6,short,1.0,2026-09-23
1609.0,,002288,中银稳进策略混合A,0.15018652849862102,ret_12m,main,127.8,full,1.0,2026-09-23
1610.0,,002681,金鹰元和灵活配置混合A,0.15014463482785212,ret_12m,main,124.0,full,1.0,2026-09-23
1611.0,,005937,工银精选金融地产混合A,0.14987410496155795,ret_12m,main,94.3,full,1.0,2026-09-23
1612.0,,018918,华夏清洁能源龙头混合发起式A,0.14967754338823247,ret_12m,main,37.1,full,1.0,2026-09-23
1613.0,,001318,东方新策略灵活配置混合A,0.14966922353385725,ret_12m,main,136.0,full,1.0,2026-09-23
1614.0,,007126,博道远航混合A,0.1493489107260364,ret_12m,main,88.8,full,1.0,2026-09-23
1615.0,,016045,华商研究回报一年持有混合A,0.14934885316080848,ret_12m,main,42.6,full,1.0,2026-09-23
1616.0,,002179,华安事件驱动量化混合A,0.14919421782373976,ret_12m,main,117.3,full,1.0,2026-09-23
1617.0,,005894,华夏优势精选股票,0.1491457504950291,ret_12m,main,97.5,full,1.0,2026-09-23
1618.0,,010699,东方红创新趋势混合,0.14893222852473986,ret_12m,main,66.3,full,1.0,2026-09-23
1619.0,,002849,金信智能中国2025混合A,0.14887758384296856,ret_12m,main,122.7,full,1.0,2026-09-23
1620.0,,007592,华夏价值精选混合A,0.14824686534650988,ret_12m,main,80.4,full,1.0,2026-09-23
1621.0,,163803,中银持续增长混合A,0.14801934986538257,ret_12m,main,246.2,full,1.0,2026-09-23
1622.0,,019505,国泰海通中证1000优选股票发起A,0.148001113235813,ret_12m,main,33.4,short,1.0,2026-09-23
1623.0,,012202,中加消费优选混合A,0.14788840324078767,ret_12m,main,61.4,full,1.0,2026-09-23
1624.0,,000824,圆信永丰双利A,0.1478879696917592,ret_12m,main,142.1,full,1.0,2026-09-23
1625.0,,001980,中欧量化驱动混合A,0.14763510572019145,ret_12m,main,100.3,full,1.0,2026-09-23
1626.0,,013385,信澳优势价值混合A,0.1474806410753262,ret_12m,main,57.7,full,1.0,2026-09-23
1627.0,,021812,东兴宸泰量化选股混合发起A,0.14737005209419762,ret_12m,main,23.9,short,1.0,2026-09-23
1628.0,,014878,华安价值驱动一年持有混合A,0.14736746838514803,ret_12m,main,54.9,full,1.0,2026-09-23
1629.0,,005262,鑫元欣享灵活配置混合A,0.1472917145543271,ret_12m,main,105.3,full,1.0,2026-09-23
1630.0,,121005,国投瑞银创新动力混合,0.14717462033859108,ret_12m,main,238.3,full,1.0,2026-09-23
1631.0,,014224,大成聚优成长混合A,0.14706199482163473,ret_12m,main,56.1,full,1.0,2026-09-23
1632.0,,240022,华宝资源优选混合A,0.14651127788887752,ret_12m,main,169.1,full,1.0,2026-09-23
1633.0,,070017,嘉实量化阿尔法混合,0.14650434860231165,ret_12m,main,210.1,full,1.0,2026-09-23
1634.0,,011458,东方鑫享价值成长一年持有混合A,0.14640967193227006,ret_12m,main,64.2,full,1.0,2026-09-23
1635.0,,011663,华安研究驱动混合A,0.1462487732402855,ret_12m,main,59.9,full,1.0,2026-09-23
1636.0,,017130,国投瑞银比较优势一年持有混合A,0.14614960592378679,ret_12m,main,42.1,full,1.0,2026-09-23
1637.0,,009804,国泰研究优势混合A,0.14584722930827665,ret_12m,main,71.8,full,1.0,2026-09-23
1638.0,,016709,泉果旭源三年持有期混合A,0.1458369630045857,ret_12m,main,47.2,full,1.0,2026-09-23
1639.0,,003396,东方红优享红利混合A,0.14569667515498286,ret_12m,main,118.7,full,1.0,2026-09-23
1640.0,,015586,东方匠心优选混合A,0.14559762613022564,ret_12m,main,46.0,full,1.0,2026-09-23
1641.0,,024640,中欧化工产业混合发起A,0.14529619124381,ret_12m,main,13.3,short,1.0,2026-09-23
1642.0,,015900,东方阿尔法兴科一年持有混合A,0.14471299602303933,ret_12m,main,47.8,full,1.0,2026-09-23
1643.0,,007130,中庚小盘价值股票,0.14337484067156092,ret_12m,main,89.7,full,1.0,2026-09-23
1644.0,,360011,光大动态优选灵活配置混合A,0.14335371324811907,ret_12m,main,202.8,full,1.0,2026-09-23
1645.0,,000409,鹏华环保产业股票,0.14314348944144473,ret_12m,main,150.6,full,1.0,2026-09-23
1646.0,,001474,兴银丰盈灵活配置A,0.14313165989860055,ret_12m,main,135.0,full,1.0,2026-09-23
1647.0,,010821,东方红多元策略混合B,0.14293633692109498,ret_12m,main,68.5,full,1.0,2026-09-23
1648.0,,012876,富荣福耀混合A,0.14285849497335756,ret_12m,main,56.9,full,1.0,2026-09-23
1649.0,,017598,华夏景气驱动混合A,0.14285464959007887,ret_12m,main,43.0,full,1.0,2026-09-23
1650.0,,013341,工银核心机遇混合A,0.1427149863969761,ret_12m,main,54.9,full,1.0,2026-09-23
1651.0,,519997,长信银利精选混合A,0.14264460141029955,ret_12m,main,260.2,full,1.0,2026-09-23
1652.0,,006058,民生加银新兴成长混合,0.14215972747185246,ret_12m,main,96.5,full,1.0,2026-09-23
1653.0,,009800,长盛制造精选混合A,0.14215675546961548,ret_12m,main,72.9,full,1.0,2026-09-23
1654.0,,012153,博时研究慧选混合A,0.14210267815823951,ret_12m,main,63.5,full,1.0,2026-09-23
1655.0,,004604,富国新活力灵活配置混合A,0.14209729803955473,ret_12m,main,111.7,full,1.0,2026-09-23
1656.0,,010381,浙商智选价值混合A,0.1420402693949836,ret_12m,main,65.2,full,1.0,2026-09-23
1657.0,,001163,银华中国梦30股票,0.141628892793896,ret_12m,main,136.8,full,1.0,2026-09-23
1658.0,,010731,广发创新医疗两年持有混合A,0.14161517442762594,ret_12m,main,66.2,full,1.0,2026-09-23
1659.0,,004075,交银医药创新股票A,0.1413235683638785,ret_12m,main,114.0,full,1.0,2026-09-23
1660.0,,002411,华夏新机遇混合A,0.141322268792353,ret_12m,main,125.8,full,1.0,2026-09-23
1661.0,,001637,嘉实量化精选股票,0.1413033494808067,ret_12m,main,129.5,full,1.0,2026-09-23
1662.0,,024501,招商科技智选混合发起式A,0.1407531113875733,ret_12m,main,13.6,short,1.0,2026-09-23
1663.0,,010420,民生加银成长优选股票A,0.14074485863124764,ret_12m,main,69.8,full,1.0,2026-09-23
1664.0,,015245,南华丰汇混合A,0.1405858620407361,ret_12m,main,54.8,full,1.0,2026-09-23
1665.0,,020151,中信保诚景气优选混合A,0.140545582346421,ret_12m,main,30.9,short,1.0,2026-09-23
1666.0,,011149,创金合信ESG责任投资股票A,0.1404240459430368,ret_12m,main,68.8,full,1.0,2026-09-23
1667.0,,202011,南方优选价值混合A,0.14015074906923153,ret_12m,main,219.2,full,1.0,2026-09-23
1668.0,,009557,申万菱信创业板量化精选股票A,0.139655126517795,ret_12m,main,74.8,full,1.0,2026-09-23
1669.0,,001182,易方达安心回馈混合A,0.1394934835189452,ret_12m,main,135.9,full,1.0,2026-09-23
1670.0,,024808,华夏成长动力混合A,0.13933361581359072,ret_12m,main,14.1,short,1.0,2026-09-23
1671.0,,011134,广发价值优选混合A,0.13930546254361875,ret_12m,main,66.1,full,1.0,2026-09-23
1672.0,,000535,长盛航天海工混合A,0.1392478948474143,ret_12m,main,150.4,full,1.0,2026-09-23
1673.0,,470098,汇添富逆向投资混合A,0.1391905121906336,ret_12m,main,174.5,full,1.0,2026-09-23
1674.0,,000619,东方红产业升级混合,0.13892367095987002,ret_12m,main,147.6,full,1.0,2026-09-23
1675.0,,001736,圆信永丰优加生活,0.13885214070108742,ret_12m,main,130.9,full,1.0,2026-09-23
1676.0,,001468,广发改革混合,0.13883656544189638,ret_12m,main,133.9,full,1.0,2026-09-23
1677.0,,021655,海富通量化选股混合A,0.13882029252789763,ret_12m,main,26.0,short,1.0,2026-09-23
1678.0,,007775,汇安量化先锋混合A,0.13866085988072951,ret_12m,main,82.8,full,1.0,2026-09-23
1679.0,,011425,广发优势成长股票A,0.1382926526638908,ret_12m,main,67.4,full,1.0,2026-09-23
1680.0,,004448,博时汇智回报灵活配置混合,0.1382566563343599,ret_12m,main,113.4,full,1.0,2026-09-23
1681.0,,009379,中银成长优选股票A,0.13820947072805279,ret_12m,main,66.0,full,1.0,2026-09-23
1682.0,,169102,东方红睿阳三年持有混合,0.13810995814761484,ret_12m,main,140.1,full,1.0,2026-09-23
1683.0,,007470,博道叁佰智航股票A,0.1378963906106747,ret_12m,main,87.6,full,1.0,2026-09-23
1684.0,,012993,汇添富品牌力一年持有混合A,0.13789480172041557,ret_12m,main,54.8,full,1.0,2026-09-23
1685.0,,012475,平安优质企业混合A,0.1378573275588877,ret_12m,main,62.2,full,1.0,2026-09-23
1686.0,,010008,国联成长优选混合A,0.13785390517794993,ret_12m,main,70.1,full,1.0,2026-09-23
1687.0,,017494,东方红多元策略混合C,0.13768892096708596,ret_12m,main,45.6,full,1.0,2026-09-23
1688.0,,003501,宏利睿智稳健混合A,0.13762038784088282,ret_12m,main,118.0,full,1.0,2026-09-23
1689.0,,160813,长盛同盛成长优选(LOF),0.13744366059761393,ret_12m,main,141.7,full,1.0,2026-09-23
1690.0,,013294,东方红智选三年持有混合A,0.13737525328076106,ret_12m,main,58.6,full,1.0,2026-09-23
1691.0,,004677,博时战略新兴产业混合,0.13728585159680695,ret_12m,main,109.5,full,1.0,2026-09-23
1692.0,,004703,南方兴盛先锋混合A,0.13723833245405825,ret_12m,main,108.3,full,1.0,2026-09-23
1693.0,,004250,银河量化优选混合A,0.13723036194375093,ret_12m,main,112.9,full,1.0,2026-09-23
1694.0,,002291,诺安安鑫灵活配置混合,0.1372037946255591,ret_12m,main,127.2,full,1.0,2026-09-23
1695.0,,003291,信澳健康中国混合A,0.1370841745127498,ret_12m,main,109.2,full,1.0,2026-09-23
1696.0,,010971,华夏永鑫六个月持有期混合A,0.13706814239776044,ret_12m,main,65.1,full,1.0,2026-09-23
1697.0,,121006,国投瑞银稳健增长混合,0.13681907345241862,ret_12m,main,219.4,full,1.0,2026-09-23
1698.0,,000433,安信鑫发优选混合A,0.13655685470787549,ret_12m,main,152.7,full,1.0,2026-09-23
1699.0,,000432,中银优秀企业混合A,0.13637067366737599,ret_12m,main,151.8,full,1.0,2026-09-23
1700.0,,013524,富国悦享回报12个月持有期混合A,0.13621704802565926,ret_12m,main,58.3,full,1.0,2026-09-23
1701.0,,004686,华夏研究精选股票,0.13618823178854056,ret_12m,main,108.6,full,1.0,2026-09-23
1702.0,,001277,博时国企改革股票A,0.13617476262449668,ret_12m,main,136.1,full,1.0,2026-09-23
1703.0,,010751,宝盈优质成长混合A,0.13615955086757636,ret_12m,main,59.4,full,1.0,2026-09-23
1704.0,,011927,博时汇誉回报混合A,0.13614642137350041,ret_12m,main,64.8,full,1.0,2026-09-23
1705.0,,501219,华夏智胜先锋股票(LOF)A,0.13575880831652865,ret_12m,main,57.3,full,1.0,2026-09-23
1706.0,,021990,中加专精特新量化选股混合发起式A,0.1355472936067097,ret_12m,main,22.3,short,1.0,2026-09-23
1707.0,,240002,华宝宝康配置混合,0.1354911167103039,ret_12m,main,278.3,full,1.0,2026-09-23
1708.0,,690007,民生加银景气行业混合A,0.13548951093401218,ret_12m,main,178.0,full,1.0,2026-09-23
1709.0,,015902,博时优质精选混合A,0.135417545455351,ret_12m,main,49.1,full,1.0,2026-09-23
1710.0,,011801,中银证券盈瑞混合A,0.13499789471154777,ret_12m,main,64.6,full,1.0,2026-09-23
1711.0,,160726,嘉实瑞享定期混合,0.13496586739635186,ret_12m,main,97.7,full,1.0,2026-09-23
1712.0,,002943,广发多因子混合,0.1348987889341675,ret_12m,main,116.8,full,1.0,2026-09-23
1713.0,,011260,金鹰新能源混合A,0.1348192907321082,ret_12m,main,66.0,full,1.0,2026-09-23
1714.0,,017549,平安策略回报混合A,0.1345177153749928,ret_12m,main,37.3,full,1.0,2026-09-23
1715.0,,005055,华泰柏瑞量化阿尔法A,0.13444245246074837,ret_12m,main,107.9,full,1.0,2026-09-23
1716.0,,000029,富国宏观策略灵活配置混合A,0.13426503734533335,ret_12m,main,161.4,full,1.0,2026-09-23
1717.0,,005294,诺德新宜灵活配置混合,0.13422520244329306,ret_12m,main,104.3,full,1.0,2026-09-23
1718.0,,019322,中信建投致远混合A,0.1341065388915692,ret_12m,main,31.8,short,1.0,2026-09-23
1719.0,,630016,华商价值共享混合发起式,0.13396481699767238,ret_12m,main,162.2,full,1.0,2026-09-23
1720.0,,010116,民生加银新兴产业混合A,0.13395279283774308,ret_12m,main,72.1,full,1.0,2026-09-23
1721.0,,015143,中欧智能制造混合A,0.13379040158455324,ret_12m,main,54.1,full,1.0,2026-09-23
1722.0,,007254,广发均衡价值混合A,0.13373931961138874,ret_12m,main,87.1,full,1.0,2026-09-23
1723.0,,014625,财通资管稳兴丰益六个月持有期混合A,0.1336704167350169,ret_12m,main,51.4,full,1.0,2026-09-23
1724.0,,022846,富国景气优选混合A,0.133648529773585,ret_12m,main,18.2,short,1.0,2026-09-23
1725.0,,007137,鹏扬元合量化大盘A,0.13343412327592663,ret_12m,main,86.5,full,1.0,2026-09-23
1726.0,,000547,建信健康民生混合A,0.13334947069729597,ret_12m,main,150.1,full,1.0,2026-09-23
1727.0,,018714,平安新鑫优选混合A,0.13314075841637685,ret_12m,main,37.3,full,1.0,2026-09-23
1728.0,,010289,景顺长城产业趋势混合A,0.13310572963033085,ret_12m,main,68.2,full,1.0,2026-09-23
1729.0,,001681,新华积极价值灵活配置混合A,0.13305567355825465,ret_12m,main,129.1,full,1.0,2026-09-23
1730.0,,008531,惠升惠民混合A,0.13300356567874783,ret_12m,main,78.6,full,1.0,2026-09-23
1731.0,,001815,华泰柏瑞激励动力混合A,0.13294402180944065,ret_12m,main,130.9,full,1.0,2026-09-23
1732.0,,003641,长盛盛丰灵活配置混合A,0.1328798809738716,ret_12m,main,118.1,full,1.0,2026-09-23
1733.0,,012173,国泰兴泽优选一年持有期混合A,0.1328325486602857,ret_12m,main,60.0,full,1.0,2026-09-23
1734.0,,002959,汇添富盈泰混合,0.1326680890106855,ret_12m,main,121.7,full,1.0,2026-09-23
1735.0,,017635,银华动力领航混合A,0.1326033981368968,ret_12m,main,44.1,full,1.0,2026-09-23
1736.0,,169101,东方红睿丰混合,0.13244203682821687,ret_12m,main,144.1,full,1.0,2026-09-23
1737.0,,005960,博时量化价值股票A,0.13243793649139568,ret_12m,main,98.9,full,1.0,2026-09-23
1738.0,,340008,兴全有机增长混合,0.13233962726464865,ret_12m,main,210.0,full,1.0,2026-09-23
1739.0,,004695,东兴未来价值混合A,0.13226882857570876,ret_12m,main,85.9,full,1.0,2026-09-23
1740.0,,009789,富安达科技创新混合A,0.13223007702002976,ret_12m,main,72.1,full,1.0,2026-09-23
1741.0,,004934,圆信永丰消费升级,0.13218212742014246,ret_12m,main,102.1,full,1.0,2026-09-23
1742.0,,620004,金元顺安价值增长混合,0.13193298190001324,ret_12m,main,204.4,full,1.0,2026-09-23
1743.0,,410003,华富成长趋势混合A,0.1317114188337516,ret_12m,main,234.2,full,1.0,2026-09-23
1744.0,,014198,华夏智胜先锋股票C,0.1316860938779889,ret_12m,main,57.3,full,1.0,2026-09-23
1745.0,,011765,兴银高端制造混合A,0.1314343656712147,ret_12m,main,64.6,full,1.0,2026-09-23
1746.0,,011698,南方均衡回报混合A,0.13107159114193334,ret_12m,main,64.9,full,1.0,2026-09-23
1747.0,,673110,西部利得新润混合A,0.13095875583596572,ret_12m,main,108.9,full,1.0,2026-09-23
1748.0,,011692,华安研究智选混合A,0.13069654684390586,ret_12m,main,61.4,full,1.0,2026-09-23
1749.0,,000994,建信睿盈灵活配置混合A,0.13047933355944674,ret_12m,main,139.6,full,1.0,2026-09-23
1750.0,,006696,汇添富研究优选灵活配置混合,0.1304007672767078,ret_12m,main,91.7,full,1.0,2026-09-23
1751.0,,021372,天弘价值驱动混合A,0.13028898154024726,ret_12m,main,21.0,short,1.0,2026-09-23
1752.0,,023386,国泰聚智量化选股混合发起A,0.13004698183610586,ret_12m,main,12.7,short,0.996,2026-09-23
1753.0,,519975,长信量化中小盘股票A,0.13001393923183335,ret_12m,main,139.6,full,1.0,2026-09-23
1754.0,,229002,宏利逆向策略混合,0.12997409018600492,ret_12m,main,172.0,full,1.0,2026-09-23
1755.0,,009740,博时研究臻选持有期混合A,0.1298773517156293,ret_12m,main,74.8,full,1.0,2026-09-23
1756.0,,001268,富国国家安全主题混合A,0.12981848133385077,ret_12m,main,136.3,full,1.0,2026-09-23
1757.0,,501076,鹏华创新动力混合(LOF),0.12964408465350452,ret_12m,main,87.5,full,1.0,2026-09-23
1758.0,,010885,长盛优势企业精选混合A,0.12959977125576683,ret_12m,main,67.6,full,1.0,2026-09-23
1759.0,,002133,广发鑫益混合,0.12949714099657617,ret_12m,main,118.2,full,1.0,2026-09-23
1760.0,,010966,富国成长领航混合,0.1293993062668215,ret_12m,main,67.9,full,1.0,2026-09-23
1761.0,,002666,前海开源沪港深创新成长混合A,0.12937811174904734,ret_12m,main,123.0,full,1.0,2026-09-23
1762.0,,008491,万家周期优势企业混合A,0.1292280000608832,ret_12m,main,73.2,full,1.0,2026-09-23
1763.0,,019336,万家国企动力混合A,0.1289840207794024,ret_12m,main,30.1,short,1.0,2026-09-23
1764.0,,009663,华泰紫金创新先锋混合(LOF)A,0.12889327130378714,ret_12m,main,74.2,full,1.0,2026-09-23
1765.0,,162204,宏利行业精选混合A,0.1287400590640071,ret_12m,main,266.5,full,1.0,2026-09-23
1766.0,,166006,中欧行业成长混合(LOF)A,0.12869298207455082,ret_12m,main,200.8,full,1.0,2026-09-23
1767.0,,014946,南方高质量优选混合A,0.12843132955335168,ret_12m,main,49.0,full,1.0,2026-09-23
1768.0,,001974,景顺长城量化新动力股票A,0.12816865241128217,ret_12m,main,122.3,full,1.0,2026-09-23
1769.0,,460002,华泰柏瑞积极成长混合,0.1281502621033901,ret_12m,main,231.9,full,1.0,2026-09-23
1770.0,,001143,华商量化进取混合,0.1280479374020349,ret_12m,main,137.5,full,1.0,2026-09-23
1771.0,,020305,信澳星煜智选混合A,0.12754476072373877,ret_12m,main,31.1,short,1.0,2026-09-23
1772.0,,006392,中信保诚创新成长混合A,0.1275256650687666,ret_12m,main,91.8,full,1.0,2026-09-23
1773.0,,001796,汇添富安鑫智选混合A,0.12748901779184107,ret_12m,main,129.9,full,1.0,2026-09-23
1774.0,,090009,大成行业轮动混合A,0.1273505532621355,ret_12m,main,204.5,full,1.0,2026-09-23
1775.0,,011146,创金合信气候变化责任投资股票A,0.1271831905637546,ret_12m,main,68.8,full,1.0,2026-09-23
1776.0,,000993,华宝稳健回报混合,0.12715377957733787,ret_12m,main,137.9,full,1.0,2026-09-23
1777.0,,019146,农银均衡优选混合A,0.12714898641991979,ret_12m,main,35.4,short,1.0,2026-09-23
1778.0,,010423,国投瑞银价值成长一年持有混合A,0.12710830184087363,ret_12m,main,69.7,full,1.0,2026-09-23
1779.0,,003593,国泰景气行业灵活配置混合,0.1270726345852924,ret_12m,main,114.1,full,1.0,2026-09-23
1780.0,,519120,浦银新兴产业混合A,0.1268871565133367,ret_12m,main,162.0,full,1.0,2026-09-23
1781.0,,005059,南方安福混合A,0.12681132001781337,ret_12m,main,106.7,full,1.0,2026-09-23
1782.0,,005244,国泰聚优价值灵活配置混合A,0.12635890058314958,ret_12m,main,106.3,full,1.0,2026-09-23
1783.0,,014913,博时研究回报混合A,0.12623814991574012,ret_12m,main,54.3,full,1.0,2026-09-23
1784.0,,011803,景顺长城宁景6个月持有混合A,0.12614355616807615,ret_12m,main,57.7,full,1.0,2026-09-23
1785.0,,006969,圆信永丰高端制造A,0.12611299271602494,ret_12m,main,89.7,full,1.0,2026-09-23
1786.0,,015137,国富均衡增长混合A,0.12591502028341828,ret_12m,main,49.7,full,1.0,2026-09-23
1787.0,,005434,鹏华睿投混合A,0.1257508415478199,ret_12m,main,99.8,full,1.0,2026-09-23
1788.0,,005840,富国产业驱动混合A,0.12572770349825957,ret_12m,main,94.3,full,1.0,2026-09-23
1789.0,,005593,摩根创新商业模式混合A,0.12538703941336182,ret_12m,main,101.7,full,1.0,2026-09-23
1790.0,,008576,财通碳中和一年持有混合A,0.12527628722825068,ret_12m,main,42.8,full,1.0,2026-09-23
1791.0,,021316,民生加银智选成长股票A,0.12520728079193377,ret_12m,main,26.8,short,1.0,2026-09-23
1792.0,,001603,易方达安盈回报混合A,0.1250504257805365,ret_12m,main,115.2,full,1.0,2026-09-23
1793.0,,014838,兴银碳中和主题混合A,0.12502800244541445,ret_12m,main,55.0,full,1.0,2026-09-23
1794.0,,010301,达诚成长先锋混合A,0.12491800730354585,ret_12m,main,70.9,full,1.0,2026-09-23
1795.0,,020842,联博智选混合A,0.12485506169968441,ret_12m,main,29.7,short,1.0,2026-09-23
1796.0,,121002,国投瑞银景气行业混合,0.12484788691912807,ret_12m,main,268.8,full,1.0,2026-09-23
1797.0,,017424,华泰紫金先进制造混合发起A,0.12477694193766675,ret_12m,main,42.8,full,1.0,2026-09-23
1798.0,,012880,国泰景气优选混合A,0.12395154176885015,ret_12m,main,58.4,full,1.0,2026-09-23
1799.0,,006535,恒生前海恒锦裕利A,0.1238055166954517,ret_12m,main,90.2,full,1.0,2026-09-23
1800.0,,017532,平安研究优选混合A,0.12372673324537953,ret_12m,main,42.1,full,1.0,2026-09-23
1801.0,,006167,德邦乐享生活混合A,0.12328329080422473,ret_12m,main,90.4,full,1.0,2026-09-23
1802.0,,024455,银华成长智选混合A,0.12296692742542148,ret_12m,main,15.1,short,0.9763,2026-09-23
1803.0,,002213,中海顺鑫灵活配置混合,0.12276247890831726,ret_12m,main,128.8,full,1.0,2026-09-23
1804.0,,018493,西部利得汇鑫6个月持有期混合A,0.12248524937655914,ret_12m,main,38.0,full,1.0,2026-09-23
1805.0,,023404,海富通致远量化选股股票发起A,0.12239542716200891,ret_12m,main,15.0,short,1.0,2026-09-23
1806.0,,257030,国联安优势混合,0.12231686734719394,ret_12m,main,236.0,full,1.0,2026-09-23
1807.0,,519021,国泰金鼎价值混合,0.12223034785338771,ret_12m,main,233.0,full,1.0,2026-09-23
1808.0,,000877,华泰柏瑞量化优选混合,0.12214095206269349,ret_12m,main,141.2,full,1.0,2026-09-23
1809.0,,024446,中欧大盘智选混合发起A,0.12213859568075636,ret_12m,main,14.9,short,0.9684,2026-09-23
1810.0,,019421,华安远见慧选混合发起式A1,0.12199342540686642,ret_12m,main,33.6,short,1.0,2026-09-23
1811.0,,012977,瑞达鑫红量化6个月持有混合A,0.12191251216008192,ret_12m,main,62.3,full,1.0,2026-09-23
1812.0,,002182,东兴蓝海财富混合A,0.12166327441933089,ret_12m,main,129.0,full,1.0,2026-09-23
1813.0,,007468,中信建投精选混合A,0.12163974388451737,ret_12m,main,81.8,full,1.0,2026-09-23
1814.0,,004218,前海开源裕和混合A,0.12161351812333421,ret_12m,main,113.4,full,1.0,2026-09-23
1815.0,,002803,东方红沪港深混合,0.12150701148409282,ret_12m,main,122.4,full,1.0,2026-09-23
1816.0,,009989,华宝研究精选混合,0.12133125902997377,ret_12m,main,72.9,full,1.0,2026-09-23
1817.0,,002837,华夏网购精选混合A,0.12127196363139081,ret_12m,main,118.7,full,1.0,2026-09-23
1818.0,,002367,国联安安稳混合,0.1211836272121658,ret_12m,main,126.4,full,1.0,2026-09-23
1819.0,,011160,富国质量成长6个月持有混合A,0.12103886261787755,ret_12m,main,66.0,full,1.0,2026-09-23
1820.0,,010373,西部利得聚兴一年定开混合A,0.12089043270759214,ret_12m,main,64.8,full,1.0,2026-09-23
1821.0,,519171,浦银医疗健康混合A,0.12080275392021744,ret_12m,main,136.0,full,1.0,2026-09-23
1822.0,,003502,金鹰鑫瑞混合A,0.12075148795817392,ret_12m,main,117.6,full,1.0,2026-09-23
1823.0,,000884,民生加银优选股票,0.1207429129219133,ret_12m,main,141.1,full,1.0,2026-09-23
1824.0,,020009,国泰金鹏蓝筹混合,0.12062296049541321,ret_12m,main,239.8,full,1.0,2026-09-23
1825.0,,011729,工银聚享混合A,0.12053020772727896,ret_12m,main,61.0,full,1.0,2026-09-23
1826.0,,009152,南方瑞盛三年混合A,0.12046222344444724,ret_12m,main,77.2,full,1.0,2026-09-23
1827.0,,005760,富国周期优势混合A,0.12040507627194463,ret_12m,main,98.5,full,1.0,2026-09-23
1828.0,,320012,诺安主题精选混合,0.12035037088689982,ret_12m,main,192.3,full,1.0,2026-09-23
1829.0,,006336,泓德量化精选混合,0.1201555476029672,ret_12m,main,84.6,full,1.0,2026-09-23
1830.0,,015291,金元顺安产业臻选混合A,0.12013485885063191,ret_12m,main,33.1,short,1.0,2026-09-23
1831.0,,320016,诺安多策略混合A,0.12009294144934146,ret_12m,main,181.5,full,1.0,2026-09-23
1832.0,,012111,鹏华安颐混合A,0.11987453541913529,ret_12m,main,58.7,full,1.0,2026-09-23
1833.0,,012491,华商核心引力混合A,0.1198624341761656,ret_12m,main,61.9,full,1.0,2026-09-23
1834.0,,005260,银华稳健增利灵活配置混合A,0.11982644601244563,ret_12m,main,105.3,full,1.0,2026-09-23
1835.0,,260101,景顺长城优选混合,0.1195658332366738,ret_12m,main,275.0,full,1.0,2026-09-23
1836.0,,012123,招商金安成长严选混合,0.11944549840506058,ret_12m,main,63.4,full,1.0,2026-09-23
1837.0,,210003,金鹰行业优势混合A,0.11916602972168477,ret_12m,main,206.8,full,1.0,2026-09-23
1838.0,,590006,中邮中小盘灵活配置混合A,0.11868282693523136,ret_12m,main,184.5,full,1.0,2026-09-23
1839.0,,025216,永赢资源慧选混合发起A,0.11855408324059313,ret_12m,main,13.1,short,1.0,2026-09-23
1840.0,,001128,宝盈新兴产业混合A,0.11828572071002474,ret_12m,main,137.4,full,1.0,2026-09-23
1841.0,,003119,博时鑫源混合A,0.11821197790210136,ret_12m,main,121.0,full,1.0,2026-09-23
1842.0,,000082,嘉实研究阿尔法股票A,0.11820347491178951,ret_12m,main,159.9,full,1.0,2026-09-23
1843.0,,000480,东方红新动力混合A,0.11817414412341298,ret_12m,main,151.8,full,1.0,2026-09-23
1844.0,,010694,万家内需增长一年持有混合,0.1180976581578006,ret_12m,main,66.7,full,1.0,2026-09-23
1845.0,,002494,兴业聚盈混合A,0.11788505066158028,ret_12m,main,125.5,full,1.0,2026-09-23
1846.0,,519019,大成景阳领先混合A,0.11783138026858908,ret_12m,main,224.2,full,1.0,2026-09-23
1847.0,,050001,博时价值增长混合,0.11769005275151945,ret_12m,main,287.5,full,1.0,2026-09-23
1848.0,,519965,长信量化多策略股票A,0.11760543410620938,ret_12m,main,134.3,full,1.0,2026-09-23
1849.0,,011820,兴业兴智一年持有期混合A,0.11760329147162807,ret_12m,main,64.5,full,1.0,2026-09-23
1850.0,,020090,万家研究领航混合A,0.11751425724988196,ret_12m,main,28.0,short,1.0,2026-09-23
1851.0,,001150,融通互联网传媒灵活配置混合A,0.11741271302587775,ret_12m,main,137.3,full,1.0,2026-09-23
1852.0,,024711,中金新锐股票A,0.11733772899662842,ret_12m,main,14.8,short,1.0,2026-09-23
1853.0,,023344,信澳星瑞智选混合A,0.11728459969819949,ret_12m,main,18.2,short,1.0,2026-09-23
1854.0,,014119,金鹰时代先锋混合A,0.11728262144526425,ret_12m,main,55.9,full,1.0,2026-09-23
1855.0,,200007,长城安心回报混合A,0.11695963429508627,ret_12m,main,241.1,full,1.0,2026-09-23
1856.0,,002562,泓德泓益量化混合A,0.11675663159793892,ret_12m,main,124.9,full,1.0,2026-09-23
1857.0,,010584,渤海汇金新动能主题混合A,0.11664207076929345,ret_12m,main,66.0,full,1.0,2026-09-23
1858.0,,270007,广发大盘成长混合,0.11663719491699087,ret_12m,main,231.4,full,1.0,2026-09-23
1859.0,,013103,博时新能源主题混合A,0.11663334503919609,ret_12m,main,61.0,full,1.0,2026-09-23
1860.0,,014606,招商高端装备混合A,0.11655550045021057,ret_12m,main,54.7,full,1.0,2026-09-23
1861.0,,021308,鹏华创新医药混合A,0.1165034178212665,ret_12m,main,27.9,short,1.0,2026-09-23
1862.0,,010781,兴业聚申一年持有期混合A,0.11645617022550048,ret_12m,main,69.0,full,1.0,2026-09-23
1863.0,,011807,平安研究精选混合A,0.11636561997822814,ret_12m,main,64.0,full,1.0,2026-09-23
1864.0,,009795,嘉实远见精选两年持有期混合,0.11599118256855068,ret_12m,main,74.0,full,1.0,2026-09-23
1865.0,,016105,申万菱信兴乐优选混合A,0.11592381402661944,ret_12m,main,49.0,full,1.0,2026-09-23
1866.0,,017479,广发医药精选股票A,0.11572600417156065,ret_12m,main,38.6,full,1.0,2026-09-23
1867.0,,024895,泰康资源精选股票发起A,0.11547167871325881,ret_12m,main,13.4,short,1.0,2026-09-23
1868.0,,011296,汇添富优势行业一年持有混合A,0.11545858827112432,ret_12m,main,64.8,full,1.0,2026-09-23
1869.0,,020966,东吴科技创新混合A,0.11530810460226526,ret_12m,main,25.1,short,1.0,2026-09-23
1870.0,,008274,大成行业先锋混合A,0.11529477530149013,ret_12m,main,78.0,full,1.0,2026-09-23
1871.0,,163409,兴全绿色投资混合(LOF),0.11485037630798667,ret_12m,main,184.6,full,1.0,2026-09-23
1872.0,,010128,宝盈发展新动能股票A,0.11484626998617387,ret_12m,main,71.9,full,1.0,2026-09-23
1873.0,,018724,长信汇智量化选股混合A,0.11478098042841878,ret_12m,main,33.8,short,1.0,2026-09-23
1874.0,,000932,前海开源睿远稳健增利混合A,0.11472835698790207,ret_12m,main,140.3,full,1.0,2026-09-23
1875.0,,012572,恒越乐享添利混合A,0.11468817291115063,ret_12m,main,59.8,full,1.0,2026-09-23
1876.0,,008415,国泰大制造两年持有期混合,0.11467423516506692,ret_12m,main,75.8,full,1.0,2026-09-23
1877.0,,501208,中欧创新未来混合(LOF),0.1146275848173628,ret_12m,main,71.5,full,1.0,2026-09-23
1878.0,,025599,国泰海通新锐量化选股混合C,0.11458727060402185,ret_12m,main,46.8,full,0.996,2026-09-23
1879.0,,004119,广发创新驱动灵活配置混合,0.11454475780506512,ret_12m,main,111.5,full,1.0,2026-09-23
1880.0,,015697,华夏磐润两年定开混合A,0.11439015838305555,ret_12m,main,49.0,full,1.0,2026-09-23
1881.0,,006564,圆信永丰精选回报混合,0.11438256156053206,ret_12m,main,88.3,full,1.0,2026-09-23
1882.0,,050201,博时价值增长贰号混合,0.11431247233420416,ret_12m,main,239.9,full,1.0,2026-09-23
1883.0,,008245,圆信永丰致优混合A,0.1143097463391125,ret_12m,main,81.0,full,1.0,2026-09-23
1884.0,,003175,华泰柏瑞多策略混合A,0.11427370045034002,ret_12m,main,119.8,full,1.0,2026-09-23
1885.0,,009686,华夏磐利一年定开混合A,0.11405347046399528,ret_12m,main,73.8,full,1.0,2026-09-23
1886.0,,020158,信澳核心智选混合A,0.11403957596502834,ret_12m,main,31.7,short,1.0,2026-09-23
1887.0,,005711,永赢惠添利灵活配置混合,0.11399936717081016,ret_12m,main,99.8,full,1.0,2026-09-23
1888.0,,010340,易方达高质量严选三年持有,0.11381452070024145,ret_12m,main,70.3,full,1.0,2026-09-23
1889.0,,011921,富国均衡成长三年持有期混合A,0.11378411770312025,ret_12m,main,60.2,full,1.0,2026-09-23
1890.0,,011740,博时成长精选混合A,0.11357441595781581,ret_12m,main,65.1,full,1.0,2026-09-23
1891.0,,008905,嘉合锦鹏添利混合A,0.11326632613067589,ret_12m,main,76.8,full,1.0,2026-09-23
1892.0,,001047,光大国企改革股票A,0.11323027274717723,ret_12m,main,138.0,full,1.0,2026-09-23
1893.0,,014691,中加量化研选混合A,0.11322468432986499,ret_12m,main,53.4,full,1.0,2026-09-23
1894.0,,003751,万家瑞隆混合A,0.11267446918718238,ret_12m,main,117.7,full,1.0,2026-09-23
1895.0,,009683,汇添富创新增长一年定开混合A,0.11263043767456882,ret_12m,main,75.0,full,1.0,2026-09-23
1896.0,,015305,银华鑫峰混合A,0.11260936230270557,ret_12m,main,52.8,full,1.0,2026-09-23
1897.0,,004774,汇添富添福吉祥混合A,0.11256112773110427,ret_12m,main,110.0,full,1.0,2026-09-23
1898.0,,163302,大摩资源优选混合(LOF),0.11249026122607986,ret_12m,main,251.9,full,1.0,2026-09-23
1899.0,,004279,国寿安保稳荣混合A,0.1124784218563517,ret_12m,main,115.4,full,1.0,2026-09-23
1900.0,,013465,博时智选量化多因子股票A,0.11225043971485182,ret_12m,main,58.7,full,1.0,2026-09-23
1901.0,,008311,圆信永丰优选价值A,0.11219383676033279,ret_12m,main,76.2,full,1.0,2026-09-23
1902.0,,011523,前海联合产业趋势混合A,0.11199275573392087,ret_12m,main,61.2,full,1.0,2026-09-23
1903.0,,004724,先锋聚元灵活配置混合A,0.11163287530981769,ret_12m,main,106.2,full,1.0,2026-09-23
1904.0,,161219,国投瑞银新兴产业混合(LOF)A,0.11156864538381894,ret_12m,main,177.3,full,1.0,2026-09-23
1905.0,,005741,南方君信混合A,0.11145326673768152,ret_12m,main,99.8,full,1.0,2026-09-23
1906.0,,015373,浙商智选新兴产业混合A,0.11116858737600976,ret_12m,main,52.0,full,1.0,2026-09-23
1907.0,,023780,摩根汇智优选混合A,0.11094882405323037,ret_12m,main,14.1,short,1.0,2026-09-23
1908.0,,010452,广发瑞福精选混合A,0.11089054123400666,ret_12m,main,70.4,full,1.0,2026-09-23
1909.0,,010934,国寿安保稳福6个月持有期混合A,0.11048021493628735,ret_12m,main,63.2,full,1.0,2026-09-23
1910.0,,004657,金鹰民富收益混合A,0.11043761119172024,ret_12m,main,65.3,full,1.0,2026-09-23
1911.0,,014024,华富卓越成长一年持有期混合A,0.11035578070789964,ret_12m,main,56.3,full,1.0,2026-09-23
1912.0,,005225,广发量化多因子混合A,0.1102949930971564,ret_12m,main,102.1,full,1.0,2026-09-23
1913.0,,013962,华夏创新视野一年持有混合A,0.11012260323820611,ret_12m,main,58.4,full,1.0,2026-09-23
1914.0,,519095,新华行业周期轮换混合A,0.10994030111431319,ret_12m,main,194.1,full,1.0,2026-09-23
1915.0,,017769,博时信享一年持有期混合A,0.10982709593723783,ret_12m,main,42.5,full,1.0,2026-09-23
1916.0,,001705,泓德战略转型股票,0.10973907266617822,ret_12m,main,130.4,full,1.0,2026-09-23
1917.0,,002334,汇丰晋信大盘波动股票A,0.10960126018755534,ret_12m,main,126.4,full,1.0,2026-09-23
1918.0,,012828,富国浦诚回报12个月持有混合A,0.10954107484902864,ret_12m,main,61.9,full,1.0,2026-09-23
1919.0,,000977,长城环保主题混合A,0.10938401438884648,ret_12m,main,137.5,full,1.0,2026-09-23
1920.0,,021692,招商资管智达量化选股混合发起A,0.10937769503957795,ret_12m,main,24.0,short,1.0,2026-09-23
1921.0,,009391,汇添富优质成长混合A,0.10936548635503884,ret_12m,main,76.0,full,1.0,2026-09-23
1922.0,,002135,广发鑫源混合A,0.10911190081264244,ret_12m,main,118.7,full,1.0,2026-09-23
1923.0,,001530,万家瑞富灵活配置混合A,0.10898842059935565,ret_12m,main,117.9,full,1.0,2026-09-23
1924.0,,070013,嘉实研究精选混合,0.10881520129456801,ret_12m,main,219.9,full,1.0,2026-09-23
1925.0,,001126,摩根卓越制造股票A,0.10873919994143955,ret_12m,main,137.3,full,1.0,2026-09-23
1926.0,,005708,国联安远见成长混合,0.10862572268266546,ret_12m,main,100.3,full,1.0,2026-09-23
1927.0,,014508,汇添富先进制造混合A,0.10853969248237116,ret_12m,main,54.7,full,1.0,2026-09-23
1928.0,,010275,嘉实优质精选混合A,0.1084243431713221,ret_12m,main,69.5,full,1.0,2026-09-23
1929.0,,017764,大成均衡增长混合A,0.10833964789516637,ret_12m,main,42.1,full,1.0,2026-09-23
1930.0,,013632,富国利享回报12个月持有混合A,0.1082516872214927,ret_12m,main,52.9,full,1.0,2026-09-23
1931.0,,002472,光大先进服务业混合A,0.10823043653863884,ret_12m,main,108.1,full,1.0,2026-09-23
1932.0,,007674,工银产业升级股票A,0.10808867714551029,ret_12m,main,81.0,full,1.0,2026-09-23
1933.0,,006527,富国优质发展混合A,0.10803963688482998,ret_12m,main,91.9,full,1.0,2026-09-23
1934.0,,002293,南方益和灵活配置混合A,0.10801266811697174,ret_12m,main,128.4,full,1.0,2026-09-23
1935.0,,014558,华商品质慧选混合A,0.10793383434666959,ret_12m,main,54.5,full,1.0,2026-09-23
1936.0,,001225,中邮趋势精选灵活配置混合A,0.10764608788745189,ret_12m,main,135.9,full,1.0,2026-09-23
1937.0,,001488,万家瑞丰灵活配置混合A,0.10760792729458668,ret_12m,main,135.2,full,1.0,2026-09-23
1938.0,,080015,长盛中小盘精选混合,0.10742260547594018,ret_12m,main,170.4,full,1.0,2026-09-23
1939.0,,015904,广发新能源精选股票A,0.10731999979389628,ret_12m,main,45.8,full,1.0,2026-09-23
1940.0,,016492,南方均衡成长混合A,0.10725459347400901,ret_12m,main,47.8,full,1.0,2026-09-23
1941.0,,501081,中欧科创主题混合(LOF)A,0.1072427855961664,ret_12m,main,86.9,full,1.0,2026-09-23
1942.0,,519766,交银荣鑫灵活配置混合A,0.10709464567298843,ret_12m,main,126.0,full,1.0,2026-09-23
1943.0,,690011,民生加银积极成长混合发起式,0.10706669818922765,ret_12m,main,163.7,full,1.0,2026-09-23
1944.0,,288001,华夏经典混合,0.10702760341718154,ret_12m,main,270.3,full,1.0,2026-09-23
1945.0,,010902,博时成长领航混合A,0.10687111394121085,ret_12m,main,68.0,full,1.0,2026-09-23
1946.0,,165531,中信保诚多策略混合(LOF)A,0.10676983911213256,ret_12m,main,111.2,full,1.0,2026-09-23
1947.0,,011598,信澳医药健康混合A,0.10640452682278911,ret_12m,main,65.5,full,1.0,2026-09-23
1948.0,,011837,鹏扬中国优质成长混合A,0.10632142738640171,ret_12m,main,63.5,full,1.0,2026-09-23
1949.0,,460001,华泰柏瑞盛世中国混合,0.10591509171432745,ret_12m,main,256.9,full,1.0,2026-09-23
1950.0,,014261,摩根沃享远见一年持有期混合A,0.10565291319934955,ret_12m,main,55.9,full,1.0,2026-09-23
1951.0,,010442,东方红启盛三年持有混合B,0.10562940833407031,ret_12m,main,62.5,full,1.0,2026-09-23
1952.0,,121010,国投瑞银瑞源灵活配置混合A,0.10526450536650045,ret_12m,main,177.1,full,1.0,2026-09-23
1953.0,,013284,上银价值增长3个月持有期混合A,0.10517855656035291,ret_12m,main,57.1,full,1.0,2026-09-23
1954.0,,012995,嘉实策略视野三年持有期混合,0.1051625360653401,ret_12m,main,56.8,full,1.0,2026-09-23
1955.0,,005373,中加紫金灵活配置混合A,0.10510092839057417,ret_12m,main,101.7,full,1.0,2026-09-23
1956.0,,011138,广发聚鸿六个月持有期混合A,0.10503919724888044,ret_12m,main,67.4,full,1.0,2026-09-23
1957.0,,001148,申万菱信多策略灵活配置混合A,0.10471808202881472,ret_12m,main,137.8,full,1.0,2026-09-23
1958.0,,012955,国寿安保稳盛6个月持有混合A,0.10466619195845195,ret_12m,main,61.2,full,1.0,2026-09-23
1959.0,,005984,兴业聚华混合A,0.10445680303007787,ret_12m,main,78.1,full,1.0,2026-09-23
1960.0,,019431,永赢睿信混合A,0.10445588830008012,ret_12m,main,33.1,short,1.0,2026-09-23
1961.0,,007368,浙商沪港深精选混合A,0.10433612917150081,ret_12m,main,86.9,full,1.0,2026-09-23
1962.0,,010120,九泰久福量化股票A,0.10414422617123975,ret_12m,main,68.1,full,1.0,2026-09-23
1963.0,,000520,上银新兴价值成长混合A,0.10408108781205305,ret_12m,main,148.6,full,1.0,2026-09-23
1964.0,,161728,招商瑞智优选混合(LOF),0.10382363199468503,ret_12m,main,98.6,full,1.0,2026-09-23
1965.0,,010615,国金自主创新混合A,0.10365494452445545,ret_12m,main,68.1,full,1.0,2026-09-23
1966.0,,015635,汇安价值先锋混合A,0.10351480611943975,ret_12m,main,47.8,full,1.0,2026-09-23
1967.0,,001314,易方达新益混合I,0.10318012428084367,ret_12m,main,135.3,full,1.0,2026-09-23
1968.0,,012155,汇添富成长先锋六个月持有混合A,0.10284956211112095,ret_12m,main,61.7,full,1.0,2026-09-23
1969.0,,519616,银河君信混合A,0.10270251632206406,ret_12m,main,120.5,full,1.0,2026-09-23
1970.0,,010072,方正富邦策略精选A,0.10230898291141743,ret_12m,main,69.7,full,1.0,2026-09-23
1971.0,,070099,嘉实优质企业混合,0.10229613620647848,ret_12m,main,225.5,full,1.0,2026-09-23
1972.0,,019600,鹏华智投800混合A,0.10203553478310878,ret_12m,main,31.9,short,1.0,2026-09-23
1973.0,,009840,东财量化精选A,0.10199626911047832,ret_12m,main,73.8,full,1.0,2026-09-23
1974.0,,001780,诺安改革趋势混合A,0.10189430526924959,ret_12m,main,108.8,full,1.0,2026-09-23
1975.0,,014199,建信沃信一年持有混合A,0.10184124130622996,ret_12m,main,56.1,full,1.0,2026-09-23
1976.0,,010338,国投瑞银远见成长混合A,0.10160873304666107,ret_12m,main,69.2,full,1.0,2026-09-23
1977.0,,014874,惠升惠远回报混合A,0.10156995525724977,ret_12m,main,56.1,full,1.0,2026-09-23
1978.0,,011997,景顺长城安盈回报一年持有混合A,0.10148033257745936,ret_12m,main,64.0,full,1.0,2026-09-23
1979.0,,016832,东方红锦惠甄选18个月持有混合A,0.10134220028974217,ret_12m,main,43.8,full,1.0,2026-09-23
1980.0,,011743,华夏兴源稳健一年持有混合A,0.1011979709414701,ret_12m,main,63.0,full,1.0,2026-09-23
1981.0,,000589,光大银发商机混合A,0.1009273433459128,ret_12m,main,148.8,full,1.0,2026-09-23
1982.0,,519755,交银多策略回报灵活配置混合A,0.1008232067900594,ret_12m,main,135.7,full,1.0,2026-09-23
1983.0,,014701,中欧量化动能混合A,0.10076609862943231,ret_12m,main,52.0,full,1.0,2026-09-23
1984.0,,011708,中欧嘉益一年持有期混合A,0.1007174917758542,ret_12m,main,64.6,full,1.0,2026-09-23
1985.0,,008150,嘉实远见企业精选两年持有期混合,0.10065249604616966,ret_12m,main,72.0,full,1.0,2026-09-23
1986.0,,000866,华宝制造股票,0.10059507506585108,ret_12m,main,141.4,full,1.0,2026-09-23
1987.0,,010852,中欧内需成长混合A,0.10059225284219564,ret_12m,main,61.7,full,1.0,2026-09-23
1988.0,,009548,汇添富中盘价值精选混合A,0.10057189454631277,ret_12m,main,74.5,full,1.0,2026-09-23
1989.0,,001685,汇添富沪港深新价值股票,0.10053020566171811,ret_12m,main,121.9,full,1.0,2026-09-23
1990.0,,161224,国投瑞银新丝路混合(LOF),0.10052725380465422,ret_12m,main,137.5,full,1.0,2026-09-23
1991.0,,011212,富国稳健策略6个月持有混合A,0.10030002442100194,ret_12m,main,67.4,full,1.0,2026-09-23
1992.0,,519727,交银成长30混合,0.1001433095442561,ret_12m,main,159.6,full,1.0,2026-09-23
1993.0,,011629,银河核心优势混合A,0.10013170046365216,ret_12m,main,50.1,full,1.0,2026-09-23
1994.0,,014139,易方达高质量增长量化精选股票A,0.10012143809595697,ret_12m,main,52.6,full,1.0,2026-09-23
1995.0,,002819,招商丰美混合A,0.09984527421273293,ret_12m,main,118.4,full,1.0,2026-09-23
1996.0,,501227,泓德红利优选混合(LOF)A,0.0995986068244279,ret_12m,main,16.8,short,1.0,2026-09-23
1997.0,,002449,民生加银量化中国混合A,0.09949783928583877,ret_12m,main,124.2,full,1.0,2026-09-23
1998.0,,002846,泓德泓华混合,0.09945575064063483,ret_12m,main,117.7,full,1.0,2026-09-23
1999.0,,008811,鹏华科技创新混合,0.09945550475339116,ret_12m,main,80.3,full,1.0,2026-09-23
2000.0,,008297,广发价值优势混合,0.0992854446939786,ret_12m,main,78.7,full,1.0,2026-09-23
2001.0,,011773,国寿安保璟珹6个月持有混合A,0.09928132122201494,ret_12m,main,63.0,full,1.0,2026-09-23
2002.0,,016477,光大专精特新混合A,0.09924675424472129,ret_12m,main,44.2,full,1.0,2026-09-23
2003.0,,022702,人保核心智选混合A,0.09882248702954444,ret_12m,main,16.3,short,1.0,2026-09-23
2004.0,,169201,浙商鼎盈事件驱动混合,0.09866095211707182,ret_12m,main,117.5,full,1.0,2026-09-23
2005.0,,003745,广发多元新兴股票,0.09852095049985898,ret_12m,main,113.0,full,1.0,2026-09-23
2006.0,,151002,银河收益混合A,0.09850421858552094,ret_12m,main,277.7,full,1.0,2026-09-23
2007.0,,005947,德邦民裕进取量化混合A,0.09848347930915935,ret_12m,main,99.1,full,1.0,2026-09-23
2008.0,,010904,博时双季鑫6个月持有混合A,0.09844920763189102,ret_12m,main,68.1,full,1.0,2026-09-23
2009.0,,007243,安信核心竞争力混合A,0.09833847995000555,ret_12m,main,87.6,full,1.0,2026-09-23
2010.0,,002137,诺安利鑫灵活配置混合A,0.09830800655477989,ret_12m,main,129.7,full,1.0,2026-09-23
2011.0,,004475,华泰柏瑞富利混合A,0.09825546521078032,ret_12m,main,108.4,full,1.0,2026-09-23
2012.0,,014995,中欧量化先锋混合A,0.09803902502076411,ret_12m,main,55.2,full,1.0,2026-09-23
2013.0,,014333,工银优势领航混合A,0.09776970612416713,ret_12m,main,54.0,full,1.0,2026-09-23
2014.0,,015699,平安均衡成长2年持有混合A,0.09759810411736836,ret_12m,main,50.2,full,1.0,2026-09-23
2015.0,,023099,金信周期价值混合A,0.09756044447467627,ret_12m,main,19.1,short,1.0,2026-09-23
2016.0,,001722,工银银和利混合,0.09730411627544377,ret_12m,main,116.8,full,1.0,2026-09-23
2017.0,,010868,华宝安盈混合A,0.09721873781647994,ret_12m,main,63.5,full,1.0,2026-09-23
2018.0,,012258,天弘鑫悦成长混合A,0.09715642773886501,ret_12m,main,56.8,full,1.0,2026-09-23
2019.0,,519069,汇添富价值精选混合,0.09710865039071592,ret_12m,main,212.0,full,1.0,2026-09-23
2020.0,,022164,西部利得央企优选股票A,0.09709164773142409,ret_12m,main,21.4,short,1.0,2026-09-23
2021.0,,008085,海富通先进制造股票A,0.09698369172504773,ret_12m,main,81.2,full,1.0,2026-09-23
2022.0,,012387,国金ESG持续增长混合A,0.09686055943712879,ret_12m,main,62.1,full,1.0,2026-09-23
2023.0,,270022,广发内需增长混合A,0.0968498156682176,ret_12m,main,197.2,full,1.0,2026-09-23
2024.0,,000362,国泰聚信价值优势混合A,0.09684649795053035,ret_12m,main,153.2,full,1.0,2026-09-23
2025.0,,022572,汇添富弘达回报混合发起式A,0.0968070947073858,ret_12m,main,16.3,short,1.0,2026-09-23
2026.0,,000165,国投瑞银策略精选混合,0.09665810751123072,ret_12m,main,155.9,full,1.0,2026-09-23
2027.0,,004335,华宝新飞跃灵活配置混合,0.09621434456209843,ret_12m,main,114.8,full,1.0,2026-09-23
2028.0,,260116,景顺长城核心竞争力混合A,0.0961407895191595,ret_12m,main,177.1,full,1.0,2026-09-23
2029.0,,017038,富国中证1000优选股票A,0.09582439037834356,ret_12m,main,46.0,full,1.0,2026-09-23
2030.0,,310368,申万菱信竞争优势混合A,0.09578333492460778,ret_12m,main,218.6,full,1.0,2026-09-23
2031.0,,011471,鹏华致远成长混合A,0.0957411914572488,ret_12m,main,66.2,full,1.0,2026-09-23
2032.0,,013141,中信保诚弘远混合A,0.09561039249934922,ret_12m,main,60.7,full,1.0,2026-09-23
2033.0,,012850,国联低碳经济3个月持有混合A,0.09559705101594917,ret_12m,main,61.7,full,1.0,2026-09-23
2034.0,,012406,永赢长远价值混合A,0.09551802000958642,ret_12m,main,60.3,full,1.0,2026-09-23
2035.0,,450010,国富策略回报混合A,0.09540412516432517,ret_12m,main,181.7,full,1.0,2026-09-23
2036.0,,010728,中泰兴诚价值一年持有混合A,0.09539106356506122,ret_12m,main,67.4,full,1.0,2026-09-23
2037.0,,018038,富国融裕两年持有期混合A,0.09538797067223337,ret_12m,main,36.8,full,1.0,2026-09-23
2038.0,,000172,华泰柏瑞量化增强混合A,0.09534875707770629,ret_12m,main,157.7,full,1.0,2026-09-23
2039.0,,014016,中信建投品质优选一年持有A,0.09522498217692199,ret_12m,main,53.9,full,1.0,2026-09-23
2040.0,,013033,泰信智选量化选股混合发起式A,0.09518147338299165,ret_12m,main,16.1,short,1.0,2026-09-23
2041.0,,010560,永赢稳健增利18个月持有混合A,0.09507716947883482,ret_12m,main,67.9,full,1.0,2026-09-23
2042.0,,010924,博时双季鑫6个月持有混合B,0.09504951795202143,ret_12m,main,68.1,full,1.0,2026-09-23
2043.0,,017935,国泰海通远见价值混合发起A,0.09494059313051051,ret_12m,main,42.8,full,1.0,2026-09-23
2044.0,,010738,大成优选升级一年持有混合A,0.09488092134197723,ret_12m,main,69.0,full,1.0,2026-09-23
2045.0,,450001,国富中国收益混合A,0.09481696999531541,ret_12m,main,255.7,full,1.0,2026-09-23
2046.0,,050012,博时策略混合,0.0945260386997151,ret_12m,main,205.4,full,1.0,2026-09-23
2047.0,,002934,泰康恒泰回报混合A,0.09450985095084818,ret_12m,main,122.3,full,1.0,2026-09-23
2048.0,,163417,兴全合宜混合(LOF)A,0.09449969421455862,ret_12m,main,104.0,full,1.0,2026-09-23
2049.0,,161222,国投瑞银瑞利混合(LOF)A,0.09410377986530616,ret_12m,main,139.6,full,1.0,2026-09-23
2050.0,,070001,嘉实成长收益混合A,0.09403196060029217,ret_12m,main,286.6,full,1.0,2026-09-23
2051.0,,019972,海富通产业优选混合A,0.09397684191145728,ret_12m,main,33.0,short,1.0,2026-09-23
2052.0,,450011,国富研究精选混合A,0.093920136912925,ret_12m,main,172.1,full,1.0,2026-09-23
2053.0,,014513,金鹰远见优选混合A,0.0934726077068393,ret_12m,main,51.1,full,1.0,2026-09-23
2054.0,,160133,南方天元新产业股票(LOF),0.09344282208959442,ret_12m,main,146.7,full,1.0,2026-09-23
2055.0,,010333,华夏核心资产混合A,0.09332995344083805,ret_12m,main,67.8,full,1.0,2026-09-23
2056.0,,008846,大成民稳增长混合A,0.09327025494059127,ret_12m,main,77.8,full,1.0,2026-09-23
2057.0,,005311,万家经济新动能混合A,0.0932112677418575,ret_12m,main,103.5,full,1.0,2026-09-23
2058.0,,011703,中金鑫瑞优选一年持有混合,0.09319551060665687,ret_12m,main,62.4,full,1.0,2026-09-23
2059.0,,005855,中科沃土沃瑞混合A,0.09319540000602311,ret_12m,main,92.3,full,1.0,2026-09-23
2060.0,,000831,工银医疗保健股票,0.09300930641074023,ret_12m,main,142.2,full,1.0,2026-09-23
2061.0,,501051,圆信永丰汇利混合(LOF),0.0929950830679327,ret_12m,main,105.8,full,1.0,2026-09-23
2062.0,,002317,招商睿逸混合,0.09290187877495115,ret_12m,main,125.3,full,1.0,2026-09-23
2063.0,,009169,湘财长兴灵活配置混合A,0.09261838585393511,ret_12m,main,77.0,full,1.0,2026-09-23
2064.0,,000663,国投瑞银美丽中国混合A,0.09220633253746757,ret_12m,main,147.0,full,1.0,2026-09-23
2065.0,,040015,华安动态灵活配置混合A,0.09213654966103246,ret_12m,main,201.0,full,1.0,2026-09-23
2066.0,,021576,平安研究智选混合A,0.09200074227942845,ret_12m,main,25.1,short,1.0,2026-09-23
2067.0,,001291,大摩量化多策略股票,0.09191338187112952,ret_12m,main,135.7,full,1.0,2026-09-23
2068.0,,001135,益民品质升级混合A,0.09188670253708042,ret_12m,main,136.6,full,1.0,2026-09-23
2069.0,,009932,永赢稳健增长一年持有混合A,0.09170928700189918,ret_12m,main,73.4,full,1.0,2026-09-23
2070.0,,012412,汇泉策略优选混合A,0.09169614559403283,ret_12m,main,62.1,full,1.0,2026-09-23
2071.0,,000507,宏利宏达混合A,0.091668000180956,ret_12m,main,150.6,full,1.0,2026-09-23
2072.0,,690004,民生加银稳健成长混合,0.09166041299840266,ret_12m,main,194.8,full,1.0,2026-09-23
2073.0,,001172,鹏华弘泽混合A,0.09163825465239595,ret_12m,main,137.3,full,1.0,2026-09-23
2074.0,,002660,兴业聚源混合A,0.09162116571398382,ret_12m,main,122.8,full,1.0,2026-09-23
2075.0,,019472,长江长宏混合发起A,0.09151284261902326,ret_12m,main,35.0,short,1.0,2026-09-23
2076.0,,012744,光大品质生活混合A,0.09147144931737028,ret_12m,main,62.2,full,1.0,2026-09-23
2077.0,,160314,华夏行业混合(LOF),0.09118809678068462,ret_12m,main,225.1,full,1.0,2026-09-23
2078.0,,100056,富国低碳环保混合,0.09116940194070655,ret_12m,main,181.5,full,1.0,2026-09-23
2079.0,,750001,安信灵活配置混合A,0.09106201576960626,ret_12m,main,171.1,full,1.0,2026-09-23
2080.0,,014799,工银招瑞一年持有混合A,0.09095207232209246,ret_12m,main,55.9,full,1.0,2026-09-23
2081.0,,004209,大成智惠量化多策略混合A,0.0908815505645082,ret_12m,main,114.1,full,1.0,2026-09-23
2082.0,,009106,嘉合同顺智选股票A,0.09086716326584732,ret_12m,main,76.1,full,1.0,2026-09-23
2083.0,,161005,富国天惠成长混合(LOF)A,0.09068543184323263,ret_12m,main,250.2,full,1.0,2026-09-23
2084.0,,008317,光大睿盈混合A,0.09064090653908319,ret_12m,main,60.7,full,1.0,2026-09-23
2085.0,,180018,银华和谐主题混合A,0.09051768833059848,ret_12m,main,208.9,full,1.0,2026-09-23
2086.0,,004355,嘉实丰和灵活配置混合A,0.09038354417091776,ret_12m,main,113.1,full,1.0,2026-09-23
2087.0,,006227,华宝科技先锋混合A,0.09028301894312962,ret_12m,main,91.3,full,1.0,2026-09-23
2088.0,,024443,华夏瑞享回报混合A,0.09016306502338423,ret_12m,main,15.1,short,0.9763,2026-09-23
2089.0,,100029,富国天成红利混合,0.0901620511222545,ret_12m,main,219.9,full,1.0,2026-09-23
2090.0,,020979,西部利得价值回报混合A,0.09008150133171822,ret_12m,main,27.6,short,1.0,2026-09-23
2091.0,,012443,招商瑞鸿6个月持有混合A,0.08989971572922051,ret_12m,main,57.1,full,1.0,2026-09-23
2092.0,,519007,海富通强化回报混合,0.089896219840089,ret_12m,main,244.0,full,1.0,2026-09-23
2093.0,,005955,易方达鑫转添利混合A,0.08982093977621441,ret_12m,main,97.5,full,1.0,2026-09-23
2094.0,,015887,国投瑞银行业睿选混合A,0.08978594562077635,ret_12m,main,48.5,full,1.0,2026-09-23
2095.0,,009951,广发稳健回报混合A,0.08976384374206248,ret_12m,main,73.2,full,1.0,2026-09-23
2096.0,,024429,东方红核心价值混合A,0.08971788370021705,ret_12m,main,15.6,short,1.0,2026-09-23
2097.0,,010610,摩根远见两年持有期混合,0.08967636378875321,ret_12m,main,68.4,full,1.0,2026-09-23
2098.0,,501022,银华鑫盛灵活配置混合(LOF)A,0.08933621183859963,ret_12m,main,119.3,full,1.0,2026-09-23
2099.0,,010984,国寿安保稳安混合A,0.08931496530188388,ret_12m,main,64.6,full,1.0,2026-09-23
2100.0,,010330,东吴兴享成长混合A,0.08929511169382343,ret_12m,main,70.4,full,1.0,2026-09-23
2101.0,,000508,宏利宏达混合B,0.08927902638559382,ret_12m,main,150.6,full,1.0,2026-09-23
2102.0,,006251,银华兴盛股票A,0.08926424168659408,ret_12m,main,85.7,full,1.0,2026-09-23
2103.0,,377010,摩根阿尔法混合A,0.08888703780757812,ret_12m,main,251.4,full,1.0,2026-09-23
2104.0,,002083,新华鑫动力灵活配置混合A,0.08881424819417938,ret_12m,main,123.5,full,1.0,2026-09-23
2105.0,,001574,中海混改红利混合A,0.08879327178681673,ret_12m,main,130.4,full,1.0,2026-09-23
2106.0,,202007,南方隆元产业主题混合,0.08876521127575776,ret_12m,main,226.3,full,1.0,2026-09-23
2107.0,,012073,华安均衡优选混合A,0.08870690797026182,ret_12m,main,58.9,full,1.0,2026-09-23
2108.0,,014347,富国趋势优先混合A,0.0886869208537393,ret_12m,main,55.9,full,1.0,2026-09-23
2109.0,,001122,鹏华弘利混合A,0.08867756258453263,ret_12m,main,138.4,full,1.0,2026-09-23
2110.0,,009246,大摩ESG量化混合A,0.08845721701085507,ret_12m,main,74.3,full,1.0,2026-09-23
2111.0,,519068,汇添富成长焦点混合,0.08834167163053741,ret_12m,main,234.4,full,1.0,2026-09-23
2112.0,,008546,南方产业优势两年混合A,0.08833459664588017,ret_12m,main,73.3,full,1.0,2026-09-23
2113.0,,001838,国投瑞银国家安全混合A,0.08830681213020575,ret_12m,main,129.7,full,1.0,2026-09-23
2114.0,,017749,国投瑞银景气驱动混合A,0.08827230402241915,ret_12m,main,42.3,full,1.0,2026-09-23
2115.0,,013603,易方达均衡优选一年持有混合A,0.088164054489549,ret_12m,main,51.9,full,1.0,2026-09-23
2116.0,,001266,国投瑞银招财混合A,0.0881127758233522,ret_12m,main,135.7,full,1.0,2026-09-23
2117.0,,004301,国寿安保稳信混合A,0.08744923465032062,ret_12m,main,114.5,full,1.0,2026-09-23
2118.0,,007388,摩根研究驱动股票A,0.08741942992750973,ret_12m,main,75.4,full,1.0,2026-09-23
2119.0,,010690,万家互联互通核心资产量化A,0.08739225347737412,ret_12m,main,66.0,full,1.0,2026-09-23
2120.0,,001256,泓德优选成长混合,0.08738128689848468,ret_12m,main,136.1,full,1.0,2026-09-23
2121.0,,013895,宝盈成长精选混合A,0.08701861743765038,ret_12m,main,57.7,full,1.0,2026-09-23
2122.0,,011649,易方达逆向投资混合A,0.08680264216147915,ret_12m,main,65.7,full,1.0,2026-09-23
2123.0,,013998,中欧瑾添混合A,0.08674679677093455,ret_12m,main,58.4,full,1.0,2026-09-23
2124.0,,007835,国泰鑫睿混合,0.08663097992266344,ret_12m,main,82.3,full,1.0,2026-09-23
2125.0,,007439,东海科技动力A,0.08638604044741016,ret_12m,main,86.9,full,1.0,2026-09-23
2126.0,,013200,南方均衡优选一年持有期混合A,0.08634426936881434,ret_12m,main,60.5,full,1.0,2026-09-23
2127.0,,160518,博时睿远,0.08604495105980003,ret_12m,main,125.3,full,1.0,2026-09-23
2128.0,,009137,嘉实瑞和两年持有期混合,0.08598533032272027,ret_12m,main,77.5,full,1.0,2026-09-23
2129.0,,015133,华安鼎安优选一年持有混合A,0.08592595558237814,ret_12m,main,51.7,full,1.0,2026-09-23
2130.0,,001422,景顺长城安享回报混合A,0.08581406997924268,ret_12m,main,135.3,full,1.0,2026-09-23
2131.0,,018626,富国兴享回报6个月持有期混合A,0.08576176754670994,ret_12m,main,38.0,full,1.0,2026-09-23
2132.0,,024445,工银泓裕回报混合,0.08548446867826298,ret_12m,main,14.9,short,0.9605,2026-09-23
2133.0,,020803,东方红量化选股混合发起A,0.08538545231031591,ret_12m,main,28.1,short,1.0,2026-09-23
2134.0,,009810,易方达悦通一年持有期混合A,0.0853115979608603,ret_12m,main,69.2,full,1.0,2026-09-23
2135.0,,020064,西部利得科技创新混合A,0.0851624699573772,ret_12m,main,33.1,short,1.0,2026-09-23
2136.0,,017043,汇添富品质价值混合,0.08503600709469805,ret_12m,main,45.4,full,1.0,2026-09-23
2137.0,,166107,信澳量化多因子混合(LOF)A,0.0850133775748616,ret_12m,main,82.6,full,1.0,2026-09-23
2138.0,,014317,广发价值领航一年持有混合A,0.08465923693583788,ret_12m,main,51.7,full,1.0,2026-09-23
2139.0,,010676,光大新机遇混合A,0.08465240999586121,ret_12m,main,65.8,full,1.0,2026-09-23
2140.0,,050007,博时平衡配置混合,0.08430965267795387,ret_12m,main,243.8,full,1.0,2026-09-23
2141.0,,001218,国投瑞银精选收益混合A,0.08422771281525554,ret_12m,main,136.2,full,1.0,2026-09-23
2142.0,,020864,银华嘉选平衡混合发起式A,0.0841335620022885,ret_12m,main,27.1,short,1.0,2026-09-23
2143.0,,009215,易方达瑞川混合A,0.08401847176895694,ret_12m,main,77.0,full,1.0,2026-09-23
2144.0,,013623,湘财周期轮动一年持有混合,0.08384572162485049,ret_12m,main,58.6,full,1.0,2026-09-23
2145.0,,202003,南方绩优成长混合A,0.08382401673752127,ret_12m,main,238.2,full,1.0,2026-09-23
2146.0,,501091,嘉实欣荣混合(LOF)A,0.08375457132786801,ret_12m,main,80.1,full,1.0,2026-09-23
2147.0,,005259,建信龙头企业股票,0.08374934917903176,ret_12m,main,104.0,full,1.0,2026-09-23
2148.0,,020052,博时惠泽混合发起式A1,0.08372626705016217,ret_12m,main,33.6,short,1.0,2026-09-23
2149.0,,012963,招商稳健平衡混合A,0.08368564141736679,ret_12m,main,59.1,full,1.0,2026-09-23
2150.0,,501186,华夏兴融混合(LOF)A,0.08366610618602,ret_12m,main,98.6,full,1.0,2026-09-23
2151.0,,021247,兴全红利混合A,0.08358019789152249,ret_12m,main,27.2,short,1.0,2026-09-23
2152.0,,004737,富国新优享灵活配置混合A,0.08352424508302758,ret_12m,main,109.5,full,1.0,2026-09-23
2153.0,,016265,中信建投趋势领航两年持有混合A,0.08348049950196024,ret_12m,main,47.4,full,1.0,2026-09-23
2154.0,,550002,中信保诚精萃成长混合A,0.0834593270711288,ret_12m,main,237.9,full,1.0,2026-09-23
2155.0,,001542,国泰互联网+股票,0.08339500399321298,ret_12m,main,133.7,full,1.0,2026-09-23
2156.0,,011384,南方远见回报股票A,0.08338402177146942,ret_12m,main,66.0,full,1.0,2026-09-23
2157.0,,018194,建信新材料精选股票发起A,0.08317959645851691,ret_12m,main,37.1,full,1.0,2026-09-23
2158.0,,005815,农银汇理睿选灵活配置混合,0.0831658927719634,ret_12m,main,100.0,full,1.0,2026-09-23
2159.0,,011410,中信建投量化进取A,0.08314174097921034,ret_12m,main,66.5,full,1.0,2026-09-23
2160.0,,009606,长信稳健精选混合A,0.08294310227667889,ret_12m,main,74.3,full,1.0,2026-09-23
2161.0,,000526,国泰浓益灵活配置混合A,0.08292217297585824,ret_12m,main,150.7,full,1.0,2026-09-23
2162.0,,019361,富国核心优势混合发起式A,0.08276122192258906,ret_12m,main,33.7,short,1.0,2026-09-23
2163.0,,010239,平安瑞尚六个月持有混合A,0.08266258790237546,ret_12m,main,69.2,full,1.0,2026-09-23
2164.0,,005453,前海开源医疗健康A,0.08247921181573403,ret_12m,main,104.1,full,1.0,2026-09-23
2165.0,,001562,易方达瑞和灵活配置混合,0.08231352918717483,ret_12m,main,103.7,full,1.0,2026-09-23
2166.0,,017619,鑫元添鑫回报6个月持有期混合A,0.08225178068942851,ret_12m,main,42.3,full,1.0,2026-09-23
2167.0,,161609,融通动力先锋混合A/B,0.08217394238791553,ret_12m,main,238.3,full,1.0,2026-09-23
2168.0,,011427,广发价值驱动混合A,0.08209801953702134,ret_12m,main,60.3,full,1.0,2026-09-23
2169.0,,501087,交银瑞丰混合(LOF),0.082049134593003,ret_12m,main,84.6,full,1.0,2026-09-23
2170.0,,001692,南方国策动力,0.08203861084368214,ret_12m,main,132.9,full,1.0,2026-09-23
2171.0,,010640,财通稳进回报6个月持有混合A,0.08192135758459984,ret_12m,main,58.4,full,1.0,2026-09-23
2172.0,,020303,信澳星亮智选混合A,0.08178302743295607,ret_12m,main,31.8,short,1.0,2026-09-23
2173.0,,010064,圆信永丰兴研A,0.08155860059829156,ret_12m,main,72.0,full,1.0,2026-09-23
2174.0,,004139,中邮军民融合灵活配置混合A,0.081508013826743,ret_12m,main,113.7,full,1.0,2026-09-23
2175.0,,160916,大成优选混合(LOF)A,0.08130349235052203,ret_12m,main,168.8,full,1.0,2026-09-23
2176.0,,014718,富国天旭均衡混合A,0.08113273016227107,ret_12m,main,55.5,full,1.0,2026-09-23
2177.0,,310308,申万菱信盛利精选混合A,0.0810990023524285,ret_12m,main,269.5,full,1.0,2026-09-23
2178.0,,008178,同泰慧盈混合A,0.08104217262435998,ret_12m,main,81.9,full,1.0,2026-09-23
2179.0,,006992,嘉合锦创优势精选混合,0.0809806112415965,ret_12m,main,89.3,full,1.0,2026-09-23
2180.0,,017650,中庚港股通价值股票,0.08084134890281924,ret_12m,main,44.4,full,1.0,2026-09-23
2181.0,,481006,工银红利混合,0.08080067430251736,ret_12m,main,230.2,full,1.0,2026-09-23
2182.0,,013209,金鹰大视野混合A,0.08065446676092969,ret_12m,main,60.9,full,1.0,2026-09-23
2183.0,,009576,东方红智远三年持有混合,0.08061064476171587,ret_12m,main,75.0,full,1.0,2026-09-23
2184.0,,001537,中加改革红利混合,0.08047080917247884,ret_12m,main,133.4,full,1.0,2026-09-23
2185.0,,001384,东方新思路混合A,0.0803491875075315,ret_12m,main,135.0,full,1.0,2026-09-23
2186.0,,020269,宏利价值驱动6个月持有混合A,0.08015052940750622,ret_12m,main,21.8,short,1.0,2026-09-23
2187.0,,002808,泓德优势领航混合,0.08010137662475492,ret_12m,main,117.1,full,1.0,2026-09-23
2188.0,,012023,兴业聚乾混合A,0.08005625425543195,ret_12m,main,61.8,full,1.0,2026-09-23
2189.0,,620001,金元顺安宝石动力混合,0.07985423326745944,ret_12m,main,229.3,full,1.0,2026-09-23
2190.0,,012568,天弘高端制造混合A,0.07983835901041614,ret_12m,main,62.3,full,1.0,2026-09-23
2191.0,,020495,建信研究精选混合A,0.07982700559484868,ret_12m,main,27.4,short,1.0,2026-09-23
2192.0,,011052,鹏华弘裕一年持有期混合A,0.07977350518604354,ret_12m,main,67.6,full,1.0,2026-09-23
2193.0,,519039,长盛同德主题混合,0.07973330755149988,ret_12m,main,226.1,full,1.0,2026-09-23
2194.0,,001718,工银物流产业股票A,0.07954099617714006,ret_12m,main,126.8,full,1.0,2026-09-23
2195.0,,015110,惠升领先优选混合A,0.07951947607130383,ret_12m,main,54.5,full,1.0,2026-09-23
2196.0,,010963,信澳周期动力混合A,0.07950516185079026,ret_12m,main,68.8,full,1.0,2026-09-23
2197.0,,000431,鹏华品牌传承混合,0.079492949022677,ret_12m,main,151.8,full,1.0,2026-09-23
2198.0,,010881,南方宝顺混合A,0.07929775064675026,ret_12m,main,66.0,full,1.0,2026-09-23
2199.0,,016097,东吴兴弘一年持有混合A,0.0792345596657762,ret_12m,main,48.3,full,1.0,2026-09-23
2200.0,,023761,广发智选启航混合A,0.0792299538855894,ret_12m,main,15.2,short,1.0,2026-09-23
2201.0,,011498,富国沪深300基本面精选股票A,0.07916593814592443,ret_12m,main,63.7,full,1.0,2026-09-23
2202.0,,000841,富国新回报灵活配置混合A/B,0.0791319139860045,ret_12m,main,141.9,full,1.0,2026-09-23
2203.0,,000822,东海美丽中国A,0.07884199474424891,ret_12m,main,142.3,full,1.0,2026-09-23
2204.0,,012991,大成民享安盈一年持有混合A,0.07881791414729555,ret_12m,main,54.4,full,1.0,2026-09-23
2205.0,,009500,国寿安保高股息混合A,0.07879472627241513,ret_12m,main,71.9,full,1.0,2026-09-23
2206.0,,690005,民生加银内需增长混合,0.0786992928794592,ret_12m,main,187.8,full,1.0,2026-09-23
2207.0,,013914,大成红利优选一年持有混合发起A,0.07861881810763705,ret_12m,main,46.4,full,1.0,2026-09-23
2208.0,,010861,长信企业优选一年持有混合,0.07825036056520251,ret_12m,main,66.5,full,1.0,2026-09-23
2209.0,,003670,国联物联网主题A,0.07815505620428476,ret_12m,main,114.8,full,1.0,2026-09-23
2210.0,,320011,诺安中小盘精选混合A,0.07797660362787151,ret_12m,main,196.9,full,1.0,2026-09-23
2211.0,,006259,汇添富红利增长混合A,0.07782358523739807,ret_12m,main,88.9,full,1.0,2026-09-23
2212.0,,001463,光大一带一路混合A,0.07761188271914987,ret_12m,main,134.9,full,1.0,2026-09-23
2213.0,,010725,鹏华安享一年持有期混合A,0.07761030101732347,ret_12m,main,68.5,full,1.0,2026-09-23
2214.0,,013067,富安达中小盘六个月持有混合发起,0.07759788327317318,ret_12m,main,60.5,full,1.0,2026-09-23
2215.0,,010345,华泰柏瑞成长智选混合A,0.0773817484683601,ret_12m,main,70.0,full,1.0,2026-09-23
2216.0,,013867,汇安优势企业精选混合A,0.0773073637715811,ret_12m,main,57.3,full,1.0,2026-09-23
2217.0,,011107,九泰天兴量化智选A,0.07722593460711358,ret_12m,main,61.4,full,1.0,2026-09-23
2218.0,,018418,广发碳中和主题混合发起式A,0.07718682596263915,ret_12m,main,27.4,short,1.0,2026-09-23
2219.0,,011064,南方誉享一年持有期混合A,0.07699899661650189,ret_12m,main,65.5,full,1.0,2026-09-23
2220.0,,001695,泓德泓业混合,0.07690606276265122,ret_12m,main,132.9,full,1.0,2026-09-23
2221.0,,013616,广发睿智两年持有期混合发起式A,0.07669545508553255,ret_12m,main,47.2,full,1.0,2026-09-23
2222.0,,580008,东吴新产业精选股票A,0.07652357816226374,ret_12m,main,179.8,full,1.0,2026-09-23
2223.0,,017860,景顺长城致远混合A,0.07643736896322251,ret_12m,main,42.8,full,1.0,2026-09-23
2224.0,,013431,华泰柏瑞景气汇选三年持有期混合A,0.07639130243641734,ret_12m,main,56.4,full,1.0,2026-09-23
2225.0,,011357,华泰柏瑞品质成长混合A,0.0763411192741641,ret_12m,main,66.7,full,1.0,2026-09-23
2226.0,,008347,中信建投甄选混合A,0.07626403189941433,ret_12m,main,81.0,full,1.0,2026-09-23
2227.0,,050018,博时行业轮动混合,0.0761975318880741,ret_12m,main,189.4,full,1.0,2026-09-23
2228.0,,015627,圆信永丰弘阳股票A,0.07613575333646216,ret_12m,main,48.0,full,1.0,2026-09-23
2229.0,,003882,易方达瑞弘混合A,0.07602684545068517,ret_12m,main,116.4,full,1.0,2026-09-23
2230.0,,011866,广发价值增长混合A,0.07583685368758064,ret_12m,main,63.9,full,1.0,2026-09-23
2231.0,,017964,招商匠心优选混合A,0.07569131688017339,ret_12m,main,40.7,full,1.0,2026-09-23
2232.0,,005802,汇添富智能制造股票A,0.07567908042172089,ret_12m,main,101.0,full,1.0,2026-09-23
2233.0,,003476,南方安颐混合,0.07550820599598063,ret_12m,main,117.3,full,1.0,2026-09-23
2234.0,,019978,融通动力先锋混合C,0.07550552752221029,ret_12m,main,34.5,short,1.0,2026-09-23
2235.0,,008966,博时成长优选灵活配置混合A,0.07549690486652172,ret_12m,main,78.5,full,1.0,2026-09-23
2236.0,,000031,华夏复兴混合A,0.0752363206336919,ret_12m,main,228.4,full,1.0,2026-09-23
2237.0,,021711,南方周期优选混合发起A,0.0751881634766387,ret_12m,main,24.1,short,1.0,2026-09-23
2238.0,,004671,国联核心成长,0.07510884416134522,ret_12m,main,107.8,full,1.0,2026-09-23
2239.0,,010843,富国天润回报混合A,0.07503676845283347,ret_12m,main,66.7,full,1.0,2026-09-23
2240.0,,010090,中信建投医药健康A,0.0748959316715494,ret_12m,main,72.0,full,1.0,2026-09-23
2241.0,,519979,长信内需成长混合A,0.07468628560076862,ret_12m,main,179.1,full,1.0,2026-09-23
2242.0,,015911,兴业致远混合A,0.07466219204788005,ret_12m,main,45.8,full,1.0,2026-09-23
2243.0,,005474,泰康均衡优选混合A,0.07462190385620548,ret_12m,main,104.1,full,1.0,2026-09-23
2244.0,,015219,鹏扬产业智选一年持有混合A,0.07438871212110532,ret_12m,main,48.7,full,1.0,2026-09-23
2245.0,,012706,中银核心精选混合A,0.07435214084621844,ret_12m,main,56.8,full,1.0,2026-09-23
2246.0,,012119,工银核心优势混合A,0.07406132550473954,ret_12m,main,63.0,full,1.0,2026-09-23
2247.0,,024786,汇添富港股通红利回报混合发起式A,0.0740411863755237,ret_12m,main,13.6,short,1.0,2026-09-23
2248.0,,001760,嘉实创新成长混合,0.07401009452417506,ret_12m,main,127.6,full,1.0,2026-09-23
2249.0,,015633,中金景气驱动混合发起A,0.07389137430461834,ret_12m,main,52.6,full,1.0,2026-09-23
2250.0,,008138,富国龙头优势混合A,0.07373710692610547,ret_12m,main,80.3,full,1.0,2026-09-23
2251.0,,000457,摩根核心成长股票A,0.07372240324238799,ret_12m,main,151.4,full,1.0,2026-09-23
2252.0,,010434,红土创新医疗保健股票A,0.07357041357082439,ret_12m,main,71.1,full,1.0,2026-09-23
2253.0,,519738,交银周期回报灵活配置混合A,0.07349983760249001,ret_12m,main,148.1,full,1.0,2026-09-23
2254.0,,009984,鹏华启航混合,0.07344830809515135,ret_12m,main,72.0,full,1.0,2026-09-23
2255.0,,015976,光大数字经济主题混合A,0.07343953361647526,ret_12m,main,34.5,short,1.0,2026-09-23
2256.0,,008356,中加科丰价值精选混合,0.07342579701118557,ret_12m,main,76.5,full,1.0,2026-09-23
2257.0,,161233,国投瑞银瑞泰多策略混合A,0.07334325368310313,ret_12m,main,116.0,full,1.0,2026-09-23
2258.0,,001324,华宝新价值混合,0.07329075977155375,ret_12m,main,135.8,full,1.0,2026-09-23
2259.0,,166007,中欧互通精选混合A,0.07320664655515685,ret_12m,main,195.0,full,1.0,2026-09-23
2260.0,,005005,中金瑞安混合发起A,0.07318048492934404,ret_12m,main,108.7,full,1.0,2026-09-23
2261.0,,001183,南方利淘A,0.07305077580281982,ret_12m,main,137.2,full,1.0,2026-09-23
2262.0,,019610,财通数字经济智选混合发起A,0.07303462086236356,ret_12m,main,27.6,short,1.0,2026-09-23
2263.0,,024465,万家新机遇同享混合A,0.07294464669706024,ret_12m,main,14.9,short,0.9684,2026-09-23
2264.0,,018726,广发匠心优选三年持有混合发起式A,0.0728300279219869,ret_12m,main,25.8,short,1.0,2026-09-23
2265.0,,161834,银华鑫锐灵活配置混合(LOF)A,0.07277243793466925,ret_12m,main,121.7,full,1.0,2026-09-23
2266.0,,004756,国寿安保稳吉混合A,0.07255220127285322,ret_12m,main,104.9,full,1.0,2026-09-23
2267.0,,001721,工银新增益混合,0.07241958258927417,ret_12m,main,116.8,full,1.0,2026-09-23
2268.0,,012669,南方新兴产业混合A,0.07239892539768311,ret_12m,main,55.1,full,1.0,2026-09-23
2269.0,,050008,博时第三产业混合,0.0723742893952255,ret_12m,main,233.0,full,1.0,2026-09-23
2270.0,,000843,富国新回报灵活配置混合C,0.07234591286615566,ret_12m,main,141.9,full,1.0,2026-09-23
2271.0,,017060,兴业聚福一年持有期混合A,0.07227863255305289,ret_12m,main,43.0,full,1.0,2026-09-23
2272.0,,020876,中欧景气精选混合A,0.07220163000048752,ret_12m,main,29.0,short,1.0,2026-09-23
2273.0,,001280,银华聚利灵活配置混合A,0.0721877013683343,ret_12m,main,136.3,full,1.0,2026-09-23
2274.0,,015160,南方宝嘉混合A,0.07217966263859399,ret_12m,main,50.9,full,1.0,2026-09-23
2275.0,,010534,广发均衡增长混合A,0.0721173564064983,ret_12m,main,67.8,full,1.0,2026-09-23
2276.0,,018484,财通资管医疗保健混合A,0.0720013840907685,ret_12m,main,37.7,full,1.0,2026-09-23
2277.0,,011042,国泰价值先锋股票A,0.07198563154715854,ret_12m,main,66.5,full,1.0,2026-09-23
2278.0,,003734,万家瑞盈灵活配置混合A,0.07182590770074349,ret_12m,main,118.4,full,1.0,2026-09-23
2279.0,,010230,南方宝昌混合A,0.07180711493679559,ret_12m,main,56.1,full,1.0,2026-09-23
2280.0,,005177,华夏睿磐泰利混合A,0.07179255573261534,ret_12m,main,104.9,full,1.0,2026-09-23
2281.0,,012096,鑫元鑫动力混合A,0.07138957463167328,ret_12m,main,62.4,full,1.0,2026-09-23
2282.0,,013765,平安恒泰1年持有混合A,0.07137974290045856,ret_12m,main,55.0,full,1.0,2026-09-23
2283.0,,005421,中欧嘉泽灵活配置混合,0.07122487035091551,ret_12m,main,103.9,full,1.0,2026-09-23
2284.0,,011913,华夏永泓一年持有混合A,0.07122266562624446,ret_12m,main,59.8,full,1.0,2026-09-23
2285.0,,090006,大成2020生命周期混合A,0.07107824422500575,ret_12m,main,240.3,full,1.0,2026-09-23
2286.0,,487021,工银优质精选混合A,0.07104750404015725,ret_12m,main,163.5,full,1.0,2026-09-23
2287.0,,519656,银河灵活配置混合A,0.07087345688186697,ret_12m,main,151.4,full,1.0,2026-09-23
2288.0,,001756,嘉实策略优选混合,0.07066277913177732,ret_12m,main,118.1,full,1.0,2026-09-23
2289.0,,013575,鹏扬品质精选混合A,0.07050594029444879,ret_12m,main,54.0,full,1.0,2026-09-23
2290.0,,004050,华夏新锦升混合A,0.07048176947034857,ret_12m,main,111.8,full,1.0,2026-09-23
2291.0,,009076,工银圆兴混合,0.07045781570780996,ret_12m,main,77.0,full,1.0,2026-09-23
2292.0,,021915,博道大盘价值股票A,0.07035699720202104,ret_12m,main,21.7,short,1.0,2026-09-23
2293.0,,012945,南方宝裕混合A,0.07034859650807634,ret_12m,main,54.9,full,1.0,2026-09-23
2294.0,,016524,招商均衡成长混合A,0.07020872943992851,ret_12m,main,48.3,full,1.0,2026-09-23
2295.0,,024046,富国致享量化选股股票A,0.07019085186405483,ret_12m,main,14.9,short,1.0,2026-09-23
2296.0,,005968,创金合信工业周期股票A,0.07008139475864872,ret_12m,main,100.2,full,1.0,2026-09-23
2297.0,,002222,嘉实新趋势混合A,0.07006907775306415,ret_12m,main,125.5,full,1.0,2026-09-23
2298.0,,008244,上银鑫卓混合A,0.07004705316421411,ret_12m,main,80.1,full,1.0,2026-09-23
2299.0,,003142,鹏华弘达混合A,0.07002564320685778,ret_12m,main,121.4,full,1.0,2026-09-23
2300.0,,001415,中信保诚新锐混合A,0.06998436564583743,ret_12m,main,135.4,full,1.0,2026-09-23
2301.0,,160812,长盛同益成长回报(LOF),0.06985842906124917,ret_12m,main,148.3,full,1.0,2026-09-23
2302.0,,000314,招商瑞丰灵活配置混合发起式A,0.069721268190712,ret_12m,main,154.5,full,1.0,2026-09-23
2303.0,,001265,国泰兴益灵活配置混合A,0.0697159548794557,ret_12m,main,136.3,full,1.0,2026-09-23
2304.0,,000985,嘉实逆向策略股票,0.06952937192557229,ret_12m,main,139.7,full,1.0,2026-09-23
2305.0,,013051,汇泉臻心致远混合A,0.06949224580012325,ret_12m,main,58.7,full,1.0,2026-09-23
2306.0,,011194,广发睿铭两年持有期混合A,0.06930209672375698,ret_12m,main,65.1,full,1.0,2026-09-23
2307.0,,016961,浙商汇金平稳增长一年混合,0.069252886037388,ret_12m,main,46.0,full,1.0,2026-09-23
2308.0,,002046,中信保诚新锐混合B,0.06912008403927405,ret_12m,main,129.9,full,1.0,2026-09-23
2309.0,,000690,前海开源大海洋混合,0.06897021095442168,ret_12m,main,145.8,full,1.0,2026-09-23
2310.0,,014031,南方发展机遇一年持有混合A,0.06891154473878136,ret_12m,main,54.5,full,1.0,2026-09-23
2311.0,,080007,长盛同鑫行业配置混合A,0.06886651656748732,ret_12m,main,184.0,full,1.0,2026-09-23
2312.0,,080008,长盛战略新兴产业混合A,0.06867106896485575,ret_12m,main,178.9,full,1.0,2026-09-23
2313.0,,000121,华夏永福混合A,0.06849761131962806,ret_12m,main,157.3,full,1.0,2026-09-23
2314.0,,007415,南方致远混合A,0.06849375150483539,ret_12m,main,87.8,full,1.0,2026-09-23
2315.0,,003822,中信建投轮换混合A,0.06845681294930128,ret_12m,main,92.2,full,1.0,2026-09-23
2316.0,,005117,金信价值精选混合A,0.06827474886307816,ret_12m,main,108.7,full,1.0,2026-09-23
2317.0,,016091,汇泉匠心智选一年持有混合A,0.0682119993836372,ret_12m,main,48.3,full,1.0,2026-09-23
2318.0,,519093,新华钻石品质企业混合,0.0681870865741645,ret_12m,main,199.6,full,1.0,2026-09-23
2319.0,,011554,海富通欣利混合A,0.06791080498631463,ret_12m,main,60.3,full,1.0,2026-09-23
2320.0,,016676,南方君誉混合A,0.06788808602007879,ret_12m,main,46.3,full,1.0,2026-09-23
2321.0,,014462,光大汇佳混合A,0.06773308074823503,ret_12m,main,49.9,full,1.0,2026-09-23
2322.0,,021187,摩根红利优选股票A,0.06768171208454055,ret_12m,main,25.8,short,1.0,2026-09-23
2323.0,,550003,中信保诚盛世蓝筹混合,0.06765642243647085,ret_12m,main,219.6,full,1.0,2026-09-23
2324.0,,217009,招商核心价值混合,0.06765027257563472,ret_12m,main,233.8,full,1.0,2026-09-23
2325.0,,009796,大成汇享一年持有混合A,0.06746675552163794,ret_12m,main,72.6,full,1.0,2026-09-23
2326.0,,009990,华泰柏瑞品质优选A,0.06740782360709807,ret_12m,main,72.8,full,1.0,2026-09-23
2327.0,,001097,华泰柏瑞积极优选股票A,0.06736296456822544,ret_12m,main,138.0,full,1.0,2026-09-23
2328.0,,163809,中银蓝筹混合,0.06726450916315385,ret_12m,main,199.4,full,1.0,2026-09-23
2329.0,,017298,汇添富添添鑫多元收益9个月持有混合A,0.06719348402576153,ret_12m,main,39.3,full,1.0,2026-09-23
2330.0,,014827,汇泉启元未来混合发起式A,0.06715389114615777,ret_12m,main,36.6,full,1.0,2026-09-23
2331.0,,000667,工银绝对收益混合发起A,0.06710817788270029,ret_12m,main,146.9,full,1.0,2026-09-23
2332.0,,217010,招商大盘蓝筹混合,0.06709680987541922,ret_12m,main,219.1,full,1.0,2026-09-23
2333.0,,013929,中银证券恒瑞9个月持有混合A,0.06701143242188579,ret_12m,main,58.0,full,1.0,2026-09-23
2334.0,,003295,南方安裕混合A,0.06700996894134015,ret_12m,main,118.2,full,1.0,2026-09-23
2335.0,,620002,金元顺安成长动力混合,0.06684985834673385,ret_12m,main,216.6,full,1.0,2026-09-23
2336.0,,001433,易方达瑞景混合,0.06675092668905003,ret_12m,main,134.8,full,1.0,2026-09-23
2337.0,,021859,浙商汇金红利精选混合型发起式A,0.06672554127004382,ret_12m,main,24.1,short,1.0,2026-09-23
2338.0,,003026,安信新价值混合A,0.06661118866694338,ret_12m,main,121.1,full,1.0,2026-09-23
2339.0,,012334,上银慧尚6个月持有期混合A,0.06651847228823304,ret_12m,main,57.5,full,1.0,2026-09-23
2340.0,,014803,汇安添利18个月持有混合A,0.06648024918025142,ret_12m,main,49.4,full,1.0,2026-09-23
2341.0,,001910,泰康新机遇混合,0.0664620166796317,ret_12m,main,129.5,full,1.0,2026-09-23
2342.0,,020669,国投瑞银弘信回报混合A,0.06636017393579308,ret_12m,main,30.2,short,1.0,2026-09-23
2343.0,,005123,南方优享分红混合A,0.0662036096944616,ret_12m,main,105.6,full,1.0,2026-09-23
2344.0,,001810,中欧潜力价值灵活配置混合A,0.06620008835590485,ret_12m,main,131.8,full,1.0,2026-09-23
2345.0,,011395,博时恒元6个月持有期混合A,0.06610988450418587,ret_12m,main,66.3,full,1.0,2026-09-23
2346.0,,013193,华商稳健添利一年持有混合A,0.06610280556771286,ret_12m,main,56.4,full,1.0,2026-09-23
2347.0,,021333,信澳国企智选混合A,0.06605074006261225,ret_12m,main,27.9,short,1.0,2026-09-23
2348.0,,011246,嘉实阿尔法优选混合A,0.06594139805725452,ret_12m,main,66.3,full,1.0,2026-09-23
2349.0,,012346,易方达港股通成长混合A,0.06592728011980564,ret_12m,main,60.7,full,1.0,2026-09-23
2350.0,,540006,汇丰晋信大盘股票A,0.06592148171683032,ret_12m,main,207.0,full,1.0,2026-09-23
2351.0,,162414,华宝新机遇混合(LOF)A,0.0654126584014394,ret_12m,main,135.4,full,1.0,2026-09-23
2352.0,,013260,太平睿享混合A,0.06526083636908586,ret_12m,main,60.2,full,1.0,2026-09-23
2353.0,,002498,兴业聚鑫灵活配置混合A,0.06525712357414037,ret_12m,main,124.9,full,1.0,2026-09-23
2354.0,,023106,光大红利量化混合A,0.06525351172163263,ret_12m,main,18.0,short,1.0,2026-09-23
2355.0,,019124,博道红利智航股票A,0.06521906839946467,ret_12m,main,34.8,short,1.0,2026-09-23
2356.0,,012195,万家瑞泽回报一年持有混合,0.06518356257913038,ret_12m,main,63.2,full,1.0,2026-09-23
2357.0,,001249,易方达新利灵活配置混合,0.06512177179405754,ret_12m,main,136.8,full,1.0,2026-09-23
2358.0,,012170,华夏永顺一年持有混合A,0.06510549166201174,ret_12m,main,62.1,full,1.0,2026-09-23
2359.0,,018635,嘉实稳健增利6个月持有混合A,0.06509938588828001,ret_12m,main,32.0,short,1.0,2026-09-23
2360.0,,002585,建信兴利灵活配置混合A,0.0650878322799473,ret_12m,main,123.5,full,1.0,2026-09-23
2361.0,,000967,华泰柏瑞创新动力混合,0.06508128396544488,ret_12m,main,139.5,full,1.0,2026-09-23
2362.0,,000273,华润元大安鑫灵活配置混合A,0.06503054933299035,ret_12m,main,156.4,full,1.0,2026-09-23
2363.0,,007733,南方智锐混合A,0.06500147900001041,ret_12m,main,84.2,full,1.0,2026-09-23
2364.0,,012077,易方达悦夏一年持有混合A,0.06495566981178325,ret_12m,main,63.5,full,1.0,2026-09-23
2365.0,,014482,华夏融盛可持续一年持有混合A,0.06491867754276992,ret_12m,main,49.9,full,1.0,2026-09-23
2366.0,,000477,广发主题领先混合A,0.0648578428704254,ret_12m,main,145.8,full,1.0,2026-09-23
2367.0,,010706,景顺长城景骊成长混合A,0.06474810823047883,ret_12m,main,64.6,full,1.0,2026-09-23
2368.0,,360005,光大红利混合A,0.06468897484304548,ret_12m,main,246.0,full,1.0,2026-09-23
2369.0,,001349,富国改革动力混合,0.06465510941491748,ret_12m,main,136.1,full,1.0,2026-09-23
2370.0,,010385,华安汇嘉精选混合A,0.06458365957349788,ret_12m,main,70.8,full,1.0,2026-09-23
2371.0,,019521,景顺长城价值发现混合A1,0.06456661104044592,ret_12m,main,34.8,short,1.0,2026-09-23
2372.0,,005049,长安鑫旺价值混合A,0.06453248609961326,ret_12m,main,108.1,full,1.0,2026-09-23
2373.0,,000190,中银新回报灵活配置混合A,0.06452092536134502,ret_12m,main,156.4,full,1.0,2026-09-23
2374.0,,010132,南方创新成长混合A,0.06416258373050754,ret_12m,main,72.1,full,1.0,2026-09-23
2375.0,,013980,光大恒鑫混合A,0.0640463095704753,ret_12m,main,57.8,full,1.0,2026-09-23
2376.0,,011851,天弘先进制造混合A,0.06399658593627855,ret_12m,main,65.1,full,1.0,2026-09-23
2377.0,,013435,大成景气精选六个月持有混合A,0.06397212637549665,ret_12m,main,58.8,full,1.0,2026-09-23
2378.0,,013624,嘉实价值创造三年持有期混合A,0.06385763872986017,ret_12m,main,54.7,full,1.0,2026-09-23
2379.0,,011251,华安聚嘉精选混合A,0.06383682799694479,ret_12m,main,66.2,full,1.0,2026-09-23
2380.0,,012878,中信建投量化精选6个月持有混合A,0.06361004549927007,ret_12m,main,61.9,full,1.0,2026-09-23
2381.0,,001633,万家瑞祥混合A,0.06352096130371443,ret_12m,main,118.2,full,1.0,2026-09-23
2382.0,,010678,中欧均衡成长混合A,0.06341518835254267,ret_12m,main,69.4,full,1.0,2026-09-23
2383.0,,160919,大成产业升级股票(LOF)A,0.06338384278098941,ret_12m,main,140.9,full,1.0,2026-09-23
2384.0,,010314,大摩内需增长混合A,0.06336652326079806,ret_12m,main,69.2,full,1.0,2026-09-23
2385.0,,017389,中银证券凌瑞6个月持有期混合A,0.06336548640067452,ret_12m,main,39.2,full,1.0,2026-09-23
2386.0,,019030,信澳星耀智选混合A,0.06330454418468956,ret_12m,main,37.1,full,1.0,2026-09-23
2387.0,,019740,财通资管创新医药混合A,0.06324396380678676,ret_12m,main,32.0,short,1.0,2026-09-23
2388.0,,002331,泰康安泰回报混合A,0.06310612222814416,ret_12m,main,126.0,full,1.0,2026-09-23
2389.0,,021590,兴全竞争优势混合A,0.0630515631972437,ret_12m,main,24.9,short,1.0,2026-09-23
2390.0,,012218,博时乐享混合A,0.06299122909349997,ret_12m,main,63.9,full,1.0,2026-09-23
2391.0,,010439,汇添富稳健汇盈一年持有期混合,0.06297929527422341,ret_12m,main,70.6,full,1.0,2026-09-23
2392.0,,004738,摩根安隆回报混合A,0.06282168327595317,ret_12m,main,103.5,full,1.0,2026-09-23
2393.0,,011836,银华智能建造股票发起式,0.06280479554152985,ret_12m,main,60.0,full,1.0,2026-09-23
2394.0,,010742,南方宁悦一年持有期混合A,0.06250415643280616,ret_12m,main,68.5,full,1.0,2026-09-23
2395.0,,010845,宏利波控回报12个月持有混合,0.06248430466879884,ret_12m,main,68.1,full,1.0,2026-09-23
2396.0,,010176,中加新兴消费混合A,0.06230487000926899,ret_12m,main,69.5,full,1.0,2026-09-23
2397.0,,010900,中欧生益稳健一年混合A,0.062162875292928854,ret_12m,main,68.3,full,1.0,2026-09-23
2398.0,,016547,大成盛享一年持有混合A,0.06210595934765406,ret_12m,main,42.9,full,1.0,2026-09-23
2399.0,,019338,创金合信启富优选股票发起A,0.06198936313194281,ret_12m,main,36.1,full,1.0,2026-09-23
2400.0,,288002,华夏收入混合,0.061938783307973644,ret_12m,main,250.2,full,1.0,2026-09-23
2401.0,,009539,兴业睿进混合A,0.06188874203077921,ret_12m,main,73.9,full,1.0,2026-09-23
2402.0,,519756,交银国企改革灵活配置混合A,0.06182760548768029,ret_12m,main,135.5,full,1.0,2026-09-23
2403.0,,017606,华泰柏瑞轮动精选混合A,0.06167447735571674,ret_12m,main,40.6,full,1.0,2026-09-23
2404.0,,000928,国联国企改革混合A,0.061608229261326475,ret_12m,main,141.2,full,1.0,2026-09-23
2405.0,,009043,九泰久信量化股票,0.06155952386297514,ret_12m,main,76.1,full,1.0,2026-09-23
2406.0,,014148,景顺长城安鼎一年持有期混合A,0.06134067061173187,ret_12m,main,57.7,full,1.0,2026-09-23
2407.0,,163823,中银稳健策略混合,0.0612343168364482,ret_12m,main,168.1,full,1.0,2026-09-23
2408.0,,002021,华夏回报二号混合,0.06118061979980838,ret_12m,main,241.3,full,1.0,2026-09-23
2409.0,,004975,交银恒益灵活配置混合A,0.06117196672328573,ret_12m,main,108.3,full,1.0,2026-09-23
2410.0,,002388,天弘裕利灵活配置混合A,0.0610875582662298,ret_12m,main,127.8,full,1.0,2026-09-23
2411.0,,001571,嘉合磐石A,0.061084699763997774,ret_12m,main,134.7,full,1.0,2026-09-23
2412.0,,017835,信澳匠心回报混合A,0.06107885766439547,ret_12m,main,36.0,full,1.0,2026-09-23
2413.0,,009550,汇添富开放视野中国优势六个月持有股票A,0.061040979788669736,ret_12m,main,74.1,full,1.0,2026-09-23
2414.0,,162202,宏利周期混合,0.06103942853457012,ret_12m,main,281.0,full,1.0,2026-09-23
2415.0,,016444,中泰研究精选6个月持有股票A,0.06091066722857863,ret_12m,main,46.4,full,1.0,2026-09-23
2416.0,,000214,广发成长优选混合,0.06087815098489768,ret_12m,main,153.4,full,1.0,2026-09-23
2417.0,,004517,南方安康混合A,0.06079186672674375,ret_12m,main,111.3,full,1.0,2026-09-23
2418.0,,005293,诺德新旺,0.060737721561759495,ret_12m,main,103.5,full,1.0,2026-09-23
2419.0,,012025,兴业聚兴混合A,0.06049851261722328,ret_12m,main,59.8,full,1.0,2026-09-23
2420.0,,001441,易方达瑞信混合I,0.0604941135197099,ret_12m,main,103.8,full,1.0,2026-09-23
2421.0,,004405,国寿安保稳寿混合A,0.060302828613634896,ret_12m,main,109.7,full,1.0,2026-09-23
2422.0,,003594,长盛盛崇灵活配置混合A,0.060292473564813376,ret_12m,main,118.4,full,1.0,2026-09-23
2423.0,,018455,建信开元耀享9个月持有期混合发起A,0.06012664546033486,ret_12m,main,37.5,full,1.0,2026-09-23
2424.0,,000965,汇丰晋信新动力混合A,0.06010989090087793,ret_12m,main,139.4,full,1.0,2026-09-23
2425.0,,001443,易方达瑞选灵活配置混合I,0.06001643225527009,ret_12m,main,129.7,full,1.0,2026-09-23
2426.0,,013958,华商鑫选回报一年持有混合A,0.05999359626013412,ret_12m,main,51.8,full,1.0,2026-09-23
2427.0,,009817,红塔红土稳健精选混合A,0.059960197130512816,ret_12m,main,71.2,full,1.0,2026-09-23
2428.0,,013517,易方达悦浦一年持有混合A,0.05970702039326414,ret_12m,main,59.1,full,1.0,2026-09-23
2429.0,,002358,国投瑞银瑞祥A,0.05965878673704328,ret_12m,main,126.7,full,1.0,2026-09-23
2430.0,,011033,南方宝恒混合A,0.05961064720755416,ret_12m,main,63.5,full,1.0,2026-09-23
2431.0,,016902,鑫元欣悦混合A,0.05946476125304567,ret_12m,main,44.4,full,1.0,2026-09-23
2432.0,,001850,国泰安益灵活配置混合A,0.05944524428020981,ret_12m,main,117.0,full,1.0,2026-09-23
2433.0,,002159,东吴国企改革主题灵活配置混合A,0.059426480251716596,ret_12m,main,128.8,full,1.0,2026-09-23
2434.0,,022488,浦银红利量化混合A,0.05928695873046341,ret_12m,main,21.8,short,1.0,2026-09-23
2435.0,,004153,中信保诚新悦混合A,0.059283311937006866,ret_12m,main,116.8,full,1.0,2026-09-23
2436.0,,009395,鑫元安鑫回报混合A,0.059269160322953596,ret_12m,main,71.8,full,1.0,2026-09-23
2437.0,,001342,易方达新享混合A,0.05917649759832844,ret_12m,main,135.9,full,1.0,2026-09-23
2438.0,,011849,西部利得量化价值一年持有期混合,0.05896359736771384,ret_12m,main,48.6,full,1.0,2026-09-23
2439.0,,017813,兴合安迎混合A,0.05895641170458754,ret_12m,main,39.8,full,1.0,2026-09-23
2440.0,,018405,朱雀产业精选混合A,0.05882531128194435,ret_12m,main,38.9,full,1.0,2026-09-23
2441.0,,011938,博时新能源汽车主题混合A,0.058728940447645206,ret_12m,main,63.7,full,1.0,2026-09-23
2442.0,,019787,上银丰瑞一年持有期混合发起式A,0.05843215280754088,ret_12m,main,33.1,short,1.0,2026-09-23
2443.0,,501063,汇添富悦享两年持有混合,0.05840385251413749,ret_12m,main,91.7,full,1.0,2026-09-23
2444.0,,008664,嘉实鑫和一年持有期混合A,0.05838545410383489,ret_12m,main,81.0,full,1.0,2026-09-23
2445.0,,021049,易方达高股息量化选股股票发起式A,0.05829842569493948,ret_12m,main,16.6,short,1.0,2026-09-23
2446.0,,000672,工银绝对收益混合发起B,0.05828048425183341,ret_12m,main,146.9,full,1.0,2026-09-23
2447.0,,004225,国寿安保稳诚混合A,0.0582682086438322,ret_12m,main,116.1,full,1.0,2026-09-23
2448.0,,015217,鹏扬成长领航混合A,0.05823090866861058,ret_12m,main,47.1,full,1.0,2026-09-23
2449.0,,011027,国寿安保稳弘混合A,0.05812277592289772,ret_12m,main,66.2,full,1.0,2026-09-23
2450.0,,004836,国联鑫价值混合A,0.05806240986071565,ret_12m,main,102.5,full,1.0,2026-09-23
2451.0,,004154,中信保诚新悦混合B,0.05798749281203963,ret_12m,main,116.8,full,1.0,2026-09-23
2452.0,,024661,国联鑫价值混合B,0.057956833136491914,ret_12m,main,15.1,short,1.0,2026-09-23
2453.0,,010894,鹏华汇智优选混合A,0.05794455001253351,ret_12m,main,68.5,full,1.0,2026-09-23
2454.0,,003161,南方安泰混合A,0.05784896813484153,ret_12m,main,120.0,full,1.0,2026-09-23
2455.0,,002561,东吴安鑫量化混合A,0.05779343671250747,ret_12m,main,123.7,full,1.0,2026-09-23
2456.0,,006013,易方达鑫转招利混合A,0.05777547736322597,ret_12m,main,91.8,full,1.0,2026-09-23
2457.0,,010942,招商瑞乐6个月持有期混合A,0.05776753242339261,ret_12m,main,62.4,full,1.0,2026-09-23
2458.0,,021515,汇添富红利智选混合发起式A,0.05766978717380167,ret_12m,main,23.9,short,1.0,2026-09-23
2459.0,,001806,易方达瑞智灵活配置混合I,0.057658870823179775,ret_12m,main,111.1,full,1.0,2026-09-23
2460.0,,022211,人保红利智享混合A,0.057569503170836756,ret_12m,main,21.7,short,1.0,2026-09-23
2461.0,,501017,国泰融丰外延增长混合(LOF)A,0.057533411677966884,ret_12m,main,123.9,full,1.0,2026-09-23
2462.0,,000597,中海积极收益混合,0.05750993365717294,ret_12m,main,147.9,full,1.0,2026-09-23
2463.0,,002833,华夏新锦绣混合A,0.05742857641635912,ret_12m,main,121.0,full,1.0,2026-09-23
2464.0,,161611,融通内需驱动混合A,0.05736682404820992,ret_12m,main,209.1,full,1.0,2026-09-23
2465.0,,021046,平安港股通红利精选混合发起式A,0.057296304166722045,ret_12m,main,29.9,short,1.0,2026-09-23
2466.0,,000110,金鹰元安混合A,0.0572195224895129,ret_12m,main,160.1,full,1.0,2026-09-23
2467.0,,002543,长城久益混合A,0.05712715387778999,ret_12m,main,124.8,full,1.0,2026-09-23
2468.0,,017073,嘉实清洁能源股票发起式A,0.057110651520553946,ret_12m,main,46.0,full,1.0,2026-09-23
2469.0,,011930,华夏时代前沿一年持有混合A,0.05699393311028378,ret_12m,main,61.0,full,1.0,2026-09-23
2470.0,,018434,嘉实均衡配置混合,0.0569823468818238,ret_12m,main,36.1,full,1.0,2026-09-23
2471.0,,001222,鹏华外延成长混合,0.05697543613030076,ret_12m,main,136.2,full,1.0,2026-09-23
2472.0,,166009,中欧新动力混合(LOF)A,0.05678242871431283,ret_12m,main,187.4,full,1.0,2026-09-23
2473.0,,000747,广发逆向策略混合A,0.05668899849709419,ret_12m,main,144.6,full,1.0,2026-09-23
2474.0,,006449,浙商汇金量化精选混合A,0.056642423465776526,ret_12m,main,90.0,full,1.0,2026-09-23
2475.0,,003717,中银量化精选混合A,0.05663568342025638,ret_12m,main,117.3,full,1.0,2026-09-23
2476.0,,008209,南方宝泰一年混合A,0.056561107334119454,ret_12m,main,80.9,full,1.0,2026-09-23
2477.0,,010541,国寿安保稳和6个月持有期混合A,0.05652211137450114,ret_12m,main,69.9,full,1.0,2026-09-23
2478.0,,450004,国富深化价值混合A,0.056521020291691704,ret_12m,main,218.7,full,1.0,2026-09-23
2479.0,,161727,招商增荣混合(LOF),0.05646158252625466,ret_12m,main,123.7,full,1.0,2026-09-23
2480.0,,008488,华商恒益稳健混合,0.056435233579526844,ret_12m,main,79.1,full,1.0,2026-09-23
2481.0,,519127,浦银盛世A,0.05614025260579858,ret_12m,main,146.9,full,1.0,2026-09-23
2482.0,,009618,交银启汇混合A,0.05608796688250117,ret_12m,main,74.5,full,1.0,2026-09-23
2483.0,,001907,国投瑞银境煊灵活配置混合A,0.05607326664213086,ret_12m,main,130.9,full,1.0,2026-09-23
2484.0,,003516,国泰融安多策略灵活配置混合A,0.05602704220307064,ret_12m,main,110.7,full,1.0,2026-09-23
2485.0,,003805,华安新恒利混合A,0.05598328198301017,ret_12m,main,117.5,full,1.0,2026-09-23
2486.0,,014210,国投瑞银竞争优势混合A,0.05595896147282353,ret_12m,main,56.1,full,1.0,2026-09-23
2487.0,,002006,工银新得益混合,0.055860783976833694,ret_12m,main,118.0,full,1.0,2026-09-23
2488.0,,001327,鹏华弘华混合A,0.055772512105675576,ret_12m,main,136.0,full,1.0,2026-09-23
2489.0,,001547,兴业聚惠混合A,0.055717533017820564,ret_12m,main,134.5,full,1.0,2026-09-23
2490.0,,019130,天弘多元锐选一年持有混合A,0.055715906158968265,ret_12m,main,35.9,short,1.0,2026-09-23
2491.0,,002851,南方品质优选灵活配置混合A,0.055354166505471314,ret_12m,main,121.7,full,1.0,2026-09-23
2492.0,,001596,中信保诚新泽混合A,0.05527136453647974,ret_12m,main,110.9,full,1.0,2026-09-23
2493.0,,009689,易方达瑞锦混合A,0.05520913712952491,ret_12m,main,74.5,full,1.0,2026-09-23
2494.0,,163110,申万菱信量化小盘股票(LOF)A,0.05517025881428461,ret_12m,main,183.3,full,1.0,2026-09-23
2495.0,,005939,工银新能源汽车混合A,0.05512623175568754,ret_12m,main,94.3,full,1.0,2026-09-23
2496.0,,420001,天弘精选混合A,0.05511092252001637,ret_12m,main,251.5,full,1.0,2026-09-23
2497.0,,210006,金鹰元禧混合A,0.05505408416339641,ret_12m,main,184.2,full,1.0,2026-09-23
2498.0,,210010,金鹰灵活配置混合A,0.055031839374120706,ret_12m,main,165.8,full,1.0,2026-09-23
2499.0,,070003,嘉实稳健混合,0.05500938055967075,ret_12m,main,278.5,full,1.0,2026-09-23
2500.0,,012487,博时恒玺一年持有期混合A,0.054932832277236665,ret_12m,main,62.6,full,1.0,2026-09-23
2501.0,,005399,长信量化价值驱动混合A,0.054906648733246355,ret_12m,main,97.5,full,1.0,2026-09-23
2502.0,,519156,新华行业灵活配置混合A,0.054795612388494064,ret_12m,main,159.6,full,1.0,2026-09-23
2503.0,,008420,广发招泰A,0.054728011693559564,ret_12m,main,78.6,full,1.0,2026-09-23
2504.0,,018139,中金先进制造混合A,0.05467645440719093,ret_12m,main,35.4,short,1.0,2026-09-23
2505.0,,013225,景顺长城安景一年持有期混合A,0.05467278712643009,ret_12m,main,56.5,full,1.0,2026-09-23
2506.0,,001688,嘉实新起点混合A,0.054638608521803134,ret_12m,main,129.9,full,1.0,2026-09-23
2507.0,,020901,招商成长量化选股股票A,0.05454805285620701,ret_12m,main,27.8,short,1.0,2026-09-23
2508.0,,002177,中信保诚新泽混合B,0.054514999786852814,ret_12m,main,110.9,full,1.0,2026-09-23
2509.0,,021795,广发稳信六个月持有期混合A,0.05448913539317535,ret_12m,main,22.6,short,1.0,2026-09-23
2510.0,,002001,华夏回报混合A,0.05444605087074739,ret_12m,main,276.6,full,1.0,2026-09-23
2511.0,,012998,招商稳旺混合A,0.054298385432442364,ret_12m,main,54.3,full,1.0,2026-09-23
2512.0,,009887,广发稳健优选六个月持有期混合A,0.05429270440799194,ret_12m,main,73.6,full,1.0,2026-09-23
2513.0,,012594,招商瑞享1年持有期混合A,0.054265679899015984,ret_12m,main,55.9,full,1.0,2026-09-23
2514.0,,011834,大成投资严选六月持有混合A,0.0542241720801393,ret_12m,main,62.3,full,1.0,2026-09-23
2515.0,,012435,万家招瑞回报一年持有混合A,0.054220376489379385,ret_12m,main,61.2,full,1.0,2026-09-23
2516.0,,519198,万家颐和灵活配置混合A,0.05411384975504219,ret_12m,main,123.0,full,1.0,2026-09-23
2517.0,,018754,兴业均衡优选混合A,0.054111853785199004,ret_12m,main,37.2,full,1.0,2026-09-23
2518.0,,010624,富国稳健增长混合A,0.05409314981790225,ret_12m,main,64.9,full,1.0,2026-09-23
2519.0,,001136,易方达裕如灵活配置混合A,0.05407762284970241,ret_12m,main,138.0,full,1.0,2026-09-23
2520.0,,002514,招商丰益混合A,0.05381050412116939,ret_12m,main,121.0,full,1.0,2026-09-23
2521.0,,002455,民生加银鑫喜混合A,0.05368647740247523,ret_12m,main,117.5,full,1.0,2026-09-23
2522.0,,160624,鹏华消费领先混合,0.053355417300434915,ret_12m,main,151.9,full,1.0,2026-09-23
2523.0,,009907,湘财长泽灵活配置混合A,0.05319746668115122,ret_12m,main,73.3,full,1.0,2026-09-23
2524.0,,010539,浙商智多金稳健一年持有期A,0.05317747215195934,ret_12m,main,63.0,full,1.0,2026-09-23
2525.0,,001156,申万菱信新能源汽车主题灵活配置混合A,0.05299494002174687,ret_12m,main,136.6,full,1.0,2026-09-23
2526.0,,011934,中航量化阿尔法六个月持有A,0.05296762011698175,ret_12m,main,60.9,full,1.0,2026-09-23
2527.0,,004693,前海联合泳隽混合A,0.05294479061058177,ret_12m,main,103.8,full,1.0,2026-09-23
2528.0,,167702,德邦量化优选股票(LOF)A,0.05287681427617397,ret_12m,main,114.0,full,1.0,2026-09-23
2529.0,,021814,华泰柏瑞红利量化选股混合A,0.05284653214342194,ret_12m,main,19.9,short,1.0,2026-09-23
2530.0,,004720,华夏睿磐泰茂混合A,0.05284028779358341,ret_12m,main,105.6,full,1.0,2026-09-23
2531.0,,010923,永赢鑫欣混合A,0.05272743197022245,ret_12m,main,68.3,full,1.0,2026-09-23
2532.0,,021491,中航远见领航混合发起A,0.052519899718173946,ret_12m,main,24.8,short,1.0,2026-09-23
2533.0,,011601,前海开源公共卫生股票A,0.05241388449675144,ret_12m,main,66.0,full,1.0,2026-09-23
2534.0,,009776,中欧阿尔法混合A,0.052383704998899105,ret_12m,main,73.1,full,1.0,2026-09-23
2535.0,,003154,华宝新活力混合C,0.052330794766116684,ret_12m,main,120.5,full,1.0,2026-09-23
2536.0,,519736,交银新成长混合,0.05229498456316839,ret_12m,main,148.5,full,1.0,2026-09-23
2537.0,,005357,富国国企改革灵活配置混合,0.052274531002916236,ret_12m,main,103.7,full,1.0,2026-09-23
2538.0,,001528,诺安先进制造股票A,0.05205344073749929,ret_12m,main,133.1,full,1.0,2026-09-23
2539.0,,015657,富荣研究优选混合A,0.05199014387245082,ret_12m,main,36.1,full,1.0,2026-09-23
2540.0,,009086,鹏华价值共赢两年持有期混合,0.051866641142195524,ret_12m,main,76.8,full,1.0,2026-09-23
2541.0,,010839,易方达瑞安灵活配置混合A,0.05181287046352612,ret_12m,main,68.5,full,1.0,2026-09-23
2542.0,,017142,华宝远见回报混合A,0.05176126624245447,ret_12m,main,42.6,full,1.0,2026-09-23
2543.0,,006608,泓德研究优选混合,0.051560619355277115,ret_12m,main,87.9,full,1.0,2026-09-23
2544.0,,015769,天弘低碳经济混合A,0.0513232582873675,ret_12m,main,50.9,full,1.0,2026-09-23
2545.0,,450003,国富潜力组合混合A,0.05124396736531289,ret_12m,main,234.1,full,1.0,2026-09-23
2546.0,,023244,东海启元添益6个月持有混合发起式A,0.051171046494201455,ret_12m,main,19.3,short,1.0,2026-09-23
2547.0,,019712,博时稳合一年持有期混合A,0.05115421991010738,ret_12m,main,29.2,short,1.0,2026-09-23
2548.0,,001543,宝盈新锐混合A,0.051084609742971354,ret_12m,main,130.6,full,1.0,2026-09-23
2549.0,,005949,鑫元行业轮动混合A,0.05107571987658521,ret_12m,main,99.8,full,1.0,2026-09-23
2550.0,,121001,国投瑞银融华债券,0.05107132788134816,ret_12m,main,281.3,full,1.0,2026-09-23
2551.0,,290006,泰信蓝筹精选混合,0.051058642323935644,ret_12m,main,209.1,full,1.0,2026-09-23
2552.0,,002408,中信建投医改混合A,0.05103332717505715,ret_12m,main,125.6,full,1.0,2026-09-23
2553.0,,001231,银华泰利灵活配置混合A,0.05096828637761219,ret_12m,main,137.0,full,1.0,2026-09-23
2554.0,,004845,南华瑞盈混合发起A,0.050916781689284374,ret_12m,main,109.2,full,1.0,2026-09-23
2555.0,,006752,天弘港股通精选A,0.050770703857135446,ret_12m,main,88.8,full,1.0,2026-09-23
2556.0,,001189,广发聚宝混合A,0.05056085109371744,ret_12m,main,137.5,full,1.0,2026-09-23
2557.0,,007968,华泰柏瑞研究精选A,0.05043043070362052,ret_12m,main,82.1,full,1.0,2026-09-23
2558.0,,001300,大成睿景灵活配置混合A,0.050368634839856874,ret_12m,main,136.0,full,1.0,2026-09-23
2559.0,,021181,中欧价值精选混合A,0.050363199850232965,ret_12m,main,28.1,short,1.0,2026-09-23
2560.0,,001285,易方达新鑫混合I,0.05031218085134803,ret_12m,main,136.3,full,1.0,2026-09-23
2561.0,,022748,平安港股通红利优选混合A,0.05023416503180278,ret_12m,main,20.9,short,1.0,2026-09-23
2562.0,,012214,民生加银核心资产股票A,0.050140405811305966,ret_12m,main,58.6,full,1.0,2026-09-23
2563.0,,008895,申万菱信量化对冲策略灵活配置混合发起式A,0.05010492218422735,ret_12m,main,78.0,full,1.0,2026-09-23
2564.0,,002049,融通新机遇灵活配置混合,0.05003952632528952,ret_12m,main,130.2,full,1.0,2026-09-23
2565.0,,730001,方正富邦创新动力混合A,0.0500361173287216,ret_12m,main,176.9,full,1.0,2026-09-23
2566.0,,008979,万家民丰回报一年持有混合,0.04995692356780124,ret_12m,main,78.6,full,1.0,2026-09-23
2567.0,,015729,朱雀碳中和三年持有混合发起,0.0498498216607115,ret_12m,main,48.5,full,1.0,2026-09-23
2568.0,,011231,光大锦弘混合A,0.04977015301344756,ret_12m,main,66.5,full,1.0,2026-09-23
2569.0,,010659,民生加银质量领先混合A,0.04975240557865246,ret_12m,main,69.2,full,1.0,2026-09-23
2570.0,,005120,摩根量化多因子混合,0.049721858341715164,ret_12m,main,104.1,full,1.0,2026-09-23
2571.0,,006250,摩根动力精选混合A,0.04955035066256941,ret_12m,main,91.8,full,1.0,2026-09-23
2572.0,,001067,鹏华弘盛混合A,0.049541221603136565,ret_12m,main,138.9,full,1.0,2026-09-23
2573.0,,001835,易方达瑞祥混合A,0.049271977295363145,ret_12m,main,104.1,full,1.0,2026-09-23
2574.0,,009515,中欧真益稳健一年混合A,0.04895128565676954,ret_12m,main,75.6,full,1.0,2026-09-23
2575.0,,010188,中欧添益一年混合A,0.04894665090262684,ret_12m,main,71.0,full,1.0,2026-09-23
2576.0,,010797,长城优选回报六个月持有混合A,0.04880702656376967,ret_12m,main,68.1,full,1.0,2026-09-23
2577.0,,011530,泓德优质治理灵活配置混合,0.04864400473516395,ret_12m,main,66.0,full,1.0,2026-09-23
2578.0,,012277,国泰佳益混合A,0.04862346606592327,ret_12m,main,63.0,full,1.0,2026-09-23
2579.0,,070010,嘉实主题混合,0.04854282519284325,ret_12m,main,242.1,full,1.0,2026-09-23
2580.0,,018708,交银悦信精选混合A,0.04843381378166889,ret_12m,main,36.6,full,1.0,2026-09-23
2581.0,,009249,易方达磐泰一年持有期混合A,0.04829393239911561,ret_12m,main,73.3,full,1.0,2026-09-23
2582.0,,360006,光大新增长混合A,0.0482409958820873,ret_12m,main,240.3,full,1.0,2026-09-23
2583.0,,017564,华安产业优选混合A,0.0481945251748821,ret_12m,main,39.4,full,1.0,2026-09-23
2584.0,,024917,华夏红利价值混合D,0.04810337199903114,ret_12m,main,13.3,short,1.0,2026-09-23
2585.0,,009766,安信平稳双利3个月持有混合A,0.048047237029915424,ret_12m,main,72.6,full,1.0,2026-09-23
2586.0,,015564,大成弘远回报一年持有混合A,0.04794854602383558,ret_12m,main,47.9,full,1.0,2026-09-23
2587.0,,004128,前海联合泳隆混合A,0.047922445026159055,ret_12m,main,108.8,full,1.0,2026-09-23
2588.0,,015519,安信远见稳进一年持有混合A,0.047848793118427935,ret_12m,main,26.2,short,1.0,2026-09-23
2589.0,,660003,农银平衡双利混合,0.04782440160519297,ret_12m,main,209.5,full,1.0,2026-09-23
2590.0,,020358,东方红慧鑫甄选6个月持有混合A,0.04780237785531938,ret_12m,main,28.8,short,1.0,2026-09-23
2591.0,,008499,鹏扬景科混合A,0.047676180992230144,ret_12m,main,77.4,full,1.0,2026-09-23
2592.0,,501028,财通多策略福瑞混合发起式(LOF)A,0.0476389993578612,ret_12m,main,118.0,full,1.0,2026-09-23
2593.0,,000063,长盛电子信息主题混合A,0.04756199606137623,ret_12m,main,160.5,full,1.0,2026-09-23
2594.0,,519702,交银趋势混合A,0.04749253233817763,ret_12m,main,189.0,full,1.0,2026-09-23
2595.0,,011769,富国精诚回报12个月持有期混合A,0.04743874766175171,ret_12m,main,64.8,full,1.0,2026-09-23
2596.0,,006557,海富通研究精选混合A,0.04731448125347293,ret_12m,main,91.8,full,1.0,2026-09-23
2597.0,,019498,兴全创新优势混合A,0.04727905963660661,ret_12m,main,29.9,short,1.0,2026-09-23
2598.0,,010657,海富通欣睿混合A,0.047147981316264076,ret_12m,main,67.4,full,1.0,2026-09-23
2599.0,,002955,融通新趋势灵活配置混合,0.04711638870781032,ret_12m,main,121.2,full,1.0,2026-09-23
2600.0,,161616,融通医疗保健行业混合A/B,0.0470124165822261,ret_12m,main,169.9,full,1.0,2026-09-23
2601.0,,003187,嘉实安益混合C,0.04699567595934906,ret_12m,main,120.9,full,1.0,2026-09-23
2602.0,,011534,万家民瑞祥明6个月持有混合A,0.04693605932949696,ret_12m,main,64.9,full,1.0,2026-09-23
2603.0,,024676,万家多元价值混合发起式A,0.046903142496959704,ret_12m,main,14.4,short,1.0,2026-09-23
2604.0,,014767,景顺长城华城稳健6个月持有期混合A,0.04690260393845058,ret_12m,main,55.9,full,1.0,2026-09-23
2605.0,,377020,摩根内需动力混合A,0.04676134994477055,ret_12m,main,233.4,full,1.0,2026-09-23
2606.0,,012297,东兴宸瑞量化混合A,0.04672170649844576,ret_12m,main,62.8,full,1.0,2026-09-23
2607.0,,000367,国泰安康定期支付混合A,0.04666015746272412,ret_12m,main,148.8,full,1.0,2026-09-23
2608.0,,009448,泰康申润一年持有期混合A,0.04659179877498665,ret_12m,main,74.8,full,1.0,2026-09-23
2609.0,,501001,财通多策略精选混合(LOF),0.04656789616353629,ret_12m,main,134.8,full,1.0,2026-09-23
2610.0,,002602,易方达丰惠混合,0.04628212630109241,ret_12m,main,114.0,full,1.0,2026-09-23
2611.0,,010350,景顺长城品质长青混合A,0.046270976169281,ret_12m,main,67.4,full,1.0,2026-09-23
2612.0,,011781,泓德慧享混合A,0.04625149168613807,ret_12m,main,60.6,full,1.0,2026-09-23
2613.0,,016570,嘉实价值丰润混合A,0.046247138308942004,ret_12m,main,47.9,full,1.0,2026-09-23
2614.0,,000030,长城核心优选混合A,0.04616258188368061,ret_12m,main,161.2,full,1.0,2026-09-23
2615.0,,008809,安信民稳增长混合A,0.04614738950090436,ret_12m,main,80.3,full,1.0,2026-09-23
2616.0,,000336,农银研究精选混合,0.046121305929251344,ret_12m,main,154.6,full,1.0,2026-09-23
2617.0,,014151,国富鑫享价值混合A,0.04610499398783907,ret_12m,main,51.8,full,1.0,2026-09-23
2618.0,,002116,广发安享混合A,0.04602653053897754,ret_12m,main,127.0,full,1.0,2026-09-23
2619.0,,003697,华夏睿磐泰盛混合A,0.0459536617032783,ret_12m,main,114.3,full,1.0,2026-09-23
2620.0,,240010,华宝行业精选混合,0.04594751240871542,ret_12m,main,231.3,full,1.0,2026-09-23
2621.0,,012975,西部利得碳中和混合发起A,0.04587262203181086,ret_12m,main,61.5,full,1.0,2026-09-23
2622.0,,010870,汇添富稳健鑫添益六个月持有混合A,0.045811244229501114,ret_12m,main,66.0,full,1.0,2026-09-23
2623.0,,340001,兴全可转债混合,0.04580388954661707,ret_12m,main,268.4,full,1.0,2026-09-23
2624.0,,022224,泓德智选领航混合A,0.04571527730257441,ret_12m,main,23.0,short,1.0,2026-09-23
2625.0,,004008,国联鑫思路混合A,0.04568702231624866,ret_12m,main,116.2,full,1.0,2026-09-23
2626.0,,011128,华安精致生活混合A,0.045657246200288215,ret_12m,main,66.5,full,1.0,2026-09-23
2627.0,,000804,中信建投稳利混合A,0.04564270938326698,ret_12m,main,143.9,full,1.0,2026-09-23
2628.0,,014754,华安景气优选混合A,0.04561048902289566,ret_12m,main,51.7,full,1.0,2026-09-23
2629.0,,009900,易方达磐固六个月持有期混合A,0.04555894781823877,ret_12m,main,72.6,full,1.0,2026-09-23
2630.0,,005412,金信民长混合A,0.045510456684066725,ret_12m,main,76.1,full,1.0,2026-09-23
2631.0,,023158,上银先进制造混合发起式A,0.04550219887200857,ret_12m,main,20.0,short,1.0,2026-09-23
2632.0,,660004,农银策略价值混合,0.04535928331843464,ret_12m,main,203.8,full,1.0,2026-09-23
2633.0,,002708,大摩健康产业混合A,0.045329607706648956,ret_12m,main,122.8,full,1.0,2026-09-23
2634.0,,013569,天弘永利优佳混合A,0.04522021862460024,ret_12m,main,59.8,full,1.0,2026-09-23
2635.0,,009381,汇安核心资产混合A,0.04516306802457826,ret_12m,main,75.2,full,1.0,2026-09-23
2636.0,,011271,汇添富价值成长均衡投资混合A,0.04505453218084243,ret_12m,main,67.5,full,1.0,2026-09-23
2637.0,,166023,中欧瑞丰灵活配置混合(LOF)A,0.04497956080877419,ret_12m,main,109.8,full,1.0,2026-09-23
2638.0,,001745,易方达瑞富灵活配置混合I,0.04492054193290218,ret_12m,main,112.4,full,1.0,2026-09-23
2639.0,,008860,民生加银龙头优选股票A,0.044900905954022186,ret_12m,main,78.5,full,1.0,2026-09-23
2640.0,,012107,泓德瑞嘉三年持有期混合A,0.04483602501706496,ret_12m,main,64.0,full,1.0,2026-09-23
2641.0,,009210,中欧嘉和三年混合A,0.044723098043333076,ret_12m,main,75.9,full,1.0,2026-09-23
2642.0,,002000,工银新生利混合,0.04467437353724435,ret_12m,main,116.8,full,1.0,2026-09-23
2643.0,,519050,海富通安颐收益混合A,0.04465974186250454,ret_12m,main,159.8,full,1.0,2026-09-23
2644.0,,001852,融通中国风1号灵活配置混合A/B,0.04459957374747958,ret_12m,main,127.6,full,1.0,2026-09-23
2645.0,,009653,大成丰享回报混合A,0.044528499787292786,ret_12m,main,70.1,full,1.0,2026-09-23
2646.0,,002714,鹏华金城混合D,0.044410844019882045,ret_12m,main,123.7,full,1.0,2026-09-23
2647.0,,000955,南方产业活力,0.04433375183061816,ret_12m,main,139.9,full,1.0,2026-09-23
2648.0,,001254,宏利新起点混合A,0.044240699194725064,ret_12m,main,136.3,full,1.0,2026-09-23
2649.0,,020236,路博迈中国动力股票A,0.044235311069466654,ret_12m,main,28.9,short,1.0,2026-09-23
2650.0,,011746,南方誉浦一年持有混合A,0.04415893266389381,ret_12m,main,64.8,full,1.0,2026-09-23
2651.0,,009244,国寿安保稳丰6个月持有混合A,0.04410838118963967,ret_12m,main,73.6,full,1.0,2026-09-23
2652.0,,024087,百嘉科技创新混合A,0.04405044634941513,ret_12m,main,13.1,short,0.9723,2026-09-23
2653.0,,021570,华夏红利量化选股股票A,0.04387091827766665,ret_12m,main,26.7,short,1.0,2026-09-23
2654.0,,023232,国泰合利6个月持有混合A,0.043791583889478236,ret_12m,main,18.3,short,1.0,2026-09-23
2655.0,,240004,华宝动力组合混合A,0.04373099310892736,ret_12m,main,250.2,full,1.0,2026-09-23
2656.0,,393001,中海优势精选灵活配置混合,0.043487259436568504,ret_12m,main,171.1,full,1.0,2026-09-23
2657.0,,006136,广发估值优势混合A,0.04346724679764735,ret_12m,main,96.1,full,1.0,2026-09-23
2658.0,,022237,融通央企精选混合A,0.043302300660883475,ret_12m,main,18.0,short,1.0,2026-09-23
2659.0,,002011,华夏红利混合,0.04314300070841304,ret_12m,main,254.8,full,1.0,2026-09-23
2660.0,,023834,广发资源智选股票发起式A,0.043142123519401165,ret_12m,main,13.0,short,0.9526,2026-09-23
2661.0,,021973,天弘优势企业混合发起A,0.043054588075919664,ret_12m,main,25.2,short,1.0,2026-09-23
2662.0,,015125,易方达悦鑫一年持有混合A,0.0429777675235965,ret_12m,main,52.6,full,1.0,2026-09-23
2663.0,,320018,诺安新动力灵活配置混合A,0.04291001228121738,ret_12m,main,174.6,full,1.0,2026-09-23
2664.0,,012292,泰康鼎泰一年持有期混合A,0.04288179595664032,ret_12m,main,57.3,full,1.0,2026-09-23
2665.0,,009029,工银高质量成长混合A,0.04287851500629447,ret_12m,main,75.2,full,1.0,2026-09-23
2666.0,,008997,同泰竞争优势混合A,0.04285265582330955,ret_12m,main,76.9,full,1.0,2026-09-23
2667.0,,004750,广发鑫和A,0.042758973025088576,ret_12m,main,104.2,full,1.0,2026-09-23
2668.0,,008513,南方宝丰混合A,0.04274450522386464,ret_12m,main,78.6,full,1.0,2026-09-23
2669.0,,009275,融通医疗保健行业混合C,0.04266221321837582,ret_12m,main,77.3,full,1.0,2026-09-23
2670.0,,006005,诺安鼎利混合A,0.042639869204168956,ret_12m,main,89.9,full,1.0,2026-09-23
2671.0,,002792,景顺长城顺益回报混合A,0.042619887006767776,ret_12m,main,117.5,full,1.0,2026-09-23
2672.0,,011192,广发恒荣三个月持有期混合A,0.04258036746186411,ret_12m,main,61.2,full,1.0,2026-09-23
2673.0,,001247,华泰柏瑞新利混合A,0.04244029321216636,ret_12m,main,136.9,full,1.0,2026-09-23
2674.0,,010215,中欧达益稳健一年混合A,0.04241095240646664,ret_12m,main,70.8,full,1.0,2026-09-23
2675.0,,010242,平安稳健增长混合A,0.04238371020345011,ret_12m,main,68.3,full,1.0,2026-09-23
2676.0,,013890,国泰睿毅三年持有期混合A,0.04228332465965767,ret_12m,main,53.8,full,1.0,2026-09-23
2677.0,,012681,永赢鑫辰混合A,0.04226797097832424,ret_12m,main,60.7,full,1.0,2026-09-23
2678.0,,012001,中泰星宇价值成长混合A,0.04216092300684826,ret_12m,main,63.7,full,1.0,2026-09-23
2679.0,,016781,湘财研究精选一年持有期混合A,0.04213474248144422,ret_12m,main,45.3,full,1.0,2026-09-23
2680.0,,003304,前海开源沪港深核心资源混合A,0.04211851168179459,ret_12m,main,119.2,full,1.0,2026-09-23
2681.0,,014593,西部利得聚优一年持有期混合,0.04201431669085043,ret_12m,main,49.5,full,1.0,2026-09-23
2682.0,,002027,中加心享混合A,0.04186904584223927,ret_12m,main,129.7,full,1.0,2026-09-23
2683.0,,270025,广发行业领先混合A,0.041588195824764584,ret_12m,main,190.0,full,1.0,2026-09-23
2684.0,,014241,农银均衡收益混合,0.04157416824084503,ret_12m,main,55.9,full,1.0,2026-09-23
2685.0,,002593,富国美丽中国混合A,0.0414853675166571,ret_12m,main,124.2,full,1.0,2026-09-23
2686.0,,003379,中信保诚至选混合A,0.04139543532027101,ret_12m,main,118.5,full,1.0,2026-09-23
2687.0,,003692,大成景尚灵活配置混合A,0.04137808381155672,ret_12m,main,118.4,full,1.0,2026-09-23
2688.0,,017507,东兴连众一年持有期混合A,0.04130749597840144,ret_12m,main,38.3,full,1.0,2026-09-23
2689.0,,519170,浦银增长动力混合A,0.04127230860192688,ret_12m,main,138.4,full,1.0,2026-09-23
2690.0,,004716,中信保诚量化阿尔法股票A,0.041249008733381665,ret_12m,main,110.4,full,1.0,2026-09-23
2691.0,,021629,华安红利机遇股票发起式A,0.041240753072133485,ret_12m,main,24.9,short,1.0,2026-09-23
2692.0,,660001,农银行业成长混合,0.04118032056747767,ret_12m,main,217.6,full,1.0,2026-09-23
2693.0,,016682,天弘广盈六个月持有混合A,0.04116574701943354,ret_12m,main,38.8,full,1.0,2026-09-23
2694.0,,009829,长城优选增强六个月持有混合A,0.041011309888061565,ret_12m,main,70.6,full,1.0,2026-09-23
2695.0,,001336,鹏华弘益混合A,0.04099417791453952,ret_12m,main,135.9,full,1.0,2026-09-23
2696.0,,014892,永赢添添欣12个月持有混合A,0.04097763166580992,ret_12m,main,55.2,full,1.0,2026-09-23
2697.0,,011086,易方达瑞康混合A,0.040851656935930736,ret_12m,main,67.6,full,1.0,2026-09-23
2698.0,,014900,兴全兴裕混合A,0.04084192127650721,ret_12m,main,51.3,full,1.0,2026-09-23
2699.0,,014541,华安新能源主题混合A,0.04081084791933853,ret_12m,main,52.4,full,1.0,2026-09-23
2700.0,,000279,华商红利优选混合,0.04076643461488749,ret_12m,main,156.2,full,1.0,2026-09-23
2701.0,,002664,万家瑞和灵活配置混合A,0.04073779123614507,ret_12m,main,124.9,full,1.0,2026-09-23
2702.0,,011142,创金合信新材料新能源股票A,0.040728983775229155,ret_12m,main,68.8,full,1.0,2026-09-23
2703.0,,009691,国泰浩益混合A,0.040721085233828,ret_12m,main,73.4,full,1.0,2026-09-23
2704.0,,004227,泰信鑫利混合A,0.040580035063622066,ret_12m,main,112.0,full,1.0,2026-09-23
2705.0,,015094,华商300智选混合A,0.04056656088424959,ret_12m,main,49.2,full,1.0,2026-09-23
2706.0,,016840,博道惠泰优选混合A,0.04020670523954917,ret_12m,main,44.2,full,1.0,2026-09-23
2707.0,,004740,中欧瑞丰灵活配置混合C,0.04019543044293594,ret_12m,main,109.8,full,1.0,2026-09-23
2708.0,,012459,汇添富稳健睿享一年持有混合A,0.04017818003366935,ret_12m,main,59.4,full,1.0,2026-09-23
2709.0,,020772,中信建投量化选股股票A,0.04017163254808964,ret_12m,main,28.0,short,1.0,2026-09-23
2710.0,,009658,汇丰晋信中小盘低波动策略股票A,0.04012469363844118,ret_12m,main,73.3,full,1.0,2026-09-23
2711.0,,015718,财通资管均衡臻选混合A,0.039899490474480714,ret_12m,main,46.3,full,1.0,2026-09-23
2712.0,,009273,融通中国风1号灵活配置混合C,0.039777823175520366,ret_12m,main,77.3,full,1.0,2026-09-23
2713.0,,161225,国投瑞银瑞盈混合(LOF)A,0.039695750611269176,ret_12m,main,136.2,full,1.0,2026-09-23
2714.0,,009266,鹏扬景合六个月混合A,0.03966516011331511,ret_12m,main,70.6,full,1.0,2026-09-23
2715.0,,008132,鹏华价值驱动混合,0.03950722926350747,ret_12m,main,81.7,full,1.0,2026-09-23
2716.0,,016504,广发核心竞争力混合A,0.039504262745890584,ret_12m,main,40.6,full,1.0,2026-09-23
2717.0,,011347,易方达宁易一年持有混合A,0.039315600238434945,ret_12m,main,65.5,full,1.0,2026-09-23
2718.0,,017220,永赢合嘉一年持有混合A,0.03930799286100761,ret_12m,main,44.8,full,1.0,2026-09-23
2719.0,,008666,国泰鑫利一年持有期混合A,0.03924101683177006,ret_12m,main,80.1,full,1.0,2026-09-23
2720.0,,017464,长江楚财一年持有期混合发起A,0.0392065226247158,ret_12m,main,37.2,full,1.0,2026-09-23
2721.0,,009232,鹏华安惠混合A,0.039187935543933294,ret_12m,main,75.0,full,1.0,2026-09-23
2722.0,,019106,南方智信混合A,0.039183787195741004,ret_12m,main,35.9,short,1.0,2026-09-23
2723.0,,014693,万家兴恒回报一年持有期混合A,0.0390391905730505,ret_12m,main,53.3,full,1.0,2026-09-23
2724.0,,163810,中银价值混合A,0.03883189867668513,ret_12m,main,193.0,full,1.0,2026-09-23
2725.0,,012833,交银鸿信一年持有期混合A,0.03873982524098407,ret_12m,main,61.6,full,1.0,2026-09-23
2726.0,,010379,广发均衡优选混合A,0.03873321817088038,ret_12m,main,68.4,full,1.0,2026-09-23
2727.0,,003900,交银瑞鑫六个月持有期混合A,0.03870353072253652,ret_12m,main,117.3,full,1.0,2026-09-23
2728.0,,017230,宝盈价值成长混合A,0.03859599077842857,ret_12m,main,27.6,short,1.0,2026-09-23
2729.0,,009263,华宝红利精选混合A,0.03855206185494753,ret_12m,main,75.7,full,1.0,2026-09-23
2730.0,,012949,东方红招瑞甄选18个月持有混合A,0.03851304999318139,ret_12m,main,55.5,full,1.0,2026-09-23
2731.0,,011759,平安鑫盛混合发起式A,0.03844701512719517,ret_12m,main,16.4,short,1.0,2026-09-23
2732.0,,004129,国联安鑫汇混合A,0.038395191556103825,ret_12m,main,114.8,full,1.0,2026-09-23
2733.0,,161232,国投瑞银瑞盛混合(LOF)A,0.03831720661317983,ret_12m,main,124.0,full,1.0,2026-09-23
2734.0,,001817,易方达瑞兴灵活配置混合I,0.038281776645962884,ret_12m,main,111.0,full,1.0,2026-09-23
2735.0,,010890,交银鸿福六个月持有混合A,0.03826973114097498,ret_12m,main,65.8,full,1.0,2026-09-23
2736.0,,001569,泰信国策驱动灵活配置混合,0.038145635888872986,ret_12m,main,130.9,full,1.0,2026-09-23
2737.0,,011285,民生价值优选6个月持有股票A,0.038124258657521004,ret_12m,main,63.5,full,1.0,2026-09-23
2738.0,,023806,招商红利量化选股混合A,0.03782618927558845,ret_12m,main,15.9,short,1.0,2026-09-23
2739.0,,012332,上银鑫尚稳健回报6个月持有期混合A,0.03779336306919001,ret_12m,main,62.1,full,1.0,2026-09-23
2740.0,,090020,大成健康产业混合A,0.03776878065597655,ret_12m,main,168.8,full,1.0,2026-09-23
2741.0,,009819,嘉实鑫福一年持有期混合,0.037766949573562414,ret_12m,main,49.0,full,1.0,2026-09-23
2742.0,,160323,华夏磐泰混合(LOF)A,0.03767590184182312,ret_12m,main,116.9,full,1.0,2026-09-23
2743.0,,002197,国泰鑫策略价值灵活配置混合A,0.03748499449072429,ret_12m,main,128.8,full,1.0,2026-09-23
2744.0,,010547,博时恒进持有期混合A,0.037410430249965376,ret_12m,main,69.7,full,1.0,2026-09-23
2745.0,,014160,易方达悦融一年持有混合A,0.03735574380524431,ret_12m,main,57.5,full,1.0,2026-09-23
2746.0,,000945,华夏医疗健康混合A,0.03734847320675572,ret_12m,main,139.7,full,1.0,2026-09-23
2747.0,,519222,海富通欣益混合A,0.03723090160989462,ret_12m,main,120.5,full,1.0,2026-09-23
2748.0,,009264,泓德瑞兴三年持有期混合,0.03719777089223153,ret_12m,main,74.3,full,1.0,2026-09-23
2749.0,,270001,广发聚富混合,0.03702322573058847,ret_12m,main,273.7,full,1.0,2026-09-23
2750.0,,009423,招商瑞信稳健配置混合A,0.03699300443285991,ret_12m,main,75.7,full,1.0,2026-09-23
2751.0,,002574,招商瑞庆混合A,0.0368887103344806,ret_12m,main,121.0,full,1.0,2026-09-23
2752.0,,012093,鹏华创新升级混合A,0.0368597613921513,ret_12m,main,63.2,full,1.0,2026-09-23
2753.0,,000436,易方达裕惠定开混合A,0.036778966288240955,ret_12m,main,153.2,full,1.0,2026-09-23
2754.0,,011050,天弘裕新混合A,0.03664699045242292,ret_12m,main,60.6,full,1.0,2026-09-23
2755.0,,012430,农银瑞康6个月持有混合,0.03654461637649953,ret_12m,main,62.1,full,1.0,2026-09-23
2756.0,,001755,嘉实新思路混合A,0.0365242358731761,ret_12m,main,125.4,full,1.0,2026-09-23
2757.0,,024461,宏利睿智领航混合A,0.036492131514035187,ret_12m,main,15.1,short,0.9763,2026-09-23
2758.0,,013360,华夏磐泰混合C,0.03643567140924908,ret_12m,main,58.6,full,1.0,2026-09-23
2759.0,,001226,中邮稳健添利灵活配置混合,0.0363805517651592,ret_12m,main,136.6,full,1.0,2026-09-23
2760.0,,020830,东兴医药生物量化选股混合A,0.03629419414025992,ret_12m,main,24.6,short,1.0,2026-09-23
2761.0,,010830,国泰通利9个月持有期混合A,0.03627488707903481,ret_12m,main,67.5,full,1.0,2026-09-23
2762.0,,014591,广发瑞誉一年持有期混合A,0.03621835956857988,ret_12m,main,56.1,full,1.0,2026-09-23
2763.0,,008375,中欧启航三年混合A,0.03618231097563118,ret_12m,main,81.0,full,1.0,2026-09-23
2764.0,,001657,长安鑫富领先混合A,0.0361254349645217,ret_12m,main,115.0,full,1.0,2026-09-23
2765.0,,024596,财通成长量化选股混合A,0.0360682494956408,ret_12m,main,13.4,short,0.9763,2026-09-23
2766.0,,024709,中金精选股票A,0.03603684365783266,ret_12m,main,14.8,short,1.0,2026-09-23
2767.0,,010834,国泰同益18个月持有期混合A,0.03602605360996192,ret_12m,main,64.9,full,1.0,2026-09-23
2768.0,,014771,中泰红利优选一年持有混合发起,0.036015012490728804,ret_12m,main,54.0,full,1.0,2026-09-23
2769.0,,002458,国泰民利策略收益混合,0.03595363926584105,ret_12m,main,122.2,full,1.0,2026-09-23
2770.0,,010405,惠升医药健康6个月持有期混合,0.03590890907992339,ret_12m,main,69.0,full,1.0,2026-09-23
2771.0,,014686,招商核心装备混合A,0.0358159327208325,ret_12m,main,49.9,full,1.0,2026-09-23
2772.0,,009536,汇添富稳健增益一年持有混合A,0.035804303413518035,ret_12m,main,76.1,full,1.0,2026-09-23
2773.0,,000573,天弘通利混合A,0.03579202975980422,ret_12m,main,150.3,full,1.0,2026-09-23
2774.0,,000639,宝盈祥瑞混合A,0.03577820613016902,ret_12m,main,148.1,full,1.0,2026-09-23
2775.0,,019352,招商精选企业混合A,0.035712282622601954,ret_12m,main,34.2,short,1.0,2026-09-23
2776.0,,009387,嘉实稳福混合A,0.03567707261567876,ret_12m,main,76.5,full,1.0,2026-09-23
2777.0,,003839,易方达瑞通灵活配置混合A,0.03566364024921076,ret_12m,main,117.5,full,1.0,2026-09-23
2778.0,,017454,国泰慧益一年持有混合A,0.03553512661837055,ret_12m,main,37.3,full,1.0,2026-09-23
2779.0,,003169,长盛盛辉混合A,0.03552112450848566,ret_12m,main,121.2,full,1.0,2026-09-23
2780.0,,016978,博时均衡优选混合A,0.03550583185378331,ret_12m,main,42.6,full,1.0,2026-09-23
2781.0,,014329,国联优势产业混合A,0.03548979749424852,ret_12m,main,55.9,full,1.0,2026-09-23
2782.0,,217005,招商先锋混合,0.03543524150406174,ret_12m,main,267.7,full,1.0,2026-09-23
2783.0,,161722,招商丰泰混合(LOF),0.03539373248017075,ret_12m,main,137.2,full,1.0,2026-09-23
2784.0,,008537,兴银研究精选股票A,0.03538940450217165,ret_12m,main,73.8,full,1.0,2026-09-23
2785.0,,002025,广发聚盛混合A,0.03538840052286574,ret_12m,main,130.0,full,1.0,2026-09-23
2786.0,,003877,富国久利稳健配置混合A,0.03535087321257957,ret_12m,main,116.9,full,1.0,2026-09-23
2787.0,,008869,大成恒享混合A,0.03531198013325021,ret_12m,main,78.6,full,1.0,2026-09-23
2788.0,,011521,鹏扬景源一年持有混合A,0.03527875383401402,ret_12m,main,66.5,full,1.0,2026-09-23
2789.0,,004361,摩根安通回报混合A,0.035277301136478645,ret_12m,main,112.9,full,1.0,2026-09-23
2790.0,,019349,中信保诚瑞丰6个月混合A,0.035251164592616124,ret_12m,main,33.8,short,1.0,2026-09-23
2791.0,,015258,鹏华稳享一年持有期混合A,0.035247189956469915,ret_12m,main,50.2,full,1.0,2026-09-23
2792.0,,006243,中银双息回报混合A,0.03505234372481891,ret_12m,main,95.9,full,1.0,2026-09-23
2793.0,,001917,招商量化精选股票A,0.035041678903291684,ret_12m,main,126.3,full,1.0,2026-09-23
2794.0,,012965,招商瑞泰1年持有混合A,0.0348947797718393,ret_12m,main,57.5,full,1.0,2026-09-23
2795.0,,011980,国富匠心精选混合A,0.03487579681011632,ret_12m,main,57.8,full,1.0,2026-09-23
2796.0,,011224,九泰盈泰量化股票A,0.03487435816491846,ret_12m,main,61.2,full,1.0,2026-09-23
2797.0,,024431,富国均衡配置混合A,0.034825918806104195,ret_12m,main,15.1,short,0.9763,2026-09-23
2798.0,,011872,中邮悦享6个月持有期混合A,0.03480883063560403,ret_12m,main,60.3,full,1.0,2026-09-23
2799.0,,009716,博时恒盛持有期混合A,0.03477947077306509,ret_12m,main,73.8,full,1.0,2026-09-23
2800.0,,001922,国泰多策略收益灵活配置混合A,0.03468022237078716,ret_12m,main,129.7,full,1.0,2026-09-23
2801.0,,020558,工银健康产业混合A,0.03461163460263861,ret_12m,main,24.5,short,1.0,2026-09-23
2802.0,,001577,嘉实低价策略股票,0.034609401158350206,ret_12m,main,133.9,full,1.0,2026-09-23
2803.0,,009977,银华招利一年持有期混合A,0.034516638078001094,ret_12m,main,69.2,full,1.0,2026-09-23
2804.0,,070019,嘉实价值优势混合A,0.03444205136537515,ret_12m,main,195.5,full,1.0,2026-09-23
2805.0,,014203,鹏扬产业趋势一年持有混合A,0.034322445340515095,ret_12m,main,55.9,full,1.0,2026-09-23
2806.0,,004965,泓德致远混合A,0.034252551683457755,ret_12m,main,108.8,full,1.0,2026-09-23
2807.0,,090019,大成景恒混合A,0.034247041430771175,ret_12m,main,171.3,full,1.0,2026-09-23
2808.0,,014339,长江智能制造混合发起式A,0.03422766153846646,ret_12m,main,56.8,full,1.0,2026-09-23
2809.0,,233006,大摩领先优势混合,0.034209792869901,ret_12m,main,204.0,full,1.0,2026-09-23
2810.0,,202009,南方盛元红利混合,0.03411181448932599,ret_12m,main,222.1,full,1.0,2026-09-23
2811.0,,019698,招商安泽稳利9个月持有期混合A,0.03405156190116987,ret_12m,main,34.3,short,1.0,2026-09-23
2812.0,,009133,汇安嘉利混合A,0.0339834973882005,ret_12m,main,77.1,full,1.0,2026-09-23
2813.0,,004202,华夏泰兴混合A,0.0339583019764349,ret_12m,main,110.3,full,1.0,2026-09-23
2814.0,,001115,广发聚安混合A,0.033854893636203975,ret_12m,main,138.0,full,1.0,2026-09-23
2815.0,,010981,兴全汇虹一年持有混合A,0.03383230521418512,ret_12m,main,66.0,full,1.0,2026-09-23
2816.0,,003189,汇添富保鑫灵活配置混合A,0.03381917299185111,ret_12m,main,119.8,full,1.0,2026-09-23
2817.0,,519752,交银新回报灵活配置混合A,0.03377939205162095,ret_12m,main,136.3,full,1.0,2026-09-23
2818.0,,001054,工银新金融股票A,0.0337723140117705,ret_12m,main,138.2,full,1.0,2026-09-23
2819.0,,003282,中信保诚至裕混合A,0.03375306951692347,ret_12m,main,119.8,full,1.0,2026-09-23
2820.0,,710002,富安达策略精选混合A,0.033734452825469274,ret_12m,main,172.9,full,1.0,2026-09-23
2821.0,,013144,富国安诚回报12个月持有期混合C,0.03361937412207827,ret_12m,main,59.3,full,1.0,2026-09-23
2822.0,,009015,泓德睿享一年持有期混合A,0.033515434454097104,ret_12m,main,75.0,full,1.0,2026-09-23
2823.0,,011376,华宝安享混合A,0.033441836851680895,ret_12m,main,61.4,full,1.0,2026-09-23
2824.0,,010940,大成安享得利六月持有混合A,0.033347015445094996,ret_12m,main,65.1,full,1.0,2026-09-23
2825.0,,001447,天弘惠利混合A,0.03332267126278676,ret_12m,main,135.5,full,1.0,2026-09-23
2826.0,,001202,东方红领先精选混合A,0.03330144777773203,ret_12m,main,137.2,full,1.0,2026-09-23
2827.0,,673030,西部利得多策略优选混合C,0.03325146487711961,ret_12m,main,133.9,full,1.0,2026-09-23
2828.0,,000894,中欧睿达6个月持有混合A,0.033236488065109704,ret_12m,main,141.7,full,1.0,2026-09-23
2829.0,,420005,天弘周期策略混合A,0.03303713631195149,ret_12m,main,201.2,full,1.0,2026-09-23
2830.0,,014657,中欧融享增益一年持有期混合A,0.033031827545853654,ret_12m,main,55.9,full,1.0,2026-09-23
2831.0,,020759,建信红利精选股票发起A,0.03300767123390802,ret_12m,main,26.3,short,1.0,2026-09-23
2832.0,,090007,大成策略回报混合A,0.0329944889626701,ret_12m,main,213.9,full,1.0,2026-09-23
2833.0,,011249,嘉实稳裕混合A,0.03295507016840116,ret_12m,main,60.3,full,1.0,2026-09-23
2834.0,,160613,鹏华盛世创新混合(LOF)A,0.03295247856910444,ret_12m,main,215.4,full,1.0,2026-09-23
2835.0,,160805,长盛同智优势混合(LOF),0.03293389642746103,ret_12m,main,236.0,full,1.0,2026-09-23
2836.0,,012121,华夏永润六个月持有混合A,0.032916837618267136,ret_12m,main,58.8,full,1.0,2026-09-23
2837.0,,001139,华安新动力灵活配置混合A,0.03284704999247423,ret_12m,main,138.0,full,1.0,2026-09-23
2838.0,,008715,景顺长城价值驱动一年持有混合,0.032770466423992284,ret_12m,main,62.2,full,1.0,2026-09-23
2839.0,,014094,南方誉盈一年持有混合A,0.03267666646249556,ret_12m,main,57.7,full,1.0,2026-09-23
2840.0,,011208,泰康招享混合A,0.03262462635428642,ret_12m,main,51.7,full,1.0,2026-09-23
2841.0,,013969,华夏永利一年持有混合A,0.03254634500538289,ret_12m,main,55.9,full,1.0,2026-09-23
2842.0,,017224,国泰悦益六个月持有混合A,0.03250476442280803,ret_12m,main,44.2,full,1.0,2026-09-23
2843.0,,011095,博时恒泽混合A,0.03250182023455905,ret_12m,main,67.4,full,1.0,2026-09-23
2844.0,,002249,招商境远灵活配置混合,0.03242299996942233,ret_12m,main,129.3,full,1.0,2026-09-23
2845.0,,022344,景顺长城红利量化选股股票A,0.03240133457921046,ret_12m,main,19.9,short,1.0,2026-09-23
2846.0,,013769,博时稳益9个月持有混合A,0.032354560882696504,ret_12m,main,58.4,full,1.0,2026-09-23
2847.0,,519613,银河君尚混合A,0.032082321936863556,ret_12m,main,121.2,full,1.0,2026-09-23
2848.0,,019079,国富招瑞优选股票A,0.03207954855945627,ret_12m,main,31.5,short,1.0,2026-09-23
2849.0,,022299,安信周期优选股票型发起A,0.031997112899166735,ret_12m,main,23.3,short,1.0,2026-09-23
2850.0,,004083,国联安鑫隆混合A,0.0318644932216392,ret_12m,main,114.7,full,1.0,2026-09-23
2851.0,,000452,南方医药保健混合A,0.03184610269144339,ret_12m,main,152.0,full,1.0,2026-09-23
2852.0,,001570,南方利安A,0.03168125997291882,ret_12m,main,130.1,full,1.0,2026-09-23
2853.0,,009820,嘉实浦惠6个月持有期混合A,0.0316762747710404,ret_12m,main,71.3,full,1.0,2026-09-23
2854.0,,001648,工银新价值灵活配置混合A,0.03165975869949467,ret_12m,main,112.9,full,1.0,2026-09-23
2855.0,,003591,华泰柏瑞享利混合A,0.03165858092710727,ret_12m,main,116.8,full,1.0,2026-09-23
2856.0,,010543,中加科鑫混合A,0.031623459160276646,ret_12m,main,63.9,full,1.0,2026-09-23
2857.0,,015272,博时恒益稳健一年持有期混合A,0.03161430714183755,ret_12m,main,53.3,full,1.0,2026-09-23
2858.0,,011681,汇添富均衡精选六个月持有混合A,0.03155023627178033,ret_12m,main,60.2,full,1.0,2026-09-23
2859.0,,017303,华安景气领航混合A,0.031527283376453274,ret_12m,main,40.9,full,1.0,2026-09-23
2860.0,,001694,华安沪港深外延增长灵活配置混合A,0.03131977574613787,ret_12m,main,126.5,full,1.0,2026-09-23
2861.0,,014177,华安景气驱动一年持有混合A,0.031207285663015227,ret_12m,main,54.8,full,1.0,2026-09-23
2862.0,,011989,汇安鑫泽稳健一年持有期混合A,0.03109682620958698,ret_12m,main,61.7,full,1.0,2026-09-23
2863.0,,001004,新华稳健回报灵活配置混合发起,0.031086848952093016,ret_12m,main,135.9,full,1.0,2026-09-23
2864.0,,005823,泰康颐享混合A,0.03099591007000302,ret_12m,main,99.4,full,1.0,2026-09-23
2865.0,,005274,中银景福回报混合A,0.030936199100711104,ret_12m,main,101.2,full,1.0,2026-09-23
2866.0,,019470,华夏信兴回报混合A,0.030886401256026152,ret_12m,main,34.1,short,1.0,2026-09-23
2867.0,,001303,银华稳利灵活配置混合A,0.030876474685558097,ret_12m,main,136.1,full,1.0,2026-09-23
2868.0,,003241,创金合信量化发现混合A,0.030868455616503976,ret_12m,main,119.9,full,1.0,2026-09-23
2869.0,,013657,同泰同欣混合A,0.030835333120202035,ret_12m,main,56.9,full,1.0,2026-09-23
2870.0,,009156,海富通富泽混合A,0.030753879395480466,ret_12m,main,75.0,full,1.0,2026-09-23
2871.0,,550001,中信保诚四季红混合A,0.03075312550739584,ret_12m,main,244.8,full,1.0,2026-09-23
2872.0,,019752,海富通悦享一年持有期混合A,0.03074771707847246,ret_12m,main,33.4,short,1.0,2026-09-23
2873.0,,002624,广发优企精选混合A,0.030682352012045833,ret_12m,main,121.6,full,1.0,2026-09-23
2874.0,,519937,长信先锐混合A,0.030626580133937376,ret_12m,main,123.7,full,1.0,2026-09-23
2875.0,,460005,华泰柏瑞价值增长混合A,0.030526312102249653,ret_12m,main,218.3,full,1.0,2026-09-23
2876.0,,002628,招商安博灵活配置混合A,0.030420814249687567,ret_12m,main,124.0,full,1.0,2026-09-23
2877.0,,011788,工银聚益混合A,0.0303148004154834,ret_12m,main,60.3,full,1.0,2026-09-23
2878.0,,001531,招商安益灵活配置混合A,0.030304175775924147,ret_12m,main,134.3,full,1.0,2026-09-23
2879.0,,013995,嘉实融惠混合A,0.030292709372667037,ret_12m,main,54.8,full,1.0,2026-09-23
2880.0,,021919,国泰海通红利量化选股混合A,0.0302717638836405,ret_12m,main,22.8,short,1.0,2026-09-23
2881.0,,018750,山证资管精选行业混合发起式A,0.03013872078036295,ret_12m,main,32.9,short,1.0,2026-09-23
2882.0,,001316,安信稳健增值混合A,0.030082900163127535,ret_12m,main,136.0,full,1.0,2026-09-23
2883.0,,011761,平安鑫瑞混合A,0.03001716683037503,ret_12m,main,63.7,full,1.0,2026-09-23
2884.0,,005646,中海沪港深多策略灵活配置混合,0.030001927717968613,ret_12m,main,102.1,full,1.0,2026-09-23
2885.0,,002518,民生加银鑫福混合A,0.02999239612698834,ret_12m,main,121.0,full,1.0,2026-09-23
2886.0,,519126,浦银新经济结构混合A,0.029937834790379814,ret_12m,main,148.1,full,1.0,2026-09-23
2887.0,,007825,博道志远混合A,0.029892847417896995,ret_12m,main,84.2,full,1.0,2026-09-23
2888.0,,540004,汇丰晋信2026周期混合,0.029861199261479676,ret_12m,main,218.0,full,1.0,2026-09-23
2889.0,,001905,华安安益灵活配置混合A,0.02986038760406129,ret_12m,main,130.2,full,1.0,2026-09-23
2890.0,,017669,大成卓远视野混合A,0.029813688556403983,ret_12m,main,27.4,short,1.0,2026-09-23
2891.0,,010683,国联景颐6个月持有混合A,0.029635265009189782,ret_12m,main,67.8,full,1.0,2026-09-23
2892.0,,005477,长安鑫禧灵活配置混合A,0.029603172191215776,ret_12m,main,103.5,full,1.0,2026-09-23
2893.0,,009937,东方欣益一年持有期混合A,0.029581522689351658,ret_12m,main,72.7,full,1.0,2026-09-23
2894.0,,008373,华泰柏瑞景气回报一年持有期混合A,0.02949069325806919,ret_12m,main,81.2,full,1.0,2026-09-23
2895.0,,009205,兴银丰运稳益回报混合A,0.029336434772419206,ret_12m,main,76.1,full,1.0,2026-09-23
2896.0,,012701,安信民安回报一年持有混合A,0.029310346057698666,ret_12m,main,60.5,full,1.0,2026-09-23
2897.0,,013190,国联景惠混合A,0.029300204519456585,ret_12m,main,58.0,full,1.0,2026-09-23
2898.0,,005576,华泰柏瑞新金融地产混合A,0.029271079922476906,ret_12m,main,102.5,full,1.0,2026-09-23
2899.0,,017993,方正富邦远见成长混合A,0.02918708610768861,ret_12m,main,42.3,full,1.0,2026-09-23
2900.0,,005535,泰信竞争优选混合,0.02912879551486225,ret_12m,main,100.3,full,1.0,2026-09-23
2901.0,,024441,汇添富均衡潜力优选混合A,0.029050537961836875,ret_12m,main,15.1,short,0.9763,2026-09-23
2902.0,,010357,南方阿尔法混合A,0.028977987055607946,ret_12m,main,68.3,full,1.0,2026-09-23
2903.0,,017575,华夏稳兴增益一年持有混合A,0.02897716271118922,ret_12m,main,38.6,full,1.0,2026-09-23
2904.0,,009525,广发聚荣一年持有混合A,0.02894119294201647,ret_12m,main,74.8,full,1.0,2026-09-23
2905.0,,004100,鹏华安益增强混合D,0.02874210357781415,ret_12m,main,115.0,full,1.0,2026-09-23
2906.0,,009268,创金合信稳健增利6个月持有期A,0.0286967202263102,ret_12m,main,74.1,full,1.0,2026-09-23
2907.0,,001710,安信新趋势混合A,0.028651915232226655,ret_12m,main,117.5,full,1.0,2026-09-23
2908.0,,001250,天弘新活力混合发起A,0.028636618392272606,ret_12m,main,136.8,full,1.0,2026-09-23
2909.0,,010219,汇添富稳健添益一年持有混合,0.028486928895626207,ret_12m,main,68.1,full,1.0,2026-09-23
2910.0,,005076,创金合信优选回报灵活配置混合,0.02844642321202273,ret_12m,main,107.9,full,1.0,2026-09-23
2911.0,,014697,南方誉稳一年持有混合A,0.028444446428596004,ret_12m,main,52.6,full,1.0,2026-09-23
2912.0,,270008,广发核心精选混合,0.0282284582581398,ret_12m,main,218.3,full,1.0,2026-09-23
2913.0,,003456,信澳新目标灵活配置混合A,0.028226886369100646,ret_12m,main,119.1,full,1.0,2026-09-23
2914.0,,001709,华富物联世界灵活配置混合A,0.02816932729771149,ret_12m,main,128.1,full,1.0,2026-09-23
2915.0,,001623,兴业国企改革混合A,0.028160217951678668,ret_12m,main,132.2,full,1.0,2026-09-23
2916.0,,006879,华安智能生活混合A,0.02812217595811961,ret_12m,main,88.5,full,1.0,2026-09-23
2917.0,,011387,工银宁瑞6个月持有期混合A,0.027969678636478257,ret_12m,main,64.2,full,1.0,2026-09-23
2918.0,,011527,博时恒悦6个月持有混合A,0.027934538058837388,ret_12m,main,66.3,full,1.0,2026-09-23
2919.0,,012014,工银聚润6个月持有混合A,0.027790982530419894,ret_12m,main,61.9,full,1.0,2026-09-23
2920.0,,023606,平安鑫瑞混合F,0.027653112212299602,ret_12m,main,18.6,short,1.0,2026-09-23
2921.0,,023570,浦银周期优选混合A,0.027642998043095668,ret_12m,main,17.1,short,1.0,2026-09-23
2922.0,,217002,招商安泰平衡混合,0.027549517361478593,ret_12m,main,280.9,full,1.0,2026-09-23
2923.0,,008456,招商瑞阳混合A,0.027490384623108488,ret_12m,main,80.1,full,1.0,2026-09-23
2924.0,,023365,南华丰利量化选股混合A,0.027354209757676662,ret_12m,main,18.6,short,1.0,2026-09-23
2925.0,,009611,兴全汇享一年持有混合A,0.02725581387197895,ret_12m,main,74.5,full,1.0,2026-09-23
2926.0,,020779,湘财新能源量化选股混合A,0.027251783369484306,ret_12m,main,24.6,short,1.0,2026-09-23
2927.0,,003495,鹏华弘尚混合A,0.027242168522074506,ret_12m,main,118.9,full,1.0,2026-09-23
2928.0,,011004,永赢鑫盛混合A,0.027183586281188887,ret_12m,main,67.5,full,1.0,2026-09-23
2929.0,,010058,天弘荣创一年持有混合A,0.027153682026842985,ret_12m,main,71.8,full,1.0,2026-09-23
2930.0,,012299,浦银安裕回报一年持有期混合A,0.027135949538179993,ret_12m,main,60.7,full,1.0,2026-09-23
2931.0,,011516,嘉实浦盈一年持有期混合A,0.02705773508496767,ret_12m,main,66.9,full,1.0,2026-09-23
2932.0,,519175,浦银经济带崛起混合A,0.027055657047717396,ret_12m,main,115.5,full,1.0,2026-09-23
2933.0,,008119,鹏华金享混合A,0.026913802582743562,ret_12m,main,81.8,full,1.0,2026-09-23
2934.0,,013665,银河成长优选一年持有混合A,0.026879486100931826,ret_12m,main,57.9,full,1.0,2026-09-23
2935.0,,501049,东方红睿玺三年持有混合A,0.02684548334265413,ret_12m,main,106.3,full,1.0,2026-09-23
2936.0,,004010,华泰柏瑞鼎利灵活配置混合A,0.02683438827916329,ret_12m,main,117.0,full,1.0,2026-09-23
2937.0,,018054,鹏扬景添一年持有混合A,0.026826660061074925,ret_12m,main,35.9,short,1.0,2026-09-23
2938.0,,009064,鹏扬景沃六个月持有期混合A,0.02678195921958082,ret_12m,main,78.3,full,1.0,2026-09-23
2939.0,,010522,华安添禧一年持有期混合A,0.02672374115825793,ret_12m,main,63.6,full,1.0,2026-09-23
2940.0,,012502,银华安盛混合,0.026711250754688276,ret_12m,main,61.3,full,1.0,2026-09-23
2941.0,,002639,天弘价值精选混合发起A,0.026665232344781575,ret_12m,main,123.2,full,1.0,2026-09-23
2942.0,,012159,财通资管健康产业混合A,0.026584446117816185,ret_12m,main,58.0,full,1.0,2026-09-23
2943.0,,010916,交银臻选回报混合A,0.02648465445839987,ret_12m,main,69.0,full,1.0,2026-09-23
2944.0,,009774,财通资管优选回报一年持有期混合,0.026421213735381643,ret_12m,main,72.7,full,1.0,2026-09-23
2945.0,,017026,鑫元鑫领航混合A,0.026402335688009426,ret_12m,main,17.1,short,1.0,2026-09-23
2946.0,,008283,易方达金融行业股票发起式A,0.026381189936619975,ret_12m,main,76.6,full,1.0,2026-09-23
2947.0,,001164,中欧琪和灵活配置混合A,0.02634460833082919,ret_12m,main,137.6,full,1.0,2026-09-23
2948.0,,005664,鹏扬景欣混合A,0.0262370099683511,ret_12m,main,100.5,full,1.0,2026-09-23
2949.0,,011073,鹏华安润混合A,0.02622905893874372,ret_12m,main,68.8,full,1.0,2026-09-23
2950.0,,009260,民生加银聚利6个月混合A,0.02615583599796434,ret_12m,main,76.3,full,1.0,2026-09-23
2951.0,,018073,国泰产业精选混合A,0.026155132409768633,ret_12m,main,41.7,full,1.0,2026-09-23
2952.0,,008313,光大研究精选混合A,0.0261367354267783,ret_12m,main,78.0,full,1.0,2026-09-23
2953.0,,009849,安信稳健聚申一年持有期混合A,0.026124614793912038,ret_12m,main,71.8,full,1.0,2026-09-23
2954.0,,005652,国富天颐混合A,0.02607992237790091,ret_12m,main,101.9,full,1.0,2026-09-23
2955.0,,001522,博时新策略灵活配置混合A,0.026068601035275307,ret_12m,main,130.0,full,1.0,2026-09-23
2956.0,,012010,富国泰享回报6个月持有混合A,0.02596525879681244,ret_12m,main,63.2,full,1.0,2026-09-23
2957.0,,010444,南方誉尚一年持有期混合A,0.02595367663556103,ret_12m,main,70.4,full,1.0,2026-09-23
2958.0,,012262,华宝可持续发展混合A,0.0259336916244568,ret_12m,main,57.4,full,1.0,2026-09-23
2959.0,,011845,博时周期优选混合A,0.02581052030759734,ret_12m,main,64.0,full,1.0,2026-09-23
2960.0,,005901,诺安汇利混合A,0.025616460318878653,ret_12m,main,98.4,full,1.0,2026-09-23
2961.0,,001073,华泰柏瑞量化绝对收益混合,0.025531559052343278,ret_12m,main,134.8,full,1.0,2026-09-23
2962.0,,002134,广发鑫裕混合A,0.02543046140902594,ret_12m,main,126.8,full,1.0,2026-09-23
2963.0,,003861,招商兴福混合A,0.025391225447701338,ret_12m,main,117.6,full,1.0,2026-09-23
2964.0,,008893,创金合信鑫利混合A,0.025286456568936577,ret_12m,main,80.2,full,1.0,2026-09-23
2965.0,,000753,华宝量化对冲混合A,0.025209189356541595,ret_12m,main,144.2,full,1.0,2026-09-23
2966.0,,022000,浙商汇金红利机遇混合A,0.025189754098328132,ret_12m,main,22.5,short,1.0,2026-09-23
2967.0,,398031,中海蓝筹混合A,0.025155006983698547,ret_12m,main,213.7,full,1.0,2026-09-23
2968.0,,165508,中信保诚深度价值混合(LOF),0.025132279059209894,ret_12m,main,193.8,full,1.0,2026-09-23
2969.0,,660006,农银大盘蓝筹混合,0.02512525977858071,ret_12m,main,192.7,full,1.0,2026-09-23
2970.0,,012667,国联景泓一年持有混合A,0.025066491134428937,ret_12m,main,60.7,full,1.0,2026-09-23
2971.0,,009317,金信核心竞争力混合A,0.025060591984592984,ret_12m,main,76.5,full,1.0,2026-09-23
2972.0,,000398,华富灵活配置混合A,0.025030641729950842,ret_12m,main,153.2,full,1.0,2026-09-23
2973.0,,002015,南方荣光A,0.02489574639631109,ret_12m,main,130.1,full,1.0,2026-09-23
2974.0,,004495,博时量化平衡混合A,0.024791782754876257,ret_12m,main,112.7,full,1.0,2026-09-23
2975.0,,010056,平安瑞兴1年持有混合A,0.0247642960058565,ret_12m,main,70.6,full,1.0,2026-09-23
2976.0,,010018,招商瑞泽一年持有期混合A,0.024763792749119773,ret_12m,main,72.9,full,1.0,2026-09-23
2977.0,,009377,招商瑞恒一年持有期混合A,0.024705937226187746,ret_12m,main,76.1,full,1.0,2026-09-23
2978.0,,001331,鹏华弘信混合A,0.024689951577023805,ret_12m,main,136.0,full,1.0,2026-09-23
2979.0,,001190,鹏华弘润混合A,0.02468260092909813,ret_12m,main,137.3,full,1.0,2026-09-23
2980.0,,014360,红塔红土稳健添利混合A,0.02463566898741254,ret_12m,main,53.8,full,1.0,2026-09-23
2981.0,,001355,广发聚泰混合A,0.02461573509813042,ret_12m,main,135.5,full,1.0,2026-09-23
2982.0,,519768,交银优选回报灵活配置混合A,0.02457919691432142,ret_12m,main,125.0,full,1.0,2026-09-23
2983.0,,011508,易方达悦弘一年持有期混合A,0.02451558846880575,ret_12m,main,67.1,full,1.0,2026-09-23
2984.0,,011711,中欧睿泽混合C,0.024397982989035505,ret_12m,main,60.0,full,1.0,2026-09-23
2985.0,,010570,新沃创新领航混合A,0.024392565889527207,ret_12m,main,69.0,full,1.0,2026-09-23
2986.0,,005014,泰康景泰回报混合A,0.024378735785212324,ret_12m,main,105.3,full,1.0,2026-09-23
2987.0,,020003,国泰金龙行业混合,0.024319607764876183,ret_12m,main,273.6,full,1.0,2026-09-23
2988.0,,013095,安信远见成长混合A,0.024303445535428958,ret_12m,main,54.5,full,1.0,2026-09-23
2989.0,,540001,汇丰晋信2016周期混合A,0.02430270266725909,ret_12m,main,244.0,full,1.0,2026-09-23
2990.0,,001219,摩根动态多因子混合A,0.02426559888716251,ret_12m,main,135.7,full,1.0,2026-09-23
2991.0,,011290,前海联合添瑞一年持有混合A,0.024230917296595766,ret_12m,main,65.1,full,1.0,2026-09-23
2992.0,,009005,创金合信鑫祺混合A,0.024230218312277563,ret_12m,main,78.7,full,1.0,2026-09-23
2993.0,,019357,大成兴远启航混合A,0.02413302276086804,ret_12m,main,18.4,short,1.0,2026-09-23
2994.0,,002009,中欧瑾通灵活配置混合A,0.024037690413678314,ret_12m,main,130.2,full,1.0,2026-09-23
2995.0,,003343,鹏华弘惠灵活配置混合A,0.024035629043144935,ret_12m,main,119.9,full,1.0,2026-09-23
2996.0,,009558,嘉实稳惠6个月持有期混合A,0.023998878123221434,ret_12m,main,69.8,full,1.0,2026-09-23
2997.0,,001797,国新国证新利混合A,0.0239613553666036,ret_12m,main,132.7,full,1.0,2026-09-23
2998.0,,012256,安信丰穗一年持有混合A,0.02376362325356096,ret_12m,main,56.0,full,1.0,2026-09-23
2999.0,,002018,鹏华弘安混合A,0.02366875375350297,ret_12m,main,130.0,full,1.0,2026-09-23
3000.0,,011442,创金合信鑫瑞混合A,0.02353436349244875,ret_12m,main,64.9,full,1.0,2026-09-23
3001.0,,012943,广发稳睿六个月持有混合A,0.02350150317162858,ret_12m,main,60.2,full,1.0,2026-09-23
3002.0,,008269,大成睿享混合A,0.023308204703140323,ret_12m,main,80.8,full,1.0,2026-09-23
3003.0,,002690,前海开源恒泽混合A,0.023278605989131673,ret_12m,main,122.3,full,1.0,2026-09-23
3004.0,,017735,融通明锐混合A,0.0232547494637263,ret_12m,main,41.2,full,1.0,2026-09-23
3005.0,,004988,人保双利A,0.02318909600299146,ret_12m,main,105.6,full,1.0,2026-09-23
3006.0,,009950,财通资管均衡价值一年持有期混合,0.023171630623722184,ret_12m,main,70.0,full,1.0,2026-09-23
3007.0,,020653,恒生前海兴泰混合A,0.023071685234166806,ret_12m,main,30.3,short,1.0,2026-09-23
3008.0,,013189,嘉实稳健添利一年持有混合,0.022998308280043345,ret_12m,main,60.3,full,1.0,2026-09-23
3009.0,,017265,招商瑞成1年持有期混合A,0.022973598461019096,ret_12m,main,37.8,full,1.0,2026-09-23
3010.0,,004648,南方安睿混合A,0.02285412552233579,ret_12m,main,110.4,full,1.0,2026-09-23
3011.0,,013041,鹏扬景浦一年持有混合A,0.022780693320087142,ret_12m,main,60.5,full,1.0,2026-09-23
3012.0,,003126,长信易进混合A,0.022687718590262307,ret_12m,main,117.0,full,1.0,2026-09-23
3013.0,,006921,南方智诚混合,0.022664338539901463,ret_12m,main,90.4,full,1.0,2026-09-23
3014.0,,008833,银华汇盈一年持有期混合A,0.022424457893370997,ret_12m,main,78.1,full,1.0,2026-09-23
3015.0,,012368,大摩优享六个月持有期混合A,0.022251896239357194,ret_12m,main,62.0,full,1.0,2026-09-23
3016.0,,017617,华泰柏瑞招享6个月持有期混合A,0.02217067887914026,ret_12m,main,43.5,full,1.0,2026-09-23
3017.0,,014852,嘉实添惠一年持有期混合A,0.0221603864383082,ret_12m,main,55.4,full,1.0,2026-09-23
3018.0,,021975,创金合信红利甄选量化选股混合A,0.0220626981097527,ret_12m,main,21.7,short,1.0,2026-09-23
3019.0,,206001,鹏华弘泰A,0.022024241237877717,ret_12m,main,292.0,full,1.0,2026-09-23
3020.0,,012826,工银聚宁9个月持有期混合A,0.02195714214234612,ret_12m,main,60.9,full,1.0,2026-09-23
3021.0,,003030,安信新目标混合A,0.02193931240749536,ret_12m,main,121.5,full,1.0,2026-09-23
3022.0,,008077,九泰天奕量化价值混合A,0.021850211503085415,ret_12m,main,75.8,full,1.0,2026-09-23
3023.0,,023824,永赢国企机遇慧选混合发起A,0.021806088244592958,ret_12m,main,13.8,short,0.9526,2026-09-23
3024.0,,090013,大成竞争优势混合A,0.02179512829925989,ret_12m,main,185.1,full,1.0,2026-09-23
3025.0,,005140,华夏睿磐泰荣混合A,0.021765154861760783,ret_12m,main,104.9,full,1.0,2026-09-23
3026.0,,000849,汇丰晋信双核策略混合A,0.021680936565782627,ret_12m,main,141.9,full,1.0,2026-09-23
3027.0,,001609,平安鑫享混合A,0.0215736327009044,ret_12m,main,133.9,full,1.0,2026-09-23
3028.0,,011562,汇添富稳健盈和一年持有混合,0.021450919249871303,ret_12m,main,66.0,full,1.0,2026-09-23
3029.0,,013358,上银高质量优选9个月持有混合A,0.02116622536189583,ret_12m,main,58.6,full,1.0,2026-09-23
3030.0,,011118,汇添富稳健睿选一年持有混合A,0.021100293899760647,ret_12m,main,66.7,full,1.0,2026-09-23
3031.0,,002584,富安达长盈灵活配置混合A,0.021090686944454706,ret_12m,main,124.4,full,1.0,2026-09-23
3032.0,,210007,金鹰技术领先灵活配置混合A,0.02105481931603448,ret_12m,main,183.8,full,1.0,2026-09-23
3033.0,,010404,博道盛利6个月持有期混合,0.0210461951597003,ret_12m,main,69.0,full,1.0,2026-09-23
3034.0,,016637,博道和瑞多元稳健6个月持有混合A,0.02101931806103785,ret_12m,main,46.9,full,1.0,2026-09-23
3035.0,,000418,景顺长城成长之星股票A,0.02097195227921267,ret_12m,main,153.3,full,1.0,2026-09-23
3036.0,,014678,永赢添添悦6个月持有混合A,0.020946036562941472,ret_12m,main,49.9,full,1.0,2026-09-23
3037.0,,002622,广发稳裕混合A,0.020903415037094808,ret_12m,main,122.9,full,1.0,2026-09-23
3038.0,,009475,汇丰晋信慧盈混合,0.020886300559854964,ret_12m,main,73.8,full,1.0,2026-09-23
3039.0,,005371,中加心悦混合A,0.02087812012067114,ret_12m,main,102.5,full,1.0,2026-09-23
3040.0,,002783,东方红价值精选混合A,0.020769912492014875,ret_12m,main,120.0,full,1.0,2026-09-23
3041.0,,004142,招商盛合灵活混合A,0.020640471140063843,ret_12m,main,114.8,full,1.0,2026-09-23
3042.0,,020657,信澳红利智选混合A,0.02061082640353651,ret_12m,main,30.1,short,1.0,2026-09-23
3043.0,,004852,广发价值回报混合A,0.020608891542909902,ret_12m,main,105.8,full,1.0,2026-09-23
3044.0,,009130,鹏扬景恒六个月持有混合A,0.0204007302357061,ret_12m,main,77.1,full,1.0,2026-09-23
3045.0,,004608,长信乐信灵活配置混合A,0.020390684275436666,ret_12m,main,105.5,full,1.0,2026-09-23
3046.0,,001110,中欧瑾泉灵活配置混合A,0.020377630469627928,ret_12m,main,138.3,full,1.0,2026-09-23
3047.0,,013694,弘毅远方久盈混合A,0.020376619333669188,ret_12m,main,51.5,full,1.0,2026-09-23
3048.0,,011238,华安聚恒精选混合A,0.020336717760522927,ret_12m,main,66.2,full,1.0,2026-09-23
3049.0,,017421,天弘安康颐睿一年持有混合A,0.020273069446411274,ret_12m,main,42.8,full,1.0,2026-09-23
3050.0,,008757,九泰聚鑫混合A,0.020191116720194913,ret_12m,main,74.5,full,1.0,2026-09-23
3051.0,,020354,农银瑞益一年持有混合A,0.02012537804952208,ret_12m,main,32.0,short,1.0,2026-09-23
3052.0,,016517,华泰紫金创新成长混合发起A,0.02001123271632843,ret_12m,main,48.1,full,1.0,2026-09-23
3053.0,,024211,建信鑫稳回报灵活配置混合F,0.019953387119534538,ret_12m,main,15.9,short,0.996,2026-09-23
3054.0,,167003,平安鼎弘混合(LOF)A,0.019951268123196364,ret_12m,main,112.9,full,1.0,2026-09-23
3055.0,,014772,中泰红利价值一年持有混合发起,0.019950460534688075,ret_12m,main,54.0,full,1.0,2026-09-23
3056.0,,011576,鹏华安诚混合A,0.01978591762570936,ret_12m,main,60.5,full,1.0,2026-09-23
3057.0,,519033,海富通国策导向混合A,0.019744385327127745,ret_12m,main,178.2,full,1.0,2026-09-23
3058.0,,009822,鹏华招华一年持有期混合A,0.01966360889671681,ret_12m,main,73.2,full,1.0,2026-09-23
3059.0,,020695,海富通红利优选混合A,0.01952188810391564,ret_12m,main,27.6,short,1.0,2026-09-23
3060.0,,620007,金元顺安优质精选混合A,0.019451601273474672,ret_12m,main,181.3,full,1.0,2026-09-23
3061.0,,012683,东方红安盈甄选一年持有混合A,0.01944984916393966,ret_12m,main,62.6,full,1.0,2026-09-23
3062.0,,005295,诺德天富灵活配置混合,0.019437219843335907,ret_12m,main,103.5,full,1.0,2026-09-23
3063.0,,011018,景顺长城安泽回报一年持有混合A,0.019320481020556057,ret_12m,main,65.8,full,1.0,2026-09-23
3064.0,,011784,天弘招添利混合发起A,0.019234460469530035,ret_12m,main,66.1,full,1.0,2026-09-23
3065.0,,013393,信澳价值精选混合A,0.01920664353065127,ret_12m,main,58.9,full,1.0,2026-09-23
3066.0,,021979,兴全红利量化选股股票A,0.0191699956903173,ret_12m,main,22.7,short,1.0,2026-09-23
3067.0,,010545,中加聚隆持有期混合A,0.019142742645636535,ret_12m,main,66.0,full,1.0,2026-09-23
3068.0,,011532,工银聚丰混合A,0.018919005539313805,ret_12m,main,63.9,full,1.0,2026-09-23
3069.0,,010322,大摩新兴产业股票,0.018871903887787367,ret_12m,main,66.9,full,1.0,2026-09-23
3070.0,,006624,中泰玉衡价值优选混合A,0.018823602314816945,ret_12m,main,90.2,full,1.0,2026-09-23
3071.0,,018465,嘉实稳健添翼一年持有混合A,0.018786904631095114,ret_12m,main,39.4,full,1.0,2026-09-23
3072.0,,000215,广发趋势优选灵活配置混合A,0.018709254986778667,ret_12m,main,156.4,full,1.0,2026-09-23
3073.0,,023629,平安鑫享混合F,0.01861578165041733,ret_12m,main,18.4,short,1.0,2026-09-23
3074.0,,000870,嘉实新收益混合,0.018603650229266577,ret_12m,main,141.4,full,1.0,2026-09-23
3075.0,,008177,建信高股息主题股票,0.018568586244690044,ret_12m,main,80.1,full,1.0,2026-09-23
3076.0,,013426,贝莱德中国新视野混合A,0.018525421258584807,ret_12m,main,60.5,full,1.0,2026-09-23
3077.0,,019692,信澳鑫悦智选6个月持有期混合A,0.01840155572859037,ret_12m,main,33.1,short,1.0,2026-09-23
3078.0,,002668,兴业聚丰混合A,0.01830046907754812,ret_12m,main,122.3,full,1.0,2026-09-23
3079.0,,002120,广发安悦回报混合A,0.018248070007810258,ret_12m,main,118.5,full,1.0,2026-09-23
3080.0,,213002,宝盈泛沿海增长混合,0.01810390087892766,ret_12m,main,258.5,full,1.0,2026-09-23
3081.0,,010879,南方宝升混合A,0.01807332443860976,ret_12m,main,68.3,full,1.0,2026-09-23
3082.0,,001471,融通新能源灵活配置混合A,0.01805390779443572,ret_12m,main,134.8,full,1.0,2026-09-23
3083.0,,015135,工银专精特新混合A,0.01805236716077996,ret_12m,main,49.7,full,1.0,2026-09-23
3084.0,,015696,农银绿色能源混合,0.01798087485002653,ret_12m,main,49.7,full,1.0,2026-09-23
3085.0,,011572,鹏华安荣混合A,0.01795800446224538,ret_12m,main,60.0,full,1.0,2026-09-23
3086.0,,013676,兴银兴慧一年持有混合A,0.017920889156930908,ret_12m,main,58.9,full,1.0,2026-09-23
3087.0,,004925,长信低碳环保行业量化股票A,0.01782026413990878,ret_12m,main,106.4,full,1.0,2026-09-23
3088.0,,005189,海富通量化前锋股票A,0.017768039566052884,ret_12m,main,103.5,full,1.0,2026-09-23
3089.0,,012137,景顺长城安瑞混合A,0.017755451408036027,ret_12m,main,48.0,full,1.0,2026-09-23
3090.0,,019015,中欧国企红利混合A,0.01775197350308866,ret_12m,main,35.9,short,1.0,2026-09-23
3091.0,,000743,红塔红土盛世普益混合发起式,0.017738061620952372,ret_12m,main,144.2,full,1.0,2026-09-23
3092.0,,007016,富国睿泽回报混合,0.017714493762931216,ret_12m,main,87.6,full,1.0,2026-09-23
3093.0,,001289,银华汇利灵活配置混合A,0.017695171816716204,ret_12m,main,136.3,full,1.0,2026-09-23
3094.0,,006398,宝盈祥颐定期开放混合A,0.0176857084893125,ret_12m,main,90.2,full,1.0,2026-09-23
3095.0,,000556,国投瑞银新机遇灵活配置混合A,0.017684870433229083,ret_12m,main,150.4,full,1.0,2026-09-23
3096.0,,015012,浦银安弘回报一年持有混合A,0.01767396255707676,ret_12m,main,54.7,full,1.0,2026-09-23
3097.0,,021995,南华丰睿量化选股混合A,0.017586500064607824,ret_12m,main,22.6,short,1.0,2026-09-23
3098.0,,009853,中加优势企业混合A,0.01758557942760719,ret_12m,main,73.3,full,1.0,2026-09-23
3099.0,,002087,国富新机遇混合A,0.017514875343621394,ret_12m,main,130.1,full,1.0,2026-09-23
3100.0,,009621,中欧心益稳健6个月混合A,0.017471070865965554,ret_12m,main,74.6,full,1.0,2026-09-23
3101.0,,376510,摩根大盘蓝筹股票A,0.017389144781165378,ret_12m,main,189.1,full,1.0,2026-09-23
3102.0,,005523,泰康颐年混合A,0.017368335222452735,ret_12m,main,99.8,full,1.0,2026-09-23
3103.0,,003411,鹏华弘康灵活配置混合A,0.01734521132384015,ret_12m,main,119.8,full,1.0,2026-09-23
3104.0,,001329,鹏华弘实混合A,0.01734063480173509,ret_12m,main,136.0,full,1.0,2026-09-23
3105.0,,001362,景顺长城领先回报混合A,0.01715124323319639,ret_12m,main,136.0,full,1.0,2026-09-23
3106.0,,013367,汇添富多元价值发现混合A,0.0170890364782621,ret_12m,main,52.8,full,1.0,2026-09-23
3107.0,,007303,京管泰富优势混合A,0.017086879795913612,ret_12m,main,34.2,short,1.0,2026-09-23
3108.0,,002456,招商安元灵活配置混合A,0.017039193616015247,ret_12m,main,126.8,full,1.0,2026-09-23
3109.0,,013912,中欧招益稳健一年持有混合A,0.016978271971404446,ret_12m,main,56.6,full,1.0,2026-09-23
3110.0,,013101,华夏稳福六个月持有混合A,0.016911734085232055,ret_12m,main,57.1,full,1.0,2026-09-23
3111.0,,011048,天弘恒新混合A,0.016889777476196022,ret_12m,main,62.4,full,1.0,2026-09-23
3112.0,,090015,大成内需增长混合A,0.016872402174650913,ret_12m,main,183.3,full,1.0,2026-09-23
3113.0,,006007,诺安积极配置混合A,0.016848662388730284,ret_12m,main,97.9,full,1.0,2026-09-23
3114.0,,016863,华安招裕一年持有混合A,0.01683226148920114,ret_12m,main,41.9,full,1.0,2026-09-23
3115.0,,018212,兴银稳惠180天持有期混合A,0.016772490422835906,ret_12m,main,40.9,full,1.0,2026-09-23
3116.0,,009671,平安恒泽混合A,0.016753048695366646,ret_12m,main,74.3,full,1.0,2026-09-23
3117.0,,008277,财通资管行业精选混合,0.01670455737505594,ret_12m,main,77.7,full,1.0,2026-09-23
3118.0,,011105,长信稳健均衡6个月持有期混合A,0.016589788292123986,ret_12m,main,65.8,full,1.0,2026-09-23
3119.0,,013160,创金合信碳中和混合A,0.01657974860546152,ret_12m,main,60.0,full,1.0,2026-09-23
3120.0,,012132,华泰保兴价值成长A,0.016515034647543114,ret_12m,main,58.4,full,1.0,2026-09-23
3121.0,,010869,汇添富稳健欣享一年持有混合,0.016487547430565686,ret_12m,main,64.8,full,1.0,2026-09-23
3122.0,,015891,富国上证50基本面精选股票发起式A,0.016475895795742934,ret_12m,main,49.2,full,1.0,2026-09-23
3123.0,,009077,红土创新稳进混合A,0.016456838383517747,ret_12m,main,78.6,full,1.0,2026-09-23
3124.0,,012578,富国红利混合A,0.016379236211569115,ret_12m,main,57.1,full,1.0,2026-09-23
3125.0,,011236,摩根行业睿选股票A,0.016252988685710568,ret_12m,main,66.9,full,1.0,2026-09-23
3126.0,,011558,天弘宁弘六个月A,0.016250311271816864,ret_12m,main,58.9,full,1.0,2026-09-23
3127.0,,009380,富安达科技领航混合A,0.01620089984597639,ret_12m,main,75.2,full,1.0,2026-09-23
3128.0,,001405,东方红策略精选混合A,0.016188903712381908,ret_12m,main,135.6,full,1.0,2026-09-23
3129.0,,002270,东吴安盈量化混合A,0.016126057614447076,ret_12m,main,127.6,full,1.0,2026-09-23
3130.0,,560002,益民红利成长混合,0.01601990471895598,ret_12m,main,238.1,full,1.0,2026-09-23
3131.0,,001339,兴银鼎新灵活配置A,0.015980867704249446,ret_12m,main,136.0,full,1.0,2026-09-23
3132.0,,004617,建信鑫稳回报灵活配置混合A,0.015978294327505527,ret_12m,main,105.1,full,1.0,2026-09-23
3133.0,,003028,安信新优选混合A,0.015935292909998955,ret_12m,main,121.9,full,1.0,2026-09-23
3134.0,,001282,华安新机遇灵活配置混合A,0.015931054666027622,ret_12m,main,135.9,full,1.0,2026-09-23
3135.0,,011175,平安恒鑫混合A,0.015921710273142597,ret_12m,main,67.6,full,1.0,2026-09-23
3136.0,,008831,海富通安益对冲混合A,0.01589999895365346,ret_12m,main,80.0,full,1.0,2026-09-23
3137.0,,012150,诺德价值发现一年持有混合,0.01585108149890435,ret_12m,main,63.7,full,1.0,2026-09-23
3138.0,,202005,南方成份精选混合A,0.01574853373733398,ret_12m,main,232.3,full,1.0,2026-09-23
3139.0,,021513,富国港股通红利精选混合A,0.015650700883270474,ret_12m,main,25.3,short,1.0,2026-09-23
3140.0,,008384,银华汇益一年持有期混合A,0.01563926991190745,ret_12m,main,73.0,full,1.0,2026-09-23
3141.0,,009126,嘉实基础产业优选股票A,0.015636107805849342,ret_12m,main,77.3,full,1.0,2026-09-23
3142.0,,017624,农银瑞云增益6个月持有混合A,0.015561231596726621,ret_12m,main,42.1,full,1.0,2026-09-23
3143.0,,002123,华银外延增长主题灵活配置,0.015469803249306802,ret_12m,main,124.2,full,1.0,2026-09-23
3144.0,,002313,宏利新起点混合B,0.015282047306357738,ret_12m,main,127.9,full,1.0,2026-09-23
3145.0,,003580,泰康沪港深价值优选混合,0.015268870135823454,ret_12m,main,116.8,full,1.0,2026-09-23
3146.0,,011393,中欧融益稳健一年混合A,0.015264282340970103,ret_12m,main,66.7,full,1.0,2026-09-23
3147.0,,011408,天弘益新混合A,0.015142553997315789,ret_12m,main,66.2,full,1.0,2026-09-23
3148.0,,002118,广发安盈混合A,0.015029546327642862,ret_12m,main,117.5,full,1.0,2026-09-23
3149.0,,002146,长安鑫益增强混合A,0.015023487728547114,ret_12m,main,127.0,full,1.0,2026-09-23
3150.0,,004823,摩根安裕回报混合A,0.015017299990908617,ret_12m,main,96.3,full,1.0,2026-09-23
3151.0,,009570,鹏华匠心精选混合A,0.014929163489509456,ret_12m,main,74.4,full,1.0,2026-09-23
3152.0,,011494,华泰紫金丰和偏债混合发起A,0.014906974559915964,ret_12m,main,62.8,full,1.0,2026-09-23
3153.0,,017886,国富安颐稳健6个月持有期混合A,0.014898283182296135,ret_12m,main,36.4,full,1.0,2026-09-23
3154.0,,017608,汇添富远景成长一年持有混合A,0.014896125450039266,ret_12m,main,37.5,full,1.0,2026-09-23
3155.0,,008416,鹏扬景瑞三年持有混合A,0.01485047000133366,ret_12m,main,79.1,full,1.0,2026-09-23
3156.0,,012253,鹏扬景润一年持有混合A,0.014848698516956915,ret_12m,main,61.6,full,1.0,2026-09-23
3157.0,,006132,万家智造优势混合A,0.014809754096092309,ret_12m,main,96.9,full,1.0,2026-09-23
3158.0,,519993,长信增利动态策略混合,0.014786362110604578,ret_12m,main,238.5,full,1.0,2026-09-23
3159.0,,004292,鹏华沪深港互联网股票,0.014664154497124215,ret_12m,main,113.6,full,1.0,2026-09-23
3160.0,,016345,长安行业成长混合A,0.014655453410030939,ret_12m,main,47.8,full,1.0,2026-09-23
3161.0,,023526,凯石元鑫混合发起式A,0.014627064859443761,ret_12m,main,18.6,short,1.0,2026-09-23
3162.0,,015047,富安达稳健配置6个月持有期混合,0.014345025270804834,ret_12m,main,52.2,full,1.0,2026-09-23
3163.0,,001399,安信鑫安得利混合A,0.014333861154537608,ret_12m,main,135.6,full,1.0,2026-09-23
3164.0,,017615,广发安颐一年持有期混合A,0.014259345965462078,ret_12m,main,44.2,full,1.0,2026-09-23
3165.0,,006228,中欧医疗创新股票A,0.014258788744177409,ret_12m,main,90.8,full,1.0,2026-09-23
3166.0,,014752,长信稳健增长一年持有混合A,0.01420716794318544,ret_12m,main,54.7,full,1.0,2026-09-23
3167.0,,014850,长信稳健成长混合A,0.014173303497748257,ret_12m,main,51.7,full,1.0,2026-09-23
3168.0,,001281,长安鑫利优选混合A,0.013816727779559557,ret_12m,main,136.2,full,1.0,2026-09-23
3169.0,,015824,博时月月乐同业存单30天持有混合,0.013793205597550928,ret_12m,main,51.5,full,1.0,2026-09-23
3170.0,,011818,鹏扬景阳一年持有混合A,0.013707331443266968,ret_12m,main,59.8,full,1.0,2026-09-23
3171.0,,009872,中欧责任投资混合A,0.01361550085482377,ret_12m,main,72.4,full,1.0,2026-09-23
3172.0,,013936,广发睿升混合A,0.013573276814650148,ret_12m,main,55.9,full,1.0,2026-09-23
3173.0,,006538,东海核心价值,0.013394776114355578,ret_12m,main,94.0,full,1.0,2026-09-23
3174.0,,005588,长安裕腾混合A,0.013369303146622658,ret_12m,main,99.6,full,1.0,2026-09-23
3175.0,,590001,中邮核心优选混合A,0.013364922488196873,ret_12m,main,239.8,full,1.0,2026-09-23
3176.0,,022115,鑫元致远量化选股混合A,0.013347826792978745,ret_12m,main,20.3,short,1.0,2026-09-23
3177.0,,001418,宏利创益混合A,0.013342442198643667,ret_12m,main,135.3,full,1.0,2026-09-23
3178.0,,009634,鹏华安睿两年持有期混合A,0.013325210786611086,ret_12m,main,73.8,full,1.0,2026-09-23
3179.0,,011734,国寿安保裕丰混合A,0.013293886049098314,ret_12m,main,62.5,full,1.0,2026-09-23
3180.0,,015963,汇安品质优选混合A,0.013172112956989945,ret_12m,main,48.8,full,1.0,2026-09-23
3181.0,,001364,大成景润灵活配置混合A,0.013169964592191885,ret_12m,main,115.9,full,1.0,2026-09-23
3182.0,,001800,华安新乐享灵活配置混合A,0.013149246908220169,ret_12m,main,132.4,full,1.0,2026-09-23
3183.0,,014121,大成品质医疗股票A,0.012971858948796378,ret_12m,main,52.6,full,1.0,2026-09-23
3184.0,,012287,东海启航6个月持有混合A,0.012880236763725739,ret_12m,main,57.3,full,1.0,2026-09-23
3185.0,,011542,鹏华远见回报三年持有混合,0.012846593991145294,ret_12m,main,66.0,full,1.0,2026-09-23
3186.0,,003125,中科沃土沃鑫成长精选混合A,0.012840667964603814,ret_12m,main,118.9,full,1.0,2026-09-23
3187.0,,001203,东方红稳健精选混合A,0.01282866955442552,ret_12m,main,137.2,full,1.0,2026-09-23
3188.0,,016766,中欧行业景气一年持有混合A,0.012777285315451081,ret_12m,main,46.7,full,1.0,2026-09-23
3189.0,,013463,大成致远优势一年持有期混合A,0.012758174809417655,ret_12m,main,57.9,full,1.0,2026-09-23
3190.0,,008116,银华沪深股通精选混合A,0.012503414998914053,ret_12m,main,76.3,full,1.0,2026-09-23
3191.0,,003845,汇安丰恒灵活配置混合A,0.012467867233184826,ret_12m,main,114.4,full,1.0,2026-09-23
3192.0,,012250,安信平衡增利混合A,0.012405625868948,ret_12m,main,57.4,full,1.0,2026-09-23
3193.0,,008723,永赢鑫享混合A,0.012377075891855771,ret_12m,main,72.5,full,1.0,2026-09-23
3194.0,,016641,华商稳健泓利一年持有期混合A,0.012349400599643845,ret_12m,main,40.3,full,1.0,2026-09-23
3195.0,,002273,宏利创益混合B,0.012322041654495575,ret_12m,main,127.9,full,1.0,2026-09-23
3196.0,,010029,富国稳进回报12个月持有期混合A,0.01206524664003994,ret_12m,main,72.5,full,1.0,2026-09-23
3197.0,,002745,华银丰利,0.012064932947629448,ret_12m,main,123.1,full,1.0,2026-09-23
3198.0,,017216,国投瑞银策略智选混合A,0.012058051034375739,ret_12m,main,42.8,full,1.0,2026-09-23
3199.0,,001566,南方利达A,0.012027802426623602,ret_12m,main,134.5,full,1.0,2026-09-23
3200.0,,080001,长盛成长价值混合A,0.01192785563728016,ret_12m,main,288.2,full,1.0,2026-09-23
3201.0,,010043,天弘安康颐和混合A,0.011897318668297352,ret_12m,main,69.7,full,1.0,2026-09-23
3202.0,,010707,安信平稳合盈一年持有混合A,0.01178741109664938,ret_12m,main,67.7,full,1.0,2026-09-23
3203.0,,011353,国联景盛一年持有混合A,0.011739297647990199,ret_12m,main,64.3,full,1.0,2026-09-23
3204.0,,519655,银河服务混合A,0.011728850784381128,ret_12m,main,137.1,full,1.0,2026-09-23
3205.0,,009400,华安添瑞6个月混合A,0.011725310405639622,ret_12m,main,75.0,full,1.0,2026-09-23
3206.0,,011824,浙商汇金量化臻选股票A,0.011671375222132463,ret_12m,main,62.8,full,1.0,2026-09-23
3207.0,,180010,银华优质增长混合,0.011558037605706284,ret_12m,main,243.5,full,1.0,2026-09-23
3208.0,,014759,中欧琪福混合A,0.011525151792343813,ret_12m,main,53.6,full,1.0,2026-09-23
3209.0,,009806,东方红招盈甄选一年混合A,0.011500126413961365,ret_12m,main,72.8,full,1.0,2026-09-23
3210.0,,320015,诺安行业轮动混合A,0.01143882182811784,ret_12m,main,184.4,full,1.0,2026-09-23
3211.0,,014829,诺德新能源汽车混合A,0.011397888714280935,ret_12m,main,53.8,full,1.0,2026-09-23
3212.0,,012069,天弘安康颐享12个月持有A,0.011364809280211219,ret_12m,main,63.5,full,1.0,2026-09-23
3213.0,,012005,信澳恒盛混合A,0.011360191859158375,ret_12m,main,60.0,full,1.0,2026-09-23
3214.0,,005280,安信稳健阿尔法定开混合A,0.011311306773746255,ret_12m,main,105.6,full,1.0,2026-09-23
3215.0,,501189,嘉实产业优选混合(LOF)A,0.011276295478699572,ret_12m,main,98.6,full,1.0,2026-09-23
3216.0,,007460,华安成长创新混合A,0.011190410504841264,ret_12m,main,86.9,full,1.0,2026-09-23
3217.0,,001403,招商国企改革主题混合基金,0.011142204390708343,ret_12m,main,134.8,full,1.0,2026-09-23
3218.0,,002271,招商晟元价值驱动混合A,0.010981816058682758,ret_12m,main,128.8,full,1.0,2026-09-23
3219.0,,008110,九泰科盈价值混合A,0.01096431491811578,ret_12m,main,78.4,full,1.0,2026-09-23
3220.0,,013611,工银民瑞一年持有混合A,0.010818961328679988,ret_12m,main,56.8,full,1.0,2026-09-23
3221.0,,013733,红塔红土盛丰混合A,0.01075312116913718,ret_12m,main,57.0,full,1.0,2026-09-23
3222.0,,017540,安信稳健增益6个月持有混合A,0.010711475517234392,ret_12m,main,38.2,full,1.0,2026-09-23
3223.0,,014619,财通资管稳兴增益六个月持有期混合A,0.010665992502274513,ret_12m,main,54.5,full,1.0,2026-09-23
3224.0,,022550,平安瑞利6个月持有混合A,0.010652911953092703,ret_12m,main,21.0,short,1.0,2026-09-23
3225.0,,013967,广发恒享一年持有期混合A,0.010611735752586782,ret_12m,main,58.3,full,1.0,2026-09-23
3226.0,,009718,招商增浩混合A,0.010446859408870246,ret_12m,main,69.7,full,1.0,2026-09-23
3227.0,,009782,富国兴泉回报12个月持有期混合A,0.010432553602451655,ret_12m,main,73.1,full,1.0,2026-09-23
3228.0,,080005,长盛量化红利混合A,0.010415882484672512,ret_12m,main,201.9,full,1.0,2026-09-23
3229.0,,015828,永赢新能源智选混合发起A,0.01038962851906522,ret_12m,main,51.2,full,1.0,2026-09-23
3230.0,,165526,中信保诚新旺混合(LOF)A,0.010346159327412341,ret_12m,main,135.2,full,1.0,2026-09-23
3231.0,,010481,汇添富高质量成长精选2年持有混合,0.010309268073676492,ret_12m,main,69.7,full,1.0,2026-09-23
3232.0,,010775,博时恒旭持有期混合A,0.010244430548476124,ret_12m,main,69.2,full,1.0,2026-09-23
3233.0,,011189,建信智汇优选一年持有期混合(MOM),0.010137646732646166,ret_12m,main,67.9,full,1.0,2026-09-23
3234.0,,006718,国融融盛龙头严选混合A,0.010117639093202957,ret_12m,main,87.9,full,1.0,2026-09-23
3235.0,,012951,汇添富鑫享添利六个月持有混合A,0.009951419485938251,ret_12m,main,62.1,full,1.0,2026-09-23
3236.0,,003284,中邮医药健康混合A,0.009874519185715247,ret_12m,main,117.3,full,1.0,2026-09-23
3237.0,,011017,鹏扬景明一年混合,0.009866562188986405,ret_12m,main,68.3,full,1.0,2026-09-23
3238.0,,009499,景顺长城安鑫回报一年持有期混合A,0.0098387555234547,ret_12m,main,74.4,full,1.0,2026-09-23
3239.0,,017232,工银稳润一年持有混合A,0.00977117890230117,ret_12m,main,42.8,full,1.0,2026-09-23
3240.0,,001719,工银国家战略股票,0.00973876004704688,ret_12m,main,127.8,full,1.0,2026-09-23
3241.0,,012609,安信稳健汇利一年持有混合A,0.009636148853264803,ret_12m,main,61.4,full,1.0,2026-09-23
3242.0,,005983,摩根核心精选股票A,0.009608507516679188,ret_12m,main,93.8,full,1.0,2026-09-23
3243.0,,013783,兴银竞争优势混合A,0.009463340784906293,ret_12m,main,48.7,full,1.0,2026-09-23
3244.0,,017998,中欧融恒平衡混合A,0.009251841720273157,ret_12m,main,42.1,full,1.0,2026-09-23
3245.0,,011220,南方匠心优选股票A,0.009212866018690091,ret_12m,main,67.6,full,1.0,2026-09-23
3246.0,,000414,嘉实绝对收益策略定期混合A,0.00920643275555233,ret_12m,main,153.6,full,1.0,2026-09-23
3247.0,,014809,华安沣瑞一年持有混合A,0.009061236083614865,ret_12m,main,55.9,full,1.0,2026-09-23
3248.0,,010846,南方卓越优选3个月持有期混合A,0.009044184087849239,ret_12m,main,67.4,full,1.0,2026-09-23
3249.0,,011552,鹏华民丰盈和6个月持有混合A,0.009040503884535589,ret_12m,main,65.8,full,1.0,2026-09-23
3250.0,,519115,浦银红利精选混合A,0.00900687186946958,ret_12m,main,201.7,full,1.0,2026-09-23
3251.0,,009428,鹏扬景沣六个月持有期混合A,0.00886326794452752,ret_12m,main,73.4,full,1.0,2026-09-23
3252.0,,012052,财通资管新聚益6个月持有混合发起式A,0.00885205799922062,ret_12m,main,57.0,full,1.0,2026-09-23
3253.0,,011908,广发沪港深价值精选混合A,0.008845004979364024,ret_12m,main,64.0,full,1.0,2026-09-23
3254.0,,008336,宝盈祥裕增强回报混合A,0.008794154334351267,ret_12m,main,70.9,full,1.0,2026-09-23
3255.0,,012281,中欧精益稳健一年持有混合,0.008774549223617534,ret_12m,main,63.4,full,1.0,2026-09-23
3256.0,,019958,湘财医药健康混合A,0.008758948709157721,ret_12m,main,32.9,short,1.0,2026-09-23
3257.0,,016995,华泰紫金安恒平衡配置混合发起A,0.00873153453931974,ret_12m,main,44.9,full,1.0,2026-09-23
3258.0,,012054,鹏华安康一年持有期混合A,0.008711876380504746,ret_12m,main,58.9,full,1.0,2026-09-23
3259.0,,010045,汇添富稳健添盈一年持有混合,0.008685830335541267,ret_12m,main,72.4,full,1.0,2026-09-23
3260.0,,001146,中欧瑾源灵活配置混合A,0.008607542059816842,ret_12m,main,137.8,full,1.0,2026-09-23
3261.0,,000126,招商安润灵活配置混合A,0.008563096664006675,ret_12m,main,161.1,full,1.0,2026-09-23
3262.0,,000294,华安生态优先混合A,0.008445465416714537,ret_12m,main,153.8,full,1.0,2026-09-23
3263.0,,206002,鹏华精选成长混合A,0.008361822758738091,ret_12m,main,204.5,full,1.0,2026-09-23
3264.0,,011015,嘉合锦元回报混合A,0.008332710573500268,ret_12m,main,66.0,full,1.0,2026-09-23
3265.0,,004258,国寿安保稳嘉混合A,0.008269684851359482,ret_12m,main,115.4,full,1.0,2026-09-23
3266.0,,012473,大成成长回报六个月持有混合A,0.008195650027426948,ret_12m,main,61.7,full,1.0,2026-09-23
3267.0,,000410,益民服务领先混合A,0.008040805296828157,ret_12m,main,153.1,full,1.0,2026-09-23
3268.0,,000264,博时内需增长混合A,0.007989976310794011,ret_12m,main,158.3,full,1.0,2026-09-23
3269.0,,000072,华安稳健回报混合A,0.007838727139468205,ret_12m,main,160.3,full,1.0,2026-09-23
3270.0,,005082,诺德量化蓝筹增强混合A,0.007803919317363572,ret_12m,main,104.8,full,1.0,2026-09-23
3271.0,,013243,天弘安康颐丰一年持有混合A,0.007620280255682621,ret_12m,main,56.1,full,1.0,2026-09-23
3272.0,,010723,中欧价值成长混合A,0.007597268202994778,ret_12m,main,69.2,full,1.0,2026-09-23
3273.0,,004224,南方军工改革灵活配置混合A,0.007591100618552948,ret_12m,main,114.5,full,1.0,2026-09-23
3274.0,,005347,诺德量化优选6个月持有期混合,0.007553485857128006,ret_12m,main,72.9,full,1.0,2026-09-23
3275.0,,009568,浙商智多宝稳健一年持有期A,0.007550321983864405,ret_12m,main,74.0,full,1.0,2026-09-23
3276.0,,001325,鹏华弘和混合A,0.007440027933910187,ret_12m,main,136.0,full,1.0,2026-09-23
3277.0,,010027,景顺长城核心中景一年持有混合,0.007332843636163933,ret_12m,main,69.2,full,1.0,2026-09-23
3278.0,,008037,兴银先锋成长混合A,0.007331870539538876,ret_12m,main,82.2,full,1.0,2026-09-23
3279.0,,009376,景顺长城成长领航混合,0.007279098220210001,ret_12m,main,75.9,full,1.0,2026-09-23
3280.0,,011190,招商瑞安1年持有期混合A,0.0070537158908237085,ret_12m,main,64.5,full,1.0,2026-09-23
3281.0,,013726,惠升惠诚稳健一年持有混合A,0.007039630639066763,ret_12m,main,57.8,full,1.0,2026-09-23
3282.0,,009011,华夏睿阳一年持有混合,0.0070109997360003895,ret_12m,main,78.2,full,1.0,2026-09-23
3283.0,,012719,华夏新兴经济一年持有混合A,0.006981106332379028,ret_12m,main,61.9,full,1.0,2026-09-23
3284.0,,007725,招商瑞文混合A,0.0069642047322311385,ret_12m,main,84.4,full,1.0,2026-09-23
3285.0,,012027,光大安阳一年持有期混合A,0.006907737507868328,ret_12m,main,63.2,full,1.0,2026-09-23
3286.0,,011538,长城优选添瑞六个月持有混合A,0.006744309635060786,ret_12m,main,65.8,full,1.0,2026-09-23
3287.0,,002264,华夏乐享健康混合A,0.0067287769453157065,ret_12m,main,121.7,full,1.0,2026-09-23
3288.0,,009725,东方红优质甄选一年持有混合A,0.006535857347154783,ret_12m,main,74.0,full,1.0,2026-09-23
3289.0,,004734,中欧瑾灵灵活配置混合A,0.006532812067704841,ret_12m,main,105.7,full,1.0,2026-09-23
3290.0,,018939,长城景气成长混合A,0.006516685377570219,ret_12m,main,36.4,full,1.0,2026-09-23
3291.0,,013830,中欧瑾尚混合A,0.006436616126661132,ret_12m,main,58.6,full,1.0,2026-09-23
3292.0,,007047,长城核心优势混合A,0.006336811897915018,ret_12m,main,89.3,full,1.0,2026-09-23
3293.0,,016645,富国恒享回报12个月持有混合A,0.0061785425932683324,ret_12m,main,46.2,full,1.0,2026-09-23
3294.0,,100026,富国天合稳健优选混合,0.006102307510400973,ret_12m,main,238.3,full,1.0,2026-09-23
3295.0,,000572,中银多策略混合A,0.005902611961874138,ret_12m,main,149.8,full,1.0,2026-09-23
3296.0,,350001,天治财富增长混合,0.005777705231444719,ret_12m,main,266.8,full,1.0,2026-09-23
3297.0,,008370,国泰研究精选两年持有混合,0.005748396424963387,ret_12m,main,81.0,full,1.0,2026-09-23
3298.0,,010271,国富价值成长一年持有期混合A,0.005560605086397441,ret_12m,main,70.6,full,1.0,2026-09-23
3299.0,,004710,民生加银鹏程混合A,0.005368690109225804,ret_12m,main,103.3,full,1.0,2026-09-23
3300.0,,001118,华宝事件驱动混合A,0.005290466254649573,ret_12m,main,137.5,full,1.0,2026-09-23
3301.0,,001358,宝盈祥泰混合A,0.005265587756586143,ret_12m,main,135.9,full,1.0,2026-09-23
3302.0,,002295,广发稳安灵活配置A,0.005263766325268815,ret_12m,main,127.6,full,1.0,2026-09-23
3303.0,,012485,建信汇益一年持有混合A,0.0051355525204697106,ret_12m,main,58.6,full,1.0,2026-09-23
3304.0,,002227,长城新优选混合A,0.0050401881076151955,ret_12m,main,126.1,full,1.0,2026-09-23
3305.0,,015268,招商瑞联1年持有混合A,0.005035592612429474,ret_12m,main,49.7,full,1.0,2026-09-23
3306.0,,001102,前海开源国家比较优势混合A,0.004975746145166049,ret_12m,main,136.5,full,1.0,2026-09-23
3307.0,,008770,东方红安鑫甄选一年持有混合,0.004813705818498715,ret_12m,main,80.4,full,1.0,2026-09-23
3308.0,,012479,汇安信泰稳健一年持有期混合A,0.004706937452680693,ret_12m,main,58.4,full,1.0,2026-09-23
3309.0,,010122,华泰柏瑞优势领航混合A,0.0047010066499064695,ret_12m,main,72.0,full,1.0,2026-09-23
3310.0,,019345,交银医疗健康混合发起A,0.004596179719045912,ret_12m,main,35.4,short,1.0,2026-09-23
3311.0,,010998,博道消费智航A,0.0044331252003844135,ret_12m,main,64.6,full,1.0,2026-09-23
3312.0,,000065,国富焦点驱动混合A,0.004366337535457898,ret_12m,main,160.6,full,1.0,2026-09-23
3313.0,,005275,中欧创新成长灵活配置混合A,0.004279053050408876,ret_12m,main,101.9,full,1.0,2026-09-23
3314.0,,001790,国泰智能汽车股票A,0.004200885071239169,ret_12m,main,109.7,full,1.0,2026-09-23
3315.0,,009135,广发恒隆一年持有混合A,0.004176886810179248,ret_12m,main,78.1,full,1.0,2026-09-23
3316.0,,001171,工银养老产业股票A,0.004040717694700158,ret_12m,main,136.9,full,1.0,2026-09-23
3317.0,,008629,大成景瑞稳健配置混合A,0.003933566612998485,ret_12m,main,76.9,full,1.0,2026-09-23
3318.0,,010408,安信浩盈6个月持有混合A,0.0038548135209059975,ret_12m,main,68.8,full,1.0,2026-09-23
3319.0,,004357,南方智慧混合,0.0038467672920485807,ret_12m,main,113.9,full,1.0,2026-09-23
3320.0,,002156,长盛盛世混合A,0.003792066251348425,ret_12m,main,129.4,full,1.0,2026-09-23
3321.0,,002612,融通通慧混合A/B,0.0037687648369073568,ret_12m,main,120.1,full,1.0,2026-09-23
3322.0,,007318,中银民丰回报混合,0.0037424081825350175,ret_12m,main,85.8,full,1.0,2026-09-23
3323.0,,018329,泉果思源三年持有期混合A,0.0036937974672239804,ret_12m,main,39.7,full,1.0,2026-09-23
3324.0,,010480,汇添富稳进双盈一年持有混合,0.0036772748248188325,ret_12m,main,67.4,full,1.0,2026-09-23
3325.0,,009181,浙商智多兴稳健回报一年持有混合A,0.0036565876332042,ret_12m,main,75.6,full,1.0,2026-09-23
3326.0,,013610,中信保诚前瞻优势混合,0.0035912736157328595,ret_12m,main,58.9,full,1.0,2026-09-23
3327.0,,005906,招商丰茂灵活混合发起式A,0.0035603660380927327,ret_12m,main,99.1,full,1.0,2026-09-23
3328.0,,001197,长盛转型升级主题灵活配置混合,0.0034004603568291714,ret_12m,main,137.1,full,1.0,2026-09-23
3329.0,,009031,工银聚和一年定开混合A,0.0033888617847164237,ret_12m,main,76.5,full,1.0,2026-09-23
3330.0,,160921,大成多策略混合(LOF)A,0.0033362471181248576,ret_12m,main,121.1,full,1.0,2026-09-23
3331.0,,008990,东方红匠心甄选一年持有混合,0.0032064801566247247,ret_12m,main,78.9,full,1.0,2026-09-23
3332.0,,021167,中泰红利量化选股股票发起A,0.0031600002423552986,ret_12m,main,27.6,short,1.0,2026-09-23
3333.0,,519971,长信改革红利混合,0.0031005654910765124,ret_12m,main,145.6,full,1.0,2026-09-23
3334.0,,519125,浦银消费升级混合A,0.0029202768878813234,ret_12m,main,153.6,full,1.0,2026-09-23
3335.0,,000058,国联安安泰灵活配置混合A,0.002892266942757793,ret_12m,main,161.0,full,1.0,2026-09-23
3336.0,,004913,中银证券聚瑞混合A,0.002879948935352372,ret_12m,main,105.8,full,1.0,2026-09-23
3337.0,,012196,招商品质生活混合A,0.0028167916218171385,ret_12m,main,63.7,full,1.0,2026-09-23
3338.0,,011071,鹏华安悦一年持有期混合A,0.0026655229971006555,ret_12m,main,67.4,full,1.0,2026-09-23
3339.0,,005876,易方达鑫转增利混合A,0.0026482663083262636,ret_12m,main,94.5,full,1.0,2026-09-23
3340.0,,008091,中信保诚红利精选混合A,0.002493835285272805,ret_12m,main,81.0,full,1.0,2026-09-23
3341.0,,024462,南方瑞享混合A,0.002480087622056315,ret_12m,main,15.0,short,0.9684,2026-09-23
3342.0,,290005,泰信优势增长混合,0.0023642164560593315,ret_12m,main,218.9,full,1.0,2026-09-23
3343.0,,010819,安信稳健回报6个月混合A,0.0023235873973059817,ret_12m,main,69.0,full,1.0,2026-09-23
3344.0,,007109,南方沪港深核心优势混合A,0.0022322362001720997,ret_12m,main,68.9,full,1.0,2026-09-23
3345.0,,162102,金鹰中小盘精选混合A,0.002041292174609133,ret_12m,main,267.9,full,1.0,2026-09-23
3346.0,,017630,富国周期精选三年持有期混合A,0.0019490323334669934,ret_12m,main,44.1,full,1.0,2026-09-23
3347.0,,970121,兴证资管金麒麟恒睿致远一年持有期混合C,0.001871376939881042,ret_12m,main,56.9,full,1.0,2026-09-23
3348.0,,483003,工银精选平衡混合,0.0017916022116544195,ret_12m,main,242.4,full,1.0,2026-09-23
3349.0,,008923,建信医疗健康行业股票A,0.001643967092153309,ret_12m,main,56.8,full,1.0,2026-09-23
3350.0,,013387,长城价值领航混合A,0.0015784672949934464,ret_12m,main,56.8,full,1.0,2026-09-23
3351.0,,012161,安信招信一年持有混合A,0.0014320094642263914,ret_12m,main,64.1,full,1.0,2026-09-23
3352.0,,010515,富国天兴回报混合A,0.001398731681510057,ret_12m,main,69.2,full,1.0,2026-09-23
3353.0,,011383,富安达医药创新混合A,0.0013543379104479225,ret_12m,main,66.5,full,1.0,2026-09-23
3354.0,,012671,嘉实核心蓝筹混合A,0.0011134617084087584,ret_12m,main,62.0,full,1.0,2026-09-23
3355.0,,014944,蜂巢润和六个月持有期混合A,0.0010676640506996904,ret_12m,main,49.5,full,1.0,2026-09-23
3356.0,,021404,长江汇智量化选股混合发起A,0.0009870074442355214,ret_12m,main,27.4,short,1.0,2026-09-23
3357.0,,014574,鑫元清洁能源混合发起式A,0.000874643336386205,ret_12m,main,55.9,full,1.0,2026-09-23
3358.0,,014311,大成优质精选混合A,0.000811220070048968,ret_12m,main,49.9,full,1.0,2026-09-23
3359.0,,009223,宝盈现代服务业混合A,0.000794096057253002,ret_12m,main,74.2,full,1.0,2026-09-23
3360.0,,007387,融通通慧混合C,0.0007653442498407603,ret_12m,main,88.2,full,1.0,2026-09-23
3361.0,,014730,华富荣盛一年持有期混合A,0.0005854809285930074,ret_12m,main,37.9,full,1.0,2026-09-23
3362.0,,001679,前海开源中国稀缺资产混合A,0.0002445659220633445,ret_12m,main,132.4,full,1.0,2026-09-23
3363.0,,014038,交银启诚混合A,3.377145686922489e-05,ret_12m,main,57.5,full,1.0,2026-09-23
3364.0,,002640,中信建投睿溢混合A,-4.996820441327543e-05,ret_12m,main,124.2,full,1.0,2026-09-23
3365.0,,010605,创金合信鑫祥混合A,-6.134945570079875e-05,ret_12m,main,67.6,full,1.0,2026-09-23
3366.0,,001485,华安添颐混合A,-0.00023960985538262758,ret_12m,main,135.3,full,1.0,2026-09-23
3367.0,,010393,工银健康生活混合A,-0.0002502317926695863,ret_12m,main,70.4,full,1.0,2026-09-23
3368.0,,001166,建信环保产业股票A,-0.00031641975914009635,ret_12m,main,137.1,full,1.0,2026-09-23
3369.0,,001584,国投瑞银新活力混合A,-0.00040060962392240995,ret_12m,main,130.2,full,1.0,2026-09-23
3370.0,,009069,大成睿鑫股票A,-0.00045024809533078525,ret_12m,main,73.4,full,1.0,2026-09-23
3371.0,,001335,南方利众A,-0.0004683593488624682,ret_12m,main,136.1,full,1.0,2026-09-23
3372.0,,006002,工银医药健康股票A,-0.0004737739925022577,ret_12m,main,97.8,full,1.0,2026-09-23
3373.0,,006302,银华行业轮动混合,-0.0005251655348779138,ret_12m,main,93.7,full,1.0,2026-09-23
3374.0,,013267,天弘安康颐利混合A,-0.0006100108508648727,ret_12m,main,53.3,full,1.0,2026-09-23
3375.0,,012704,中银兴利稳健回报灵活配置混合A,-0.00083732996468322,ret_12m,main,58.6,full,1.0,2026-09-23
3376.0,,009128,明亚价值长青混合A,-0.0008403554850112682,ret_12m,main,77.0,full,1.0,2026-09-23
3377.0,,320020,诺安策略精选股票A,-0.0008496910320117124,ret_12m,main,171.9,full,1.0,2026-09-23
3378.0,,011736,宝盈祥庆9个月持有混合A,-0.0008848600796458328,ret_12m,main,61.7,full,1.0,2026-09-23
3379.0,,013985,融通稳健增利6个月持有混合A,-0.0008948402977032588,ret_12m,main,57.8,full,1.0,2026-09-23
3380.0,,010293,华商量化优质精选混合,-0.0009631187023851906,ret_12m,main,70.8,full,1.0,2026-09-23
3381.0,,022336,京管泰富创新动力混合发起A,-0.0012666849458129459,ret_12m,main,21.0,short,1.0,2026-09-23
3382.0,,009102,鹏扬红利优选混合A,-0.0012916850357848064,ret_12m,main,74.1,full,1.0,2026-09-23
3383.0,,014539,华安优势精选混合A,-0.0013251118183259525,ret_12m,main,55.9,full,1.0,2026-09-23
3384.0,,011901,南方竞争优势混合A,-0.0016889657344699716,ret_12m,main,53.7,full,1.0,2026-09-23
3385.0,,003044,东方红战略精选混合A,-0.0018271425157968535,ret_12m,main,120.8,full,1.0,2026-09-23
3386.0,,012113,融通稳健增长一年持有期混合A,-0.002099346214615827,ret_12m,main,60.2,full,1.0,2026-09-23
3387.0,,011767,泰康合润混合A,-0.002115823425218877,ret_12m,main,65.5,full,1.0,2026-09-23
3388.0,,018350,万家欣优混合A,-0.0021189113068799115,ret_12m,main,39.1,full,1.0,2026-09-23
3389.0,,013634,申万菱信双利混合A,-0.0021634139534486563,ret_12m,main,58.9,full,1.0,2026-09-23
3390.0,,420009,天弘安康颐养混合A,-0.0021847286458724913,ret_12m,main,165.8,full,1.0,2026-09-23
3391.0,,011932,工银战略远见混合A,-0.0022284247555396375,ret_12m,main,64.9,full,1.0,2026-09-23
3392.0,,016844,红土创新稳益6个月持有期混合A,-0.0022774698462814102,ret_12m,main,42.3,full,1.0,2026-09-23
3393.0,,000755,富安达新兴成长混合A,-0.002310768576444411,ret_12m,main,144.4,full,1.0,2026-09-23
3394.0,,011798,华安宁享6个月混合A,-0.0023237668386291155,ret_12m,main,61.2,full,1.0,2026-09-23
3395.0,,004932,招商丰拓灵活混合A,-0.00242811830897105,ret_12m,main,108.8,full,1.0,2026-09-23
3396.0,,000529,广发竞争优势混合A,-0.00248227186128247,ret_12m,main,150.4,full,1.0,2026-09-23
3397.0,,002363,华安安康灵活配置混合A,-0.0026818119546112573,ret_12m,main,127.7,full,1.0,2026-09-23
3398.0,,001157,国联安睿祺灵活配置混合,-0.0027950601539077358,ret_12m,main,137.5,full,1.0,2026-09-23
3399.0,,009190,景顺长城核心优选一年持有混合,-0.0031181383563358978,ret_12m,main,76.5,full,1.0,2026-09-23
3400.0,,002461,中银珍利混合A,-0.003184353572831533,ret_12m,main,126.5,full,1.0,2026-09-23
3401.0,,160105,南方积极配置混合(LOF),-0.003375385680997711,ret_12m,main,263.3,full,1.0,2026-09-23
3402.0,,003062,银华通利混合A,-0.0034022489294776026,ret_12m,main,121.6,full,1.0,2026-09-23
3403.0,,700001,平安行业先锋混合,-0.0034426890076598715,ret_12m,main,180.1,full,1.0,2026-09-23
3404.0,,003095,中欧医疗健康混合A,-0.0035833604931979623,ret_12m,main,119.8,full,1.0,2026-09-23
3405.0,,008736,南方高股息股票A,-0.0035960173087099534,ret_12m,main,74.0,full,1.0,2026-09-23
3406.0,,015989,华安碳中和混合A,-0.0037874463616124343,ret_12m,main,43.5,full,1.0,2026-09-23
3407.0,,024691,鑫元新兴产业睿选混合发起式A,-0.0038869505642774582,ret_12m,main,14.5,short,1.0,2026-09-23
3408.0,,519002,华安安信消费混合A,-0.004043461127799741,ret_12m,main,159.0,full,1.0,2026-09-23
3409.0,,003132,德邦新回报灵活配置混合A,-0.0041407649959193105,ret_12m,main,116.3,full,1.0,2026-09-23
3410.0,,020922,汇泉智享量化选股混合A,-0.004177624392120882,ret_12m,main,25.6,short,1.0,2026-09-23
3411.0,,016528,广发稳宏一年持有混合A,-0.004222791207672549,ret_12m,main,41.6,full,1.0,2026-09-23
3412.0,,012051,申万菱信乐道三年持有期混合,-0.0042381695449507095,ret_12m,main,63.4,full,1.0,2026-09-23
3413.0,,014598,永赢合享混合发起A,-0.0043073037283773985,ret_12m,main,57.0,full,1.0,2026-09-23
3414.0,,006700,红土创新稳健混合A,-0.004372476586671392,ret_12m,main,90.4,full,1.0,2026-09-23
3415.0,,017868,民生加银均衡优选混合A,-0.004450736200941052,ret_12m,main,40.6,full,1.0,2026-09-23
3416.0,,005644,广发沪港深龙头混合,-0.004567847326957697,ret_12m,main,102.1,full,1.0,2026-09-23
3417.0,,006435,景顺长城创新成长混合,-0.004576082259838965,ret_12m,main,83.2,full,1.0,2026-09-23
3418.0,,014235,淳厚时代优选混合A,-0.004576217745344557,ret_12m,main,55.9,full,1.0,2026-09-23
3419.0,,011855,银华长荣混合A,-0.004600061567483049,ret_12m,main,63.2,full,1.0,2026-09-23
3420.0,,012370,银华鑫利一年持有期混合,-0.004611183514573347,ret_12m,main,62.0,full,1.0,2026-09-23
3421.0,,002307,银华多元视野灵活配置混合,-0.0046888410381082934,ret_12m,main,124.2,full,1.0,2026-09-23
3422.0,,022555,天弘安康颐利混合F,-0.004698164830577611,ret_12m,main,22.5,short,1.0,2026-09-23
3423.0,,180012,银华富裕主题混合A,-0.004736349423181241,ret_12m,main,238.2,full,1.0,2026-09-23
3424.0,,002614,中银颐利混合A,-0.0047438936542471,ret_12m,main,121.5,full,0.9921,2026-09-23
3425.0,,021910,渤海汇金优选价值混合发起A,-0.004754697353990478,ret_12m,main,25.8,short,1.0,2026-09-23
3426.0,,009636,华泰柏瑞景气优选A,-0.004936675900181431,ret_12m,main,75.2,full,1.0,2026-09-23
3427.0,,010599,汇添富高质量成长30一年混合A,-0.004984200364843261,ret_12m,main,67.4,full,1.0,2026-09-23
3428.0,,008978,银华长丰混合发起式,-0.005283909483197791,ret_12m,main,77.7,full,1.0,2026-09-23
3429.0,,011390,华安添祥6个月持有混合A,-0.005300573679662635,ret_12m,main,62.1,full,1.0,2026-09-23
3430.0,,021983,中信保诚红利领航量化股票A,-0.005372781569255469,ret_12m,main,22.2,short,1.0,2026-09-23
3431.0,,000892,九泰天宝灵活配置混合A,-0.005437995844801202,ret_12m,main,134.0,full,1.0,2026-09-23
3432.0,,010036,广发恒通六个月持有期混合A,-0.005438190325714021,ret_12m,main,70.6,full,1.0,2026-09-23
3433.0,,011293,中金恒远一年持有期混合,-0.005449910598488317,ret_12m,main,65.5,full,1.0,2026-09-23
3434.0,,000530,招商丰盛稳定增长混合A,-0.0054920446583209825,ret_12m,main,150.1,full,1.0,2026-09-23
3435.0,,012029,广发恒鑫一年持有期混合A,-0.0055854376743591505,ret_12m,main,64.2,full,1.0,2026-09-23
3436.0,,012184,大成创新趋势混合A,-0.005592500188269733,ret_12m,main,64.0,full,1.0,2026-09-23
3437.0,,006567,中泰星元灵活配置混合A,-0.005645674760069386,ret_12m,main,93.6,full,1.0,2026-09-23
3438.0,,011956,鹏华新能源精选混合A,-0.005658988317786218,ret_12m,main,62.1,full,1.0,2026-09-23
3439.0,,010744,工银灵动价值混合A,-0.0056731188592723525,ret_12m,main,68.9,full,1.0,2026-09-23
3440.0,,021826,国投瑞银磐睿量化选股混合A,-0.005707964156678402,ret_12m,main,24.4,short,1.0,2026-09-23
3441.0,,014068,工银瑞信悦享混合A,-0.00571812934911764,ret_12m,main,57.2,full,1.0,2026-09-23
3442.0,,001782,九泰久益混合A,-0.005741740979611221,ret_12m,main,115.9,full,1.0,2026-09-23
3443.0,,014573,东方红锦弘甄选两年持有混合,-0.005803205282320589,ret_12m,main,56.3,full,1.0,2026-09-23
3444.0,,012088,东方红锦和甄选18个月持有混合A,-0.00584689345079259,ret_12m,main,64.2,full,1.0,2026-09-23
3445.0,,011077,汇丰晋信创新先锋,-0.005931957049130854,ret_12m,main,66.3,full,1.0,2026-09-23
3446.0,,008404,华泰紫金泰盈混合A,-0.006139744590314633,ret_12m,main,80.1,full,1.0,2026-09-23
3447.0,,233015,大摩量化配置混合A,-0.006305610645617854,ret_12m,main,165.4,full,1.0,2026-09-23
3448.0,,018539,中银富利6个月持有期混合A,-0.006319717471233499,ret_12m,main,35.1,short,0.9921,2026-09-23
3449.0,,006529,中欧匠心两年持有期混合A,-0.006844861393056845,ret_12m,main,87.4,full,1.0,2026-09-23
3450.0,,013184,广发恒阳一年持有混合A,-0.007297664734829179,ret_12m,main,58.9,full,1.0,2026-09-23
3451.0,,012377,长盛安睿一年持有混合A,-0.00740203999659006,ret_12m,main,61.0,full,1.0,2026-09-23
3452.0,,000893,工银创新动力股票,-0.007441127311529239,ret_12m,main,141.4,full,1.0,2026-09-23
3453.0,,014872,嘉实品质蓝筹一年持有混合A,-0.007461142050461778,ret_12m,main,55.4,full,1.0,2026-09-23
3454.0,,010369,大成卓享一年持有混合A,-0.007472576494867655,ret_12m,main,70.2,full,1.0,2026-09-23
3455.0,,011793,建信智能汽车股票,-0.0074829555144676485,ret_12m,main,60.4,full,1.0,2026-09-23
3456.0,,011338,兴全合远两年持有混合A,-0.007541295168580486,ret_12m,main,64.9,full,1.0,2026-09-23
3457.0,,501066,东方红恒元五年持有混合,-0.007650100592993092,ret_12m,main,94.7,full,1.0,2026-09-23
3458.0,,002535,中银鑫利混合A,-0.0076515699098747,ret_12m,main,126.0,full,1.0,2026-09-23
3459.0,,020015,国泰区位优势混合A,-0.007908356697511887,ret_12m,main,207.9,full,1.0,2026-09-23
3460.0,,000566,华泰柏瑞创新升级混合A,-0.007914783285307037,ret_12m,main,148.6,full,1.0,2026-09-23
3461.0,,160421,华安智增精选混合,-0.00818667350634239,ret_12m,main,120.3,full,1.0,2026-09-23
3462.0,,011405,银华稳健增长一年持有期混合,-0.008334189822779114,ret_12m,main,67.6,full,1.0,2026-09-23
3463.0,,015104,博道研究恒选混合A,-0.008376414331877968,ret_12m,main,51.7,full,1.0,2026-09-23
3464.0,,016834,东方红共赢甄选一年持有混合A,-0.008404662883196523,ret_12m,main,42.5,full,1.0,2026-09-23
3465.0,,010503,招商稳兴混合A,-0.008703154994810558,ret_12m,main,67.5,full,1.0,2026-09-23
3466.0,,000706,中邮多策略灵活配置混合,-0.008787620954592623,ret_12m,main,146.0,full,1.0,2026-09-23
3467.0,,005669,前海开源公用事业股票,-0.008841334503086329,ret_12m,main,102.0,full,1.0,2026-09-23
3468.0,,008547,博道安远6个月持有期混合,-0.008945393283929515,ret_12m,main,80.2,full,1.0,2026-09-23
3469.0,,161131,易方达科润混合(LOF),-0.008952884303367492,ret_12m,main,98.6,full,1.0,2026-09-23
3470.0,,012510,国富优质企业一年持有期混合A,-0.009065089598621512,ret_12m,main,61.7,full,1.0,2026-09-23
3471.0,,020768,中信保诚国企红利量化选股股票A,-0.00921256422564698,ret_12m,main,30.1,short,1.0,2026-09-23
3472.0,,000584,新华鑫益灵活配置混合C,-0.009288443003981128,ret_12m,main,149.3,full,1.0,2026-09-23
3473.0,,014666,工银优质发展混合A,-0.00934068295026802,ret_12m,main,52.0,full,1.0,2026-09-23
3474.0,,018409,中欧价值回报混合A,-0.009426626888704881,ret_12m,main,39.5,full,1.0,2026-09-23
3475.0,,270002,广发稳健增长混合A,-0.009545677693584387,ret_12m,main,265.9,full,1.0,2026-09-23
3476.0,,010876,浙商智选先锋一年持有混合A,-0.009618763890490878,ret_12m,main,61.4,full,1.0,2026-09-23
3477.0,,001914,中信建投聚利混合A,-0.009855982187957801,ret_12m,main,130.4,full,1.0,2026-09-23
3478.0,,008838,德邦量化对冲混合A,-0.010205615042112814,ret_12m,main,76.8,full,1.0,2026-09-23
3479.0,,005267,嘉实价值精选股票A,-0.010218409165922426,ret_12m,main,106.5,full,1.0,2026-09-23
3480.0,,000803,工银研究精选股票,-0.01031866512127666,ret_12m,main,143.0,full,1.0,2026-09-23
3481.0,,020193,天弘金融优选混合发起A,-0.010327019410672489,ret_12m,main,26.5,short,1.0,2026-09-23
3482.0,,000924,宝盈先进制造混合A,-0.010360338068124864,ret_12m,main,141.2,full,1.0,2026-09-23
3483.0,,004814,中欧红利优享混合A,-0.010369583886726375,ret_12m,main,101.2,full,1.0,2026-09-23
3484.0,,006022,富国大盘价值量化精选混合A,-0.010413007715566969,ret_12m,main,98.2,full,1.0,2026-09-23
3485.0,,010697,国联行业先锋6个月持有混合A,-0.010439747188162873,ret_12m,main,67.4,full,1.0,2026-09-23
3486.0,,014576,农银汇理瑞丰6个月持有混合,-0.010566073843929935,ret_12m,main,54.1,full,1.0,2026-09-23
3487.0,,011727,工银聚瑞混合A,-0.0106842166505704,ret_12m,main,63.9,full,1.0,2026-09-23
3488.0,,014131,华泰柏瑞聚优智选一年持有期混合A,-0.010729423760693857,ret_12m,main,55.0,full,1.0,2026-09-23
3489.0,,019277,长城国企优选混合发起式A,-0.010892678836512126,ret_12m,main,35.0,short,1.0,2026-09-23
3490.0,,011791,招商瑞盈9个月持有期混合A,-0.011043954022796787,ret_12m,main,61.9,full,1.0,2026-09-23
3491.0,,010465,鹏扬景创混合A,-0.011046390972704545,ret_12m,main,69.8,full,1.0,2026-09-23
3492.0,,013636,国投瑞银策略回报混合A,-0.011062023424805778,ret_12m,main,58.2,full,1.0,2026-09-23
3493.0,,005270,太平改革红利精选混合,-0.011173464268970923,ret_12m,main,105.7,full,1.0,2026-09-23
3494.0,,001942,前海开源沪港深汇鑫混合A,-0.01119712503850423,ret_12m,main,124.2,full,1.0,2026-09-23
3495.0,,001858,建信鑫利灵活配置混合A,-0.011351886751529983,ret_12m,main,130.8,full,1.0,2026-09-23
3496.0,,001427,招商丰泽混合A,-0.011403934572834173,ret_12m,main,135.4,full,1.0,2026-09-23
3497.0,,014841,东方阿尔法医疗健康混合发起A,-0.011451333544724607,ret_12m,main,53.8,full,1.0,2026-09-23
3498.0,,005481,银华瑞泰灵活配置混合A,-0.011490541720751146,ret_12m,main,103.5,full,1.0,2026-09-23
3499.0,,010692,华夏核心价值混合A,-0.011737742358182479,ret_12m,main,65.1,full,1.0,2026-09-23
3500.0,,011843,民生加银内核驱动混合A,-0.011793373697829956,ret_12m,main,64.6,full,1.0,2026-09-23
3501.0,,017415,中泰元和价值精选混合A,-0.011811969452072302,ret_12m,main,43.2,full,1.0,2026-09-23
3502.0,,001766,摩根医疗健康股票A,-0.011856229762215342,ret_12m,main,131.1,full,1.0,2026-09-23
3503.0,,010688,招商瑞德一年持有期混合A,-0.011916374875449165,ret_12m,main,67.9,full,1.0,2026-09-23
3504.0,,009296,南方誉慧一年混合A,-0.01202785545477314,ret_12m,main,76.8,full,1.0,2026-09-23
3505.0,,003333,泰信智选成长灵活配置混合A,-0.012106430390673162,ret_12m,main,117.1,full,1.0,2026-09-23
3506.0,,008835,富国量化对冲策略三个月持有期混合A,-0.012152942433177882,ret_12m,main,78.9,full,1.0,2026-09-23
3507.0,,005904,华泰保兴成长优选A,-0.012243211234733042,ret_12m,main,99.5,full,1.0,2026-09-23
3508.0,,017655,嘉实价值丰裕混合A,-0.012258729729491491,ret_12m,main,25.5,short,1.0,2026-09-23
3509.0,,001071,华安媒体互联网混合A,-0.01227942374201385,ret_12m,main,136.3,full,1.0,2026-09-23
3510.0,,012342,广发瑞泽精选混合A,-0.01231534874569884,ret_12m,main,58.7,full,1.0,2026-09-23
3511.0,,020075,财通资管创新成长混合A,-0.012335937792799734,ret_12m,main,29.9,short,1.0,2026-09-23
3512.0,,004477,嘉实沪港深回报混合,-0.012499691987523542,ret_12m,main,113.8,full,1.0,2026-09-23
3513.0,,016119,华富时代锐选混合A,-0.01255128943473005,ret_12m,main,45.7,full,1.0,2026-09-23
3514.0,,016830,广发恒裕一年持有期混合A,-0.012573200620124791,ret_12m,main,39.4,full,1.0,2026-09-23
3515.0,,009956,广发恒誉混合A,-0.012740355963766214,ret_12m,main,69.5,full,1.0,2026-09-23
3516.0,,009334,富国融享18个月定开混合A,-0.012851437602385607,ret_12m,main,76.0,full,1.0,2026-09-23
3517.0,,011256,交银鸿光一年混合A,-0.01285624279686337,ret_12m,main,66.5,full,1.0,2026-09-23
3518.0,,519062,海富通阿尔法对冲混合A,-0.012958245534337554,ret_12m,main,142.1,full,1.0,2026-09-23
3519.0,,003956,南方产业智选股票A,-0.012991209459968345,ret_12m,main,115.9,full,1.0,2026-09-23
3520.0,,015303,鹏扬丰融价值先锋一年持有混合A,-0.013016927195895422,ret_12m,main,54.0,full,1.0,2026-09-23
3521.0,,012987,嘉合锦明混合A,-0.01304220816729107,ret_12m,main,60.7,full,1.0,2026-09-23
3522.0,,024175,中欧大盘价值混合A,-0.01314793234731726,ret_12m,main,15.6,short,1.0,2026-09-23
3523.0,,377530,摩根行业轮动混合A,-0.013204506537324967,ret_12m,main,199.8,full,1.0,2026-09-23
3524.0,,013485,尚正竞争优势混合发起A,-0.013242678127120655,ret_12m,main,58.7,full,1.0,2026-09-23
3525.0,,011044,中银顺泽回报一年持有期混合A,-0.01328719807567691,ret_12m,main,68.3,full,1.0,2026-09-23
3526.0,,012268,浙商智多享稳健混合发起式A,-0.013500959661128409,ret_12m,main,61.9,full,1.0,2026-09-23
3527.0,,005974,东方红配置精选混合A,-0.013518909598771223,ret_12m,main,100.1,full,1.0,2026-09-23
3528.0,,000195,工银成长收益混合A,-0.013784054083924913,ret_12m,main,158.9,full,1.0,2026-09-23
3529.0,,011717,浦银均衡优选6个月持有混合A,-0.013878418186093366,ret_12m,main,64.0,full,1.0,2026-09-23
3530.0,,160211,国泰中小盘成长混合(LOF),-0.013879573165440307,ret_12m,main,202.0,full,1.0,2026-09-23
3531.0,,021147,财通华臻量化选股混合A,-0.013906423780039256,ret_12m,main,28.6,short,1.0,2026-09-23
3532.0,,010457,广发睿鑫混合A,-0.014093071930847412,ret_12m,main,66.2,full,1.0,2026-09-23
3533.0,,013776,中泰兴为价值精选混合A,-0.014119837680284575,ret_12m,main,56.1,full,1.0,2026-09-23
3534.0,,011992,汇安泓利一年持有期混合C,-0.01418638281101714,ret_12m,main,64.6,full,1.0,2026-09-23
3535.0,,006323,合煦智远嘉选混合A,-0.014227925953888776,ret_12m,main,96.2,full,1.0,2026-09-23
3536.0,,012138,景顺长城安益回报一年持有混合A,-0.014230893503248465,ret_12m,main,63.2,full,1.0,2026-09-23
3537.0,,000612,华宝生态中国混合A,-0.014265957413575947,ret_12m,main,147.4,full,1.0,2026-09-23
3538.0,,002296,长城行业轮动混合A,-0.014309599236223325,ret_12m,main,128.4,full,1.0,2026-09-23
3539.0,,022495,嘉实红利精选混合发起式A,-0.014364778921793886,ret_12m,main,21.0,short,1.0,2026-09-23
3540.0,,233008,大摩消费领航混合,-0.01446629552130596,ret_12m,main,189.7,full,1.0,2026-09-23
3541.0,,020430,华安景气回报混合发起式A,-0.014630186415779844,ret_12m,main,24.1,short,1.0,2026-09-23
3542.0,,019743,银华富兴央企混合发起式A,-0.014761896003720687,ret_12m,main,27.6,short,1.0,2026-09-23
3543.0,,023959,渤海汇金鑫泉平衡混合发起A,-0.01487332977566791,ret_12m,main,14.7,short,1.0,2026-09-23
3544.0,,730002,方正富邦红利精选混合A,-0.01488843631320591,ret_12m,main,166.1,full,1.0,2026-09-23
3545.0,,016754,方正富邦均衡精选混合A,-0.014893618409719922,ret_12m,main,39.9,full,1.0,2026-09-23
3546.0,,010532,广发恒信一年持有期混合A,-0.015053018689767828,ret_12m,main,68.3,full,1.0,2026-09-23
3547.0,,001965,圆信永丰兴源灵活配置混合A,-0.0150862245378105,ret_12m,main,111.1,full,1.0,2026-09-23
3548.0,,009114,鹏扬景泓回报灵活配置混合A,-0.015173682984755077,ret_12m,main,72.5,full,1.0,2026-09-23
3549.0,,008290,华安现代生活混合,-0.01535221262012021,ret_12m,main,76.9,full,1.0,2026-09-23
3550.0,,400025,东方新兴成长混合,-0.015397571820588096,ret_12m,main,144.7,full,1.0,2026-09-23
3551.0,,020117,南华丰元量化选股混合A,-0.015472439088837553,ret_12m,main,32.0,short,1.0,2026-09-23
3552.0,,001487,宝盈优势产业混合A,-0.015598702188379665,ret_12m,main,133.0,full,1.0,2026-09-23
3553.0,,011243,万家惠裕回报6个月持有期混合A,-0.01566383266661786,ret_12m,main,62.9,full,1.0,2026-09-23
3554.0,,020005,国泰金马稳健混合A,-0.015697450690388637,ret_12m,main,267.2,full,1.0,2026-09-23
3555.0,,257050,国联安主题驱动混合A,-0.016038922608396122,ret_12m,main,204.9,full,1.0,2026-09-23
3556.0,,011097,达诚宜创精选混合A,-0.01614886411865535,ret_12m,main,67.9,full,1.0,2026-09-23
3557.0,,017742,中欧行业鑫选混合A,-0.01622783950523332,ret_12m,main,39.3,full,1.0,2026-09-23
3558.0,,013439,嘉实产业优势混合A,-0.016266834660559004,ret_12m,main,55.9,full,1.0,2026-09-23
3559.0,,011046,富国优质企业混合A,-0.01633156150825854,ret_12m,main,66.2,full,1.0,2026-09-23
3560.0,,024452,博时卓睿成长股票A,-0.016378073752650324,ret_12m,main,15.1,short,0.9763,2026-09-23
3561.0,,015578,南方宝祥混合A,-0.016397787038959888,ret_12m,main,49.7,full,1.0,2026-09-23
3562.0,,233009,大摩多因子策略混合A,-0.0165396717961539,ret_12m,main,184.2,full,1.0,2026-09-23
3563.0,,017011,广发安润一年持有期混合A,-0.016640087223581124,ret_12m,main,39.8,full,1.0,2026-09-23
3564.0,,001287,安信优势增长混合A,-0.01667878615330176,ret_12m,main,136.1,full,1.0,2026-09-23
3565.0,,006547,红塔红土盛弘混合A,-0.01679230440335533,ret_12m,main,94.6,full,1.0,2026-09-23
3566.0,,350005,天治中国制造2025,-0.016915220978476753,ret_12m,main,220.5,full,1.0,2026-09-23
3567.0,,023584,中欧红利智选混合A,-0.017005978926822873,ret_12m,main,17.5,short,1.0,2026-09-23
3568.0,,009121,广发招享混合A,-0.017154773457852213,ret_12m,main,77.0,full,1.0,2026-09-23
3569.0,,770001,德邦优化A,-0.01731928593336063,ret_12m,main,167.9,full,1.0,2026-09-23
3570.0,,011389,国都聚成混合,-0.017390939373000514,ret_12m,main,66.0,full,1.0,2026-09-23
3571.0,,002057,中银新机遇混合A,-0.017410367668617366,ret_12m,main,130.1,full,1.0,2026-09-23
3572.0,,000684,长盛养老健康混合A,-0.017474504388914514,ret_12m,main,141.9,full,1.0,2026-09-23
3573.0,,024464,招商价值严选混合,-0.017501910826402955,ret_12m,main,14.9,short,0.9605,2026-09-23
3574.0,,519918,华夏兴和混合A,-0.017552168405147506,ret_12m,main,147.1,full,1.0,2026-09-23
3575.0,,550008,中信保诚优胜精选混合A,-0.017628891529434143,ret_12m,main,204.9,full,1.0,2026-09-23
3576.0,,009960,银华多元机遇混合,-0.017776943969106784,ret_12m,main,72.4,full,1.0,2026-09-23
3577.0,,005498,银华积极成长混合A,-0.01778536872451908,ret_12m,main,101.8,full,1.0,2026-09-23
3578.0,,009312,前海联合价值优选混合A,-0.01779309515935612,ret_12m,main,74.5,full,1.0,2026-09-23
3579.0,,165512,中信保诚新机遇混合(LOF),-0.017845729517176334,ret_12m,main,181.7,full,1.0,2026-09-23
3580.0,,001445,华安国企改革主题灵活配置混合A,-0.017850019142046536,ret_12m,main,134.8,full,1.0,2026-09-23
3581.0,,002489,国泰民福策略价值混合A,-0.01805509271821093,ret_12m,main,125.8,full,1.0,2026-09-23
3582.0,,001312,华安新优选灵活配置混合A,-0.018105041035729297,ret_12m,main,135.9,full,1.0,2026-09-23
3583.0,,012408,广发恒昌一年持有混合A,-0.018117150712727126,ret_12m,main,62.4,full,1.0,2026-09-23
3584.0,,010597,创金合信景雯灵活配置混合A,-0.01816886359091463,ret_12m,main,67.1,full,1.0,2026-09-23
3585.0,,001720,工银新增利混合,-0.018222075481640232,ret_12m,main,116.8,full,1.0,2026-09-23
3586.0,,008719,德邦安顺混合A,-0.01823572106799798,ret_12m,main,67.1,full,1.0,2026-09-23
3587.0,,000916,前海开源股息率100强股票A,-0.018335902533383797,ret_12m,main,140.3,full,1.0,2026-09-23
3588.0,,013326,万家景气驱动混合A,-0.018362846056634075,ret_12m,main,55.9,full,1.0,2026-09-23
3589.0,,400013,东方成长收益灵活配置混合A,-0.018393523817696433,ret_12m,main,185.3,full,1.0,2026-09-23
3590.0,,018806,华安国企机遇混合A,-0.018434878861957604,ret_12m,main,31.9,short,1.0,2026-09-23
3591.0,,001635,万家瑞益灵活配置混合A,-0.018573568923344386,ret_12m,main,129.5,full,1.0,2026-09-23
3592.0,,002581,招商丰凯混合A,-0.018663276047427457,ret_12m,main,121.0,full,1.0,2026-09-23
3593.0,,020186,上银国企红利混合发起式A,-0.018663561382038396,ret_12m,main,30.7,short,1.0,2026-09-23
3594.0,,070032,嘉实优化红利混合A,-0.018790200332355123,ret_12m,main,170.9,full,1.0,2026-09-23
3595.0,,005933,前海联合先进制造混合A,-0.01899980263936052,ret_12m,main,92.9,full,1.0,2026-09-23
3596.0,,000196,工银成长收益混合B,-0.019158255044843808,ret_12m,main,158.9,full,1.0,2026-09-23
3597.0,,008545,泓德丰润三年持有期混合,-0.019236779682023974,ret_12m,main,80.3,full,1.0,2026-09-23
3598.0,,005037,银华新能源新材料A,-0.01932609594429513,ret_12m,main,108.3,full,1.0,2026-09-23
3599.0,,620006,金元顺安消费主题混合,-0.019445347793977663,ret_12m,main,192.3,full,1.0,2026-09-23
3600.0,,007251,广发睿享稳健增利混合A,-0.019455780644673015,ret_12m,main,85.1,full,1.0,2026-09-23
3601.0,,023082,东方红慧选成长混合A,-0.019501367943951964,ret_12m,main,12.5,short,0.9526,2026-09-23
3602.0,,002767,泰康宏泰回报混合A,-0.01967647953273044,ret_12m,main,123.5,full,1.0,2026-09-23
3603.0,,008704,广发高股息优享混合A,-0.01978984729807587,ret_12m,main,80.1,full,1.0,2026-09-23
3604.0,,004453,前海开源盈鑫A,-0.019922407484497584,ret_12m,main,114.1,full,1.0,2026-09-23
3605.0,,260110,景顺长城精选蓝筹混合,-0.020006878651184112,ret_12m,main,231.2,full,1.0,2026-09-23
3606.0,,011816,融通多元收益一年持有期混合,-0.020187193378979895,ret_12m,main,61.7,full,1.0,2026-09-23
3607.0,,023169,兴证资管国企红利优选混合发起式A,-0.02022288783919679,ret_12m,main,20.4,short,1.0,2026-09-23
3608.0,,090004,大成精选增值混合A,-0.02033606927340248,ret_12m,main,261.3,full,1.0,2026-09-23
3609.0,,022223,泉果消费机遇混合发起式A,-0.0203471086687651,ret_12m,main,23.9,short,1.0,2026-09-23
3610.0,,019497,博道明远混合A,-0.020358888780080187,ret_12m,main,31.8,short,1.0,2026-09-23
3611.0,,012661,广发恒益一年持有期混合A,-0.020446555367400032,ret_12m,main,61.7,full,1.0,2026-09-23
3612.0,,011363,南方兴润价值一年持有混合A,-0.020472162629070367,ret_12m,main,67.6,full,1.0,2026-09-23
3613.0,,018620,兴全兴晨六个月持有混合A,-0.020521791569570125,ret_12m,main,37.7,full,1.0,2026-09-23
3614.0,,002300,长盛医疗量化股票A,-0.020737350245807473,ret_12m,main,127.6,full,1.0,2026-09-23
3615.0,,008107,华商医药医疗行业股票,-0.020756445665921275,ret_12m,main,80.9,full,1.0,2026-09-23
3616.0,,007139,富国民裕进取沪港深成长A,-0.020843373137600874,ret_12m,main,88.1,full,1.0,2026-09-23
3617.0,,019718,摩根悦享回报6个月持有期混合A,-0.021004809596843588,ret_12m,main,27.4,short,1.0,2026-09-23
3618.0,,023433,金元顺安乾利混合A,-0.021029885638675805,ret_12m,main,12.8,short,0.9565,2026-09-23
3619.0,,002657,招商安裕灵活配置混合A,-0.02104390941677947,ret_12m,main,123.1,full,1.0,2026-09-23
3620.0,,005341,长安裕泰混合A,-0.021222547922739587,ret_12m,main,104.9,full,1.0,2026-09-23
3621.0,,003345,安信新成长混合A,-0.02128682593707043,ret_12m,main,119.8,full,1.0,2026-09-23
3622.0,,010712,中欧瑾利混合A,-0.0215403998903404,ret_12m,main,68.8,full,1.0,2026-09-23
3623.0,,002919,东吴智慧医疗量化混合A,-0.02155401482672925,ret_12m,main,121.4,full,1.0,2026-09-23
3624.0,,011748,华泰柏瑞景气成长混合A,-0.02160345308763989,ret_12m,main,60.3,full,1.0,2026-09-23
3625.0,,008294,朱雀企业优胜A,-0.021732711009547212,ret_12m,main,76.1,full,1.0,2026-09-23
3626.0,,024413,中欧核心价值混合发起A,-0.02173274937130021,ret_12m,main,13.5,short,1.0,2026-09-23
3627.0,,018101,贝莱德卓越远航混合A,-0.021764402970553154,ret_12m,main,28.1,short,1.0,2026-09-23
3628.0,,024794,鑫元医药睿选混合发起式A,-0.02178091737069543,ret_12m,main,14.2,short,1.0,2026-09-23
3629.0,,160910,大成创新成长混合(LOF)A,-0.021791374478257075,ret_12m,main,231.1,full,1.0,2026-09-23
3630.0,,690003,民生加银精选混合,-0.021920926100121085,ret_12m,main,199.6,full,1.0,2026-09-23
3631.0,,013983,中金稳健增长混合A,-0.022020870952463745,ret_12m,main,54.3,full,1.0,2026-09-23
3632.0,,022157,东兴红利优选混合A,-0.022142733544809445,ret_12m,main,21.9,short,1.0,2026-09-23
3633.0,,009230,鹏华安和混合A,-0.022179845287623845,ret_12m,main,75.2,full,1.0,2026-09-23
3634.0,,000567,广发聚祥灵活混合,-0.022204569297744614,ret_12m,main,149.2,full,1.0,2026-09-23
3635.0,,019991,中欧红利精选混合发起A,-0.022417749830402456,ret_12m,main,26.3,short,1.0,2026-09-23
3636.0,,005662,嘉实金融精选股票A,-0.022483593620830633,ret_12m,main,102.3,full,1.0,2026-09-23
3637.0,,020168,广发信远回报混合A,-0.02248996585225671,ret_12m,main,31.5,short,1.0,2026-09-23
3638.0,,006121,华安双核驱动混合A,-0.022667542981400612,ret_12m,main,90.5,full,1.0,2026-09-23
3639.0,,070006,嘉实服务增值行业混合,-0.022790218919967242,ret_12m,main,269.7,full,1.0,2026-09-23
3640.0,,400007,东方策略成长混合,-0.02280464371773705,ret_12m,main,219.7,full,1.0,2026-09-23
3641.0,,009667,鹏华安庆混合A,-0.022823163694447923,ret_12m,main,75.0,full,1.0,2026-09-23
3642.0,,000649,长城久鑫混合A,-0.022979638272261904,ret_12m,main,145.8,full,1.0,2026-09-23
3643.0,,018159,国泰创新医疗混合发起A,-0.023064060378673035,ret_12m,main,41.2,full,1.0,2026-09-23
3644.0,,010746,富安达长三角区域主题混合A,-0.023093247624633495,ret_12m,main,69.0,full,1.0,2026-09-23
3645.0,,161605,融通蓝筹成长混合A/B,-0.0230995507948214,ret_12m,main,275.8,full,1.0,2026-09-23
3646.0,,000679,招商丰利灵活配置混合A,-0.02314112318089734,ret_12m,main,145.4,full,1.0,2026-09-23
3647.0,,014706,华富匠心明选一年持有混合A,-0.02326031441199905,ret_12m,main,54.0,full,1.0,2026-09-23
3648.0,,011460,鹏华创新成长混合A,-0.023387304640110962,ret_12m,main,66.5,full,1.0,2026-09-23
3649.0,,168101,九泰锐智事件驱动混合(LOF),-0.02343841554039805,ret_12m,main,133.3,full,1.0,2026-09-23
3650.0,,018549,金鹰研究驱动混合A,-0.023501921592953612,ret_12m,main,32.2,short,1.0,2026-09-23
3651.0,,003993,前海开源沪港深核心驱动混合,-0.023516830417223522,ret_12m,main,117.3,full,1.0,2026-09-23
3652.0,,005552,国富新趋势混合A,-0.023677872320614246,ret_12m,main,103.5,full,1.0,2026-09-23
3653.0,,010163,财通资管价值精选一年持有混合A,-0.023741153413180616,ret_12m,main,64.0,full,1.0,2026-09-23
3654.0,,008866,博时产业新趋势混合A,-0.023758165954854804,ret_12m,main,79.2,full,1.0,2026-09-23
3655.0,,004900,财通资管鑫锐混合A,-0.02388514479142112,ret_12m,main,105.6,full,1.0,2026-09-23
3656.0,,005331,益民优势安享混合A,-0.023984349800634464,ret_12m,main,101.0,full,1.0,2026-09-23
3657.0,,001223,鹏华文化传媒娱乐股票,-0.024139525500438408,ret_12m,main,127.9,full,1.0,2026-09-23
3658.0,,005492,农银汇理研究驱动混合,-0.024156507354998413,ret_12m,main,104.0,full,1.0,2026-09-23
3659.0,,161706,招商优质成长混合(LOF),-0.024321318531889125,ret_12m,main,250.2,full,1.0,2026-09-23
3660.0,,019876,广发均衡成长混合A,-0.02450528795928608,ret_12m,main,29.0,short,1.0,2026-09-23
3661.0,,013767,平安价值回报混合A,-0.024702069759493406,ret_12m,main,53.3,full,1.0,2026-09-23
3662.0,,020801,易方达红利混合A,-0.024796436239373665,ret_12m,main,26.2,short,1.0,2026-09-23
3663.0,,006051,鹏扬核心价值灵活配置A,-0.024972479550545046,ret_12m,main,91.8,full,1.0,2026-09-23
3664.0,,005521,华安红利精选混合A,-0.025006639531782282,ret_12m,main,104.1,full,1.0,2026-09-23
3665.0,,000926,中信建投睿信灵活配置混合A,-0.02511130579167653,ret_12m,main,139.6,full,1.0,2026-09-23
3666.0,,001500,泓德远见回报混合,-0.025251993428164643,ret_12m,main,133.0,full,1.0,2026-09-23
3667.0,,005395,泓德臻远回报混合,-0.02528709067559487,ret_12m,main,100.7,full,1.0,2026-09-23
3668.0,,240008,华宝收益增长混合A,-0.02530547665396221,ret_12m,main,243.3,full,1.0,2026-09-23
3669.0,,009366,浦银科技创新一年持有混合A,-0.02531370364193941,ret_12m,main,69.3,full,1.0,2026-09-23
3670.0,,001319,农银信息传媒股票A,-0.02547717651217818,ret_12m,main,135.0,full,1.0,2026-09-23
3671.0,,040007,华安中小盘成长混合,-0.025621154930461132,ret_12m,main,233.2,full,1.0,2026-09-23
3672.0,,000729,建信中小盘先锋股票A,-0.0256387673692291,ret_12m,main,145.1,full,1.0,2026-09-23
3673.0,,020884,鹏华成长先锋混合A,-0.025663349356622622,ret_12m,main,24.9,short,1.0,2026-09-23
3674.0,,090016,大成消费主题混合A,-0.025769133971167535,ret_12m,main,178.5,full,1.0,2026-09-23
3675.0,,006595,广发港股通优质增长混合A,-0.02579337871765386,ret_12m,main,88.6,full,1.0,2026-09-23
3676.0,,162207,宏利效率优选混合(LOF),-0.026039325338819586,ret_12m,main,244.4,full,1.0,2026-09-23
3677.0,,014228,浦银品质优选混合A,-0.026255022738030154,ret_12m,main,56.8,full,1.0,2026-09-23
3678.0,,160106,南方高增长混合(LOF),-0.02651965572591286,ret_12m,main,254.4,full,1.0,2026-09-23
3679.0,,005039,鹏扬景兴混合A,-0.026634447561197816,ret_12m,main,107.9,full,1.0,2026-09-23
3680.0,,011733,银华瑞祥一年持有期混合,-0.026857601494843397,ret_12m,main,64.8,full,1.0,2026-09-23
3681.0,,004403,平安股息精选沪港深A,-0.02708548886487483,ret_12m,main,112.2,full,1.0,2026-09-23
3682.0,,004442,中欧康裕混合A,-0.02718308202240871,ret_12m,main,114.3,full,1.0,2026-09-23
3683.0,,021273,摩根均衡精选混合A,-0.027324687653093926,ret_12m,main,24.6,short,1.0,2026-09-23
3684.0,,014053,太平睿庆混合A,-0.027427513528246794,ret_12m,main,57.1,full,1.0,2026-09-23
3685.0,,008063,汇添富大盘核心资产混合A,-0.027714096608624228,ret_12m,main,80.5,full,1.0,2026-09-23
3686.0,,021857,东方红远见精选混合A,-0.02782724848680318,ret_12m,main,18.6,short,1.0,2026-09-23
3687.0,,010929,大成核心价值甄选混合A,-0.02800995128256567,ret_12m,main,66.3,full,1.0,2026-09-23
3688.0,,005043,国寿安保健康科学混合A,-0.02835989406832573,ret_12m,main,106.7,full,1.0,2026-09-23
3689.0,,501092,交银瑞思混合(LOF),-0.028573613881351823,ret_12m,main,79.0,full,1.0,2026-09-23
3690.0,,006109,富荣价值精选混合A,-0.028574846367946383,ret_12m,main,97.4,full,1.0,2026-09-23
3691.0,,011518,嘉实价值臻选混合A,-0.028620766179161095,ret_12m,main,64.9,full,1.0,2026-09-23
3692.0,,019971,融通蓝筹成长混合C,-0.02864483783798588,ret_12m,main,34.5,short,1.0,2026-09-23
3693.0,,012533,嘉实价值驱动一年持有期混合A,-0.02875041110607912,ret_12m,main,61.9,full,1.0,2026-09-23
3694.0,,762001,国金国鑫发起A,-0.02887759319049088,ret_12m,main,168.8,full,1.0,2026-09-23
3695.0,,004244,东方周期优选灵活配置混合A,-0.029060323600288762,ret_12m,main,114.3,full,1.0,2026-09-23
3696.0,,018862,大成创优鑫选混合A,-0.02932384172922664,ret_12m,main,12.9,short,0.9644,2026-09-23
3697.0,,016774,中信建投红利智选混合A,-0.029368957675583784,ret_12m,main,46.9,full,1.0,2026-09-23
3698.0,,004314,前海开源沪港深新硬件A,-0.02955507738293539,ret_12m,main,114.4,full,1.0,2026-09-23
3699.0,,050026,博时医疗保健行业混合A,-0.029566065533420116,ret_12m,main,168.8,full,1.0,2026-09-23
3700.0,,020364,博时卓越成长混合A,-0.029679841110035077,ret_12m,main,31.8,short,1.0,2026-09-23
3701.0,,005689,中银医疗保健混合A,-0.02968487023712285,ret_12m,main,99.4,full,1.0,2026-09-23
3702.0,,017400,贝莱德行业优选混合A,-0.02972370770477717,ret_12m,main,41.9,full,1.0,2026-09-23
3703.0,,006511,博道卓远混合A,-0.02975988723651246,ret_12m,main,94.5,full,1.0,2026-09-23
3704.0,,009630,浦银ESG责任投资混合A,-0.029782726086105327,ret_12m,main,66.3,full,1.0,2026-09-23
3705.0,,019727,国泰招享添利六个月持有混合发起A,-0.02979337183806252,ret_12m,main,32.5,short,1.0,2026-09-23
3706.0,,002282,平安安享灵活配置混合A,-0.029901649117748175,ret_12m,main,127.6,full,1.0,2026-09-23
3707.0,,320022,诺安研究精选股票A,-0.030005953576562994,ret_12m,main,165.4,full,1.0,2026-09-23
3708.0,,020098,万家惠诚回报平衡一年持有期混合A,-0.03003513936748481,ret_12m,main,30.2,short,1.0,2026-09-23
3709.0,,009345,中银顺兴回报一年持有混合A,-0.030228881618748593,ret_12m,main,75.2,full,1.0,2026-09-23
3710.0,,003373,大成景禄灵活配置混合A,-0.030394937406064804,ret_12m,main,119.8,full,1.0,2026-09-23
3711.0,,013993,中欧光熠一年持有混合A,-0.030694435000688025,ret_12m,main,54.7,full,1.0,2026-09-23
3712.0,,005323,前海开源泽鑫混合A,-0.030703849494130964,ret_12m,main,104.0,full,1.0,2026-09-23
3713.0,,024678,东海产业优选混合发起式A,-0.030712898982466985,ret_12m,main,13.4,short,1.0,2026-09-23
3714.0,,001357,泓德泓富混合A,-0.03079611342833255,ret_12m,main,135.5,full,1.0,2026-09-23
3715.0,,006122,华安低碳生活混合A,-0.0309128360726183,ret_12m,main,90.4,full,1.0,2026-09-23
3716.0,,013630,嘉实均衡臻选一年持有混合A,-0.030931127745554954,ret_12m,main,57.5,full,1.0,2026-09-23
3717.0,,008134,鹏华优选价值股票A,-0.031030214824213642,ret_12m,main,81.2,full,1.0,2026-09-23
3718.0,,014114,广发沪港深医药混合A,-0.031163026797098592,ret_12m,main,56.8,full,1.0,2026-09-23
3719.0,,006923,前海开源沪港深非周期股票A,-0.031285981058162826,ret_12m,main,90.4,full,1.0,2026-09-23
3720.0,,012003,招商价值成长混合A,-0.03145336372953189,ret_12m,main,61.1,full,1.0,2026-09-23
3721.0,,420003,天弘永定价值成长混合A,-0.03153194585686836,ret_12m,main,213.7,full,1.0,2026-09-23
3722.0,,000696,汇添富环保行业股票,-0.031553751326567125,ret_12m,main,144.2,full,1.0,2026-09-23
3723.0,,020147,兴银价值平衡混合A,-0.031711753511309726,ret_12m,main,30.1,short,1.0,2026-09-23
3724.0,,005812,鹏华产业精选混合A,-0.031811090252519825,ret_12m,main,100.5,full,1.0,2026-09-23
3725.0,,519694,交银蓝筹混合,-0.03196991533642002,ret_12m,main,229.5,full,1.0,2026-09-23
3726.0,,590005,中邮核心主题混合A,-0.031980102634017515,ret_12m,main,196.2,full,1.0,2026-09-23
3727.0,,001306,中欧永裕混合A,-0.03222075960290549,ret_12m,main,135.7,full,1.0,2026-09-23
3728.0,,021202,汇添富均衡回报混合发起式A,-0.0322911669456345,ret_12m,main,27.4,short,1.0,2026-09-23
3729.0,,001044,嘉实新消费股票A,-0.032570513025709014,ret_12m,main,138.1,full,1.0,2026-09-23
3730.0,,010273,嘉实价值长青混合A,-0.03296617432263427,ret_12m,main,69.0,full,1.0,2026-09-23
3731.0,,010413,财通资管宸瑞一年持有混合A,-0.03327680785063003,ret_12m,main,68.1,full,1.0,2026-09-23
3732.0,,012445,华富新能源股票型发起式A,-0.033279295817061794,ret_12m,main,62.8,full,1.0,2026-09-23
3733.0,,005833,工银红利优享混合A,-0.03333195058179861,ret_12m,main,92.9,full,1.0,2026-09-23
3734.0,,002653,泰康沪港深精选混合,-0.03342572172148439,ret_12m,main,123.6,full,1.0,2026-09-23
3735.0,,017824,华安新材料主题股票发起式A,-0.033607568345693783,ret_12m,main,34.3,short,1.0,2026-09-23
3736.0,,003715,宝盈消费主题混合,-0.03360771516373051,ret_12m,main,116.1,full,1.0,2026-09-23
3737.0,,010832,国泰合益混合A,-0.03371229438064749,ret_12m,main,67.7,full,1.0,2026-09-23
3738.0,,010222,大摩民丰盈和一年持有混合,-0.03386034382639891,ret_12m,main,67.9,full,1.0,2026-09-23
3739.0,,015071,鑫元专精特新混合A,-0.03388274006323799,ret_12m,main,51.2,full,1.0,2026-09-23
3740.0,,010081,泰康浩泽混合A,-0.034147210216829316,ret_12m,main,63.7,full,1.0,2026-09-23
3741.0,,005732,富国臻选成长灵活配置混合A,-0.03415181479374829,ret_12m,main,97.3,full,1.0,2026-09-23
3742.0,,014103,富安达成长价值一年持有期混合A,-0.03456276772448075,ret_12m,main,56.8,full,1.0,2026-09-23
3743.0,,020224,创金合信均益量化选股混合A,-0.03457977508738819,ret_12m,main,26.9,short,1.0,2026-09-23
3744.0,,017034,中信建投科技主题6个月持有混合A,-0.034613202523293696,ret_12m,main,45.3,full,1.0,2026-09-23
3745.0,,021476,银河ESG主题混合发起式A,-0.03486517421985913,ret_12m,main,27.2,short,1.0,2026-09-23
3746.0,,018240,嘉实制造升级股票发起式A,-0.034866255028330295,ret_12m,main,38.0,full,1.0,2026-09-23
3747.0,,002497,东方盛世灵活配置混合A,-0.03527412916271533,ret_12m,main,125.3,full,1.0,2026-09-23
3748.0,,018364,银华医疗健康混合A,-0.0355207921826487,ret_12m,main,36.6,full,1.0,2026-09-23
3749.0,,012576,富国诚益回报12个月持有混合A,-0.03558826456374897,ret_12m,main,61.1,full,1.0,2026-09-23
3750.0,,007493,朱雀产业臻选混合A,-0.03568863920264265,ret_12m,main,86.9,full,1.0,2026-09-23
3751.0,,011531,朱雀恒心一年持有混合,-0.03570241836687427,ret_12m,main,66.8,full,1.0,2026-09-23
3752.0,,007202,天弘优质成长企业A,-0.03571091383511238,ret_12m,main,83.2,full,1.0,2026-09-23
3753.0,,012193,泓德睿诚混合A,-0.035746724880438285,ret_12m,main,60.9,full,1.0,2026-09-23
3754.0,,003484,金鹰鑫益混合A,-0.03581615110694658,ret_12m,main,118.2,full,1.0,2026-09-23
3755.0,,013886,华商新能源汽车混合A,-0.035841592398886624,ret_12m,main,58.2,full,1.0,2026-09-23
3756.0,,022492,金元顺安鑫怡混合发起式A,-0.035855747289635476,ret_12m,main,18.7,short,1.0,2026-09-23
3757.0,,012765,广发大盘价值混合A,-0.035885615647575864,ret_12m,main,57.5,full,1.0,2026-09-23
3758.0,,000471,富国城镇发展股票,-0.03622240847661895,ret_12m,main,151.8,full,1.0,2026-09-23
3759.0,,001363,长城久惠灵活配置混合A,-0.03622635917615746,ret_12m,main,133.9,full,1.0,2026-09-23
3760.0,,010906,博远优享混合A,-0.03642825876035127,ret_12m,main,65.8,full,1.0,2026-09-23
3761.0,,000844,南方绝对收益,-0.036440565302404915,ret_12m,main,141.7,full,1.0,2026-09-23
3762.0,,014708,天弘臻选健康混合A,-0.036561037936624685,ret_12m,main,54.2,full,1.0,2026-09-23
3763.0,,009347,国联价值成长6个月持有混合A,-0.03670123167898032,ret_12m,main,73.6,full,1.0,2026-09-23
3764.0,,010347,农银策略收益一年持有混合,-0.03691927660780425,ret_12m,main,67.8,full,1.0,2026-09-23
3765.0,,010425,国投瑞银开放视角精选混合A,-0.037127159676836,ret_12m,main,67.7,full,1.0,2026-09-23
3766.0,,001558,天弘医疗健康混合A,-0.03739949764110628,ret_12m,main,134.8,full,1.0,2026-09-23
3767.0,,002189,农银汇理国企改革混合,-0.03755160045065986,ret_12m,main,123.7,full,1.0,2026-09-23
3768.0,,001449,华商双驱优选混合,-0.03755424418294173,ret_12m,main,134.5,full,1.0,2026-09-23
3769.0,,010336,中欧悦享生活混合A,-0.03763047623293392,ret_12m,main,68.5,full,1.0,2026-09-23
3770.0,,006601,国融融泰灵活配置混合A,-0.037715781728318465,ret_12m,main,91.8,full,1.0,2026-09-23
3771.0,,002649,民生智造2025灵活配置混合,-0.03781977597194697,ret_12m,main,103.5,full,1.0,2026-09-23
3772.0,,018890,大成锐见未来混合A,-0.037845656166147545,ret_12m,main,36.1,full,1.0,2026-09-23
3773.0,,018381,安信红利精选混合A,-0.038007907530340224,ret_12m,main,34.3,short,1.0,2026-09-23
3774.0,,016997,创金合信产业臻选平衡混合A,-0.038044553415545024,ret_12m,main,42.8,full,1.0,2026-09-23
3775.0,,213001,宝盈鸿利收益灵活配置混合A,-0.03836299272539523,ret_12m,main,287.5,full,1.0,2026-09-23
3776.0,,001703,银华沪港深增长股票A,-0.03855690638978648,ret_12m,main,121.4,full,1.0,2026-09-23
3777.0,,000767,华富国泰民安灵活配置混合A,-0.038633333503389156,ret_12m,main,139.6,full,1.0,2026-09-23
3778.0,,004040,金鹰医疗健康产业A,-0.03863728891633278,ret_12m,main,109.7,full,1.0,2026-09-23
3779.0,,000326,南方中小盘成长股票A,-0.03885942173192802,ret_12m,main,130.9,full,1.0,2026-09-23
3780.0,,012086,博时健康生活混合A,-0.03930255238922775,ret_12m,main,63.9,full,1.0,2026-09-23
3781.0,,160311,华夏蓝筹混合(LOF)A,-0.03935252335975248,ret_12m,main,232.5,full,1.0,2026-09-23
3782.0,,005209,东吴双三角股票A,-0.03942706422826425,ret_12m,main,105.6,full,1.0,2026-09-23
3783.0,,000120,中银美丽中国混合A,-0.03951069115060002,ret_12m,main,159.5,full,1.0,2026-09-23
3784.0,,002003,工银新机遇灵活配置混合A,-0.03951422273834149,ret_12m,main,113.3,full,1.0,2026-09-23
3785.0,,017063,申万菱信乐成混合A,-0.03962847910813505,ret_12m,main,42.1,full,1.0,2026-09-23
3786.0,,009468,博时健康成长双周定期可赎回混合A,-0.03968231829330682,ret_12m,main,75.2,full,1.0,2026-09-23
3787.0,,001167,金鹰科技创新股票A,-0.03982584322683447,ret_12m,main,136.8,full,1.0,2026-09-23
3788.0,,017079,格林鑫利六个月持有期混合A,-0.039900147835794764,ret_12m,main,42.2,full,1.0,2026-09-23
3789.0,,010922,朱雀匠心一年持有,-0.04021106546987396,ret_12m,main,69.1,full,1.0,2026-09-23
3790.0,,010668,工银优选对冲灵活配置混合发起A,-0.04022350642845729,ret_12m,main,68.8,full,1.0,2026-09-23
3791.0,,011468,国富竞争优势三年持有期混合A,-0.04040437725129187,ret_12m,main,64.3,full,1.0,2026-09-23
3792.0,,018698,国投瑞银盛煊混合A,-0.04046228674277397,ret_12m,main,32.9,short,1.0,2026-09-23
3793.0,,519130,海富通新内需混合A,-0.04061942575096267,ret_12m,main,141.9,full,1.0,2026-09-23
3794.0,,009154,海富通富盈混合A,-0.040625404126141684,ret_12m,main,76.1,full,1.0,2026-09-23
3795.0,,008271,大成优势企业混合A,-0.04088061452251157,ret_12m,main,81.0,full,1.0,2026-09-23
3796.0,,019864,浦银高端装备混合A,-0.04102593254873377,ret_12m,main,29.9,short,1.0,2026-09-23
3797.0,,008276,财通资管价值发现混合A,-0.04146146748603807,ret_12m,main,78.0,full,1.0,2026-09-23
3798.0,,019340,西部利得研究精选混合A,-0.04173705357528523,ret_12m,main,29.9,short,1.0,2026-09-23
3799.0,,010764,九泰锐升混合,-0.04176159632594367,ret_12m,main,68.1,full,1.0,2026-09-23
3800.0,,008819,农银汇理策略趋势混合,-0.04179282261894002,ret_12m,main,78.4,full,1.0,2026-09-23
3801.0,,006952,中银景元回报混合,-0.041955627403196916,ret_12m,main,90.0,full,1.0,2026-09-23
3802.0,,009693,富国积极成长一年定开混合,-0.04196843954608809,ret_12m,main,75.3,full,1.0,2026-09-23
3803.0,,019628,中金成长领航混合发起A,-0.04201612013992173,ret_12m,main,23.3,short,1.0,2026-09-23
3804.0,,004340,泰康兴泰回报沪港深混合A,-0.042071202375777106,ret_12m,main,111.3,full,1.0,2026-09-23
3805.0,,021985,财通资管先进制造混合发起式A,-0.042137102826066974,ret_12m,main,23.3,short,1.0,2026-09-23
3806.0,,630015,华商大盘量化精选混合,-0.042306600851144904,ret_12m,main,161.5,full,1.0,2026-09-23
3807.0,,163001,长信医疗保健混合(LOF)A,-0.042450965191578316,ret_12m,main,197.9,full,1.0,2026-09-23
3808.0,,450009,国富中小盘股票A,-0.04252851866472651,ret_12m,main,190.0,full,1.0,2026-09-23
3809.0,,009999,东方中国红利混合,-0.04253693532218317,ret_12m,main,71.8,full,1.0,2026-09-23
3810.0,,024934,华夏臻选回报混合B,-0.04259370706454835,ret_12m,main,13.4,short,1.0,2026-09-23
3811.0,,160526,博时优势企业灵活配置混合A,-0.0427540276703261,ret_12m,main,87.7,full,1.0,2026-09-23
3812.0,,024454,景顺长城成长同行混合,-0.04288638300446157,ret_12m,main,14.9,short,0.9605,2026-09-23
3813.0,,001747,易方达瑞祺混合A,-0.042930284484914094,ret_12m,main,103.8,full,1.0,2026-09-23
3814.0,,011775,格林鑫悦一年持有期混合A,-0.04294270376117493,ret_12m,main,63.5,full,1.0,2026-09-23
3815.0,,018446,工银领航三年持有混合,-0.043081107478422864,ret_12m,main,39.4,full,1.0,2026-09-23
3816.0,,004350,汇丰晋信价值先锋股票A,-0.04314065496761921,ret_12m,main,94.3,full,1.0,2026-09-23
3817.0,,270021,广发聚瑞混合A,-0.04319568252540473,ret_12m,main,207.2,full,1.0,2026-09-23
3818.0,,110023,易方达医疗保健行业混合A,-0.0434839725735402,ret_12m,main,187.8,full,1.0,2026-09-23
3819.0,,011006,工银圆丰三年持有期混合,-0.043637320373302924,ret_12m,main,68.3,full,1.0,2026-09-23
3820.0,,010141,朱雀企业优选A,-0.043756293386713496,ret_12m,main,72.0,full,1.0,2026-09-23
3821.0,,021271,华泰紫金远见回报12个月持有混合A,-0.043794114488575064,ret_12m,main,27.3,short,1.0,2026-09-23
3822.0,,011548,九泰久慧混合A,-0.04395286283679667,ret_12m,main,64.2,full,1.0,2026-09-23
3823.0,,016067,鹏华新能源汽车混合A,-0.04408914582197898,ret_12m,main,49.9,full,1.0,2026-09-23
3824.0,,008480,永赢股息优选A,-0.044385626360910924,ret_12m,main,78.0,full,1.0,2026-09-23
3825.0,,009332,博时恒裕持有期混合A,-0.04472412392545699,ret_12m,main,76.2,full,1.0,2026-09-23
3826.0,,014352,东方创新成长混合A,-0.04483672277300921,ret_12m,main,53.2,full,1.0,2026-09-23
3827.0,,020491,万家医药量化选股混合发起式A,-0.04490162539477649,ret_12m,main,32.4,short,1.0,2026-09-23
3828.0,,014585,银华心兴三年持有混合A,-0.04490572129012593,ret_12m,main,56.1,full,1.0,2026-09-23
3829.0,,660010,农银策略精选混合,-0.04499905571566487,ret_12m,main,180.6,full,1.0,2026-09-23
3830.0,,004048,华夏新锦汇混合A,-0.04553463273480285,ret_12m,main,114.5,full,1.0,2026-09-23
3831.0,,021650,东方红红利量化选股混合发起A,-0.045572442344800956,ret_12m,main,24.9,short,1.0,2026-09-23
3832.0,,009700,长江添利混合A,-0.04586063134186236,ret_12m,main,73.6,full,1.0,2026-09-23
3833.0,,019941,富国洞见价值股票A,-0.04602258507961543,ret_12m,main,33.0,short,1.0,2026-09-23
3834.0,,011203,永赢惠添益混合A,-0.04618982082835155,ret_12m,main,66.3,full,1.0,2026-09-23
3835.0,,005848,银华裕利混合发起式A,-0.046263863935470995,ret_12m,main,93.5,full,1.0,2026-09-23
3836.0,,009846,国富港股通远见价值混合A,-0.04638719765556876,ret_12m,main,73.2,full,1.0,2026-09-23
3837.0,,001791,大成绝对收益策略混合A,-0.04682119586321454,ret_12m,main,132.0,full,1.0,2026-09-23
3838.0,,255010,国联安稳健混合A,-0.04684462540268275,ret_12m,main,277.5,full,1.0,2026-09-23
3839.0,,001660,富安达行业轮动混合,-0.04692736142408582,ret_12m,main,101.7,full,1.0,2026-09-23
3840.0,,010996,招商品质升级混合A,-0.047126571570699105,ret_12m,main,66.6,full,1.0,2026-09-23
3841.0,,070018,嘉实回报混合,-0.047271024719586885,ret_12m,main,205.2,full,1.0,2026-09-23
3842.0,,000127,农银行业领先混合,-0.04732732002676365,ret_12m,main,158.9,full,1.0,2026-09-23
3843.0,,020001,国泰金鹰增长混合,-0.047513563263943626,ret_12m,main,292.5,full,1.0,2026-09-23
3844.0,,016746,浦银光耀优选混合A,-0.04796544158920246,ret_12m,main,43.3,full,1.0,2026-09-23
3845.0,,009119,广发品质回报混合A,-0.048134858030374095,ret_12m,main,75.5,full,1.0,2026-09-23
3846.0,,001616,嘉实环保低碳股票,-0.0482033002799217,ret_12m,main,128.8,full,1.0,2026-09-23
3847.0,,006202,交银核心资产混合A,-0.0484765774878263,ret_12m,main,92.2,full,1.0,2026-09-23
3848.0,,024935,华夏臻选回报混合C,-0.048505513826931135,ret_12m,main,13.4,short,1.0,2026-09-23
3849.0,,160505,博时主题行业混合(LOF),-0.048542592219953384,ret_12m,main,260.5,full,1.0,2026-09-23
3850.0,,018377,融通远见价值一年持有期混合A,-0.04865819566326646,ret_12m,main,38.2,full,1.0,2026-09-23
3851.0,,673120,西部利得新富混合A,-0.04879174748045001,ret_12m,main,111.2,full,1.0,2026-09-23
3852.0,,004393,安信企业价值优选混合A,-0.0489393614187934,ret_12m,main,113.8,full,1.0,2026-09-23
3853.0,,013847,华泰柏瑞匠心汇选混合A,-0.048962840076511416,ret_12m,main,54.7,full,1.0,2026-09-23
3854.0,,019430,国联安价值甄选混合,-0.04896558377633564,ret_12m,main,28.3,short,1.0,2026-09-23
3855.0,,001178,前海开源再融资股票,-0.049198471387272735,ret_12m,main,136.2,full,1.0,2026-09-23
3856.0,,398051,中海环保新能源混合,-0.0493204900311105,ret_12m,main,189.5,full,1.0,2026-09-23
3857.0,,001195,工银农业产业股票,-0.049361644113179115,ret_12m,main,136.0,full,1.0,2026-09-23
3858.0,,006274,圆信永丰医药健康A,-0.0495726043153456,ret_12m,main,93.8,full,1.0,2026-09-23
3859.0,,004005,东方民丰回报赢安混合A,-0.049816474028572366,ret_12m,main,114.5,full,1.0,2026-09-23
3860.0,,024806,华夏稳健回报混合A,-0.0498182881096042,ret_12m,main,14.1,short,1.0,2026-09-23
3861.0,,015100,华泰柏瑞低碳经济智选混合A,-0.049956629646439765,ret_12m,main,49.7,full,1.0,2026-09-23
3862.0,,004206,华商元亨混合A,-0.05020010992816848,ret_12m,main,115.9,full,1.0,2026-09-23
3863.0,,012045,大成医药健康股票A,-0.05031190078651948,ret_12m,main,60.2,full,1.0,2026-09-23
3864.0,,009880,安信成长动力一年持有混合,-0.05052040104077182,ret_12m,main,73.3,full,1.0,2026-09-23
3865.0,,005794,银华心怡灵活配置混合A,-0.05053117577413213,ret_12m,main,98.6,full,1.0,2026-09-23
3866.0,,010947,中欧嘉选混合A,-0.050673924700006534,ret_12m,main,66.5,full,1.0,2026-09-23
3867.0,,018105,中欧聚优港股通混合发起A,-0.05068303427761511,ret_12m,main,41.4,full,1.0,2026-09-23
3868.0,,017261,大成成长领航一年持有混合A,-0.05083423065692916,ret_12m,main,28.6,short,1.0,2026-09-23
3869.0,,040004,华安宝利配置混合,-0.050837403761757605,ret_12m,main,265.0,full,1.0,2026-09-23
3870.0,,014725,广发成长动力三年持有混合A,-0.05090193379981067,ret_12m,main,49.9,full,1.0,2026-09-23
3871.0,,530012,建信积极配置混合,-0.050902901193437544,ret_12m,main,188.2,full,1.0,2026-09-23
3872.0,,004997,广发高端制造股票A,-0.05095466524891534,ret_12m,main,108.7,full,1.0,2026-09-23
3873.0,,163805,中银动态策略混合A,-0.051008622336192744,ret_12m,main,221.7,full,1.0,2026-09-23
3874.0,,011152,国富兴海回报混合A,-0.05102556901513822,ret_12m,main,65.8,full,1.0,2026-09-23
3875.0,,012967,广发行业严选三年持有期混合A,-0.05106897870852756,ret_12m,main,60.9,full,1.0,2026-09-23
3876.0,,004680,前海开源裕瑞混合A,-0.05112041098189801,ret_12m,main,108.6,full,1.0,2026-09-23
3877.0,,162107,金鹰先进制造股票(LOF)A,-0.051161228255050095,ret_12m,main,171.6,full,1.0,2026-09-23
3878.0,,040020,华安升级主题混合A,-0.05116414546588555,ret_12m,main,185.1,full,1.0,2026-09-23
3879.0,,012748,华泰柏瑞远见智选混合A,-0.05140287130358234,ret_12m,main,61.9,full,1.0,2026-09-23
3880.0,,002415,融通通盈灵活配置混合,-0.051432140532474246,ret_12m,main,126.3,full,1.0,2026-09-23
3881.0,,018551,宏利医药健康混合发起A,-0.05143856203036645,ret_12m,main,32.9,short,1.0,2026-09-23
3882.0,,519113,浦银精致生活混合A,-0.051675645091822986,ret_12m,main,207.6,full,1.0,2026-09-23
3883.0,,015010,嘉合锦鑫混合A,-0.05173690162635114,ret_12m,main,54.7,full,1.0,2026-09-23
3884.0,,160918,大成中小盘混合(LOF)A,-0.051787344805131696,ret_12m,main,149.4,full,1.0,2026-09-23
3885.0,,022153,华泰柏瑞红利精选混合A,-0.05204385744739215,ret_12m,main,18.6,short,1.0,2026-09-23
3886.0,,373010,摩根双息平衡混合A,-0.05215895981742724,ret_12m,main,244.9,full,1.0,2026-09-23
3887.0,,021755,中欧价值品质混合发起A,-0.05224351054494425,ret_12m,main,22.6,short,1.0,2026-09-23
3888.0,,006039,国富估值优势混合A,-0.052669518917231595,ret_12m,main,97.1,full,1.0,2026-09-23
3889.0,,002573,建信汇利灵活配置混合,-0.05273038668043206,ret_12m,main,124.8,full,1.0,2026-09-23
3890.0,,019801,华泰紫金价值甄选混合C,-0.05288796159487252,ret_12m,main,33.3,short,1.0,2026-09-23
3891.0,,009057,博时科技创新混合A,-0.05293590990343444,ret_12m,main,77.3,full,1.0,2026-09-23
3892.0,,001861,富安达健康人生混合A,-0.05315988905624636,ret_12m,main,129.9,full,1.0,2026-09-23
3893.0,,080012,长盛电子信息产业混合A,-0.05347785580158548,ret_12m,main,173.9,full,1.0,2026-09-23
3894.0,,011911,华夏消费优选混合A,-0.053706804769273475,ret_12m,main,64.1,full,1.0,2026-09-23
3895.0,,020637,华泰紫金价值远见18个月持有混合发起A,-0.05376107136542019,ret_12m,main,30.6,short,1.0,2026-09-23
3896.0,,002989,融通通乾研究精选灵活配置混合A,-0.05397897825206199,ret_12m,main,120.7,full,1.0,2026-09-23
3897.0,,006803,嘉实互通精选股票,-0.05400031020468332,ret_12m,main,91.1,full,1.0,2026-09-23
3898.0,,020086,鹏华智投数字经济混合A,-0.05412616608001408,ret_12m,main,28.2,short,1.0,2026-09-23
3899.0,,018204,金信优质成长混合A,-0.05417060835909393,ret_12m,main,41.4,full,1.0,2026-09-23
3900.0,,257010,国联安小盘精选混合,-0.0541997241329053,ret_12m,main,269.4,full,1.0,2026-09-23
3901.0,,009141,宏利价值长青混合A,-0.054252006571590794,ret_12m,main,75.0,full,1.0,2026-09-23
3902.0,,010410,长城品质成长混合A,-0.054305149930694574,ret_12m,main,68.8,full,1.0,2026-09-23
3903.0,,001716,工银新趋势灵活配置混合A,-0.05430738088130527,ret_12m,main,129.3,full,1.0,2026-09-23
3904.0,,013109,华夏优势价值一年持有混合A,-0.05435444384151933,ret_12m,main,54.7,full,1.0,2026-09-23
3905.0,,410006,华富策略精选混合A,-0.054543571928588275,ret_12m,main,213.0,full,1.0,2026-09-23
3906.0,,011536,惠升惠益混合A,-0.054545570310342906,ret_12m,main,64.0,full,1.0,2026-09-23
3907.0,,010703,财通智选消费股票A,-0.05478727475703982,ret_12m,main,67.8,full,1.0,2026-09-23
3908.0,,005543,银华心诚灵活配置混合A,-0.05481498623009107,ret_12m,main,102.4,full,1.0,2026-09-23
3909.0,,010296,万家互联互通中国优势A,-0.05491245271679912,ret_12m,main,70.6,full,1.0,2026-09-23
3910.0,,021204,华夏医药量化选股混合A,-0.05501686517596971,ret_12m,main,24.8,short,1.0,2026-09-23
3911.0,,011184,东方阿尔法招阳混合A,-0.05505965111213984,ret_12m,main,66.2,full,1.0,2026-09-23
3912.0,,005520,国投瑞银创新医疗混合A,-0.055129142304798595,ret_12m,main,101.9,full,1.0,2026-09-23
3913.0,,000772,景顺长城中国回报混合A,-0.05514234555987685,ret_12m,main,142.6,full,1.0,2026-09-23
3914.0,,013771,中加龙头精选混合A,-0.055309886624172355,ret_12m,main,55.4,full,1.0,2026-09-23
3915.0,,450002,国富弹性市值混合A,-0.05532461020145729,ret_12m,main,243.3,full,1.0,2026-09-23
3916.0,,012588,南方港股通优势企业混合A,-0.05561997827984577,ret_12m,main,62.1,full,1.0,2026-09-23
3917.0,,011201,财通优势行业轮动混合A,-0.055664727714824114,ret_12m,main,67.4,full,1.0,2026-09-23
3918.0,,006780,广发稳健策略混合A,-0.05568352058168713,ret_12m,main,90.6,full,1.0,2026-09-23
3919.0,,009368,浦银价值精选混合A,-0.055895681438372424,ret_12m,main,74.1,full,1.0,2026-09-23
3920.0,,019729,华夏国企红利混合发起式A,-0.05598299329231671,ret_12m,main,30.9,short,1.0,2026-09-23
3921.0,,002340,富国价值优势混合A,-0.056054927482085404,ret_12m,main,125.5,full,1.0,2026-09-23
3922.0,,001717,工银前沿医疗股票A,-0.056097290493751895,ret_12m,main,127.6,full,1.0,2026-09-23
3923.0,,002190,农银新能源主题A,-0.05615710722890699,ret_12m,main,125.8,full,1.0,2026-09-23
3924.0,,017114,浦银景气优选混合A,-0.056238787493000375,ret_12m,main,39.3,full,1.0,2026-09-23
3925.0,,003598,华商润丰灵活配置混合A,-0.056250129542321003,ret_12m,main,115.9,full,1.0,2026-09-23
3926.0,,013853,大成匠心卓越三年持有混合A,-0.05633116265285054,ret_12m,main,51.5,full,1.0,2026-09-23
3927.0,,022195,汇丰晋信景气优选混合A,-0.05637756662037641,ret_12m,main,15.9,short,1.0,2026-09-23
3928.0,,020645,南方智弘混合A,-0.05638668279452941,ret_12m,main,25.7,short,1.0,2026-09-23
3929.0,,012175,易方达稳健增利混合A,-0.05642553755118307,ret_12m,main,62.1,full,1.0,2026-09-23
3930.0,,006240,国联医疗健康混合A,-0.05653666330699347,ret_12m,main,96.1,full,1.0,2026-09-23
3931.0,,015510,平安价值领航混合A,-0.0566399654745986,ret_12m,main,46.0,full,1.0,2026-09-23
3932.0,,002594,工银现代服务业混合A,-0.05683106823356743,ret_12m,main,118.9,full,1.0,2026-09-23
3933.0,,005680,财通资管价值成长混合A,-0.05688169617187344,ret_12m,main,90.0,full,1.0,2026-09-23
3934.0,,025022,浦银医疗创新混合A,-0.05701902965881955,ret_12m,main,13.1,short,1.0,2026-09-23
3935.0,,160611,鹏华优质治理混合(LOF)A,-0.05706244504753022,ret_12m,main,232.3,full,1.0,2026-09-23
3936.0,,013824,汇丰晋信慧悦混合,-0.05717604984856439,ret_12m,main,54.7,full,1.0,2026-09-23
3937.0,,001579,国泰大农业股票A,-0.05751861976122574,ret_12m,main,111.3,full,1.0,2026-09-23
3938.0,,560003,益民创新优势混合A,-0.057524219880166094,ret_12m,main,230.4,full,1.0,2026-09-23
3939.0,,010225,东方红启航三年持有混合B,-0.057586946497032554,ret_12m,main,70.8,full,1.0,2026-09-23
3940.0,,519193,万家消费成长,-0.05764043872395941,ret_12m,main,115.0,full,1.0,2026-09-23
3941.0,,001056,华银健康生活主题灵活配置,-0.05771221414202521,ret_12m,main,137.9,full,1.0,2026-09-23
3942.0,,001604,浙商汇金转型升级A,-0.05808357211267845,ret_12m,main,127.6,full,1.0,2026-09-23
3943.0,,019054,富国价值成长混合A,-0.05836545066284282,ret_12m,main,35.2,short,1.0,2026-09-23
3944.0,,006366,兴业安保优选混合A,-0.05859385631961589,ret_12m,main,93.5,full,1.0,2026-09-23
3945.0,,007481,华夏逸享健康混合A,-0.0587316286985583,ret_12m,main,82.6,full,1.0,2026-09-23
3946.0,,018184,万家先进制造混合发起式A,-0.05873253563439851,ret_12m,main,41.8,full,1.0,2026-09-23
3947.0,,008227,宝盈研究精选混合A,-0.05901602095837499,ret_12m,main,81.0,full,1.0,2026-09-23
3948.0,,006138,国联安价值优选股票,-0.059107021693823425,ret_12m,main,96.1,full,1.0,2026-09-23
3949.0,,003165,鹏华弘嘉混合A,-0.05936475004737474,ret_12m,main,121.1,full,1.0,2026-09-23
3950.0,,519139,海富通沪港深混合A,-0.059431524982288875,ret_12m,main,118.4,full,1.0,2026-09-23
3951.0,,009864,招商景气优选股票A,-0.059504768623623305,ret_12m,main,70.1,full,1.0,2026-09-23
3952.0,,011777,易方达稳健增长混合A,-0.05958819379777436,ret_12m,main,64.9,full,1.0,2026-09-23
3953.0,,014313,鹏华创新增长一年持有期混合A,-0.05997799970447537,ret_12m,main,51.1,full,1.0,2026-09-23
3954.0,,270050,广发新经济混合A,-0.0601178424038461,ret_12m,main,163.5,full,1.0,2026-09-23
3955.0,,016274,华泰保兴鑫成优选混合A,-0.060150641597753074,ret_12m,main,46.5,full,1.0,2026-09-23
3956.0,,008260,长城价值优选混合A,-0.060649731567903986,ret_12m,main,78.2,full,1.0,2026-09-23
3957.0,,010112,广发研究精选股票A,-0.060801396347183956,ret_12m,main,70.6,full,1.0,2026-09-23
3958.0,,000628,大成高鑫股票A,-0.06088331640776401,ret_12m,main,139.6,full,1.0,2026-09-23
3959.0,,000423,前海开源事件驱动混合A,-0.06098243921792823,ret_12m,main,153.1,full,1.0,2026-09-23
3960.0,,003238,新华外延增长主题灵活配置混合,-0.060993431888689,ret_12m,main,114.7,full,1.0,2026-09-23
3961.0,,017977,信澳优享生活混合A,-0.061056654652993037,ret_12m,main,42.3,full,1.0,2026-09-23
3962.0,,012930,中庚价值先锋股票,-0.06122814679737887,ret_12m,main,61.1,full,1.0,2026-09-23
3963.0,,008871,大成睿裕六月持有股票A,-0.06128711357116001,ret_12m,main,75.6,full,1.0,2026-09-23
3964.0,,017881,工银精选回报混合A,-0.06159693752409956,ret_12m,main,35.9,short,1.0,2026-09-23
3965.0,,017036,嘉实低碳精选混合发起式A,-0.06189753280347443,ret_12m,main,45.3,full,1.0,2026-09-23
3966.0,,570006,诺德中小盘混合,-0.0619190880434749,ret_12m,main,194.9,full,1.0,2026-09-23
3967.0,,006644,弘毅远方消费升级混合A,-0.06216354913576738,ret_12m,main,91.8,full,1.0,2026-09-23
3968.0,,011570,鹏华鑫远价值一年持有期混合A,-0.06242430171338409,ret_12m,main,64.3,full,1.0,2026-09-23
3969.0,,012812,国富鑫颐收益混合A,-0.06251588087992488,ret_12m,main,54.7,full,1.0,2026-09-23
3970.0,,013678,富国信享回报12个月持有混合A,-0.0626486851029755,ret_12m,main,58.9,full,1.0,2026-09-23
3971.0,,012640,鹏华稳健鸿利一年持有期混合A,-0.06267862381866018,ret_12m,main,60.9,full,1.0,2026-09-23
3972.0,,008681,鹏华价值成长混合,-0.06276074681401023,ret_12m,main,79.4,full,1.0,2026-09-23
3973.0,,012008,易方达稳健回报混合A,-0.06289008685850495,ret_12m,main,63.8,full,1.0,2026-09-23
3974.0,,001651,工银新蓝筹股票A,-0.0629176293980821,ret_12m,main,133.6,full,1.0,2026-09-23
3975.0,,163503,天治核心成长混合(LOF),-0.06305068637569733,ret_12m,main,248.1,full,1.0,2026-09-23
3976.0,,011336,兴全汇吉一年持有混合A,-0.0633389282986011,ret_12m,main,67.4,full,1.0,2026-09-23
3977.0,,001236,博时丝路主题股票A,-0.06348661303137038,ret_12m,main,136.1,full,1.0,2026-09-23
3978.0,,019783,华安健康主题混合A,-0.06362246482810108,ret_12m,main,32.0,short,1.0,2026-09-23
3979.0,,011058,景顺长城成长龙头一年持有混合A,-0.06366388467341666,ret_12m,main,67.5,full,1.0,2026-09-23
3980.0,,013934,长江红利回报混合发起式A,-0.06371818552386377,ret_12m,main,58.4,full,1.0,2026-09-23
3981.0,,015102,东方红ESG可持续投资混合A,-0.0637820844643383,ret_12m,main,54.7,full,1.0,2026-09-23
3982.0,,673040,西部利得行业主题优选混合A,-0.06389326782887739,ret_12m,main,126.4,full,1.0,2026-09-23
3983.0,,014420,中欧成长领航一年持有混合A,-0.06405889425875466,ret_12m,main,56.3,full,1.0,2026-09-23
3984.0,,014466,工银行业优选混合A,-0.06413640122786302,ret_12m,main,50.7,full,1.0,2026-09-23
3985.0,,019960,富国远见价值混合A,-0.0643067106949442,ret_12m,main,27.9,short,1.0,2026-09-23
3986.0,,010437,嘉实竞争力优选混合A,-0.06457200819834463,ret_12m,main,66.9,full,1.0,2026-09-23
3987.0,,162607,景顺长城资源垄断混合(LOF)A,-0.06457210538627178,ret_12m,main,247.9,full,1.0,2026-09-23
3988.0,,001798,泰康新回报灵活配置混合A,-0.06461570151081353,ret_12m,main,132.0,full,1.0,2026-09-23
3989.0,,009878,平安低碳经济混合A,-0.0648322699161209,ret_12m,main,73.4,full,1.0,2026-09-23
3990.0,,002054,中银新财富混合A,-0.06512156939577252,ret_12m,main,130.1,full,1.0,2026-09-23
3991.0,,001352,民生加银新战略混合A,-0.06558093041745883,ret_12m,main,134.9,full,1.0,2026-09-23
3992.0,,016945,中泰ESG主题6个月持有混合发起,-0.06563980093367461,ret_12m,main,32.0,short,1.0,2026-09-23
3993.0,,007381,国融融信消费严选混合A,-0.0661009477788086,ret_12m,main,87.2,full,1.0,2026-09-23
3994.0,,519678,银河消费混合A,-0.06624372215966312,ret_12m,main,181.8,full,1.0,2026-09-23
3995.0,,162212,宏利红利先锋混合A,-0.06653295161641237,ret_12m,main,201.7,full,1.0,2026-09-23
3996.0,,710001,富安达优势成长混合A,-0.06719929281142245,ret_12m,main,180.1,full,1.0,2026-09-23
3997.0,,013956,华商医药消费精选混合A,-0.06740126809186642,ret_12m,main,57.2,full,1.0,2026-09-23
3998.0,,010161,广发瑞安精选股票A,-0.06752824091125376,ret_12m,main,69.2,full,1.0,2026-09-23
3999.0,,019328,国泰金盛回报混合A,-0.06780148919824713,ret_12m,main,31.7,short,1.0,2026-09-23
4000.0,,018052,鹏扬医疗健康混合A,-0.06807841899060452,ret_12m,main,34.8,short,1.0,2026-09-23
4001.0,,013757,泰信均衡价值混合A,-0.06820326089841278,ret_12m,main,57.0,full,1.0,2026-09-23
4002.0,,005519,银华混改红利灵活配置混合发起式A,-0.06835791334453556,ret_12m,main,100.1,full,1.0,2026-09-23
4003.0,,688888,浙商聚潮产业成长混合A,-0.0686949174762258,ret_12m,main,184.2,full,1.0,2026-09-23
4004.0,,168102,九泰锐富事件驱动混合发起式(LOF)A,-0.06885522898164786,ret_12m,main,127.6,full,1.0,2026-09-23
4005.0,,011738,华安兴安优选一年持有混合A,-0.06941939988772594,ret_12m,main,63.5,full,1.0,2026-09-23
4006.0,,008359,华安医疗创新混合A,-0.06944743776972129,ret_12m,main,77.3,full,1.0,2026-09-23
4007.0,,012888,工银兴瑞一年持有期混合A,-0.06958135326082782,ret_12m,main,60.3,full,1.0,2026-09-23
4008.0,,217012,招商行业领先混合A,-0.06960301455810414,ret_12m,main,207.1,full,1.0,2026-09-23
4009.0,,016174,汇丰晋信策略优选混合A,-0.06960773728762304,ret_12m,main,48.3,full,1.0,2026-09-23
4010.0,,012434,银华多元回报一年持有期混合,-0.06964600061010018,ret_12m,main,62.3,full,1.0,2026-09-23
4011.0,,011078,诺德品质消费6个月持有混合,-0.06995585410232164,ret_12m,main,67.4,full,1.0,2026-09-23
4012.0,,003834,华夏能源革新股票A,-0.07009966516185684,ret_12m,main,111.5,full,1.0,2026-09-23
4013.0,,166801,浙商聚潮新思维混合A,-0.07035824731645968,ret_12m,main,174.5,full,1.0,2026-09-23
4014.0,,009898,民生加银医药健康股票A,-0.07041604549710845,ret_12m,main,72.8,full,1.0,2026-09-23
4015.0,,010740,汇安核心价值混合A,-0.07057853569891404,ret_12m,main,66.3,full,1.0,2026-09-23
4016.0,,001068,国新国证新锐A,-0.07085035540819407,ret_12m,main,137.3,full,1.0,2026-09-23
4017.0,,017702,鹏扬均衡成长混合A,-0.07090562700472225,ret_12m,main,38.9,full,1.0,2026-09-23
4018.0,,009124,华泰保兴科荣混合A,-0.07113356284507755,ret_12m,main,76.4,full,1.0,2026-09-23
4019.0,,011694,华泰紫金信息科技主题6个月持有混合发起A,-0.07116407612781217,ret_12m,main,65.1,full,1.0,2026-09-23
4020.0,,004263,华安沪港深机会灵活配置混合,-0.07148266838467521,ret_12m,main,112.5,full,1.0,2026-09-23
4021.0,,001955,中欧养老产业混合A,-0.07151812209437125,ret_12m,main,124.4,full,1.0,2026-09-23
4022.0,,011155,金鹰责任投资混合A,-0.07158869153292735,ret_12m,main,66.3,full,1.0,2026-09-23
4023.0,,019008,东方红远见领航混合发起A,-0.07189735352069904,ret_12m,main,34.2,short,1.0,2026-09-23
4024.0,,013991,中欧港股通精选一年持有混合A,-0.0720356804356006,ret_12m,main,57.5,full,1.0,2026-09-23
4025.0,,160127,南方新兴消费增长股票(LOF)A,-0.0720925090401815,ret_12m,main,174.4,full,1.0,2026-09-23
4026.0,,012366,摩根安荣回报混合A,-0.07222124520172601,ret_12m,main,62.6,full,1.0,2026-09-23
4027.0,,016297,中欧丰泰港股通混合A,-0.07227933988720692,ret_12m,main,48.3,full,1.0,2026-09-23
4028.0,,010714,东方红远见价值混合A,-0.0722844994531191,ret_12m,main,65.4,full,1.0,2026-09-23
4029.0,,000778,鹏华先进制造股票,-0.07229351198008316,ret_12m,main,142.6,full,1.0,2026-09-23
4030.0,,001857,易方达现代服务业混合,-0.07232037565394744,ret_12m,main,106.0,full,1.0,2026-09-23
4031.0,,011328,景顺长城新能源产业股票A,-0.07277097126180421,ret_12m,main,67.0,full,1.0,2026-09-23
4032.0,,001030,天弘云端生活优选混合A,-0.07316264785770432,ret_12m,main,138.3,full,1.0,2026-09-23
4033.0,,020816,湘财红利量化选股混合A,-0.07356552042543907,ret_12m,main,29.8,short,1.0,2026-09-23
4034.0,,013072,泰信医疗服务混合发起式A,-0.07370077775376926,ret_12m,main,56.8,full,1.0,2026-09-23
4035.0,,009330,鹏华成长价值混合A,-0.07377094639772497,ret_12m,main,76.2,full,1.0,2026-09-23
4036.0,,210002,金鹰红利价值混合A,-0.07448216190902712,ret_12m,main,213.6,full,1.0,2026-09-23
4037.0,,013049,兴业能源革新股票A,-0.07450171308646869,ret_12m,main,60.7,full,1.0,2026-09-23
4038.0,,010469,圆信永丰聚优股票A,-0.07456951267906964,ret_12m,main,65.2,full,1.0,2026-09-23
4039.0,,001209,前海开源一带一路混合A,-0.07463835605476687,ret_12m,main,136.8,full,1.0,2026-09-23
4040.0,,005537,中航新起航灵活配置混合A,-0.07468037599765365,ret_12m,main,101.0,full,1.0,2026-09-23
4041.0,,019392,嘉实匠心严选混合A,-0.07472185110777163,ret_12m,main,31.5,short,1.0,2026-09-23
4042.0,,015285,国投瑞银产业转型一年持有混合A,-0.0747935258095821,ret_12m,main,50.1,full,1.0,2026-09-23
4043.0,,011349,淳厚现代服务业股票A,-0.0748244891035823,ret_12m,main,61.0,full,1.0,2026-09-23
4044.0,,021699,汇添富远见成长混合发起式A,-0.07490280262424709,ret_12m,main,23.5,short,1.0,2026-09-23
4045.0,,020493,富达悦享红利优选混合A,-0.07491308061685353,ret_12m,main,28.8,short,1.0,2026-09-23
4046.0,,017048,富安达产业优选混合A,-0.07501600705542044,ret_12m,main,42.8,full,1.0,2026-09-23
4047.0,,005176,富国精准医疗混合A,-0.07512229748606203,ret_12m,main,106.2,full,1.0,2026-09-23
4048.0,,009147,建信新能源行业股票A,-0.07512333428639784,ret_12m,main,75.2,full,1.0,2026-09-23
4049.0,,011206,创金合信竞争优势混合A,-0.07562485309908829,ret_12m,main,67.9,full,1.0,2026-09-23
4050.0,,010887,南方消费升级混合A,-0.07565789543415857,ret_12m,main,68.3,full,1.0,2026-09-23
4051.0,,160212,国泰估值优势混合(LOF)A,-0.07566797149819093,ret_12m,main,199.4,full,1.0,2026-09-23
4052.0,,006233,万家汽车新趋势混合A,-0.07571368723284577,ret_12m,main,83.0,full,1.0,2026-09-23
4053.0,,011037,富国长期成长混合A,-0.0757681456204845,ret_12m,main,62.6,full,1.0,2026-09-23
4054.0,,015559,长江启航混合发起式A,-0.07579425783715465,ret_12m,main,51.4,full,1.0,2026-09-23
4055.0,,673071,西部利得新动力混合A,-0.07616226915248014,ret_12m,main,118.2,full,1.0,2026-09-23
4056.0,,014522,汇添富低碳投资一年持有混合A,-0.07628405010059014,ret_12m,main,54.9,full,1.0,2026-09-23
4057.0,,019334,大成红利汇聚混合A,-0.07680460284497448,ret_12m,main,32.0,short,1.0,2026-09-23
4058.0,,007880,朱雀产业智选混合A,-0.07685779103435564,ret_12m,main,81.7,full,1.0,2026-09-23
4059.0,,005583,易方达港股通红利混合A,-0.07697470670614548,ret_12m,main,102.6,full,1.0,2026-09-23
4060.0,,020022,国泰策略价值灵活配置混合,-0.07710842170342092,ret_12m,main,185.2,full,1.0,2026-09-23
4061.0,,168103,九泰锐益混合(LOF)A,-0.07738230901964915,ret_12m,main,121.4,full,1.0,2026-09-23
4062.0,,010551,淳厚欣颐一年持有期混合,-0.07739895460119806,ret_12m,main,69.0,full,1.0,2026-09-23
4063.0,,014040,民生加银金融优选混合A,-0.07744577638926153,ret_12m,main,49.7,full,1.0,2026-09-23
4064.0,,004341,农银尖端科技混合,-0.07766329631341018,ret_12m,main,113.8,full,1.0,2026-09-23
4065.0,,260103,景顺长城动力平衡混合,-0.07771343271583764,ret_12m,main,275.0,full,1.0,2026-09-23
4066.0,,011479,广发诚享混合A,-0.07818039642741326,ret_12m,main,67.4,full,1.0,2026-09-23
4067.0,,010549,富国均衡策略混合,-0.07822170924445238,ret_12m,main,70.0,full,1.0,2026-09-23
4068.0,,004895,华商鑫安灵活混合,-0.0782287630819315,ret_12m,main,108.6,full,1.0,2026-09-23
4069.0,,001473,建信大安全战略精选股票,-0.07908878393291507,ret_12m,main,133.8,full,1.0,2026-09-23
4070.0,,014376,东吴新能源汽车股票A,-0.07914973397241287,ret_12m,main,55.9,full,1.0,2026-09-23
4071.0,,018048,申万菱信数字产业股票型发起式A,-0.07934672759865602,ret_12m,main,40.7,full,1.0,2026-09-23
4072.0,,014999,华泰保兴吉年盈混合A,-0.07936487902048384,ret_12m,main,54.2,full,1.0,2026-09-23
4073.0,,000634,富国天盛灵活配置基金,-0.07959829239428562,ret_12m,main,148.5,full,1.0,2026-09-23
4074.0,,519651,银河转型混合A,-0.07963199870951931,ret_12m,main,136.4,full,1.0,2026-09-23
4075.0,,530003,建信优选成长混合A,-0.07972180365305348,ret_12m,main,240.5,full,1.0,2026-09-23
4076.0,,018130,博时ESG量化选股混合A,-0.07984884181312768,ret_12m,main,41.8,full,1.0,2026-09-23
4077.0,,400015,东方新能源汽车混合,-0.08000649680910377,ret_12m,main,176.9,full,1.0,2026-09-23
4078.0,,008786,长城健康生活混合A,-0.0800714669568694,ret_12m,main,73.3,full,1.0,2026-09-23
4079.0,,011162,博时港股通领先趋势混合A,-0.08026474577451737,ret_12m,main,67.4,full,1.0,2026-09-23
4080.0,,000220,富国医疗保健行业混合A,-0.08032483409522972,ret_12m,main,157.5,full,1.0,2026-09-23
4081.0,,003984,嘉实新能源新材料股票A,-0.0804966737668692,ret_12m,main,114.3,full,1.0,2026-09-23
4082.0,,019913,华夏瑞益混合A1,-0.08052384052507278,ret_12m,main,33.6,short,1.0,2026-09-23
4083.0,,000757,华富智慧城市灵活配置混合A,-0.08054773618495781,ret_12m,main,142.8,full,1.0,2026-09-23
4084.0,,257040,国联安红利混合,-0.08063368830993312,ret_12m,main,215.0,full,1.0,2026-09-23
4085.0,,022879,汇泉均衡智选混合A,-0.0806851820322031,ret_12m,main,17.8,short,1.0,2026-09-23
4086.0,,007306,华泰柏瑞基本面智选A,-0.08098544452340461,ret_12m,main,87.6,full,1.0,2026-09-23
4087.0,,398001,中海优质成长混合,-0.08101875079089471,ret_12m,main,263.8,full,1.0,2026-09-23
4088.0,,023939,泉果研究精选混合A,-0.08135235560326404,ret_12m,main,16.6,short,1.0,2026-09-23
4089.0,,012143,新沃内需增长混合A,-0.08188778627041715,ret_12m,main,60.5,full,1.0,2026-09-23
4090.0,,015780,大成ESG责任投资混合发起式A,-0.08215961995735732,ret_12m,main,51.0,full,1.0,2026-09-23
4091.0,,003513,中邮消费升级灵活配置混合A,-0.0823663408768166,ret_12m,main,117.3,full,1.0,2026-09-23
4092.0,,001457,华商新常态混合A,-0.08241577586020266,ret_12m,main,134.8,full,1.0,2026-09-23
4093.0,,019760,中信建投质选成长混合发起式A,-0.08267772172679266,ret_12m,main,33.7,short,1.0,2026-09-23
4094.0,,001801,汇添富达欣混合A,-0.08267973166547804,ret_12m,main,129.7,full,1.0,2026-09-23
4095.0,,017740,鹏华睿见混合A,-0.08276655666493482,ret_12m,main,38.4,full,1.0,2026-09-23
4096.0,,005197,工银沪港深精选混合A,-0.08277858439725316,ret_12m,main,106.4,full,1.0,2026-09-23
4097.0,,009664,汇添富医疗积极成长一年持有混合A,-0.08283885962509163,ret_12m,main,73.1,full,1.0,2026-09-23
4098.0,,004211,金鹰周期优选混合A,-0.08289661493252887,ret_12m,main,103.8,full,1.0,2026-09-23
4099.0,,014214,光大核心资产混合A,-0.08310745223886684,ret_12m,main,53.8,full,1.0,2026-09-23
4100.0,,004249,安信中国制造混合A,-0.0831194169719135,ret_12m,main,114.3,full,1.0,2026-09-23
4101.0,,004871,中银金融地产混合A,-0.08338700516941766,ret_12m,main,107.8,full,1.0,2026-09-23
4102.0,,002844,金鹰多元策略混合A,-0.08354243902056235,ret_12m,main,121.5,full,1.0,2026-09-23
4103.0,,016588,富国融甄混合A,-0.0836062756038699,ret_12m,main,47.9,full,1.0,2026-09-23
4104.0,,012526,广发盛锦混合A,-0.08364619789387162,ret_12m,main,60.8,full,1.0,2026-09-23
4105.0,,001448,华商双翼平衡混合A,-0.08400947257841784,ret_12m,main,135.3,full,1.0,2026-09-23
4106.0,,690009,民生加银红利回报混合,-0.0842586322341704,ret_12m,main,169.5,full,1.0,2026-09-23
4107.0,,010178,大成企业能力驱动混合A,-0.08436669085758819,ret_12m,main,68.1,full,1.0,2026-09-23
4108.0,,019949,中银价值发现混合发起A,-0.08475746307131515,ret_12m,main,25.1,short,1.0,2026-09-23
4109.0,,009092,富国新材料新能源混合A,-0.084834445651362,ret_12m,main,75.0,full,1.0,2026-09-23
4110.0,,018220,广发品质优选混合发起式A,-0.0848435063092774,ret_12m,main,26.9,short,1.0,2026-09-23
4111.0,,006385,华泰保兴研究智选A,-0.08490131114427402,ret_12m,main,94.2,full,1.0,2026-09-23
4112.0,,007533,格林创新成长混合A,-0.08509189173465836,ret_12m,main,84.7,full,1.0,2026-09-23
4113.0,,530001,建信恒久价值混合,-0.08513585157842318,ret_12m,main,249.7,full,1.0,2026-09-23
4114.0,,021015,长江旭日混合A,-0.08530590885651679,ret_12m,main,26.0,short,1.0,2026-09-23
4115.0,,007287,合煦智远消费主题股票发起式A,-0.08563246713072858,ret_12m,main,86.7,full,1.0,2026-09-23
4116.0,,014615,尚正正鑫混合发起A,-0.08565203723039139,ret_12m,main,54.5,full,1.0,2026-09-23
4117.0,,017600,华夏行业甄选混合A,-0.08571288725114667,ret_12m,main,41.9,full,1.0,2026-09-23
4118.0,,005911,广发双擎升级混合A,-0.08571523939414061,ret_12m,main,94.7,full,1.0,2026-09-23
4119.0,,310328,申万菱信新动力混合A,-0.08575450048628575,ret_12m,main,250.4,full,1.0,2026-09-23
4120.0,,012260,广发睿明优质企业混合A,-0.08576562657100018,ret_12m,main,61.8,full,1.0,2026-09-23
4121.0,,014412,招商核心竞争力混合A,-0.08588225501518154,ret_12m,main,53.4,full,1.0,2026-09-23
4122.0,,519664,银河美丽混合A,-0.08604534704150335,ret_12m,main,147.8,full,1.0,2026-09-23
4123.0,,013940,东吴医疗服务股票A,-0.08618952760444665,ret_12m,main,57.8,full,1.0,2026-09-23
4124.0,,012075,易方达稳健添利混合A,-0.08631963898047534,ret_12m,main,56.7,full,1.0,2026-09-23
4125.0,,007354,创金合信港股通量化股票A,-0.08654114826482029,ret_12m,main,68.4,full,1.0,2026-09-23
4126.0,,013395,华夏新能源车龙头混合发起式A,-0.08696002545859349,ret_12m,main,60.3,full,1.0,2026-09-23
4127.0,,005706,兴业龙腾双益平衡混合,-0.08711438949714201,ret_12m,main,101.2,full,1.0,2026-09-23
4128.0,,000986,太平灵活配置,-0.08757367834680851,ret_12m,main,139.4,full,1.0,2026-09-23
4129.0,,005368,富国清洁能源产业混合A,-0.08777242302323629,ret_12m,main,78.6,full,1.0,2026-09-23
4130.0,,018309,招商社会责任混合A,-0.08794004652382914,ret_12m,main,40.9,full,1.0,2026-09-23
4131.0,,017827,兴全欣越混合C,-0.08820375904080247,ret_12m,main,42.3,full,1.0,2026-09-23
4132.0,,010654,天弘医药创新A,-0.08822688726276606,ret_12m,main,69.7,full,1.0,2026-09-23
4133.0,,233001,大摩基础行业混合,-0.08823904729741228,ret_12m,main,269.9,full,1.0,2026-09-23
4134.0,,019624,泉果嘉源三年持有期混合A,-0.08901188197712284,ret_12m,main,33.6,short,1.0,2026-09-23
4135.0,,024467,鹏华共赢未来混合A,-0.08901854899242678,ret_12m,main,14.9,short,0.9644,2026-09-23
4136.0,,016163,万家欣远混合A,-0.08922158214251397,ret_12m,main,47.8,full,1.0,2026-09-23
4137.0,,001127,中银宏观策略混合A,-0.08925477589090358,ret_12m,main,137.5,full,1.0,2026-09-23
4138.0,,011903,南方领航优选混合A,-0.08940141498427812,ret_12m,main,58.0,full,1.0,2026-09-23
4139.0,,009874,九泰久睿量化股票A,-0.08941869936439917,ret_12m,main,73.3,full,1.0,2026-09-23
4140.0,,007853,华商计算机行业量化股票发起式A,-0.08945600177714275,ret_12m,main,82.8,full,1.0,2026-09-23
4141.0,,004266,招商沪港深科技创新混合A,-0.08949609185338148,ret_12m,main,112.9,full,1.0,2026-09-23
4142.0,,004851,广发医疗保健股票A,-0.09030752199881198,ret_12m,main,109.4,full,1.0,2026-09-23
4143.0,,168301,东海祥龙(LOF)A,-0.09031566473981922,ret_12m,main,117.1,full,1.0,2026-09-23
4144.0,,019987,万家红利量化选股混合发起式A,-0.09078742553423824,ret_12m,main,34.3,short,1.0,2026-09-23
4145.0,,016375,招商裕泰混合,-0.09106106277743775,ret_12m,main,45.2,full,1.0,2026-09-23
4146.0,,530006,建信核心精选混合,-0.09112120076096164,ret_12m,main,213.9,full,1.0,2026-09-23
4147.0,,018618,中信保诚远见成长混合A,-0.09122395220694024,ret_12m,main,38.9,full,1.0,2026-09-23
4148.0,,005707,富国港股通量化精选股票A,-0.09122586416094447,ret_12m,main,99.8,full,1.0,2026-09-23
4149.0,,006106,景顺长城量化港股通股票A,-0.0912987668643429,ret_12m,main,87.2,full,1.0,2026-09-23
4150.0,,011312,东方红启瑞三年持有混合B,-0.0914488745333788,ret_12m,main,66.1,full,1.0,2026-09-23
4151.0,,200006,长城消费增值混合A,-0.09164448809322445,ret_12m,main,245.6,full,1.0,2026-09-23
4152.0,,009965,宝盈祥琪混合A,-0.09177765530355875,ret_12m,main,52.0,full,1.0,2026-09-23
4153.0,,000550,广发新动力混合A,-0.091845000182734,ret_12m,main,150.2,full,1.0,2026-09-23
4154.0,,015139,泰康医疗健康股票发起A,-0.09186156150411473,ret_12m,main,54.5,full,1.0,2026-09-23
4155.0,,023674,德邦新兴产业混合发起式A,-0.0918642249780901,ret_12m,main,18.0,short,1.0,2026-09-23
4156.0,,011626,嘉实匠心回报混合A,-0.09210554580827335,ret_12m,main,65.8,full,1.0,2026-09-23
4157.0,,001294,新华战略新兴产业灵活配置混合,-0.09217540794578905,ret_12m,main,134.8,full,1.0,2026-09-23
4158.0,,002020,国都创新驱动,-0.09220322752294174,ret_12m,main,128.9,full,1.0,2026-09-23
4159.0,,000913,农银医疗保健股票,-0.09236120723671859,ret_12m,main,139.4,full,1.0,2026-09-23
4160.0,,001392,国富金融地产混合A,-0.09246028144246121,ret_12m,main,135.5,full,1.0,2026-09-23
4161.0,,006049,恒越研究精选混合A/B,-0.09274865913280084,ret_12m,main,98.7,full,1.0,2026-09-23
4162.0,,005409,华泰柏瑞新兴产业混合A,-0.09281401418958768,ret_12m,main,104.2,full,1.0,2026-09-23
4163.0,,008515,国富基本面优选混合A,-0.09286589936370615,ret_12m,main,79.3,full,1.0,2026-09-23
4164.0,,163801,中银中国混合(LOF)A,-0.09304393904527397,ret_12m,main,260.6,full,1.0,2026-09-23
4165.0,,011704,东方阿尔法产业先锋混合A,-0.09304830157172594,ret_12m,main,62.1,full,1.0,2026-09-23
4166.0,,001043,工银美丽城镇股票A,-0.09308898796800824,ret_12m,main,138.0,full,1.0,2026-09-23
4167.0,,005400,万家潜力价值灵活配置混合A,-0.09310344822230399,ret_12m,main,103.3,full,1.0,2026-09-23
4168.0,,017181,大成至诚鑫选混合A,-0.09367312445630949,ret_12m,main,39.4,full,1.0,2026-09-23
4169.0,,004351,汇丰晋信珠三角区域发展混合,-0.09396207534961276,ret_12m,main,111.7,full,1.0,2026-09-23
4170.0,,008293,农银汇理创新医疗混合,-0.09409878311342335,ret_12m,main,80.1,full,1.0,2026-09-23
4171.0,,019780,嘉实创新动力混合发起式A1,-0.09423917360568435,ret_12m,main,33.6,short,1.0,2026-09-23
4172.0,,000532,景顺长城优势企业混合A,-0.09432824004257878,ret_12m,main,150.2,full,1.0,2026-09-23
4173.0,,007192,恒越研究精选混合C,-0.09510922757423146,ret_12m,main,89.5,full,1.0,2026-09-23
4174.0,,005237,银华医疗健康量化优选A,-0.09513502954444752,ret_12m,main,106.4,full,1.0,2026-09-23
4175.0,,016064,建信智远先锋混合A,-0.09518570996276843,ret_12m,main,47.3,full,1.0,2026-09-23
4176.0,,005250,银华估值优势混合,-0.09536071610379437,ret_12m,main,106.6,full,1.0,2026-09-23
4177.0,,014746,贝莱德港股通远景视野混合A,-0.09579009536238636,ret_12m,main,56.0,full,1.0,2026-09-23
4178.0,,002728,华富益鑫灵活配置混合A,-0.09584551546369446,ret_12m,main,120.5,full,1.0,2026-09-23
4179.0,,970067,兴证资管金麒麟消费升级混合A,-0.09594547898726535,ret_12m,main,60.7,full,1.0,2026-09-23
4180.0,,519779,交银沪港深价值精选混合,-0.0959966877896089,ret_12m,main,118.5,full,1.0,2026-09-23
4181.0,,014327,格林新兴产业混合A,-0.0964474262433157,ret_12m,main,54.5,full,1.0,2026-09-23
4182.0,,021455,农银红利甄选混合A,-0.09651843549530115,ret_12m,main,25.7,short,1.0,2026-09-23
4183.0,,009649,嘉实精选平衡混合A,-0.0965903866235821,ret_12m,main,75.4,full,1.0,2026-09-23
4184.0,,012227,景顺长城港股通全球竞争力A,-0.09664623975677189,ret_12m,main,61.4,full,1.0,2026-09-23
4185.0,,012284,光大健康优加混合A,-0.09769913462793689,ret_12m,main,61.6,full,1.0,2026-09-23
4186.0,,011635,富国港股通策略精选混合A,-0.09776380795714823,ret_12m,main,64.0,full,1.0,2026-09-23
4187.0,,003581,前海联合国民健康混合A,-0.09858842619674513,ret_12m,main,116.8,full,1.0,2026-09-23
4188.0,,012770,光大创新生活混合A,-0.09866210841244105,ret_12m,main,58.4,full,1.0,2026-09-23
4189.0,,009714,华安聚优精选混合,-0.09869949517666998,ret_12m,main,74.3,full,1.0,2026-09-23
4190.0,,007141,嘉合稳健增长混合A,-0.09888433367946992,ret_12m,main,73.6,full,1.0,2026-09-23
4191.0,,001417,汇添富医疗服务灵活配置混合A,-0.09896494987743287,ret_12m,main,135.2,full,1.0,2026-09-23
4192.0,,017991,华泰柏瑞致远混合A,-0.09899306529030305,ret_12m,main,40.0,full,1.0,2026-09-23
4193.0,,005596,建信战略精选灵活配置混合A,-0.09903285169750875,ret_12m,main,101.7,full,1.0,2026-09-23
4194.0,,011588,前海开源成份精选混合,-0.0990382338696929,ret_12m,main,66.2,full,1.0,2026-09-23
4195.0,,012437,德邦价值优选混合A,-0.09907656780768637,ret_12m,main,61.4,full,1.0,2026-09-23
4196.0,,001298,金鹰民族新兴混合A,-0.09922039346633005,ret_12m,main,135.7,full,1.0,2026-09-23
4197.0,,011435,中欧研究精选混合A,-0.09946833584217496,ret_12m,main,66.0,full,1.0,2026-09-23
4198.0,,016818,鹏华睿进一年持有期混合A,-0.09963500378204992,ret_12m,main,43.7,full,1.0,2026-09-23
4199.0,,017199,广发ESG责任投资混合A,-0.0997911200019439,ret_12m,main,44.1,full,1.0,2026-09-23
4200.0,,000251,工银金融地产混合A,-0.10011039801873545,ret_12m,main,156.9,full,1.0,2026-09-23
4201.0,,006796,富国消费升级混合A,-0.10011098933040863,ret_12m,main,91.1,full,1.0,2026-09-23
4202.0,,020004,中欧臻选成长混合发起A,-0.10057176097576703,ret_12m,main,34.2,short,1.0,2026-09-23
4203.0,,001382,易方达国企改革混合,-0.10059447098219132,ret_12m,main,109.0,full,1.0,2026-09-23
4204.0,,015026,鹏华增华混合A,-0.10060874980825629,ret_12m,main,49.2,full,1.0,2026-09-23
4205.0,,013334,鹏华价值远航6个月持有混合A,-0.10070434434250053,ret_12m,main,55.0,full,1.0,2026-09-23
4206.0,,006689,方正富邦信泓混合A,-0.10080521244441132,ret_12m,main,85.9,full,1.0,2026-09-23
4207.0,,006123,国联高股息混合A,-0.10082079686137468,ret_12m,main,83.9,full,1.0,2026-09-23
4208.0,,006981,中金新医药股票A,-0.10089118867659153,ret_12m,main,88.3,full,1.0,2026-09-23
4209.0,,014840,招商裕华混合,-0.10090661589318062,ret_12m,main,55.4,full,1.0,2026-09-23
4210.0,,008412,长盛竞争优势A,-0.1009385621728538,ret_12m,main,74.0,full,1.0,2026-09-23
4211.0,,006266,永赢智能领先混合A,-0.10101837846207884,ret_12m,main,90.0,full,1.0,2026-09-23
4212.0,,005445,华宝价值发现混合A,-0.10106503840449554,ret_12m,main,104.0,full,1.0,2026-09-23
4213.0,,017147,嘉实积极配置一年持有混合A,-0.10154244648423383,ret_12m,main,45.8,full,1.0,2026-09-23
4214.0,,006568,国联安行业领先混合,-0.1018951384090091,ret_12m,main,93.3,full,1.0,2026-09-23
4215.0,,590002,中邮核心成长混合A,-0.10232133471915117,ret_12m,main,229.2,full,1.0,2026-09-23
4216.0,,010709,安信医药健康股票A,-0.10256647068143965,ret_12m,main,68.3,full,1.0,2026-09-23
4217.0,,012079,信澳新能源精选混合A,-0.10266798914001574,ret_12m,main,64.0,full,1.0,2026-09-23
4218.0,,002168,嘉实智能汽车股票,-0.10279752819378374,ret_12m,main,127.6,full,1.0,2026-09-23
4219.0,,021027,太平医疗创新混合发起式A,-0.10298893754608718,ret_12m,main,27.6,short,1.0,2026-09-23
4220.0,,015856,格林碳中和主题混合A,-0.10321000394989699,ret_12m,main,44.2,full,1.0,2026-09-23
4221.0,,024824,招商医药精选混合发起式A,-0.1033938558050248,ret_12m,main,13.6,short,1.0,2026-09-23
4222.0,,008958,嘉实回报精选股票,-0.10352564576995849,ret_12m,main,78.6,full,1.0,2026-09-23
4223.0,,210009,金鹰核心资源混合A,-0.10378213661724911,ret_12m,main,172.0,full,1.0,2026-09-23
4224.0,,610004,信澳中小盘混合A,-0.10401796070722913,ret_12m,main,201.7,full,1.0,2026-09-23
4225.0,,012234,华安聚弘精选混合A,-0.10402372220345113,ret_12m,main,60.9,full,1.0,2026-09-23
4226.0,,001104,华安新丝路主题股票A,-0.10403364975648177,ret_12m,main,137.5,full,1.0,2026-09-23
4227.0,,011856,安信均衡成长18个月持有混合A,-0.10435124598891987,ret_12m,main,65.1,full,1.0,2026-09-23
4228.0,,011333,鹏华品质优选混合A,-0.10442544822126865,ret_12m,main,67.4,full,1.0,2026-09-23
4229.0,,210005,金鹰主题优势混合,-0.10444596683624041,ret_12m,main,189.1,full,1.0,2026-09-23
4230.0,,001229,德邦福鑫灵活配置混合A,-0.1049903715094358,ret_12m,main,136.9,full,1.0,2026-09-23
4231.0,,015127,长城产业成长混合A,-0.10546610152794589,ret_12m,main,51.1,full,1.0,2026-09-23
4232.0,,001276,建信新经济灵活配置混合,-0.10557695308257187,ret_12m,main,136.0,full,1.0,2026-09-23
4233.0,,519772,交银新生活力灵活配置混合A,-0.1057556239317039,ret_12m,main,118.4,full,1.0,2026-09-23
4234.0,,016551,诺德策略回报股票A,-0.10650620903832664,ret_12m,main,46.9,full,1.0,2026-09-23
4235.0,,011429,前海开源民裕进取,-0.1067577740874327,ret_12m,main,66.5,full,1.0,2026-09-23
4236.0,,008891,安信价值成长混合A,-0.10692182478738965,ret_12m,main,78.2,full,1.0,2026-09-23
4237.0,,010608,华泰柏瑞质量领先混合A,-0.1069298382588243,ret_12m,main,68.1,full,1.0,2026-09-23
4238.0,,012382,宏利新兴景气龙头混合A,-0.10697831831359739,ret_12m,main,58.9,full,1.0,2026-09-23
4239.0,,001927,华夏消费升级灵活配置混合A,-0.10701085745199279,ret_12m,main,127.6,full,1.0,2026-09-23
4240.0,,015514,方正富邦鑫诚12个月持有混合A,-0.1070285424273103,ret_12m,main,48.1,full,1.0,2026-09-23
4241.0,,007152,诺德策略精选,-0.1072145479788622,ret_12m,main,88.0,full,1.0,2026-09-23
4242.0,,011466,兴业医疗保健混合A,-0.10724630234673549,ret_12m,main,66.5,full,1.0,2026-09-23
4243.0,,012244,广发金融地产精选股票A,-0.10758169235949966,ret_12m,main,62.8,full,1.0,2026-09-23
4244.0,,002085,长盛互联网+混合A,-0.10764111184740666,ret_12m,main,128.9,full,1.0,2026-09-23
4245.0,,001940,农银现代农业加,-0.10772292033820752,ret_12m,main,127.8,full,1.0,2026-09-23
4246.0,,519991,长信双利优选混合A,-0.10774318982977027,ret_12m,main,219.1,full,1.0,2026-09-23
4247.0,,003940,银华盛世精选灵活配置混合发起式A,-0.10778157723050508,ret_12m,main,117.0,full,1.0,2026-09-23
4248.0,,206007,鹏华消费优选混合,-0.10780909281431594,ret_12m,main,188.8,full,1.0,2026-09-23
4249.0,,016075,华夏智造升级混合A,-0.1078789264327712,ret_12m,main,46.2,full,1.0,2026-09-23
4250.0,,019777,鹏扬消费量化选股混合A,-0.10803881996049391,ret_12m,main,33.1,short,1.0,2026-09-23
4251.0,,009007,兴全沪港深两年持有混合,-0.10808464524937034,ret_12m,main,76.1,full,1.0,2026-09-23
4252.0,,010592,南方医药创新股票A,-0.10854235653348121,ret_12m,main,66.7,full,1.0,2026-09-23
4253.0,,011169,建信臻选混合,-0.10863755151775412,ret_12m,main,66.7,full,1.0,2026-09-23
4254.0,,040005,华安宏利混合A,-0.10972580212719107,ret_12m,main,240.6,full,1.0,2026-09-23
4255.0,,013461,鹏扬成长先锋混合A,-0.11002947449648515,ret_12m,main,58.7,full,1.0,2026-09-23
4256.0,,002567,大成国家安全主题灵活配置混合A,-0.11031257130252525,ret_12m,main,124.6,full,1.0,2026-09-23
4257.0,,022597,富国红利质选混合A,-0.1103612831587808,ret_12m,main,17.0,short,1.0,2026-09-23
4258.0,,008371,华安汇智精选两年持有混合,-0.11099888186385243,ret_12m,main,81.2,full,1.0,2026-09-23
4259.0,,002214,中海沪港深价值优选混合A,-0.11122195082074815,ret_12m,main,124.8,full,1.0,2026-09-23
4260.0,,519673,银河康乐股票A,-0.11140181915810599,ret_12m,main,142.2,full,1.0,2026-09-23
4261.0,,011282,华夏消费龙头混合A,-0.11157588180912925,ret_12m,main,67.6,full,1.0,2026-09-23
4262.0,,001583,安信新常态股票A,-0.11199605829707893,ret_12m,main,133.6,full,1.0,2026-09-23
4263.0,,005612,嘉实核心优势股票发起式,-0.11281338394495366,ret_12m,main,103.7,full,1.0,2026-09-23
4264.0,,004223,金信多策略精选混合A,-0.11281511221099394,ret_12m,main,111.5,full,1.0,2026-09-23
4265.0,,007893,平安估值精选混合A,-0.1128879195344018,ret_12m,main,77.0,full,1.0,2026-09-23
4266.0,,003182,华富弘鑫混合A,-0.113071708439072,ret_12m,main,117.8,full,1.0,2026-09-23
4267.0,,013559,招商均衡回报混合A,-0.11316023151457855,ret_12m,main,58.8,full,1.0,2026-09-23
4268.0,,008353,宏利消费量化混合A,-0.11329903415342191,ret_12m,main,80.1,full,1.0,2026-09-23
4269.0,,019575,太平科创精选混合发起式A,-0.11418538554130364,ret_12m,main,31.8,short,1.0,2026-09-23
4270.0,,000554,南方中国梦灵活配置混合A,-0.11430112673576032,ret_12m,main,147.5,full,1.0,2026-09-23
4271.0,,012586,南方港股创新视野一年持有混合A,-0.11500006738743629,ret_12m,main,56.8,full,1.0,2026-09-23
4272.0,,952035,国泰海通君得诚混合,-0.11520617037456016,ret_12m,main,77.9,full,1.0,2026-09-23
4273.0,,012178,银华富饶精选三年持有期混合,-0.11582538973669765,ret_12m,main,63.9,full,1.0,2026-09-23
4274.0,,011431,宏利消费服务混合A,-0.11599987734460848,ret_12m,main,66.3,full,1.0,2026-09-23
4275.0,,671010,西部利得策略优选混合A,-0.11613093463110269,ret_12m,main,187.9,full,1.0,2026-09-23
4276.0,,011335,银河医药混合A,-0.1163510444624628,ret_12m,main,63.2,full,1.0,2026-09-23
4277.0,,001972,前海开源沪港深智慧生活混合,-0.11697818646146607,ret_12m,main,127.9,full,1.0,2026-09-23
4278.0,,015400,弘毅远方甄选混合A,-0.11704088907057897,ret_12m,main,18.8,short,1.0,2026-09-23
4279.0,,015537,红塔红土新能源主题精选股票A,-0.11757814628703678,ret_12m,main,47.9,full,1.0,2026-09-23
4280.0,,160142,南方优势产业(LOF),-0.11770845968839727,ret_12m,main,98.6,full,1.0,2026-09-23
4281.0,,011136,广发盛兴混合A,-0.11828933342227732,ret_12m,main,67.6,full,1.0,2026-09-23
4282.0,,012225,嘉实优势精选混合A,-0.11851522464197173,ret_12m,main,62.8,full,1.0,2026-09-23
4283.0,,168104,九泰锐丰灵活配置混合(LOF)A,-0.11883444295585599,ret_12m,main,120.8,full,1.0,2026-09-23
4284.0,,000780,鹏华医疗保健股票,-0.11885182170432029,ret_12m,main,144.0,full,1.0,2026-09-23
4285.0,,012067,嘉实蓝筹优势混合A,-0.1189752936609797,ret_12m,main,61.2,full,1.0,2026-09-23
4286.0,,020162,华安睿信优选混合A,-0.11901500291492573,ret_12m,main,32.2,short,1.0,2026-09-23
4287.0,,002945,大成盛世精选混合A,-0.11918385147375699,ret_12m,main,105.1,full,1.0,2026-09-23
4288.0,,017839,银华清洁能源产业混合A,-0.11926946578636755,ret_12m,main,39.6,full,1.0,2026-09-23
4289.0,,006890,摩根领先优选混合A,-0.1201638864545882,ret_12m,main,90.2,full,1.0,2026-09-23
4290.0,,004905,华泰柏瑞生物医药混合A,-0.12027590487217044,ret_12m,main,109.2,full,1.0,2026-09-23
4291.0,,008861,西部利得港股通新机遇混合A,-0.12065035060368767,ret_12m,main,74.3,full,1.0,2026-09-23
4292.0,,020331,红塔红土医药精选股票发起式A,-0.12071414755205245,ret_12m,main,29.7,short,1.0,2026-09-23
4293.0,,014919,银华心选一年持有期混合A,-0.1212983792724509,ret_12m,main,55.0,full,1.0,2026-09-23
4294.0,,005493,鑫元价值精选混合A,-0.12133171742439675,ret_12m,main,104.0,full,1.0,2026-09-23
4295.0,,022693,恒生前海港股通价值混合A,-0.12178563540060594,ret_12m,main,20.3,short,1.0,2026-09-23
4296.0,,003378,泰康策略优选混合,-0.12192391469221031,ret_12m,main,117.8,full,1.0,2026-09-23
4297.0,,009138,嘉实瑞成两年持有期混合A,-0.1219423653370304,ret_12m,main,76.3,full,1.0,2026-09-23
4298.0,,260104,景顺长城内需增长混合A,-0.12212062914524369,ret_12m,main,266.9,full,1.0,2026-09-23
4299.0,,021524,天弘匠心臻选混合发起A,-0.12242088994061551,ret_12m,main,26.6,short,1.0,2026-09-23
4300.0,,005354,富国沪港深行业精选混合A,-0.12243572299574113,ret_12m,main,105.4,full,1.0,2026-09-23
4301.0,,009362,招商丰盈积极配置混合A,-0.12288816841093975,ret_12m,main,73.8,full,1.0,2026-09-23
4302.0,,010783,德邦沪港深龙头混合A,-0.12309918780000728,ret_12m,main,69.3,full,1.0,2026-09-23
4303.0,,160627,鹏华策略优选灵活配置混合,-0.12329553029637519,ret_12m,main,146.7,full,1.0,2026-09-23
4304.0,,019342,富国价值发现混合A,-0.12374315691533844,ret_12m,main,31.5,short,1.0,2026-09-23
4305.0,,012981,华夏创新医药龙头混合A,-0.12391791360587323,ret_12m,main,59.4,full,1.0,2026-09-23
4306.0,,014141,大成新能源混合发起式A,-0.1240706571979685,ret_12m,main,57.0,full,1.0,2026-09-23
4307.0,,017132,中银新能源产业股票A,-0.12408923050073695,ret_12m,main,38.4,full,1.0,2026-09-23
4308.0,,000124,华宝服务优选混合,-0.12462723128113473,ret_12m,main,158.9,full,1.0,2026-09-23
4309.0,,398021,中海能源策略混合,-0.12508037398342753,ret_12m,main,234.4,full,1.0,2026-09-23
4310.0,,012126,宏利新能源股票A,-0.12510075102845797,ret_12m,main,63.9,full,1.0,2026-09-23
4311.0,,015227,华夏创新研选混合A,-0.1251507268388451,ret_12m,main,49.0,full,1.0,2026-09-23
4312.0,,007177,浙商智能行业优选混合A,-0.12566201481032768,ret_12m,main,83.9,full,1.0,2026-09-23
4313.0,,006072,民生加银创新成长混合A,-0.12576154429339548,ret_12m,main,92.9,full,1.0,2026-09-23
4314.0,,006218,富国生物医药科技混合A,-0.1258736497145545,ret_12m,main,90.4,full,1.0,2026-09-23
4315.0,,270041,广发消费品精选混合A,-0.1259317118021437,ret_12m,main,171.4,full,1.0,2026-09-23
4316.0,,005847,富国沪港深业绩驱动混合型A,-0.1262081620340787,ret_12m,main,97.9,full,1.0,2026-09-23
4317.0,,016386,永赢低碳环保智选混合发起A,-0.1263225287549794,ret_12m,main,47.2,full,1.0,2026-09-23
4318.0,,011248,嘉实品质回报混合,-0.12636348259633368,ret_12m,main,67.6,full,1.0,2026-09-23
4319.0,,002132,广发鑫享灵活配置混合A,-0.12643026144521852,ret_12m,main,128.3,full,1.0,2026-09-23
4320.0,,020265,长城产业优选混合A,-0.12645858179538838,ret_12m,main,26.0,short,1.0,2026-09-23
4321.0,,001901,前海开源沪港深隆鑫混合A,-0.12657701828743362,ret_12m,main,114.8,full,1.0,2026-09-23
4322.0,,002662,前海开源沪港深大消费混合A,-0.12666498996172937,ret_12m,main,119.8,full,1.0,2026-09-23
4323.0,,013550,汇添富品牌价值一年持有混合A,-0.126796932552812,ret_12m,main,57.1,full,1.0,2026-09-23
4324.0,,005701,摩根香港精选港股通混合A,-0.12681860514712884,ret_12m,main,99.5,full,1.0,2026-09-23
4325.0,,010874,泰康品质生活混合A,-0.12709714108830816,ret_12m,main,68.8,full,1.0,2026-09-23
4326.0,,002332,汇丰晋信沪港深A,-0.1273957288815426,ret_12m,main,118.4,full,1.0,2026-09-23
4327.0,,007484,信澳核心科技混合A,-0.12768590732396357,ret_12m,main,85.3,full,1.0,2026-09-23
4328.0,,005517,富国新趋势灵活配置混合A,-0.12769389186443758,ret_12m,main,102.4,full,1.0,2026-09-23
4329.0,,011868,中信建投远见回报混合A,-0.12786776755160678,ret_12m,main,61.4,full,1.0,2026-09-23
4330.0,,020444,华西研究精选混合发起A,-0.1279961854840942,ret_12m,main,32.9,short,1.0,2026-09-23
4331.0,,005585,银河文体娱乐混合A,-0.12813134599706022,ret_12m,main,101.2,full,1.0,2026-09-23
4332.0,,011690,招商品质发现混合A,-0.12844466687513256,ret_12m,main,60.7,full,1.0,2026-09-23
4333.0,,009704,南方景气驱动混合A,-0.12900731144847433,ret_12m,main,73.6,full,1.0,2026-09-23
4334.0,,007713,华富科技动能混合A,-0.12913924389513298,ret_12m,main,82.6,full,1.0,2026-09-23
4335.0,,012447,华夏互联网龙头混合A,-0.12955836870059334,ret_12m,main,62.1,full,1.0,2026-09-23
4336.0,,000339,长城医疗保健混合A,-0.12995456314802578,ret_12m,main,150.8,full,1.0,2026-09-23
4337.0,,240020,华宝医药生物混合A,-0.13022564294181305,ret_12m,main,174.8,full,1.0,2026-09-23
4338.0,,000727,融通健康产业灵活配置混合A/B,-0.13030704765535905,ret_12m,main,140.9,full,1.0,2026-09-23
4339.0,,020071,太平先进制造混合发起式A,-0.13038810999330874,ret_12m,main,28.9,short,1.0,2026-09-23
4340.0,,206013,鹏华宏观灵活配置混合,-0.1304438343825597,ret_12m,main,171.3,full,1.0,2026-09-23
4341.0,,021305,中欧品质精选混合A,-0.130500828751152,ret_12m,main,27.2,short,1.0,2026-09-23
4342.0,,011783,泓德睿源三年持有期混合,-0.13058130754216402,ret_12m,main,65.1,full,1.0,2026-09-23
4343.0,,010387,易方达医药生物股票A,-0.13081228566577463,ret_12m,main,70.6,full,1.0,2026-09-23
4344.0,,002685,中欧丰泓沪港深混合A,-0.13087908751287192,ret_12m,main,118.5,full,1.0,2026-09-23
4345.0,,001726,汇添富新兴消费股票A,-0.13107071063228792,ret_12m,main,129.7,full,1.0,2026-09-23
4346.0,,005489,中金衡优灵活配置混合A,-0.1311055892117473,ret_12m,main,99.5,full,1.0,2026-09-23
4347.0,,006692,金信消费升级股票A,-0.13120357980379016,ret_12m,main,91.7,full,1.0,2026-09-23
4348.0,,008445,融通产业趋势先锋股票,-0.13128106179015353,ret_12m,main,75.7,full,1.0,2026-09-23
4349.0,,010213,中欧互联网先锋混合A,-0.13129341881450063,ret_12m,main,71.4,full,1.0,2026-09-23
4350.0,,012373,富国稳健恒盛12个月持有混合A,-0.1320285433075259,ret_12m,main,60.5,full,1.0,2026-09-23
4351.0,,012057,鹏华品质成长混合A,-0.13207644664554508,ret_12m,main,61.6,full,1.0,2026-09-23
4352.0,,070011,嘉实策略混合,-0.13251137815453373,ret_12m,main,237.4,full,1.0,2026-09-23
4353.0,,001371,富国沪港深价值混合A,-0.13256547507827598,ret_12m,main,135.0,full,1.0,2026-09-23
4354.0,,004099,前海开源沪港深景气行业精选混合,-0.13265756286146102,ret_12m,main,112.5,full,1.0,2026-09-23
4355.0,,023173,兴华景成混合A,-0.1329037918682785,ret_12m,main,14.5,short,1.0,2026-09-23
4356.0,,399011,中海医疗保健主题股票A,-0.1329139125190214,ret_12m,main,174.6,full,1.0,2026-09-23
4357.0,,000878,中海医药健康产业精选混合A,-0.13293976622369652,ret_12m,main,141.2,full,1.0,2026-09-23
4358.0,,090011,大成核心双动力混合A,-0.13320540797615776,ret_12m,main,195.1,full,1.0,2026-09-23
4359.0,,009098,景顺长城价值领航两年持有,-0.13381070020178687,ret_12m,main,78.0,full,1.0,2026-09-23
4360.0,,015915,永赢医药创新智选混合发起A,-0.1338406884557367,ret_12m,main,46.0,full,1.0,2026-09-23
4361.0,,003298,嘉实物流产业股票A,-0.13411179314791366,ret_12m,main,116.8,full,1.0,2026-09-23
4362.0,,001320,工银丰盈回报灵活配置混合A,-0.13433015984546137,ret_12m,main,136.1,full,1.0,2026-09-23
4363.0,,009274,融通健康产业灵活配置混合C,-0.13447348833661033,ret_12m,main,77.3,full,1.0,2026-09-23
4364.0,,009619,博时女性消费主题混合A,-0.13478185501874185,ret_12m,main,74.8,full,1.0,2026-09-23
4365.0,,005358,东方阿尔法精选混合A,-0.13513296630961213,ret_12m,main,103.5,full,1.0,2026-09-23
4366.0,,009014,泓德睿泽混合,-0.13533512060758435,ret_12m,main,78.7,full,1.0,2026-09-23
4367.0,,004260,德邦稳盈增长灵活配置混合A,-0.1358866021747107,ret_12m,main,114.5,full,1.0,2026-09-23
4368.0,,010656,华商均衡30,-0.13613285491216742,ret_12m,main,48.1,full,1.0,2026-09-23
4369.0,,010220,海富通消费核心混合A,-0.13631575733239687,ret_12m,main,70.6,full,1.0,2026-09-23
4370.0,,017648,信澳聚优智选混合A,-0.13640665507002003,ret_12m,main,44.1,full,1.0,2026-09-23
4371.0,,009896,广发港股通成长精选股票A,-0.13685109217256397,ret_12m,main,72.4,full,1.0,2026-09-23
4372.0,,021489,中航趋势领航混合发起A,-0.13685477983306282,ret_12m,main,27.2,short,1.0,2026-09-23
4373.0,,021830,国寿安保农业产业股票发起式A,-0.13727014574066077,ret_12m,main,26.3,short,1.0,2026-09-23
4374.0,,002938,中银证券健康产业混合,-0.1375575077965303,ret_12m,main,120.5,full,1.0,2026-09-23
4375.0,,012389,信澳品质回报6个月持有混合,-0.13765686226806706,ret_12m,main,61.0,full,1.0,2026-09-23
4376.0,,002683,民生加银前沿科技灵活配置混合,-0.13768560659146056,ret_12m,main,117.7,full,1.0,2026-09-23
4377.0,,001915,宝盈医疗健康沪港深股票A,-0.13787491162975762,ret_12m,main,129.7,full,1.0,2026-09-23
4378.0,,011643,嘉实时代先锋三年持有混合A,-0.13831394202587566,ret_12m,main,61.9,full,1.0,2026-09-23
4379.0,,017973,易方达港股通优质增长混合A,-0.13850854934116164,ret_12m,main,41.9,full,1.0,2026-09-23
4380.0,,022521,中欧农业产业混合发起A,-0.13853849392661988,ret_12m,main,21.2,short,1.0,2026-09-23
4381.0,,000854,鹏华养老产业股票,-0.13870254763026235,ret_12m,main,141.7,full,1.0,2026-09-23
4382.0,,020057,银河高端装备混合发起式A,-0.13873903503346685,ret_12m,main,33.6,short,1.0,2026-09-23
4383.0,,002604,华夏新起点混合A,-0.13877649574965523,ret_12m,main,122.8,full,1.0,2026-09-23
4384.0,,019115,东财卓越成长A,-0.13890881579422276,ret_12m,main,32.9,short,1.0,2026-09-23
4385.0,,010562,永赢成长领航混合A,-0.13919732428045928,ret_12m,main,69.7,full,1.0,2026-09-23
4386.0,,016725,农银品质农业股票A,-0.1393007153843384,ret_12m,main,46.0,full,1.0,2026-09-23
4387.0,,002802,广发成长智选混合A,-0.13972167202372499,ret_12m,main,105.4,full,1.0,2026-09-23
4388.0,,000974,安信消费医药股票A,-0.13993497318560388,ret_12m,main,138.2,full,1.0,2026-09-23
4389.0,,015289,格林高股息优选混合A,-0.14008381745086484,ret_12m,main,46.3,full,1.0,2026-09-23
4390.0,,001765,前海开源嘉鑫混合A,-0.14040653985257923,ret_12m,main,116.9,full,1.0,2026-09-23
4391.0,,011455,长城竞争优势六个月混合A,-0.14048899097071033,ret_12m,main,62.4,full,1.0,2026-09-23
4392.0,,009240,泰康蓝筹优势一年持有股票,-0.14178022060004136,ret_12m,main,73.3,full,1.0,2026-09-23
4393.0,,610005,信澳红利回报混合A,-0.142282226662651,ret_12m,main,193.9,full,1.0,2026-09-23
4394.0,,014157,国泰海通创新医药混合发起A,-0.1427720299557661,ret_12m,main,57.0,full,1.0,2026-09-23
4395.0,,000511,国泰国策驱动灵活配置混合A,-0.1428658852015966,ret_12m,main,151.2,full,1.0,2026-09-23
4396.0,,011403,融通鑫新成长混合A,-0.1429781938181809,ret_12m,main,59.5,full,1.0,2026-09-23
4397.0,,008131,景顺长城竞争优势混合,-0.143320164280205,ret_12m,main,73.6,full,1.0,2026-09-23
4398.0,,002259,鹏华健康环保混合,-0.14363422733828124,ret_12m,main,128.1,full,1.0,2026-09-23
4399.0,,001864,中海魅力长三角混合,-0.14568962459882562,ret_12m,main,125.8,full,1.0,2026-09-23
4400.0,,024044,东方红港股通价值优选混合发起A,-0.14570356430114806,ret_12m,main,15.2,short,1.0,2026-09-23
4401.0,,017931,富达传承6个月股票A,-0.1458203741832631,ret_12m,main,40.9,full,1.0,2026-09-23
4402.0,,166011,中欧盛世成长混合(LOF)A,-0.14596981278101573,ret_12m,main,173.8,full,1.0,2026-09-23
4403.0,,213006,宝盈核心优势混合A,-0.1464254597997252,ret_12m,main,210.2,full,1.0,2026-09-23
4404.0,,005269,华泰柏瑞港股通量化混合A,-0.14662587418866857,ret_12m,main,105.1,full,1.0,2026-09-23
4405.0,,019916,富国医药创新股票A,-0.1469026971980797,ret_12m,main,30.4,short,1.0,2026-09-23
4406.0,,005505,前海开源中药股票A,-0.14750701412317457,ret_12m,main,102.1,full,1.0,2026-09-23
4407.0,,024598,兴业医疗创新混合发起式A,-0.1477441018029838,ret_12m,main,14.8,short,0.9526,2026-09-23
4408.0,,010969,华夏安阳6个月持有期混合A,-0.14783000847203553,ret_12m,main,65.8,full,1.0,2026-09-23
4409.0,,001179,德邦大健康灵活配置混合A,-0.1479578574609739,ret_12m,main,136.8,full,1.0,2026-09-23
4410.0,,018242,万家颐德一年持有期混合A,-0.14852281631813524,ret_12m,main,40.6,full,1.0,2026-09-23
4411.0,,005599,汇安量化优选灵活配置A,-0.14853707617594236,ret_12m,main,97.9,full,1.0,2026-09-23
4412.0,,008712,景顺长城品质成长混合A,-0.14867838877780282,ret_12m,main,80.7,full,1.0,2026-09-23
4413.0,,016475,大成新兴活力混合A,-0.14891168101464225,ret_12m,main,41.0,full,1.0,2026-09-23
4414.0,,014987,华安产业趋势混合A,-0.14946056549720688,ret_12m,main,49.7,full,1.0,2026-09-23
4415.0,,010094,交银产业机遇混合,-0.14987059076944687,ret_12m,main,72.0,full,1.0,2026-09-23
4416.0,,019143,东财景气驱动A,-0.14994585841544406,ret_12m,main,32.0,short,1.0,2026-09-23
4417.0,,007548,易方达ESG责任投资股票,-0.14999779973743455,ret_12m,main,84.7,full,1.0,2026-09-23
4418.0,,000591,中银健康生活混合A,-0.15082222906712373,ret_12m,main,148.1,full,1.0,2026-09-23
4419.0,,014220,恒越医疗健康精选混合A,-0.15097262325027594,ret_12m,main,55.9,full,1.0,2026-09-23
4420.0,,009017,银华港股通精选股票发起式A,-0.15116526113405426,ret_12m,main,77.7,full,1.0,2026-09-23
4421.0,,015052,东方红医疗升级股票发起A,-0.15146414807394337,ret_12m,main,53.8,full,1.0,2026-09-23
4422.0,,015553,融通价值成长混合A,-0.15150322105375802,ret_12m,main,50.2,full,1.0,2026-09-23
4423.0,,014859,大成慧心优选一年持有混合A,-0.15165316732783707,ret_12m,main,44.2,full,1.0,2026-09-23
4424.0,,014560,东方汽车产业趋势混合A,-0.1517803768716388,ret_12m,main,55.4,full,1.0,2026-09-23
4425.0,,009414,中银大健康股票A,-0.15212592573820805,ret_12m,main,75.9,full,1.0,2026-09-23
4426.0,,023393,宝盈创新医疗混合发起式A,-0.1523603856218957,ret_12m,main,15.6,short,1.0,2026-09-23
4427.0,,350008,天治新消费混合,-0.15239989492771933,ret_12m,main,181.7,full,1.0,2026-09-23
4428.0,,001278,前海开源清洁能源混合A,-0.1524226369643361,ret_12m,main,135.3,full,1.0,2026-09-23
4429.0,,168501,华银产业升级,-0.15254125241288063,ret_12m,main,111.0,full,1.0,2026-09-23
4430.0,,010447,中邮未来成长混合A,-0.15254508013263146,ret_12m,main,65.5,full,1.0,2026-09-23
4431.0,,002304,平安安心灵活配置混合A,-0.15256509971206522,ret_12m,main,128.3,full,1.0,2026-09-23
4432.0,,022286,长城医药产业精选混合发起式A,-0.15277108348388724,ret_12m,main,23.0,short,1.0,2026-09-23
4433.0,,008985,东方红启东三年持有混合,-0.15277884605155834,ret_12m,main,78.3,full,1.0,2026-09-23
4434.0,,008174,国泰蓝筹精选混合A,-0.15410188329428864,ret_12m,main,78.9,full,1.0,2026-09-23
4435.0,,750005,安信平稳增长混合发起A,-0.1542252766730059,ret_12m,main,165.2,full,1.0,2026-09-23
4436.0,,016313,富国研究精选灵活配置混合C,-0.15531640573121652,ret_12m,main,49.0,full,1.0,2026-09-23
4437.0,,005296,南华丰淳混合A,-0.15565114642584155,ret_12m,main,104.9,full,1.0,2026-09-23
4438.0,,001983,中邮低碳配置混合,-0.1559194331390047,ret_12m,main,124.8,full,1.0,2026-09-23
4439.0,,014408,创金合信兴选产业趋势混合A,-0.15595943854425498,ret_12m,main,49.7,full,1.0,2026-09-23
4440.0,,009909,嘉实动力先锋混合A,-0.15654547095836124,ret_12m,main,70.0,full,1.0,2026-09-23
4441.0,,024802,华夏臻选价值成长混合A,-0.15689176758000867,ret_12m,main,14.1,short,1.0,2026-09-23
4442.0,,008060,景顺长城价值边际灵活配置混合A,-0.15703369110572574,ret_12m,main,72.7,full,1.0,2026-09-23
4443.0,,014244,鹏扬竞争力先锋一年持有混合A,-0.1574457136323496,ret_12m,main,57.1,full,1.0,2026-09-23
4444.0,,016166,万家颐远均衡一年持有混合发起A,-0.15748410779390787,ret_12m,main,48.8,full,1.0,2026-09-23
4445.0,,013004,国泰价值领航股票A,-0.15827322536329946,ret_12m,main,60.5,full,1.0,2026-09-23
4446.0,,015570,创金合信医药优选3个月持有混合A,-0.15874041267502892,ret_12m,main,48.8,full,1.0,2026-09-23
4447.0,,019435,易米鑫选品质混合A,-0.15880915286428954,ret_12m,main,29.9,short,1.0,2026-09-23
4448.0,,011923,大成消费精选股票A,-0.15904495553560527,ret_12m,main,64.0,full,1.0,2026-09-23
4449.0,,519690,交银稳健配置混合,-0.1591745515975841,ret_12m,main,243.3,full,1.0,2026-09-23
4450.0,,019705,鹏扬消费主题混合发起式A,-0.1592156091161815,ret_12m,main,32.9,short,1.0,2026-09-23
4451.0,,011589,九泰天利量化A,-0.15950884193951165,ret_12m,main,59.4,full,1.0,2026-09-23
4452.0,,009877,中银内核驱动股票A,-0.15980800341179946,ret_12m,main,73.2,full,1.0,2026-09-23
4453.0,,011273,泰信景气驱动12个月持有混合A,-0.15987411518392458,ret_12m,main,65.5,full,1.0,2026-09-23
4454.0,,015004,中邮能源革新混合型发起A,-0.1603494208645161,ret_12m,main,54.5,full,1.0,2026-09-23
4455.0,,010409,富国消费精选30股票A,-0.16045244671611458,ret_12m,main,70.6,full,1.0,2026-09-23
4456.0,,011340,博时战略新材料主题混合A,-0.16069711583601454,ret_12m,main,67.6,full,1.0,2026-09-23
4457.0,,005106,银华农业产业股票发起式A,-0.16071428144401056,ret_12m,main,107.8,full,1.0,2026-09-23
4458.0,,005541,前海开源盛鑫混合A,-0.1608743589659506,ret_12m,main,101.7,full,1.0,2026-09-23
4459.0,,519710,交银策略回报灵活配置混合,-0.16113460060640317,ret_12m,main,171.1,full,1.0,2026-09-23
4460.0,,012344,嘉实领先优势混合A,-0.16129402806794324,ret_12m,main,63.5,full,1.0,2026-09-23
4461.0,,011314,农银创新成长混合,-0.16147638724781788,ret_12m,main,57.5,full,1.0,2026-09-23
4462.0,,018818,鑫元数字经济混合发起式A,-0.16194032735498198,ret_12m,main,38.0,full,1.0,2026-09-23
4463.0,,350002,天治低碳经济混合,-0.16228842255628328,ret_12m,main,260.3,full,1.0,2026-09-23
4464.0,,007084,天治转型升级混合,-0.16238329247913075,ret_12m,main,88.1,full,1.0,2026-09-23
4465.0,,260109,景顺长城内需增长贰号混合A,-0.16294472826858641,ret_12m,main,239.4,full,1.0,2026-09-23
4466.0,,013490,同泰金融精选股票A,-0.16309739962405456,ret_12m,main,57.8,full,1.0,2026-09-23
4467.0,,005226,山证资管改革精选混合A,-0.163112499031142,ret_12m,main,104.3,full,1.0,2026-09-23
4468.0,,009958,长安鑫悦消费混合A,-0.1632026199937482,ret_12m,main,72.1,full,1.0,2026-09-23
4469.0,,018124,永赢先进制造智选混合发起A,-0.16326338775555527,ret_12m,main,40.7,full,1.0,2026-09-23
4470.0,,010914,长盛成长精选混合A,-0.16394415843863408,ret_12m,main,66.1,full,1.0,2026-09-23
4471.0,,022852,中航优选领航混合发起A,-0.16412980563943635,ret_12m,main,21.0,short,1.0,2026-09-23
4472.0,,166019,中欧价值智选混合A,-0.1641575218533472,ret_12m,main,160.3,full,1.0,2026-09-23
4473.0,,007163,浦银环保新能源A,-0.164295481446863,ret_12m,main,86.5,full,1.0,2026-09-23
4474.0,,001230,鹏华医药科技股票A,-0.1647908810329456,ret_12m,main,135.7,full,1.0,2026-09-23
4475.0,,010595,广发成长精选混合A,-0.16483421287900046,ret_12m,main,68.1,full,1.0,2026-09-23
4476.0,,020458,平安医药精选股票A,-0.16498555271025517,ret_12m,main,27.2,short,1.0,2026-09-23
4477.0,,007750,广发优势增长股票A,-0.16505853407479132,ret_12m,main,81.0,full,1.0,2026-09-23
4478.0,,000083,汇添富消费行业混合,-0.1651983103552569,ret_12m,main,160.7,full,1.0,2026-09-23
4479.0,,018930,湘财均衡甄选混合A,-0.1652787840711457,ret_12m,main,36.1,full,1.0,2026-09-23
4480.0,,007959,方正富邦天恒混合A,-0.16581198601590508,ret_12m,main,84.1,full,1.0,2026-09-23
4481.0,,006720,平安核心优势混合A,-0.16594354034877612,ret_12m,main,91.8,full,1.0,2026-09-23
4482.0,,012848,大成悦享生活混合A,-0.1660990210259209,ret_12m,main,57.4,full,1.0,2026-09-23
4483.0,,350009,天治研究驱动混合A,-0.16627707725074137,ret_12m,main,176.9,full,1.0,2026-09-23
4484.0,,002378,建信弘利灵活配置混合A,-0.16628966446620796,ret_12m,main,127.6,full,1.0,2026-09-23
4485.0,,010795,民生价值发现一年持有混合A,-0.167255912003611,ret_12m,main,66.6,full,1.0,2026-09-23
4486.0,,006603,嘉实互融精选股票A,-0.16732862137734295,ret_12m,main,90.8,full,1.0,2026-09-23
4487.0,,010554,华安新兴消费混合A,-0.1680029768772533,ret_12m,main,69.4,full,1.0,2026-09-23
4488.0,,240001,华宝宝康消费品,-0.16814798807895326,ret_12m,main,278.3,full,1.0,2026-09-23
4489.0,,519020,国泰金泰灵活配置混合A,-0.16844541697037918,ret_12m,main,163.7,full,1.0,2026-09-23
4490.0,,011315,永赢港股通优质成长一年混合,-0.1686125724259835,ret_12m,main,64.3,full,1.0,2026-09-23
4491.0,,003655,信澳新财富混合A,-0.16900129856089208,ret_12m,main,118.4,full,1.0,2026-09-23
4492.0,,024632,中欧消费精选混合发起A,-0.16941294279746644,ret_12m,main,14.6,short,1.0,2026-09-23
4493.0,,010815,农银新兴消费股票,-0.17005733859584404,ret_12m,main,66.7,full,1.0,2026-09-23
4494.0,,001706,诺安积极回报混合A,-0.17007146337794254,ret_12m,main,120.0,full,1.0,2026-09-23
4495.0,,001675,江信同福A,-0.1707071277312633,ret_12m,main,132.9,full,1.0,2026-09-23
4496.0,,000117,广发轮动配置混合,-0.17073208773757742,ret_12m,main,159.9,full,1.0,2026-09-23
4497.0,,019587,兴业弘远回报混合发起式A,-0.17109532707591957,ret_12m,main,24.6,short,1.0,2026-09-23
4498.0,,007718,中银创新医疗混合A,-0.171146329886937,ret_12m,main,82.3,full,1.0,2026-09-23
4499.0,,008303,宝盈龙头优选股票A,-0.17127488775099964,ret_12m,main,78.0,full,1.0,2026-09-23
4500.0,,162605,景顺长城鼎益混合(LOF)A,-0.1718068911856453,ret_12m,main,258.3,full,1.0,2026-09-23
4501.0,,003446,英大睿鑫A,-0.1719194238332299,ret_12m,main,118.0,full,1.0,2026-09-23
4502.0,,024647,中欧制造升级混合发起A,-0.171934453859095,ret_12m,main,12.6,short,0.9842,2026-09-23
4503.0,,011288,上银医疗健康混合A,-0.17200658303690752,ret_12m,main,65.8,full,1.0,2026-09-23
4504.0,,010108,景顺长城核心招景混合A,-0.17209752393692945,ret_12m,main,68.5,full,1.0,2026-09-23
4505.0,,008477,安信价值驱动三年持有混合,-0.17220707247104627,ret_12m,main,80.3,full,1.0,2026-09-23
4506.0,,011722,前海开源深圳特区精选股票A,-0.17281164777996683,ret_12m,main,64.6,full,1.0,2026-09-23
4507.0,,003230,创金合信医疗保健股票A,-0.1728752608624824,ret_12m,main,120.8,full,1.0,2026-09-23
4508.0,,017721,华夏汽车产业混合A,-0.17312252478368417,ret_12m,main,43.2,full,1.0,2026-09-23
4509.0,,003032,平安医疗健康混合A,-0.1733030937615304,ret_12m,main,106.0,full,1.0,2026-09-23
4510.0,,018975,中信建投消费升级混合发起式A,-0.17384386611938285,ret_12m,main,35.9,short,1.0,2026-09-23
4511.0,,006252,永赢消费主题A,-0.1738618402154929,ret_12m,main,94.6,full,1.0,2026-09-23
4512.0,,011994,国联安核心优势混合A,-0.1739421005380235,ret_12m,main,61.2,full,1.0,2026-09-23
4513.0,,004794,富荣福鑫混合A,-0.1741316411919286,ret_12m,main,103.3,full,1.0,2026-09-23
4514.0,,009875,天弘甄选食品饮料股票A,-0.17423771877964067,ret_12m,main,73.1,full,1.0,2026-09-23
4515.0,,009010,华夏兴阳一年持有混合,-0.17453314679877596,ret_12m,main,78.2,full,1.0,2026-09-23
4516.0,,580007,东吴安享量化混合A,-0.17475498360027075,ret_12m,main,194.8,full,1.0,2026-09-23
4517.0,,004868,交银股息优化混合,-0.17478199534013317,ret_12m,main,108.9,full,1.0,2026-09-23
4518.0,,001714,工银文体产业股票A,-0.17508680163480428,ret_12m,main,128.8,full,1.0,2026-09-23
4519.0,,004702,南方金融主题灵活配置混合A,-0.17543702062853828,ret_12m,main,109.7,full,1.0,2026-09-23
4520.0,,010552,浙商智选领航三年持有混合A,-0.17558378905452066,ret_12m,main,68.3,full,1.0,2026-09-23
4521.0,,011847,易方达商业模式优选混合A,-0.17609092175597674,ret_12m,main,61.7,full,1.0,2026-09-23
4522.0,,002547,民生加银养老服务混合,-0.17615325545305882,ret_12m,main,119.1,full,1.0,2026-09-23
4523.0,,007811,淳厚信泽混合A,-0.17651008410939484,ret_12m,main,85.1,full,1.0,2026-09-23
4524.0,,016307,景顺长城北交所精选两年定开混合A,-0.17652884658284118,ret_12m,main,49.0,full,1.0,2026-09-23
4525.0,,001508,富国新动力灵活配置混合A,-0.1768376332435211,ret_12m,main,133.7,full,1.0,2026-09-23
4526.0,,010585,创金合信医药消费股票A,-0.17686733499462415,ret_12m,main,69.7,full,1.0,2026-09-23
4527.0,,005360,汇安资产轮动混合A,-0.17689656129653575,ret_12m,main,104.9,full,1.0,2026-09-23
4528.0,,011503,建信智能生活混合,-0.17691169160906128,ret_12m,main,65.9,full,1.0,2026-09-23
4529.0,,014765,中欧碳中和混合发起A,-0.1769605921468811,ret_12m,main,54.7,full,1.0,2026-09-23
4530.0,,006457,平安估值优势混合A,-0.17706143654682904,ret_12m,main,93.6,full,1.0,2026-09-23
4531.0,,160322,华夏港股通精选股票发起式(LOF)A,-0.17720638169385516,ret_12m,main,118.4,full,1.0,2026-09-23
4532.0,,024693,鑫元消费睿选混合发起式A,-0.17759737074784288,ret_12m,main,14.2,short,1.0,2026-09-23
4533.0,,023566,德邦高端装备混合发起式A,-0.1778432470022534,ret_12m,main,18.3,short,1.0,2026-09-23
4534.0,,016454,诺安均衡优选一年持有混合A,-0.1782299292045305,ret_12m,main,48.1,full,1.0,2026-09-23
4535.0,,161729,招商瑞利灵活配置混合(LOF)A,-0.17838223685896515,ret_12m,main,86.2,full,1.0,2026-09-23
4536.0,,540009,汇丰晋信消费红利股票,-0.178507596820775,ret_12m,main,189.5,full,1.0,2026-09-23
4537.0,,016530,鹏华碳中和主题混合A,-0.1786697763189271,ret_12m,main,40.6,full,1.0,2026-09-23
4538.0,,010341,招商产业精选股票A,-0.17910437959160597,ret_12m,main,69.2,full,1.0,2026-09-23
4539.0,,009778,长信消费升级混合A,-0.17948820908538854,ret_12m,main,70.6,full,1.0,2026-09-23
4540.0,,008133,华安优质生活混合,-0.17981268276385998,ret_12m,main,78.9,full,1.0,2026-09-23
4541.0,,012852,嘉实远见先锋一年持有期混合A,-0.1799086414826021,ret_12m,main,60.7,full,1.0,2026-09-23
4542.0,,540007,汇丰晋信中小盘股票,-0.17991938437602972,ret_12m,main,201.4,full,1.0,2026-09-23
4543.0,,400032,东方主题精选混合,-0.18016015380493067,ret_12m,main,138.1,full,1.0,2026-09-23
4544.0,,001900,诺安精选价值混合A,-0.18034456667370236,ret_12m,main,90.8,full,1.0,2026-09-23
4545.0,,005067,融通逆向策略灵活配置混合A,-0.18045049357541743,ret_12m,main,103.4,full,1.0,2026-09-23
4546.0,,010196,易方达核心优势股票A,-0.18052096112894656,ret_12m,main,67.8,full,1.0,2026-09-23
4547.0,,000763,工银新财富灵活配置混合,-0.18082209787547332,ret_12m,main,144.1,full,1.0,2026-09-23
4548.0,,024471,平安价值优享混合A,-0.18090498160143176,ret_12m,main,15.1,short,0.9763,2026-09-23
4549.0,,660012,农银消费主题混合A,-0.1809835848118142,ret_12m,main,173.0,full,1.0,2026-09-23
4550.0,,020510,金鹰科技致远混合A,-0.1813984682951414,ret_12m,main,30.2,short,1.0,2026-09-23
4551.0,,018901,招商回报优选混合发起式A,-0.1818363316242716,ret_12m,main,30.2,short,1.0,2026-09-23
4552.0,,011173,银华心享一年持有期混合,-0.18194149826605122,ret_12m,main,66.7,full,1.0,2026-09-23
4553.0,,008075,招商核心优选股票A,-0.18201114102980154,ret_12m,main,81.2,full,1.0,2026-09-23
4554.0,,009869,嘉实产业先锋混合A,-0.18209389420669952,ret_12m,main,74.1,full,1.0,2026-09-23
4555.0,,010298,汇添富品牌驱动六个月持有混合,-0.18225119936104706,ret_12m,main,71.1,full,1.0,2026-09-23
4556.0,,019620,汇安行业优选混合A,-0.1823146097600038,ret_12m,main,26.0,short,1.0,2026-09-23
4557.0,,010076,湘财长弘灵活配置混合A,-0.1823765530175765,ret_12m,main,72.0,full,1.0,2026-09-23
4558.0,,007861,金元顺安医疗健康混合A,-0.1834469248454259,ret_12m,main,61.8,full,1.0,2026-09-23
4559.0,,005004,交银品质升级混合A,-0.18347445870698165,ret_12m,main,103.5,full,1.0,2026-09-23
4560.0,,020848,尚正正泰平衡配置混合发起A,-0.1835876585957994,ret_12m,main,22.6,short,1.0,2026-09-23
4561.0,,010949,景顺长城研究驱动三年持有混合,-0.18409531858694173,ret_12m,main,53.6,full,1.0,2026-09-23
4562.0,,013175,海富通碳中和混合A,-0.1846674073662674,ret_12m,main,60.0,full,1.0,2026-09-23
4563.0,,000991,工银战略转型股票A,-0.1847795809721855,ret_12m,main,139.2,full,1.0,2026-09-23
4564.0,,022690,华安医药生物股票发起式A,-0.18494125389800642,ret_12m,main,20.9,short,1.0,2026-09-23
4565.0,,519714,交银消费新驱动股票,-0.18554079260970646,ret_12m,main,166.5,full,1.0,2026-09-23
4566.0,,023955,国金安瑞平衡A,-0.18573323498150474,ret_12m,main,15.6,short,1.0,2026-09-23
4567.0,,011830,富国天恒混合A,-0.18617126397948958,ret_12m,main,56.0,full,1.0,2026-09-23
4568.0,,006768,华安沪港深优选混合,-0.18626588484693385,ret_12m,main,90.0,full,1.0,2026-09-23
4569.0,,019457,平安先进制造主题股票发起A,-0.18726906256081655,ret_12m,main,35.0,short,1.0,2026-09-23
4570.0,,011418,汇添富消费精选两年持有股票A,-0.18803533304937792,ret_12m,main,64.4,full,1.0,2026-09-23
4571.0,,011893,易方达长期价值混合A,-0.18803985358287867,ret_12m,main,60.0,full,1.0,2026-09-23
4572.0,,017041,富国碳中和混合A,-0.1880443501978165,ret_12m,main,42.9,full,1.0,2026-09-23
4573.0,,217021,招商优势企业混合A,-0.188129622695701,ret_12m,main,175.7,full,1.0,2026-09-23
4574.0,,012308,国泰价值远见混合A,-0.1882611642750085,ret_12m,main,60.5,full,1.0,2026-09-23
4575.0,,006377,广发趋势动力混合A,-0.18853719236091682,ret_12m,main,92.9,full,1.0,2026-09-23
4576.0,,004098,前海开源港股通股息率50强,-0.18856724005342484,ret_12m,main,112.5,full,1.0,2026-09-23
4577.0,,260108,景顺长城新兴成长混合A,-0.189069549042722,ret_12m,main,242.9,full,1.0,2026-09-23
4578.0,,007523,汇添富内需增长股票A,-0.18958938878117504,ret_12m,main,85.8,full,1.0,2026-09-23
4579.0,,001829,华银中国智造主题灵活配置,-0.18966783034244417,ret_12m,main,127.9,full,1.0,2026-09-23
4580.0,,501071,泓德丰泽混合(LOF)A,-0.18984674045594574,ret_12m,main,89.9,full,1.0,2026-09-23
4581.0,,014107,博时品质生活混合A,-0.18995945527316382,ret_12m,main,57.0,full,1.0,2026-09-23
4582.0,,006675,宝盈品牌消费股票A,-0.1901454148361762,ret_12m,main,87.6,full,1.0,2026-09-23
4583.0,,010429,中欧睿见混合A,-0.19035285876077956,ret_12m,main,70.5,full,1.0,2026-09-23
4584.0,,013009,万家港股通精选混合A,-0.19051251461549423,ret_12m,main,56.6,full,1.0,2026-09-23
4585.0,,015663,易米开鑫价值优选混合A,-0.19066547554019508,ret_12m,main,49.7,full,1.0,2026-09-23
4586.0,,016384,永赢消费鑫选6个月持有混合A,-0.1906705228415252,ret_12m,main,45.7,full,1.0,2026-09-23
4587.0,,019952,平安价值远见混合A,-0.19113094141851394,ret_12m,main,31.5,short,1.0,2026-09-23
4588.0,,004505,博时新兴消费主题混合A,-0.19114748343200838,ret_12m,main,111.6,full,1.0,2026-09-23
4589.0,,007182,万家沪港深蓝筹混合A,-0.1913003874706254,ret_12m,main,58.7,full,1.0,2026-09-23
4590.0,,162203,宏利稳定混合,-0.19131957967190527,ret_12m,main,281.0,full,1.0,2026-09-23
4591.0,,001614,东方区域发展混合,-0.19133998317033019,ret_12m,main,120.5,full,1.0,2026-09-23
4592.0,,004995,广发品牌消费股票发起式A,-0.19148377589250176,ret_12m,main,105.3,full,1.0,2026-09-23
4593.0,,024159,大成港股通机遇混合A,-0.1918000678194447,ret_12m,main,16.1,short,1.0,2026-09-23
4594.0,,015343,长安优势行业混合A,-0.19218314854304308,ret_12m,main,48.7,full,1.0,2026-09-23
4595.0,,005642,鹏扬景升A,-0.19237506972792795,ret_12m,main,101.7,full,1.0,2026-09-23
4596.0,,000551,中信保诚幸福消费混合A,-0.1924730592276085,ret_12m,main,148.8,full,1.0,2026-09-23
4597.0,,015732,尚正新能源产业混合A,-0.19293076211743165,ret_12m,main,49.4,full,1.0,2026-09-23
4598.0,,012523,国联高质量成长混合A,-0.19365291605007384,ret_12m,main,58.2,full,1.0,2026-09-23
4599.0,,012703,华夏核心成长混合A,-0.19411088824529765,ret_12m,main,57.7,full,1.0,2026-09-23
4600.0,,005164,富荣福锦混合A,-0.19414423694639038,ret_12m,main,102.3,full,1.0,2026-09-23
4601.0,,006759,银河乐活优萃混合A,-0.19424318125451923,ret_12m,main,87.4,full,1.0,2026-09-23
4602.0,,004456,兴银消费新趋势灵活配置A,-0.1942587698847008,ret_12m,main,111.3,full,1.0,2026-09-23
4603.0,,010110,广发医药健康混合A,-0.19470961761570393,ret_12m,main,71.1,full,1.0,2026-09-23
4604.0,,006231,国融融君混合A,-0.19547095848793483,ret_12m,main,96.4,full,1.0,2026-09-23
4605.0,,012556,长盛景气优选混合,-0.19635384500537212,ret_12m,main,57.5,full,1.0,2026-09-23
4606.0,,000794,宝盈睿丰创新混合A/B,-0.19644221411523122,ret_12m,main,143.9,full,1.0,2026-09-23
4607.0,,011069,工银成长精选混合A,-0.19658089353105046,ret_12m,main,66.0,full,1.0,2026-09-23
4608.0,,011177,博时汇融回报一年持有混合A,-0.19664221295426232,ret_12m,main,68.1,full,1.0,2026-09-23
4609.0,,010204,中银港股通优势成长股票,-0.19682730820128436,ret_12m,main,67.4,full,1.0,2026-09-23
4610.0,,011164,富国兴远优选12个月持有混合A,-0.19693792441916813,ret_12m,main,66.7,full,1.0,2026-09-23
4611.0,,007412,景顺长城绩优成长混合A,-0.19725846523026946,ret_12m,main,86.7,full,1.0,2026-09-23
4612.0,,009507,国金鑫意医药消费A,-0.19774226104833437,ret_12m,main,74.8,full,1.0,2026-09-23
4613.0,,006113,汇添富创新医药混合A,-0.19797434588820007,ret_12m,main,97.5,full,1.0,2026-09-23
4614.0,,004942,格林伯元灵活配置A,-0.19866012084102347,ret_12m,main,103.5,full,1.0,2026-09-23
4615.0,,000761,国富健康优质生活股票,-0.19918374049299414,ret_12m,main,144.0,full,1.0,2026-09-23
4616.0,,001837,前海开源沪港深蓝筹精选混合A,-0.19946795083417435,ret_12m,main,129.5,full,1.0,2026-09-23
4617.0,,023623,前海开源港股通价值领航混合A,-0.1994863281176611,ret_12m,main,13.6,short,0.9723,2026-09-23
4618.0,,008273,广发优质生活混合A,-0.19982258481875048,ret_12m,main,78.0,full,1.0,2026-09-23
4619.0,,011687,易方达龙头优选两年持有混合A,-0.20036316485923278,ret_12m,main,58.0,full,1.0,2026-09-23
4620.0,,004812,中欧先进制造股票A,-0.2004703859531024,ret_12m,main,104.1,full,1.0,2026-09-23
4621.0,,610007,信澳消费优选混合A,-0.20081203919394452,ret_12m,main,168.6,full,1.0,2026-09-23
4622.0,,016287,大成消费机遇混合A,-0.20126997175844108,ret_12m,main,46.2,full,1.0,2026-09-23
4623.0,,001252,中海进取收益混合,-0.20152846811042235,ret_12m,main,136.4,full,1.0,2026-09-23
4624.0,,011826,汇添富健康生活一年持有混合A,-0.20169724032935443,ret_12m,main,66.0,full,1.0,2026-09-23
4625.0,,007151,前海开源沪港深聚瑞混合,-0.20200579571224586,ret_12m,main,87.3,full,1.0,2026-09-23
4626.0,,011651,招商港股通核心精选股票A,-0.20203178659808707,ret_12m,main,66.0,full,1.0,2026-09-23
4627.0,,009527,浙商汇金新兴消费混合,-0.20272525011241116,ret_12m,main,75.8,full,1.0,2026-09-23
4628.0,,010801,长江量化消费精选股票A,-0.2027584852359705,ret_12m,main,67.8,full,1.0,2026-09-23
4629.0,,024379,平安港股通医疗创新精选混合A,-0.20299662751362713,ret_12m,main,15.4,short,1.0,2026-09-23
4630.0,,000796,宝盈睿丰创新混合C,-0.20310681556016807,ret_12m,main,143.9,full,1.0,2026-09-23
4631.0,,013270,前海开源聚利一年持有混合A,-0.203195603391241,ret_12m,main,58.9,full,1.0,2026-09-23
4632.0,,013023,平安均衡优选1年持有混合A,-0.2034276109930726,ret_12m,main,60.0,full,1.0,2026-09-23
4633.0,,001628,招商体育文化休闲股票A,-0.20349961555684382,ret_12m,main,133.2,full,1.0,2026-09-23
4634.0,,001878,嘉实沪港深精选股票,-0.2039440648041574,ret_12m,main,123.9,full,1.0,2026-09-23
4635.0,,003634,嘉实农业产业股票A,-0.20466762792013327,ret_12m,main,117.5,full,1.0,2026-09-23
4636.0,,022446,前海开源周期精选混合A,-0.20515046030594886,ret_12m,main,20.0,short,1.0,2026-09-23
4637.0,,005504,汇添富沪港深大盘价值混合A,-0.20516255825114726,ret_12m,main,103.3,full,1.0,2026-09-23
4638.0,,013132,创金合信文娱媒体股票发起A,-0.20522893391230623,ret_12m,main,61.4,full,1.0,2026-09-23
4639.0,,005233,广发睿毅领先混合A,-0.2055137040797015,ret_12m,main,105.3,full,1.0,2026-09-23
4640.0,,519001,银华价值优选混合,-0.20559428357782472,ret_12m,main,251.9,full,1.0,2026-09-23
4641.0,,377150,摩根健康品质生活混合A,-0.20595753725548893,ret_12m,main,175.7,full,1.0,2026-09-23
4642.0,,000538,诺安优势行业混合A,-0.2061522188066205,ret_12m,main,150.4,full,1.0,2026-09-23
4643.0,,011905,安信价值启航混合A,-0.20619849986351457,ret_12m,main,62.8,full,1.0,2026-09-23
4644.0,,006877,天治量化核心精选混合A,-0.20633910204917716,ret_12m,main,87.4,full,1.0,2026-09-23
4645.0,,001874,前海开源沪港深价值精选混合,-0.20646086130563834,ret_12m,main,118.1,full,1.0,2026-09-23
4646.0,,006881,华宝大健康混合A,-0.20677465068080925,ret_12m,main,89.9,full,1.0,2026-09-23
4647.0,,002067,诺安精选回报混合A,-0.2067859074410986,ret_12m,main,125.9,full,1.0,2026-09-23
4648.0,,016502,永赢新兴消费智选混合发起A,-0.20734278252365268,ret_12m,main,45.5,full,1.0,2026-09-23
4649.0,,018990,兴银智选消费混合A,-0.20754121578034257,ret_12m,main,34.7,short,1.0,2026-09-23
4650.0,,010717,前海开源优质企业6个月持有混合A,-0.2076137908903508,ret_12m,main,68.5,full,1.0,2026-09-23
4651.0,,004076,国联安锐意成长混合,-0.20800998975249296,ret_12m,main,116.0,full,1.0,2026-09-23
4652.0,,014404,中欧多元价值三年持有混合A,-0.20857833857050245,ret_12m,main,55.9,full,1.0,2026-09-23
4653.0,,180028,银华永祥灵活配置混合,-0.20902973019877602,ret_12m,main,182.9,full,1.0,2026-09-23
4654.0,,014589,招商成长先导股票A,-0.2092007528516996,ret_12m,main,50.1,full,1.0,2026-09-23
4655.0,,005241,中欧时代智慧混合A,-0.20982900910634816,ret_12m,main,103.9,full,1.0,2026-09-23
4656.0,,007110,国投瑞银港股通混合A,-0.210645037145599,ret_12m,main,78.4,full,1.0,2026-09-23
4657.0,,012102,国寿安保低碳经济混合A,-0.21080378805381927,ret_12m,main,51.7,full,1.0,2026-09-23
4658.0,,015032,国联医药消费混合A,-0.21086954780761868,ret_12m,main,54.5,full,1.0,2026-09-23
4659.0,,021899,融通品质优选混合A,-0.21266444709538068,ret_12m,main,18.9,short,1.0,2026-09-23
4660.0,,005235,银华食品饮料量化股票发起式A,-0.2129861480178561,ret_12m,main,106.4,full,1.0,2026-09-23
4661.0,,010536,泰康优势企业混合A,-0.21300664269336078,ret_12m,main,69.0,full,1.0,2026-09-23
4662.0,,519959,长信多利混合A,-0.21345852052747472,ret_12m,main,134.8,full,1.0,2026-09-23
4663.0,,011174,中庚价值品质一年持有期混合,-0.21350323446307873,ret_12m,main,68.1,full,1.0,2026-09-23
4664.0,,001186,富国文体健康股票A,-0.2140445040469462,ret_12m,main,136.6,full,1.0,2026-09-23
4665.0,,007132,长城港股通价值精选混合A,-0.21429309376583583,ret_12m,main,86.9,full,1.0,2026-09-23
4666.0,,016073,创金合信软件产业股票发起A,-0.21432551542759337,ret_12m,main,47.8,full,1.0,2026-09-23
4667.0,,014699,东方高端制造混合A,-0.2146767578811909,ret_12m,main,42.8,full,1.0,2026-09-23
4668.0,,002620,中邮未来新蓝筹混合,-0.21469418926861084,ret_12m,main,109.6,full,1.0,2026-09-23
4669.0,,020593,华夏软件龙头混合发起式A,-0.2151247070031651,ret_12m,main,27.6,short,1.0,2026-09-23
4670.0,,001518,万家瑞兴灵活配置混合A,-0.2152838339271681,ret_12m,main,134.0,full,1.0,2026-09-23
4671.0,,017719,华夏消费臻选混合发起式A,-0.21543938523106598,ret_12m,main,43.0,full,1.0,2026-09-23
4672.0,,024396,东兴产业升级混合发起A,-0.2155038320952638,ret_12m,main,13.1,short,1.0,2026-09-23
4673.0,,019051,华泰柏瑞科技创新混合发起式A,-0.21553318570892743,ret_12m,main,36.1,full,1.0,2026-09-23
4674.0,,001875,前海开源沪港深优势精选混合A,-0.21567877212565234,ret_12m,main,125.1,full,1.0,2026-09-23
4675.0,,002967,浙商大数据智选消费混合A,-0.2157635221778278,ret_12m,main,116.4,full,1.0,2026-09-23
4676.0,,012557,中欧景气前瞻一年混合A,-0.21594504540788995,ret_12m,main,61.3,full,1.0,2026-09-23
4677.0,,021219,平安价值精选混合A,-0.2162619951209822,ret_12m,main,15.8,short,1.0,2026-09-23
4678.0,,006882,华泰保兴健康消费A,-0.21657474656344156,ret_12m,main,87.9,full,1.0,2026-09-23
4679.0,,180013,银华领先策略混合,-0.21709405796169523,ret_12m,main,217.1,full,1.0,2026-09-23
4680.0,,015838,广发招利混合A,-0.21726669938845122,ret_12m,main,48.1,full,1.0,2026-09-23
4681.0,,016378,太平消费升级一年持有A,-0.2174043699414714,ret_12m,main,44.1,full,1.0,2026-09-23
4682.0,,006408,汇添富消费升级混合A,-0.21784948331435117,ret_12m,main,93.1,full,1.0,2026-09-23
4683.0,,004316,前海开源沪港深裕鑫A,-0.21802430547994822,ret_12m,main,114.0,full,1.0,2026-09-23
4684.0,,004521,安信工业4.0灵活配置混合A,-0.21821222799449758,ret_12m,main,110.1,full,1.0,2026-09-23
4685.0,,019999,国泰优质领航混合A,-0.21824238757434633,ret_12m,main,29.2,short,1.0,2026-09-23
4686.0,,012354,南方新能源产业趋势混合A,-0.21941491754530462,ret_12m,main,60.9,full,1.0,2026-09-23
4687.0,,012390,中欧产业前瞻混合A,-0.2196648922754536,ret_12m,main,63.2,full,1.0,2026-09-23
4688.0,,013356,大摩沪港深精选混合A,-0.22030878870272586,ret_12m,main,58.0,full,1.0,2026-09-23
4689.0,,014938,同泰产业升级混合A,-0.22071182894936792,ret_12m,main,54.0,full,1.0,2026-09-23
4690.0,,011673,长城医药科技六个月持有混合A,-0.22074406495382315,ret_12m,main,63.5,full,1.0,2026-09-23
4691.0,,020142,路博迈中国医疗健康股票发起A,-0.22101841573931857,ret_12m,main,32.9,short,1.0,2026-09-23
4692.0,,020474,中欧产业优选混合A,-0.2213458124474107,ret_12m,main,32.9,short,1.0,2026-09-23
4693.0,,009162,富国医药成长30股票A,-0.22193200951060366,ret_12m,main,77.5,full,1.0,2026-09-23
4694.0,,001007,国联安鑫安灵活配置混合,-0.22202413868725657,ret_12m,main,139.9,full,1.0,2026-09-23
4695.0,,016549,永赢消费龙头智选混合发起A,-0.22215631521951484,ret_12m,main,45.5,full,1.0,2026-09-23
4696.0,,019085,工银价值精选混合A,-0.2230927144160142,ret_12m,main,28.8,short,1.0,2026-09-23
4697.0,,164403,前海开源沪港深农业混合A,-0.223400731453281,ret_12m,main,135.7,full,1.0,2026-09-23
4698.0,,003432,中信保诚至瑞混合A,-0.22349238604414712,ret_12m,main,119.1,full,1.0,2026-09-23
4699.0,,017501,招商产业升级1年持有期混合A,-0.22360577665432058,ret_12m,main,39.9,full,1.0,2026-09-23
4700.0,,290002,泰信先行策略混合,-0.22385887120573378,ret_12m,main,266.8,full,1.0,2026-09-23
4701.0,,005142,国联沪港深大消费主题A,-0.2240858956468772,ret_12m,main,106.2,full,1.0,2026-09-23
4702.0,,011278,华夏内需驱动混合A,-0.22415476254291333,ret_12m,main,67.4,full,1.0,2026-09-23
4703.0,,022301,安信医药创新股票型发起A,-0.22446838158265048,ret_12m,main,23.3,short,1.0,2026-09-23
4704.0,,012358,汇丰晋信医疗先锋混合A,-0.2246314639473468,ret_12m,main,62.4,full,1.0,2026-09-23
4705.0,,013037,长城大健康混合A,-0.22468844294430113,ret_12m,main,57.1,full,1.0,2026-09-23
4706.0,,012182,广发沪港深精选混合A,-0.22487652571560257,ret_12m,main,58.2,full,1.0,2026-09-23
4707.0,,012483,前海开源优质龙头6个月持有混合A,-0.22572662462414983,ret_12m,main,62.5,full,1.0,2026-09-23
4708.0,,005433,申万菱信医药先锋股票A,-0.22642137863016654,ret_12m,main,70.2,full,1.0,2026-09-23
4709.0,,006652,富国金融地产行业混合A,-0.22706046469873753,ret_12m,main,92.9,full,1.0,2026-09-23
4710.0,,010594,广发睿选三年持有期混合,-0.22724144942916646,ret_12m,main,69.0,full,1.0,2026-09-23
4711.0,,005335,浙商全景消费混合A,-0.227951932505562,ret_12m,main,104.8,full,1.0,2026-09-23
4712.0,,002564,新沃通盈灵活配置混合,-0.2282683625811056,ret_12m,main,120.0,full,1.0,2026-09-23
4713.0,,024800,华夏品质生活混合A,-0.22845663047392206,ret_12m,main,14.1,short,1.0,2026-09-23
4714.0,,025017,华富医疗创新混合发起式A,-0.22859613684492064,ret_12m,main,13.3,short,0.9881,2026-09-23
4715.0,,013348,创金合信大健康混合A,-0.22882192520652667,ret_12m,main,55.9,full,1.0,2026-09-23
4716.0,,001830,融通跨界成长灵活配置混合A,-0.2290667254835902,ret_12m,main,131.8,full,1.0,2026-09-23
4717.0,,013220,中欧新兴价值一年持有混合A,-0.22945753719188955,ret_12m,main,60.6,full,1.0,2026-09-23
4718.0,,510081,长盛动态精选混合,-0.22960317343808134,ret_12m,main,268.1,full,1.0,2026-09-23
4719.0,,002174,东方互联网嘉混合,-0.22974341113969998,ret_12m,main,125.6,full,1.0,2026-09-23
4720.0,,017962,广发医药创新混合发起式A,-0.22980757023618847,ret_12m,main,37.5,full,1.0,2026-09-23
4721.0,,008842,同泰远见混合A,-0.23021705866633013,ret_12m,main,72.5,full,1.0,2026-09-23
4722.0,,004805,长信消费精选量化股票A,-0.23034482656132627,ret_12m,main,102.6,full,1.0,2026-09-23
4723.0,,001662,创金合信沪港深精选混合,-0.23042869203189176,ret_12m,main,133.0,full,1.0,2026-09-23
4724.0,,010041,嘉实港股优势混合A,-0.2317442560183287,ret_12m,main,68.1,full,1.0,2026-09-23
4725.0,,010326,博时消费创新混合A,-0.23215351893982206,ret_12m,main,71.0,full,1.0,2026-09-23
4726.0,,013851,中信建投低碳成长混合A,-0.23234823769476076,ret_12m,main,57.3,full,1.0,2026-09-23
4727.0,,013859,宝盈品质甄选混合A,-0.23251856362815648,ret_12m,main,56.8,full,1.0,2026-09-23
4728.0,,020428,华安先进制造混合发起式A,-0.23312284784381576,ret_12m,main,20.0,short,1.0,2026-09-23
4729.0,,002212,嘉实新起航混合A,-0.23350155542572149,ret_12m,main,126.3,full,1.0,2026-09-23
4730.0,,012421,华夏优加生活混合A,-0.23401879336520426,ret_12m,main,60.0,full,1.0,2026-09-23
4731.0,,002598,平安消费精选混合A,-0.2343424681468137,ret_12m,main,123.5,full,1.0,2026-09-23
4732.0,,009954,华银优选成长股票,-0.2350375388373951,ret_12m,main,71.9,full,1.0,2026-09-23
4733.0,,006209,中信保诚新蓝筹混合,-0.2355120507299593,ret_12m,main,96.6,full,1.0,2026-09-23
4734.0,,002387,工银沪港深股票A,-0.23662559643171077,ret_12m,main,125.1,full,1.0,2026-09-23
4735.0,,016761,嘉合锦荣混合A,-0.23704246348594327,ret_12m,main,44.9,full,1.0,2026-09-23
4736.0,,519767,交银科技创新灵活配置混合A,-0.23816591967492873,ret_12m,main,124.6,full,1.0,2026-09-23
4737.0,,015287,永赢优质生活混合A,-0.23823232129449035,ret_12m,main,49.0,full,1.0,2026-09-23
4738.0,,020397,中银港股通医药混合发起A,-0.23837721982106164,ret_12m,main,32.8,short,1.0,2026-09-23
4739.0,,005970,国泰消费优选股票,-0.24011128954454086,ret_12m,main,92.2,full,1.0,2026-09-23
4740.0,,024357,东方阿尔法健康产业混合发起A,-0.24020776935303245,ret_12m,main,15.4,short,1.0,2026-09-23
4741.0,,501209,银华富久食品饮料精选混合(LOF)A,-0.2405936801291233,ret_12m,main,60.6,full,1.0,2026-09-23
4742.0,,011104,光大智能汽车主题股票A,-0.24125928174306122,ret_12m,main,67.4,full,1.0,2026-09-23
4743.0,,005526,工银新生代消费混合,-0.24153180255348183,ret_12m,main,103.3,full,1.0,2026-09-23
4744.0,,021427,国泰优质精选混合A,-0.24208449280847433,ret_12m,main,23.5,short,1.0,2026-09-23
4745.0,,161818,银华消费主题混合A,-0.24224477356895646,ret_12m,main,179.8,full,1.0,2026-09-23
4746.0,,005888,华夏新兴消费混合A,-0.24284167801586543,ret_12m,main,94.5,full,1.0,2026-09-23
4747.0,,003413,华泰柏瑞新经济沪港深混合A,-0.24311148234271396,ret_12m,main,117.9,full,1.0,2026-09-23
4748.0,,005169,华泰保兴策略精选A,-0.24311754145689746,ret_12m,main,105.6,full,1.0,2026-09-23
4749.0,,020419,鹏华科技驱动混合发起式A,-0.24316399446032166,ret_12m,main,24.8,short,1.0,2026-09-23
4750.0,,008188,前海开源稳健增长三年混合,-0.24369551148259927,ret_12m,main,78.2,full,1.0,2026-09-23
4751.0,,003835,鹏华沪深港新兴成长混合A,-0.24440389254100492,ret_12m,main,117.7,full,1.0,2026-09-23
4752.0,,006775,前海开源优质成长混合,-0.2444609477592108,ret_12m,main,89.5,full,1.0,2026-09-23
4753.0,,011355,华泰柏瑞港股通时代机遇混合A,-0.24477068259598234,ret_12m,main,64.6,full,1.0,2026-09-23
4754.0,,610002,信澳精华配置混合A,-0.2450547967330341,ret_12m,main,217.8,full,1.0,2026-09-23
4755.0,,160527,博时研究优选混合(LOF)A,-0.2451494485307807,ret_12m,main,78.1,full,1.0,2026-09-23
4756.0,,000057,中银消费主题混合A,-0.2458411373418099,ret_12m,main,161.0,full,1.0,2026-09-23
4757.0,,021631,兴银聚优智选混合发起A,-0.24603337624901456,ret_12m,main,27.2,short,1.0,2026-09-23
4758.0,,000867,华宝品质生活股票,-0.24622513686043712,ret_12m,main,140.1,full,1.0,2026-09-23
4759.0,,006216,前海开源价值成长混合A,-0.24760872859262517,ret_12m,main,96.1,full,1.0,2026-09-23
4760.0,,002621,中欧消费主题股票A,-0.24858720775980647,ret_12m,main,122.1,full,1.0,2026-09-23
4761.0,,015927,西部利得绿色能源混合A,-0.24961366644973304,ret_12m,main,45.8,full,1.0,2026-09-23
4762.0,,006671,广发消费升级股票,-0.25133113453720624,ret_12m,main,87.9,full,1.0,2026-09-23
4763.0,,000056,建信消费升级混合,-0.25176215153569104,ret_12m,main,159.3,full,1.0,2026-09-23
4764.0,,015034,泰信优势领航混合A,-0.2552150683726052,ret_12m,main,48.5,full,1.0,2026-09-23
4765.0,,008166,工银消费股票A,-0.25653670035049814,ret_12m,main,78.6,full,1.0,2026-09-23
4766.0,,110022,易方达消费行业股票,-0.2572785491258941,ret_12m,main,193.1,full,1.0,2026-09-23
4767.0,,011287,前海开源聚慧三年持有混合,-0.25748280812402524,ret_12m,main,66.5,full,1.0,2026-09-23
4768.0,,519915,富国消费主题混合A,-0.25752187854575637,ret_12m,main,141.4,full,1.0,2026-09-23
4769.0,,022081,景顺长城医疗产业股票A,-0.258238903866995,ret_12m,main,19.9,short,1.0,2026-09-23
4770.0,,008099,广发价值领先混合A,-0.2582836166014867,ret_12m,main,76.6,full,1.0,2026-09-23
4771.0,,398041,中海量化策略混合,-0.25987237234698934,ret_12m,main,207.0,full,1.0,2026-09-23
4772.0,,006223,交银创新成长混合,-0.2612365443370792,ret_12m,main,95.9,full,1.0,2026-09-23
4773.0,,016635,国联安气候变化混合A,-0.26206483234018163,ret_12m,main,47.8,full,1.0,2026-09-23
4774.0,,005104,富荣福康混合A,-0.2622163839245094,ret_12m,main,103.4,full,1.0,2026-09-23
4775.0,,200008,长城品牌优选混合A,-0.2622742937385243,ret_12m,main,229.6,full,1.0,2026-09-23
4776.0,,481013,工银消费服务混合A,-0.2623423480591972,ret_12m,main,185.1,full,1.0,2026-09-23
4777.0,,004189,华商消费行业股票,-0.26298661547193336,ret_12m,main,114.3,full,1.0,2026-09-23
4778.0,,013289,工银食品饮料混合A,-0.2630965707917454,ret_12m,main,59.0,full,1.0,2026-09-23
4779.0,,162717,广发成长新动能混合A,-0.2643115715419361,ret_12m,main,117.1,full,1.0,2026-09-23
4780.0,,007291,汇丰晋信港股通双核策略混合,-0.26458504331925004,ret_12m,main,85.7,full,1.0,2026-09-23
4781.0,,006537,恒生前海港股通精选混合,-0.2648907516461404,ret_12m,main,84.2,full,1.0,2026-09-23
4782.0,,002303,金鹰智慧生活混合A,-0.26505249369532646,ret_12m,main,126.0,full,1.0,2026-09-23
4783.0,,018045,东方创新医疗股票A,-0.26524799608206573,ret_12m,main,40.5,full,1.0,2026-09-23
4784.0,,012690,广发消费领先混合A,-0.26567158047931216,ret_12m,main,61.0,full,1.0,2026-09-23
4785.0,,001193,中金消费升级股票A,-0.26712098449638966,ret_12m,main,135.0,full,1.0,2026-09-23
4786.0,,003397,银华体育文化灵活配置混合A,-0.26789433204463964,ret_12m,main,118.2,full,1.0,2026-09-23
4787.0,,002605,融通新消费灵活配置混合,-0.2681521089732083,ret_12m,main,123.9,full,1.0,2026-09-23
4788.0,,011917,山证资管品质生活混合A,-0.26835138382024826,ret_12m,main,63.9,full,1.0,2026-09-23
4789.0,,017112,嘉实优享生活混合A,-0.26835786426616715,ret_12m,main,44.2,full,1.0,2026-09-23
4790.0,,009564,汇安消费龙头混合A,-0.26938910947274597,ret_12m,main,73.4,full,1.0,2026-09-23
4791.0,,001270,英大灵活配置混合型发起式A,-0.26941900013665065,ret_12m,main,136.6,full,1.0,2026-09-23
4792.0,,013836,博时时代消费混合A,-0.26961828105383934,ret_12m,main,57.1,full,1.0,2026-09-23
4793.0,,004424,汇添富文体娱乐混合A,-0.2711712565885689,ret_12m,main,99.1,full,1.0,2026-09-23
4794.0,,006526,鹏华优选回报混合A,-0.2711814511039371,ret_12m,main,92.3,full,1.0,2026-09-23
4795.0,,021904,中银ESG主题混合发起A,-0.2717584862901631,ret_12m,main,22.8,short,1.0,2026-09-23
4796.0,,005827,易方达蓝筹精选混合,-0.27273300793540256,ret_12m,main,96.6,full,1.0,2026-09-23
4797.0,,011969,建信港股通精选混合A,-0.2727621991969743,ret_12m,main,59.8,full,1.0,2026-09-23
4798.0,,001271,英大灵活配置混合型发起式B,-0.27284528511433137,ret_12m,main,136.6,full,1.0,2026-09-23
4799.0,,001540,浙商汇金转型驱动,-0.2730416768948334,ret_12m,main,133.9,full,1.0,2026-09-23
4800.0,,005620,中欧品质消费股票A,-0.27316496823554215,ret_12m,main,103.4,full,1.0,2026-09-23
4801.0,,014794,富国远见优选混合A,-0.2740088268019871,ret_12m,main,55.2,full,1.0,2026-09-23
4802.0,,011153,华宝新兴消费混合A,-0.2741650125925347,ret_12m,main,66.2,full,1.0,2026-09-23
4803.0,,024271,恒生前海瑞丰混合A,-0.2749729874108031,ret_12m,main,12.5,short,0.9565,2026-09-23
4804.0,,005865,浦银量化多策略混合A,-0.2766002654975913,ret_12m,main,96.6,full,1.0,2026-09-23
4805.0,,019126,华泰柏瑞港股通医疗精选混合发起式A,-0.27680089345681935,ret_12m,main,15.2,short,1.0,2026-09-23
4806.0,,004926,中航军民融合精选A,-0.27731515768269266,ret_12m,main,103.4,full,1.0,2026-09-23
4807.0,,024735,永赢港股通科技智选混合发起A,-0.27732838984340935,ret_12m,main,13.9,short,1.0,2026-09-23
4808.0,,012971,东吴消费成长混合A,-0.27923827259699296,ret_12m,main,60.3,full,1.0,2026-09-23
4809.0,,006781,汇丰晋信港股通精选股票,-0.28066545660574005,ret_12m,main,90.2,full,1.0,2026-09-23
4810.0,,010454,交银内需增长一年持有混合,-0.2806978189156317,ret_12m,main,69.4,full,1.0,2026-09-23
4811.0,,010054,万家健康产业混合A,-0.28070008411905867,ret_12m,main,71.8,full,1.0,2026-09-23
4812.0,,310388,申万菱信消费增长混合A,-0.28147707830300284,ret_12m,main,207.4,full,1.0,2026-09-23
4813.0,,012582,交银品质增长一年混合A,-0.28263646961465494,ret_12m,main,62.0,full,1.0,2026-09-23
4814.0,,005228,汇添富港股通专注成长,-0.28264164878857756,ret_12m,main,106.4,full,1.0,2026-09-23
4815.0,,017000,格林港股通臻选混合A,-0.2829319191312403,ret_12m,main,29.0,short,1.0,2026-09-23
4816.0,,011876,景顺长城医疗健康混合A,-0.28295323144213014,ret_12m,main,61.2,full,1.0,2026-09-23
4817.0,,006477,中邮沪港深精选混合A,-0.2830370610560503,ret_12m,main,89.9,full,1.0,2026-09-23
4818.0,,016847,中欧高端装备股票发起A,-0.2832342366864391,ret_12m,main,46.3,full,1.0,2026-09-23
4819.0,,003190,创金合信消费主题股票A,-0.2839864614573403,ret_12m,main,121.0,full,1.0,2026-09-23
4820.0,,010104,景顺长城消费精选混合A,-0.28433298446493516,ret_12m,main,72.0,full,1.0,2026-09-23
4821.0,,007393,上银未来生活灵活配置混合A,-0.284719737722377,ret_12m,main,86.3,full,1.0,2026-09-23
4822.0,,009852,银华品质消费股票A,-0.2850343031124116,ret_12m,main,70.4,full,1.0,2026-09-23
4823.0,,020026,国泰成长优选混合,-0.28629471181709876,ret_12m,main,174.1,full,1.0,2026-09-23
4824.0,,014957,华富消费成长股票A,-0.2864408682929719,ret_12m,main,50.1,full,1.0,2026-09-23
4825.0,,519606,国泰金鑫股票A,-0.2872870358735933,ret_12m,main,143.0,full,1.0,2026-09-23
4826.0,,010617,兴业消费精选混合A,-0.2878736775975468,ret_12m,main,69.2,full,1.0,2026-09-23
4827.0,,398061,中海消费混合A,-0.2886623222755249,ret_12m,main,178.5,full,1.0,2026-09-23
4828.0,,006604,嘉实消费精选股票A,-0.2896494380053023,ret_12m,main,89.7,full,1.0,2026-09-23
4829.0,,012255,富国高质量混合,-0.28969757365008875,ret_12m,main,63.2,full,1.0,2026-09-23
4830.0,,005255,浦银港股通量化混合A,-0.29038958536337267,ret_12m,main,104.0,full,1.0,2026-09-23
4831.0,,006179,富国品质生活混合A,-0.29130174146852494,ret_12m,main,90.2,full,1.0,2026-09-23
4832.0,,008424,国联品牌优选混合A,-0.29136319590630133,ret_12m,main,76.3,full,1.0,2026-09-23
4833.0,,008901,富国内需增长混合A,-0.29139557403888117,ret_12m,main,77.9,full,1.0,2026-09-23
4834.0,,022802,西部利得消费精选混合A,-0.29140089604295805,ret_12m,main,19.9,short,1.0,2026-09-23
4835.0,,001563,华富健康文娱灵活配置混合A,-0.29254716111727985,ret_12m,main,133.7,full,1.0,2026-09-23
4836.0,,024023,申万菱信行业精选混合A,-0.29282047622883,ret_12m,main,15.7,short,1.0,2026-09-23
4837.0,,010701,恒越内需驱动混合A,-0.2929385292087977,ret_12m,main,68.6,full,1.0,2026-09-23
4838.0,,006926,长城量化精选股票A,-0.2932013204162528,ret_12m,main,87.9,full,1.0,2026-09-23
4839.0,,011121,广发兴诚混合A,-0.2941648534451151,ret_12m,main,68.5,full,1.0,2026-09-23
4840.0,,025172,德邦医疗创新混合发起式A,-0.2946435424863241,ret_12m,main,12.9,short,1.0,2026-09-23
4841.0,,007590,华宝绿色领先股票A,-0.29478560077563065,ret_12m,main,84.2,full,1.0,2026-09-23
4842.0,,020287,永赢红利慧选混合发起A,-0.29495620109600285,ret_12m,main,31.5,short,1.0,2026-09-23
4843.0,,001643,汇丰晋信智造先锋股票A,-0.2964181358132324,ret_12m,main,131.8,full,1.0,2026-09-23
4844.0,,016541,交银启衡混合A,-0.2965840479239734,ret_12m,main,45.8,full,1.0,2026-09-23
4845.0,,290004,泰信优质生活混合,-0.2972442482086598,ret_12m,main,237.3,full,1.0,2026-09-23
4846.0,,011099,富国价值创造混合A,-0.2981618974884026,ret_12m,main,68.3,full,1.0,2026-09-23
4847.0,,016350,招商碳中和主题混合A,-0.2986121205656578,ret_12m,main,47.9,full,1.0,2026-09-23
4848.0,,002443,前海开源沪港深龙头精选混合A,-0.30011539966236134,ret_12m,main,122.6,full,1.0,2026-09-23
4849.0,,007082,平安高端制造混合A,-0.30080630922829166,ret_12m,main,89.0,full,1.0,2026-09-23
4850.0,,003684,汇安丰融混合A,-0.3020349841573332,ret_12m,main,117.0,full,1.0,2026-09-23
4851.0,,009983,永赢港股通品质生活慧选混合A,-0.3031278756508765,ret_12m,main,71.8,full,1.0,2026-09-23
4852.0,,540008,汇丰晋信低碳先锋股票A,-0.3037948886169495,ret_12m,main,195.5,full,1.0,2026-09-23
4853.0,,023560,富达创新驱动混合发起A,-0.30400660086874365,ret_12m,main,18.0,short,1.0,2026-09-23
4854.0,,519150,新华优选消费混合,-0.3055195740554658,ret_12m,main,171.3,full,1.0,2026-09-23
4855.0,,020140,国寿安保品质消费股票发起式A,-0.3059448084715448,ret_12m,main,33.5,short,1.0,2026-09-23
4856.0,,013871,招商能源转型混合A,-0.306060048569054,ret_12m,main,55.5,full,1.0,2026-09-23
4857.0,,016590,富国汽车智选混合A,-0.3082287410011978,ret_12m,main,47.8,full,1.0,2026-09-23
4858.0,,580005,东吴进取策略混合A,-0.30857134001632003,ret_12m,main,208.6,full,1.0,2026-09-23
4859.0,,004549,富安达消费主题混合,-0.3092046590391807,ret_12m,main,109.7,full,1.0,2026-09-23
4860.0,,010483,交银启道混合,-0.30948342245017546,ret_12m,main,67.8,full,1.0,2026-09-23
4861.0,,008234,光大消费主题股票A,-0.315036224702576,ret_12m,main,77.0,full,1.0,2026-09-23
4862.0,,011013,长城消费30股票A,-0.3156603962393154,ret_12m,main,64.4,full,1.0,2026-09-23
4863.0,,009476,建信食品饮料行业股票A,-0.3162785137414986,ret_12m,main,72.9,full,1.0,2026-09-23
4864.0,,011578,汇丰晋信核心成长A,-0.31679142136881566,ret_12m,main,64.0,full,1.0,2026-09-23
4865.0,,013293,长城健康消费混合A,-0.3175579786141922,ret_12m,main,57.9,full,1.0,2026-09-23
4866.0,,540003,汇丰晋信动态策略混合A,-0.3190147297183198,ret_12m,main,233.5,full,1.0,2026-09-23
4867.0,,011275,交银成长动力一年持有混合A,-0.3200737798440657,ret_12m,main,63.4,full,1.0,2026-09-23
4868.0,,009661,平安研究睿选混合A,-0.3215217579830155,ret_12m,main,74.2,full,1.0,2026-09-23
4869.0,,009542,银华富利精选混合A,-0.32260092007456453,ret_12m,main,73.3,full,1.0,2026-09-23
4870.0,,023753,永赢信息产业智选混合发起A,-0.3227258663900967,ret_12m,main,17.9,short,1.0,2026-09-23
4871.0,,010143,交银施罗德启欣混合,-0.3239220577439602,ret_12m,main,70.8,full,1.0,2026-09-23
4872.0,,009265,易方达消费精选股票,-0.3241677408690399,ret_12m,main,77.3,full,1.0,2026-09-23
4873.0,,014074,嘉实内需精选混合A,-0.3250790811834,ret_12m,main,56.5,full,1.0,2026-09-23
4874.0,,008180,同泰慧利混合A,-0.3259117981940134,ret_12m,main,74.7,full,1.0,2026-09-23
4875.0,,540002,汇丰晋信龙腾混合A,-0.33026989959673114,ret_12m,main,239.9,full,1.0,2026-09-23
4876.0,,023899,富达港股通精选混合发起A,-0.333984257462153,ret_12m,main,14.8,short,1.0,2026-09-23
4877.0,,009940,格林稳健价值混合A,-0.3362017918095046,ret_12m,main,71.1,full,1.0,2026-09-23
4878.0,,012506,东方品质消费一年持有期混合A,-0.33698684687203484,ret_12m,main,62.5,full,1.0,2026-09-23
4879.0,,000976,长城新兴产业混合A,-0.33716425940641415,ret_12m,main,139.2,full,1.0,2026-09-23
4880.0,,024388,中航智选领航混合发起A,-0.3371956924289944,ret_12m,main,15.3,short,1.0,2026-09-23
4881.0,,007518,东方阿尔法优选混合A,-0.338083518462597,ret_12m,main,84.4,full,1.0,2026-09-23
4882.0,,580003,东吴行业轮动混合A,-0.33843685566039117,ret_12m,main,221.0,full,1.0,2026-09-23
4883.0,,018362,东方阿尔法瑞丰混合发起A,-0.33876190504201,ret_12m,main,40.4,full,1.0,2026-09-23
4884.0,,010715,财通资管消费升级一年持有A,-0.3389125775913773,ret_12m,main,62.1,full,1.0,2026-09-23
4885.0,,004634,前海联合泳涛混合A,-0.33901016608717616,ret_12m,main,111.5,full,1.0,2026-09-23
4886.0,,021450,富国医疗产业混合发起式A,-0.34257640489848573,ret_12m,main,28.1,short,1.0,2026-09-23
4887.0,,024737,永赢新材料智选混合发起A,-0.345618221786993,ret_12m,main,13.9,short,1.0,2026-09-23
4888.0,,007965,民生加银品质消费股票A,-0.3504411295272838,ret_12m,main,77.0,full,1.0,2026-09-23
4889.0,,011924,嘉实港股互联网产业核心资产A,-0.3524773160324145,ret_12m,main,61.2,full,1.0,2026-09-23
4890.0,,014917,汇丰晋信时代先锋混合A,-0.35377962456969025,ret_12m,main,51.5,full,1.0,2026-09-23
4891.0,,290012,泰信行业精选混合A,-0.35671956562144524,ret_12m,main,175.0,full,1.0,2026-09-23
4892.0,,015630,申万菱信乐融一年持有混合A,-0.3684084965258979,ret_12m,main,51.2,full,1.0,2026-09-23
4893.0,,012210,申万菱信智能汽车股票A,-0.36907015521146,ret_12m,main,63.0,full,1.0,2026-09-23
4894.0,,014423,汇丰晋信研究精选混合,-0.37051896099863835,ret_12m,main,56.0,full,1.0,2026-09-23
4895.0,,008840,德邦大消费混合A,-0.37277757991519234,ret_12m,main,75.2,full,1.0,2026-09-23
4896.0,,018248,中欧致和混合A,-0.37774098223822006,ret_12m,main,40.0,full,1.0,2026-09-23
4897.0,,011002,同泰大健康主题混合A,-0.38321036014488963,ret_12m,main,65.5,full,1.0,2026-09-23
4898.0,,019394,浦银策略优选混合A,-0.38492195828597286,ret_12m,main,33.1,short,1.0,2026-09-23
4899.0,,018438,财通资管品质消费混合发起式A,-0.39285360122891344,ret_12m,main,40.4,full,1.0,2026-09-23
4900.0,,006181,格林伯锐灵活配置A,-0.3945478764053879,ret_12m,main,94.2,full,1.0,2026-09-23
4901.0,,015150,恒越匠心优选一年持有混合A,-0.3980465749710753,ret_12m,main,46.0,full,1.0,2026-09-23
4902.0,,006364,招商丰韵混合A,-0.4002661812511804,ret_12m,main,90.2,full,1.0,2026-09-23
4903.0,,001978,泰信互联网+主题混合A,-0.4038477093642452,ret_12m,main,123.5,full,1.0,2026-09-23
4904.0,,011188,信澳星奕混合A,-0.40544118626271963,ret_12m,main,68.0,full,1.0,2026-09-23
4905.0,,007770,同泰开泰混合A,-0.415341408540712,ret_12m,main,84.9,full,1.0,2026-09-23
4906.0,,010282,中信建投智享生活混合A,-0.4238118816079972,ret_12m,main,70.6,full,1.0,2026-09-23
4907.0,,006235,东方城镇消费主题混合A,-0.42535377306331046,ret_12m,main,87.9,full,1.0,2026-09-23
4908.0,,008050,同泰慧择混合A,-0.5096533046930687,ret_12m,main,82.1,full,1.0,2026-09-23
