t_date,phase,feature,age_group,n,ic,train_rows,train_label_end_max
2006-03-31,dev,ret_12m,all,30,-0.04293659621802002,322,2006-03-15
2006-03-31,dev,ret_12m,short,22,0.20948616600790515,322,2006-03-15
2006-03-31,dev,ret_12m,full,8,-0.5476190476190477,322,2006-03-15
2006-03-31,dev,ret_12m,under12,0,,322,2006-03-15
2006-03-31,dev,sharpe_12m,all,30,-0.03982202447163515,322,2006-03-15
2006-03-31,dev,sharpe_12m,short,22,0.16883116883116886,322,2006-03-15
2006-03-31,dev,sharpe_12m,full,8,-0.5476190476190477,322,2006-03-15
2006-03-31,dev,sharpe_12m,under12,0,,322,2006-03-15
2006-04-28,dev,ret_12m,all,31,-0.16129032258064518,349,2006-04-14
2006-04-28,dev,ret_12m,short,20,-0.048120300751879695,349,2006-04-14
2006-04-28,dev,ret_12m,full,11,-0.43636363636363645,349,2006-04-14
2006-04-28,dev,ret_12m,under12,0,,349,2006-04-14
2006-04-28,dev,sharpe_12m,all,32,-0.1539589442815249,349,2006-04-14
2006-04-28,dev,sharpe_12m,short,21,-0.00909090909090909,349,2006-04-14
2006-04-28,dev,sharpe_12m,full,11,-0.6181818181818182,349,2006-04-14
2006-04-28,dev,sharpe_12m,under12,0,,349,2006-04-14
2006-05-31,dev,ret_12m,all,32,0.11950146627565982,376,2006-05-15
2006-05-31,dev,ret_12m,short,21,0.22337662337662337,376,2006-05-15
2006-05-31,dev,ret_12m,full,11,0.08181818181818183,376,2006-05-15
2006-05-31,dev,ret_12m,under12,0,,376,2006-05-15
2006-05-31,dev,sharpe_12m,all,32,0.09604105571847506,376,2006-05-15
2006-05-31,dev,sharpe_12m,short,21,0.2558441558441559,376,2006-05-15
2006-05-31,dev,sharpe_12m,full,11,-0.13636363636363638,376,2006-05-15
2006-05-31,dev,sharpe_12m,under12,0,,376,2006-05-15
2006-06-30,dev,ret_12m,all,32,0.08321114369501466,403,2006-06-14
2006-06-30,dev,ret_12m,short,21,0.09480519480519481,403,2006-06-14
2006-06-30,dev,ret_12m,full,11,-0.1272727272727273,403,2006-06-14
2006-06-30,dev,ret_12m,under12,0,,403,2006-06-14
2006-06-30,dev,sharpe_12m,all,32,-0.026759530791788853,403,2006-06-14
2006-06-30,dev,sharpe_12m,short,21,-0.03506493506493507,403,2006-06-14
2006-06-30,dev,sharpe_12m,full,11,-0.33636363636363636,403,2006-06-14
2006-06-30,dev,sharpe_12m,under12,0,,403,2006-06-14
2006-07-31,dev,ret_12m,all,32,0.29802052785923755,431,2006-07-14
2006-07-31,dev,ret_12m,short,19,0.356140350877193,431,2006-07-14
2006-07-31,dev,ret_12m,full,13,0.016483516483516484,431,2006-07-14
2006-07-31,dev,ret_12m,under12,0,,431,2006-07-14
2006-07-31,dev,sharpe_12m,all,34,0.04873949579831932,431,2006-07-14
2006-07-31,dev,sharpe_12m,short,21,0.1909090909090909,431,2006-07-14
2006-07-31,dev,sharpe_12m,full,13,-0.2912087912087912,431,2006-07-14
2006-07-31,dev,sharpe_12m,under12,0,,431,2006-07-14
2006-08-31,dev,ret_12m,all,34,0.20152788388082504,460,2006-08-07
2006-08-31,dev,ret_12m,short,21,0.21168831168831168,460,2006-08-07
2006-08-31,dev,ret_12m,full,13,0.04395604395604395,460,2006-08-07
2006-08-31,dev,ret_12m,under12,0,,460,2006-08-07
2006-08-31,dev,sharpe_12m,all,34,-0.1498854087089381,460,2006-08-07
2006-08-31,dev,sharpe_12m,short,21,-0.032467532467532464,460,2006-08-07
2006-08-31,dev,sharpe_12m,full,13,-0.24725274725274726,460,2006-08-07
2006-08-31,dev,sharpe_12m,under12,0,,460,2006-08-07
2006-09-29,dev,ret_12m,all,34,0.1361344537815126,490,2006-08-30
2006-09-29,dev,ret_12m,short,20,0.03458646616541353,490,2006-08-30
2006-09-29,dev,ret_12m,full,14,-0.04175824175824176,490,2006-08-30
2006-09-29,dev,ret_12m,under12,0,,490,2006-08-30
2006-09-29,dev,sharpe_12m,all,34,-0.1547746371275783,490,2006-08-30
2006-09-29,dev,sharpe_12m,short,20,-0.024060150375939848,490,2006-08-30
2006-09-29,dev,sharpe_12m,full,14,-0.2967032967032967,490,2006-08-30
2006-09-29,dev,sharpe_12m,under12,0,,490,2006-08-30
2006-10-31,dev,ret_12m,all,34,0.3442322383498854,520,2006-10-09
2006-10-31,dev,ret_12m,short,19,0.20350877192982456,520,2006-10-09
2006-10-31,dev,ret_12m,full,15,0.3,520,2006-10-09
2006-10-31,dev,ret_12m,under12,0,,520,2006-10-09
2006-10-31,dev,sharpe_12m,all,35,-0.04565826330532213,520,2006-10-09
2006-10-31,dev,sharpe_12m,short,20,0.24360902255639094,520,2006-10-09
2006-10-31,dev,sharpe_12m,full,15,-0.2678571428571428,520,2006-10-09
2006-10-31,dev,sharpe_12m,under12,0,,520,2006-10-09
2006-11-30,dev,ret_12m,all,35,0.2913165266106443,552,2006-11-06
2006-11-30,dev,ret_12m,short,20,0.15939849624060148,552,2006-11-06
2006-11-30,dev,ret_12m,full,15,0.2071428571428571,552,2006-11-06
2006-11-30,dev,ret_12m,under12,0,,552,2006-11-06
2006-11-30,dev,sharpe_12m,all,35,-0.1689075630252101,552,2006-11-06
2006-11-30,dev,sharpe_12m,short,20,0.13383458646616542,552,2006-11-06
2006-11-30,dev,sharpe_12m,full,15,-0.4678571428571427,552,2006-11-06
2006-11-30,dev,sharpe_12m,under12,0,,552,2006-11-06
2006-12-29,dev,ret_12m,all,35,0.17310924369747901,584,2006-11-30
2006-12-29,dev,ret_12m,short,19,0.16666666666666666,584,2006-11-30
2006-12-29,dev,ret_12m,full,16,0.07647058823529412,584,2006-11-30
2006-12-29,dev,ret_12m,under12,0,,584,2006-11-30
2006-12-29,dev,sharpe_12m,all,37,-0.13063063063063063,584,2006-11-30
2006-12-29,dev,sharpe_12m,short,21,0.22987012987012984,584,2006-11-30
2006-12-29,dev,sharpe_12m,full,16,-0.6,584,2006-11-30
2006-12-29,dev,sharpe_12m,under12,0,,584,2006-11-30
2007-01-31,dev,ret_12m,all,37,0.42057847321005215,616,2007-01-04
2007-01-31,dev,ret_12m,short,21,0.4324675324675325,616,2007-01-04
2007-01-31,dev,ret_12m,full,16,0.12352941176470587,616,2007-01-04
2007-01-31,dev,ret_12m,under12,0,,616,2007-01-04
2007-01-31,dev,sharpe_12m,all,38,0.13973082394135025,616,2007-01-04
2007-01-31,dev,sharpe_12m,short,22,0.5245623941276115,616,2007-01-04
2007-01-31,dev,sharpe_12m,full,16,-0.40294117647058825,616,2007-01-04
2007-01-31,dev,sharpe_12m,under12,0,,616,2007-01-04
2007-02-28,dev,ret_12m,all,38,0.36076157128788705,650,2007-02-02
2007-02-28,dev,ret_12m,short,22,0.3551665725578769,650,2007-02-02
2007-02-28,dev,ret_12m,full,16,-0.01764705882352941,650,2007-02-02
2007-02-28,dev,ret_12m,under12,0,,650,2007-02-02
2007-02-28,dev,sharpe_12m,all,39,0.10991902834008098,650,2007-02-02
2007-02-28,dev,sharpe_12m,short,23,0.3685770750988142,650,2007-02-02
2007-02-28,dev,sharpe_12m,full,16,-0.4382352941176471,650,2007-02-02
2007-02-28,dev,sharpe_12m,under12,0,,650,2007-02-02
2007-03-30,dev,ret_12m,all,39,0.34271255060728745,684,2007-03-14
2007-03-30,dev,ret_12m,short,22,0.3709768492377189,684,2007-03-14
2007-03-30,dev,ret_12m,full,17,0.14215686274509806,684,2007-03-14
2007-03-30,dev,ret_12m,under12,0,,684,2007-03-14
2007-03-30,dev,sharpe_12m,all,39,0.11801619433198382,684,2007-03-14
2007-03-30,dev,sharpe_12m,short,22,0.39582156973461324,684,2007-03-14
2007-03-30,dev,sharpe_12m,full,17,-0.21078431372549022,684,2007-03-14
2007-03-30,dev,sharpe_12m,under12,0,,684,2007-03-14
2007-04-30,dev,ret_12m,all,40,0.09606003752345216,718,2007-04-12
2007-04-30,dev,ret_12m,short,21,0.29480519480519485,718,2007-04-12
2007-04-30,dev,ret_12m,full,19,-0.04912280701754386,718,2007-04-12
2007-04-30,dev,ret_12m,under12,0,,718,2007-04-12
2007-04-30,dev,sharpe_12m,all,40,0.10938086303939965,718,2007-04-12
2007-04-30,dev,sharpe_12m,short,21,0.32987012987012987,718,2007-04-12
2007-04-30,dev,sharpe_12m,full,19,-0.1736842105263158,718,2007-04-12
2007-04-30,dev,sharpe_12m,under12,0,,718,2007-04-12
2007-05-31,dev,ret_12m,all,41,0.11463414634146342,753,2007-05-14
2007-05-31,dev,ret_12m,short,18,0.3126934984520124,753,2007-05-14
2007-05-31,dev,ret_12m,full,23,0.1324110671936759,753,2007-05-14
2007-05-31,dev,ret_12m,under12,0,,753,2007-05-14
2007-05-31,dev,sharpe_12m,all,41,0.019163763066202093,753,2007-05-14
2007-05-31,dev,sharpe_12m,short,18,0.1929824561403509,753,2007-05-14
2007-05-31,dev,sharpe_12m,full,23,-0.2440711462450593,753,2007-05-14
2007-05-31,dev,sharpe_12m,under12,0,,753,2007-05-14
2007-06-29,dev,ret_12m,all,41,0.20714285714285718,788,2007-06-13
2007-06-29,dev,ret_12m,short,17,0.5710784313725491,788,2007-06-13
2007-06-29,dev,ret_12m,full,24,-0.02260869565217391,788,2007-06-13
2007-06-29,dev,ret_12m,under12,0,,788,2007-06-13
2007-06-29,dev,sharpe_12m,all,43,-0.16007248565388102,788,2007-06-13
2007-06-29,dev,sharpe_12m,short,19,0.11929824561403508,788,2007-06-13
2007-06-29,dev,sharpe_12m,full,24,-0.35478260869565215,788,2007-06-13
2007-06-29,dev,sharpe_12m,under12,0,,788,2007-06-13
2007-07-31,dev,ret_12m,all,44,0.05778717406624383,825,2007-07-12
2007-07-31,dev,ret_12m,short,20,0.4360902255639097,825,2007-07-12
2007-07-31,dev,ret_12m,full,24,-0.25652173913043474,825,2007-07-12
2007-07-31,dev,ret_12m,under12,0,,825,2007-07-12
2007-07-31,dev,sharpe_12m,all,46,0.03311748381128584,825,2007-07-12
2007-07-31,dev,sharpe_12m,short,22,0.3382269904009035,825,2007-07-12
2007-07-31,dev,sharpe_12m,full,24,-0.31652173913043474,825,2007-07-12
2007-07-31,dev,sharpe_12m,under12,0,,825,2007-07-12
2007-08-31,dev,ret_12m,all,47,-0.02590194264569843,863,2007-08-09
2007-08-31,dev,ret_12m,short,22,0.0220214568040655,863,2007-08-09
2007-08-31,dev,ret_12m,full,25,-0.1176923076923077,863,2007-08-09
2007-08-31,dev,ret_12m,under12,0,,863,2007-08-09
2007-08-31,dev,sharpe_12m,all,47,0.09401017576318225,863,2007-08-09
2007-08-31,dev,sharpe_12m,short,22,0.24562394127611523,863,2007-08-09
2007-08-31,dev,sharpe_12m,full,25,-0.06692307692307692,863,2007-08-09
2007-08-31,dev,sharpe_12m,under12,0,,863,2007-08-09
2007-09-28,dev,ret_12m,all,47,-0.03318686401480111,902,2007-08-30
2007-09-28,dev,ret_12m,short,20,-0.03458646616541353,902,2007-08-30
2007-09-28,dev,ret_12m,full,27,-0.06105006105006105,902,2007-08-30
2007-09-28,dev,ret_12m,under12,0,,902,2007-08-30
2007-09-28,dev,sharpe_12m,all,50,0.2510924369747899,902,2007-08-30
2007-09-28,dev,sharpe_12m,short,23,0.3557312252964427,902,2007-08-30
2007-09-28,dev,sharpe_12m,full,27,0.10256410256410256,902,2007-08-30
2007-09-28,dev,sharpe_12m,under12,0,,902,2007-08-30
2007-10-31,dev,ret_12m,all,51,-0.05493212669683258,941,2007-10-08
2007-10-31,dev,ret_12m,short,24,0.006956521739130434,941,2007-10-08
2007-10-31,dev,ret_12m,full,27,-0.10561660561660562,941,2007-10-08
2007-10-31,dev,ret_12m,under12,0,,941,2007-10-08
2007-10-31,dev,sharpe_12m,all,52,0.09664475369247844,941,2007-10-08
2007-10-31,dev,sharpe_12m,short,25,0.24846153846153846,941,2007-10-08
2007-10-31,dev,sharpe_12m,full,27,0.01282051282051282,941,2007-10-08
2007-10-31,dev,sharpe_12m,under12,0,,941,2007-10-08
2007-11-30,dev,ret_12m,all,52,-0.08452147186886365,981,2007-11-06
2007-11-30,dev,ret_12m,short,24,0.010434782608695651,981,2007-11-06
2007-11-30,dev,ret_12m,full,28,-0.23152709359605914,981,2007-11-06
2007-11-30,dev,ret_12m,under12,0,,981,2007-11-06
2007-11-30,dev,sharpe_12m,all,55,0.15930735930735934,981,2007-11-06
2007-11-30,dev,sharpe_12m,short,27,0.3815628815628816,981,2007-11-06
2007-11-30,dev,sharpe_12m,full,28,-0.08812260536398467,981,2007-11-06
2007-11-30,dev,sharpe_12m,under12,0,,981,2007-11-06
2007-12-28,dev,ret_12m,all,56,-0.19501025290498974,1022,2007-11-30
2007-12-28,dev,ret_12m,short,28,-0.1330049261083744,1022,2007-11-30
2007-12-28,dev,ret_12m,full,28,-0.25287356321839083,1022,2007-11-30
2007-12-28,dev,ret_12m,under12,0,,1022,2007-11-30
2007-12-28,dev,sharpe_12m,all,56,0.214149008885851,1022,2007-11-30
2007-12-28,dev,sharpe_12m,short,28,0.2824302134646962,1022,2007-11-30
2007-12-28,dev,sharpe_12m,full,28,0.08593322386425835,1022,2007-11-30
2007-12-28,dev,sharpe_12m,under12,0,,1022,2007-11-30
2008-01-31,dev,ret_12m,all,56,-0.1963773069036227,1065,2008-01-02
2008-01-31,dev,ret_12m,short,27,-0.06959706959706959,1065,2008-01-02
2008-01-31,dev,ret_12m,full,29,-0.33645320197044326,1065,2008-01-02
2008-01-31,dev,ret_12m,under12,0,,1065,2008-01-02
2008-01-31,dev,sharpe_12m,all,56,0.08557758031442242,1065,2008-01-02
2008-01-31,dev,sharpe_12m,short,27,0.1111111111111111,1065,2008-01-02
2008-01-31,dev,sharpe_12m,full,29,0.03940886699507388,1065,2008-01-02
2008-01-31,dev,sharpe_12m,under12,0,,1065,2008-01-02
2008-02-29,dev,ret_12m,all,56,-0.2620642515379358,1111,2008-02-01
2008-02-29,dev,ret_12m,short,26,-0.1398290598290598,1111,2008-02-01
2008-02-29,dev,ret_12m,full,30,-0.3414905450500556,1111,2008-02-01
2008-02-29,dev,ret_12m,under12,0,,1111,2008-02-01
2008-02-29,dev,sharpe_12m,all,56,0.0758714969241285,1111,2008-02-01
2008-02-29,dev,sharpe_12m,short,26,0.05846153846153846,1111,2008-02-01
2008-02-29,dev,sharpe_12m,full,30,0.10745272525027807,1111,2008-02-01
2008-02-29,dev,sharpe_12m,under12,0,,1111,2008-02-01
2008-03-31,dev,ret_12m,all,59,-0.019170075978959675,1158,2008-03-12
2008-03-31,dev,ret_12m,short,28,0.15599343185550082,1158,2008-03-12
2008-03-31,dev,ret_12m,full,31,-0.1350806451612903,1158,2008-03-12
2008-03-31,dev,ret_12m,under12,0,,1158,2008-03-12
2008-03-31,dev,sharpe_12m,all,60,0.17243678799666579,1158,2008-03-12
2008-03-31,dev,sharpe_12m,short,29,0.28275862068965507,1158,2008-03-12
2008-03-31,dev,sharpe_12m,full,31,0.06895161290322582,1158,2008-03-12
2008-03-31,dev,sharpe_12m,under12,0,,1158,2008-03-12
2008-04-30,dev,ret_12m,all,60,0.047846624062239516,1208,2008-04-10
2008-04-30,dev,ret_12m,short,28,0.1510673234811166,1208,2008-04-10
2008-04-30,dev,ret_12m,full,32,0.003665689149560117,1208,2008-04-10
2008-04-30,dev,ret_12m,under12,0,,1208,2008-04-10
2008-04-30,dev,sharpe_12m,all,61,0.18995240613432043,1208,2008-04-10
2008-04-30,dev,sharpe_12m,short,29,0.2743842364532019,1208,2008-04-10
2008-04-30,dev,sharpe_12m,full,32,0.2001466275659824,1208,2008-04-10
2008-04-30,dev,sharpe_12m,under12,0,,1208,2008-04-10
2008-05-30,dev,ret_12m,all,63,0.24375960061443935,1260,2008-05-08
2008-05-30,dev,ret_12m,short,31,0.39879032258064523,1260,2008-05-08
2008-05-30,dev,ret_12m,full,32,0.22910557184750727,1260,2008-05-08
2008-05-30,dev,ret_12m,under12,0,,1260,2008-05-08
2008-05-30,dev,sharpe_12m,all,63,0.23262288786482335,1260,2008-05-08
2008-05-30,dev,sharpe_12m,short,31,0.4298387096774194,1260,2008-05-08
2008-05-30,dev,sharpe_12m,full,32,0.16239002932551316,1260,2008-05-08
2008-05-30,dev,sharpe_12m,under12,0,,1260,2008-05-08
2008-06-30,dev,ret_12m,all,63,0.3329493087557604,1315,2008-06-10
2008-06-30,dev,ret_12m,short,30,0.4967741935483871,1315,2008-06-10
2008-06-30,dev,ret_12m,full,33,0.18282085561497327,1315,2008-06-10
2008-06-30,dev,ret_12m,under12,0,,1315,2008-06-10
2008-06-30,dev,sharpe_12m,all,63,0.20276497695852536,1315,2008-06-10
2008-06-30,dev,sharpe_12m,short,30,0.4153503893214683,1315,2008-06-10
2008-06-30,dev,sharpe_12m,full,33,0.03342245989304813,1315,2008-06-10
2008-06-30,dev,sharpe_12m,under12,0,,1315,2008-06-10
2008-07-31,dev,ret_12m,all,64,0.2727106227106227,1371,2008-07-08
2008-07-31,dev,ret_12m,short,30,0.2547274749721913,1371,2008-07-08
2008-07-31,dev,ret_12m,full,34,0.34178762414056535,1371,2008-07-08
2008-07-31,dev,ret_12m,under12,0,,1371,2008-07-08
2008-07-31,dev,sharpe_12m,all,66,0.16138190168040917,1371,2008-07-08
2008-07-31,dev,sharpe_12m,short,32,0.16348973607038123,1371,2008-07-08
2008-07-31,dev,sharpe_12m,full,34,0.2501145912910619,1371,2008-07-08
2008-07-31,dev,sharpe_12m,under12,0,,1371,2008-07-08
2008-08-29,dev,ret_12m,all,67,0.25373134328358216,1427,2008-08-07
2008-08-29,dev,ret_12m,short,33,0.10260695187165776,1427,2008-08-07
2008-08-29,dev,ret_12m,full,34,0.35309396485867073,1427,2008-08-07
2008-08-29,dev,ret_12m,under12,0,,1427,2008-08-07
2008-08-29,dev,sharpe_12m,all,68,0.3015994197808909,1427,2008-08-07
2008-08-29,dev,sharpe_12m,short,34,0.1917494270435447,1427,2008-08-07
2008-08-29,dev,sharpe_12m,full,34,0.4557677616501145,1427,2008-08-07
2008-08-29,dev,sharpe_12m,under12,0,,1427,2008-08-07
2008-09-26,dev,ret_12m,all,69,0.03222506393861893,1483,2008-08-29
2008-09-26,dev,ret_12m,short,34,-0.09579831932773109,1483,2008-08-29
2008-09-26,dev,ret_12m,full,35,0.14565826330532214,1483,2008-08-29
2008-09-26,dev,ret_12m,under12,0,,1483,2008-08-29
2008-09-26,dev,sharpe_12m,all,70,0.3493482634940075,1483,2008-08-29
2008-09-26,dev,sharpe_12m,short,35,0.40448179271708684,1483,2008-08-29
2008-09-26,dev,sharpe_12m,full,35,0.36190476190476195,1483,2008-08-29
2008-09-26,dev,sharpe_12m,under12,0,,1483,2008-08-29
2008-10-31,dev,ret_12m,all,70,-0.3007085994226227,1543,2008-10-07
2008-10-31,dev,ret_12m,short,35,-0.35854341736694684,1543,2008-10-07
2008-10-31,dev,ret_12m,full,35,-0.11568627450980393,1543,2008-10-07
2008-10-31,dev,ret_12m,under12,0,,1543,2008-10-07
2008-10-31,dev,sharpe_12m,all,70,0.3413699588837372,1543,2008-10-07
2008-10-31,dev,sharpe_12m,short,35,0.40364145658263306,1543,2008-10-07
2008-10-31,dev,sharpe_12m,full,35,0.3137254901960784,1543,2008-10-07
2008-10-31,dev,sharpe_12m,under12,0,,1543,2008-10-07
2008-11-28,dev,ret_12m,all,71,-0.18839704896042922,1604,2008-11-05
2008-11-28,dev,ret_12m,short,34,-0.16424751718869365,1604,2008-11-05
2008-11-28,dev,ret_12m,full,37,-0.0604551920341394,1604,2008-11-05
2008-11-28,dev,ret_12m,under12,0,,1604,2008-11-05
2008-11-28,dev,sharpe_12m,all,72,0.35500675284584227,1604,2008-11-05
2008-11-28,dev,sharpe_12m,short,35,0.49943977591036415,1604,2008-11-05
2008-11-28,dev,sharpe_12m,full,37,0.2830725462304409,1604,2008-11-05
2008-11-28,dev,sharpe_12m,under12,0,,1604,2008-11-05
2008-12-31,dev,ret_12m,all,73,-0.20387510798469707,1667,2008-12-03
2008-12-31,dev,ret_12m,short,35,-0.19775910364145657,1667,2008-12-03
2008-12-31,dev,ret_12m,full,38,-0.13404092351460772,1667,2008-12-03
2008-12-31,dev,ret_12m,under12,0,,1667,2008-12-03
2008-12-31,dev,sharpe_12m,all,73,0.24160804640256697,1667,2008-12-03
2008-12-31,dev,sharpe_12m,short,35,0.20364145658263308,1667,2008-12-03
2008-12-31,dev,sharpe_12m,full,38,0.26359557938505307,1667,2008-12-03
2008-12-31,dev,sharpe_12m,under12,0,,1667,2008-12-03
2009-01-23,dev,ret_12m,all,73,-0.08453659138590645,1730,2008-12-31
2009-01-23,dev,ret_12m,short,34,-0.04140565317035905,1730,2008-12-31
2009-01-23,dev,ret_12m,full,39,-0.08137651821862348,1730,2008-12-31
2009-01-23,dev,ret_12m,under12,0,,1730,2008-12-31
2009-01-23,dev,sharpe_12m,all,73,0.23411082315191908,1730,2008-12-31
2009-01-23,dev,sharpe_12m,short,34,0.039877769289533994,1730,2008-12-31
2009-01-23,dev,sharpe_12m,full,39,0.359919028340081,1730,2008-12-31
2009-01-23,dev,sharpe_12m,under12,0,,1730,2008-12-31
2009-02-27,dev,ret_12m,all,73,-0.013791188448722699,1796,2009-02-11
2009-02-27,dev,ret_12m,short,34,0.015126050420168066,1796,2009-02-11
2009-02-27,dev,ret_12m,full,39,-0.006477732793522267,1796,2009-02-11
2009-02-27,dev,ret_12m,under12,0,,1796,2009-02-11
2009-02-27,dev,sharpe_12m,all,73,0.3634147846476614,1796,2009-02-11
2009-02-27,dev,sharpe_12m,short,34,0.24644766997708176,1796,2009-02-11
2009-02-27,dev,sharpe_12m,full,39,0.4255060728744939,1796,2009-02-11
2009-02-27,dev,sharpe_12m,under12,0,,1796,2009-02-11
2009-03-31,dev,ret_12m,all,73,0.16910403554239173,1864,2009-03-12
2009-03-31,dev,ret_12m,short,33,0.16644385026737968,1864,2009-03-12
2009-03-31,dev,ret_12m,full,40,0.18968105065666047,1864,2009-03-12
2009-03-31,dev,ret_12m,under12,0,,1864,2009-03-12
2009-03-31,dev,sharpe_12m,all,73,0.31077995804023206,1864,2009-03-12
2009-03-31,dev,sharpe_12m,short,33,0.2650401069518717,1864,2009-03-12
2009-03-31,dev,sharpe_12m,full,40,0.37091932457786125,1864,2009-03-12
2009-03-31,dev,sharpe_12m,under12,0,,1864,2009-03-12
2009-04-30,dev,ret_12m,all,73,0.235190670122177,1934,2009-04-09
2009-04-30,dev,ret_12m,short,32,0.28958944281524923,1934,2009-04-09
2009-04-30,dev,ret_12m,full,41,0.28919860627177707,1934,2009-04-09
2009-04-30,dev,ret_12m,under12,0,,1934,2009-04-09
2009-04-30,dev,sharpe_12m,all,75,0.3454338549075391,1934,2009-04-09
2009-04-30,dev,sharpe_12m,short,34,0.30664629488158895,1934,2009-04-09
2009-04-30,dev,sharpe_12m,full,41,0.4266550522648085,1934,2009-04-09
2009-04-30,dev,sharpe_12m,under12,0,,1934,2009-04-09
2009-05-27,dev,ret_12m,all,75,0.23564722617354195,2004,2009-05-08
2009-05-27,dev,ret_12m,short,33,0.1380347593582888,2004,2009-05-08
2009-05-27,dev,ret_12m,full,42,0.3381411554979338,2004,2009-05-08
2009-05-27,dev,ret_12m,under12,0,,2004,2009-05-08
2009-05-27,dev,sharpe_12m,all,75,0.36955903271692747,2004,2009-05-08
2009-05-27,dev,sharpe_12m,short,33,0.21356951871657756,2004,2009-05-08
2009-05-27,dev,sharpe_12m,full,42,0.506685033627745,2004,2009-05-08
2009-05-27,dev,sharpe_12m,under12,0,,2004,2009-05-08
2009-06-30,dev,ret_12m,all,76,0.2897607655502392,2076,2009-06-09
2009-06-30,dev,ret_12m,short,31,0.13185483870967743,2076,2009-06-09
2009-06-30,dev,ret_12m,full,45,0.35006587615283263,2076,2009-06-09
2009-06-30,dev,ret_12m,under12,0,,2076,2009-06-09
2009-06-30,dev,sharpe_12m,all,80,0.293413033286451,2076,2009-06-09
2009-06-30,dev,sharpe_12m,short,35,0.23389355742296922,2076,2009-06-09
2009-06-30,dev,sharpe_12m,full,45,0.3065876152832674,2076,2009-06-09
2009-06-30,dev,sharpe_12m,under12,0,,2076,2009-06-09
2009-07-31,dev,ret_12m,all,80,0.026441631504922646,2149,2009-07-10
2009-07-31,dev,ret_12m,short,34,0.025210084033613443,2149,2009-07-10
2009-07-31,dev,ret_12m,full,46,0.09700894233734196,2149,2009-07-10
2009-07-31,dev,ret_12m,under12,0,,2149,2009-07-10
2009-07-31,dev,sharpe_12m,all,82,0.08017979778191356,2149,2009-07-10
2009-07-31,dev,sharpe_12m,short,36,0.11943371943371943,2149,2009-07-10
2009-07-31,dev,sharpe_12m,full,46,0.08331791551032994,2149,2009-07-10
2009-07-31,dev,sharpe_12m,under12,0,,2149,2009-07-10
2009-08-31,dev,ret_12m,all,82,0.38411641144523895,2222,2009-07-31
2009-08-31,dev,ret_12m,short,35,0.280672268907563,2222,2009-07-31
2009-08-31,dev,ret_12m,full,47,0.46542553191489366,2222,2009-07-31
2009-08-31,dev,ret_12m,under12,0,,2222,2009-07-31
2009-08-31,dev,sharpe_12m,all,83,0.3181646446412829,2222,2009-07-31
2009-08-31,dev,sharpe_12m,short,36,0.2141570141570142,2222,2009-07-31
2009-08-31,dev,sharpe_12m,full,47,0.3970860314523589,2222,2009-07-31
2009-08-31,dev,sharpe_12m,under12,0,,2222,2009-07-31
2009-09-30,dev,ret_12m,all,83,0.282208975273918,2295,2009-08-28
2009-09-30,dev,ret_12m,short,32,0.3988269794721407,2295,2009-08-28
2009-09-30,dev,ret_12m,full,51,0.25420814479638004,2295,2009-08-28
2009-09-30,dev,ret_12m,under12,0,,2295,2009-08-28
2009-09-30,dev,sharpe_12m,all,85,0.2880789525112371,2295,2009-08-28
2009-09-30,dev,sharpe_12m,short,34,0.4707410236822001,2295,2009-08-28
2009-09-30,dev,sharpe_12m,full,51,0.21837104072398186,2295,2009-08-28
2009-09-30,dev,sharpe_12m,under12,0,,2295,2009-08-28
2009-10-30,dev,ret_12m,all,85,-0.05831541919093218,2368,2009-09-29
2009-10-30,dev,ret_12m,short,32,-0.02456011730205278,2368,2009-09-29
2009-10-30,dev,ret_12m,full,53,-0.06716658603451056,2368,2009-09-29
2009-10-30,dev,ret_12m,under12,0,,2368,2009-09-29
2009-10-30,dev,sharpe_12m,all,87,0.09408033826638476,2368,2009-09-29
2009-10-30,dev,sharpe_12m,short,34,0.226279602750191,2368,2009-09-29
2009-10-30,dev,sharpe_12m,full,53,0.02725366876310272,2368,2009-09-29
2009-10-30,dev,sharpe_12m,under12,0,,2368,2009-09-29
2009-11-30,dev,ret_12m,all,87,-0.18630166946125243,2443,2009-11-05
2009-11-30,dev,ret_12m,short,31,0.020967741935483872,2443,2009-11-05
2009-11-30,dev,ret_12m,full,56,-0.26896787423103213,2443,2009-11-05
2009-11-30,dev,ret_12m,under12,0,,2443,2009-11-05
2009-11-30,dev,sharpe_12m,all,88,0.01287379803458843,2443,2009-11-05
2009-11-30,dev,sharpe_12m,short,32,0.16165689149560114,2443,2009-11-05
2009-11-30,dev,sharpe_12m,full,56,-0.07969924812030076,2443,2009-11-05
2009-11-30,dev,sharpe_12m,under12,0,,2443,2009-11-05
2009-12-31,dev,ret_12m,all,88,-0.15471452220774193,2518,2009-12-01
2009-12-31,dev,ret_12m,short,32,-0.0813782991202346,2518,2009-12-01
2009-12-31,dev,ret_12m,full,56,-0.16623376623376626,2518,2009-12-01
2009-12-31,dev,ret_12m,under12,0,,2518,2009-12-01
2009-12-31,dev,sharpe_12m,all,89,0.07654068777664284,2518,2009-12-01
2009-12-31,dev,sharpe_12m,short,33,0.06784759358288771,2518,2009-12-01
2009-12-31,dev,sharpe_12m,full,56,0.0530416951469583,2518,2009-12-01
2009-12-31,dev,sharpe_12m,under12,0,,2518,2009-12-01
2010-01-29,dev,ret_12m,all,89,0.025638406537282943,2598,2009-12-31
2010-01-29,dev,ret_12m,short,32,0.07697947214076245,2598,2009-12-31
2010-01-29,dev,ret_12m,full,57,0.0391495981332642,2598,2009-12-31
2010-01-29,dev,ret_12m,under12,0,,2598,2009-12-31
2010-01-29,dev,sharpe_12m,all,91,0.1116419812071986,2598,2009-12-31
2010-01-29,dev,sharpe_12m,short,34,0.08601986249045072,2598,2009-12-31
2010-01-29,dev,sharpe_12m,full,57,0.12626393570132227,2598,2009-12-31
2010-01-29,dev,sharpe_12m,under12,0,,2598,2009-12-31
2010-02-26,dev,ret_12m,all,91,0.1062111801242236,2680,2010-02-03
2010-02-26,dev,ret_12m,short,34,0.20702826585179523,2680,2010-02-03
2010-02-26,dev,ret_12m,full,57,0.07654913144931294,2680,2010-02-03
2010-02-26,dev,ret_12m,under12,0,,2680,2010-02-03
2010-02-26,dev,sharpe_12m,all,91,0.16811594202898553,2680,2010-02-03
2010-02-26,dev,sharpe_12m,short,34,0.2433919022154316,2680,2010-02-03
2010-02-26,dev,sharpe_12m,full,57,0.13365309826289865,2680,2010-02-03
2010-02-26,dev,sharpe_12m,under12,0,,2680,2010-02-03
2010-03-31,dev,ret_12m,all,91,0.16677814938684504,2763,2010-03-11
2010-03-31,dev,ret_12m,short,30,0.2836484983314794,2763,2010-03-11
2010-03-31,dev,ret_12m,full,61,0.14754098360655735,2763,2010-03-11
2010-03-31,dev,ret_12m,under12,0,,2763,2010-03-11
2010-03-31,dev,sharpe_12m,all,91,0.12365026278069756,2763,2010-03-11
2010-03-31,dev,sharpe_12m,short,30,0.31167964404894327,2763,2010-03-11
2010-03-31,dev,sharpe_12m,full,61,0.053675304071919616,2763,2010-03-11
2010-03-31,dev,sharpe_12m,under12,0,,2763,2010-03-11
2010-04-30,dev,ret_12m,all,93,0.2808182387872638,2848,2010-04-13
2010-04-30,dev,ret_12m,short,32,0.2063782991202346,2848,2010-04-13
2010-04-30,dev,ret_12m,full,61,0.3562665256478053,2848,2010-04-13
2010-04-30,dev,ret_12m,under12,0,,2848,2010-04-13
2010-04-30,dev,sharpe_12m,all,96,0.18625881714595768,2848,2010-04-13
2010-04-30,dev,sharpe_12m,short,35,0.11988795518207283,2848,2010-04-13
2010-04-30,dev,sharpe_12m,full,61,0.25425700687466946,2848,2010-04-13
2010-04-30,dev,sharpe_12m,under12,0,,2848,2010-04-13
2010-05-31,dev,ret_12m,all,96,0.26294085729788386,2935,2010-05-06
2010-05-31,dev,ret_12m,short,32,0.05828445747800586,2935,2010-05-06
2010-05-31,dev,ret_12m,full,64,0.3988095238095238,2935,2010-05-06
2010-05-31,dev,ret_12m,under12,0,,2935,2010-05-06
2010-05-31,dev,sharpe_12m,all,97,0.27228855459709655,2935,2010-05-06
2010-05-31,dev,sharpe_12m,short,33,0.11898395721925133,2935,2010-05-06
2010-05-31,dev,sharpe_12m,full,64,0.3940934065934066,2935,2010-05-06
2010-05-31,dev,sharpe_12m,under12,0,,2935,2010-05-06
2010-06-30,dev,ret_12m,all,97,0.18026772564695978,3023,2010-06-04
2010-06-30,dev,ret_12m,short,31,0.12217741935483874,3023,2010-06-04
2010-06-30,dev,ret_12m,full,66,0.2153219914413945,3023,2010-06-04
2010-06-30,dev,ret_12m,under12,0,,3023,2010-06-04
2010-06-30,dev,sharpe_12m,all,97,0.2238849147906585,3023,2010-06-04
2010-06-30,dev,sharpe_12m,short,31,0.1431451612903226,3023,2010-06-04
2010-06-30,dev,sharpe_12m,full,66,0.28725602755453505,3023,2010-06-04
2010-06-30,dev,sharpe_12m,under12,0,,3023,2010-06-04
2010-07-30,dev,ret_12m,all,98,0.29672487551721716,3112,2010-07-12
2010-07-30,dev,ret_12m,short,32,0.16239002932551316,3112,2010-07-12
2010-07-30,dev,ret_12m,full,66,0.3542636468009603,3112,2010-07-12
2010-07-30,dev,ret_12m,under12,0,,3112,2010-07-12
2010-07-30,dev,sharpe_12m,all,98,0.34591868612487164,3112,2010-07-12
2010-07-30,dev,sharpe_12m,short,32,0.15652492668621698,3112,2010-07-12
2010-07-30,dev,sharpe_12m,full,66,0.42836864627909405,3112,2010-07-12
2010-07-30,dev,sharpe_12m,under12,0,,3112,2010-07-12
2010-08-31,dev,ret_12m,all,100,0.25936993699369937,3203,2010-08-09
2010-08-31,dev,ret_12m,short,31,-0.054032258064516135,3203,2010-08-09
2010-08-31,dev,ret_12m,full,69,0.36722689075630255,3203,2010-08-09
2010-08-31,dev,ret_12m,under12,0,,3203,2010-08-09
2010-08-31,dev,sharpe_12m,all,101,0.25683168316831684,3203,2010-08-09
2010-08-31,dev,sharpe_12m,short,32,-0.0722140762463343,3203,2010-08-09
2010-08-31,dev,sharpe_12m,full,69,0.3499086591158203,3203,2010-08-09
2010-08-31,dev,sharpe_12m,under12,0,,3203,2010-08-09
2010-09-30,dev,ret_12m,all,101,-0.09573675014560279,3294,2010-08-30
2010-09-30,dev,ret_12m,short,31,-0.3435483870967742,3294,2010-08-30
2010-09-30,dev,ret_12m,full,70,-0.008520689353512377,3294,2010-08-30
2010-09-30,dev,ret_12m,under12,0,,3294,2010-08-30
2010-09-30,dev,sharpe_12m,all,101,-0.08667443214909724,3294,2010-08-30
2010-09-30,dev,sharpe_12m,short,31,-0.35564516129032264,3294,2010-08-30
2010-09-30,dev,sharpe_12m,full,70,0.0020470649986877787,3294,2010-08-30
2010-09-30,dev,sharpe_12m,under12,0,,3294,2010-08-30
2010-10-29,dev,ret_12m,all,101,0.2582178217821782,3385,2010-10-12
2010-10-29,dev,ret_12m,short,31,0.2838709677419355,3385,2010-10-12
2010-10-29,dev,ret_12m,full,70,0.19699063948910855,3385,2010-10-12
2010-10-29,dev,ret_12m,under12,0,,3385,2010-10-12
2010-10-29,dev,sharpe_12m,all,103,0.2840684444053947,3385,2010-10-12
2010-10-29,dev,sharpe_12m,short,33,0.3205213903743316,3385,2010-10-12
2010-10-29,dev,sharpe_12m,full,70,0.23744204356574225,3385,2010-10-12
2010-10-29,dev,sharpe_12m,under12,0,,3385,2010-10-12
2010-11-30,dev,ret_12m,all,104,-0.32322628827483196,3481,2010-11-10
2010-11-30,dev,ret_12m,short,32,-0.31634897360703806,3481,2010-11-10
2010-11-30,dev,ret_12m,full,72,-0.30873368062254813,3481,2010-11-10
2010-11-30,dev,ret_12m,under12,0,,3481,2010-11-10
2010-11-30,dev,sharpe_12m,all,105,-0.31472112792867507,3481,2010-11-10
2010-11-30,dev,sharpe_12m,short,33,-0.29812834224598933,3481,2010-11-10
2010-11-30,dev,sharpe_12m,full,72,-0.319023731429674,3481,2010-11-10
2010-11-30,dev,sharpe_12m,under12,0,,3481,2010-11-10
2010-12-31,dev,ret_12m,all,106,-0.19248305917323727,3578,2010-12-08
2010-12-31,dev,ret_12m,short,33,-0.20153743315508021,3578,2010-12-08
2010-12-31,dev,ret_12m,full,73,-0.2144884610638036,3578,2010-12-08
2010-12-31,dev,ret_12m,under12,0,,3578,2010-12-08
2010-12-31,dev,sharpe_12m,all,112,-0.15519185430689858,3578,2010-12-08
2010-12-31,dev,sharpe_12m,short,39,-0.15465587044534412,3578,2010-12-08
2010-12-31,dev,sharpe_12m,full,73,-0.20143773910897203,3578,2010-12-08
2010-12-31,dev,sharpe_12m,under12,0,,3578,2010-12-08
2011-01-31,dev,ret_12m,all,112,0.13203437318481565,3675,2011-01-05
2011-01-31,dev,ret_12m,short,39,0.24230769230769236,3675,2011-01-05
2011-01-31,dev,ret_12m,full,73,0.004566210045662101,3675,2011-01-05
2011-01-31,dev,ret_12m,under12,0,,3675,2011-01-05
2011-01-31,dev,sharpe_12m,all,113,0.12915862665513342,3675,2011-01-05
2011-01-31,dev,sharpe_12m,short,40,0.25534709193245786,3675,2011-01-05
2011-01-31,dev,sharpe_12m,full,73,-0.010582500308527707,3675,2011-01-05
2011-01-31,dev,sharpe_12m,under12,0,,3675,2011-01-05
2011-02-28,dev,ret_12m,all,113,0.004957082972919024,3773,2011-02-11
2011-02-28,dev,ret_12m,short,40,0.1951219512195122,3773,2011-02-11
2011-02-28,dev,ret_12m,full,73,-0.1467974824139208,3773,2011-02-11
2011-02-28,dev,ret_12m,under12,0,,3773,2011-02-11
2011-02-28,dev,sharpe_12m,all,114,0.029950790789979954,3773,2011-02-11
2011-02-28,dev,sharpe_12m,short,41,0.2522648083623694,3773,2011-02-11
2011-02-28,dev,sharpe_12m,full,73,-0.13664692089349625,3773,2011-02-11
2011-02-28,dev,sharpe_12m,under12,0,,3773,2011-02-11
2011-03-31,dev,ret_12m,all,114,0.13019987444563702,3874,2011-03-15
2011-03-31,dev,ret_12m,short,40,0.30731707317073176,3874,2011-03-15
2011-03-31,dev,ret_12m,full,74,-0.05101814142910032,3874,2011-03-15
2011-03-31,dev,ret_12m,under12,0,,3874,2011-03-15
2011-03-31,dev,sharpe_12m,all,115,0.15983587153791526,3874,2011-03-15
2011-03-31,dev,sharpe_12m,short,41,0.37038327526132414,3874,2011-03-15
2011-03-31,dev,sharpe_12m,full,74,-0.04127360236949277,3874,2011-03-15
2011-03-31,dev,sharpe_12m,under12,0,,3874,2011-03-15
2011-04-29,dev,ret_12m,all,115,0.1445435177148268,3975,2011-04-13
2011-04-29,dev,ret_12m,short,39,0.33947368421052637,3975,2011-04-13
2011-04-29,dev,ret_12m,full,76,-0.05799043062200957,3975,2011-04-13
2011-04-29,dev,ret_12m,under12,0,,3975,2011-04-13
2011-04-29,dev,sharpe_12m,all,116,0.10788451927882213,3975,2011-04-13
2011-04-29,dev,sharpe_12m,short,40,0.34333958724202635,3975,2011-04-13
2011-04-29,dev,sharpe_12m,full,76,-0.0990293916609706,3975,2011-04-13
2011-04-29,dev,sharpe_12m,under12,0,,3975,2011-04-13
2011-05-31,dev,ret_12m,all,116,0.19338023296044288,4078,2011-05-06
2011-05-31,dev,ret_12m,short,38,0.29401466243571506,4078,2011-05-06
2011-05-31,dev,ret_12m,full,78,0.07209246449752778,4078,2011-05-06
2011-05-31,dev,ret_12m,under12,0,,4078,2011-05-06
2011-05-31,dev,sharpe_12m,all,117,0.17959208140388735,4078,2011-05-06
2011-05-31,dev,sharpe_12m,short,39,0.2659919028340081,4078,2011-05-06
2011-05-31,dev,sharpe_12m,full,78,0.06872873961481556,4078,2011-05-06
2011-05-31,dev,sharpe_12m,under12,0,,4078,2011-05-06
2011-06-30,dev,ret_12m,all,119,0.06919954422446946,4183,2011-06-08
2011-06-30,dev,ret_12m,short,38,0.15089178247072985,4183,2011-06-08
2011-06-30,dev,ret_12m,full,81,0.024096657633243,4183,2011-06-08
2011-06-30,dev,ret_12m,under12,0,,4183,2011-06-08
2011-06-30,dev,sharpe_12m,all,120,0.0874366275435794,4183,2011-06-08
2011-06-30,dev,sharpe_12m,short,39,0.1653846153846154,4183,2011-06-08
2011-06-30,dev,sharpe_12m,full,81,0.04835140018066847,4183,2011-06-08
2011-06-30,dev,sharpe_12m,under12,0,,4183,2011-06-08
2011-07-29,dev,ret_12m,all,121,-0.09195230998509683,4295,2011-07-11
2011-07-29,dev,ret_12m,short,37,-0.03366524419155997,4295,2011-07-11
2011-07-29,dev,ret_12m,full,84,-0.12499746886706489,4295,2011-07-11
2011-07-29,dev,ret_12m,under12,0,,4295,2011-07-11
2011-07-29,dev,sharpe_12m,all,124,-0.0017749803304484655,4295,2011-07-11
2011-07-29,dev,sharpe_12m,short,40,0.03151969981238274,4295,2011-07-11
2011-07-29,dev,sharpe_12m,full,84,-0.03744051837602511,4295,2011-07-11
2011-07-29,dev,sharpe_12m,under12,0,,4295,2011-07-11
2011-08-31,dev,ret_12m,all,124,0.015351691581431943,4408,2011-08-08
2011-08-31,dev,ret_12m,short,38,0.05241273662326294,4408,2011-08-08
2011-08-31,dev,ret_12m,full,86,0.005424784187933393,4408,2011-08-08
2011-08-31,dev,ret_12m,under12,0,,4408,2011-08-08
2011-08-31,dev,sharpe_12m,all,124,-0.020015735641227377,4408,2011-08-08
2011-08-31,dev,sharpe_12m,short,38,0.05635189845716162,4408,2011-08-08
2011-08-31,dev,sharpe_12m,full,86,-0.03712439266003113,4408,2011-08-08
2011-08-31,dev,sharpe_12m,under12,0,,4408,2011-08-08
2011-09-30,dev,ret_12m,all,125,0.13797849462365588,4522,2011-08-29
2011-09-30,dev,ret_12m,short,39,0.05931174089068827,4522,2011-08-29
2011-09-30,dev,ret_12m,full,86,0.15907354120477382,4522,2011-08-29
2011-09-30,dev,ret_12m,under12,0,,4522,2011-08-29
2011-09-30,dev,sharpe_12m,all,126,0.04538732658417698,4522,2011-08-29
2011-09-30,dev,sharpe_12m,short,40,-0.04465290806754222,4522,2011-08-29
2011-09-30,dev,sharpe_12m,full,86,0.08118307467333365,4522,2011-08-29
2011-09-30,dev,sharpe_12m,under12,0,,4522,2011-08-29
2011-10-31,dev,ret_12m,all,126,0.13408023997000373,4637,2011-09-30
2011-10-31,dev,ret_12m,short,38,-0.08261297734981946,4637,2011-09-30
2011-10-31,dev,ret_12m,full,88,0.24900496636257974,4637,2011-09-30
2011-10-31,dev,ret_12m,under12,0,,4637,2011-09-30
2011-10-31,dev,sharpe_12m,all,126,0.01065766779152606,4637,2011-09-30
2011-10-31,dev,sharpe_12m,short,38,-0.1769340190392822,4637,2011-09-30
2011-10-31,dev,sharpe_12m,full,88,0.10910147581980208,4637,2011-09-30
2011-10-31,dev,sharpe_12m,under12,0,,4637,2011-09-30
2011-11-30,dev,ret_12m,all,126,0.1706276715410574,4753,2011-11-03
2011-11-30,dev,ret_12m,short,38,0.09202319728635518,4753,2011-11-03
2011-11-30,dev,ret_12m,full,88,0.2175865591208482,4753,2011-11-03
2011-11-30,dev,ret_12m,under12,0,,4753,2011-11-03
2011-11-30,dev,sharpe_12m,all,126,0.08886989126359206,4753,2011-11-03
2011-11-30,dev,sharpe_12m,short,38,-0.048911259437575225,4753,2011-11-03
2011-11-30,dev,sharpe_12m,full,88,0.17583036877883843,4753,2011-11-03
2011-11-30,dev,sharpe_12m,under12,0,,4753,2011-11-03
2011-12-30,dev,ret_12m,all,126,0.11913610798650168,4870,2011-12-02
2011-12-30,dev,ret_12m,short,36,0.08880308880308882,4870,2011-12-02
2011-12-30,dev,ret_12m,full,90,0.13864263077746222,4870,2011-12-02
2011-12-30,dev,ret_12m,under12,0,,4870,2011-12-02
2011-12-30,dev,sharpe_12m,all,127,0.08951420134983126,4870,2011-12-02
2011-12-30,dev,sharpe_12m,short,37,0.05666192508297771,4870,2011-12-02
2011-12-30,dev,sharpe_12m,full,90,0.09784747088117873,4870,2011-12-02
2011-12-30,dev,sharpe_12m,under12,0,,4870,2011-12-02
2012-01-31,dev,ret_12m,all,127,0.07534800337457817,4990,2012-01-04
2012-01-31,dev,ret_12m,short,36,-0.06332046332046333,4990,2012-01-04
2012-01-31,dev,ret_12m,full,91,0.13419334288899507,4990,2012-01-04
2012-01-31,dev,ret_12m,under12,0,,4990,2012-01-04
2012-01-31,dev,sharpe_12m,all,129,0.0005981663685152059,4990,2012-01-04
2012-01-31,dev,sharpe_12m,short,38,0.12091038406827881,4990,2012-01-04
2012-01-31,dev,sharpe_12m,full,91,-0.0566013696448479,4990,2012-01-04
2012-01-31,dev,sharpe_12m,under12,0,,4990,2012-01-04
2012-02-29,dev,ret_12m,all,131,0.15637110980622432,5114,2012-02-09
2012-02-29,dev,ret_12m,short,40,0.10600375234521578,5114,2012-02-09
2012-02-29,dev,ret_12m,full,91,0.19582736104475237,5114,2012-02-09
2012-02-29,dev,ret_12m,under12,0,,5114,2012-02-09
2012-02-29,dev,sharpe_12m,all,134,0.032855771268968444,5114,2012-02-09
2012-02-29,dev,sharpe_12m,short,43,0.1369676834793114,5114,2012-02-09
2012-02-29,dev,sharpe_12m,full,91,-0.015066093326962892,5114,2012-02-09
2012-02-29,dev,sharpe_12m,under12,0,,5114,2012-02-09
2012-03-30,dev,ret_12m,all,134,0.12229828302098529,5238,2012-03-13
2012-03-30,dev,ret_12m,short,39,0.1368421052631579,5238,2012-03-13
2012-03-30,dev,ret_12m,full,95,0.10943449048152296,5238,2012-03-13
2012-03-30,dev,ret_12m,under12,0,,5238,2012-03-13
2012-03-30,dev,sharpe_12m,all,135,0.14668812798751343,5238,2012-03-13
2012-03-30,dev,sharpe_12m,short,40,0.28667917448405256,5238,2012-03-13
2012-03-30,dev,sharpe_12m,full,95,0.08652015677491601,5238,2012-03-13
2012-03-30,dev,sharpe_12m,under12,0,,5238,2012-03-13
2012-04-27,dev,ret_12m,all,135,0.23841576431567651,5364,2012-04-16
2012-04-27,dev,ret_12m,short,38,0.2554984133931502,5364,2012-04-16
2012-04-27,dev,ret_12m,full,97,0.235640648011782,5364,2012-04-16
2012-04-27,dev,ret_12m,under12,0,,5364,2012-04-16
2012-04-27,dev,sharpe_12m,all,138,0.18966458061732142,5364,2012-04-16
2012-04-27,dev,sharpe_12m,short,41,0.2576655052264809,5364,2012-04-16
2012-04-27,dev,sharpe_12m,full,97,0.15445508100147273,5364,2012-04-16
2012-04-27,dev,sharpe_12m,under12,0,,5364,2012-04-16
2012-05-31,dev,ret_12m,all,138,0.36570096509273053,5490,2012-05-10
2012-05-31,dev,ret_12m,short,40,0.4671669793621014,5490,2012-05-10
2012-05-31,dev,ret_12m,full,98,0.3251853693679908,5490,2012-05-10
2012-05-31,dev,ret_12m,under12,0,,5490,2012-05-10
2012-05-31,dev,sharpe_12m,all,140,0.2562944173536551,5490,2012-05-10
2012-05-31,dev,sharpe_12m,short,42,0.49080301434243584,5490,2012-05-10
2012-05-31,dev,sharpe_12m,full,98,0.17627782134409528,5490,2012-05-10
2012-05-31,dev,sharpe_12m,under12,0,,5490,2012-05-10
2012-06-29,dev,ret_12m,all,140,0.2083007150510595,5616,2012-06-11
2012-06-29,dev,ret_12m,short,41,0.2820557491289199,5616,2012-06-11
2012-06-29,dev,ret_12m,full,99,0.16403215831787257,5616,2012-06-11
2012-06-29,dev,ret_12m,under12,0,,5616,2012-06-11
2012-06-29,dev,sharpe_12m,all,145,0.2439104078097937,5616,2012-06-11
2012-06-29,dev,sharpe_12m,short,46,0.38304039469626894,5616,2012-06-11
2012-06-29,dev,sharpe_12m,full,99,0.1662090290661719,5616,2012-06-11
2012-06-29,dev,sharpe_12m,under12,0,,5616,2012-06-11
2012-07-31,dev,ret_12m,all,145,-0.150928987561014,5743,2012-07-12
2012-07-31,dev,ret_12m,short,43,-0.12216852914527332,5743,2012-07-12
2012-07-31,dev,ret_12m,full,102,-0.16970783314767798,5743,2012-07-12
2012-07-31,dev,ret_12m,under12,0,,5743,2012-07-12
2012-07-31,dev,sharpe_12m,all,147,-0.07307195369817679,5743,2012-07-12
2012-07-31,dev,sharpe_12m,short,45,-0.04598155467720685,5743,2012-07-12
2012-07-31,dev,sharpe_12m,full,102,-0.10046310170708676,5743,2012-07-12
2012-07-31,dev,sharpe_12m,under12,0,,5743,2012-07-12
2012-08-31,dev,ret_12m,all,148,0.054553800479016215,5872,2012-08-02
2012-08-31,dev,ret_12m,short,44,-0.10810429880197323,5872,2012-08-02
2012-08-31,dev,ret_12m,full,104,0.10438493545289663,5872,2012-08-02
2012-08-31,dev,ret_12m,under12,0,,5872,2012-08-02
2012-08-31,dev,sharpe_12m,all,148,0.09581064422866917,5872,2012-08-02
2012-08-31,dev,sharpe_12m,short,44,-0.11670190274841437,5872,2012-08-02
2012-08-31,dev,sharpe_12m,full,104,0.19978662114584447,5872,2012-08-02
2012-08-31,dev,sharpe_12m,under12,0,,5872,2012-08-02
2012-09-28,dev,ret_12m,all,149,0.19027027027027027,6006,2012-08-31
2012-09-28,dev,ret_12m,short,44,-0.009302325581395349,6006,2012-08-31
2012-09-28,dev,ret_12m,full,105,0.2542297325316193,6006,2012-08-31
2012-09-28,dev,ret_12m,under12,0,,6006,2012-08-31
2012-09-28,dev,sharpe_12m,all,151,0.16212617636807247,6006,2012-08-31
2012-09-28,dev,sharpe_12m,short,46,-0.03607770582793709,6006,2012-08-31
2012-09-28,dev,sharpe_12m,full,105,0.23213767364710758,6006,2012-08-31
2012-09-28,dev,sharpe_12m,under12,0,,6006,2012-08-31
2012-10-31,dev,ret_12m,all,151,0.0891390728476821,6141,2012-10-09
2012-10-31,dev,ret_12m,short,45,-0.05612648221343873,6141,2012-10-09
2012-10-31,dev,ret_12m,full,106,0.15131118220520445,6141,2012-10-09
2012-10-31,dev,ret_12m,under12,0,,6141,2012-10-09
2012-10-31,dev,sharpe_12m,all,153,0.08617466125206062,6141,2012-10-09
2012-10-31,dev,sharpe_12m,short,47,-0.05746993524514339,6141,2012-10-09
2012-10-31,dev,sharpe_12m,full,106,0.1535985087034285,6141,2012-10-09
2012-10-31,dev,sharpe_12m,under12,0,,6141,2012-10-09
2012-11-30,dev,ret_12m,all,156,-0.15099808759147157,6279,2012-11-01
2012-11-30,dev,ret_12m,short,47,-0.19692414431082333,6279,2012-11-01
2012-11-30,dev,ret_12m,full,109,-0.06957649893429711,6279,2012-11-01
2012-11-30,dev,ret_12m,under12,0,,6279,2012-11-01
2012-11-30,dev,sharpe_12m,all,161,-0.03508454106280194,6279,2012-11-01
2012-11-30,dev,sharpe_12m,short,52,-0.1937163835055067,6279,2012-11-01
2012-11-30,dev,sharpe_12m,full,109,0.055676026318228156,6279,2012-11-01
2012-11-30,dev,sharpe_12m,under12,0,,6279,2012-11-01
2012-12-31,dev,ret_12m,all,161,-0.05359730848861285,6419,2012-12-03
2012-12-31,dev,ret_12m,short,47,-0.1657030527289547,6419,2012-12-03
2012-12-31,dev,ret_12m,full,114,-0.01338571515360159,6419,2012-12-03
2012-12-31,dev,ret_12m,under12,0,,6419,2012-12-03
2012-12-31,dev,sharpe_12m,all,163,-0.05852882659705942,6419,2012-12-03
2012-12-31,dev,sharpe_12m,short,49,-0.18234693877551017,6419,2012-12-03
2012-12-31,dev,sharpe_12m,full,114,0.0029687531641724553,6419,2012-12-03
2012-12-31,dev,sharpe_12m,under12,0,,6419,2012-12-03
2013-01-31,dev,ret_12m,all,164,0.23851835729734874,6564,2012-12-31
2013-01-31,dev,ret_12m,short,50,0.13728691476590635,6564,2012-12-31
2013-01-31,dev,ret_12m,full,114,0.29420627366801,6564,2012-12-31
2013-01-31,dev,ret_12m,under12,0,,6564,2012-12-31
2013-01-31,dev,sharpe_12m,all,164,0.17218723219022486,6564,2012-12-31
2013-01-31,dev,sharpe_12m,short,50,0.06180072028811524,6564,2012-12-31
2013-01-31,dev,sharpe_12m,full,114,0.24070391446102754,6564,2012-12-31
2013-01-31,dev,sharpe_12m,under12,0,,6564,2012-12-31
2013-02-28,dev,ret_12m,all,164,0.3146055799654483,6711,2013-02-04
2013-02-28,dev,ret_12m,short,49,0.19459183673469385,6711,2013-02-04
2013-02-28,dev,ret_12m,full,115,0.3660853783634499,6711,2013-02-04
2013-02-28,dev,ret_12m,under12,0,,6711,2013-02-04
2013-02-28,dev,sharpe_12m,all,166,0.25314059722832544,6711,2013-02-04
2013-02-28,dev,sharpe_12m,short,51,0.09085972850678732,6711,2013-02-04
2013-02-28,dev,sharpe_12m,full,115,0.3354848891343802,6711,2013-02-04
2013-02-28,dev,sharpe_12m,under12,0,,6711,2013-02-04
2013-03-29,dev,ret_12m,all,166,0.26072761377573445,6859,2013-03-14
2013-03-29,dev,ret_12m,short,50,0.1472749099639856,6859,2013-03-14
2013-03-29,dev,ret_12m,full,116,0.309760504363203,6859,2013-03-14
2013-03-29,dev,ret_12m,under12,0,,6859,2013-03-14
2013-03-29,dev,sharpe_12m,all,170,0.16341497670385505,6859,2013-03-14
2013-03-29,dev,sharpe_12m,short,54,-0.0987611968744044,6859,2013-03-14
2013-03-29,dev,sharpe_12m,full,116,0.3015415369238458,6859,2013-03-14
2013-03-29,dev,sharpe_12m,under12,0,,6859,2013-03-14
2013-04-26,dev,ret_12m,all,170,0.2231483686592046,7010,2013-04-15
2013-04-26,dev,ret_12m,short,52,0.04670024758814991,7010,2013-04-15
2013-04-26,dev,ret_12m,full,118,0.27287733867993086,7010,2013-04-15
2013-04-26,dev,ret_12m,under12,0,,7010,2013-04-15
2013-04-26,dev,sharpe_12m,all,174,0.15961160625302542,7010,2013-04-15
2013-04-26,dev,sharpe_12m,short,56,-0.10731373889268626,7010,2013-04-15
2013-04-26,dev,sharpe_12m,full,118,0.2650108283208981,7010,2013-04-15
2013-04-26,dev,sharpe_12m,under12,0,,7010,2013-04-15
2013-05-31,dev,ret_12m,all,174,0.18140949343660126,7163,2013-05-14
2013-05-31,dev,ret_12m,short,51,0.021085972850678734,7163,2013-05-14
2013-05-31,dev,ret_12m,full,123,0.253717867691633,7163,2013-05-14
2013-05-31,dev,ret_12m,under12,0,,7163,2013-05-14
2013-05-31,dev,sharpe_12m,all,174,0.1395700333152994,7163,2013-05-14
2013-05-31,dev,sharpe_12m,short,51,-0.12461538461538461,7163,2013-05-14
2013-05-31,dev,sharpe_12m,full,123,0.25071906721182496,7163,2013-05-14
2013-05-31,dev,sharpe_12m,under12,0,,7163,2013-05-14
2013-06-28,dev,ret_12m,all,174,0.18555995330163158,7324,2013-06-18
2013-06-28,dev,ret_12m,short,51,0.05312217194570135,7324,2013-06-18
2013-06-28,dev,ret_12m,full,123,0.260160451948253,7324,2013-06-18
2013-06-28,dev,ret_12m,under12,0,,7324,2013-06-18
2013-06-28,dev,sharpe_12m,all,175,0.19078145991939097,7324,2013-06-18
2013-06-28,dev,sharpe_12m,short,52,0.05515239477503628,7324,2013-06-18
2013-06-28,dev,sharpe_12m,full,123,0.2519443835369078,7324,2013-06-18
2013-06-28,dev,sharpe_12m,under12,0,,7324,2013-06-18
2013-07-31,dev,ret_12m,all,176,0.33395553598943434,7487,2013-07-17
2013-07-31,dev,ret_12m,short,51,0.30244343891402714,7487,2013-07-17
2013-07-31,dev,ret_12m,full,125,0.3329585253456221,7487,2013-07-17
2013-07-31,dev,ret_12m,under12,0,,7487,2013-07-17
2013-07-31,dev,sharpe_12m,all,178,0.30842648753256896,7487,2013-07-17
2013-07-31,dev,sharpe_12m,short,53,0.2728592162554426,7487,2013-07-17
2013-07-31,dev,sharpe_12m,full,125,0.3076682027649769,7487,2013-07-17
2013-07-31,dev,sharpe_12m,under12,0,,7487,2013-07-17
2013-08-30,dev,ret_12m,all,178,0.2826564559663549,7651,2013-08-14
2013-08-30,dev,ret_12m,short,52,0.316229830103304,7651,2013-08-14
2013-08-30,dev,ret_12m,full,126,0.26199625046869146,7651,2013-08-14
2013-08-30,dev,ret_12m,under12,0,,7651,2013-08-14
2013-08-30,dev,sharpe_12m,all,181,0.26711796490802014,7651,2013-08-14
2013-08-30,dev,sharpe_12m,short,55,0.3100288600288601,7651,2013-08-14
2013-08-30,dev,sharpe_12m,full,126,0.255313085864267,7651,2013-08-14
2013-08-30,dev,sharpe_12m,under12,0,,7651,2013-08-14
2013-09-30,dev,ret_12m,all,182,-0.1516973199791785,7817,2013-09-04
2013-09-30,dev,ret_12m,short,56,-0.2004101161995899,7817,2013-09-04
2013-09-30,dev,ret_12m,full,126,-0.1450708661417323,7817,2013-09-04
2013-09-30,dev,ret_12m,under12,0,,7817,2013-09-04
2013-09-30,dev,sharpe_12m,all,184,-0.13396389975149775,7817,2013-09-04
2013-09-30,dev,sharpe_12m,short,58,-0.12571903165277307,7817,2013-09-04
2013-09-30,dev,sharpe_12m,full,126,-0.14226921634795653,7817,2013-09-04
2013-09-30,dev,sharpe_12m,under12,0,,7817,2013-09-04
2013-10-31,dev,ret_12m,all,184,0.0694534877001021,7987,2013-10-14
2013-10-31,dev,ret_12m,short,58,-0.03454428004552586,7987,2013-10-14
2013-10-31,dev,ret_12m,full,126,0.0942512185976753,7987,2013-10-14
2013-10-31,dev,ret_12m,under12,0,,7987,2013-10-14
2013-10-31,dev,sharpe_12m,all,186,0.11489540256143672,7987,2013-10-14
2013-10-31,dev,sharpe_12m,short,60,0.12397888302306197,7987,2013-10-14
2013-10-31,dev,sharpe_12m,full,126,0.09741282339707537,7987,2013-10-14
2013-10-31,dev,sharpe_12m,under12,0,,7987,2013-10-14
2013-11-29,dev,ret_12m,all,186,0.05733907100131008,8161,2013-11-07
2013-11-29,dev,ret_12m,short,57,-0.16638579206637283,8161,2013-11-07
2013-11-29,dev,ret_12m,full,129,0.14358788014311272,8161,2013-11-07
2013-11-29,dev,ret_12m,under12,0,,8161,2013-11-07
2013-11-29,dev,sharpe_12m,all,186,0.11526838206155093,8161,2013-11-07
2013-11-29,dev,sharpe_12m,short,57,-0.03642727508426238,8161,2013-11-07
2013-11-29,dev,sharpe_12m,full,129,0.16063282647584975,8161,2013-11-07
2013-11-29,dev,sharpe_12m,under12,0,,8161,2013-11-07
2013-12-31,dev,ret_12m,all,186,0.15438274223852969,8335,2013-12-09
2013-12-31,dev,ret_12m,short,53,0.034429930656345746,8335,2013-12-09
2013-12-31,dev,ret_12m,full,133,0.18252211260852264,8335,2013-12-09
2013-12-31,dev,ret_12m,under12,0,,8335,2013-12-09
2013-12-31,dev,sharpe_12m,all,187,0.14368400383176919,8335,2013-12-09
2013-12-31,dev,sharpe_12m,short,54,0.06986849628359061,8335,2013-12-09
2013-12-31,dev,sharpe_12m,full,133,0.17133573417941053,8335,2013-12-09
2013-12-31,dev,sharpe_12m,under12,0,,8335,2013-12-09
2014-01-30,dev,ret_12m,all,187,-0.20240660062614926,8510,2014-01-02
2014-01-30,dev,ret_12m,short,51,-0.2749321266968326,8510,2014-01-02
2014-01-30,dev,ret_12m,full,136,-0.1815657649921282,8510,2014-01-02
2014-01-30,dev,ret_12m,under12,0,,8510,2014-01-02
2014-01-30,dev,sharpe_12m,all,188,-0.16844107081904328,8510,2014-01-02
2014-01-30,dev,sharpe_12m,short,52,-0.2671390762400751,8510,2014-01-02
2014-01-30,dev,sharpe_12m,full,136,-0.14626210581556223,8510,2014-01-02
2014-01-30,dev,sharpe_12m,under12,0,,8510,2014-01-02
2014-02-28,dev,ret_12m,all,188,-0.0664557247786284,8688,2014-02-11
2014-02-28,dev,ret_12m,short,51,-0.09755656108597284,8688,2014-02-11
2014-02-28,dev,ret_12m,full,137,-0.0694830772677208,8688,2014-02-11
2014-02-28,dev,ret_12m,under12,0,,8688,2014-02-11
2014-02-28,dev,sharpe_12m,all,190,-0.05956339364991887,8688,2014-02-11
2014-02-28,dev,sharpe_12m,short,53,-0.09877439122722141,8688,2014-02-11
2014-02-28,dev,sharpe_12m,full,137,-0.06009763473780499,8688,2014-02-11
2014-02-28,dev,sharpe_12m,under12,0,,8688,2014-02-11
2014-03-31,dev,ret_12m,all,190,0.24795933988549035,8869,2014-03-13
2014-03-31,dev,ret_12m,short,50,0.41800720288115245,8869,2014-03-13
2014-03-31,dev,ret_12m,full,140,0.18599637007719055,8869,2014-03-13
2014-03-31,dev,ret_12m,under12,0,,8869,2014-03-13
2014-03-31,dev,sharpe_12m,all,191,0.21723443097271974,8869,2014-03-13
2014-03-31,dev,sharpe_12m,short,51,0.2937556561085973,8869,2014-03-13
2014-03-31,dev,sharpe_12m,full,140,0.18716844153856252,8869,2014-03-13
2014-03-31,dev,sharpe_12m,under12,0,,8869,2014-03-13
2014-04-30,dev,ret_12m,all,191,0.3474906999173326,9053,2014-04-10
2014-04-30,dev,ret_12m,short,49,0.5946938775510203,9053,2014-04-10
2014-04-30,dev,ret_12m,full,142,0.26270193696025285,9053,2014-04-10
2014-04-30,dev,ret_12m,under12,0,,9053,2014-04-10
2014-04-30,dev,sharpe_12m,all,191,0.32343448608432074,9053,2014-04-10
2014-04-30,dev,sharpe_12m,short,49,0.4754081632653061,9053,2014-04-10
2014-04-30,dev,sharpe_12m,full,142,0.2577940489238062,9053,2014-04-10
2014-04-30,dev,sharpe_12m,under12,0,,9053,2014-04-10
2014-05-30,dev,ret_12m,all,192,0.15969434120934273,9239,2014-05-08
2014-05-30,dev,ret_12m,short,47,0.12465309898242369,9239,2014-05-08
2014-05-30,dev,ret_12m,full,145,0.1841127381514722,9239,2014-05-08
2014-05-30,dev,ret_12m,under12,0,,9239,2014-05-08
2014-05-30,dev,sharpe_12m,all,194,0.18307782703915385,9239,2014-05-08
2014-05-30,dev,sharpe_12m,short,49,0.11979591836734692,9239,2014-05-08
2014-05-30,dev,sharpe_12m,full,145,0.2098173515981735,9239,2014-05-08
2014-05-30,dev,sharpe_12m,under12,0,,9239,2014-05-08
2014-06-30,dev,ret_12m,all,195,-0.14903138099014387,9425,2014-06-09
2014-06-30,dev,ret_12m,short,47,-0.06695189639222943,9425,2014-06-09
2014-06-30,dev,ret_12m,full,148,-0.1264691619437545,9425,2014-06-09
2014-06-30,dev,ret_12m,under12,0,,9425,2014-06-09
2014-06-30,dev,sharpe_12m,all,199,-0.15657225521547127,9425,2014-06-09
2014-06-30,dev,sharpe_12m,short,51,-0.15429864253393666,9425,2014-06-09
2014-06-30,dev,sharpe_12m,full,148,-0.10727149557446779,9425,2014-06-09
2014-06-30,dev,sharpe_12m,under12,0,,9425,2014-06-09
2014-07-31,dev,ret_12m,all,201,0.09819713314615044,9612,2014-07-09
2014-07-31,dev,ret_12m,short,52,0.15341927772560401,9612,2014-07-09
2014-07-31,dev,ret_12m,full,149,0.10559767821512789,9612,2014-07-09
2014-07-31,dev,ret_12m,under12,0,,9612,2014-07-09
2014-07-31,dev,sharpe_12m,all,204,0.01152864846527341,9612,2014-07-09
2014-07-31,dev,sharpe_12m,short,55,-0.09047619047619049,9612,2014-07-09
2014-07-31,dev,sharpe_12m,full,149,0.10253945220388173,9612,2014-07-09
2014-07-31,dev,sharpe_12m,under12,0,,9612,2014-07-09
2014-08-29,dev,ret_12m,all,204,-0.00014559229915683683,9800,2014-08-07
2014-08-29,dev,ret_12m,short,52,0.16392043029112952,9800,2014-08-07
2014-08-29,dev,ret_12m,full,152,-0.015599477853183797,9800,2014-08-07
2014-08-29,dev,ret_12m,under12,0,,9800,2014-08-07
2014-08-29,dev,sharpe_12m,all,205,-0.10175648758200888,9800,2014-08-07
2014-08-29,dev,sharpe_12m,short,53,-0.18214804063860665,9800,2014-08-07
2014-08-29,dev,sharpe_12m,full,152,-0.03632132532343715,9800,2014-08-07
2014-08-29,dev,sharpe_12m,under12,0,,9800,2014-08-07
2014-09-30,dev,ret_12m,all,206,-0.03739151025955173,9990,2014-08-29
2014-09-30,dev,ret_12m,short,48,0.23805905340859748,9990,2014-08-29
2014-09-30,dev,ret_12m,full,158,-0.0984834770650436,9990,2014-08-29
2014-09-30,dev,ret_12m,under12,0,,9990,2014-08-29
2014-09-30,dev,sharpe_12m,all,210,-0.21351763726420747,9990,2014-08-29
2014-09-30,dev,sharpe_12m,short,52,-0.31230256979424564,9990,2014-08-29
2014-09-30,dev,sharpe_12m,full,158,-0.13753976137848573,9990,2014-08-29
2014-09-30,dev,sharpe_12m,under12,0,,9990,2014-08-29
2014-10-31,dev,ret_12m,all,210,-0.11245800844204436,10181,2014-09-30
2014-10-31,dev,ret_12m,short,50,-0.010996398559423769,10181,2014-09-30
2014-10-31,dev,ret_12m,full,160,-0.11090472284073598,10181,2014-09-30
2014-10-31,dev,ret_12m,under12,0,,10181,2014-09-30
2014-10-31,dev,sharpe_12m,all,210,-0.2487539399986394,10181,2014-09-30
2014-10-31,dev,sharpe_12m,short,50,-0.4435534213685474,10181,2014-09-30
2014-10-31,dev,sharpe_12m,full,160,-0.14084143911871555,10181,2014-09-30
2014-10-31,dev,sharpe_12m,under12,0,,10181,2014-09-30
2014-11-28,dev,ret_12m,all,211,0.16150917847242627,10372,2014-11-05
2014-11-28,dev,ret_12m,short,48,0.4176074685193226,10372,2014-11-05
2014-11-28,dev,ret_12m,full,163,0.1000105297576493,10372,2014-11-05
2014-11-28,dev,ret_12m,under12,0,,10372,2014-11-05
2014-11-28,dev,sharpe_12m,all,213,-0.15421057468067084,10372,2014-11-05
2014-11-28,dev,sharpe_12m,short,50,-0.36144057623049214,10372,2014-11-05
2014-11-28,dev,sharpe_12m,full,163,-0.0340111172072866,10372,2014-11-05
2014-11-28,dev,sharpe_12m,under12,0,,10372,2014-11-05
2014-12-31,dev,ret_12m,all,213,-0.07441989265872079,10566,2014-12-03
2014-12-31,dev,ret_12m,short,47,0.051919518963922294,10566,2014-12-03
2014-12-31,dev,ret_12m,full,166,-0.11916102078428031,10566,2014-12-03
2014-12-31,dev,ret_12m,under12,0,,10566,2014-12-03
2014-12-31,dev,sharpe_12m,all,216,-0.2595458388406625,10566,2014-12-03
2014-12-31,dev,sharpe_12m,short,50,-0.3026650660264106,10566,2014-12-03
2014-12-31,dev,sharpe_12m,full,166,-0.23522768264128918,10566,2014-12-03
2014-12-31,dev,sharpe_12m,under12,0,,10566,2014-12-03
2015-01-30,dev,ret_12m,all,216,0.14135557698948545,10765,2014-12-31
2015-01-30,dev,ret_12m,short,50,0.2978631452581032,10765,2014-12-31
2015-01-30,dev,ret_12m,full,166,0.07895403060254083,10765,2014-12-31
2015-01-30,dev,ret_12m,under12,0,,10765,2014-12-31
2015-01-30,dev,sharpe_12m,all,219,-0.08272076045106083,10765,2014-12-31
2015-01-30,dev,sharpe_12m,short,53,-0.2854378326076439,10765,2014-12-31
2015-01-30,dev,sharpe_12m,full,166,-0.00728925500586997,10765,2014-12-31
2015-01-30,dev,sharpe_12m,under12,0,,10765,2014-12-31
2015-02-27,dev,ret_12m,all,220,-0.06195206888196412,10969,2015-02-04
2015-02-27,dev,ret_12m,short,50,-0.05901560624249699,10969,2015-02-04
2015-02-27,dev,ret_12m,full,170,-0.042634082595978284,10969,2015-02-04
2015-02-27,dev,ret_12m,under12,0,,10969,2015-02-04
2015-02-27,dev,sharpe_12m,all,221,0.07208022502140149,10969,2015-02-04
2015-02-27,dev,sharpe_12m,short,51,0.06171945701357466,10969,2015-02-04
2015-02-27,dev,sharpe_12m,full,170,0.05403117958488285,10969,2015-02-04
2015-02-27,dev,sharpe_12m,under12,0,,10969,2015-02-04
2015-03-31,dev,ret_12m,all,221,-0.23094711330005444,11174,2015-03-12
2015-03-31,dev,ret_12m,short,47,-0.2461840888066605,11174,2015-03-12
2015-03-31,dev,ret_12m,full,174,-0.1608918249380677,11174,2015-03-12
2015-03-31,dev,ret_12m,under12,0,,11174,2015-03-12
2015-03-31,dev,sharpe_12m,all,222,0.16918558068650397,11174,2015-03-12
2015-03-31,dev,sharpe_12m,short,48,0.25412505427702997,11174,2015-03-12
2015-03-31,dev,sharpe_12m,full,174,0.13304592955380276,11174,2015-03-12
2015-03-31,dev,sharpe_12m,under12,0,,11174,2015-03-12
2015-04-30,dev,ret_12m,all,223,-0.2688245580622262,11384,2015-04-13
2015-04-30,dev,ret_12m,short,49,-0.4240816326530612,11384,2015-04-13
2015-04-30,dev,ret_12m,full,174,-0.17109484894216803,11384,2015-04-13
2015-04-30,dev,ret_12m,under12,0,,11384,2015-04-13
2015-04-30,dev,sharpe_12m,all,229,0.16580296383639948,11384,2015-04-13
2015-04-30,dev,sharpe_12m,short,55,0.16103896103896106,11384,2015-04-13
2015-04-30,dev,sharpe_12m,full,174,0.1690811241777955,11384,2015-04-13
2015-04-30,dev,sharpe_12m,under12,0,,11384,2015-04-13
2015-05-29,dev,ret_12m,all,229,-0.49032905978635605,11594,2015-05-08
2015-05-29,dev,ret_12m,short,53,-0.6489275923238187,11594,2015-05-08
2015-05-29,dev,ret_12m,full,176,-0.4034712744882236,11594,2015-05-08
2015-05-29,dev,ret_12m,under12,0,,11594,2015-05-08
2015-05-29,dev,sharpe_12m,all,232,0.07450859041801765,11594,2015-05-08
2015-05-29,dev,sharpe_12m,short,56,0.10232399179767601,11594,2015-05-08
2015-05-29,dev,sharpe_12m,full,176,0.05024653312788906,11594,2015-05-08
2015-05-29,dev,sharpe_12m,under12,0,,11594,2015-05-08
2015-06-30,dev,ret_12m,all,233,-0.1497042003923756,11807,2015-06-05
2015-06-30,dev,ret_12m,short,53,-0.31269150137074664,11807,2015-06-05
2015-06-30,dev,ret_12m,full,180,-0.06282909966356987,11807,2015-06-05
2015-06-30,dev,ret_12m,under12,0,,11807,2015-06-05
2015-06-30,dev,sharpe_12m,all,235,0.3187762952277917,11807,2015-06-05
2015-06-30,dev,sharpe_12m,short,55,0.5079365079365079,11807,2015-06-05
2015-06-30,dev,sharpe_12m,full,180,0.22592261078016812,11807,2015-06-05
2015-06-30,dev,sharpe_12m,under12,0,,11807,2015-06-05
2015-07-31,dev,ret_12m,all,239,0.023918814387679756,12023,2015-07-09
2015-07-31,dev,ret_12m,short,57,-0.25012963443090486,12023,2015-07-09
2015-07-31,dev,ret_12m,full,182,0.15514500896259795,12023,2015-07-09
2015-07-31,dev,ret_12m,under12,0,,12023,2015-07-09
2015-07-31,dev,sharpe_12m,all,241,0.3661491375467234,12023,2015-07-09
2015-07-31,dev,sharpe_12m,short,59,0.40081823495032154,12023,2015-07-09
2015-07-31,dev,sharpe_12m,full,182,0.3260763328691958,12023,2015-07-09
2015-07-31,dev,sharpe_12m,under12,0,,12023,2015-07-09
2015-08-31,dev,ret_12m,all,241,0.14554542025307776,12242,2015-08-06
2015-08-31,dev,ret_12m,short,57,-0.15426497277676954,12242,2015-08-06
2015-08-31,dev,ret_12m,full,184,0.22673614455510394,12242,2015-08-06
2015-08-31,dev,ret_12m,under12,0,,12242,2015-08-06
2015-08-31,dev,sharpe_12m,all,242,0.2467014755459368,12242,2015-08-06
2015-08-31,dev,sharpe_12m,short,58,0.12368882463317853,12242,2015-08-06
2015-08-31,dev,sharpe_12m,full,184,0.2696056712450155,12242,2015-08-06
2015-08-31,dev,sharpe_12m,under12,0,,12242,2015-08-06
2015-09-30,dev,ret_12m,all,243,0.21149815759850532,12463,2015-08-27
2015-09-30,dev,ret_12m,short,57,0.2057298418459943,12463,2015-08-27
2015-09-30,dev,ret_12m,full,186,0.2190797663283432,12463,2015-08-27
2015-09-30,dev,ret_12m,under12,0,,12463,2015-08-27
2015-09-30,dev,sharpe_12m,all,249,-0.0043956471045472215,12463,2015-08-27
2015-09-30,dev,sharpe_12m,short,63,-0.1699788786482335,12463,2015-08-27
2015-09-30,dev,sharpe_12m,full,186,0.09295115367221629,12463,2015-08-27
2015-09-30,dev,sharpe_12m,under12,0,,12463,2015-08-27
2015-10-30,dev,ret_12m,all,249,0.10540380878352118,12685,2015-09-30
2015-10-30,dev,ret_12m,short,63,-0.12279185867895547,12685,2015-09-30
2015-10-30,dev,ret_12m,full,186,0.1895920070493125,12685,2015-09-30
2015-10-30,dev,ret_12m,under12,0,,12685,2015-09-30
2015-10-30,dev,sharpe_12m,all,249,0.31852467936261175,12685,2015-09-30
2015-10-30,dev,sharpe_12m,short,63,0.38575268817204295,12685,2015-09-30
2015-10-30,dev,sharpe_12m,full,186,0.29535034430670104,12685,2015-09-30
2015-10-30,dev,sharpe_12m,under12,0,,12685,2015-09-30
2015-11-30,dev,ret_12m,all,249,-0.11776059075009716,12914,2015-11-05
2015-11-30,dev,ret_12m,short,62,-0.4210672105965601,12914,2015-11-05
2015-11-30,dev,ret_12m,full,187,-0.004224488822171409,12914,2015-11-05
2015-11-30,dev,ret_12m,under12,0,,12914,2015-11-05
2015-11-30,dev,sharpe_12m,all,255,0.29430870773506257,12914,2015-11-05
2015-11-30,dev,sharpe_12m,short,68,0.38504408901782644,12914,2015-11-05
2015-11-30,dev,sharpe_12m,full,187,0.2433962541152981,12914,2015-11-05
2015-11-30,dev,sharpe_12m,under12,0,,12914,2015-11-05
2015-12-31,dev,ret_12m,all,257,-0.08034977038277079,13146,2015-12-03
2015-12-31,dev,ret_12m,short,69,-0.32396784800876877,13146,2015-12-03
2015-12-31,dev,ret_12m,full,188,0.04244121891180714,13146,2015-12-03
2015-12-31,dev,ret_12m,under12,0,,13146,2015-12-03
2015-12-31,dev,sharpe_12m,all,264,0.29122475200386094,13146,2015-12-03
2015-12-31,dev,sharpe_12m,short,76,0.39401230348598765,13146,2015-12-03
2015-12-31,dev,sharpe_12m,full,188,0.24784949440769213,13146,2015-12-03
2015-12-31,dev,sharpe_12m,under12,0,,13146,2015-12-03
2016-01-29,dev,ret_12m,all,264,0.16708450456208543,13381,2016-01-04
2016-01-29,dev,ret_12m,short,76,0.12259740259740258,13381,2016-01-04
2016-01-29,dev,ret_12m,full,188,0.21859936753553771,13381,2016-01-04
2016-01-29,dev,ret_12m,under12,0,,13381,2016-01-04
2016-01-29,dev,sharpe_12m,all,266,0.013127051251193494,13381,2016-01-04
2016-01-29,dev,sharpe_12m,short,78,-0.21010634934685565,13381,2016-01-04
2016-01-29,dev,sharpe_12m,full,188,0.15925570744093898,13381,2016-01-04
2016-01-29,dev,sharpe_12m,under12,0,,13381,2016-01-04
2016-02-29,dev,ret_12m,all,267,0.05317755229932958,13622,2016-02-04
2016-02-29,dev,ret_12m,short,76,-0.029719753930280243,13622,2016-02-04
2016-02-29,dev,ret_12m,full,191,0.10094034169192614,13622,2016-02-04
2016-02-29,dev,ret_12m,under12,0,,13622,2016-02-04
2016-02-29,dev,sharpe_12m,all,275,-0.03978419549349413,13622,2016-02-04
2016-02-29,dev,sharpe_12m,short,84,-0.28016604232054265,13622,2016-02-04
2016-02-29,dev,sharpe_12m,full,191,0.08531792504822264,13622,2016-02-04
2016-02-29,dev,sharpe_12m,under12,0,,13622,2016-02-04
2016-03-31,dev,ret_12m,all,276,0.24934804012499823,13864,2016-03-11
2016-03-31,dev,ret_12m,short,85,0.0984170412350987,13864,2016-03-11
2016-03-31,dev,ret_12m,full,191,0.3145546293744833,13864,2016-03-11
2016-03-31,dev,ret_12m,under12,0,,13864,2016-03-11
2016-03-31,dev,sharpe_12m,all,280,0.19535343927491786,13864,2016-03-11
2016-03-31,dev,sharpe_12m,short,89,-0.016121893088185225,13864,2016-03-11
2016-03-31,dev,sharpe_12m,full,191,0.3017704601818683,13864,2016-03-11
2016-03-31,dev,sharpe_12m,under12,0,,13864,2016-03-11
2016-04-29,dev,ret_12m,all,281,0.1555652305595517,14113,2016-04-11
2016-04-29,dev,ret_12m,short,87,-0.016567033607931762,14113,2016-04-11
2016-04-29,dev,ret_12m,full,194,0.2412749154589868,14113,2016-04-11
2016-04-29,dev,ret_12m,under12,0,,14113,2016-04-11
2016-04-29,dev,sharpe_12m,all,296,0.13883174391648967,14113,2016-04-11
2016-04-29,dev,sharpe_12m,short,102,-0.07190799034215244,14113,2016-04-11
2016-04-29,dev,sharpe_12m,full,194,0.26422405114782654,14113,2016-04-11
2016-04-29,dev,sharpe_12m,under12,0,,14113,2016-04-11
2016-05-31,dev,ret_12m,all,303,0.0988891151227357,14362,2016-05-05
2016-05-31,dev,ret_12m,short,102,0.005886311075425075,14362,2016-05-05
2016-05-31,dev,ret_12m,full,201,0.18609428106989803,14362,2016-05-05
2016-05-31,dev,ret_12m,under12,0,,14362,2016-05-05
2016-05-31,dev,sharpe_12m,all,313,0.1971806403238405,14362,2016-05-05
2016-05-31,dev,sharpe_12m,short,112,0.05425052106468036,14362,2016-05-05
2016-05-31,dev,sharpe_12m,full,201,0.31841879710359094,14362,2016-05-05
2016-05-31,dev,sharpe_12m,under12,0,,14362,2016-05-05
2016-06-30,dev,ret_12m,all,323,0.3025608921422625,14617,2016-06-03
2016-06-30,dev,ret_12m,short,119,0.29044295684375454,14617,2016-06-03
2016-06-30,dev,ret_12m,full,204,0.3307602603699175,14617,2016-06-03
2016-06-30,dev,ret_12m,under12,0,,14617,2016-06-03
2016-06-30,dev,sharpe_12m,all,348,0.26691044129719155,14617,2016-06-03
2016-06-30,dev,sharpe_12m,short,144,0.28517000241138174,14617,2016-06-03
2016-06-30,dev,sharpe_12m,full,204,0.2631418252751058,14617,2016-06-03
2016-06-30,dev,sharpe_12m,under12,0,,14617,2016-06-03
2016-07-29,dev,ret_12m,all,347,0.36231969804106956,14881,2016-07-08
2016-07-29,dev,ret_12m,short,142,0.40192082415636515,14881,2016-07-08
2016-07-29,dev,ret_12m,full,205,0.3473986990012675,14881,2016-07-08
2016-07-29,dev,ret_12m,under12,0,,14881,2016-07-08
2016-07-29,dev,sharpe_12m,all,363,0.29983577447163584,14881,2016-07-08
2016-07-29,dev,sharpe_12m,short,158,0.31392739735821673,14881,2016-07-08
2016-07-29,dev,sharpe_12m,full,205,0.28022871947737177,14881,2016-07-08
2016-07-29,dev,sharpe_12m,under12,0,,14881,2016-07-08
2016-08-31,dev,ret_12m,all,362,0.3615040029667626,15147,2016-08-05
2016-08-31,dev,ret_12m,short,155,0.3727885018207599,15147,2016-08-05
2016-08-31,dev,ret_12m,full,207,0.3607940708510569,15147,2016-08-05
2016-08-31,dev,ret_12m,under12,0,,15147,2016-08-05
2016-08-31,dev,sharpe_12m,all,374,0.23738670413327406,15147,2016-08-05
2016-08-31,dev,sharpe_12m,short,167,0.2012017273542416,15147,2016-08-05
2016-08-31,dev,sharpe_12m,full,207,0.26709852691279456,15147,2016-08-05
2016-08-31,dev,sharpe_12m,under12,0,,15147,2016-08-05
2016-09-30,dev,ret_12m,all,368,0.2176506367006568,15422,2016-08-29
2016-09-30,dev,ret_12m,short,158,0.19995314584572507,15422,2016-08-29
2016-09-30,dev,ret_12m,full,210,0.19956072862034446,15422,2016-08-29
2016-09-30,dev,ret_12m,under12,0,,15422,2016-08-29
2016-09-30,dev,sharpe_12m,all,382,0.11301897619173965,15422,2016-08-29
2016-09-30,dev,sharpe_12m,short,171,0.053860369117047065,15422,2016-08-29
2016-09-30,dev,sharpe_12m,full,211,0.16670584177514344,15422,2016-08-29
2016-09-30,dev,sharpe_12m,under12,0,,15422,2016-08-29
2016-10-31,dev,ret_12m,all,377,0.25461212383442755,15702,2016-10-10
2016-10-31,dev,ret_12m,short,167,0.38394467519350284,15702,2016-10-10
2016-10-31,dev,ret_12m,full,210,0.15209479968771564,15702,2016-10-10
2016-10-31,dev,ret_12m,under12,0,,15702,2016-10-10
2016-10-31,dev,sharpe_12m,all,387,0.22835794814843344,15702,2016-10-10
2016-10-31,dev,sharpe_12m,short,176,0.3449438696896324,15702,2016-10-10
2016-10-31,dev,sharpe_12m,full,211,0.09547399752174858,15702,2016-10-10
2016-10-31,dev,sharpe_12m,under12,0,,15702,2016-10-10
2016-11-30,dev,ret_12m,all,386,0.25038963125479574,15998,2016-11-07
2016-11-30,dev,ret_12m,short,173,0.35849507024952376,15998,2016-11-07
2016-11-30,dev,ret_12m,full,213,0.15905856581917885,15998,2016-11-07
2016-11-30,dev,ret_12m,under12,0,,15998,2016-11-07
2016-11-30,dev,sharpe_12m,all,398,0.19227641398218528,15998,2016-11-07
2016-11-30,dev,sharpe_12m,short,184,0.31363102232667445,15998,2016-11-07
2016-11-30,dev,sharpe_12m,full,214,0.06943193610697,15998,2016-11-07
2016-11-30,dev,sharpe_12m,under12,0,,15998,2016-11-07
2016-12-30,dev,ret_12m,all,395,0.08522388960607814,16311,2016-12-06
2016-12-30,dev,ret_12m,short,176,0.22690732995817744,16311,2016-12-06
2016-12-30,dev,ret_12m,full,219,0.022547328252996223,16311,2016-12-06
2016-12-30,dev,ret_12m,under12,0,,16311,2016-12-06
2016-12-30,dev,sharpe_12m,all,409,0.059163617740017466,16311,2016-12-06
2016-12-30,dev,sharpe_12m,short,189,0.17179651255799072,16311,2016-12-06
2016-12-30,dev,sharpe_12m,full,220,-0.0213103576520176,16311,2016-12-06
2016-12-30,dev,sharpe_12m,under12,0,,16311,2016-12-06
2017-01-26,dev,ret_12m,all,405,0.12377429861212724,16659,2017-01-04
2017-01-26,dev,ret_12m,short,186,0.17886884642102857,16659,2017-01-04
2017-01-26,dev,ret_12m,full,219,0.08116923920618782,16659,2017-01-04
2017-01-26,dev,ret_12m,under12,0,,16659,2017-01-04
2017-01-26,dev,sharpe_12m,all,423,0.11837195261551378,16659,2017-01-04
2017-01-26,dev,sharpe_12m,short,203,0.19899096545412295,16659,2017-01-04
2017-01-26,dev,sharpe_12m,full,220,0.08084952919763556,16659,2017-01-04
2017-01-26,dev,sharpe_12m,under12,0,,16659,2017-01-04
2017-02-28,dev,ret_12m,all,419,0.10858976471336729,17022,2017-02-09
2017-02-28,dev,ret_12m,short,198,0.17482041804160006,17022,2017-02-09
2017-02-28,dev,ret_12m,full,221,0.0600097835391953,17022,2017-02-09
2017-02-28,dev,ret_12m,under12,0,,17022,2017-02-09
2017-02-28,dev,sharpe_12m,all,430,0.10993453748539272,17022,2017-02-09
2017-02-28,dev,sharpe_12m,short,208,0.2021331071674321,17022,2017-02-09
2017-02-28,dev,sharpe_12m,full,222,0.05829486731623371,17022,2017-02-09
2017-02-28,dev,sharpe_12m,under12,0,,17022,2017-02-09
2017-03-31,dev,ret_12m,all,428,0.1827977446178764,17396,2017-03-14
2017-03-31,dev,ret_12m,short,201,0.20556228757204079,17396,2017-03-14
2017-03-31,dev,ret_12m,full,227,0.14409615712119567,17396,2017-03-14
2017-03-31,dev,ret_12m,under12,0,,17396,2017-03-14
2017-03-31,dev,sharpe_12m,all,434,0.17798602428226823,17396,2017-03-14
2017-03-31,dev,sharpe_12m,short,206,0.2136272380030681,17396,2017-03-14
2017-03-31,dev,sharpe_12m,full,228,0.1608238320827558,17396,2017-03-14
2017-03-31,dev,sharpe_12m,under12,0,,17396,2017-03-14
2017-04-28,dev,ret_12m,all,430,0.20818951188562151,17778,2017-04-13
2017-04-28,dev,ret_12m,short,199,0.23148012791228875,17778,2017-04-13
2017-04-28,dev,ret_12m,full,231,0.1960250394283378,17778,2017-04-13
2017-04-28,dev,ret_12m,under12,0,,17778,2017-04-13
2017-04-28,dev,sharpe_12m,all,443,0.20592721256643715,17778,2017-04-13
2017-04-28,dev,sharpe_12m,short,211,0.2138002835937201,17778,2017-04-13
2017-04-28,dev,sharpe_12m,full,232,0.22801558364678087,17778,2017-04-13
2017-04-28,dev,sharpe_12m,under12,0,,17778,2017-04-13
2017-05-31,dev,ret_12m,all,438,0.24939507112658257,18165,2017-05-08
2017-05-31,dev,ret_12m,short,201,0.26753066351411264,18165,2017-05-08
2017-05-31,dev,ret_12m,full,237,0.20130206126647182,18165,2017-05-08
2017-05-31,dev,ret_12m,under12,0,,18165,2017-05-08
2017-05-31,dev,sharpe_12m,all,451,0.23145785504516345,18165,2017-05-08
2017-05-31,dev,sharpe_12m,short,213,0.25109713119130933,18165,2017-05-08
2017-05-31,dev,sharpe_12m,full,238,0.22035446242476653,18165,2017-05-08
2017-05-31,dev,sharpe_12m,under12,0,,18165,2017-05-08
2017-06-30,dev,ret_12m,all,447,0.3759105385465348,18563,2017-06-09
2017-06-30,dev,ret_12m,short,208,0.4033634176654771,18563,2017-06-09
2017-06-30,dev,ret_12m,full,239,0.34484371154319465,18563,2017-06-09
2017-06-30,dev,ret_12m,under12,0,,18563,2017-06-09
2017-06-30,dev,sharpe_12m,all,461,0.29819666328201655,18563,2017-06-09
2017-06-30,dev,sharpe_12m,short,221,0.3023914082737612,18563,2017-06-09
2017-06-30,dev,sharpe_12m,full,240,0.32354294345387935,18563,2017-06-09
2017-06-30,dev,sharpe_12m,under12,0,,18563,2017-06-09
2017-07-31,dev,ret_12m,all,455,0.38976630834966103,18972,2017-07-11
2017-07-31,dev,ret_12m,short,212,0.3903749781169355,18972,2017-07-11
2017-07-31,dev,ret_12m,full,243,0.4001231055379093,18972,2017-07-11
2017-07-31,dev,ret_12m,under12,0,,18972,2017-07-11
2017-07-31,dev,sharpe_12m,all,471,0.37394817174712486,18972,2017-07-11
2017-07-31,dev,sharpe_12m,short,227,0.3664677072197863,18972,2017-07-11
2017-07-31,dev,sharpe_12m,full,244,0.4132527084908037,18972,2017-07-11
2017-07-31,dev,sharpe_12m,under12,0,,18972,2017-07-11
2017-08-31,dev,ret_12m,all,471,0.4096928755676324,19395,2017-08-04
2017-08-31,dev,ret_12m,short,226,0.4123831429573896,19395,2017-08-04
2017-08-31,dev,ret_12m,full,245,0.39971358395417356,19395,2017-08-04
2017-08-31,dev,ret_12m,under12,0,,19395,2017-08-04
2017-08-31,dev,sharpe_12m,all,478,0.36647739024997633,19395,2017-08-04
2017-08-31,dev,sharpe_12m,short,232,0.3336732085437132,19395,2017-08-04
2017-08-31,dev,sharpe_12m,full,246,0.40472892227889473,19395,2017-08-04
2017-08-31,dev,sharpe_12m,under12,0,,19395,2017-08-04
2017-09-29,dev,ret_12m,all,476,0.27866236067416045,19825,2017-08-30
2017-09-29,dev,ret_12m,short,222,0.2523807617450456,19825,2017-08-30
2017-09-29,dev,ret_12m,full,254,0.31738489675537823,19825,2017-08-30
2017-09-29,dev,ret_12m,under12,0,,19825,2017-08-30
2017-09-29,dev,sharpe_12m,all,486,0.33734079839345965,19825,2017-08-30
2017-09-29,dev,sharpe_12m,short,231,0.3295138145213108,19825,2017-08-30
2017-09-29,dev,sharpe_12m,full,255,0.35397608846688283,19825,2017-08-30
2017-09-29,dev,sharpe_12m,under12,0,,19825,2017-08-30
2017-10-31,dev,ret_12m,all,484,0.10170681769231134,20259,2017-10-09
2017-10-31,dev,ret_12m,short,227,0.055950419497341856,20259,2017-10-09
2017-10-31,dev,ret_12m,full,257,0.15545326780381863,20259,2017-10-09
2017-10-31,dev,ret_12m,under12,0,,20259,2017-10-09
2017-10-31,dev,sharpe_12m,all,489,0.18467704692256068,20259,2017-10-09
2017-10-31,dev,sharpe_12m,short,232,0.15237781310002704,20259,2017-10-09
2017-10-31,dev,sharpe_12m,full,257,0.20514828974753416,20259,2017-10-09
2017-10-31,dev,sharpe_12m,under12,0,,20259,2017-10-09
2017-11-30,dev,ret_12m,all,492,0.1416880689092932,20702,2017-11-02
2017-11-30,dev,ret_12m,short,229,0.07141686568804774,20702,2017-11-02
2017-11-30,dev,ret_12m,full,263,0.19935194982360682,20702,2017-11-02
2017-11-30,dev,ret_12m,under12,0,,20702,2017-11-02
2017-11-30,dev,sharpe_12m,all,500,0.1790574202296809,20702,2017-11-02
2017-11-30,dev,sharpe_12m,short,237,0.15232241791803613,20702,2017-11-02
2017-11-30,dev,sharpe_12m,full,263,0.20076098400192086,20702,2017-11-02
2017-11-30,dev,sharpe_12m,under12,0,,20702,2017-11-02
2017-12-29,dev,ret_12m,all,503,-0.056447409264768066,21153,2017-11-30
2017-12-29,dev,ret_12m,short,233,-0.11586085465025824,21153,2017-11-30
2017-12-29,dev,ret_12m,full,270,0.05841232390019066,21153,2017-11-30
2017-12-29,dev,ret_12m,under12,0,,21153,2017-11-30
2017-12-29,dev,sharpe_12m,all,516,0.18849040066067105,21153,2017-11-30
2017-12-29,dev,sharpe_12m,short,246,0.19426548144684946,21153,2017-11-30
2017-12-29,dev,sharpe_12m,full,270,0.1505403975972845,21153,2017-11-30
2017-12-29,dev,sharpe_12m,under12,0,,21153,2017-11-30
2018-01-31,dev,ret_12m,all,521,-0.2959653017135312,21614,2018-01-02
2018-01-31,dev,ret_12m,short,248,-0.291442903650648,21614,2018-01-02
2018-01-31,dev,ret_12m,full,273,-0.24234921368884443,21614,2018-01-02
2018-01-31,dev,ret_12m,under12,0,,21614,2018-01-02
2018-01-31,dev,sharpe_12m,all,529,0.035364226492913584,21614,2018-01-02
2018-01-31,dev,sharpe_12m,short,256,0.13668316548409246,21614,2018-01-02
2018-01-31,dev,sharpe_12m,full,273,-0.117504329075819,21614,2018-01-02
2018-01-31,dev,sharpe_12m,under12,0,,21614,2018-01-02
2018-02-28,dev,ret_12m,all,526,-0.12009573214788184,22085,2018-01-31
2018-02-28,dev,ret_12m,short,246,-0.09982245885418449,22085,2018-01-31
2018-02-28,dev,ret_12m,full,280,-0.07707878927027131,22085,2018-01-31
2018-02-28,dev,ret_12m,under12,0,,22085,2018-01-31
2018-02-28,dev,sharpe_12m,all,533,0.17075754292872178,22085,2018-01-31
2018-02-28,dev,sharpe_12m,short,253,0.2740499828825745,22085,2018-01-31
2018-02-28,dev,sharpe_12m,full,280,0.028409072273152175,22085,2018-01-31
2018-02-28,dev,sharpe_12m,under12,0,,22085,2018-01-31
2018-03-30,dev,ret_12m,all,532,0.039360135148826525,22563,2018-03-12
2018-03-30,dev,ret_12m,short,242,0.0333300804960803,22563,2018-03-12
2018-03-30,dev,ret_12m,full,290,0.06815292813765057,22563,2018-03-12
2018-03-30,dev,ret_12m,under12,0,,22563,2018-03-12
2018-03-30,dev,sharpe_12m,all,541,0.2960121662845551,22563,2018-03-12
2018-03-30,dev,sharpe_12m,short,251,0.40764947972861293,22563,2018-03-12
2018-03-30,dev,sharpe_12m,full,290,0.16926331897013,22563,2018-03-12
2018-03-30,dev,sharpe_12m,under12,0,,22563,2018-03-12
2018-04-27,dev,ret_12m,all,539,0.11233126347305847,23049,2018-04-12
2018-04-27,dev,ret_12m,short,234,0.1372664713912089,23049,2018-04-12
2018-04-27,dev,ret_12m,full,305,0.10097193320814088,23049,2018-04-12
2018-04-27,dev,ret_12m,under12,0,,23049,2018-04-12
2018-04-27,dev,sharpe_12m,all,545,0.3173469811354323,23049,2018-04-12
2018-04-27,dev,sharpe_12m,short,240,0.4191826246983454,23049,2018-04-12
2018-04-27,dev,sharpe_12m,full,305,0.20073846622341776,23049,2018-04-12
2018-04-27,dev,sharpe_12m,under12,0,,23049,2018-04-12
2018-05-31,dev,ret_12m,all,543,-0.16693159700527785,23538,2018-05-09
2018-05-31,dev,ret_12m,short,209,-0.085199011514801,23538,2018-05-09
2018-05-31,dev,ret_12m,full,334,-0.19338636160514794,23538,2018-05-09
2018-05-31,dev,ret_12m,under12,0,,23538,2018-05-09
2018-05-31,dev,sharpe_12m,all,551,0.19078233610467493,23538,2018-05-09
2018-05-31,dev,sharpe_12m,short,216,0.3588147036759189,23538,2018-05-09
2018-05-31,dev,sharpe_12m,full,335,0.025676365818469674,23538,2018-05-09
2018-05-31,dev,sharpe_12m,under12,0,,23538,2018-05-09
2018-06-29,dev,ret_12m,all,550,0.02346897615589413,24038,2018-06-08
2018-06-29,dev,ret_12m,short,184,0.1305137639421317,24038,2018-06-08
2018-06-29,dev,ret_12m,full,366,-0.05843594405021015,24038,2018-06-08
2018-06-29,dev,ret_12m,under12,0,,24038,2018-06-08
2018-06-29,dev,sharpe_12m,all,556,0.1191858275231433,24038,2018-06-08
2018-06-29,dev,sharpe_12m,short,189,0.2996996036189766,24038,2018-06-08
2018-06-29,dev,sharpe_12m,full,367,-0.014085231918368774,24038,2018-06-08
2018-06-29,dev,sharpe_12m,under12,0,,24038,2018-06-08
2018-07-31,dev,ret_12m,all,556,0.24797254534671065,24554,2018-07-10
2018-07-31,dev,ret_12m,short,182,0.364691643833026,24554,2018-07-10
2018-07-31,dev,ret_12m,full,374,0.16159848604321084,24554,2018-07-10
2018-07-31,dev,ret_12m,under12,0,,24554,2018-07-10
2018-07-31,dev,sharpe_12m,all,561,0.25495474799431256,24554,2018-07-10
2018-07-31,dev,sharpe_12m,short,187,0.421149604160626,24554,2018-07-10
2018-07-31,dev,sharpe_12m,full,374,0.1416213674355923,24554,2018-07-10
2018-07-31,dev,sharpe_12m,under12,0,,24554,2018-07-10
2018-08-31,dev,ret_12m,all,566,-0.11306768611875088,25083,2018-08-09
2018-08-31,dev,ret_12m,short,185,-0.10555892498388991,25083,2018-08-09
2018-08-31,dev,ret_12m,full,381,-0.07812525087712065,25083,2018-08-09
2018-08-31,dev,ret_12m,under12,0,,25083,2018-08-09
2018-08-31,dev,sharpe_12m,all,571,-0.09326114939535529,25083,2018-08-09
2018-08-31,dev,sharpe_12m,short,190,-0.09733146128847424,25083,2018-08-09
2018-08-31,dev,sharpe_12m,full,381,-0.07188006500565218,25083,2018-08-09
2018-08-31,dev,sharpe_12m,under12,0,,25083,2018-08-09
2018-09-28,dev,ret_12m,all,572,-0.2619577816302585,25616,2018-08-30
2018-09-28,dev,ret_12m,short,185,-0.3343428982980176,25616,2018-08-30
2018-09-28,dev,ret_12m,full,387,-0.1784951940137697,25616,2018-08-30
2018-09-28,dev,ret_12m,under12,0,,25616,2018-08-30
2018-09-28,dev,sharpe_12m,all,577,-0.17617211784295733,25616,2018-08-30
2018-09-28,dev,sharpe_12m,short,190,-0.2043949314822834,25616,2018-08-30
2018-09-28,dev,sharpe_12m,full,387,-0.13071876750769873,25616,2018-08-30
2018-09-28,dev,sharpe_12m,under12,0,,25616,2018-08-30
2018-10-31,dev,ret_12m,all,578,-0.40532951711318493,26157,2018-10-09
2018-10-31,dev,ret_12m,short,185,-0.5237708957204048,26157,2018-10-09
2018-10-31,dev,ret_12m,full,393,-0.2866080868740723,26157,2018-10-09
2018-10-31,dev,ret_12m,under12,0,,26157,2018-10-09
2018-10-31,dev,sharpe_12m,all,582,-0.1816601014535172,26157,2018-10-09
2018-10-31,dev,sharpe_12m,short,189,-0.2947297321317478,26157,2018-10-09
2018-10-31,dev,sharpe_12m,full,393,-0.06170984300257089,26157,2018-10-09
2018-10-31,dev,sharpe_12m,under12,0,,26157,2018-10-09
2018-11-30,dev,ret_12m,all,582,-0.34490935649118276,26702,2018-11-02
2018-11-30,dev,ret_12m,short,178,-0.41800072133107924,26702,2018-11-02
2018-11-30,dev,ret_12m,full,404,-0.26750034804969325,26702,2018-11-02
2018-11-30,dev,ret_12m,under12,0,,26702,2018-11-02
2018-11-30,dev,sharpe_12m,all,590,-0.152194519650744,26702,2018-11-02
2018-11-30,dev,sharpe_12m,short,186,-0.20145462005044548,26702,2018-11-02
2018-11-30,dev,sharpe_12m,full,404,-0.08352391897585126,26702,2018-11-02
2018-11-30,dev,sharpe_12m,under12,0,,26702,2018-11-02
2018-12-28,dev,ret_12m,all,592,-0.4335427589958025,27253,2018-12-04
2018-12-28,dev,ret_12m,short,176,-0.583731014747964,27253,2018-12-04
2018-12-28,dev,ret_12m,full,416,-0.32336195918149635,27253,2018-12-04
2018-12-28,dev,ret_12m,under12,0,,27253,2018-12-04
2018-12-28,dev,sharpe_12m,all,597,-0.2050768957393432,27253,2018-12-04
2018-12-28,dev,sharpe_12m,short,181,-0.33393843725335437,27253,2018-12-04
2018-12-28,dev,sharpe_12m,full,416,-0.1037888132496783,27253,2018-12-04
2018-12-28,dev,sharpe_12m,under12,0,,27253,2018-12-04
2019-01-31,dev,ret_12m,all,601,-0.34562174891238856,27809,2019-01-03
2019-01-31,dev,ret_12m,short,175,-0.46241603224361844,27809,2019-01-03
2019-01-31,dev,ret_12m,full,426,-0.25486108551016806,27809,2019-01-03
2019-01-31,dev,ret_12m,under12,0,,27809,2019-01-03
2019-01-31,dev,sharpe_12m,all,604,-0.08590722821102233,27809,2019-01-03
2019-01-31,dev,sharpe_12m,short,178,-0.1937242068283881,27809,2019-01-03
2019-01-31,dev,sharpe_12m,full,426,-0.0023107983410898714,27809,2019-01-03
2019-01-31,dev,sharpe_12m,under12,0,,27809,2019-01-03
2019-02-28,dev,ret_12m,all,605,-0.014027098074045815,28370,2019-02-11
2019-02-28,dev,ret_12m,short,173,-0.05443121294575189,28370,2019-02-11
2019-02-28,dev,ret_12m,full,432,0.017141063355892182,28370,2019-02-11
2019-02-28,dev,ret_12m,under12,0,,28370,2019-02-11
2019-02-28,dev,sharpe_12m,all,617,0.05606868223522956,28370,2019-02-11
2019-02-28,dev,sharpe_12m,short,185,-0.00759258557295023,28370,2019-02-11
2019-02-28,dev,sharpe_12m,full,432,0.08946356534086422,28370,2019-02-11
2019-02-28,dev,sharpe_12m,under12,0,,28370,2019-02-11
2019-03-29,dev,ret_12m,all,623,0.1295553637085123,28941,2019-03-14
2019-03-29,dev,ret_12m,short,179,0.1546481702341347,28941,2019-03-14
2019-03-29,dev,ret_12m,full,444,0.12677442197314365,28941,2019-03-14
2019-03-29,dev,ret_12m,under12,0,,28941,2019-03-14
2019-03-29,dev,sharpe_12m,all,628,0.12600746289492487,28941,2019-03-14
2019-03-29,dev,sharpe_12m,short,184,0.13539519562327829,28941,2019-03-14
2019-03-29,dev,sharpe_12m,full,444,0.12884215470541716,28941,2019-03-14
2019-03-29,dev,sharpe_12m,under12,0,,28941,2019-03-14
2019-04-30,dev,ret_12m,all,631,-0.05002006058296054,29518,2019-04-11
2019-04-30,dev,ret_12m,short,180,-0.0016852371986789713,29518,2019-04-11
2019-04-30,dev,ret_12m,full,451,-0.06102087135111092,29518,2019-04-11
2019-04-30,dev,ret_12m,under12,0,,29518,2019-04-11
2019-04-30,dev,sharpe_12m,all,639,-0.07169059698747964,29518,2019-04-11
2019-04-30,dev,sharpe_12m,short,187,-0.12324423124213187,29518,2019-04-11
2019-04-30,dev,sharpe_12m,full,452,-0.04597856040925163,29518,2019-04-11
2019-04-30,dev,sharpe_12m,under12,0,,29518,2019-04-11
2019-05-31,dev,ret_12m,all,640,-0.24306271194509754,30100,2019-05-10
2019-05-31,dev,ret_12m,short,178,-0.29067195500936777,30100,2019-05-10
2019-05-31,dev,ret_12m,full,462,-0.2129091187762589,30100,2019-05-10
2019-05-31,dev,ret_12m,under12,0,,30100,2019-05-10
2019-05-31,dev,sharpe_12m,all,644,-0.13364368791705075,30100,2019-05-10
2019-05-31,dev,sharpe_12m,short,181,-0.23439985428935703,30100,2019-05-10
2019-05-31,dev,sharpe_12m,full,463,-0.08761264880889864,30100,2019-05-10
2019-05-31,dev,sharpe_12m,under12,0,,30100,2019-05-10
2019-06-28,dev,ret_12m,all,643,-0.14392196560049278,30690,2019-06-12
2019-06-28,dev,ret_12m,short,176,-0.18668060752806517,30690,2019-06-12
2019-06-28,dev,ret_12m,full,467,-0.12297269624653806,30690,2019-06-12
2019-06-28,dev,ret_12m,under12,0,,30690,2019-06-12
2019-06-28,dev,sharpe_12m,all,651,-0.1642932171726947,30690,2019-06-12
2019-06-28,dev,sharpe_12m,short,182,-0.29717307418602595,30690,2019-06-12
2019-06-28,dev,sharpe_12m,full,469,-0.10335963390901469,30690,2019-06-12
2019-06-28,dev,sharpe_12m,under12,0,,30690,2019-06-12
2019-07-31,dev,ret_12m,all,650,-0.13785359528388508,31287,2019-07-10
2019-07-31,dev,ret_12m,short,178,-0.11122223061529114,31287,2019-07-10
2019-07-31,dev,ret_12m,full,472,-0.1423714206352811,31287,2019-07-10
2019-07-31,dev,ret_12m,under12,0,,31287,2019-07-10
2019-07-31,dev,sharpe_12m,all,655,-0.2831221100746619,31287,2019-07-10
2019-07-31,dev,sharpe_12m,short,181,-0.36474409568332217,31287,2019-07-10
2019-07-31,dev,sharpe_12m,full,474,-0.2452391288119408,31287,2019-07-10
2019-07-31,dev,sharpe_12m,under12,0,,31287,2019-07-10
2019-08-30,dev,ret_12m,all,654,0.23705030797859375,31891,2019-08-09
2019-08-30,dev,ret_12m,short,169,0.23761622992392226,31891,2019-08-09
2019-08-30,dev,ret_12m,full,485,0.23064772477456014,31891,2019-08-09
2019-08-30,dev,ret_12m,under12,0,,31891,2019-08-09
2019-08-30,dev,sharpe_12m,all,660,-0.14228161054714836,31891,2019-08-09
2019-08-30,dev,sharpe_12m,short,173,-0.24651533622891478,31891,2019-08-09
2019-08-30,dev,sharpe_12m,full,487,-0.09343341782104812,31891,2019-08-09
2019-08-30,dev,sharpe_12m,under12,0,,31891,2019-08-09
2019-09-30,dev,ret_12m,all,658,0.43836351459783085,32508,2019-08-30
2019-09-30,dev,ret_12m,short,161,0.4305411778237866,32508,2019-08-30
2019-09-30,dev,ret_12m,full,497,0.4403204106097917,32508,2019-08-30
2019-09-30,dev,ret_12m,under12,0,,32508,2019-08-30
2019-09-30,dev,sharpe_12m,all,664,0.08661491814910442,32508,2019-08-30
2019-09-30,dev,sharpe_12m,short,165,-0.025205032992279542,32508,2019-08-30
2019-09-30,dev,sharpe_12m,full,499,0.12904662336721634,32508,2019-08-30
2019-09-30,dev,sharpe_12m,under12,0,,32508,2019-08-30
2019-10-31,dev,ret_12m,all,663,0.5415430501654195,33136,2019-10-08
2019-10-31,dev,ret_12m,short,163,0.564799574376112,33136,2019-10-08
2019-10-31,dev,ret_12m,full,500,0.5326427705710823,33136,2019-10-08
2019-10-31,dev,ret_12m,under12,0,,33136,2019-10-08
2019-10-31,dev,sharpe_12m,all,671,0.11890397649817763,33136,2019-10-08
2019-10-31,dev,sharpe_12m,short,170,0.04072153931644287,33136,2019-10-08
2019-10-31,dev,sharpe_12m,full,501,0.15012906458000333,33136,2019-10-08
2019-10-31,dev,sharpe_12m,under12,0,,33136,2019-10-08
2019-11-29,dev,ret_12m,all,669,0.56983953250049,33775,2019-11-06
2019-11-29,dev,ret_12m,short,159,0.5897271315978029,33775,2019-11-06
2019-11-29,dev,ret_12m,full,510,0.5612394647015628,33775,2019-11-06
2019-11-29,dev,ret_12m,under12,0,,33775,2019-11-06
2019-11-29,dev,sharpe_12m,all,676,0.0765023399633103,33775,2019-11-06
2019-11-29,dev,sharpe_12m,short,165,0.0331659231159672,33775,2019-11-06
2019-11-29,dev,sharpe_12m,full,511,0.09154627604466442,33775,2019-11-06
2019-11-29,dev,sharpe_12m,under12,0,,33775,2019-11-06
2019-12-31,dev,ret_12m,all,674,0.6357136187426177,34419,2019-12-04
2019-12-31,dev,ret_12m,short,145,0.6329554400881751,34419,2019-12-04
2019-12-31,dev,ret_12m,full,529,0.6359243629359904,34419,2019-12-04
2019-12-31,dev,ret_12m,under12,0,,34419,2019-12-04
2019-12-31,dev,sharpe_12m,all,679,0.030866655575650565,34419,2019-12-04
2019-12-31,dev,sharpe_12m,short,149,0.04885543261382187,34419,2019-12-04
2019-12-31,dev,sharpe_12m,full,530,0.02669591776323015,34419,2019-12-04
2019-12-31,dev,sharpe_12m,under12,0,,34419,2019-12-04
2020-01-23,dev,ret_12m,all,677,0.6457190991586219,35070,2019-12-31
2020-01-23,dev,ret_12m,short,145,0.6162927098094787,35070,2019-12-31
2020-01-23,dev,ret_12m,full,532,0.6530294477249504,35070,2019-12-31
2020-01-23,dev,ret_12m,under12,0,,35070,2019-12-31
2020-01-23,dev,sharpe_12m,all,682,0.22206554349893748,35070,2019-12-31
2020-01-23,dev,sharpe_12m,short,149,0.1749718846363142,35070,2019-12-31
2020-01-23,dev,sharpe_12m,full,533,0.2358036880256378,35070,2019-12-31
2020-01-23,dev,sharpe_12m,under12,0,,35070,2019-12-31
2020-02-28,dev,ret_12m,all,681,0.4398610020829549,35725,2020-02-11
2020-02-28,dev,ret_12m,short,142,0.39528197304643214,35725,2020-02-11
2020-02-28,dev,ret_12m,full,539,0.4526257951642975,35725,2020-02-11
2020-02-28,dev,ret_12m,under12,0,,35725,2020-02-11
2020-02-28,dev,sharpe_12m,all,691,0.06692905481709512,35725,2020-02-11
2020-02-28,dev,sharpe_12m,short,151,0.03567445102823283,35725,2020-02-11
2020-02-28,dev,sharpe_12m,full,540,0.07769612073810649,35725,2020-02-11
2020-02-28,dev,sharpe_12m,under12,0,,35725,2020-02-11
2020-03-31,dev,ret_12m,all,686,0.3570814591551908,36385,2020-03-12
2020-03-31,dev,ret_12m,short,142,0.34074615824690746,36385,2020-03-12
2020-03-31,dev,ret_12m,full,544,0.3633512774565956,36385,2020-03-12
2020-03-31,dev,ret_12m,under12,0,,36385,2020-03-12
2020-03-31,dev,sharpe_12m,all,698,0.023402028891341853,36385,2020-03-12
2020-03-31,dev,sharpe_12m,short,153,0.009368340637690483,36385,2020-03-12
2020-03-31,dev,sharpe_12m,full,545,0.023196865196325533,36385,2020-03-12
2020-03-31,dev,sharpe_12m,under12,0,,36385,2020-03-12
2020-04-30,dev,ret_12m,all,694,0.3594954793304471,37049,2020-04-10
2020-04-30,dev,ret_12m,short,148,0.3912570288409215,37049,2020-04-10
2020-04-30,dev,ret_12m,full,546,0.34773803088379673,37049,2020-04-10
2020-04-30,dev,ret_12m,under12,0,,37049,2020-04-10
2020-04-30,dev,sharpe_12m,all,707,-0.03756575096424788,37049,2020-04-10
2020-04-30,dev,sharpe_12m,short,158,0.053539998691734654,37049,2020-04-10
2020-04-30,dev,sharpe_12m,full,549,-0.06922427578404605,37049,2020-04-10
2020-04-30,dev,sharpe_12m,under12,0,,37049,2020-04-10
2020-05-29,dev,ret_12m,all,701,0.2940842229572615,37720,2020-05-11
2020-05-29,dev,ret_12m,short,149,0.2970542354434972,37720,2020-05-11
2020-05-29,dev,ret_12m,full,552,0.2981646846701328,37720,2020-05-11
2020-05-29,dev,ret_12m,under12,0,,37720,2020-05-11
2020-05-29,dev,sharpe_12m,all,716,-0.16470003431037536,37720,2020-05-11
2020-05-29,dev,sharpe_12m,short,160,-0.101628969881636,37720,2020-05-11
2020-05-29,dev,sharpe_12m,full,556,-0.18774210191747615,37720,2020-05-11
2020-05-29,dev,sharpe_12m,under12,0,,37720,2020-05-11
2020-06-30,dev,ret_12m,all,706,0.2586878061476898,38396,2020-06-09
2020-06-30,dev,ret_12m,short,143,0.18879066942447223,38396,2020-06-09
2020-06-30,dev,ret_12m,full,563,0.2762249579418633,38396,2020-06-09
2020-06-30,dev,ret_12m,under12,0,,38396,2020-06-09
2020-06-30,dev,sharpe_12m,all,725,-0.057175880805316714,38396,2020-06-09
2020-06-30,dev,sharpe_12m,short,158,-0.014106447162053002,38396,2020-06-09
2020-06-30,dev,sharpe_12m,full,567,-0.07135220694669259,38396,2020-06-09
2020-06-30,dev,sharpe_12m,under12,0,,38396,2020-06-09
2020-07-31,dev,ret_12m,all,718,0.28700475348730015,39075,2020-07-13
2020-07-31,dev,ret_12m,short,149,0.24158171594413208,39075,2020-07-13
2020-07-31,dev,ret_12m,full,569,0.29258364915233703,39075,2020-07-13
2020-07-31,dev,ret_12m,under12,0,,39075,2020-07-13
2020-07-31,dev,sharpe_12m,all,735,0.028131822566723644,39075,2020-07-13
2020-07-31,dev,sharpe_12m,short,162,0.05618570595897883,39075,2020-07-13
2020-07-31,dev,sharpe_12m,full,573,0.013657202202726402,39075,2020-07-13
2020-07-31,dev,sharpe_12m,under12,0,,39075,2020-07-13
2020-08-31,dev,ret_12m,all,726,0.007085149093919624,39757,2020-08-04
2020-08-31,dev,ret_12m,short,146,0.04312417456354294,39757,2020-08-04
2020-08-31,dev,ret_12m,full,580,-0.01884879931682113,39757,2020-08-04
2020-08-31,dev,ret_12m,under12,0,,39757,2020-08-04
2020-08-31,dev,sharpe_12m,all,738,-0.000643443786978892,39757,2020-08-04
2020-08-31,dev,sharpe_12m,short,153,-0.06854368541675043,39757,2020-08-04
2020-08-31,dev,sharpe_12m,full,585,0.009423967028343111,39757,2020-08-04
2020-08-31,dev,sharpe_12m,under12,0,,39757,2020-08-04
2020-09-30,dev,ret_12m,all,733,0.24964552915168134,40448,2020-09-01
2020-09-30,dev,ret_12m,short,143,0.1597146984470928,40448,2020-09-01
2020-09-30,dev,ret_12m,full,590,0.2602556227794343,40448,2020-09-01
2020-09-30,dev,ret_12m,under12,0,,40448,2020-09-01
2020-09-30,dev,sharpe_12m,all,747,0.13051981405572396,40448,2020-09-01
2020-09-30,dev,sharpe_12m,short,153,0.12236808599037702,40448,2020-09-01
2020-09-30,dev,sharpe_12m,full,594,0.13087048299824808,40448,2020-09-01
2020-09-30,dev,sharpe_12m,under12,0,,40448,2020-09-01
2020-10-30,dev,ret_12m,all,739,0.3331079817399498,41146,2020-10-09
2020-10-30,dev,ret_12m,short,148,0.29187782495548564,41146,2020-10-09
2020-10-30,dev,ret_12m,full,591,0.33464676282580436,41146,2020-10-09
2020-10-30,dev,ret_12m,under12,0,,41146,2020-10-09
2020-10-30,dev,sharpe_12m,all,749,0.12693904885658594,41146,2020-10-09
2020-10-30,dev,sharpe_12m,short,154,0.18919966813704955,41146,2020-10-09
2020-10-30,dev,sharpe_12m,full,595,0.11202020771700996,41146,2020-10-09
2020-10-30,dev,sharpe_12m,under12,0,,41146,2020-10-09
2020-11-30,dev,ret_12m,all,743,0.47562550298452605,41853,2020-11-09
2020-11-30,dev,ret_12m,short,144,0.5025922353508561,41853,2020-11-09
2020-11-30,dev,ret_12m,full,599,0.47087704702932975,41853,2020-11-09
2020-11-30,dev,ret_12m,under12,0,,41853,2020-11-09
2020-11-30,dev,sharpe_12m,all,753,0.010472698067147856,41853,2020-11-09
2020-11-30,dev,sharpe_12m,short,150,0.18621805413573936,41853,2020-11-09
2020-11-30,dev,sharpe_12m,full,603,-0.028013165126382345,41853,2020-11-09
2020-11-30,dev,sharpe_12m,under12,0,,41853,2020-11-09
2020-12-31,dev,ret_12m,all,748,0.34858338417820983,42569,2020-12-03
2020-12-31,dev,ret_12m,short,137,0.2872990833908936,42569,2020-12-03
2020-12-31,dev,ret_12m,full,611,0.3548757615788125,42569,2020-12-03
2020-12-31,dev,ret_12m,under12,0,,42569,2020-12-03
2020-12-31,dev,sharpe_12m,all,765,-0.04181263390213849,42569,2020-12-03
2020-12-31,dev,sharpe_12m,short,150,-0.030481354726876755,42569,2020-12-03
2020-12-31,dev,sharpe_12m,full,615,-0.047923130337526154,42569,2020-12-03
2020-12-31,dev,sharpe_12m,under12,0,,42569,2020-12-03
2021-01-29,dev,ret_12m,all,757,0.023424735831019484,43294,2020-12-31
2021-01-29,dev,ret_12m,short,138,-0.07836954809367358,43294,2020-12-31
2021-01-29,dev,ret_12m,full,619,0.037603764697310915,43294,2020-12-31
2021-01-29,dev,ret_12m,under12,0,,43294,2020-12-31
2021-01-29,dev,sharpe_12m,all,780,-0.22253910547316683,43294,2020-12-31
2021-01-29,dev,sharpe_12m,short,155,-0.27010731204279587,43294,2020-12-31
2021-01-29,dev,sharpe_12m,full,625,-0.2085564020643893,43294,2020-12-31
2021-01-29,dev,sharpe_12m,under12,0,,43294,2020-12-31
2021-02-26,dev,ret_12m,all,772,-0.07318507772229377,44029,2021-02-03
2021-02-26,dev,ret_12m,short,140,-0.10209704576764121,44029,2021-02-03
2021-02-26,dev,ret_12m,full,632,-0.07605898724099387,44029,2021-02-03
2021-02-26,dev,ret_12m,under12,0,,44029,2021-02-03
2021-02-26,dev,sharpe_12m,all,789,-0.3483975227390499,44029,2021-02-03
2021-02-26,dev,sharpe_12m,short,151,-0.29897176716626,44029,2021-02-03
2021-02-26,dev,sharpe_12m,full,638,-0.36373203798444903,44029,2021-02-03
2021-02-26,dev,sharpe_12m,under12,0,,44029,2021-02-03
2021-03-31,dev,ret_12m,all,779,-0.03409932926385039,44767,2021-03-11
2021-03-31,dev,ret_12m,short,140,-0.09409809538387529,44767,2021-03-11
2021-03-31,dev,ret_12m,full,639,-0.03077610122595552,44767,2021-03-11
2021-03-31,dev,ret_12m,under12,0,,44767,2021-03-11
2021-03-31,dev,sharpe_12m,all,801,-0.3226789066659194,44767,2021-03-11
2021-03-31,dev,sharpe_12m,short,155,-0.2862073410460508,44767,2021-03-11
2021-03-31,dev,sharpe_12m,full,646,-0.334043386385521,44767,2021-03-11
2021-03-31,dev,sharpe_12m,under12,0,,44767,2021-03-11
2021-04-30,dev,ret_12m,all,799,-0.030469760132496443,45514,2021-04-13
2021-04-30,dev,ret_12m,short,154,0.070060868922349,45514,2021-04-13
2021-04-30,dev,ret_12m,full,645,-0.06264021440623506,45514,2021-04-13
2021-04-30,dev,ret_12m,under12,0,,45514,2021-04-13
2021-04-30,dev,sharpe_12m,all,820,-0.1804427532302521,45514,2021-04-13
2021-04-30,dev,sharpe_12m,short,169,-0.007836507384018697,45514,2021-04-13
2021-04-30,dev,sharpe_12m,full,651,-0.22389080146056203,45514,2021-04-13
2021-04-30,dev,sharpe_12m,under12,0,,45514,2021-04-13
2021-05-31,dev,ret_12m,all,817,0.02590804212441606,46263,2021-05-10
2021-05-31,dev,ret_12m,short,165,0.1507119386637459,46263,2021-05-10
2021-05-31,dev,ret_12m,full,652,-0.006766559310512245,46263,2021-05-10
2021-05-31,dev,ret_12m,under12,0,,46263,2021-05-10
2021-05-31,dev,sharpe_12m,all,842,-0.09617114552942958,46263,2021-05-10
2021-05-31,dev,sharpe_12m,short,184,0.02945618462368284,46263,2021-05-10
2021-05-31,dev,sharpe_12m,full,658,-0.13061657198685073,46263,2021-05-10
2021-05-31,dev,sharpe_12m,under12,0,,46263,2021-05-10
2021-06-30,dev,ret_12m,all,835,0.0035835183098399943,47016,2021-06-08
2021-06-30,dev,ret_12m,short,179,0.11663214278241583,47016,2021-06-08
2021-06-30,dev,ret_12m,full,656,-0.02027478875646228,47016,2021-06-08
2021-06-30,dev,ret_12m,under12,0,,47016,2021-06-08
2021-06-30,dev,sharpe_12m,all,859,0.1572381891601103,47016,2021-06-08
2021-06-30,dev,sharpe_12m,short,196,0.2786730311023277,47016,2021-06-08
2021-06-30,dev,sharpe_12m,full,663,0.12046273980558121,47016,2021-06-08
2021-06-30,dev,sharpe_12m,under12,0,,47016,2021-06-08
2021-07-30,dev,ret_12m,all,855,-0.3246476079888706,47781,2021-07-12
2021-07-30,dev,ret_12m,short,189,-0.30014930944382234,47781,2021-07-12
2021-07-30,dev,ret_12m,full,666,-0.3326067305709064,47781,2021-07-12
2021-07-30,dev,ret_12m,under12,0,,47781,2021-07-12
2021-07-30,dev,sharpe_12m,all,872,0.10215438026420944,47781,2021-07-12
2021-07-30,dev,sharpe_12m,short,200,0.0750708767719193,47781,2021-07-12
2021-07-30,dev,sharpe_12m,full,672,0.10686043793246677,47781,2021-07-12
2021-07-30,dev,sharpe_12m,under12,0,,47781,2021-07-12
2021-08-31,dev,ret_12m,all,869,-0.38863451216276435,48561,2021-08-09
2021-08-31,dev,ret_12m,short,198,-0.36942982873141283,48561,2021-08-09
2021-08-31,dev,ret_12m,full,671,-0.4003793307255505,48561,2021-08-09
2021-08-31,dev,ret_12m,under12,0,,48561,2021-08-09
2021-08-31,dev,sharpe_12m,all,887,-0.004926776367018031,48561,2021-08-09
2021-08-31,dev,sharpe_12m,short,211,-0.03243571236954051,48561,2021-08-09
2021-08-31,dev,sharpe_12m,full,676,-0.0015978759212482653,48561,2021-08-09
2021-08-31,dev,sharpe_12m,under12,0,,48561,2021-08-09
2021-09-30,dev,ret_12m,all,883,-0.3208311985827522,49350,2021-08-30
2021-09-30,dev,ret_12m,short,202,-0.28633378005839694,49350,2021-08-30
2021-09-30,dev,ret_12m,full,681,-0.3284074095746014,49350,2021-08-30
2021-09-30,dev,ret_12m,under12,0,,49350,2021-08-30
2021-09-30,dev,sharpe_12m,all,906,0.13855478371906627,49350,2021-08-30
2021-09-30,dev,sharpe_12m,short,220,0.09232797822644721,49350,2021-08-30
2021-09-30,dev,sharpe_12m,full,686,0.15171335884349868,49350,2021-08-30
2021-09-30,dev,sharpe_12m,under12,0,,49350,2021-08-30
2021-10-29,dev,ret_12m,all,899,-0.35247394407545135,50151,2021-10-11
2021-10-29,dev,ret_12m,short,218,-0.3754610756317511,50151,2021-10-11
2021-10-29,dev,ret_12m,full,681,-0.34413508734200204,50151,2021-10-11
2021-10-29,dev,ret_12m,under12,0,,50151,2021-10-11
2021-10-29,dev,sharpe_12m,all,916,0.0314905422686611,50151,2021-10-11
2021-10-29,dev,sharpe_12m,short,230,-0.048308137656913046,50151,2021-10-11
2021-10-29,dev,sharpe_12m,full,686,0.05625763699617663,50151,2021-10-11
2021-10-29,dev,sharpe_12m,under12,0,,50151,2021-10-11
2021-11-30,dev,ret_12m,all,915,-0.4055964183273591,50971,2021-11-09
2021-11-30,dev,ret_12m,short,225,-0.4293457648546145,50971,2021-11-09
2021-11-30,dev,ret_12m,full,690,-0.3975553312486981,50971,2021-11-09
2021-11-30,dev,ret_12m,under12,0,,50971,2021-11-09
2021-11-30,dev,sharpe_12m,all,933,-0.004118368494106465,50971,2021-11-09
2021-11-30,dev,sharpe_12m,short,238,-0.09751700055055125,50971,2021-11-09
2021-11-30,dev,sharpe_12m,full,695,0.026729624945576676,50971,2021-11-09
2021-11-30,dev,sharpe_12m,under12,0,,50971,2021-11-09
2021-12-31,dev,ret_12m,all,932,-0.04386027415628522,51813,2021-12-03
2021-12-31,dev,ret_12m,short,237,0.015464456539964195,51813,2021-12-03
2021-12-31,dev,ret_12m,full,695,-0.06698597397546535,51813,2021-12-03
2021-12-31,dev,ret_12m,under12,0,,51813,2021-12-03
2021-12-31,dev,sharpe_12m,all,958,0.25610858955297167,51813,2021-12-03
2021-12-31,dev,sharpe_12m,short,258,0.26614862855927013,51813,2021-12-03
2021-12-31,dev,sharpe_12m,full,700,0.25131647790534845,51813,2021-12-03
2021-12-31,dev,sharpe_12m,under12,0,,51813,2021-12-03
2022-01-28,dev,ret_12m,all,954,0.34729918193695686,52672,2022-01-04
2022-01-28,dev,ret_12m,short,255,0.4596804075961093,52672,2022-01-04
2022-01-28,dev,ret_12m,full,699,0.3007264339384314,52672,2022-01-04
2022-01-28,dev,ret_12m,under12,0,,52672,2022-01-04
2022-01-28,dev,sharpe_12m,all,980,0.32041983570986465,52672,2022-01-04
2022-01-28,dev,sharpe_12m,short,276,0.40501248555243224,52672,2022-01-04
2022-01-28,dev,sharpe_12m,full,704,0.2790013303031221,52672,2022-01-04
2022-01-28,dev,sharpe_12m,under12,0,,52672,2022-01-04
2022-02-28,dev,ret_12m,all,974,0.2606161982434271,53544,2022-02-10
2022-02-28,dev,ret_12m,short,268,0.29776621258604014,53544,2022-02-10
2022-02-28,dev,ret_12m,full,706,0.2444743776064407,53544,2022-02-10
2022-02-28,dev,ret_12m,under12,0,,53544,2022-02-10
2022-02-28,dev,sharpe_12m,all,1000,0.2556588276588277,53544,2022-02-10
2022-02-28,dev,sharpe_12m,short,290,0.2448328755395427,53544,2022-02-10
2022-02-28,dev,sharpe_12m,full,710,0.2584513286835089,53544,2022-02-10
2022-02-28,dev,sharpe_12m,under12,0,,53544,2022-02-10
2022-03-31,dev,ret_12m,all,1007,0.2966806199263492,54431,2022-03-14
2022-03-31,dev,ret_12m,short,288,0.40011112048836756,54431,2022-03-14
2022-03-31,dev,ret_12m,full,719,0.25605391140847383,54431,2022-03-14
2022-03-31,dev,ret_12m,under12,0,,54431,2022-03-14
2022-03-31,dev,sharpe_12m,all,1031,0.2467287402774106,54431,2022-03-14
2022-03-31,dev,sharpe_12m,short,312,0.27643447950506495,54431,2022-03-14
2022-03-31,dev,sharpe_12m,full,719,0.23844895740111552,54431,2022-03-14
2022-03-31,dev,sharpe_12m,under12,0,,54431,2022-03-14
2022-04-29,dev,ret_12m,all,1035,0.1884408321966139,55337,2022-04-13
2022-04-29,dev,ret_12m,short,310,0.26926284688270063,55337,2022-04-13
2022-04-29,dev,ret_12m,full,725,0.14542201662969254,55337,2022-04-13
2022-04-29,dev,ret_12m,under12,0,,55337,2022-04-13
2022-04-29,dev,sharpe_12m,all,1053,0.24146554568052248,55337,2022-04-13
2022-04-29,dev,sharpe_12m,short,328,0.30571257177952005,55337,2022-04-13
2022-04-29,dev,sharpe_12m,full,725,0.20206946935189543,55337,2022-04-13
2022-04-29,dev,sharpe_12m,under12,0,,55337,2022-04-13
2022-05-31,dev,ret_12m,all,1053,0.29836163373800184,56253,2022-05-10
2022-05-31,dev,ret_12m,short,317,0.3614413397635312,56253,2022-05-10
2022-05-31,dev,ret_12m,full,736,0.2669953852581089,56253,2022-05-10
2022-05-31,dev,ret_12m,under12,0,,56253,2022-05-10
2022-05-31,dev,sharpe_12m,all,1076,0.2863644895080207,56253,2022-05-10
2022-05-31,dev,sharpe_12m,short,340,0.3189183908063524,56253,2022-05-10
2022-05-31,dev,sharpe_12m,full,736,0.2621497557786609,56253,2022-05-10
2022-05-31,dev,sharpe_12m,under12,0,,56253,2022-05-10
2022-06-30,dev,ret_12m,all,1082,0.15166269996452877,57186,2022-06-10
2022-06-30,dev,ret_12m,short,340,0.2124876919859372,57186,2022-06-10
2022-06-30,dev,ret_12m,full,742,0.1211747163610366,57186,2022-06-10
2022-06-30,dev,ret_12m,under12,0,,57186,2022-06-10
2022-06-30,dev,sharpe_12m,all,1102,0.1881826848747007,57186,2022-06-10
2022-06-30,dev,sharpe_12m,short,360,0.19585079102976619,57186,2022-06-10
2022-06-30,dev,sharpe_12m,full,742,0.18146882167512987,57186,2022-06-10
2022-06-30,dev,sharpe_12m,under12,0,,57186,2022-06-10
2022-07-29,dev,ret_12m,all,1106,0.08012121624166012,58144,2022-07-13
2022-07-29,dev,ret_12m,short,358,0.11047057437375599,58144,2022-07-13
2022-07-29,dev,ret_12m,full,748,0.061095025884364655,58144,2022-07-13
2022-07-29,dev,ret_12m,under12,0,,58144,2022-07-13
2022-07-29,dev,sharpe_12m,all,1116,-0.042533499114608686,58144,2022-07-13
2022-07-29,dev,sharpe_12m,short,368,-0.055366855350818645,58144,2022-07-13
2022-07-29,dev,sharpe_12m,full,748,-0.038734520125725404,58144,2022-07-13
2022-07-29,dev,sharpe_12m,under12,0,,58144,2022-07-13
2022-08-31,dev,ret_12m,all,1125,0.24604173119346662,59124,2022-08-09
2022-08-31,dev,ret_12m,short,370,0.2928055265837134,59124,2022-08-09
2022-08-31,dev,ret_12m,full,755,0.22176008761987295,59124,2022-08-09
2022-08-31,dev,ret_12m,under12,0,,59124,2022-08-09
2022-08-31,dev,sharpe_12m,all,1142,0.10487376586656375,59124,2022-08-09
2022-08-31,dev,sharpe_12m,short,387,0.15280274317818276,59124,2022-08-09
2022-08-31,dev,sharpe_12m,full,755,0.07950022878088646,59124,2022-08-09
2022-08-31,dev,sharpe_12m,under12,0,,59124,2022-08-09
2022-09-30,dev,ret_12m,all,1145,-0.004163540339493151,60124,2022-08-31
2022-09-30,dev,ret_12m,short,381,0.025293404182840328,60124,2022-08-31
2022-09-30,dev,ret_12m,full,764,-0.0185262519436902,60124,2022-08-31
2022-09-30,dev,ret_12m,under12,0,,60124,2022-08-31
2022-09-30,dev,sharpe_12m,all,1165,-0.05021739273972226,60124,2022-08-31
2022-09-30,dev,sharpe_12m,short,401,-0.0018922842148360447,60124,2022-08-31
2022-09-30,dev,sharpe_12m,full,764,-0.07866715157170992,60124,2022-08-31
2022-09-30,dev,sharpe_12m,under12,0,,60124,2022-08-31
2022-10-31,dev,ret_12m,all,1163,-0.03641272973725066,61155,2022-10-11
2022-10-31,dev,ret_12m,short,396,-0.05041512919585808,61155,2022-10-11
2022-10-31,dev,ret_12m,full,767,-0.03068948907445168,61155,2022-10-11
2022-10-31,dev,ret_12m,under12,0,,61155,2022-10-11
2022-10-31,dev,sharpe_12m,all,1180,-0.22778909040793283,61155,2022-10-11
2022-10-31,dev,sharpe_12m,short,413,-0.2090945699956153,61155,2022-10-11
2022-10-31,dev,sharpe_12m,full,767,-0.24098892786142476,61155,2022-10-11
2022-10-31,dev,sharpe_12m,under12,0,,61155,2022-10-11
2022-11-30,dev,ret_12m,all,1189,0.299535302563057,62208,2022-11-07
2022-11-30,dev,ret_12m,short,415,0.3503455292742878,62208,2022-11-07
2022-11-30,dev,ret_12m,full,774,0.2680114142377768,62208,2022-11-07
2022-11-30,dev,ret_12m,under12,0,,62208,2022-11-07
2022-11-30,dev,sharpe_12m,all,1212,0.0790735950682879,62208,2022-11-07
2022-11-30,dev,sharpe_12m,short,437,0.1156998328256944,62208,2022-11-07
2022-11-30,dev,sharpe_12m,full,775,0.05749452827124305,62208,2022-11-07
2022-11-30,dev,sharpe_12m,under12,0,,62208,2022-11-07
2022-12-30,dev,ret_12m,all,1218,0.23489769488233492,63284,2022-12-02
2022-12-30,dev,ret_12m,short,429,0.3283141548735985,63284,2022-12-02
2022-12-30,dev,ret_12m,full,789,0.1943278991876267,63284,2022-12-02
2022-12-30,dev,ret_12m,under12,0,,63284,2022-12-02
2022-12-30,dev,sharpe_12m,all,1239,0.0025134267173094146,63284,2022-12-02
2022-12-30,dev,sharpe_12m,short,447,0.005555534655551207,63284,2022-12-02
2022-12-30,dev,sharpe_12m,full,792,0.004172093683191898,63284,2022-12-02
2022-12-30,dev,sharpe_12m,under12,0,,63284,2022-12-02
2023-01-31,dev,ret_12m,all,1238,0.33558687443214563,64386,2023-01-03
2023-01-31,dev,ret_12m,short,436,0.45815643602631323,64386,2023-01-03
2023-01-31,dev,ret_12m,full,802,0.2730763052304128,64386,2023-01-03
2023-01-31,dev,ret_12m,under12,0,,64386,2023-01-03
2023-01-31,dev,sharpe_12m,all,1255,-0.012324954289446305,64386,2023-01-03
2023-01-31,dev,sharpe_12m,short,452,0.030317541111828564,64386,2023-01-03
2023-01-31,dev,sharpe_12m,full,803,-0.03558358893569222,64386,2023-01-03
2023-01-31,dev,sharpe_12m,under12,0,,64386,2023-01-03
2023-02-28,dev,ret_12m,all,1258,0.3060618426272673,65502,2023-02-08
2023-02-28,dev,ret_12m,short,448,0.42764708834162196,65502,2023-02-08
2023-02-28,dev,ret_12m,full,810,0.24043719011917414,65502,2023-02-08
2023-02-28,dev,ret_12m,under12,0,,65502,2023-02-08
2023-02-28,dev,sharpe_12m,all,1284,-0.0401872418403254,65502,2023-02-08
2023-02-28,dev,sharpe_12m,short,473,-0.020198303315759895,65502,2023-02-08
2023-02-28,dev,sharpe_12m,full,811,-0.05079756522419901,65502,2023-02-08
2023-02-28,dev,sharpe_12m,under12,0,,65502,2023-02-08
2023-03-31,dev,ret_12m,all,1294,0.36650737927521365,66644,2023-03-13
2023-03-31,dev,ret_12m,short,456,0.38447655074396986,66644,2023-03-13
2023-03-31,dev,ret_12m,full,838,0.3575048410256454,66644,2023-03-13
2023-03-31,dev,ret_12m,under12,0,,66644,2023-03-13
2023-03-31,dev,sharpe_12m,all,1307,0.24667189854910773,66644,2023-03-13
2023-03-31,dev,sharpe_12m,short,468,0.250281524115779,66644,2023-03-13
2023-03-31,dev,sharpe_12m,full,839,0.24823757602750665,66644,2023-03-13
2023-03-31,dev,sharpe_12m,under12,0,,66644,2023-03-13
2023-04-28,dev,ret_12m,all,1309,0.19706958527192273,67809,2023-04-12
2023-04-28,dev,ret_12m,short,461,0.22192873616998868,67809,2023-04-12
2023-04-28,dev,ret_12m,full,848,0.1903086730772213,67809,2023-04-12
2023-04-28,dev,ret_12m,under12,0,,67809,2023-04-12
2023-04-28,dev,sharpe_12m,all,1328,0.06261967140293778,67809,2023-04-12
2023-04-28,dev,sharpe_12m,short,479,0.053685982826844635,67809,2023-04-12
2023-04-28,dev,sharpe_12m,full,849,0.07508773133895201,67809,2023-04-12
2023-04-28,dev,sharpe_12m,under12,0,,67809,2023-04-12
2023-05-31,dev,ret_12m,all,1328,0.24649728176255417,68989,2023-05-09
2023-05-31,dev,ret_12m,short,460,0.2800231035858023,68989,2023-05-09
2023-05-31,dev,ret_12m,full,868,0.2366319748006504,68989,2023-05-09
2023-05-31,dev,ret_12m,under12,0,,68989,2023-05-09
2023-05-31,dev,sharpe_12m,all,1336,0.03862848873865724,68989,2023-05-09
2023-05-31,dev,sharpe_12m,short,467,-0.0036012808848275846,68989,2023-05-09
2023-05-31,dev,sharpe_12m,full,869,0.06632490445024765,68989,2023-05-09
2023-05-31,dev,sharpe_12m,under12,0,,68989,2023-05-09
2023-06-30,dev,ret_12m,all,1338,0.36295061018960456,70201,2023-06-08
2023-06-30,dev,ret_12m,short,455,0.41428596907381976,70201,2023-06-08
2023-06-30,dev,ret_12m,full,883,0.3354141029179334,70201,2023-06-08
2023-06-30,dev,ret_12m,under12,0,,70201,2023-06-08
2023-06-30,dev,sharpe_12m,all,1341,0.06184967499891395,70201,2023-06-08
2023-06-30,dev,sharpe_12m,short,457,0.030754644295659796,70201,2023-06-08
2023-06-30,dev,sharpe_12m,full,884,0.08165440085354181,70201,2023-06-08
2023-06-30,dev,sharpe_12m,under12,0,,70201,2023-06-08
2023-07-31,dev,ret_12m,all,1342,0.4807056217968593,71440,2023-07-12
2023-07-31,dev,ret_12m,short,443,0.5088499068714181,71440,2023-07-12
2023-07-31,dev,ret_12m,full,899,0.46380591154239675,71440,2023-07-12
2023-07-31,dev,ret_12m,under12,0,,71440,2023-07-12
2023-07-31,dev,sharpe_12m,all,1349,0.22401917919441616,71440,2023-07-12
2023-07-31,dev,sharpe_12m,short,448,0.20414840051504674,71440,2023-07-12
2023-07-31,dev,sharpe_12m,full,901,0.23490680060670038,71440,2023-07-12
2023-07-31,dev,sharpe_12m,under12,0,,71440,2023-07-12
2023-08-31,dev,ret_12m,all,1353,0.3870082212565467,72695,2023-08-03
2023-08-31,dev,ret_12m,short,431,0.4249674754342105,72695,2023-08-03
2023-08-31,dev,ret_12m,full,922,0.3695331773689788,72695,2023-08-03
2023-08-31,dev,ret_12m,under12,0,,72695,2023-08-03
2023-08-31,dev,sharpe_12m,all,1361,0.113493995448296,72695,2023-08-03
2023-08-31,dev,sharpe_12m,short,437,0.11333615552013124,72695,2023-08-03
2023-08-31,dev,sharpe_12m,full,924,0.11594800327194695,72695,2023-08-03
2023-08-31,dev,sharpe_12m,under12,0,,72695,2023-08-03
2023-09-28,dev,ret_12m,all,1362,0.3380420992699075,73979,2023-08-31
2023-09-28,dev,ret_12m,short,423,0.3753534842336043,73979,2023-08-31
2023-09-28,dev,ret_12m,full,939,0.32099553022925426,73979,2023-08-31
2023-09-28,dev,ret_12m,under12,0,,73979,2023-08-31
2023-09-28,dev,sharpe_12m,all,1372,0.018186948006474316,73979,2023-08-31
2023-09-28,dev,sharpe_12m,short,431,0.006843648267055163,73979,2023-08-31
2023-09-28,dev,sharpe_12m,full,941,0.029336663383565883,73979,2023-08-31
2023-09-28,dev,sharpe_12m,under12,0,,73979,2023-08-31
2023-10-31,dev,ret_12m,all,1376,0.23021082691944522,75286,2023-10-11
2023-10-31,dev,ret_12m,short,424,0.26799789044481703,75286,2023-10-11
2023-10-31,dev,ret_12m,full,952,0.21227197404262846,75286,2023-10-11
2023-10-31,dev,ret_12m,under12,0,,75286,2023-10-11
2023-10-31,dev,sharpe_12m,all,1388,0.04568896914772253,75286,2023-10-11
2023-10-31,dev,sharpe_12m,short,435,0.07132375130660688,75286,2023-10-11
2023-10-31,dev,sharpe_12m,full,953,0.03481487033428272,75286,2023-10-11
2023-10-31,dev,sharpe_12m,under12,0,,75286,2023-10-11
2023-11-30,dev,ret_12m,all,1387,0.3126893752193728,76614,2023-11-07
2023-11-30,dev,ret_12m,short,415,0.3681491853702435,76614,2023-11-07
2023-11-30,dev,ret_12m,full,972,0.29267392160846706,76614,2023-11-07
2023-11-30,dev,ret_12m,under12,0,,76614,2023-11-07
2023-11-30,dev,sharpe_12m,all,1400,0.0635511577884916,76614,2023-11-07
2023-11-30,dev,sharpe_12m,short,427,0.09880317603491333,76614,2023-11-07
2023-11-30,dev,sharpe_12m,full,973,0.05737672500114701,76614,2023-11-07
2023-11-30,dev,sharpe_12m,under12,0,,76614,2023-11-07
2023-12-29,dev,ret_12m,all,1405,0.2238623281889811,77950,2023-12-05
2023-12-29,dev,ret_12m,short,409,0.24910426452171897,77950,2023-12-05
2023-12-29,dev,ret_12m,full,996,0.21537767021473692,77950,2023-12-05
2023-12-29,dev,ret_12m,under12,0,,77950,2023-12-05
2023-12-29,dev,sharpe_12m,all,1417,0.07665052729986357,77950,2023-12-05
2023-12-29,dev,sharpe_12m,short,421,0.07656882973607991,77950,2023-12-05
2023-12-29,dev,sharpe_12m,full,996,0.08380366625091717,77950,2023-12-05
2023-12-29,dev,sharpe_12m,under12,0,,77950,2023-12-05
2024-01-31,dev,ret_12m,all,1420,0.004593830073411653,79291,2024-01-03
2024-01-31,dev,ret_12m,short,386,0.016673473933384766,79291,2024-01-03
2024-01-31,dev,ret_12m,full,1034,0.00028524668611784533,79291,2024-01-03
2024-01-31,dev,ret_12m,under12,0,,79291,2024-01-03
2024-01-31,dev,sharpe_12m,all,1425,0.13987038052290693,79291,2024-01-03
2024-01-31,dev,sharpe_12m,short,391,0.15547904780641356,79291,2024-01-03
2024-01-31,dev,sharpe_12m,full,1034,0.139251014831422,79291,2024-01-03
2024-01-31,dev,sharpe_12m,under12,0,,79291,2024-01-03
2024-02-29,dev,ret_12m,all,1425,0.5391018368841561,80640,2024-02-01
2024-02-29,dev,ret_12m,short,370,0.6076035538529786,80640,2024-02-01
2024-02-29,dev,ret_12m,full,1055,0.5188916251828245,80640,2024-02-01
2024-02-29,dev,ret_12m,under12,0,,80640,2024-02-01
2024-02-29,dev,sharpe_12m,all,1429,0.23533880189706968,80640,2024-02-01
2024-02-29,dev,sharpe_12m,short,373,0.2455626720116395,80640,2024-02-01
2024-02-29,dev,sharpe_12m,full,1056,0.241038967153182,80640,2024-02-01
2024-02-29,dev,sharpe_12m,under12,0,,80640,2024-02-01
2024-03-29,dev,ret_12m,all,1430,-0.07183256203154008,82001,2024-03-13
2024-03-29,dev,ret_12m,short,343,-0.011701358284177458,82001,2024-03-13
2024-03-29,dev,ret_12m,full,1087,-0.089469289687951,82001,2024-03-13
2024-03-29,dev,ret_12m,under12,0,,82001,2024-03-13
2024-03-29,dev,sharpe_12m,all,1434,0.08067272097379845,82001,2024-03-13
2024-03-29,dev,sharpe_12m,short,347,0.13866226587527478,82001,2024-03-13
2024-03-29,dev,sharpe_12m,full,1087,0.06478293151341871,82001,2024-03-13
2024-03-29,dev,sharpe_12m,under12,0,,82001,2024-03-13
2024-04-30,dev,ret_12m,all,1435,-0.3457408312168092,83373,2024-04-12
2024-04-30,dev,ret_12m,short,330,-0.28402147444379233,83373,2024-04-12
2024-04-30,dev,ret_12m,full,1105,-0.364502593298443,83373,2024-04-12
2024-04-30,dev,ret_12m,under12,0,,83373,2024-04-12
2024-04-30,dev,sharpe_12m,all,1443,-0.0654609486064721,83373,2024-04-12
2024-04-30,dev,sharpe_12m,short,337,0.018224300237539223,83373,2024-04-12
2024-04-30,dev,sharpe_12m,full,1106,-0.08910495397246938,83373,2024-04-12
2024-04-30,dev,sharpe_12m,under12,0,,83373,2024-04-12
2024-05-31,dev,ret_12m,all,1447,-0.35682265316469824,84761,2024-05-10
2024-05-31,dev,ret_12m,short,325,-0.3157806792162621,84761,2024-05-10
2024-05-31,dev,ret_12m,full,1122,-0.3704853476314741,84761,2024-05-10
2024-05-31,dev,ret_12m,under12,0,,84761,2024-05-10
2024-05-31,dev,sharpe_12m,all,1456,-0.1430951814638107,84761,2024-05-10
2024-05-31,dev,sharpe_12m,short,334,-0.11516893602870903,84761,2024-05-10
2024-05-31,dev,sharpe_12m,full,1122,-0.1524635660691663,84761,2024-05-10
2024-05-31,dev,sharpe_12m,under12,0,,84761,2024-05-10
2024-06-28,dev,ret_12m,all,1457,-0.2983177075966675,86161,2024-06-12
2024-06-28,dev,ret_12m,short,315,-0.22991019837750468,86161,2024-06-12
2024-06-28,dev,ret_12m,full,1142,-0.31878975411936716,86161,2024-06-12
2024-06-28,dev,ret_12m,under12,0,,86161,2024-06-12
2024-06-28,dev,sharpe_12m,all,1464,-0.12455394346662273,86161,2024-06-12
2024-06-28,dev,sharpe_12m,short,322,-0.0742532646840468,86161,2024-06-12
2024-06-28,dev,sharpe_12m,full,1142,-0.1403683190874872,86161,2024-06-12
2024-06-28,dev,sharpe_12m,under12,0,,86161,2024-06-12
2024-07-31,dev,ret_12m,all,1467,-0.4468681954369872,87578,2024-07-11
2024-07-31,dev,ret_12m,short,299,-0.4124082512177056,87578,2024-07-11
2024-07-31,dev,ret_12m,full,1168,-0.4565109966404781,87578,2024-07-11
2024-07-31,dev,ret_12m,under12,0,,87578,2024-07-11
2024-07-31,dev,sharpe_12m,all,1472,-0.1702999105526287,87578,2024-07-11
2024-07-31,dev,sharpe_12m,short,304,-0.1484102034017034,87578,2024-07-11
2024-07-31,dev,sharpe_12m,full,1168,-0.17581046359883376,87578,2024-07-11
2024-07-31,dev,sharpe_12m,under12,0,,87578,2024-07-11
2024-08-30,dev,ret_12m,all,1476,-0.5391749492400539,89003,2024-08-12
2024-08-30,dev,ret_12m,short,274,-0.4990078534604082,89003,2024-08-12
2024-08-30,dev,ret_12m,full,1202,-0.5496065205778338,89003,2024-08-12
2024-08-30,dev,ret_12m,under12,0,,89003,2024-08-12
2024-08-30,dev,sharpe_12m,all,1484,-0.15033298416293112,89003,2024-08-12
2024-08-30,dev,sharpe_12m,short,282,-0.12124981371641178,89003,2024-08-12
2024-08-30,dev,sharpe_12m,full,1202,-0.15842697727412597,89003,2024-08-12
2024-08-30,dev,sharpe_12m,under12,0,,89003,2024-08-12
2024-09-30,dev,ret_12m,all,1485,0.01275466480017129,90432,2024-09-02
2024-09-30,dev,ret_12m,short,253,0.03576208112325881,90432,2024-09-02
2024-09-30,dev,ret_12m,full,1232,0.006627120194215962,90432,2024-09-02
2024-09-30,dev,ret_12m,under12,0,,90432,2024-09-02
2024-09-30,dev,sharpe_12m,all,1489,0.05118886920043369,90432,2024-09-02
2024-09-30,dev,sharpe_12m,short,257,0.07880862026060989,90432,2024-09-02
2024-09-30,dev,sharpe_12m,full,1232,0.04508456493964685,90432,2024-09-02
2024-09-30,dev,sharpe_12m,under12,0,,90432,2024-09-02
2024-10-31,dev,ret_12m,all,1490,0.025394222171318554,91866,2024-10-10
2024-10-31,dev,ret_12m,short,249,0.005579479207151185,91866,2024-10-10
2024-10-31,dev,ret_12m,full,1241,0.028762634053858496,91866,2024-10-10
2024-10-31,dev,ret_12m,under12,0,,91866,2024-10-10
2024-10-31,dev,sharpe_12m,all,1493,0.037188573720296304,91866,2024-10-10
2024-10-31,dev,sharpe_12m,short,252,0.03661469311911023,91866,2024-10-10
2024-10-31,dev,sharpe_12m,full,1241,0.03664316694035295,91866,2024-10-10
2024-10-31,dev,sharpe_12m,under12,0,,91866,2024-10-10
2024-11-29,dev,ret_12m,all,1493,0.029811039110192773,93309,2024-11-07
2024-11-29,dev,ret_12m,short,230,0.04874112028089624,93309,2024-11-07
2024-11-29,dev,ret_12m,full,1263,0.022329561165456025,93309,2024-11-07
2024-11-29,dev,ret_12m,under12,0,,93309,2024-11-07
2024-11-29,dev,sharpe_12m,all,1494,0.037257201392469276,93309,2024-11-07
2024-11-29,dev,sharpe_12m,short,231,0.058082322475126076,93309,2024-11-07
2024-11-29,dev,sharpe_12m,full,1263,0.030481138549107147,93309,2024-11-07
2024-11-29,dev,sharpe_12m,under12,0,,93309,2024-11-07
2024-12-31,dev,ret_12m,all,1494,-0.01473099678168417,94765,2024-12-05
2024-12-31,dev,ret_12m,short,200,-0.03831845796144904,94765,2024-12-05
2024-12-31,dev,ret_12m,full,1294,-0.012833826357603778,94765,2024-12-05
2024-12-31,dev,ret_12m,under12,0,,94765,2024-12-05
2024-12-31,dev,sharpe_12m,all,1496,-0.1041785249894563,94765,2024-12-05
2024-12-31,dev,sharpe_12m,short,202,-0.1307715434435878,94765,2024-12-05
2024-12-31,dev,sharpe_12m,full,1294,-0.10157023092183408,94765,2024-12-05
2024-12-31,dev,sharpe_12m,under12,0,,94765,2024-12-05
2025-01-27,dev,ret_12m,all,1496,0.0323011125178119,96229,2025-01-02
2025-01-27,dev,ret_12m,short,180,-0.05404693560500838,96229,2025-01-02
2025-01-27,dev,ret_12m,full,1316,0.04319527582118297,96229,2025-01-02
2025-01-27,dev,ret_12m,under12,0,,96229,2025-01-02
2025-01-27,dev,sharpe_12m,all,1496,-0.1827285390088746,96229,2025-01-02
2025-01-27,dev,sharpe_12m,short,180,-0.20990565552434748,96229,2025-01-02
2025-01-27,dev,sharpe_12m,full,1316,-0.1810659598187754,96229,2025-01-02
2025-01-27,dev,sharpe_12m,under12,0,,96229,2025-01-02
2025-02-28,dev,ret_12m,all,1496,0.40435593702741807,97701,2025-02-12
2025-02-28,dev,ret_12m,short,171,0.26030671754625967,97701,2025-02-12
2025-02-28,dev,ret_12m,full,1325,0.42024861987468154,97701,2025-02-12
2025-02-28,dev,ret_12m,under12,0,,97701,2025-02-12
2025-02-28,dev,sharpe_12m,all,1496,-0.0073490819386703215,97701,2025-02-12
2025-02-28,dev,sharpe_12m,short,171,-0.07805697554419565,97701,2025-02-12
2025-02-28,dev,sharpe_12m,full,1325,-0.0010876803551609323,97701,2025-02-12
2025-02-28,dev,sharpe_12m,under12,0,,97701,2025-02-12
