year,month,report_type,type_name,fund_code,fund_short_name,title,report_send_date,organ_name,upload_info_id
2019,2019-09,FC030010,基金合同终止公告,006391,信达澳银安和纯债,信达澳银安和纯债基金合同终止公告,2019-09-17,信达澳亚,2666
2019,2019-09,FC030010,基金合同终止公告,005484,中欧睿选定期开放灵活配置混合,中欧睿选定期开放灵活配置混合基金基金合同终止及基金财产清算的公告,2019-09-07,中欧,1274
2019,2019-09,FC030010,基金合同终止公告,005183,博时富时中国A股指数,博时富时中国A股指数基金合同终止公告,2019-09-05,博时,655
2019,2019-09,FC030010,基金合同终止公告,001729,银华逆向投资灵活配置定期开放混合发起式,银华逆向投资灵活配置定期开放混合发起式基金合同终止及基金财产清算的公告,2019-09-04,银华,423
2019,2019-10,FC030010,基金合同终止公告,003954,华泰柏瑞价值精选30混合,华泰柏瑞价值精选30混合基金合同终止公告,2019-10-17,华泰柏瑞,7129
2019,2019-10,FC030010,基金合同终止公告,004443,南方荣知定开混合,南方荣知定开混合基金合同终止公告,2019-10-16,南方,6973
2019,2019-11,FC030010,基金合同终止公告,006155,新华家盈双利混合,新华家盈双利混合基金合同终止公告,2019-11-26,新华,23360
2019,2019-11,FC030010,基金合同终止公告,166021,中欧纯债添利分级债券,中欧纯债添利分级债券基金可能触发基金合同终止情形的提示性公告,2019-11-22,中欧,22688
2019,2019-11,FC030010,基金合同终止公告,000202,富国目标收益两年期纯债债券,富国目标收益两年期纯债债券基金合同终止公告,2019-11-22,富国,22747
2019,2019-11,FC030010,基金合同终止公告,003339,华安睿享定开混合,华安睿享定开混合基金合同终止公告,2019-11-19,华安,21934
2019,2019-11,FC030010,基金合同终止公告,000237,国投瑞银岁添利一年债券,国投瑞银岁添利一年债券基金合同终止公告,2019-11-16,国投瑞银,21495
2019,2019-11,FC030010,基金合同终止公告,000237,国投瑞银岁添利一年债券,国投瑞银岁添利一年债券基金合同终止公告,2019-11-13,国投瑞银,20545
2019,2019-11,FC030010,基金合同终止公告,000428,易方达聚盈分级债券发起式,易方达聚盈分级债券发起式基金合同终止及基金财产清算的公告,2019-11-12,易方达,20322
2019,2019-11,FC030010,基金合同终止公告,003622,创金合信优价成长股票,创金合信优价成长股票基金合同终止公告,2019-11-02,创金合信,17770
2019,2019-11,FC030010,基金合同终止公告,006709,工银聚盈混合,工银聚盈混合基金合同终止公告,2019-11-01,工银瑞信,17429
2019,2019-12,FC030010,基金合同终止公告,004065,中融量化多因子混合,中融量化多因子混合基金合同终止公告,2019-12-30,国联,35231
2019,2019-12,FC030010,基金合同终止公告,003085,中融银行间0-1年中高等级信用债指数,中融银行间0-1年中高等级信用债指数基金合同终止公告,2019-12-28,国联,35227
2019,2019-12,FC030010,基金合同终止公告,003079,中融银行间3-5年中高等级信用债指数,中融银行间3-5年中高等级信用债指数基金合同终止公告,2019-12-24,国联,32029
2019,2019-12,FC030010,基金合同终止公告,003477,南方睿见定期开放混合发起,南方睿见定期开放混合发起基金合同终止公告,2019-12-23,南方,31637
2019,2019-12,FC030010,基金合同终止公告,003477,南方睿见定期开放混合发起,南方睿见定期开放混合发起基金合同终止公告,2019-12-19,南方,30165
2019,2019-12,FC030010,基金合同终止公告,003261,安信沪深300增强,安信沪深300增强基金合同终止公告,2019-12-17,安信,29077
2019,2019-12,FC030010,基金合同终止公告,519931,长信上证港股通指数型发起式,长信上证港股通指数型发起式基金合同终止及基金财产清算的公告,2019-12-16,长信,28192
2019,2019-12,FC030010,基金合同终止公告,004443,南方荣知定开混合,南方荣知定开混合基金合同终止公告,2019-12-16,南方,28460
2019,2019-12,FC030010,基金合同终止公告,005499,国投瑞银兴颐多策略混合,国投瑞银兴颐多策略混合基金合同终止公告,2019-12-13,国投瑞银,27578
2019,2019-12,FC030010,基金合同终止公告,166021,中欧纯债添利分级债券,中欧纯债添利分级债券基金合同终止及基金财产清算的公告,2019-12-07,中欧,26389
2019,2019-12,FC030010,基金合同终止公告,166021,中欧纯债添利分级债券,中欧纯债添利分级债券基金可能触发基金合同终止情形的第二次提示性公告,2019-12-03,中欧,25448
2020,2020-01,FC030010,基金合同终止公告,003046,招商信用定开债(QDII),招商信用定开债(QDII)基金合同终止公告,2020-01-24,招商,58375
2020,2020-01,FC030010,基金合同终止公告,005511,中信建投稳福,关于《中信建投稳福定期开放债券型证券投资基金基金合同》终止及基金财产清算结果的公告,2020-01-15,中信建投,45843
2020,2020-02,FC030010,基金合同终止公告,003477,南方睿见定期开放混合发起,南方睿见定期开放混合发起基金合同终止公告,2020-02-27,南方,82648
2020,2020-02,FC030010,基金合同终止公告,007006,融通超短债债券,融通超短债债券基金合同终止公告,2020-02-22,融通,73238
2020,2020-02,FC030010,基金合同终止公告,005807,安信复兴100指数,安信复兴100指数基金合同终止公告,2020-02-06,安信,59443
2020,2020-03,FC030010,基金合同终止公告,006472,海富通聚丰纯债,海富通聚丰纯债基金基金合同终止及基金财产清算的公告,2020-03-27,海富通,130780
2020,2020-03,FC030010,基金合同终止公告,006472,海富通聚丰纯债,海富通聚丰纯债基金触发基金合同终止情形的提示性公告,2020-03-26,海富通,129524
2020,2020-03,FC030010,基金合同终止公告,007626,银华稳裕六个月定期开放债券,银华稳裕六个月定期开放债券型证券投资基金基金合同终止及基金财产清算的公告,2020-03-26,银华,129563
2020,2020-03,FC030010,基金合同终止公告,005298,国开睿富债券,国开泰富基金管理有限责任公司关于国开睿富债券型证券投资基金终止及基金财产清算的公告 ,2020-03-19,京管泰富,113470
2020,2020-03,FC030010,基金合同终止公告,180002,银华增值混合,银华基金管理股份有限公司关于银华增值混合基金基金合同终止及基金财产清算的公告,2020-03-18,银华,112911
2020,2020-03,FC030010,基金合同终止公告,007006,融通超短债债券,融通超短债债券基金合同终止公告,2020-03-14,融通,109926
2020,2020-03,FC030010,基金合同终止公告,005807,安信复兴100指数,安信复兴100指数基金合同终止公告,2020-03-12,安信,104767
2020,2020-03,FC030010,基金合同终止公告,005694,华富恒玖3个月定期开放债券,华富基金管理有限公司关于终止华富恒玖3个月定期开放债券型证券投资基金基金合同及基金财产清算的公告,2020-03-11,华富,102382
2020,2020-03,FC030010,基金合同终止公告,004429,南方文旅休闲灵活配置混合,南方文旅休闲灵活配置混合基金合同终止公告,2020-03-09,南方,97058
2020,2020-03,FC030010,基金合同终止公告,000400,中融增鑫定期开放债券,中融增鑫定期开放债券基金合同终止公告,2020-03-07,国联,97587
2020,2020-03,FC030010,基金合同终止公告,007006,融通超短债债券,融通超短债债券基金合同终止公告,2020-03-07,融通,96871
2020,2020-04,FC030010,基金合同终止公告,007030,银华安享短债债券,银华安享短债债券型证券投资基金基金合同终止及基金财产清算的公告,2020-04-30,银华,204898
2020,2020-04,FC030010,基金合同终止公告,160915,大成景丰债券（LOF）,大成景丰债券（LOF）基金合同终止及基金财产清算的公告,2020-04-30,大成,204877
2020,2020-04,FC030010,基金合同终止公告,003463,泰达宏利亚洲债券(QDII),关于泰达宏利亚洲债券(QDII)基金合同终止及财产清算的公告,2020-04-29,宏利,193473
2020,2020-04,FC030010,基金合同终止公告,163119,申万菱信中证申万新兴健康产业主题投资指数,申万菱信中证申万新兴健康产业主题投资指数基金合同终止公告,2020-04-10,申万菱信,147161
2020,2020-04,FC030010,基金合同终止公告,007248,广发景安纯债,关于广发景安纯债债券型证券投资基金基金合同终止及基金财产清算的公告,2020-04-09,广发,145964
2020,2020-04,FC030010,基金合同终止公告,003362,国联安睿利定开混合,国联安睿利定期开放混合基金合同终止及基金财产清算的公告,2020-04-03,国联安,143145
2020,2020-05,FC030010,基金合同终止公告,005859,南方固胜定期开放混合,关于南方固胜定期开放混合型证券投资基金基金合同终止及剩余财产分配的公告,2020-05-21,南方,247914
2020,2020-05,FC030010,基金合同终止公告,004272,中融量化小盘股票,中融量化小盘股票基金合同终止公告,2020-05-18,国联,238459
2020,2020-06,FC030010,基金合同终止公告,003414,泰达宏利创金混合,关于泰达宏利创金灵活配置混合型证券投资基金基金合同终止及财产清算的公告,2020-06-20,宏利,318924
2020,2020-06,FC030010,基金合同终止公告,004593,广发全指工业ETF联接,关于广发中证全指工业交易型开放式指数证券投资基金发起式联接基金基金合同终止及基金财产清算的公告,2020-06-16,广发,309250
2020,2020-06,FC030010,基金合同终止公告,006356,国融稳融债券,关于国融稳融债券型证券投资基金基金合同终止及基金财产清算的公告,2020-06-13,国融,307002
2020,2020-06,FC030010,基金合同终止公告,002968,新华高端制造灵活配置混合,新华高端制造灵活配置混合型证券投资基金基金合同终止公告,2020-06-06,新华,293986
2020,2020-06,FC030010,基金合同终止公告,005724,交银致远智投混合,交银施罗德基金管理有限公司关于交银施罗德致远量化智投策略定期开放混合型证券投资基金基金合同触发终止情形及进入基金财产清算程序的公告,2020-06-04,交银施罗德,287953
2020,2020-07,FC030010,基金合同终止公告,164819,工银中证环保产业指数分级,关于工银瑞信中证环保产业指数分级证券投资基金基金合同终止及财产清算的公告,2020-07-27,工银瑞信,376064
2020,2020-07,FC030010,基金合同终止公告,006685,农银永安混合,农银汇理永安混合型证券投资基金基金合同终止公告,2020-07-25,农银汇理,375561
2020,2020-07,FC030010,基金合同终止公告,000091,信诚新双盈分级债券,关于《信诚新双盈分级债券型证券投资基金基金合同》终止的公告,2020-07-23,中信保诚,371754
2020,2020-07,FC030010,基金合同终止公告,005899,国投瑞银品牌优势混合,国投瑞银品牌优势灵活配置混合型证券投资基金基金合同终止公告,2020-07-23,国投瑞银,371466
2020,2020-07,FC030010,基金合同终止公告,005899,国投瑞银品牌优势混合,国投瑞银品牌优势灵活配置混合型证券投资基金基金合同终止公告,2020-07-20,国投瑞银,360215
2020,2020-07,FC030010,基金合同终止公告,003546,长城久信债券,关于《长城久信债券型证券投资基金基金合同》终止的公告,2020-07-15,长城,354007
2020,2020-07,FC030010,基金合同终止公告,004649,国开开航混合,国开泰富基金管理有限责任公司关于国开泰富开航灵活配置混合型发起式证券投资基金终止及基金财产清算的公告,2020-07-14,京管泰富,350711
2020,2020-07,FC030010,基金合同终止公告,005899,国投瑞银品牌优势混合,国投瑞银品牌优势灵活配置混合型证券投资基金基金合同终止公告,2020-07-13,国投瑞银,349742
2020,2020-07,FC030010,基金合同终止公告,003104,泰达宏利定宏混合,关于泰达宏利定宏混合型证券投资基金基金合同终止及财产清算的公告,2020-07-10,宏利,348476
2020,2020-08,FC030010,基金合同终止公告,002527,南方安享绝对收益策略定期开放混合发起式,南方安享绝对收益策略定期开放混合型发起式证券投资基金基金合同终止公告,2020-08-29,南方,465486
2020,2020-08,FC030010,基金合同终止公告,004625,南方高元债券发起式,关于南方高元债券型发起式证券投资基金基金合同终止及剩余财产分配公告,2020-08-28,南方,456608
2020,2020-08,FC030010,基金合同终止公告,000738,中信建投货币,关于《中信建投货币市场基金基金合同》终止及基金财产清算结果的公告,2020-08-25,中信建投,447066
2020,2020-08,FC030010,基金合同终止公告,004000,泰达睿选稳健混合,关于泰达宏利睿选稳健灵活配置混合型证券投资基金基金合同终止及财产清算的公告,2020-08-18,宏利,441356
2020,2020-08,FC030010,基金合同终止公告,004577,海富通季季通利理财债券,海富通基金管理有限公司关于海富通季季通利理财债券型证券投资基金基金合同终止及基金财产清算的公告,2020-08-13,海富通,426087
2020,2020-08,FC030010,基金合同终止公告,519131,海富通季季增利 ,海富通基金管理有限公司关于海富通季季增利理财债券型证券投资基金基金合同终止及基金财产清算的公告,2020-08-13,海富通,426089
2020,2020-08,FC030010,基金合同终止公告,001205,建信稳健回报灵活配置混合,关于建信稳健回报灵活配置混合型证券投资基金基金合同终止及基金财产清算的公告,2020-08-07,建信,414460
2020,2020-08,FC030010,基金合同终止公告,000937,华商稳固添利债券,关于华商稳固添利债券型证券投资基金基金合同终止及剩余财产分配的公告,2020-08-06,华商,413403
2020,2020-08,FC030010,基金合同终止公告,001771,南方量化灵活配置混合,关于南方量化灵活配置混合型证券投资基金基金合同终止及剩余财产分配的公告,2020-08-06,南方,414165
2020,2020-09,FC030010,基金合同终止公告,007436,银河久悦债券,银河基金管理有限公司关于银河久悦纯债债券型证券投资基金基金合同终止及基金财产清算的公告,2020-09-18,银河,474276
2020,2020-09,FC030010,基金合同终止公告,005033,银华智能汽车量化股票发起式,银华智能汽车量化优选股票型发起式证券投资基金基金合同终止及基金财产清算的公告,2020-09-16,银华,473878
2020,2020-09,FC030010,基金合同终止公告,159802,广发中证800ETF,关于广发中证800交易型开放式指数证券投资基金基金合同终止及基金财产清算的公告,2020-09-16,广发,473863
2020,2020-09,FC030010,基金合同终止公告,003931,工银丰实三年定开债券,关于工银瑞信丰实三年定期开放债券型证券投资基金基金合同终止及财产清算的公告,2020-09-11,工银瑞信,472822
2020,2020-09,FC030010,基金合同终止公告,007899,大成远见成长混合,关于大成远见成长混合型证券投资基金触发基金合同终止情形及进入基金财产清算程序的公告,2020-09-11,大成,472729
2020,2020-10,FC030010,基金合同终止公告,007399,凯石浩品质经营混合,凯石浩品质经营混合型证券投资基金基金合同终止及基金财产清算的公告,2020-10-31,凯石,495570
2020,2020-10,FC030010,基金合同终止公告,002278,中邮稳健合赢债券,中邮稳健合赢债券型证券投资基金基金合同终止公告,2020-10-28,中邮创业,490109
2020,2020-10,FC030010,基金合同终止公告,002397,中邮增力债券,中邮增力债券型证券投资基金基金合同终止公告,2020-10-28,中邮创业,490111
2020,2020-10,FC030010,基金合同终止公告,006455,人保福睿18个月定期开放债券,人保福睿18个月定期开放债券型证券投资基金基金合同终止公告,2020-10-26,人保资产,486798
2020,2020-10,FC030010,基金合同终止公告,004290,前海开源顺和债券,关于前海开源顺和债券型证券投资基金基金合同终止及基金财产清算的公告,2020-10-23,前海开源,485837
2020,2020-10,FC030010,基金合同终止公告,003731,长安泓泽纯债债券,关于长安泓泽纯债债券型证券投资基金基金合同终止及基金财产清算的公告,2020-10-23,长安,486118
2020,2020-10,FC030010,基金合同终止公告,164821,工银中证新能源指数分级,关于工银瑞信中证新能源指数分级证券投资基金基金合同终止及财产清算的公告,2020-10-16,工银瑞信,481990
2020,2020-10,FC030010,基金合同终止公告,003312,大摩睿成中小盘弹性股票,摩根士丹利华鑫睿成中小盘弹性股票型证券投资基金基金合同终止公告,2020-10-01,摩根士丹利,478674
2020,2020-11,FC030010,基金合同终止公告,007503,上投摩根瑞利纯债债券,关于上投摩根瑞利纯债债券型证券投资基金触发基金合同终止情形及基金财产清算的公告,2020-11-27,摩根,505486
2020,2020-11,FC030010,基金合同终止公告,000437,融通通启一年定开债券,关于融通通启一年定期开放债券型证券投资基金基金合同终止及基金财产清算的公告,2020-11-27,融通,505817
2020,2020-11,FC030010,基金合同终止公告,005061,农银永益定开混合,农银汇理永益定期开放混合型证券投资基金基金合同终止公告,2020-11-26,农银汇理,505301
2020,2020-11,FC030010,基金合同终止公告,160121,南方金砖四国指数（QDII）,关于南方金砖四国指数证券投资基金基金合同终止及剩余财产分配的公告,2020-11-19,南方,502595
2020,2020-11,FC030010,基金合同终止公告,000360,信诚年年有余定期开放债券,关于《信诚年年有余定期开放债券型证券投资基金基金合同》终止的公告,2020-11-13,中信保诚,499544
2020,2020-11,FC030010,基金合同终止公告,005835,招商稳祯定期开放混合,招商基金管理有限公司关于招商稳祯定期开放混合型证券投资基金基金合同终止及基金财产清算的公告,2020-11-11,招商,499093
2020,2020-11,FC030010,基金合同终止公告,005239,银华文体娱乐量化股票发起式,银华文体娱乐量化优选股票型发起式证券投资基金基金合同终止及基金财产清算的公告,2020-11-10,银华,498783
2020,2020-11,FC030010,基金合同终止公告,008073,招商中债-1-3年高等级央企主题债券指数,招商基金管理有限公司关于招商中债-1-3年高等级央企主题债券指数证券投资基金基金合同终止及基金财产清算的公告,2020-11-07,招商,498439
2020,2020-11,FC030010,基金合同终止公告,164820,工银中证高铁产业指数分级,关于工银瑞信中证高铁产业指数分级证券投资基金基金合同终止及财产清算的公告,2020-11-03,工银瑞信,496353
2020,2020-11,FC030010,基金合同终止公告,005084,平安量化先锋混合,平安基金管理有限公司关于平安量化先锋混合型发起式证券投资基金基金合同终止及财产清算的公告,2020-11-02,平安,495835
2020,2020-12,FC030010,基金合同终止公告,007087,财通景利债券,关于财通景利纯债债券型证券投资基金基金合同终止及剩余财产分配的公告,2020-12-30,财通,519938
2020,2020-12,FC030010,基金合同终止公告,001738,大摩新趋势混合,关于摩根士丹利华鑫新趋势灵活配置混合型证券投资基金基金合同终止及基金财产清算的公告,2020-12-29,摩根士丹利,519705
2020,2020-12,FC030010,基金合同终止公告,004741,农银区间策略混合,农银汇理区间策略基金合同终止及基金财产清算的公告,2020-12-25,农银汇理,518182
2020,2020-12,FC030010,基金合同终止公告,006820,凯石源混合,凯石源混合型证券投资基金基金合同终止及基金财产清算的公告,2020-12-25,凯石,517847
2020,2020-12,FC030010,基金合同终止公告,003224,鹏华兴润定期开放混合,鹏华兴润定期开放灵活配置混合型证券投资基金基金合同终止公告,2020-12-19,鹏华,515196
2020,2020-12,FC030010,基金合同终止公告,070035,嘉实理财宝7天债券,关于嘉实理财宝7天债券型证券投资基金基金财产清算及基金合同终止的公告,2020-12-19,嘉实,515067
2020,2020-12,FC030010,基金合同终止公告,007087,财通景利债券,关于财通景利纯债债券型证券投资基金基金合同终止及基金财产清算的公告,2020-12-18,财通,514479
2020,2020-12,FC030010,基金合同终止公告,003150,中欧睿诚定期开放混合,中欧睿诚定期开放混合型证券投资基金基金合同终止及基金财产清算的公告基金合同终止及基金财产清算的公告,2020-12-16,中欧,513653
2020,2020-12,FC030010,基金合同终止公告,002596,华商回报1号混合,关于华商回报1号混合型证券投资基金基金合同终止及剩余财产分配的公告,2020-12-16,华商,513228
2020,2020-12,FC030010,基金合同终止公告,008458,招商安锦债券,招商基金管理有限公司关于招商安锦债券型证券投资基金基金合同终止及基金财产清算的公告,2020-12-08,招商,510414
2020,2020-12,FC030010,基金合同终止公告,005279,华泰紫金红利低波指数发起,华泰紫金中证红利低波动指数型发起式证券投资基金基金合同终止及基金财产清算的公告,2020-12-02,华泰资管,507687
2021,2021-01,FC030010,基金合同终止公告,003351,招商稳荣定开灵活混合,招商基金管理有限公司关于招商稳荣定期开放灵活配置混合型证券投资基金基金合同终止及基金财产清算的公告,2021-01-30,招商,537060
2021,2021-01,FC030010,基金合同终止公告,000798,民生加银季度理财,民生加银家盈季度定期宝理财债券型证券投资基金基金合同终止公告,2021-01-29,民生加银,536538
2021,2021-01,FC030010,基金合同终止公告,512850,中信建投北京50ETF,关于《中信建投中证北京50交易型开放式指数证券投资基金基金合同》终止及基金财产清算结果的公告,2021-01-28,中信建投,535746
2021,2021-01,FC030010,基金合同终止公告,519128,浦银安盛月月盈定期支付债券,浦银安盛月月盈定期支付债券型证券投资基金基金合同终止及基金财产清算的公告,2021-01-28,浦银基金,536167
2021,2021-01,FC030010,基金合同终止公告,008410,长盛价值发现,关于长盛价值发现股票型证券投资基金基金合同终止及基金财产清算的公告,2021-01-21,长盛,528204
2021,2021-01,FC030010,基金合同终止公告,003367,鹏华兴合定期开放混合,鹏华兴合定期开放灵活配置混合型证券投资基金基金合同终止公告,2021-01-16,鹏华,525634
2021,2021-01,FC030010,基金合同终止公告,003852,金鹰添享纯债债券,金鹰添享纯债债券型证券投资基金基金合同终止公告,2021-01-15,金鹰,525119
2021,2021-01,FC030010,基金合同终止公告,001348,大摩新机遇混合,摩根士丹利华鑫新机遇灵活配置混合型证券投资基金基金合同终止公告,2021-01-13,摩根士丹利,524622
2021,2021-01,FC030010,基金合同终止公告,003342,工银国债纯债债券,工银瑞信国债纯债债券型证券投资基金基金合同终止公告,2021-01-13,工银瑞信,524638
2021,2021-01,FC030010,基金合同终止公告,007607,人保添利9个月定开,人保添利9个月定期开放债券型证券投资基金基金合同终止公告,2021-01-12,人保资产,524075
2021,2021-01,FC030010,基金合同终止公告,003033,南方荣冠定期开放混合,关于南方荣冠定期开放混合型证券投资基金基金合同终止及剩余财产分配的公告,2021-01-12,南方,524222
2021,2021-01,FC030010,基金合同终止公告,006139,中信建投稳瑞,关于《中信建投稳瑞定期开放债券型证券投资基金基金合同》终止及基金财产清算结果的公告,2021-01-04,中信建投,521977
2021,2021-02,FC030010,基金合同终止公告,002655,南方卓享绝对收益策略定期开放混合发起式,关于南方卓享绝对收益策略定期开放混合型发起式证券投资基金基金合同终止及剩余财产分配的公告,2021-02-25,南方,542038
2021,2021-02,FC030010,基金合同终止公告,000632,中银聚利半年定期开放债券,关于中银聚利半年定期开放债券型证券投资基金基金合同终止及基金财产清算的公告,2021-02-24,中银,541556
2021,2021-02,FC030010,基金合同终止公告,005447,银华智荟分红收益灵活配置混合发起式,银华智荟分红收益灵活配置混合型发起式证券投资基金基金合同终止及基金财产清算的公告,2021-02-14,银华,540286
2021,2021-02,FC030010,基金合同终止公告,512300,南方中证500医药卫生ETF,关于中证500医药卫生指数交易型开放式指数证券投资基金基金合同终止及剩余财产分配的公告,2021-02-08,南方,539119
2021,2021-02,FC030010,基金合同终止公告,005567,创金合信MSCI中国A股国际指数,关于创金合信MSCI中国A股国际指数发起式证券投资基金基金合同终止及基金财产清算的公告,2021-02-08,创金合信,539003
2021,2021-02,FC030010,基金合同终止公告,160130,南方永利1年定期开放债券（LOF）,关于南方永利1年定期开放债券型证券投资基金（LOF）基金合同终止及剩余财产分配的公告,2021-02-05,南方,538608
2021,2021-02,FC030010,基金合同终止公告,001920,景顺长城景颐宏利债券,关于景顺长城景颐宏利债券型证券投资基金基金合同终止及基金财产清算的公告,2021-02-04,景顺长城,538026
2021,2021-02,FC030010,基金合同终止公告,007003,泰康安业政金债债券,关于泰康安业政策性金融债债券型证券投资基金基金合同终止及基金财产清算的公告,2021-02-04,泰康资产,537986
2021,2021-03,FC030010,基金合同终止公告,050028,博时安心收益定开债,关于《博时安心收益定期开放债券型证券投资基金基金合同》终止的公告,2021-03-31,博时,559647
2021,2021-03,FC030010,基金合同终止公告,005007,景顺长城景瑞睿利回报混合,关于景顺长城景瑞睿利回报混合型证券投资基金基金合同终止及基金财产清算的公告,2021-03-30,景顺长城,554724
2021,2021-03,FC030010,基金合同终止公告,005007,景顺长城景瑞睿利回报混合,景顺长城基金管理有限公司关于景顺长城景瑞睿利回报混合型证券投资基金基金合同终止的风险提示公告,2021-03-30,景顺长城,554725
2021,2021-03,FC030010,基金合同终止公告,007757,国投瑞银顺业纯债债券,关于国投瑞银顺业纯债债券型证券投资基金基金财产清算及基金合同终止的公告,2021-03-30,国投瑞银,555516
2021,2021-03,FC030010,基金合同终止公告,007757,国投瑞银顺业纯债债券,关于国投瑞银顺业纯债债券型证券投资基金可能触发基金合同终止情形的第二次提示性公告,2021-03-25,国投瑞银,549605
2021,2021-03,FC030010,基金合同终止公告,008309,长城泰丰债券,长城泰丰纯债债券型证券投资基金基金合同终止与财产清算的公告,2021-03-25,长城,549634
2021,2021-03,FC030010,基金合同终止公告,008100,广发湾创100ETF联接,关于广发粤港澳大湾区创新100交易型开放式指数证券投资基金联接基金基金合同终止及基金财产清算的公告,2021-03-24,广发,549236
2021,2021-03,FC030010,基金合同终止公告,002725,中欧强瑞多策略债券,中欧强瑞多策略定期开放债券型证券投资基金基金合同终止及基金财产清算的公告,2021-03-23,中欧,549080
2021,2021-03,FC030010,基金合同终止公告,004283,中欧达安混合,中欧达安一年定期开放混合型证券投资基金合同终止及基金财产清算的公告,2021-03-18,中欧,547750
2021,2021-03,FC030010,基金合同终止公告,005769,南方共享经济灵活配置混合,关于南方共享经济灵活配置混合型证券投资基金基金合同终止及基金剩余财产分配公告,2021-03-18,南方,547778
2021,2021-03,FC030010,基金合同终止公告,512310,南方中证500工业ETF,关于中证500工业指数交易型开放式指数证券投资基金基金合同终止及剩余财产分配的公告,2021-03-18,南方,547779
2021,2021-03,FC030010,基金合同终止公告,512340,南方中证500原材料ETF,关于中证500原材料指数交易型开放式指数证券投资基金基金合同终止及剩余财产分配的公告,2021-03-18,南方,547780
2021,2021-03,FC030010,基金合同终止公告,007757,国投瑞银顺业纯债债券,关于国投瑞银顺业纯债债券型证券投资基金可能触发基金合同终止情形的第一次提示性公告,2021-03-18,国投瑞银,547594
2021,2021-03,FC030010,基金合同终止公告,008007,安信睿享纯债债券,关于《安信睿享纯债债券型证券投资基金基金合同》终止的公告,2021-03-17,安信,547221
2021,2021-03,FC030010,基金合同终止公告,006103,凯石淳行业精选混合,凯石淳行业精选混合型证券投资基金基金合同终止公告,2021-03-17,凯石,547353
2021,2021-03,FC030010,基金合同终止公告,000316,中海瑞利六个月定开债,中海基金管理有限公司关于中海瑞利六个月定期开放债券型证券投资基金基金合同终止及基金财产清算的公告,2021-03-16,中海,546947
2021,2021-03,FC030010,基金合同终止公告,003691,农银金泰定开债券,农银汇理金泰一年定期开放债券型证券投资基金基金合同终止公告,2021-03-04,农银汇理,543849
2021,2021-03,FC030010,基金合同终止公告,006362,凯石涵行业精选混合,凯石涵行业精选混合型证券投资基金基金合同终止公告,2021-03-02,凯石,543076
2021,2021-04,FC030010,基金合同终止公告,007476,中银惠兴多利债券,中银基金管理有限公司关于中银惠兴多利债券型证券投资基金基金合同终止及基金财产清算的公告,2021-04-30,中银,579235
2021,2021-04,FC030010,基金合同终止公告,007421,中金衡盈,关于中金衡盈混合型证券投资基金基金合同终止及基金财产清算的公告,2021-04-29,中金,578705
2021,2021-04,FC030010,基金合同终止公告,006722,天弘穗利一年定开,天弘基金管理有限公司关于《天弘穗利一年定期开放债券型证券投资基金基金合同》终止的公告,2021-04-29,天弘,578763
2021,2021-04,FC030010,基金合同终止公告,008309,长城泰丰债券,关于《长城泰丰纯债债券型证券投资基金基金合同》终止的公告,2021-04-28,长城,577873
2021,2021-04,FC030010,基金合同终止公告,005757,长江汇聚量化多因子,关于长江汇聚量化多因子灵活配置混合型发起式证券投资基金基金合同终止及基金财产清算的公告,2021-04-27,长江资管,577390
2021,2021-04,FC030010,基金合同终止公告,001663,中银互联网+股票,中银基金管理有限公司关于中银互联网+股票型证券投资基金基金合同终止及基金财产清算的公告,2021-04-24,中银,576813
2021,2021-04,FC030010,基金合同终止公告,003099,长盛盛景纯债,关于长盛盛景纯债债券型证券投资基金基金合同终止及基金财产清算的公告,2021-04-23,长盛,576242
2021,2021-04,FC030010,基金合同终止公告,007614,德邦民裕进取量化精锐股票,德邦民裕进取量化精锐股票型证券投资基金基金合同终止及基金财产清算的公告,2021-04-21,德邦,570902
2021,2021-04,FC030010,基金合同终止公告,005803,广发中证京津冀ETF联接,关于广发中证京津冀协同发展主题交易型开放式指数证券投资基金发起式联接基金基金合同终止及基金财产清算的公告,2021-04-20,广发,567720
2021,2021-04,FC030010,基金合同终止公告,008005,景顺长城中债3-5年政策性金融债指数,景顺长城基金管理有限公司关于景顺长城中债3-5年政策性金融债指数证券投资基金基金合同终止的第二次风险提示公告,2021-04-17,景顺长城,566803
2021,2021-04,FC030010,基金合同终止公告,008005,景顺长城中债3-5年政策性金融债指数,关于景顺长城中债3-5年政策性金融债指数证券投资基金基金合同终止及基金财产清算的公告,2021-04-16,景顺长城,566517
2021,2021-04,FC030010,基金合同终止公告,501055,财通福佑定开混合发起,关于财通多策略福佑定期开放灵活配置混合型发起式证券投资基金基金合同终止及基金财产清算的公告,2021-04-12,财通,565189
2021,2021-04,FC030010,基金合同终止公告,004085,工银国债(7-10年)指数,工银瑞信中债-国债(7-10年)总指数证券投资基金基金合同终止公告,2021-04-03,工银瑞信,563664
2021,2021-04,FC030010,基金合同终止公告,002948,华安聚利18个月定开债,关于华安聚利18个月定期开放债券型证券投资基金触发基金合同终止情形的公告,2021-04-01,华安,562457
2021,2021-05,FC030010,基金合同终止公告,002191,农银物联网混合,农银汇理物联网主题灵活配置混合型证券投资基金基金合同终止公告,2021-05-29,农银汇理,586985
2021,2021-05,FC030010,基金合同终止公告,003419,中欧弘安一年定期开放债券,中欧基金管理有限公司关于中欧弘安一年定期开放债券型证券投资基金合同终止及基金财产清算的公告,2021-05-29,中欧,587731
2021,2021-05,FC030010,基金合同终止公告,003236,信诚惠盈,关于《信诚惠盈债券型证券投资基金基金合同》终止的公告,2021-05-26,中信保诚,585615
2021,2021-05,FC030010,基金合同终止公告,008078,农银区间精选混合,农银汇理区间精选灵活配置混合型证券投资基金基金合同终止公告,2021-05-26,农银汇理,585872
2021,2021-05,FC030010,基金合同终止公告,002850,南方甑智混合发起,关于南方甑智混合型发起式证券投资基金基金合同终止及剩余财产分配的公告,2021-05-20,南方,583858
2021,2021-05,FC030010,基金合同终止公告,161629,融通中证精准医疗主题指数（LOF）,关于融通中证精准医疗主题指数证券投资基金（LOF）基金合同终止及基金财产清算的公告,2021-05-20,融通,583561
2021,2021-05,FC030010,基金合同终止公告,005715,人保纯债一年定开,人保纯债一年定期开放债券型证券投资基金基金合同终止公告,2021-05-17,人保资产,582536
2021,2021-05,FC030010,基金合同终止公告,006982,嘉实新添元定期混合,关于嘉实新添元定期开放混合型证券投资基金基金财产清算及基金合同终止的公告,2021-05-15,嘉实,582638
2021,2021-05,FC030010,基金合同终止公告,005515,银华中小市值量化优选股票发起式,银华中小市值量化优选股票型发起式证券投资基金基金合同终止及基金财产清算的公告,2021-05-12,银华,581372
2021,2021-05,FC030010,基金合同终止公告,001979,南方沪港深价值主题灵活配置混合,关于南方沪港深价值主题灵活配置混合型证券投资基金基金合同终止及剩余财产分配的公告,2021-05-12,南方,581457
2021,2021-05,FC030010,基金合同终止公告,008600,大成景和债券,关于大成景和债券型证券投资基金触发基金合同终止情形及进入基金财产清算程序的公告,2021-05-06,大成,580182
2021,2021-05,FC030010,基金合同终止公告,005581,华夏3-5年中高级可质押信用债ETF联接,华夏基金管理有限公司关于华夏上证3-5年期中高评级可质押信用债交易型开放式指数证券投资基金发起式联接基金基金合同终止及基金财产清算的公告,2021-05-01,华夏,580188
2021,2021-06,FC030010,基金合同终止公告,009158,中金衡利1年,关于中金衡利1年定期开放债券型证券投资基金基金合同终止及基金财产清算的公告,2021-06-30,中金,599982
2021,2021-06,FC030010,基金合同终止公告,005533,银华国企改革混合发起式,银华国企改革混合型发起式证券投资基金基金合同终止及基金财产清算的公告,2021-06-30,银华,600003
2021,2021-06,FC030010,基金合同终止公告,004171,信诚永益,中信保诚永益一年定期开放混合型证券投资基金基金合同终止公告,2021-06-29,中信保诚,598289
2021,2021-06,FC030010,基金合同终止公告,160123,南方中债10年国债指数,关于南方中债10年期国债指数证券投资基金基金合同终止及剩余财产分配的公告,2021-06-25,南方,597482
2021,2021-06,FC030010,基金合同终止公告,003762,国开开泰混合,国开泰富开泰灵活配置混合型证券投资基金基金合同终止及基金财产清算的公告,2021-06-23,京管泰富,596157
2021,2021-06,FC030010,基金合同终止公告,005403,南方融尚再融资主题精选灵活配置混合,关于南方融尚再融资主题精选灵活配置混合型证券投资基金基金合同终止及剩余财产分配的公告,2021-06-18,南方,595116
2021,2021-06,FC030010,基金合同终止公告,010185,中金瑞康,关于中金瑞康灵活配置混合型证券投资基金基金合同终止及基金财产清算的公告,2021-06-16,中金,593643
2021,2021-06,FC030010,基金合同终止公告,010218,中金瑞泰,关于中金瑞泰灵活配置混合型证券投资基金基金合同终止及基金财产清算的公告,2021-06-16,中金,593644
2021,2021-06,FC030010,基金合同终止公告,002180,中银移动互联混合,中银基金管理有限公司关于中银移动互联灵活配置混合型证券投资基金基金合同终止及基金财产清算的公告,2021-06-11,中银,592482
2021,2021-06,FC030010,基金合同终止公告,160131,南方聚利1年定期开放债券（LOF）,关于南方聚利1年定期开放债券型证券投资基金（LOF）基金合同终止及基金财产清算的公告,2021-06-11,南方,592712
2021,2021-06,FC030010,基金合同终止公告,168001,国寿安保中证养老产业指数增强,国寿安保中证养老产业指数增强型证券投资基金基金合同终止公告,2021-06-11,国寿安保,592764
2021,2021-06,FC030010,基金合同终止公告,160136,南方中证国有企业改革指数,关于南方中证国有企业改革指数证券投资基金（LOF）基金合同终止及剩余财产分配的公告,2021-06-10,南方,592269
2021,2021-06,FC030010,基金合同终止公告,002694,中银新蓝筹混合,中银基金管理有限公司关于中银新蓝筹灵活配置混合型证券投资基金基金合同终止及基金财产清算的公告,2021-06-05,中银,590341
2021,2021-06,FC030010,基金合同终止公告,009694,华安安利混合,关于华安安利混合型证券投资基金触发基金合同终止情形的公告,2021-06-05,华安,590664
2021,2021-06,FC030010,基金合同终止公告,009547,华安鼎利混合,关于华安鼎利混合型证券投资基金触发基金合同终止情形的公告,2021-06-05,华安,590665
2021,2021-06,FC030010,基金合同终止公告,200011,长城景气行业龙头混合,关于《长城景气行业龙头灵活配置混合型证券投资基金基金合同》终止的公告,2021-06-04,长城,590075
2021,2021-06,FC030010,基金合同终止公告,003610,南方荣安定期开放混合,关于南方荣安定期开放混合型证券投资基金基金合同终止及剩余财产分配的公告,2021-06-02,南方,589336
2021,2021-06,FC030010,基金合同终止公告,160520,博时弘盈定开混合,关于《博时弘盈定期开放混合型证券投资基金基金合同》终止的公告,2021-06-01,博时,588785
2021,2021-07,FC030010,基金合同终止公告,519320,浦银安盛幸福聚利定期开放债券,关于浦银安盛幸福聚利定期开放债券型证券投资基金基金合同终止及基金财产清算的公告,2021-07-28,浦银基金,617880
2021,2021-07,FC030010,基金合同终止公告,008357,华安全球精选债,关于华安全球精选债券型证券投资基金(QDII)触发基金合同终止情形的公告,2021-07-27,华安,617085
2021,2021-07,FC030010,基金合同终止公告,008402,中泰中证可转债及可交债指数,关于中泰中证可转债及可交换债券指数证券投资基金基金财产清算及基金合同终止的公告,2021-07-27,中泰资管,617089
2021,2021-07,FC030010,基金合同终止公告,010526,景顺长城泰源回报混合,关于景顺长城泰源回报混合型证券投资基金基金合同终止及基金财产清算的公告,2021-07-21,景顺长城,613314
2021,2021-07,FC030010,基金合同终止公告,002588,博时银智大数据100,关于《博时中证银联智惠大数据100指数型证券投资基金基金合同》终止的公告,2021-07-21,博时,613981
2021,2021-07,FC030010,基金合同终止公告,004850,中欧弘涛债券,中欧基金管理有限公司关于中欧弘涛债券型证券投资基金合同终止及基金财产清算的公告,2021-07-20,中欧,608740
2021,2021-07,FC030010,基金合同终止公告,005796,嘉实新添荣定期混合,关于嘉实新添荣定期开放灵活配置混合型证券投资基金基金财产清算及基金合同终止的公告,2021-07-14,嘉实,604629
2021,2021-07,FC030010,基金合同终止公告,007403,银河睿安债券,银河睿安纯债债券型证券投资基金基金合同终止公告,2021-07-13,银河,604051
2021,2021-07,FC030010,基金合同终止公告,002167,南方顺康灵活配置混合,关于南方顺康灵活配置混合型证券投资基金基金合同终止及基金剩余财产分配公告,2021-07-13,南方,604338
2021,2021-07,FC030010,基金合同终止公告,160131,南方聚利1年定期开放债券（LOF）,关于南方聚利1年定期开放债券型证券投资基金（LOF）基金合同终止及剩余财产分配的公告,2021-07-09,南方,603544
2021,2021-07,FC030010,基金合同终止公告,000901,国开泰富货币,国开泰富货币市场证券投资基金基金合同终止公告,2021-07-07,京管泰富,602127
2021,2021-07,FC030010,基金合同终止公告,009259,安信信用主体50债券指数,关于《安信中证信用主体50债券指数证券投资基金基金合同》终止的公告,2021-07-06,安信,601777
2021,2021-07,FC030010,基金合同终止公告,519326,浦银安盛幸福聚益定开债券,关于浦银安盛幸福聚益18个月定期开放债券型证券投资基金基金合同终止及基金财产清算的公告,2021-07-06,浦银基金,602037
2021,2021-07,FC030010,基金合同终止公告,168108,九泰锐诚混合（LOF）,九泰基金管理有限公司关于九泰锐诚灵活配置混合型证券投资基金（LOF）发生基金合同终止事由暨基金财产清算安排的公告,2021-07-06,九泰,602098
2021,2021-07,FC030010,基金合同终止公告,161719,招商可转债债券,招商基金管理有限公司关于招商可转债债券型证券投资基金基金合同终止及基金财产清算的公告,2021-07-05,招商,601515
2021,2021-07,FC030010,基金合同终止公告,002263,泰达宏利大数据混合,关于泰达宏利同顺大数据量化优选灵活配置混合型证券投资基金基金合同终止及财产清算的公告,2021-07-03,宏利,601403
2021,2021-08,FC030010,基金合同终止公告,004466,长盛盛杰混合,关于长盛盛杰混合型证券投资基金基金合同终止及基金财产清算的公告,2021-08-31,长盛,634019
2021,2021-08,FC030010,基金合同终止公告,010492,大摩中债1-3年农发行债券指数,关于摩根士丹利华鑫中债1-3年农发行债券指数证券投资基金基金合同终止及基金财产清算的公告,2021-08-27,摩根士丹利,628702
2021,2021-08,FC030010,基金合同终止公告,005883,华宝香港精选混合,关于华宝港股通香港精选混合型证券投资基金基金合同终止及基金财产清算的公告,2021-08-26,华宝,627653
2021,2021-08,FC030010,基金合同终止公告,001573,南方互联网+灵活配置混合,关于南方互联网+灵活配置混合型证券投资基金基金合同终止及基金剩余财产分配公告,2021-08-26,南方,627863
2021,2021-08,FC030010,基金合同终止公告,005500,银华岁盈定期开放债券,银华岁盈定期开放债券型证券投资基金基金合同终止及基金财产清算的公告,2021-08-20,银华,625483
2021,2021-08,FC030010,基金合同终止公告,159803,易方达中证浙江新动能ETF(QDII),关于易方达中证浙江新动能交易型开放式指数证券投资基金拟清算基金财产及终止基金合同的提示性公告,2021-08-20,易方达,625449
2021,2021-08,FC030010,基金合同终止公告,007813,易方达中证浙江新动能ETF联接(QDII),关于易方达中证浙江新动能交易型开放式指数证券投资基金联接基金拟清算基金财产及终止基金合同的提示性公告,2021-08-18,易方达,624593
2021,2021-08,FC030010,基金合同终止公告,167705,德邦量化新锐股票(LOF),德邦量化新锐股票型证券投资基金（LOF）基金合同终止及基金财产清算的公告,2021-08-17,德邦,623804
2021,2021-09,FC030010,基金合同终止公告,007929,天治稳健双鑫债券,天治稳健双鑫债券型证券投资基金基金合同终止及基金财产清算的提示性公告,2021-09-30,天治,644817
2021,2021-09,FC030010,基金合同终止公告,007437,中金新润3个月,关于中金新润3个月定期开放债券型证券投资基金基金合同终止及基金财产清算的公告,2021-09-30,中金,645205
2021,2021-09,FC030010,基金合同终止公告,008815,红塔红土盛平中短债债券,红塔红土盛平中短债债券型证券投资基金基金合同终止及剩余财产分配的公告,2021-09-29,红塔红土,644673
2021,2021-09,FC030010,基金合同终止公告,000113,嘉实如意宝定期债券,嘉实如意宝定期开放债券型证券投资基金基金财产清算及基金合同终止的公告,2021-09-29,嘉实,644695
2021,2021-09,FC030010,基金合同终止公告,007929,天治稳健双鑫债券,天治稳健双鑫债券型证券投资基金基金合同终止及基金财产清算的提示性公告,2021-09-28,天治,644044
2021,2021-09,FC030010,基金合同终止公告,011386,鹏华红利优选混合,鹏华基金管理有限公司关于鹏华红利优选混合型证券投资基金基金合同终止及基金财产清算的公告,2021-09-25,鹏华,643608
2021,2021-09,FC030010,基金合同终止公告,007929,天治稳健双鑫债券,天治稳健双鑫债券型证券投资基金基金合同终止及基金财产清算的提示性公告,2021-09-23,天治,642493
2021,2021-09,FC030010,基金合同终止公告,007929,天治稳健双鑫债券,天治稳健双鑫债券型证券投资基金基金合同终止公告,2021-09-18,天治,642262
2021,2021-09,FC030010,基金合同终止公告,159803,易方达中证浙江新动能ETF(QDII),关于易方达中证浙江新动能交易型开放式指数证券投资基金进入清算期及终止基金合同的公告,2021-09-17,易方达,641503
2021,2021-09,FC030010,基金合同终止公告,159803,易方达中证浙江新动能ETF(QDII),关于易方达中证浙江新动能交易型开放式指数证券投资基金拟清算基金财产及终止基金合同的提示性公告,2021-09-16,易方达,641231
2021,2021-09,FC030010,基金合同终止公告,159803,易方达中证浙江新动能ETF(QDII),关于易方达中证浙江新动能交易型开放式指数证券投资基金拟清算基金财产及终止基金合同的提示性公告,2021-09-15,易方达,640802
2021,2021-09,FC030010,基金合同终止公告,007813,易方达中证浙江新动能ETF联接(QDII),关于易方达中证浙江新动能交易型开放式指数证券投资基金联接基金进入清算期及终止基金合同的公告,2021-09-15,易方达,640803
2021,2021-09,FC030010,基金合同终止公告,007813,易方达中证浙江新动能ETF联接(QDII),关于易方达中证浙江新动能交易型开放式指数证券投资基金联接基金拟清算基金财产及终止基金合同的提示性公告,2021-09-14,易方达,640374
2021,2021-09,FC030010,基金合同终止公告,159803,易方达中证浙江新动能ETF(QDII),关于易方达中证浙江新动能交易型开放式指数证券投资基金拟清算基金财产及终止基金合同的提示性公告,2021-09-14,易方达,640375
2021,2021-09,FC030010,基金合同终止公告,007813,易方达中证浙江新动能ETF联接(QDII),关于易方达中证浙江新动能交易型开放式指数证券投资基金联接基金拟清算基金财产及终止基金合同的提示性公告,2021-09-13,易方达,639991
2021,2021-09,FC030010,基金合同终止公告,159803,易方达中证浙江新动能ETF(QDII),关于易方达中证浙江新动能交易型开放式指数证券投资基金拟清算基金财产及终止基金合同的提示性公告,2021-09-13,易方达,639993
2021,2021-09,FC030010,基金合同终止公告,007813,易方达中证浙江新动能ETF联接(QDII),关于易方达中证浙江新动能交易型开放式指数证券投资基金联接基金拟清算基金财产及终止基金合同的提示性公告,2021-09-10,易方达,639545
2021,2021-09,FC030010,基金合同终止公告,159803,易方达中证浙江新动能ETF(QDII),关于易方达中证浙江新动能交易型开放式指数证券投资基金拟清算基金财产及终止基金合同的提示性公告,2021-09-10,易方达,639550
2021,2021-09,FC030010,基金合同终止公告,007813,易方达中证浙江新动能ETF联接(QDII),关于易方达中证浙江新动能交易型开放式指数证券投资基金联接基金拟清算基金财产及终止基金合同的提示性公告,2021-09-09,易方达,639218
2021,2021-09,FC030010,基金合同终止公告,007813,易方达中证浙江新动能ETF联接(QDII),关于易方达中证浙江新动能交易型开放式指数证券投资基金联接基金拟清算基金财产及终止基金合同的提示性公告,2021-09-08,易方达,638932
2021,2021-10,FC030010,基金合同终止公告,008679,长盛中债1-3年政金债,关于长盛中债1-3年政策性金融债指数证券投资基金基金合同终止及基金财产清算的公告,2021-10-30,长盛,660054
2021,2021-10,FC030010,基金合同终止公告,501055,财通福佑定开混合发起,财通多策略福佑定期开放灵活配置混合型发起式证券投资基金基金合同终止公告,2021-10-30,财通,660058
2021,2021-10,FC030010,基金合同终止公告,160522,博时睿益事件驱动混合（LOF）,关于《博时睿益事件驱动灵活配置混合型证券投资基金（LOF）基金合同》终止的公告,2021-10-25,博时,650144
2021,2021-10,FC030010,基金合同终止公告,006563,安信优享纯债债券,安信基金管理有限责任公司关于安信优享纯债债券型证券投资基金基金合同终止及基金财产清算的公告,2021-10-22,安信,649410
2021,2021-10,FC030010,基金合同终止公告,516870,汽车,银华基金管理股份有限公司关于银华中证800汽车与零部件交易型开放式指数证券投资基金基金合同终止及基金财产清算的公告,2021-10-22,银华,649836
2021,2021-10,FC030010,基金合同终止公告,006343,中金MSCI低波动,关于中金MSCI中国A股国际低波动指数发起式证券投资基金基金合同终止及基金财产清算的公告,2021-10-18,中金,648262
2021,2021-10,FC030010,基金合同终止公告,168106,九泰盈华量化混合,九泰基金管理有限公司关于九泰盈华量化灵活配置混合型证券投资基金（LOF）发生基金合同终止事由暨基金财产清算安排的公告,2021-10-15,九泰,648013
2021,2021-10,FC030010,基金合同终止公告,008364,广发中债3-5年政金债指数,关于广发中债3-5年政策性金融债指数证券投资基金基金合同终止及基金财产清算的公告,2021-10-15,广发,647829
2021,2021-10,FC030010,基金合同终止公告,008360,鹏扬淳选一年定开债券,关于鹏扬淳选一年定期开放债券型发起式证券投资基金基金合同终止及基金财产清算的公告,2021-10-14,鹏扬,647448
2021,2021-10,FC030010,基金合同终止公告,008824,民生加银瑞鑫一年定开债券发起式,关于民生加银瑞鑫一年定期开放债券型发起式证券投资基金基金合同终止及基金财产清算的公告,2021-10-14,民生加银,647482
2021,2021-10,FC030010,基金合同终止公告,007624,华安年年丰定开债,华安年年丰一年定期开放债券型证券投资基金触发基金合同终止情形的公告,2021-10-14,华安,647507
2021,2021-10,FC030010,基金合同终止公告,007929,天治稳健双鑫债券,天治稳健双鑫债券型证券投资基金基金合同终止及基金财产清算的提示性公告,2021-10-12,天治,646580
2021,2021-10,FC030010,基金合同终止公告,007929,天治稳健双鑫债券,天治稳健双鑫债券型证券投资基金基金合同终止及基金财产清算的提示性公告,2021-10-11,天治,646165
2021,2021-10,FC030010,基金合同终止公告,007929,天治稳健双鑫债券,天治稳健双鑫债券型证券投资基金基金合同终止及基金财产清算的提示性公告,2021-10-08,天治,645925
2021,2021-10,FC030010,基金合同终止公告,007697,中金衡益,关于中金衡益增强债券型证券投资基金基金合同终止及基金财产清算的公告,2021-10-01,中金,645996
2021,2021-11,FC030010,基金合同终止公告,006255,中邮中证价值回报量化策略指数,关于中邮中证价值回报量化策略指数型发起式证券投资基金基金合同终止及基金财产清算的公告,2021-11-30,中邮创业,668265
2021,2021-11,FC030010,基金合同终止公告,007813,易方达中证浙江新动能ETF联接(QDII),关于易方达中证浙江新动能交易型开放式指数证券投资基金联接基金基金合同终止及剩余财产分配的公告,2021-11-30,易方达,668153
2021,2021-11,FC030010,基金合同终止公告,001615,中欧睿尚定期开放混合,关于中欧睿尚定期开放混合型发起式证券投资基金合同终止及基金财产清算的公告,2021-11-29,中欧,667187
2021,2021-11,FC030010,基金合同终止公告,003912,泰达宏利启富混合,关于泰达宏利启富灵活配置混合型证券投资基金基金合同终止及财产清算的公告,2021-11-27,宏利,667138
2021,2021-11,FC030010,基金合同终止公告,006563,安信优享纯债债券,关于《安信优享纯债债券型证券投资基金基金合同》终止的公告,2021-11-09,安信,662028
2021,2021-11,FC030010,基金合同终止公告,159803,易方达中证浙江新动能ETF(QDII),关于易方达中证浙江新动能交易型开放式指数证券投资基金基金合同终止及剩余财产分配的公告,2021-11-09,易方达,662136
2021,2021-11,FC030010,基金合同终止公告,006189,国金量化添利,关于国金量化添利定期开放债券型发起式证券投资基金基金合同终止及基金财产清算的公告,2021-11-03,国金,660529
2021,2021-11,FC030010,基金合同终止公告,011679,中银诚利混合,中银基金管理有限公司关于中银诚利混合型证券投资基金基金合同终止及基金财产清算的公告,2021-11-03,中银,660574
2021,2021-12,FC030010,基金合同终止公告,159846,建信中证1000ETF,关于建信中证1000交易型开放式指数证券投资基金基金合同终止及基金财产清算的公告,2021-12-28,建信,677129
2021,2021-12,FC030010,基金合同终止公告,007846,华富中债-0-5年中高等级信用债指数,华富基金管理有限公司关于终止华富中债-0-5年中高等级信用债收益平衡指数证券投资基金基金合同及基金财产清算的公告,2021-12-28,华富,677298
2021,2021-12,FC030010,基金合同终止公告,166904,民生加银平稳添利债券,关于民生加银平稳添利定期开放债券型证券投资基金基金合同终止及基金财产清算的提示性公告,2021-12-27,民生加银,676794
2021,2021-12,FC030010,基金合同终止公告,166904,民生加银平稳添利债券,关于民生加银平稳添利定期开放债券型证券投资基金基金合同终止及基金财产清算的公告,2021-12-25,民生加银,676793
2021,2021-12,FC030010,基金合同终止公告,002866,新华丰盈回报债券,新华丰盈回报债券型证券投资基金基金合同终止公告,2021-12-23,新华,675325
2021,2021-12,FC030010,基金合同终止公告,006578,泰康中证港股通非银指数,关于泰康中证港股通非银行金融主题指数型发起式证券投资基金基金合同终止及基金财产清算的公告,2021-12-22,泰康资产,674867
2021,2021-12,FC030010,基金合同终止公告,010576,民生加银兴利混合,关于民生加银兴利混合型证券投资基金基金合同终止及基金财产清算的公告,2021-12-21,民生加银,674532
2021,2021-12,FC030010,基金合同终止公告,004576,新华恒益量化灵活配置混合,新华恒益量化灵活配置混合型证券投资基金基金合同终止公告,2021-12-16,新华,673174
2021,2021-12,FC030010,基金合同终止公告,009843,中金泰顺12个月,关于中金泰顺12个月定期开放混合型证券投资基金基金合同终止及基金财产清算的公告,2021-12-14,中金,672145
2021,2021-12,FC030010,基金合同终止公告,006358,前海联合泳盛纯债,新疆前海联合泳盛纯债债券型证券投资基金基金合同终止公告,2021-12-11,前海联合,671515
2021,2021-12,FC030010,基金合同终止公告,005418,申万菱信量化驱动混合,申万菱信基金管理有限公司关于申万菱信量化驱动混合型证券投资基金基金合同终止及基金财产清算的公告,2021-12-11,申万菱信,671554
2021,2021-12,FC030010,基金合同终止公告,002643,鹏华兴利混合,鹏华基金管理有限公司关于鹏华兴利混合型证券投资基金基金合同终止及基金财产清算的公告,2021-12-07,鹏华,669760
2021,2021-12,FC030010,基金合同终止公告,001696,南方智造未来股票,关于南方智造未来股票型证券投资基金基金合同终止及剩余财产分配的公告,2021-12-07,南方,670117
2021,2021-12,FC030010,基金合同终止公告,006686,人保安惠三个月定开,人保安惠三个月定期开放债券型发起式证券投资基金基金合同终止及基金财产清算的公告,2021-12-06,人保资产,669427
2021,2021-12,FC030010,基金合同终止公告,003497,银华添泽定期开放债券,银华添泽定期开放债券型证券投资基金基金合同终止及基金财产清算的公告,2021-12-04,银华,669603
2021,2021-12,FC030010,基金合同终止公告,516400,富国中证ESG120策略ETF,富国基金管理有限公司关于富国中证ESG120策略交易型开放式指数证券投资基金发生基金合同终止情形及基金财产清算的公告,2021-12-03,富国,669349
2021,2021-12,FC030010,基金合同终止公告,000951,中银慧享中短利率债债券,中银基金管理有限公司关于中银慧享中短利率债债券型证券投资基金基金合同终止及基金财产清算的公告,2021-12-02,中银,668758
2021,2021-12,FC030010,基金合同终止公告,009389,天弘智荟6个月,天弘基金管理有限公司关于《天弘智荟6个月持有期债券型证券投资基金基金合同》终止的公告,2021-12-02,天弘,668874
2022,2022-01,FC030010,基金合同终止公告,006816,泰康港股通地产指数,泰康中证港股通地产指数型发起式证券投资基金基金合同终止公告,2022-01-29,泰康资产,694976
2022,2022-01,FC030010,基金合同终止公告,005527,中信建投山西国企债,关于《中信建投山西国有企业债定期开放债券型证券投资基金基金合同》终止及基金财产清算结果的公告,2022-01-27,中信建投,694037
2022,2022-01,FC030010,基金合同终止公告,009282,宝盈盈辉纯债,关于宝盈盈辉纯债债券型证券投资基金发生基金合同终止事由并进入基金财产清算程序的公告,2022-01-26,宝盈,693595
2022,2022-01,FC030010,基金合同终止公告,006351,中金MSCI红利,关于中金MSCI中国A股国际红利指数发起式证券投资基金基金合同终止及基金财产清算的公告,2022-01-26,中金,693756
2022,2022-01,FC030010,基金合同终止公告,006349,中金MSCI价值,关于中金MSCI中国A股国际价值指数发起式证券投资基金基金合同终止及基金财产清算的公告,2022-01-26,中金,693763
2022,2022-01,FC030010,基金合同终止公告,003051,农银金利定开债券,农银汇理金利一年定期开放债券型证券投资基金基金合同终止及基金财产清算的公告,2022-01-22,农银汇理,689716
2022,2022-01,FC030010,基金合同终止公告,008813,招商中债-1-3年国开债,招商基金管理有限公司关于招商中债-1-3年国开行债券指数证券投资基金基金合同终止及基金财产清算的公告,2022-01-19,招商,683091
2022,2022-01,FC030010,基金合同终止公告,006822,凯石湛混合,凯石湛混合型证券投资基金基金合同终止公告,2022-01-15,凯石,682133
2022,2022-01,FC030010,基金合同终止公告,008118,嘉实民企精选一年定期债券,关于嘉实民企精选一年定期开放债券型证券投资基金基金财产清算及基金合同终止的公告,2022-01-14,嘉实,681805
2022,2022-01,FC030010,基金合同终止公告,008622,鹏华股息龙头ETF联接,鹏华中证高股息龙头交易型开放式指数证券投资基金联接基金基金合同终止公告,2022-01-07,鹏华,680257
2022,2022-02,FC030010,基金合同终止公告,006698,红土创新沪深300增强,关于红土创新沪深300指数增强型发起式证券投资基金基金合同终止及基金财产清算的公告,2022-02-28,红土创新,699147
2022,2022-02,FC030010,基金合同终止公告,166012,中欧信用增利债券(LOF),中欧信用增利债券型证券投资基金（LOF）基金合同终止及基金财产清算的公告,2022-02-25,中欧,699049
2022,2022-02,FC030010,基金合同终止公告,003394,建信恒安一年定期开放债券,关于建信恒安一年定期开放债券型证券投资基金基金合同终止及基金财产清算的公告,2022-02-24,建信,698744
2022,2022-02,FC030010,基金合同终止公告,003427,建信恒远一年定期开放债券,关于建信恒远一年定期开放债券型证券投资基金基金合同终止及基金财产清算的公告,2022-02-24,建信,698745
2022,2022-02,FC030010,基金合同终止公告,009282,宝盈盈辉纯债,宝盈基金管理有限公司关于《宝盈盈辉纯债债券型证券投资基金基金合同》终止的公告,2022-02-22,宝盈,697919
2022,2022-02,FC030010,基金合同终止公告,006461,人保福泽一年定期开放债券,关于人保福泽纯债一年定期开放债券型证券投资基金基金合同终止及基金财产清算的公告,2022-02-19,人保资产,697622
2022,2022-02,FC030010,基金合同终止公告,007102,民生加银添鑫纯债债券,关于民生加银添鑫纯债债券型证券投资基金基金合同终止及基金财产清算的公告,2022-02-18,民生加银,697236
2022,2022-02,FC030010,基金合同终止公告,008710,宝盈盈顺纯债债券,关于宝盈盈顺纯债债券型证券投资基金发生基金合同终止事由并进入基金财产清算程序的公告,2022-02-10,宝盈,695658
2022,2022-03,FC030010,基金合同终止公告,011023,民生加银汇利混合,关于民生加银汇利混合型证券投资基金基金合同终止的公告,2022-03-31,民生加银,714157
2022,2022-03,FC030010,基金合同终止公告,001839,九泰久兴灵活配置混合,九泰基金管理有限公司关于九泰久兴灵活配置混合型证券投资基金发生基金合同终止事由暨基金财产清算安排的公告,2022-03-30,九泰,710987
2022,2022-03,FC030010,基金合同终止公告,008156,中金中债1-3年政金债指数,关于中金中债1-3年政策性金融债指数证券投资基金基金合同终止及基金财产清算的公告,2022-03-24,中金,705862
2022,2022-03,FC030010,基金合同终止公告,870012,广发资管睿利3年定开债,关于广发资管睿利3年定期开放债券型集合资产管理计划资产管理合同终止及财产清算的公告,2022-03-17,广发资管,703899
2022,2022-03,FC030010,基金合同终止公告,003769,中银品质生活混合,中银品质生活灵活配置混合型证券投资基金基金合同终止及基金财产清算的公告,2022-03-16,中银,703369
2022,2022-03,FC030010,基金合同终止公告,004484,泰达宏利业绩股票,关于泰达宏利业绩驱动量化股票型证券投资基金基金合同终止及财产清算的公告,2022-03-11,宏利,702418
2022,2022-03,FC030010,基金合同终止公告,006788,金鹰添鑫定期开放债券,关于金鹰添鑫定期开放债券型发起式证券投资基金基金合同终止及剩余财产分配的公告,2022-03-09,金鹰,701661
2022,2022-03,FC030010,基金合同终止公告,006778,广发恒生中国企业精明指数(QDII),关于广发恒生中国企业精明指数型发起式证券投资基金（QDII）基金合同终止及基金财产清算的公告,2022-03-08,广发,701330
2022,2022-03,FC030010,基金合同终止公告,008710,宝盈盈顺纯债债券,宝盈盈顺纯债债券型证券投资基金基金合同终止公告,2022-03-01,宝盈,699535
2022,2022-03,FC030010,基金合同终止公告,515690,股息ETF,关于鹏华中证高股息龙头交易型开放式指数证券投资基金基金合同终止及基金财产清算的公告,2022-03-01,鹏华,699597
2022,2022-03,FC030010,基金合同终止公告,006610,银华远见混合发起式,银华远见混合型发起式证券投资基金基金合同终止及基金财产清算的公告,2022-03-01,银华,699600
2022,2022-04,FC030010,基金合同终止公告,006778,广发恒生中国企业精明指数(QDII),关于广发恒生中国企业精明指数型发起式证券投资基金（QDII）基金合同终止及剩余财产分配的公告,2022-04-30,广发,733326
2022,2022-04,FC030010,基金合同终止公告,005832,景顺长城MSCI中国A股国际通ETF联接,关于景顺长城MSCI中国A股国际通交易型开放式指数证券投资基金联接基金基金合同终止及基金财产清算的公告,2022-04-24,景顺长城,731571
2022,2022-04,FC030010,基金合同终止公告,002730,华富华鑫灵活配置混合,华富基金管理有限公司关于终止华富华鑫灵活配置混合型证券投资基金基金合同及基金财产清算的公告,2022-04-16,华富,720001
2022,2022-04,FC030010,基金合同终止公告,006534,农银永盛定期开放混合,农银汇理永盛定期开放混合型证券投资基金基金合同终止公告,2022-04-14,农银汇理,719439
2022,2022-04,FC030010,基金合同终止公告,011595,融通核心趋势混合,融通基金管理有限公司关于融通核心趋势混合型证券投资基金基金合同终止及基金财产清算的公告,2022-04-13,融通,719126
2022,2022-04,FC030010,基金合同终止公告,006930,泰康港股通TMT指数,关于泰康中证港股通TMT主题指数型发起式证券投资基金基金合同终止及基金财产清算的公告,2022-04-06,泰康资产,717620
2022,2022-05,FC030010,基金合同终止公告,004196,泓德裕鑫一年定开债券,泓德基金管理有限公司关于泓德裕鑫纯债一年定期开放债券型证券投资基金基金合同终止及基金财产清算的公告,2022-05-31,泓德,741898
2022,2022-05,FC030010,基金合同终止公告,002740,泓德裕泽一年定开债券,泓德基金管理有限公司关于泓德裕泽纯债一年定期开放债券型证券投资基金基金合同终止及基金财产清算的公告,2022-05-31,泓德,741900
2022,2022-05,FC030010,基金合同终止公告,003739,新华鑫弘灵活配置混合,新华基金管理股份有限公司关于新华鑫弘灵活配置混合型证券投资基金基金合同终止及基金财产清算的公告,2022-05-31,新华,742281
2022,2022-05,FC030010,基金合同终止公告,001859,大摩增值18个月开放债券,摩根士丹利华鑫纯债稳定增值18个月定期开放债券型证券投资基金基金合同终止及基金财产清算的公告,2022-05-28,摩根士丹利,740913
2022,2022-05,FC030010,基金合同终止公告,159809,博时大湾区ETF,关于博时恒生沪深港通大湾区综合交易型开放式指数证券投资基金基金合同终止及剩余财产分配的公告,2022-05-27,博时,740058
2022,2022-05,FC030010,基金合同终止公告,002384,九泰鸿祥服务升级混合,九泰基金管理有限公司关于九泰鸿祥服务升级灵活配置混合型证券投资基金发生基金合同终止事由暨基金财产清算安排的公告,2022-05-24,九泰,738628
2022,2022-05,FC030010,基金合同终止公告,004781,泰信双债增利债券,关于泰信双债增利债券型证券投资基金基金合同终止及基金财产清算的公告,2022-05-19,泰信,737483
2022,2022-05,FC030010,基金合同终止公告,007622,中欧滚利一年滚动持有债券,中欧滚利一年滚动持有债券型证券投资基金基金合同终止及基金财产清算的公告,2022-05-18,中欧,737005
2022,2022-05,FC030010,基金合同终止公告,159897,建信中证物联网主题ETF ,关于建信中证物联网主题交易型开放式指数证券投资基金基金合同终止及基金财产清算的公告,2022-05-12,建信,735111
2022,2022-05,FC030010,基金合同终止公告,012109,融通稳健添瑞灵活配置混合 ,融通基金管理有限公司关于融通稳健添瑞灵活配置混合型证券投资基金基金合同终止及基金财产清算的公告,2022-05-06,融通,733636
2022,2022-06,FC030010,基金合同终止公告,006040,安信永瑞定开债券,安信基金管理有限责任公司关于安信永瑞定期开放债券型发起式证券投资基金基金合同终止及基金财产清算的公告,2022-06-24,安信,749591
2022,2022-06,FC030010,基金合同终止公告,001824,博时沪港深成长企业混合,关于博时沪港深成长企业混合型证券投资基金基金合同终止及剩余财产分配的公告,2022-06-23,博时,749160
2022,2022-06,FC030010,基金合同终止公告,010395,融通稳健添盈灵活配置混合,关于融通稳健添盈灵活配置混合型证券投资基金基金合同终止及基金财产清算的公告,2022-06-22,融通,748683
2022,2022-06,FC030010,基金合同终止公告,011677,中银睿丰回报混合,中银基金管理有限公司关于中银睿丰回报混合型证券投资基金基金合同终止及基金财产清算的公告,2022-06-20,中银,747460
2022,2022-06,FC030010,基金合同终止公告,011375,华宝安益混合,华宝安益混合型证券投资基金基金合同终止公告,2022-06-16,华宝,746216
2022,2022-06,FC030010,基金合同终止公告,007281,嘉合消费升级混合,关于嘉合消费升级混合型发起式证券投资基金基金合同终止及基金财产清算的公告,2022-06-15,嘉合,745741
2022,2022-06,FC030010,基金合同终止公告,002424,博时文体娱乐,关于博时文体娱乐主题混合型证券投资基金基金合同终止及剩余财产分配的公告,2022-06-10,博时,744971
2022,2022-06,FC030010,基金合同终止公告,006199,长盛同锦混合,长盛基金管理有限公司关于长盛同锦研究精选混合型证券投资基金基金合同终止及基金财产清算的公告,2022-06-09,长盛,744225
2022,2022-06,FC030010,基金合同终止公告,006339,银华MSCI中国A股ETF发起式联接,银华MSCI中国A股交易型开放式指数证券投资基金发起式联接基金基金合同终止及基金财产清算的公告,2022-06-06,银华,743536
2022,2022-06,FC030010,基金合同终止公告,011365,鹏扬景颐混合,关于鹏扬景颐混合型证券投资基金基金合同终止及基金财产清算的公告,2022-06-03,鹏扬,743443
2022,2022-06,FC030010,基金合同终止公告,003955,国泰民丰回报定期开放灵活配置混合,关于国泰民丰回报定期开放灵活配置混合型证券投资基金基金合同终止及基金财产清算的公告,2022-06-02,国泰,743214
2022,2022-07,FC030010,基金合同终止公告,007678,泰达宏利品牌升级混合,关于泰达宏利品牌升级混合型证券投资基金基金合同终止及财产清算的公告,2022-07-30,宏利,769744
2022,2022-07,FC030010,基金合同终止公告,004480,华宝智慧产业混合,关于华宝智慧产业灵活配置混合型证券投资基金基金合同终止及基金财产清算的公告,2022-07-28,华宝,769023
2022,2022-07,FC030010,基金合同终止公告,515610,中银800,中银基金管理有限公司关于中银中证800交易型开放式指数证券投资基金基金合同终止及基金财产清算的公告,2022-07-22,中银,767799
2022,2022-07,FC030010,基金合同终止公告,008598,宝盈中债1-3年国开行债券指数,宝盈基金管理有限公司关于《宝盈中债1-3年国开行债券指数证券投资基金基金合同》终止的公告,2022-07-15,宝盈,756512
2022,2022-07,FC030010,基金合同终止公告,006040,安信永瑞定开债券,关于《安信永瑞定期开放债券型发起式证券投资基金基金合同》终止的公告,2022-07-14,安信,756094
2022,2022-07,FC030010,基金合同终止公告,009470,东方欣利混合,东方欣利混合型证券投资基金基金合同终止公告,2022-07-13,东方,755702
2022,2022-07,FC030010,基金合同终止公告,012084,博时睿弘一年定开混合,博时基金管理有限公司关于博时睿弘一年定期开放混合型证券投资基金基金合同终止及基金财产清算的公告,2022-07-13,博时,755812
2022,2022-07,FC030010,基金合同终止公告,002719,融通增祥三个月定开债券发起式,关于融通增祥三个月定期开放债券型发起式证券投资基金基金合同终止及基金财产清算的公告,2022-07-12,融通,755334
2022,2022-07,FC030010,基金合同终止公告,007641,泰达宏利鑫利债券,关于泰达宏利鑫利半年定期开放债券型证券投资基金基金合同终止及财产清算的公告,2022-07-11,宏利,754946
2022,2022-07,FC030010,基金合同终止公告,002476,博时安瑞18个月定开债,关于《博时安瑞18个月定期开放债券型证券投资基金基金合同》终止的公告,2022-07-01,博时,752876
2022,2022-08,FC030010,基金合同终止公告,005479,安信永泰定开债券,关于《安信永泰定期开放债券型发起式证券投资基金基金合同》终止的公告,2022-08-19,安信,775104
2022,2022-08,FC030010,基金合同终止公告,003065,光大保德信尊富18个月债券,光大保德信基金管理有限公司关于光大保德信尊富18个月定期开放债券型证券投资基金基金合同终止及基金财产清算公告,2022-08-19,光大保德信,775122
2022,2022-08,FC030010,基金合同终止公告,159951,嘉实中关村A股ETF,关于嘉实中关村A股交易型开放式指数证券投资基金基金合同终止及基金财产清算的公告,2022-08-17,嘉实,773992
2022,2022-08,FC030010,基金合同终止公告,159951,嘉实中关村A股ETF,关于嘉实中关村A股交易型开放式指数证券投资基金基金合同终止及基金财产清算的提示性公告,2022-08-16,嘉实,773687
2022,2022-08,FC030010,基金合同终止公告,012084,博时睿弘一年定开混合,关于《博时睿弘一年定期开放混合型证券投资基金基金合同》终止的公告,2022-08-15,博时,773407
2022,2022-08,FC030010,基金合同终止公告,159951,嘉实中关村A股ETF,关于嘉实中关村A股交易型开放式指数证券投资基金基金合同终止及基金财产清算的提示性公告,2022-08-15,嘉实,773244
2022,2022-08,FC030010,基金合同终止公告,920012,集合-中金汇越定开,关于中金汇越量化对冲策略3个月定期开放灵活配置混合型集合资产管理计划资产管理合同终止及集合计划财产清算的公告,2022-08-12,中金公司,773215
2022,2022-08,FC030010,基金合同终止公告,159951,嘉实中关村A股ETF,关于嘉实中关村A股交易型开放式指数证券投资基金基金合同终止及基金财产清算的提示性公告,2022-08-12,嘉实,773049
2022,2022-08,FC030010,基金合同终止公告,159951,嘉实中关村A股ETF,关于嘉实中关村A股交易型开放式指数证券投资基金基金合同终止及基金财产清算的提示性公告,2022-08-11,嘉实,772573
2022,2022-08,FC030010,基金合同终止公告,004652,建信鑫利回报灵活配置混合,关于建信鑫利回报灵活配置混合型证券投资基金基金合同终止及基金财产清算的公告,2022-08-10,建信,772443
2022,2022-08,FC030010,基金合同终止公告,159951,嘉实中关村A股ETF,关于嘉实中关村A股交易型开放式指数证券投资基金基金合同终止及基金财产清算的提示性公告,2022-08-10,嘉实,772303
2022,2022-08,FC030010,基金合同终止公告,004668,建信鑫泽回报灵活配置混合,关于建信鑫泽回报灵活配置混合型证券投资基金基金合同终止及基金财产清算的公告,2022-08-09,建信,772117
2022,2022-08,FC030010,基金合同终止公告,159951,嘉实中关村A股ETF,关于嘉实中关村A股交易型开放式指数证券投资基金基金合同终止及基金财产清算的提示性公告,2022-08-09,嘉实,771887
2022,2022-08,FC030010,基金合同终止公告,005479,安信永泰定开债券,安信基金管理有限责任公司关于安信永泰定期开放债券型发起式证券投资基金基金合同终止及基金财产清算的公告,2022-08-05,安信,770776
2022,2022-08,FC030010,基金合同终止公告,006727,博时中债3-5进出口行,关于《博时中债3-5年进出口行债券指数证券投资基金基金合同》终止的公告,2022-08-04,博时,770569
2022,2022-09,FC030010,基金合同终止公告,013739,百嘉聚利混合,关于百嘉聚利混合型证券投资基金基金合同终止及剩余财产分配的公告,2022-09-30,百嘉,796681
2022,2022-09,FC030010,基金合同终止公告,010999,兴华瑞丰混合,关于兴华瑞丰混合型证券投资基金基金合同终止及剩余财产分配的公告,2022-09-28,兴华,795303
2022,2022-09,FC030010,基金合同终止公告,000246,博时月月薪债券,博时基金管理有限公司关于博时月月薪定期支付债券型证券投资基金基金合同终止及基金财产清算的公告,2022-09-28,博时,795374
2022,2022-09,FC030010,基金合同终止公告,007613,嘉合医疗健康混合,关于嘉合医疗健康混合型发起式证券投资基金基金合同终止及基金财产清算的公告,2022-09-27,嘉合,794705
2022,2022-09,FC030010,基金合同终止公告,002789,长盛同享混合,长盛基金管理有限公司关于长盛同享灵活配置混合型证券投资基金基金合同终止及基金财产清算的公告,2022-09-27,长盛,794834
2022,2022-09,FC030010,基金合同终止公告,001686,安信新动力混合,关于《安信新动力灵活配置混合型证券投资基金基金合同》终止的公告,2022-09-27,安信,794888
2022,2022-09,FC030010,基金合同终止公告,516680,建信中证细分有色金属产业主题ETF ,关于建信中证细分有色金属产业主题交易型开放式指数证券投资基金基金合同终止及基金财产清算的公告,2022-09-16,建信,792410
2022,2022-09,FC030010,基金合同终止公告,003658,长盛量化多策略,长盛基金管理有限公司关于长盛量化多策略灵活配置混合型证券投资基金基金合同终止及基金财产清算的公告,2022-09-15,长盛,791835
2022,2022-09,FC030010,基金合同终止公告,004775,嘉实新添泽定期混合,关于嘉实新添泽定期开放混合型证券投资基金基金财产清算及基金合同终止的公告,2022-09-15,嘉实,792014
2022,2022-09,FC030010,基金合同终止公告,008454,中信保诚中债1-3年国开行,关于《中信保诚中债1-3年国开行债券指数证券投资基金基金合同》终止的公告,2022-09-13,中信保诚,791149
2022,2022-09,FC030010,基金合同终止公告,007628,南方全球精选债券发起（QDII）,关于南方全球精选债券型发起式证券投资基金（QDII）基金合同终止及剩余财产分配的公告,2022-09-09,南方,791050
2022,2022-09,FC030010,基金合同终止公告,000708,华安安享混合,关于华安安享灵活配置混合型证券投资基金触发基金合同终止情形的公告,2022-09-02,华安,789414
2022,2022-10,FC030010,基金合同终止公告,009320,中信保诚中债1-3年农发行,关于《中信保诚中债1-3年农发行债券指数证券投资基金基金合同》终止的公告,2022-10-31,中信保诚,812382
2022,2022-10,FC030010,基金合同终止公告,001733,泰达宏利量化股票,关于泰达宏利量化增强股票型证券投资基金基金合同终止及财产清算的公告,2022-10-21,宏利,800230
2022,2022-10,FC030010,基金合同终止公告,006583,中信保诚景泰债券,关于《中信保诚景泰债券型证券投资基金基金合同》终止的公告,2022-10-21,中信保诚,800232
2022,2022-10,FC030010,基金合同终止公告,159986,弘毅远方国证消费100ETF,关于弘毅远方国证消费100交易型开放式指数证券投资基金基金合同终止及基金财产清算的公告,2022-10-20,弘毅远方,799977
2022,2022-10,FC030010,基金合同终止公告,007366,易方达中债3-5年政金债指数,关于易方达中债3-5年政策性金融债指数证券投资基金基金合同终止及剩余财产分配的公告,2022-10-20,易方达,800133
2022,2022-10,FC030010,基金合同终止公告,009191,中信保诚景裕中短债,关于《中信保诚景裕中短债债券型证券投资基金基金合同》终止的公告,2022-10-19,中信保诚,799770
2022,2022-10,FC030010,基金合同终止公告,005185,国泰招惠收益定期开放债券,关于国泰招惠收益定期开放债券型证券投资基金基金合同终止及基金财产清算的公告,2022-10-17,国泰,799017
2022,2022-11,FC030010,基金合同终止公告,007274,景顺长城养老目标日期2045五年持有期混合FOF,关于景顺长城养老目标日期2045五年持有期混合型发起式基金中基金(FOF)基金合同终止及基金财产清算的公告,2022-11-26,景顺长城,821435
2022,2022-11,FC030010,基金合同终止公告,004397,长盛信息安全量化,长盛基金管理有限公司关于长盛信息安全量化策略灵活配置混合型证券投资基金基金合同终止及基金财产清算的公告,2022-11-19,长盛,818950
2022,2022-11,FC030010,基金合同终止公告,003273,安信永丰定开债券,关于《安信永丰定期开放债券型证券投资基金基金合同》终止的公告,2022-11-08,安信,814649
2022,2022-11,FC030010,基金合同终止公告,009502,国寿安保创新医药股票,国寿安保创新医药股票型证券投资基金关于基金合同终止的公告,2022-11-04,国寿安保,813855
2022,2022-11,FC030010,基金合同终止公告,010066,方正富邦中证500指数增强,方正富邦基金管理有限公司关于方正富邦中证500指数增强型证券投资基金基金合同终止及剩余财产分配的公告,2022-11-04,方正富邦,813924
2022,2022-11,FC030010,基金合同终止公告,561150,富国中证500ESG基准ETF,富国基金管理有限公司关于富国中证500ESG基准交易型开放式指数证券投资基金发生基金合同终止情形及基金财产清算的公告,2022-11-04,富国,814074
2022,2022-11,FC030010,基金合同终止公告,000246,博时月月薪债券,关于《博时月月薪定期支付债券型证券投资基金基金合同》终止的公告,2022-11-01,博时,812849
2022,2022-12,FC030010,基金合同终止公告,011675,长城中债1-5年国开债指数,关于《长城中债1-5年国开行债券指数证券投资基金基金合同》终止的公告,2022-12-30,长城,833155
2022,2022-12,FC030010,基金合同终止公告,002023,红塔红土稳健回报,红塔红土稳健回报灵活配置混合型发起式证券投资基金基金合同终止及剩余财产分配的公告,2022-12-29,红塔红土,832316
2022,2022-12,FC030010,基金合同终止公告,008461,平安盈丰积极配置三个月持有期混合(FOF),平安盈丰积极配置三个月持有期混合型发起式基金中基金（FOF）基金合同终止及基金财产清算的公告,2022-12-28,平安,831663
2022,2022-12,FC030010,基金合同终止公告,008768,创金合信上证超大盘量化,关于创金合信上证超大盘量化精选股票型发起式证券投资基金基金合同终止及基金财产清算的公告,2022-12-28,创金合信,831667
2022,2022-12,FC030010,基金合同终止公告,015416,泰康中证新能源动力电池指数,泰康基金管理有限公司关于泰康中证新能源动力电池指数型证券投资基金基金合同终止及基金财产清算的公告,2022-12-21,泰康,829251
2022,2022-12,FC030010,基金合同终止公告,008093,同泰慧选混合,同泰慧选混合型发起式证券投资基金基金合同终止公告,2022-12-19,同泰,828224
2022,2022-12,FC030010,基金合同终止公告,006143,恒生前海中证质量成长低波动指数,恒生前海中证质量成长低波动指数证券投资基金基金合同终止公告,2022-12-17,恒生前海,828205
2022,2022-12,FC030010,基金合同终止公告,009753,中欧美益稳健两年混合,中欧美益稳健两年持有期混合型证券投资基金基金合同终止及基金财产清算的公告,2022-12-15,中欧,827609
2022,2022-12,FC030010,基金合同终止公告,001141,泰达宏利创盈混合,关于泰达宏利创盈灵活配置混合型证券投资基金基金合同终止及财产清算的公告,2022-12-09,宏利,825575
2022,2022-12,FC030010,基金合同终止公告,008202,中银恒裕9个月持有期债券,中银基金管理有限公司关于中银恒裕9个月持有期债券型证券投资基金基金合同终止及基金财产清算的公告,2022-12-08,中银,824988
2022,2022-12,FC030010,基金合同终止公告,011675,长城中债1-5年国开债指数,长城中债1-5年国开行债券指数证券投资基金基金合同终止与财产清算的公告,2022-12-03,长城,824017
2023,2023-01,FC030010,基金合同终止公告,016000,博时时代精选混合,关于《博时时代精选混合型证券投资基金基金合同》终止的公告,2023-01-19,博时,839506
2023,2023-01,FC030010,基金合同终止公告,005247,国都量化精选,国都量化精选混合型证券投资基金基金合同终止公告,2023-01-12,国都证券,835496
2023,2023-01,FC030010,基金合同终止公告,009186,天弘聚新三个月定开,天弘基金管理有限公司关于《天弘聚新三个月定期开放混合型证券投资基金基金合同》终止的公告,2023-01-06,天弘,834328
2023,2023-01,FC030010,基金合同终止公告,515870,嘉实先进制造100ETF,关于嘉实中证先进制造100策略交易型开放式指数证券投资基金基金合同终止及基金财产清算的公告,2023-01-04,嘉实,833647
2023,2023-01,FC030010,基金合同终止公告,008518,弘毅远方经济新动力混合,弘毅远方经济新动力混合型发起式证券投资基金基金合同终止公告,2023-01-03,弘毅远方,833299
2023,2023-02,FC030010,基金合同终止公告,007688,泰达养老2040三年持有混合FOF,关于泰达宏利养老目标日期2040三年持有期混合型发起式基金中基金（FOF）基金合同终止及财产清算的公告,2023-02-28,宏利,855045
2023,2023-02,FC030010,基金合同终止公告,005027,光大保德信多策略优选一年灵活配置混合,光大保德信基金管理有限公司关于光大保德信多策略优选一年定期开放灵活配置混合型证券投资基金基金合同终止及基金财产清算公告,2023-02-23,光大保德信,853717
2023,2023-02,FC030010,基金合同终止公告,011958,宝盈中债3-5年国开行债券指数,宝盈中债3-5年国开行债券指数证券投资基金基金合同终止公告,2023-02-21,宝盈,853108
2023,2023-02,FC030010,基金合同终止公告,009627,天弘睿新三个月定开,天弘基金管理有限公司关于《天弘睿新三个月定期开放混合型证券投资基金基金合同》终止的公告,2023-02-13,天弘,850826
2023,2023-03,FC030010,基金合同终止公告,011438,红塔红土盛昌优选混合型,红塔红土盛昌优选混合型证券投资基金基金合同终止及剩余财产分配的公告,2023-03-30,红塔红土,865750
2023,2023-03,FC030010,基金合同终止公告,014613,南方固元6个月持有债券,关于南方固元6个月持有期债券型证券投资基金基金合同终止及剩余财产分配公告,2023-03-28,南方,863166
2023,2023-03,FC030010,基金合同终止公告,159832,平安上海金ETF,关于平安上海金交易型开放式证券投资基金基金合同终止及基金财产清算的公告,2023-03-23,平安,861728
2023,2023-03,FC030010,基金合同终止公告,004891,华润元大成长精选,关于华润元大成长精选股票型发起式证券投资基金基金合同终止及基金财产清算的公告,2023-03-20,华润元大,860134
2023,2023-03,FC030010,基金合同终止公告,004769,申万菱信价值优先混合,关于申万菱信价值优先混合型证券投资基金基金合同终止及基金财产清算的公告,2023-03-17,申万菱信,859822
2023,2023-03,FC030010,基金合同终止公告,001419,泰达宏利新思路混合,关于泰达宏利新思路灵活配置混合型证券投资基金基金合同终止及财产清算的公告,2023-03-16,宏利,859430
2023,2023-03,FC030010,基金合同终止公告,004033,金鹰添荣纯债债券,金鹰添荣纯债债券型证券投资基金基金合同终止公告,2023-03-15,金鹰,859119
2023,2023-03,FC030010,基金合同终止公告,519134,海富通富祥混合,关于海富通富祥混合型证券投资基金基金合同终止及基金财产清算的公告,2023-03-13,海富通,858411
2023,2023-03,FC030010,基金合同终止公告,015112,长盛精选行业轮动混合,关于长盛精选行业轮动混合型证券投资基金基金合同终止及基金财产清算的公告,2023-03-11,长盛,858151
2023,2023-03,FC030010,基金合同终止公告,008533,惠升惠兴混合,关于惠升惠兴混合型证券投资基金基金合同终止及基金财产清算的公告,2023-03-09,惠升,857683
2023,2023-03,FC030010,基金合同终止公告,009044,浦银安盛盛毅一年定开债券,关于浦银安盛盛毅一年定期开放债券型发起式证券投资基金基金合同终止及基金财产清算的公告,2023-03-08,浦银基金,857351
2023,2023-04,FC030010,基金合同终止公告,009161,摩根锦程积极养老五年持有混合(FOF),关于摩根锦程积极成长养老目标五年持有期混合型发起式基金中基金(FOF)基金合同终止及基金财产清算的公告,2023-04-30,摩根,892305
2023,2023-04,FC030010,基金合同终止公告,008837,融通通益混合,关于融通通益混合型证券投资基金基金合同终止及基金财产清算的公告,2023-04-29,融通,892311
2023,2023-04,FC030010,基金合同终止公告,980003,太平洋证券六个月滚动持有债券,关于太平洋证券六个月滚动持有债券型集合资产管理计划合同终止及财产清算的公告,2023-04-27,太平洋证券,891082
2023,2023-04,FC030010,基金合同终止公告,001185,安信动态策略混合,关于《安信动态策略灵活配置混合型证券投资基金基金合同》 终止的公告,2023-04-24,安信,888008
2023,2023-04,FC030010,基金合同终止公告,009140,永赢竞争力精选混合,永赢基金管理有限公司关于永赢竞争力精选混合型发起式证券投资基金基金合同终止及基金财产清算的公告,2023-04-24,永赢,888961
2023,2023-04,FC030010,基金合同终止公告,160524,博时弘泰定开混合,关于博时弘泰定期开放混合型证券投资基金基金合同终止及剩余财产分配的公告,2023-04-19,博时,878794
2023,2023-04,FC030010,基金合同终止公告,002220,南方瑞利灵活配置混合,关于南方瑞利灵活配置混合型证券投资基金基金合同终止及剩余财产分配公告,2023-04-14,南方,877835
2023,2023-04,FC030010,基金合同终止公告,009384,大摩MSCI中国A股增强,关于摩根士丹利华鑫MSCI中国A股指数增强型证券投资基金基金合同终止及基金财产清算的公告,2023-04-12,摩根士丹利,876945
2023,2023-05,FC030010,基金合同终止公告,006818,安信盈利驱动股票,关于《安信盈利驱动股票型证券投资基金基金合同》终止的公告,2023-05-31,安信,900914
2023,2023-05,FC030010,基金合同终止公告,007257,凯石沣混合,凯石沣混合型证券投资基金基金合同终止公告,2023-05-31,凯石,900289
2023,2023-05,FC030010,基金合同终止公告,159833,上海金基,关于大成上海金交易型开放式证券投资基金基金合同终止及基金财产清算的公告,2023-05-30,大成,899797
2023,2023-05,FC030010,基金合同终止公告,013759,招商精选平衡混合,招商基金管理有限公司关于招商精选平衡混合型证券投资基金基金合同终止及基金财产清算的公告,2023-05-27,招商,899327
2023,2023-05,FC030010,基金合同终止公告,011750,博时恒兴一年定开混合,博时基金管理有限公司关于博时恒兴一年定期开放混合型证券投资基金基金合同终止及基金财产清算的公告,2023-05-24,博时,897830
2023,2023-05,FC030010,基金合同终止公告,004353,嘉实新添华定期混合,关于嘉实新添华定期开放混合型证券投资基金基金财产清算及基金合同终止的公告,2023-05-19,嘉实,896352
2023,2023-05,FC030010,基金合同终止公告,009079,南方粤港澳大湾区创新100ETF发起联接,关于南方粤港澳大湾区创新100交易型开放式指数证券投资基金发起式联接基金基金合同终止及剩余财产分配的公告,2023-05-17,南方,895239
2023,2023-05,FC030010,基金合同终止公告,970001,天泽六个月定开债,天风证券天泽六个月定期开放债券型集合资产管理计划基金合同终止公告,2023-05-12,天风资管,894317
2023,2023-05,FC030010,基金合同终止公告,007933,嘉合永泰优选三个月持有混合（FOF）,关于嘉合永泰优选三个月持有期混合型发起式基金中基金(FOF)基金合同终止及基金财产清算的公告,2023-05-10,嘉合,893635
2023,2023-06,FC030010,基金合同终止公告,009513,创金合信同顺创业板精选股票,关于创金合信同顺创业板精选股票型发起式证券投资基金基金合同终止及基金财产清算的公告,2023-06-30,创金合信,911525
2023,2023-06,FC030010,基金合同终止公告,165510,信诚四国配置（QDII-FOF-LOF）,关于《信诚金砖四国积极配置证券投资基金（LOF）基金合同》终止的公告,2023-06-29,中信保诚,910443
2023,2023-06,FC030010,基金合同终止公告,010078,博时恒荣一年混合,关于博时恒荣一年持有期混合型证券投资基金基金合同终止的公告,2023-06-29,博时,910460
2023,2023-06,FC030010,基金合同终止公告,011750,博时恒兴一年定开混合,关于博时恒兴一年定期开放混合型证券投资基金基金合同终止的公告,2023-06-27,博时,909392
2023,2023-06,FC030010,基金合同终止公告,010762,博时恒康持有期混合,博时基金管理有限公司关于博时恒康一年持有期混合型证券投资基金基金合同终止及基金财产清算的公告,2023-06-27,博时,909396
2023,2023-06,FC030010,基金合同终止公告,013198,南方季季享90天滚动持有债券,关于南方季季享90天滚动持有债券型证券投资基金基金合同终止及剩余财产分配的公告,2023-06-27,南方,909497
2023,2023-06,FC030010,基金合同终止公告,008753,大成兴享平衡养老三年持有混合（FOF）,关于大成兴享平衡养老目标三年持有期混合型发起式基金中基金(FOF)基金合同终止及基金财产清算的公告,2023-06-20,大成,907569
2023,2023-06,FC030010,基金合同终止公告,009528,建信中债湖北省政府债指数,建信中债湖北省地方政府债指数发起式证券投资基金基金合同终止公告,2023-06-17,建信,907358
2023,2023-06,FC030010,基金合同终止公告,011581,鹏华安源5个月持有期混合,鹏华安源5个月持有期混合型证券投资基金基金合同终止公告,2023-06-14,鹏华,905424
2023,2023-06,FC030010,基金合同终止公告,007923,方正富邦天鑫混合,方正富邦基金管理有限公司关于方正富邦天鑫灵活配置混合型证券投资基金基金合同终止及剩余财产分配的公告,2023-06-09,方正富邦,904259
2023,2023-06,FC030010,基金合同终止公告,004801,浦银安盛安久回报定开混合,关于浦银安盛安久回报定期开放混合型证券投资基金基金合同终止及基金财产清算的公告,2023-06-01,浦银基金,901732
2023,2023-07,FC030010,基金合同终止公告,014894,东吴中债1-3年政金债指数,关于东吴中债1-3年政策性金融债指数证券投资基金基金合同终止及基金财产清算的公告,2023-07-28,东吴,938417
2023,2023-07,FC030010,基金合同终止公告,010762,博时恒康持有期混合,关于博时恒康一年持有期混合型证券投资基金基金合同终止的公告,2023-07-27,博时,938213
2023,2023-07,FC030010,基金合同终止公告,008479,景顺长城泰申回报混合,关于景顺长城泰申回报混合型证券投资基金基金合同终止及基金财产清算的公告,2023-07-27,景顺长城,938291
2023,2023-07,FC030010,基金合同终止公告,004930,华润元大价值优选,关于华润元大价值优选混合型发起式证券投资基金基金合同终止及基金财产清算的公告,2023-07-25,华润元大,937649
2023,2023-07,FC030010,基金合同终止公告,002430,中银丰利混合,中银基金管理有限公司关于中银丰利灵活配置混合型证券投资基金基金合同终止及基金财产清算的公告,2023-07-20,中银,927785
2023,2023-07,FC030010,基金合同终止公告,005264,国都多策略,关于《国都多策略混合型证券投资基金基金合同》终止的公告,2023-07-20,国都证券,927811
2023,2023-07,FC030010,基金合同终止公告,015354,长城鑫享90天滚动持有中短债,长城鑫享90天滚动持有中短债债券型证券投资基金基金合同终止与财产清算的公告,2023-07-15,长城,923380
2023,2023-07,FC030010,基金合同终止公告,501027,国泰融信灵活配置混合（LOF）,关于国泰融信灵活配置混合型证券投资基金（LOF）基金合同终止及基金财产清算的公告,2023-07-13,国泰,922137
2023,2023-07,FC030010,基金合同终止公告,000463,华商双债丰利债券,关于《华商双债丰利债券型证券投资基金基金合同》终止的公告,2023-07-12,华商,920194
2023,2023-07,FC030010,基金合同终止公告,008884,博远博锐混合,关于博远博锐混合型发起式证券投资基金基金合同终止及基金财产清算的公告,2023-07-10,博远,914059
2023,2023-07,FC030010,基金合同终止公告,009788,前海开源惠泽两年定开债券,关于前海开源惠泽两年定期开放债券型发起式证券投资基金基金合同终止及基金财产清算的公告,2023-07-10,前海开源,914186
2023,2023-07,FC030010,基金合同终止公告,002413,中银瑞利混合,中银基金管理有限公司关于中银瑞利灵活配置混合型证券投资基金基金合同终止及基金财产清算的公告,2023-07-08,中银,914081
2023,2023-07,FC030010,基金合同终止公告,004284,华宝新优选混合,关于华宝新优选一年定期开放灵活配置混合型证券投资基金基金合同终止及基金财产清算的公告,2023-07-07,华宝,913544
2023,2023-07,FC030010,基金合同终止公告,002618,中银裕利混合,中银基金管理有限公司关于中银裕利灵活配置混合型证券投资基金基金合同终止及基金财产清算的公告,2023-07-07,中银,913748
2023,2023-07,FC030010,基金合同终止公告,001967,华宝转型升级混合,关于华宝转型升级灵活配置混合型证券投资基金基金合同终止及基金财产清算的公告,2023-07-06,华宝,913216
2023,2023-07,FC030010,基金合同终止公告,010822,景顺长城顺安回报混合,关于景顺长城顺安回报混合型证券投资基金基金合同终止及基金财产清算的公告,2023-07-05,景顺长城,912969
2023,2023-07,FC030010,基金合同终止公告,159984,南方粤港澳大湾区创新100ETF,关于南方粤港澳大湾区创新100交易型开放式指数证券投资基金基金合同终止及基金财产清算的公告,2023-07-05,南方,913046
2023,2023-07,FC030010,基金合同终止公告,010822,景顺长城顺安回报混合,关于景顺长城顺安回报混合型证券投资基金基金合同终止及基金财产清算的公告,2023-07-04,景顺长城,912341
2023,2023-07,FC030010,基金合同终止公告,012302,浦银安盛鑫福混合,关于浦银安盛鑫福混合型证券投资基金基金合同终止及基金财产清算的公告,2023-07-04,浦银基金,912365
2023,2023-08,FC030010,基金合同终止公告,008930,中加安瑞平衡养老三年,关于中加安瑞平衡养老目标三年持有期混合型发起式基金中基金（FOF）基金合同终止及基金财产清算的公告,2023-08-28,中加,954171
2023,2023-08,FC030010,基金合同终止公告,009733,创金合信港股通大消费精选股票,关于创金合信港股通大消费精选股票型发起式证券投资基金基金合同终止及基金财产清算的公告,2023-08-28,创金合信,953982
2023,2023-08,FC030010,基金合同终止公告,010638,银华信用精选15个月定期开放债券,银华基金管理股份有限公司关于银华信用精选15个月定期开放债券型证券投资基金基金合同终止及基金财产清算的公告,2023-08-25,银华,952637
2023,2023-08,FC030010,基金合同终止公告,002111,华宝新起点混合,关于华宝新起点灵活配置混合型证券投资基金基金合同终止及基金财产清算的公告,2023-08-24,华宝,950533
2023,2023-08,FC030010,基金合同终止公告,009925,博时恒利持有期债券,关于博时恒利6个月持有期债券型证券投资基金基金合同终止的公告,2023-08-23,博时,950407
2023,2023-08,FC030010,基金合同终止公告,002558,博时鑫瑞混合,关于博时鑫瑞灵活配置混合型证券投资基金基金合同终止的公告,2023-08-19,博时,949457
2023,2023-08,FC030010,基金合同终止公告,002813,博时颐泰混合,关于博时颐泰混合型证券投资基金基金合同终止的公告,2023-08-18,博时,947880
2023,2023-08,FC030010,基金合同终止公告,159984,南方粤港澳大湾区创新100ETF,关于南方粤港澳大湾区创新100交易型开放式指数证券投资基金基金合同终止及剩余财产分配公告,2023-08-15,南方,945272
2023,2023-08,FC030010,基金合同终止公告,004928,华润元大欣享混合,关于华润元大欣享混合型发起式证券投资基金基金合同终止及基金财产清算的公告,2023-08-11,华润元大,943336
2023,2023-08,FC030010,基金合同终止公告,015354,长城鑫享90天滚动持有中短债,关于《长城鑫享90天滚动持有中短债债券型证券投资基金基金合同》终止的公告,2023-08-10,长城,942891
2023,2023-08,FC030010,基金合同终止公告,008709,银河龙头股票,银河基金管理有限公司关于银河龙头精选股票型发起式证券投资基金基金合同终止及基金财产清算的公告,2023-08-07,银河,941423
2023,2023-08,FC030010,基金合同终止公告,006157,财通量化核心优选混合,关于财通量化核心优选混合型证券投资基金基金合同终止及基金财产清算的公告,2023-08-01,财通,940067
2023,2023-09,FC030010,基金合同终止公告,006201,景顺长城量化先锋混合,关于景顺长城量化先锋混合型证券投资基金基金合同终止及基金财产清算的公告,2023-09-29,景顺长城,979043
2023,2023-09,FC030010,基金合同终止公告,003831,建信鑫瑞回报灵活配置混合,关于建信鑫瑞回报灵活配置混合型证券投资基金基金合同终止及基金财产清算的公告,2023-09-27,建信,977162
2023,2023-09,FC030010,基金合同终止公告,006658,财通中证香港红利等权投资指数,财通基金管理有限公司关于财通中证香港红利等权投资指数型证券投资基金基金合同终止及基金财产清算的第二次提示性公告,2023-09-25,财通,976133
2023,2023-09,FC030010,基金合同终止公告,008061,惠升惠新混合,关于惠升惠新灵活配置混合型证券投资基金基金合同终止及基金财产清算的公告,2023-09-22,惠升,975191
2023,2023-09,FC030010,基金合同终止公告,015737,长盛均衡回报混合,长盛基金管理有限公司关于长盛均衡回报混合型证券投资基金基金合同终止及基金财产清算的公告,2023-09-19,长盛,973824
2023,2023-09,FC030010,基金合同终止公告,160814,长盛中证金融地产指数（LOF）,长盛基金管理有限公司关于长盛中证金融地产指数证券投资基金（LOF）基金合同终止及基金财产清算的公告,2023-09-19,长盛,973826
2023,2023-09,FC030010,基金合同终止公告,006658,财通中证香港红利等权投资指数,财通基金管理有限公司关于财通中证香港红利等权投资指数型证券投资基金基金合同终止及基金财产清算的第一次提示性公告,2023-09-18,财通,973426
2023,2023-09,FC030010,基金合同终止公告,003601,申万菱信安鑫精选混合,关于申万菱信安鑫精选混合型证券投资基金基金合同终止及基金财产清算的公告,2023-09-16,申万菱信,973181
2023,2023-09,FC030010,基金合同终止公告,160519,博时睿利事件驱动混合（LOF）,关于博时睿利事件驱动灵活配置混合型证券投资基金（LOF）基金合同终止的公告,2023-09-16,博时,973492
2023,2023-09,FC030010,基金合同终止公告,006203,前海联合泳祺纯债,新疆前海联合泳祺纯债债券型证券投资基金基金合同终止公告,2023-09-14,前海联合,972205
2023,2023-09,FC030010,基金合同终止公告,008890,中邮价值优选一年定期开放灵活配置混合,中邮价值优选一年定期开放灵活配置混合型发起式证券投资基金基金合同终止公告,2023-09-11,中邮创业,971078
2023,2023-09,FC030010,基金合同终止公告,010060,华泰柏瑞景利混合,华泰柏瑞景利混合型证券投资基金基金合同终止及基金财产清算的公告,2023-09-06,华泰柏瑞,968880
2023,2023-09,FC030010,基金合同终止公告,006658,财通中证香港红利等权投资指数,财通基金管理有限公司关于财通中证香港红利等权投资指数型证券投资基金基金合同终止及基金财产清算的公告,2023-09-04,财通,968437
2023,2023-10,FC030010,基金合同终止公告,009436,长城恒泰养老2040三年混合FOF,长城恒泰养老目标日期2040三年持有期混合型发起式基金中基金（FOF）基金合同终止与财产清算的公告,2023-10-28,长城,995285
2023,2023-10,FC030010,基金合同终止公告,005702,恒生前海港股通高股息低波动指数,恒生前海港股通高股息低波动指数证券投资基金基金合同终止公告,2023-10-26,恒生前海,994370
2023,2023-10,FC030010,基金合同终止公告,005325,景顺长城泰恒回报混合,关于景顺长城泰恒回报灵活配置混合型证券投资基金基金合同终止及基金财产清算的公告,2023-10-26,景顺长城,994591
2023,2023-10,FC030010,基金合同终止公告,010046,博时金福安一年持有混合（FOF）,关于博时金福安一年持有期混合型发起式基金中基金（FOF）基金合同终止的公告,2023-10-25,博时,991679
2023,2023-10,FC030010,基金合同终止公告,015743,交银中债1-5年政金债指数,交银施罗德基金管理有限公司关于交银施罗德中债1-5年政策性金融债指数证券投资基金基金合同终止及基金财产清算的公告,2023-10-18,交银施罗德,981268
2023,2023-10,FC030010,基金合同终止公告,159789,建信中证饮料主题ETF,关于建信中证饮料主题交易型开放式指数证券投资基金基金合同终止及基金财产清算的公告,2023-10-18,建信,981389
2023,2023-10,FC030010,基金合同终止公告,012989,天弘国证港股通50指数,天弘基金管理有限公司关于《天弘国证港股通50指数证券投资基金基金合同》终止的公告,2023-10-18,天弘,981481
2023,2023-10,FC030010,基金合同终止公告,002048,博时安誉18个月定开债,博时基金管理有限公司关于博时安誉18个月定期开放债券型证券投资基金基金合同终止及基金财产清算的公告,2023-10-18,博时,981503
2023,2023-10,FC030010,基金合同终止公告,014786,惠升品质优选混合,关于惠升品质优选混合型证券投资基金基金合同终止及基金财产清算的公告,2023-10-12,惠升,980003
2023,2023-10,FC030010,基金合同终止公告,009787,鹏华聚合多资产混合（FOF）,鹏华聚合多资产3个月持有期混合型基金中基金（FOF）基金合同终止公告,2023-10-10,鹏华,979194
2023,2023-10,FC030010,基金合同终止公告,006658,财通中证香港红利等权投资指数,财通基金管理有限公司关于财通中证香港红利等权投资指数型证券投资基金基金合同终止及基金财产清算的第三次提示性公告,2023-10-09,财通,978995
2023,2023-11,FC030010,基金合同终止公告,001524,华泰柏瑞精选回报混合,华泰柏瑞精选回报灵活配置混合型证券投资基金基金合同终止及基金财产清算的公告,2023-11-28,华泰柏瑞,1003271
2023,2023-11,FC030010,基金合同终止公告,009200,华安金享混合,关于华安金享混合型发起式证券投资基金触发基金合同终止情形的公告,2023-11-28,华安,1003317
2023,2023-11,FC030010,基金合同终止公告,003603,景顺长城泰安回报混合,关于景顺长城泰安回报灵活配置混合型证券投资基金基金合同终止及基金财产清算的公告,2023-11-24,景顺长城,1002405
2023,2023-11,FC030010,基金合同终止公告,009436,长城恒泰养老2040三年混合FOF,关于《长城恒泰养老目标日期2040三年持有期混合型发起式基金中基金（FOF）基金合同》终止的公告,2023-11-24,长城,1002443
2023,2023-11,FC030010,基金合同终止公告,002048,博时安誉18个月定开债,关于博时安誉18个月定期开放债券型证券投资基金基金合同终止的公告,2023-11-18,博时,1000927
2023,2023-11,FC030010,基金合同终止公告,010074,南方誉隆一年持有期混合,关于南方誉隆一年持有期混合型证券投资基金基金合同终止及剩余财产分配的公告,2023-11-18,南方,1000952
2023,2023-11,FC030010,基金合同终止公告,008407,恒生前海恒生沪深港通细分行业龙头指数,恒生前海恒生沪深港通细分行业龙头指数证券投资基金基金合同终止公告,2023-11-16,恒生前海,999378
2023,2023-11,FC030010,基金合同终止公告,015443,惠升惠享启睿混合,关于惠升惠享启睿混合型证券投资基金基金合同终止及基金财产清算的公告,2023-11-15,惠升,999155
2023,2023-11,FC030010,基金合同终止公告,012304,浦银安盛鑫锐混合,关于浦银安盛鑫锐混合型证券投资基金基金合同终止及基金财产清算的公告,2023-11-14,浦银基金,998811
2023,2023-11,FC030010,基金合同终止公告,003938,南方荣尊混合,关于南方荣尊混合型证券投资基金基金合同终止及基金财产清算的公告,2023-11-13,南方,998649
2023,2023-11,FC030010,基金合同终止公告,010343,华宝富时100,华宝英国富时100指数发起式证券投资基金基金合同终止公告,2023-11-11,华宝,998287
2023,2023-11,FC030010,基金合同终止公告,010478,景顺长城泰祥回报混合,关于景顺长城泰祥回报混合型证券投资基金基金合同终止及基金财产清算的公告,2023-11-11,景顺长城,998539
2023,2023-11,FC030010,基金合同终止公告,010773,景顺长城泰阳回报混合,关于景顺长城泰阳回报混合型证券投资基金基金合同终止及基金财产清算的公告,2023-11-10,景顺长城,998281
2023,2023-11,FC030010,基金合同终止公告,517500,国泰中证沪港深动漫游戏ETF,关于国泰中证沪港深动漫游戏交易型开放式指数证券投资基金基金合同终止及基金财产清算的公告,2023-11-01,国泰,996015
2023,2023-11,FC030010,基金合同终止公告,515570,山西证券中证红利潜力ETF,山西证券中证红利潜力交易型开放式指数证券投资基金基金合同终止公告,2023-11-01,山西证券,995907
2023,2023-12,FC030010,基金合同终止公告,010756,兴华永兴混合发起式,关于兴华永兴混合型发起式证券投资基金基金合同终止及剩余财产分配的公告,2023-12-30,兴华,1016383
2023,2023-12,FC030010,基金合同终止公告,011089,景顺长城景颐惠利一年持有期债券,关于景顺长城景颐惠利一年持有期债券型证券投资基金基金合同终止及基金财产清算的公告,2023-12-27,景顺长城,1014739
2023,2023-12,FC030010,基金合同终止公告,008300,人保量化锐进混合,人保量化锐进混合型发起式证券投资基金基金合同终止公告,2023-12-26,人保资产,1013802
2023,2023-12,FC030010,基金合同终止公告,004573,新华鑫泰灵活配置混合,关于新华鑫泰灵活配置混合型证券投资基金基金合同终止及基金财产清算的公告,2023-12-21,新华,1012053
2023,2023-12,FC030010,基金合同终止公告,012021,国投瑞银安智混合,国投瑞银安智混合型证券投资基金基金合同终止公告,2023-12-21,国投瑞银,1011965
2023,2023-12,FC030010,基金合同终止公告,011731,国投瑞银安睿混合,国投瑞银安睿混合型证券投资基金基金合同终止公告,2023-12-20,国投瑞银,1011447
2023,2023-12,FC030010,基金合同终止公告,014246,大摩现代服务业混合,摩根士丹利现代服务业混合型证券投资基金基金合同终止公告,2023-12-19,摩根士丹利,1011047
2023,2023-12,FC030010,基金合同终止公告,009626,浦银安盛养老2040三年持有混合（FOF）,关于浦银安盛养老目标日期2040三年持有期混合型发起式基金中基金（FOF）基金合同终止及基金财产清算的公告,2023-12-19,浦银基金,1011132
2023,2023-12,FC030010,基金合同终止公告,009904,民生加银中证200指数增强,关于民生加银中证200指数增强型发起式证券投资基金基金合同终止及基金财产清算的公告,2023-12-18,民生加银,1010550
2024,2024-01,FC030010,基金合同终止公告,002634,华宝未来主导混合,关于华宝未来主导产业灵活配置混合型证券投资基金基金合同终止及基金财产清算的公告,2024-01-31,华宝,1034053
2024,2024-01,FC030010,基金合同终止公告,016323,东方中证500指数增强,关于东方中证500指数增强型证券投资基金基金合同终止及基金财产清算的公告,2024-01-31,东方,1034379
2024,2024-01,FC030010,基金合同终止公告,006205,汇添富沪港深优势定开,关于汇添富沪港深优势精选定期开放混合型证券投资基金进入清算期及终止基金合同的公告,2024-01-30,汇添富,1034175
2024,2024-01,FC030010,基金合同终止公告,501041,汇添富弘安混合,关于汇添富弘安混合型证券投资基金进入清算期及终止基金合同的公告,2024-01-23,汇添富,1032610
2024,2024-01,FC030010,基金合同终止公告,003828,鹏华兴惠定期开放混合,鹏华基金管理有限公司关于鹏华兴惠定期开放灵活配置混合型证券投资基金基金合同终止及基金财产清算的公告,2024-01-19,鹏华,1022590
2024,2024-01,FC030010,基金合同终止公告,970018,方正证券金港湾,关于方正证券金港湾六个月持有期债券型集合资产管理计划资产管理合同终止及财产清算的公告,2024-01-18,方正证券,1020631
2024,2024-01,FC030010,基金合同终止公告,159710,建信中证智能电动汽车ETF,关于建信中证智能电动汽车交易型开放式指数证券投资基金基金合同终止及基金财产清算的公告,2024-01-18,建信,1020724
2024,2024-01,FC030010,基金合同终止公告,003980,中银证券瑞益混合,关于中银证券瑞益灵活配置混合型证券投资基金基金合同终止及基金财产清算的公告,2024-01-13,中银国际证券,1019406
2024,2024-01,FC030010,基金合同终止公告,159853,南方中证科技100ETF,关于南方中证科技100交易型开放式指数证券投资基金基金合同终止及剩余财产分配公告,2024-01-09,南方,1018369
2024,2024-01,FC030010,基金合同终止公告,003938,南方荣尊混合,关于南方荣尊混合型证券投资基金基金合同终止及剩余财产分配公告,2024-01-06,南方,1018096
2024,2024-01,FC030010,基金合同终止公告,501039,汇添富睿丰混合（LOF）,关于汇添富睿丰混合型证券投资基金(LOF)进入清算期及终止基金合同的公告,2024-01-03,汇添富,1016966
2024,2024-01,FC030010,基金合同终止公告,004270,汇添富民丰回报混合,关于汇添富民丰回报混合型证券投资基金进入清算期及终止基金合同的公告,2024-01-03,汇添富,1016967
2024,2024-02,FC030010,基金合同终止公告,010613,国联产业趋势一年定开混合,国联基金管理有限公司关于国联产业趋势一年定期开放混合型证券投资基金基金合同终止及财产清算的公告,2024-02-27,国联,1040016
2024,2024-02,FC030010,基金合同终止公告,003186,鹏华兴安定期开放混合,鹏华基金管理有限公司关于鹏华兴安定期开放灵活配置混合型证券投资基金基金合同终止及基金财产清算的公告,2024-02-24,鹏华,1039568
2024,2024-02,FC030010,基金合同终止公告,003493,申万菱信安鑫优选混合,关于申万菱信安鑫优选混合型证券投资基金基金合同终止及基金财产清算的公告,2024-02-20,申万菱信,1038389
2024,2024-02,FC030010,基金合同终止公告,014337,中银证券安瑞6个月持有债券,中银证券安瑞 6 个月持有期债券型证券投资基金基金合同终止及基金财产清算的公告,2024-02-20,中银国际证券,1038430
2024,2024-02,FC030010,基金合同终止公告,011075,大成恒享春晓一年定开混合,关于大成恒享春晓一年定期开放混合型证券投资基金基金合同终止及基金财产清算的公告,2024-02-20,大成,1038543
2024,2024-02,FC030010,基金合同终止公告,017790,鹏华永瑞一年封闭式债券,鹏华永瑞一年封闭式债券型证券投资基金基金合同终止公告,2024-02-20,鹏华,1038544
2024,2024-02,FC030010,基金合同终止公告,011157,弘毅远方港股通智选领航混合,关于弘毅远方港股通智选领航混合型发起式证券投资基金基金合同终止及基金财产清算的公告,2024-02-09,弘毅远方,1038297
2024,2024-02,FC030010,基金合同终止公告,010417,招商盛洋3个月定开混合,招商基金管理有限公司关于招商盛洋3个月定期开放混合型发起式证券投资基金基金合同终止及基金财产清算的公告,2024-02-08,招商,1038170
2024,2024-02,FC030010,基金合同终止公告,011482,中银顺宁回报6个月持有期混合,中银基金管理有限公司关于中银顺宁回报6个月持有期混合型证券投资基金基金合同终止及基金财产清算的公告,2024-02-07,中银,1036841
2024,2024-02,FC030010,基金合同终止公告,001498,建信鑫荣回报灵活配置混合,关于建信鑫荣回报灵活配置混合型证券投资基金基金合同终止及基金财产清算的公告,2024-02-06,建信,1036434
2024,2024-02,FC030010,基金合同终止公告,010561,银华巨潮小盘价值ETF发起式联接,银华巨潮小盘价值交易型开放式指数证券投资基金发起式联接基金基金合同终止及基金财产清算的公告,2024-02-04,银华,1035696
2024,2024-02,FC030010,基金合同终止公告,004270,汇添富民丰回报混合,关于汇添富民丰回报混合型证券投资基金基金合同终止及剩余财产分配的公告,2024-02-03,汇添富,1035527
2024,2024-02,FC030010,基金合同终止公告,008033,中加科盈混合,关于中加科盈混合型证券投资基金基金合同终止及基金财产清算的公告,2024-02-01,中加,1035010
2024,2024-03,FC030010,基金合同终止公告,010331,天弘消费,关于天弘消费股票型发起式证券投资基金发生基金合同终止事由并进入基金财产清算程序的公告,2024-03-30,天弘,1059681
2024,2024-03,FC030010,基金合同终止公告,008822,景顺长城中债1-3年国开行债券指数,关于景顺长城中债1-3年国开行债券指数证券投资基金基金合同终止及基金财产清算的公告,2024-03-30,景顺长城,1059703
2024,2024-03,FC030010,基金合同终止公告,005728,华宝绿色主题混合,关于华宝绿色主题混合型证券投资基金基金合同终止及基金财产清算的公告,2024-03-29,华宝,1054389
2024,2024-03,FC030010,基金合同终止公告,006205,汇添富沪港深优势定开,关于汇添富沪港深优势精选定期开放混合型证券投资基金基金合同终止及剩余财产分配的公告,2024-03-22,汇添富,1046742
2024,2024-03,FC030010,基金合同终止公告,017792,工银泰丰一年封闭债券,关于工银瑞信泰丰一年封闭式债券型证券投资基金基金合同终止及基金财产清算的公告,2024-03-21,工银瑞信,1046244
2024,2024-03,FC030010,基金合同终止公告,010749,浙商创业板指数增强,浙商基金管理有限公司关于浙商创业板指数增强型发起式证券投资基金基金合同终止及基金财产清算的公告,2024-03-20,浙商,1045746
2024,2024-03,FC030010,基金合同终止公告,011179,浙商智选食品饮料股票型,浙商基金管理有限公司关于浙商智选食品饮料股票型发起式证券投资基金基金合同终止及基金财产清算的公告,2024-03-20,浙商,1045754
2024,2024-03,FC030010,基金合同终止公告,010777,浙商智选家居股票型,浙商基金管理有限公司关于浙商智选家居股票型发起式证券投资基金基金合同终止及基金财产清算的公告,2024-03-20,浙商,1045755
2024,2024-03,FC030010,基金合同终止公告,004446,南方荣年一年持有混合,关于南方荣年一年持有期混合型证券投资基金基金合同终止及剩余财产分配公告,2024-03-19,南方,1045604
2024,2024-03,FC030010,基金合同终止公告,501041,汇添富弘安混合,汇添富弘安混合型证券投资基金基金合同终止及剩余财产分配的公告,2024-03-18,汇添富,1045010
2024,2024-03,FC030010,基金合同终止公告,016893,工银中证上海环交所碳中和ETF联接,关于工银瑞信中证上海环交所碳中和交易型开放式指数证券投资基金联接基金基金合同终止及基金财产清算的公告,2024-03-09,工银瑞信,1043163
2024,2024-03,FC030010,基金合同终止公告,014395,中银证券成长领航混合,中银证券成长领航混合型证券投资基金基金合同终止公告,2024-03-08,中银国际证券,1042638
2024,2024-04,FC030010,基金合同终止公告,012116,中银证券创业板发起式联接,中银证券创业板交易型开放式指数证券投资基金发起式联接基金基金合同终止公告,2024-04-30,中银国际证券,1079583
2024,2024-04,FC030010,基金合同终止公告,860008,光大阳光生活18个月持有混合,关于光大阳光生活18个月持有期混合型集合资产管理计划资产管理合同终止及财产清算的公告,2024-04-30,光证资管,1079841
2024,2024-04,FC030010,基金合同终止公告,860008,光大阳光生活18个月持有混合,关于光大阳光生活18个月持有期混合型集合资产管理计划终止事宜的第二次提示性公告,2024-04-29,光证资管,1079265
2024,2024-04,FC030010,基金合同终止公告,860008,光大阳光生活18个月持有混合,关于光大阳光生活18个月持有期混合型集合资产管理计划终止事宜的提示性公告,2024-04-26,光证资管,1078990
2024,2024-04,FC030010,基金合同终止公告,015399,格林泓丰一年定开债券发起式,关于格林泓丰一年定期开放债券型发起式证券投资基金基金合同终止及基金财产清算的公告,2024-04-23,格林,1077370
2024,2024-04,FC030010,基金合同终止公告,003780,鹏华兴悦定期开放混合,鹏华基金管理有限公司关于鹏华兴悦定期开放灵活配置混合型证券投资基金基金合同终止及基金财产清算的公告,2024-04-23,鹏华,1077372
2024,2024-04,FC030010,基金合同终止公告,011684,平安养老2045,关于平安养老目标日期2045五年持有期混合型发起式基金中基金（FOF）基金合同终止及基金财产清算的公告,2024-04-22,平安,1076539
2024,2024-04,FC030010,基金合同终止公告,014146,景顺长城港股通数字经济主题混合,关于景顺长城港股通数字经济主题混合型证券投资基金基金合同终止及基金财产清算的公告,2024-04-20,景顺长城,1074133
2024,2024-04,FC030010,基金合同终止公告,011198,交银鑫选回报混合,交银施罗德基金管理有限公司关于交银施罗德鑫选回报混合型证券投资基金基金合同终止及基金财产清算的公告,2024-04-13,交银施罗德,1063523
2024,2024-04,FC030010,基金合同终止公告,010958,中信保诚养老2035三年持有混合FOF,关于《中信保诚养老目标日期2035三年持有期混合型发起式基金中基金（FOF）基金合同》终止的公告,2024-04-12,中信保诚,1063057
2024,2024-04,FC030010,基金合同终止公告,014547,财通医药鑫选6个月持有期混合,财通基金管理有限公司关于财通医药鑫选6个月持有期混合型证券投资基金基金合同终止、进入赎回选择期及基金财产清算的公告,2024-04-04,财通,1061924
2024,2024-04,FC030010,基金合同终止公告,001283,红塔红土盛金新动力混合,红塔红土盛金新动力灵活配置混合型证券投资基金基金合同终止及剩余财产分配的公告,2024-04-03,红塔红土,1061003
2024,2024-04,FC030010,基金合同终止公告,005231,红塔红土盛通混合型发起式,红塔红土盛通灵活配置混合型发起式证券投资基金基金合同终止及剩余财产分配的公告,2024-04-03,红塔红土,1061004
2024,2024-05,FC030010,基金合同终止公告,159693,有色矿业ETF,华泰柏瑞中证有色金属矿业主题交易型开放式指数证券投资基金基金合同终止及基金财产清算的公告,2024-05-31,华泰柏瑞,1089292
2024,2024-05,FC030010,基金合同终止公告,516690,化工产业,银华基金管理股份有限公司关于银华中证细分化工产业主题交易型开放式指数证券投资基金基金合同终止及基金财产清算的公告,2024-05-31,银华,1089547
2024,2024-05,FC030010,基金合同终止公告,018340,融通致远混合,融通基金管理有限公司关于融通致远混合型证券投资基金基金合同终止及基金财产清算的公告,2024-05-31,融通,1090031
2024,2024-05,FC030010,基金合同终止公告,015759,国投兴顺FOF,国投瑞银兴顺3个月持有期混合型基金中基金（FOF）基金合同终止公告,2024-05-30,国投瑞银,1087825
2024,2024-05,FC030010,基金合同终止公告,159646,疫苗ETF基金,华泰柏瑞国证疫苗与生物科技交易型开放式指数证券投资基金基金合同终止及基金财产清算的公告,2024-05-29,华泰柏瑞,1087710
2024,2024-05,FC030010,基金合同终止公告,015567,鹏华增鑫股票,鹏华基金管理有限公司关于鹏华增鑫股票型证券投资基金基金合同终止及基金财产清算的公告,2024-05-28,鹏华,1087166
2024,2024-05,FC030010,基金合同终止公告,011647,博时港股通红利精选混合,博时基金管理有限公司关于博时港股通红利精选混合型发起式证券投资基金合同终止及基金财产清算的公告,2024-05-28,博时,1087325
2024,2024-05,FC030010,基金合同终止公告,502040,长盛上证50指数（LOF）,关于长盛上证50指数证券投资基金（LOF）基金合同终止及基金财产清算的公告,2024-05-25,长盛,1086864
2024,2024-05,FC030010,基金合同终止公告,013701,招商稳锦混合,招商基金管理有限公司关于招商稳锦混合型证券投资基金基金合同终止及基金财产清算的公告,2024-05-17,招商,1083936
2024,2024-05,FC030010,基金合同终止公告,007273,鹏华长乐稳健养老混合发起式(FOF),鹏华长乐稳健养老目标一年持有期混合型发起式基金中基金(FOF)基金合同终止公告,2024-05-14,鹏华,1082756
2024,2024-05,FC030010,基金合同终止公告,010331,天弘消费,天弘基金管理有限公司关于《天弘消费股票型发起式证券投资基金基金合同》终止的公告,2024-05-13,天弘,1082696
2024,2024-05,FC030010,基金合同终止公告,016543,景顺长城环交所碳中和指数,关于景顺长城中证上海环交所碳中和指数证券投资基金基金合同终止及基金财产清算的公告,2024-05-11,景顺长城,1082664
2024,2024-05,FC030010,基金合同终止公告,970011,平安安赢添利半年债券,关于平安证券安赢添利半年滚动持有债券型集合资产管理计划资产管理合同终止及财产清算的公告,2024-05-09,平安证券,1081226
2024,2024-05,FC030010,基金合同终止公告,860008,光大阳光生活18个月持有混合,光大阳光生活18个月持有期混合型集合资产管理计划资产管理合同终止及剩余财产分配的公告,2024-05-09,光证资管,1081133
2024,2024-05,FC030010,基金合同终止公告,011987,财通资管智选核心回报6个月持有期混合,关于财通资管智选核心回报6个月持有期混合型发起式证券投资基金基金合同终止及基金财产清算的公告,2024-05-08,财通资管,1080493
2024,2024-05,FC030010,基金合同终止公告,005671,前海联合研究优选混合,新疆前海联合研究优选灵活配置混合型证券投资基金基金合同终止公告,2024-05-01,前海联合,1080043
2024,2024-06,FC030010,基金合同终止公告,517280,天弘中证沪港深线上消费主题ETF,关于天弘中证沪港深线上消费主题交易型开放式指数证券投资基金发生基金合同终止事由及基金财产清算的公告,2024-06-29,天弘,1115721
2024,2024-06,FC030010,基金合同终止公告,012326,天弘中证全指医疗保健设备与服务ETF发起式联接,关于天弘中证全指医疗保健设备与服务交易型开放式指数证券投资基金发起式联接基金发生基金合同终止事由并进入基金财产清算程序的公告,2024-06-29,天弘,1115740
2024,2024-06,FC030010,基金合同终止公告,012518,景顺长城颐心养老目标日期2040三年持有期混合FOF,关于景顺长城颐心养老目标日期2040三年持有期混合型发起式基金中基金（FOF）基金合同终止及基金财产清算的公告,2024-06-29,景顺长城,1115774
2024,2024-06,FC030010,基金合同终止公告,011647,博时港股通红利精选混合,关于博时港股通红利精选混合型发起式证券投资基金基金合同终止的公告,2024-06-28,博时,1112071
2024,2024-06,FC030010,基金合同终止公告,010096,博远鑫享三个月债券,关于博远鑫享三个月持有期债券型证券投资基金基金合同终止及基金财产清算的公告,2024-06-26,博远,1104425
2024,2024-06,FC030010,基金合同终止公告,012512,嘉实养老目标日期2045五年持有期混合（FOF）,关于嘉实养老目标日期2045五年持有期混合型发起式基金中基金（FOF）基金合同终止及财产清算的公告,2024-06-26,嘉实,1105672
2024,2024-06,FC030010,基金合同终止公告,012730,国泰中证细分化工产业主题ETF联接,关于国泰中证细分化工产业主题交易型开放式指数证券投资基金发起式联接基金基金合同终止及基金财产清算的公告,2024-06-25,国泰,1102908
2024,2024-06,FC030010,基金合同终止公告,011254,长江量化科技精选一个月滚动持有,关于长江量化科技精选一个月滚动持有股票型发起式证券投资基金基金合同终止及基金财产清算的公告,2024-06-24,长江资管,1102076
2024,2024-06,FC030010,基金合同终止公告,012315,创金合信港股通成长股票,关于创金合信港股通成长股票型发起式证券投资基金基金合同终止及基金财产清算的公告,2024-06-24,创金合信,1101889
2024,2024-06,FC030010,基金合同终止公告,018107,中欧盈选进取3个月持有混合（FOF）,中欧基金管理有限公司关于中欧盈选进取3个月持有期混合型基金中基金（FOF）基金合同终止及基金财产清算的公告,2024-06-21,中欧,1100349
2024,2024-06,FC030010,基金合同终止公告,015429,中银证券专精特新股票,关于中银证券专精特新股票型证券投资基金基金合同终止及基金财产清算的公告,2024-06-18,中银国际证券,1097591
2024,2024-06,FC030010,基金合同终止公告,011858,安信消费升级一年持有混合,关于《安信消费升级一年持有期混合型发起式证券投资基金基金合同》终止的公告,2024-06-18,安信,1097980
2024,2024-06,FC030010,基金合同终止公告,012516,国泰中证细分机械设备产业主题ETF联接,关于国泰中证细分机械设备产业主题交易型开放式指数证券投资基金发起式联接基金基金合同终止及基金财产清算的公告,2024-06-11,国泰,1093607
2024,2024-06,FC030010,基金合同终止公告,005397,南方安养混合,关于南方安养混合型证券投资基金基金合同终止及基金剩余财产分配公告,2024-06-11,南方,1093839
2024,2024-06,FC030010,基金合同终止公告,011886,弘毅远方高端制造混合,弘毅远方高端制造混合型发起式证券投资基金基金合同终止及基金财产清算的公告,2024-06-04,弘毅远方,1090786
2024,2024-06,FC030010,基金合同终止公告,017922,大摩优质精选混合,关于摩根士丹利优质精选混合型证券投资基金基金合同终止及基金财产清算的公告,2024-06-04,摩根士丹利,1090899
2024,2024-06,FC030010,基金合同终止公告,011858,安信消费升级一年持有混合,安信基金管理有限责任公司关于安信消费升级一年持有期混合型发起式证券投资基金基金合同终止及基金财产清算的公告,2024-06-03,安信,1090278
2024,2024-07,FC030010,基金合同终止公告,008939,华泰紫金月月购3月滚动债,华泰紫金月月购3个月滚动持有债券型证券投资基金基金合同终止及基金财产清算的公告,2024-07-30,华泰资管,1134275
2024,2024-07,FC030010,基金合同终止公告,014205,长城中证医药卫生指数增强,关于《长城中证医药卫生指数增强型证券投资基金基金合同》终止的公告,2024-07-29,长城,1134014
2024,2024-07,FC030010,基金合同终止公告,012763,华泰紫金中证细分食品饮料主题指数发起,华泰紫金中证细分食品饮料产业主题指数型发起式证券投资基金基金合同终止及基金财产清算的公告,2024-07-29,华泰资管,1134115
2024,2024-07,FC030010,基金合同终止公告,012721,中信保诚养老2040三年持有混合FOF,关于《中信保诚养老目标日期2040三年持有期混合型发起式基金中基金（FOF）基金合同》终止的公告,2024-07-25,中信保诚,1133371
2024,2024-07,FC030010,基金合同终止公告,012431,国投瑞银安泰混合,国投瑞银安泰混合型证券投资基金基金合同终止公告,2024-07-24,国投瑞银,1133097
2024,2024-07,FC030010,基金合同终止公告,012882,工银科技龙头ETF发起式联接,工银瑞信基金管理有限公司关于工银瑞信中证科技龙头交易型开放式指数证券投资基金发起式联接基金基金合同终止及基金财产清算的公告,2024-07-23,工银瑞信,1133003
2024,2024-07,FC030010,基金合同终止公告,561710,博时中证疫苗与生物技术ETF,博时基金管理有限公司关于博时中证疫苗与生物技术交易型开放式指数证券投资基金基金合同终止及基金财产清算的公告,2024-07-20,博时,1132763
2024,2024-07,FC030010,基金合同终止公告,970048,东海海睿致远,东海证券海睿致远灵活配置混合型集合资产管理计划资产管理合同终止及集合计划财产清算的公告,2024-07-19,东海证券,1132427
2024,2024-07,FC030010,基金合同终止公告,014205,长城中证医药卫生指数增强,长城中证医药卫生指数增强型证券投资基金基金合同终止与财产清算的公告,2024-07-18,长城,1123397
2024,2024-07,FC030010,基金合同终止公告,012687,恒越汇优精选三个月混合(FOF),关于恒越汇优精选三个月持有期混合型发起式基金中基金（FOF）基金合同终止及基金财产清算的公告,2024-07-17,恒越,1119673
2024,2024-07,FC030010,基金合同终止公告,012655,博时5G50ETF联接,博时基金管理有限公司关于博时中证5G产业50交易型开放式指数证券投资基金发起式联接基金基金合同终止及基金财产清算的公告,2024-07-15,博时,1119285
2024,2024-07,FC030010,基金合同终止公告,159503,鹏扬国证财富管理ETF,鹏扬国证财富管理交易型开放式指数证券投资基金基金合同终止及基金财产清算的公告,2024-07-12,鹏扬,1118621
2024,2024-07,FC030010,基金合同终止公告,005252,中海添瑞定期开放混合,中海基金管理有限公司关于中海添瑞定期开放混合型证券投资基金基金合同终止及基金财产清算的公告,2024-07-12,中海,1118741
2024,2024-07,FC030010,基金合同终止公告,005381,泰康睿利量化多策略混合,关于泰康睿利量化多策略混合型证券投资基金基金合同终止及基金财产清算的公告,2024-07-12,泰康,1119002
2024,2024-07,FC030010,基金合同终止公告,004481,华宝第三产业混合,华宝第三产业灵活配置混合型证券投资基金基金合同终止公告,2024-07-11,华宝,1118275
2024,2024-07,FC030010,基金合同终止公告,009481,国泰宏益一年持有期混合,关于国泰宏益一年持有期混合型证券投资基金基金合同终止及基金财产清算的公告,2024-07-11,国泰,1118313
2024,2024-07,FC030010,基金合同终止公告,159990,小盘价值,关于银华巨潮小盘价值交易型开放式指数证券投资基金基金合同终止及基金财产清算的公告,2024-07-10,银华,1118110
2024,2024-07,FC030010,基金合同终止公告,970038,东莞证券德益6个月持有期债券,关于东莞证券德益6个月持有期债券型集合资产管理计划资产管理合同终止及财产清算的公告,2024-07-05,东莞证券,1117121
2024,2024-07,FC030010,基金合同终止公告,009728,中银证券安泰债券,关于中银证券安泰债券型证券投资基金基金合同终止及基金财产清算的公告,2024-07-04,中银国际证券,1116766
2024,2024-07,FC030010,基金合同终止公告,159769,消费电子龙头ETF,关于银华中证消费电子主题交易型开放式指数证券投资基金基金合同终止及基金财产清算的公告,2024-07-03,银华,1116583
2024,2024-08,FC030010,基金合同终止公告,012272,渤海汇金创新价值一年持有期混合,关于渤海汇金创新价值一年持有期混合型发起式证券投资基金基金合同终止及基金财产清算的公告,2024-08-31,渤海汇金,1151236
2024,2024-08,FC030010,基金合同终止公告,008526,华泰柏瑞行业精选混合,华泰柏瑞行业精选混合型证券投资基金基金合同终止及基金财产清算的公告,2024-08-31,华泰柏瑞,1151623
2024,2024-08,FC030010,基金合同终止公告,013022,博时养老目标2040五年持有混合发起（FOF）,关于博时养老目标日期2040五年持有期混合型发起式基金中基金（FOF）基金合同终止及基金财产清算的公告,2024-08-31,博时,1153891
2024,2024-08,FC030010,基金合同终止公告,013043,博时养老目标2045五年持有混合发起（FOF）,关于博时养老目标日期2045五年持有期混合型发起式基金中基金（FOF）基金合同终止及基金财产清算的公告,2024-08-31,博时,1153892
2024,2024-08,FC030010,基金合同终止公告,013061,博时养老目标2050五年持有混合发起（FOF）,关于博时养老目标日期2050五年持有期混合型发起式基金中基金（FOF）基金合同终止及基金财产清算的公告,2024-08-31,博时,1153893
2024,2024-08,FC030010,基金合同终止公告,970023,天风天盈一年定开混合,天风天盈一年定期开放混合型集合资产管理计划基金合同终止公告,2024-08-30,天风资管,1143860
2024,2024-08,FC030010,基金合同终止公告,008672,宝盈祥泽混合,宝盈祥泽混合型证券投资基金基金合同终止公告,2024-08-30,宝盈,1149065
2024,2024-08,FC030010,基金合同终止公告,017803,富国汇诚18个月封闭式债券,富国基金管理有限公司关于富国汇诚18个月封闭式债券型证券投资基金发生基金合同终止情形及基金财产清算的公告,2024-08-29,富国,1143124
2024,2024-08,FC030010,基金合同终止公告,005444,光大保德信精选18个月混合,光大保德信基金管理有限公司关于光大保德信多策略精选18个月定期开放灵活配置混合型证券投资基金基金合同终止及基金财产清算公告,2024-08-28,光大保德信,1141512
2024,2024-08,FC030010,基金合同终止公告,009638,华泰紫金周周购12个月滚动债发起,华泰紫金周周购12个月滚动持有债券型发起式证券投资基金基金合同终止及基金财产清算的公告,2024-08-28,华泰资管,1141591
2024,2024-08,FC030010,基金合同终止公告,012996,博时养老目标2035三年持有混合发起（FOF）,关于博时养老目标日期2035三年持有期混合型发起式基金中基金（FOF）基金合同终止及基金财产清算的公告,2024-08-28,博时,1141615
2024,2024-08,FC030010,基金合同终止公告,013162,广发中证沪港深科技龙头ETF联接,关于广发中证沪港深科技龙头交易型开放式指数证券投资基金发起式联接基金基金合同终止及基金财产清算的公告,2024-08-27,广发,1141150
2024,2024-08,FC030010,基金合同终止公告,159987,创新ETF,关于银华中证研发创新100交易型开放式指数证券投资基金基金合同终止及基金财产清算的公告,2024-08-27,银华,1141263
2024,2024-08,FC030010,基金合同终止公告,013306,国泰中证科创创业50ETF发起联接,关于国泰中证科创创业50交易型开放式指数证券投资基金发起式联接基金基金合同终止及基金财产清算的公告,2024-08-26,国泰,1140589
2024,2024-08,FC030010,基金合同终止公告,013135,银河悦宁稳健养老目标一年持有混合发起（FOF）,银河基金管理有限公司关于银河悦宁稳健养老目标一年持有期混合型发起式基金中基金(FOF)基金合同终止及基金财产清算的公告,2024-08-24,银河,1140752
2024,2024-08,FC030010,基金合同终止公告,017807,南方恒泽18个月封闭式债券,关于南方恒泽18个月封闭式债券型证券投资基金基金合同终止及基金财产清算的公告,2024-08-23,南方,1140483
2024,2024-08,FC030010,基金合同终止公告,013407,长盛安盈混合,关于长盛安盈混合型证券投资基金基金合同终止及基金财产清算的公告,2024-08-22,长盛,1139921
2024,2024-08,FC030010,基金合同终止公告,014761,金鹰民稳混合,金鹰民稳混合型证券投资基金基金合同终止公告,2024-08-22,金鹰,1140137
2024,2024-08,FC030010,基金合同终止公告,012288,泰康沪港深成长混合,关于泰康沪港深成长混合型证券投资基金基金合同终止及基金财产清算的公告,2024-08-20,泰康,1139586
2024,2024-08,FC030010,基金合同终止公告,012655,博时5G50ETF联接,关于博时中证5G产业50交易型开放式指数证券投资基金发起式联接基金基金合同终止的公告,2024-08-17,博时,1139222
2024,2024-08,FC030010,基金合同终止公告,970062,华鑫证券乐享周周购三个月滚动持有债券,华鑫证券乐享周周购三个月滚动持有债券型集合资产管理计划基金合同终止公告,2024-08-02,华鑫证券,1135114
2024,2024-09,FC030010,基金合同终止公告,012151,港股通50ETF联接A/C,华泰柏瑞中证港股通50交易型开放式指数证券投资基金发起式联接基金基金合同终止及基金财产清算的公告,2024-09-30,华泰柏瑞,1162119
2024,2024-09,FC030010,基金合同终止公告,012415,德邦上证G60综指增强,关于德邦上证G60创新综合指数增强型发起式证券投资基金基金合同终止及基金财产清算的公告,2024-09-30,德邦,1163615
2024,2024-09,FC030010,基金合同终止公告,013371,民生加银新能源智选混合发起,关于民生加银新能源智选混合型发起式证券投资基金基金合同终止及基金财产清算的公告,2024-09-30,民生加银,1163699
2024,2024-09,FC030010,基金合同终止公告,013031,民生加银中证800指数增强发起式,关于民生加银中证800指数增强型发起式证券投资基金基金合同终止及基金财产清算的公告,2024-09-30,民生加银,1163701
2024,2024-09,FC030010,基金合同终止公告,013093,汇添富中证沪港深科技龙头指数发起式,关于汇添富中证沪港深科技龙头指数型发起式证券投资基金进入清算期及终止基金合同的公告,2024-09-30,汇添富,1164105
2024,2024-09,FC030010,基金合同终止公告,010857,宝盈祥乐一年持有期混合,宝盈祥乐一年持有期混合型证券投资基金基金合同终止公告,2024-09-28,宝盈,1163762
2024,2024-09,FC030010,基金合同终止公告,008941,华泰紫金周周购3月滚动债,华泰紫金周周购3个月滚动持有债券型证券投资基金基金合同终止及基金财产清算的公告,2024-09-28,华泰资管,1163980
2024,2024-09,FC030010,基金合同终止公告,010403,华商景气优选混合,关于华商景气优选混合型证券投资基金基金合同终止及基金财产清算的公告,2024-09-27,华商,1162759
2024,2024-09,FC030010,基金合同终止公告,168207,国联创业板两年定开混合,国联基金管理有限公司关于国联创业板两年定期开放混合型证券投资基金基金合同终止及财产清算的公告,2024-09-26,国联,1161604
2024,2024-09,FC030010,基金合同终止公告,011361,华夏博锐一年持有混合（MOM）,华夏基金管理有限公司关于华夏博锐一年持有期混合型管理人中管理人（MOM）发起式证券投资基金终止基金合同及基金财产清算的公告,2024-09-24,华夏,1160190
2024,2024-09,FC030010,基金合同终止公告,020347,景顺长城卓越成长混合,关于景顺长城卓越成长混合型证券投资基金基金合同终止及基金财产清算的公告,2024-09-24,景顺长城,1160287
2024,2024-09,FC030010,基金合同终止公告,010711,华富国潮优选混合发起式,关于华富国潮优选混合型发起式证券投资基金基金合同终止及基金财产清算的公告,2024-09-24,华富,1160359
2024,2024-09,FC030010,基金合同终止公告,004149,博时鑫惠混合,博时基金管理有限公司关于博时鑫惠灵活配置混合型证券投资基金合同终止及基金财产清算的公告,2024-09-21,博时,1159874
2024,2024-09,FC030010,基金合同终止公告,970052,方正鑫悦一年持有债券,关于方正证券鑫悦一年持有期债券型集合资产管理计划资产管理合同终止及财产清算的公告,2024-09-16,方正证券,1157619
2024,2024-09,FC030010,基金合同终止公告,015250,华宝安悦一年持有期混合,关于华宝安悦一年持有期混合型证券投资基金基金合同基金合同终止及基金财产清算的公告,2024-09-12,华宝,1157068
2024,2024-09,FC030010,基金合同终止公告,004276,浦银安盛安和回报定开混合,关于浦银安盛安和回报定期开放混合型证券投资基金基金合同终止及基金财产清算的公告,2024-09-12,浦银基金,1157255
2024,2024-09,FC030010,基金合同终止公告,015215,南方誉恒一年持有混合,关于南方誉恒一年持有期混合型证券投资基金基金合同终止及剩余财产分配公告,2024-09-11,南方,1156997
2024,2024-09,FC030010,基金合同终止公告,017890,中银证券优势成长混合,关于中银证券优势成长混合型证券投资基金基金合同终止及基金财产清算的公告,2024-09-10,中银国际证券,1156246
2024,2024-09,FC030010,基金合同终止公告,015028,鹏华浙华一年持有期混合,鹏华基金管理有限公司关于鹏华浙华一年持有期混合型证券投资基金基金合同终止及基金财产清算的公告,2024-09-10,鹏华,1156282
2024,2024-09,FC030010,基金合同终止公告,012645,建信中证全指证券公司ETF发起式联接,关于建信中证全指证券公司交易型开放式指数证券投资基金发起式联接基金基金合同终止及基金财产清算的公告,2024-09-10,建信,1156363
2024,2024-09,FC030010,基金合同终止公告,013105,华安中证光伏产业ETF发起式联接,关于华安中证光伏产业交易型开放式指数证券投资基金发起式联接基金触发基金合同终止情形的公告,2024-09-02,华安,1152545
2024,2024-09,FC030010,基金合同终止公告,012598,华安国证生物医药ETF发起式联接,关于华安国证生物医药交易型开放式指数证券投资基金发起式联接基金触发基金合同终止情形的公告,2024-09-02,华安,1152552
2024,2024-10,FC030010,基金合同终止公告,019927,国联先进制造混合,国联基金管理有限公司关于国联先进制造混合型证券投资基金基金合同终止及财产清算的公告,2024-10-31,国联,1182791
2024,2024-10,FC030010,基金合同终止公告,013129,汇添富中证沪港深消费龙头指数发起,关于汇添富中证沪港深消费龙头指数型发起式证券投资基金进入清算期及终止基金合同的公告,2024-10-28,汇添富,1181951
2024,2024-10,FC030010,基金合同终止公告,004149,博时鑫惠混合,关于博时鑫惠灵活配置混合型证券投资基金基金合同终止的公告,2024-10-23,博时,1168518
2024,2024-10,FC030010,基金合同终止公告,013447,华宝中证智能制造主题ETF发起式联接,华宝中证智能制造主题交易型开放式指数证券投资基金发起式联接基金基金合同终止公告,2024-10-22,华宝,1168111
2024,2024-10,FC030010,基金合同终止公告,013833,国泰中证500ETF发起联接,关于国泰中证500交易型开放式指数证券投资基金发起式联接基金基金合同终止及基金财产清算的公告,2024-10-21,国泰,1167711
2024,2024-10,FC030010,基金合同终止公告,016187,南方景气楚荟3个月持有混合（FOF）,关于南方景气楚荟3个月持有期混合型基金中基金（FOF）基金合同终止及剩余财产分配的公告,2024-10-21,南方,1168042
2024,2024-10,FC030010,基金合同终止公告,013735,创金合信添福平衡养老目标三年持有期混合发起（FOF）,关于创金合信添福平衡养老目标三年持有期混合型发起式基金中基金（FOF）基金合同终止及基金财产清算的公告,2024-10-21,创金合信,1167710
2024,2024-10,FC030010,基金合同终止公告,013043,博时养老目标2045五年持有混合发起（FOF）,关于博时养老目标日期2045五年持有期混合型发起式基金中基金（FOF）基金合同终止的公告,2024-10-19,博时,1167873
2024,2024-10,FC030010,基金合同终止公告,013061,博时养老目标2050五年持有混合发起（FOF）,关于博时养老目标日期2050五年持有期混合型发起式基金中基金（FOF）基金合同终止的公告,2024-10-19,博时,1167876
2024,2024-10,FC030010,基金合同终止公告,012996,博时养老目标2035三年持有混合发起（FOF）,关于博时养老目标日期2035三年持有期混合型发起式基金中基金（FOF）基金合同终止的公告,2024-10-19,博时,1167878
2024,2024-10,FC030010,基金合同终止公告,013022,博时养老目标2040五年持有混合发起（FOF）,关于博时养老目标日期2040五年持有期混合型发起式基金中基金（FOF）基金合同终止的公告,2024-10-19,博时,1167879
2024,2024-10,FC030010,基金合同终止公告,013605,华夏中证内地低碳经济主题ETF发起式联接,华夏基金管理有限公司关于华夏中证内地低碳经济主题交易型开放式指数证券投资基金发起式联接基金终止基金合同及基金财产清算的公告,2024-10-16,华夏,1166597
2024,2024-10,FC030010,基金合同终止公告,013802,财通资管中证钢铁指数发起式,关于财通资管中证钢铁指数型发起式证券投资基金基金合同终止及基金财产清算的公告,2024-10-14,财通资管,1165821
2024,2024-10,FC030010,基金合同终止公告,012559,天弘中证沪港深科技龙头指数,关于天弘中证沪港深科技龙头指数型发起式证券投资基金可能触发基金合同终止情形的第一次提示性公告,2024-10-14,天弘,1166137
2024,2024-10,FC030010,基金合同终止公告,013626,华夏周期驱动混合发起式,华夏基金管理有限公司关于华夏周期驱动混合型发起式证券投资基金终止基金合同及基金财产清算的公告,2024-10-12,华夏,1165993
2024,2024-10,FC030010,基金合同终止公告,018268,建信锋睿优选混合,关于建信锋睿优选混合型证券投资基金基金合同终止及基金财产清算的公告,2024-10-12,建信,1166104
2024,2024-10,FC030010,基金合同终止公告,006277,中金瑞和,关于中金瑞和灵活配置混合型证券投资基金基金合同终止及基金财产清算的公告,2024-10-11,中金,1165767
2024,2024-10,FC030010,基金合同终止公告,009545,博时鑫荣稳健混合,关于博时鑫荣稳健混合型证券投资基金基金合同终止的公告,2024-10-11,博时,1165795
2024,2024-10,FC030010,基金合同终止公告,001424,博时新起点混合,关于博时新起点灵活配置混合型证券投资基金基金合同终止的公告,2024-10-11,博时,1165800
2024,2024-10,FC030010,基金合同终止公告,007445,国投瑞银顺悦债券,国投瑞银顺悦3个月定期开放债券型证券投资基金基金合同终止公告,2024-10-09,国投瑞银,1164572
2024,2024-11,FC030010,基金合同终止公告,013869,创金合信物联网主题股票发起,关于创金合信物联网主题股票型发起式证券投资基金基金合同终止及基金财产清算的公告,2024-11-30,创金合信,1193137
2024,2024-11,FC030010,基金合同终止公告,010628,广发瑞轩三个月定开混合,关于广发瑞轩三个月定期开放混合型发起式证券投资基金基金合同终止及基金财产清算的公告,2024-11-29,广发,1192371
2024,2024-11,FC030010,基金合同终止公告,012759,工银沪港深互联网ETF发起式联接,工银瑞信基金管理有限公司关于工银瑞信中证沪港深互联网交易型开放式指数证券投资基金发起式联接基金基金合同终止及基金财产清算的公告,2024-11-27,工银瑞信,1190941
2024,2024-11,FC030010,基金合同终止公告,010194,博时睿祥15个月定开混合,博时基金管理有限公司关于博时睿祥15个月定期开放混合型证券投资基金基金合同终止及基金财产清算的公告,2024-11-26,博时,1190176
2024,2024-11,FC030010,基金合同终止公告,017713,长盛安悦一年持有,长盛安悦一年持有期混合型证券投资基金基金合同终止公告,2024-11-21,长盛,1188758
2024,2024-11,FC030010,基金合同终止公告,013876,财通资管新能源汽车混合型发起式,关于财通资管新能源汽车混合型发起式证券投资基金基金合同终止及基金财产清算的公告,2024-11-18,财通资管,1187446
2024,2024-11,FC030010,基金合同终止公告,017021,中银招盈一年持有混合,中银基金管理有限公司关于中银招盈一年持有期混合型证券投资基金基金合同终止及基金财产清算的公告,2024-11-15,中银,1187062
2024,2024-11,FC030010,基金合同终止公告,013926,易米国证消费100指数增强发起,关于易米国证消费100指数增强型发起式证券投资基金发生基金合同终止情形及基金财产清算的公告,2024-11-12,易米,1185872
2024,2024-11,FC030010,基金合同终止公告,014090,国联添益进取3个月持有混合发起（FOF）,国联基金管理有限公司关于国联添益进取3个月持有期混合型发起式基金中基金（FOF）基金合同终止及财产清算的公告,2024-11-12,国联,1186100
2024,2024-11,FC030010,基金合同终止公告,013093,汇添富中证沪港深科技龙头指数发起式,关于汇添富中证沪港深科技龙头指数型发起式证券投资基金基金合同终止及剩余财产分配的公告,2024-11-09,汇添富,1185731
2024,2024-11,FC030010,基金合同终止公告,007266,嘉实新添益定期混合,关于嘉实新添益定期开放混合型证券投资基金基金合同终止及财产清算的公告,2024-11-05,嘉实,1183936
2024,2024-11,FC030010,基金合同终止公告,003663,鹏华兴泰定期开放混合,鹏华兴泰定期开放灵活配置混合型证券投资基金基金合同终止公告,2024-11-02,鹏华,1183399
2024,2024-11,FC030010,基金合同终止公告,013162,广发中证沪港深科技龙头ETF联接,关于广发中证沪港深科技龙头交易型开放式指数证券投资基金发起式联接基金基金合同终止及剩余财产分配的公告,2024-11-01,广发,1183094
2024,2024-12,FC030010,基金合同终止公告,014321,德邦周期精选混合发起式,关于德邦周期精选混合型发起式证券投资基金基金合同终止及基金财产清算的公告,2024-12-30,德邦,1204858
2024,2024-12,FC030010,基金合同终止公告,014649,永赢优质精选混合发起,永赢基金管理有限公司关于永赢优质精选混合型发起式证券投资基金基金合同终止及基金财产清算的公告,2024-12-30,永赢,1205147
2024,2024-12,FC030010,基金合同终止公告,013011,工银中证创新药产业ETF发起式联接,工银瑞信基金管理有限公司关于工银瑞信中证创新药产业交易型开放式指数证券投资基金发起式联接基金基金合同终止及基金财产清算的公告,2024-12-30,工银瑞信,1205425
2024,2024-12,FC030010,基金合同终止公告,014303,华安中证内地新能源主题ETF发起式联接,关于华安中证内地新能源主题交易型开放式指数证券投资基金发起式联接基金触发基金合同终止情形的公告,2024-12-29,华安,1204893
2024,2024-12,FC030010,基金合同终止公告,005536,渤海汇金量化成长混合,关于渤海汇金量化成长混合型发起式证券投资基金基金合同终止及基金财产清算的公告,2024-12-28,渤海汇金,1204566
2024,2024-12,FC030010,基金合同终止公告,012561,天弘中证新材料指数,天弘基金管理有限公司关于《天弘中证新材料主题指数型发起式证券投资基金基金合同》终止的公告,2024-12-27,天弘,1204425
2024,2024-12,FC030010,基金合同终止公告,013920,兴华创新医疗6个月持有混合发起,关于兴华创新医疗6个月持有期混合型发起式证券投资基金基金合同终止及剩余财产分配的公告,2024-12-27,兴华,1204527
2024,2024-12,FC030010,基金合同终止公告,970117,东吴裕丰6个月持有债券,东吴裕丰6个月持有期债券型集合资产管理计划基金合同终止公告,2024-12-27,东吴证券,1204572
2024,2024-12,FC030010,基金合同终止公告,013903,国泰君安信息行业混合发起,上海国泰君安证券资产管理有限公司关于国泰君安信息行业混合型发起式证券投资基金基金合同终止及基金财产清算的公告,2024-12-25,国泰海通资管,1202784
2024,2024-12,FC030010,基金合同终止公告,010194,博时睿祥15个月定开混合,关于博时睿祥15个月定期开放混合型证券投资基金基金合同终止的公告,2024-12-25,博时,1203107
2024,2024-12,FC030010,基金合同终止公告,017088,景顺长城融景瑞利一年持有混合,关于景顺长城融景瑞利一年持有期混合型证券投资基金基金合同终止及基金财产清算的公告,2024-12-24,景顺长城,1202460
2024,2024-12,FC030010,基金合同终止公告,014323,长江鑫选3个月持有混合发起（FOF）,关于长江鑫选3个月持有期混合型发起式基金中基金（FOF）基金合同终止及基金财产清算的公告,2024-12-23,长江资管,1200960
2024,2024-12,FC030010,基金合同终止公告,008306,方正富邦天璇混合,方正富邦基金管理有限公司关于方正富邦天璇灵活配置混合型证券投资基金基金合同终止及剩余财产分配的公告,2024-12-23,方正富邦,1201560
2024,2024-12,FC030010,基金合同终止公告,014301,创金合信景气行业3个月持有期股票发起（FOF）,关于创金合信景气行业3个月持有期股票型发起式基金中基金（FOF）基金合同终止及基金财产清算的公告,2024-12-23,创金合信,1201354
2024,2024-12,FC030010,基金合同终止公告,012019,国投瑞银安泽混合,国投瑞银安泽混合型证券投资基金基金合同终止公告,2024-12-20,国投瑞银,1200473
2024,2024-12,FC030010,基金合同终止公告,014577,华泰柏瑞恒悦混合A/C,华泰柏瑞恒悦混合型证券投资基金基金合同终止及基金财产清算的公告,2024-12-19,华泰柏瑞,1199919
2024,2024-12,FC030010,基金合同终止公告,019731,申万菱信添利六个月持有期混合,关于申万菱信添利六个月持有期混合型证券投资基金基金合同终止及基金财产清算的公告,2024-12-18,申万菱信,1199358
2024,2024-12,FC030010,基金合同终止公告,019326,申万菱信乐研混合,关于申万菱信乐研混合型证券投资基金基金合同终止及基金财产清算的公告,2024-12-18,申万菱信,1199359
2024,2024-12,FC030010,基金合同终止公告,018628,中金兴元6个月持有混合,关于中金兴元6个月持有期混合型证券投资基金基金合同终止及基金财产清算的公告,2024-12-18,中金,1199651
2024,2024-12,FC030010,基金合同终止公告,011995,国泰诚益混合,关于国泰诚益混合型证券投资基金基金合同终止及基金财产清算的公告,2024-12-17,国泰,1198837
2024,2024-12,FC030010,基金合同终止公告,012796,汇安裕兴12个月定开纯债债券,汇安基金管理有限责任公司关于汇安裕兴12个月定期开放纯债债券型发起式证券投资基金基金合同终止及基金财产清算的公告,2024-12-03,汇安,1193385
2024,2024-12,FC030010,基金合同终止公告,012559,天弘中证沪港深科技龙头指数,天弘基金管理有限公司关于《天弘中证沪港深科技龙头指数型发起式证券投资基金基金合同》终止的公告,2024-12-03,天弘,1193405
2024,2024-12,FC030010,基金合同终止公告,014099,博时中证科创创业50ETF发起式联接,关于博时中证科创创业50交易型开放式指数证券投资基金发起式联接基金合同终止及基金财产清算的公告,2024-12-02,博时,1192829
2025,2025-01,FC030010,基金合同终止公告,010258,淳厚稳悦,淳厚稳悦债券型证券投资基金基金合同终止公告,2025-01-24,淳厚,1225282
2025,2025-01,FC030010,基金合同终止公告,013089,天弘旗舰精选3个月持有混合发起式（FOF）,天弘基金管理有限公司关于《天弘旗舰精选3个月持有期混合型发起式基金中基金（FOF）基金合同》终止的公告,2025-01-23,天弘,1225119
2025,2025-01,FC030010,基金合同终止公告,970058,安信瑞盈3个月滚动持有债券,安信资管瑞盈3个月滚动持有债券型集合资产管理计划资产管理合同终止及集合计划财产清算的公告,2025-01-22,国证资管,1213443
2025,2025-01,FC030010,基金合同终止公告,014252,华泰柏瑞鸿裕90天滚动持有短债A/C,华泰柏瑞鸿裕90天滚动持有短债债券型证券投资基金基金合同终止及基金财产清算的公告,2025-01-22,华泰柏瑞,1217826
2025,2025-01,FC030010,基金合同终止公告,016976,博时阿尔法回报混合,博时基金管理有限公司关于博时阿尔法回报混合型证券投资基金基金合同终止及基金财产清算的公告,2025-01-22,博时,1223012
2025,2025-01,FC030010,基金合同终止公告,014902,长城新能源股票发起式,关于长城新能源股票型发起式证券投资基金基金合同终止与基金财产清算的公告,2025-01-21,长城,1213358
2025,2025-01,FC030010,基金合同终止公告,970077,安信资管瑞鑫一年持有,安信资管瑞鑫一年持有期债券型集合资产管理计划资产管理合同终止及集合计划财产清算的公告,2025-01-20,国证资管,1210710
2025,2025-01,FC030010,基金合同终止公告,930602,国信价值智选,关于国信价值智选混合型集合资产管理计划资产管理合同终止及财产清算的公告,2025-01-20,国信证券资管,1211383
2025,2025-01,FC030010,基金合同终止公告,003950,博时鑫润混合,博时基金管理有限公司关于博时鑫润灵活配置混合型证券投资基金基金合同终止及基金财产清算的公告,2025-01-17,博时,1211086
2025,2025-01,FC030010,基金合同终止公告,018908,华宝远景混合,关于华宝远景混合型证券投资基金基金合同终止及基金财产清算的公告,2025-01-16,华宝,1210198
2025,2025-01,FC030010,基金合同终止公告,014212,博时研究优享混合,博时基金管理有限公司关于博时研究优享混合型证券投资基金合同终止及基金财产清算的公告,2025-01-16,博时,1210427
2025,2025-01,FC030010,基金合同终止公告,014099,博时中证科创创业50ETF发起式联接,关于博时中证科创创业50交易型开放式指数证券投资基金发起式联接基金基金合同终止的公告,2025-01-15,博时,1210006
2025,2025-01,FC030010,基金合同终止公告,014431,华夏中证新材料主题ETF发起式联接,华夏基金管理有限公司关于华夏中证新材料主题交易型开放式指数证券投资基金发起式联接基金终止基金合同及基金财产清算的公告,2025-01-14,华夏,1209652
2025,2025-01,FC030010,基金合同终止公告,013197,南方兴锦利一年定开债券发起,关于南方兴锦利一年定期开放债券型发起式证券投资基金基金合同终止及基金财产清算的公告,2025-01-10,南方,1208942
2025,2025-01,FC030010,基金合同终止公告,014608,中欧周期景气混合发起,中欧基金管理有限公司关于中欧周期景气混合型发起式证券投资基金基金合同终止及基金财产清算的公告,2025-01-06,中欧,1207050
2025,2025-01,FC030010,基金合同终止公告,014689,国泰中证港股通50ETF发起联接,关于国泰中证港股通50交易型开放式指数证券投资基金发起式联接基金基金合同终止及基金财产清算的公告,2025-01-02,国泰,1206104
2025,2025-02,FC030010,基金合同终止公告,860051,光大阳光北斗星180天滚动,关于光大阳光北斗星180天滚动持有债券型集合资产管理计划资产管理合同终止及集合计划财产清算的公告,2025-02-28,光证资管,1234158
2025,2025-02,FC030010,基金合同终止公告,970090,安信资管瑞丰6个月持有债券,安信资管瑞丰6个月持有期债券型集合资产管理计划资产管理合同终止及集合计划财产清算的公告,2025-02-27,国证资管,1233131
2025,2025-02,FC030010,基金合同终止公告,003950,博时鑫润混合,关于博时鑫润灵活配置混合型证券投资基金基金合同终止的公告,2025-02-27,博时,1233553
2025,2025-02,FC030010,基金合同终止公告,014750,兴华消费精选6个月持有混合发起,关于兴华消费精选6个月持有期混合型发起式证券投资基金基金合同终止及剩余财产分配的公告,2025-02-26,兴华,1232987
2025,2025-02,FC030010,基金合同终止公告,014212,博时研究优享混合,关于博时研究优享混合型证券投资基金基金合同终止的公告,2025-02-26,博时,1233022
2025,2025-02,FC030010,基金合同终止公告,013708,永赢养老目标2040三年持有混合发起（FOF）,永赢养老目标日期2040三年持有期混合型发起式基金中基金（FOF）基金合同终止及基金财产清算的公告,2025-02-25,永赢,1232589
2025,2025-02,FC030010,基金合同终止公告,860051,光大阳光北斗星180天滚动,关于光大阳光北斗星180天滚动持有债券型集合资产管理计划终止事宜的第三次提示性公告,2025-02-24,光证资管,1232574
2025,2025-02,FC030010,基金合同终止公告,014861,申万菱信双禧混合型发起式,关于申万菱信双禧混合型发起式证券投资基金发生基金合同终止及基金财产清算的公告,2025-02-24,申万菱信,1232207
2025,2025-02,FC030010,基金合同终止公告,970041,国海量化优选一年持有股票,关于国海证券量化优选一年持有期股票型集合资产管理计划资产管理合同终止及集合计划财产清算的公告,2025-02-21,国海证券,1232008
2025,2025-02,FC030010,基金合同终止公告,014744,恒生前海兴享混合,恒生前海基金管理有限公司关于《恒生前海兴享混合型证券投资基金基金合同》终止的公告,2025-02-21,恒生前海,1231431
2025,2025-02,FC030010,基金合同终止公告,014902,长城新能源股票发起式,关于《长城新能源股票型发起式证券投资基金基金合同》终止的公告,2025-02-20,长城,1231188
2025,2025-02,FC030010,基金合同终止公告,014763,鹏华鑫华一年持有期混合,鹏华鑫华一年持有期混合型证券投资基金基金合同终止公告,2025-02-19,鹏华,1230255
2025,2025-02,FC030010,基金合同终止公告,860051,光大阳光北斗星180天滚动,关于光大阳光北斗星180天滚动持有债券型集合资产管理计划终止事宜的第二次提示性公告,2025-02-19,光证资管,1230449
2025,2025-02,FC030010,基金合同终止公告,014906,国泰中证消费电子主题ETF发起联接,关于国泰中证消费电子主题交易型开放式指数证券投资基金发起式联接基金基金合同终止及基金财产清算的公告,2025-02-17,国泰,1229653
2025,2025-02,FC030010,基金合同终止公告,014908,国泰中证新材料主题ETF发起联接,关于国泰中证新材料主题交易型开放式指数证券投资基金发起式联接基金基金合同终止及基金财产清算的公告,2025-02-17,国泰,1229654
2025,2025-02,FC030010,基金合同终止公告,004687,汇添富熙和混合,关于汇添富熙和精选混合型证券投资基金基金合同终止及剩余财产分配的公告,2025-02-15,汇添富,1229659
2025,2025-02,FC030010,基金合同终止公告,860051,光大阳光北斗星180天滚动,关于光大阳光北斗星180天滚动持有债券型集合资产管理计划终止事宜的提示性公告,2025-02-13,光证资管,1229110
2025,2025-02,FC030010,基金合同终止公告,013197,南方兴锦利一年定开债券发起,关于南方兴锦利一年定期开放债券型发起式证券投资基金基金合同终止及剩余财产分配的公告,2025-02-13,南方,1229236
2025,2025-02,FC030010,基金合同终止公告,010258,淳厚稳悦,淳厚稳悦债券型证券投资基金基金合同终止公告,2025-02-08,淳厚,1227870
2025,2025-03,FC030010,基金合同终止公告,010400,富国融泰三个月定期开放混合发起式,富国基金管理有限公司关于富国融泰三个月定期开放混合型发起式证券投资基金发生基金合同终止情形及基金财产清算的公告,2025-03-29,富国,1254811
2025,2025-03,FC030010,基金合同终止公告,006346,安信量化优选股票,安信基金管理有限责任公司关于安信量化优选股票型发起式证券投资基金基金合同终止及基金财产清算的公告,2025-03-26,安信,1245084
2025,2025-03,FC030010,基金合同终止公告,009351,南方誉丰18个月持有期混合,关于南方誉丰18个月持有期混合型证券投资基金基金合同终止及基金财产清算的公告,2025-03-21,南方,1243299
2025,2025-03,FC030010,基金合同终止公告,014288,淳厚稳丰债券,关于淳厚稳丰债券型证券投资基金基金合同终止及基金财产清算的公告,2025-03-15,淳厚,1238362
2025,2025-03,FC030010,基金合同终止公告,010139,宝盈盈沛纯债债券,宝盈基金管理有限公司关于《宝盈盈沛纯债债券型证券投资基金基金合同》终止的公告,2025-03-15,宝盈,1238625
2025,2025-03,FC030010,基金合同终止公告,860051,光大阳光北斗星180天滚动,关于光大阳光北斗星180天滚动持有债券型集合资产管理计划资产管理合同终止及集合计划财产清算的公告,2025-03-14,光证资管,1238164
2025,2025-03,FC030010,基金合同终止公告,159579,华安深证主板50ETF,关于华安深证主板50交易型开放式指数证券投资基金基金合同终止的提示性公告,2025-03-13,华安,1237623
2025,2025-03,FC030010,基金合同终止公告,009144,博时荣升稳健添利混合,关于博时荣升稳健添利18个月定期开放混合型证券投资基金基金合同终止的公告,2025-03-13,博时,1237816
2025,2025-03,FC030010,基金合同终止公告,013873,平安中证医药及医疗器械创新指数发起式,平安中证医药及医疗器械创新指数型发起式证券投资基金基金合同终止公告,2025-03-12,平安,1237295
2025,2025-03,FC030010,基金合同终止公告,018520,淳厚瑞明债券,关于淳厚瑞明债券型证券投资基金基金合同终止及基金财产清算的公告,2025-03-12,淳厚,1237179
2025,2025-03,FC030010,基金合同终止公告,015966,淳厚中债1-3年政金债指数,关于淳厚中债1-3年政策性金融债指数证券投资基金基金合同终止及基金财产清算的公告,2025-03-11,淳厚,1236885
2025,2025-03,FC030010,基金合同终止公告,006354,国泰民裕进取灵活配置混合,关于国泰民裕进取灵活配置混合型证券投资基金基金合同终止及基金财产清算的公告,2025-03-10,国泰,1236600
2025,2025-03,FC030010,基金合同终止公告,015225,汇添富中证细分化工产业主题指数增强发起式,关于汇添富中证细分化工产业主题指数增强型发起式证券投资基金进入清算期及终止基金合同的公告,2025-03-10,汇添富,1236842
2025,2025-03,FC030010,基金合同终止公告,017107,淳厚优加一年持有混合,关于淳厚优加回报一年持有期混合型证券投资基金基金合同终止及基金财产清算的公告,2025-03-08,淳厚,1236490
2025,2025-03,FC030010,基金合同终止公告,016976,博时阿尔法回报混合,关于博时阿尔法回报混合型证券投资基金基金合同终止的公告,2025-03-07,博时,1236309
2025,2025-03,FC030010,基金合同终止公告,010059,东方红鼎元3个月定开混合,关于东方红鼎元3个月定期开放混合型发起式证券投资基金基金合同终止及基金财产清算的公告,2025-03-05,东证资管,1235334
2025,2025-03,FC030010,基金合同终止公告,013397,上银稳健优选12个月持有混合发起式（FOF）,关于上银稳健优选12个月持有期混合型发起式基金中基金（FOF）基金合同终止及基金财产清算的公告,2025-03-04,上银,1235027
2025,2025-04,FC030010,基金合同终止公告,015497,华泰紫金中证医药50指数发起,华泰紫金中证医药50指数型发起式证券投资基金合同终止及基金财产清算的公告,2025-04-30,华泰资管,1280936
2025,2025-04,FC030010,基金合同终止公告,010799,长城优选稳进六个月混合,长城优选稳进六个月持有期混合型证券投资基金基金合同终止与财产清算的公告,2025-04-30,长城,1281281
2025,2025-04,FC030010,基金合同终止公告,013181,安信港股通精选混合发起,关于《安信港股通精选混合型发起式证券投资基金基金合同》终止的公告,2025-04-30,安信,1281332
2025,2025-04,FC030010,基金合同终止公告,010475,摩根安享回报一年持有期债券,关于摩根安享回报一年持有期债券型证券投资基金基金合同终止及基金财产清算的公告,2025-04-30,摩根,1281355
2025,2025-04,FC030010,基金合同终止公告,010367,国联景瑞一年持有混合,国联基金管理有限公司关于国联景瑞一年持有期混合型证券投资基金基金合同终止及财产清算的公告,2025-04-29,国联,1280608
2025,2025-04,FC030010,基金合同终止公告,013029,嘉实鑫泰一年持有混合,关于嘉实鑫泰一年持有期混合型证券投资基金基金合同终止及财产清算的公告,2025-04-29,嘉实,1280603
2025,2025-04,FC030010,基金合同终止公告,019134,海富通欣盈6个月持有期混合,关于海富通欣盈6个月持有期混合型证券投资基金基金合同终止及基金财产清算的公告,2025-04-25,海富通,1279964
2025,2025-04,FC030010,基金合同终止公告,010508,博时鑫康混合,博时基金管理有限公司关于博时鑫康混合型证券投资基金合同终止及基金财产清算的公告,2025-04-22,博时,1274837
2025,2025-04,FC030010,基金合同终止公告,013181,安信港股通精选混合发起,安信基金管理有限责任公司关于安信港股通精选混合型发起式证券投资基金合同终止及基金财产清算的公告,2025-04-21,安信,1266337
2025,2025-04,FC030010,基金合同终止公告,015391,上银新能源产业精选混合发起式,上银基金管理有限公司关于上银新能源产业精选混合型发起式证券投资基金基金合同终止及基金财产清算的公告,2025-04-21,上银,1267612
2025,2025-04,FC030010,基金合同终止公告,560960,摩根中证碳中和60ETF,关于摩根中证碳中和60交易型开放式指数证券投资基金基金合同终止及基金财产清算的第三次提示性公告,2025-04-21,摩根,1268942
2025,2025-04,FC030010,基金合同终止公告,560960,摩根中证碳中和60ETF,关于摩根中证碳中和60交易型开放式指数证券投资基金基金合同终止及基金财产清算的第二次提示性公告,2025-04-19,摩根,1268943
2025,2025-04,FC030010,基金合同终止公告,560960,摩根中证碳中和60ETF,关于摩根中证碳中和60交易型开放式指数证券投资基金基金合同终止及基金财产清算的第一次提示性公告,2025-04-18,摩根,1265363
2025,2025-04,FC030010,基金合同终止公告,009351,南方誉丰18个月持有期混合,关于南方誉丰18个月持有期混合型证券投资基金基金合同终止及剩余财产分配的公告,2025-04-18,南方,1265648
2025,2025-04,FC030010,基金合同终止公告,015024,鹏华兴鹏一年持有期混合,鹏华兴鹏一年持有期混合型证券投资基金基金合同终止公告,2025-04-16,鹏华,1263858
2025,2025-04,FC030010,基金合同终止公告,560960,摩根中证碳中和60ETF,关于摩根中证碳中和60交易型开放式指数证券投资基金基金合同终止及基金财产清算的公告,2025-04-16,摩根,1264233
2025,2025-04,FC030010,基金合同终止公告,012216,红塔红土盛利混合,红塔红土盛利混合型证券投资基金基金合同终止及剩余财产分配的公告,2025-04-15,红塔红土,1263492
2025,2025-04,FC030010,基金合同终止公告,015328,华泰紫金中证细分化工产业主题指数发起,华泰紫金中证细分化工产业主题指数型发起式证券投资基金合同终止及基金财产清算的公告,2025-04-15,华泰资管,1263629
2025,2025-04,FC030010,基金合同终止公告,006346,安信量化优选股票,关于《安信量化优选股票型发起式证券投资基金基金合同》终止的公告,2025-04-08,安信,1261144
2025,2025-04,FC030010,基金合同终止公告,015225,汇添富中证细分化工产业主题指数增强发起式,关于汇添富中证细分化工产业主题指数增强型发起式证券投资基金基金合同终止及剩余财产分配的公告,2025-04-08,汇添富,1261364
2025,2025-05,FC030010,基金合同终止公告,014632,华安中证电子50ETF发起式联接,关于华安中证电子50交易型开放式指数证券投资基金发起式联接基金基金合同终止情形的公告,2025-05-28,华安,1289435
2025,2025-05,FC030010,基金合同终止公告,015710,华夏高端装备龙头混合发起式,华夏基金管理有限公司关于华夏高端装备龙头混合型发起式证券投资基金终止基金合同及基金财产清算的公告,2025-05-27,华夏,1288957
2025,2025-05,FC030010,基金合同终止公告,014796,华夏均衡养老目标三年持有混合发起式（FOF）,华夏基金管理有限公司关于华夏均衡养老目标三年持有期混合型发起式基金中基金（FOF）终止基金合同及基金财产清算的公告,2025-05-27,华夏,1289022
2025,2025-05,FC030010,基金合同终止公告,970150,方正证券鑫享三个月滚动债券,关于方正证券鑫享三个月滚动持有债券型集合资产管理计划资产管理合同终止及财产清算的公告,2025-05-25,方正证券,1288072
2025,2025-05,FC030010,基金合同终止公告,010938,大摩招惠一年持有期混合,关于摩根士丹利招惠一年持有期混合型证券投资基金基金合同终止及基金财产清算的公告,2025-05-24,摩根士丹利,1288311
2025,2025-05,FC030010,基金合同终止公告,010508,博时鑫康混合,关于博时鑫康混合型证券投资基金基金合同终止的公告,2025-05-24,博时,1288610
2025,2025-05,FC030010,基金合同终止公告,970160,东莞证券德鑫3个月定开债券,关于东莞证券德鑫3个月定期开放债券型集合资产管理计划资产管理合同终止及财产清算的公告,2025-05-23,东莞证券,1287364
2025,2025-05,FC030010,基金合同终止公告,013651,南方誉泰稳健6个月持有混合（FOF）,关于南方誉泰稳健6个月持有期混合型基金中基金（FOF）基金合同终止及基金财产清算的公告,2025-05-23,南方,1287763
2025,2025-05,FC030010,基金合同终止公告,013433,博时恒润6个月持有期混合,博时基金管理有限公司关于博时恒润6个月持有期混合型证券投资基金基金合同终止及基金财产清算的公告,2025-05-23,博时,1287779
2025,2025-05,FC030010,基金合同终止公告,010799,长城优选稳进六个月混合,关于《长城优选稳进六个月持有期混合型证券投资基金基金合同》终止的公告,2025-05-22,长城,1286947
2025,2025-05,FC030010,基金合同终止公告,015549,金鹰品质消费混合发起式,金鹰品质消费混合型发起式证券投资基金基金合同终止公告,2025-05-20,金鹰,1286195
2025,2025-05,FC030010,基金合同终止公告,015694,瑞达策略优选混合发起,关于瑞达策略优选混合型发起式证券投资基金基金合同终止及基金财产清算的公告,2025-05-19,瑞达,1284656
2025,2025-05,FC030010,基金合同终止公告,015252,西部利得季季鸿三个月持有混合发起（FOF）,关于西部利得季季鸿三个月持有期混合型发起式基金中基金（FOF）发生基金合同终止事由并进行基金财产清算的公告,2025-05-19,西部利得,1285855
2025,2025-05,FC030010,基金合同终止公告,013989,富国沪港深优质资产混合发起式,富国基金管理有限公司关于富国沪港深优质资产混合型发起式证券投资基金发生基金合同终止情形及基金财产清算的公告,2025-05-19,富国,1286113
2025,2025-05,FC030010,基金合同终止公告,970026,申万宏源灵通快利短债债券,申万宏源灵通快利短期债券型集合资产管理计划资产管理合同终止及集合计划财产清算的公告,2025-05-19,申万宏源证券资管,1286151
2025,2025-05,FC030010,基金合同终止公告,006063,景顺长城MSCI中国A股国际通指数增强,关于景顺长城MSCI中国A股国际通指数增强型证券投资基金基金合同终止及基金财产清算的公告,2025-05-15,景顺长城,1284507
2025,2025-05,FC030010,基金合同终止公告,970125,银河优选六个月持有期债券A,银河优选六个月持有期债券型集合资产管理计划基金合同终止公告,2025-05-14,银河金汇,1284126
2025,2025-05,FC030010,基金合同终止公告,015424,中金金选财富6个月持有期混合型（FOF）,关于中金金选财富进取6个月持有期混合型基金中基金（FOF）基金合同终止及基金财产清算的公告,2025-05-14,中金,1284227
2025,2025-05,FC030010,基金合同终止公告,014715,国投瑞银积极养老目标五年持有混合发起式（FOF）,国投瑞银积极养老目标五年持有期混合型发起式基金中基金（FOF）基金合同终止公告,2025-05-14,国投瑞银,1284059
2025,2025-05,FC030010,基金合同终止公告,970073,东证融汇成长优选,关于东证融汇成长优选混合型集合资产管理计划合同终止及财产清算的公告,2025-05-13,东证融汇资管,1283800
2025,2025-06,FC030010,基金合同终止公告,015655,富荣医药健康混合发起,关于富荣医药健康混合型发起式证券投资基金基金合同终止及基金财产清算的公告,2025-06-30,富荣,1307582
2025,2025-06,FC030010,基金合同终止公告,873002,广发资管全球精选一年持有期债券（QDII）,关于广发资管全球精选一年持有期债券型集合资产管理计划（QDII）资产管理合同终止及集合计划财产清算的公告,2025-06-30,广发资管,1307622
2025,2025-06,FC030010,基金合同终止公告,970021,信达价值精选,信达证券股份有限公司关于信达价值精选一年持有期灵活配置混合型集合资产管理计划资产管理合同终止及集合计划财产清算的公告,2025-06-30,信达证券,1308797
2025,2025-06,FC030010,基金合同终止公告,015870,富安达先进制造混合发起式,关于富安达先进制造混合型发起式证券投资基金基金合同终止及基金财产清算的公告,2025-06-28,富安达,1307157
2025,2025-06,FC030010,基金合同终止公告,970104,华创证券创享一年持有期,华创证券创享一年持有期债券型集合资产管理计划资产管理合同终止及基金财产清算的公告,2025-06-25,华创证券,1300930
2025,2025-06,FC030010,基金合同终止公告,002356,博时安泰18个月定开债,博时基金管理有限公司关于博时安泰18个月定期开放债券型证券投资基金基金合同终止及基金财产清算的公告,2025-06-25,博时,1302480
2025,2025-06,FC030010,基金合同终止公告,015574,宝盈新能源产业混合发起式,宝盈新能源产业混合型发起式证券投资基金基金合同终止公告,2025-06-23,宝盈,1300413
2025,2025-06,FC030010,基金合同终止公告,013651,南方誉泰稳健6个月持有混合（FOF）,关于南方誉泰稳健6个月持有期混合型基金中基金（FOF）基金合同终止及剩余财产分配公告,2025-06-21,南方,1300705
2025,2025-06,FC030010,基金合同终止公告,512280,景顺长城MSCI中国A股国际通ETF,关于景顺长城MSCI中国A股国际通交易型开放式指数证券投资基金基金合同终止及基金财产清算的公告,2025-06-20,景顺长城,1300057
2025,2025-06,FC030010,基金合同终止公告,010446,国泰金福三个月定期开放混合,关于国泰金福三个月定期开放混合型发起式证券投资基金基金合同终止及基金财产清算的公告,2025-06-17,国泰,1298328
2025,2025-06,FC030010,基金合同终止公告,015617,永赢卓越臻选股票发起,永赢基金管理有限公司关于永赢卓越臻选股票型发起式证券投资基金基金合同终止及基金财产清算的公告,2025-06-16,永赢,1298122
2025,2025-06,FC030010,基金合同终止公告,519118,浦银安盛幸福回报定开债券,关于浦银安盛幸福回报定期开放债券型证券投资基金基金合同终止及基金财产清算的公告,2025-06-12,浦银基金,1296953
2025,2025-06,FC030010,基金合同终止公告,015694,瑞达策略优选混合发起,关于瑞达策略优选混合型发起式证券投资基金基金合同终止及剩余财产分配的公告,2025-06-12,瑞达,1297017
2025,2025-06,FC030010,基金合同终止公告,015234,上银恒享平衡养老目标三年持有混合发起式（FOF）,上银基金管理有限公司关于上银恒享平衡养老目标三年持有期混合型发起式基金中基金（FOF）基金合同终止及基金财产清算的公告,2025-06-10,上银,1295347
2025,2025-06,FC030010,基金合同终止公告,015871,景顺长城国证新能源车电池ETF联接,关于景顺长城国证新能源车电池交易型开放式指数证券投资基金发起式联接基金基金合同终止及基金财产清算的公告,2025-06-07,景顺长城,1294946
2025,2025-06,FC030010,基金合同终止公告,161911,万家强化收益定期开放债券,关于万家强化收益定期开放债券型证券投资基金进入清算期及终止基金合同的公告,2025-06-05,万家,1293901
2025,2025-06,FC030010,基金合同终止公告,015761,银华中证基建ETF发起式联接,银华中证基建交易型开放式指数证券投资基金发起式联接基金基金合同终止及基金财产清算的公告,2025-06-03,银华,1292943
2025,2025-06,FC030010,基金合同终止公告,003406,南方多元定开债券发起,关于南方多元定期开放债券型发起式证券投资基金基金合同终止及剩余财产分配的公告,2025-06-03,南方,1293165
2025,2025-06,FC030010,基金合同终止公告,008743,南方集利18个月持有债券,关于南方集利18个月持有期债券型证券投资基金基金合同终止及基金财产清算的公告,2025-06-03,南方,1293166
2025,2025-06,FC030010,基金合同终止公告,015796,万家新能源主题混合发起式,关于万家新能源主题混合型发起式证券投资基金进入清算期及终止基金合同的公告,2025-06-01,万家,1292937
2025,2025-07,FC030010,基金合同终止公告,015889,富国中证500基本面精选股票发起式,富国基金管理有限公司关于富国中证500基本面精选股票型发起式证券投资基金发生基金合同终止情形及基金财产清算的公告,2025-07-30,富国,1329563
2025,2025-07,FC030010,基金合同终止公告,002447,博时裕安一年定开债发起式,博时基金管理有限公司关于博时裕安纯债一年定期开放债券型发起式证券投资基金基金合同终止及基金财产清算的公告,2025-07-29,博时,1329240
2025,2025-07,FC030010,基金合同终止公告,014433,国泰智享科技1个月滚动持有混合发起,关于国泰智享科技1个月滚动持有混合型发起式证券投资基金基金合同终止及基金财产清算的公告,2025-07-28,国泰,1328639
2025,2025-07,FC030010,基金合同终止公告,015707,安信新能源主题股票型发起,安信基金管理有限责任公司关于安信新能源主题股票型发起式证券投资基金基金合同终止及基金财产清算的公告,2025-07-28,安信,1328828
2025,2025-07,FC030010,基金合同终止公告,016053,泰康先进材料股票发起,关于泰康先进材料股票型发起式证券投资基金基金合同终止及基金财产清算的公告,2025-07-28,泰康,1328569
2025,2025-07,FC030010,基金合同终止公告,012685,长城优选招益一年混合,长城优选招益一年持有期混合型证券投资基金基金合同终止与基金财产清算的公告,2025-07-26,长城,1328549
2025,2025-07,FC030010,基金合同终止公告,850006,海通红利优选,海通红利优选一年持有期混合型集合资产管理计划资产管理合同终止及集合计划财产清算的公告,2025-07-26,海通资管,1328550
2025,2025-07,FC030010,基金合同终止公告,970127,德邦资管月月鑫30天滚动债,德邦证券资产管理有限公司关于德邦资管月月鑫30天滚动持有债券型集合资产管理计划资产管理合同终止及集合计划财产清算的公告,2025-07-25,德邦资管,1328213
2025,2025-07,FC030010,基金合同终止公告,016697,华泰柏瑞上证50指数增强A/C,华泰柏瑞上证50指数增强型证券投资基金基金合同终止及基金财产清算的公告,2025-07-25,华泰柏瑞,1328224
2025,2025-07,FC030010,基金合同终止公告,019805,华泰紫金智和利率债,华泰紫金智和利率债债券型证券投资基金合同终止及基金财产清算的公告,2025-07-23,华泰资管,1327637
2025,2025-07,FC030010,基金合同终止公告,016233,创金合信增福稳健养老目标一年持有期混合发起（FOF）,关于创金合信增福稳健养老目标一年持有期混合型发起式基金中基金（FOF）基金合同终止及基金财产清算的公告,2025-07-22,创金合信,1327593
2025,2025-07,FC030010,基金合同终止公告,970171,西部证券易储通现金管理,关于西部证券易储通现金管理型集合资产管理计划资产管理合同终止及集合计划财产清算的公告,2025-07-17,西部证券,1313160
2025,2025-07,FC030010,基金合同终止公告,970116,方正证券现金港,关于方正证券现金港货币型集合资产管理计划资产管理合同终止及财产清算的公告,2025-07-17,方正证券,1313571
2025,2025-07,FC030010,基金合同终止公告,002356,博时安泰18个月定开债,关于博时安泰18个月定期开放债券型证券投资基金基金合同终止的公告,2025-07-16,博时,1313448
2025,2025-07,FC030010,基金合同终止公告,015982,国泰君安稳债双利6个月持有债券发起,上海国泰君安证券资产管理有限公司关于国泰君安稳债双利6个月持有期债券型发起式证券投资基金基金合同终止及基金财产清算的公告,2025-07-14,国泰海通资管,1312653
2025,2025-07,FC030010,基金合同终止公告,008743,南方集利18个月持有债券,关于南方集利18个月持有期债券型证券投资基金基金合同终止及剩余财产分配公告,2025-07-12,南方,1312872
2025,2025-07,FC030010,基金合同终止公告,015776,财通资管通达未来6个月持有混合发起式（FOF）,关于财通资管通达未来6个月持有期混合型发起式基金中基金（FOF）基金合同终止及基金财产清算的公告,2025-07-08,财通资管,1310958
2025,2025-07,FC030010,基金合同终止公告,016138,中银证券慧泽进取3个月持有期混合发起（FOF）,关于中银证券慧泽进取3个月持有期混合型发起式基金中基金（FOF）基金合同终止及基金财产清算的公告,2025-07-08,中银国际证券,1310986
2025,2025-07,FC030010,基金合同终止公告,016824,嘉实方舟一年持有期混合,关于嘉实方舟一年持有期混合型证券投资基金基金合同终止及财产清算的公告,2025-07-05,嘉实,1310664
2025,2025-07,FC030010,基金合同终止公告,013433,博时恒润6个月持有期混合,关于博时恒润6个月持有期混合型证券投资基金基金合同终止的公告,2025-07-02,博时,1309715
2025,2025-08,FC030010,基金合同终止公告,873002,广发资管全球精选一年持有期债券（QDII）,关于广发资管全球精选一年持有期债券型集合资产管理计划（QDII）资产管理合同终止及剩余财产分配的公告,2025-08-30,广发资管,1349927
2025,2025-08,FC030010,基金合同终止公告,016231,创金合信佳和稳健一年持有期混合发起（FOF）,关于创金合信佳和稳健一年持有期混合型发起式基金中基金（FOF）基金合同终止及基金财产清算的公告,2025-08-30,创金合信,1349941
2025,2025-08,FC030010,基金合同终止公告,018944,博时远见成长混合,博时基金管理有限公司关于博时远见成长混合型证券投资基金基金合同终止及基金财产清算的公告,2025-08-28,博时,1339366
2025,2025-08,FC030010,基金合同终止公告,015813,国新国证优选配置6个月持有混合发起（FOF）,国新国证优选配置6个月持有期混合型发起式基金中基金（FOF）基金合同终止公告,2025-08-26,国新国证,1337342
2025,2025-08,FC030010,基金合同终止公告,970176,东莞证券旗峰天添利货币,关于东莞证券旗峰天添利货币型集合资产管理计划资产管理合同终止及财产清算的公告,2025-08-25,东莞证券,1336858
2025,2025-08,FC030010,基金合同终止公告,017800,招商恒鑫30个月封闭债,关于招商恒鑫30个月封闭式债券型证券投资基金基金份额自动赎回、进入清算期及终止基金合同的公告,2025-08-22,招商,1336453
2025,2025-08,FC030010,基金合同终止公告,160645,鹏华精选回报三年定开混合,鹏华精选回报三年定期开放混合型证券投资基金基金合同终止公告,2025-08-20,鹏华,1335556
2025,2025-08,FC030010,基金合同终止公告,017081,鹏华悦享一年持有期混合,鹏华基金管理有限公司关于鹏华悦享一年持有期混合型证券投资基金基金合同终止及基金财产清算的公告,2025-08-20,鹏华,1335618
2025,2025-08,FC030010,基金合同终止公告,012685,长城优选招益一年混合,关于《长城优选招益一年持有期混合型证券投资基金基金合同》终止的公告,2025-08-18,长城,1335199
2025,2025-08,FC030010,基金合同终止公告,850007,海通智选,海通智选一年持有期股票型集合资产管理计划资产管理合同终止及集合计划财产清算的公告,2025-08-18,海通资管,1334886
2025,2025-08,FC030010,基金合同终止公告,970132,东证融汇添添益中短债,关于东证融汇添添益中短债债券型集合资产管理计划合同终止及剩余财产分配的公告,2025-08-16,东证融汇资管,1335014
2025,2025-08,FC030010,基金合同终止公告,003434,博时鑫泽混合,博时基金管理有限公司关于博时鑫泽灵活配置混合型证券投资基金基金合同终止及基金财产清算的公告,2025-08-15,博时,1334861
2025,2025-08,FC030010,基金合同终止公告,850006,海通红利优选,关于海通红利优选一年持有期混合型集合资产管理计划资产管理合同终止及剩余财产分配的公告,2025-08-15,海通资管,1334402
2025,2025-08,FC030010,基金合同终止公告,850011,海通现金宝货币,关于海通现金宝货币型集合资产管理计划资产管理合同终止及剩余财产分配的公告,2025-08-15,海通资管,1334403
2025,2025-08,FC030010,基金合同终止公告,015549,金鹰品质消费混合发起式,金鹰品质消费混合型发起式证券投资基金基金合同终止公告,2025-08-12,金鹰,1333405
2025,2025-08,FC030010,基金合同终止公告,970132,东证融汇添添益中短债,关于东证融汇添添益中短债债券型集合资产管理计划合同终止及财产清算的公告,2025-08-11,东证融汇资管,1333040
2025,2025-08,FC030010,基金合同终止公告,016155,鹏扬消费行业混合发起式,关于鹏扬消费行业混合型发起式证券投资基金基金合同终止及基金财产清算的公告,2025-08-10,鹏扬,1333133
2025,2025-08,FC030010,基金合同终止公告,016309,银华玉衡定投三个月持有混合发起式（FOF）,银华玉衡定投三个月持有期混合型发起式基金中基金（FOF）基金合同终止及基金财产清算的公告,2025-08-09,银华,1332985
2025,2025-08,FC030010,基金合同终止公告,016382,国泰君安价值精选混合发起,上海国泰海通证券资产管理有限公司关于国泰君安价值精选混合型发起式证券投资基金基金合同终止及基金财产清算的公告,2025-08-09,国泰海通资管,1333044
2025,2025-08,FC030010,基金合同终止公告,015707,安信新能源主题股票型发起,关于《安信新能源主题股票型发起式证券投资基金基金合同》终止的公告,2025-08-07,安信,1331650
2025,2025-09,FC030010,基金合同终止公告,016121,华安积极养老目标五年持有混合发起式（FOF）,关于华安积极养老目标五年持有期混合型发起式基金中基金（FOF）基金合同终止及基金财产清算的公告,2025-09-30,华安,1363461
2025,2025-09,FC030010,基金合同终止公告,970162,现金管家,东海证券股份有限公司关于东海证券现金管家现金管理型集合资产管理计划资产管理合同终止及集合计划财产清算的公告,2025-09-30,东海证券,1363523
2025,2025-09,FC030010,基金合同终止公告,024798,华夏增益十八个月持有债券,华夏基金管理有限公司关于华夏增益十八个月持有期债券型证券投资基金终止基金合同及基金财产清算的公告,2025-09-30,华夏,1363527
2025,2025-09,FC030010,基金合同终止公告,970029,安信资管瑞元添利,安信资管瑞元添利一年持有期债券型集合资产管理计划资产管理合同终止及集合计划财产清算的公告,2025-09-30,国证资管,1363736
2025,2025-09,FC030010,基金合同终止公告,016380,华宝专精特新混合发起式,关于华宝专精特新混合型发起式证券投资基金基金合同终止及基金财产清算的公告,2025-09-29,华宝,1361274
2025,2025-09,FC030010,基金合同终止公告,018525,银河招益6个月持有混合,银河基金管理有限公司关于银河招益6个月持有期混合型证券投资基金基金合同终止及基金财产清算的公告,2025-09-29,银河,1361844
2025,2025-09,FC030010,基金合同终止公告,020687,长盛利鑫90天持有纯债,关于长盛利鑫90天持有期纯债债券型证券投资基金基金合同终止及基金财产清算的公告,2025-09-27,长盛,1361598
2025,2025-09,FC030010,基金合同终止公告,018944,博时远见成长混合,关于博时远见成长混合型证券投资基金基金合同终止的公告,2025-09-26,博时,1361088
2025,2025-09,FC030010,基金合同终止公告,018703,南方誉民稳健一年持有混合,关于南方誉民稳健一年持有期混合型证券投资基金基金合同终止及基金财产清算的公告,2025-09-26,南方,1361192
2025,2025-09,FC030010,基金合同终止公告,008324,宝盈祥利稳健配置混合,宝盈祥利稳健配置混合型证券投资基金基金合同终止公告,2025-09-20,宝盈,1358402
2025,2025-09,FC030010,基金合同终止公告,003434,博时鑫泽混合,关于博时鑫泽灵活配置混合型证券投资基金基金合同终止的公告,2025-09-20,博时,1358635
2025,2025-09,FC030010,基金合同终止公告,002447,博时裕安一年定开债发起式,关于博时裕安纯债一年定期开放债券型发起式证券投资基金基金合同终止的公告,2025-09-18,博时,1356947
2025,2025-09,FC030010,基金合同终止公告,020878,华商融享稳健配置3个月持有混合（FOF）,关于华商融享稳健配置3个月持有期混合型基金中基金(FOF)基金合同终止及基金财产清算的公告,2025-09-18,华商,1356971
2025,2025-09,FC030010,基金合同终止公告,020548,长盛悦鑫60天持有纯债,关于长盛悦鑫60天持有期纯债债券型证券投资基金基金合同终止及基金财产清算的公告,2025-09-16,长盛,1356136
2025,2025-09,FC030010,基金合同终止公告,009675,国联融慧双欣一年定开债券,国联基金管理有限公司关于国联融慧双欣一年定期开放债券型证券投资基金基金合同终止及财产清算的公告,2025-09-13,国联,1355684
2025,2025-09,FC030010,基金合同终止公告,010401,新华安康多元收益一年持有期混合,关于新华安康多元收益一年持有期混合型证券投资基金基金合同终止及基金财产清算的公告,2025-09-13,新华,1355845
2025,2025-09,FC030010,基金合同终止公告,015246,国投兴源FOF,关于国投瑞银兴源6个月定期开放混合型基金中基金（FOF）基金合同终止及基金财产清算的公告,2025-09-11,国投瑞银,1354793
2025,2025-09,FC030010,基金合同终止公告,014554,博时恒瑞混合,博时基金管理有限公司关于博时恒瑞混合型证券投资基金基金合同终止及基金财产清算的公告,2025-09-10,博时,1354685
2025,2025-09,FC030010,基金合同终止公告,016242,东方红养老目标 2045 五年持有混合发起（FOF）,关于东方红养老目标日期2045五年持有期混合型发起式基金中基金（FOF）基金合同终止及基金财产清算的公告,2025-09-07,东证资管,1353805
2025,2025-09,FC030010,基金合同终止公告,850007,海通智选,关于海通智选一年持有期股票型集合资产管理计划资产管理合同终止及剩余财产分配的公告,2025-09-04,海通资管,1352648
2025,2025-10,FC030010,基金合同终止公告,970183,恒泰现金添利货币型,恒泰现金添利货币型集合资产管理计划基金合同终止公告,2025-10-30,恒泰证券,1383763
2025,2025-10,FC030010,基金合同终止公告,010348,景顺长城泰保三个月定开混合,关于景顺长城泰保三个月定期开放混合型发起式证券投资基金合同终止及基金财产清算的公告,2025-10-29,景顺长城,1383065
2025,2025-10,FC030010,基金合同终止公告,015639,国联养老目标日期2045三年持有混合发起（FOF）,国联基金管理有限公司关于国联养老目标日期2045三年持有期混合型发起式基金中基金（FOF）基金合同终止及财产清算的公告,2025-10-28,国联,1374766
2025,2025-10,FC030010,基金合同终止公告,016013,南方碳中和股票发起,关于南方碳中和股票型发起式证券投资基金基金合同终止及基金财产清算的公告,2025-10-27,南方,1372155
2025,2025-10,FC030010,基金合同终止公告,014554,博时恒瑞混合,关于博时恒瑞混合型证券投资基金基金合同终止的公告,2025-10-25,博时,1372142
2025,2025-10,FC030010,基金合同终止公告,004175,博时鑫泰混合,关于博时鑫泰灵活配置混合型证券投资基金基金合同终止的公告,2025-10-24,博时,1368844
2025,2025-10,FC030010,基金合同终止公告,014890,南方浩泰平衡优选一年持有混合（FOF）,关于南方浩泰平衡优选一年持有期混合型基金中基金（FOF）基金合同终止及基金财产清算的公告,2025-10-24,南方,1368915
2025,2025-10,FC030010,基金合同终止公告,009323,博时富通一年定开债发起式,关于博时富通纯债一年定期开放债券型发起式证券投资基金基金合同终止的公告,2025-10-23,博时,1368182
2025,2025-10,FC030010,基金合同终止公告,010919,鹏华招润一年持有期混合,鹏华基金管理有限公司关于鹏华招润一年持有期混合型证券投资基金基金合同终止及基金财产清算的公告,2025-10-22,鹏华,1367741
2025,2025-10,FC030010,基金合同终止公告,022864,华宝远识混合,关于华宝远识混合型证券投资基金基金合同终止及基金财产清算的公告,2025-10-16,华宝,1366176
2025,2025-10,FC030010,基金合同终止公告,016763,华安中证上海环交所碳中和指数发起式,关于华安中证上海环交所碳中和指数型发起式证券投资基金基金合同终止情形的公告,2025-10-15,华安,1365803
2025,2025-10,FC030010,基金合同终止公告,020234,海富通瑞鑫30天持有期债券,海富通基金管理有限公司关于海富通瑞鑫30天持有期债券型证券投资基金基金合同终止及基金财产清算的公告,2025-10-15,海富通,1365953
2025,2025-10,FC030010,基金合同终止公告,970188,申万宏源双季增享6个月债券,申万宏源双季增享6个月持有期债券型集合资产管理计划资产管理合同终止及集合计划财产清算的公告,2025-10-14,申万宏源证券资管,1365556
2025,2025-10,FC030010,基金合同终止公告,007781,天弘弘新,天弘基金管理有限公司关于《天弘弘新混合型发起式证券投资基金基金合同》终止的公告,2025-10-14,天弘,1365397
2025,2025-10,FC030010,基金合同终止公告,011359,长城优选添利一年混合,长城优选添利一年持有期混合型证券投资基金基金合同终止与基金财产清算的公告,2025-10-10,长城,1363934
2025,2025-11,FC030010,基金合同终止公告,970174,东证融汇现金管家货币,关于东证融汇现金管家货币型集合资产管理计划合同终止及财产清算的公告,2025-11-30,东证融汇资管,1396552
2025,2025-11,FC030010,基金合同终止公告,860005,光大阳光添利债券,关于光大阳光添利债券型集合资产管理计划资产管理合同终止及集合计划财产清算的公告,2025-11-29,光证资管,1396548
2025,2025-11,FC030010,基金合同终止公告,860010,光大阳光对冲6个月持有混合,关于光大阳光对冲策略6个月持有期灵活配置混合型集合资产管理计划资产管理合同终止及集合计划财产清算的公告,2025-11-29,光证资管,1396549
2025,2025-11,FC030010,基金合同终止公告,860012,光大阳光稳债收益12个月持有债券,关于光大阳光稳债收益12个月持有期债券型集合资产管理计划资产管理合同终止及集合计划财产清算的公告,2025-11-29,光证资管,1396550
2025,2025-11,FC030010,基金合同终止公告,016700,渤海汇金低碳经济一年持有期混合发起,关于渤海汇金低碳经济一年持有期混合型发起式证券投资基金基金合同终止及基金财产清算的公告,2025-11-29,渤海汇金,1396586
2025,2025-11,FC030010,基金合同终止公告,970175,国海现金宝,关于国海证券现金宝货币型集合资产管理计划资产管理合同终止及集合计划财产清算的公告,2025-11-28,国海证券,1395622
2025,2025-11,FC030010,基金合同终止公告,017096,广发稳润一年持有期混合,关于广发稳润一年持有期混合型证券投资基金基金合同终止及基金财产清算的公告,2025-11-28,广发,1395908
2025,2025-11,FC030010,基金合同终止公告,010006,南方誉鼎一年持有期混合,关于南方誉鼎一年持有期混合型证券投资基金基金合同终止及基金财产清算的公告,2025-11-27,南方,1395177
2025,2025-11,FC030010,基金合同终止公告,010190,嘉实价值发现三个月定期混合,关于嘉实价值发现三个月定期开放混合型发起式证券投资基金基金合同终止及财产清算的公告,2025-11-27,嘉实,1395127
2025,2025-11,FC030010,基金合同终止公告,860005,光大阳光添利债券,关于光大阳光添利债券型集合资产管理计划终止事宜的第三次提示性公告,2025-11-26,光证资管,1393556
2025,2025-11,FC030010,基金合同终止公告,860010,光大阳光对冲6个月持有混合,关于光大阳光对冲策略6个月持有期灵活配置混合型集合资产管理计划终止事宜的第三次提示性公告,2025-11-26,光证资管,1393557
2025,2025-11,FC030010,基金合同终止公告,860012,光大阳光稳债收益12个月持有债券,关于光大阳光稳债收益12个月持有期债券型集合资产管理计划终止事宜的第三次提示性公告,2025-11-26,光证资管,1393558
2025,2025-11,FC030010,基金合同终止公告,016912,恒越均衡优选混合发起式,恒越均衡优选混合型发起式证券投资基金基金合同终止公告,2025-11-26,恒越,1393899
2025,2025-11,FC030010,基金合同终止公告,018703,南方誉民稳健一年持有混合,关于南方誉民稳健一年持有期混合型证券投资基金基金合同终止及剩余财产分配公告,2025-11-26,南方,1394430
2025,2025-11,FC030010,基金合同终止公告,860005,光大阳光添利债券,关于光大阳光添利债券型集合资产管理计划终止事宜的第二次提示性公告,2025-11-22,光证资管,1392584
2025,2025-11,FC030010,基金合同终止公告,860010,光大阳光对冲6个月持有混合,关于光大阳光对冲策略6个月持有期灵活配置混合型集合资产管理计划终止事宜的第二次提示性公告,2025-11-22,光证资管,1392593
2025,2025-11,FC030010,基金合同终止公告,860012,光大阳光稳债收益12个月持有债券,关于光大阳光稳债收益12个月持有期债券型集合资产管理计划终止事宜的第二次提示性公告,2025-11-22,光证资管,1392597
2025,2025-11,FC030010,基金合同终止公告,015345,嘉实养老目标日期2055五年持有期混合发起（FOF）,关于嘉实养老目标日期2055五年持有期混合型发起式基金中基金（FOF）基金合同终止及财产清算的公告,2025-11-22,嘉实,1392704
2025,2025-11,FC030010,基金合同终止公告,013581,中海海颐混合,中海基金管理有限公司关于中海海颐混合型证券投资基金基金合同终止及基金财产清算的公告,2025-11-21,中海,1391529
2025,2025-11,FC030010,基金合同终止公告,015352,中欧诚选一年持有混合（FOF）,中欧基金管理有限公司关于中欧诚选一年持有期混合型基金中基金（FOF）基金合同终止及基金财产清算的公告,2025-11-21,中欧,1391876
2025,2025-11,FC030010,基金合同终止公告,016908,华安中证基建指数发起式,关于华安中证基建指数型发起式证券投资基金基金合同终止情形的公告,2025-11-17,华安,1388902
2025,2025-11,FC030010,基金合同终止公告,970196,诚通天天利货币,关于诚通天天利货币型集合资产管理计划资产管理合同终止及集合计划财产清算的公告,2025-11-14,诚通证券,1388187
2025,2025-11,FC030010,基金合同终止公告,970197,申万宏源季季优选3个月滚动持有债券,申万宏源季季优选3个月滚动持有债券型集合资产管理计划资产管理合同终止及集合计划财产清算的公告,2025-11-14,申万宏源证券资管,1388447
2025,2025-11,FC030010,基金合同终止公告,014790,景顺长城产业臻选一年持有混合,关于景顺长城产业臻选一年持有期混合型证券投资基金基金合同终止及基金财产清算的公告,2025-11-12,景顺长城,1387486
2025,2025-11,FC030010,基金合同终止公告,011397,招商瑞和1年持有期混合,关于招商瑞和1年持有期混合型证券投资基金基金合同终止及基金财产清算的公告,2025-11-12,招商,1387550
2025,2025-11,FC030010,基金合同终止公告,010863,鹏华安裕5个月持有期混合,鹏华基金管理有限公司关于鹏华兴鹏一年持有期混合型证券投资基金基金合同终止及基金财产清算的公告,2025-11-07,鹏华,1385989
2025,2025-11,FC030010,基金合同终止公告,013248,交银鸿泰一年持有期混合,交银施罗德基金管理有限公司关于交银施罗德鸿泰一年持有期混合型证券投资基金基金合同终止及基金财产清算的公告,2025-11-05,交银施罗德,1385035
2025,2025-11,FC030010,基金合同终止公告,015129,国泰海通善远平衡配置一年持有混合(FOF),上海国泰海通证券资产管理有限公司关于国泰海通善远平衡配置一年持有期混合型基金中基金（FOF）基金合同终止及基金财产清算的公告,2025-11-04,国泰海通资管,1384765
2025,2025-11,FC030010,基金合同终止公告,011359,长城优选添利一年混合,关于《长城优选添利一年持有期混合型证券投资基金基金合同》终止的公告,2025-11-04,长城,1384817
2025,2025-11,FC030010,基金合同终止公告,010211,景顺长城顺鑫回报混合,关于景顺长城顺鑫回报混合型证券投资基金基金合同终止及基金财产清算的公告,2025-11-03,景顺长城,1384469
2025,2025-11,FC030010,基金合同终止公告,016229,创金合信星和稳健6个月持有期混合发起（FOF）,关于创金合信星和稳健6个月持有期混合型发起式基金中基金（FOF）基金合同终止及基金财产清算的公告,2025-11-03,创金合信,1384119
2025,2025-11,FC030010,基金合同终止公告,014659,金元顺安行业精选混合,金元顺安行业精选混合型证券投资基金基金合同终止公告,2025-11-01,金元顺安,1384271
2025,2025-12,FC030010,基金合同终止公告,850004,海通量化价值精选,海通量化价值精选一年持有期混合型集合资产管理计划资产管理合同终止及集合计划财产清算的公告,2025-12-31,海通资管,1409357
2025,2025-12,FC030010,基金合同终止公告,850005,海通核心优势,海通核心优势一年持有期混合型集合资产管理计划资产管理合同终止及集合计划财产清算的公告,2025-12-31,海通资管,1409358
2025,2025-12,FC030010,基金合同终止公告,850010,海通量化成长精选,海通量化成长精选一年持有期混合型集合资产管理计划资产管理合同终止及集合计划财产清算的公告,2025-12-31,海通资管,1409359
2025,2025-12,FC030010,基金合同终止公告,850013,海通品质升级,海通品质升级一年持有期混合型集合资产管理计划资产管理合同终止及集合计划财产清算的公告,2025-12-31,海通资管,1409360
2025,2025-12,FC030010,基金合同终止公告,017557,华夏中证沪港深500ETF发起式联接,华夏基金管理有限公司关于华夏中证沪港深500交易型开放式指数证券投资基金发起式联接基金终止基金合同及基金财产清算的公告,2025-12-30,华夏,1408951
2025,2025-12,FC030010,基金合同终止公告,017571,华夏中证新能源ETF发起式联接,华夏基金管理有限公司关于华夏中证新能源交易型开放式指数证券投资基金发起式联接基金终止基金合同及基金财产清算的公告,2025-12-30,华夏,1408955
2025,2025-12,FC030010,基金合同终止公告,017686,中欧预见养老2055五年持有混合发起（FOF）,中欧基金管理有限公司关于中欧预见养老目标日期2055五年持有期混合型发起式基金中基金（FOF）基金合同终止及基金财产清算的公告,2025-12-30,中欧,1408978
2025,2025-12,FC030010,基金合同终止公告,005943,工银聚福混合,工银瑞信基金管理有限公司关于工银瑞信聚福混合型证券投资基金基金合同终止及基金财产清算的公告,2025-12-30,工银瑞信,1409173
2025,2025-12,FC030010,基金合同终止公告,008931,中加安瑞积极养老五年持有混合发起（FOF）,中加安瑞积极养老目标五年持有期混合型发起式基金中基金（FOF）基金合同终止公告,2025-12-29,中加,1408248
2025,2025-12,FC030010,基金合同终止公告,017445,摩根沪深300指数增强发起式,关于摩根沪深300指数增强型发起式证券投资基金基金合同终止及基金财产清算的公告,2025-12-29,摩根,1408329
2025,2025-12,FC030010,基金合同终止公告,004157,中信保诚至诚混合,关于《中信保诚至诚灵活配置混合型证券投资基金基金合同》终止的公告,2025-12-27,中信保诚,1408335
2025,2025-12,FC030010,基金合同终止公告,016103,申万菱信沪深300优选指数增强发起式,关于申万菱信沪深300优选指数增强发起式证券投资基金基金合同终止及基金财产清算的公告,2025-12-27,申万菱信,1408407
2025,2025-12,FC030010,基金合同终止公告,003023,博时景发纯债债券,博时基金管理有限公司关于博时景发纯债债券型证券投资基金基金合同终止及基金财产清算的公告,2025-12-26,博时,1407473
2025,2025-12,FC030010,基金合同终止公告,016336,博时卓远成长一年持有期股票,关于博时卓远成长一年持有期股票型证券投资基金基金合同终止的公告,2025-12-26,博时,1407491
2025,2025-12,FC030010,基金合同终止公告,010006,南方誉鼎一年持有期混合,关于南方誉鼎一年持有期混合型证券投资基金基金合同终止及剩余财产分配公告,2025-12-26,南方,1407617
2025,2025-12,FC030010,基金合同终止公告,017486,万家洞见进取混合发起式,关于万家洞见进取混合型发起式证券投资基金进入清算期及终止基金合同的公告,2025-12-24,万家,1406028
2025,2025-12,FC030010,基金合同终止公告,010987,国联鑫锐精选一年持有混合,国联基金管理有限公司关于国联鑫锐研究精选一年持有期混合型证券投资基金基金合同终止、进入赎回选择期及基金财产清算的公告,2025-12-23,国联,1405339
2025,2025-12,FC030010,基金合同终止公告,970179,天风金管家货币,关于天风金管家货币型集合资产管理计划资产管理合同终止及财产清算的公告,2025-12-23,天风资管,1405403
2025,2025-12,FC030010,基金合同终止公告,015975,工银积极养老目标五年持有混合发起（FOF）,工银瑞信基金管理有限公司关于工银瑞信积极养老目标五年持有期混合型发起式基金中基金（FOF）基金合同终止及基金财产清算的公告,2025-12-22,工银瑞信,1405169
2025,2025-12,FC030010,基金合同终止公告,008422,国联研发创新混合,国联基金管理有限公司关于国联研发创新混合型证券投资基金基金合同终止及财产清算的公告,2025-12-19,国联,1403788
2025,2025-12,FC030010,基金合同终止公告,017226,富国中证全指家用电器ETF发起式联接,富国基金管理有限公司关于富国中证全指家用电器交易型开放式指数证券投资基金发起式联接基金发生基金合同终止情形及基金财产清算的公告,2025-12-08,富国,1400011
2025,2025-12,FC030010,基金合同终止公告,016013,南方碳中和股票发起,关于南方碳中和股票型发起式证券投资基金基金合同终止及剩余财产分配的公告,2025-12-04,南方,1398743
2025,2025-12,FC030010,基金合同终止公告,018118,华宝ESG责任投资混合,华宝ESG责任投资混合型证券投资基金基金合同终止公告,2025-12-03,华宝,1397859
2025,2025-12,FC030010,基金合同终止公告,007308,华宝消费升级混合,关于华宝消费升级混合型证券投资基金基金合同终止及基金财产清算的公告,2025-12-03,华宝,1397863
2025,2025-12,FC030010,基金合同终止公告,013659,国联金融鑫选3个月持有混合,国联基金管理有限公司关于国联金融鑫选3个月持有期混合型证券投资基金基金合同终止及财产清算的公告,2025-12-03,国联,1397997
2025,2025-12,FC030010,基金合同终止公告,008773,中银景泰回报混合,中银基金管理有限公司关于中银景泰回报混合型证券投资基金基金合同终止及基金财产清算的公告,2025-12-03,中银,1398362
2025,2025-12,FC030010,基金合同终止公告,017195,长江时代精选混合发起,关于长江时代精选混合型发起式证券投资基金基金合同终止及基金财产清算的公告,2025-12-01,长江资管,1396757
2025,2025-12,FC030010,基金合同终止公告,016756,中加医疗创新混合发起式,关于中加医疗创新混合型发起式证券投资基金基金合同终止及基金财产清算的公告,2025-12-01,中加,1397197
2025,2025-12,FC030010,基金合同终止公告,970172,平安现金宝现金管理,关于平安证券现金宝现金管理型集合资产管理计划资产管理合同终止与财产清算的公告,2025-12-01,平安证券,1397445
2026,2026-01,FC030010,基金合同终止公告,016846,中欧预见养老目标2045三年持有混合发起（FOF）,中欧基金管理有限公司关于中欧预见养老目标日期2045三年持有期混合型发起式基金中基金（FOF）可能触发基金合同终止情形的提示性公告,2026-01-28,中欧,1430776
2026,2026-01,FC030010,基金合同终止公告,008058,鹏华鑫享稳健混合,鹏华鑫享稳健混合型证券投资基金基金合同终止公告,2026-01-27,鹏华,1430202
2026,2026-01,FC030010,基金合同终止公告,017019,博时中证农业主题指数发起式,关于博时中证农业主题指数型发起式证券投资基金基金合同终止的公告,2026-01-22,博时,1426457
2026,2026-01,FC030010,基金合同终止公告,003023,博时景发纯债债券,关于博时景发纯债债券型证券投资基金基金合同终止的公告,2026-01-22,博时,1426472
2026,2026-01,FC030010,基金合同终止公告,850004,海通量化价值精选,关于海通量化价值精选一年持有期混合型集合资产管理计划资产管理合同终止及剩余财产分配的公告,2026-01-22,海通资管,1419690
2026,2026-01,FC030010,基金合同终止公告,010080,中欧优势成长混合,中欧基金管理有限公司关于中欧优势成长三个月定期开放混合型发起式证券投资基金基金合同终止及基金财产清算的公告,2026-01-21,中欧,1417773
2026,2026-01,FC030010,基金合同终止公告,850005,海通核心优势,关于海通核心优势一年持有期混合型集合资产管理计划资产管理合同终止及剩余财产分配的公告,2026-01-21,海通资管,1415653
2026,2026-01,FC030010,基金合同终止公告,850013,海通品质升级,关于海通品质升级一年持有期混合型集合资产管理计划资产管理合同终止及剩余财产分配的公告,2026-01-21,海通资管,1415659
2026,2026-01,FC030010,基金合同终止公告,012784,鹏华养老2040五年持有期混合发起式（FOF）,鹏华养老目标日期2040五年持有期混合型发起式基金中基金（FOF）基金合同终止公告,2026-01-20,鹏华,1414918
2026,2026-01,FC030010,基金合同终止公告,010170,中银证券鑫瑞6个月持有,关于中银证券鑫瑞6个月持有期混合型证券投资基金基金合同终止及基金财产清算的公告,2026-01-20,中银国际证券,1415022
2026,2026-01,FC030010,基金合同终止公告,001499,国投瑞银新增长混合,关于国投瑞银新增长灵活配置混合型证券投资基金基金合同终止及基金财产清算的公告,2026-01-20,国投瑞银,1414982
2026,2026-01,FC030010,基金合同终止公告,014403,中欧预见平衡养老三年持有混合发起（FOF）,中欧基金管理有限公司关于中欧预见平衡养老目标三年持有期混合型发起式基金中基金（FOF）基金合同终止及基金财产清算的公告,2026-01-19,中欧,1414692
2026,2026-01,FC030010,基金合同终止公告,017663,泓德汽车产业升级混合发起式,泓德基金管理有限公司关于泓德汽车产业升级混合型发起式证券投资基金基金合同终止及基金财产清算的公告,2026-01-19,泓德,1414894
2026,2026-01,FC030010,基金合同终止公告,014524,汇添富制造业升级研究精选一年持有混合发起,关于汇添富制造业升级研究精选一年持有期混合型发起式证券投资基金进入清算期及终止基金合同的公告,2026-01-19,汇添富,1414910
2026,2026-01,FC030010,基金合同终止公告,020048,红塔红土中债0-3年政策性金融债指数,红塔红土基金管理有限公司关于红塔红土中债0-3年政策性金融债指数证券投资基金基金合同终止及基金财产清算的公告,2026-01-15,红塔红土,1413470
2026,2026-01,FC030010,基金合同终止公告,016271,华安养老目标2035三年持有混合发起式（FOF）,关于华安养老目标日期2035三年持有期混合型发起式基金中基金（FOF）基金合同终止及基金财产清算的公告,2026-01-13,华安,1412566
2026,2026-01,FC030010,基金合同终止公告,013419,交银裕景纯债一年定期开放债券,交银施罗德基金管理有限公司关于交银施罗德裕景纯债一年定期开放债券型证券投资基金基金合同终止及基金财产清算的公告,2026-01-13,交银施罗德,1412654
2026,2026-01,FC030010,基金合同终止公告,016115,华安养老目标2050五年持有混合发起式（FOF）,关于华安养老目标日期2050五年持有期混合型发起式基金中基金（FOF）基金合同终止及基金财产清算的公告,2026-01-12,华安,1412177
2026,2026-01,FC030010,基金合同终止公告,016651,汇丰晋信慧嘉债券,关于汇丰晋信慧嘉债券型证券投资基金基金合同终止及基金财产清算的公告,2026-01-08,汇丰晋信,1411507
2026,2026-01,FC030010,基金合同终止公告,016392,易米中证科创创业50指数增强发起,关于易米中证科创创业50指数增强型发起式证券投资基金发生基金合同终止情形及基金财产清算的公告,2026-01-06,易米,1410590
2026,2026-02,FC030010,基金合同终止公告,003651,博时丰达6个月定开债发起式,博时基金管理有限公司关于博时丰达纯债6个月定期开放债券型发起式证券投资基金基金合同终止及基金财产清算的公告,2026-02-28,博时,1439459
2026,2026-02,FC030010,基金合同终止公告,025889,国联金如意双利一年持有债券,国联基金管理有限公司关于国联金如意双利一年持有期债券型证券投资基金基金合同终止及基金财产清算的公告,2026-02-25,国联,1437764
2026,2026-02,FC030010,基金合同终止公告,017697,华夏新材料龙头混合发起式,华夏基金管理有限公司关于华夏新材料龙头混合型发起式证券投资基金终止基金合同及基金财产清算的公告,2026-02-25,华夏,1437773
2026,2026-02,FC030010,基金合同终止公告,012481,泓德医疗创新混合发起式,泓德基金管理有限公司关于泓德医疗创新混合型发起式证券投资基金基金合同终止及基金财产清算的公告,2026-02-24,泓德,1437420
2026,2026-02,FC030010,基金合同终止公告,005416,鹏华尊惠定期开放混合,鹏华基金管理有限公司关于鹏华尊惠18个月定期开放混合型证券投资基金基金合同终止及基金财产清算的公告,2026-02-14,鹏华,1437384
2026,2026-02,FC030010,基金合同终止公告,009561,博时富盛一年定开债发起式,关于博时富盛纯债一年定期开放债券型发起式证券投资基金基金合同终止的公告,2026-02-12,博时,1435752
2026,2026-02,FC030010,基金合同终止公告,021761,红塔红土30天持有期债券,红塔红土中债0-3年政策性金融债指数证券投资基金基金合同终止及剩余财产分配的公告,2026-02-10,红塔红土,1434397
2026,2026-02,FC030010,基金合同终止公告,016846,中欧预见养老目标2045三年持有混合发起（FOF）,中欧基金管理有限公司关于中欧预见养老目标日期2045三年持有期混合型发起式基金中基金（FOF）基金合同终止及基金财产清算的公告,2026-02-09,中欧,1433956
2026,2026-02,FC030010,基金合同终止公告,025582,光大保德信阳光北斗星9个月持有期债券,光大保德信基金管理有限公司关于光大保德信阳光北斗星9个月持有期债券型证券投资基金基金合同终止及基金财产清算公告,2026-02-07,光大保德信,1433884
2026,2026-02,FC030010,基金合同终止公告,560890,新华中证红利低波动ETF,关于新华中证红利低波动交易型开放式指数证券投资基金基金合同终止及基金财产清算的公告,2026-02-06,新华,1433592
2026,2026-02,FC030010,基金合同终止公告,015276,博时均衡回报混合,博时基金管理有限公司关于博时均衡回报混合型证券投资基金基金合同终止及基金财产清算的公告,2026-02-03,博时,1432292
2026,2026-02,FC030010,基金合同终止公告,017096,广发稳润一年持有期混合,关于广发稳润一年持有期混合型证券投资基金基金合同终止及剩余财产分配的公告,2026-02-02,广发,1432146
2026,2026-03,FC030010,基金合同终止公告,023694,国寿安保尊悦纯债债券,国寿安保尊悦纯债债券型证券投资基金基金合同终止及基金财产清算的公告,2026-03-31,国寿安保,1455662
2026,2026-03,FC030010,基金合同终止公告,017728,创金合信荣和积极养老目标五年持有期混合发起（FOF）,关于创金合信荣和积极养老目标五年持有期混合型发起式基金中基金（FOF）基金合同终止及基金财产清算的公告,2026-03-31,创金合信,1457227
2026,2026-03,FC030010,基金合同终止公告,016897,广发中证上海环交所碳中和ETF发起式联接,关于广发中证上海环交所碳中和交易型开放式指数证券投资基金发起式联接基金基金合同终止及基金财产清算的公告,2026-03-30,广发,1451907
2026,2026-03,FC030010,基金合同终止公告,018141,中金优选长兴稳健6个月持有混合发起（FOF）,中金优选长兴稳健6个月持有期混合型发起式基金中基金（FOF）基金合同终止公告,2026-03-30,中金,1452580
2026,2026-03,FC030010,基金合同终止公告,014579,华泰柏瑞恒泽混合A/C,华泰柏瑞恒泽混合型证券投资基金基金合同终止及基金财产清算的公告,2026-03-28,华泰柏瑞,1449470
2026,2026-03,FC030010,基金合同终止公告,018678,中泰中证同业存单AAA指数7天持有,关于中泰中证同业存单AAA指数7天持有期证券投资基金基金合同终止及基金财产清算的公告,2026-03-27,中泰资管,1447252
2026,2026-03,FC030010,基金合同终止公告,002755,博时裕盛纯债债券,博时基金管理有限公司关于博时裕盛纯债债券型证券投资基金基金合同终止及基金财产清算的公告,2026-03-27,博时,1447873
2026,2026-03,FC030010,基金合同终止公告,018372,中泰星锐景气成长混合,关于中泰星锐景气成长混合型证券投资基金基金合同终止及基金财产清算的公告,2026-03-26,中泰资管,1446877
2026,2026-03,FC030010,基金合同终止公告,014634,景顺长城ESG量化股票,关于景顺长城ESG量化股票型证券投资基金基金合同终止及基金财产清算的公告,2026-03-26,景顺长城,1446979
2026,2026-03,FC030010,基金合同终止公告,018029,泓德新能源产业混合发起式,泓德基金管理有限公司关于泓德新能源产业混合型发起式证券投资基金基金合同终止及基金财产清算的公告,2026-03-25,泓德,1446511
2026,2026-03,FC030010,基金合同终止公告,017218,鹏华汽车产业混合发起式,鹏华基金管理有限公司关于鹏华汽车产业混合型发起式证券投资基金基金合同终止及基金财产清算的公告,2026-03-24,鹏华,1445945
2026,2026-03,FC030010,基金合同终止公告,012252,安信宏盈18个月持有混合,安信基金管理有限责任公司关于安信宏盈18个月持有期混合型证券投资基金基金合同终止及基金财产清算的公告,2026-03-20,安信,1444918
2026,2026-03,FC030010,基金合同终止公告,016515,申万菱信智能生活量化选股混合型发起式,关于申万菱信智能生活量化选股混合型发起式证券投资基金基金合同终止及基金财产清算的公告,2026-03-18,申万菱信,1443878
2026,2026-03,FC030010,基金合同终止公告,015276,博时均衡回报混合,关于博时均衡回报混合型证券投资基金基金合同终止的公告,2026-03-18,博时,1443950
2026,2026-03,FC030010,基金合同终止公告,018198,交银稳进丰利六个月持有期混合,交银施罗德基金管理有限公司关于交银施罗德稳进丰利六个月持有期混合型证券投资基金基金合同终止及基金财产清算的公告,2026-03-18,交银施罗德,1444116
2026,2026-03,FC030010,基金合同终止公告,017165,易米低碳经济股票发起,关于易米低碳经济股票型发起式证券投资基金发生基金合同终止情形及基金财产清算的公告,2026-03-17,易米,1443370
2026,2026-03,FC030010,基金合同终止公告,017604,华夏中证生物科技主题ETF发起式联接,华夏基金管理有限公司关于华夏中证生物科技主题交易型开放式指数证券投资基金发起式联接基金终止基金合同及基金财产清算的公告,2026-03-17,华夏,1443526
2026,2026-03,FC030010,基金合同终止公告,017907,汇添富中证上海环交所碳中和ETF发起式联接,关于汇添富中证上海环交所碳中和交易型开放式指数证券投资基金发起式联接基金进入清算期及终止基金合同的公告,2026-03-16,汇添富,1443197
2026,2026-03,FC030010,基金合同终止公告,006642,华泰保兴吉年利,华泰保兴基金管理有限公司关于华泰保兴吉年利定期开放混合型发起式证券投资基金基金合同终止及基金财产清算的公告,2026-03-14,华泰保兴,1443118
2026,2026-03,FC030010,基金合同终止公告,007385,华泰保兴安盈,华泰保兴基金管理有限公司关于华泰保兴安盈三个月定期开放混合型发起式证券投资基金基金合同终止及基金财产清算的公告,2026-03-14,华泰保兴,1443122
2026,2026-03,FC030010,基金合同终止公告,016985,英大延福养老目标2035三年持有混合发起（FOF）,英大基金管理有限公司关于英大延福养老目标日期2035三年持有期混合型发起式基金中基金（FOF）基金合同终止及基金财产清算的公告,2026-03-02,英大,1439490
2026,2026-03,FC030010,基金合同终止公告,017164,英大延福养老目标2060三年持有混合发起（FOF）,英大基金管理有限公司关于英大延福养老目标日期2060三年持有期混合型发起式基金中基金（FOF）基金合同终止及基金财产清算的公告,2026-03-02,英大,1439491
2026,2026-04,FC030010,基金合同终止公告,002755,博时裕盛纯债债券,关于博时裕盛纯债债券型证券投资基金基金合同终止的公告,2026-04-30,博时,1485943
2026,2026-04,FC030010,基金合同终止公告,001311,华安新回报灵活配置混合,华安新回报灵活配置混合型证券投资基金基金合同终止公告,2026-04-29,华安,1485132
2026,2026-04,FC030010,基金合同终止公告,016390,易米研究精选混合发起,关于易米研究精选混合型发起式证券投资基金发生基金合同终止情形及基金财产清算的公告,2026-04-28,易米,1484480
2026,2026-04,FC030010,基金合同终止公告,015984,金鹰碳中和混合发起式,金鹰基金管理有限公司关于金鹰碳中和混合型发起式证券投资基金基金合同终止及剩余财产分配的公告,2026-04-27,金鹰,1484009
2026,2026-04,FC030010,基金合同终止公告,014153,天弘华证沪深港长期竞争力指数,天弘基金管理有限公司关于天弘华证沪深港长期竞争力指数证券投资基金基金合同终止及剩余财产分配的公告,2026-04-27,天弘,1484127
2026,2026-04,FC030010,基金合同终止公告,017238,创金合信宁和平衡养老目标三年持有期混合发起（FOF）,关于创金合信宁和平衡养老目标三年持有期混合型发起式基金中基金（FOF）基金合同终止及基金财产清算的公告,2026-04-27,创金合信,1483771
2026,2026-04,FC030010,基金合同终止公告,015734,红塔红土信息产业精选股票发起式,红塔红土信息产业精选股票型发起式证券投资基金基金合同终止及剩余财产分配的公告,2026-04-16,红塔红土,1466575
2026,2026-04,FC030010,基金合同终止公告,017907,汇添富中证上海环交所碳中和ETF发起式联接,关于汇添富中证上海环交所碳中和交易型开放式指数证券投资基金发起式联接基金基金合同终止及剩余财产分配的公告,2026-04-16,汇添富,1467029
2026,2026-04,FC030010,基金合同终止公告,018226,瑞达先进制造混合型发起式,关于瑞达先进制造混合型发起式证券投资基金基金合同终止及基金财产清算的公告,2026-04-15,瑞达,1466531
2026,2026-04,FC030010,基金合同终止公告,007056,银华积极精选混合,银华基金管理股份有限公司关于银华积极精选混合型证券投资基金基金合同终止及基金财产清算的公告,2026-04-15,银华,1466544
2026,2026-04,FC030010,基金合同终止公告,023218,国寿安保尊富30天持有债券,国寿安保尊富30天持有期债券型证券投资基金基金合同终止及基金财产清算的公告,2026-04-14,国寿安保,1466234
2026,2026-04,FC030010,基金合同终止公告,022388,天弘稳兴债券,天弘基金管理有限公司关于天弘稳兴债券型证券投资基金基金合同终止及剩余财产分配的公告,2026-04-14,天弘,1466290
2026,2026-04,FC030010,基金合同终止公告,020587,景顺长城成长机遇混合,关于景顺长城成长机遇混合型证券投资基金基金合同终止及基金财产清算的公告,2026-04-14,景顺长城,1466387
2026,2026-04,FC030010,基金合同终止公告,017817,鹏扬裕利三年封闭债券,关于鹏扬裕利三年封闭式债券型证券投资基金基金份额自动赎回、进入清算期及终止基金合同的公告,2026-04-14,鹏扬,1466400
2026,2026-04,FC030010,基金合同终止公告,020534,国投瑞银恒扬30天持有期债券,关于国投瑞银恒扬30天持有期债券型证券投资基金基金合同终止及基金财产清算的公告,2026-04-14,国投瑞银,1466235
2026,2026-04,FC030010,基金合同终止公告,018031,华安中证数字经济主题ETF发起式联接,关于华安中证数字经济主题交易型开放式指数证券投资基金发起式联接基金触发基金合同终止情形的公告,2026-04-12,华安,1466011
2026,2026-04,FC030010,基金合同终止公告,021519,长盛中债0-3年政金债指数,长盛基金管理有限公司关于长盛中债0-3年政策性金融债指数证券投资基金基金合同终止及基金财产清算的公告,2026-04-11,长盛,1465834
2026,2026-04,FC030010,基金合同终止公告,002904,博时安仁一年定开债发起式,博时基金管理有限公司关于博时安仁一年定期开放债券型发起式证券投资基金基金合同终止及基金财产清算的公告,2026-04-10,博时,1465571
2026,2026-04,FC030010,基金合同终止公告,003651,博时丰达6个月定开债发起式,关于博时丰达纯债6个月定期开放债券型发起式证券投资基金基金合同终止的公告,2026-04-09,博时,1465248
2026,2026-04,FC030010,基金合同终止公告,014781,建信兴衡优选一年持有混合,关于建信兴衡优选一年持有期混合型证券投资基金合同终止及基金财产清算的公告,2026-04-08,建信,1464715
2026,2026-05,FC030010,基金合同终止公告,018250,华泰保兴科睿一年持有混合发起,华泰保兴基金管理有限公司关于华泰保兴科睿一年持有期混合型发起式证券投资基金基金合同终止及基金财产清算的公告,2026-05-26,华泰保兴,1495011
2026,2026-05,FC030010,基金合同终止公告,018292,华夏国证2000指数增强发起式,华夏基金管理有限公司关于华夏国证2000指数增强型发起式证券投资基金终止基金合同及基金财产清算的公告,2026-05-26,华夏,1495087
2026,2026-05,FC030010,基金合同终止公告,017864,财通资管博宏积极6个月持有混合发起式（FOF）,关于财通资管博宏积极6个月持有期混合型发起式基金中基金（FOF）基金合同终止及基金财产清算的公告,2026-05-25,财通资管,1494229
2026,2026-05,FC030010,基金合同终止公告,017160,中欧颐享平衡养老目标三年持有混合发起（FOF）,中欧基金管理有限公司关于中欧颐享平衡养老目标三年持有期混合型发起式基金中基金（FOF）基金合同终止及基金财产清算的公告,2026-05-25,中欧,1494331
2026,2026-05,FC030010,基金合同终止公告,017300,安信数字经济股票发起,安信基金管理有限责任公司关于安信数字经济股票型发起式证券投资基金基金合同终止及基金财产清算的公告,2026-05-25,安信,1494587
2026,2026-05,FC030010,基金合同终止公告,002904,博时安仁一年定开债发起式,关于博时安仁一年定期开放债券型发起式证券投资基金基金合同终止的公告,2026-05-23,博时,1494675
2026,2026-05,FC030010,基金合同终止公告,016734,安信永泽一年定开债券发起式,安信基金管理有限责任公司关于安信永泽一年定期开放债券型发起式证券投资基金基金合同终止及基金财产清算的公告,2026-05-23,安信,1494721
2026,2026-05,FC030010,基金合同终止公告,015852,华泰柏瑞益安三个月定开债券,华泰柏瑞益安三个月定期开放债券型证券投资基金基金合同终止及基金财产清算的公告,2026-05-20,华泰柏瑞,1491507
2026,2026-05,FC030010,基金合同终止公告,017689,华泰紫金恒荣12个月持有期混合发起,华泰紫金恒荣12个月持有期混合型发起式证券投资基金基金合同终止及基金财产清算的公告,2026-05-19,华泰资管,1490362
2026,2026-05,FC030010,基金合同终止公告,018351,国泰海通周期精选混合发起,上海国泰海通证券资产管理有限公司关于国泰海通周期精选混合型发起式证券投资基金基金合同终止及基金财产清算的公告,2026-05-18,国泰海通资管,1489975
2026,2026-05,FC030010,基金合同终止公告,017267,招商乐颐和惠养老目标日期2035三年持有混合发起式FOF,招商基金管理有限公司关于招商乐颐和惠养老目标日期2035三年持有期混合型发起式基金中基金（FOF）基金合同终止及基金财产清算的公告,2026-05-18,招商,1490023
2026,2026-05,FC030010,基金合同终止公告,016897,广发中证上海环交所碳中和ETF发起式联接,关于广发中证上海环交所碳中和交易型开放式指数证券投资基金发起式联接基金基金合同终止及剩余财产分配的公告,2026-05-18,广发,1490067
2026,2026-05,FC030010,基金合同终止公告,018332,嘉实新兴景气混合发起式,关于嘉实新兴景气混合型发起式证券投资基金基金合同终止及财产清算的公告,2026-05-18,嘉实,1490223
2026,2026-05,FC030010,基金合同终止公告,018347,富安达智优量化选股混合型发起式,关于富安达先进制造混合型发起式证券投资基金基金合同终止及基金财产清算的公告,2026-05-16,富安达,1489953
2026,2026-05,FC030010,基金合同终止公告,016357,易方达中证长江保护主题ETF联接发起式,关于易方达中证长江保护主题交易型开放式指数证券投资基金发起式联接基金基金合同终止及剩余财产分配的公告,2026-05-15,易方达,1489344
2026,2026-05,FC030010,基金合同终止公告,019187,中银证券和瑞一年持有混合,关于中银证券和瑞一年持有期混合型证券投资基金基金合同终止及基金财产清算的公告,2026-05-12,中银国际证券,1488441
2026,2026-05,FC030010,基金合同终止公告,016132,国泰海通善兴平衡养老目标三年持有混合发起(FOF),上海国泰海通证券资产管理有限公司关于国泰海通善兴平衡养老目标三年持有期混合型发起式基金中基金（FOF）基金合同终止及基金财产清算的公告,2026-05-11,国泰海通资管,1488097
2026,2026-05,FC030010,基金合同终止公告,017292,申万菱信红利量化选股股票,关于申万菱信红利量化选股股票型证券投资基金基金合同终止及基金财产清算的公告,2026-05-09,申万菱信,1488216
2026,2026-05,FC030010,基金合同终止公告,015504,华夏兴夏价值一年持有混合发起式,华夏基金管理有限公司关于华夏兴夏价值一年持有期混合型发起式证券投资基金终止基金合同及基金财产清算的公告,2026-05-07,华夏,1487223
2026,2026-06,FC030010,基金合同终止公告,002717,红塔红土盛隆灵活配置混合,红塔红土盛隆灵活配置混合型证券投资基金基金合同终止及剩余财产分配的公告,2026-06-30,红塔红土,1517138
2026,2026-06,FC030010,基金合同终止公告,017768,大成颐禧积极养老目标五年持有混合发起式（FOF）,关于大成颐禧积极养老目标五年持有期混合型发起式基金中基金（FOF）基金合同终止及基金财产清算的公告,2026-06-30,大成,1518483
2026,2026-06,FC030010,基金合同终止公告,023575,海富通稳鑫三个月持有债券,海富通基金管理有限公司关于海富通稳鑫三个月持有期债券型证券投资基金基金合同终止及基金财产清算的公告,2026-06-30,海富通,1518663
2026,2026-06,FC030010,基金合同终止公告,017004,上银恒睿养老目标日期2045三年持有混合发起式（FOF）,关于上银恒睿养老目标日期2045三年持有期混合型发起式基金中基金（FOF）基金合同终止及基金财产清算的公告,2026-06-27,上银,1514686
2026,2026-06,FC030010,基金合同终止公告,017591,汇添富添福智富均衡养老目标三年持有混合发起（FOF）,关于汇添富添福智富均衡养老目标三年持有期混合型发起式基金中基金（FOF）进入清算期及终止基金合同的公告,2026-06-22,汇添富,1508760
2026,2026-06,FC030010,基金合同终止公告,017866,泓德高端装备混合发起式,泓德基金管理有限公司关于泓德高端装备混合型发起式证券投资基金基金合同终止及基金财产清算的公告,2026-06-22,泓德,1508815
2026,2026-06,FC030010,基金合同终止公告,001626,国泰央企改革股票,关于国泰央企改革股票型证券投资基金基金合同终止及基金财产清算的公告,2026-06-17,国泰,1506635
2026,2026-06,FC030010,基金合同终止公告,004307,博时富元纯债债券,博时基金管理有限公司关于博时富元纯债债券型证券投资基金基金合同终止及基金财产清算的公告,2026-06-17,博时,1506920
2026,2026-06,FC030010,基金合同终止公告,023171,兴华安泽纯债,关于兴华安泽纯债债券型证券投资基金基金合同终止及剩余财产分配的公告,2026-06-17,兴华,1506968
2026,2026-06,FC030010,基金合同终止公告,017495,泰康中证科创创业50指数,关于泰康中证科创创业50指数型发起式证券投资基金基金合同终止及基金财产清算的公告,2026-06-15,泰康,1505740
2026,2026-06,FC030010,基金合同终止公告,016130,国泰海通品质生活混合发起,上海国泰海通证券资产管理有限公司关于国泰海通品质生活混合型发起式证券投资基金基金合同终止及基金财产清算的公告,2026-06-13,国泰海通资管,1505749
2026,2026-06,FC030010,基金合同终止公告,018498,渤海汇金优选平衡一年持有混合发起（FOF）,关于渤海汇金优选平衡一年持有期混合型发起式基金中基金（FOF）基金合同终止及基金财产清算的公告,2026-06-12,渤海汇金,1503553
2026,2026-06,FC030010,基金合同终止公告,017184,华商嘉逸养老目标2045五年持有混合发起式（FOF）,关于华商嘉逸养老目标日期2045五年持有期混合型发起式基金中基金（FOF）基金合同终止及基金财产清算的公告,2026-06-10,华商,1503534
2026,2026-06,FC030010,基金合同终止公告,019056,百嘉百川30天持有纯债债券,关于百嘉百川30天持有期纯债债券型证券投资基金基金合同终止及剩余财产分配的公告,2026-06-09,百嘉,1502776
2026,2026-06,FC030010,基金合同终止公告,010190,嘉实价值发现三个月定期混合,关于嘉实价值发现三个月定期开放混合型发起式证券投资基金基金合同终止及剩余财产分配公告,2026-06-08,嘉实,1502575
2026,2026-06,FC030010,基金合同终止公告,017300,安信数字经济股票发起,关于《安信数字经济股票型发起式证券投资基金基金合同》终止的公告,2026-06-05,安信,1501890
2026,2026-06,FC030010,基金合同终止公告,017579,汇添富添福欣享均衡养老目标三年持有混合发起（FOF）,关于汇添富添福欣享均衡养老目标三年持有期混合型发起式基金中基金（FOF）进入清算期及终止基金合同的公告,2026-06-04,汇添富,1501286
2026,2026-06,FC030010,基金合同终止公告,006946,宝盈聚享定期开放债券,宝盈聚享纯债定期开放债券型发起式证券投资基金基金合同终止公告,2026-06-03,宝盈,1500665
2026,2026-06,FC030010,基金合同终止公告,018302,华夏聚盈优选三个月持有混合发起式（FOF）,华夏基金管理有限公司关于华夏聚盈优选三个月持有期混合型发起式基金中基金（FOF）终止基金合同及基金财产清算的公告,2026-06-03,华夏,1500739
2026,2026-06,FC030010,基金合同终止公告,002717,红塔红土盛隆灵活配置混合,红塔红土基金管理有限公司关于红塔红土盛隆灵活配置混合型证券投资基金基金合同终止及基金财产清算的公告,2026-06-02,红塔红土,1500264
2026,2026-07,FC030010,基金合同终止公告,020497,安信均衡增长混合,关于《安信均衡增长混合型证券投资基金基金合同》终止的公告,2026-07-31,安信,1546209
2026,2026-07,FC030010,基金合同终止公告,011574,鹏华领航一年持有期混合,鹏华基金管理有限公司关于鹏华领航一年持有期混合型证券投资基金基金合同终止及基金财产清算的公告,2026-07-31,鹏华,1546362
2026,2026-07,FC030010,基金合同终止公告,016285,汇丰晋信龙头优势混合,关于汇丰晋信龙头优势混合型证券投资基金基金合同终止及基金财产清算的公告,2026-07-30,汇丰晋信,1545783
2026,2026-07,FC030010,基金合同终止公告,007996,博时富顺纯债债券,博时基金管理有限公司关于博时富顺纯债债券型证券投资基金基金合同终止及基金财产清算的公告,2026-07-29,博时,1545475
2026,2026-07,FC030010,基金合同终止公告,017805,惠升和润39个月封闭债券,关于惠升和润39个月封闭式债券型证券投资基金基金合同终止及基金财产清算的公告,2026-07-28,惠升,1544774
2026,2026-07,FC030010,基金合同终止公告,007985,博时富悦纯债,博时基金管理有限公司关于博时富悦纯债债券型证券投资基金基金合同终止及基金财产清算的公告,2026-07-28,博时,1544912
2026,2026-07,FC030010,基金合同终止公告,018153,创金合信汇选6个月持有期混合发起（FOF）,关于创金合信汇选6个月持有期混合型发起式基金中基金（FOF）基金合同终止及基金财产清算的公告,2026-07-27,创金合信,1541116
2026,2026-07,FC030010,基金合同终止公告,023848,宏利悦享30天持有债券,关于宏利悦享30天持有期债券型证券投资基金基金合同终止及基金财产清算的公告,2026-07-23,宏利,1540229
2026,2026-07,FC030010,基金合同终止公告,019969,招商均衡策略混合,招商基金管理有限公司关于招商均衡策略混合型证券投资基金基金合同终止及基金财产清算的公告,2026-07-23,招商,1540253
2026,2026-07,FC030010,基金合同终止公告,009096,鹏华安泽混合,鹏华基金管理有限公司关于鹏华安泽混合型证券投资基金基金合同终止及基金财产清算的公告,2026-07-21,鹏华,1525814
2026,2026-07,FC030010,基金合同终止公告,018336,华夏恒生中国企业ETF发起式联接（QDII）,华夏基金管理有限公司关于华夏恒生中国企业交易型开放式指数证券投资基金发起式联接基金（QDII）终止基金合同及基金财产清算的公告,2026-07-21,华夏,1530780
2026,2026-07,FC030010,基金合同终止公告,020497,安信均衡增长混合,安信基金管理有限责任公司关于安信均衡增长混合型证券投资基金基金合同终止及基金财产清算的公告,2026-07-21,安信,1535761
2026,2026-07,FC030010,基金合同终止公告,004307,博时富元纯债债券,关于博时富元纯债债券型证券投资基金基金合同终止的公告,2026-07-21,博时,1538314
2026,2026-07,FC030010,基金合同终止公告,017774,泰康养老目标日期2040三年持有混合发起（FOF）,关于泰康养老目标日期2040三年持有期混合型发起式基金中基金（FOF）基金合同终止及基金财产清算的公告,2026-07-20,泰康,1526128
2026,2026-07,FC030010,基金合同终止公告,009426,鹏扬景惠六个月混合,关于鹏扬景惠六个月持有期混合型证券投资基金基金合同终止及基金财产清算的公告,2026-07-18,鹏扬,1526281
2026,2026-07,FC030010,基金合同终止公告,007063,长盛研发回报混合,关于长盛研发回报混合型证券投资基金基金合同终止及基金财产清算的公告,2026-07-17,长盛,1524652
2026,2026-07,FC030010,基金合同终止公告,008112,中泰中证500指数增强,关于中泰中证500指数增强型证券投资基金基金合同终止及基金财产清算的公告,2026-07-17,中泰资管,1525255
2026,2026-07,FC030010,基金合同终止公告,010589,鹏扬景安一年混合,关于鹏扬景安一年持有期混合型证券投资基金基金合同终止及基金财产清算的公告,2026-07-16,鹏扬,1524300
2026,2026-07,FC030010,基金合同终止公告,013931,博时富恒一年定开债发起式,关于博时富恒纯债一年定期开放债券型发起式证券投资基金基金合同终止的公告,2026-07-16,博时,1524543
2026,2026-07,FC030010,基金合同终止公告,017503,达诚致益债券发起式,达诚基金管理有限公司关于达诚致益债券型发起式证券投资基金发生基金合同终止情形及基金财产清算的公告,2026-07-14,达诚,1522910
2026,2026-07,FC030010,基金合同终止公告,020805,国投瑞银和嘉债券,关于国投瑞银和嘉债券型证券投资基金基金合同终止及基金财产清算的公告,2026-07-04,国投瑞银,1520408
2026,2026-07,FC030010,基金合同终止公告,017579,汇添富添福欣享均衡养老目标三年持有混合发起（FOF）,关于汇添富添福欣享均衡养老目标三年持有期混合型发起式基金中基金（FOF）基金合同终止及剩余财产分配的公告,2026-07-01,汇添富,1518879
2026,2026-07,FC030010,基金合同终止公告,004334,博时广利3个月定开债发起式,关于博时广利纯债3个月定期开放债券型发起式证券投资基金基金合同终止的公告,2026-07-01,博时,1518928
2026,2026-08,FC030010,基金合同终止公告,018285,博时集兴配置优选6个月持有混合发起式(FOF),博时基金管理有限公司关于博时集兴配置优选6个月持有期混合型发起式基金中基金（FOF）基金合同终止及基金财产清算的公告,2026-08-31,博时,1569492
2026,2026-08,FC030010,基金合同终止公告,007985,博时富悦纯债,关于博时富悦纯债债券型证券投资基金基金合同终止的公告,2026-08-29,博时,1569540
2026,2026-08,FC030010,基金合同终止公告,002109,博时裕丰3个月定开债发起式,关于博时裕丰纯债3个月定期开放债券型发起式证券投资基金基金合同终止的公告,2026-08-29,博时,1569542
2026,2026-08,FC030010,基金合同终止公告,018281,山证资管创新成长混合发起式,山证（上海）资产管理有限公司关于山证资管创新成长混合型发起式证券投资基金基金合同终止及基金财产清算的公告,2026-08-29,山证资管,1570430
2026,2026-08,FC030010,基金合同终止公告,016826,安信稳健启航一年持有混合,关于《安信稳健启航一年持有期混合型证券投资基金基金合同》终止的公告,2026-08-28,安信,1560422
2026,2026-08,FC030010,基金合同终止公告,018788,中信建投臻选成长混合发起式,关于中信建投臻选成长混合型发起式证券投资基金基金合同终止及基金财产清算结果的公告,2026-08-28,中信建投,1560992
2026,2026-08,FC030010,基金合同终止公告,007767,华泰保兴尊享定开,华泰保兴基金管理有限公司关于华泰保兴尊享三个月定期开放债券型发起式证券投资基金基金合同终止及基金财产清算的公告,2026-08-25,华泰保兴,1557168
2026,2026-08,FC030010,基金合同终止公告,018522,信澳颐远养老目标2055五年持有期混合型发起式(FOF),关于信澳颐远养老目标日期2055五年持有期混合型发起式基金中基金（FOF）基金合同自动终止及基金财产清算的公告,2026-08-25,信达澳亚,1557170
2026,2026-08,FC030010,基金合同终止公告,005462,博时富业3个月定开债发起式,关于博时富业纯债3个月定期开放债券型发起式证券投资基金基金合同终止的公告,2026-08-25,博时,1557282
2026,2026-08,FC030010,基金合同终止公告,018430,摩根世代趋势混合发起式,关于摩根世代趋势混合型发起式证券投资基金基金合同终止及基金财产清算的公告,2026-08-24,摩根,1555853
2026,2026-08,FC030010,基金合同终止公告,017580,汇添富添福鑫添益均衡养老目标三年持有混合发起式(FOF),关于汇添富添福鑫添益均衡养老目标三年持有期混合型发起式基金中基金(FOF)基金合同终止及剩余财产分配的公告,2026-08-19,汇添富,1553039
2026,2026-08,FC030010,基金合同终止公告,018886,东海数字经济混合发起式,关于东海数字经济混合型发起式证券投资基金基金合同终止及基金财产清算的公告,2026-08-17,东海,1551920
2026,2026-08,FC030010,基金合同终止公告,018774,汇添富华证专精特新100指数发起式,关于汇添富华证专精特新100指数型发起式证券投资基金基金合同终止及剩余财产分配的公告,2026-08-15,汇添富,1552006
2026,2026-08,FC030010,基金合同终止公告,011181,长盛成长龙头混合,关于长盛成长龙头混合型证券投资基金基金合同终止及基金财产清算的公告,2026-08-14,长盛,1551264
2026,2026-08,FC030010,基金合同终止公告,012953,华泰柏瑞恒利混合,华泰柏瑞恒利混合型证券投资基金基金合同终止及基金财产清算的公告,2026-08-14,华泰柏瑞,1551480
2026,2026-08,FC030010,基金合同终止公告,016826,安信稳健启航一年持有混合,安信基金管理有限责任公司关于安信稳健启航一年持有期混合型证券投资基金基金合同终止及基金财产清算的公告,2026-08-14,安信,1551547
2026,2026-08,FC030010,基金合同终止公告,018582,华泰紫金碳中和混合发起,华泰紫金碳中和混合型发起式证券投资基金基金合同终止及基金财产清算的公告,2026-08-11,华泰资管,1548986
2026,2026-08,FC030010,基金合同终止公告,018428,摩根双季鑫6个月持有债券(FOF),关于摩根双季鑫6个月持有期债券型发起式基金中基金(FOF)基金合同终止及基金财产清算的公告,2026-08-10,摩根,1548866
2026,2026-08,FC030010,基金合同终止公告,009967,博时荣泰混合,博时基金管理有限公司关于博时荣泰灵活配置混合型证券投资基金基金合同终止及基金财产清算的公告,2026-08-08,博时,1548765
2026,2026-08,FC030010,基金合同终止公告,002964,国投瑞银顺鑫债券,关于国投瑞银顺鑫定期开放债券型发起式证券投资基金基金合同终止及基金财产清算的公告,2026-08-07,国投瑞银,1548204
2026,2026-09,FC030010,基金合同终止公告,004772,国寿安保稳泰一年定开混合,关于国寿安保稳泰一年定期开放混合型证券投资基金基金合同终止及基金财产清算的公告,2026-09-19,国寿安保,1583730
2026,2026-09,FC030010,基金合同终止公告,023934,长城上证科创板综合指数,长城上证科创板综合指数型证券投资基金基金合同终止与基金财产清算的公告,2026-09-19,长城,1583899
2026,2026-09,FC030010,基金合同终止公告,004694,天弘策略精选,天弘基金管理有限公司关于天弘策略精选灵活配置混合型发起式证券投资基金基金合同终止及剩余财产分配的公告,2026-09-18,天弘,1580406
2026,2026-09,FC030010,基金合同终止公告,017179,天弘永丰平衡养老目标三年持有混合发起(FOF),天弘基金管理有限公司关于天弘永丰平衡养老目标三年持有期混合型发起式基金中基金（FOF）基金合同终止及剩余财产分配的公告,2026-09-16,天弘,1579096
2026,2026-09,FC030010,基金合同终止公告,519722,交银裕惠纯债债券,交银施罗德基金管理有限公司关于交银施罗德裕惠纯债债券型证券投资基金基金合同终止及基金财产清算的公告,2026-09-15,交银施罗德,1578560
2026,2026-09,FC030010,基金合同终止公告,018916,华夏专精特新混合发起式,华夏基金管理有限公司关于华夏专精特新混合型发起式证券投资基金终止基金合同及基金财产清算的公告,2026-09-15,华夏,1578631
2026,2026-09,FC030010,基金合同终止公告,000590,华安新活力混合,关于华安新活力灵活配置混合型证券投资基金触发基金合同终止情形的公告,2026-09-15,华安,1578680
2026,2026-09,FC030010,基金合同终止公告,010254,嘉实丰年一年定期纯债债券,关于嘉实丰年一年定期开放纯债债券型证券投资基金基金合同终止及财产清算的公告,2026-09-15,嘉实,1578677
2026,2026-09,FC030010,基金合同终止公告,017083,鹏华安锦一年持有期混合,鹏华基金管理有限公司关于鹏华安锦一年持有期混合型证券投资基金基金合同终止及基金财产清算的公告,2026-09-09,鹏华,1576164
2026,2026-09,FC030010,基金合同终止公告,019406,富达裕达纯债,关于富达裕达纯债债券型证券投资基金基金合同终止及基金财产清算的公告,2026-09-09,富达,1576434
2026,2026-09,FC030010,基金合同终止公告,017404,天弘养老目标日期2045五年持有期混合型发起式（FOF）,天弘基金管理有限公司关于天弘养老目标日期2045五年持有期混合型发起式基金中基金（FOF）基金合同终止及剩余财产分配的公告,2026-09-09,天弘,1576813
2026,2026-09,FC030010,基金合同终止公告,018865,泓德数字经济混合发起式,泓德基金管理有限公司关于泓德数字经济混合型发起式证券投资基金基金合同终止及基金财产清算的公告,2026-09-07,泓德,1575651
2026,2026-09,FC030010,基金合同终止公告,007996,博时富顺纯债债券,关于博时富顺纯债债券型证券投资基金基金合同终止的公告,2026-09-04,博时,1575418
2026,2026-09,FC030010,基金合同终止公告,014384,国投瑞银顺腾债券,关于国投瑞银顺腾一年定期开放债券型发起式证券投资基金基金合同终止及基金财产清算的公告,2026-09-03,国投瑞银,1574828
2026,2026-09,FC030010,基金合同终止公告,019836,大摩恒利债券,关于摩根士丹利恒利债券型证券投资基金基金合同终止及基金财产清算的公告,2026-09-02,摩根士丹利,1574375
2026,2026-09,FC030010,基金合同终止公告,009026,中银高质量发展机遇混合,中银基金管理有限公司关于中银高质量发展机遇混合型证券投资基金基金合同终止及基金财产清算的公告,2026-09-01,中银,1573792
2019,2019-09,FC030030,基金清算公告,001680,九泰久利灵活配置混合,九泰久利灵活配置混合基金清算公告,2019-09-26,九泰,4850
2019,2019-09,FC030030,基金清算公告,000510,诺安永鑫一年定期开放债券,诺安永鑫一年定期开放债券基金清算公告,2019-09-25,诺安,4346
2019,2019-09,FC030030,基金清算公告,000510,诺安永鑫一年定期开放债券,诺安永鑫一年定期开放债券基金清算公告,2019-09-24,诺安,4060
2019,2019-09,FC030030,基金清算公告,003833,金鹰添富纯债债券,金鹰基金管理有限公司关于金鹰添富纯债债券型证券投资基金基金合同终止及基金财产清算的公告,2019-09-19,金鹰,3104
2019,2019-09,FC030030,基金清算公告,511230,周期债,周期债基金清算剩余财产分配的公告,2019-09-17,海富通,2703
2019,2019-09,FC030030,基金清算公告,510280,上证180成长ETF,上证180成长ETF基金清算公告,2019-09-17,华宝,2541
2019,2019-09,FC030030,基金清算公告,002677,国投瑞银和安债券,国投瑞银和安债券基金清算公告,2019-09-16,国投瑞银,2357
2019,2019-09,FC030030,基金清算公告,620005,金元顺安核心动力混合,金元顺安核心动力混合基金清算公告,2019-09-10,金元顺安,1416
2019,2019-09,FC030030,基金清算公告,001586,天弘中证100,天弘基金管理有限公司关于天弘中证100指数型发起式证券投资基金清算财产处置及分配公告,2019-09-05,天弘,636
2019,2019-09,FC030030,基金清算公告,001599,天弘中证高端装备制造,天弘基金管理有限公司关于天弘中证高端装备制造指数型发起式证券投资基金清算财产处置及分配公告,2019-09-05,天弘,637
2019,2019-10,FC030030,基金清算公告,003261,安信沪深300增强,安信沪深300增强基金清算公告,2019-10-14,安信,6516
2019,2019-10,FC030030,基金清算公告,004034,博时弘康18个月定开债,博时弘康18个月定开债基金清算公告,2019-10-09,博时,6032
2019,2019-11,FC030030,基金清算公告,004482,泰达宏利港股通股票,关于泰达宏利港股通股票型证券投资基金基金合同终止及财产清算的公告,2019-11-29,宏利,24343
2019,2019-11,FC030030,基金清算公告,003339,华安睿享定开混合,华安睿享定开混合基金清算公告,2019-11-19,华安,21954
2019,2019-11,FC030030,基金清算公告,003488,平安惠裕债券,平安惠裕债券基金清算公告,2019-11-01,平安,17425
2019,2019-12,FC030030,基金清算公告,040028,华安月月鑫短期理财债券,华安月月鑫短期理财债券基金清算公告,2019-12-30,华安,35086
2019,2019-12,FC030030,基金清算公告,040033,华安月安鑫短期理财债券,华安月安鑫短期理财债券基金清算公告,2019-12-30,华安,35087
2019,2019-12,FC030030,基金清算公告,040030,华安季季鑫短期理财债券,华安季季鑫短期理财债券基金清算公告,2019-12-30,华安,35088
2019,2019-12,FC030030,基金清算公告,000428,易方达聚盈分级债券发起式,易方达聚盈分级债券发起式证券投资基金基金合同终止及剩余财产分配的公告,2019-12-19,易方达,30167
2019,2019-12,FC030030,基金清算公告,000269,嘉实合润双债两年期定期开放债券,嘉实合润双债两年期定期开放债券基金清算公告,2019-12-11,嘉实,26854
2019,2019-12,FC030030,基金清算公告,005499,国投瑞银兴颐多策略混合,国投瑞银兴颐多策略混合基金清算公告,2019-12-10,国投瑞银,26664
2019,2019-12,FC030030,基金清算公告,005511,中信建投稳福,中信建投稳福定期开放债券型证券投资基金基金合同终止及基金财产清算的公告,2019-12-05,中信建投,25928
2020,2020-01,FC030030,基金清算公告,005900,国投瑞银行业先锋混合,国投瑞银行业先锋混合基金清算公告,2020-01-22,国投瑞银,56500
2020,2020-01,FC030030,基金清算公告,519931,长信上证港股通指数型发起式,长信上证港股通指数型发起式基金清算资金发放公告,2020-01-20,长信,51602
2020,2020-01,FC030030,基金清算公告,519931,长信上证港股通指数型发起式,长信上证港股通指数型发起式基金清算报告提示性公告,2020-01-20,长信,51605
2020,2020-02,FC030030,基金清算公告,006690,泰达宏利添利债券,关于泰达宏利添利债券基金合同终止及财产清算的公告,2020-02-29,宏利,91221
2020,2020-02,FC030030,基金清算公告,007334,中银消费活力混合,中银消费活力混合基金清算公告,2020-02-25,中银,74138
2020,2020-02,FC030030,基金清算公告,005093,中银中债7-10 年期国开行债券指数,中银中债7-10年国开债指数基金清算公告,2020-02-19,中银,69181
2020,2020-02,FC030030,基金清算公告,005900,国投瑞银行业先锋混合,国投瑞银行业先锋混合基金清算公告,2020-02-07,国投瑞银,60211
2020,2020-02,FC030030,基金清算公告,005900,国投瑞银行业先锋混合,国投瑞银行业先锋混合基金清算公告,2020-02-04,国投瑞银,58740
2020,2020-03,FC030030,基金清算公告,007006,融通超短债债券,融通超短债债券基金清算公告,2020-03-20,融通,114816
2020,2020-04,FC030030,基金清算公告,005807,安信复兴100指数,安信复兴100指数基金清算公告,2020-04-10,安信,146086
2020,2020-04,FC030030,基金清算公告,005900,国投瑞银行业先锋混合,国投瑞银行业先锋混合基金清算公告,2020-04-03,国投瑞银,142839
2020,2020-04,FC030030,基金清算公告,005499,国投瑞银兴颐多策略混合,国投瑞银兴颐多策略混合基金清算公告,2020-04-01,国投瑞银,140792
2020,2020-06,FC030030,基金清算公告,006726,农银稳进多因子股票,农银汇理稳进多因子股票型证券投资基金基金清算公告,2020-06-24,农银汇理,327861
2020,2020-06,FC030030,基金清算公告,005922,圆信永丰中高等级,关于圆信永丰中高等级债券型证券投资基金基金合同终止及基金财产清算的公告,2020-06-20,圆信永丰,318329
2020,2020-06,FC030030,基金清算公告,004625,南方高元债券发起式,关于南方高元债券型发起式证券投资基金基金合同终止及基金财产清算的公告,2020-06-17,南方,311115
2020,2020-06,FC030030,基金清算公告,003546,长城久信债券,长城久信债券型证券投资基金进入清算期及终止办理申购、赎回、转换及定投等业务的公告,2020-06-16,长城,309253
2020,2020-06,FC030030,基金清算公告,002527,南方安享绝对收益策略定期开放混合发起式,关于南方安享绝对收益策略定期开放混合型发起式证券投资基金基金合同终止及基金财产清算的公告,2020-06-15,南方,307022
2020,2020-06,FC030030,基金清算公告,006155,新华家盈双利混合,新华家盈双利混合型证券投资基金基金清算公告,2020-06-12,新华,306718
2020,2020-07,FC030030,基金清算公告,161223,国投瑞银中证创业指数分级 ,国投瑞银瑞泽中证创业成长指数分级证券投资基金基金清算公告,2020-07-17,国投瑞银,359024
2020,2020-07,FC030030,基金清算公告,004777,国都消费升级,关于国都消费升级灵活配置混合型发起式证券投资基金基金合同终止及基金财产清算的公告,2020-07-04,国都证券,340254
2020,2020-08,FC030030,基金清算公告,002655,南方卓享绝对收益策略定期开放混合发起式,关于南方卓享绝对收益策略定期开放混合型发起式证券投资基金基金合同终止及基金财产清算的公告,2020-08-22,南方,446317
2020,2020-08,FC030030,基金清算公告,003702,平安中证沪港深高股息,平安中证沪港深高股息精选指数型证券投资基金基金清算公告,2020-08-21,平安,446332
2020,2020-08,FC030030,基金清算公告,006628,浙商丰盈六个月定期开放债券,浙商丰盈纯债六个月定期开放债券型证券投资基金基金清算公告,2020-08-11,浙商,420270
2020,2020-08,FC030030,基金清算公告,000738,中信建投货币,中信建投货币市场基金基金合同终止及基金财产清算的公告,2020-08-03,中信建投,399013
2020,2020-09,FC030030,基金清算公告,004935,国都智能制造,关于国都智能制造灵活配置混合型证券投资基金基金合同终止及基金财产清算的公告,2020-09-30,国都证券,477616
2020,2020-09,FC030030,基金清算公告,006726,农银稳进多因子股票,农银汇理稳进多因子股票型证券投资基金基金清算公告,2020-09-24,农银汇理,475954
2020,2020-09,FC030030,基金清算公告,160130,南方永利1年定期开放债券（LOF）,关于南方永利1年定期开放债券型证券投资基金（LOF）基金合同终止及基金财产清算的公告,2020-09-17,南方,474219
2020,2020-09,FC030030,基金清算公告,159802,广发中证800ETF,关于广发中证800交易型开放式指数证券投资基金进入清算期及停止办理申购、赎回业务的公告,2020-09-16,广发,473864
2020,2020-10,FC030030,基金清算公告,006139,中信建投稳瑞,中信建投稳瑞定期开放债券型证券投资基金基金合同终止及基金财产清算的公告,2020-10-29,中信建投,494535
2020,2020-10,FC030030,基金清算公告,006685,农银永安混合,农银汇理永安混合型证券投资基金基金清算公告,2020-10-21,农银汇理,484802
2020,2020-11,FC030030,基金清算公告,000485,嘉实1个月理财债券,关于嘉实1个月理财债券型证券投资基金基金合同终止及基金财产清算的公告,2020-11-30,嘉实,506386
2020,2020-11,FC030030,基金清算公告,007899,大成远见成长混合,大成远见成长混合型证券投资基金二次清算报告,2020-11-25,大成,504416
2020,2020-11,FC030030,基金清算公告,160130,南方永利1年定期开放债券（LOF）,关于南方永利1年定期开放债券型证券投资基金（LOF）剩余财产分配的公告,2020-11-21,南方,503693
2020,2020-11,FC030030,基金清算公告,163824,中银盛利定期开放债券(LOF),关于中银盛利纯债一年定期开放债券型证券投资基金（LOF）基金合同终止及基金财产清算的公告,2020-11-17,中银,501188
2020,2020-11,FC030030,基金清算公告,502036,大成中证互联网金融指数分级,大成中证互联网金融指数分级证券投资基金基金清算公告,2020-11-13,大成,500068
2020,2020-12,FC030030,基金清算公告,007106,农银可转债债券,农银汇理可转债债券型证券投资基金基金清算公告,2020-12-24,农银汇理,517573
2020,2020-12,FC030030,基金清算公告,512850,中信建投北京50ETF,中信建投中证北京50交易型开放式指数证券投资基金基金合同终止及基金财产清算的公告,2020-12-11,中信建投,511323
2021,2021-01,FC030030,基金清算公告,005603,嘉实新添康定期混合,关于嘉实新添康定期开放灵活配置混合型证券投资基金基金财产清算及基金合同终止的公告,2021-01-06,嘉实,522683
2021,2021-01,FC030030,基金清算公告,004550,中科沃土沃祥债券发起,中科沃土基金管理有限公司关于中科沃土沃祥债券型发起式证券投资基金延长清算期限的公告,2021-01-04,众盈基金,521952
2021,2021-02,FC030030,基金清算公告,160923,大成海外中国机会混合(QDII-LOF),关于大成海外中国机会混合型证券投资基金（LOF）进入清算期及终止办理申购、赎回及定期定额投资业务的公告,2021-02-09,大成,539325
2021,2021-02,FC030030,基金清算公告,000225,长盛年年收益定期债券,关于长盛年年收益定期开放债券型证券投资基金触发基金合同终止条款及基金财产清算的公告,2021-02-06,长盛,538790
2021,2021-03,FC030030,基金清算公告,004219,中海添顺定期开放混合,中海基金管理有限公司关于中海添顺定期开放混合型证券投资基金基金合同终止及基金财产清算的公告,2021-03-30,中海,552709
2021,2021-03,FC030030,基金清算公告,163824,中银盛利定期开放债券(LOF),中银盛利纯债一年定期开放债券型证券投资基金（LOF）剩余财产第二次分配的公告,2021-03-26,中银,550134
2021,2021-03,FC030030,基金清算公告,050028,博时安心收益定开债,博时基金管理有限公司关于博时安心收益定期开放债券型证券投资基金基金合同终止及基金财产清算的公告,2021-03-24,博时,549434
2021,2021-03,FC030030,基金清算公告,006722,天弘穗利一年定开,关于天弘穗利一年定期开放债券型证券投资基金发生基金合同终止事由并进入基金财产清算程序的公告,2021-03-20,天弘,548726
2021,2021-03,FC030030,基金清算公告,511230,周期债,上证周期产业债交易型开放式指数证券投资基金清算剩余财产分配的公告,2021-03-17,海富通,547409
2021,2021-03,FC030030,基金清算公告,000437,融通通启一年定开债券,融通通启一年定期开放债券型证券投资基金第二次清算报告,2021-03-05,融通,544029
2021,2021-04,FC030030,基金清算公告,004627,上投摩根岁岁益定期开放债券,关于上投摩根岁岁益定期开放债券型证券投资基金触发基金合同终止情形及基金财产清算的公告,2021-04-28,摩根,577994
2021,2021-04,FC030030,基金清算公告,002355,国投瑞银岁赢利债券,国投瑞银岁赢利债券型证券投资基金清算报告提示性公告,2021-04-23,国投瑞银,576577
2021,2021-04,FC030030,基金清算公告,005061,农银永益定开混合,农银汇理永益定期开放混合型证券投资基金基金清算公告,2021-04-17,农银汇理,566723
2021,2021-04,FC030030,基金清算公告,160136,南方中证国有企业改革指数,关于南方中证国有企业改革指数证券投资基金（LOF）基金合同终止及基金财产清算的公告,2021-04-17,南方,566900
2021,2021-04,FC030030,基金清算公告,007757,国投瑞银顺业纯债债券,国投瑞银顺业纯债债券型证券投资基金清算报告提示性公告,2021-04-16,国投瑞银,566252
2021,2021-04,FC030030,基金清算公告,004741,农银区间策略混合,农银汇理区间策略灵活配置混合型证券投资基金基金清算公告,2021-04-12,农银汇理,565186
2021,2021-05,FC030030,基金清算公告,501055,财通福佑定开混合发起,关于财通多策略福佑定期开放灵活配置混合型发起式证券投资基金剩余财产分配的公告,2021-05-15,财通,582409
2021,2021-05,FC030030,基金清算公告,200011,长城景气行业龙头混合,长城景气行业龙头灵活配置混合型证券投资基金进入清算期及终止办理申购、赎回、转换及定投等业务的公告,2021-05-08,长城,580748
2021,2021-06,FC030030,基金清算公告,001663,中银互联网+股票,中银互联网+股票型证券投资基金剩余财产第二次分配的公告,2021-06-23,中银,596076
2021,2021-06,FC030030,基金清算公告,168001,国寿安保中证养老产业指数增强,国寿安保中证养老产业指数增强型证券投资基金基金合同终止及基金财产清算的公告,2021-06-11,国寿安保,592762
2021,2021-06,FC030030,基金清算公告,003332,南方荣发定期开放混合发起,关于南方荣发定期开放混合型发起式证券投资基金基金合同终止及基金财产清算的公告,2021-06-04,南方,590302
2021,2021-06,FC030030,基金清算公告,003064,南方荣欢定期开放混合发起,关于南方荣欢定期开放混合型发起式证券投资基金基金合同终止及基金财产清算的公告,2021-06-04,南方,590303
2021,2021-07,FC030030,基金清算公告,008379,海富通中债3-5年国开债,海富通基金管理有限公司关于海富通中债3-5年国开行债券指数证券投资基金剩余财产分配公告,2021-07-20,海富通,609652
2021,2021-07,FC030030,基金清算公告,001696,南方智造未来股票,关于南方智造未来股票型证券投资基金剩余财产分配的公告,2021-07-20,南方,609661
2021,2021-07,FC030030,基金清算公告,007452,兴银3-5年信用债,关于兴银上海清算所3-5年中高等级优选信用债指数证券投资基金基金合同终止及基金财产清算的公告,2021-07-14,兴银,604729
2021,2021-07,FC030030,基金清算公告,003691,农银金泰定开债券,农银汇理金泰一年定期开放债券型证券投资基金基金清算公告,2021-07-10,农银汇理,603706
2021,2021-07,FC030030,基金清算公告,003332,南方荣发定期开放混合发起,关于南方荣发定期开放混合型发起式证券投资基金剩余财产分配公告,2021-07-02,南方,601117
2021,2021-07,FC030030,基金清算公告,003064,南方荣欢定期开放混合发起,关于南方荣欢定期开放混合型发起式证券投资基金剩余财产分配公告,2021-07-02,南方,601118
2021,2021-08,FC030030,基金清算公告,002191,农银物联网混合,农银汇理物联网主题灵活配置混合型证券投资基金基金清算公告,2021-08-14,农银汇理,623398
2021,2021-09,FC030030,基金清算公告,168108,九泰锐诚混合（LOF）,关于九泰锐诚灵活配置混合型证券投资基金（LOF）剩余财产分配的公告,2021-09-17,九泰,641889
2021,2021-10,FC030030,基金清算公告,003332,南方荣发定期开放混合发起,关于南方荣发定期开放混合型发起式证券投资基金基金合同终止及剩余财产分配公告,2021-10-29,南方,659927
2021,2021-10,FC030030,基金清算公告,003064,南方荣欢定期开放混合发起,关于南方荣欢定期开放混合型发起式证券投资基金基金合同终止及剩余财产分配公告,2021-10-29,南方,659928
2021,2021-10,FC030030,基金清算公告,519059,海富通可转债优选债券,关于海富通可转债优选债券型证券投资基金剩余财产分配公告,2021-10-28,海富通,659579
2021,2021-10,FC030030,基金清算公告,009389,天弘智荟6个月,关于天弘智荟6个月持有期债券型证券投资基金发生基金合同终止事由并进入基金财产清算程序的公告,2021-10-26,天弘,652075
2021,2021-10,FC030030,基金清算公告,002180,中银移动互联混合,中银移动互联灵活配置混合型证券投资基金剩余财产第二次分配的公告,2021-10-19,中银,648503
2021,2021-11,FC030030,基金清算公告,006090,前海开源鼎康债券,关于前海开源鼎康债券型证券投资基金基金合同终止及基金财产清算的公告,2021-11-04,前海开源,661014
2021,2021-12,FC030030,基金清算公告,008360,鹏扬淳选一年定开债券,鹏扬淳选一年定期开放债券型发起式证券投资基金剩余财产分配公告,2021-12-28,鹏扬,677067
2021,2021-12,FC030030,基金清算公告,006788,金鹰添鑫定期开放债券,金鹰添鑫定期开放债券型发起式证券投资基金基金合同终止及基金财产清算的公告,2021-12-27,金鹰,676533
2021,2021-12,FC030030,基金清算公告,008441,九泰科新优享混合,关于九泰科新优享灵活配置混合型证券投资基金剩余财产分配的公告,2021-12-24,九泰,676128
2021,2021-12,FC030030,基金清算公告,009039,九泰久远量化驱动,关于九泰久远量化驱动股票型证券投资基金剩余财产分配的公告,2021-12-15,九泰,672819
2021,2021-12,FC030030,基金清算公告,005527,中信建投山西国企债,关于中信建投山西国有企业债定期开放债券型证券投资基金触发基金合同终止及基金财产清算的公告,2021-12-11,中信建投,671456
2021,2021-12,FC030030,基金清算公告,168106,九泰盈华量化混合,关于九泰盈华量化灵活配置混合型证券投资基金（LOF）剩余财产分配的公告,2021-12-09,九泰,670823
2022,2022-01,FC030030,基金清算公告,005418,申万菱信量化驱动混合,申万菱信量化驱动混合型证券投资基金清算报告,2022-01-26,申万菱信,693448
2022,2022-01,FC030030,基金清算公告,008230,九泰天辰量化新动力,关于九泰天辰量化新动力股票型证券投资基金剩余财产分配的公告,2022-01-18,九泰,682729
2022,2022-01,FC030030,基金清算公告,003430,兴业中短债债券,兴业中短债债券型证券投资基金剩余财产分配公告,2022-01-14,兴业,681909
2022,2022-01,FC030030,基金清算公告,516870,汽车,关于银华中证800汽车与零部件交易型开放式指数证券投资基金基金财产分配的公告,2022-01-14,银华,682055
2022,2022-01,FC030030,基金清算公告,501023,鹏华香港中小企业指数(LOF),鹏华港股通中证香港中小企业投资主题指数证券投资基金（LOF）第一次财产分配公告,2022-01-07,鹏华,679998
2022,2022-02,FC030030,基金清算公告,006737,诺安恒惠债券,诺安基金管理有限公司关于诺安恒惠债券型证券投资基金基金财产清算的公告,2022-02-25,诺安,698954
2022,2022-02,FC030030,基金清算公告,166012,中欧信用增利债券(LOF),中欧信用增利债券型证券投资基金(LOF)可能触发基金合同终止情形的第四次提示性公告,2022-02-24,中欧,698649
2022,2022-02,FC030030,基金清算公告,166012,中欧信用增利债券(LOF),中欧信用增利债券型证券投资基金(LOF)可能触发基金合同终止情形的第三次提示性公告,2022-02-22,中欧,697957
2022,2022-02,FC030030,基金清算公告,166012,中欧信用增利债券(LOF),中欧信用增利债券型证券投资基金(LOF)可能触发基金合同终止情形的第二次提示性公告,2022-02-18,中欧,697327
2022,2022-02,FC030030,基金清算公告,166012,中欧信用增利债券(LOF),中欧信用增利债券型证券投资基金(LOF)可能触发基金合同终止情形的第一次提示性公告,2022-02-11,中欧,695999
2022,2022-02,FC030030,基金清算公告,510690,兴业金融 ETF,兴业上证180金融交易型开放式指数证券投资基金清算资金发放公告,2022-02-10,兴业,695719
2022,2022-03,FC030030,基金清算公告,003051,农银金利定开债券,农银汇理金利一年定期开放债券型证券投资基金基金清算公告,2022-03-26,农银汇理,707187
2022,2022-03,FC030030,基金清算公告,009280,长信中债1-3年政金债指数,长信中债1-3年政策性金融债指数证券投资基金清算报告,2022-03-25,长信,706392
2022,2022-03,FC030030,基金清算公告,008342,九泰科鑫策略精选混合 ,关于九泰科鑫策略精选灵活配置混合型证券投资基金剩余财产分配的公告,2022-03-23,九泰,705540
2022,2022-03,FC030030,基金清算公告,006198,长盛龙头双核混合,长盛基金管理有限公司关于长盛龙头双核驱动混合型证券投资基金基金合同终止及基金财产清算的公告,2022-03-19,长盛,704516
2022,2022-03,FC030030,基金清算公告,011025,九泰久元量化,关于九泰久元量化股票型证券投资基金剩余财产分配的公告,2022-03-16,九泰,703602
2022,2022-03,FC030030,基金清算公告,008580,九泰久嘉纯债3个月,关于九泰久嘉纯债3个月定期开放债券型证券投资基金剩余财产分配的公告,2022-03-12,九泰,702892
2022,2022-03,FC030030,基金清算公告,510860,兴业上证50ETF,兴业上证50交易型开放式指数证券投资基金清算资金发放公告,2022-03-03,兴业,700220
2022,2022-03,FC030030,基金清算公告,512350,福建ETF,兴业中证福建50交易型开放式指数证券投资基金清算资金发放公告,2022-03-03,兴业,700221
2022,2022-03,FC030030,基金清算公告,010493,中航瑞昱一年定开债,关于中航瑞昱一年定期开放债券型发起式证券投资基金基金合同终止及基金财产清算的公告,2022-03-03,中航,700323
2022,2022-04,FC030030,基金清算公告,008435,长信中证转债及可交换债50指数,长信中证可转债及可交换债券50指数证券投资基金清算报告,2022-04-11,长信,718534
2022,2022-05,FC030030,基金清算公告,002476,博时安瑞18个月定开债,博时基金管理有限公司关于博时安瑞18个月定期开放债券型证券投资基金基金合同终止及基金财产清算的公告,2022-05-28,博时,740549
2022,2022-05,FC030030,基金清算公告,004806,长信先机两年定开混合,长信先机两年定期开放灵活配置混合型证券投资基金清算资金发放公告,2022-05-25,长信,738994
2022,2022-05,FC030030,基金清算公告,008658,农银中证国债政金债1-5年指数,农银汇理中证国债及政策性金融债1-5年指数证券投资基金基金清算公告,2022-05-14,农银汇理,735752
2022,2022-06,FC030030,基金清算公告,003769,中银品质生活混合,中银品质生活灵活配置混合型证券投资基金剩余财产第二次分配的公告,2022-06-28,中银,750765
2022,2022-06,FC030030,基金清算公告,011365,鹏扬景颐混合,鹏扬景颐混合型证券投资基金剩余财产分配公告,2022-06-23,鹏扬,749143
2022,2022-06,FC030030,基金清算公告,001839,九泰久兴灵活配置混合,关于九泰久兴灵活配置混合型证券投资基金剩余财产分配的公告,2022-06-21,九泰,748524
2022,2022-06,FC030030,基金清算公告,008787,融通中债1-3年国开行债券指数,关于融通中债1-3年国开行债券指数证券投资基金基金合同终止及基金财产清算的公告,2022-06-14,融通,745525
2022,2022-06,FC030030,基金清算公告,008437,九泰行业优选混合,关于九泰行业优选灵活配置混合型证券投资基金剩余财产分配的公告,2022-06-09,九泰,744466
2022,2022-06,FC030030,基金清算公告,010199,长信添利安心收益混合,长信添利安心收益混合型证券投资基金资金发放公告,2022-06-08,长信,744033
2022,2022-06,FC030030,基金清算公告,163210,诺安纯债定期开放债券,诺安纯债定期开放债券型证券投资基金触发基金合同终止条款并进行基金财产清算的公告,2022-06-07,诺安,743694
2022,2022-06,FC030030,基金清算公告,515830,工银中证800ETF,工银瑞信基金管理有限公司关于工银瑞信中证800交易型开放式指数证券投资基金的清算资金发放公告,2022-06-01,工银瑞信,742749
2022,2022-07,FC030030,基金清算公告,163210,诺安纯债定期开放债券,诺安纯债定期开放债券型证券投资基金清算资金发放公告,2022-07-27,诺安,768766
2022,2022-07,FC030030,基金清算公告,004196,泓德裕鑫一年定开债券,泓德裕鑫纯债一年定期开放债券型证券投资基金剩余财产分配公告,2022-07-04,泓德,753359
2022,2022-07,FC030030,基金清算公告,002740,泓德裕泽一年定开债券,泓德裕泽纯债一年定期开放债券型证券投资基金剩余财产分配公告,2022-07-04,泓德,753360
2022,2022-08,FC030030,基金清算公告,007366,易方达中债3-5年政金债指数,关于易方达中债3-5年政策性金融债指数证券投资基金进入清算期及终止基金合同的公告,2022-08-30,易方达,782670
2022,2022-08,FC030030,基金清算公告,010957,九泰久安量化,关于九泰久安量化股票型证券投资基金剩余财产分配的公告,2022-08-25,九泰,777355
2022,2022-08,FC030030,基金清算公告,002870,兴业增益五年定开债券,兴业增益五年定期开放债券型证券投资基金剩余财产分配公告,2022-08-24,兴业,776279
2022,2022-08,FC030030,基金清算公告,007628,南方全球精选债券发起（QDII）,关于南方全球精选债券型发起式证券投资基金（QDII）基金合同终止及基金财产清算的公告,2022-08-22,南方,775879
2022,2022-09,FC030030,基金清算公告,013739,百嘉聚利混合,百嘉聚利混合型证券投资基金基金清算公告,2022-09-30,百嘉,796680
2022,2022-09,FC030030,基金清算公告,002384,九泰鸿祥服务升级混合,关于九泰鸿祥服务升级灵活配置混合型证券投资基金剩余财产分配的公告,2022-09-23,九泰,794089
2022,2022-09,FC030030,基金清算公告,515610,中银800,中银中证800交易型开放式指数证券投资基金剩余财产分配公告,2022-09-07,中银,790183
2022,2022-11,FC030030,基金清算公告,004951,申万菱信价值优利混合,关于申万菱信价值优利混合型证券投资基金基金合同终止及基金财产清算的公告,2022-11-18,申万菱信,818282
2022,2022-11,FC030030,基金清算公告,003059,长信先利半年定开混合,长信先利半年定期开放混合型证券投资基金清算资金发放公告,2022-11-10,长信,815367
2022,2022-11,FC030030,基金清算公告,009502,国寿安保创新医药股票,国寿安保创新医药股票型证券投资基金清算报告提示性公告,2022-11-04,国寿安保,813856
2022,2022-12,FC030030,基金清算公告,008443,九泰动态策略混合,关于九泰动态策略灵活配置混合型证券投资基金剩余财产分配的公告,2022-12-28,九泰,831946
2022,2022-12,FC030030,基金清算公告,016000,博时时代精选混合,博时基金管理有限公司关于博时时代精选混合型证券投资基金基金合同终止及基金财产清算的公告,2022-12-22,博时,829929
2022,2022-12,FC030030,基金清算公告,002330,兴业聚宝灵活配置混合,兴业聚宝灵活配置混合型证券投资基金剩余财产分配公告,2022-12-19,兴业,828228
2022,2022-12,FC030030,基金清算公告,159979,广发湾创100ETF,关于广发粤港澳大湾区创新100交易型开放式指数证券投资基金进入清算期及停止办理申购、赎回等业务的公告,2022-12-14,广发,827367
2022,2022-12,FC030030,基金清算公告,005021,渤海汇金量化汇盈混合,渤海汇金证券资产管理有限公司渤海汇金量化汇盈灵活配置混合型证券投资基金剩余财产分配公告,2022-12-13,渤海汇金,826680
2022,2022-12,FC030030,基金清算公告,009185,农银永乐3月持有（FOF）,农银汇理永乐3个月持有期混合型基金中基金(FOF)发生基金合同终止情形及基金财产清算的公告,2022-12-06,农银汇理,824440
2022,2022-12,FC030030,基金清算公告,519610,银河旺利混合,银河旺利灵活配置混合型证券投资基金基金清算公告,2022-12-02,银河,823483
2022,2022-12,FC030030,基金清算公告,005392,长信价值蓝筹两年定开混合,长信价值蓝筹两年定期开放灵活配置混合型证券投资基金清算资金发放公告,2022-12-01,长信,823284
2023,2023-01,FC030030,基金清算公告,000049,中银标普全球资源等权重指数（QDII）,中银基金管理有限公司关于中银标普全球精选自然资源等权重指数证券投资基金基金合同终止及基金财产清算的公告,2023-01-17,中银,836499
2023,2023-01,FC030030,基金清算公告,005247,国都量化精选,国都量化精选混合型证券投资基金基金清算公告,2023-01-12,国都证券,835498
2023,2023-01,FC030030,基金清算公告,012677,万家瑞泰混合,关于万家瑞泰混合型证券投资基金进入清算期及终止基金合同的公告,2023-01-05,万家,833961
2023,2023-01,FC030030,基金清算公告,005429,渤海汇金睿选混合,渤海汇金证券资产管理有限公司渤海汇金睿选混合型发起式证券投资基金剩余财产分配公告,2023-01-05,渤海汇金,833968
2023,2023-02,FC030030,基金清算公告,016725,农银品质农业股票,关于农银汇理品质农业股票型证券投资基金可能触发基金合同终止情形的提示性公告,2023-02-23,农银汇理,854027
2023,2023-02,FC030030,基金清算公告,014613,南方固元6个月持有债券,关于南方固元6个月持有期债券型证券投资基金基金合同终止及基金财产清算的公告,2023-02-22,南方,853649
2023,2023-02,FC030030,基金清算公告,011677,中银睿丰回报混合,中银睿丰回报混合型证券投资基金剩余财产第二次分配的公告,2023-02-03,中银,849223
2023,2023-03,FC030030,基金清算公告,009079,南方粤港澳大湾区创新100ETF发起联接,关于南方粤港澳大湾区创新100交易型开放式指数证券投资基金发起式联接基金基金合同终止及基金财产清算的公告,2023-03-27,南方,862616
2023,2023-03,FC030030,基金清算公告,513680,建信港股通恒生中国企业ETF,建信基金管理有限责任公司关于建信港股通恒生中国企业交易型开放式指数证券投资基金的二次清算资金发放公告,2023-03-21,建信,860463
2023,2023-03,FC030030,基金清算公告,002453,九泰久稳混合,关于九泰久稳灵活配置混合型证券投资基金剩余财产分配的公告,2023-03-15,九泰,859224
2023,2023-03,FC030030,基金清算公告,002220,南方瑞利灵活配置混合,关于南方瑞利灵活配置混合型证券投资基金基金合同终止及基金财产清算的公告,2023-03-15,南方,859282
2023,2023-03,FC030030,基金清算公告,010520,兴业中债3-5年政策性金融债,兴业中债3-5年政策性金融债指数证券投资基金剩余财产分配公告,2023-03-06,兴业,856474
2023,2023-03,FC030030,基金清算公告,004135,申万菱信量化成长混合,关于申万菱信量化成长混合型证券投资基金基金合同终止及基金财产清算的公告,2023-03-02,申万菱信,855808
2023,2023-04,FC030030,基金清算公告,002616,中银益利混合,中银基金管理有限公司关于中银益利灵活配置混合型证券投资基金基金合同终止及基金财产清算的公告,2023-04-06,中银,875323
2023,2023-04,FC030030,基金清算公告,003850,中银锦利混合,中银基金管理有限公司关于中银锦利灵活配置混合型证券投资基金基金合同终止及基金财产清算的公告,2023-04-06,中银,875324
2023,2023-05,FC030030,基金清算公告,013015,海富通惠鑫混合,海富通基金管理有限公司关于海富通惠鑫混合型证券投资基金剩余财产分配公告,2023-05-29,海富通,899543
2023,2023-05,FC030030,基金清算公告,008199,华夏粤港澳大湾区创新100ETF联接,华夏粤港澳大湾区创新100交易型开放式指数证券投资基金发起式联接基金剩余财产分配公告,2023-05-29,华夏,902421
2023,2023-05,FC030030,基金清算公告,010078,博时恒荣一年混合,关于博时恒荣一年持有期混合型证券投资基金基金合同终止及基金财产清算的公告,2023-05-20,博时,896691
2023,2023-05,FC030030,基金清算公告,004134,农银金安定开债券,农银汇理金安18个月定期开放债券型证券投资基金发生基金合同终止情形及基金财产清算的公告,2023-05-13,农银汇理,894576
2023,2023-05,FC030030,基金清算公告,013198,南方季季享90天滚动持有债券,关于南方季季享90天滚动持有债券型证券投资基金基金合同终止及基金财产清算的公告,2023-05-12,南方,894390
2023,2023-05,FC030030,基金清算公告,004134,农银金安定开债券,关于农银汇理金安18个月定期开放债券型证券投资基金可能触发基金合同终止情形的提示性公告,2023-05-09,农银汇理,893302
2023,2023-05,FC030030,基金清算公告,008832,海富通中证长三角领先ETF联接,关于海富通中证长三角领先交易型开放式指数证券投资基金联接基金剩余财产分配公告,2023-05-05,海富通,892714
2023,2023-05,FC030030,基金清算公告,008199,华夏粤港澳大湾区创新100ETF联接,华夏基金管理有限公司关于华夏粤港澳大湾区创新100交易型开放式指数证券投资基金发起式联接基金基金合同终止及基金财产清算的公告,2023-05-05,华夏,902411
2023,2023-05,FC030030,基金清算公告,519134,海富通富祥混合,海富通基金管理有限公司关于海富通富祥混合型证券投资基金剩余财产分配公告,2023-05-04,海富通,892442
2023,2023-06,FC030030,基金清算公告,159833,上海金基,大成基金管理有限公司关于大成上海金交易型开放式证券投资基金清算资金发放公告,2023-06-15,大成,906019
2023,2023-07,FC030030,基金清算公告,519027,海富通上证周期ETF联接,海富通基金管理有限公司关于海富通上证周期行业50交易型开放式指数证券投资基金联接基金剩余财产分配公告,2023-07-31,海富通,939547
2023,2023-07,FC030030,基金清算公告,510110,海富通上证周期ETF,海富通基金管理有限公司关于上证周期行业50交易型开放式指数证券投资基金剩余财产分配公告,2023-07-31,海富通,939549
2023,2023-07,FC030030,基金清算公告,510120,海富通上证非周期ETF,海富通基金管理有限公司关于上证非周期行业100交易型开放式指数证券投资基金剩余财产分配公告,2023-07-31,海富通,939550
2023,2023-07,FC030030,基金清算公告,001201,申万菱信安鑫回报灵活配置混合,关于申万菱信安鑫回报灵活配置混合型证券投资基金基金合同终止及基金财产清算的公告,2023-07-27,申万菱信,938130
2023,2023-07,FC030030,基金清算公告,002558,博时鑫瑞混合,关于博时鑫瑞灵活配置混合型证券投资基金基金合同终止及基金财产清算的公告,2023-07-25,博时,937537
2023,2023-07,FC030030,基金清算公告,009925,博时恒利持有期债券,关于博时恒利6个月持有期债券型证券投资基金基金合同终止及基金财产清算的公告,2023-07-20,博时,927787
2023,2023-07,FC030030,基金清算公告,005264,国都多策略,国都多策略混合型证券投资基金清算报告提示性公告,2023-07-20,国都证券,927870
2023,2023-07,FC030030,基金清算公告,519032,海富通上证非周期ETF联接,关于海富通上证非周期行业100交易型开放式指数证券投资基金联接基金剩余财产分配公告,2023-07-18,海富通,924504
2023,2023-07,FC030030,基金清算公告,002813,博时颐泰混合,博时基金管理有限公司关于博时颐泰混合型证券投资基金基金合同终止及基金财产清算的公告,2023-07-15,博时,923806
2023,2023-08,FC030030,基金清算公告,012989,天弘国证港股通50指数,关于天弘国证港股通50指数证券投资基金发生基金合同终止事由并进入基金财产清算程序的公告,2023-08-25,天弘,952462
2023,2023-08,FC030030,基金清算公告,005305,长信合利混合,长信合利混合型证券投资基金清算资金发放公告,2023-08-22,长信,949852
2023,2023-08,FC030030,基金清算公告,519602,海富通大中华混合（QDII）,海富通基金管理有限公司关于海富通大中华精选混合型证券投资基金剩余财产分配公告,2023-08-01,海富通,940074
2023,2023-09,FC030030,基金清算公告,010151,东财消费精选混合,关于西藏东财消费精选混合型发起式证券投资基金发生基金合同终止情形及基金财产清算的公告,2023-09-26,东财基金,976788
2023,2023-09,FC030030,基金清算公告,159979,广发湾创100ETF,关于广发粤港澳大湾区创新100交易型开放式指数证券投资基金基金合同终止及剩余财产分配的公告,2023-09-23,广发,975901
2023,2023-09,FC030030,基金清算公告,002502,中银腾利混合,中银基金管理有限公司关于中银腾利灵活配置混合型证券投资基金基金合同终止及基金财产清算的公告,2023-09-19,中银,973834
2023,2023-09,FC030030,基金清算公告,519602,海富通大中华混合（QDII）,海富通大中华精选混合型证券投资基金剩余财产第二次分配公告,2023-09-19,海富通,973886
2023,2023-09,FC030030,基金清算公告,005029,中银产业精选混合,中银基金管理有限公司关于中银产业精选混合型证券投资基金基金合同终止及基金财产清算的公告,2023-09-15,中银,972513
2023,2023-09,FC030030,基金清算公告,011771,国寿安保稳隆混合,国寿安保稳隆混合型证券投资基金清算报告提示性公告,2023-09-15,国寿安保,972653
2023,2023-09,FC030030,基金清算公告,013039,海富通欣润混合,海富通基金管理有限公司关于海富通欣润混合型证券投资基金剩余财产分配公告,2023-09-14,海富通,972235
2023,2023-09,FC030030,基金清算公告,001932,国寿安保灵活优选混合,国寿安保灵活优选混合型证券投资基金清算报告提示性公告,2023-09-13,国寿安保,971674
2023,2023-09,FC030030,基金清算公告,010074,南方誉隆一年持有期混合,关于南方誉隆一年持有期混合型证券投资基金基金合同终止及基金财产清算的公告,2023-09-13,南方,972052
2023,2023-09,FC030030,基金清算公告,010046,博时金福安一年持有混合（FOF）,关于博时金福安一年持有期混合型发起式基金中基金（FOF）基金合同终止及基金财产清算的公告,2023-09-08,博时,969805
2023,2023-10,FC030030,基金清算公告,010307,东财信息产业精选混合,关于西藏东财信息产业精选混合型发起式证券投资基金发生基金合同终止情形及基金财产清算的公告,2023-10-31,东财基金,995526
2023,2023-11,FC030030,基金清算公告,005545,中银改革红利灵活配置混合,中银基金管理有限公司关于中银改革红利灵活配置混合型证券投资基金基金合同终止及基金财产清算的公告,2023-11-29,中银,1003717
2023,2023-11,FC030030,基金清算公告,159853,南方中证科技100ETF,关于南方中证科技100交易型开放式指数证券投资基金基金合同终止及基金财产清算的公告,2023-11-25,南方,1002976
2023,2023-11,FC030030,基金清算公告,002261,中银宝利混合,中银基金管理有限公司关于中银宝利灵活配置混合型证券投资基金基金合同终止及基金财产清算的公告,2023-11-23,中银,1001894
2023,2023-11,FC030030,基金清算公告,009442,中银养老目标日期2040 ,中银基金管理有限公司关于中银养老目标日期2040三年持有期混合型发起式基金中基金（FOF）基金合同终止及基金财产清算的公告,2023-11-10,中银,998086
2023,2023-11,FC030030,基金清算公告,009209,长信稳利一年持有混合（FOF）,长信稳利资产配置一年持有期混合型基金中基金（FOF）清算资金发放公告,2023-11-02,长信,996266
2023,2023-12,FC030030,基金清算公告,010642,农银瑞祥一年混合,农银汇理瑞祥一年持有期混合型发起式证券投资基金发生基金合同终止情形及基金财产清算的公告,2023-12-26,农银汇理,1013838
2023,2023-12,FC030030,基金清算公告,009442,中银养老目标日期2040 ,中银养老目标日期2040三年持有期 混合型发起式基金中基金（FOF） 剩余财产第二次分配的公告,2023-12-25,中银,1013594
2023,2023-12,FC030030,基金清算公告,009479,中银中证100ETF联接基金,中银基金管理有限公司关于中银中证100交易型开放式指数证券投资基金联接基金基金合同终止及基金财产清算的公告,2023-12-22,中银,1012861
2023,2023-12,FC030030,基金清算公告,010756,兴华永兴混合发起式,关于兴华永兴混合型发起式证券投资基金基金合同终止及基金财产清算的公告,2023-12-16,兴华,1010353
2023,2023-12,FC030030,基金清算公告,002434,中银宏利混合,中银基金管理有限公司关于中银宏利灵活配置混合型证券投资基金基金合同终止及基金财产清算的公告,2023-12-14,中银,1009339
2023,2023-12,FC030030,基金清算公告,560600,方正富邦中证医药及医疗器械创新ETF,方正富邦基金管理有限公司关于方正富邦中证医药及医疗器械创新交易型开放式指数证券投资基金清算资金发放公告,2023-12-14,方正富邦,1009475
2023,2023-12,FC030030,基金清算公告,515570,山西证券中证红利潜力ETF,山西证券中证红利潜力交易型开放式指数证券投资基金清算资金发放公告,2023-12-04,山西证券,1005525
2024,2024-01,FC030030,基金清算公告,004446,南方荣年一年持有混合,关于南方荣年一年持有期混合型证券投资基金合同终止及基金财产清算的公告,2024-01-19,南方,1026442
2024,2024-01,FC030030,基金清算公告,010487,中银顺盈回报一年持有期混合,中银基金管理有限公司关于中银顺盈回报一年持有期混合型证券投资基金基金合同终止及基金财产清算的公告,2024-01-18,中银,1020580
2024,2024-01,FC030030,基金清算公告,011089,景顺长城景颐惠利一年持有期债券,景顺长城基金管理有限公司关于景顺长城景颐惠利一年持有期债券型证券投资基金剩余财产分配公告,2024-01-18,景顺长城,1020752
2024,2024-01,FC030030,基金清算公告,011731,国投瑞银安睿混合,国投瑞银安睿混合型证券投资基金基金清算公告,2024-01-10,国投瑞银,1018448
2024,2024-01,FC030030,基金清算公告,012021,国投瑞银安智混合,国投瑞银安智混合型证券投资基金基金清算公告,2024-01-10,国投瑞银,1018450
2024,2024-01,FC030030,基金清算公告,016577,中银创新成长混合,中银基金管理有限公司关于中银创新成长混合型证券投资基金基金合同终止及基金财产清算的公告,2024-01-06,中银,1017934
2024,2024-02,FC030030,基金清算公告,006193,鑫元核心资产,关于鑫元核心资产股票型发起式证券投资基金基金合同终止及基金财产清算的公告,2024-02-27,鑫元,1039902
2024,2024-02,FC030030,基金清算公告,159710,建信中证智能电动汽车ETF,建信中证智能电动汽车交易型开放式指数证券投资基金剩余财产分配的公告,2024-02-23,建信,1039390
2024,2024-02,FC030030,基金清算公告,501039,汇添富睿丰混合（LOF）,汇添富睿丰混合型证券投资基金(LOF)清算资金发放公告,2024-02-22,汇添富,1038910
2024,2024-02,FC030030,基金清算公告,010130,海富通惠增一年定开,海富通基金管理有限公司关于海富通惠增多策略一年定期开放灵活配置混合型证券投资基金剩余财产分配公告,2024-02-08,海富通,1037441
2024,2024-02,FC030030,基金清算公告,017065,申万菱信价值臻选混合,关于申万菱信价值臻选混合型证券投资基金基金合同终止及基金财产清算的公告,2024-02-01,申万菱信,1034740
2024,2024-02,FC030030,基金清算公告,164811,京津冀,工银瑞信基金管理有限公司关于工银瑞信中证京津冀协同发展主题指数证券投资基金（LOF）的清算资金发放公告,2024-02-01,工银瑞信,1034970
2024,2024-03,FC030030,基金清算公告,512320,工银MSCI中国ETF,工银瑞信MSCI中国A股交易型开放式指数证券投资基金的清算资金发放公告,2024-03-28,工银瑞信,1050506
2024,2024-03,FC030030,基金清算公告,159733,景顺长城中证消费电子ETF,景顺长城基金管理有限公司关于景顺长城中证消费电子主题交易型开放式指数证券投资基金剩余财产分配公告,2024-03-22,景顺长城,1046636
2024,2024-03,FC030030,基金清算公告,010958,中信保诚养老2035三年持有混合FOF,关于中信保诚养老目标日期2035三年持有期混合型发起式基金中基金（FOF）基金合同终止及基金财产清算的公告,2024-03-19,中信保诚,1045347
2024,2024-03,FC030030,基金清算公告,005108,圆信永丰双利优选,关于圆信永丰双利优选定期开放灵活配置混合型证券投资基金基金合同终止及基金财产清算的公告,2024-03-16,圆信永丰,1045035
2024,2024-03,FC030030,基金清算公告,519955,长信富民纯债一年定开债券,长信富民纯债一年定期开放债券型证券投资基金清算资金发放公告,2024-03-06,长信,1042035
2024,2024-04,FC030030,基金清算公告,008822,景顺长城中债1-3年国开行债券指数,景顺长城基金管理有限公司关于景顺长城中债1-3年国开行债券指数证券投资基金剩余财产分配公告,2024-04-18,景顺长城,1064657
2024,2024-05,FC030030,基金清算公告,016543,景顺长城环交所碳中和指数,景顺长城基金管理有限公司关于景顺长城中证上海环交所碳中和指数证券投资基金剩余财产分配公告,2024-05-28,景顺长城,1087268
2024,2024-05,FC030030,基金清算公告,014146,景顺长城港股通数字经济主题混合,景顺长城基金管理有限公司关于景顺长城港股通数字经济主题混合型证券投资基金剩余财产分配公告,2024-05-24,景顺长城,1086122
2024,2024-05,FC030030,基金清算公告,005317,万家瑞舜灵活配置混合,万家瑞舜灵活配置混合型证券投资基金清算报告提示性公告,2024-05-21,万家,1084542
2024,2024-05,FC030030,基金清算公告,014077,华商稳健汇利一年持有混合,关于华商稳健汇利一年持有期混合型证券投资基金基金合同终止及基金财产清算的公告,2024-05-21,华商,1084691
2024,2024-06,FC030030,基金清算公告,015759,国投兴顺FOF,国投瑞银兴顺3个月持有期混合型基金中基金（FOF）基金清算公告,2024-06-17,国投瑞银,1097244
2024,2024-06,FC030030,基金清算公告,515670,中银100,中银中证100交易型开放式指数证券投资基金剩余财产分配公告,2024-06-11,中银,1093858
2024,2024-07,FC030030,基金清算公告,012512,嘉实养老目标日期2045五年持有期混合（FOF）,嘉实养老目标日期2045五年持有期混合型发起式基金中基金（FOF）剩余财产分配公告,2024-07-31,嘉实,1134706
2024,2024-07,FC030030,基金清算公告,501002,长信价值优选混合,长信价值优选混合型证券投资基金清算资金发放公告,2024-07-19,长信,1131159
2024,2024-07,FC030030,基金清算公告,012518,景顺长城颐心养老目标日期2040三年持有期混合FOF,景顺长城基金管理有限公司关于景顺长城颐心养老目标日期2040三年持有期混合型发起式基金中基金（FOF）剩余财产分配公告,2024-07-17,景顺长城,1119815
2024,2024-07,FC030030,基金清算公告,001520,国投瑞银研究精选股票,国投瑞银研究精选股票型证券投资基金基金清算公告,2024-07-16,国投瑞银,1119373
2024,2024-07,FC030030,基金清算公告,016555,中银稳健景盈一年持有混合,中银基金管理有限公司关于中银稳健景盈一年持有期混合型证券投资基金基金合同终止及基金财产清算的公告,2024-07-10,中银,1118169
2024,2024-07,FC030030,基金清算公告,015215,南方誉恒一年持有混合,关于南方誉恒一年持有期混合型证券投资基金基金合同终止及基金财产清算的公告,2024-07-08,南方,1117705
2024,2024-07,FC030030,基金清算公告,012721,中信保诚养老2040三年持有混合FOF,关于中信保诚养老目标日期2040三年持有期混合型发起式基金中基金（FOF）基金合同终止及基金财产清算的公告,2024-07-03,中信保诚,1116553
2024,2024-08,FC030030,基金清算公告,515280,富国中证银行ETF,富国中证银行交易型开放式指数证券投资基金剩余财产分配公告,2024-08-30,富国,1150065
2024,2024-08,FC030030,基金清算公告,008610,海富通添鑫收益债券,海富通基金管理有限公司关于海富通添鑫收益债券型证券投资基金剩余财产分配公告,2024-08-28,海富通,1141673
2024,2024-08,FC030030,基金清算公告,009084,申万菱信安泰鑫利纯债一年定期开放债券型发起式,关于申万菱信安泰鑫利纯债一年定期开放债券型发起式证券投资基金基金合同终止及基金财产清算的公告,2024-08-27,申万菱信,1141188
2024,2024-08,FC030030,基金清算公告,016187,南方景气楚荟3个月持有混合（FOF）,关于南方景气楚荟3个月持有期混合型基金中基金（FOF）基金合同终止及基金财产清算的公告,2024-08-23,南方,1140525
2024,2024-08,FC030030,基金清算公告,005381,泰康睿利量化多策略混合,泰康睿利量化多策略混合型证券投资基金清算报告,2024-08-22,泰康,1139884
2024,2024-08,FC030030,基金清算公告,159503,鹏扬国证财富管理ETF,鹏扬国证财富管理交易型开放式指数证券投资基金剩余财产分配公告,2024-08-17,鹏扬,1139119
2024,2024-08,FC030030,基金清算公告,516690,化工产业,关于银华中证细分化工产业主题交易型开放式指数证券投资基金剩余财产分配的公告,2024-08-14,银华,1137420
2024,2024-08,FC030030,基金清算公告,517960,摩根中证沪港深科技100ETF,摩根中证沪港深科技100交易型开放式指数证券投资基金清算资金发放公告,2024-08-13,摩根,1137308
2024,2024-08,FC030030,基金清算公告,517280,天弘中证沪港深线上消费主题ETF,天弘中证沪港深线上消费主题交易型开放式指数证券投资基金清算资金发放公告,2024-08-05,天弘,1135492
2024,2024-08,FC030030,基金清算公告,970062,华鑫证券乐享周周购三个月滚动持有债券,华鑫证券乐享周周购三个月滚动持有债券型集合资产管理计划基金清算公告,2024-08-05,华鑫证券,1135618
2024,2024-08,FC030030,基金清算公告,970048,东海海睿致远,关于东海证券海睿致远灵活配置混合型集合资产管理计划资产管理合同终止及剩余财产分配的公告,2024-08-01,东海证券,1135006
2024,2024-09,FC030030,基金清算公告,013150,华宝稳健目标风险三个月持有混合发起（FOF）,关于华宝稳健目标风险三个月持有期混合型发起式基金中基金（FOF）基金合同终止及基金财产清算的公告,2024-09-30,华宝,1162753
2024,2024-09,FC030030,基金清算公告,159522,景顺长城国证2000ETF,景顺长城基金管理有限公司关于景顺长城国证2000交易型开放式指数证券投资基金剩余财产分配公告,2024-09-23,景顺长城,1159799
2024,2024-09,FC030030,基金清算公告,012272,渤海汇金创新价值一年持有期混合,渤海汇金证券资产管理有限公司渤海汇金创新价值一年持有期混合型发起式证券投资基金剩余财产分配公告,2024-09-20,渤海汇金,1158691
2024,2024-09,FC030030,基金清算公告,159990,小盘价值,关于银华巨潮小盘价值交易型开放式指数证券投资基金剩余财产分配的公告,2024-09-18,银华,1158091
2024,2024-09,FC030030,基金清算公告,970071,第一创业创享纯债,关于第一创业创享纯债债券型集合资产管理计划资产管理合同终止及剩余财产分配的公告,2024-09-18,第一创业证券,1158111
2024,2024-09,FC030030,基金清算公告,159823,嘉实H股50ETF(QDII),嘉实恒生中国企业交易型开放式指数证券投资基金（QDII）剩余财产分配公告,2024-09-16,嘉实,1158085
2024,2024-09,FC030030,基金清算公告,010857,宝盈祥乐一年持有期混合,关于宝盈祥乐一年持有期混合型证券投资基金发生基金合同终止事由并进入基金财产清算程序的公告,2024-09-11,宝盈,1156841
2024,2024-09,FC030030,基金清算公告,013441,东财创新医疗六个月定开混合发起式,西藏东财创新医疗六个月定期开放混合型发起式证券投资基金基金清算公告,2024-09-10,东财基金,1156294
2024,2024-09,FC030030,基金清算公告,017798,易方达恒固18个月封闭式债券,关于易方达恒固18个月封闭式债券型证券投资基金基金份额自动赎回、进入清算期及终止基金合同的公告,2024-09-09,易方达,1156193
2024,2024-09,FC030030,基金清算公告,159769,消费电子龙头ETF,关于银华中证消费电子主题交易型开放式指数证券投资基金剩余财产分配的公告,2024-09-06,银华,1155580
2024,2024-10,FC030030,基金清算公告,012559,天弘中证沪港深科技龙头指数,关于天弘中证沪港深科技龙头指数型发起式证券投资基金发生基金合同终止事由并进入基金财产清算程序的公告,2024-10-26,天弘,1181857
2024,2024-10,FC030030,基金清算公告,011361,华夏博锐一年持有混合（MOM）,华夏博锐一年持有期混合型管理人中管理人（MOM）发起式证券投资基金剩余财产分配公告,2024-10-24,华夏,1170081
2024,2024-10,FC030030,基金清算公告,016647,兴业数字经济优选股票,兴业数字经济优选股票型证券投资基金剩余财产分配公告,2024-10-22,兴业,1168164
2024,2024-10,FC030030,基金清算公告,007445,国投瑞银顺悦债券,国投瑞银顺悦3个月定期开放债券型证券投资基金基金清算公告,2024-10-22,国投瑞银,1168279
2024,2024-10,FC030030,基金清算公告,013055,嘉实策略机遇混合发起式,嘉实策略机遇混合型发起式证券投资基金剩余财产分配公告,2024-10-21,嘉实,1167840
2024,2024-10,FC030030,基金清算公告,017312,农银医疗精选股票,农银汇理医疗精选股票型证券投资基金发生基金合同终止情形及基金财产清算的公告,2024-10-08,农银汇理,1164499
2024,2024-11,FC030030,基金清算公告,012561,天弘中证新材料指数,关于天弘中证新材料主题指数型发起式证券投资基金发生基金合同终止事由并进入基金财产清算程序的公告,2024-11-30,天弘,1192617
2024,2024-11,FC030030,基金清算公告,014128,东财中证沪港深创新药指数发起式,关于西藏东财中证沪港深创新药产业指数型发起式证券投资基金发生基金合同终止情形及基金财产清算的公告,2024-11-19,东财基金,1188085
2024,2024-11,FC030030,基金清算公告,159987,创新ETF,关于银华中证研发创新100交易型开放式指数证券投资基金剩余财产分配的公告,2024-11-18,银华,1187837
2024,2024-11,FC030030,基金清算公告,159522,景顺长城国证2000ETF,景顺长城基金管理有限公司关于景顺长城国证2000交易型开放式指数证券投资基金剩余财产二次分配公告,2024-11-16,景顺长城,1187793
2024,2024-11,FC030030,基金清算公告,012405,天弘国证建材指数,关于天弘国证建筑材料指数型发起式证券投资基金发生基金合同终止事由并进入基金财产清算程序的公告,2024-11-02,天弘,1183842
2024,2024-12,FC030030,基金清算公告,519961,长信利广混合,长信利广灵活配置混合型证券投资基金清算资金发放公告,2024-12-31,长信,1205814
2024,2024-12,FC030030,基金清算公告,013089,天弘旗舰精选3个月持有混合发起式（FOF）,关于天弘旗舰精选3个月持有期混合型发起式基金中基金（FOF）发生基金合同终止事由并进入基金财产清算程序的公告,2024-12-21,天弘,1201348
2024,2024-12,FC030030,基金清算公告,164702,汇添富季季红定期开放债券,汇添富季季红定期开放债券型证券投资基金清算资金发放公告,2024-12-10,汇添富,1195818
2024,2024-12,FC030030,基金清算公告,007266,嘉实新添益定期混合,嘉实新添益定期开放混合型证券投资基金剩余财产分配公告,2024-12-10,嘉实,1195795
2024,2024-12,FC030030,基金清算公告,020347,景顺长城卓越成长混合,景顺长城基金管理有限公司关于景顺长城卓越成长混合型证券投资基金剩余财产分配公告,2024-12-06,景顺长城,1194966
2024,2024-12,FC030030,基金清算公告,013920,兴华创新医疗6个月持有混合发起,关于兴华创新医疗6个月持有期混合型发起式证券投资基金基金合同终止及基金财产清算的公告,2024-12-02,兴华,1193047
2025,2025-01,FC030030,基金清算公告,014750,兴华消费精选6个月持有混合发起,兴华消费精选6个月持有期混合型发起式证券投资基金基金清算公告,2025-01-27,兴华,1226763
2025,2025-01,FC030030,基金清算公告,005536,渤海汇金量化成长混合,渤海汇金证券资产管理有限公司渤海汇金量化成长混合型发起式证券投资基金剩余财产分配公告,2025-01-22,渤海汇金,1214797
2025,2025-01,FC030030,基金清算公告,017088,景顺长城融景瑞利一年持有混合,景顺长城基金管理有限公司关于景顺长城融景瑞利一年持有期混合型证券投资基金剩余财产分配公告,2025-01-22,景顺长城,1222062
2025,2025-01,FC030030,基金清算公告,002409,华夏新活力混合,华夏新活力灵活配置混合型证券投资基金剩余财产分配公告,2025-01-21,华夏,1213306
2025,2025-01,FC030030,基金清算公告,002231,华夏新趋势混合,华夏新趋势灵活配置混合型证券投资基金剩余财产分配公告,2025-01-21,华夏,1213646
2025,2025-01,FC030030,基金清算公告,014285,鑫元健康产业混合发起式,关于鑫元健康产业混合型发起式证券投资基金发生基金合同终止事由并进行基金财产清算的公告,2025-01-20,鑫元,1211527
2025,2025-01,FC030030,基金清算公告,014649,永赢优质精选混合发起,永赢优质精选混合型发起式证券投资基金剩余财产分配的公告,2025-01-17,永赢,1211002
2025,2025-01,FC030030,基金清算公告,970083,东海证券海盈6个月持有期,关于东海证券海盈6个月持有期混合型集合资产管理计划资产管理合同终止及剩余财产分配的公告,2025-01-16,东海证券,1210268
2025,2025-01,FC030030,基金清算公告,013907,永赢深创100ETF发起式联接,永赢深证创新100交易型开放式指数证券投资基金发起式联接基金剩余财产分配的公告,2025-01-08,永赢,1208003
2025,2025-01,FC030030,基金清算公告,003300,华夏圆和混合,华夏圆和灵活配置混合型证券投资基金剩余财产分配公告,2025-01-07,华夏,1207393
2025,2025-01,FC030030,基金清算公告,970080,东海证券海盈3个月持有期,关于东海证券海盈3个月持有期混合型集合资产管理计划资产管理合同终止及剩余财产分配的公告,2025-01-06,东海证券,1207323
2025,2025-01,FC030030,基金清算公告,012019,国投瑞银安泽混合,国投瑞银安泽混合型证券投资基金基金清算公告,2025-01-02,国投瑞银,1206063
2025,2025-02,FC030030,基金清算公告,970058,安信瑞盈3个月滚动持有债券,关于安信资管瑞盈3个月滚动持有债券型集合资产管理计划资产管理合同终止及剩余财产分配的公告,2025-02-25,国证资管,1232385
2025,2025-02,FC030030,基金清算公告,970077,安信资管瑞鑫一年持有,关于安信资管瑞鑫一年持有期债券型集合资产管理计划资产管理合同终止及剩余财产分配的公告,2025-02-25,国证资管,1232386
2025,2025-02,FC030030,基金清算公告,010139,宝盈盈沛纯债债券,关于宝盈盈沛纯债债券型证券投资基金发生基金合同终止事由并进入基金财产清算程序的公告,2025-02-22,宝盈,1232175
2025,2025-02,FC030030,基金清算公告,162413,华宝中证1000指数,华宝基金管理有限公司关于华宝中证1000指数证券投资基金剩余财产分配公告,2025-02-20,华宝,1231082
2025,2025-02,FC030030,基金清算公告,519963,长信利盈混合,长信利盈灵活配置混合型证券投资基金清算资金发放公告,2025-02-19,长信,1230404
2025,2025-02,FC030030,基金清算公告,010628,广发瑞轩三个月定开混合,关于广发瑞轩三个月定期开放混合型发起式证券投资基金剩余财产分配的公告,2025-02-18,广发,1230002
2025,2025-02,FC030030,基金清算公告,014431,华夏中证新材料主题ETF发起式联接,华夏中证新材料主题交易型开放式指数证券投资基金发起式联接基金剩余财产分配公告,2025-02-18,华夏,1230058
2025,2025-02,FC030030,基金清算公告,014431,华夏中证新材料主题ETF发起式联接,华夏中证新材料主题交易型开放式指数证券投资基金发起式联接基金清算报告,2025-02-17,华夏,1229770
2025,2025-02,FC030030,基金清算公告,159683,嘉实中证内地运输主题ETF,嘉实中证内地运输主题交易型开放式指数证券投资基金剩余财产分配公告,2025-02-17,嘉实,1229716
2025,2025-02,FC030030,基金清算公告,002858,长信富平纯债一年定开债券,长信富平纯债一年定期开放债券型证券投资基金清算资金发放公告,2025-02-10,长信,1228038
2025,2025-03,FC030030,基金清算公告,515610,中银800,中银中证800指数型发起式证券投资基金剩余财产第二次分配的公告,2025-03-27,中银,1245746
2025,2025-03,FC030030,基金清算公告,004046,华夏新锦顺混合,华夏新锦顺灵活配置混合型证券投资基金剩余财产分配公告,2025-03-26,华夏,1244821
2025,2025-03,FC030030,基金清算公告,015295,申万菱信鑫享稳健混合型发起式,关于申万菱信鑫享稳健混合型发起式证券投资基金发生基金合同终止及基金财产清算的公告,2025-03-24,申万菱信,1243920
2025,2025-03,FC030030,基金清算公告,519953,长信富海纯债一年定开债券,长信富海纯债一年定期开放债券型证券投资基金清算资金发放公告,2025-03-19,长信,1239304
2025,2025-03,FC030030,基金清算公告,013708,永赢养老目标2040三年持有混合发起（FOF）,永赢养老目标日期2040三年持有期混合型发起式基金中基金（FOF）剩余财产分配的公告,2025-03-18,永赢,1239061
2025,2025-03,FC030030,基金清算公告,970090,安信资管瑞丰6个月持有债券,安信资管瑞丰6个月持有期债券型集合资产管理计划资产管理合同终止及剩余财产分配的公告,2025-03-17,国证资管,1238403
2025,2025-04,FC030030,基金清算公告,019642,农银国企优选混合,农银汇理国企优选混合型证券投资基金发生基金合同终止情形及基金财产清算的公告,2025-04-22,农银汇理,1272084
2025,2025-04,FC030030,基金清算公告,010400,富国融泰三个月定期开放混合发起式,富国融泰三个月定期开放混合型发起式证券投资基金剩余财产分配公告,2025-04-18,富国,1265444
2025,2025-04,FC030030,基金清算公告,017834,信澳汇鑫两年封闭式债券型,关于信澳汇鑫两年封闭式债券型证券投资基金基金合同终止及基金财产清算的公告,2025-04-15,信达澳亚,1263856
2025,2025-05,FC030030,基金清算公告,006063,景顺长城MSCI中国A股国际通指数增强,景顺长城基金管理有限公司关于景顺长城MSCI中国A股国际通指数增强型证券投资基金剩余财产分配公告,2025-05-29,景顺长城,1290028
2025,2025-05,FC030030,基金清算公告,014715,国投瑞银积极养老目标五年持有混合发起式（FOF）,国投瑞银积极养老目标五年持有期混合型发起式基金中基金（FOF）基金清算公告,2025-05-29,国投瑞银,1289704
2025,2025-05,FC030030,基金清算公告,015574,宝盈新能源产业混合发起式,关于宝盈新能源产业混合型发起式证券投资基金发生基金合同终止事由并进入基金财产清算程序的公告,2025-05-28,宝盈,1289422
2025,2025-05,FC030030,基金清算公告,970073,东证融汇成长优选,关于东证融汇成长优选混合型集合资产管理计划合同终止及剩余财产分配的公告,2025-05-19,东证融汇资管,1285938
2025,2025-05,FC030030,基金清算公告,005080,海富通量化多因子混合,海富通基金管理有限公司关于海富通量化多因子灵活配置混合型证券投资基金剩余财产分配公告,2025-05-19,海富通,1286018
2025,2025-05,FC030030,基金清算公告,015391,上银新能源产业精选混合发起式,上银新能源产业精选混合型发起式证券投资基金剩余财产分配的公告,2025-05-17,上银,1285870
2025,2025-05,FC030030,基金清算公告,970073,东证融汇成长优选,东证融汇成长优选混合型集合资产管理计划清算报告,2025-05-16,东证融汇资管,1285819
2025,2025-05,FC030030,基金清算公告,515780,浦银安盛MSCI中国A股ETF,浦银安盛MSCI中国A股交易型开放式指数证券投资基金清算资金发放公告,2025-05-09,浦银基金,1282733
2025,2025-06,FC030030,基金清算公告,016086,中银慧泽积极3个月持有混合发起（FOF）,中银基金管理有限公司关于中银慧泽积极3个月持有期混合型发起式基金中基金（FOF）基金合同终止及基金财产清算的公告,2025-06-30,中银,1308791
2025,2025-06,FC030030,基金清算公告,015234,上银恒享平衡养老目标三年持有混合发起式（FOF）,上银恒享平衡养老目标三年持有期混合型发起式基金中基金（FOF）剩余财产分配的公告,2025-06-27,上银,1306035
2025,2025-06,FC030030,基金清算公告,015871,景顺长城国证新能源车电池ETF联接,景顺长城基金管理有限公司关于景顺长城国证新能源车电池交易型开放式指数证券投资基金发起式联接基金剩余财产分配公告,2025-06-25,景顺长城,1302438
2025,2025-06,FC030030,基金清算公告,019798,富安达睿选增利债券,富安达睿选增利债券型证券投资基金剩余财产分配公告,2025-06-21,富安达,1300230
2025,2025-06,FC030030,基金清算公告,519118,浦银安盛幸福回报定开债券,关于浦银安盛幸福回报定期开放债券型证券投资基金基金财产清算小组成立的公告,2025-06-14,浦银基金,1298157
2025,2025-06,FC030030,基金清算公告,004607,长信利尚一年定开混合,长信利尚一年定期开放混合型证券投资基金清算资金发放公告,2025-06-12,长信,1296928
2025,2025-06,FC030030,基金清算公告,018882,海富通ESG领先股票,海富通基金管理有限公司关于海富通ESG领先股票型证券投资基金剩余财产分配公告,2025-06-11,海富通,1296718
2025,2025-06,FC030030,基金清算公告,018017,泓德裕盈三个月定开债券,关于泓德裕盈三个月定期开放债券型证券投资基金基金合同终止及剩余财产分配的公告,2025-06-10,泓德,1295395
2025,2025-06,FC030030,基金清算公告,015741,东财品质生活优选混合发起式,关于西藏东财品质生活优选混合型发起式证券投资基金发生基金合同终止情形及基金财产清算的公告,2025-06-10,东财基金,1295482
2025,2025-06,FC030030,基金清算公告,019134,海富通欣盈6个月持有期混合,海富通基金管理有限公司关于海富通欣盈6个月持有期混合型证券投资基金剩余财产分配公告,2025-06-10,海富通,1295824
2025,2025-06,FC030030,基金清算公告,013029,嘉实鑫泰一年持有混合,嘉实鑫泰一年持有期混合型证券投资基金剩余财产分配公告,2025-06-06,嘉实,1294621
2025,2025-06,FC030030,基金清算公告,018283,华商先进制造混合,关于华商先进制造混合型证券投资基金剩余财产分配的公告,2025-06-05,华商,1293798
2025,2025-06,FC030030,基金清算公告,560960,摩根中证碳中和60ETF,摩根中证碳中和60交易型开放式指数证券投资基金清算资金发放公告,2025-06-04,摩根,1293456
2025,2025-06,FC030030,基金清算公告,020311,华宝积极配置三个月持有混合（FOF）,关于华宝积极配置三个月持有期混合型基金中基金（FOF）基金合同终止及基金财产清算的公告,2025-06-04,华宝,1293493
2025,2025-07,FC030030,基金清算公告,015710,华夏高端装备龙头混合发起式,华夏高端装备龙头混合型发起式证券投资基金剩余财产分配公告,2025-07-18,华夏,1316393
2025,2025-07,FC030030,基金清算公告,014796,华夏均衡养老目标三年持有混合发起式（FOF）,华夏均衡养老目标三年持有期混合型发起式基金中基金（FOF）剩余财产分配公告,2025-07-18,华夏,1316397
2025,2025-07,FC030030,基金清算公告,010568,海富通惠睿精选混合,海富通基金管理有限公司关于海富通惠睿精选混合型证券投资基金剩余财产分配公告,2025-07-17,海富通,1313893
2025,2025-07,FC030030,基金清算公告,015921,申万菱信国证2000指数增强型发起式,关于申万菱信国证2000指数增强型发起式证券投资基金基金合同终止及基金财产清算的公告,2025-07-16,申万菱信,1313326
2025,2025-07,FC030030,基金清算公告,512280,景顺长城MSCI中国A股国际通ETF,景顺长城基金管理有限公司关于景顺长城MSCI中国A股国际通交易型开放式指数证券投资基金剩余财产分配公告,2025-07-15,景顺长城,1313095
2025,2025-07,FC030030,基金清算公告,562260,海富通中证汽车零部件主题ETF,海富通基金管理有限公司关于海富通中证汽车零部件主题交易型开放式指数证券投资基金剩余财产分配公告,2025-07-15,海富通,1313129
2025,2025-07,FC030030,基金清算公告,015919,申万菱信专精特新主题混合型发起式,关于申万菱信专精特新主题混合型发起式证券投资基金基金合同终止及基金财产清算的公告,2025-07-14,申万菱信,1312700
2025,2025-07,FC030030,基金清算公告,021453,泉果泰岩3 个月定期开放债券,关于泉果泰岩3个月定期开放债券型证券投资基金基金合同终止及基金财产清算的公告,2025-07-04,泉果,1310402
2025,2025-07,FC030030,基金清算公告,015617,永赢卓越臻选股票发起,永赢卓越臻选股票型发起式证券投资基金剩余财产分配的公告,2025-07-03,永赢,1310085
2025,2025-07,FC030030,基金清算公告,019750,海富通数字经济混合,海富通基金管理有限公司关于海富通数字经济混合型证券投资基金剩余财产分配公告,2025-07-03,海富通,1310152
2025,2025-08,FC030030,基金清算公告,018800,海富通优势驱动混合,海富通基金管理有限公司关于海富通优势驱动混合型证券投资基金剩余财产分配公告,2025-08-19,海富通,1335536
2025,2025-08,FC030030,基金清算公告,016113,华宝高端装备股票发起式,华宝高端装备股票型发起式证券投资基金基金清算公告,2025-08-18,华宝,1334410
2025,2025-08,FC030030,基金清算公告,015870,富安达先进制造混合发起式,富安达先进制造混合型发起式证券投资基金剩余财产分配公告,2025-08-09,富安达,1332997
2025,2025-08,FC030030,基金清算公告,016824,嘉实方舟一年持有期混合,嘉实方舟一年持有期混合型证券投资基金剩余财产分配公告,2025-08-07,嘉实,1331737
2025,2025-08,FC030030,基金清算公告,018572,华宝远恒混合,关于华宝远恒混合型证券投资基金基金合同终止及基金财产清算的公告,2025-08-06,华宝,1331273
2025,2025-09,FC030030,基金清算公告,005166,嘉实润和量化定期混合,嘉实润和量化6个月定期开放混合型证券投资基金剩余财产分配公告,2025-09-29,嘉实,1361699
2025,2025-09,FC030030,基金清算公告,015246,国投兴源FOF,国投瑞银兴源6个月定期开放混合型基金中基金（FOF）基金清算公告,2025-09-25,国投瑞银,1360108
2025,2025-09,FC030030,基金清算公告,016225,申万菱信中证内地新能源主题ETF发起式联接,关于申万菱信中证内地新能源主题交易型开放式指数证券投资基金发起式联接基金基金合同终止及基金财产清算的公告,2025-09-20,申万菱信,1358411
2025,2025-09,FC030030,基金清算公告,970034,华安证券合赢三个月定开,华安证券合赢三个月定期开放债券型集合资产管理计划审计报告,2025-09-12,华安证券资管,1355727
2025,2025-09,FC030030,基金清算公告,516480,国联安新材料ETF,国联安中证新材料主题交易型开放式指数证券投资基金资金清算发放公告,2025-09-11,国联安,1355080
2025,2025-09,FC030030,基金清算公告,008324,宝盈祥利稳健配置混合,关于宝盈祥利稳健配置混合型证券投资基金发生基金合同终止事由并进入基金财产清算程序的公告,2025-09-04,宝盈,1352782
2025,2025-09,FC030030,基金清算公告,007781,天弘弘新,关于天弘弘新混合型发起式证券投资基金发生基金合同终止事由并进入基金财产清算程序的公告,2025-09-02,天弘,1351926
2025,2025-10,FC030030,基金清算公告,970036,华安证券睿赢一年持有,华安证券睿赢一年持有期债券型集合资产管理计划审计报告,2025-10-30,华安证券资管,1383746
2025,2025-10,FC030030,基金清算公告,024798,华夏增益十八个月持有债券,华夏增益十八个月持有期债券型证券投资基金剩余财产分配公告,2025-10-29,华夏,1383056
2025,2025-10,FC030030,基金清算公告,970029,安信资管瑞元添利,安信资管瑞元添利一年持有期债券型集合资产管理计划资产管理合同终止及剩余财产分配的公告,2025-10-24,国证资管,1368138
2025,2025-10,FC030030,基金清算公告,016053,泰康先进材料股票发起,泰康先进材料股票型发起式证券投资基金清算报告,2025-10-24,泰康,1368413
2025,2025-11,FC030030,基金清算公告,014790,景顺长城产业臻选一年持有混合,景顺长城基金管理有限公司关于景顺长城产业臻选一年持有期混合型证券投资基金剩余财产分配公告,2025-11-28,景顺长城,1396321
2025,2025-11,FC030030,基金清算公告,015820,宝盈中证沪港深科技龙头指数发起式,关于宝盈中证沪港深科技龙头指数型发起式证券投资基金发生基金合同终止事由并进入基金财产清算程序的公告,2025-11-24,宝盈,1392424
2025,2025-11,FC030030,基金清算公告,020234,海富通瑞鑫30天持有期债券,海富通基金管理有限公司关于海富通瑞鑫30天持有期债券型证券投资基金剩余财产分配公告,2025-11-20,海富通,1391188
2025,2025-11,FC030030,基金清算公告,010211,景顺长城顺鑫回报混合,景顺长城基金管理有限公司关于景顺长城顺鑫回报混合型证券投资基金剩余财产分配公告,2025-11-14,景顺长城,1388430
2025,2025-11,FC030030,基金清算公告,970162,现金管家,关于东海证券现金管家现金管理型集合资产管理计划资产管理合同终止及剩余财产分配的公告,2025-11-07,东海证券,1386038
2025,2025-12,FC030030,基金清算公告,016487,东财产业优选混合发起式,关于西藏东财产业优选混合型发起式证券投资基金发生基金合同终止情形及基金财产清算的公告,2025-12-31,东财基金,1410247
2025,2025-12,FC030030,基金清算公告,010190,嘉实价值发现三个月定期混合,嘉实价值发现三个月定期开放混合型发起式证券投资基金剩余财产分配公告,2025-12-26,嘉实,1407667
2025,2025-12,FC030030,基金清算公告,970006,华安证券汇赢增利,华安证券汇赢增利一年持有期灵活配置混合型集合资产管理计划基金审计报告,2025-12-25,华安证券资管,1407102
2025,2025-12,FC030030,基金清算公告,970035,华安证券合赢九个月持有,华安证券合赢九个月持有期债券型集合资产管理计划审计报告,2025-12-25,华安证券资管,1407277
2025,2025-12,FC030030,基金清算公告,970063,华安证券合赢六个月持有债券,华安证券合赢六个月持有期债券型集合资产管理计划审计报告,2025-12-25,华安证券资管,1407278
2025,2025-12,FC030030,基金清算公告,970072,华安证券合赢添利债券,华安证券合赢添利债券型集合资产管理计划审计报告,2025-12-25,华安证券资管,1407285
2025,2025-12,FC030030,基金清算公告,970086,华安证券合赢三个月持有债券,华安证券合赢三个月持有期债券型集合资产管理计划审计报告,2025-12-25,华安证券资管,1407293
2025,2025-12,FC030030,基金清算公告,001659,富安达新动力混合,富安达新动力灵活配置混合型证券投资基金剩余财产分配公告,2025-12-25,富安达,1406389
2025,2025-12,FC030030,基金清算公告,015345,嘉实养老目标日期2055五年持有期混合发起（FOF）,嘉实养老目标日期2055五年持有期混合型发起式基金中基金（FOF）剩余财产分配公告,2025-12-25,嘉实,1406897
2025,2025-12,FC030030,基金清算公告,015317,景顺长城隽发平衡养老三年持有混合FOF,景顺长城基金管理有限公司关于景顺长城隽发平衡养老目标三年持有期混合型发起式基金中基金（FOF）剩余财产分配公告,2025-12-23,景顺长城,1405688
2025,2025-12,FC030030,基金清算公告,017418,华商创新医疗混合,关于华商创新医疗混合型证券投资基金基金合同终止及基金财产清算的公告,2025-12-20,华商,1405226
2025,2025-12,FC030030,基金清算公告,016700,渤海汇金低碳经济一年持有期混合发起,渤海汇金证券资产管理有限公司渤海汇金低碳经济一年持有期混合型发起式证券投资基金剩余财产分配公告,2025-12-19,渤海汇金,1403820
2025,2025-12,FC030030,基金清算公告,010348,景顺长城泰保三个月定开混合,景顺长城基金管理有限公司关于景顺长城泰保三个月定期开放混合型发起式证券投资基金剩余财产分配公告,2025-12-19,景顺长城,1404592
2025,2025-12,FC030030,基金清算公告,017195,长江时代精选混合发起,关于长江时代精选混合型发起式证券投资基金基金合同终止及基金财产清算的公告,2025-12-17,长江资管,1403375
2025,2025-12,FC030030,基金清算公告,970024,华安证券聚赢一年持有,华安证券聚赢一年持有期债券型集合资产管理计划审计报告,2025-12-12,华安证券资管,1402005
2025,2025-12,FC030030,基金清算公告,860012,光大阳光稳债收益12个月持有债券,关于光大阳光稳债收益12个月持有期债券型集合资产管理计划资产管理合同终止及集合计划财产清算的公告,2025-12-11,光证资管,1401197
2025,2025-12,FC030030,基金清算公告,860010,光大阳光对冲6个月持有混合,光大阳光对冲策略6个月持有期灵活配置混合型集合资产管理计划资产管理合同终止及剩余财产分配的公告,2025-12-11,光证资管,1401201
2025,2025-12,FC030030,基金清算公告,860005,光大阳光添利债券,光大阳光添利债券型集合资产管理计划资产管理合同终止及剩余财产分配的公告,2025-12-09,光证资管,1400389
2026,2026-01,FC030030,基金清算公告,018973,华商科创板量化选股混合,关于华商科创板量化选股混合型证券投资基金基金合同终止及基金财产清算的公告,2026-01-30,华商,1431726
2026,2026-01,FC030030,基金清算公告,017557,华夏中证沪港深500ETF发起式联接,华夏中证沪港深500交易型开放式指数证券投资基金发起式联接基金剩余财产分配公告,2026-01-22,华夏,1427485
2026,2026-01,FC030030,基金清算公告,017418,华商创新医疗混合,关于华商创新医疗混合型证券投资基金剩余财产分配的公告,2026-01-21,华商,1416024
2026,2026-01,FC030030,基金清算公告,010850,海富通富利三个月持有,海富通基金管理有限公司关于海富通富利三个月持有期混合型证券投资基金剩余财产分配公告,2026-01-21,海富通,1416162
2026,2026-01,FC030030,基金清算公告,970173,华安证券月月红现金,华安证券月月红现金管理型集合资产管理计划审计报告,2026-01-15,华安证券资管,1413997
2026,2026-01,FC030030,基金清算公告,015162,景顺长城鑫景产业精选一年持有期混合,景顺长城基金管理有限公司关于景顺长城鑫景产业精选一年持有期混合型证券投资基金剩余财产分配公告,2026-01-12,景顺长城,1412254
2026,2026-01,FC030030,基金清算公告,017486,万家洞见进取混合发起式,万家洞见进取混合型发起式证券投资基金清算报告提示性公,2026-01-10,万家,1412114
2026,2026-01,FC030030,基金清算公告,017013,万家优享平衡混合发起式,万家优享平衡混合型发起式证券投资基金清算报告提示性公告,2026-01-06,万家,1410629
2026,2026-02,FC030030,基金清算公告,022388,天弘稳兴债券,关于天弘稳兴债券型证券投资基金发生基金合同终止事由并进入基金财产清算程序的公告,2026-02-28,天弘,1439055
2026,2026-02,FC030030,基金清算公告,017857,东财时代优选混合发起式,关于西藏东财时代优选混合型发起式证券投资基金发生基金合同终止情形及基金财产清算的公告,2026-02-25,东财基金,1438014
2026,2026-02,FC030030,基金清算公告,017663,泓德汽车产业升级混合发起式,泓德汽车产业升级混合型发起式证券投资基金剩余财产分配公告,2026-02-11,泓德,1434978
2026,2026-02,FC030030,基金清算公告,001499,国投瑞银新增长混合,国投瑞银新增长灵活配置混合型证券投资基金清算报告提示性公告,2026-02-06,国投瑞银,1433252
2026,2026-03,FC030030,基金清算公告,017697,华夏新材料龙头混合发起式,华夏新材料龙头混合型发起式证券投资基金剩余财产分配公告,2026-03-31,华夏,1456007
2026,2026-03,FC030030,基金清算公告,004844,中银利享定期开放债券,中银基金管理有限公司关于中银利享定期开放债券型证券投资基金基金合同终止及基金财产清算的公告,2026-03-31,中银,1456596
2026,2026-03,FC030030,基金清算公告,018096,东财价值启航混合发起式,关于西藏东财价值启航混合型发起式证券投资基金发生基金合同终止情形及基金财产清算的公告,2026-03-31,东财基金,1462509
2026,2026-03,FC030030,基金清算公告,017697,华夏新材料龙头混合发起式,华夏新材料龙头混合型发起式证券投资基金清算报告,2026-03-30,华夏,1451269
2026,2026-03,FC030030,基金清算公告,003848,中银广利混合,中银基金管理有限公司关于中银广利灵活配置混合型证券投资基金基金合同终止及基金财产清算的公告,2026-03-27,中银,1447973
2026,2026-03,FC030030,基金清算公告,017862,华夏中证A100ETF发起式联接,华夏中证A100交易型开放式指数证券投资基金发起式联接基金剩余财产分配公告,2026-03-26,华夏,1446890
2026,2026-03,FC030030,基金清算公告,014153,天弘华证沪深港长期竞争力指数,关于天弘华证沪深港长期竞争力指数证券投资基金发生基金合同终止事由并进入基金财产清算程序的公告,2026-03-25,天弘,1446330
2026,2026-03,FC030030,基金清算公告,017467,鑫元消费甄选混合发起,关于鑫元消费甄选混合型发起式证券投资基金发生基金合同终止事由并进行基金财产清算的公告,2026-03-25,鑫元,1446365
2026,2026-03,FC030030,基金清算公告,017981,东财成长优选混合发起式,关于西藏东财成长优选混合型发起式证券投资基金发生基金合同终止情形及基金财产清算的公告,2026-03-25,东财基金,1446779
2026,2026-03,FC030030,基金清算公告,012481,泓德医疗创新混合发起式,泓德医疗创新混合型发起式证券投资基金剩余财产分配公告,2026-03-20,泓德,1444603
2026,2026-03,FC030030,基金清算公告,018973,华商科创板量化选股混合,关于华商科创板量化选股混合型证券投资基金剩余财产分配的公告,2026-03-09,华商,1441345
2026,2026-03,FC030030,基金清算公告,010348,景顺长城泰保三个月定开混合,景顺长城基金管理有限公司关于景顺长城泰保三个月定期开放混合型发起式证券投资基金剩余财产第二次分配公告,2026-03-04,景顺长城,1440168
2026,2026-04,FC030030,基金清算公告,020534,国投瑞银恒扬30天持有期债券,国投瑞银恒扬30天持有期债券型证券投资基金基金清算公告,2026-04-29,国投瑞银,1484943
2026,2026-04,FC030030,基金清算公告,017726,鑫元成长驱动股票发起式,关于鑫元成长驱动股票型发起式证券投资基金发生基金合同终止事由并进行基金财产清算的公告,2026-04-28,鑫元,1484675
2026,2026-04,FC030030,基金清算公告,159969,深100P,关于银华深证100交易型开放式指数证券投资基金剩余财产分配的公告,2026-04-23,银华,1482981
2026,2026-04,FC030030,基金清算公告,020918,鹏扬聚优睿选混合,鹏扬聚优睿选混合型证券投资基金剩余财产分配公告,2026-04-18,鹏扬,1468304
2026,2026-04,FC030030,基金清算公告,018029,泓德新能源产业混合发起式,泓德新能源产业混合型发起式证券投资基金剩余财产分配公告,2026-04-17,泓德,1467379
2026,2026-04,FC030030,基金清算公告,014634,景顺长城ESG量化股票,景顺长城基金管理有限公司关于景顺长城ESG量化股票型证券投资基金剩余财产分配公告,2026-04-17,景顺长城,1467769
2026,2026-04,FC030030,基金清算公告,018188,东财景气成长混合发起式,关于东财景气成长混合型发起式证券投资基金发生基金合同终止情形及基金财产清算的公告,2026-04-14,东财基金,1466454
2026,2026-04,FC030030,基金清算公告,018088,东财远见成长混合发起式,关于东财远见成长混合型发起式证券投资基金发生基金合同终止情形及基金财产清算的公告,2026-04-14,东财基金,1466455
2026,2026-04,FC030030,基金清算公告,016357,易方达中证长江保护主题ETF联接发起式,关于易方达中证长江保护主题交易型开放式指数证券投资基金发起式联接基金触发基金合同终止情形及基金财产清算的公告,2026-04-13,易方达,1465737
2026,2026-04,FC030030,基金清算公告,017604,华夏中证生物科技主题ETF发起式联接,华夏中证生物科技主题交易型开放式指数证券投资基金发起式联接基金剩余财产分配公告,2026-04-10,华夏,1465719
2026,2026-04,FC030030,基金清算公告,018190,东财产业智选混合发起式,关于东财产业智选混合型发起式证券投资基金发生基金合同终止情形及基金财产清算的公告,2026-04-08,东财基金,1464866
2026,2026-04,FC030030,基金清算公告,016883,山证资管裕鑫180天持有期债券发起式,山证资管裕鑫180天持有期债券型发起式证券投资基金清算资金发放公告,2026-04-02,山证资管,1463117
2026,2026-05,FC030030,基金清算公告,002904,博时安仁一年定开债发起式,博时安仁一年定期开放债券型发起式证券投资基金清算报告,2026-05-23,博时,1494677
2026,2026-05,FC030030,基金清算公告,017291,申万菱信养老目标日期2045五年持有期混合发起式(FOF),关于申万菱信养老目标日期2045五年持有期混合型发起式基金中基金（FOF）基金合同终止及基金财产清算的公告,2026-05-18,申万菱信,1490117
2026,2026-05,FC030030,基金清算公告,020587,景顺长城成长机遇混合,景顺长城基金管理有限公司关于景顺长城成长机遇混合型证券投资基金剩余财产分配公告,2026-05-15,景顺长城,1489819
2026,2026-05,FC030030,基金清算公告,020918,鹏扬聚优睿选混合,鹏扬聚优睿选混合型证券投资基金剩余财产第二次分配公告,2026-05-09,鹏扬,1488107
2026,2026-06,FC030030,基金清算公告,015504,华夏兴夏价值一年持有混合发起式,华夏兴夏价值一年持有期混合型发起式证券投资基金剩余财产分配公告,2026-06-24,华夏,1510243
2026,2026-06,FC030030,基金清算公告,560000,浦银安盛中证智能电动汽车ETF,浦银安盛中证智能电动汽车交易型开放式指数证券投资基金清算资金发放公告,2026-06-18,浦银基金,1507672
2026,2026-06,FC030030,基金清算公告,018332,嘉实新兴景气混合发起式,嘉实新兴景气混合型发起式证券投资基金剩余财产分配公告,2026-06-18,嘉实,1507886
2026,2026-06,FC030030,基金清算公告,007261,融通消费升级混合,融通基金管理有限公司关于融通消费升级混合型证券投资基金基金合同终止及基金财产清算的公告,2026-06-16,融通,1506454
2026,2026-06,FC030030,基金清算公告,018347,富安达智优量化选股混合型发起式,富安达智优量化选股混合型发起式证券投资基金剩余财产分配公告,2026-06-12,富安达,1505080
2026,2026-06,FC030030,基金清算公告,018334,华夏中证智选1000成长创新策略ETF发起式联接,华夏基金管理有限公司关于华夏中证智选1000成长创新策略交易型开放式指数证券投资基金发起式联接基金终止基金合同及基金财产清算的公告,2026-06-02,华夏,1500309
2026,2026-07,FC030030,基金清算公告,007683,华商转债精选债券,关于华商转债精选债券型证券投资基金剩余财产分配的公告,2026-07-27,华商,1543303
2026,2026-07,FC030030,基金清算公告,017179,天弘永丰平衡养老目标三年持有混合发起(FOF),关于天弘永丰平衡养老目标三年持有期混合型发起式基金中基金(FOF)发生基金合同终止事由并进入基金财产清算程序的公告,2026-07-25,天弘,1543090
2026,2026-07,FC030030,基金清算公告,017404,天弘养老目标日期2045五年持有期混合型发起式（FOF）,关于天弘养老目标日期2045五年持有期混合型发起式基金中基金（FOF）发生基金合同终止事由并进入基金财产清算程序的公告,2026-07-25,天弘,1543091
2026,2026-07,FC030030,基金清算公告,560650,核心50ETF,民生加银中证企业核心竞争力50交易型开放式指数证券投资基金清算资金发放公告,2026-07-24,民生加银,1540894
2026,2026-07,FC030030,基金清算公告,023575,海富通稳鑫三个月持有债券,海富通基金管理有限公司关海富通稳鑫三个月持有期债券型证券投资基金剩余财产分配公告,2026-07-23,海富通,1540343
2026,2026-07,FC030030,基金清算公告,018292,华夏国证2000指数增强发起式,华夏国证2000指数增强型发起式证券投资基金剩余财产分配公告,2026-07-21,华夏,1534839
2026,2026-07,FC030030,基金清算公告,003424,江信洪福,江信基金管理有限公司关于江信洪福纯债债券型证券投资基金基金合同终止及基金财产清算的公告,2026-07-18,江信,1526139
2026,2026-07,FC030030,基金清算公告,018302,华夏聚盈优选三个月持有混合发起式（FOF）,华夏聚盈优选三个月持有期混合型发起式基金中基金（FOF）剩余财产分配公告,2026-07-17,华夏,1525354
2026,2026-07,FC030030,基金清算公告,017866,泓德高端装备混合发起式,泓德高端装备混合型发起式证券投资基金剩余财产分配公告,2026-07-17,泓德,1525551
2026,2026-07,FC030030,基金清算公告,016713,长信均衡策略一年持有混合,长信均衡策略一年持有期混合型证券投资基金清算资金发放公告,2026-07-17,长信,1525559
2026,2026-07,FC030030,基金清算公告,020805,国投瑞银和嘉债券,国投瑞银和嘉债券型证券投资基金清算报告提示性公告,2026-07-17,国投瑞银,1525228
2026,2026-07,FC030030,基金清算公告,023826,华商中证500指数增强,关于华商中证500指数增强型证券投资基金基金合同终止及基金财产清算的公告,2026-07-15,华商,1524208
2026,2026-07,FC030030,基金清算公告,018498,渤海汇金优选平衡一年持有混合发起（FOF）,渤海汇金证券资产管理有限公司渤海汇金优选平衡一年持有期混合型发起式基金中基金（FOF）剩余财产分配公告,2026-07-08,渤海汇金,1521472
2026,2026-07,FC030030,基金清算公告,018564,嘉实中证全指家用电器指数发起式,嘉实中证全指家用电器指数型发起式证券投资基金剩余财产分配公告,2026-07-06,嘉实,1520327
2026,2026-07,FC030030,基金清算公告,007683,华商转债精选债券,关于华商转债精选债券型证券投资基金基金合同终止及基金财产清算的公告,2026-07-04,华商,1520881
2026,2026-07,FC030030,基金清算公告,017184,华商嘉逸养老目标2045五年持有混合发起式（FOF）,关于华商嘉逸养老目标日期2045五年持有期混合型发起式基金中基金（FOF）剩余财产分配的公告,2026-07-03,华商,1519893
2026,2026-07,FC030030,基金清算公告,018334,华夏中证智选1000成长创新策略ETF发起式联接,华夏中证智选1000成长创新策略交易型开放式指数证券投资基金发起式联接基金剩余财产分配公告,2026-07-03,华夏,1520079
2026,2026-08,FC030030,基金清算公告,003424,江信洪福,江信洪福纯债债券型证券投资基金清算公告,2026-08-29,江信,1565489
2026,2026-08,FC030030,基金清算公告,002964,国投瑞银顺鑫债券,国投瑞银顺鑫定期开放债券型发起式证券投资基金清算报告提示性公告,2026-08-26,国投瑞银,1557499
2026,2026-08,FC030030,基金清算公告,018336,华夏恒生中国企业ETF发起式联接（QDII）,华夏恒生中国企业交易型开放式指数证券投资基金发起式联接基金（QDII）剩余财产分配公告,2026-08-18,华夏,1552832
2026,2026-08,FC030030,基金清算公告,018327,太平低碳经济混合发起式,关于太平低碳经济混合型发起式证券投资基金基金合同终止及基金财产清算的公告,2026-08-17,太平,1551952
2026,2026-08,FC030030,基金清算公告,004694,天弘策略精选,关于天弘策略精选灵活配置混合型发起式证券投资基金发生基金合同终止事由并进入基金财产清算程序的公告,2026-08-14,天弘,1551762
2026,2026-08,FC030030,基金清算公告,023826,华商中证500指数增强,关于华商中证500指数增强型证券投资基金剩余财产分配的公告,2026-08-13,华商,1550970
2026,2026-08,FC030030,基金清算公告,519228,海富通欣享混合,海富通基金管理有限公司关于海富通欣享灵活配置混合型证券投资基金剩余财产分配公告,2026-08-12,海富通,1550511
2026,2026-08,FC030030,基金清算公告,018788,中信建投臻选成长混合发起式,关于中信建投臻选成长混合型发起式证券投资基金触发基金合同终止情形及进入基金财产清算程序的公告,2026-08-10,中信建投,1548973
2026,2026-08,FC030030,基金清算公告,010589,鹏扬景安一年混合,鹏扬景安一年持有期混合型证券投资基金剩余财产第二次分配公告,2026-08-07,鹏扬,1548242
2026,2026-08,FC030030,基金清算公告,017004,上银恒睿养老目标日期2045三年持有混合发起式（FOF）,上银恒睿养老目标日期2045三年持有期混合型发起式基金中基金（FOF）基金清算公告,2026-08-07,上银,1548309
2026,2026-08,FC030030,基金清算公告,017503,达诚致益债券发起式,达诚致益债券型发起式证券投资基金剩余财产分配的公告,2026-08-06,达诚,1547793
2026,2026-08,FC030030,基金清算公告,018721,华夏中证港股通50ETF发起式联接,华夏中证港股通50交易型开放式指数证券投资基金发起式联接基金剩余财产分配公告,2026-08-05,华夏,1547733
2026,2026-08,FC030030,基金清算公告,010589,鹏扬景安一年混合,鹏扬景安一年持有期混合型证券投资基金剩余财产分配公告,2026-08-01,鹏扬,1546535
2026,2026-09,FC030030,基金清算公告,018327,太平低碳经济混合发起式,太平低碳经济混合型发起式证券投资基金剩余财产分配公告,2026-09-02,太平,1574238
2014,2014-09,FB060010,清算报告,471028,汇添富理财28天,汇添富理财28天债券型证券投资基金清算报告,2014-09-27,汇添富,351435
2014,2014-10,FB060010,清算报告,000315,融通通祥一年目标触发式混合基金,融通通祥一年目标触发式灵活配置混合型证券投资基金清算报告,2014-10-31,融通,338349
2014,2014-12,FB060010,清算报告,519192,万家市政,关于万家市政纯债定期开放债券型证券投资基金基金合同终止及基金财产清算的公告,2014-12-19,万家,319883
2015,2015-02,FB060010,清算报告,519192,万家市政,万家市政纯债定期开放债券型证券投资基金清算报告,2015-02-10,万家,319884
2015,2015-04,FB060010,清算报告,000702,广发季季利债券,广发季季利理财债券型证券投资基金清算报告,2015-04-30,广发,317833
2015,2015-10,FB060010,清算报告,360017,光大保德信添天利理财债券,光大保德信添天利季度开放短期理财债券型证券投资基金清算报告,2015-10-14,光大保德信,333736
2015,2015-11,FB060010,清算报告,000732,中原英石货币,中原英石货币市场基金清算报告,2015-11-21,太平,202634
2016,2016-04,FB060010,清算报告,675021,西部利得稳定增利债券,西部利得稳定增利债券型发起式证券投资基金清算报告,2016-04-16,西部利得,234102
2016,2016-05,FB060010,清算报告,510620,华夏材料ETF,20160521上证原材料交易型开放式指数发起式证券投资基金清算报告,2016-05-21,华夏,120018
2016,2016-05,FB060010,清算报告,510610,华夏能源ETF,20160521上证能源交易型开放式指数发起式证券投资基金清算报告,2016-05-21,华夏,121218
2016,2016-05,FB060010,清算报告,360021,光大保德信添盛理财债券,光大保德信添盛双月理财债券型证券投资基金清算报告,2016-05-14,光大保德信,325609
2016,2016-07,FB060010,清算报告,168202,中融白酒,中融中证白酒指数分级证券投资基金清算报告,2016-07-08,国联,304956
2016,2016-08,FB060010,清算报告,000132,中银理财21天债券,中银理财21天债券型证券投资基金清算报告,2016-08-24,中银,359583
2016,2016-08,FB060010,清算报告,380003,中银理财60天债券发起,中银理财60天债券型发起式证券投资基金清算报告,2016-08-24,中银,359586
2017,2017-09,FB060010,清算报告,001627,融通新优选灵活配置混合,融通新优选灵活配置混合型证券投资基金清算报告,2017-09-22,融通,337323
2017,2017-10,FB060010,清算报告,002346,华夏鼎诚债券,20171026华夏鼎诚债券型证券投资基金清算报告,2017-10-26,华夏,120379
2017,2017-10,FB060010,清算报告,003645,融通通弘债券,融通通弘债券型证券投资基金清算报告,2017-10-25,融通,337358
2017,2017-11,FB060010,清算报告,002875,华夏新锦安混合,20171104华夏新锦安灵活配置混合型证券投资基金清算报告,2017-11-04,华夏,120403
2017,2017-11,FB060010,清算报告,002873,华夏新锦福混合,20171104华夏新锦福灵活配置混合型证券投资基金清算报告,2017-11-04,华夏,120405
2017,2017-12,FB060010,清算报告,002348,华夏鼎新债券,20171230华夏鼎新债券型证券投资基金清算报告,2017-12-30,华夏,120440
2017,2017-12,FB060010,清算报告,003908,万家家泰,万家家泰债券型证券投资基金清算报告,2017-12-02,万家,319885
2017,2017-12,FB060010,清算报告,003910,万家家盛,万家家盛债券型证券投资基金清算报告,2017-12-02,万家,319886
2018,2018-01,FB060010,清算报告,003011,中融盈润债券,中融盈润债券型证券投资基金清算报告,2018-01-09,国联,186441
2018,2018-01,FB060010,清算报告,000278,融通通泽灵活配置混合,融通通泽灵活配置混合型证券投资基金清算报告,2018-01-05,融通,205659
2018,2018-01,FB060010,清算报告,004214,方正富邦鑫利宝货币,方正富邦鑫利宝货币市场基金清算报告,2018-01-03,方正富邦,66215
2018,2018-02,FB060010,清算报告,000247,方正富邦互利定期开放债券,方正富邦互利定期开放债券型证券投资基金清算报告,2018-02-10,方正富邦,66224
2018,2018-02,FB060010,清算报告,003005,华夏鼎益债券,20180209华夏鼎益债券型证券投资基金清算报告,2018-02-09,华夏,120474
2018,2018-02,FB060010,清算报告,002791,融通通景灵活配置混合,融通通景灵活配置混合型证券投资基金清算报告,2018-02-01,融通,205693
2018,2018-02,FB060010,清算报告,003057,建信瑞盛添利混合,建信瑞盛添利混合型证券投资基金清算报告,2018-02-01,建信,236886
2018,2018-03,FB060010,清算报告,003627,兴银长富,兴银长富一年定期开放债券型证券投资基金清算报告,2018-03-09,兴银,74657
2018,2018-03,FB060010,清算报告,004067,中融鑫回报混合,中融鑫回报灵活配置混合型证券投资基金清算报告,2018-03-09,国联,186442
2018,2018-03,FB060010,清算报告,161630,融通农业分级,融通中证大农业指数证券投资基金（LOF）清算报告,2018-03-08,融通,205753
2018,2018-04,FB060010,清算报告,002570,兴银长禧定开债,兴银长禧半年定期开放债券型证券投资基金清算报告,2018-04-18,兴银,74674
2018,2018-04,FB060010,清算报告,002922,融通增丰债券,融通增丰债券型证券投资基金清算报告,2018-04-17,融通,194877
2018,2018-04,FB060010,清算报告,003836,新沃鑫禧,新沃鑫禧债券型证券投资基金清算报告,2018-04-11,新沃,98610
2018,2018-05,FB060010,清算报告,000022,南方中债中期票据指数债权发起式,南方中债中期票据指数债券型发起式证券投资基金清算报告,2018-05-23,南方,238653
2018,2018-05,FB060010,清算报告,001952,光大保德信尊尚一年债券,光大保德信尊尚一年定期开放债券型证券投资基金清算报告,2018-05-11,光大保德信,189924
2018,2018-05,FB060010,清算报告,004054,华夏鼎实债券,20180505华夏鼎实债券型证券投资基金清算报告,2018-05-05,华夏,120514
2018,2018-06,FB060010,清算报告,003830,建信鑫悦回报灵活配置混合,建信鑫悦回报灵活配置混合型证券投资基金清算报告,2018-06-26,建信,236876
2018,2018-06,FB060010,清算报告,003522,万家鑫通纯债,万家鑫通纯债债券型证券投资基金清算报告,2018-06-20,万家,170600
2018,2018-06,FB060010,清算报告,003250,融通通尚灵活配置混合,融通通尚灵活配置混合型证券投资基金清算报告,2018-06-06,融通,195025
2018,2018-07,FB060010,清算报告,002835,华夏新锦泰混合,20180721华夏新锦泰灵活配置混合型证券投资基金清算报告,2018-07-21,华夏,121290
2018,2018-07,FB060010,清算报告,001517,大成景裕灵活配置混合,大成景裕灵活配置混合型证券投资基金清算报告,2018-07-20,大成,166616
2018,2018-07,FB060010,清算报告,001700,建信鑫盛回报灵活配置混合,建信鑫盛回报灵活配置混合型证券投资基金清算报告,2018-07-19,建信,233390
2018,2018-07,FB060010,清算报告,003964,华夏新锦略混合,20180705华夏新锦略灵活配置混合型证券投资基金清算报告,2018-07-05,华夏,121287
2018,2018-07,FB060010,清算报告,501102,建信中证政策性金融债3-5年指数(LOF),建信中证政策性金融债3-5年指数证券投资基金（LOF）清算报告,2018-07-05,建信,233370
2018,2018-07,FB060010,清算报告,501103,建信中证政策性金融债5-8年指数(LOF),建信中证政策性金融债5-8年指数证券投资基金（LOF）清算报告,2018-07-05,建信,233371
2018,2018-08,FB060010,清算报告,002607,融通增裕债券,融通增裕债券型证券投资基金基金清算报告,2018-08-23,融通,206307
2018,2018-08,FB060010,清算报告,003844,建信睿源纯债债券,建信睿源纯债债券型证券投资基金清算报告,2018-08-13,建信,233439
2018,2018-08,FB060010,清算报告,004268,中信建投睿康,中信建投睿康混合型证券投资基金清算报告,2018-08-10,中信建投,71946
2018,2018-08,FB060010,清算报告,003974,中信建投睿泰,中信建投睿泰灵活配置混合型证券投资基金清算报告,2018-08-10,中信建投,71947
2018,2018-08,FB060010,清算报告,004508,融通新动力灵活配置混合,融通新动力灵活配置混合型证券投资基金清算报告,2018-08-09,融通,206298
2018,2018-09,FB060010,清算报告,002699,华夏新起航混合,20180927华夏新起航灵活配置混合型证券投资基金清算报告,2018-09-27,华夏,120664
2018,2018-09,FB060010,清算报告,003807,南方荣优鑫年享定期开放混合,南方荣优鑫年享定期开放混合型证券投资基金清算报告,2018-09-25,南方,238818
2018,2018-09,FB060010,清算报告,002916,中银尊享半年定期开放债券,中银尊享半年定期开放债券型证券投资基金清算报告,2018-09-13,中银,177361
2018,2018-09,FB060010,清算报告,003820,华夏新锦鸿混合,20180911华夏新锦鸿灵活配置混合型证券投资基金清算报告,2018-09-11,华夏,120618
2018,2018-10,FB060010,清算报告,003906,华夏新锦图混合,20181031华夏新锦图灵活配置混合型证券投资基金清算报告,2018-10-31,华夏,120682
2018,2018-10,FB060010,清算报告,675131,西部利得天添益货币,关于西部利得天添益货币市场基金清算报告的公告,2018-10-22,西部利得,92017
2018,2018-10,FB060010,清算报告,001263,大成景穗灵活配置混合,大成景穗灵活配置混合型证券投资基金清算报告,2018-10-20,大成,166615
2018,2018-10,FB060010,清算报告,003089,中融恒瑞纯债,中融恒瑞纯债债券型证券投资基金清算报告,2018-10-16,国联,186443
2018,2018-10,FB060010,清算报告,003060,中融睿丰定期开放债券,中融睿丰一年定期开放债券型证券投资基金清算报告,2018-10-16,国联,186444
2018,2018-10,FB060010,清算报告,165315,建信中证互联网金融指数分级发起式,建信中证互联网金融指数分级发起式证券投资基金清算报告,2018-10-16,建信,236832
2018,2018-11,FB060010,清算报告,001582,大成景辉灵活配置混合,大成景辉灵活配置混合型证券投资基金清算报告,2018-11-30,大成,166612
2018,2018-11,FB060010,清算报告,002081,大成景沛灵活配置混合,大成景沛灵活配置混合型证券投资基金清算报告 ,2018-11-30,大成,166613
2018,2018-11,FB060010,清算报告,003698,华夏新锦祥混合,20181117华夏新锦祥灵活配置混合型证券投资基金清算报告,2018-11-17,华夏,120688
2018,2018-11,FB060010,清算报告,519210,万家恒景18个月,万家恒景18个月定期开放债券型证券投资基金清算报告,2018-11-17,万家,170601
2018,2018-11,FB060010,清算报告,003726,融通通颐定期开放债,融通通颐定期开放债券型证券投资基金清算报告,2018-11-17,融通,176887
2018,2018-11,FB060010,清算报告,002798,融通稳利债券,融通稳利债券型证券投资基金基金清算报告,2018-11-17,融通,176888
2018,2018-11,FB060010,清算报告,620005,金元顺安核心动力混合,金元顺安核心动力混合型证券投资基金清算报告,2018-11-10,金元顺安,85218
2018,2018-11,FB060010,清算报告,001333,大成景鹏灵活配置混合,大成景鹏灵活配置混合型证券投资基金清算报告,2018-11-09,大成,166614
2018,2018-12,FB060010,清算报告,004396,中银文体娱乐混合,中银文体娱乐灵活配置混合型证券投资基金清算报告,2018-12-29,中银,177360
2018,2018-12,FB060010,清算报告,001673,红塔红土优质成长,红塔红土优质成长灵活配置混合型发起式证券投资基金清算报告,2018-12-25,红塔红土,67998
2018,2018-12,FB060010,清算报告,001431,方正富邦优选灵活配置混合,方正富邦优选灵活配置混合型证券投资基金清算报告,2018-12-21,方正富邦,66225
2018,2018-12,FB060010,清算报告,620005,金元顺安核心动力混合,金元顺安核心动力混合型证券投资基金第二次清算报告,2018-12-14,金元顺安,85219
2018,2018-12,FB060010,清算报告,003976,中信建投稳惠,中信建投稳惠债券型证券投资基金基金清算报告,2018-12-11,中信建投,71948
2018,2018-12,FB060010,清算报告,001295,大成景源灵活配置混合,大成景源灵活配置混合型证券投资基金清算报告,2018-12-08,大成,166617
2019,2019-01,FB060010,清算报告,519649,银河犇利混合,银河犇利灵活配置混合型证券投资基金清算报告,2019-01-30,银河,125458
2019,2019-01,FB060010,清算报告,519633,银河君腾混合,银河君腾灵活配置混合型证券投资基金清算报告,2019-01-30,银河,125459
2019,2019-01,FB060010,清算报告,001377,中融新产业混合,中融新产业灵活配置混合型证券投资基金清算报告,2019-01-30,国联,186446
2019,2019-01,FB060010,清算报告,001851,中融强国制造混合,中融强国制造灵活配置混合型证券投资基金清算报告,2019-01-23,国联,186445
2019,2019-01,FB060010,清算报告,003677,融通通穗债券,融通通穗债券型证券投资基金清算报告,2019-01-18,融通,124681
2019,2019-01,FB060010,清算报告,003936,南方和利定期开放债券,南方和利定期开放债券型证券投资基金清算报告,2019-01-18,南方,167681
2019,2019-01,FB060010,清算报告,002931,南方荣毅定期开放混合,南方荣毅定期开放混合型证券投资基金清算报告,2019-01-18,南方,167687
2019,2019-03,FB060010,清算报告,004659,银河嘉祥混合,银河嘉祥灵活配置混合型证券投资基金清算报告,2019-03-20,银河,128948
2019,2019-03,FB060010,清算报告,002763,大成景华一年定期开放债券,大成景华一年定期开放债券型证券投资基金清算报告,2019-03-19,大成,94752
2019,2019-03,FB060010,清算报告,090008,大成强化收益债券,大成强化收益定期开放债券型证券投资基金清算报告,2019-03-09,大成,94756
2019,2019-03,FB060010,清算报告,002674,中融融丰纯债,中融融丰纯债债券型证券投资基金清算报告,2019-03-09,国联,186447
2019,2019-03,FB060010,清算报告,003897,金元顺安桉泰债券,金元顺安桉泰债券型证券投资基金清算报告,2019-03-02,金元顺安,85221
2019,2019-03,FB060010,清算报告,001262,大成景明灵活配置混合,大成景明灵活配置混合型证券投资基金清算报告,2019-03-02,大成,94754
2019,2019-03,FB060010,清算报告,000865,大成景利混合,大成景利混合型证券投资基金清算报告,2019-03-02,大成,94753
2019,2019-03,FB060010,清算报告,002481,银华双动力债券,银华双动力债券型证券投资基金清算报告,2019-03-02,银华,131243
2019,2019-04,FB060010,清算报告,161813,银华信用债券封闭,银华信用债券型证券投资基金（LOF）清算报告,2019-04-30,银华,131377
2019,2019-04,FB060010,清算报告,001389,中融鑫视野混合,中融鑫视野灵活配置混合型证券投资基金清算报告,2019-04-30,国联,186448
2019,2019-04,FB060010,清算报告,002693,中银合利债券,中银合利债券型证券投资基金清算报告,2019-04-27,中银,97001
2019,2019-04,FB060010,清算报告,001253,建信回报灵活配置混合,建信回报灵活配置混合型证券投资基金清算报告,2019-04-26,建信,110264
2019,2019-04,FB060010,清算报告,001431,方正富邦优选灵活配置混合,方正富邦优选灵活配置混合型证券投资基金二次清算报告,2019-04-02,方正富邦,66233
2019,2019-04,FB060010,清算报告,620008,金元顺安新经济主题混合,金元顺安新经济主题混合型证券投资基金清算报告,2019-04-02,金元顺安,85227
2019,2019-04,FB060010,清算报告,005584,银河量化成长混合,银河量化成长混合型证券投资基金清盘报告,2019-04-01,银河,137123
2019,2019-06,FB060010,清算报告,160525,博时睿丰定开混合,博时睿丰灵活配置定期开放混合型证券投资基金二次清算报告,2019-06-27,博时,116519
2019,2019-06,FB060010,清算报告,501033,银华惠安定期开放混合,银华惠安定期开放混合型证券投资基金清算报告,2019-06-25,银华,131550
2019,2019-06,FB060010,清算报告,160138,南方恒生中国企业精明指数,南方恒生中国企业精明指数证券投资基金(QDII-LOF)清算报告,2019-06-25,南方,167683
2019,2019-06,FB060010,清算报告,511230,周期债,上证周期产业债交易型开放式指数证券投资基金清算报告,2019-06-25,海富通,212793
2019,2019-06,FB060010,清算报告,001673,红塔红土优质成长,红塔红土基金管理有限公司关于红塔红土优质成长灵活配置混合型发起式证券投资基金剩余财产分配公告,2019-06-18,红塔红土,67155
2019,2019-06,FB060010,清算报告,001159,大成景秀灵活配置混合,大成景秀灵活配置混合型证券投资基金清算报告,2019-06-15,大成,94755
2019,2019-06,FB060010,清算报告,000426,大成信用增利一年债券,大成信用增利一年定期开放债券型证券投资基金清算报告,2019-06-15,大成,94757
2019,2019-07,FB060010,清算报告,202202,南方避险增值贰号混合,南方避险增值基金清算报告,2019-07-08,南方,167688
2019,2019-07,FB060010,清算报告,002306,银华合利债券,银华合利债券型证券投资基金清算报告,2019-07-05,银华,131595
2019,2019-08,FB060010,清算报告,004883,中银证券瑞丰混合,中银证券瑞丰定期开放灵活配置混合型证券投资基金清算报告,2019-08-15,中银国际证券,61577
2019,2019-09,FB060010,清算报告,002554,信达澳银纯债债券,信达澳银纯债债券2019年清算报告,2019-09-30,信达澳亚,5440
2019,2019-09,FB060010,清算报告,002089,长盛盛鑫混合,长盛盛鑫混合2019年清算报告,2019-09-26,长盛,4635
2019,2019-09,FB060010,清算报告,001680,九泰久利灵活配置混合,九泰久利灵活配置混合2019年清算报告,2019-09-26,九泰,4849
2019,2019-09,FB060010,清算报告,161825,银华中证800等权指数增强分级,银华中证800等权指数增强分级2019年清算报告,2019-09-26,银华,4872
2019,2019-09,FB060010,清算报告,001845,国寿安保稳定回报混合,国寿安保稳定回报混合2019年清算报告,2019-09-23,国寿安保,3926
2019,2019-09,FB060010,清算报告,510520,诺安中证500ETF,诺安中证500ETF2019年清算报告,2019-09-23,诺安,3840
2019,2019-09,FB060010,清算报告,005115,国泰量化价值精选混合,国泰量化价值精选混合2019年清算报告,2019-09-21,国泰,3869
2019,2019-09,FB060010,清算报告,004473,前海开源尊享,前海开源尊享2019年清算报告,2019-09-21,前海开源,3877
2019,2019-09,FB060010,清算报告,004551,中银证券瑞享混合,中银证券瑞享定期开放灵活配置混合型证券投资基金清算报告,2019-09-20,中银国际证券,769998
2019,2019-09,FB060010,清算报告,519709,交银全球资源混合（QDII）,交银全球资源混合（QDII）2019年清算报告,2019-09-20,交银施罗德,3509
2019,2019-09,FB060010,清算报告,005362,中银证券安源债券,中银证券安源债券2019年清算报告,2019-09-20,中银国际证券,3520
2019,2019-09,FB060010,清算报告,004385,中金新安,中金新安2019年清算报告,2019-09-19,中金,3155
2019,2019-09,FB060010,清算报告,005002,交银天运宝货币,交银天运宝货币2019年清算报告,2019-09-19,交银施罗德,3165
2019,2019-09,FB060010,清算报告,002913,鹏华兴益定期开放混合,鹏华兴益定期开放混合2019年清算报告,2019-09-16,鹏华,2311
2019,2019-09,FB060010,清算报告,003140,鹏华弘腾混合,鹏华弘腾混合2019年清算报告,2019-09-16,鹏华,2317
2019,2019-09,FB060010,清算报告,002914,鹏华兴锐定期开放混合,鹏华兴锐定期开放混合2019年清算报告,2019-09-16,鹏华,2319
2019,2019-09,FB060010,清算报告,005183,博时富时中国A股指数,博时富时中国A股指数2019年清算报告,2019-09-05,博时,656
2019,2019-09,FB060010,清算报告,003122,鹏华兴盛定期开放混合,鹏华兴盛定期开放混合2019年清算报告,2019-09-05,鹏华,647
2019,2019-09,FB060010,清算报告,002506,招商招盈18个月定开债,招商招盈18个月定开债2019年清算报告,2019-09-04,招商,342
2019,2019-09,FB060010,清算报告,005256,富国新优选灵活配置定期开放混合,富国新优选灵活配置定期开放混合2019年清算报告,2019-09-04,富国,374
2019,2019-10,FB060010,清算报告,004514,鹏华新科技传媒混合,鹏华新科技传媒混合2019年清算报告,2019-10-29,鹏华,15921
2019,2019-10,FB060010,清算报告,003833,金鹰添富纯债债券,金鹰添富纯债债券2019年清算报告,2019-10-26,金鹰,15598
2019,2019-10,FB060010,清算报告,004525,中欧达乐混合,中欧达乐混合2019年清算报告,2019-10-25,中欧,14527
2019,2019-10,FB060010,清算报告,002867,新华恒稳添利债券,新华恒稳添利债券2019年清算报告,2019-10-17,新华,7291
2019,2019-10,FB060010,清算报告,001119,国投瑞银新回报混合,国投瑞银新回报混合2019年清算报告,2019-10-16,国投瑞银,6939
2019,2019-10,FB060010,清算报告,002831,国投瑞银瑞宁混合,国投瑞银瑞宁混合2019年清算报告,2019-10-09,国投瑞银,5986
2019,2019-10,FB060010,清算报告,004034,博时弘康18个月定开债,博时弘康18个月定开债2019年清算报告,2019-10-09,博时,6033
2019,2019-10,FB060010,清算报告,002081,大成景沛灵活配置混合,大成景沛灵活配置混合2019年清算报告,2019-10-08,大成,5856
2019,2019-11,FB060010,清算报告,003488,平安惠裕债券,平安惠裕债券型证券投资基金2019年清算报告,2019-11-01,平安,770005
2019,2019-12,FB060010,清算报告,004482,泰达宏利港股通股票,泰达宏利港股通股票2019年清算报告,2019-12-27,宏利,34123
2019,2019-12,FB060010,清算报告,006391,信达澳银安和纯债,信达澳银安和纯债2019年清算报告,2019-12-24,信达澳亚,31987
2019,2019-12,FB060010,清算报告,006311,中金可转债,中金可转债2019年清算报告,2019-12-20,中金,30542
2019,2019-12,FB060010,清算报告,003622,创金合信优价成长股票,创金合信优价成长股票2019年清算报告,2019-12-19,创金合信,30171
2019,2019-12,FB060010,清算报告,000237,国投瑞银岁添利一年债券,国投瑞银岁添利一年债券2019年清算报告,2019-12-18,国投瑞银,29558
2019,2019-12,FB060010,清算报告,000428,易方达聚盈分级债券发起式,易方达聚盈分级债券发起式2019年清算报告,2019-12-18,易方达,29779
2019,2019-12,FB060010,清算报告,000624,华富恒财定期开放债券,华富恒财定期开放债券2019年清算报告,2019-12-17,华富,28836
2019,2019-12,FB060010,清算报告,003261,安信沪深300增强,安信沪深300增强2019年清算报告,2019-12-17,安信,29076
2019,2019-12,FB060010,清算报告,000510,诺安永鑫一年定期开放债券,诺安永鑫一年定期开放债券2019年清算报告,2019-12-17,诺安,28957
2019,2019-12,FB060010,清算报告,003339,华安睿享定开混合,华安睿享定开混合2019年清算报告,2019-12-17,华安,29026
2019,2019-12,FB060010,清算报告,006418,华安安泰定开债,华安安泰定开债2019年清算报告,2019-12-17,华安,29037
2019,2019-12,FB060010,清算报告,002173,东方大健康混合,东方大健康混合2019年清算报告,2019-12-17,东方,28724
2019,2019-12,FB060010,清算报告,003954,华泰柏瑞价值精选30混合,华泰柏瑞价值精选30混合2019年清算报告,2019-12-17,华泰柏瑞,29270
2019,2019-12,FB060010,清算报告,002579,融通增利债券,融通增利债券2019年清算报告,2019-12-14,融通,28179
2019,2019-12,FB060010,清算报告,006709,工银聚盈混合,工银聚盈混合2019年清算报告,2019-12-13,工银瑞信,27705
2019,2019-12,FB060010,清算报告,510260,诺安上证新兴产业ETF,诺安上证新兴产业ETF2019年清算报告,2019-12-13,诺安,27719
2019,2019-12,FB060010,清算报告,005484,中欧睿选定期开放灵活配置混合,中欧睿选定期开放灵活配置混合2019年清算报告,2019-12-13,中欧,27750
2019,2019-12,FB060010,清算报告,000202,富国目标收益两年期纯债债券,富国目标收益两年期纯债债券2019年清算报告,2019-12-13,富国,27786
2019,2019-12,FB060010,清算报告,004443,南方荣知定开混合,南方荣知定开混合2019年清算报告,2019-12-12,南方,27311
2019,2019-12,FB060010,清算报告,000269,嘉实合润双债两年期定期开放债券,嘉实合润双债两年期定期开放债券2019年清算报告,2019-12-10,嘉实,26747
2020,2020-01,FB060010,清算报告,040028,华安月月鑫短期理财债券,华安月月鑫短期理财债券2020年清算报告,2020-01-23,华安,57620
2020,2020-01,FB060010,清算报告,040033,华安月安鑫短期理财债券,华安月安鑫短期理财债券2020年清算报告,2020-01-23,华安,57622
2020,2020-01,FB060010,清算报告,040030,华安季季鑫短期理财债券,华安季季鑫短期理财债券2020年清算报告,2020-01-23,华安,57643
2020,2020-01,FB060010,清算报告,166021,中欧纯债添利分级债券,中欧纯债添利分级债券2020年清算报告,2020-01-22,中欧,56817
2020,2020-01,FB060010,清算报告,005499,国投瑞银兴颐多策略混合,国投瑞银兴颐多策略混合2020年清算报告,2020-01-21,国投瑞银,54589
2020,2020-01,FB060010,清算报告,519931,长信上证港股通指数型发起式,长信上证港股通指数型发起式2020年清算报告,2020-01-20,长信,51580
2020,2020-01,FB060010,清算报告,003932,银华中证5年期地方政府债指数,银华中证5年期地方政府债指数2020年清算报告,2020-01-18,银华,52456
2020,2020-01,FB060010,清算报告,003934,银华中证10年期地方政府债指数,银华中证10年期地方政府债指数2020年清算报告,2020-01-18,银华,52460
2020,2020-01,FB060010,清算报告,005511,中信建投稳福,中信建投稳福2020年清算报告,2020-01-15,中信建投,45830
2020,2020-01,FB060010,清算报告,001954,银华生态环保主题灵活配置混合,银华生态环保主题灵活配置混合2020年清算报告,2020-01-14,银华,44686
2020,2020-02,FB060010,清算报告,270027,广发全球农业指数（QDII）,广发全球农业指数（QDII）2020年清算报告,2020-02-28,广发,86373
2020,2020-02,FB060010,清算报告,003477,南方睿见定期开放混合发起,南方睿见定期开放混合发起2020年清算报告,2020-02-25,南方,75031
2020,2020-02,FB060010,清算报告,004065,中融量化多因子混合,中融量化多因子混合2020年清算报告,2020-02-22,国联,73352
2020,2020-02,FB060010,清算报告,003085,中融银行间0-1年中高等级信用债指数,中融银行间0-1年中高等级信用债指数2020年清算报告,2020-02-22,国联,73354
2020,2020-02,FB060010,清算报告,003079,中融银行间3-5年中高等级信用债指数,中融银行间3-5年中高等级信用债指数2020年清算报告,2020-02-22,国联,73356
2020,2020-02,FB060010,清算报告,006155,新华家盈双利混合,新华家盈双利混合2020年清算报告,2020-02-14,新华,64723
2020,2020-03,FB060010,清算报告,003046,招商信用定开债(QDII),招商信用定开债(QDII)2020年清算报告,2020-03-14,招商,110521
2020,2020-03,FB060010,清算报告,003404,招商稳盛定开混合,招商稳盛定开混合2020年清算报告,2020-03-14,招商,110523
2020,2020-03,FB060010,清算报告,005807,安信复兴100指数,安信复兴100指数2020年清算报告,2020-03-12,安信,104766
2020,2020-03,FB060010,清算报告,004429,南方文旅休闲灵活配置混合,南方文旅休闲灵活配置混合2020年清算报告,2020-03-06,南方,95356
2020,2020-03,FB060010,清算报告,005900,国投瑞银行业先锋混合,国投瑞银行业先锋混合2020年清算报告,2020-03-05,国投瑞银,93830
2020,2020-03,FB060010,清算报告,000781,国投瑞银岁增利一年债券,国投瑞银岁增利一年债券2020年清算报告,2020-03-05,国投瑞银,93832
2020,2020-04,FB060010,清算报告,005694,华富恒玖3个月定期开放债券,华富恒玖3个月定期开放债券2020年清算报告,2020-04-29,华富,194584
2020,2020-04,FB060010,清算报告,000400,中融增鑫定期开放债券,中融增鑫定期开放债券2020年清算报告,2020-04-23,国联,177285
2020,2020-04,FB060010,清算报告,501101,建信中证政策性金融债1-3年指数(LOF),建信中证政策性金融债1-3年指数(LOF)2020年清算报告,2020-04-16,建信,160951
2020,2020-04,FB060010,清算报告,003814,银华上证10年期国债指数,银华上证10年期国债指数2020年清算报告,2020-04-02,银华,142590
2020,2020-04,FB060010,清算报告,003817,银华上证5年期国债指数,银华上证5年期国债指数2020年清算报告,2020-04-02,银华,142591
2020,2020-04,FB060010,清算报告,007006,融通超短债债券,融通超短债债券2020年清算报告,2020-04-02,融通,142124
2020,2020-05,FB060010,清算报告,007626,银华稳裕六个月定期开放债券,银华稳裕六个月定期开放债券型证券投资基金清算报告,2020-05-30,银华,274151
2020,2020-05,FB060010,清算报告,003362,国联安睿利定开混合,国联安睿利定期开放混合型证券投资基金2020年清算报告,2020-05-28,国联安,265505
2020,2020-05,FB060010,清算报告,163119,申万菱信中证申万新兴健康产业主题投资指数,申万菱信中证申万新兴健康产业主题投资指数证券投资基金(LOF)清算报告,2020-05-27,申万菱信,262531
2020,2020-05,FB060010,清算报告,160915,大成景丰债券（LOF）,大成景丰债券型证券投资基金(LOF)清算报告,2020-05-23,大成,257975
2020,2020-05,FB060010,清算报告,180002,银华增值混合,银华增值证券投资基金清算报告,2020-05-21,银华,247843
2020,2020-05,FB060010,清算报告,000695,大成景益平稳收益混合,大成景益平稳收益混合型证券投资基金2020年清算报告,2020-05-21,大成,247770
2020,2020-05,FB060010,清算报告,005859,南方固胜定期开放混合,南方固胜定期开放混合型证券投资基金2020年清算报告,2020-05-20,南方,246183
2020,2020-05,FB060010,清算报告,005298,国开睿富债券,国开睿富债券2020年清算报告,2020-05-19,京管泰富,239639
2020,2020-05,FB060010,清算报告,006690,泰达宏利添利债券,泰达宏利添利债券2020年清算报告,2020-05-08,宏利,216166
2020,2020-06,FB060010,清算报告,004550,中科沃土沃祥债券发起,关于中科沃土沃祥债券型发起式证券投资基金基金财产清算及基金合同终止的公告,2020-06-30,众盈基金,334985
2020,2020-06,FB060010,清算报告,005093,中银中债7-10 年期国开行债券指数,中银中债7-10年期国开行债券指数证券投资基金2020年清算报告,2020-06-22,中银,318862
2020,2020-06,FB060010,清算报告,003463,泰达宏利亚洲债券(QDII),泰达宏利亚洲债券型证券投资基金清算报告,2020-06-20,宏利,318925
2020,2020-06,FB060010,清算报告,004460,富国嘉利稳健配置定期开放混合,富国嘉利稳健配置定期开放混合型证券投资基金清算报告,2020-06-20,富国,320488
2020,2020-06,FB060010,清算报告,007334,中银消费活力混合,中银消费活力混合型证券投资基金清算报告,2020-06-04,中银,288138
2020,2020-06,FB060010,清算报告,006472,海富通聚丰纯债,海富通聚丰纯债债券型证券投资基金清算报告,2020-06-03,海富通,282667
2020,2020-07,FB060010,清算报告,206010,鹏华深证民营ETF联接,鹏华深证民营交易型开放式指数证券投资基金联接基金清算报告,2020-07-30,鹏华,382758
2020,2020-07,FB060010,清算报告,162718,广发鑫瑞混合（LOF）,广发鑫瑞混合型证券投资基金（LOF）清算报告,2020-07-29,广发,380655
2020,2020-07,FB060010,清算报告,501106,广发中证10年期国开债(LOF),广发中证10年期国开债指数证券投资基金(LOF)清算报告,2020-07-29,广发,380658
2020,2020-07,FB060010,清算报告,000091,信诚新双盈分级债券,信诚新双盈分级债券型证券投资基金清算报告,2020-07-23,中信保诚,371756
2020,2020-07,FB060010,清算报告,005724,交银致远智投混合,交银施罗德致远量化智投策略定期开放混合型证券投资基金清算报告,2020-07-18,交银施罗德,362722
2020,2020-07,FB060010,清算报告,002968,新华高端制造灵活配置混合,新华高端制造灵活配置混合型证券投资基金2020年清算报告,2020-07-17,新华,363079
2020,2020-07,FB060010,清算报告,006356,国融稳融债券,国融稳融债券型证券投资基金基金清算报告,2020-07-17,国融,359018
2020,2020-07,FB060010,清算报告,161223,国投瑞银中证创业指数分级 ,国投瑞银瑞泽中证创业成长指数分级证券投资基金2020年清算报告,2020-07-17,国投瑞银,359022
2020,2020-07,FB060010,清算报告,206005,鹏华上证民企50ETF联接,鹏华上证民营企业50交易型开放式指数证券投资基金联接基金2020年清算报告,2020-07-16,鹏华,355819
2020,2020-07,FB060010,清算报告,510070,民企ETF,上证民营企业50交易型开放式指数证券投资基金2020年清算报告,2020-07-16,鹏华,356029
2020,2020-07,FB060010,清算报告,160640,鹏华新能源分级,鹏华中证新能源指数分级证券投资基金2020年清算报告,2020-07-16,鹏华,356073
2020,2020-07,FB060010,清算报告,003546,长城久信债券,长城久信债券型证券投资基金清算报告,2020-07-15,长城,354006
2020,2020-07,FB060010,清算报告,004272,中融量化小盘股票,中融量化小盘股票型发起式证券投资基金2020年清算报告,2020-07-11,国联,350109
2020,2020-07,FB060010,清算报告,159911,鹏华深证民营ETF,深证民营交易型开放式指数证券投资基金2020年清算报告,2020-07-10,鹏华,348351
2020,2020-07,FB060010,清算报告,007248,广发景安纯债,广发景安纯债债券型证券投资基金清算报告,2020-07-09,广发,344347
2020,2020-07,FB060010,清算报告,007727,人保添益6个月定开,人保添益6个月定期开放债券型证券投资基金2020年清算报告,2020-07-07,人保资产,342235
2020,2020-07,FB060010,清算报告,007334,中银消费活力混合,中银消费活力混合型证券投资基金第二次清算报告,2020-07-07,中银,342405
2020,2020-07,FB060010,清算报告,160417,华安沪深300指数分级,华安沪深300指数分级证券投资基金清算报告,2020-07-06,华安,340376
2020,2020-07,FB060010,清算报告,169301,财通资管中证500指数增强（LOF）,财通资管中证500指数增强型证券投资基金(LOF)2020年清算报告,2020-07-01,财通资管,337000
2020,2020-07,FB060010,清算报告,512790,华安中证民企成长ETF,华安中证民企成长交易型开放式指数证券投资基金2020年清算报告,2020-07-01,华安,337074
2020,2020-08,FB060010,清算报告,002527,南方安享绝对收益策略定期开放混合发起式,南方安享绝对收益策略定期开放混合型发起式证券投资基金清算报告,2020-08-28,南方,456597
2020,2020-08,FB060010,清算报告,004625,南方高元债券发起式,南方高元债券型发起式证券投资基金2020年清算报告,2020-08-27,南方,450896
2020,2020-08,FB060010,清算报告,005806,华泰柏瑞国企整合混合,华泰柏瑞国企整合精选混合型证券投资基金清算报告,2020-08-27,华泰柏瑞,451124
2020,2020-08,FB060010,清算报告,006236,华泰柏瑞现代服务业混合,华泰柏瑞现代服务业混合型证券投资基金清算报告,2020-08-27,华泰柏瑞,451125
2020,2020-08,FB060010,清算报告,006643,华泰柏瑞核心优势,华泰柏瑞核心优势混合型证券投资基金清算报告,2020-08-27,华泰柏瑞,451126
2020,2020-08,FB060010,清算报告,000738,中信建投货币,中信建投货币市场基金清算报告,2020-08-25,中信建投,447065
2020,2020-08,FB060010,清算报告,165807,东吴鼎利债券(LOF),东吴鼎利债券型证券投资基金(LOF)2020年清算报告,2020-08-25,东吴,447082
2020,2020-08,FB060010,清算报告,003702,平安中证沪港深高股息,平安中证沪港深高股息精选指数型证券投资基金2020年清算报告,2020-08-24,平安,770006
2020,2020-08,FB060010,清算报告,004593,广发全指工业ETF联接,广发中证全指工业交易型开放式指数证券投资基金发起式联接基金清算报告,2020-08-21,广发,445172
2020,2020-08,FB060010,清算报告,164819,工银中证环保产业指数分级,工银瑞信中证环保产业指数分级证券投资基金清算报告,2020-08-20,工银瑞信,444340
2020,2020-08,FB060010,清算报告,582002,东吴增利债券,东吴增利债券型证券投资基金2020年清算报告,2020-08-20,东吴,444180
2020,2020-08,FB060010,清算报告,003104,泰达宏利定宏混合,泰达宏利定宏混合型证券投资基金清算报告,2020-08-19,宏利,443028
2020,2020-08,FB060010,清算报告,005016,长江优享货币,长江优享货币市场基金清算报告,2020-08-19,长江资管,443450
2020,2020-08,FB060010,清算报告,005559,广发集泰债券,广发集泰债券型证券投资基金清算报告,2020-08-18,广发,441387
2020,2020-08,FB060010,清算报告,003414,泰达宏利创金混合,泰达宏利创金灵活配置混合型证券投资基金清算报告,2020-08-08,宏利,415516
2020,2020-08,FB060010,清算报告,582001,东吴优信稳健债券,东吴优信稳健型证券投资基金2020年清算报告,2020-08-06,东吴,413423
2020,2020-08,FB060010,清算报告,007030,银华安享短债债券,银华安享短债债券型证券投资基金清算报告,2020-08-05,银华,405769
2020,2020-08,FB060010,清算报告,000958,东吴鼎元双债债券,东吴鼎元双债债券型证券投资基金2020年清算报告,2020-08-05,东吴,405711
2020,2020-08,FB060010,清算报告,000937,华商稳固添利债券,华商稳固添利债券型证券投资基金清算报告,2020-08-05,华商,405736
2020,2020-08,FB060010,清算报告,005899,国投瑞银品牌优势混合,国投瑞银品牌优势灵活配置混合型证券投资基金2020年清算报告,2020-08-05,国投瑞银,406953
2020,2020-09,FB060010,清算报告,003931,工银丰实三年定开债券,工银瑞信丰实三年定期开放债券型证券投资基金清算报告,2020-09-30,工银瑞信,478240
2020,2020-09,FB060010,清算报告,511290,广发上证10年期国债ETF,广发上证10年期国债交易型开放式指数证券投资基金清算报告,2020-09-29,广发,477407
2020,2020-09,FB060010,清算报告,003743,广发汇平一年定期债券,广发汇平一年定期开放债券型证券投资基金清算报告,2020-09-29,广发,477421
2020,2020-09,FB060010,清算报告,005339,兴业中证国有企业改革指数增强,兴业中证国有企业改革指数增强型证券投资基金2020年清算报告,2020-09-28,兴业,476879
2020,2020-09,FB060010,清算报告,007899,大成远见成长混合,大成远见成长混合型证券投资基金清算报告,2020-09-28,大成,476630
2020,2020-09,FB060010,清算报告,002968,新华高端制造灵活配置混合,新华高端制造灵活配置混合型证券投资基金2020年清算报告,2020-09-24,新华,476267
2020,2020-09,FB060010,清算报告,004577,海富通季季通利理财债券,海富通季季通利理财债券型证券投资基金清算报告,2020-09-23,海富通,475443
2020,2020-09,FB060010,清算报告,519131,海富通季季增利 ,海富通季季增利理财债券型证券投资基金清算报告,2020-09-23,海富通,475446
2020,2020-09,FB060010,清算报告,160808,长盛同瑞中证200分级,长盛同瑞中证200指数分级证券投资基金清算报告,2020-09-22,长盛,474935
2020,2020-09,FB060010,清算报告,002655,南方卓享绝对收益策略定期开放混合发起式,南方卓享绝对收益策略定期开放混合型发起式证券投资基金2020年清算报告,2020-09-22,南方,475191
2020,2020-09,FB060010,清算报告,004000,泰达睿选稳健混合,泰达宏利睿选稳健灵活配置混合型证券投资基金清算报告,2020-09-18,宏利,474322
2020,2020-09,FB060010,清算报告,001205,建信稳健回报灵活配置混合,建信稳健回报灵活配置混合型证券投资基金清算报告,2020-09-18,建信,474403
2020,2020-09,FB060010,清算报告,161207,国投瑞银沪深300指数分级,国投瑞银瑞和沪深300指数分级证券投资基金2020年清算报告,2020-09-18,国投瑞银,474263
2020,2020-09,FB060010,清算报告,005912,广发全球收益债券(QDII),广发全球收益债券型证券投资基金（QDII）清算报告,2020-09-15,广发,473585
2020,2020-09,FB060010,清算报告,003995,银华中债AAA信用债指数,银华中债AAA信用债指数证券投资基金2020年清算报告,2020-09-11,银华,472756
2020,2020-09,FB060010,清算报告,165707,诺德S300,诺德深证300指数分级证券投资基金2020年清算报告,2020-09-03,诺德,470385
2020,2020-09,FB060010,清算报告,004649,国开开航混合,国开泰富开航灵活配置混合型发起式证券投资基金2020年清算报告,2020-09-03,京管泰富,470362
2020,2020-10,FB060010,清算报告,003312,大摩睿成中小盘弹性股票,摩根士丹利华鑫睿成中小盘弹性股票型证券投资基金清算报告,2020-10-31,摩根士丹利,495994
2020,2020-10,FB060010,清算报告,005799,创金合信春来回报一年定开混合,创金合信春来回报一年期定期开放混合型发起式证券投资基金清算报告,2020-10-29,创金合信,494920
2020,2020-10,FB060010,清算报告,002278,中邮稳健合赢债券,中邮稳健合赢债券型证券投资基金2020年清算报告,2020-10-28,中邮创业,490129
2020,2020-10,FB060010,清算报告,002397,中邮增力债券,中邮增力债券型证券投资基金2020年清算报告,2020-10-28,中邮创业,490131
2020,2020-10,FB060010,清算报告,004663,国富日鑫月益30天理财债券,富兰克林国海日鑫月益30天理财债券型证券投资基金2020年清算报告,2020-10-27,国海富兰克林,488151
2020,2020-10,FB060010,清算报告,004803,益民增利纯债,益民信用增利纯债一年定期开放债券型证券投资基金清算报告,2020-10-22,益民,485286
2020,2020-10,FB060010,清算报告,004354,益民中证指数基金,益民中证智能消费主题指数证券投资基金清算报告,2020-10-22,益民,485298
2020,2020-10,FB060010,清算报告,004550,中科沃土沃祥债券发起,中科沃土沃祥债券型发起式证券投资基金清算报告,2020-10-19,众盈基金,482213
2020,2020-10,FB060010,清算报告,002713,广发转型升级混合,广发转型升级灵活配置混合型证券投资基金2020年清算报告,2020-10-19,广发,482505
2020,2020-10,FB060010,清算报告,161826,银华中证转债指数增强分级,银华中证转债指数增强分级证券投资基金清算报告,2020-10-16,银华,481891
2020,2020-11,FB060010,清算报告,161819,银华中证内地资源指数分级,银华中证内地资源主题指数分级证券投资基金清算报告,2020-11-30,银华,506373
2020,2020-11,FB060010,清算报告,159802,广发中证800ETF,广发中证800交易型开放式指数证券投资基金清算报告,2020-11-30,广发,506241
2020,2020-11,FB060010,清算报告,005835,招商稳祯定期开放混合,招商稳祯定期开放混合型证券投资基金2020年清算报告,2020-11-27,招商,505763
2020,2020-11,FB060010,清算报告,005557,广发海外多元配置(QDII),广发海外多元配置证券投资基金（QDII）清算报告,2020-11-27,广发,505458
2020,2020-11,FB060010,清算报告,164907,交银中证互联网金融指数分级,交银施罗德中证互联网金融指数分级证券投资基金清算报告,2020-11-26,交银施罗德,505078
2020,2020-11,FB060010,清算报告,510430,银华上证50等权ETF,上证50等权重交易型开放式指数证券投资基金清算报告,2020-11-26,银华,505070
2020,2020-11,FB060010,清算报告,164820,工银中证高铁产业指数分级,工银瑞信中证高铁产业指数分级证券投资基金清算报告,2020-11-26,工银瑞信,505219
2020,2020-11,FB060010,清算报告,008073,招商中债-1-3年高等级央企主题债券指数,招商中债-1-3年高等级央企主题债券指数证券投资基金2020年清算报告,2020-11-25,招商,504709
2020,2020-11,FB060010,清算报告,005133,兴业量化混合,兴业量化精选灵活配置混合型发起式证券投资基金清算报告,2020-11-23,兴业,503598
2020,2020-11,FB060010,清算报告,160130,南方永利1年定期开放债券（LOF）,南方永利1年定期开放债券型证券投资基金（LOF）2020年清算报告,2020-11-20,南方,503120
2020,2020-11,FB060010,清算报告,007399,凯石浩品质经营混合,凯石浩品质经营混合型证券投资基金清算报告,2020-11-20,凯石,502840
2020,2020-11,FB060010,清算报告,001936,国泰全球绝对收益型基金优选,国泰全球绝对收益型基金优选证券投资基金清算报告,2020-11-19,国泰,502442
2020,2020-11,FB060010,清算报告,000616,上投摩根优信增利债券,上投摩根优信增利债券型证券投资基金2020年清算报告,2020-11-18,摩根,501830
2020,2020-11,FB060010,清算报告,160121,南方金砖四国指数（QDII）,南方金砖四国指数证券投资基金2020年清算报告,2020-11-18,南方,502140
2020,2020-11,FB060010,清算报告,003731,长安泓泽纯债债券,长安泓泽纯债债券型证券投资基金2020年清算报告,2020-11-18,长安,502148
2020,2020-11,FB060010,清算报告,006765,招商中债1-5年农发行,招商中债1-5年农发行债券指数证券投资基金2020年清算报告,2020-11-17,招商,501400
2020,2020-11,FB060010,清算报告,160720,嘉实中证中期企业债指数(LOF),嘉实中证中期企业债指数证券投资基金（LOF）清算报告,2020-11-16,嘉实,504274
2020,2020-11,FB060010,清算报告,000360,信诚年年有余定期开放债券,信诚年年有余定期开放债券型证券投资基金清算报告,2020-11-13,中信保诚,499543
2020,2020-11,FB060010,清算报告,003508,华安睿安定开混合,华安睿安定期开放混合型证券投资基金2020年清算报告,2020-11-13,华安,500233
2020,2020-11,FB060010,清算报告,502036,大成中证互联网金融指数分级,大成中证互联网金融指数分级证券投资基金2020年清算报告,2020-11-13,大成,769997
2020,2020-12,FB060010,清算报告,004935,国都智能制造,国都智能制造混合型发起式证券投资基金清算报告,2020-12-31,国都证券,519925
2020,2020-12,FB060010,清算报告,000485,嘉实1个月理财债券,嘉实1个月理财债券型证券投资基金2020年清算报告,2020-12-30,嘉实,519966
2020,2020-12,FB060010,清算报告,007087,财通景利债券,财通景利纯债债券型证券投资基金清算报告,2020-12-29,财通,519571
2020,2020-12,FB060010,清算报告,008458,招商安锦债券,招商安锦债券型证券投资基金2020年清算报告,2020-12-25,招商,517950
2020,2020-12,FB060010,清算报告,007436,银河久悦债券,银河久悦纯债债券型证券投资基金2020年清算报告,2020-12-24,银河,516301
2020,2020-12,FB060010,清算报告,519631,银河君欣债券,银河君欣纯债债券型证券投资基金2020年清算报告,2020-12-24,银河,516305
2020,2020-12,FB060010,清算报告,168201,中融一带一路,中融中证一带一路主题指数分级证券投资基金清算报告,2020-12-24,国联,517402
2020,2020-12,FB060010,清算报告,005279,华泰紫金红利低波指数发起,华泰紫金中证红利低波动指数型发起式证券投资基金清算报告,2020-12-18,华泰资管,514309
2020,2020-12,FB060010,清算报告,000437,融通通启一年定开债券,融通通启一年定期开放债券型证券投资基金清算报告,2020-12-18,融通,514558
2020,2020-12,FB060010,清算报告,163824,中银盛利定期开放债券(LOF),中银盛利纯债一年定期开放债券型证券投资基金（LOF）2020年清算报告,2020-12-17,中银,513888
2020,2020-12,FB060010,清算报告,002596,华商回报1号混合,华商回报1号混合型证券投资基金2020年清算报告,2020-12-15,华商,512758
2020,2020-12,FB060010,清算报告,005033,银华智能汽车量化股票发起式,银华智能汽车量化优选股票型发起式证券投资基金清算报告,2020-12-10,银华,511138
2020,2020-12,FB060010,清算报告,006550,广发景润纯债,广发景润纯债债券型证券投资基金清算报告,2020-12-04,广发,508925
2020,2020-12,FB060010,清算报告,560001,益民货币,益民货币市场基金清算报告,2020-12-01,益民,506860
2021,2021-01,FB060010,清算报告,007399,凯石浩品质经营混合,凯石浩品质经营混合型证券投资基金第二次清算报告,2021-01-22,凯石,532060
2021,2021-01,FB060010,清算报告,512850,中信建投北京50ETF,中信建投中证北京50交易型开放式指数证券投资基金清算报告,2021-01-21,中信建投,527316
2021,2021-01,FB060010,清算报告,003224,鹏华兴润定期开放混合,鹏华兴润定期开放灵活配置混合型证券投资基金清算报告,2021-01-20,鹏华,526330
2021,2021-01,FB060010,清算报告,001738,大摩新趋势混合,摩根士丹利华鑫新趋势灵活配置混合型证券投资基金2021年清算报告,2021-01-19,摩根士丹利,526213
2021,2021-01,FB060010,清算报告,001738,大摩新趋势混合,摩根士丹利华鑫新趋势灵活配置混合型证券投资基金2021年清算报告,2021-01-19,摩根士丹利,526213
2021,2021-01,FB060010,清算报告,003150,中欧睿诚定期开放混合,中欧睿诚定期开放混合型证券投资基金2021年清算报告,2021-01-15,中欧,525310
2021,2021-01,FB060010,清算报告,070035,嘉实理财宝7天债券,关于嘉实理财宝7天债券型证券投资基金清算报告,2021-01-15,嘉实,525384
2021,2021-01,FB060010,清算报告,006820,凯石源混合,凯石源混合型证券投资基金清算报告,2021-01-15,凯石,525017
2021,2021-01,FB060010,清算报告,003852,金鹰添享纯债债券,金鹰添享纯债债券型证券投资基金2021年清算报告,2021-01-14,金鹰,524735
2021,2021-01,FB060010,清算报告,007503,上投摩根瑞利纯债债券,上投摩根瑞利纯债债券型证券投资基金清算报告,2021-01-14,摩根,524906
2021,2021-01,FB060010,清算报告,005239,银华文体娱乐量化股票发起式,银华文体娱乐量化优选股票型发起式证券投资基金清算报告,2021-01-13,银华,524392
2021,2021-01,FB060010,清算报告,003033,南方荣冠定期开放混合,南方荣冠定期开放混合型证券投资基金2021年清算报告,2021-01-11,南方,523767
2021,2021-01,FB060010,清算报告,005084,平安量化先锋混合,平安量化先锋混合型发起式证券投资基金清算报告,2021-01-08,平安,523386
2021,2021-01,FB060010,清算报告,180033,银华上证50等权ETF联接,银华上证50等权重交易型开放式指数证券投资基金联接基金清算报告,2021-01-07,银华,523191
2021,2021-01,FB060010,清算报告,006139,中信建投稳瑞,中信建投稳瑞定期开放债券型证券投资基金清算报告,2021-01-04,中信建投,521969
2021,2021-02,FB060010,清算报告,002655,南方卓享绝对收益策略定期开放混合发起式,南方卓享绝对收益策略定期开放混合型发起式证券投资基金二次清算报告,2021-02-24,南方,541725
2021,2021-02,FB060010,清算报告,168201,中融一带一路,中融中证一带一路主题指数分级证券投资基金二次清算报告,2021-02-24,国联,541741
2021,2021-02,FB060010,清算报告,519123,浦银安盛季季添利债券,浦银安盛季季添利定期开放债券型证券投资基金清算报告,2021-02-19,浦银基金,540550
2021,2021-02,FB060010,清算报告,159953,广发中证全指工业ETF,广发中证全指工业交易型开放式指数证券投资基金清算报告,2021-02-10,广发,540061
2021,2021-02,FB060010,清算报告,003351,招商稳荣定开灵活混合,招商稳荣定期开放灵活配置混合型证券投资基金清算报告,2021-02-09,招商,539397
2021,2021-02,FB060010,清算报告,008410,长盛价值发现,长盛价值发现股票型证券投资基金清算报告,2021-02-05,长盛,538529
2021,2021-02,FB060010,清算报告,512300,南方中证500医药卫生ETF,中证500医药卫生指数交易型开放式指数证券投资基金 2021年清算报告,2021-02-05,南方,538603
2021,2021-02,FB060010,清算报告,003492,前海开源外向企业股票,前海开源外向企业股票型证券投资基金清算报告,2021-02-04,前海开源,537946
2021,2021-02,FB060010,清算报告,160130,南方永利1年定期开放债券（LOF）,南方永利1年定期开放债券型证券投资基金（LOF）2021年清算报告,2021-02-04,南方,538060
2021,2021-02,FB060010,清算报告,161714,招商标普金砖四国指数(QDII-LOF),招商标普金砖四国指数证券投资基金（LOF）2021年清算报告,2021-02-03,招商,537615
2021,2021-02,FB060010,清算报告,001348,大摩新机遇混合,摩根士丹利华鑫新机遇灵活配置混合型证券投资基金2021年清算报告,2021-02-02,摩根士丹利,537217
2021,2021-03,FB060010,清算报告,050028,博时安心收益定开债,博时安心收益定期开放债券型证券投资基金清算报告,2021-03-31,博时,559649
2021,2021-03,FB060010,清算报告,511000,招商中债-0-3年长三角地方债ETF,招商中债-0-3年长三角地方政府债交易型开放式指数证券投资基金清算报告,2021-03-29,招商,550794
2021,2021-03,FB060010,清算报告,512860,华安MSCI中国A股国际ETF,华安MSCI中国A股国际交易型开放式指数证券投资基金2021年清算报告,2021-03-29,华安,550977
2021,2021-03,FB060010,清算报告,003351,招商稳荣定开灵活混合,招商稳荣定期开放灵活配置混合型证券投资基金第二次清算报告,2021-03-27,招商,550797
2021,2021-03,FB060010,清算报告,000225,长盛年年收益定期债券,长盛年年收益定期开放债券型证券投资基金清算报告,2021-03-23,长盛,548862
2021,2021-03,FB060010,清算报告,008007,安信睿享纯债债券,安信睿享纯债债券型证券投资基金清算报告,2021-03-17,安信,547220
2021,2021-03,FB060010,清算报告,512340,南方中证500原材料ETF,中证500原材料指数交易型开放式指数证券投资基金2021年清算报告,2021-03-16,南方,547132
2021,2021-03,FB060010,清算报告,005769,南方共享经济灵活配置混合,南方共享经济灵活配置混合型证券投资基金2021年清算报告,2021-03-16,南方,547133
2021,2021-03,FB060010,清算报告,512310,南方中证500工业ETF,中证500工业指数交易型开放式指数证券投资基金2021年清算报告,2021-03-16,南方,547135
2021,2021-03,FB060010,清算报告,003367,鹏华兴合定期开放混合,鹏华兴合定期开放灵活配置混合型证券投资基金2021年清算报告,2021-03-09,鹏华,545055
2021,2021-03,FB060010,清算报告,007607,人保添利9个月定开,人保添利9个月定期开放债券型证券投资基金清算报告,2021-03-08,人保资产,544414
2021,2021-03,FB060010,清算报告,160923,大成海外中国机会混合(QDII-LOF),大成海外中国机会混合型证券投资基金（LOF）清算报告,2021-03-06,大成,544563
2021,2021-03,FB060010,清算报告,003342,工银国债纯债债券,工银瑞信国债纯债债券型证券投资基金清算报告,2021-03-02,工银瑞信,543074
2021,2021-04,FB060010,清算报告,006722,天弘穗利一年定开,天弘穗利一年定期开放债券型证券投资基金清算报告,2021-04-29,天弘,578760
2021,2021-04,FB060010,清算报告,004661,银河如意债券,银河如意债券型证券投资基金2021年清算报告,2021-04-28,银河,577791
2021,2021-04,FB060010,清算报告,004085,工银国债(7-10年)指数,工银瑞信中债-国债(7-10年)总指数证券投资基金2021年清算报告,2021-04-28,工银瑞信,578023
2021,2021-04,FB060010,清算报告,008309,长城泰丰债券,长城泰丰纯债债券型证券投资基金2021年清算报告,2021-04-28,长城,577872
2021,2021-04,FB060010,清算报告,000437,融通通启一年定开债券,融通通启一年定期开放债券型证券投资基金第三次清算报告,2021-04-23,融通,576776
2021,2021-04,FB060010,清算报告,002725,中欧强瑞多策略债券,中欧强瑞多策略定期开放债券型证券投资基金清算报告,2021-04-23,中欧,576494
2021,2021-04,FB060010,清算报告,004283,中欧达安混合,中欧达安一年定期开放混合型证券投资基金清算报告,2021-04-23,中欧,576496
2021,2021-04,FB060010,清算报告,002355,国投瑞银岁赢利债券,国投瑞银岁赢利债券型证券投资基金2021年清算报告,2021-04-23,国投瑞银,576572
2021,2021-04,FB060010,清算报告,005603,嘉实新添康定期混合,嘉实新添康定期开放灵活配置混合型证券投资基金清算报告,2021-04-21,嘉实,568778
2021,2021-04,FB060010,清算报告,002948,华安聚利18个月定开债,华安聚利18个月定期开放债券型证券投资基金2021年清算报告,2021-04-20,华安,567948
2021,2021-04,FB060010,清算报告,009915,兴银合富债券,兴银合富债券型证券投资基金清算报告,2021-04-17,兴银,566658
2021,2021-04,FB060010,清算报告,009173,招商湖北省主题债券,招商湖北省主题债券型发起式证券投资基金2021年清算报告,2021-04-16,招商,566487
2021,2021-04,FB060010,清算报告,005747,华安MSCI中国A股国际ETF联接,华安MSCI中国A股国际交易型开放式指数证券投资基金联接基金2021年清算报告,2021-04-16,华安,566509
2021,2021-04,FB060010,清算报告,007757,国投瑞银顺业纯债债券,国投瑞银顺业纯债债券型证券投资基金2021年清算报告,2021-04-16,国投瑞银,566251
2021,2021-04,FB060010,清算报告,009221,大成彭博巴克莱政策性银行债券3-5年指数,大成彭博巴克莱政策性银行债券3-5年指数证券投资基金清算报告,2021-04-16,大成,566477
2021,2021-04,FB060010,清算报告,006362,凯石涵行业精选混合,凯石涵行业精选混合型证券投资基金2021年清算报告,2021-04-16,凯石,566535
2021,2021-04,FB060010,清算报告,006103,凯石淳行业精选混合,凯石淳行业精选混合型证券投资基金2021年清算报告,2021-04-14,凯石,565694
2021,2021-04,FB060010,清算报告,001920,景顺长城景颐宏利债券,景顺长城景颐宏利债券型证券投资基金清算报告,2021-04-10,景顺长城,565126
2021,2021-04,FB060010,清算报告,519128,浦银安盛月月盈定期支付债券,浦银安盛月月盈定期支付债券型证券投资基金清算报告,2021-04-08,浦银基金,564254
2021,2021-04,FB060010,清算报告,006019,广发景智纯债,广发景智纯债债券型证券投资基金清算报告,2021-04-08,广发,564396
2021,2021-05,FB060010,清算报告,161629,融通中证精准医疗主题指数（LOF）,融通中证精准医疗主题指数证券投资基金清算报告,2021-05-31,融通,587739
2021,2021-05,FB060010,清算报告,003236,信诚惠盈,信诚惠盈债券型证券投资基金清算报告,2021-05-26,中信保诚,585614
2021,2021-05,FB060010,清算报告,003099,长盛盛景纯债,长盛盛景纯债债券型证券投资基金清算报告,2021-05-25,长盛,585073
2021,2021-05,FB060010,清算报告,004182,建信瑞福添利混合,建信瑞福添利混合型证券投资基金清算报告,2021-05-22,建信,584910
2021,2021-05,FB060010,清算报告,007421,中金衡盈,中金衡盈混合型证券投资基金清算报告,2021-05-21,中金,584388
2021,2021-05,FB060010,清算报告,005757,长江汇聚量化多因子,长江汇聚量化多因子灵活配置混合型发起式证券投资基金清算报告,2021-05-21,长江资管,584393
2021,2021-05,FB060010,清算报告,000421,华泰柏瑞丰汇债券,华泰柏瑞基金管理有限公司华泰柏瑞丰汇债券型证券投资基金清算报告,2021-05-21,华泰柏瑞,584022
2021,2021-05,FB060010,清算报告,002465,东兴众智优选混合,东兴众智优选灵活配置混合型证券投资基金清算报告,2021-05-19,东兴,583085
2021,2021-05,FB060010,清算报告,003208,东兴量化多策略混合,东兴量化多策略灵活配置混合型证券投资基金清算报告,2021-05-19,东兴,583087
2021,2021-05,FB060010,清算报告,006749,东兴核心成长混合,东兴核心成长混合型证券投资基金清算报告,2021-05-19,东兴,583089
2021,2021-05,FB060010,清算报告,005007,景顺长城景瑞睿利回报混合,景顺长城景瑞睿利回报混合型证券投资基金清算报告,2021-05-19,景顺长城,583176
2021,2021-05,FB060010,清算报告,002850,南方甑智混合发起,南方甑智混合型发起式证券投资基金2021年清算报告,2021-05-19,南方,583277
2021,2021-05,FB060010,清算报告,000889,上投摩根纯债添利债券,上投摩根纯债添利债券型证券投资基金清算报告,2021-05-18,摩根,582963
2021,2021-05,FB060010,清算报告,007614,德邦民裕进取量化精锐股票,德邦民裕进取量化精锐股票型证券投资基金清算报告,2021-05-18,德邦,583009
2021,2021-05,FB060010,清算报告,008600,大成景和债券,大成景和债券型证券投资基金清算报告,2021-05-18,大成,582841
2021,2021-05,FB060010,清算报告,007763,前海开源3-5年国开债,前海开源中债3-5年国开行债券指数证券投资基金清算报告,2021-05-17,前海开源,582523
2021,2021-05,FB060010,清算报告,000632,中银聚利半年定期开放债券,中银聚利半年定期开放债券型证券投资基金清算报告,2021-05-17,中银,582624
2021,2021-05,FB060010,清算报告,001663,中银互联网+股票,中银互联网+股票型证券投资基金清算报告,2021-05-17,中银,582645
2021,2021-05,FB060010,清算报告,501055,财通福佑定开混合发起,财通多策略福佑定期开放灵活配置混合型发起式证券投资基金清算报告,2021-05-15,财通,582408
2021,2021-05,FB060010,清算报告,003224,鹏华兴润定期开放混合,鹏华兴润定期开放灵活配置混合型证券投资基金清算报告,2021-05-13,鹏华,581822
2021,2021-06,FB060010,清算报告,001408,建信鑫丰回报灵活配置混合,建信鑫丰回报灵活配置混合型证券投资基金清算报告,2021-06-30,建信,599986
2021,2021-06,FB060010,清算报告,006702,国富恒嘉短债债券,富兰克林国海恒嘉短债债券型证券投资基金清算报告,2021-06-29,国海富兰克林,598137
2021,2021-06,FB060010,清算报告,004171,信诚永益,中信保诚永益一年定期开放混合型证券投资基金2021年清算报告,2021-06-29,中信保诚,598287
2021,2021-06,FB060010,清算报告,005803,广发中证京津冀ETF联接,广发中证京津冀协同发展主题交易型开放式指数证券投资基金发起式联接基金清算报告,2021-06-29,广发,598350
2021,2021-06,FB060010,清算报告,006982,嘉实新添元定期混合,嘉实新添元定期开放混合型证券投资基金清算报告,2021-06-28,嘉实,597855
2021,2021-06,FB060010,清算报告,007601,人保利璟纯债,人保利璟纯债债券型证券投资基金2021年清算报告,2021-06-26,人保资产,597567
2021,2021-06,FB060010,清算报告,008852,人保鑫选双债,人保鑫选双债债券型证券投资基金2021年清算报告,2021-06-26,人保资产,597568
2021,2021-06,FB060010,清算报告,007476,中银惠兴多利债券,中银惠兴多利债券型证券投资基金清算报告,2021-06-25,中银,597410
2021,2021-06,FB060010,清算报告,160123,南方中债10年国债指数,南方中债10年期国债指数证券投资基金清算报告,2021-06-24,南方,597059
2021,2021-06,FB060010,清算报告,004219,中海添顺定期开放混合,中海添顺定期开放混合型证券投资基金清算报告,2021-06-23,中海,596022
2021,2021-06,FB060010,清算报告,003000,招商丰德混合,招商丰德灵活配置混合型证券投资基金清算报告,2021-06-23,招商,596227
2021,2021-06,FB060010,清算报告,000316,中海瑞利六个月定开债,中海瑞利六个月定期开放债券型证券投资基金清算报告,2021-06-21,中海,595262
2021,2021-06,FB060010,清算报告,004161,国泰中国企业信用精选债券(QDII),国泰中国企业信用精选债券型证券投资基金（QDII）清算报告,2021-06-21,国泰,595334
2021,2021-06,FB060010,清算报告,004798,建信智享添鑫定期开放混合,建信智享添鑫定期开放混合型证券投资基金清算报告,2021-06-18,建信,594917
2021,2021-06,FB060010,清算报告,005403,南方融尚再融资主题精选灵活配置混合,南方融尚再融资主题精选灵活配置混合型证券投资基金2021年清算报告,2021-06-17,南方,594052
2021,2021-06,FB060010,清算报告,004627,上投摩根岁岁益定期开放债券,上投摩根岁岁益定期开放债券型证券投资基金2021年清算报告,2021-06-17,摩根,594060
2021,2021-06,FB060010,清算报告,000435,建信稳定添利债券,建信稳定添利债券型证券投资基金清算报告,2021-06-12,建信,593103
2021,2021-06,FB060010,清算报告,008005,景顺长城中债3-5年政策性金融债指数,景顺长城中债3-5年政策性金融债指数证券投资基金清算报告,2021-06-11,景顺长城,592477
2021,2021-06,FB060010,清算报告,005581,华夏3-5年中高级可质押信用债ETF联接,华夏上证3-5年期中高评级可质押信用债交易型开放式指数证券投资基金发起式联接基金清算报告,2021-06-11,华夏,592691
2021,2021-06,FB060010,清算报告,160136,南方中证国有企业改革指数,南方中证国有企业改革指数证券投资基金（LOF）2021年清算报告,2021-06-09,南方,591786
2021,2021-07,FB060010,清算报告,005463,银华多元收益定期开放混合,银华多元收益定期开放混合型证券投资基金清算报告,2021-07-30,银华,619664
2021,2021-07,FB060010,清算报告,511050,地方债ETF,兴业上证1-5年期地方政府债交易型开放式指数证券投资基金清算报告,2021-07-30,兴业,619691
2021,2021-07,FB060010,清算报告,009935,银华长江经济带主题债券,银华长江经济带主题债券型证券投资基金清算报告,2021-07-30,银华,619787
2021,2021-07,FB060010,清算报告,003762,国开开泰混合,国开泰富开泰灵活配置混合型证券投资基金2021年清算报告,2021-07-30,京管泰富,619224
2021,2021-07,FB060010,清算报告,003419,中欧弘安一年定期开放债券,中欧弘安一年定期开放债券型证券投资基金清算报告,2021-07-29,中欧,618356
2021,2021-07,FB060010,清算报告,002440,中加瑞盈债券,中加瑞盈债券型证券投资基金清算报告,2021-07-26,中加,616937
2021,2021-07,FB060010,清算报告,161719,招商可转债债券,招商可转债债券型证券投资基金2021年清算报告,2021-07-23,招商,615949
2021,2021-07,FB060010,清算报告,002180,中银移动互联混合,中银移动互联灵活配置混合型证券投资基金清算报告,2021-07-22,中银,615316
2021,2021-07,FB060010,清算报告,005822,国富恒裕6个月定期开放债券,富兰克林国海恒裕6个月定期开放债券型发起式证券投资基金清算报告,2021-07-21,国海富兰克林,610387
2021,2021-07,FB060010,清算报告,010100,创金合信鼎诚3个月定开混合,创金合信鼎诚3个月定期开放混合型证券投资基金清算报告,2021-07-21,创金合信,612450
2021,2021-07,FB060010,清算报告,006164,融通通捷债券,融通通捷债券型证券投资基金清算报告,2021-07-20,融通,607916
2021,2021-07,FB060010,清算报告,008379,海富通中债3-5年国开债,海富通中债3-5年国开行债券指数证券投资基金清算报告,2021-07-19,海富通,606281
2021,2021-07,FB060010,清算报告,501105,建信政金债8-10年指数（LOF）,建信中证政策性金融债8-10年指数证券投资基金（LOF）清算报告,2021-07-17,建信,606294
2021,2021-07,FB060010,清算报告,001696,南方智造未来股票,南方智造未来股票型证券投资基金2021年清算报告,2021-07-17,南方,606304
2021,2021-07,FB060010,清算报告,008573,融通通远三个月定开债券,融通通远三个月定期开放债券型证券投资基金清算报告,2021-07-14,融通,604637
2021,2021-07,FB060010,清算报告,370021,上投摩根分红添利债券,上投摩根分红添利债券型证券投资基金2021年清算报告,2021-07-13,摩根,604329
2021,2021-07,FB060010,清算报告,002694,中银新蓝筹混合,中银新蓝筹灵活配置混合型证券投资基金清算报告,2021-07-12,中银,603714
2021,2021-07,FB060010,清算报告,002167,南方顺康灵活配置混合,南方顺康灵活配置混合型证券投资基金2021年清算报告,2021-07-10,南方,603930
2021,2021-07,FB060010,清算报告,160131,南方聚利1年定期开放债券（LOF）,南方聚利1年定期开放债券型证券投资基金（LOF）2021年清算报告,2021-07-08,南方,603046
2021,2021-07,FB060010,清算报告,010185,中金瑞康,中金瑞康灵活配置混合型证券投资基金清算报告,2021-07-07,中金,602277
2021,2021-08,FB060010,清算报告,165809,东吴中证可转债指数,东吴中证可转债指数证券投资基金2021年清算报告,2021-08-31,东吴,633944
2021,2021-08,FB060010,清算报告,004850,中欧弘涛债券,中欧弘涛债券型证券投资基金清算报告,2021-08-26,中欧,627654
2021,2021-08,FB060010,清算报告,002263,泰达宏利大数据混合,泰达宏利同顺大数据量化优选灵活配置混合型证券投资基金2021年清算报告,2021-08-25,宏利,627025
2021,2021-08,FB060010,清算报告,003826,华夏鼎汇债券,华夏鼎汇债券型证券投资基金清算报告,2021-08-25,华夏,627331
2021,2021-08,FB060010,清算报告,001573,南方互联网+灵活配置混合,南方互联网+灵活配置混合型证券投资基金2021年清算报告,2021-08-25,南方,627513
2021,2021-08,FB060010,清算报告,007452,兴银3-5年信用债,兴银上海清算所3-5年中高等级优选信用债指数证券投资基金清算报告,2021-08-24,兴银,626194
2021,2021-08,FB060010,清算报告,510890,红利低波ETF,兴业上证红利低波动交易型开放式指数证券投资基金清算资金及发放报告,2021-08-24,兴业,626325
2021,2021-08,FB060010,清算报告,010526,景顺长城泰源回报混合,景顺长城泰源回报混合型证券投资基金清算报告,2021-08-20,景顺长城,625279
2021,2021-08,FB060010,清算报告,001575,兴银稳健,兴银稳健债券型证券投资基金2021年清算报告,2021-08-18,兴银,624317
2021,2021-08,FB060010,清算报告,512270,华安沪深300低波ETF,华安沪深300行业中性低波动交易型开放式指数证券投资基金2021年清算报告,2021-08-18,华安,624387
2021,2021-08,FB060010,清算报告,005515,银华中小市值量化优选股票发起式,银华中小市值量化优选股票型发起式证券投资基金清算报告,2021-08-18,银华,624469
2021,2021-08,FB060010,清算报告,519326,浦银安盛幸福聚益定开债券,浦银安盛幸福聚益18个月定期开放债券型证券投资基金清算报告,2021-08-13,浦银基金,623139
2021,2021-08,FB060010,清算报告,511050,地方债ETF,兴业上证1-5年期地方政府债交易型开放式指数证券投资基金清算资金发放公告,2021-08-13,兴业,623172
2021,2021-08,FB060010,清算报告,000901,国开泰富货币,国开泰富货币市场证券投资基金2021年清算报告,2021-08-13,京管泰富,623062
2021,2021-08,FB060010,清算报告,005796,嘉实新添荣定期混合,嘉实新添荣定期开放灵活配置混合型证券投资基金清算报告,2021-08-12,嘉实,622817
2021,2021-08,FB060010,清算报告,002823,招商盛达混合,招商盛达灵活配置混合型证券投资基金2021年清算报告,2021-08-11,招商,622634
2021,2021-08,FB060010,清算报告,009158,中金衡利1年,中金衡利1年定期开放债券型证券投资基金清算报告,2021-08-06,中金,621480
2021,2021-08,FB060010,清算报告,510890,红利低波ETF,兴业上证红利低波动交易型开放式指数证券投资基金清算报告,2021-08-05,兴业,621231
2021,2021-08,FB060010,清算报告,008357,华安全球精选债,华安全球精选债券型证券投资基金（QDII）2021年清算报告,2021-08-04,华安,620973
2021,2021-08,FB060010,清算报告,002588,博时银智大数据100,博时中证银联智惠大数据100指数型证券投资基金清算报告,2021-08-03,博时,621002
2021,2021-09,FB060010,清算报告,008350,富国中债1-5年国开行债券指数,富国中债1-5年国开行债券指数证券投资基金清算报告,2021-09-30,富国,645299
2021,2021-09,FB060010,清算报告,007403,银河睿安债券,银河睿安纯债债券型证券投资基金2021年清算报告,2021-09-29,银河,644410
2021,2021-09,FB060010,清算报告,006246,华夏中小板ETF联接,华夏中小企业100交易型开放式指数基金发起式联接基金清算报告,2021-09-29,华夏,644493
2021,2021-09,FB060010,清算报告,005883,华宝香港精选混合,华宝港股通香港精选混合型证券投资基金清算报告,2021-09-28,华宝,643944
2021,2021-09,FB060010,清算报告,009547,华安鼎利混合,华安鼎利混合型证券投资基金2021年清算报告,2021-09-28,华安,644133
2021,2021-09,FB060010,清算报告,008815,红塔红土盛平中短债债券,红塔红土盛平中短债债券型证券投资基金清算报告,2021-09-28,红塔红土,644260
2021,2021-09,FB060010,清算报告,001014,中融融安混合,中融融安灵活配置混合型证券投资基金清算报告,2021-09-28,国联,644307
2021,2021-09,FB060010,清算报告,009973,创金合信核心资产混合,创金合信核心资产混合型证券投资基金第二次清算报告,2021-09-28,创金合信,643999
2021,2021-09,FB060010,清算报告,002463,创金合信价值红利混合,创金合信价值红利灵活配置混合型证券投资基金第二次清算报告,2021-09-28,创金合信,644000
2021,2021-09,FB060010,清算报告,009971,创金合信核心价值混合,创金合信核心价值混合型证券投资基金第二次清算报告,2021-09-28,创金合信,644002
2021,2021-09,FB060010,清算报告,010100,创金合信鼎诚3个月定开混合,创金合信鼎诚3个月定期开放混合型证券投资基金第二次清算报告,2021-09-28,创金合信,644003
2021,2021-09,FB060010,清算报告,004466,长盛盛杰混合,长盛盛杰混合型证券投资基金清算报告,2021-09-27,长盛,643323
2021,2021-09,FB060010,清算报告,009694,华安安利混合,华安安利混合型证券投资基金2021年清算报告,2021-09-27,华安,643691
2021,2021-09,FB060010,清算报告,008789,海富通中债1-3年国开债,海富通中债1-3年国开行债券指数证券投资基金清算报告,2021-09-27,海富通,643719
2021,2021-09,FB060010,清算报告,168108,九泰锐诚混合（LOF）,九泰锐诚灵活配置混合型证券投资基金（LOF）清算报告,2021-09-16,九泰,641332
2021,2021-09,FB060010,清算报告,005533,银华国企改革混合发起式,银华国企改革混合型发起式证券投资基金清算报告,2021-09-15,银华,641043
2021,2021-09,FB060010,清算报告,511280,华夏3-5年中高级可质押信用债ETF,华夏上证3-5年期中高评级可质押信用债交易型开放式指数证券投资基金清算报告,2021-09-14,华夏,644374
2021,2021-09,FB060010,清算报告,010492,大摩中债1-3年农发行债券指数,摩根士丹利华鑫中债1-3年农发行债券指数证券投资基金清算报告,2021-09-11,摩根士丹利,640106
2021,2021-09,FB060010,清算报告,519320,浦银安盛幸福聚利定期开放债券,浦银安盛幸福聚利定期开放债券型证券投资基金清算报告,2021-09-09,浦银基金,639281
2021,2021-09,FB060010,清算报告,008402,中泰中证可转债及可交债指数,中泰中证可转债及可交换债券指数证券投资基金清算报告,2021-09-08,中泰资管,638908
2021,2021-10,FB060010,清算报告,501055,财通福佑定开混合发起,财通多策略福佑定期开放灵活配置混合型发起式证券投资基金第二次清算报告,2021-10-29,财通,659685
2021,2021-10,FB060010,清算报告,007358,前海联合泳益纯债,新疆前海联合泳益纯债债券型证券投资基金2021年清算报告,2021-10-29,前海联合,659724
2021,2021-10,FB060010,清算报告,167705,德邦量化新锐股票(LOF),德邦量化新锐股票型证券投资基金（LOF）清算报告,2021-10-28,德邦,659528
2021,2021-10,FB060010,清算报告,519059,海富通可转债优选债券,海富通可转债优选债券型证券投资基金清算报告,2021-10-28,海富通,659577
2021,2021-10,FB060010,清算报告,003332,南方荣发定期开放混合发起,南方荣发定期开放混合型发起式证券投资基金2021年清算报告,2021-10-28,南方,659634
2021,2021-10,FB060010,清算报告,003064,南方荣欢定期开放混合发起,南方荣欢定期开放混合型发起式证券投资基金2021年清算报告,2021-10-28,南方,659635
2021,2021-10,FB060010,清算报告,000113,嘉实如意宝定期债券,嘉实如意宝定期开放债券型证券投资基金清算报告,2021-10-28,嘉实,659527
2021,2021-10,FB060010,清算报告,008078,农银区间精选混合,农银汇理区间精选灵活配置混合型证券投资基金2021年清算报告,2021-10-27,农银汇理,659434
2021,2021-10,FB060010,清算报告,007697,中金衡益,中金衡益增强债券型证券投资基金清算报告,2021-10-27,中金,657242
2021,2021-10,FB060010,清算报告,160522,博时睿益事件驱动混合（LOF）,博时睿益事件驱动灵活配置混合型证券投资基金（LOF）清算报告,2021-10-25,博时,650145
2021,2021-10,FB060010,清算报告,005423,浙商汇金聚禄一年定期,浙商汇金聚禄一年定期开放债券型证券投资基金清算报告,2021-10-21,浙商资管,649029
2021,2021-10,FB060010,清算报告,007929,天治稳健双鑫债券,天治稳健双鑫债券型证券投资基金清算报告,2021-10-21,天治,649100
2021,2021-10,FB060010,清算报告,007437,中金新润3个月,中金新润3个月定期开放债券型证券投资基金清算报告,2021-10-21,中金,649193
2021,2021-10,FB060010,清算报告,001947,上投摩根安鑫回报混合,上投摩根安鑫回报混合型证券投资基金清算报告,2021-10-20,摩根,648874
2021,2021-10,FB060010,清算报告,005500,银华岁盈定期开放债券,银华岁盈定期开放债券型证券投资基金清算报告,2021-10-18,银华,648390
2021,2021-10,FB060010,清算报告,008473,招商招阳纯债,招商招阳纯债债券型证券投资基金清算报告,2021-10-15,招商,647980
2021,2021-10,FB060010,清算报告,000256,上投摩根红利回报混合,上投摩根红利回报混合型证券投资基金清算报告,2021-10-12,摩根,646636
2021,2021-11,FB060010,清算报告,006189,国金量化添利,国金量化添利定期开放债券型发起式证券投资基金清算报告,2021-11-30,国金,667607
2021,2021-11,FB060010,清算报告,009122,湘财久丰3个月定开债券型,湘财久丰3个月定期开放债券型证券投资基金清算报告,2021-11-30,湘财,667916
2021,2021-11,FB060010,清算报告,009454,创金合信汇融一年定开混合,创金合信汇融一年定期开放混合型证券投资基金清算报告,2021-11-29,创金合信,667113
2021,2021-11,FB060010,清算报告,007813,易方达中证浙江新动能ETF联接(QDII),易方达中证浙江新动能交易型开放式指数证券投资基金联接基金清算报告,2021-11-27,易方达,667395
2021,2021-11,FB060010,清算报告,009768,创金合信汇悦一年定开混合,创金合信汇悦一年定期开放混合型证券投资基金清算报告,2021-11-26,创金合信,666648
2021,2021-11,FB060010,清算报告,159809,博时大湾区ETF,博时恒生沪深港通大湾区综合交易型开放式指数证券投资基金清算报告,2021-11-23,博时,665424
2021,2021-11,FB060010,清算报告,005440,华安全球稳健配置,华安全球稳健配置证券投资基金2021年清算报告,2021-11-18,华安,664221
2021,2021-11,FB060010,清算报告,008679,长盛中债1-3年政金债,长盛中债1-3年政策性金融债指数证券投资基金清算报告,2021-11-17,长盛,669761
2021,2021-11,FB060010,清算报告,011386,鹏华红利优选混合,鹏华红利优选混合型证券投资基金清算报告,2021-11-16,鹏华,663807
2021,2021-11,FB060010,清算报告,008824,民生加银瑞鑫一年定开债券发起式,民生加银瑞鑫一年定期开放债券型发起式证券投资基金清算报告,2021-11-12,民生加银,663007
2021,2021-11,FB060010,清算报告,003334,中融融信双盈,中融融信双盈债券型证券投资基金清算报告,2021-11-12,国联,663207
2021,2021-11,FB060010,清算报告,003575,大成惠益纯债债券,大成惠益纯债债券型证券投资基金清算报告,2021-11-12,大成,662982
2021,2021-11,FB060010,清算报告,000887,上投摩根稳进回报混合,上投摩根稳进回报混合型证券投资基金2021年清算报告,2021-11-10,摩根,662391
2021,2021-11,FB060010,清算报告,006563,安信优享纯债债券,安信优享纯债债券型证券投资基金清算报告,2021-11-09,安信,662025
2021,2021-11,FB060010,清算报告,010218,中金瑞泰,中金瑞泰灵活配置混合型证券投资基金二次清算报告,2021-11-09,中金,662121
2021,2021-11,FB060010,清算报告,010185,中金瑞康,中金瑞康灵活配置混合型证券投资基金二次清算报告,2021-11-09,中金,662123
2021,2021-11,FB060010,清算报告,007624,华安年年丰定开债,华安年年丰一年定期开放债券型证券投资基金2021年清算报告,2021-11-04,华安,660926
2021,2021-11,FB060010,清算报告,006343,中金MSCI低波动,中金MSCI中国A股国际低波动指数发起式证券投资基金清算报告,2021-11-04,中金,660967
2021,2021-11,FB060010,清算报告,159803,易方达中证浙江新动能ETF(QDII),易方达中证浙江新动能交易型开放式指数证券投资基金清算报告,2021-11-04,易方达,661066
2021,2021-12,FB060010,清算报告,003083,中融银行间1-3年高等级信用债指数,中融上海清算所银行间1-3年高等级信用债指数发起式证券投资基金清算报告,2021-12-31,国联,678718
2021,2021-12,FB060010,清算报告,516400,富国中证ESG120策略ETF,富国中证ESG120策略交易型开放式指数证券投资基金清算报告,2021-12-31,富国,678842
2021,2021-12,FB060010,清算报告,010576,民生加银兴利混合,民生加银兴利混合型证券投资基金清算报告,2021-12-30,民生加银,678026
2021,2021-12,FB060010,清算报告,610003,信达澳银稳定价值债券,信达澳银稳定价值债券型证券投资基金清算报告,2021-12-30,信达澳亚,678151
2021,2021-12,FB060010,清算报告,009843,中金泰顺12个月,中金泰顺12个月定期开放混合型证券投资基金清算报告,2021-12-30,中金,678186
2021,2021-12,FB060010,清算报告,008364,广发中债3-5年政金债指数,广发中债3-5年政策性金融债指数证券投资基金清算报告,2021-12-27,广发,676515
2021,2021-12,FB060010,清算报告,001948,建信稳定丰利债券,建信稳定丰利债券型证券投资基金清算报告,2021-12-25,建信,676632
2021,2021-12,FB060010,清算报告,000466,融通通瑞债券,融通通瑞债券型证券投资基金清算报告,2021-12-25,融通,676489
2021,2021-12,FB060010,清算报告,011679,中银诚利混合,中银诚利混合型证券投资基金2021年清算报告,2021-12-24,中银,675754
2021,2021-12,FB060010,清算报告,001264,银华恒利灵活配置混合,银华恒利灵活配置混合型证券投资基金清算报告,2021-12-24,银华,675881
2021,2021-12,FB060010,清算报告,008360,鹏扬淳选一年定开债券,鹏扬淳选一年定期开放债券型发起式证券投资基金清算报告,2021-12-24,鹏扬,675924
2021,2021-12,FB060010,清算报告,008441,九泰科新优享混合,九泰科新优享灵活配置混合型证券投资基金清算报告,2021-12-24,九泰,676126
2021,2021-12,FB060010,清算报告,010921,民生加银润利混合,民生加银润利混合型证券投资基金清算报告,2021-12-23,民生加银,675567
2021,2021-12,FB060010,清算报告,006255,中邮中证价值回报量化策略指数,中邮中证价值回报量化策略指数型发起式证券投资基金2021年清算报告,2021-12-21,中邮创业,674489
2021,2021-12,FB060010,清算报告,003912,泰达宏利启富混合,泰达宏利启富灵活配置混合型证券投资基金清算报告,2021-12-21,宏利,674517
2021,2021-12,FB060010,清算报告,516870,汽车,银华中证800汽车与零部件交易型开放式指数证券投资基金清算报告,2021-12-21,银华,674707
2021,2021-12,FB060010,清算报告,002654,上投摩根策略精选混合,上投摩根策略精选灵活配置混合型证券投资基金2021年清算报告,2021-12-17,摩根,673645
2021,2021-12,FB060010,清算报告,009039,九泰久远量化驱动,九泰久远量化驱动股票型证券投资基金清算报告,2021-12-15,九泰,672818
2021,2021-12,FB060010,清算报告,501023,鹏华香港中小企业指数(LOF),鹏华港股通中证香港中小企业投资主题指数证券投资基金(LOF)2021年清算报告,2021-12-14,鹏华,671913
2021,2021-12,FB060010,清算报告,005168,信达澳银新征程定期开放灵活配置混合,信达澳银新征程定期开放灵活配置混合型证券投资基金清算报告,2021-12-09,信达澳亚,670572
2022,2022-01,FB060010,清算报告,005527,中信建投山西国企债,中信建投山西国有企业债定期开放债券型证券投资基金清算报告,2022-01-27,中信建投,694035
2022,2022-01,FB060010,清算报告,510860,兴业上证50ETF,兴业上证50交易型开放式指数证券投资基金清算报告,2022-01-27,兴业,694151
2022,2022-01,FB060010,清算报告,512350,福建ETF,兴业中证福建50交易型开放式指数证券投资基金清算报告,2022-01-27,兴业,694154
2022,2022-01,FB060010,清算报告,008622,鹏华股息龙头ETF联接,鹏华中证高股息龙头交易型开放式指数证券投资基金联接基金2022年清算报告,2022-01-26,鹏华,693888
2022,2022-01,FB060010,清算报告,006578,泰康中证港股通非银指数,泰康中证港股通非银行金融主题指数型发起式证券投资基金2022年清算报告,2022-01-26,泰康资产,693502
2022,2022-01,FB060010,清算报告,006358,前海联合泳盛纯债,新疆前海联合泳盛纯债债券型证券投资基金2022年清算报告,2022-01-25,前海联合,693124
2022,2022-01,FB060010,清算报告,003497,银华添泽定期开放债券,银华添泽定期开放债券型证券投资基金清算报告,2022-01-25,银华,693195
2022,2022-01,FB060010,清算报告,000951,中银慧享中短利率债债券,中银慧享中短利率债债券型证券投资基金清算报告,2022-01-22,中银,689705
2022,2022-01,FB060010,清算报告,501072,国金红利增强,国金标普中国A股低波红利指数增强证券投资基金（LOF）清算报告,2022-01-20,国金,683105
2022,2022-01,FB060010,清算报告,007846,华富中债-0-5年中高等级信用债指数,华富中债-0-5年中高等级信用债收益平衡指数证券投资基金清算报告,2022-01-20,华富,683195
2022,2022-01,FB060010,清算报告,519729,交银增强收益债券,交银施罗德增强收益债券型证券投资基金清算报告,2022-01-19,交银施罗德,682914
2022,2022-01,FB060010,清算报告,166904,民生加银平稳添利债券,民生加银平稳添利定期开放债券型证券投资基金清算报告,2022-01-18,民生加银,682584
2022,2022-01,FB060010,清算报告,510690,兴业金融 ETF,兴业上证180金融交易型开放式指数证券投资基金清算报告,2022-01-18,兴业,682673
2022,2022-01,FB060010,清算报告,159846,建信中证1000ETF,建信中证1000交易型开放式指数证券投资基金清算报告,2022-01-18,建信,682699
2022,2022-01,FB060010,清算报告,008230,九泰天辰量化新动力,九泰天辰量化新动力股票型证券投资基金清算报告,2022-01-18,九泰,682728
2022,2022-01,FB060010,清算报告,009454,创金合信汇融一年定开混合,创金合信汇融一年定期开放混合型证券投资基金第二次清算报告,2022-01-15,创金合信,682059
2022,2022-01,FB060010,清算报告,006686,人保安惠三个月定开,人保安惠三个月定期开放债券型发起式证券投资基金清算报告,2022-01-13,人保资产,681422
2022,2022-01,FB060010,清算报告,003430,兴业中短债债券,兴业中短债债券型证券投资基金清算报告,2022-01-11,兴业,680798
2022,2022-01,FB060010,清算报告,001615,中欧睿尚定期开放混合,中欧睿尚定期开放混合型发起式证券投资基金清算报告,2022-01-07,中欧,680144
2022,2022-02,FB060010,清算报告,008386,前海联合泓旭1年定开债券,新疆前海联合泓旭纯债1年定期开放债券型发起式证券投资基金2022年清算报告,2022-02-28,前海联合,699209
2022,2022-02,FB060010,清算报告,003928,前海联合永兴纯债,新疆前海联合永兴纯债债券型证券投资基金2022年清算报告,2022-02-25,前海联合,698866
2022,2022-02,FB060010,清算报告,006351,中金MSCI红利,中金MSCI中国A股国际红利指数发起式证券投资基金清算报告,2022-02-24,中金,698708
2022,2022-02,FB060010,清算报告,006349,中金MSCI价值,中金MSCI中国A股国际价值指数发起式证券投资基金清算报告,2022-02-24,中金,698710
2022,2022-02,FB060010,清算报告,009282,宝盈盈辉纯债,宝盈盈辉纯债债券型证券投资基金清算报告,2022-02-22,宝盈,697917
2022,2022-02,FB060010,清算报告,004576,新华恒益量化灵活配置混合,新华恒益量化灵活配置混合型证券投资基金清算报告,2022-02-21,新华,697643
2022,2022-02,FB060010,清算报告,003319,建信瑞丰添利混合,建信瑞丰添利混合型证券投资基金清算报告,2022-02-19,建信,697705
2022,2022-02,FB060010,清算报告,161213,国投瑞银中证消费服务指数（LOF）,国投瑞银中证下游消费与服务产业指数证券投资基金（LOF）2022年清算报告,2022-02-18,国投瑞银,697261
2022,2022-02,FB060010,清算报告,005796,嘉实新添荣定期混合,嘉实新添荣定期开放灵活配置混合型证券投资基金二次清算报告,2022-02-17,嘉实,696958
2022,2022-02,FB060010,清算报告,005418,申万菱信量化驱动混合,申万菱信量化驱动混合型证券投资基金清算报告,2022-02-15,申万菱信,696690
2022,2022-02,FB060010,清算报告,006945,银河臻选多策略混合,银河臻选多策略混合型证券投资基金2022年清算报告,2022-02-10,银河,695603
2022,2022-02,FB060010,清算报告,002643,鹏华兴利混合,鹏华兴利混合型证券投资基金2022年清算报告,2022-02-10,鹏华,695654
2022,2022-02,FB060010,清算报告,008813,招商中债-1-3年国开债,招商中债-1-3年国开行债券指数证券投资基金2022年清算报告,2022-02-10,招商,695676
2022,2022-02,FB060010,清算报告,002785,中融融裕双利债券,中融融裕双利债券型证券投资基金清算报告,2022-02-10,国联,695743
2022,2022-02,FB060010,清算报告,253030,国联安信心增益债券,国联安信心增益债券型证券投资基金清算报告,2022-02-08,国联安,695195
2022,2022-03,FB060010,清算报告,004860,华泰紫金零钱宝货币,华泰紫金零钱宝货币市场基金2022年清算报告,2022-03-31,华泰资管,715390
2022,2022-03,FB060010,清算报告,515690,股息ETF,鹏华中证高股息龙头交易型开放式指数证券投资基金清算报告,2022-03-29,鹏华,707828
2022,2022-03,FB060010,清算报告,005179,信达澳银新起点定期开放混合,信达澳银新起点定期开放灵活配置混合型证券投资基金清算报告,2022-03-25,信达澳亚,706032
2022,2022-03,FB060010,清算报告,006816,泰康港股通地产指数,泰康中证港股通地产指数型发起式证券投资基金2022年清算报告,2022-03-25,泰康资产,706031
2022,2022-03,FB060010,清算报告,001963,中欧天禧债券,中欧天禧纯债债券型证券投资基金清算报告,2022-03-24,中欧,705875
2022,2022-03,FB060010,清算报告,166012,中欧信用增利债券(LOF),中欧信用增利债券型证券投资基金（LOF）清算报告,2022-03-24,中欧,705883
2022,2022-03,FB060010,清算报告,008342,九泰科鑫策略精选混合 ,九泰科鑫策略精选灵活配置混合型证券投资基金清算报告,2022-03-23,九泰,705541
2022,2022-03,FB060010,清算报告,517060,华宝中证沪港深500ETF,华宝中证沪港深500交易型开放式指数证券投资基金2022年清算报告,2022-03-21,华宝,704449
2022,2022-03,FB060010,清算报告,011025,九泰久元量化,九泰久元量化股票型证券投资基金清算报告,2022-03-16,九泰,703603
2022,2022-03,FB060010,清算报告,008580,九泰久嘉纯债3个月,九泰久嘉纯债3个月定期开放债券型证券投资基金清算报告,2022-03-12,九泰,702894
2022,2022-03,FB060010,清算报告,006788,金鹰添鑫定期开放债券,金鹰添鑫定期开放债券型发起式证券投资基金2022年清算报告,2022-03-08,金鹰,701333
2022,2022-03,FB060010,清算报告,161823,银华永兴债券发起式（LOF）,银华永兴纯债债券型发起式证券投资基金（LOF）清算报告,2022-03-08,银华,701381
2022,2022-03,FB060010,清算报告,006737,诺安恒惠债券,诺安恒惠债券型证券投资基金清算报告,2022-03-08,诺安,701392
2022,2022-03,FB060010,清算报告,007102,民生加银添鑫纯债债券,民生加银添鑫纯债债券型证券投资基金清算报告,2022-03-07,民生加银,700906
2022,2022-03,FB060010,清算报告,001779,中融稳健添利债券,中融稳健添利债券型证券投资基金清算报告,2022-03-04,国联,700788
2022,2022-03,FB060010,清算报告,007080,建信中债5-10年国开行债券指数,建信中债5-10年国开行债券指数证券投资基金2022年清算报告,2022-03-03,建信,700338
2022,2022-03,FB060010,清算报告,002866,新华丰盈回报债券,新华丰盈回报债券型证券投资基金清算报告,2022-03-01,新华,699515
2022,2022-03,FB060010,清算报告,008710,宝盈盈顺纯债债券,宝盈盈顺纯债债券型证券投资基金清算报告,2022-03-01,宝盈,699533
2022,2022-04,FB060010,清算报告,006778,广发恒生中国企业精明指数(QDII),广发恒生中国企业精明指数型发起式证券投资基金（QDII）清算报告,2022-04-28,广发,732498
2022,2022-04,FB060010,清算报告,870012,广发资管睿利3年定开债,广发资管睿利3年定期开放债券型集合资产管理计划2022年清算报告,2022-04-27,广发资管,732287
2022,2022-04,FB060010,清算报告,002730,华富华鑫灵活配置混合,华富华鑫灵活配置混合型证券投资基金清算报告,2022-04-26,华富,731747
2022,2022-04,FB060010,清算报告,011595,融通核心趋势混合,融通核心趋势混合型证券投资基金清算报告,2022-04-26,融通,731826
2022,2022-04,FB060010,清算报告,003394,建信恒安一年定期开放债券,建信恒安一年定期开放债券型证券投资基金清算报告,2022-04-23,建信,731459
2022,2022-04,FB060010,清算报告,003769,中银品质生活混合,中银品质生活灵活配置混合型证券投资基金2022年清算报告,2022-04-20,中银,720595
2022,2022-04,FB060010,清算报告,008156,中金中债1-3年政金债指数,中金中债1-3年政策性金融债指数证券投资基金清算报告,2022-04-20,中金,720965
2022,2022-04,FB060010,清算报告,008118,嘉实民企精选一年定期债券,嘉实民企精选一年定期开放债券型证券投资基金清算报告,2022-04-19,嘉实,720271
2022,2022-04,FB060010,清算报告,003427,建信恒远一年定期开放债券,建信恒远一年定期开放债券型证券投资基金清算报告,2022-04-15,建信,719913
2022,2022-04,FB060010,清算报告,006198,长盛龙头双核混合,长盛龙头双核驱动混合型证券投资基金清算报告,2022-04-14,长盛,719302
2022,2022-04,FB060010,清算报告,006822,凯石湛混合,凯石湛混合型证券投资基金2022年清算报告,2022-04-12,凯石,718852
2022,2022-04,FB060010,清算报告,006698,红土创新沪深300增强,红土创新沪深300指数增强型发起式证券投资基金清算报告,2022-04-02,红土创新,717485
2022,2022-05,FB060010,清算报告,006930,泰康港股通TMT指数,泰康中证港股通TMT主题指数型发起式证券投资基金2022年清算报告,2022-05-31,泰康资产,741021
2022,2022-05,FB060010,清算报告,006918,国联安安享稳健养老一年持有混合(FOF),国联安安享稳健养老目标一年持有期混合型基金中基金(FOF)清算报告,2022-05-30,国联安,740435
2022,2022-05,FB060010,清算报告,515830,工银中证800ETF,工银瑞信中证800交易型开放式指数证券投资基金清算报告,2022-05-30,工银瑞信,740634
2022,2022-05,FB060010,清算报告,159809,博时大湾区ETF,博时恒生沪深港通大湾区综合交易型开放式指数证券投资基金二次清算报告,2022-05-27,博时,740057
2022,2022-05,FB060010,清算报告,006610,银华远见混合发起式,银华远见混合型发起式证券投资基金清算报告,2022-05-26,银华,739340
2022,2022-05,FB060010,清算报告,011595,融通核心趋势混合,融通核心趋势混合型证券投资基金第二次清算报告,2022-05-26,融通,739341
2022,2022-05,FB060010,清算报告,004806,长信先机两年定开混合,长信先机两年定期开放灵活配置混合型证券投资基金2022年清算报告,2022-05-25,长信,738997
2022,2022-05,FB060010,清算报告,004829,北信瑞丰兴瑞灵活配置,北信瑞丰兴瑞灵活配置混合型证券投资基金2022年清算报告,2022-05-25,华银基金,739198
2022,2022-05,FB060010,清算报告,010461,民生加银康利混合,民生加银康利混合型证券投资基金清算报告,2022-05-19,民生加银,737323
2022,2022-05,FB060010,清算报告,012109,融通稳健添瑞灵活配置混合 ,融通稳健添瑞灵活配置混合型证券投资基金清算报告,2022-05-19,融通,737412
2022,2022-05,FB060010,清算报告,005486,平安量化精选混合,平安量化精选混合型发起式证券投资基金清算报告,2022-05-18,平安,737074
2022,2022-05,FB060010,清算报告,005376,北信瑞丰华丰灵活配置,北信瑞丰华丰灵活配置混合型证券投资基金清算报告,2022-05-13,华银基金,735496
2022,2022-05,FB060010,清算报告,005018,国金民丰回报,国金民丰回报6个月定期开放混合型证券投资基金清算报告,2022-05-13,国金,735501
2022,2022-05,FB060010,清算报告,003004,招商睿祥定开混合,招商睿祥定期开放混合型证券投资基金2022年清算报告,2022-05-12,招商,735104
2022,2022-05,FB060010,清算报告,008435,长信中证转债及可交换债50指数,长信中证可转债及可交换债券50指数证券投资基金2022年清算报告,2022-05-10,长信,734603
2022,2022-05,FB060010,清算报告,009280,长信中债1-3年政金债指数,长信中债1-3年政策性金融债指数证券投资基金2022年清算报告,2022-05-10,长信,734604
2022,2022-05,FB060010,清算报告,002782,富国祥利定期开放债券发起式,富国祥利定期开放债券型发起式证券投资基金清算报告,2022-05-09,富国,733938
2022,2022-05,FB060010,清算报告,010493,中航瑞昱一年定开债,中航瑞昱一年定期开放债券型发起式证券投资基金清算报告,2022-05-07,中航,733949
2022,2022-05,FB060010,清算报告,009843,中金泰顺12个月,中金泰顺12个月定期开放混合型证券投资基金二次清算报告,2022-05-06,中金,733618
2022,2022-05,FB060010,清算报告,005832,景顺长城MSCI中国A股国际通ETF联接,景顺长城MSCI中国A股国际通交易型开放式指数证券投资基金联接基金清算报告,2022-05-06,景顺长城,733697
2022,2022-06,FB060010,清算报告,006498,中科沃土沃盛纯债债券,中科沃土沃盛纯债债券型证券投资基金2022年清算报告,2022-06-29,众盈基金,751218
2022,2022-06,FB060010,清算报告,006199,长盛同锦混合,长盛同锦研究精选混合型证券投资基金清算报告,2022-06-24,长盛,749493
2022,2022-06,FB060010,清算报告,007622,中欧滚利一年滚动持有债券,中欧滚利一年滚动持有债券型证券投资基金清算报告,2022-06-24,中欧,749628
2022,2022-06,FB060010,清算报告,001824,博时沪港深成长企业混合,博时沪港深成长企业混合型证券投资基金清算报告,2022-06-23,博时,749159
2022,2022-06,FB060010,清算报告,001779,中融稳健添利债券,中融稳健添利债券型证券投资基金二次清算报告,2022-06-22,国联,748895
2022,2022-06,FB060010,清算报告,008787,融通中债1-3年国开行债券指数,融通中债1-3年国开行债券指数证券投资基金清算报告,2022-06-22,融通,748690
2022,2022-06,FB060010,清算报告,001839,九泰久兴灵活配置混合,九泰久兴灵活配置混合型证券投资基金清算报告,2022-06-21,九泰,748526
2022,2022-06,FB060010,清算报告,011365,鹏扬景颐混合,鹏扬景颐混合型证券投资基金清算报告,2022-06-18,鹏扬,747747
2022,2022-06,FB060010,清算报告,008249,工银深证100ETF联接,工银瑞信深证100交易型开放式指数证券投资基金联接基金清算报告,2022-06-16,工银瑞信,746296
2022,2022-06,FB060010,清算报告,001859,大摩增值18个月开放债券,摩根士丹利华鑫纯债稳定增值18个月定期开放债券型证券投资基金2022年清算报告,2022-06-16,摩根士丹利,746307
2022,2022-06,FB060010,清算报告,009745,鹏华中债1-3隐含评级AAA指数,鹏华中债-市场隐含评级AAA信用债（1-3年）指数证券投资基金清算报告,2022-06-15,鹏华,745804
2022,2022-06,FB060010,清算报告,002424,博时文体娱乐,博时文体娱乐主题混合型证券投资基金清算报告,2022-06-10,博时,744969
2022,2022-06,FB060010,清算报告,008437,九泰行业优选混合,九泰行业优选灵活配置混合型证券投资基金清算报告,2022-06-09,九泰,744467
2022,2022-06,FB060010,清算报告,010199,长信添利安心收益混合,长信添利安心收益混合型证券投资基金2022年清算报告,2022-06-08,长信,744037
2022,2022-06,FB060010,清算报告,159897,建信中证物联网主题ETF ,建信中证物联网主题交易型开放式指数证券投资基金清算报告,2022-06-01,建信,742534
2022,2022-07,FB060010,清算报告,003174,前海联合添惠纯债,新疆前海联合添惠纯债债券型证券投资基金2022年清算报告,2022-07-28,前海联合,769031
2022,2022-07,FB060010,清算报告,011677,中银睿丰回报混合,中银睿丰回报混合型证券投资基金2022年清算报告,2022-07-25,中银,768157
2022,2022-07,FB060010,清算报告,002719,融通增祥三个月定开债券发起式,融通增祥三个月定期开放发起式债券型证券投资基金清算报告,2022-07-23,融通,768231
2022,2022-07,FB060010,清算报告,007281,嘉合消费升级混合,嘉合消费升级混合型发起式证券投资基金清算报告,2022-07-21,嘉合,764351
2022,2022-07,FB060010,清算报告,159926,嘉实中证中期国债ETF,嘉实中证金边中期国债交易型开放式指数证券投资基金清算报告,2022-07-21,嘉实,764292
2022,2022-07,FB060010,清算报告,004484,泰达宏利业绩股票,泰达宏利业绩驱动量化股票型证券投资基金清算报告,2022-07-20,宏利,759881
2022,2022-07,FB060010,清算报告,004781,泰信双债增利债券,泰信双债增利债券型证券投资基金清算报告,2022-07-18,泰信,757020
2022,2022-07,FB060010,清算报告,008658,农银中证国债政金债1-5年指数,农银汇理中证国债及政策性金融债1-5年指数证券投资基金2022年清算报告,2022-07-16,农银汇理,757114
2022,2022-07,FB060010,清算报告,166902,民生加银平稳增利债券,民生加银平稳增利定期开放债券型证券投资基金清算报告,2022-07-15,民生加银,756421
2022,2022-07,FB060010,清算报告,008598,宝盈中债1-3年国开行债券指数,宝盈中债1-3年国开行债券指数证券投资基金清算报告,2022-07-15,宝盈,756510
2022,2022-07,FB060010,清算报告,006040,安信永瑞定开债券,安信永瑞定期开放债券型发起式证券投资基金清算报告,2022-07-14,安信,756092
2022,2022-07,FB060010,清算报告,163210,诺安纯债定期开放债券,诺安纯债定期开放债券型证券投资基金清算报告,2022-07-13,诺安,755760
2022,2022-07,FB060010,清算报告,011375,华宝安益混合,华宝安益混合型证券投资基金清算报告,2022-07-12,华宝,755206
2022,2022-07,FB060010,清算报告,002554,信达澳银纯债债券,信达澳银纯债债券型证券投资基金二次清算报告,2022-07-11,信达澳亚,754878
2022,2022-07,FB060010,清算报告,003955,国泰民丰回报定期开放灵活配置混合,国泰民丰回报定期开放灵活配置混合型证券投资基金清算报告,2022-07-06,国泰,753952
2022,2022-07,FB060010,清算报告,009445,华夏上清所1-3年高等级国企中票,华夏上海清算所1-3年高等级国企中期票据指数证券投资基金清算报告,2022-07-05,华夏,753705
2022,2022-07,FB060010,清算报告,010395,融通稳健添盈灵活配置混合,融通稳健添盈灵活配置混合型证券投资基金清算报告,2022-07-05,融通,753517
2022,2022-07,FB060010,清算报告,002740,泓德裕泽一年定开债券,泓德裕泽纯债一年定期开放债券型证券投资基金清算报告,2022-07-04,泓德,753311
2022,2022-07,FB060010,清算报告,004196,泓德裕鑫一年定开债券,泓德裕鑫纯债一年定期开放债券型证券投资基金清算报告,2022-07-04,泓德,753312
2022,2022-07,FB060010,清算报告,002476,博时安瑞18个月定开债,博时安瑞18个月定期开放债券型证券投资基金清算报告,2022-07-01,博时,752875
2022,2022-08,FB060010,清算报告,515610,中银800,中银中证800交易型开放式指数证券投资基金2022年清算报告,2022-08-31,中银,784093
2022,2022-08,FB060010,清算报告,007678,泰达宏利品牌升级混合,泰达宏利品牌升级混合型证券投资基金清算报告,2022-08-30,宏利,780835
2022,2022-08,FB060010,清算报告,006199,长盛同锦混合,长盛同锦研究精选混合型证券投资基金第二次清算报告,2022-08-30,长盛,781168
2022,2022-08,FB060010,清算报告,008909,创金合信鑫益混合,创金合信鑫益混合型证券投资基金清算报告,2022-08-30,创金合信,781967
2022,2022-08,FB060010,清算报告,011444,创金合信瑞裕混合,创金合信瑞裕混合型证券投资基金清算报告,2022-08-30,创金合信,781968
2022,2022-08,FB060010,清算报告,010957,九泰久安量化,九泰久安量化股票型证券投资基金清算报告,2022-08-25,九泰,777358
2022,2022-08,FB060010,清算报告,008698,前海联合泳嘉纯债,新疆前海联合泳嘉纯债债券型证券投资基金2022年清算报告,2022-08-24,前海联合,776186
2022,2022-08,FB060010,清算报告,009470,东方欣利混合,东方欣利混合型证券投资基金2022年清算报告,2022-08-23,东方,776097
2022,2022-08,FB060010,清算报告,004480,华宝智慧产业混合,华宝智慧产业灵活配置混合型证券投资基金清算报告,2022-08-22,华宝,775628
2022,2022-08,FB060010,清算报告,002870,兴业增益五年定开债券,兴业增益五年定期开放债券型证券投资基金清算报告,2022-08-20,兴业,775613
2022,2022-08,FB060010,清算报告,005479,安信永泰定开债券,安信永泰定期开放债券型发起式证券投资基金清算报告,2022-08-19,安信,775096
2022,2022-08,FB060010,清算报告,007641,泰达宏利鑫利债券,泰达宏利鑫利半年定期开放债券型证券投资基金清算报告,2022-08-16,宏利,773736
2022,2022-08,FB060010,清算报告,012084,博时睿弘一年定开混合,博时睿弘一年定期开放混合型证券投资基金清算报告,2022-08-15,博时,773408
2022,2022-08,FB060010,清算报告,001273,民生加银新动力混合,民生加银新动力灵活配置混合型证券投资基金清算报告,2022-08-12,民生加银,772893
2022,2022-08,FB060010,清算报告,009262,民生加银中债1-5年政金债指数,民生加银中债1-5年政策性金融债指数证券投资基金清算报告,2022-08-12,民生加银,772895
2022,2022-08,FB060010,清算报告,003739,新华鑫弘灵活配置混合,新华鑫弘灵活配置混合型证券投资基金2022年清算报告,2022-08-10,新华,772166
2022,2022-08,FB060010,清算报告,006534,农银永盛定期开放混合,农银汇理永盛定期开放混合型证券投资基金2022年清算报告,2022-08-06,农银汇理,771226
2022,2022-08,FB060010,清算报告,006478,长盛多因子股票,长盛多因子策略优选股票型证券投资基金清算报告,2022-08-05,长盛,770749
2022,2022-08,FB060010,清算报告,006339,银华MSCI中国A股ETF发起式联接,银华MSCI中国A股交易型开放式指数证券投资基金发起式联接基金清算报告,2022-08-05,银华,770913
2022,2022-08,FB060010,清算报告,000087,嘉实中证金边中期国债ETF联接,嘉实中证金边中期国债交易型开放式指数证券投资基金联接基金清算报告,2022-08-05,嘉实,770752
2022,2022-09,FB060010,清算报告,690006,民生加银信用双利债券,民生加银信用双利债券型证券投资基金清算报告,2022-09-30,民生加银,796440
2022,2022-09,FB060010,清算报告,010999,兴华瑞丰混合,兴华瑞丰混合型证券投资基金清算报告,2022-09-28,兴华,795302
2022,2022-09,FB060010,清算报告,001686,安信新动力混合,安信新动力灵活配置混合型证券投资基金清算报告,2022-09-27,安信,794887
2022,2022-09,FB060010,清算报告,010498,国金惠宁中短期利率债,国金基金管理有限公司国金惠宁中短期利率债债券型证券投资基金清算报告,2022-09-24,国金,793914
2022,2022-09,FB060010,清算报告,008543,西部利得新瑞混合,西部利得新瑞混合型证券投资基金清算报告,2022-09-24,西部利得,794314
2022,2022-09,FB060010,清算报告,000708,华安安享混合,华安安享灵活配置混合型证券投资基金清算报告,2022-09-24,华安,794331
2022,2022-09,FB060010,清算报告,003146,融通通优债券,融通通优债券型证券投资基金清算报告,2022-09-24,融通,794509
2022,2022-09,FB060010,清算报告,160415,华安量化多因子(LOF),华安量化多因子混合型证券投资基金（LOF）清算报告,2022-09-23,华安,794046
2022,2022-09,FB060010,清算报告,002384,九泰鸿祥服务升级混合,九泰鸿祥服务升级灵活配置混合型证券投资基金清算报告,2022-09-23,九泰,794088
2022,2022-09,FB060010,清算报告,003065,光大保德信尊富18个月债券,光大保德信尊富18个月定期开放债券型证券投资基金清算报告,2022-09-22,光大保德信,793664
2022,2022-09,FB060010,清算报告,005486,平安量化精选混合,平安量化精选混合型发起式证券投资基金第二次清算报告,2022-09-21,平安,793486
2022,2022-09,FB060010,清算报告,168205,中融银行,中融中证银行指数证券投资基金(LOF)清算报告,2022-09-21,国联,793564
2022,2022-09,FB060010,清算报告,159951,嘉实中关村A股ETF,嘉实中关村A股交易型开放式指数证券投资基金清算报告,2022-09-20,嘉实,792945
2022,2022-09,FB060010,清算报告,008454,中信保诚中债1-3年国开行,中信保诚中债1-3年国开行债券指数证券投资基金清算报告,2022-09-13,中信保诚,791143
2022,2022-09,FB060010,清算报告,007628,南方全球精选债券发起（QDII）,南方全球精选债券型发起式证券投资基金（QDII）2022年清算报告,2022-09-08,南方,790654
2022,2022-09,FB060010,清算报告,920012,集合-中金汇越定开,中金汇越量化对冲策略3个月定期开放灵活配置混合型集合资产管理计划清算报告,2022-09-03,中金公司,789685
2022,2022-09,FB060010,清算报告,004254,民生加银汇鑫定开债券,民生加银汇鑫一年定期开放债券型证券投资基金清算报告,2022-09-02,民生加银,789294
2022,2022-10,FB060010,清算报告,009320,中信保诚中债1-3年农发行,中信保诚中债1-3年农发行债券指数证券投资基金清算报告,2022-10-31,中信保诚,812379
2022,2022-10,FB060010,清算报告,007613,嘉合医疗健康混合,嘉合医疗健康混合型发起式证券投资基金清算报告,2022-10-28,嘉合,812045
2022,2022-10,FB060010,清算报告,004775,嘉实新添泽定期混合,嘉实新添泽定期开放混合型证券投资基金清算报告,2022-10-24,嘉实,800943
2022,2022-10,FB060010,清算报告,005173,富荣富安债券,富荣富安债券型证券投资基金2022年清算报告,2022-10-22,富荣,801011
2022,2022-10,FB060010,清算报告,006583,中信保诚景泰债券,中信保诚景泰债券型证券投资基金清算报告,2022-10-21,中信保诚,800233
2022,2022-10,FB060010,清算报告,009191,中信保诚景裕中短债,中信保诚景裕中短债债券型证券投资基金清算报告,2022-10-19,中信保诚,799761
2022,2022-10,FB060010,清算报告,007366,易方达中债3-5年政金债指数,易方达中债3-5年政策性金融债指数证券投资基金清算报告,2022-10-18,易方达,799379
2022,2022-10,FB060010,清算报告,005405,中金金序量化蓝筹,中金金序量化蓝筹混合型证券投资基金清算报告,2022-10-14,中金,798908
2022,2022-10,FB060010,清算报告,003658,长盛量化多策略,长盛量化多策略灵活配置混合型证券投资基金清算报告,2022-10-12,长盛,798347
2022,2022-10,FB060010,清算报告,004652,建信鑫利回报灵活配置混合,建信鑫利回报灵活配置混合型证券投资基金清算报告,2022-10-01,建信,797578
2022,2022-10,FB060010,清算报告,004668,建信鑫泽回报灵活配置混合,建信鑫泽回报灵活配置混合型证券投资基金清算报告,2022-10-01,建信,797579
2022,2022-11,FB060010,清算报告,159962,华夏中证四川国改ETF,华夏中证四川国企改革交易型开放式指数证券投资基金清算报告,2022-11-30,华夏,822495
2022,2022-11,FB060010,清算报告,006560,华夏中证四川国改ETF联接,华夏中证四川国企改革交易型开放式指数证券投资基金发起式联接基金清算报告,2022-11-30,华夏,822760
2022,2022-11,FB060010,清算报告,159932,大成中证500深市ETF,大成中证500深市交易型开放式指数证券投资基金2022年清算报告,2022-11-30,大成,823025
2022,2022-11,FB060010,清算报告,012726,申万菱信睿选混合,申万菱信睿选混合型证券投资基金清算报告,2022-11-29,申万菱信,822040
2022,2022-11,FB060010,清算报告,004550,中科沃土沃祥债券发起,中科沃土沃祥债券型发起式证券投资基金2022年清算报告,2022-11-18,众盈基金,818421
2022,2022-11,FB060010,清算报告,005185,国泰招惠收益定期开放债券,国泰招惠收益定期开放债券型证券投资基金清算报告,2022-11-14,国泰,815962
2022,2022-11,FB060010,清算报告,516680,建信中证细分有色金属产业主题ETF ,建信中证细分有色金属产业主题交易型开放式指数证券投资基金清算报告,2022-11-12,建信,816213
2022,2022-11,FB060010,清算报告,002789,长盛同享混合,长盛同享灵活配置混合型证券投资基金清算报告,2022-11-11,长盛,815498
2022,2022-11,FB060010,清算报告,004144,上投摩根安丰回报混合,上投摩根安丰回报混合型证券投资基金清算报告,2022-11-11,摩根,815654
2022,2022-11,FB060010,清算报告,003059,长信先利半年定开混合,长信先利半年定期开放混合型证券投资基金清算报告,2022-11-10,长信,815368
2022,2022-11,FB060010,清算报告,159986,弘毅远方国证消费100ETF,弘毅远方国证消费100交易型开放式指数证券投资基金清算报告,2022-11-08,弘毅远方,814539
2022,2022-11,FB060010,清算报告,003273,安信永丰定开债券,安信永丰定期开放债券型证券投资基金清算报告,2022-11-08,安信,814646
2022,2022-11,FB060010,清算报告,009502,国寿安保创新医药股票,国寿安保创新医药股票型证券投资基金清算报告,2022-11-04,国寿安保,813857
2022,2022-11,FB060010,清算报告,010066,方正富邦中证500指数增强,方正富邦中证500指数增强型证券投资基金清算报告,2022-11-04,方正富邦,813923
2022,2022-11,FB060010,清算报告,014018,汇添富中证沪港深500ETF联接,汇添富中证沪港深500交易型开放式指数证券投资基金联接基金清算报告,2022-11-03,汇添富,813558
2022,2022-11,FB060010,清算报告,010395,融通稳健添盈灵活配置混合,融通稳健添盈灵活配置混合型证券投资基金第二次清算报告,2022-11-02,融通,813139
2022,2022-11,FB060010,清算报告,008740,国寿安保尊盛双债债券,国寿安保尊盛双债债券型证券投资基金清算报告,2022-11-01,国寿安保,812768
2022,2022-11,FB060010,清算报告,000246,博时月月薪债券,博时月月薪定期支付债券型证券投资基金清算报告,2022-11-01,博时,812848
2022,2022-12,FB060010,清算报告,001141,泰达宏利创盈混合,泰达宏利创盈灵活配置混合型证券投资基金清算报告,2022-12-31,宏利,833509
2022,2022-12,FB060010,清算报告,004668,建信鑫泽回报灵活配置混合,建信鑫泽回报灵活配置混合型证券投资基金二次清算报告,2022-12-30,建信,832641
2022,2022-12,FB060010,清算报告,004652,建信鑫利回报灵活配置混合,建信鑫利回报灵活配置混合型证券投资基金二次清算报告,2022-12-30,建信,832642
2022,2022-12,FB060010,清算报告,005429,渤海汇金睿选混合,渤海汇金睿选混合型发起式证券投资基金清算报告,2022-12-30,渤海汇金,832982
2022,2022-12,FB060010,清算报告,011675,长城中债1-5年国开债指数,长城中债1-5年国开行债券指数证券投资基金清算报告,2022-12-30,长城,833158
2022,2022-12,FB060010,清算报告,000412,国开岁月鎏金定开信用债,国开泰富岁月鎏金定期开放信用债券型证券投资基金2022年清算报告,2022-12-30,京管泰富,833205
2022,2022-12,FB060010,清算报告,013229,中邮睿丰增强债券,中邮睿丰增强债券型证券投资基金清算报告,2022-12-28,中邮创业,831770
2022,2022-12,FB060010,清算报告,002023,红塔红土稳健回报,红塔红土稳健回报灵活配置混合型发起式证券投资基金2022年清算报告,2022-12-28,红塔红土,831871
2022,2022-12,FB060010,清算报告,008443,九泰动态策略混合,九泰动态策略灵活配置混合型证券投资基金清算报告,2022-12-28,九泰,831947
2022,2022-12,FB060010,清算报告,004606,上投摩根优选多因子股票,上投摩根优选多因子股票型证券投资基金清算报告,2022-12-27,摩根,831141
2022,2022-12,FB060010,清算报告,001495,东方新价值混合,东方新价值混合型证券投资基金清算报告,2022-12-26,东方,830684
2022,2022-12,FB060010,清算报告,159955,嘉实创业板ETF,嘉实创业板交易型开放式指数证券投资基金清算报告,2022-12-26,嘉实,830486
2022,2022-12,FB060010,清算报告,004212,中融量化智选混合,中融量化智选混合型证券投资基金清算报告,2022-12-24,国联,830610
2022,2022-12,FB060010,清算报告,004546,建信量化优享定期开放混合,建信量化优享定期开放灵活配置混合型证券投资基金清算报告,2022-12-24,建信,830781
2022,2022-12,FB060010,清算报告,006084,融通研究优选混合,融通研究优选混合型证券投资基金清算报告,2022-12-24,融通,830705
2022,2022-12,FB060010,清算报告,004976,华润元大景泰混合,华润元大景泰混合型证券投资基金清算报告,2022-12-23,华润元大,830443
2022,2022-12,FB060010,清算报告,013947,国金惠利纯债,国金惠利纯债债券型证券投资基金清算报告,2022-12-22,国金,829238
2022,2022-12,FB060010,清算报告,013541,银河中债1-3年国开行债券指数,银河中债1-3年国开行债券指数证券投资基金2022年清算报告,2022-12-22,银河,829665
2022,2022-12,FB060010,清算报告,512780,广发中证京津冀ETF,广发中证京津冀协同发展主题交易型开放式指数证券投资基金清算报告,2022-12-21,广发,829402
2022,2022-12,FB060010,清算报告,004558,汇安丰裕混合,汇安丰裕灵活配置混合型证券投资基金清算报告,2022-12-19,汇安,828244
2022,2022-12,FB060010,清算报告,510220,华泰柏瑞上证中小盘ETF,上证中小盘交易型开放式指数证券投资基金清算报告,2022-12-09,华泰柏瑞,825526
2022,2022-12,FB060010,清算报告,003514,国寿安保安享纯债债券,国寿安保安享纯债债券型证券投资基金清算报告,2022-12-08,国寿安保,824917
2022,2022-12,FB060010,清算报告,005021,渤海汇金量化汇盈混合,渤海汇金量化汇盈灵活配置混合型证券投资基金清算报告,2022-12-08,渤海汇金,825237
2022,2022-12,FB060010,清算报告,166803,浙商惠民纯债,浙商惠民纯债债券型证券投资基金清算报告,2022-12-08,浙商,834096
2022,2022-12,FB060010,清算报告,004112,创金合信国企活力混合,创金合信国企活力混合型证券投资基金清算报告,2022-12-08,创金合信,824899
2022,2022-12,FB060010,清算报告,510440,中证500沪市ETF,中证500沪市交易型开放式指数证券投资基金清算报告,2022-12-08,大成,833854
2022,2022-12,FB060010,清算报告,009677,浙商智多益稳健一年持有期,浙商智多益稳健一年持有期混合型证券投资基金清算报告,2022-12-07,浙商,834095
2022,2022-12,FB060010,清算报告,009071,德邦安鑫混合,德邦安鑫混合型证券投资基金清算报告,2022-12-06,德邦,824326
2022,2022-12,FB060010,清算报告,561150,富国中证500ESG基准ETF,富国中证500ESG基准交易型开放式指数证券投资基金清算报告,2022-12-06,富国,824342
2022,2022-12,FB060010,清算报告,009574,德邦安益6个月持有期混合,德邦安益6个月持有期混合型证券投资基金清算报告,2022-12-05,德邦,824097
2022,2022-12,FB060010,清算报告,512610,嘉实中证医药卫生ETF,嘉实中证医药卫生交易型开放式指数证券投资基金清算报告,2022-12-05,嘉实,823884
2022,2022-12,FB060010,清算报告,010398,中加科享混合,中加科享混合型证券投资基金清算报告,2022-12-03,中加,823896
2022,2022-12,FB060010,清算报告,007274,景顺长城养老目标日期2045五年持有期混合FOF,景顺长城养老目标日期2045五年持有期混合型发起式基金中基金(FOF)清算报告,2022-12-02,景顺长城,823801
2022,2022-12,FB060010,清算报告,001733,泰达宏利量化股票,泰达宏利量化增强股票型证券投资基金清算报告,2022-12-01,宏利,823200
2022,2022-12,FB060010,清算报告,005392,长信价值蓝筹两年定开混合,长信价值蓝筹两年定期开放灵活配置混合型证券投资基金清算报告,2022-12-01,长信,823289
2022,2022-12,FB060010,清算报告,012694,汇添富国证生物医药ETF联接,汇添富国证生物医药交易型开放式指数证券投资基金联接基金清算报告,2022-12-01,汇添富,823373
2023,2023-01,FB060010,清算报告,008461,平安盈丰积极配置三个月持有期混合(FOF),平安盈丰积极配置三个月持有期混合型发起式基金中基金（FOF）2023年清算报告,2023-01-31,平安,848533
2023,2023-01,FB060010,清算报告,012677,万家瑞泰混合,万家瑞泰混合型证券投资基金清算报告,2023-01-20,万家,840120
2023,2023-01,FB060010,清算报告,003749,创金合信鑫收益,创金合信鑫收益灵活配置混合型证券投资基金2023年清算报告,2023-01-19,创金合信,844497
2023,2023-01,FB060010,清算报告,004557,北信瑞丰鼎丰,北信瑞丰鼎丰灵活配置混合型发起式证券投资基金清算报告,2023-01-19,华银基金,839229
2023,2023-01,FB060010,清算报告,008093,同泰慧选混合,同泰慧选混合型发起式证券投资基金2023年清算报告,2023-01-19,同泰,839074
2023,2023-01,FB060010,清算报告,016000,博时时代精选混合,博时时代精选混合型证券投资基金清算报告,2023-01-19,博时,839505
2023,2023-01,FB060010,清算报告,005715,人保纯债一年定开,人保纯债一年定期开放债券型证券投资基金清算报告,2023-01-18,人保资产,837147
2023,2023-01,FB060010,清算报告,006455,人保福睿18个月定期开放债券,人保福睿18个月定期开放债券型证券投资基金清算报告,2023-01-18,人保资产,837148
2023,2023-01,FB060010,清算报告,006461,人保福泽一年定期开放债券,人保福泽纯债一年定期开放债券型证券投资基金清算报告,2023-01-18,人保资产,837149
2023,2023-01,FB060010,清算报告,000502,华富恒富18个月定期开放债券,华富恒富18个月定期开放债券型证券投资基金清算报告,2023-01-18,华富,837684
2023,2023-01,FB060010,清算报告,008518,弘毅远方经济新动力混合,弘毅远方经济新动力混合型发起式证券投资基金2023年清算报告,2023-01-17,弘毅远方,836402
2023,2023-01,FB060010,清算报告,519640,银河鸿利混合,银河鸿利灵活配置混合型证券投资基金2023年清算报告,2023-01-16,银河,835992
2023,2023-01,FB060010,清算报告,014630,汇添富中证人工智能主题ETF联接,汇添富中证人工智能主题交易型开放式指数证券投资基金联接基金清算报告,2023-01-16,汇添富,836028
2023,2023-01,FB060010,清算报告,008202,中银恒裕9个月持有期债券,中银恒裕9个月持有期债券型证券投资基金2023年清算报告,2023-01-16,中银,836265
2023,2023-01,FB060010,清算报告,519662,银河回报债券,银河久益回报6个月定期开放债券型证券投资基金2023年清算报告,2023-01-14,银河,835991
2023,2023-01,FB060010,清算报告,161718,招商沪深300高贝塔指数,招商沪深300高贝塔指数证券投资基金清算报告,2023-01-13,招商,835863
2023,2023-01,FB060010,清算报告,005247,国都量化精选,国都量化精选混合型证券投资基金2023年清算报告,2023-01-12,国都证券,835490
2023,2023-01,FB060010,清算报告,014123,华润元大ESG主题混合,华润元大ESG主题混合型证券投资基金清算报告,2023-01-10,华润元大,834722
2023,2023-01,FB060010,清算报告,011253,华宝1-5年政金债指数,华宝中债1-5年政策性金融债指数证券投资基金清算报告,2023-01-10,华宝,834780
2023,2023-01,FB060010,清算报告,512920,新华MSCI中国A股国际ETF,新华MSCI 中国A 股国际交易型开放式指数证券投资基金清算报告,2023-01-09,新华,834524
2023,2023-02,FB060010,清算报告,007309,鹏华9-10年利率发起式债券,鹏华9-10年利率债债券型发起式证券投资基金2023年清算报告,2023-02-28,鹏华,855122
2023,2023-02,FB060010,清算报告,515870,嘉实先进制造100ETF,嘉实中证先进制造100策略交易型开放式指数证券投资基金清算报告,2023-02-27,嘉实,854660
2023,2023-02,FB060010,清算报告,001059,中金绝对收益,中金绝对收益策略定期开放混合型发起式证券投资基金清算报告,2023-02-22,中金,853647
2023,2023-02,FB060010,清算报告,011958,宝盈中债3-5年国开行债券指数,宝盈中债3-5年国开行债券指数证券投资基金清算报告,2023-02-21,宝盈,853107
2023,2023-02,FB060010,清算报告,005396,中金丰硕,中金丰硕混合型证券投资基金清算报告,2023-02-21,中金,853132
2023,2023-02,FB060010,清算报告,010520,兴业中债3-5年政策性金融债,兴业中债3-5年政策性金融债指数证券投资基金清算报告,2023-02-17,兴业,851984
2023,2023-02,FB060010,清算报告,159978,建信大湾区发展主题ETF,建信中证沪港深粤港澳大湾区发展主题交易型开放式指数证券投资基金清算报告,2023-02-17,建信,852056
2023,2023-02,FB060010,清算报告,015416,泰康中证新能源动力电池指数,泰康中证新能源动力电池指数型证券投资基金清算报告,2023-02-17,泰康,851802
2023,2023-02,FB060010,清算报告,002421,新华增强债券,新华增强债券型证券投资基金清算报告,2023-02-16,新华,851583
2023,2023-02,FB060010,清算报告,006911,长江量化匠心甄选,长江量化匠心甄选股票型证券投资基金清算报告,2023-02-16,长江资管,851789
2023,2023-02,FB060010,清算报告,003582,中金量化多策略,中金量化多策略灵活配置混合型证券投资基金清算报告,2023-02-15,中金,851381
2023,2023-02,FB060010,清算报告,009627,天弘睿新三个月定开,天弘睿新三个月定期开放混合型证券投资基金清算报告,2023-02-13,天弘,850825
2023,2023-02,FB060010,清算报告,007541,新华MSCI中国A股国际ETF联接,新华MSCI 中国A 股国际交易型开放式指数证券投资基金联接基金清算报告,2023-02-13,新华,850938
2023,2023-02,FB060010,清算报告,004951,申万菱信价值优利混合,申万菱信价值优利混合型证券投资基金清算报告,2023-02-09,申万菱信,850275
2023,2023-02,FB060010,清算报告,008768,创金合信上证超大盘量化,创金合信上证超大盘量化精选股票型发起式证券投资基金清算报告,2023-02-09,创金合信,850131
2023,2023-02,FB060010,清算报告,002398,华安安禧灵活配置混合,华安安禧灵活配置混合型证券投资基金清算报告,2023-02-08,华安,849937
2023,2023-02,FB060010,清算报告,511310,富国中证10年期国债ETF,富国中证10年期国债交易型开放式指数证券投资基金清算报告,2023-02-08,富国,850004
2023,2023-02,FB060010,清算报告,001795,上投摩根文体休闲混合,上投摩根文体休闲灵活配置混合型证券投资基金清算报告,2023-02-08,摩根,850099
2023,2023-02,FB060010,清算报告,519117,浦银安盛基本面400指数,浦银安盛中证锐联基本面400指数证券投资基金清算报告,2023-02-06,浦银基金,849536
2023,2023-02,FB060010,清算报告,006279,中金瑞祥,中金瑞祥灵活配置混合型证券投资基金清算报告,2023-02-04,中金,849449
2023,2023-03,FB060010,清算报告,011438,红塔红土盛昌优选混合型,红塔红土盛昌优选混合型证券投资基金清算报告,2023-03-30,红塔红土,865751
2023,2023-03,FB060010,清算报告,002909,浙商惠享纯债,浙商惠享纯债债券型证券投资基金2023年清算报告,2023-03-30,浙商,865852
2023,2023-03,FB060010,清算报告,008879,国联安中债1-3年政金债指数,国联安中债1-3年政策性金融债指数证券投资基金清算报告,2023-03-28,国联安,862814
2023,2023-03,FB060010,清算报告,005146,兴银丰润混合,兴银丰润灵活配置混合型证券投资基金2023年清算报告,2023-03-28,兴银,863138
2023,2023-03,FB060010,清算报告,014613,南方固元6个月持有债券,南方固元6个月持有期债券型证券投资基金2023年清算报告,2023-03-27,南方,862618
2023,2023-03,FB060010,清算报告,005027,光大保德信多策略优选一年灵活配置混合,光大保德信多策略优选一年定期开放灵活配置混合型证券投资基金清算报告,2023-03-24,光大保德信,861895
2023,2023-03,FB060010,清算报告,013704,德邦90天滚动持有中短债债券,德邦90天滚动持有中短债债券型证券投资基金清算报告,2023-03-23,德邦,861544
2023,2023-03,FB060010,清算报告,515500,海富通中证长三角领先ETF,海富通中证长三角领先交易型开放式指数证券投资基金清算报告,2023-03-23,海富通,861756
2023,2023-03,FB060010,清算报告,502020,国金上证50指数增强(LOF),国金上证50指数增强证券投资基金（LOF）2023年清算报告,2023-03-22,国金,860408
2023,2023-03,FB060010,清算报告,006119,银华中证央企结构调整ETF联接,银华中证央企结构调整交易型开放式指数证券投资基金联接基金清算报告,2023-03-21,银华,860470
2023,2023-03,FB060010,清算报告,000049,中银标普全球资源等权重指数（QDII）,中银标普全球精选自然资源等权重指数证券投资基金2023年清算报告,2023-03-20,中银,860218
2023,2023-03,FB060010,清算报告,008522,富荣富合一年定开债,富荣富合一年定期开放纯债债券型发起式证券投资基金清算报告,2023-03-20,富荣,860275
2023,2023-03,FB060010,清算报告,009185,农银永乐3月持有（FOF）,农银汇理永乐3个月持有期混合型基金中基金（FOF）清算报告,2023-03-20,农银汇理,860360
2023,2023-03,FB060010,清算报告,008522,富荣富合一年定开债,富荣富合一年定期开放纯债债券型发起式证券投资基金清算报告,2023-03-20,富荣,860275
2023,2023-03,FB060010,清算报告,004166,东方价值挖掘灵活配置混合,东方价值挖掘灵活配置混合型证券投资基金2023年清算报告,2023-03-16,东方,859456
2023,2023-03,FB060010,清算报告,005035,银华信息科技量化股票发起式,银华信息科技量化优选股票型发起式证券投资基金清算报告,2023-03-16,银华,859557
2023,2023-03,FB060010,清算报告,008533,惠升惠兴混合,惠升惠兴混合型证券投资基金清算报告,2023-03-15,惠升,858992
2023,2023-03,FB060010,清算报告,002453,九泰久稳混合,九泰久稳灵活配置混合型证券投资基金基金清算报告,2023-03-15,九泰,859226
2023,2023-03,FB060010,清算报告,160922,大成恒生综合中小型股指数,大成恒生综合中小型股指数证券投资基金（QDII-LOF）清算报告,2023-03-15,大成,858990
2023,2023-03,FB060010,清算报告,004033,金鹰添荣纯债债券,金鹰添荣纯债债券型证券投资基金2023年清算报告,2023-03-14,金鹰,858530
2023,2023-04,FB060010,清算报告,009044,浦银安盛盛毅一年定开债券,浦银安盛盛毅一年定期开放债券型发起式证券投资基金清算报告,2023-04-28,浦银基金,892077
2023,2023-04,FB060010,清算报告,519134,海富通富祥混合,海富通富祥混合型证券投资基金清算报告,2023-04-28,海富通,892161
2023,2023-04,FB060010,清算报告,003475,前海联合沪深300,新疆前海联合沪深300指数型证券投资基金2023年清算报告,2023-04-26,前海联合,891138
2023,2023-04,FB060010,清算报告,014123,华润元大ESG主题混合,华润元大ESG主题混合型证券投资基金二次清算报告,2023-04-25,华润元大,889459
2023,2023-04,FB060010,清算报告,012665,国寿安保裕祥混合,国寿安保裕祥混合型证券投资基金清算报告,2023-04-25,国寿安保,890754
2023,2023-04,FB060010,清算报告,001185,安信动态策略混合,安信动态策略灵活配置混合型证券投资基金清算报告,2023-04-24,安信,888005
2023,2023-04,FB060010,清算报告,001419,泰达宏利新思路混合,泰达宏利新思路灵活配置混合型证券投资基金清算报告,2023-04-20,宏利,879698
2023,2023-04,FB060010,清算报告,159832,平安上海金ETF,平安上海金交易型开放式证券投资基金清算报告,2023-04-19,平安,878712
2023,2023-04,FB060010,清算报告,002732,长盛沪港深混合,长盛沪港深优势精选灵活配置混合型证券投资基金清算报告,2023-04-18,长盛,878267
2023,2023-04,FB060010,清算报告,004917,中银证券祥瑞混合,中银证券祥瑞混合型证券投资基金清算报告,2023-04-18,中银国际证券,878344
2023,2023-04,FB060010,清算报告,005095,国泰量化成长优选混合,国泰量化成长优选混合型证券投资基金清算报告,2023-04-17,国泰,878042
2023,2023-04,FB060010,清算报告,008236,招商深证100ETF联接,招商深证100交易型开放式指数证券投资基金联接基金清算报告,2023-04-15,招商,878086
2023,2023-04,FB060010,清算报告,012961,招商创业板大盘ETF联接,招商创业板大盘交易型开放式指数证券投资基金联接基金清算报告,2023-04-15,招商,878093
2023,2023-04,FB060010,清算报告,517780,浦银安盛中华交易服务沪深港300ETF,浦银安盛中华交易服务沪深港300交易型开放式指数证券投资基金清算报告,2023-04-15,浦银基金,878197
2023,2023-04,FB060010,清算报告,002475,中邮睿利增强债券,中邮睿利增强债券型证券投资基金清算报告,2023-04-14,中邮创业,877605
2023,2023-04,FB060010,清算报告,006279,中金瑞祥,中金瑞祥灵活配置混合型证券投资基金二次清算报告,2023-04-14,中金,877790
2023,2023-04,FB060010,清算报告,515510,嘉实中证500成长估值ETF,嘉实中证500成长估值交易型开放式指数证券投资基金清算报告,2023-04-14,嘉实,877560
2023,2023-04,FB060010,清算报告,002220,南方瑞利灵活配置混合,南方瑞利灵活配置混合型证券投资基金2023年清算报告,2023-04-13,南方,877510
2023,2023-04,FB060010,清算报告,003854,汇安丰华混合,汇安丰华灵活配置混合型证券投资基金清算报告,2023-04-12,汇安,876499
2023,2023-04,FB060010,清算报告,519208,万家3-5年政金债,万家3-5年政策性金融债纯债债券型证券投资基金清算报告,2023-04-12,万家,876596
2023,2023-05,FB060010,清算报告,002616,中银益利混合,中银益利灵活配置混合型证券投资基金2023年清算报告,2023-05-31,中银,900873
2023,2023-05,FB060010,清算报告,006818,安信盈利驱动股票,安信盈利驱动股票型证券投资基金清算报告,2023-05-31,安信,900913
2023,2023-05,FB060010,清算报告,515520,大成MSCI中国A股质优价值100ETF,大成MSCI中国A股质优价值100交易型开放式指数证券投资基金清算报告,2023-05-30,大成,899799
2023,2023-05,FB060010,清算报告,008199,华夏粤港澳大湾区创新100ETF联接,华夏粤港澳大湾区创新100交易型开放式指数证券投资基金发起式联接基金清算报告,2023-05-26,华夏,898722
2023,2023-05,FB060010,清算报告,013015,海富通惠鑫混合,海富通惠鑫混合型证券投资基金清算报告,2023-05-26,海富通,899112
2023,2023-05,FB060010,清算报告,519629,银河睿利混合,银河睿利灵活配置混合型证券投资基金2023年清算报告,2023-05-24,银河,897406
2023,2023-05,FB060010,清算报告,003850,中银锦利混合,中银锦利灵活配置混合型证券投资基金2023年清算报告,2023-05-24,中银,897595
2023,2023-05,FB060010,清算报告,013697,华润元大润安混合,华润元大润安混合型证券投资基金清算报告,2023-05-22,华润元大,896583
2023,2023-05,FB060010,清算报告,162416,华宝港股通恒生香港35指数,华宝港股通恒生香港35指数证券投资基金(LOF)2023年清算报告,2023-05-20,华宝,896618
2023,2023-05,FB060010,清算报告,003966,中银润利混合,中银润利灵活配置混合型证券投资基金2023年清算报告,2023-05-18,中银,895537
2023,2023-05,FB060010,清算报告,009384,大摩MSCI中国A股增强,摩根士丹利华鑫MSCI中国A股指数增强型证券投资基金2023年清算报告,2023-05-17,摩根士丹利,895205
2023,2023-05,FB060010,清算报告,009140,永赢竞争力精选混合,永赢竞争力精选混合型发起式证券投资基金清算报告,2023-05-17,永赢,895223
2023,2023-05,FB060010,清算报告,009079,南方粤港澳大湾区创新100ETF发起联接,南方粤港澳大湾区创新100交易型开放式指数证券投资基金发起式联接基金2023年清算报告,2023-05-16,南方,894922
2023,2023-05,FB060010,清算报告,008837,融通通益混合,融通通益混合型证券投资基金清算报告,2023-05-16,融通,894828
2023,2023-05,FB060010,清算报告,004891,华润元大成长精选,华润元大成长精选股票型发起式证券投资基金清算报告,2023-05-15,华润元大,894423
2023,2023-05,FB060010,清算报告,159815,招商中证浙江100ETF,招商中证浙江100交易型开放式指数证券投资基金清算报告,2023-05-15,招商,894492
2023,2023-05,FB060010,清算报告,160524,博时弘泰定开混合,博时弘泰定期开放混合型证券投资基金清算报告,2023-05-10,博时,893906
2023,2023-05,FB060010,清算报告,013583,招商品质领航混合,招商品质领航混合型证券投资基金清算报告,2023-05-10,招商,893712
2023,2023-05,FB060010,清算报告,980003,太平洋证券六个月滚动持有债券,太平洋证券六个月滚动持有债券型集合资产管理计划清算报告,2023-05-09,太平洋证券,893221
2023,2023-05,FB060010,清算报告,501069,华宝标普中国A股质量价值指数,华宝标普中国A股质量价值指数证券投资基金（LOF）清算报告,2023-05-05,华宝,892501
2023,2023-06,FB060010,清算报告,007264,人保中高等级信用债,人保中高等级信用债债券型证券投资基金2023年清算报告,2023-06-30,人保资产,911186
2023,2023-06,FB060010,清算报告,011484,申万菱信宜选混合,申万菱信宜选混合型证券投资基金清算报告,2023-06-30,申万菱信,911278
2023,2023-06,FB060010,清算报告,008991,申万菱信安鑫慧选混合,申万菱信安鑫慧选混合型证券投资基金清算报告,2023-06-30,申万菱信,911279
2023,2023-06,FB060010,清算报告,165806,东吴沪深300指数,东吴沪深300指数型证券投资基金2023年清算报告,2023-06-30,东吴,911334
2023,2023-06,FB060010,清算报告,004801,浦银安盛安久回报定开混合,浦银安盛安久回报定期开放混合型证券投资基金清算报告,2023-06-30,浦银基金,911445
2023,2023-06,FB060010,清算报告,165510,信诚四国配置（QDII-FOF-LOF）,信诚金砖四国积极配置证券投资基金（LOF）清算报告,2023-06-29,中信保诚,910406
2023,2023-06,FB060010,清算报告,010078,博时恒荣一年混合,博时恒荣一年持有期混合型证券投资基金清算报告,2023-06-29,博时,910456
2023,2023-06,FB060010,清算报告,005396,中金丰硕,中金丰硕混合型证券投资基金二次清算报告,2023-06-29,中金,910562
2023,2023-06,FB060010,清算报告,011750,博时恒兴一年定开混合,博时恒兴一年定期开放混合型证券投资基金清算报告,2023-06-27,博时,909394
2023,2023-06,FB060010,清算报告,002194,北信瑞丰稳定增强偏债,北信瑞丰稳定增强偏债混合型证券投资基金2023年清算报告,2023-06-26,华银基金,909175
2023,2023-06,FB060010,清算报告,009554,建信中债1-3年农发行债券指数,建信中债1-3年农发行债券指数证券投资基金清算报告,2023-06-22,建信,909132
2023,2023-06,FB060010,清算报告,013198,南方季季享90天滚动持有债券,南方季季享90天滚动持有债券型证券投资基金2023年清算报告,2023-06-22,南方,909156
2023,2023-06,FB060010,清算报告,014927,银河恒益混合,银河恒益混合型证券投资基金2023年清算报告,2023-06-21,银河,908286
2023,2023-06,FB060010,清算报告,501309,国泰恒生港股通指数(LOF),国泰恒生港股通指数证券投资基金（LOF）清算报告,2023-06-20,国泰,907618
2023,2023-06,FB060010,清算报告,003232,创金合信金融地产股票,创金合信金融地产精选股票型证券投资基金清算报告,2023-06-20,创金合信,907598
2023,2023-06,FB060010,清算报告,010001,创金合信研究精选股票,创金合信研究精选股票型证券投资基金清算报告,2023-06-20,创金合信,907600
2023,2023-06,FB060010,清算报告,400023,东方多策略灵活配置混合,东方多策略灵活配置混合型证券投资基金2023年清算报告,2023-06-16,东方,906734
2023,2023-06,FB060010,清算报告,007782,大成MSCI价值100ETF联接,大成MSCI中国A股质优价值100交易型开放式指数证券投资基金联接基金清算报告,2023-06-14,大成,905698
2023,2023-06,FB060010,清算报告,159833,上海金基,大成上海金交易型开放式证券投资基金清算报告,2023-06-14,大成,905702
2023,2023-06,FB060010,清算报告,009161,摩根锦程积极养老五年持有混合(FOF),摩根锦程积极成长养老目标五年持有期混合型发起式基金中基金(FOF)清算报告,2023-06-14,摩根,905731
2023,2023-07,FB060010,清算报告,519602,海富通大中华混合（QDII）,海富通大中华精选混合型证券投资基金清算报告,2023-07-31,海富通,939548
2023,2023-07,FB060010,清算报告,519027,海富通上证周期ETF联接,海富通上证周期行业50交易型开放式指数证券投资基金联接基金清算报告,2023-07-28,海富通,938680
2023,2023-07,FB060010,清算报告,510110,海富通上证周期ETF,上证周期行业50交易型开放式指数证券投资基金清算报告,2023-07-28,海富通,938681
2023,2023-07,FB060010,清算报告,510120,海富通上证非周期ETF,上证非周期行业100交易型开放式指数证券投资基金清算报告,2023-07-28,海富通,938682
2023,2023-07,FB060010,清算报告,004284,华宝新优选混合,华宝新优选一年定期开放灵活配置混合型证券投资基金清算报告,2023-07-27,华宝,938014
2023,2023-07,FB060010,清算报告,006783,红土创新中证500增强,红土创新中证500指数增强型发起式证券投资基金清算报告,2023-07-27,红土创新,938068
2023,2023-07,FB060010,清算报告,010762,博时恒康持有期混合,博时恒康一年持有期混合型证券投资基金清算报告,2023-07-27,博时,938212
2023,2023-07,FB060010,清算报告,010822,景顺长城顺安回报混合,景顺长城顺安回报混合型证券投资基金清算报告,2023-07-21,景顺长城,934712
2023,2023-07,FB060010,清算报告,005264,国都多策略,国都多策略混合型证券投资基金2023年清算报告,2023-07-20,国都证券,927647
2023,2023-07,FB060010,清算报告,011581,鹏华安源5个月持有期混合,鹏华安源5个月持有期混合型证券投资基金2023年清算报告,2023-07-20,鹏华,928842
2023,2023-07,FB060010,清算报告,009528,建信中债湖北省政府债指数,建信中债湖北省地方政府债指数发起式证券投资基金清算报告,2023-07-20,建信,929487
2023,2023-07,FB060010,清算报告,009194,宏利中证绩优指数基金 ,宏利中证申万绩优策略指数增强型证券投资基金清算报告,2023-07-19,宏利,924772
2023,2023-07,FB060010,清算报告,001939,光大保德信睿鑫混合,光大保德信睿鑫灵活配置混合型证券投资基金清算报告,2023-07-19,光大保德信,924798
2023,2023-07,FB060010,清算报告,005770,信澳中证沪港深高股息精选,信澳中证沪港深高股息精选指数型证券投资基金清算报告,2023-07-19,信达澳亚,924837
2023,2023-07,FB060010,清算报告,519032,海富通上证非周期ETF联接,海富通上证非周期行业100交易型开放式指数证券投资基金联接基金清算报告,2023-07-17,海富通,923798
2023,2023-07,FB060010,清算报告,009513,创金合信同顺创业板精选股票,创金合信同顺创业板精选股票型发起式证券投资基金清算报告,2023-07-15,创金合信,923452
2023,2023-07,FB060010,清算报告,008753,大成兴享平衡养老三年持有混合（FOF）,大成兴享平衡养老目标三年持有期混合型发起式基金中基金(FOF)清算报告,2023-07-14,大成,923089
2023,2023-07,FB060010,清算报告,000463,华商双债丰利债券,华商双债丰利债券型证券投资基金清算报告,2023-07-12,华商,920310
2023,2023-07,FB060010,清算报告,515930,永赢沪深300ETF,永赢沪深300交易型开放式指数证券投资基金清算报告,2023-07-06,永赢,913415
2023,2023-07,FB060010,清算报告,007257,凯石沣混合,凯石沣混合型证券投资基金2023年清算报告,2023-07-05,凯石,912869
2023,2023-08,FB060010,清算报告,006157,财通量化核心优选混合,财通量化核心优选混合型证券投资基金清算报告,2023-08-29,财通,955895
2023,2023-08,FB060010,清算报告,005291,华富星玉衡混合,华富星玉衡一年定期开放混合型证券投资基金清算报告,2023-08-26,华富,953561
2023,2023-08,FB060010,清算报告,002413,中银瑞利混合,中银瑞利灵活配置混合型证券投资基金2023年清算报告,2023-08-24,中银,950611
2023,2023-08,FB060010,清算报告,002430,中银丰利混合,中银丰利灵活配置混合型证券投资基金2023年清算报告,2023-08-24,中银,950612
2023,2023-08,FB060010,清算报告,013759,招商精选平衡混合,招商精选平衡混合型证券投资基金清算报告,2023-08-23,招商,950332
2023,2023-08,FB060010,清算报告,009925,博时恒利持有期债券,博时恒利6个月持有期债券型证券投资基金清算报告,2023-08-23,博时,950408
2023,2023-08,FB060010,清算报告,005305,长信合利混合,长信合利混合型证券投资基金清算报告,2023-08-22,长信,949854
2023,2023-08,FB060010,清算报告,002558,博时鑫瑞混合,博时鑫瑞灵活配置混合型证券投资基金清算报告,2023-08-19,博时,949458
2023,2023-08,FB060010,清算报告,002813,博时颐泰混合,博时颐泰混合型证券投资基金基金清算报告,2023-08-18,博时,947881
2023,2023-08,FB060010,清算报告,008479,景顺长城泰申回报混合,景顺长城泰申回报混合型证券投资基金清算报告,2023-08-17,景顺长城,946423
2023,2023-08,FB060010,清算报告,501027,国泰融信灵活配置混合（LOF）,国泰融信灵活配置混合型证券投资基金（LOF）清算报告,2023-08-14,国泰,944484
2023,2023-08,FB060010,清算报告,159984,南方粤港澳大湾区创新100ETF,南方粤港澳大湾区创新100交易型开放式指数证券投资基金2023年清算报告,2023-08-12,南方,944890
2023,2023-08,FB060010,清算报告,000972,新华万银多元策略灵活配置混合,新华万银多元策略灵活配置混合型证券投资基金2023年清算报告,2023-08-11,新华,943574
2023,2023-08,FB060010,清算报告,015354,长城鑫享90天滚动持有中短债,长城鑫享90天滚动持有中短债债券型证券投资基金清算报告,2023-08-10,长城,942890
2023,2023-08,FB060010,清算报告,008884,博远博锐混合,博远博锐混合型发起式证券投资基金2023年清算报告,2023-08-10,博远,942908
2023,2023-08,FB060010,清算报告,001967,华宝转型升级混合,华宝转型升级灵活配置混合型证券投资基金2023年清算报告,2023-08-08,华宝,942037
2023,2023-08,FB060010,清算报告,003704,光大保德信事件驱动混合,光大保德信事件驱动灵活配置混合型证券投资基金清算报告,2023-08-08,光大保德信,942137
2023,2023-08,FB060010,清算报告,009788,前海开源惠泽两年定开债券,前海开源惠泽两年定期开放债券型发起式证券投资基金清算报告,2023-08-07,前海开源,941327
2023,2023-08,FB060010,清算报告,002618,中银裕利混合,中银裕利灵活配置混合型证券投资基金2023年清算报告,2023-08-05,中银,941500
2023,2023-08,FB060010,清算报告,009175,浙商中债1-5年政金债,浙商中债1-5年政策性金融债指数证券投资基金2023年清算报告,2023-08-04,浙商,940761
2023,2023-09,FB060010,清算报告,005502,华泰紫金智能量化股票发起,华泰紫金智能量化股票型发起式证券投资基金清算报告,2023-09-28,华泰资管,977670
2023,2023-09,FB060010,清算报告,008061,惠升惠新混合,惠升惠新灵活配置混合型证券投资基金2023年清算报告,2023-09-27,惠升,977167
2023,2023-09,FB060010,清算报告,002111,华宝新起点混合,华宝新起点灵活配置混合型证券投资基金2023年清算报告,2023-09-26,华宝,976560
2023,2023-09,FB060010,清算报告,001730,兴银大健康,兴银大健康灵活配置混合型证券投资基金清算报告,2023-09-26,兴银,976564
2023,2023-09,FB060010,清算报告,010638,银华信用精选15个月定期开放债券,银华信用精选15个月定期开放债券型证券投资基金清算报告,2023-09-25,银华,976149
2023,2023-09,FB060010,清算报告,004560,汇安丰益混合,汇安丰益灵活配置混合型证券投资基金清算报告,2023-09-22,汇安,974864
2023,2023-09,FB060010,清算报告,003366,浙商中证转型成长指数,浙商汇金中证转型成长指数型证券投资基金清算报告,2023-09-22,浙商资管,974873
2023,2023-09,FB060010,清算报告,159979,广发湾创100ETF,广发粤港澳大湾区创新100交易型开放式指数证券投资基金二次清算报告,2023-09-22,广发,975284
2023,2023-09,FB060010,清算报告,004612,银河鑫月享6个月定期开放混合,银河鑫月享6个月定期开放灵活配置混合型证券投资基金2023年清算报告,2023-09-21,银河,974644
2023,2023-09,FB060010,清算报告,006942,华泰柏瑞量化明选,华泰柏瑞量化明选混合型证券投资基金清算报告,2023-09-21,华泰柏瑞,974726
2023,2023-09,FB060010,清算报告,004730,建信量化事件驱动股票,建信量化事件驱动股票型证券投资基金清算报告,2023-09-20,建信,974448
2023,2023-09,FB060010,清算报告,004134,农银金安定开债券,农银汇理金安18个月定期开放债券型证券投资基金清算报告,2023-09-16,农银汇理,973194
2023,2023-09,FB060010,清算报告,160519,博时睿利事件驱动混合（LOF）,博时睿利事件驱动灵活配置混合型证券投资基金（LOF）清算报告,2023-09-16,博时,973559
2023,2023-09,FB060010,清算报告,011771,国寿安保稳隆混合,国寿安保稳隆混合型证券投资基金清算报告,2023-09-15,国寿安保,972643
2023,2023-09,FB060010,清算报告,004930,华润元大价值优选,华润元大价值优选混合型发起式证券投资基金清算报告,2023-09-15,华润元大,972866
2023,2023-09,FB060010,清算报告,013039,海富通欣润混合,海富通欣润混合型证券投资基金清算报告,2023-09-13,海富通,971847
2023,2023-09,FB060010,清算报告,008709,银河龙头股票,银河龙头精选股票型发起式证券投资基金2023年清算报告,2023-09-08,银河,969676
2023,2023-09,FB060010,清算报告,014894,东吴中债1-3年政金债指数,东吴中债1-3年政策性金融债指数证券投资基金2023年清算报告,2023-09-07,东吴,969388
2023,2023-10,FB060010,清算报告,010151,东财消费精选混合,西藏东财消费精选混合型发起式证券投资基金清算报告,2023-10-31,东财基金,995527
2023,2023-10,FB060010,清算报告,006857,蜂巢卓睿混合,蜂巢卓睿灵活配置混合型证券投资基金清算报告,2023-10-31,蜂巢,995710
2023,2023-10,FB060010,清算报告,005702,恒生前海港股通高股息低波动指数,恒生前海港股通高股息低波动指数证券投资基金2023年清算报告,2023-10-26,恒生前海,994369
2023,2023-10,FB060010,清算报告,010046,博时金福安一年持有混合（FOF）,博时金福安一年持有期混合型发起式基金中基金（FOF）清算报告,2023-10-25,博时,991676
2023,2023-10,FB060010,清算报告,006225,人保量化混合,人保量化基本面混合型证券投资基金2023年清算报告,2023-10-24,人保资产,984201
2023,2023-10,FB060010,清算报告,006201,景顺长城量化先锋混合,景顺长城量化先锋混合型证券投资基金清算报告,2023-10-24,景顺长城,985834
2023,2023-10,FB060010,清算报告,010060,华泰柏瑞景利混合,华泰柏瑞基金管理有限公司华泰柏瑞景利混合型证券投资基金清算报告,2023-10-23,华泰柏瑞,982449
2023,2023-10,FB060010,清算报告,009073,德邦惠利混合,德邦惠利混合型证券投资基金清算报告,2023-10-23,德邦,982536
2023,2023-10,FB060010,清算报告,160814,长盛中证金融地产指数（LOF）,长盛中证金融地产指数证券投资基金（LOF）清算报告,2023-10-20,长盛,982196
2023,2023-10,FB060010,清算报告,008890,中邮价值优选一年定期开放灵活配置混合,中邮价值优选一年定期开放灵活配置混合型发起式证券投资基金2023年清算报告,2023-10-19,中邮创业,981961
2023,2023-10,FB060010,清算报告,008930,中加安瑞平衡养老三年,中加安瑞平衡养老目标三年持有期混合型发起式基金中基金（FOF）清算报告,2023-10-18,中加,981435
2023,2023-10,FB060010,清算报告,001201,申万菱信安鑫回报灵活配置混合,申万菱信安鑫回报灵活配置混合型证券投资基金清算报告,2023-10-18,申万菱信,981459
2023,2023-10,FB060010,清算报告,012989,天弘国证港股通50指数,天弘国证港股通50指数证券投资基金清算报告,2023-10-18,天弘,981479
2023,2023-10,FB060010,清算报告,014786,惠升品质优选混合,惠升品质优选混合型证券投资基金2023年清算报告,2023-10-17,惠升,980922
2023,2023-10,FB060010,清算报告,015737,长盛均衡回报混合,长盛均衡回报混合型证券投资基金清算报告,2023-10-16,长盛,980499
2023,2023-10,FB060010,清算报告,517780,浦银安盛中华交易服务沪深港300ETF,浦银安盛中华交易服务沪深港300交易型开放式指数证券投资基金第二次清算报告,2023-10-14,浦银基金,980637
2023,2023-10,FB060010,清算报告,011054,申万菱信安鑫智选混合,申万菱信安鑫智选混合型证券投资基金清算报告,2023-10-13,申万菱信,980306
2023,2023-10,FB060010,清算报告,166402,浦银安盛沪港深基本面LOF,浦银安盛中证锐联沪港深基本面100指数证券投资基金（LOF）第二次清算报告,2023-10-13,浦银基金,980369
2023,2023-10,FB060010,清算报告,165317,建信丰裕多策略混合（LOF）,建信丰裕多策略灵活配置混合型证券投资基金（LOF）清算报告,2023-10-12,建信,980073
2023,2023-10,FB060010,清算报告,008952,中信建投桂企债,中信建投桂企债债券型证券投资基金清算报告,2023-10-12,中信建投,980114
2023,2023-11,FB060010,清算报告,519099,新华灵活主题混合,新华灵活主题混合型证券投资基金清算报告,2023-11-30,新华,1004101
2023,2023-11,FB060010,清算报告,010478,景顺长城泰祥回报混合,景顺长城泰祥回报混合型证券投资基金清算报告,2023-11-29,景顺长城,1003867
2023,2023-11,FB060010,清算报告,010773,景顺长城泰阳回报混合,景顺长城泰阳回报混合型证券投资基金清算报告,2023-11-29,景顺长城,1003869
2023,2023-11,FB060010,清算报告,517500,国泰中证沪港深动漫游戏ETF,国泰中证沪港深动漫游戏交易型开放式指数证券投资基金清算报告,2023-11-24,国泰,1002264
2023,2023-11,FB060010,清算报告,009436,长城恒泰养老2040三年混合FOF,长城恒泰养老目标日期2040三年持有期混合型发起式基金中基金（FOF）清算报告,2023-11-24,长城,1002444
2023,2023-11,FB060010,清算报告,009787,鹏华聚合多资产混合（FOF）,鹏华聚合多资产3个月持有期混合型基金中基金（FOF）2023年清算报告,2023-11-22,鹏华,1001591
2023,2023-11,FB060010,清算报告,014442,中加1-5年政金债指数,中加中债-1-5年政策性金融债指数证券投资基金清算报告,2023-11-22,中加,1001670
2023,2023-11,FB060010,清算报告,010307,东财信息产业精选混合,西藏东财信息产业精选混合型发起式证券投资基金清算报告,2023-11-21,东财基金,1001271
2023,2023-11,FB060010,清算报告,005770,信澳中证沪港深高股息精选,信澳中证沪港深高股息精选指数型证券投资基金二次清算报告,2023-11-20,信达澳亚,1000662
2023,2023-11,FB060010,清算报告,159789,建信中证饮料主题ETF,建信中证饮料主题交易型开放式指数证券投资基金清算报告,2023-11-20,建信,1000887
2023,2023-11,FB060010,清算报告,002048,博时安誉18个月定开债,博时安誉18个月定期开放债券型证券投资基金清算报告,2023-11-18,博时,1000926
2023,2023-11,FB060010,清算报告,002684,民生加银鑫安纯债债券,民生加银鑫安纯债债券型证券投资基金清算报告,2023-11-17,民生加银,1000293
2023,2023-11,FB060010,清算报告,006658,财通中证香港红利等权投资指数,财通中证香港红利等权投资指数型证券投资基金2023年清算报告,2023-11-17,财通,1000494
2023,2023-11,FB060010,清算报告,010074,南方誉隆一年持有期混合,南方誉隆一年持有期混合型证券投资基金2023年清算报告,2023-11-17,南方,1000556
2023,2023-11,FB060010,清算报告,008407,恒生前海恒生沪深港通细分行业龙头指数,恒生前海恒生沪深港通细分行业龙头指数证券投资基金2023年清算报告,2023-11-16,恒生前海,999377
2023,2023-11,FB060010,清算报告,015743,交银中债1-5年政金债指数,交银施罗德中债1-5年政策性金融债指数证券投资基金清算报告,2023-11-16,交银施罗德,999479
2023,2023-11,FB060010,清算报告,002502,中银腾利混合,中银腾利灵活配置混合型证券投资基金2023年清算报告,2023-11-11,中银,998511
2023,2023-11,FB060010,清算报告,013567,申万菱信宏量混合,申万菱信宏量混合型证券投资基金清算报告,2023-11-11,申万菱信,998540
2023,2023-11,FB060010,清算报告,014786,惠升品质优选混合,惠升品质优选混合型证券投资基金二次清算报告,2023-11-10,惠升,998015
2023,2023-11,FB060010,清算报告,009073,德邦惠利混合,德邦惠利混合型证券投资基金剩余资产二次分配公告,2023-11-10,德邦,998203
2023,2023-12,FB060010,清算报告,013057,泰信汇享利率债债券,泰信汇享利率债债券型证券投资基金清算报告,2023-12-30,泰信,1016309
2023,2023-12,FB060010,清算报告,010756,兴华永兴混合发起式,兴华永兴混合型发起式证券投资基金清算报告,2023-12-30,兴华,1016368
2023,2023-12,FB060010,清算报告,001524,华泰柏瑞精选回报混合,华泰柏瑞精选回报灵活配置混合型证券投资基金清算报告,2023-12-29,华泰柏瑞,1015770
2023,2023-12,FB060010,清算报告,006967,财通行业龙头混合,财通行业龙头精选混合型证券投资基金2023年清算报告,2023-12-26,财通,1014032
2023,2023-12,FB060010,清算报告,010343,华宝富时100,华宝英国富时100指数发起式证券投资基金2023年清算报告,2023-12-23,华宝,1013400
2023,2023-12,FB060010,清算报告,000439,国金鑫盈货币,国金鑫盈货币市场证券投资基金清算报告,2023-12-18,国金,1010124
2023,2023-12,FB060010,清算报告,000953,国泰睿吉灵活配置混合,国泰睿吉灵活配置混合型证券投资基金清算报告,2023-12-15,国泰,1009795
2023,2023-12,FB060010,清算报告,009442,中银养老目标日期2040 ,中银养老目标日期2040三年持有期混合型发起式基金中基金（FOF）2023年清算报告,2023-12-15,中银,1009881
2023,2023-12,FB060010,清算报告,012304,浦银安盛鑫锐混合,浦银安盛鑫锐混合型证券投资基金清算报告,2023-12-15,浦银基金,1009930
2023,2023-12,FB060010,清算报告,003603,景顺长城泰安回报混合,景顺长城泰安回报灵活配置混合型证券投资基金清算报告,2023-12-12,景顺长城,1008374
2023,2023-12,FB060010,清算报告,560600,方正富邦中证医药及医疗器械创新ETF,方正富邦中证医药及医疗器械创新交易型开放式指数证券投资基金清算报告,2023-12-12,方正富邦,1008547
2023,2023-12,FB060010,清算报告,009200,华安金享混合,华安金享混合型发起式证券投资基金2023年清算报告,2023-12-09,华安,1007933
2023,2023-12,FB060010,清算报告,515570,山西证券中证红利潜力ETF,山西证券中证红利潜力交易型开放式指数证券投资基金清算报告,2023-12-04,山西证券,1005523
2023,2023-12,FB060010,清算报告,015443,惠升惠享启睿混合,惠升惠享启睿混合型证券投资基金清算报告,2023-12-01,惠升,1005180
2024,2024-01,FB060010,清算报告,164811,京津冀,工银瑞信中证京津冀协同发展主题指数证券投资基金（LOF）清算报告,2024-01-31,工银瑞信,1034598
2024,2024-01,FB060010,清算报告,009626,浦银安盛养老2040三年持有混合（FOF）,浦银安盛养老目标日期2040三年持有期混合型发起式基金中基金（FOF）清算报告,2024-01-25,浦银基金,1033209
2024,2024-01,FB060010,清算报告,009918,上银核心成长混合,上银核心成长混合型证券投资基金清算报告,2024-01-20,上银,1029004
2024,2024-01,FB060010,清算报告,005545,中银改革红利灵活配置混合,中银改革红利灵活配置混合型证券投资基金2023年清算报告,2024-01-19,中银,1023223
2024,2024-01,FB060010,清算报告,004573,新华鑫泰灵活配置混合,新华鑫泰灵活配置混合型证券投资基金清算报告,2024-01-18,新华,1020341
2024,2024-01,FB060010,清算报告,159983,华夏粤港澳大湾区创新100ETF,华夏粤港澳大湾区创新100交易型开放式指数证券投资基金清算报告,2024-01-18,华夏,1020629
2024,2024-01,FB060010,清算报告,011089,景顺长城景颐惠利一年持有期债券,景顺长城景颐惠利一年持有期债券型证券投资基金清算报告,2024-01-18,景顺长城,1020756
2024,2024-01,FB060010,清算报告,014246,大摩现代服务业混合,摩根士丹利现代服务业混合型证券投资基金清算报告,2024-01-17,摩根士丹利,1020074
2024,2024-01,FB060010,清算报告,009904,民生加银中证200指数增强,民生加银中证200指数增强型发起式证券投资基金清算报告,2024-01-12,民生加银,1019168
2024,2024-01,FB060010,清算报告,008300,人保量化锐进混合,人保量化锐进混合型发起式证券投资基金清算报告,2024-01-11,人保资产,1018937
2024,2024-01,FB060010,清算报告,011731,国投瑞银安睿混合,国投瑞银安睿混合型证券投资基金清算报告,2024-01-10,国投瑞银,1018447
2024,2024-01,FB060010,清算报告,012021,国投瑞银安智混合,国投瑞银安智混合型证券投资基金清算报告,2024-01-10,国投瑞银,1018449
2024,2024-01,FB060010,清算报告,000489,光大保德信岁末红利纯债债券,光大保德信岁末红利纯债债券型证券投资基金清算报告,2024-01-08,光大保德信,1017881
2024,2024-01,FB060010,清算报告,011084,财通资管新添益6个月持有期混合,财通资管新添益6个月持有期混合型发起式证券投资基金清算报告,2024-01-08,财通资管,1017901
2024,2024-01,FB060010,清算报告,159853,南方中证科技100ETF,南方中证科技100交易型开放式指数证券投资基金2024年清算报告,2024-01-08,南方,1018098
2024,2024-01,FB060010,清算报告,003938,南方荣尊混合,南方荣尊混合型证券投资基金2024年清算报告,2024-01-05,南方,1017693
2024,2024-01,FB060010,清算报告,003117,光大保德信吉鑫混合,光大保德信吉鑫灵活配置混合型证券投资基金清算报告,2024-01-04,光大保德信,1017138
2024,2024-01,FB060010,清算报告,002261,中银宝利混合,中银宝利灵活配置混合型证券投资基金2023年清算报告,2024-01-03,中银,1016987
2024,2024-02,FB060010,清算报告,159710,建信中证智能电动汽车ETF,建信中证智能电动汽车交易型开放式指数证券投资基金清算报告,2024-02-21,建信,1038743
2024,2024-02,FB060010,清算报告,009479,中银中证100ETF联接基金,中银中证100交易型开放式指数证券投资基金联接基金2024年清算报告,2024-02-19,中银,1038316
2024,2024-02,FB060010,清算报告,501039,汇添富睿丰混合（LOF）,汇添富睿丰混合型证券投资基金(LOF)清算报告,2024-02-08,汇添富,1037403
2024,2024-02,FB060010,清算报告,010130,海富通惠增一年定开,海富通惠增多策略一年定期开放灵活配置混合型证券投资基金清算报告,2024-02-07,海富通,1036884
2024,2024-02,FB060010,清算报告,003601,申万菱信安鑫精选混合,申万菱信安鑫精选混合型证券投资基金清算报告,2024-02-06,申万菱信,1036247
2024,2024-02,FB060010,清算报告,002434,中银宏利混合,中银宏利灵活配置混合型证券投资基金2024年清算报告,2024-02-06,中银,1036304
2024,2024-02,FB060010,清算报告,010642,农银瑞祥一年混合,农银汇理瑞祥一年持有期混合型发起式证券投资基金2024年清算报告,2024-02-06,农银汇理,1036489
2024,2024-02,FB060010,清算报告,400020,东方成长回报平衡混合,东方成长回报平衡混合型证券投资基金清算报告,2024-02-02,东方,1035064
2024,2024-02,FB060010,清算报告,004928,华润元大欣享混合,华润元大欣享混合型发起式证券投资基金清算报告,2024-02-02,华润元大,1035141
2024,2024-02,FB060010,清算报告,004270,汇添富民丰回报混合,汇添富民丰回报混合型证券投资基金清算报告,2024-02-02,汇添富,1035393
2024,2024-03,FB060010,清算报告,010487,中银顺盈回报一年持有期混合,中银顺盈回报一年持有期混合型证券投资基金2024年清算报告,2024-03-26,中银,1047202
2024,2024-03,FB060010,清算报告,512320,工银MSCI中国ETF,工银瑞信MSCI中国A股交易型开放式指数证券投资基金清算报告,2024-03-26,工银瑞信,1047505
2024,2024-03,FB060010,清算报告,001498,建信鑫荣回报灵活配置混合,建信鑫荣回报灵活配置混合型证券投资基金清算报告,2024-03-26,建信,1047509
2024,2024-03,FB060010,清算报告,003186,鹏华兴安定期开放混合,鹏华兴安定期开放灵活配置混合型证券投资基金2024年清算报告,2024-03-23,鹏华,1046817
2024,2024-03,FB060010,清算报告,006205,汇添富沪港深优势定开,汇添富沪港深优势精选定期开放混合型证券投资基金清算报告,2024-03-21,汇添富,1046004
2024,2024-03,FB060010,清算报告,159733,景顺长城中证消费电子ETF,景顺长城中证消费电子主题交易型开放式指数证券投资基金清算报告,2024-03-21,景顺长城,1046278
2024,2024-03,FB060010,清算报告,016577,中银创新成长混合,中银创新成长混合型证券投资基金2024年清算报告,2024-03-20,中银,1046090
2024,2024-03,FB060010,清算报告,253010,国联安安心成长混合,国联安德盛安心成长混合型证券投资基金清算报告,2024-03-20,国联安,1045763
2024,2024-03,FB060010,清算报告,010538,国泰惠元混合,国泰惠元混合型证券投资基金清算报告,2024-03-19,国泰,1045380
2024,2024-03,FB060010,清算报告,004446,南方荣年一年持有混合,南方荣年一年持有期混合型证券投资基金2024年清算报告,2024-03-18,南方,1045295
2024,2024-03,FB060010,清算报告,501041,汇添富弘安混合,汇添富弘安混合型证券投资基金清算报告,2024-03-16,汇添富,1045013
2024,2024-03,FB060010,清算报告,008033,中加科盈混合,中加科盈混合型证券投资基金清算报告,2024-03-15,中加,1044795
2024,2024-03,FB060010,清算报告,006193,鑫元核心资产,鑫元核心资产股票型发起式证券投资基金清算报告,2024-03-14,鑫元,1043852
2024,2024-03,FB060010,清算报告,017790,鹏华永瑞一年封闭式债券,鹏华永瑞一年封闭式债券型证券投资基金2024年清算报告,2024-03-14,鹏华,1044407
2024,2024-03,FB060010,清算报告,010417,招商盛洋3个月定开混合,招商盛洋3个月定期开放混合型发起式证券投资基金清算报告,2024-03-13,招商,1043668
2024,2024-03,FB060010,清算报告,003828,鹏华兴惠定期开放混合,鹏华兴惠定期开放灵活配置混合型证券投资基金2024年清算报告,2024-03-12,鹏华,1043210
2024,2024-03,FB060010,清算报告,009113,浙商汇金卓越优选3个月,浙商汇金卓越优选3个月持有期股票型基金中基金（FOF）清算报告,2024-03-08,浙商资管,1042688
2024,2024-03,FB060010,清算报告,011075,大成恒享春晓一年定开混合,大成恒享春晓一年定期开放混合型证券投资基金清算报告,2024-03-07,大成,1042290
2024,2024-03,FB060010,清算报告,519955,长信富民纯债一年定开债券,长信富民纯债一年定期开放债券型证券投资基金清算报告,2024-03-06,长信,1042038
2024,2024-03,FB060010,清算报告,016323,东方中证500指数增强,东方中证500指数增强型证券投资基金2024年清算报告,2024-03-05,东方,1041594
2024,2024-04,FB060010,清算报告,005728,华宝绿色主题混合,华宝绿色主题混合型证券投资基金清算报告,2024-04-30,华宝,1079638
2024,2024-04,FB060010,清算报告,017065,申万菱信价值臻选混合,申万菱信价值臻选混合型证券投资基金清算报告,2024-04-30,申万菱信,1079843
2024,2024-04,FB060010,清算报告,517760,浦银安盛中证沪港深消费龙头ETF,浦银安盛中证沪港深消费龙头交易型开放式指数证券投资基金清算报告,2024-04-30,浦银基金,1079870
2024,2024-04,FB060010,清算报告,015399,格林泓丰一年定开债券发起式,格林泓丰一年定期开放债券型发起式证券投资基金清算报告,2024-04-30,格林,1079961
2024,2024-04,FB060010,清算报告,010749,浙商创业板指数增强,浙商创业板指数增强型发起式证券投资基金清算报告,2024-04-29,浙商,1079189
2024,2024-04,FB060010,清算报告,010561,银华巨潮小盘价值ETF发起式联接,银华巨潮小盘价值交易型开放式指数证券投资基金发起式联接基金清算报告,2024-04-25,银华,1078371
2024,2024-04,FB060010,清算报告,013598,华润元大臻选回报混合,华润元大臻选回报混合型证券投资基金清算报告,2024-04-22,华润元大,1077285
2024,2024-04,FB060010,清算报告,517270,浦银安盛中证沪港深科技龙头ETF,浦银安盛中证沪港深科技龙头交易型开放式指数证券投资基金清算报告,2024-04-20,浦银基金,1064793
2024,2024-04,FB060010,清算报告,003980,中银证券瑞益混合,中银证券瑞益灵活配置混合型证券投资基金2024年清算报告,2024-04-20,中银国际证券,1073209
2024,2024-04,FB060010,清算报告,008822,景顺长城中债1-3年国开行债券指数,景顺长城中债1-3年国开行债券指数证券投资基金清算报告,2024-04-18,景顺长城,1064658
2024,2024-04,FB060010,清算报告,014337,中银证券安瑞6个月持有债券,中银证券安瑞6个月持有期债券型证券投资基金清算报告,2024-04-17,中银国际证券,1064335
2024,2024-04,FB060010,清算报告,014395,中银证券成长领航混合,中银证券成长领航混合型证券投资基金清算报告,2024-04-17,中银国际证券,1064357
2024,2024-04,FB060010,清算报告,010958,中信保诚养老2035三年持有混合FOF,中信保诚养老目标日期2035三年持有期混合型发起式基金中基金（FOF）清算报告,2024-04-12,中信保诚,1063056
2024,2024-04,FB060010,清算报告,010765,国寿安保华丰混合,国寿安保华丰混合型证券投资基金清算报告,2024-04-11,国寿安保,1062873
2024,2024-04,FB060010,清算报告,005175,国寿安保消费新蓝海混合,国寿安保消费新蓝海灵活配置混合型证券投资基金清算报告,2024-04-11,国寿安保,1062887
2024,2024-04,FB060010,清算报告,016893,工银中证上海环交所碳中和ETF联接,工银瑞信中证上海环交所碳中和交易型开放式指数证券投资基金联接基金清算报告,2024-04-03,工银瑞信,1061714
2024,2024-04,FB060010,清算报告,001283,红塔红土盛金新动力混合,红塔红土盛金新动力灵活配置混合型证券投资基金基金清算公告,2024-04-02,红塔红土,1061005
2024,2024-04,FB060010,清算报告,005231,红塔红土盛通混合型发起式,红塔红土盛通灵活配置混合型发起式证券投资基金基金清算报告,2024-04-02,红塔红土,1061008
2024,2024-04,FB060010,清算报告,017792,工银泰丰一年封闭债券,工银瑞信泰丰一年封闭式债券型证券投资基金清算报告,2024-04-02,工银瑞信,1061110
2024,2024-05,FB060010,清算报告,005671,前海联合研究优选混合,新疆前海联合研究优选灵活配置混合型证券投资基金2024年清算报告,2024-05-31,前海联合,1089808
2024,2024-05,FB060010,清算报告,003493,申万菱信安鑫优选混合,申万菱信安鑫优选混合型证券投资基金清算报告,2024-05-31,申万菱信,1089910
2024,2024-05,FB060010,清算报告,010564,民生加银瑞利混合,民生加银瑞利混合型证券投资基金清算报告,2024-05-31,民生加银,1090003
2024,2024-05,FB060010,清算报告,010613,国联产业趋势一年定开混合,国联产业趋势一年定期开放混合型证券投资基金清算报告,2024-05-29,国联,1087523
2024,2024-05,FB060010,清算报告,016543,景顺长城环交所碳中和指数,景顺长城中证上海环交所碳中和指数证券投资基金清算报告,2024-05-28,景顺长城,1087363
2024,2024-05,FB060010,清算报告,014146,景顺长城港股通数字经济主题混合,景顺长城港股通数字经济主题混合型证券投资基金清算报告,2024-05-24,景顺长城,1086422
2024,2024-05,FB060010,清算报告,011198,交银鑫选回报混合,交银施罗德鑫选回报混合型证券投资基金清算报告,2024-05-22,交银施罗德,1084751
2024,2024-05,FB060010,清算报告,005317,万家瑞舜灵活配置混合,万家瑞舜灵活配置混合型证券投资基金清算报告,2024-05-21,万家,1084563
2024,2024-05,FB060010,清算报告,011684,平安养老2045,平安养老目标日期2045五年持有期混合型发起式基金中基金（FOF）2024年清算报告,2024-05-17,平安,1083968
2024,2024-05,FB060010,清算报告,015431,申万菱信兴利债券,申万菱信兴利债券型证券投资基金清算报告,2024-05-16,申万菱信,1083328
2024,2024-05,FB060010,清算报告,014547,财通医药鑫选6个月持有期混合,财通医药鑫选6个月持有期混合型证券投资基金清算报告,2024-05-16,财通,1083439
2024,2024-05,FB060010,清算报告,010331,天弘消费,天弘消费股票型发起式证券投资基金清算报告,2024-05-13,天弘,1082703
2024,2024-05,FB060010,清算报告,501000,国金鑫新灵活配置（LOF）,国金鑫新灵活配置混合型证券投资基金（LOF）清算报告,2024-05-09,国金,1081134
2024,2024-05,FB060010,清算报告,860008,光大阳光生活18个月持有混合,光大阳光生活18个月持有期混合型集合资产管理计划2024年清算报告,2024-05-09,光证资管,1081132
2024,2024-05,FB060010,清算报告,011482,中银顺宁回报6个月持有期混合,中银顺宁回报6个月持有期混合型证券投资基金2024年清算报告,2024-05-08,中银,1080647
2024,2024-05,FB060010,清算报告,003780,鹏华兴悦定期开放混合,鹏华兴悦定期开放灵活配置混合型证券投资基金清算报告,2024-05-01,鹏华,1080102
2024,2024-06,FB060010,清算报告,009146,新华精选成长主题3个月持有期混合（FOF）,新华精选成长主题3个月持有期混合型基金中基金（FOF）2024年清算报告,2024-06-27,新华,1109610
2024,2024-06,FB060010,清算报告,002155,国金鑫瑞灵活,国金鑫瑞灵活配置混合型证券投资基金清算报告,2024-06-26,国金,1106299
2024,2024-06,FB060010,清算报告,015567,鹏华增鑫股票,鹏华增鑫股票型证券投资基金清算报告,2024-06-26,鹏华,1104187
2024,2024-06,FB060010,清算报告,012516,国泰中证细分机械设备产业主题ETF联接,国泰中证细分机械设备产业主题交易型开放式指数证券投资基金发起式联接基金清算报告,2024-06-25,国泰,1102912
2024,2024-06,FB060010,清算报告,502040,长盛上证50指数（LOF）,长盛上证50指数证券投资基金（LOF）清算报告,2024-06-25,长盛,1103237
2024,2024-06,FB060010,清算报告,011543,中加科瑞混合,中加科瑞混合型证券投资基金清算报告,2024-06-21,中加,1099833
2024,2024-06,FB060010,清算报告,015555,兴银成长精选混合,兴银成长精选混合型证券投资基金清算报告,2024-06-21,兴银,1100182
2024,2024-06,FB060010,清算报告,011987,财通资管智选核心回报6个月持有期混合,财通资管智选核心回报6个月持有期混合型发起式证券投资基金清算报告,2024-06-20,财通资管,1098703
2024,2024-06,FB060010,清算报告,011886,弘毅远方高端制造混合,弘毅远方高端制造混合型发起式证券投资基金2024年清算报告,2024-06-20,弘毅远方,1099015
2024,2024-06,FB060010,清算报告,159693,有色矿业ETF,华泰柏瑞中证有色金属矿业主题交易型开放式指数证券投资基金清算报告,2024-06-19,华泰柏瑞,1098179
2024,2024-06,FB060010,清算报告,014077,华商稳健汇利一年持有混合,华商稳健汇利一年持有期混合型证券投资基金清算报告,2024-06-19,华商,1098197
2024,2024-06,FB060010,清算报告,011858,安信消费升级一年持有混合,安信消费升级一年持有期混合型发起式证券投资基金清算报告,2024-06-18,安信,1098069
2024,2024-06,FB060010,清算报告,159646,疫苗ETF基金,华泰柏瑞国证疫苗与生物科技交易型开放式指数证券投资基金清算报告,2024-06-17,华泰柏瑞,1097147
2024,2024-06,FB060010,清算报告,015759,国投兴顺FOF,国投瑞银兴顺3个月持有期混合型基金中基金（FOF）2024年清算报告,2024-06-17,国投瑞银,1097243
2024,2024-06,FB060010,清算报告,010777,浙商智选家居股票型,浙商智选家居股票型发起式证券投资基金清算报告,2024-06-13,浙商,1094732
2024,2024-06,FB060010,清算报告,011179,浙商智选食品饮料股票型,浙商智选食品饮料股票型发起式证券投资基金清算报告,2024-06-13,浙商,1094750
2024,2024-06,FB060010,清算报告,005459,银河嘉谊混合,银河嘉谊灵活配置混合型证券投资基金2024年清算报告,2024-06-12,银河,1093984
2024,2024-06,FB060010,清算报告,519969,长信新利混合,长信新利灵活配置混合型证券投资基金清算报告,2024-06-12,长信,1094069
2024,2024-06,FB060010,清算报告,519987,长信恒利优势混合,长信恒利优势混合型证券投资基金清算报告,2024-06-12,长信,1094078
2024,2024-06,FB060010,清算报告,012116,中银证券创业板发起式联接,中银证券创业板交易型开放式指数证券投资基金发起式联接基金清算报告,2024-06-08,中银国际证券,1093795
2024,2024-07,FB060010,清算报告,009481,国泰宏益一年持有期混合,国泰宏益一年持有期混合型证券投资基金清算报告,2024-07-31,国泰,1134534
2024,2024-07,FB060010,清算报告,970048,东海海睿致远,东海证券海睿致远灵活配置混合型集合资产管理计划2024年清算报告,2024-07-31,东海证券,1134759
2024,2024-07,FB060010,清算报告,516690,化工产业,银华中证细分化工产业主题交易型开放式指数证券投资基金清算报告,2024-07-30,银华,1134324
2024,2024-07,FB060010,清算报告,012512,嘉实养老目标日期2045五年持有期混合（FOF）,嘉实养老目标日期2045五年持有期混合型发起式基金中基金（FOF）清算报告,2024-07-30,嘉实,1134409
2024,2024-07,FB060010,清算报告,014205,长城中证医药卫生指数增强,长城中证医药卫生指数增强型证券投资基金清算报告,2024-07-29,长城,1134010
2024,2024-07,FB060010,清算报告,012721,中信保诚养老2040三年持有混合FOF,中信保诚养老目标日期2040三年持有期混合型发起式基金中基金（FOF）清算报告,2024-07-25,中信保诚,1133374
2024,2024-07,FB060010,清算报告,012673,国新国证融兴6个月定开混合,国新国证融兴6个月定期开放灵活配置混合型证券投资基金2024年清算报告,2024-07-25,国新国证,1133399
2024,2024-07,FB060010,清算报告,001464,光大保德信鼎鑫混合,光大保德信鼎鑫灵活配置混合型证券投资基金清算报告,2024-07-25,光大保德信,1133509
2024,2024-07,FB060010,清算报告,015429,中银证券专精特新股票,中银证券专精特新股票型证券投资基金基金财产清算报告,2024-07-24,中银国际证券,1133211
2024,2024-07,FB060010,清算报告,011647,博时港股通红利精选混合,博时港股通红利精选混合型发起式证券投资基金清算报告,2024-07-22,博时,1133004
2024,2024-07,FB060010,清算报告,970011,平安安赢添利半年债券,平安证券安赢添利半年滚动持有债券型集合资产管理计划清算报告,2024-07-22,平安证券,1132797
2024,2024-07,FB060010,清算报告,011254,长江量化科技精选一个月滚动持有,长江量化科技精选一个月滚动持有股票型发起式证券投资基金清算报告,2024-07-19,长江资管,1125512
2024,2024-07,FB060010,清算报告,010096,博远鑫享三个月债券,博远鑫享三个月持有期债券型证券投资基金2024年清算报告,2024-07-19,博远,1127289
2024,2024-07,FB060010,清算报告,501002,长信价值优选混合,长信价值优选混合型证券投资基金清算报告,2024-07-19,长信,1131113
2024,2024-07,FB060010,清算报告,004359,创金合信量化核心混合,创金合信量化核心混合型证券投资基金清算报告,2024-07-19,创金合信,1131392
2024,2024-07,FB060010,清算报告,012518,景顺长城颐心养老目标日期2040三年持有期混合FOF,景顺长城颐心养老目标日期2040三年持有期混合型发起式基金中基金（FOF）清算报告,2024-07-17,景顺长城,1119818
2024,2024-07,FB060010,清算报告,006419,人保优势产业混合,人保优势产业混合型证券投资基金2024年清算报告,2024-07-16,人保资产,1119535
2024,2024-07,FB060010,清算报告,017922,大摩优质精选混合,摩根士丹利优质精选混合型证券投资基金清算报告,2024-07-16,摩根士丹利,1119546
2024,2024-07,FB060010,清算报告,001520,国投瑞银研究精选股票,国投瑞银研究精选股票型证券投资基金2024年清算报告,2024-07-16,国投瑞银,1119372
2024,2024-07,FB060010,清算报告,970018,方正证券金港湾,方正证券金港湾六个月持有期债券型集合资产管理计划清算报告,2024-07-11,方正证券,1118361
2024,2024-08,FB060010,清算报告,005108,圆信永丰双利优选,圆信永丰双利优选定期开放灵活配置混合型证券投资基金2024年清算报告,2024-08-31,圆信永丰,1151446
2024,2024-08,FB060010,清算报告,008672,宝盈祥泽混合,宝盈祥泽混合型证券投资基金2024年清算报告,2024-08-30,宝盈,1149269
2024,2024-08,FB060010,清算报告,561710,博时中证疫苗与生物技术ETF,博时中证疫苗与生物技术交易型开放式指数证券投资基金清算报告,2024-08-30,博时,1150733
2024,2024-08,FB060010,清算报告,009409,华安添福18个月混合,华安添福18个月持有期混合型证券投资基金清算报告,2024-08-29,华安,1142524
2024,2024-08,FB060010,清算报告,970062,华鑫证券乐享周周购三个月滚动持有债券,华鑫证券乐享周周购三个月滚动持有债券型集合资产管理计划2024年清算报告,2024-08-28,华鑫证券,1141806
2024,2024-08,FB060010,清算报告,013218,国泰中证有色金属ETF发起联接,国泰中证有色金属交易型开放式指数证券投资基金发起式联接基金清算报告,2024-08-28,国泰,1141444
2024,2024-08,FB060010,清算报告,159769,消费电子龙头ETF,银华中证消费电子主题交易型开放式指数证券投资基金清算报告,2024-08-28,银华,1141501
2024,2024-08,FB060010,清算报告,159990,小盘价值,银华巨潮小盘价值交易型开放式指数证券投资基金清算报告,2024-08-28,银华,1141534
2024,2024-08,FB060010,清算报告,515280,富国中证银行ETF,富国中证银行交易型开放式指数证券投资基金清算报告,2024-08-28,富国,1141668
2024,2024-08,FB060010,清算报告,008610,海富通添鑫收益债券,海富通添鑫收益债券型证券投资基金清算报告,2024-08-28,海富通,1141763
2024,2024-08,FB060010,清算报告,018069,银河成长远航混合,银河成长远航混合型证券投资基金清算报告,2024-08-27,银河,1141050
2024,2024-08,FB060010,清算报告,005252,中海添瑞定期开放混合,中海添瑞定期开放混合型证券投资基金清算报告,2024-08-27,中海,1141072
2024,2024-08,FB060010,清算报告,009595,山西证券裕桓一年持有,山西证券裕桓一年持有期混合型发起式证券投资基金2024年清算报告,2024-08-27,山西证券,1141095
2024,2024-08,FB060010,清算报告,003754,国泰普益灵活配置混合,国泰普益灵活配置混合型证券投资基金清算报告,2024-08-27,国泰,1141098
2024,2024-08,FB060010,清算报告,162211,宏利品质生活混合,宏利品质生活灵活配置混合型证券投资基金清算报告,2024-08-27,宏利,1141174
2024,2024-08,FB060010,清算报告,011265,长盛安泰一年持有混合,长盛安泰一年持有期混合型证券投资基金清算报告,2024-08-22,长盛,1139920
2024,2024-08,FB060010,清算报告,012882,工银科技龙头ETF发起式联接,工银瑞信中证科技龙头交易型开放式指数证券投资基金发起式联接基金清算报告,2024-08-22,工银瑞信,1140111
2024,2024-08,FB060010,清算报告,014761,金鹰民稳混合,金鹰民稳混合型证券投资基金2024年清算报告,2024-08-22,金鹰,1140135
2024,2024-08,FB060010,清算报告,011214,招商惠润一年定开混合发起式（MOM）,招商惠润一年定期开放混合型发起式管理人中管理人（MOM）证券投资基金清算报告,2024-08-20,招商,1139530
2024,2024-08,FB060010,清算报告,013019,国泰中证全指建筑材料ETF发起联接,国泰中证全指建筑材料交易型开放式指数证券投资基金发起式联接基金清算报告,2024-08-19,国泰,1139156
2024,2024-08,FB060010,清算报告,004481,华宝第三产业混合,华宝第三产业灵活配置混合型证券投资基金清算报告,2024-08-08,华宝,1136138
2024,2024-08,FB060010,清算报告,018107,中欧盈选进取3个月持有混合（FOF）,中欧盈选进取3个月持有期混合型基金中基金（FOF）2024年清算报告,2024-08-06,中欧,1135660
2024,2024-08,FB060010,清算报告,012326,天弘中证全指医疗保健设备与服务ETF发起式联接,天弘中证全指医疗保健设备与服务交易型开放式指数证券投资基金发起式联接基金清算报告,2024-08-05,天弘,1135502
2024,2024-08,FB060010,清算报告,517280,天弘中证沪港深线上消费主题ETF,天弘中证沪港深线上消费主题交易型开放式指数证券投资基金清算报告,2024-08-05,天弘,1135503
2024,2024-08,FB060010,清算报告,005715,人保纯债一年定开,人保纯债一年定期开放债券型证券投资基金2024年清算报告,2024-08-03,人保资产,1135411
2024,2024-08,FB060010,清算报告,006455,人保福睿18个月定期开放债券,人保福睿18个月定期开放债券型证券投资基金2024年清算报告,2024-08-03,人保资产,1135413
2024,2024-08,FB060010,清算报告,006461,人保福泽一年定期开放债券,人保福泽纯债一年定期开放债券型证券投资基金2024年清算报告,2024-08-03,人保资产,1135414
2024,2024-08,FB060010,清算报告,012431,国投瑞银安泰混合,国投瑞银安泰混合型证券投资基金2024年清算报告,2024-08-02,国投瑞银,1135161
2024,2024-09,FB060010,清算报告,011226,西部利得聚盈一年定开债券,西部利得聚盈一年定期开放债券型证券投资基金清算报告,2024-09-30,西部利得,1163466
2024,2024-09,FB060010,清算报告,003799,华安新泰利灵活配置混合,华安新泰利灵活配置混合型证券投资基金清算报告,2024-09-28,华安,1163795
2024,2024-09,FB060010,清算报告,010857,宝盈祥乐一年持有期混合,宝盈祥乐一年持有期混合型证券投资基金2024年清算报告,2024-09-28,宝盈,1163810
2024,2024-09,FB060010,清算报告,017890,中银证券优势成长混合,中银证券优势成长混合型证券投资基金基金财产清算报告,2024-09-27,中银国际证券,1162710
2024,2024-09,FB060010,清算报告,013177,华宝深创100ETF发起式联接,华宝深证创新100交易型开放式指数证券投资基金发起式联接基金清算报告,2024-09-26,华宝,1161473
2024,2024-09,FB060010,清算报告,008526,华泰柏瑞行业精选混合,华泰柏瑞行业精选混合型证券投资基金清算报告,2024-09-26,华泰柏瑞,1161971
2024,2024-09,FB060010,清算报告,013028,恒越品质生活混合发起式,恒越品质生活混合型发起式证券投资基金2024年清算报告,2024-09-25,恒越,1160823
2024,2024-09,FB060010,清算报告,012598,华安国证生物医药ETF发起式联接,华安国证生物医药交易型开放式指数证券投资基金发起式联接基金清算报告,2024-09-25,华安,1160940
2024,2024-09,FB060010,清算报告,013105,华安中证光伏产业ETF发起式联接,华安中证光伏产业交易型开放式指数证券投资基金发起式联接基金清算报告,2024-09-25,华安,1160941
2024,2024-09,FB060010,清算报告,012645,建信中证全指证券公司ETF发起式联接,建信中证全指证券公司交易型开放式指数证券投资基金发起式联接基金清算报告,2024-09-25,建信,1161241
2024,2024-09,FB060010,清算报告,013437,财通资管中证有色金属指数发起式,财通资管中证有色金属指数型发起式证券投资基金清算报告,2024-09-24,财通资管,1160181
2024,2024-09,FB060010,清算报告,005444,光大保德信精选18个月混合,光大保德信多策略精选18个月定期开放灵活配置混合型证券投资基金清算报告,2024-09-23,光大保德信,1159695
2024,2024-09,FB060010,清算报告,012315,创金合信港股通成长股票,创金合信港股通成长股票型发起式证券投资基金清算报告,2024-09-20,创金合信,1159440
2024,2024-09,FB060010,清算报告,970023,天风天盈一年定开混合,天风天盈一年定期开放混合型集合资产管理计划2024年清算报告,2024-09-19,天风资管,1158723
2024,2024-09,FB060010,清算报告,159522,景顺长城国证2000ETF,景顺长城国证 2000 交易型开放式指数证券投资基金清算报告,2024-09-19,景顺长城,1158616
2024,2024-09,FB060010,清算报告,970071,第一创业创享纯债,第一创业创享纯债债券型集合资产管理计划清算报告,2024-09-18,第一创业证券,1158102
2024,2024-09,FB060010,清算报告,017803,富国汇诚18个月封闭式债券,富国汇诚18个月封闭式债券型证券投资基金清算报告,2024-09-18,富国,1158216
2024,2024-09,FB060010,清算报告,020563,鹏扬国证财富管理指数型发起式,鹏扬国证财富管理指数型发起式证券投资基金清算报告,2024-09-14,鹏扬,1158010
2024,2024-09,FB060010,清算报告,012272,渤海汇金创新价值一年持有期混合,渤海汇金创新价值一年持有期混合型发起式证券投资基金清算报告,2024-09-13,渤海汇金,1157363
2024,2024-09,FB060010,清算报告,159823,嘉实H股50ETF(QDII),嘉实恒生中国企业交易型开放式指数证券投资基金（QDII）清算报告,2024-09-13,嘉实,1157468
2024,2024-10,FB060010,清算报告,013162,广发中证沪港深科技龙头ETF联接,广发中证沪港深科技龙头交易型开放式指数证券投资基金发起式联接基金清算报告,2024-10-31,广发,1182763
2024,2024-10,FB060010,清算报告,159987,创新ETF,银华中证研发创新100交易型开放式指数证券投资基金清算报告,2024-10-31,银华,1182795
2024,2024-10,FB060010,清算报告,013802,财通资管中证钢铁指数发起式,财通资管中证钢铁指数型发起式证券投资基金清算报告,2024-10-30,财通资管,1182244
2024,2024-10,FB060010,清算报告,013031,民生加银中证800指数增强发起式,民生加银中证800指数增强型发起式证券投资基金基金清算报告,2024-10-26,民生加银,1181680
2024,2024-10,FB060010,清算报告,013371,民生加银新能源智选混合发起,民生加银新能源智选混合型发起式证券投资基金清算报告,2024-10-25,民生加银,1176571
2024,2024-10,FB060010,清算报告,004276,浦银安盛安和回报定开混合,浦银安盛安和回报定期开放混合型证券投资基金清算报告,2024-10-25,浦银基金,1177031
2024,2024-10,FB060010,清算报告,006277,中金瑞和,中金瑞和灵活配置混合型证券投资基金清算报告,2024-10-25,中金,1180979
2024,2024-10,FB060010,清算报告,012415,德邦上证G60综指增强,德邦上证G60创新综合指数增强型发起式证券投资基金清算报告,2024-10-24,德邦,1171574
2024,2024-10,FB060010,清算报告,004149,博时鑫惠混合,博时鑫惠灵活配置混合型证券投资基金基金清算报告,2024-10-23,博时,1168520
2024,2024-10,FB060010,清算报告,010711,华富国潮优选混合发起式,华富国潮优选混合型发起式证券投资基金清算报告,2024-10-23,华富,1168724
2024,2024-10,FB060010,清算报告,011361,华夏博锐一年持有混合（MOM）,华夏博锐一年持有期混合型管理人中管理人（MOM）发起式证券投资基金清算报告,2024-10-23,华夏,1168746
2024,2024-10,FB060010,清算报告,513960,博时港股通消费ETF,博时中证港股通消费主题交易型开放式指数证券投资基金清算报告,2024-10-22,博时,1168181
2024,2024-10,FB060010,清算报告,011448,中银证券均衡成长混合,中银证券均衡成长混合型证券投资基金基金财产清算报告,2024-10-22,中银国际证券,1168235
2024,2024-10,FB060010,清算报告,004790,富荣中证500指数增强,富荣中证500指数增强型证券投资基金2024年清算报告,2024-10-22,富荣,1168398
2024,2024-10,FB060010,清算报告,015347,泰康景气行业混合,泰康景气行业混合型证券投资基金清算报告,2024-10-22,泰康,1168072
2024,2024-10,FB060010,清算报告,017798,易方达恒固18个月封闭式债券,易方达恒固18个月封闭式债券型证券投资基金清算报告,2024-10-22,易方达,1168170
2024,2024-10,FB060010,清算报告,007445,国投瑞银顺悦债券,国投瑞银顺悦3个月定期开放债券型证券投资基金2024年清算报告,2024-10-22,国投瑞银,1168278
2024,2024-10,FB060010,清算报告,011433,中加聚优一年混合,中加聚优一年定期开放混合型证券投资基金清算报告,2024-10-21,中加,1167958
2024,2024-10,FB060010,清算报告,016187,南方景气楚荟3个月持有混合（FOF）,南方景气楚荟3个月持有期混合型基金中基金（FOF）清算报告,2024-10-21,南方,1168037
2024,2024-10,FB060010,清算报告,010403,华商景气优选混合,华商景气优选混合型证券投资基金清算报告,2024-10-19,华商,1167815
2024,2024-10,FB060010,清算报告,012296,银河兴益一年定开债券,银河兴益一年定期开放债券型发起式证券投资基金清算报告,2024-10-16,银河,1166544
2024,2024-10,FB060010,清算报告,013441,东财创新医疗六个月定开混合发起式,西藏东财创新医疗六个月定期开放混合型发起式证券投资基金2024年清算报告,2024-10-15,东财基金,1166212
2024,2024-10,FB060010,清算报告,005000,泰康泉林量化价值精选混合,泰康泉林量化价值精选混合型证券投资基金清算报告,2024-10-12,泰康,1165978
2024,2024-10,FB060010,清算报告,001424,博时新起点混合,博时新起点灵活配置混合型证券投资基金基金清算报告,2024-10-11,博时,1165791
2024,2024-10,FB060010,清算报告,009545,博时鑫荣稳健混合,博时鑫荣稳健混合型证券投资基金清算报告,2024-10-11,博时,1165799
2024,2024-10,FB060010,清算报告,017807,南方恒泽18个月封闭式债券,南方恒泽18个月封闭式债券型证券投资基金2024年清算报告,2024-10-09,南方,1165015
2024,2024-11,FB060010,清算报告,017312,农银医疗精选股票,农银汇理医疗精选股票型证券投资基金清算报告,2024-11-30,农银汇理,1192450
2024,2024-11,FB060010,清算报告,013926,易米国证消费100指数增强发起,易米国证消费100指数增强型发起式证券投资基金清算报告,2024-11-29,易米,1192113
2024,2024-11,FB060010,清算报告,004731,万家瑞尧灵活配置混合,万家瑞尧灵活配置混合型证券投资基金2024年清算报告,2024-11-28,万家,1191212
2024,2024-11,FB060010,清算报告,013447,华宝中证智能制造主题ETF发起式联接,华宝中证智能制造主题交易型开放式指数证券投资基金发起式联接基金2024年清算报告,2024-11-21,华宝,1188739
2024,2024-11,FB060010,清算报告,013135,银河悦宁稳健养老目标一年持有混合发起（FOF）,银河悦宁稳健养老目标一年持有期混合型发起式基金中基金（FOF）清算报告,2024-11-21,银河,1188744
2024,2024-11,FB060010,清算报告,970052,方正鑫悦一年持有债券,方正证券鑫悦一年持有期债券型集合资产管理计划清算报告,2024-11-21,方正证券,1188787
2024,2024-11,FB060010,清算报告,013605,华夏中证内地低碳经济主题ETF发起式联接,华夏中证内地低碳经济主题交易型开放式指数证券投资基金发起式联接基金清算报告,2024-11-15,华夏,1186963
2024,2024-11,FB060010,清算报告,168207,国联创业板两年定开混合,国联创业板两年定期开放混合型证券投资基金清算报告,2024-11-14,国联,1186442
2024,2024-11,FB060010,清算报告,013735,创金合信添福平衡养老目标三年持有期混合发起（FOF）,创金合信添福平衡养老目标三年持有期混合型发起式基金中基金（FOF）清算报告,2024-11-14,创金合信,1186586
2024,2024-11,FB060010,清算报告,013626,华夏周期驱动混合发起式,华夏周期驱动混合型发起式证券投资基金清算报告,2024-11-11,华夏,1185683
2024,2024-11,FB060010,清算报告,012151,港股通50ETF联接A/C,华泰柏瑞中证港股通50交易型开放式指数证券投资基金发起式联接基金清算报告,2024-11-08,华泰柏瑞,1184882
2024,2024-11,FB060010,清算报告,013093,汇添富中证沪港深科技龙头指数发起式,汇添富中证沪港深科技龙头指数型发起式证券投资基金清算报告,2024-11-08,汇添富,1185073
2024,2024-11,FB060010,清算报告,013473,华宝中证新材料ETF发起式联接,华宝中证新材料主题交易型开放式指数证券投资基金发起式联接基金2024年清算报告,2024-11-07,华宝,1184535
2024,2024-11,FB060010,清算报告,013150,华宝稳健目标风险三个月持有混合发起（FOF）,华宝稳健目标风险三个月持有期混合型发起式基金中基金（FOF）清算报告,2024-11-06,华宝,1184161
2024,2024-11,FB060010,清算报告,013833,国泰中证500ETF发起联接,国泰中证500交易型开放式指数证券投资基金发起式联接基金清算报告,2024-11-05,国泰,1183922
2024,2024-11,FB060010,清算报告,018268,建信锋睿优选混合,建信锋睿优选混合型证券投资基金清算报告,2024-11-02,建信,1183548
2024,2024-12,FB060010,清算报告,007821,华泰紫金丰利中短债发起,华泰紫金丰利中短债债券型发起式证券投资基金清算报告,2024-12-31,华泰资管,1205662
2024,2024-12,FB060010,清算报告,519961,长信利广混合,长信利广灵活配置混合型证券投资基金2024年清算报告,2024-12-31,长信,1205824
2024,2024-12,FB060010,清算报告,017116,浦银安盛中证光伏产业ETF联接,浦银安盛中证光伏产业交易型开放式指数证券投资基金联接基金清算报告,2024-12-31,浦银基金,1205917
2024,2024-12,FB060010,清算报告,014090,国联添益进取3个月持有混合发起（FOF）,国联添益进取3个月持有期混合型发起式基金中基金（FOF）清算报告,2024-12-30,国联,1204784
2024,2024-12,FB060010,清算报告,018712,浦银安盛招睿精选3个月持有混合（FOF）,浦银安盛招睿精选3个月持有期混合型基金中基金（FOF）清算报告,2024-12-30,浦银基金,1205091
2024,2024-12,FB060010,清算报告,009084,申万菱信安泰鑫利纯债一年定期开放债券型发起式,申万菱信安泰鑫利纯债一年定期开放债券型发起式证券投资基金清算报告,2024-12-30,申万菱信,1205150
2024,2024-12,FB060010,清算报告,012796,汇安裕兴12个月定开纯债债券,汇安裕兴12个月定期开放纯债债券型发起式证券投资基金清算报告,2024-12-28,汇安,1204618
2024,2024-12,FB060010,清算报告,009027,浦银安盛安远回报一年持有期混合,浦银安盛安远回报一年持有期混合型证券投资基金清算报告,2024-12-27,浦银基金,1204413
2024,2024-12,FB060010,清算报告,017713,长盛安悦一年持有,长盛安悦一年持有期混合型证券投资基金清算报告,2024-12-27,长盛,1204418
2024,2024-12,FB060010,清算报告,012561,天弘中证新材料指数,天弘中证新材料主题指数型发起式证券投资基金清算报告,2024-12-27,天弘,1204429
2024,2024-12,FB060010,清算报告,013920,兴华创新医疗6个月持有混合发起,兴华创新医疗6个月持有期混合型发起式证券投资基金清算报告,2024-12-27,兴华,1204526
2024,2024-12,FB060010,清算报告,970027,国海六个月滚动持有债券型,国海六个月滚动持有债券型集合资产管理计划清算报告,2024-12-26,国海证券,1203491
2024,2024-12,FB060010,清算报告,010194,博时睿祥15个月定开混合,博时睿祥15个月定期开放混合型证券投资基金清算报告,2024-12-25,博时,1203105
2024,2024-12,FB060010,清算报告,012759,工银沪港深互联网ETF发起式联接,工银瑞信中证沪港深互联网交易型开放式指数证券投资基金发起式联接基金清算报告,2024-12-24,工银瑞信,1202474
2024,2024-12,FB060010,清算报告,013869,创金合信物联网主题股票发起,创金合信物联网主题股票型发起式证券投资基金清算报告,2024-12-24,创金合信,1202426
2024,2024-12,FB060010,清算报告,008306,方正富邦天璇混合,方正富邦天璇灵活配置混合型证券投资基金清算报告,2024-12-23,方正富邦,1201559
2024,2024-12,FB060010,清算报告,014128,东财中证沪港深创新药指数发起式,西藏东财中证沪港深创新药产业指数型发起式证券投资基金2024年清算报告,2024-12-18,东财基金,1199581
2024,2024-12,FB060010,清算报告,012405,天弘国证建材指数,天弘国证建筑材料指数型发起式证券投资基金清算报告,2024-12-16,天弘,1198422
2024,2024-12,FB060010,清算报告,003663,鹏华兴泰定期开放混合,鹏华兴泰定期开放灵活配置混合型证券投资基金清算报告,2024-12-12,鹏华,1196983
2024,2024-12,FB060010,清算报告,013876,财通资管新能源汽车混合型发起式,财通资管新能源汽车混合型发起式证券投资基金清算报告,2024-12-10,财通资管,1195918
2025,2025-01,FB060010,清算报告,013011,工银中证创新药产业ETF发起式联接,工银瑞信中证创新药产业交易型开放式指数证券投资基金发起式联接基金清算报告,2025-01-24,工银瑞信,1225342
2025,2025-01,FB060010,清算报告,017021,中银招盈一年持有混合,中银招盈一年持有期混合型证券投资基金清算报告,2025-01-23,中银,1225940
2025,2025-01,FB060010,清算报告,013089,天弘旗舰精选3个月持有混合发起式（FOF）,天弘旗舰精选3个月持有期混合型发起式基金中基金（FOF）清算报告,2025-01-23,天弘,1225120
2025,2025-01,FB060010,清算报告,009111,博远双债增利混合,博远双债增利混合型证券投资基金2025年清算报告,2025-01-22,博远,1216866
2025,2025-01,FB060010,清算报告,017088,景顺长城融景瑞利一年持有混合,景顺长城融景瑞利一年持有期混合型证券投资基金清算报告,2025-01-22,景顺长城,1222395
2025,2025-01,FB060010,清算报告,014689,国泰中证港股通50ETF发起联接,国泰中证港股通50交易型开放式指数证券投资基金发起式联接基金清算报告,2025-01-21,国泰,1213129
2025,2025-01,FB060010,清算报告,013897,德邦港股通成长精选混合,德邦港股通成长精选混合型证券投资基金清算报告,2025-01-21,德邦,1216018
2025,2025-01,FB060010,清算报告,002409,华夏新活力混合,华夏新活力灵活配置混合型证券投资基金清算报告,2025-01-20,华夏,1211573
2025,2025-01,FB060010,清算报告,005536,渤海汇金量化成长混合,渤海汇金量化成长混合型发起式证券投资基金清算报告,2025-01-17,渤海汇金,1210534
2025,2025-01,FB060010,清算报告,013903,国泰君安信息行业混合发起,国泰君安信息行业混合型发起式证券投资基金清算报告,2025-01-17,国泰海通资管,1210733
2025,2025-01,FB060010,清算报告,014577,华泰柏瑞恒悦混合A/C,华泰柏瑞恒悦混合型证券投资基金清算报告,2025-01-17,华泰柏瑞,1210780
2025,2025-01,FB060010,清算报告,003660,中加纯债两年债券,中加纯债两年定期开放债券型证券投资基金清算报告,2025-01-17,中加,1211050
2025,2025-01,FB060010,清算报告,002231,华夏新趋势混合,华夏新趋势灵活配置混合型证券投资基金清算报告,2025-01-16,华夏,1210288
2025,2025-01,FB060010,清算报告,014649,永赢优质精选混合发起,永赢优质精选混合型发起式证券投资基金清算报告,2025-01-16,永赢,1210407
2025,2025-01,FB060010,清算报告,013480,华宝国证治理指数发起,华宝国证治理指数型发起式证券投资基金清算报告,2025-01-16,华宝,1210485
2025,2025-01,FB060010,清算报告,011995,国泰诚益混合,国泰诚益混合型证券投资基金清算报告,2025-01-15,国泰,1209743
2025,2025-01,FB060010,清算报告,970083,东海证券海盈6个月持有期,东海证券海盈6个月持有期混合型集合资产管理计划清算报告,2025-01-15,东海证券,1209969
2025,2025-01,FB060010,清算报告,014022,大摩养老2040混合(FOF),摩根士丹利养老目标日期2040三年持有期混合型发起式基金中基金(FOF)清算报告,2025-01-15,摩根士丹利,1209970
2025,2025-01,FB060010,清算报告,014099,博时中证科创创业50ETF发起式联接,博时中证科创创业50交易型开放式指数证券投资基金发起式联接基金基金清算报告,2025-01-15,博时,1210007
2025,2025-01,FB060010,清算报告,001196,东方鼎新灵活配置混合,东方鼎新灵活配置混合型证券投资基金清算报告,2025-01-14,东方,1209525
2025,2025-01,FB060010,清算报告,012019,国投瑞银安泽混合,国投瑞银安泽混合型证券投资基金2025年清算报告,2025-01-02,国投瑞银,1206152
2025,2025-02,FB060010,清算报告,003950,博时鑫润混合,博时鑫润灵活配置混合型证券投资基金清算报告,2025-02-27,博时,1233554
2025,2025-02,FB060010,清算报告,009434,淳厚稳嘉债券,淳厚稳嘉债券型证券投资基金清算报告,2025-02-26,淳厚,1232796
2025,2025-02,FB060010,清算报告,014750,兴华消费精选6个月持有混合发起,兴华消费精选6个月持有期混合型发起式证券投资基金清算报告,2025-02-26,兴华,1232984
2025,2025-02,FB060010,清算报告,014212,博时研究优享混合,博时研究优享混合型证券投资基金清算报告,2025-02-26,博时,1233023
2025,2025-02,FB060010,清算报告,018908,华宝远景混合,华宝远景混合型证券投资基金清算报告,2025-02-25,华宝,1232406
2025,2025-02,FB060010,清算报告,970077,安信资管瑞鑫一年持有,安信资管瑞鑫一年持有期债券型集合资产管理计划清算报告,2025-02-22,国证资管,1232021
2025,2025-02,FB060010,清算报告,970058,安信瑞盈3个月滚动持有债券,安信资管瑞盈3个月滚动持有债券型集合资产管理计划清算报告,2025-02-22,国证资管,1232024
2025,2025-02,FB060010,清算报告,014608,中欧周期景气混合发起,中欧周期景气混合型发起式证券投资基金清算报告,2025-02-22,中欧,1232119
2025,2025-02,FB060010,清算报告,014744,恒生前海兴享混合,恒生前海兴享混合型证券投资基金2025年清算报告,2025-02-21,恒生前海,1231441
2025,2025-02,FB060010,清算报告,014902,长城新能源股票发起式,长城新能源股票型发起式证券投资基金清算报告,2025-02-20,长城,1231182
2025,2025-02,FB060010,清算报告,519963,长信利盈混合,长信利盈灵活配置混合型证券投资基金清算报告,2025-02-19,长信,1230407
2025,2025-02,FB060010,清算报告,010628,广发瑞轩三个月定开混合,广发瑞轩三个月定期开放混合型发起式证券投资基金清算报告,2025-02-17,广发,1229834
2025,2025-02,FB060010,清算报告,162413,华宝中证1000指数,华宝中证1000指数证券投资基金清算报告,2025-02-15,华宝,1229670
2025,2025-02,FB060010,清算报告,004687,汇添富熙和混合,汇添富熙和精选混合型证券投资基金清算报告,2025-02-14,汇添富,1229425
2025,2025-02,FB060010,清算报告,159683,嘉实中证内地运输主题ETF,嘉实中证内地运输主题交易型开放式指数证券投资基金清算报告,2025-02-14,嘉实,1229470
2025,2025-02,FB060010,清算报告,013197,南方兴锦利一年定开债券发起,南方兴锦利一年定期开放债券型发起式证券投资基金2025年清算报告,2025-02-12,南方,1228834
2025,2025-02,FB060010,清算报告,002858,长信富平纯债一年定开债券,长信富平纯债一年定期开放债券型证券投资基金清算报告,2025-02-10,长信,1228035
2025,2025-02,FB060010,清算报告,014321,德邦周期精选混合发起式,德邦周期精选混合型发起式证券投资基金清算报告,2025-02-05,德邦,1226946
2025,2025-03,FB060010,清算报告,008878,国联安新蓝筹红利一年定开混合,国联安新蓝筹红利一年定期开放混合型发起式证券投资基金清算报告,2025-03-28,国联安,1247656
2025,2025-03,FB060010,清算报告,010258,淳厚稳悦,淳厚稳悦债券型证券投资基金清算报告,2025-03-28,淳厚,1248127
2025,2025-03,FB060010,清算报告,013873,平安中证医药及医疗器械创新指数发起式,平安中证医药及医疗器械创新指数型发起式证券投资基金2025年清算报告,2025-03-27,平安,1245842
2025,2025-03,FB060010,清算报告,014763,鹏华鑫华一年持有期混合,鹏华鑫华一年持有期混合型证券投资基金清算报告,2025-03-25,鹏华,1244172
2025,2025-03,FB060010,清算报告,019326,申万菱信乐研混合,申万菱信乐研混合型证券投资基金清算报告,2025-03-24,申万菱信,1243881
2025,2025-03,FB060010,清算报告,159579,华安深证主板50ETF,华安深证主板50交易型开放式指数证券投资基金清算报告,2025-03-22,华安,1243771
2025,2025-03,FB060010,清算报告,004046,华夏新锦顺混合,华夏新锦顺灵活配置混合型证券投资基金清算报告,2025-03-21,华夏,1242169
2025,2025-03,FB060010,清算报告,970041,国海量化优选一年持有股票,国海证券量化优选一年持有期股票型集合资产管理计划清算报告,2025-03-21,国海证券,1242366
2025,2025-03,FB060010,清算报告,014252,华泰柏瑞鸿裕90天滚动持有短债A/C,华泰柏瑞鸿裕90天滚动持有短债债券型证券投资基金清算报告,2025-03-19,华泰柏瑞,1239197
2025,2025-03,FB060010,清算报告,519953,长信富海纯债一年定开债券,长信富海纯债一年定期开放债券型证券投资基金清算报告,2025-03-19,长信,1239306
2025,2025-03,FB060010,清算报告,014500,华宸未来稳健添盈债券,华宸未来稳健添盈债券型证券投资基金清算报告,2025-03-17,华宸未来,1238379
2025,2025-03,FB060010,清算报告,019731,申万菱信添利六个月持有期混合,申万菱信添利六个月持有期混合型证券投资基金清算报告,2025-03-17,申万菱信,1238655
2025,2025-03,FB060010,清算报告,013708,永赢养老目标2040三年持有混合发起（FOF）,永赢养老目标日期2040三年持有期混合型发起式基金中基金（FOF）清算报告,2025-03-17,永赢,1238743
2025,2025-03,FB060010,清算报告,010139,宝盈盈沛纯债债券,宝盈盈沛纯债债券型证券投资基金清算报告,2025-03-15,宝盈,1238631
2025,2025-03,FB060010,清算报告,860051,光大阳光北斗星180天滚动,光大阳光北斗星180天滚动持有债券型集合资产管理计划2024年清算报告,2025-03-14,光证资管,1238163
2025,2025-03,FB060010,清算报告,168207,国联创业板两年定开混合,国联创业板两年定期开放混合型证券投资基金第二次清算报告,2025-03-13,国联,1237512
2025,2025-03,FB060010,清算报告,970090,安信资管瑞丰6个月持有债券,安信资管瑞丰6个月持有期债券型集合资产管理计划清算报告,2025-03-13,国证资管,1237541
2025,2025-03,FB060010,清算报告,009144,博时荣升稳健添利混合,博时荣升稳健添利18个月定期开放混合型证券投资基金基金清算报告,2025-03-13,博时,1237815
2025,2025-03,FB060010,清算报告,016976,博时阿尔法回报混合,博时阿尔法回报混合型证券投资基金清算报告,2025-03-07,博时,1236308
2025,2025-03,FB060010,清算报告,014906,国泰中证消费电子主题ETF发起联接,国泰中证消费电子主题交易型开放式指数证券投资基金发起式联接基金清算报告,2025-03-06,国泰,1235801
2025,2025-04,FB060010,清算报告,015328,华泰紫金中证细分化工产业主题指数发起,华泰紫金中证细分化工产业主题指数型发起式证券投资基金清算报告,2025-04-30,华泰资管,1280935
2025,2025-04,FB060010,清算报告,013181,安信港股通精选混合发起,安信港股通精选混合型发起式证券投资基金清算报告,2025-04-30,安信,1281329
2025,2025-04,FB060010,清算报告,970130,国海安盈债券,国海证券安盈债券型集合资产管理计划清算报告,2025-04-28,国海证券,1280356
2025,2025-04,FB060010,清算报告,017834,信澳汇鑫两年封闭式债券型,信澳汇鑫两年封闭式债券型证券投资基金清算报告,2025-04-24,信达澳亚,1279186
2025,2025-04,FB060010,清算报告,014033,富国智盈稳进12个月持有期混合（FOF）,富国智盈稳进12个月持有期混合型基金中基金(FOF)清算报告,2025-04-18,富国,1265656
2025,2025-04,FB060010,清算报告,010400,富国融泰三个月定期开放混合发起式,富国融泰三个月定期开放混合型发起式证券投资基金清算报告,2025-04-18,富国,1265657
2025,2025-04,FB060010,清算报告,014288,淳厚稳丰债券,淳厚稳丰债券型证券投资基金清算报告,2025-04-17,淳厚,1264474
2025,2025-04,FB060010,清算报告,017107,淳厚优加一年持有混合,淳厚优加回报一年持有期混合型证券投资基金清算报告,2025-04-17,淳厚,1264480
2025,2025-04,FB060010,清算报告,009351,南方誉丰18个月持有期混合,南方誉丰18个月持有期混合型证券投资基金2025年清算报告,2025-04-17,南方,1264699
2025,2025-04,FB060010,清算报告,012216,红塔红土盛利混合,红塔红土盛利混合型证券投资基金清算报告,2025-04-15,红塔红土,1263493
2025,2025-04,FB060010,清算报告,015966,淳厚中债1-3年政金债指数,淳厚中债1-3年政策性金融债指数证券投资基金清算报告,2025-04-15,淳厚,1263553
2025,2025-04,FB060010,清算报告,010059,东方红鼎元3个月定开混合,东方红鼎元3个月定期开放混合型发起式证券投资基金清算报告,2025-04-15,东证资管,1263555
2025,2025-04,FB060010,清算报告,970041,国海量化优选一年持有股票,国海证券量化优选一年持有期股票型集合资产管理计划第二次清算报告,2025-04-15,国海证券,1263823
2025,2025-04,FB060010,清算报告,014820,华安创新医药锐选量化股票发起式,华安创新医药锐选量化股票型发起式证券投资基金清算报告,2025-04-11,华安,1262695
2025,2025-04,FB060010,清算报告,970142,太平洋证券30天滚动持有债券,太平洋证券30天滚动持有债券型集合资产管理计划2025年清算报告,2025-04-11,太平洋证券,1262890
2025,2025-04,FB060010,清算报告,006346,安信量化优选股票,安信量化优选股票型发起式证券投资基金清算报告,2025-04-08,安信,1261142
2025,2025-04,FB060010,清算报告,006354,国泰民裕进取灵活配置混合,国泰民裕进取灵活配置混合型证券投资基金清算报告,2025-04-08,国泰,1261238
2025,2025-04,FB060010,清算报告,015225,汇添富中证细分化工产业主题指数增强发起式,汇添富中证细分化工产业主题指数增强型发起式证券投资基金清算报告,2025-04-07,汇添富,1260484
2025,2025-04,FB060010,清算报告,013397,上银稳健优选12个月持有混合发起式（FOF）,上银稳健优选12个月持有期混合型发起式基金中基金（FOF）清算报告,2025-04-03,上银,1260167
2025,2025-04,FB060010,清算报告,009374,浦银安盛MSCI中国A股ETF联接,浦银安盛MSCI中国A股交易型开放式指数证券投资基金联接基金清算报告,2025-04-03,浦银基金,1260178
2025,2025-05,FB060010,清算报告,560960,摩根中证碳中和60ETF,摩根中证碳中和60交易型开放式指数证券投资基金清算报告,2025-05-31,摩根,1293128
2025,2025-05,FB060010,清算报告,003406,南方多元定开债券发起,南方多元定期开放债券型发起式证券投资基金2025年清算报告,2025-05-30,南方,1292401
2025,2025-05,FB060010,清算报告,015085,中欧核心消费股票发起,中欧核心消费股票型发起式证券投资基金清算报告,2025-05-29,中欧,1289861
2025,2025-05,FB060010,清算报告,006063,景顺长城MSCI中国A股国际通指数增强,景顺长城MSCI中国A股国际通指数增强型证券投资基金清算报告,2025-05-29,景顺长城,1290035
2025,2025-05,FB060010,清算报告,014715,国投瑞银积极养老目标五年持有混合发起式（FOF）,国投瑞银积极养老目标五年持有期混合型发起式基金中基金（FOF）2025年清算报告,2025-05-29,国投瑞银,1289706
2025,2025-05,FB060010,清算报告,010951,中金成长精选,中金成长精选混合型证券投资基金清算报告,2025-05-28,中金,1289290
2025,2025-05,FB060010,清算报告,014695,长盛先进制造六个月持有混合,长盛先进制造六个月持有期混合型证券投资基金清算报告,2025-05-27,长盛,1288888
2025,2025-05,FB060010,清算报告,014861,申万菱信双禧混合型发起式,申万菱信双禧混合型发起式证券投资基金清算报告,2025-05-26,申万菱信,1288359
2025,2025-05,FB060010,清算报告,015757,富国智华稳进12个月持有期混合（FOF）,富国智华稳进12个月持有期混合型基金中基金(FOF)清算报告,2025-05-26,富国,1288671
2025,2025-05,FB060010,清算报告,015200,创金合信动态平衡混合发起,创金合信动态平衡混合型发起式证券投资基金清算报告,2025-05-26,创金合信,1288523
2025,2025-05,FB060010,清算报告,010508,博时鑫康混合,博时鑫康混合型证券投资基金清算报告,2025-05-24,博时,1288609
2025,2025-05,FB060010,清算报告,014556,富荣量化精选混合发起,富荣量化精选混合型发起式证券投资基金清算报告,2025-05-23,富荣,1287366
2025,2025-05,FB060010,清算报告,010799,长城优选稳进六个月混合,长城优选稳进六个月持有期混合型证券投资基金清算报告,2025-05-22,长城,1286965
2025,2025-05,FB060010,清算报告,015497,华泰紫金中证医药50指数发起,华泰紫金中证医药50指数型发起式证券投资基金清算报告,2025-05-20,华泰资管,1286167
2025,2025-05,FB060010,清算报告,015391,上银新能源产业精选混合发起式,上银新能源产业精选混合型发起式证券投资基金清算报告,2025-05-17,上银,1285869
2025,2025-05,FB060010,清算报告,005080,海富通量化多因子混合,海富通量化多因子灵活配置混合型证券投资基金清算报告,2025-05-16,海富通,1285043
2025,2025-05,FB060010,清算报告,015024,鹏华兴鹏一年持有期混合,鹏华兴鹏一年持有期混合型证券投资基金清算报告,2025-05-15,鹏华,1284340
2025,2025-05,FB060010,清算报告,515780,浦银安盛MSCI中国A股ETF,浦银安盛MSCI中国A股交易型开放式指数证券投资基金清算报告,2025-05-09,浦银基金,1282874
2025,2025-05,FB060010,清算报告,018520,淳厚瑞明债券,淳厚瑞明债券型证券投资基金清算报告,2025-05-08,淳厚,1282101
2025,2025-06,FB060010,清算报告,019642,农银国企优选混合,农银汇理国企优选混合型证券投资基金清算报告,2025-06-28,农银汇理,1308481
2025,2025-06,FB060010,清算报告,015295,申万菱信鑫享稳健混合型发起式,申万菱信鑫享稳健混合型发起式证券投资基金清算报告,2025-06-27,申万菱信,1305709
2025,2025-06,FB060010,清算报告,015234,上银恒享平衡养老目标三年持有混合发起式（FOF）,上银恒享平衡养老目标三年持有期混合型发起式基金中基金（FOF）清算报告,2025-06-27,上银,1306033
2025,2025-06,FB060010,清算报告,010938,大摩招惠一年持有期混合,摩根士丹利招惠一年持有期混合型证券投资基金清算报告,2025-06-26,摩根士丹利,1304371
2025,2025-06,FB060010,清算报告,970150,方正证券鑫享三个月滚动债券,方正证券鑫享三个月滚动持有债券型集合资产管理计划清算报告,2025-06-25,方正证券,1302436
2025,2025-06,FB060010,清算报告,015871,景顺长城国证新能源车电池ETF联接,景顺长城国证新能源车电池交易型开放式指数证券投资基金发起式联接基金清算报告,2025-06-25,景顺长城,1302444
2025,2025-06,FB060010,清算报告,010367,国联景瑞一年持有混合,国联景瑞一年持有期混合型证券投资基金清算报告,2025-06-24,国联,1302096
2025,2025-06,FB060010,清算报告,161911,万家强化收益定期开放债券,万家强化收益定期开放债券型证券投资基金清算报告,2025-06-24,万家,1301160
2025,2025-06,FB060010,清算报告,013989,富国沪港深优质资产混合发起式,富国沪港深优质资产混合型发起式证券投资基金清算报告,2025-06-24,富国,1301728
2025,2025-06,FB060010,清算报告,015574,宝盈新能源产业混合发起式,宝盈新能源产业混合型发起式证券投资基金2025年清算报告,2025-06-23,宝盈,1300417
2025,2025-06,FB060010,清算报告,015796,万家新能源主题混合发起式,万家新能源主题混合型发起式证券投资基金清算报告,2025-06-21,万家,1300371
2025,2025-06,FB060010,清算报告,013651,南方誉泰稳健6个月持有混合（FOF）,南方誉泰稳健6个月持有期混合型基金中基金（FOF）2025年清算报告,2025-06-20,南方,1300173
2025,2025-06,FB060010,清算报告,019798,富安达睿选增利债券,富安达睿选增利债券型证券投资基金清算报告,2025-06-14,富安达,1297683
2025,2025-06,FB060010,清算报告,015252,西部利得季季鸿三个月持有混合发起（FOF）,西部利得季季鸿三个月持有期混合型发起式基金中基金（F0F）2025年清算报告,2025-06-13,西部利得,1297233
2025,2025-06,FB060010,清算报告,010475,摩根安享回报一年持有期债券,摩根安享回报一年持有期债券型证券投资基金清算报告,2025-06-13,摩根,1297397
2025,2025-06,FB060010,清算报告,015694,瑞达策略优选混合发起,瑞达策略优选混合型发起式证券投资基金清算报告,2025-06-12,瑞达,1297023
2025,2025-06,FB060010,清算报告,004607,长信利尚一年定开混合,长信利尚一年定期开放混合型证券投资基金清算报告,2025-06-12,长信,1296929
2025,2025-06,FB060010,清算报告,970026,申万宏源灵通快利短债债券,申万宏源灵通快利短期债券型集合资产管理计划清算报告,2025-06-10,申万宏源证券资管,1295939
2025,2025-06,FB060010,清算报告,018017,泓德裕盈三个月定开债券,泓德裕盈三个月定期开放债券型证券投资基金清算报告,2025-06-10,泓德,1295389
2025,2025-06,FB060010,清算报告,018882,海富通ESG领先股票,海富通ESG领先股票型证券投资基金清算报告,2025-06-10,海富通,1295898
2025,2025-07,FB060010,清算报告,970171,西部证券易储通现金管理,西部证券易储通现金管理型集合资产管理计划清算报告,2025-07-31,西部证券,1329365
2025,2025-07,FB060010,清算报告,005569,国联智选红利股票,国联智选红利股票型证券投资基金清算报告,2025-07-29,国联,1329053
2025,2025-07,FB060010,清算报告,015655,富荣医药健康混合发起,富荣医药健康混合型发起式证券投资基金清算报告,2025-07-17,富荣,1313614
2025,2025-07,FB060010,清算报告,015710,华夏高端装备龙头混合发起式,华夏高端装备龙头混合型发起式证券投资基金清算报告,2025-07-17,华夏,1313686
2025,2025-07,FB060010,清算报告,002830,浙商惠丰定期,浙商惠丰定期开放债券型证券投资基金2025年清算报告,2025-07-17,浙商,1313906
2025,2025-07,FB060010,清算报告,010568,海富通惠睿精选混合,海富通惠睿精选混合型证券投资基金清算报告,2025-07-16,海富通,1313400
2025,2025-07,FB060010,清算报告,002356,博时安泰18个月定开债,博时安泰18个月定期开放债券型证券投资基金基金清算报告,2025-07-16,博时,1313449
2025,2025-07,FB060010,清算报告,970104,华创证券创享一年持有期,华创证券创享一年持有期债券型集合资产管理计划清算报告,2025-07-15,华创证券,1312917
2025,2025-07,FB060010,清算报告,512280,景顺长城MSCI中国A股国际通ETF,景顺长城MSCI中国A股国际通交易型开放式指数证券投资基金清算报告,2025-07-15,景顺长城,1313105
2025,2025-07,FB060010,清算报告,562260,海富通中证汽车零部件主题ETF,海富通中证汽车零部件主题交易型开放式指数证券投资基金清算报告,2025-07-14,海富通,1312635
2025,2025-07,FB060010,清算报告,021453,泉果泰岩3 个月定期开放债券,泉果泰岩3个月定期开放债券型证券投资基金基金清算报告,2025-07-12,泉果,1312714
2025,2025-07,FB060010,清算报告,015761,银华中证基建ETF发起式联接,银华中证基建交易型开放式指数证券投资基金发起式联接基金清算报告,2025-07-11,银华,1312255
2025,2025-07,FB060010,清算报告,008743,南方集利18个月持有债券,南方集利18个月持有期债券型证券投资基金2025年清算报告,2025-07-11,南方,1312487
2025,2025-07,FB060010,清算报告,860022,光大阳光3个月持有（FOF）,光大阳光3个月持有期混合型基金中基金（FOF）集合资产管理计划审计报告,2025-07-10,光证资管,1311836
2025,2025-07,FB060010,清算报告,970021,信达价值精选,信达价值精选一年持有期灵活配置混合型集合资产管理计划清算报告,2025-07-09,信达证券,1311715
2025,2025-07,FB060010,清算报告,010446,国泰金福三个月定期开放混合,国泰金福三个月定期开放混合型发起式证券投资基金清算报告,2025-07-04,国泰,1310444
2025,2025-07,FB060010,清算报告,020311,华宝积极配置三个月持有混合（FOF）,华宝积极配置三个月持有期混合型基金中基金（FOF）清算报告,2025-07-03,华宝,1309981
2025,2025-07,FB060010,清算报告,013433,博时恒润6个月持有期混合,博时恒润6个月持有期混合型证券投资基金清算报告,2025-07-02,博时,1309716
2025,2025-07,FB060010,清算报告,015617,永赢卓越臻选股票发起,永赢卓越臻选股票型发起式证券投资基金清算报告,2025-07-02,永赢,1309768
2025,2025-07,FB060010,清算报告,019750,海富通数字经济混合,海富通数字经济混合型证券投资基金清算报告,2025-07-02,海富通,1309832
2025,2025-08,FB060010,清算报告,015921,申万菱信国证2000指数增强型发起式,申万菱信国证2000指数增强型发起式证券投资基金清算报告,2025-08-27,申万菱信,1337915
2025,2025-08,FB060010,清算报告,015189,浙商智配瑞享一年持有债券（FOF）,浙商智配瑞享一年持有期债券型基金中基金（FOF）清算报告,2025-08-26,浙商,1337201
2025,2025-08,FB060010,清算报告,873002,广发资管全球精选一年持有期债券（QDII）,广发资管全球精选一年持有期债券型集合资产管理计划（QDII）清算报告,2025-08-25,广发资管,1336863
2025,2025-08,FB060010,清算报告,015541,大成丰华稳健六个月持有混合发起式（FOF）,大成丰华稳健六个月持有期混合型发起式基金中基金（FOF）清算报告,2025-08-22,大成,1336413
2025,2025-08,FB060010,清算报告,018572,华宝远恒混合,华宝远恒混合型证券投资基金清算报告,2025-08-21,华宝,1335885
2025,2025-08,FB060010,清算报告,015982,国泰君安稳债双利6个月持有债券发起,国泰君安稳债双利6个月持有期债券型发起式证券投资基金清算报告,2025-08-20,国泰海通资管,1335648
2025,2025-08,FB060010,清算报告,015889,富国中证500基本面精选股票发起式,富国中证500基本面精选股票型发起式证券投资基金清算报告,2025-08-20,富国,1335793
2025,2025-08,FB060010,清算报告,016697,华泰柏瑞上证50指数增强A/C,华泰柏瑞上证50指数增强型证券投资基金清算报告,2025-08-19,华泰柏瑞,1335348
2025,2025-08,FB060010,清算报告,012685,长城优选招益一年混合,长城优选招益一年持有期混合型证券投资基金2025年清算报告,2025-08-18,长城,1335201
2025,2025-08,FB060010,清算报告,018800,海富通优势驱动混合,海富通优势驱动混合型证券投资基金清算报告,2025-08-18,海富通,1335202
2025,2025-08,FB060010,清算报告,016138,中银证券慧泽进取3个月持有期混合发起（FOF）,中银证券慧泽进取3个月持有期混合型发起式基金中基金（FOF）清算报告,2025-08-16,中银国际证券,1334896
2025,2025-08,FB060010,清算报告,015776,财通资管通达未来6个月持有混合发起式（FOF）,财通资管通达未来6个月持有期混合型发起式基金中基金（FOF）清算报告,2025-08-15,财通资管,1334397
2025,2025-08,FB060010,清算报告,160922,大成恒生综合中小型股指数,大成恒生综合中小型股指数证券投资基金（QDII-LOF）第二次清算报告,2025-08-15,大成,1334593
2025,2025-08,FB060010,清算报告,014433,国泰智享科技1个月滚动持有混合发起,国泰智享科技1个月滚动持有混合型发起式证券投资基金清算报告,2025-08-14,国泰,1334128
2025,2025-08,FB060010,清算报告,970132,东证融汇添添益中短债,东证融汇添添益中短债债券型集合资产管理计划清算报告,2025-08-14,东证融汇资管,1334215
2025,2025-08,FB060010,清算报告,850011,海通现金宝货币,海通现金宝货币型集合资产管理计划清算报告,2025-08-14,海通资管,1334160
2025,2025-08,FB060010,清算报告,850006,海通红利优选,海通红利优选一年持有期混合型集合资产管理计划清算报告,2025-08-14,海通资管,1334161
2025,2025-08,FB060010,清算报告,016233,创金合信增福稳健养老目标一年持有期混合发起（FOF）,创金合信增福稳健养老目标一年持有期混合型发起式基金中基金（FOF）清算报告,2025-08-13,创金合信,1333900
2025,2025-08,FB060010,清算报告,015549,金鹰品质消费混合发起式,金鹰品质消费混合型发起式证券投资基金2025年清算报告,2025-08-12,金鹰,1333404
2025,2025-08,FB060010,清算报告,019805,华泰紫金智和利率债,华泰紫金智和利率债债券型证券投资基金清算报告,2025-08-08,华泰资管,1331854
2025,2025-09,FB060010,清算报告,016197,大成颐享稳健养老目标一年持有混合发起式（FOF）,大成颐享稳健养老目标一年持有期混合型发起式基金中基金（FOF）清算报告,2025-09-26,大成,1361059
2025,2025-09,FB060010,清算报告,018944,博时远见成长混合,博时远见成长混合型证券投资基金清算报告,2025-09-26,博时,1361089
2025,2025-09,FB060010,清算报告,005166,嘉实润和量化定期混合,嘉实润和量化6个月定期开放混合型证券投资基金清算报告,2025-09-26,嘉实,1360926
2025,2025-09,FB060010,清算报告,016242,东方红养老目标 2045 五年持有混合发起（FOF）,东方红养老目标日期2045五年持有期混合型发起式基金中基金(FOF)清算报告,2025-09-25,东证资管,1360030
2025,2025-09,FB060010,清算报告,015246,国投兴源FOF,国投瑞银兴源6个月定期开放混合型基金中基金（FOF）2025年清算报告,2025-09-25,国投瑞银,1360107
2025,2025-09,FB060010,清算报告,004081,国联安鑫乾混合,国联安鑫乾混合型证券投资基金清算报告,2025-09-24,国联安,1359345
2025,2025-09,FB060010,清算报告,015919,申万菱信专精特新主题混合型发起式,申万菱信专精特新主题混合型发起式证券投资基金清算报告,2025-09-24,申万菱信,1359468
2025,2025-09,FB060010,清算报告,160645,鹏华精选回报三年定开混合,鹏华精选回报三年定期开放混合型证券投资基金清算报告,2025-09-23,鹏华,1358755
2025,2025-09,FB060010,清算报告,016309,银华玉衡定投三个月持有混合发起式（FOF）,银华玉衡定投三个月持有期混合型发起式基金中基金（FOF）清算报告,2025-09-23,银华,1359016
2025,2025-09,FB060010,清算报告,016231,创金合信佳和稳健一年持有期混合发起（FOF）,创金合信佳和稳健一年持有期混合型发起式基金中基金（FOF）清算报告,2025-09-22,创金合信,1358328
2025,2025-09,FB060010,清算报告,015535,创金合信佳和平衡3个月持有期混合发起（FOF）,创金合信佳和平衡3个月持有期混合型发起式基金中基金（FOF）清算报告,2025-09-22,创金合信,1358332
2025,2025-09,FB060010,清算报告,008324,宝盈祥利稳健配置混合,宝盈祥利稳健配置混合型证券投资基金清算报告,2025-09-20,宝盈,1358401
2025,2025-09,FB060010,清算报告,003434,博时鑫泽混合,博时鑫泽灵活配置混合型证券投资基金清算报告,2025-09-20,博时,1358636
2025,2025-09,FB060010,清算报告,002447,博时裕安一年定开债发起式,博时裕安纯债一年定期开放债券型发起式证券投资基金清算报告,2025-09-18,博时,1356948
2025,2025-09,FB060010,清算报告,007423,西部利得聚禾混合,西部利得聚禾灵活配置混合型证券投资基金清算报告,2025-09-17,西部利得,1356404
2025,2025-09,FB060010,清算报告,017800,招商恒鑫30个月封闭债,招商恒鑫30个月封闭式债券型证券投资基金清算报告,2025-09-16,招商,1356316
2025,2025-09,FB060010,清算报告,673090,西部利得个股精选股票,西部利得个股精选股票型证券投资基金清算报告,2025-09-15,西部利得,1355780
2025,2025-09,FB060010,清算报告,016155,鹏扬消费行业混合发起式,鹏扬消费行业混合型发起式证券投资基金清算报告,2025-09-13,鹏扬,1355730
2025,2025-09,FB060010,清算报告,016101,申万菱信碳中和智选混合型发起式,申万菱信碳中和智选混合型发起式证券投资基金清算报告,2025-09-11,申万菱信,1354971
2025,2025-09,FB060010,清算报告,016113,华宝高端装备股票发起式,华宝高端装备股票型发起式证券投资基金清算报告,2025-09-10,华宝,1354327
2025,2025-10,FB060010,清算报告,016763,华安中证上海环交所碳中和指数发起式,华安中证上海环交所碳中和指数型发起式证券投资基金清算报告,2025-10-25,华安,1370265
2025,2025-10,FB060010,清算报告,014554,博时恒瑞混合,博时恒瑞混合型证券投资基金清算报告,2025-10-25,博时,1372143
2025,2025-10,FB060010,清算报告,024798,华夏增益十八个月持有债券,华夏增益十八个月持有期债券型证券投资基金清算报告,2025-10-24,华夏,1368640
2025,2025-10,FB060010,清算报告,004175,博时鑫泰混合,博时鑫泰灵活配置混合型证券投资基金基金清算报告,2025-10-24,博时,1368843
2025,2025-10,FB060010,清算报告,970116,方正证券现金港,方正证券现金港货币型集合资产管理计划清算报告,2025-10-23,方正证券,1368165
2025,2025-10,FB060010,清算报告,009323,博时富通一年定开债发起式,博时富通纯债一年定期开放债券型发起式证券投资基金清算报告,2025-10-23,博时,1368183
2025,2025-10,FB060010,清算报告,016380,华宝专精特新混合发起式,华宝专精特新混合型发起式证券投资基金2025年清算报告,2025-10-22,华宝,1367598
2025,2025-10,FB060010,清算报告,020687,长盛利鑫90天持有纯债,长盛利鑫90天持有期纯债债券型证券投资基金清算报告,2025-10-22,长盛,1367600
2025,2025-10,FB060010,清算报告,020548,长盛悦鑫60天持有纯债,长盛悦鑫60天持有期纯债债券型证券投资基金清算报告,2025-10-22,长盛,1367601
2025,2025-10,FB060010,清算报告,970029,安信资管瑞元添利,安信资管瑞元添利一年持有期债券型集合资产管理计划清算报告,2025-10-22,国证资管,1367751
2025,2025-10,FB060010,清算报告,020878,华商融享稳健配置3个月持有混合（FOF）,华商融享稳健配置3个月持有期混合型基金中基金（FOF）清算报告,2025-10-21,华商,1367383
2025,2025-10,FB060010,清算报告,016121,华安积极养老目标五年持有混合发起式（FOF）,华安积极养老目标五年持有期混合型发起式基金中基金（FOF）基金清算报告,2025-10-17,华安,1366370
2025,2025-10,FB060010,清算报告,015813,国新国证优选配置6个月持有混合发起（FOF）,国新国证优选配置6个月持有期混合型发起式基金中基金（FOF）清算报告,2025-10-17,国新国证,1366568
2025,2025-10,FB060010,清算报告,010401,新华安康多元收益一年持有期混合,新华安康多元收益一年持有期混合型证券投资基金2025年清算报告,2025-10-17,新华,1366766
2025,2025-10,FB060010,清算报告,970176,东莞证券旗峰天添利货币,东莞证券旗峰天添利货币型集合资产管理计划清算报告,2025-10-15,东莞证券,1365793
2025,2025-10,FB060010,清算报告,007781,天弘弘新,天弘弘新混合型发起式证券投资基金清算报告,2025-10-14,天弘,1365420
2025,2025-10,FB060010,清算报告,970186,中原天天汇利货币,中原证券天天汇利货币型集合资产管理计划2025年清算报告,2025-10-13,中原证券,1365054
2025,2025-11,FB060010,清算报告,014790,景顺长城产业臻选一年持有混合,景顺长城产业臻选一年持有期混合型证券投资基金清算报告,2025-11-28,景顺长城,1396327
2025,2025-11,FB060010,清算报告,022864,华宝远识混合,华宝远识混合型证券投资基金清算报告,2025-11-27,华宝,1394897
2025,2025-11,FB060010,清算报告,011397,招商瑞和1年持有期混合,招商瑞和1年持有期混合型证券投资基金清算报告,2025-11-27,招商,1395180
2025,2025-11,FB060010,清算报告,016908,华安中证基建指数发起式,华安中证基建指数型发起式证券投资基金清算报告,2025-11-26,华安,1394201
2025,2025-11,FB060010,清算报告,008563,银河臻优稳健配置混合,银河臻优稳健配置混合型证券投资基金2025年清算报告,2025-11-25,银河,1393085
2025,2025-11,FB060010,清算报告,018703,南方誉民稳健一年持有混合,南方誉民稳健一年持有期混合型证券投资基金2025年清算报告,2025-11-25,南方,1393532
2025,2025-11,FB060010,清算报告,020234,海富通瑞鑫30天持有期债券,海富通瑞鑫30天持有期债券型证券投资基金清算报告,2025-11-19,海富通,1390856
2025,2025-11,FB060010,清算报告,010211,景顺长城顺鑫回报混合,景顺长城顺鑫回报混合型证券投资基金清算报告,2025-11-14,景顺长城,1388444
2025,2025-11,FB060010,清算报告,009675,国联融慧双欣一年定开债券,国联融慧双欣一年定期开放债券型证券投资基金清算报告,2025-11-13,国联,1387768
2025,2025-11,FB060010,清算报告,673020,西部利得成长精选混合,西部利得成长精选灵活配置混合型证券投资基金清算报告,2025-11-13,西部利得,1388098
2025,2025-11,FB060010,清算报告,018525,银河招益6个月持有混合,银河招益6个月持有期混合型证券投资基金2023年清算报告,2025-11-12,银河,1387273
2025,2025-11,FB060010,清算报告,016225,申万菱信中证内地新能源主题ETF发起式联接,申万菱信中证内地新能源主题交易型开放式指数证券投资基金发起式联接基金清算报告,2025-11-11,申万菱信,1386973
2025,2025-11,FB060010,清算报告,970162,现金管家,东海证券现金管家现金管理型集合资产管理计划清算报告,2025-11-07,东海证券,1386035
2025,2025-11,FB060010,清算报告,011359,长城优选添利一年混合,长城优选添利一年持有期混合型证券投资基金清算报告,2025-11-04,长城,1384818
2025,2025-11,FB060010,清算报告,970188,申万宏源双季增享6个月债券,申万宏源双季增享6个月持有期债券型集合资产管理计划2025年清算报告,2025-11-04,申万宏源证券资管,1384846
2025,2025-12,FB060010,清算报告,017077,华泰紫金景泓12个月持有期混合发起,华泰紫金景泓12个月持有期混合型发起式证券投资基金2025年清算报告,2025-12-31,华泰资管,1409385
2025,2025-12,FB060010,清算报告,001781,建信现代服务业股票,建信现代服务业股票型证券投资基金清算报告,2025-12-31,建信,1409982
2025,2025-12,FB060010,清算报告,017226,富国中证全指家用电器ETF发起式联接,富国中证全指家用电器交易型开放式指数证券投资基金发起式联接基金清算报告,2025-12-31,富国,1410119
2025,2025-12,FB060010,清算报告,004157,中信保诚至诚混合,中信保诚至诚灵活配置混合型证券投资基金清算报告,2025-12-27,中信保诚,1408333
2025,2025-12,FB060010,清算报告,012471,中加邮益一年持有混合,中加邮益一年持有期混合型证券投资基金清算报告,2025-12-27,中加,1408606
2025,2025-12,FB060010,清算报告,013581,中海海颐混合,中海海颐混合型证券投资基金清算报告,2025-12-26,中海,1407037
2025,2025-12,FB060010,清算报告,970196,诚通天天利货币,诚通天天利货币型集合资产管理计划2025年清算报告,2025-12-26,诚通证券,1407053
2025,2025-12,FB060010,清算报告,016336,博时卓远成长一年持有期股票,博时卓远成长一年持有期股票型证券投资基金清算报告,2025-12-26,博时,1407490
2025,2025-12,FB060010,清算报告,015765,东方专精特新混合发起式,东方专精特新混合型发起式证券投资基金2025年清算报告,2025-12-25,东方,1406375
2025,2025-12,FB060010,清算报告,010006,南方誉鼎一年持有期混合,南方誉鼎一年持有期混合型证券投资基金2025年清算报告,2025-12-25,南方,1406969
2025,2025-12,FB060010,清算报告,010190,嘉实价值发现三个月定期混合,嘉实价值发现三个月定期开放混合型发起式证券投资基金清算报告,2025-12-25,嘉实,1406899
2025,2025-12,FB060010,清算报告,018118,华宝ESG责任投资混合,华宝ESG责任投资混合型证券投资基金2025年清算报告,2025-12-24,华宝,1405816
2025,2025-12,FB060010,清算报告,007308,华宝消费升级混合,华宝消费升级混合型证券投资基金清算报告,2025-12-24,华宝,1405863
2025,2025-12,FB060010,清算报告,015352,中欧诚选一年持有混合（FOF）,中欧诚选一年持有期混合型基金中基金（FOF）清算报告,2025-12-24,中欧,1406026
2025,2025-12,FB060010,清算报告,015345,嘉实养老目标日期2055五年持有期混合发起（FOF）,嘉实养老目标日期2055五年持有期混合型发起式基金中基金（FOF）清算报告,2025-12-24,嘉实,1406139
2025,2025-12,FB060010,清算报告,016912,恒越均衡优选混合发起式,恒越均衡优选混合型发起式证券投资基金2025年清算报告,2025-12-23,恒越,1405379
2025,2025-12,FB060010,清算报告,015639,国联养老目标日期2045三年持有混合发起（FOF）,国联养老目标日期2045三年持有期混合型发起式基金中基金（FOF）清算报告,2025-12-23,国联,1405382
2025,2025-12,FB060010,清算报告,015317,景顺长城隽发平衡养老三年持有混合FOF,景顺长城隽发平衡养老目标三年持有期混合型发起式基金中基金（FOF）清算报告,2025-12-23,景顺长城,1405689
2025,2025-12,FB060010,清算报告,001659,富安达新动力混合,富安达新动力灵活配置混合型证券投资基金清算报告,2025-12-20,富安达,1404757
2025,2025-12,FB060010,清算报告,017195,长江时代精选混合发起,长江时代精选混合型发起式证券投资基金清算报告,2025-12-19,长江资管,1403378
2025,2025-12,FB060010,清算报告,014009,华安养老目标2045五年持有混合发起式（FOF）,华安养老目标日期2045五年持有期混合型发起式基金中基金（FOF）基金清算报告,2025-12-16,华安,1402706
2025,2025-12,FB060010,清算报告,017209,国泰海通科技创新精选三个月持有股票发起,国泰海通科技创新精选三个月持有期股票型发起式证券投资基金清算报告,2025-12-15,国泰海通资管,1402035
2025,2025-12,FB060010,清算报告,860012,光大阳光稳债收益12个月持有债券,光大阳光稳债收益12个月持有期债券型集合资产管理计划清算报告,2025-12-11,光证资管,1401200
2025,2025-12,FB060010,清算报告,860010,光大阳光对冲6个月持有混合,光大阳光对冲策略6个月持有期灵活配置混合型集合资产管理计划清算报告,2025-12-11,光证资管,1401202
2025,2025-12,FB060010,清算报告,015820,宝盈中证沪港深科技龙头指数发起式,宝盈中证沪港深科技龙头指数型发起式证券投资基金清算报告,2025-12-11,宝盈,1401302
2025,2025-12,FB060010,清算报告,014890,南方浩泰平衡优选一年持有混合（FOF）,南方浩泰平衡优选一年持有期混合型基金中基金（FOF）2025年清算报告,2025-12-11,南方,1401424
2025,2025-12,FB060010,清算报告,970183,恒泰现金添利货币型,恒泰现金添利货币型集合资产管理计划清算报告,2025-12-10,恒泰证券,1400454
2025,2025-12,FB060010,清算报告,970174,东证融汇现金管家货币,东证融汇现金管家货币型集合资产管理计划2025年清算报告,2025-12-10,东证融汇资管,1400456
2025,2025-12,FB060010,清算报告,010919,鹏华招润一年持有期混合,鹏华招润一年持有期混合型证券投资基金清算报告,2025-12-09,鹏华,1400124
2025,2025-12,FB060010,清算报告,519623,银河君耀混合,银河君耀灵活配置混合型证券投资基金清算报告,2025-12-09,银河,1400148
2025,2025-12,FB060010,清算报告,519652,银河鑫利混合,银河鑫利灵活配置混合型证券投资基金清算报告,2025-12-09,银河,1400150
2025,2025-12,FB060010,清算报告,009493,大成尊享18个月持有混合发起式,大成尊享18个月持有期混合型发起式证券投资基金清算报告,2025-12-09,大成,1400276
2025,2025-12,FB060010,清算报告,860005,光大阳光添利债券,光大阳光添利债券型集合资产管理计划清算报告,2025-12-09,光证资管,1400388
2025,2025-12,FB060010,清算报告,970197,申万宏源季季优选3个月滚动持有债券,申万宏源季季优选3个月滚动持有债券型集合资产管理计划2025年清算报告,2025-12-09,申万宏源证券资管,1400394
2025,2025-12,FB060010,清算报告,017081,鹏华悦享一年持有期混合,鹏华悦享一年持有期混合型证券投资基金清算报告,2025-12-06,鹏华,1399683
2025,2025-12,FB060010,清算报告,016867,华泰紫金沪深300指数增强发起,华泰紫金沪深300指数增强型发起式证券投资基金清算报告,2025-12-05,华泰资管,1399198
2025,2025-12,FB060010,清算报告,519627,银河君润混合,银河君润灵活配置混合型证券投资基金清算报告,2025-12-03,银河,1397926
2025,2025-12,FB060010,清算报告,016013,南方碳中和股票发起,南方碳中和股票型发起式证券投资基金2025年清算报告,2025-12-03,南方,1398316
2025,2025-12,FB060010,清算报告,015129,国泰海通善远平衡配置一年持有混合(FOF),国泰海通善远平衡配置一年持有期混合型基金中基金（FOF）清算报告,2025-12-02,国泰海通资管,1397496
2026,2026-01,FB060010,清算报告,017445,摩根沪深300指数增强发起式,摩根沪深300指数增强型发起式证券投资基金清算报告,2026-01-30,摩根,1431647
2026,2026-01,FB060010,清算报告,017096,广发稳润一年持有期混合,广发稳润一年持有期混合型证券投资基金清算报告,2026-01-30,广发,1431701
2026,2026-01,FB060010,清算报告,016392,易米中证科创创业50指数增强发起,易米中证科创创业50指数增强型发起式证券投资基金清算报告,2026-01-27,易米,1430222
2026,2026-01,FB060010,清算报告,005943,工银聚福混合,工银瑞信聚福混合型证券投资基金清算报告,2026-01-23,工银瑞信,1429721
2026,2026-01,FB060010,清算报告,017019,博时中证农业主题指数发起式,博时中证农业主题指数型发起式证券投资基金清算报告,2026-01-22,博时,1426458
2026,2026-01,FB060010,清算报告,003023,博时景发纯债债券,博时景发纯债债券型证券投资基金清算报告,2026-01-22,博时,1426471
2026,2026-01,FB060010,清算报告,016271,华安养老目标2035三年持有混合发起式（FOF）,华安养老目标日期2035三年持有期混合型发起式基金中基金（FOF）基金清算报告,2026-01-21,华安,1417397
2026,2026-01,FB060010,清算报告,017686,中欧预见养老2055五年持有混合发起（FOF）,中欧预见养老目标日期2055五年持有期混合型发起式基金中基金（FOF）清算报告,2026-01-21,中欧,1417771
2026,2026-01,FB060010,清算报告,017571,华夏中证新能源ETF发起式联接,华夏中证新能源交易型开放式指数证券投资基金发起式联接基金清算报告,2026-01-21,华夏,1418403
2026,2026-01,FB060010,清算报告,017557,华夏中证沪港深500ETF发起式联接,华夏中证沪港深500交易型开放式指数证券投资基金发起式联接基金清算报告,2026-01-21,华夏,1418503
2026,2026-01,FB060010,清算报告,850004,海通量化价值精选,海通量化价值精选一年持有期混合型集合资产管理计划清算报告,2026-01-21,海通资管,1416673
2026,2026-01,FB060010,清算报告,010850,海富通富利三个月持有,海富通富利三个月持有期混合型证券投资基金清算报告,2026-01-20,海富通,1414933
2026,2026-01,FB060010,清算报告,016115,华安养老目标2050五年持有混合发起式（FOF）,华安养老目标日期2050五年持有期混合型发起式基金中基金(FOF)基金清算报告,2026-01-20,华安,1415108
2026,2026-01,FB060010,清算报告,017418,华商创新医疗混合,华商创新医疗混合型证券投资基金清算报告,2026-01-20,华商,1415234
2026,2026-01,FB060010,清算报告,850005,海通核心优势,海通核心优势一年持有期混合型集合资产管理计划清算报告,2026-01-20,海通资管,1414968
2026,2026-01,FB060010,清算报告,850010,海通量化成长精选,海通量化成长精选一年持有期混合型集合资产管理计划清算报告,2026-01-20,海通资管,1414969
2026,2026-01,FB060010,清算报告,850013,海通品质升级,海通品质升级一年持有期混合型集合资产管理计划清算报告,2026-01-20,海通资管,1414970
2026,2026-01,FB060010,清算报告,970175,国海现金宝,国海证券现金宝货币型集合资产管理计划清算报告,2026-01-19,国海证券,1414646
2026,2026-01,FB060010,清算报告,013659,国联金融鑫选3个月持有混合,国联金融鑫选3个月持有期混合型证券投资基金清算报告,2026-01-19,国联,1414689
2026,2026-01,FB060010,清算报告,004131,国联安鑫发混合,国联安鑫发混合型证券投资基金清算报告,2026-01-16,国联安,1413913
2026,2026-02,FB060010,清算报告,010080,中欧优势成长混合,中欧优势成长三个月定期开放混合型发起式证券投资基金清算报告,2026-02-25,中欧,1437721
2026,2026-02,FB060010,清算报告,016756,中加医疗创新混合发起式,中加医疗创新混合型发起式证券投资基金基金合同终止及剩余财产分配的公告,2026-02-24,中加,1437526
2026,2026-02,FB060010,清算报告,008848,国联智选对冲3个月定开混合,国联智选对冲策略3个月定期开放灵活配置混合型发起式证券投资基金清算报告,2026-02-12,国联,1435464
2026,2026-02,FB060010,清算报告,009561,博时富盛一年定开债发起式,博时富盛纯债一年定期开放债券型发起式证券投资基金清算报告,2026-02-12,博时,1435751
2026,2026-02,FB060010,清算报告,008859,人保安和定开,人保安和一年定期开放债券型发起式证券投资基金清算报告,2026-02-11,人保资产,1434755
2026,2026-02,FB060010,清算报告,016756,中加医疗创新混合发起式,中加医疗创新混合型发起式证券投资基金清算报告,2026-02-11,中加,1435103
2026,2026-02,FB060010,清算报告,016651,汇丰晋信慧嘉债券,汇丰晋信慧嘉债券型证券投资基金清算报告,2026-02-10,汇丰晋信,1434383
2026,2026-02,FB060010,清算报告,017663,泓德汽车产业升级混合发起式,泓德汽车产业升级混合型发起式证券投资基金清算报告,2026-02-10,泓德,1434388
2026,2026-02,FB060010,清算报告,010987,国联鑫锐精选一年持有混合,国联鑫锐研究精选一年持有期混合型证券投资基金清算报告,2026-02-09,国联,1433315
2026,2026-02,FB060010,清算报告,008422,国联研发创新混合,国联研发创新混合型证券投资基金清算报告,2026-02-09,国联,1433316
2026,2026-02,FB060010,清算报告,014403,中欧预见平衡养老三年持有混合发起（FOF）,中欧预见平衡养老目标三年持有期混合型发起式基金中基金（FOF）清算报告,2026-02-06,中欧,1433251
2026,2026-02,FB060010,清算报告,001499,国投瑞银新增长混合,国投瑞银新增长灵活配置混合型证券投资基金2026年清算报告,2026-02-06,国投瑞银,1433292
2026,2026-02,FB060010,清算报告,970179,天风金管家货币,天风金管家货币型集合资产管理计划2025年清算报告,2026-02-05,天风资管,1433181
2026,2026-02,FB060010,清算报告,008135,华宸未来价值先锋,华宸未来价值先锋混合型发起式证券投资基金清算报告,2026-02-04,华宸未来,1432526
2026,2026-02,FB060010,清算报告,005386,银河睿达混合,银河睿达灵活配置混合型证券投资基金清算报告,2026-02-04,银河,1432534
2026,2026-02,FB060010,清算报告,016487,东财产业优选混合发起式,西藏东财产业优选混合型发起式证券投资基金清算报告,2026-02-03,东财基金,1432245
2026,2026-02,FB060010,清算报告,008773,中银景泰回报混合,中银景泰回报混合型证券投资基金清算报告,2026-02-03,中银,1432262
2026,2026-02,FB060010,清算报告,016103,申万菱信沪深300优选指数增强发起式,申万菱信沪深300优选指数增强发起式证券投资基金清算报告,2026-02-03,申万菱信,1432297
2026,2026-03,FB060010,清算报告,010170,中银证券鑫瑞6个月持有,中银证券鑫瑞6个月持有期混合型证券投资基金清算报告,2026-03-31,中银国际证券,1457493
2026,2026-03,FB060010,清算报告,006642,华泰保兴吉年利,华泰保兴吉年利定期开放混合型发起式证券投资基金清算报告,2026-03-31,华泰保兴,1458927
2026,2026-03,FB060010,清算报告,007385,华泰保兴安盈,华泰保兴安盈三个月定期开放混合型发起式证券投资基金清算报告,2026-03-31,华泰保兴,1458938
2026,2026-03,FB060010,清算报告,017933,国泰海通高端装备混合发起,国泰海通高端装备混合型发起式证券投资基金清算报告,2026-03-30,国泰海通资管,1449985
2026,2026-03,FB060010,清算报告,025582,光大保德信阳光北斗星9个月持有期债券,光大保德信阳光北斗星9个月持有期债券型证券投资基金清算报告,2026-03-27,光大保德信,1448390
2026,2026-03,FB060010,清算报告,016922,英大延福养老目标2055三年持有混合发起（FOF）,英大延福养老目标日期2055三年持有期混合型发起式基金中基金（FOF）清算报告,2026-03-26,英大,1447191
2026,2026-03,FB060010,清算报告,016985,英大延福养老目标2035三年持有混合发起（FOF）,英大延福养老目标日期2035三年持有期混合型发起式基金中基金（FOF）清算报告,2026-03-26,英大,1447192
2026,2026-03,FB060010,清算报告,017164,英大延福养老目标2060三年持有混合发起（FOF）,英大延福养老目标日期2060三年持有期混合型发起式基金中基金（FOF）清算报告,2026-03-26,英大,1447193
2026,2026-03,FB060010,清算报告,017862,华夏中证A100ETF发起式联接,华夏中证A100交易型开放式指数证券投资基金发起式联接基金清算报告,2026-03-25,华夏,1446405
2026,2026-03,FB060010,清算报告,008931,中加安瑞积极养老五年持有混合发起（FOF）,中加安瑞积极养老目标五年持有期混合型发起式基金中基金（FOF）基金合同终止及剩余财产分配的公告,2026-03-25,中加,1446651
2026,2026-03,FB060010,清算报告,012481,泓德医疗创新混合发起式,泓德医疗创新混合型发起式证券投资基金清算报告,2026-03-20,泓德,1444602
2026,2026-03,FB060010,清算报告,017857,东财时代优选混合发起式,西藏东财时代优选混合型发起式证券投资基金清算报告,2026-03-20,东财基金,1444988
2026,2026-03,FB060010,清算报告,018265,国联安恒润3个月定开债券,国联安恒润3个月定期开放纯债债券型证券投资基金清算报告,2026-03-19,国联安,1444293
2026,2026-03,FB060010,清算报告,010931,国联安鑫元1个月持有混合,国联安鑫元1个月持有期混合型证券投资基金清算报告,2026-03-19,国联安,1444294
2026,2026-03,FB060010,清算报告,016846,中欧预见养老目标2045三年持有混合发起（FOF）,中欧预见养老目标日期2045三年持有期混合型发起式基金中基金（FOF）清算报告,2026-03-19,中欧,1444330
2026,2026-03,FB060010,清算报告,015276,博时均衡回报混合,博时均衡回报混合型证券投资基金清算报告,2026-03-18,博时,1443949
2026,2026-03,FB060010,清算报告,008931,中加安瑞积极养老五年持有混合发起（FOF）,中加安瑞积极养老目标五年持有期混合型发起式基金中基金（FOF）清算报告,2026-03-16,中加,1443277
2026,2026-03,FB060010,清算报告,008058,鹏华鑫享稳健混合,鹏华鑫享稳健混合型证券投资基金清算报告,2026-03-12,鹏华,1442251
2026,2026-03,FB060010,清算报告,560890,新华中证红利低波动ETF,新华中证红利低波动交易型开放式指数证券投资基金2026年清算报告,2026-03-12,新华,1442486
2026,2026-03,FB060010,清算报告,018322,人保民富债券,人保民富债券型证券投资基金2026年清算报告,2026-03-11,人保资产,1441887
2026,2026-04,FB060010,清算报告,017817,鹏扬裕利三年封闭债券,鹏扬裕利三年封闭式债券型证券投资基金清算报告,2026-04-30,鹏扬,1485646
2026,2026-04,FB060010,清算报告,002755,博时裕盛纯债债券,博时裕盛纯债债券型证券投资基金清算报告,2026-04-30,博时,1485944
2026,2026-04,FB060010,清算报告,018226,瑞达先进制造混合型发起式,瑞达先进制造混合型发起式证券投资基金清算报告,2026-04-29,瑞达,1485416
2026,2026-04,FB060010,清算报告,020534,国投瑞银恒扬30天持有期债券,国投瑞银恒扬30天持有期债券型证券投资基金2026年清算报告,2026-04-29,国投瑞银,1484942
2026,2026-04,FB060010,清算报告,018096,东财价值启航混合发起式,西藏东财价值启航混合型发起式证券投资基金清算报告,2026-04-28,东财基金,1484472
2026,2026-04,FB060010,清算报告,018190,东财产业智选混合发起式,东财产业智选混合型发起式证券投资基金清算报告,2026-04-28,东财基金,1484477
2026,2026-04,FB060010,清算报告,015984,金鹰碳中和混合发起式,金鹰碳中和混合型发起式证券投资基金清算报告,2026-04-27,金鹰,1484010
2026,2026-04,FB060010,清算报告,014153,天弘华证沪深港长期竞争力指数,天弘华证沪深港长期竞争力指数证券投资基金清算报告,2026-04-27,天弘,1484135
2026,2026-04,FB060010,清算报告,021519,长盛中债0-3年政金债指数,长盛中债0-3年政策性金融债指数证券投资基金清算报告,2026-04-25,长盛,1484343
2026,2026-04,FB060010,清算报告,009432,德邦科技创新一年定开混合,德邦科技创新一年定期开放混合型证券投资基金清算报告,2026-04-24,德邦,1483620
2026,2026-04,FB060010,清算报告,016794,华安沣裕债券,华安沣裕债券型证券投资基金清算报告,2026-04-23,华安,1482949
2026,2026-04,FB060010,清算报告,025889,国联金如意双利一年持有债券,国联金如意双利一年持有期债券型证券投资基金清算报告,2026-04-23,国联,1483024
2026,2026-04,FB060010,清算报告,017728,创金合信荣和积极养老目标五年持有期混合发起（FOF）,创金合信荣和积极养老目标五年持有期混合型发起式基金中基金（FOF）清算报告,2026-04-22,创金合信,1476399
2026,2026-04,FB060010,清算报告,018372,中泰星锐景气成长混合,中泰星锐景气成长混合型证券投资基金清算报告,2026-04-21,中泰资管,1468796
2026,2026-04,FB060010,清算报告,018678,中泰中证同业存单AAA指数7天持有,中泰中证同业存单AAA指数7天持有期证券投资基金清算报告,2026-04-21,中泰资管,1468799
2026,2026-04,FB060010,清算报告,023694,国寿安保尊悦纯债债券,国寿安保尊悦纯债债券型证券投资基金清算报告,2026-04-21,国寿安保,1468865
2026,2026-04,FB060010,清算报告,018031,华安中证数字经济主题ETF发起式联接,华安中证数字经济主题交易型开放式指数证券投资基金发起式联接基金清算报告,2026-04-21,华安,1469548
2026,2026-04,FB060010,清算报告,018141,中金优选长兴稳健6个月持有混合发起（FOF）,中金优选长兴稳健6个月持有期混合型发起式基金中基金（FOF）清算报告,2026-04-21,中金,1471754
2026,2026-04,FB060010,清算报告,018047,申万菱信安泰景利纯债债券,申万菱信安泰景利纯债债券型证券投资基金清算报告,2026-04-20,申万菱信,1468099
2026,2026-04,FB060010,清算报告,017981,东财成长优选混合发起式,西藏东财成长优选混合型发起式证券投资基金清算报告,2026-04-20,东财基金,1468294
2026,2026-04,FB060010,清算报告,005416,鹏华尊惠定期开放混合,鹏华尊惠18个月定期开放混合型证券投资基金清算报告,2026-04-11,鹏华,1465824
2026,2026-04,FB060010,清算报告,017604,华夏中证生物科技主题ETF发起式联接,华夏中证生物科技主题交易型开放式指数证券投资基金发起式联接基金清算报告,2026-04-09,华夏,1465029
2026,2026-04,FB060010,清算报告,003651,博时丰达6个月定开债发起式,博时丰达纯债6个月定期开放债券型发起式证券投资基金清算报告,2026-04-09,博时,1465247
2026,2026-04,FB060010,清算报告,008541,西部利得新享混合,西部利得新享混合型证券投资基金清算报告,2026-04-07,西部利得,1464354
2026,2026-04,FB060010,清算报告,016883,山证资管裕鑫180天持有期债券发起式,山证资管裕鑫180天持有期债券型发起式证券投资基金清算报告,2026-04-02,山证资管,1463138
2026,2026-04,FB060010,清算报告,012252,安信宏盈18个月持有混合,安信宏盈18个月持有期混合型证券投资基金清算报告,2026-04-02,安信,1463373
2026,2026-05,FB060010,清算报告,016390,易米研究精选混合发起,易米研究精选混合型发起式证券投资基金清算报告,2026-05-28,易米,1495818
2026,2026-05,FB060010,清算报告,007406,银河睿鑫债券,银河睿鑫纯债债券型证券投资基金2026年清算报告,2026-05-22,银河,1493344
2026,2026-05,FB060010,清算报告,007155,银河中债央企20债券指数,银河中债-1-3年久期央企20债券指数证券投资基金2026年清算报告,2026-05-22,银河,1493345
2026,2026-05,FB060010,清算报告,017238,创金合信宁和平衡养老目标三年持有期混合发起（FOF）,创金合信宁和平衡养老目标三年持有期混合型发起式基金中基金（FOF）清算报告,2026-05-22,创金合信,1493990
2026,2026-05,FB060010,清算报告,016545,交银稳进回报六个月持有期混合,交银施罗德稳进回报六个月持有期混合型证券投资基金清算报告,2026-05-21,交银施罗德,1492730
2026,2026-05,FB060010,清算报告,018088,东财远见成长混合发起式,东财远见成长混合型发起式证券投资基金清算报告,2026-05-19,东财基金,1490371
2026,2026-05,FB060010,清算报告,018188,东财景气成长混合发起式,东财景气成长混合型发起式证券投资基金清算报告,2026-05-19,东财基金,1490372
2026,2026-05,FB060010,清算报告,014781,建信兴衡优选一年持有混合,建信兴衡优选一年持有期混合型证券投资基金清算报告,2026-05-19,建信,1490519
2026,2026-05,FB060010,清算报告,007056,银华积极精选混合,银华积极精选混合型证券投资基金清算报告,2026-05-15,银华,1489833
2026,2026-05,FB060010,清算报告,016897,广发中证上海环交所碳中和ETF发起式联接,广发中证上海环交所碳中和交易型开放式指数证券投资基金发起式联接基金清算报告,2026-05-15,广发,1489908
2026,2026-05,FB060010,清算报告,020587,景顺长城成长机遇混合,景顺长城成长机遇混合型证券投资基金清算报告,2026-05-15,景顺长城,1489909
2026,2026-05,FB060010,清算报告,017788,摩根锦颐养老目标日期2035三年持有混合(FOF),摩根锦颐养老目标日期2035三年持有期混合型发起式基金中基金(FOF)清算报告,2026-05-14,摩根,1489235
2026,2026-05,FB060010,清算报告,014579,华泰柏瑞恒泽混合A/C,华泰柏瑞恒泽混合型证券投资基金清算报告,2026-05-13,华泰柏瑞,1488781
2026,2026-05,FB060010,清算报告,001311,华安新回报灵活配置混合,华安新回报灵活配置混合型证券投资基金清算报告,2026-05-13,华安,1489025
2026,2026-05,FB060010,清算报告,014354,东方欣冉九个月持有期混合,东方欣冉九个月持有期混合型证券投资基金2026年清算报告,2026-05-12,东方,1488378
2026,2026-05,FB060010,清算报告,519654,银河丰利债券,银河丰利纯债债券型证券投资基金2026年清算报告,2026-05-12,银河,1488382
2026,2026-05,FB060010,清算报告,023218,国寿安保尊富30天持有债券,国寿安保尊富30天持有期债券型证券投资基金清算报告,2026-05-12,国寿安保,1488496
2026,2026-05,FB060010,清算报告,010817,国联安鑫稳3个月持有混合,国联安鑫稳3个月持有期混合型证券投资基金清算报告,2026-05-12,国联安,1488533
2026,2026-05,FB060010,清算报告,017467,鑫元消费甄选混合发起,鑫元消费甄选混合型发起式证券投资基金清算报告,2026-05-12,鑫元,1488607
2026,2026-05,FB060010,清算报告,016357,易方达中证长江保护主题ETF联接发起式,易方达中证长江保护主题交易型开放式指数证券投资基金发起式联接基金清算报告,2026-05-12,易方达,1488392
2026,2026-06,FB060010,清算报告,002717,红塔红土盛隆灵活配置混合,红塔红土盛隆灵活配置混合型证券投资基金清算报告,2026-06-30,红塔红土,1517139
2026,2026-06,FB060010,清算报告,019187,中银证券和瑞一年持有混合,中银证券和瑞一年持有期混合型证券投资基金清算报告,2026-06-30,中银国际证券,1517507
2026,2026-06,FB060010,清算报告,017579,汇添富添福欣享均衡养老目标三年持有混合发起（FOF）,汇添富添福欣享均衡养老目标三年持有期混合型发起式基金中基金（FOF）清算报告,2026-06-30,汇添富,1517640
2026,2026-06,FB060010,清算报告,015852,华泰柏瑞益安三个月定开债券,华泰柏瑞益安三个月定期开放债券型证券投资基金清算报告,2026-06-29,华泰柏瑞,1514663
2026,2026-06,FB060010,清算报告,007261,融通消费升级混合,融通消费升级混合型证券投资基金清算报告,2026-06-27,融通,1516245
2026,2026-06,FB060010,清算报告,004844,中银利享定期开放债券,中银利享定期开放债券型证券投资基金清算报告,2026-06-26,中银,1513360
2026,2026-06,FB060010,清算报告,017864,财通资管博宏积极6个月持有混合发起式（FOF）,财通资管博宏积极6个月持有期混合型发起式基金中基金（FOF）清算报告,2026-06-25,财通资管,1510799
2026,2026-06,FB060010,清算报告,015504,华夏兴夏价值一年持有混合发起式,华夏兴夏价值一年持有期混合型发起式证券投资基金清算报告,2026-06-22,华夏,1508828
2026,2026-06,FB060010,清算报告,017160,中欧颐享平衡养老目标三年持有混合发起（FOF）,中欧颐享平衡养老目标三年持有期混合型发起式基金中基金（FOF）清算报告,2026-06-18,中欧,1507652
2026,2026-06,FB060010,清算报告,560000,浦银安盛中证智能电动汽车ETF,浦银安盛中证智能电动汽车交易型开放式指数证券投资基金清算报告,2026-06-18,浦银基金,1507705
2026,2026-06,FB060010,清算报告,023171,兴华安泽纯债,兴华安泽纯债债券型证券投资基金清算报告,2026-06-17,兴华,1506981
2026,2026-06,FB060010,清算报告,018332,嘉实新兴景气混合发起式,嘉实新兴景气混合型发起式证券投资基金清算报告,2026-06-17,嘉实,1506932
2026,2026-06,FB060010,清算报告,018250,华泰保兴科睿一年持有混合发起,华泰保兴科睿一年持有期混合型发起式证券投资基金2026年清算报告,2026-06-16,华泰保兴,1506332
2026,2026-06,FB060010,清算报告,018351,国泰海通周期精选混合发起,国泰海通周期精选混合型发起式证券投资基金清算报告,2026-06-12,国泰海通资管,1505107
2026,2026-06,FB060010,清算报告,018347,富安达智优量化选股混合型发起式,富安达智优量化选股混合型发起式证券投资基金清算报告,2026-06-11,富安达,1503573
2026,2026-06,FB060010,清算报告,017292,申万菱信红利量化选股股票,申万菱信红利量化选股股票型证券投资基金清算报告,2026-06-10,申万菱信,1503317
2026,2026-06,FB060010,清算报告,003848,中银广利混合,中银广利灵活配置混合型证券投资基金清算报告,2026-06-09,中银,1502815
2026,2026-06,FB060010,清算报告,019056,百嘉百川30天持有纯债债券,百嘉百川30天持有期纯债债券型证券投资基金清算报告,2026-06-09,百嘉,1502819
2026,2026-06,FB060010,清算报告,017694,国联安恒瑞3个月定开债券,国联安恒瑞3个月定期开放纯债债券型证券投资基金清算报告,2026-06-08,国联安,1502410
2026,2026-06,FB060010,清算报告,000664,国联安通盈混合,国联安通盈灵活配置混合型证券投资基金清算报告,2026-06-08,国联安,1502411
2026,2026-07,FB060010,清算报告,017805,惠升和润39个月封闭债券,惠升和润39个月封闭式债券型证券投资基金2026年清算报告,2026-07-31,惠升,1546039
2026,2026-07,FB060010,清算报告,010080,中欧优势成长混合,中欧优势成长三个月定期开放混合型发起式证券投资基金二次清算报告,2026-07-31,中欧,1546147
2026,2026-07,FB060010,清算报告,020497,安信均衡增长混合,安信均衡增长混合型证券投资基金清算报告,2026-07-31,安信,1546202
2026,2026-07,FB060010,清算报告,007683,华商转债精选债券,华商转债精选债券型证券投资基金清算报告,2026-07-25,华商,1543298
2026,2026-07,FB060010,清算报告,560650,核心50ETF,民生加银中证企业核心竞争力50交易型开放式指数证券投资基金清算报告,2026-07-24,民生加银,1540883
2026,2026-07,FB060010,清算报告,010813,华安添益一年混合,华安添益一年持有期混合型证券投资基金清算报告,2026-07-23,华安,1540295
2026,2026-07,FB060010,清算报告,020506,中银证券鸿安债券,中银证券鸿安债券型证券投资基金清算报告,2026-07-22,中银国际证券,1539837
2026,2026-07,FB060010,清算报告,023575,海富通稳鑫三个月持有债券,海富通稳鑫三个月持有期债券型证券投资基金清算报告,2026-07-22,海富通,1540058
2026,2026-07,FB060010,清算报告,018516,恒越安裕纯债债券,恒越安裕纯债债券型证券投资基金清算报告,2026-07-21,恒越,1534566
2026,2026-07,FB060010,清算报告,004307,博时富元纯债债券,博时富元纯债债券型证券投资基金清算报告,2026-07-21,博时,1538316
2026,2026-07,FB060010,清算报告,006667,南华瑞元定期开放债券,南华瑞元定期开放债券型发起式证券投资基金清算报告,2026-07-17,南华,1524666
2026,2026-07,FB060010,清算报告,016713,长信均衡策略一年持有混合,长信均衡策略一年持有期混合型证券投资基金清算报告,2026-07-17,长信,1525528
2026,2026-07,FB060010,清算报告,017866,泓德高端装备混合发起式,泓德高端装备混合型发起式证券投资基金清算报告,2026-07-17,泓德,1525573
2026,2026-07,FB060010,清算报告,018292,华夏国证2000指数增强发起式,华夏国证2000指数增强型发起式证券投资基金清算报告,2026-07-17,华夏,1525639
2026,2026-07,FB060010,清算报告,020805,国投瑞银和嘉债券,国投瑞银和嘉债券型证券投资基金2026年清算报告,2026-07-17,国投瑞银,1525250
2026,2026-07,FB060010,清算报告,018302,华夏聚盈优选三个月持有混合发起式（FOF）,华夏聚盈优选三个月持有期混合型发起式基金中基金（FOF）清算报告,2026-07-16,华夏,1524337
2026,2026-07,FB060010,清算报告,008433,凯石岐短债,凯石岐短债债券型证券投资基金2026年清算报告,2026-07-16,凯石,1524422
2026,2026-07,FB060010,清算报告,013931,博时富恒一年定开债发起式,博时富恒纯债一年定期开放债券型发起式证券投资基金清算报告,2026-07-16,博时,1524542
2026,2026-07,FB060010,清算报告,016130,国泰海通品质生活混合发起,国泰海通品质生活混合型发起式证券投资基金清算报告,2026-07-13,国泰海通资管,1523030
2026,2026-07,FB060010,清算报告,023007,兴华智选成长三个月持有混合发起,兴华智选成长3个月持有期混合型发起式基金中基金（FOF）清算报告,2026-07-10,兴华,1522694
2026,2026-07,FB060010,清算报告,018334,华夏中证智选1000成长创新策略ETF发起式联接,华夏中证智选1000成长创新策略交易型开放式指数证券投资基金发起式联接基金清算报告,2026-07-02,华夏,1519439
2026,2026-07,FB060010,清算报告,017184,华商嘉逸养老目标2045五年持有混合发起式（FOF）,华商嘉逸养老目标日期2045五年持有期混合型发起式基金中基金（FOF）清算报告,2026-07-02,华商,1519478
2026,2026-07,FB060010,清算报告,004334,博时广利3个月定开债发起式,博时广利纯债3个月定期开放债券型发起式证券投资基金清算报告,2026-07-01,博时,1518926
2026,2026-08,FB060010,清算报告,008995,中银证券安沛债券,中银证券安沛债券型证券投资基金清算报告,2026-08-31,中银国际证券,1565500
2026,2026-08,FB060010,清算报告,021732,中银证券鸿瑞债券,中银证券鸿瑞债券型证券投资基金清算报告,2026-08-31,中银国际证券,1565852
2026,2026-08,FB060010,清算报告,007985,博时富悦纯债,博时富悦纯债债券型证券投资基金清算报告,2026-08-29,博时,1569541
2026,2026-08,FB060010,清算报告,002109,博时裕丰3个月定开债发起式,博时裕丰纯债3个月定期开放债券型发起式证券投资基金清算报告,2026-08-29,博时,1569544
2026,2026-08,FB060010,清算报告,016826,安信稳健启航一年持有混合,安信稳健启航一年持有期混合型证券投资基金清算报告,2026-08-28,安信,1560402
2026,2026-08,FB060010,清算报告,018582,华泰紫金碳中和混合发起,华泰紫金碳中和混合型发起式证券投资基金清算报告,2026-08-27,华泰资管,1558264
2026,2026-08,FB060010,清算报告,008112,中泰中证500指数增强,中泰中证500指数增强型证券投资基金2026年清算报告,2026-08-27,中泰资管,1558267
2026,2026-08,FB060010,清算报告,018788,中信建投臻选成长混合发起式,中信建投臻选成长混合型发起式证券投资基金2026年清算报告,2026-08-27,中信建投,1558675
2026,2026-08,FB060010,清算报告,018905,国泰中证内地运输主题ETF发起联接,国泰中证内地运输主题交易型开放式指数证券投资基金发起式联接基金清算报告,2026-08-26,国泰,1557508
2026,2026-08,FB060010,清算报告,002964,国投瑞银顺鑫债券,国投瑞银顺鑫定期开放债券型发起式证券投资基金2026年清算报告,2026-08-26,国投瑞银,1557503
2026,2026-08,FB060010,清算报告,005462,博时富业3个月定开债发起式,博时富业纯债3个月定期开放债券型发起式证券投资基金清算报告,2026-08-25,博时,1557283
2026,2026-08,FB060010,清算报告,015211,招商安鼎平衡1年持有期混合,招商安鼎平衡1年持有期混合型证券投资基金清算报告,2026-08-25,招商,1557312
2026,2026-08,FB060010,清算报告,016285,汇丰晋信龙头优势混合,汇丰晋信龙头优势混合型证券投资基金清算报告,2026-08-24,汇丰晋信,1554829
2026,2026-08,FB060010,清算报告,015521,建信兴晟优选一年持有混合,建信兴晟优选一年持有期混合型证券投资基金清算报告,2026-08-22,建信,1556975
2026,2026-08,FB060010,清算报告,017768,大成颐禧积极养老目标五年持有混合发起式（FOF）,大成颐禧积极养老目标五年持有期混合型发起式基金中基金（FOF）清算报告,2026-08-21,大成,1554025
2026,2026-08,FB060010,清算报告,017774,泰康养老目标日期2040三年持有混合发起（FOF）,泰康养老目标日期2040三年持有期混合型发起式基金中基金（FOF）清算报告,2026-08-20,泰康,1553346
2026,2026-08,FB060010,清算报告,017580,汇添富添福鑫添益均衡养老目标三年持有混合发起式(FOF),汇添富添福鑫添益均衡养老目标三年持有期混合型发起式基金中基金（FOF）清算报告,2026-08-18,汇添富,1552784
2026,2026-08,FB060010,清算报告,017267,招商乐颐和惠养老目标日期2035三年持有混合发起式FOF,关于招商乐颐和惠养老目标日期2035三年持有期混合型发起式基金中基金（FOF）第二次清算报告,2026-08-18,招商,1552939
2026,2026-08,FB060010,清算报告,007063,长盛研发回报混合,长盛研发回报混合型证券投资基金清算报告,2026-08-15,长盛,1551873
2026,2026-08,FB060010,清算报告,022316,施罗德添益债券,施罗德添益债券型证券投资基金清算报告,2026-08-15,施罗德,1551890
2026,2026-08,FB060010,清算报告,016678,贝莱德浦悦丰利混合,贝莱德浦悦丰利混合型证券投资基金清算报告,2026-08-08,贝莱德,1548542
2026,2026-08,FB060010,清算报告,020385,信澳恒瑞9个月持有期混合,信澳恒瑞9个月持有期混合型证券投资基金2026年清算报告,2026-08-07,信达澳亚,1548261
2026,2026-08,FB060010,清算报告,017503,达诚致益债券发起式,达诚致益债券型发起式证券投资基金2026年清算报告,2026-08-06,达诚,1547792
2026,2026-08,FB060010,清算报告,009426,鹏扬景惠六个月混合,鹏扬景惠六个月持有期混合型证券投资基金清算报告,2026-08-06,鹏扬,1547856
2026,2026-08,FB060010,清算报告,519622,银河君怡债券,银河君怡纯债债券型证券投资基金2026年清算报告,2026-08-04,银河,1546932
2026,2026-08,FB060010,清算报告,018721,华夏中证港股通50ETF发起式联接,华夏中证港股通50交易型开放式指数证券投资基金发起式联接基金清算报告,2026-08-03,华夏,1546778
2026,2026-08,FB060010,清算报告,010589,鹏扬景安一年混合,鹏扬景安一年持有期混合型证券投资基金清算报告,2026-08-01,鹏扬,1546531
2026,2026-09,FB060010,清算报告,012953,华泰柏瑞恒利混合,华泰柏瑞恒利混合型证券投资基金清算报告,2026-09-18,华泰柏瑞,1579895
2026,2026-09,FB060010,清算报告,004694,天弘策略精选,天弘策略精选灵活配置混合型发起式证券投资基金清算报告,2026-09-18,天弘,1580426
2026,2026-09,FB060010,清算报告,009096,鹏华安泽混合,鹏华安泽混合型证券投资基金2026年清算报告,2026-09-17,鹏华,1579397
2026,2026-09,FB060010,清算报告,007767,华泰保兴尊享定开,华泰保兴尊享三个月定期开放债券型发起式证券投资基金清算报告,2026-09-17,华泰保兴,1579420
2026,2026-09,FB060010,清算报告,018522,信澳颐远养老目标2055五年持有期混合型发起式(FOF),信澳颐远养老目标日期2055五年持有期混合型发起式基金中基金（FOF）清算报告,2026-09-16,信达澳亚,1578959
2026,2026-09,FB060010,清算报告,017179,天弘永丰平衡养老目标三年持有混合发起(FOF),天弘永丰平衡养老目标三年持有期混合型发起式基金中基金(FOF)清算报告,2026-09-16,天弘,1579097
2026,2026-09,FB060010,清算报告,017917,浙商汇金卓越稳健3个月持有混合发起式（FOF）,浙商汇金卓越稳健3个月持有期混合型发起式基金中基金（FOF）清算报告,2026-09-15,浙商资管,1578760
2026,2026-09,FB060010,清算报告,011457,新华行业龙头主题股票,新华行业龙头主题股票型证券投资基金2026年清算报告,2026-09-15,新华,1578912
2026,2026-09,FB060010,清算报告,001228,国联安鑫享灵活配置混合,国联安鑫享灵活配置混合型证券投资基金清算报告,2026-09-14,国联安,1578054
2026,2026-09,FB060010,清算报告,017118,浦银安盛安荣回报一年持有混合,浦银安盛安荣回报一年持有期混合型证券投资基金清算报告,2026-09-11,浦银基金,1577738
2026,2026-09,FB060010,清算报告,023214,中泰双鑫6个月持有债券,中泰双鑫6个月持有期债券型证券投资基金清算报告,2026-09-10,中泰资管,1577130
2026,2026-09,FB060010,清算报告,018886,东海数字经济混合发起式,东海数字经济混合型发起式证券投资基金清算报告,2026-09-09,东海,1576808
2026,2026-09,FB060010,清算报告,017404,天弘养老目标日期2045五年持有期混合型发起式（FOF）,天弘养老目标日期2045五年持有期混合型发起式基金中基金（FOF）清算报告,2026-09-09,天弘,1576818
2026,2026-09,FB060010,清算报告,001708,东兴改革精选混合,东兴改革精选灵活配置混合型证券投资基金清算报告,2026-09-08,东兴,1576153
2026,2026-09,FB060010,清算报告,019969,招商均衡策略混合,关于招商均衡策略混合型证券投资基金第二次清算报告,2026-09-08,招商,1576254
2026,2026-09,FB060010,清算报告,007996,博时富顺纯债债券,博时富顺纯债债券型证券投资基金清算报告,2026-09-04,博时,1575417
2026,2026-09,FB060010,清算报告,018327,太平低碳经济混合发起式,太平低碳经济混合型发起式证券投资基金清算报告,2026-09-02,太平,1574235
