基金代码,基金简称
005825,申万菱信智能驱动股票A
015159,申万菱信智能驱动股票C
006502,财通集成电路产业股票A
006503,财通集成电路产业股票C
014736,创金合信专精特新股票发起A
014737,创金合信专精特新股票发起C
002289,华商改革创新股票A
016052,华商改革创新股票C
005628,汇安趋势动力股票A
005629,汇安趋势动力股票C
011377,创金合信积极成长股票A
020775,国寿安保产业升级股票发起式A
540010,汇丰晋信科技先锋股票
011378,创金合信积极成长股票C
006265,红土创新新科技股票A
020774,国寿安保产业升级股票发起式C
001040,新华策略精选股票A
001877,宝盈国家安全沪港深股票A
025415,新华策略精选股票C
013613,宝盈国家安全沪港深股票C
021937,华安半导体产业股票发起式A
021938,华安半导体产业股票发起式C
001105,信澳转型创新股票A
010391,易方达战略新兴产业股票A
015608,信澳转型创新股票C
010392,易方达战略新兴产业股票C
000411,景顺长城优质成长股票A
021500,景顺长城优质成长股票C
501201,红土创新科技创新股票(LOF)A
012696,同泰数字经济股票A
012697,同泰数字经济股票C
006081,海富通电子传媒股票A
006080,海富通电子传媒股票C
020553,南方半导体产业股票发起A
020554,南方半导体产业股票发起C
001416,嘉实事件驱动股票
001036,嘉实企业变革股票
020722,国寿安保数字经济股票发起式A
007685,华商电子行业量化股票发起式A
020723,国寿安保数字经济股票发起式C
519935,长信创新驱动股票A
022831,华商电子行业量化股票发起式C
001048,富国新兴产业股票A
008382,融通产业趋势股票A
000697,汇添富移动互联股票A
015686,富国新兴产业股票C
014299,宏利先进制造股票A
015199,汇添富移动互联股票D
015198,汇添富移动互联股票C
014300,宏利先进制造股票C
010013,易方达信息行业精选股票A
017744,嘉实绿色主题股票发起式A
001956,国联安科技动力股票A
019024,易方达信息行业精选股票C
017745,嘉实绿色主题股票发起式C
005777,广发科技动力股票
001404,招商移动互联网产业股票基金A
015773,招商移动互联网产业股票基金C
017746,建信电子行业股票A
017747,建信电子行业股票C
006751,富国互联科技股票A
011126,富国互联科技股票C
004352,华银研究精选股票
017488,嘉实信息产业股票发起式A
001396,建信互联网+产业升级股票
019759,中欧半导体产业股票发起A
000688,景顺长城研究精选股票A
019765,国寿安保优选国企股票发起式A
017489,嘉实信息产业股票发起式C
005328,前海开源价值策略股票
020476,泰康半导体量化选股股票发起式A
019764,中欧半导体产业股票发起C
019766,国寿安保优选国企股票发起式C
018998,景顺长城研究精选股票C
020477,泰康半导体量化选股股票发起式C
001039,嘉实先进制造股票
001672,国寿安保智慧生活股票A
003853,金鹰信息产业股票A
023101,国寿安保智慧生活股票C
002861,工银智能制造股票A
005885,金鹰信息产业股票C
013242,华银优势行业股票
005310,广发电子信息传媒股票A
001072,华安智能装备主题股票A
022710,工银智能制造股票C
010236,广发电子信息传媒股票C
013622,华安智能装备主题股票C
014191,广发先进制造股票发起式A
014192,广发先进制造股票发起式C
014185,招商专精特新股票A
014416,泰康研究精选股票发起A
001521,国寿安保成长优选股票A
014417,泰康研究精选股票发起C
014186,招商专精特新股票C
017916,国寿安保成长优选股票C
004640,华夏节能环保股票A
009899,上银内需增长股票A
002980,华夏创新前沿股票A
015060,华夏节能环保股票C
015754,上银内需增长股票C
001188,鹏华改革红利股票
021875,路博迈资源精选股票发起A
021876,路博迈资源精选股票发起C
004450,嘉实前沿科技沪港深股票A
001070,建信信息产业股票A
001678,英大国企改革A
014863,建信信息产业股票C
022868,英大国企改革C
020315,嘉实前沿科技沪港深股票C
001749,招商中国机遇股票A
002229,华夏经济转型股票
022754,易方达科鑫量化选股股票发起式A
022755,易方达科鑫量化选股股票发起式C
024804,华夏量化选股股票A
001410,信澳新能源产业股票A
024805,华夏量化选股股票C
008009,华商高端装备制造股票A
024170,信澳新能源产业股票C
006868,华夏科技成长股票
001313,摩根智慧互联股票A
005495,创金合信科技成长股票A
016050,华商高端装备制造股票C
016919,摩根智慧互联股票C
340006,兴全全球视野股票
009491,宝盈创新驱动股票A
005496,创金合信科技成长股票C
001042,华夏领先股票
009891,融通产业趋势臻选股票A
009492,宝盈创新驱动股票C
005962,宝盈人工智能股票A
013339,创金合信芯片产业股票发起A
000979,景顺长城沪港深精选股票A
018495,融通产业趋势臻选股票C
000586,景顺长城中小创精选股票A
001162,前海开源优势蓝筹股票A
001638,前海开源优势蓝筹股票C
000828,宏利转型机遇股票A
013340,创金合信芯片产业股票发起C
005963,宝盈人工智能股票C
021313,景顺长城沪港深精选股票C
012800,宏利转型机遇股票C
007133,嘉实长青竞争优势股票A
018817,景顺长城中小创精选股票C
007134,嘉实长青竞争优势股票C
005268,鹏华优势企业
001496,工银聚焦30股票
164205,天弘文化新兴产业股票A
008286,易方达研究精选股票
015475,天弘文化新兴产业股票C
000513,富国高端制造行业股票A
015145,同泰新能源1年持有股票A
001008,工银国企改革股票
014930,富国高端制造行业股票C
008934,大成科技消费股票A
019824,国寿安保新材料股票发起式A
015146,同泰新能源1年持有股票C
005826,华夏潜龙精选股票
019825,国寿安保新材料股票发起式C
001764,广发沪港深新机遇股票
008935,大成科技消费股票C
000309,大摩品质生活精选股票A
012350,万家元贞量化选股股票A
001009,摩根安全战略股票A
019484,大摩品质生活精选股票C
000793,工银高端制造股票
010361,嘉实品质优选股票A
012351,万家元贞量化选股股票C
015172,摩根安全战略股票C
010362,嘉实品质优选股票C
003145,国联竞争优势
012496,同泰行业优选股票A
012497,同泰行业优选股票C
022003,博道大盘成长股票A
023647,广发科技智选股票发起式A
001482,摩根新兴服务股票A
009988,信澳蓝筹精选股票A
022004,博道大盘成长股票C
010680,华夏新兴成长股票A
023648,广发科技智选股票发起式C
017177,摩根新兴服务股票C
000577,安信价值精选股票A
024168,信澳蓝筹精选股票C
023178,安信价值精选股票C
010681,华夏新兴成长股票C
001409,工银互联网加股票
012835,招商景气精选股票A
004616,中欧电子信息产业沪港深股票A
022292,前海开源优选领航股票A
012836,招商景气精选股票C
000524,摩根民生需求股票A
022293,前海开源优选领航股票C
000960,招商医药健康产业股票
014341,摩根时代睿选股票A
005763,中欧电子信息产业沪港深股票C
000592,建信改革红利股票A
011122,汇添富ESG可持续成长股票A
001677,中银战略新兴产业股票A
011506,建信高端装备股票A
005660,嘉实资源精选股票A
000751,嘉实新兴产业股票
017099,摩根民生需求股票C
014342,摩根时代睿选股票C
016269,建信改革红利股票C
004784,招商稳健优选股票A
010812,中银战略新兴产业股票C
001725,汇添富高端制造股票A
023117,华安高端装备股票发起式A
001707,诺安高端制造股票A
022327,宏利高端装备股票A
011507,建信高端装备股票C
005661,嘉实资源精选股票C
011123,汇添富ESG可持续成长股票C
000756,建信潜力新蓝筹股票A
014536,诺安高端制造股票C
022328,宏利高端装备股票C
019863,招商稳健优选股票C
001849,前海开源强势共识100强股票
023118,华安高端装备股票发起式C
015114,汇添富高端制造股票C
014967,建信潜力新蓝筹股票C
000925,汇添富外延增长股票A
024377,易方达科智量化选股股票发起式A
011424,汇添富外延增长股票C
024378,易方达科智量化选股股票发起式C
014187,华夏量化优选股票A
008261,招商研究优选股票A
010495,创金合信创新驱动股票A
003624,创金合信资源股票发起式A
018971,富国致弘量化选股股票A
014188,华夏量化优选股票C
000594,大摩进取优选股票
008262,招商研究优选股票C
001158,工银新材料新能源股票
003625,创金合信资源股票发起式C
671030,西部利得事件驱动股票A
018972,富国致弘量化选股股票C
001490,汇添富国企创新股票A
010003,景顺长城电子信息产业股票A
010496,创金合信创新驱动股票C
001421,南方量化成长股票A
023532,西部利得事件驱动股票C
005402,广发资源优选股票A
010004,景顺长城电子信息产业股票C
011373,招商前沿医疗保健股票A
015123,汇添富国企创新股票C
001825,建信中国制造2025股票A
001208,诺安低碳经济股票A
010235,广发资源优选股票C
015408,景顺长城成长趋势股票A
013641,博道成长智航股票A
014380,建信中国制造2025股票C
011374,招商前沿医疗保健股票C
010349,诺安低碳经济股票C
004476,景顺长城沪港深领先科技股票A
013642,博道成长智航股票C
004683,建信高端医疗股票A
015409,景顺长城成长趋势股票C
016352,建信高端医疗股票C
023854,景顺长城沪港深领先科技股票C
001938,中欧时代先锋股票A
001028,华安物联网主题股票A
005009,申万菱信行业轮动股票A
011269,中银证券优势制造股票A
005161,华商上游产业股票A
011229,创金合信数字经济主题股票A
016292,华安物联网主题股票C
015157,申万菱信行业轮动股票C
011685,创金合信先进装备股票A
011270,中银证券优势制造股票C
004241,中欧时代先锋股票C
008314,摩根慧选成长股票A
011230,创金合信数字经济主题股票C
018023,华商上游产业股票C
360001,光大量化股票A
000746,招商行业精选股票基金
011686,创金合信先进装备股票C
007479,光大量化股票C
008315,摩根慧选成长股票C
000549,华安大国新经济股票A
013899,摩根全景优势股票A
002952,建信多因子量化股票
014668,银华专精特新量化优选股票发起A
006257,信澳先进智造股票型A
019879,万家周期驱动股票发起式A
014062,景顺长城专精特新量化优选股票A
001605,国富沪港深成长精选股票A
000978,景顺长城量化精选股票A
014669,银华专精特新量化优选股票发起C
013900,摩根全景优势股票C
009863,富国创新趋势股票A
016291,华安大国新经济股票C
020276,银河新材料股票发起式A
019880,万家周期驱动股票发起式C
024169,信澳先进智造股票型C
024153,华安消费机遇股票发起式A
014063,景顺长城专精特新量化优选股票C
017946,国富沪港深成长精选股票C
023853,景顺长城量化精选股票C
206012,鹏华价值精选股票
008854,南方内需增长两年股票A
023129,富国致盛量化选股股票A
000884,民生加银优选股票
024154,华安消费机遇股票发起式C
020748,国联智选先锋股票A
020277,银河新材料股票发起式C
002121,广发沪港深新起点股票A
002334,汇丰晋信大盘波动股票A
008855,南方内需增长两年股票C
023130,富国致盛量化选股股票C
020749,国联智选先锋股票C
001245,工银生态环境股票A
010024,广发沪港深新起点股票C
002335,汇丰晋信大盘波动股票C
023524,广发制造智选股票发起式A
015002,工银生态环境股票C
007831,博道伍佰智航股票A
003053,嘉实文体娱乐股票A
001541,汇添富民营新动力股票
023525,广发制造智选股票发起式C
007832,博道伍佰智航股票C
003054,嘉实文体娱乐股票C
019561,富国致航量化选股股票A
011149,创金合信ESG责任投资股票A
000971,诺安新经济股票A
002595,博时工业4.0主题股票
011645,国泰核心价值两年持有期股票A
001736,圆信永丰优加生活
020698,国泰海通科创板量化选股股票发起A
011882,招商蓝筹精选股票A
019562,富国致航量化选股股票C
011150,创金合信ESG责任投资股票C
005635,博时量化多策略股票A
020699,国泰海通科创板量化选股股票发起C
011646,国泰核心价值两年持有期股票C
001975,景顺长城环保优势股票
008264,南方ESG股票A
005457,景顺长城量化小盘股票A
000711,嘉实医疗保健股票
011883,招商蓝筹精选股票C
009601,招商科技动力3个月滚动持有股票A
004698,博时军工主题股票A
005636,博时量化多策略股票C
006195,国金量化多因子股票A
011425,广发优势成长股票A
000409,鹏华环保产业股票
023855,景顺长城量化小盘股票C
016858,国金量化多因子股票C
008265,南方ESG股票C
011592,博时军工主题股票C
000996,中银新动力股票A
011426,广发优势成长股票C
009602,招商科技动力3个月滚动持有股票C
010128,宝盈发展新动能股票A
001277,博时国企改革股票A
007470,博道叁佰智航股票A
016449,南方新材料股票发起A
007137,鹏扬元合量化大盘A
014453,中银新动力股票C
007130,中庚小盘价值股票
009805,国泰医药健康股票A
014382,博时国企改革股票C
007471,博道叁佰智航股票C
007903,长城量化小盘股票A
016450,南方新材料股票发起C
010129,宝盈发展新动能股票C
001974,景顺长城量化新动力股票A
008618,永赢医药健康A
005927,创金合信新能源汽车股票A
008619,永赢医药健康C
011107,九泰天兴量化智选A
011326,国泰医药健康股票C
002210,创金合信量化多因子股票A
011108,九泰天兴量化智选C
019272,长城量化小盘股票C
007138,鹏扬元合量化大盘C
002871,华夏智胜价值成长A
022164,西部利得央企优选股票A
001705,泓德战略转型股票
001476,中银智能制造股票A
023188,景顺长城量化新动力股票C
002872,华夏智胜价值成长C
009341,易方达均衡成长股票
001637,嘉实量化精选股票
018650,光大国企改革股票C
018728,华夏智胜新锐股票A
000082,嘉实研究阿尔法股票A
024895,泰康资源精选股票发起A
001097,华泰柏瑞积极优选股票A
022165,西部利得央企优选股票C
005928,创金合信新能源汽车股票C
003069,光大创业板量化优选A
009537,太平行业优选股票A
160133,南方天元新产业股票(LOF)
003865,创金合信量化多因子股票C
012181,中银智能制造股票C
024711,中金新锐股票A
018729,华夏智胜新锐股票C
021187,摩根红利优选股票A
000985,嘉实逆向策略股票
001576,国泰智能装备股票A
019306,嘉实研究阿尔法股票C
004686,华夏研究精选股票
009538,太平行业优选股票C
019902,国寿安保先进制造股票发起式A
016283,华泰柏瑞积极优选股票C
001291,大摩量化多策略股票
003070,光大创业板量化优选C
010420,民生加银成长优选股票A
019124,博道红利智航股票A
021316,民生加银智选成长股票A
024712,中金新锐股票C
024896,泰康资源精选股票发起C
540006,汇丰晋信大盘股票A
019505,国泰海通中证1000优选股票发起A
011322,国泰智能装备股票C
015904,广发新能源精选股票A
021188,摩根红利优选股票C
001047,光大国企改革股票A
009043,九泰久信量化股票
024682,民生加银成长优选股票C
019125,博道红利智航股票C
021317,民生加银智选成长股票C
019903,国寿安保先进制造股票发起式C
005960,博时量化价值股票A
020720,国寿安保高端装备股票发起式A
001692,南方国策动力
019243,汇丰晋信大盘股票C
019506,国泰海通中证1000优选股票发起C
012214,民生加银核心资产股票A
501219,华夏智胜先锋股票(LOF)A
010120,九泰久福量化股票A
001718,工银物流产业股票A
015905,广发新能源精选股票C
011224,九泰盈泰量化股票A
009106,嘉合同顺智选股票A
020721,国寿安保高端装备股票发起式C
012215,民生加银核心资产股票C
014198,华夏智胜先锋股票C
010121,九泰久福量化股票C
000955,南方产业活力
015001,工银物流产业股票C
005961,博时量化价值股票C
009557,申万菱信创业板量化精选股票A
021915,博道大盘价值股票A
009658,汇丰晋信中小盘低波动策略股票A
019338,创金合信启富优选股票发起A
023834,广发资源智选股票发起式A
009107,嘉合同顺智选股票C
011225,九泰盈泰量化股票C
014139,易方达高质量增长量化精选股票A
008128,湘财长源股票型A
021570,华夏红利量化选股股票A
519965,长信量化多策略股票A
001163,银华中国梦30股票
010505,申万菱信创业板量化精选股票C
011285,民生价值优选6个月持有股票A
014140,易方达高质量增长量化精选股票C
021916,博道大盘价值股票C
021629,华安红利机遇股票发起式A
023404,海富通致远量化选股股票发起A
019339,创金合信启富优选股票发起C
021049,易方达高股息量化选股股票发起式A
021571,华夏红利量化选股股票C
023835,广发资源智选股票发起式C
008129,湘财长源股票型C
004075,交银医药创新股票A
009775,汇丰晋信中小盘低波动策略股票C
011286,民生价值优选6个月持有股票C
008860,民生加银龙头优选股票A
021630,华安红利机遇股票发起式C
007674,工银产业升级股票A
021050,易方达高股息量化选股股票发起式C
023405,海富通致远量化选股股票发起C
009379,中银成长优选股票A
007388,摩根研究驱动股票A
022344,景顺长城红利量化选股股票A
004858,长信量化多策略股票C
022358,民生加银龙头优选股票C
005802,汇添富智能制造股票A
014046,交银医药创新股票C
011498,富国沪深300基本面精选股票A
003745,广发多元新兴股票
022345,景顺长城红利量化选股股票C
000457,摩根核心成长股票A
014455,中银成长优选股票C
007675,工银产业升级股票C
001528,诺安先进制造股票A
016444,中泰研究精选6个月持有股票A
015196,汇添富智能制造股票C
009398,华富成长企业精选股票A
160919,大成产业升级股票(LOF)A
011836,银华智能建造股票发起式
007389,摩根研究驱动股票C
001054,工银新金融股票A
009550,汇添富开放视野中国优势六个月持有股票A
011499,富国沪深300基本面精选股票C
015170,摩根核心成长股票C
001577,嘉实低价策略股票
019607,诺安先进制造股票C
000866,华宝制造股票
016445,中泰研究精选6个月持有股票C
019206,大成产业升级股票(LOF)C
020487,华富成长企业精选股票C
162208,宏利首选企业股票A
013355,工银新金融股票C
001685,汇添富沪港深新价值股票
001645,国泰大健康股票A
001126,摩根卓越制造股票A
011142,创金合信新材料新能源股票A
017650,中庚港股通价值股票
519975,长信量化中小盘股票A
017289,宏利首选企业股票C
009551,汇添富开放视野中国优势六个月持有股票C
017038,富国中证1000优选股票A
011321,国泰大健康股票C
005303,嘉实医药健康股票A
023752,长信量化中小盘股票C
013465,博时智选量化多因子股票A
011220,南方匠心优选股票A
015075,摩根卓越制造股票C
376510,摩根大盘蓝筹股票A
021167,中泰红利量化选股股票发起A
320020,诺安策略精选股票A
011143,创金合信新材料新能源股票C
020759,建信红利精选股票发起A
167702,德邦量化优选股票(LOF)A
017039,富国中证1000优选股票C
020901,招商成长量化选股股票A
024046,富国致享量化选股股票A
021979,兴全红利量化选股股票A
011384,南方远见回报股票A
167703,德邦量化优选股票(LOF)C
013466,博时智选量化多因子股票C
020760,建信红利精选股票发起C
024270,诺安策略精选股票C
021168,中泰红利量化选股股票发起C
022299,安信周期优选股票型发起A
011221,南方匠心优选股票C
016401,摩根大盘蓝筹股票C
006251,银华兴盛股票A
005304,嘉实医药健康股票C
021983,中信保诚红利领航量化股票A
020902,招商成长量化选股股票C
024047,富国致享量化选股股票C
022300,安信周期优选股票型发起C
021980,兴全红利量化选股股票C
011385,南方远见回报股票C
024395,银华兴盛股票C
015891,富国上证50基本面精选股票发起式A
005259,建信龙头企业股票
004716,中信保诚量化阿尔法股票A
020768,中信保诚国企红利量化选股股票A
000831,工银医疗保健股票
021984,中信保诚红利领航量化股票C
017073,嘉实清洁能源股票发起式A
005968,创金合信工业周期股票A
015641,银华数字经济股票发起式A
011295,中信保诚量化阿尔法股票C
024709,中金精选股票A
015892,富国上证50基本面精选股票发起式C
015642,银华数字经济股票发起式C
020769,中信保诚国企红利量化选股股票C
008736,南方高股息股票A
017074,嘉实清洁能源股票发起式C
024710,中金精选股票C
005662,嘉实金融精选股票A
580008,东吴新产业精选股票A
008283,易方达金融行业股票发起式A
004925,长信低碳环保行业量化股票A
000916,前海开源股息率100强股票A
005969,创金合信工业周期股票C
001044,嘉实新消费股票A
011146,创金合信气候变化责任投资股票A
010892,中银证券精选行业股票A
013151,长信低碳环保行业量化股票C
011470,东吴新产业精选股票C
008085,海富通先进制造股票A
021784,前海开源股息率100强股票C
005663,嘉实金融精选股票C
019026,易方达金融行业股票发起式C
020772,中信建投量化选股股票A
010893,中银证券精选行业股票C
011147,创金合信气候变化责任投资股票C
001917,招商量化精选股票A
018194,建信新材料精选股票发起A
001719,工银国家战略股票
015627,圆信永丰弘阳股票A
008737,南方高股息股票C
023967,嘉实新消费股票C
005189,海富通量化前锋股票A
005267,嘉实价值精选股票A
008084,海富通先进制造股票C
020773,中信建投量化选股股票C
015628,圆信永丰弘阳股票C
003956,南方产业智选股票A
018195,建信新材料精选股票发起C
005188,海富通量化前锋股票C
007950,招商量化精选股票C
008134,鹏华优选价值股票A
019079,国富招瑞优选股票A
022518,南方产业智选股票C
023947,嘉实价值精选股票C
000893,工银创新动力股票
019080,国富招瑞优选股票C
017479,广发医药精选股票A
011236,摩根行业睿选股票A
011824,浙商汇金量化臻选股票A
163110,申万菱信量化小盘股票(LOF)A
020258,鹏华优选价值股票C
017480,广发医药精选股票C
013918,申万菱信量化小盘股票(LOF)C
004403,平安股息精选沪港深A
011237,摩根行业睿选股票C
011825,浙商汇金量化臻选股票C
011077,汇丰晋信创新先锋
000418,景顺长城成长之星股票A
020236,路博迈中国动力股票A
008537,兴银研究精选股票A
001166,建信环保产业股票A
008177,建信高股息主题股票
021503,景顺长城成长之星股票C
010998,博道消费智航A
004404,平安股息精选沪港深C
020682,建信环保产业股票C
020237,路博迈中国动力股票C
008538,兴银研究精选股票C
011793,建信智能汽车股票
000778,鹏华先进制造股票
018695,博道消费智航C
010322,大摩新兴产业股票
024452,博时卓睿成长股票A
001171,工银养老产业股票A
024453,博时卓睿成长股票C
000471,富国城镇发展股票
005669,前海开源公用事业股票
012238,工银养老产业股票C
005037,银华新能源新材料A
000628,大成高鑫股票A
000729,建信中小盘先锋股票A
004997,广发高端制造股票A
005038,银华新能源新材料C
005983,摩根核心精选股票A
011066,大成高鑫股票C
013919,建信中小盘先锋股票C
000696,汇添富环保行业股票
010160,广发高端制造股票C
025068,建信医疗创新股票A
014937,摩根核心精选股票C
011934,中航量化阿尔法六个月持有A
001651,工银新蓝筹股票A
001195,工银农业产业股票
001766,摩根医疗健康股票A
009069,大成睿鑫股票A
025067,建信医疗创新股票C
005894,华夏优势精选股票
000803,工银研究精选股票
160127,南方新兴消费增长股票(LOF)A
009070,大成睿鑫股票C
009126,嘉实基础产业优选股票A
011935,中航量化阿尔法六个月持有C
011476,工银新蓝筹股票C
014932,摩根医疗健康股票C
001790,国泰智能汽车股票A
001542,国泰互联网+股票
001319,农银信息传媒股票A
018240,嘉实制造升级股票发起式A
006138,国联安价值优选股票
011042,国泰价值先锋股票A
009127,嘉实基础产业优选股票C
160144,南方新兴消费增长股票(LOF)C
011323,国泰智能汽车股票C
008871,大成睿裕六月持有股票A
450009,国富中小盘股票A
519193,万家消费成长
006002,工银医药健康股票A
010141,朱雀企业优选A
008923,建信医疗健康行业股票A
018589,农银信息传媒股票C
018241,嘉实制造升级股票发起式C
017824,华安新材料主题股票发起式A
006228,中欧医疗创新股票A
162107,金鹰先进制造股票(LOF)A
017948,国富中小盘股票C
008294,朱雀企业优胜A
008924,建信医疗健康行业股票C
011043,国泰价值先锋股票C
008872,大成睿裕六月持有股票C
017825,华安新材料主题股票发起式C
012930,中庚价值先锋股票
006003,工银医药健康股票C
013479,金鹰先进制造股票(LOF)C
001579,国泰大农业股票A
011601,前海开源公共卫生股票A
010142,朱雀企业优选C
010703,财通智选消费股票A
006229,中欧医疗创新股票C
011602,前海开源公共卫生股票C
008295,朱雀企业优胜C
000326,南方中小盘成长股票A
010704,财通智选消费股票C
001703,银华沪港深增长股票A
015588,国泰大农业股票C
012445,华富新能源股票型发起式A
001178,前海开源再融资股票
320022,诺安研究精选股票A
019717,南方中小盘成长股票C
004350,汇丰晋信价值先锋股票A
005209,东吴双三角股票A
014364,银华沪港深增长股票C
017967,华富新能源股票型发起式C
006923,前海开源沪港深非周期股票A
003834,华夏能源革新股票A
008412,长盛竞争优势A
008107,华商医药医疗行业股票
005210,东吴双三角股票C
006924,前海开源沪港深非周期股票C
001616,嘉实环保低碳股票
015364,汇丰晋信价值先锋股票C
019941,富国洞见价值股票A
002300,长盛医疗量化股票A
011349,淳厚现代服务业股票A
014121,大成品质医疗股票A
001473,建信大安全战略精选股票
013188,华夏能源革新股票C
003984,嘉实新能源新材料股票A
010434,红土创新医疗保健股票A
007287,合煦智远消费主题股票发起式A
008413,长盛竞争优势C
014122,大成品质医疗股票C
004292,鹏华沪深港互联网股票
011350,淳厚现代服务业股票C
018009,长盛医疗量化股票C
019942,富国洞见价值股票C
003985,嘉实新能源新材料股票C
007288,合煦智远消费主题股票发起式C
006106,景顺长城量化港股通股票A
001167,金鹰科技创新股票A
001717,工银前沿医疗股票A
007354,创金合信港股通量化股票A
018861,景顺长城量化港股通股票C
006803,嘉实互通精选股票
005707,富国港股通量化精选股票A
019093,金鹰科技创新股票C
014163,富国港股通量化精选股票C
010685,工银前沿医疗股票C
001223,鹏华文化传媒娱乐股票
001583,安信新常态股票A
002332,汇丰晋信沪港深A
009864,招商景气优选股票A
009147,建信新能源行业股票A
002168,嘉实智能汽车股票
005612,嘉实核心优势股票发起式
007357,创金合信港股通量化股票C
011726,安信新常态股票C
015048,建信新能源行业股票C
002333,汇丰晋信沪港深C
008958,嘉实回报精选股票
001726,汇添富新兴消费股票A
009865,招商景气优选股票C
015194,汇添富新兴消费股票C
001236,博时丝路主题股票A
010112,广发研究精选股票A
010113,广发研究精选股票C
002556,博时丝路主题股票C
015537,红塔红土新能源主题精选股票A
013049,兴业能源革新股票A
018048,申万菱信数字产业股票型发起式A
015538,红塔红土新能源主题精选股票C
009898,民生加银医药健康股票A
001043,工银美丽城镇股票A
018049,申万菱信数字产业股票型发起式C
013050,兴业能源革新股票C
011328,景顺长城新能源产业股票A
011329,景顺长城新能源产业股票C
010469,圆信永丰聚优股票A
014758,民生加银医药健康股票C
011478,工银美丽城镇股票C
009874,九泰久睿量化股票A
004851,广发医疗保健股票A
012360,汇丰晋信港股通核心资产股票发起式A
010470,圆信永丰聚优股票C
009163,广发医疗保健股票C
016725,农银品质农业股票A
005237,银华医疗健康量化优选A
010161,广发瑞安精选股票A
012361,汇丰晋信港股通核心资产股票发起式C
010409,富国消费精选30股票A
000974,安信消费医药股票A
007853,华商计算机行业量化股票发起式A
007548,易方达ESG责任投资股票
016399,九泰久睿量化股票C
016551,诺德策略回报股票A
016726,农银品质农业股票C
005238,银华医疗健康量化优选C
009240,泰康蓝筹优势一年持有股票
012244,广发金融地产精选股票A
012126,宏利新能源股票A
017132,中银新能源产业股票A
017628,华商计算机行业量化股票发起式C
023098,安信消费医药股票C
010162,广发瑞安精选股票C
021605,富国消费精选30股票C
012127,宏利新能源股票C
012245,广发金融地产精选股票C
016552,诺德策略回报股票C
009896,广发港股通成长精选股票A
017133,中银新能源产业股票C
011589,九泰天利量化A
009897,广发港股通成长精选股票C
012045,大成医药健康股票A
011590,九泰天利量化C
010815,农银新兴消费股票
010709,安信医药健康股票A
017931,富达传承6个月股票A
012046,大成医药健康股票C
006692,金信消费升级股票A
003298,嘉实物流产业股票A
006981,中金新医药股票A
010710,安信医药健康股票C
000913,农银医疗保健股票
003299,嘉实物流产业股票C
017932,富达传承6个月股票C
007005,中金新医药股票C
005505,前海开源中药股票A
006693,金信消费升级股票C
008303,宝盈龙头优选股票A
005506,前海开源中药股票C
010592,南方医药创新股票A
519673,银河康乐股票A
008445,融通产业趋势先锋股票
010593,南方医药创新股票C
009017,银华港股通精选股票发起式A
008304,宝盈龙头优选股票C
010196,易方达核心优势股票A
013940,东吴医疗服务股票A
021830,国寿安保农业产业股票发起式A
399011,中海医疗保健主题股票A
016018,银河康乐股票C
020331,红塔红土医药精选股票发起式A
010197,易方达核心优势股票C
013941,东吴医疗服务股票C
004040,金鹰医疗健康产业A
001915,宝盈医疗健康沪港深股票A
014052,银华港股通精选股票发起式C
014376,东吴新能源汽车股票A
019916,富国医药创新股票A
009875,天弘甄选食品饮料股票A
001104,华安新丝路主题股票A
009877,中银内核驱动股票A
020332,红塔红土医药精选股票发起式C
004041,金鹰医疗健康产业C
021831,国寿安保农业产业股票发起式C
017921,中海医疗保健主题股票C
009876,天弘甄选食品饮料股票C
014377,东吴新能源汽车股票C
020437,宝盈医疗健康沪港深股票C
006603,嘉实互融精选股票A
012600,中银内核驱动股票C
519714,交银消费新驱动股票
000854,鹏华养老产业股票
011418,汇添富消费精选两年持有股票A
019917,富国医药创新股票C
540009,汇丰晋信消费红利股票
008075,招商核心优选股票A
000780,鹏华医疗保健股票
013505,华安新丝路主题股票C
540007,汇丰晋信中小盘股票
010387,易方达医药生物股票A
004098,前海开源港股通股息率50强
020232,嘉实互融精选股票C
011419,汇添富消费精选两年持有股票C
010388,易方达医药生物股票C
005106,银华农业产业股票发起式A
001714,工银文体产业股票A
007523,汇添富内需增长股票A
014064,银华农业产业股票发起式C
008076,招商核心优选股票C
010687,工银文体产业股票C
006675,宝盈品牌消费股票A
007524,汇添富内需增长股票C
001230,鹏华医药科技股票A
015052,东方红医疗升级股票发起A
017900,鹏华医药科技股票C
013132,创金合信文娱媒体股票发起A
010341,招商产业精选股票A
006676,宝盈品牌消费股票C
015053,东方红医疗升级股票发起C
009414,中银大健康股票A
001878,嘉实沪港深精选股票
011923,大成消费精选股票A
010204,中银港股通优势成长股票
001628,招商体育文化休闲股票A
010321,中银大健康股票C
013133,创金合信文娱媒体股票发起C
160322,华夏港股通精选股票发起式(LOF)A
013490,同泰金融精选股票A
010342,招商产业精选股票C
003230,创金合信医疗保健股票A
011926,大成消费精选股票C
013491,同泰金融精选股票C
004995,广发品牌消费股票发起式A
004812,中欧先进制造股票A
015395,招商体育文化休闲股票C
012884,华夏港股通精选股票发起式(LOF)C
010245,广发品牌消费股票发起式C
010585,创金合信医药消费股票A
003231,创金合信医疗保健股票C
011722,前海开源深圳特区精选股票A
011723,前海开源深圳特区精选股票C
022690,华安医药生物股票发起式A
004813,中欧先进制造股票C
010801,长江量化消费精选股票A
010586,创金合信医药消费股票C
005235,银华食品饮料量化股票发起式A
007750,广发优势增长股票A
022691,华安医药生物股票发起式C
001186,富国文体健康股票A
015139,泰康医疗健康股票发起A
005970,国泰消费优选股票
005236,银华食品饮料量化股票发起式C
010802,长江量化消费精选股票C
013004,国泰价值领航股票A
015140,泰康医疗健康股票发起C
011125,富国文体健康股票C
020458,平安医药精选股票A
003634,嘉实农业产业股票A
000867,华宝品质生活股票
013005,国泰价值领航股票C
020459,平安医药精选股票C
015468,嘉实农业产业股票C
004805,长信消费精选量化股票A
011651,招商港股通核心精选股票A
013152,长信消费精选量化股票C
008166,工银消费股票A
011652,招商港股通核心精选股票C
000761,国富健康优质生活股票
110022,易方达消费行业股票
019457,平安先进制造主题股票发起A
002621,中欧消费主题股票A
008167,工银消费股票C
000991,工银战略转型股票A
002387,工银沪港深股票A
019458,平安先进制造主题股票发起C
011473,工银战略转型股票C
002697,中欧消费主题股票C
006671,广发消费升级股票
007512,工银沪港深股票C
014589,招商成长先导股票A
022301,安信医药创新股票型发起A
022302,安信医药创新股票型发起C
014590,招商成长先导股票C
005620,中欧品质消费股票A
009852,银华品质消费股票A
005621,中欧品质消费股票C
016073,创金合信软件产业股票发起A
023948,银华品质消费股票C
016074,创金合信软件产业股票发起C
011104,光大智能汽车主题股票A
003190,创金合信消费主题股票A
018462,光大智能汽车主题股票C
007590,华宝绿色领先股票A
004189,华商消费行业股票
003191,创金合信消费主题股票C
006604,嘉实消费精选股票A
006605,嘉实消费精选股票C
022081,景顺长城医疗产业股票A
022082,景顺长城医疗产业股票C
009162,富国医药成长30股票A
009954,华银优选成长股票
001193,中金消费升级股票A
006926,长城量化精选股票A
024196,中金消费升级股票C
001643,汇丰晋信智造先锋股票A
011463,长城量化精选股票C
006781,汇丰晋信港股通精选股票
001644,汇丰晋信智造先锋股票C
009265,易方达消费精选股票
020142,路博迈中国医疗健康股票发起A
009476,建信食品饮料行业股票A
540008,汇丰晋信低碳先锋股票A
014957,华富消费成长股票A
020143,路博迈中国医疗健康股票发起C
014864,建信食品饮料行业股票C
020140,国寿安保品质消费股票发起式A
013511,汇丰晋信低碳先锋股票C
020141,国寿安保品质消费股票发起式C
014958,华富消费成长股票C
011013,长城消费30股票A
016847,中欧高端装备股票发起A
017870,光大消费主题股票C
011014,长城消费30股票C
016848,中欧高端装备股票发起C
008234,光大消费主题股票A
018045,东方创新医疗股票A
007965,民生加银品质消费股票A
018046,东方创新医疗股票C
007966,民生加银品质消费股票C
005433,申万菱信医药先锋股票A
015171,申万菱信医药先锋股票C
012210,申万菱信智能汽车股票A
012211,申万菱信智能汽车股票C
519606,国泰金鑫股票A
015593,国泰金鑫股票C
025069,景顺长城高端装备股票
025387,万家智胜量化选股股票C
025012,财通华裕量化选股股票C
025011,财通华裕量化选股股票A
025386,万家智胜量化选股股票A
025512,广发信息产业股票发起式C
025511,广发信息产业股票发起式A
025445,万家周期视野股票发起式A
025446,万家周期视野股票发起式C
025968,建信科技智选股票型发起A
025969,建信科技智选股票型发起C
026154,红土创新医疗保健股票C
026155,红土创新新科技股票C
025659,国金科创创业量化选股股票C
025658,国金科创创业量化选股股票A
025541,华夏创新前沿股票C
025449,万家数字经济股票发起式A
025450,万家数字经济股票发起式C
025789,广发质量优选股票C
025949,诺安研究精选股票C
025404,苏新睿见量化选股股票A
025405,苏新睿见量化选股股票C
026290,红土创新科技创新股票(LOF)C
026517,上银科技先锋股票发起式C
026516,上银科技先锋股票发起式A
026620,安信消费睿选股票发起C
026619,安信消费睿选股票发起A
025788,广发质量优选股票A
026521,财通资管量化选股股票发起式C
026520,财通资管量化选股股票发起式A
026124,汇丰晋信周期优选股票A
026125,汇丰晋信周期优选股票C
026174,路博迈港股通科技股票C
026488,安信资源睿选股票发起A
026489,安信资源睿选股票发起C
026747,上银医药精选股票发起式C
026746,上银医药精选股票发起式A
026224,广发消费领航股票发起式C
026807,易方达研究智选股票A
026553,南方量化成长股票C
025878,易米远景量化选股股票C
026468,山证资管数字经济锐选股票发起式A
025736,华西科技成长股票
026375,中金睿见优选股票C
026469,山证资管数字经济锐选股票发起式C
025660,招商中国机遇股票C
026223,广发消费领航股票发起式A
026663,建信资源严选股票发起C
026662,建信资源严选股票发起A
026173,路博迈港股通科技股票A
026304,上银科技创新股票发起式C
026303,上银科技创新股票发起式A
027476,山证资管新能源锐选股票发起式A
026626,建信消费严选股票A
026627,建信消费严选股票C
027467,华宝绿色领先股票C
027623,上银成长精选股票发起式C
019010,泰康致远量化选股股票发起A
019011,泰康致远量化选股股票发起C
026374,中金睿见优选股票A
027053,兴全价值量化选股股票发起式A
027054,兴全价值量化选股股票发起式C
027364,安信新材料睿选股票发起A
026859,华安智优量化选股股票A
026866,华安智优量化选股股票C
025877,易米远景量化选股股票A
027365,安信新材料睿选股票发起C
027477,山证资管新能源锐选股票发起式C
026808,易方达研究智选股票C
027757,融通产业趋势股票C
027240,山证资管半导体产业锐选股票发起式C
027774,中金消费优选股票发起C
027235,交银智远量化选股股票发起
027773,中金消费优选股票发起A
026995,信澳港股通创新驱动股票型发起式A
026996,信澳港股通创新驱动股票型发起式C
027239,山证资管半导体产业锐选股票发起式A
028406,万家景明红利量化选股股票发起式A
028640,诺安新经济股票C
028461,广发优势增长股票C
028407,万家景明红利量化选股股票发起式C
028460,长信创新驱动股票C
028310,国联安科技动力股票C
002910,易方达供给改革混合
021179,易方达产业机遇混合A
021180,易方达产业机遇混合C
005844,东方人工智能主题混合A
004320,前海开源沪港深乐享生活
017811,东方人工智能主题混合C
013840,银华集成电路混合A
013841,银华集成电路混合C
025208,永赢先锋半导体智选混合发起A
025209,永赢先锋半导体智选混合发起C
011369,华商均衡成长混合A
005119,银华智荟内在价值灵活配置混合发起A
481015,工银主题策略混合A
011370,华商均衡成长混合C
001411,诺安创新驱动混合A
016262,银华智荟内在价值灵活配置混合发起C
002051,诺安创新驱动混合C
007490,南方信息创新混合A
013312,工银主题策略混合C
007491,南方信息创新混合C
001480,财通成长优选混合A
021528,财通成长优选混合C
024459,华商致远回报混合A
024460,华商致远回报混合C
001198,东方惠新灵活配置混合A
002163,东方惠新灵活配置混合C
110005,易方达积极成长混合
720001,财通价值动量混合A
162214,宏利领先中小盘混合
021523,财通价值动量混合C
025421,浦银数字经济混合A
018358,华富数字经济混合A
025422,浦银数字经济混合C
018359,华富数字经济混合C
001184,易方达新常态混合A
011891,易方达先锋成长混合A
013107,华夏先进制造龙头混合A
011892,易方达先锋成长混合C
630001,华商领先企业混合
013108,华夏先进制造龙头混合C
001437,易方达瑞享混合I
001438,易方达瑞享混合E
010115,易方达远见成长混合A
001170,宏利复兴混合A
011412,易方达远见成长混合C
017612,宏利复兴混合C
006976,鹏华核心优势混合A
017732,鹏华核心优势混合C
001723,华商新动力混合A
008528,华泰柏瑞质量成长A
002125,广发新兴成长混合A
001741,广发百发大数据精选混合A
001742,广发百发大数据精选混合E
011452,华泰柏瑞质量成长C
017927,华商新动力混合C
018291,广发新兴成长混合C
005903,宏利绩优混合A
019829,华夏数字产业混合A
015576,宏利绩优混合C
010415,华泰柏瑞质量精选混合A
019830,华夏数字产业混合C
013296,民生加银聚优精选混合A
023313,国泰聚鑫量化选股混合发起A
010416,华泰柏瑞质量精选混合C
023314,国泰聚鑫量化选股混合发起C
025331,民生加银聚优精选混合C
162201,宏利成长混合
011488,申万菱信乐享混合A
022740,申万菱信乐享混合C
021626,华富半导体产业混合发起式A
501026,财通多策略福享混合(LOF)A
000017,财通可持续混合A
310358,申万菱信新经济混合A
024592,圆信永丰科技驱动混合发起A
024593,圆信永丰科技驱动混合发起C
519770,交银优择回报灵活配置混合A
021627,华富半导体产业混合发起式C
002376,国寿安保核心产业混合
519771,交银优择回报灵活配置混合C
016500,华夏半导体龙头混合发起A
020469,长城半导体混合发起式A
519773,交银数据产业灵活配置混合A
460007,华泰柏瑞行业领先混合
022735,申万菱信新经济混合C
016501,华夏半导体龙头混合发起C
020470,长城半导体混合发起式C
010389,易方达科益混合A
007639,汇添富竞争优势灵活配置混合
014549,交银数据产业灵活配置混合C
001753,红土创新新兴产业混合A
018776,金信精选成长混合A
008734,交银科锐科技创新混合A
010390,易方达科益混合C
519158,新华趋势领航混合
001715,工银新焦点混合A
007872,金信稳健策略混合A
016873,广发远见智选混合A
018777,金信精选成长混合C
018815,方正富邦核心优势混合A
002692,富国创新科技混合A
013949,交银科锐科技创新混合C
001998,工银新焦点混合C
008555,华商龙头优势混合
016874,广发远见智选混合C
020436,金信稳健策略混合C
016370,信澳业绩驱动混合A
010335,华宝竞争优势混合A
018816,方正富邦核心优势混合C
011120,富国创新科技混合C
200012,长城中小盘成长混合A
000390,华商优势行业混合A
016371,信澳业绩驱动混合C
019925,华宝竞争优势混合C
015722,长城中小盘成长混合C
519087,新华优选分红混合A
025348,华商优势行业混合C
001060,前海开源高端装备制造混合A
025416,新华优选分红混合C
016721,前海开源高端装备制造混合C
257070,国联安优选行业混合A
001154,华银平安中国主题灵活配置
005819,国泰优势行业混合A
002256,金信行业优选混合发起式A
010622,恒越成长精选混合A
015585,国泰优势行业混合C
000742,国泰新经济灵活配置混合A
020451,金信行业优选混合发起式C
010623,恒越成长精选混合C
024423,东方阿尔法科技优选混合发起A
007349,华夏科技创新混合A
014989,国泰新经济灵活配置混合C
024424,东方阿尔法科技优选混合发起C
007350,华夏科技创新混合C
009707,工银新兴制造混合A
009708,工银新兴制造混合C
017102,大摩数字经济混合A
007343,嘉实科技创新混合
001856,易方达环保主题混合A
024473,信澳优势行业混合A
003659,山证资管策略精选混合A
013389,华夏成长先锋一年持有混合A
019032,易方达环保主题混合C
010912,国泰成长价值混合A
024889,信澳优势行业混合C
017103,大摩数字经济混合C
005875,易方达中盘成长混合
010913,国泰成长价值混合C
001759,嘉实成长增强混合
168002,国寿安保策略精选混合A
013390,华夏成长先锋一年持有混合C
020018,国泰金鹿混合
022124,国寿安保策略精选混合C
160220,国泰民益混合(LOF)A
160226,国泰民益混合(LOF)C
011599,国联安匠心科技1个月滚动持有混合
009855,中加新兴成长混合A
006025,诺安优化配置混合A
024433,嘉实成长共赢混合A
168401,红土精选混合(LOF)A
021593,上银数字经济混合发起式A
009856,中加新兴成长混合C
011111,华泰柏瑞行业严选混合A
019571,诺安优化配置混合C
024434,嘉实成长共赢混合C
013383,恒生前海高端制造混合A
021594,上银数字经济混合发起式C
009993,嘉实前沿创新混合
011112,华泰柏瑞行业严选混合C
013384,恒生前海高端制造混合C
009402,交银启明混合A
180031,银华中小盘混合A
008988,大成科技创新混合A
001144,大成互联网思维混合A
009055,圆信永丰大湾区A
008989,大成科技创新混合C
015967,永赢半导体产业智选混合发起A
202027,南方高端装备混合A
018454,大成互联网思维混合C
013883,交银启明混合C
160324,华夏磐晟混合(LOF)
009056,圆信永丰大湾区C
015968,永赢半导体产业智选混合发起C
011899,长安鑫瑞科技6个月定开混合A
501079,大成科创主题混合(LOF)A
012456,鹏扬数字经济先锋混合A
009085,银华丰享一年持有期混合
673141,西部利得景程混合A
002272,新华科技创新主题灵活配置混合A
673143,西部利得景程混合C
161606,融通行业景气混合A
010363,信澳匠心臻选两年持有期混合
022364,永赢科技智选混合发起A
005207,南方高端装备混合C
011900,长安鑫瑞科技6个月定开混合C
530019,建信社会责任混合A
016198,大成科创主题混合(LOF)C
013721,信澳景气优选混合A
009277,融通行业景气混合C
110015,易方达行业领先混合
012457,鹏扬数字经济先锋混合C
021792,华泰保兴产业升级混合发起A
022365,永赢科技智选混合发起C
021541,建信社会责任混合C
001607,英大策略优选A
008185,诺安研究优选混合A
005550,汇安成长优选混合A
001513,易方达信息产业混合A
006887,诺德新生活混合A
007305,国联安新科技混合A
006888,诺德新生活混合C
021793,华泰保兴产业升级混合发起C
013250,红土创新智能制造混合型发起式A
016632,华泰柏瑞行业优选6个月持有期混合A
001608,英大策略优选C
014497,诺安研究优选混合C
013722,信澳景气优选混合C
013556,信澳汇智优选一年持有期混合A
019018,易方达信息产业混合C
016372,信澳匠心严选一年持有混合A
021957,红土创新智能制造混合型发起式C
020821,大成领先动力混合A
012301,易方达核心智造混合
018287,信澳优势产业混合A
016653,华泰柏瑞行业优选6个月持有期混合C
013238,财通均衡优选一年持有混合A
005551,汇安成长优选混合C
519172,浦银睿智精选混合A
481010,工银中小盘混合
200015,长城优化升级混合A
006522,财通新兴蓝筹混合A
020822,大成领先动力混合C
013557,信澳汇智优选一年持有期混合C
000805,中银新经济灵活配置混合A
016373,信澳匠心严选一年持有混合C
016305,农银专精特新混合A
018288,信澳优势产业混合C
018210,红土创新景气回报混合A
013274,长城优化升级混合C
018556,中银新经济灵活配置混合C
016306,农银专精特新混合C
013239,财通均衡优选一年持有混合C
519173,浦银睿智精选混合C
006523,财通新兴蓝筹混合C
018211,红土创新景气回报混合C
001470,融通通鑫灵活配置混合A
001702,东方创新科技混合
001613,长城久祥混合A
013369,汇添富自主核心科技一年持有混合A
017462,长城久祥混合C
013469,泰信低碳经济混合发起式A
003234,中信保诚至利混合A
040001,华安创新混合
013370,汇添富自主核心科技一年持有混合C
003235,中信保诚至利混合C
570008,诺德周期策略混合
009062,财通智慧成长混合A
020408,华商数字经济混合A
016772,诺德兴新趋势混合A
000939,中银研究精选灵活配置混合A
011822,易方达产业升级混合A
010371,大成成长进取混合A
013470,泰信低碳经济混合发起式C
009049,易方达高端制造混合发起式A
001227,中邮信息产业灵活配置混合A
012264,中银研究精选灵活配置混合C
740001,长安宏观策略混合A
011823,易方达产业升级混合C
014611,富国核心科技12个月持有混合A
020409,华商数字经济混合C
010372,大成成长进取混合C
016773,诺德兴新趋势混合C
013085,申万菱信乐同混合A
023021,中邮信息产业灵活配置混合C
009063,财通智慧成长混合C
019034,易方达高端制造混合发起式C
018325,国泰海通创新成长混合发起A
016579,长安宏观策略混合C
014612,富国核心科技12个月持有混合C
011300,易方达智造优势混合A
000166,中海信息产业混合A
013086,申万菱信乐同混合C
010020,华夏线上经济主题精选混合
018326,国泰海通创新成长混合发起C
008919,永赢科技驱动A
040025,华安科技动力混合A
019226,方正富邦金立方一年持有期混合A
021382,博时科技驱动混合A
011301,易方达智造优势混合C
008920,永赢科技驱动C
008602,方正富邦新兴成长混合A
018848,中海信息产业混合C
022717,永赢锐见进取混合A
959991,兴证资管金麒麟领先优势一年持有期混合A
008603,方正富邦新兴成长混合C
011186,信澳至诚精选混合A
019426,中银数字经济混合A
014975,华安科技动力混合C
021383,博时科技驱动混合C
001076,易方达改革红利混合
001370,中银新趋势灵活配置混合A
016623,银华卓信成长精选混合A
022718,永赢锐见进取混合C
014007,华安制造升级一年持有混合A
006615,工银战略新兴产业混合A
110029,易方达科讯混合
001808,银华互联网主题灵活配置混合A
012545,富荣福银混合A
010418,财通景气行业混合A
019427,中银数字经济混合C
350007,天治趋势精选混合
014319,德邦半导体产业混合发起式A
011399,汇添富数字未来混合A
014845,中银新趋势灵活配置混合C
501015,财通多策略升级混合(LOF)A
014953,信澳至诚精选混合C
020661,中加科技创新混合发起式A
016624,银华卓信成长精选混合C
000823,银华高端制造业混合A
006616,工银战略新兴产业混合C
012546,富荣福银混合C
015772,银华互联网主题灵活配置混合C
016234,财通景气行业混合C
002244,景顺长城低碳科技主题混合
014320,德邦半导体产业混合发起式C
024469,大成至臻回报混合A
014008,华安制造升级一年持有混合C
001475,易方达国防军工混合A
011400,汇添富数字未来混合C
015271,财通多策略升级混合(LOF)C
001037,国投瑞银锐意改革混合A
519644,银河智联混合A
003961,易方达瑞程灵活配置混合A
025499,东方阿尔法科技智选混合发起A
001267,宏利蓝筹混合
020662,中加科技创新混合发起式C
001412,德邦鑫星价值灵活配置混合A
011817,银华阿尔法混合
003857,前海开源周期优选混合A
003962,易方达瑞程灵活配置混合C
002112,德邦鑫星价值灵活配置混合C
016263,银华高端制造业混合C
003858,前海开源周期优选混合C
015945,易方达国防军工混合C
009808,易方达创新成长混合
024470,大成至臻回报混合C
025500,东方阿尔法科技智选混合发起C
008983,财通科技创新混合A
016780,国投瑞银锐意改革混合C
017761,银河智联混合C
673050,西部利得新盈混合A
002707,大摩科技领先混合A
019119,财通资管产业优选混合发起式A
016237,华夏数字经济龙头混合发起式A
009994,嘉实创新先锋混合A
011665,汇添富数字经济引领发展三年持有混合A
022995,中海科技创新混合A
001387,国联新经济混合A
012466,嘉实策略精选混合A
018547,金鹰产业智选一年持有混合A
001388,国联新经济混合C
050022,博时回报混合
014871,大摩科技领先混合C
010237,安信创新先锋混合发起A
019120,财通资管产业优选混合发起式C
015361,西部利得新盈混合C
009242,中加核心智造混合A
017828,富国时代精选混合A
016238,华夏数字经济龙头混合发起式C
005851,财通新视野灵活配置混合A
008984,财通科技创新混合C
010557,汇添富数字生活六个月持有混合
009995,嘉实创新先锋混合C
024052,工银科技先锋混合发起式A
011666,汇添富数字经济引领发展三年持有混合C
014189,南方专精特新混合A
018019,南方核心科技一年持有混合A
010238,安信创新先锋混合发起C
002420,汇添富盈鑫混合A
018548,金鹰产业智选一年持有混合C
009243,中加核心智造混合C
001194,景顺长城稳健回报混合A
003586,先锋精一混合A
008635,华安科技创新混合A
024053,工银科技先锋混合发起式C
017987,易方达国企主题混合A
018000,鹏华芯片产业混合发起式A
022996,中海科技创新混合C
012467,嘉实策略精选混合C
001407,景顺长城稳健回报混合C
017829,富国时代精选混合C
501200,民生加银科技创新混合(LOF)
012816,国泰致和混合A
018244,嘉实产业精选混合A
006533,易方达科融混合
014833,汇添富盈鑫混合C
014190,南方专精特新混合C
005959,财通新视野灵活配置混合C
519212,万家宏观择时多策略混合A
000541,华商创新成长混合发起式A
018020,南方核心科技一年持有混合C
003587,先锋精一混合C
016523,华安科技创新混合C
017988,易方达国企主题混合C
112002,易方达策略成长二号混合
002772,光大产业新动力混合A
012817,国泰致和混合C
018082,光大产业新动力混合C
110002,易方达策略成长混合
018001,鹏华芯片产业混合发起式C
001239,长盛国企改革混合
018245,嘉实产业精选混合C
017787,万家宏观择时多策略混合C
501064,国泰价值优选灵活配置混合(LOF)A
006128,银河和美生活混合A
005090,嘉合睿金混合发起式A
024020,华商创新成长混合发起式C
002450,平安睿享文娱混合A
019374,广发睿杰精选混合发起式A1
016617,国泰价值优选灵活配置混合(LOF)C
006863,国联安智能制造混合A
024450,易方达成长进取混合A
008657,景顺长城科技创新混合A
016165,汇添富优势企业精选混合A
022334,广发产业甄选混合A
015229,华夏低碳经济一年持有混合A
015665,银河和美生活混合C
017723,银华心质混合A
000845,国投瑞银信息消费混合A
015683,景顺长城科技创新混合C
005091,嘉合睿金混合发起式C
010198,易方达竞争优势企业混合A
020197,国联安智能制造混合C
024451,易方达成长进取混合C
014727,易方达成长动力混合A
016173,汇添富优势企业精选混合C
017724,银华心质混合C
519698,交银先锋混合A
002451,平安睿享文娱混合C
001701,国联产业升级混合
002885,大摩万众创新混合A
012200,新华鑫科技3个月滚动持有灵活配置混合A
021542,国投瑞银信息消费混合C
017876,汇添富新能源精选混合发起式A
018956,中航机遇领航混合发起A
010849,易方达竞争优势企业混合C
011712,大摩万众创新混合C
022335,广发产业甄选混合C
015230,华夏低碳经济一年持有混合C
001279,中海积极增利混合
023397,尚正研究睿选混合发起A
014647,融通先进制造混合A
610006,信澳产业升级混合A
014728,易方达成长动力混合C
000603,易方达创新驱动灵活配置混合
012201,新华鑫科技3个月滚动持有灵活配置混合C
006154,华安制造先锋混合A
013950,交银先锋混合C
010135,宏利高研发6个月持有混合A
519025,海富通领先成长混合A
501082,博时科创主题灵活配置混合(LOF)A
017234,永赢睿恒混合A
017877,汇添富新能源精选混合发起式C
018957,中航机遇领航混合发起C
012082,博时数字经济混合A
014648,融通先进制造混合C
010136,宏利高研发6个月持有混合C
023398,尚正研究睿选混合发起C
024207,信澳产业升级混合C
481001,工银核心价值混合A
024796,兴业科技创新混合发起式A
015491,博时科创主题灵活配置混合(LOF)C
009217,博时荣丰回报灵活配置混合A
013507,华安制造先锋混合C
009474,国泰致远优势混合
005730,国泰江源优势精选混合A
009892,富国成长策略混合A
022368,永赢睿恒混合C
001892,长盛新兴成长混合A
012083,博时数字经济混合C
014036,博时成长回报混合A
015368,国泰海通领航成长一年持有混合发起A
024797,兴业科技创新混合发起式C
008633,万家科技创新混合A
004374,华泰保兴吉年丰混合发起A
011325,国泰江源优势精选混合C
004818,国寿安保目标策略混合发起A
001075,宝盈转型动力混合A
009218,博时荣丰回报灵活配置混合C
009025,海富通科技创新混合A
004819,国寿安保目标策略混合发起C
004375,华泰保兴吉年丰混合发起C
015369,国泰海通领航成长一年持有混合发起C
018554,交银启嘉混合A
024439,交银瑞安混合A
014037,博时成长回报混合C
008634,万家科技创新混合C
501073,华安智联混合(LOF)A
001664,平安鑫安混合A
015389,宝盈转型动力混合C
004833,先锋聚利混合A
007049,平安鑫安混合E
519732,交银定期支付双息平衡混合
004834,先锋聚利混合C
016071,华安智联混合(LOF)C
009024,海富通科技创新混合C
001665,平安鑫安混合C
024440,交银瑞安混合C
018555,交银启嘉混合C
021510,宏利半导体产业混合发起A
002345,华夏高端制造混合A
023420,永赢锐见先锋混合A
008507,交银内核驱动混合
017602,华夏国企创新混合发起式A
021511,宏利半导体产业混合发起C
009318,南方成长先锋混合A
018835,广发成长启航混合A
002770,安信新回报混合A
012846,恒越蓝筹精选混合
001869,招商制造业混合A
002771,安信新回报混合C
015058,华夏高端制造混合C
000404,易方达新兴成长灵活配置
015096,东财数字经济混合A
023421,永赢锐见先锋混合C
017603,华夏国企创新混合发起式C
013842,银华新锐成长混合A
162703,广发小盘成长混合(LOF)A
009319,南方成长先锋混合C
018836,广发成长启航混合C
012098,华夏成长机会一年持有混合
023451,中欧信息科技混合发起A
019003,易方达科技智选混合A
002292,诺安益鑫灵活配置混合A
009132,广发小盘成长混合(LOF)C
004569,招商制造业混合C
000969,前海开源大安全混合
010155,长盛核心成长混合A
519191,万家新利灵活配置混合
015097,东财数字经济混合C
006100,平安优势产业混合A
580002,东吴双动力混合A
017794,交银启盛混合A
167002,平安鼎越混合(LOF)A
017737,融通慧心混合A
007340,南方科技创新混合A
013843,银华新锐成长混合C
009644,东方阿尔法优势产业混合A
000354,长盛城镇化主题混合A
014550,诺安益鑫灵活配置混合C
019004,易方达科技智选混合C
023452,中欧信息科技混合发起C
000522,华润元大信息传媒科技混合A
010156,长盛核心成长混合C
017738,融通慧心混合C
018442,汇添富成长领航混合A
011241,东吴双动力混合C
320007,诺安成长混合A
213008,宝盈资源优选混合
009645,东方阿尔法优势产业混合C
018876,兴合先进制造混合发起式A
017795,交银启盛混合C
019089,华润元大信息传媒科技混合C
001959,华商乐享互联灵活配置混合A
001933,华商新兴活力混合
002251,华夏军工安全混合A
018933,长盛城镇化主题混合C
006101,平安优势产业混合C
008962,建信科技创新混合A
025333,诺安成长混合C
009511,信澳研究优选混合A
007341,南方科技创新混合C
012608,信澳领先智选混合
014254,信澳智远三年持有期混合A
022416,汇添富弘盛回报混合发起式A
000531,东吴阿尔法灵活配置混合A
018443,汇添富成长领航混合C
024717,汇安成长领航混合A
501085,财通科创主题灵活配置混合(LOF)A
009023,鹏华稳健回报混合A
360016,光大保德信行业轮动混合A
001822,华商智能生活灵活配置混合A
009048,浦银科技创新优选混合
240017,华宝新兴产业混合
015981,光大高端装备混合C
018877,兴合先进制造混合发起式C
002152,华宝核心优势混合A
013142,华商乐享互联灵活配置混合C
519089,新华优选成长混合
240011,华宝大盘精选混合
519185,万家精选混合A
008082,国寿安保研究精选混合A
022417,汇添富弘盛回报混合发起式C
014255,信澳智远三年持有期混合C
013566,华夏军工安全混合C
014581,东吴阿尔法灵活配置混合C
015980,光大高端装备混合A
008963,建信科技创新混合C
011351,金鹰年年邮益一年持有混合A
017511,鹏华稳健回报混合C
009234,鹏华优质企业混合A
024718,汇安成长领航混合C
014954,信澳研究优选混合C
008083,国寿安保研究精选混合C
000308,建信创新中国混合
005041,人保研究精选混合A
015385,华商智能生活灵活配置混合C
016340,银河价值成长混合A
580006,东吴新经济混合A
016461,华宝核心优势混合C
015566,万家精选混合C
110013,易方达科翔混合
010550,华商双擎领航混合
519091,新华泛资源优势混合
020755,永赢融安混合A
001018,易方达新经济混合
014401,富国核心趋势混合A
009913,中信保诚成长动力混合A
005668,融通新能源汽车主题精选混合A
011352,金鹰年年邮益一年持有混合C
006009,国融融银灵活配置混合A
012617,东吴新经济混合C
019205,鹏华优质企业混合C
005042,人保研究精选混合C
008980,中邮科技创新精选混合A
006010,国融融银灵活配置混合C
016341,银河价值成长混合C
019888,中欧周期优选混合发起A
110025,易方达资源行业混合
007113,永赢高端制造混合A
506001,万家科创板2年定开混合
021390,东兴成长优选混合发起A
015527,弘毅远方汽车产业升级混合A
021145,银华甄选价值成长混合A
008981,中邮科技创新精选混合C
020758,永赢融安混合C
007114,永赢高端制造混合C
009835,融通新能源汽车主题精选混合C
017848,东方红先进制造混合A
010611,万家战略发展产业混合A
014402,富国核心趋势混合C
014282,中信保诚成长动力混合C
013855,嘉实品质发现混合A
160722,嘉实惠泽混合(LOF)
001112,东方红中国优势混合
021391,东兴成长优选混合发起C
021146,银华甄选价值成长混合C
015528,弘毅远方汽车产业升级混合C
019219,中信保诚先进制造混合A
019889,中欧周期优选混合发起C
001712,东方红优势精选混合
014472,景顺长城远见成长混合A
002563,泓德泓汇混合
009968,金鹰内需成长混合A
010612,万家战略发展产业混合C
017849,东方红先进制造混合C
519005,海富通股票混合
005251,银华多元动力灵活配置混合A
013856,嘉实品质发现混合C
000609,华商新量化混合A
007346,易方达科技创新混合A
011500,九泰量化新兴产业
013147,汇添富碳中和主题混合A
002482,宝盈互联网沪港深混合
017075,宝盈半导体产业混合发起式A
050004,博时精选混合A
008251,汇安宜创量化精选混合A
110012,易方达科汇灵活配置混合
000717,融通转型三动力灵活配置混合A
007277,恒生前海消费升级混合
019220,中信保诚先进制造混合C
000598,长盛生态环境混合A
001479,中邮风格轮动灵活配置混合
009715,汇添富策略增长灵活配置混合
005726,国泰价值精选灵活配置混合A
005136,华安幸福生活混合A
014473,景顺长城远见成长混合C
017639,景顺长城景气优选一年持有期混合A
005914,景顺长城智能生活混合A
009969,金鹰内需成长混合C
008252,汇安宜创量化精选混合C
017076,宝盈半导体产业混合发起式C
016048,华商新量化混合C
009828,融通转型三动力灵活配置混合C
018375,金信景气优选混合A
013148,汇添富碳中和主题混合C
011324,国泰价值精选灵活配置混合C
018790,华泰柏瑞均衡成长混合A
501075,万家科创主题灵活配置混合(LOF)A
000940,富国中小盘精选混合A
160605,鹏华中国50混合
021967,西部利得均衡优选混合A
580009,东吴多策略混合A
014990,华安幸福生活混合C
018376,金信景气优选混合C
009364,工银科技创新6个月定开混合A
017640,景顺长城景气优选一年持有期混合C
018791,华泰柏瑞均衡成长混合C
023915,永赢价值发现慧选混合发起A
023265,景顺长城智能生活混合C
002862,金信量化精选混合A
007501,万家科创主题灵活配置混合(LOF)C
009929,南方创新驱动混合A
021968,西部利得均衡优选混合C
011949,东吴多策略混合C
005482,博时创新驱动混合A
015690,富国中小盘精选混合C
011815,恒越优势精选混合A
470009,汇添富民营活力混合
163412,兴全轻资产混合(LOF)
015724,英大碳中和混合A
016272,华泰保兴吉年红混合发起A
010427,兴银策略智选混合A
100039,富国通胀通缩主题轮动混合A
015079,永赢成长远航一年持有混合A
519949,长信利信混合A
011790,建信创新驱动混合
014175,工银价值成长混合A
023925,永赢价值发现慧选混合发起C
009365,工银科技创新6个月定开混合C
011144,华安汇宏精选混合A
020434,金信量化精选混合C
015725,英大碳中和混合C
009930,南方创新驱动混合C
016273,华泰保兴吉年红混合发起C
007294,长信利信混合E
010383,宝盈基础产业混合A
015440,信澳智选先锋一年持有期混合A
007293,长信利信混合C
010428,兴银策略智选混合C
005483,博时创新驱动混合C
016248,银华创新动力优选混合A
016507,长城数字经济混合A
017086,嘉实ESG可持续投资混合A
015692,富国通胀通缩主题轮动混合C
013774,易方达趋势优选混合A
660015,农银行业轮动混合A
100022,富国天瑞强势混合A
005967,鹏华创新驱动混合A
006430,凯石澜龙头经济一年持有混合
001816,汇添富新睿精选混合A
010033,安信成长精选混合A
014807,宏利景气智选18个月持有混合A
014176,工银价值成长混合C
015703,易米开泰混合A
011145,华安汇宏精选混合C
010384,宝盈基础产业混合C
015080,永赢成长远航一年持有混合C
001951,金鹰改革红利混合
160642,鹏华增瑞混合(LOF)A
016249,银华创新动力优选混合C
015441,信澳智选先锋一年持有期混合C
013775,易方达趋势优选混合C
014808,宏利景气智选18个月持有混合C
015850,农银行业轮动混合C
000020,景顺长城品质投资混合A
160215,国泰价值经典混合(LOF)
022743,鹏华增瑞混合(LOF)C
002164,汇添富新睿精选混合C
165528,中信保诚鼎利混合(LOF)A
003131,国寿安保强国智造混合
015604,华安动力领航混合A
009189,华宝成长策略混合A
320005,诺安价值增长混合A
009651,海富通成长甄选混合A
014292,嘉实产业领先混合A
016508,长城数字经济混合C
010034,安信成长精选混合C
161910,万家新机遇价值驱动A
005544,银华瑞和灵活配置混合A
014653,建信卓越成长一年持有混合A
015704,易米开泰混合C
015035,银华核心动力精选混合A
017087,嘉实ESG可持续投资混合C
016906,景顺长城品质投资混合C
005265,博时厚泽回报混合A
005682,财通资管消费精选混合A
582003,东吴配置优化混合A
022148,诺安价值增长混合C
002281,建信裕利灵活配置混合
009652,海富通成长甄选混合C
010114,华宝新兴成长混合A
011020,财通资管消费精选混合C
025476,银华瑞和灵活配置混合C
018730,华夏招鑫鸿瑞混合A
021448,华宝成长策略混合C
015937,中信保诚鼎利混合(LOF)C
015605,华安动力领航混合C
014654,建信卓越成长一年持有混合C
501078,广发科创主题灵活配置混合(LOF)
014293,嘉实产业领先混合C
005449,华夏行业龙头混合
011707,东吴配置优化混合C
015036,银华核心动力精选混合C
001297,平安智慧中国混合
006085,万家新机遇价值驱动C
003025,新华红利回报混合
004726,先锋聚优A
001210,天弘互联网混合A
006348,银华盛利混合发起式A
217020,招商安达灵活配置混合
002560,诺安和鑫混合A
017197,华宝新兴成长混合C
004727,先锋聚优C
022414,前海开源国企精选混合发起A
673010,西部利得新动向混合A
110001,易方达平稳增长混合
005266,博时厚泽回报混合C
018731,华夏招鑫鸿瑞混合C
013910,兴业兴睿两年持有混合A
002810,金信转型创新成长混合发起式A
001538,摩根科技前沿混合A
017878,华安匠心甄选混合A
000263,工银信息产业混合A
004641,万家量化睿选混合A
013145,浙商汇金先进制造混合
050010,博时特许价值混合A
012130,景顺长城先进智造混合A
015749,博时优享回报混合A
015461,天弘互联网混合C
015684,银华盛利混合发起式C
006813,博时汇悦回报混合
005977,中信保诚至兴混合A
003567,华夏行业景气混合A
021636,长城周期优选混合发起式A
010807,融通稳信增益6个月持有期混合A
022415,前海开源国企精选混合发起C
021953,西部利得新动向混合C
519688,交银精选混合
001832,易方达瑞恒灵活配置混合
011805,嘉实优质核心两年持有混合A
013911,兴业兴睿两年持有混合C
012294,泰康优势精选三年持有期混合
012131,景顺长城先进智造混合C
018504,景顺长城周期优选混合A
014964,摩根科技前沿混合C
025246,诺安和鑫混合C
011474,工银信息产业混合C
020384,金信转型创新成长混合发起式C
004148,圆信永丰多策略
015750,博时优享回报混合C
004044,金鹰转型动力混合
017879,华安匠心甄选混合C
007353,工银科技创新混合
163411,兴全精选混合
013674,长城价值甄选一年持有混合A
016556,万家量化睿选混合C
012525,融通稳信增益6个月持有期混合C
501205,鹏华创新未来混合(LOF)C
010147,博道嘉兴一年持有期混合
014783,招商远见成长混合A
011888,民生加银周期优选混合A
001088,华宝国策导向混合A
010755,博道睿见一年持有期混合
020600,国寿安保景气优选混合发起式A
011806,嘉实优质核心两年持有混合C
370027,摩根智选30混合A
162205,宏利风险预算混合
018505,景顺长城周期优选混合C
021637,长城周期优选混合发起式C
024830,西部利得资源鑫选混合发起A
005978,中信保诚至兴混合C
240005,华宝多策略增长A
010460,兴业研究精选混合A
519674,银河创新成长混合A
012650,博时半导体主题混合A
010375,国金鑫悦经济新动能A
010730,银华心佳两年持有期混合
011889,民生加银周期优选混合C
021647,东方红动力领航混合A
006864,国联安核心资产策略混合
000061,华夏盛世混合
024931,华夏卓越成长混合D
015947,兴业研究精选混合C
012477,富国匠心精选12个月持有混合A
005094,万家臻选混合A
024831,西部利得资源鑫选混合发起C
020601,国寿安保景气优选混合发起式C
952004,国泰海通君得明混合A
019108,华宝国策导向混合C
004183,富国产业升级混合A
013675,长城价值甄选一年持有混合C
016400,摩根智选30混合C
004745,长盛创新驱动混合A
006904,泰康产业升级混合A
014784,招商远见成长混合C
015613,华宝多策略增长C
000534,长盛高端装备混合A
014143,银河创新成长混合C
050009,博时新兴成长混合
010376,国金鑫悦经济新动能C
021648,东方红动力领航混合C
012651,博时半导体主题混合C
024674,兴合景气智选混合发起式A
016605,财通资管臻享成长混合A
202023,南方优选成长混合A
506000,南方科创板3年定开混合
024932,华夏卓越成长混合E
009394,银华同力精选混合
018796,海富通远见回报混合A
022709,万家臻选混合C
012478,富国匠心精选12个月持有混合C
008208,博道嘉泰回报混合
013046,富国产业升级混合C
001152,融通新区域新经济灵活配置混合
002095,博时新收益A
006905,泰康产业升级混合C
519183,万家双引擎灵活配置混合A
519957,长信睿进混合A
018237,长盛创新驱动混合C
019006,蜂巢先进制造混合发起式A
002096,博时新收益C
016606,财通资管臻享成长混合C
519956,长信睿进混合C
017485,长盛高端装备混合C
015547,华商核心成长一年持有混合A
014350,华商卓越成长一年持有混合A
024675,兴合景气智选混合发起式C
014600,博时回报严选混合A
161810,银华内需精选混合(LOF)A
007355,汇添富科技创新混合A
018797,海富通远见回报混合C
005343,长安裕盛灵活配置混合A
007497,中庚价值灵动灵活配置混合
008186,淳厚信睿混合A
020199,万家双引擎灵活配置混合C
013006,摩根景气甄选混合A
019007,蜂巢先进制造混合发起式C
020975,万家科技量化选股混合发起式A
023044,太平科技先锋混合发起式A
010790,海富通均衡甄选混合A
008793,博道嘉元混合A
014325,国联安核心趋势一年持有混合A
005344,长安裕盛灵活配置混合C
014639,兴全合衡三年持有混合A
005206,南方优选成长混合C
257020,国联安精选混合
519196,万家新兴蓝筹A
015548,华商核心成长一年持有混合C
011486,博时创新精选混合A
014601,博时回报严选混合C
168105,九泰泰富灵活配置混合(LOF)A
014351,华商卓越成长一年持有混合C
080002,长盛创新先锋混合A
013861,泓德产业升级混合A
014640,兴全合衡三年持有混合C
002149,嘉实新优选混合
002446,广发利鑫灵活配置混合A
011030,达诚价值先锋灵活配置A
017960,招商趋势领航混合A
008187,淳厚信睿混合C
013007,摩根景气甄选混合C
020976,万家科技量化选股混合发起式C
015688,九泰泰富灵活配置混合(LOF)C
519026,海富通中小盘混合
008794,博道嘉元混合C
160512,博时卓越品牌混合(LOF)A
007356,汇添富科技创新混合C
001305,九泰天富改革混合A
000698,宝盈科技30混合
023045,太平科技先锋混合发起式C
519133,海富通改革驱动混合
210008,金鹰策略配置混合
022714,万家新兴蓝筹C
002383,大成趋势回报灵活配置混合A
519195,万家品质生活混合A
009912,九泰天富改革混合C
010898,银河产业动力混合A
000574,宝盈新价值混合A
011487,博时创新精选混合C
400001,东方龙混合
011172,广发利鑫灵活配置混合C
010791,海富通均衡甄选混合C
012221,瑞达行业轮动混合A
014326,国联安核心趋势一年持有混合C
001106,华商健康生活混合
024202,永赢制造升级智选混合发起A
019295,博时匠心优选混合A
011031,达诚价值先锋灵活配置C
180020,银华成长先锋混合A
004987,诺德新享灵活配置混合
019347,富国匠心成长混合A
000496,长安产业精选混合A
012222,瑞达行业轮动混合C
020416,农银先进制造混合A
010305,华夏创新驱动混合A
010313,上银鑫恒混合A
017961,招商趋势领航混合C
011828,平安睿享成长混合A
012716,长盛创新先锋混合C
013862,泓德产业升级混合C
009857,博时价值臻选持有期混合A
019184,大成趋势回报灵活配置混合C
000935,浙商汇金转型成长
013495,信澳产业优选一年持有混合A
010646,融通价值趋势混合A
501096,国联安科创混合(LOF)
016600,万家品质生活混合C
169104,东方红睿满沪港深混合(LOF)A
007203,银河新动能混合A
008381,前海开源新兴产业混合A
018821,银华新材料混合发起式A
009596,泰康创新成长混合A
018870,银河产业动力混合C
001053,南方创新经济
004666,长城久嘉创新成长混合A
519197,万家颐达灵活配置混合A
015842,国投瑞银专精特新量化选股混合A
020417,农银先进制造混合C
024203,永赢制造升级智选混合发起C
001103,前海开源工业革命4.0混合
002071,长安产业精选混合C
001667,南方转型增长混合A
019296,博时匠心优选混合C
519929,长信电子信息量化灵活配置混合A
023448,上银资源精选混合发起式A
630010,华商价值精选混合
009914,富国成长动力混合A
012530,永赢惠添盈一年持有混合
019348,富国匠心成长混合C
004497,前海开源多元策略混合C
202212,南方平衡配置混合A
006573,人保行业轮动混合A
007574,宝盈新价值混合C
012528,广发鑫睿一年持有期混合A
014729,前海开源新兴产业混合C
013846,上银鑫恒混合C
530011,建信内生动力混合A
373020,摩根双核平衡混合A
004496,前海开源多元策略混合A
010490,鹏华高质量增长混合A
018822,银华新材料混合发起式C
010306,华夏创新驱动混合C
009488,中邮价值精选混合A
010647,融通价值趋势混合C
009931,淳厚欣享一年持有期混合A
015843,国投瑞银专精特新量化选股混合C
009597,泰康创新成长混合C
001682,新华鑫回报混合
017757,银河新动能混合C
019077,万家颐达灵活配置混合C
010052,长城久嘉创新成长混合C
690001,民生加银品牌蓝筹混合A
013153,长信电子信息量化灵活配置混合C
000527,南方新优享灵活配置混合A
023449,上银资源精选混合发起式C
011829,平安睿享成长混合C
001216,易方达新收益混合A
009858,博时价值臻选持有期混合C
019293,长江长扬混合发起A
009489,中邮价值精选混合C
013496,信澳产业优选一年持有混合C
011167,景顺长城景气成长混合A
010126,平安价值成长混合A
016282,建信内生动力混合C
006574,人保行业轮动混合C
501077,富国创新企业灵活配置混合(LOF)A
481017,工银量化策略混合A
014499,南方转型增长混合C
011284,中信保诚龙腾精选混合
001217,易方达新收益混合C
501097,国寿安保科技创新混合(LOF)
015412,西部利得数字产业混合A
023632,景顺长城新兴产业混合A
015174,摩根双核平衡混合C
015715,富国成长动力混合C
012529,广发鑫睿一年持有期混合C
501054,东方红睿泽三年持有混合A
009939,淳厚欣享一年持有期混合C
014356,长信企业成长三年持有混合A
019838,民生加银品牌蓝筹混合C
019136,交银启合混合A
019294,长江长扬混合发起C
011800,申万菱信价值精选混合A
005186,长安鑫兴混合A
001302,前海开源金银珠宝混合A
163402,兴全趋势投资混合(LOF)
519029,华夏稳增混合
015756,景顺长城景气成长混合C
017244,南方前瞻动力混合A
016568,嘉实碳中和主题混合A
002863,金信深圳成长混合A
002207,前海开源金银珠宝混合C
010792,华安成长先锋混合A
005187,长安鑫兴混合C
023633,景顺长城新兴产业混合C
015413,西部利得数字产业混合C
002064,华富产业升级灵活配置混合A
008467,博道嘉瑞混合A
010491,鹏华高质量增长混合C
000458,英大领先回报A
001606,农银工业4.0混合
011032,东方红睿泽三年持有混合C
006590,南方新优享灵活配置混合C
015849,富国创新企业灵活配置混合(LOF)C
012241,工银量化策略混合C
024317,前海开源研究驱动混合A
001365,大成正向回报灵活配置混合A
023135,农银创新驱动混合A
270028,广发制造业精选混合A
006769,长城研究精选混合A
014357,长信企业成长三年持有混合C
000714,诺安稳健回报混合A
017551,南方景气前瞻混合A
010127,平安价值成长混合C
014792,华泰柏瑞匠心臻选混合A
040008,华安策略优选混合A
023036,中欧资源精选混合发起A
022901,英大领先回报C
002052,诺安稳健回报混合C
016157,汇添富数字经济核心产业一年持有期混合A
019137,交银启合混合C
010264,鹏华成长智选混合A
004205,东方支柱产业灵活配置混合
010109,富国价值增长混合A
023037,中欧资源精选混合发起C
015158,申万菱信价值精选混合C
013590,南方比较优势混合A
002160,南方驱动混合
005910,广发龙头优选混合A
501099,平安新兴产业混合(LOF)
018993,中欧数字经济混合发起A
017667,鹏华新材料混合发起式A
024318,前海开源研究驱动混合C
017245,南方前瞻动力混合C
007895,嘉实价值成长混合
002577,南方新兴龙头灵活配置混合A
008468,博道嘉瑞混合C
000209,中信保诚新兴产业混合A
020180,金信深圳成长混合C
000408,民生加银城镇化混合A
000327,南方潜力新蓝筹混合A
010793,华安成长先锋混合C
010023,广发制造业精选混合C
023136,农银创新驱动混合C
550009,中信保诚中小盘混合A
019207,大成正向回报灵活配置混合C
017969,华富产业升级灵活配置混合C
012188,华安优势龙头混合A
016569,嘉实碳中和主题混合C
005634,汇安行业龙头混合A
001402,中信保诚新选混合A
519704,交银先进制造混合A
001744,诺安进取回报混合A
002030,中信保诚新选混合B
016159,汇添富数字经济核心产业一年持有期混合D
260112,景顺长城能源基建混合A
010377,广发价值核心混合A
005598,广发中小盘精选混合A
160143,南方创业板2年定期开放混合
005775,中加转型动力混合A
210004,金鹰稳健成长混合
017552,南方景气前瞻混合C
019189,华商品质价值混合A
013655,华安策略优选混合C
014538,长城研究精选混合C
011874,博时先进制造混合A
005001,交银持续成长主题混合A
014793,华泰柏瑞匠心臻选混合C
379010,摩根中小盘混合A
013755,中银证券内需增长混合A
519003,海富通收益增长混合
000011,华夏大盘精选混合A
018290,广发龙头优选混合C
001986,前海开源人工智能主题混合A
002252,融通成长30灵活配置混合A
013591,南方比较优势混合C
001017,宏利改革动力混合A
009706,民生加银城镇化混合C
519110,浦银价值成长混合A
017668,鹏华新材料混合发起式C
018994,中欧数字经济混合发起C
012189,华安优势龙头混合C
014263,鑫元长三角混合A
014963,交银先进制造混合C
001398,华泰柏瑞健康生活混合
015689,富国价值增长混合C
001125,博时互联网主题灵活配置混合
022607,汇安行业龙头混合C
010864,泓德卓远混合A
001534,华宝万物互联混合A
013526,中信保诚新兴产业混合C
016256,中信保诚中小盘混合C
017090,景顺长城能源基建混合C
010378,广发价值核心混合C
010265,鹏华成长智选混合C
013955,广发中小盘精选混合C
013756,中银证券内需增长混合C
007345,富国科技创新灵活配置混合
519181,万家和谐增长混合A
002776,招商安荣混合A
010636,财通安盈混合A
018706,兴银先进制造智选混合发起A
003550,宏利改革动力混合C
015396,南方潜力新蓝筹混合C
023286,前海开源人工智能主题混合C
018868,兴全品质甄选混合A
016626,汇添富创新成长混合A
012628,华夏大盘精选混合C
011875,博时先进制造混合C
014011,浦银价值成长混合C
019190,华商品质价值混合C
001731,广发百发大数据价值混合A
017178,摩根中小盘混合C
014264,鑫元长三角混合C
017859,交银持续成长主题混合C
290014,泰信现代服务业混合
014106,融通成长30灵活配置混合C
009054,圆信永丰沣泰A
001732,广发百发大数据价值混合E
018611,鹏华高端装备一年持有期混合A
005776,中加转型动力混合C
011170,宝盈智慧生活混合A
009008,平安科技创新混合A
014773,华安品质领先混合A
010637,财通安盈混合C
019535,东方红新兴成长混合A
008065,汇添富中盘积极成长混合A
011637,广发沪港深价值成长混合A
016954,万家和谐增长混合C
019820,鹏华远见精选混合发起式A
001069,华泰柏瑞消费成长混合
016463,华宝万物互联混合C
233011,大摩主题优选混合
008671,银华科技创新混合A
015986,中海新兴成长六个月持有期混合
018707,兴银先进制造智选混合发起C
014287,泰康新锐成长混合A
012541,金鹰产业升级混合A
010865,泓德卓远混合C
021665,中银周期优选混合发起A
011371,华商远见价值A
009861,鹏华新兴成长混合A
018869,兴全品质甄选混合C
003292,嘉实优势成长混合A
016627,汇添富创新成长混合C
011171,宝盈智慧生活混合C
213003,宝盈策略增长混合
011638,广发沪港深价值成长混合C
002777,招商安荣混合C
019821,鹏华远见精选混合发起式C
019536,东方红新兴成长混合C
010925,兴银科技增长1个月滚动混合A
100060,富国高新技术产业混合
000601,华宝创新优选混合
700004,平安灵活配置混合A
018612,鹏华高端装备一年持有期混合C
001366,金鹰产业整合混合A
016924,广发百发大数据价值混合C
260115,景顺长城中小盘混合A
002542,长城久鼎混合A
008066,汇添富中盘积极成长混合C
001000,中欧明睿新起点混合
014774,华安品质领先混合C
004936,中航混改精选混合A
022704,银河科技成长混合发起式A
007808,华银量化优选灵活配置
021666,中银周期优选混合发起C
002495,前海开源量化优选A
004937,中航混改精选混合C
206009,鹏华新兴产业混合A
009009,平安科技创新混合C
016135,嘉实优势成长混合C
001743,诺安优选回报混合A
009862,鹏华新兴成长混合C
002496,前海开源量化优选C
165516,中信保诚周期轮动混合(LOF)A
000073,摩根成长动力混合A
015357,摩根慧享成长混合A
002512,长城久润混合A
012410,海富通成长领航混合A
017366,泰康新锐成长混合C
010926,兴银科技增长1个月滚动混合C
260117,景顺长城支柱产业混合A
004958,圆信永丰优享生活
016856,银河景气行业混合A
012542,金鹰产业升级混合C
377240,摩根新兴动力混合A
011884,工银景气优选混合A
013607,广发睿恒进取一年持有期混合A
013000,广发盛泽一年持有混合A
011372,华商远见价值C
016059,长城久鼎混合C
021642,富国资源精选混合发起式A
001373,易方达新丝路灵活配置混合
202001,南方稳健成长混合
015078,平安灵活配置混合C
015640,金鹰产业整合混合C
011021,汇添富互联网核心资产六个月持有混合A
290008,泰信发展主题混合
018553,景顺长城中小盘混合C
202002,南方稳健成长贰号混合
001532,华安文体健康混合A
024437,华安竞争优势混合A
025351,诺安优选回报混合C
169105,东方红睿华沪港深混合(LOF)A
022705,银河科技成长混合发起式C
019281,华西优选成长一年持有混合A
009750,汇安价值蓝筹混合A
010303,华泰柏瑞量化创盈混合A
010761,华商甄选回报混合A
015638,摩根成长动力混合C
021512,景顺长城支柱产业混合C
013001,广发盛泽一年持有混合C
010181,兴业优势产业混合A
013608,广发睿恒进取一年持有期混合C
017885,长城久润混合C
014335,中信保诚周期轮动混合(LOF)C
006429,诺安恒鑫混合A
002145,诺安景鑫灵活配置混合
014642,摩根新兴动力混合C
014818,国金新兴价值混合A
015358,摩根慧享成长混合C
630005,华商动态阿尔法混合
011277,上银科技驱动双周定期可赎回混合A
022167,富国资源精选混合发起式C
016857,银河景气行业混合C
011786,工银聚安混合A
000936,博时产业新动力混合A
001484,天弘新价值混合A
006270,汇安核心成长混合A
011885,工银景气优选混合C
011022,汇添富互联网核心资产六个月持有混合C
010967,博道嘉丰混合A
024438,华安竞争优势混合C
001466,华富永鑫灵活配置混合A
021501,信澳科技驱动混合A
660005,农银中小盘混合
110010,易方达价值成长混合
006401,先锋量化优选混合A
013116,华安文体健康混合C
010808,达诚策略先锋混合A
001467,华富永鑫灵活配置混合C
012411,海富通成长领航混合C
013269,交银瑞和三年持有期混合
018949,东方红睿华沪港深混合(LOF)C
009751,汇安价值蓝筹混合C
010936,交银均衡成长一年混合A
025472,华西优选成长一年持有混合C
571002,诺德灵活配置混合
002860,前海开源沪港深新机遇混合A
010809,达诚策略先锋混合C
016049,华商甄选回报混合C
007731,民生加银持续成长混合A
000545,中邮核心竞争力灵活配置混合
011787,工银聚安混合C
007074,国寿安保新蓝筹混合
014819,国金新兴价值混合C
016246,天弘新价值混合C
000066,诺安鸿鑫混合A
009188,鹏华股息精选混合
010304,华泰柏瑞量化创盈混合C
013892,上银科技驱动双周定期可赎回混合C
010088,工银优质成长混合A
008638,广发科技创新混合A
006402,先锋量化优选混合C
007777,中邮研究精选混合
011011,融通产业趋势精选混合A
070027,嘉实周期优选混合
009859,银华乐享混合A
010182,兴业优势产业混合C
002703,长城久源灵活配置混合A
017929,前海开源沪港深新机遇混合C
021502,信澳科技驱动混合C
519908,华夏兴华混合A
410009,华富量子生命力混合A
630008,华商策略精选混合
630011,华商主题精选混合
022269,中信保诚周期优选混合A
006271,汇安核心成长混合C
005878,博时产业新动力混合C
014049,中银远见成长混合A
010878,诺德优势产业
014498,诺安鸿鑫混合C
007732,民生加银持续成长混合C
010944,招商商业模式优选A
010968,博道嘉丰混合C
481008,工银大盘蓝筹混合
009893,大摩优悦安和混合A
090018,大成新锐产业混合A
000800,华商未来主题混合
020440,东兴数字经济混合发起A
010937,交银均衡成长一年混合C
015687,银华乐享混合C
012647,中欧洞见一年持有混合
020488,华富量子生命力混合C
020441,东兴数字经济混合发起C
009847,圆信永丰研究精选混合A
005953,人保转型新动力混合A
019194,融通产业趋势精选混合C
013533,广发科技创新混合C
005774,华夏产业升级混合A
018999,万家趋势领先混合A
021730,富达低碳成长混合A
014867,大摩优悦安和混合C
014381,长城久源灵活配置混合C
010089,工银优质成长混合C
165313,建信优势动力混合(LOF)
012985,平安优势回报1年持有混合A
022270,中信保诚周期优选混合C
005609,富国军工主题混合A
000652,博时裕隆灵活配置混合A
012519,大成核心趋势混合A
022490,华商恒鑫回报混合A
014050,中银远见成长混合C
519697,交银优势行业混合
012520,大成核心趋势混合C
001536,南方君选
519679,银河主题混合A
017801,汇添富战略精选中小盘市值3年持有混合发起A
018460,大成新锐产业混合C
010137,华泰柏瑞量化创享混合A
519712,交银阿尔法核心混合A
003293,易方达科瑞混合
202213,南方核心竞争混合
019000,万家趋势领先混合C
000654,华商新锐产业混合
017154,民生加银专精特新智选混合发起式A
010945,招商商业模式优选C
016311,中欧优质企业混合A
005954,人保转型新动力混合C
009848,圆信永丰研究精选混合C
012239,惠升优势企业一年持有期混合
673081,西部利得祥运混合A
011446,长江新能源产业混合发起A
013410,博时裕隆灵活配置混合C
015059,华夏产业升级混合C
011862,南方蓝筹成长混合A
002103,招商康泰灵活配置混合
070021,嘉实主题新动力混合
021731,富达低碳成长混合C
002031,华夏策略混合
519778,交银经济新动力混合A
004959,圆信永丰优悦生活混合
017802,汇添富战略精选中小盘市值3年持有混合发起C
011216,南方优质企业混合A
022491,华商恒鑫回报混合C
007850,方正富邦天睿混合A
530016,建信恒稳价值混合
017155,民生加银专精特新智选混合发起式C
005128,华夏永康添福混合A
014562,易方达品质动能三年持有混合A
000219,博时裕益混合A
002258,大成国企改革灵活配置混合A
011113,富国军工主题混合C
001601,鑫元鑫新收益灵活配置混合A
014478,中加低碳经济六个月持有混合A
003561,诺德成长精选A
009812,易方达悦兴一年持有期混合A
014144,长信先进装备三个月持有混合A
007851,方正富邦天睿混合C
166001,中欧新趋势混合A
018888,银河主题混合C
001881,中欧新趋势混合E
003562,诺德成长精选C
011447,长江新能源产业混合发起C
016485,中欧成长先锋混合A
010138,华泰柏瑞量化创享混合C
013885,交银阿尔法核心混合C
012986,平安优势回报1年持有混合C
015973,工银恒嘉一年持有混合A
000001,华夏成长混合
010299,南方产业升级混合A
673083,西部利得祥运混合C
000021,华夏优势增长混合
375010,摩根中国优势混合A
000199,国泰量化策略收益混合A
005638,农银汇理量化智慧动力混合
014563,易方达品质动能三年持有混合C
015067,华夏永康添福混合C
001885,中欧新蓝筹混合E
166002,中欧新蓝筹混合A
519668,银河成长混合
011863,南方蓝筹成长混合C
009813,易方达悦兴一年持有期混合C
022038,兴银数字经济智选混合发起A
014096,交银经济新动力混合C
016312,中欧优质企业混合C
024435,天弘品质价值混合A
000006,西部利得量化成长混合A
011217,南方优质企业混合C
009998,摩根慧见两年持有期混合
019197,大成国企改革灵活配置混合C
018985,信澳双创智选混合A
014145,长信先进装备三个月持有混合C
021965,泓德智选启鑫混合A
012917,平安优势领航1年持有混合A
024448,广发价值稳进混合A
013554,信澳远见价值混合A
570005,诺德成长优势混合
167001,平安鼎泰混合(LOF)
007449,兴全多维价值混合A
001602,鑫元鑫新收益灵活配置混合C
012500,博时汇荣回报混合A
015974,工银恒嘉一年持有混合C
010300,南方产业升级混合C
001304,建信鑫安回报灵活配置混合A
014479,中加低碳经济六个月持有混合C
001173,中欧瑾和灵活配置混合A
012036,诺德兴远优选一年持有混合
015709,摩根中国优势混合C
016029,湘财成长优选一年持有混合A
018294,景顺长城国企价值混合A
005787,中欧新趋势混合C
010286,海富通成长价值混合A
015582,国泰量化策略收益混合C
519642,银河智造混合A
007146,鹏华研究智选混合
012198,国金核心资产一年持有A
010381,浙商智选价值混合A
022039,兴银数字经济智选混合发起C
004707,景顺长城睿成混合A
016486,中欧成长先锋混合C
021966,泓德智选启鑫混合C
023457,前海开源研究优选混合A
004434,博时逆向投资混合A
217013,招商中小盘混合
001181,南方改革机遇
012124,博道盛彦混合A
013693,博道盛兴一年持有期混合
166301,华商新趋势优选灵活配置混合
024436,天弘品质价值混合C
024449,广发价值稳进混合C
018986,信澳双创智选混合C
003889,汇安丰泽混合A
000242,景顺长城策略精选灵活配置混合A
010186,嘉实核心成长混合A
011196,摩根优势成长混合A
004237,中欧新蓝筹混合C
018541,建信鑫安回报灵活配置混合C
004719,景顺长城睿成混合C
014207,华安产业精选混合A
013555,信澳远见价值混合C
003890,汇安丰泽混合C
519224,海富通欣荣混合A
009327,东兴兴晟混合A
011228,西部利得量化成长混合C
018401,嘉实成长驱动混合A
007450,兴全多维价值混合C
012820,汇添富价值领先混合
019367,长城均衡成长混合A
110009,易方达价值精选混合
014950,汇安润阳三年持有期混合A
005437,易方达易百智能量化策略A
017288,中欧瑾和灵活配置混合E
012426,南方价值臻选混合A
016030,湘财成长优选一年持有混合C
023458,前海开源研究优选混合C
012918,平安优势领航1年持有混合C
012199,国金核心资产一年持有C
010412,汇安均衡优选混合A
016117,贝莱德先进制造一年持有混合A
010382,浙商智选价值混合C
018295,景顺长城国企价值混合C
370024,摩根核心优选混合A
519223,海富通欣荣混合C
011304,工银创新成长混合A
017760,银河智造混合C
004435,博时逆向投资混合C
481004,工银稳健成长混合A
005028,鹏华研究精选灵活配置混合
012125,博道盛彦混合C
012064,圆信永丰兴诺一年持有期混合
004423,华商研究精选灵活配置A
378010,摩根成长先锋混合A
630002,华商盛世成长混合
012501,博时汇荣回报混合C
010187,嘉实核心成长混合C
240009,华宝先进成长混合
519700,交银主题优选混合A
001174,中欧瑾和灵活配置混合C
519013,海富通风格优势混合
005438,易方达易百智能量化策略C
519056,海富通内需热点混合
000136,民生加银策略精选混合A
010287,海富通成长价值混合C
004944,鑫元鑫趋势灵活配置混合A
005290,诺德新盛灵活配置混合A
011197,摩根优势成长混合C
160610,鹏华动力增长混合(LOF)
014951,汇安润阳三年持有期混合C
320003,诺安先锋混合A
014208,华安产业精选混合C
015900,东方阿尔法兴科一年持有混合A
002601,中银证券价值精选混合
017167,景顺长城策略精选灵活配置混合C
014825,汇泉兴至未来一年持有混合A
560006,益民核心增长混合
009328,东兴兴晟混合C
010124,兴银景气优选混合A
018402,嘉实成长驱动混合C
014734,广发睿合混合A
019368,长城均衡成长混合C
013680,华安品质甄选混合A
016118,贝莱德先进制造一年持有混合C
012427,南方价值臻选混合C
016069,华商研究精选灵活配置C
016560,永赢启源混合发起A
018910,中欧科技成长混合A
004674,富国新机遇灵活配置混合A
007012,湘财长顺混合发起式A
013323,国寿安保盛泽三年持有混合A
011975,广发均衡回报混合A
020231,大摩景气智选混合A
004332,恒生沪港深新兴产业精选混合
015057,摩根核心优选混合C
004948,鑫元鑫趋势灵活配置混合C
008955,交银创新领航混合
010328,博时荣华灵活配置混合A
012621,诺安先锋混合C
002305,光大风格轮动混合A
162209,宏利市值优选混合A
005352,鹏扬景泰成长混合A
070022,嘉实领先成长混合
009709,民生加银策略精选混合C
015077,摩根成长先锋混合C
014651,大成专精特新混合A
013884,交银主题优选混合C
006801,前海联合科技先锋混合A
000689,前海开源新经济混合A
011305,工银创新成长混合C
014735,广发睿合混合C
014826,汇泉兴至未来一年持有混合C
013681,华安品质甄选混合C
012844,工银瑞信恒兴6个月持有混合A
015901,东方阿尔法兴科一年持有混合C
009360,招商创新增长混合A
010125,兴银景气优选混合C
003713,英大睿盛A
012186,招商品质成长混合A
013324,国寿安保盛泽三年持有混合C
001140,工银总回报灵活配置混合A
016464,兴全合瑞混合A
016561,永赢启源混合发起C
011976,广发均衡回报混合C
000259,农银区间收益混合
007499,光大风格轮动混合C
011504,上银丰益混合A
004675,富国新机遇灵活配置混合C
007013,湘财长顺混合发起式C
014307,嘉实多元动力混合A
021062,宏利市值优选混合C
005353,鹏扬景泰成长混合C
013157,前海开源新经济混合C
018911,中欧科技成长混合C
003714,英大睿盛C
020233,大摩景气智选混合C
519909,华安安顺灵活配置混合A
000963,兴业多策略混合
150968,银河研究精选混合A
006802,前海联合科技先锋混合C
010329,博时荣华灵活配置混合C
002630,江信瑞福灵活配置混合A
015293,金鹰时代领航一年持有混合A
166020,中欧成长优选混合A
001891,中欧成长优选混合E
018122,永赢数字经济智选混合发起A
006648,汇安多因子混合A
014389,华安产业动力6个月持有混合A
014652,大成专精特新混合C
530005,建信优化配置混合A
005937,工银精选金融地产混合A
001763,广发多策略混合
005742,南方成安优选混合
012905,金鹰睿选成长六个月持有混合A
040016,华安行业轮动混合
470098,汇添富逆向投资混合A
013687,平安成长龙头1年持有混合A
011505,上银丰益混合C
180001,银华优势企业混合
011477,工银总回报灵活配置混合C
090003,大成蓝筹稳健混合A
000595,嘉实泰和混合
012845,工银瑞信恒兴6个月持有混合C
014232,博时专精特新主题混合A
006369,弘毅远方国企转型升级混合A
002849,金信智能中国2025混合A
002597,兴业成长动力混合A
012904,摩根鑫睿优选一年持有混合
020424,方正富邦致盛混合A
519672,银河蓝筹混合A
013345,富荣信息技术混合A
016465,兴全合瑞混合C
002669,华商万众创新混合A
004946,汇添富盈润混合A
400011,东方核心动力混合A
014986,东方核心动力混合C
016564,华安安顺灵活配置混合C
022320,汇添富弘瑞回报混合发起式A
018123,永赢数字经济智选混合发起C
014308,嘉实多元动力混合C
200001,长城久恒灵活配置混合A
018660,中科沃土转型升级混合C
002631,江信瑞福灵活配置混合C
519997,长信银利精选混合A
009361,招商创新增长混合C
015381,东方兴瑞趋势领航混合A
001120,东方睿鑫热点挖掘混合A
470021,汇添富优选回报混合A
009710,诺德新盛灵活配置混合C
005299,万家成长优选混合A
005938,工银精选金融地产混合C
015436,建信优化配置混合C
168601,汇安裕阳三年持有期混合
200010,长城双动力混合A
013247,交银瑞卓三年持有期混合
012187,招商品质成长混合C
011401,汇添富成长精选混合A
011134,广发价值优选混合A
519670,银河行业混合A
015294,金鹰时代领航一年持有混合C
013385,信澳优势价值混合A
006649,汇安多因子混合C
020267,宏利睿智成长混合A
005075,富国研究量化精选混合A
018424,路博迈中国机遇混合A
550015,中信保诚至远动力混合A
020106,兴业成长动力混合C
050014,博时创业成长混合A
690007,民生加银景气行业混合A
014390,华安产业动力6个月持有混合C
460009,华泰柏瑞量化先行混合A
015043,西部利得时代动力混合发起A
006230,鹏华研究驱动混合
015181,汇添富逆向投资混合C
015006,中欧量化动力混合A
019182,大成蓝筹稳健混合C
002545,东方岳灵活配置混合
470028,汇添富社会责任混合A
014233,博时专精特新主题混合C
021372,天弘价值驱动混合A
013346,富荣信息技术混合C
233007,大摩卓越成长混合
004947,汇添富盈润混合C
010148,浙商智选经济动能混合A
013530,弘毅远方国企转型升级混合C
022321,汇添富弘瑞回报混合发起式C
010488,鹏华优选成长混合A
012906,金鹰睿选成长六个月持有混合C
151001,银河稳健混合A
002142,博时外延增长混合A
020435,金信智能中国2025混合C
487016,工银瑞信灵活配置混合A
021198,汇添富优选价值混合发起式A
002418,汇添富优选回报混合C
020425,方正富邦致盛混合C
006973,太平睿盈混合A
011135,广发价值优选混合C
015382,东方兴瑞趋势领航混合C
016051,华商万众创新混合C
550016,中信保诚至远动力混合C
001192,摩根整合驱动混合A
013688,平安成长龙头1年持有混合C
005300,万家成长优选混合C
011313,东方红启华三年持有混合B
017759,银河研究精选混合C
013812,景顺长城景气进取混合A
018216,长城久恒灵活配置混合C
005729,南方人工智能混合
004703,南方兴盛先锋混合A
019720,信澳宁隽智选混合A
011402,汇添富成长精选混合C
001761,广发安宏回报混合A
003152,华富天鑫灵活配置混合A
006281,万家人工智能混合A
015561,长城双动力混合C
015669,银河蓝筹混合C
015044,西部利得时代动力混合发起C
004763,中科沃土沃嘉混合A
017850,交银启信混合发起A
024483,东吴裕盈平衡混合A
019159,中欧产业领航混合A
014572,长信银利精选混合C
019747,华西优选价值混合发起A
008025,汇添富稳健增长混合A
002553,博时创业成长混合C
009720,民生加银景气行业混合C
010149,浙商智选经济动能混合C
018176,富国研究量化精选混合C
018425,路博迈中国机遇混合C
006314,国联策略优选混合A
013532,广发安宏回报混合E
020268,宏利睿智成长混合C
014677,中信保诚至远动力混合E
001430,中邮乐享收益灵活配置混合A
398011,中海分红增利混合
011458,东方鑫享价值成长一年持有混合A
010587,鹏扬先进制造混合A
001121,东方睿鑫热点挖掘混合C
519015,海富通精选贰号混合
004764,中科沃土沃嘉混合C
270005,广发聚丰混合A
015007,中欧量化动力混合C
240022,华宝资源优选混合A
007875,国融融兴混合A
011927,博时汇誉回报混合A
015670,银河行业混合C
010665,博时高端装备混合A
013123,汇添富精选核心优势一年持有混合A
360012,光大中小盘混合A
013534,鹏华沃鑫混合A
015192,汇添富社会责任混合C
013386,信澳优势价值混合C
001275,中邮创新优势灵活配置混合
001897,九泰久盛量化先锋混合A
009736,汇添富稳健收益混合A
009353,浙商科创一个月滚动持有混合A
006315,国联策略优选混合C
021373,天弘价值驱动混合C
202019,南方策略优化混合
007669,太平睿盈混合C
018827,鑫元科技创新混合A
002319,大成一带一路灵活配置混合A
001758,嘉实研究增强混合
006267,诺德量化核心A
019468,信澳新材料精选混合A
590003,中邮核心优势灵活配置混合A
161610,融通领先成长混合(LOF)A
001762,广发安宏回报混合C
019354,易方达平衡视野混合A1
161903,万家行业优选混合(LOF)
011344,景顺长城融景一年持有混合A
016920,摩根整合驱动混合C
004510,九泰久盛量化先锋混合C
010246,华泰柏瑞量化先行混合C
021199,汇添富优选价值混合发起式C
015586,东方匠心优选混合A
019257,恒越智选科技混合A
024484,东吴裕盈平衡混合C
012463,博时成长优势混合A
012147,富国大盘核心资产混合
007876,国融融兴混合C
166005,中欧价值发现混合A
006268,诺德量化核心C
008026,汇添富稳健增长混合C
012033,广发睿盛混合A
001882,中欧价值发现混合E
001322,东吴新趋势价值线混合
010489,鹏华优选成长混合C
009354,浙商科创一个月滚动持有混合C
021369,华夏智胜优选混合发起式A
001244,华泰柏瑞量化智慧混合A
010663,长江均衡成长混合发起式A
020560,万家高端装备量化选股混合发起式A
019160,中欧产业领航混合C
005674,诺德消费升级混合
019519,中邮乐享收益灵活配置混合C
013813,景顺长城景气进取混合C
014410,华夏时代领航两年持有混合A
025470,华西优选价值混合发起C
010787,华安优势企业混合A
019721,信澳宁隽智选混合C
011765,兴银高端制造混合A
001789,国泰量化收益灵活配置混合A
010025,广发聚丰混合C
018003,南方兴盛先锋混合C
017851,交银启信混合发起C
011068,华宝资源优选混合C
010977,华夏鸿阳6个月持有期混合A
011928,博时汇誉回报混合C
010421,海富通消费优选混合A
009241,融通领先成长混合(LOF)C
011459,东方鑫享价值成长一年持有混合C
012314,南方行业领先混合
013124,汇添富精选核心优势一年持有混合C
610001,信澳领先增长混合A
009737,汇添富稳健收益混合C
400003,东方精选混合
519011,海富通精选混合
003886,汇安丰利混合A
270006,广发策略优选混合
019223,大成一带一路灵活配置混合C
006104,华泰柏瑞量化智慧混合C
018828,鑫元科技创新混合C
009486,光大瑞和混合A
021218,中邮核心优势灵活配置混合C
003153,华富天鑫灵活配置混合C
005281,中科沃土转型升级混合A
009487,光大瑞和混合C
013714,方正富邦泰利12个月持有混合A
015789,永赢高端装备智选混合发起A
000328,摩根转型动力混合A
003887,汇安丰利混合C
014162,万家人工智能混合C
017130,国投瑞银比较优势一年持有混合A
011450,招商企业优选混合A
005294,诺德新宜灵活配置混合
010666,博时高端装备混合C
011907,国泰量化收益灵活配置混合C
005351,汇添富行业整合混合A
012034,广发睿盛混合C
006551,中庚价值领航混合
015587,东方匠心优选混合C
019387,中欧时代共赢混合发起A1
019258,恒越智选科技混合C
010664,长江均衡成长混合发起式C
014913,博时研究回报混合A
005650,万家量化同顺多策略混合A
288001,华夏经典混合
001334,南方利鑫A
019469,信澳新材料精选混合C
010588,鹏扬先进制造混合C
011345,景顺长城融景一年持有混合C
011766,兴银高端制造混合C
018148,百嘉百瑞混合发起式A
019612,财通先进制造智选混合发起A
020561,万家高端装备量化选股混合发起式C
012464,博时成长优势混合C
012202,中加消费优选混合A
001503,南方利鑫C
012839,东方红智华三年持有混合A
013535,鹏华沃鑫混合C
005632,鹏华量化先锋混合
021370,华夏智胜优选混合发起式C
002288,中银稳进策略混合A
217001,招商安泰偏股混合
010422,海富通消费优选混合C
010788,华安优势企业混合C
014411,华夏时代领航两年持有混合C
013916,国联成长先锋一年持有混合A
015790,永赢高端装备智选混合发起C
005805,华泰柏瑞医疗健康A
013715,方正富邦泰利12个月持有混合C
017131,国投瑞银比较优势一年持有混合C
019985,蜂巢趋势臻选混合A
162006,长城久富混合(LOF)A
004232,中欧价值发现混合C
952099,国泰海通君得鑫两年持有混合C
010699,东方红创新趋势混合
014545,浦银兴耀优选一年持有混合A
002838,华夏新锦程混合A
007802,兴全合泰混合A
015456,信澳领先增长混合C
013091,摩根均衡优选混合A
022030,蜂巢趋势臻选混合E
010062,南方行业精选一年混合A
004888,财通资管鑫逸混合A
023751,百嘉百瑞混合发起式C
003842,中邮景泰灵活配置混合A
004138,上银鑫达灵活配置混合A
014838,兴银碳中和主题混合A
010978,华夏鸿阳6个月持有期混合C
016592,长城远见成长混合A
013524,富国悦享回报12个月持有期混合A
014158,博时浦惠一年持有期混合A
002537,平安安盈灵活配置混合A
002839,华夏新锦程混合C
022028,京管泰富科技驱动混合A
001809,中信建投智信物联网A
007775,汇安量化先锋混合A
519018,汇添富均衡增长混合
015074,摩根转型动力混合C
006160,博道启航混合A
001535,景顺长城改革机遇灵活配置A
005651,万家量化同顺多策略混合C
012840,东方红智华三年持有混合C
161038,富国新兴成长量化精选混合(LOF)A
005587,安信比较优势混合A
012428,华夏核心制造混合A
012993,汇添富品牌力一年持有混合A
004889,财通资管鑫逸混合C
015190,汇添富行业整合混合C
016520,中银稳进策略混合C
001898,易方达大健康混合
018918,华夏清洁能源龙头混合发起式A
019613,财通先进制造智选混合发起C
012270,富国腾享回报6个月滚动持有A
017751,长城创新成长混合A
018823,国金智享量化选股混合A
004986,鹏华策略回报混合
014914,博时研究回报混合C
011453,华泰柏瑞医疗健康C
019986,蜂巢趋势臻选混合C
590008,中邮战略新兴产业混合A
011451,招商企业优选混合C
013525,富国悦享回报12个月持有期混合C
160607,鹏华价值优势混合(LOF)
011813,融通创新动力混合A
000824,圆信永丰双利A
014171,富国新兴成长量化精选混合(LOF)C
260111,景顺长城公司治理混合
002801,泓德泓信混合
002005,工银新得利混合
014839,兴银碳中和主题混合C
013561,国联匠心优选混合A
501098,建信优享科技创新混合(LOF)
010008,国联成长优选混合A
008372,富国阿尔法两年持有期混合
014159,博时浦惠一年持有期混合C
020138,永赢启鑫混合A
002780,前海联合泓鑫混合A
004119,广发创新驱动灵活配置混合
014051,平安安盈灵活配置混合C
022029,京管泰富科技驱动混合C
014756,鹏华成长领航两年持有期混合A
014224,大成聚优成长混合A
004636,中信建投智信物联网C
005739,富国转型机遇混合
013092,摩根均衡优选混合C
014546,浦银兴耀优选一年持有混合C
003843,中邮景泰灵活配置混合C
010558,汇安鑫利优选混合A
015383,长城久富混合(LOF)C
160726,嘉实瑞享定期混合
012271,富国腾享回报6个月滚动持有C
012203,中加消费优选混合C
007945,景顺长城改革机遇灵活配置C
014179,中银证券远见价值混合A
007803,兴全合泰混合C
005211,银河智慧混合A
023097,安信比较优势混合C
000173,汇添富美丽30混合A
007776,汇安量化先锋混合C
005443,国金量化多策略A
001656,农银中国优势灵活配置混合
006161,博道启航混合C
010063,南方行业精选一年混合C
012994,汇添富品牌力一年持有混合C
015753,上银鑫达灵活配置混合C
015320,长江新兴产业混合A
016593,长城远见成长混合C
460002,华泰柏瑞积极成长混合
013917,国联成长先锋一年持有混合C
001182,易方达安心回馈混合A
010826,大成产业趋势混合A
000167,广发聚优灵活配置混合A
002419,汇添富创新活力混合A
017935,国泰海通远见价值混合发起A
003115,光大诚鑫混合A
011056,博时汇兴回报一年持有期混合
018824,国金智享量化选股混合C
018919,华夏清洁能源龙头混合发起式C
017598,华夏景气驱动混合A
007066,浦银先进制造混合A
011814,融通创新动力混合C
007043,前海联合泓鑫混合C
320001,诺安平衡混合A
022222,中邮战略新兴产业混合C
017752,长城创新成长混合C
012429,华夏核心制造混合C
001345,富国新收益灵活配置混合A
012454,淳厚鑫悦混合A
001811,中欧明睿新常态混合A
019797,银河国企主题混合发起式A
010049,长城成长先锋混合A
002407,前海开源恒远灵活配置混合
014180,中银证券远见价值混合C
001261,国联新机遇混合A
004321,前海开源沪港深强国产业混合
470008,汇添富策略回报混合
017874,国金量化多策略C
018071,长信均衡优选混合A
010559,汇安鑫利优选混合C
017715,华宝量化选股混合发起式A
010009,国联成长优选混合C
011330,鹏华精选群英一年持有混合MOM
015321,长江新兴产业混合C
020139,永赢启鑫混合C
011669,长信优质企业混合A
001323,东吴移动互联混合A
003116,光大诚鑫混合C
011471,鹏华致远成长混合A
580001,东吴嘉禾优势精选混合A
016594,易方达安心回馈混合C
003147,大成动态量化配置策略混合A
014020,诺德量化先锋一年持有混合A
163807,中银优选灵活配置混合A
519995,长信金利趋势混合A
003119,博时鑫源混合A
002216,易方达量化策略A
015179,汇添富美丽30混合C
025058,中欧核心智选混合A
016895,中银卓越成长混合A
017936,国泰海通远见价值混合发起C
010455,博时产业精选混合A
017758,银河智慧混合C
000825,圆信永丰双利C
013021,建信兴润一年持有混合
007067,浦银先进制造混合C
001255,长城改革红利混合A
002939,广发创新升级混合
007368,浙商沪港深精选混合A
163418,兴全合兴混合A
004890,中邮健康文娱灵活配置混合A
003120,博时鑫源混合C
010751,宝盈优质成长混合A
010373,西部利得聚兴一年定开混合A
163822,中银主题策略混合A
014506,博时成长臻选混合A
002170,东吴移动互联混合C
320006,诺安灵活配置混合A
008655,招商科技创新混合A
014757,鹏华成长领航两年持有期混合C
011260,金鹰新能源混合A
025332,诺安平衡混合C
013562,国联匠心优选混合C
270022,广发内需增长混合A
012071,中加喜利回报一年持有混合A
519951,长信利泰灵活配置混合A
021943,国联新机遇混合C
011698,南方均衡回报混合A
014225,大成聚优成长混合C
100020,富国天益价值混合A
007549,中泰开阳价值优选混合A
011427,广发价值驱动混合A
015610,万家匠心致远一年持有期混合A
001347,富国新收益灵活配置混合C
017716,华宝量化选股混合发起式C
017599,华夏景气驱动混合C
013284,上银价值增长3个月持有期混合A
022418,金鹰鑫瑞混合D
163803,中银持续增长混合A
007863,长信利泰灵活配置混合C
010050,长城成长先锋混合C
001474,兴银丰盈灵活配置A
003502,金鹰鑫瑞混合A
012455,淳厚鑫悦混合C
163818,中银中小盘成长混合
015152,东吴嘉禾优势精选混合C
014526,汇添富中盘潜力增长一年持有混合A
673110,西部利得新润混合A
630006,华商产业升级混合
009986,天弘创新领航A
014836,汇添富创新活力混合C
501087,交银瑞丰混合(LOF)
015526,大成动态量化配置策略混合C
970184,招商资管核心优势混合A
012631,中银优选灵活配置混合C
019796,银河国企主题混合发起式C
016896,中银卓越成长混合C
003503,金鹰鑫瑞混合C
005126,银河量化稳进混合
018574,兴银丰盈灵活配置C
021094,东方低碳经济混合A
010827,大成产业趋势混合C
018077,光大优势配置混合C
010456,博时产业精选混合C
002217,易方达量化策略C
018493,西部利得汇鑫6个月持有期混合A
001564,东方红京东大数据混合A
003501,宏利睿智稳健混合A
121003,国投瑞银核心企业混合
008949,平安匠心优选混合A
019410,南方数字经济混合A
001224,中邮新思路灵活配置混合A
010779,西部利得量化优选一年持有A
021884,太平量化选股混合A
022252,中邮健康文娱灵活配置混合C
166109,信澳量化先锋(LOF)A
020023,国泰事件驱动策略混合A
011585,博时产业慧选混合A
010731,广发创新医疗两年持有混合A
003396,东方红优享红利混合A
008418,惠升惠泽混合A
011183,广发内需增长混合C
010374,西部利得聚兴一年定开混合C
011670,长信优质企业混合C
015386,中银主题策略混合C
006167,德邦乐享生活混合A
008297,广发价值优势混合
012977,瑞达鑫红量化6个月持有混合A
001318,东方新策略灵活配置混合A
010670,兴全合兴混合C
002060,东方新策略灵活配置混合C
005472,富国价值驱动灵活配置混合A
007369,浙商沪港深精选混合C
011261,金鹰新能源混合C
013285,上银价值增长3个月持有期混合C
014021,诺德量化先锋一年持有混合C
014527,汇添富中盘潜力增长一年持有混合C
016105,申万菱信兴乐优选混合A
016553,南方鑫悦15个月持有混合A
005765,中欧明睿新常态混合C
010752,宝盈优质成长混合C
019997,长信优势行业混合A
000932,前海开源睿远稳健增利混合A
010166,招商兴和优选1年持有期混合
013350,光大先进服务业混合C
015039,长信金利趋势混合C
014507,博时成长臻选混合C
025059,中欧核心智选混合C
011701,南方均衡回报混合C
015970,华泰柏瑞景气驱动混合A
005743,长安裕隆混合A
023921,联博智远混合A
003175,华泰柏瑞多策略混合A
011437,中泰开阳价值优选混合C
161728,招商瑞智优选混合(LOF)
200016,长城稳健成长混合A
009556,兴全合丰三年持有混合
018072,长信均衡优选混合C
002472,光大先进服务业混合A
011428,广发价值驱动混合C
019273,长城改革红利混合C
160603,鹏华普天收益混合
011756,博时产业优选混合A
011803,景顺长城宁景6个月持有混合A
012072,中加喜利回报一年持有混合C
010994,博时创新经济混合A
000933,前海开源睿远稳健增利混合C
013365,汇添富产业升级混合A
012236,中银持续增长混合C
011472,鹏华致远成长混合C
009987,天弘创新领航C
005821,万家新机遇龙头企业混合A
013280,宏利睿智稳健混合C
015611,万家匠心致远一年持有期混合C
970185,招商资管核心优势混合C
240002,华宝宝康配置混合
006168,德邦乐享生活混合C
011841,嘉实兴锐优选一年持有混合A
015356,西部利得新润混合C
005059,南方安福混合A
023095,中邮新思路灵活配置混合C
501227,泓德红利优选混合(LOF)A
008150,嘉实远见企业精选两年持有期混合
011307,富国天益价值混合C
006535,恒生前海恒锦裕利A
018494,西部利得汇鑫6个月持有期混合C
019411,南方数字经济混合C
009646,南方核心成长混合A
010780,西部利得量化优选一年持有C
010732,广发创新医疗两年持有混合C
016021,华安优嘉精选混合A
021095,东方低碳经济混合C
008905,嘉合锦鹏添利混合A
021663,汇百川远航混合A
009882,华润元大核心动力混合A
017535,东方红京东大数据混合C
161219,国投瑞银新兴产业混合(LOF)A
008328,诺安新兴产业混合
010662,富国均衡优选混合
014625,财通资管稳兴丰益六个月持有期混合A
006536,恒生前海恒锦裕利C
024446,中欧大盘智选混合发起A
121008,国投瑞银成长优选混合
360007,光大优势配置混合A
005450,华夏稳盛灵活配置混合
004774,汇添富添福吉祥混合A
017536,东方红优享红利混合C
021623,天弘新兴产业混合发起A
007527,融通量化多策略混合A
012978,瑞达鑫红量化6个月持有混合C
014788,长城产业趋势混合A
005258,景顺长城量化平衡混合A
005109,汇安多策略混合A
008656,招商科技创新混合C
021885,太平量化选股混合C
011804,景顺长城宁景6个月持有混合C
519035,富国天博创新主题混合
008419,惠升惠泽混合C
009591,博时研究精选持有期混合A
015592,国泰事件驱动策略混合C
009152,南方瑞盛三年混合A
012111,鹏华安颐混合A
005744,长安裕隆混合C
015971,华泰柏瑞景气驱动混合C
023922,联博智远混合C
202011,南方优选价值混合A
519008,汇添富优势精选混合
012828,富国浦诚回报12个月持有混合A
016554,南方鑫悦15个月持有混合C
450007,国富成长动力混合
016106,申万菱信兴乐优选混合C
019998,长信优势行业混合C
162204,宏利行业精选混合A
006371,长安鑫盈混合A
022520,泓德红利优选混合(LOF)C
005760,富国周期优势混合A
024499,兴华景和混合发起A
519727,交银成长30混合
009153,南方瑞盛三年混合C
012913,方正富邦趋势领航混合A
006696,汇添富研究优选灵活配置混合
002389,招商安德灵活配置混合A
004355,嘉实丰和灵活配置混合A
011757,博时产业优选混合C
015450,华泰柏瑞多策略混合C
019690,华商产业机遇混合A
021576,平安研究智选混合A
011001,中邮兴荣价值一年持有混合
008950,平安匠心优选混合C
013341,工银核心机遇混合A
019113,东财慧心优选A
166110,信澳量化先锋(LOF)C
011586,博时产业慧选混合C
519692,交银成长混合
012223,信澳成长精选混合A
021864,中欧中证800研究智选混合发起A
012112,鹏华安颐混合C
019146,农银均衡优选混合A
019982,泓德智选启元混合A
008906,嘉合锦鹏添利混合C
013366,汇添富产业升级混合C
005473,富国价值驱动灵活配置混合C
019691,华商产业机遇混合C
519017,大成积极成长混合A
004394,华泰柏瑞量化创优混合
014626,财通资管稳兴丰益六个月持有期混合C
015030,博时远见回报混合A
018440,汇添富量化选股混合A
008318,博道久航混合A
011842,嘉实兴锐优选一年持有混合C
016022,华安优嘉精选混合C
004809,前海联合润丰混合A
007569,南方安福混合C
021726,泓德智选启诚混合A
340008,兴全有机增长混合
009883,华润元大核心动力混合C
012572,恒越乐享添利混合A
021664,汇百川远航混合C
001796,汇添富安鑫智选混合A
009647,南方核心成长混合C
014885,长盛匠心研究混合A
010995,博时创新经济混合C
004218,前海开源裕和混合A
100016,富国天源沪港深平衡混合A
460001,华泰柏瑞盛世中国混合
673060,西部利得景瑞灵活配置混合A
005110,汇安多策略混合C
000994,建信睿盈灵活配置混合A
007528,融通量化多策略混合C
340007,兴全社会责任混合
100029,富国天成红利混合
018389,国投瑞银新兴产业混合(LOF)C
014508,汇添富先进制造混合A
014260,万家新机遇龙头企业混合C
024447,中欧大盘智选混合发起C
012153,博时研究慧选混合A
021624,天弘新兴产业混合发起C
000520,上银新兴价值成长混合A
015601,宏利行业精选混合C
024500,兴华景和混合发起C
014789,长城产业趋势混合C
019215,景顺长城量化平衡混合C
001650,工银丰收回报灵活配置混合A
007502,前海开源裕和混合C
008244,上银鑫卓混合A
016168,嘉实丰和灵活配置混合C
013552,汇添富成长领先混合A
002983,长信国防军工量化混合A
008071,长信利泰灵活配置混合E
019147,农银均衡优选混合C
021865,中欧中证800研究智选混合发起C
880007,招商资管智远成长混合A
019983,泓德智选启元混合C
016832,东方红锦惠甄选18个月持有混合A
020567,泓德智选启航混合A
163804,中银收益混合A
004091,博时沪港深价值优选A
002390,招商安德灵活配置混合C
070017,嘉实量化阿尔法混合
005260,银华稳健增利灵活配置混合A
011740,博时成长精选混合A
013417,博时核心资产精选混合A
000993,华宝稳健回报混合
012829,富国浦诚回报12个月持有混合C
013513,长安先进制造混合A
121010,国投瑞银瑞源灵活配置混合A
001272,兴业聚利灵活配置混合A
005935,前海联合润丰混合C
019722,中银量化选股混合发起A
021727,泓德智选启诚混合C
002317,招商睿逸混合
002934,泰康恒泰回报混合A
002494,兴业聚盈混合A
011565,富国周期优势混合C
021247,兴全红利混合A
008954,安信价值回报三年持有混合A
021577,平安研究智选混合C
002158,汇添富安鑫智选混合C
010824,天弘创新成长混合发起式A
010934,国寿安保稳福6个月持有期混合A
410007,华富价值增长混合A
008120,万家自主创新混合A
000462,农银主题轮动混合A
014886,长盛匠心研究混合C
001453,鹏华弘鑫混合A
008319,博道久航混合C
009592,博时研究精选持有期混合C
019617,工银远见共赢混合A1
519097,新华中小市值优选混合A
002935,泰康恒泰回报混合C
019336,万家国企动力混合A
023362,鹏扬研究精选混合A
009258,西部利得景瑞灵活配置混合C
012573,恒越乐享添利混合C
012495,民生加银双核动力混合A
015056,百嘉百盛混合
001454,鹏华弘鑫混合C
006539,南方优选价值混合C
519066,汇添富蓝筹稳健混合A
013342,工银核心机遇混合C
015031,博时远见回报混合C
019114,东财慧心优选C
018461,大成积极成长混合C
018441,汇添富量化选股混合C
007592,华夏价值精选混合A
040035,华安逆向策略混合A
005571,中银证券新能源混合A
006372,长安鑫盈混合C
010781,兴业聚申一年持有期混合A
001220,民生加银研究精选混合
012914,方正富邦趋势领航混合C
021859,浙商汇金红利精选混合型发起式A
481006,工银红利混合
121005,国投瑞银创新动力混合
519120,浦银新兴产业混合A
016833,东方红锦惠甄选18个月持有混合C
004475,华泰柏瑞富利混合A
006785,东方量化多策略混合A
011997,景顺长城安盈回报一年持有混合A
009740,博时研究臻选持有期混合A
000587,大成灵活配置混合A
014724,东方量化多策略混合C
008846,大成民稳增长混合A
012493,长信内需均衡混合A
014509,汇添富先进制造混合C
016332,长城产业臻选混合A
014119,金鹰时代先锋混合A
002233,工银丰收回报灵活配置混合C
014931,富国天源沪港深平衡混合C
005261,银华稳健增利灵活配置混合C
881007,招商资管智远成长混合C
008960,长信国防军工量化混合C
021265,兴业聚利灵活配置混合C
012224,信澳成长精选混合C
000039,农银高增长混合
010338,国投瑞银远见成长混合A
013748,兴业聚盈混合C
020568,泓德智选启航混合C
014505,中银收益混合C
022092,华商研究驱动混合A
024608,上银新兴价值成长混合C
001413,国联鑫起点混合A
016703,兴业品质睿选混合发起式A
012154,博时研究慧选混合C
015572,国投瑞银瑞源灵活配置混合C
013553,汇添富成长领先混合C
163406,兴全合润混合A
016961,浙商汇金平稳增长一年混合
004092,博时沪港深价值优选C
019723,中银量化选股混合发起C
009500,国寿安保高股息混合A
010825,天弘创新成长混合发起式C
020380,华富价值增长混合C
010935,国寿安保稳福6个月持有期混合C
015245,南华丰汇混合A
002449,民生加银量化中国混合A
015745,上银鑫卓混合C
020985,汇安景气成长混合A
022846,富国景气优选混合A
008311,圆信永丰优选价值A
013514,长安先进制造混合C
013166,东兴宸祥量化混合A
019485,农银主题轮动混合C
000877,华泰柏瑞量化优选混合
519007,海富通强化回报混合
000995,建信睿盈灵活配置混合C
011801,中银证券盈瑞混合A
016492,南方均衡成长混合A
005434,鹏华睿投混合A
005572,中银证券新能源混合C
501080,中金科创主题灵活配置混合(LOF)
001990,中欧数据挖掘多因子混合A
001880,长城中国智造灵活配置混合A
005593,摩根创新商业模式混合A
010667,安信价值回报三年持有混合C
010534,广发均衡增长混合A
005049,长安鑫旺价值混合A
008121,万家自主创新混合C
011741,博时成长精选混合C
010971,华夏永鑫六个月持有期混合A
013516,汇添富蓝筹稳健混合E
016466,国泰海通量化选股混合发起A
014805,国金量化精选混合A
000477,广发主题领先混合A
001128,宝盈新兴产业混合A
006392,中信保诚创新成长混合A
013418,博时核心资产精选混合C
013167,东兴宸祥量化混合C
010560,永赢稳健增利18个月持有混合A
010602,长城均衡优选混合A
001148,申万菱信多策略灵活配置混合A
011837,鹏扬中国优质成长混合A
011866,广发价值增长混合A
014061,浦银新兴产业混合C
021248,兴全红利混合C
011998,景顺长城安盈回报一年持有混合C
017043,汇添富品质价值混合
019337,万家国企动力混合C
024534,平安港股通科技精选混合A
004301,国寿安保稳信混合A
001414,国联鑫起点混合C
001603,易方达安盈回报混合A
010345,华泰柏瑞成长智选混合A
010972,华夏永鑫六个月持有期混合C
570001,诺德价值优势混合
020037,鹏华品质甄选混合A
121006,国投瑞银稳健增长混合
009992,景顺长城量化成长演化混合A
010965,中银鑫新消费成长混合A
005050,长安鑫旺价值混合C
310368,申万菱信竞争优势混合A
021860,浙商汇金红利精选混合型发起式C
010339,国投瑞银远见成长混合C
009501,国寿安保高股息混合C
008847,大成民稳增长混合C
013960,万家新机遇成长一年持有期混合发起式A
009741,博时研究臻选持有期混合C
020206,民生加银双核动力混合C
023363,鹏扬研究精选混合C
011977,格林研究优选混合A
002585,建信兴利灵活配置混合A
018517,民生加银量化中国混合C
004302,国寿安保稳信混合C
010782,兴业聚申一年持有期混合C
024354,国泰红利智选混合A
000747,广发逆向策略混合A
004279,国寿安保稳荣混合A
519983,长信量化先锋混合A
010535,广发均衡增长混合C
013638,华安逆向策略混合C
360010,光大均衡精选混合A
001724,申万菱信多策略灵活配置混合C
011802,中银证券盈瑞混合C
012892,安信优质企业三年持有混合A
011773,国寿安保璟珹6个月持有混合A
019222,大成灵活配置混合C
016704,兴业品质睿选混合发起式C
002148,国寿安保稳惠混合
007254,广发均衡价值混合A
002181,华安大安全主题混合A
015092,汇安远见成长混合A
017483,财通资管数字经济混合发起式A
151002,银河收益混合A
011820,兴业兴智一年持有期混合A
012494,长信内需均衡混合C
021902,广发主题领先混合C
011729,工银聚享混合A
004280,国寿安保稳荣混合C
007243,安信核心竞争力混合A
001215,博时沪港深优质企业基金A
006259,汇添富红利增长混合A
161222,国投瑞银瑞利混合(LOF)A
016950,鹏华睿投混合C
022093,华商研究驱动混合C
017157,华富匠心领航18个月持有期混合A
018963,国泰海通量化选股混合发起D
021526,南华丰汇混合C
015505,中邮专精特新一年持有混合A
010442,东方红启盛三年持有混合B
020986,汇安景气成长混合C
023875,兴全合润混合C
011867,广发价值增长混合C
005947,德邦民裕进取量化混合A
011194,广发睿铭两年持有期混合A
016243,广发成长领航一年持有混合A
017414,易方达安盈回报混合C
501083,银华科创主题灵活配置混合(LOF)A
014597,华泰柏瑞富利混合C
050001,博时价值增长混合
001970,泰信鑫选灵活配置混合A
010000,长城中国智造灵活配置混合C
016333,长城产业臻选混合C
014120,金鹰时代先锋混合C
014806,国金量化精选混合C
022847,富国景气优选混合C
001735,广发新锐智选混合E
017842,农银汇理景气优选混合A
011838,鹏扬中国优质成长混合C
006564,圆信永丰精选回报混合
013141,中信保诚弘远混合A
016493,南方均衡成长混合C
018418,广发碳中和主题混合发起式A
024808,华夏成长动力混合A
001734,广发新锐智选混合A
002291,诺安安鑫灵活配置混合
015173,申万菱信竞争优势混合C
519021,国泰金鼎价值混合
000739,平安新鑫先锋A
000788,前海开源中国成长混合
011978,格林研究优选混合C
002837,华夏网购精选混合A
007244,安信核心竞争力混合C
010346,华泰柏瑞成长智选混合C
018832,建信兴利灵活配置混合C
016258,中信保诚创新成长混合C
024443,华夏瑞享回报混合A
002580,泰信鑫选灵活配置混合C
012815,宝盈新兴产业混合C
010962,中银鑫新消费成长混合C
013595,永赢稳健增利18个月持有混合E
013895,宝盈成长精选混合A
070099,嘉实优质企业混合
011331,鹏华远见成长混合A
011758,广发逆向策略混合C
011774,国寿安保璟珹6个月持有混合C
016418,摩根创新商业模式混合C
011743,华夏兴源稳健一年持有混合A
020158,信澳核心智选混合A
014922,华夏ESG可持续投资一年持有混合A
015223,汇添富进取成长混合A
024535,平安港股通科技精选混合C
013961,万家新机遇成长一年持有期混合发起式C
009606,长信稳健精选混合A
002562,泓德泓益量化混合A
008312,圆信永丰优选价值C
017484,财通资管数字经济混合发起式C
002213,中海顺鑫灵活配置混合
008245,圆信永丰致优混合A
001722,工银银和利混合
011730,工银聚享混合C
020038,鹏华品质甄选混合C
023269,景顺长城量化成长演化混合C
161224,国投瑞银新丝路混合(LOF)
005630,华安研究精选混合A
012893,安信优质企业三年持有混合C
090001,大成价值增长混合A
003308,中信建投睿利A
121002,国投瑞银景气行业混合
001924,华夏国企改革混合
004234,中欧数据挖掘多因子混合C
007939,华夏网购精选混合C
018224,广发均衡价值混合C
023344,信澳星瑞智选混合A
050201,博时价值增长贰号混合
001314,易方达新益混合I
017158,华富匠心领航18个月持有期混合C
002555,博时沪港深优质企业基金C
000480,东方红新动力混合A
009215,易方达瑞川混合A
519736,交银新成长混合
001122,鹏华弘利混合A
008903,广发科技先锋混合
012779,博时移动互联主题混合A
040011,华安核心优选混合A
015887,国投瑞银行业睿选混合A
009810,易方达悦通一年持有期混合A
015093,汇安远见成长混合C
000507,宏利宏达混合A
024355,国泰红利智选混合C
005948,德邦民裕进取量化混合C
005984,兴业聚华混合A
011195,广发睿铭两年持有期混合C
011603,兴业高端制造混合A
013618,华安大安全主题混合C
000270,建信灵活配置混合A
007468,中信建投精选混合A
000526,国泰浓益灵活配置混合A
290011,泰信中小盘精选混合
005123,南方优享分红混合A
017843,农银汇理景气优选混合C
001980,中欧量化驱动混合A
013661,华安研究领航混合A
007126,博道远航混合A
020979,西部利得价值回报混合A
021812,东兴宸泰量化选股混合发起A
016250,华夏远见成长一年持有混合A
016244,广发成长领航一年持有混合C
001515,平安新鑫先锋C
013632,富国利享回报12个月持有混合A
519198,万家颐和灵活配置混合A
002059,国泰浓益灵活配置混合C
015652,国投瑞银瑞利混合(LOF)C
024640,中欧化工产业混合发起A
501186,华夏兴融混合(LOF)A
010640,财通稳进回报6个月持有混合A
015506,中邮专精特新一年持有混合C
519095,新华行业周期轮换混合A
001315,易方达新益混合E
005955,易方达鑫转添利混合A
006527,富国优质发展混合A
009216,易方达瑞川混合C
014135,中欧金安量化混合A
005738,长城智能产业混合A
011744,华夏兴源稳健一年持有混合C
004335,华宝新飞跃灵活配置混合
009607,长信稳健精选混合C
018656,新华行业周期轮换混合C
000508,宏利宏达混合B
012963,招商稳健平衡混合A
018419,广发碳中和主题混合发起式C
022708,泓德泓益量化混合C
008246,圆信永丰致优混合C
019600,鹏华智投800混合A
001123,鹏华弘利混合C
011821,兴业兴智一年持有期混合C
024444,华夏瑞享回报混合C
010301,达诚成长先锋混合A
002819,招商丰美混合A
012955,国寿安保稳盛6个月持有混合A
013896,宝盈成长精选混合C
020842,联博智选混合A
020410,长城均衡优选混合C
024809,华夏成长动力混合C
008961,华商科技创新混合
006260,汇添富红利增长混合C
012443,招商瑞鸿6个月持有混合A
015936,中信保诚弘远混合C
000273,华润元大安鑫灵活配置混合A
004635,中信建投睿利C
018457,大成价值增长混合C
010641,财通稳进回报6个月持有混合C
009932,永赢稳健增长一年持有混合A
009887,广发稳健优选六个月持有期混合A
000667,工银绝对收益混合发起A
161601,融通新蓝筹混合
004221,长信量化先锋混合C
015888,国投瑞银行业睿选混合C
009811,易方达悦通一年持有期混合C
166006,中欧行业成长混合(LOF)A
001886,中欧行业成长混合(LOF)E
020159,信澳核心智选混合C
007469,中信建投精选混合C
013200,南方均衡优选一年持有期混合A
020726,建信灵活配置混合C
012669,南方新兴产业混合A
015224,汇添富进取成长混合C
018724,长信汇智量化选股混合A
017493,东方红新动力混合C
012780,博时移动互联主题混合C
002820,招商丰美混合C
014923,华夏ESG可持续投资一年持有混合C
002943,广发多因子混合
020980,西部利得价值回报混合C
024260,长信汇智量化选股混合E
001336,鹏华弘益混合A
010302,达诚成长先锋混合C
010289,景顺长城产业趋势混合A
018626,富国兴享回报6个月持有期混合A
001562,易方达瑞和灵活配置混合
011604,兴业高端制造混合C
013506,华安研究精选混合C
014031,南方发展机遇一年持有混合A
015137,国富均衡增长混合A
501032,财通福盛混合发起(LOF)A
009663,华泰紫金创新先锋混合(LOF)A
013633,富国利享回报12个月持有混合C
023106,光大红利量化混合A
001337,鹏华弘益混合C
000966,中邮核心科技创新灵活配置混合
023345,信澳星瑞智选混合C
257030,国联安优势混合
519069,汇添富价值精选混合
288002,华夏收入混合
007632,华润元大安鑫灵活配置混合C
007127,博道远航混合C
012991,大成民享安盈一年持有混合A
001827,富国研究优选沪港深灵活配置混合A
022211,人保红利智享混合A
025447,万家元晟量化选股混合发起式A
002660,兴业聚源混合A
011332,鹏华远见成长混合C
016293,华安核心优选混合C
003626,平安鑫利混合A
005985,兴业聚华混合C
016252,华夏景气成长一年持有混合发起式A
016620,万家颐和灵活配置混合C
002367,国联安安稳混合
012876,富荣福耀混合A
012956,国寿安保稳盛6个月持有混合C
013662,华安研究领航混合C
020875,中欧量化驱动混合C
012243,东方红内需增长混合B
001422,景顺长城安享回报混合A
007733,南方智锐混合A
008491,万家周期优势企业混合A
020269,宏利价值驱动6个月持有混合A
006433,平安鑫利混合C
021813,东兴宸泰量化选股混合发起C
163302,大摩资源优选混合(LOF)
450011,国富研究精选混合A
012444,招商瑞鸿6个月持有混合C
015147,华夏兴融混合(LOF)C
202007,南方隆元产业主题混合
009623,长城创新驱动混合A
021692,招商资管智达量化选股混合发起A
022276,汇添富弘悦回报混合发起式A
024641,中欧化工产业混合发起C
393001,中海优势精选灵活配置混合
005708,国联安远见成长混合
501202,华泰紫金创新先锋混合(LOF)C
001910,泰康新机遇混合
012442,永赢稳健增长一年持有混合E
000433,安信鑫发优选混合A
070013,嘉实研究精选混合
002846,泓德泓华混合
000663,国投瑞银美丽中国混合A
005956,易方达鑫转添利混合C
015160,南方宝嘉混合A
009888,广发稳健优选六个月持有期混合C
002411,华夏新机遇混合A
003882,易方达瑞弘混合A
006528,富国优质发展混合C
014878,华安价值驱动一年持有混合A
320018,诺安新动力灵活配置混合A
169201,浙商鼎盈事件驱动混合
009800,长盛制造精选混合A
020843,联博智选混合C
013078,方正富邦策略轮动混合A
016251,华夏远见成长一年持有混合C
022488,浦银红利量化混合A
019276,长城智能产业混合C
001423,景顺长城安享回报混合C
013998,中欧瑾添混合A
015291,金元顺安产业臻选混合A
003295,南方安裕混合A
006587,南方优享分红混合C
010284,长城价值成长六个月持有期混合A
015305,银华鑫峰混合A
018725,长信汇智量化选股混合C
021308,鹏华创新医药混合A
002851,南方品质优选灵活配置混合A
019601,鹏华智投800混合C
013742,兴业聚源混合C
001172,鹏华弘泽混合A
018627,富国兴享回报6个月持有期混合C
005741,南方君信混合A
008546,南方产业优势两年混合A
014946,南方高质量优选混合A
000535,长盛航天海工混合A
020151,中信保诚景气优选混合A
001530,万家瑞富灵活配置混合A
750001,安信灵活配置混合A
013999,中欧瑾添混合C
012964,招商稳健平衡混合C
014136,中欧金安量化混合C
020864,银华嘉选平衡混合发起式A
003883,易方达瑞弘混合C
011212,富国稳健策略6个月持有混合A
024445,工银泓裕回报混合
002179,华安事件驱动量化混合A
010868,华宝安盈混合A
004737,富国新优享灵活配置混合A
002222,嘉实新趋势混合A
012992,大成民享安盈一年持有混合C
015880,中欧小盘成长混合A
017749,国投瑞银景气驱动混合A
003294,嘉实新趋势混合C
001381,鹏华弘泽混合C
001815,华泰柏瑞激励动力混合A
011663,华安研究驱动混合A
012688,长安成长优选混合A
015138,国富均衡增长混合C
012670,南方新兴产业混合C
014628,财通福盛混合发起(LOF)C
022212,人保红利智享混合C
050018,博时行业轮动混合
004695,东兴未来价值混合A
013201,南方均衡优选一年持有期混合C
012877,富荣福耀混合C
229002,宏利逆向策略混合
270025,广发行业领先混合A
000523,国投瑞银医疗保健混合A
023193,景顺长城产业趋势混合C
025448,万家元晟量化选股混合发起式C
000672,工银绝对收益混合发起B
000928,国联国企改革混合A
090006,大成2020生命周期混合A
005618,融通红利机会主题精选混合A
011064,南方誉享一年持有期混合A
010984,国寿安保稳安混合A
021515,汇添富红利智选混合发起式A
020270,宏利价值驱动6个月持有混合C
010150,南方君信混合C
014032,南方发展机遇一年持有混合C
021693,招商资管智达量化选股混合发起C
000822,东海美丽中国A
018342,国富研究精选混合C
015292,金元顺安产业臻选混合C
008212,华夏新机遇混合C
012850,国联低碳经济3个月持有混合A
005855,中科沃土沃瑞混合A
007550,东兴未来价值混合C
010725,鹏华安享一年持有期混合A
012891,安信鑫发优选混合C
018246,富国研究优选沪港深灵活配置混合C
022277,汇添富弘悦回报混合发起式C
010881,南方宝顺混合A
015161,南方宝嘉混合C
020326,南方安裕混合E
003641,长盛盛丰灵活配置混合A
010230,南方宝昌混合A
014551,诺安新动力灵活配置混合C
008492,万家周期优势企业混合C
018751,山证资管精选行业混合发起式C
002082,华泰柏瑞激励动力混合C
501051,圆信永丰汇利混合(LOF)
016253,华夏景气成长一年持有混合发起式C
519755,交银多策略回报灵活配置混合A
017739,大成2020生命周期混合C
018501,光大中国制造2025灵活配置混合C
022346,东海美丽中国C
012007,万家瑞富灵活配置混合C
004231,中欧行业成长混合(LOF)C
017860,景顺长城致远混合A
015306,银华鑫峰混合C
001740,光大中国制造2025灵活配置混合A
004657,金鹰民富收益混合A
013765,平安恒泰1年持有混合A
011052,鹏华弘裕一年持有期混合A
014879,华安价值驱动一年持有混合C
021814,华泰柏瑞红利量化选股混合A
001985,富国低碳新经济混合A
007415,南方致远混合A
012945,南方宝裕混合A
022489,浦银红利量化混合C
007734,南方智锐混合C
016676,南方君誉混合A
018075,长盛航天海工混合C
017458,长城创新驱动混合C
070010,嘉实主题混合
450001,国富中国收益混合A
009796,大成汇享一年持有混合A
011554,海富通欣利混合A
019150,国联国企改革混合C
021711,南方周期优选混合发起A
023177,安信灵活配置混合C
012334,上银慧尚6个月持有期混合A
018544,国投瑞银美丽中国混合C
003642,长盛盛丰灵活配置混合C
001488,万家瑞丰灵活配置混合A
015595,交银臻选回报混合C
020865,银华嘉选平衡混合发起式C
040015,华安动态灵活配置混合A
023386,国泰聚智量化选股混合发起A
012995,嘉实策略视野三年持有期混合
023868,华宝安盈混合C
080015,长盛中小盘精选混合
009801,长盛制造精选混合C
013431,华泰柏瑞景气汇选三年持有期混合A
160613,鹏华盛世创新混合(LOF)A
024786,汇添富港股通红利回报混合发起式A
012785,鹏华品质精选混合A
000965,汇丰晋信新动力混合A
010275,嘉实优质精选混合A
519761,交银多策略回报灵活配置混合C
021309,鹏华创新医药混合C
002159,东吴国企改革主题灵活配置混合A
011849,西部利得量化价值一年持有期混合
023107,光大红利量化混合C
022572,汇添富弘达回报混合发起式A
006586,南方安裕混合C
024917,华夏红利价值混合D
001721,工银新增益混合
004756,国寿安保稳吉混合A
011082,国投瑞银医疗保健混合C
013103,博时新能源主题混合A
012613,创金合信产业智选混合A
004747,富国新优享灵活配置混合C
018038,富国融裕两年持有期混合A
011065,南方誉享一年持有期混合C
013501,南方品质优选灵活配置混合C
014947,南方高质量优选混合C
018217,博时厚泽匠选一年持有期混合A
470006,汇添富医药保健混合
004209,大成智惠量化多策略混合A
023081,南方致远混合E
519738,交银周期回报灵活配置混合A
011346,淳厚鑫淳一年持有混合
020152,中信保诚景气优选混合C
090009,大成行业轮动混合A
000029,富国宏观策略灵活配置混合A
004934,圆信永丰消费升级
009781,南方产业优势两年混合C
016491,华安事件驱动量化混合C
519656,银河灵活配置混合A
003142,鹏华弘达混合A
010726,鹏华安享一年持有期混合C
011555,海富通欣利混合C
001681,新华积极价值灵活配置混合A
023780,摩根汇智优选混合A
163823,中银稳健策略混合
160813,长盛同盛成长优选(LOF)
023387,国泰聚智量化选股混合发起C
005619,融通红利机会主题精选混合C
000589,光大银发商机混合A
014513,金鹰远见优选混合A
001433,易方达瑞景混合
011213,富国稳健策略6个月持有混合C
017964,招商匠心优选混合A
004757,国寿安保稳吉混合C
000841,富国新回报灵活配置混合A/B
011664,华安研究驱动混合C
015881,中欧小盘成长混合C
017750,国投瑞银景气驱动混合C
070003,嘉实稳健混合
519759,交银周期回报灵活配置混合C
010985,国寿安保稳安混合C
013079,方正富邦策略轮动混合C
016045,华商研究回报一年持有混合A
000190,中银新回报灵活配置混合A
002182,东兴蓝海财富混合A
010285,长城价值成长六个月持有期混合C
017769,博时信享一年持有期混合A
001489,万家瑞丰灵活配置混合C
004658,金鹰民富收益混合C
000619,东方红产业升级混合
000172,华泰柏瑞量化增强混合A
010539,浙商智多金稳健一年持有期A
011618,国投瑞银瑞泰多策略混合C
011053,鹏华弘裕一年持有期混合C
019322,中信建投致远混合A
010340,易方达高质量严选三年持有
021516,汇添富红利智选混合发起式C
022248,鹏华弘达混合E
003143,鹏华弘达混合C
162202,宏利周期混合
010882,南方宝顺混合C
012851,国联低碳经济3个月持有混合C
009797,大成汇享一年持有混合C
001183,南方利淘A
012335,上银慧尚6个月持有期混合C
019166,东兴蓝海财富混合C
012023,兴业聚乾混合A
013766,平安恒泰1年持有混合C
014799,工银招瑞一年持有混合A
620001,金元顺安宝石动力混合
008356,中加科丰价值精选混合
320011,诺安中小盘精选混合A
013432,华泰柏瑞景气汇选三年持有期混合C
018390,国富中国收益混合C
010276,嘉实优质精选混合C
012077,易方达悦夏一年持有混合A
010231,南方宝昌混合C
009795,嘉实远见精选两年持有期混合
012689,长安成长优选混合C
012615,东吴国企改革主题灵活配置混合C
024787,汇添富港股通红利回报混合发起式C
001249,易方达新利灵活配置混合
017861,景顺长城致远混合C
009951,广发稳健回报混合A
022573,汇添富弘达回报混合发起式C
016547,大成盛享一年持有混合A
005856,中科沃土沃瑞混合C
002624,广发优企精选混合A
003476,南方安颐混合
161233,国投瑞银瑞泰多策略混合A
009576,东方红智远三年持有混合
001504,南方利淘C
180018,银华和谐主题混合A
025216,永赢资源慧选混合发起A
270008,广发核心精选混合
006299,恒越核心精选混合A
021815,华泰柏瑞红利量化选股混合C
002331,泰康安泰回报混合A
007416,南方致远混合C
012946,南方宝裕混合C
014691,中加量化研选混合A
016677,南方君誉混合C
021046,平安港股通红利精选混合发起式A
420001,天弘精选混合A
011523,前海联合产业趋势混合A
018039,富国融裕两年持有期混合C
004250,银河量化优选混合A
019130,天弘多元锐选一年持有混合A
018937,财通医药健康混合A
011306,富国低碳新经济混合C
018694,大成智惠量化多策略混合C
001441,易方达瑞信混合I
050007,博时平衡配置混合
017619,鑫元添鑫回报6个月持有期混合A
024465,万家新机遇同享混合A
005177,华夏睿磐泰利混合A
021712,南方周期优选混合发起C
003026,安信新价值混合A
010615,国金自主创新混合A
002011,华夏红利混合
019225,大成行业轮动混合C
010742,南方宁悦一年持有期混合A
013619,华安动态灵活配置混合C
010843,富国天润回报混合A
018635,嘉实稳健增利6个月持有混合A
001756,嘉实策略优选混合
020254,鹏华盛世创新混合(LOF)C
020503,汇丰晋信新动力混合C
010172,中银新回报灵活配置混合C
004671,国联核心成长
005477,长安鑫禧灵活配置混合A
017770,博时信享一年持有期混合C
021604,新华积极价值灵活配置混合C
519979,长信内需成长混合A
006397,长信内需成长混合E
015902,博时优质精选混合A
000279,华商红利优选混合
161834,银华鑫锐灵活配置混合(LOF)A
002124,广发新兴产业混合A
007193,恒越核心精选混合C
013104,博时新能源主题混合C
630016,华商价值共享混合发起式
010584,渤海汇金新动能主题混合A
260101,景顺长城优选混合
010379,广发均衡优选混合A
012614,创金合信产业智选混合C
005576,华泰柏瑞新金融地产混合A
010540,浙商智多金稳健一年持有期C
013294,东方红智选三年持有混合A
009263,华宝红利精选混合A
019323,中信建投致远混合C
010844,富国天润回报混合C
018218,博时厚泽匠选一年持有期混合C
001463,光大一带一路混合A
001442,易方达瑞信混合E
008420,广发招泰A
020648,诺安中小盘精选混合C
010064,圆信永丰兴研A
013025,富国宏观策略灵活配置混合C
024918,华夏红利价值混合E
024429,东方红核心价值混合A
003027,安信新价值混合C
005055,华泰柏瑞量化阿尔法A
169102,东方红睿阳三年持有混合
014800,工银招瑞一年持有混合C
000843,富国新回报灵活配置混合C
023781,摩根汇智优选混合C
002137,诺安利鑫灵活配置混合A
014692,中加量化研选混合C
020010,国泰金牛创新成长混合
001443,易方达瑞选灵活配置混合I
210006,金鹰元禧混合A
501091,嘉实欣荣混合(LOF)A
010904,博时双季鑫6个月持有混合A
004517,南方安康混合A
012078,易方达悦夏一年持有混合C
017965,招商匠心优选混合C
012786,鹏华品质精选混合C
005478,长安鑫禧灵活配置混合C
003161,南方安泰混合A
012173,国泰兴泽优选一年持有期混合A
009952,广发稳健回报混合C
016046,华商研究回报一年持有混合C
005178,华夏睿磐泰利混合C
005225,广发量化多因子混合A
001342,易方达新享混合A
001760,嘉实创新成长混合
005293,诺德新旺
010021,广发优企精选混合C
021047,平安港股通红利精选混合发起式C
163415,兴全商业模式混合(LOF)A
012024,兴业聚乾混合C
007854,光大景气先锋混合A
020669,国投瑞银弘信回报混合A
001143,华商量化进取混合
002425,金鹰元禧混合C
014347,富国趋势优先混合A
000031,华夏复兴混合A
011524,前海联合产业趋势混合C
019131,天弘多元锐选一年持有混合C
519156,新华行业灵活配置混合A
017835,信澳匠心回报混合A
006992,嘉合锦创优势精选混合
010439,汇添富稳健汇盈一年持有期混合
013193,华商稳健添利一年持有混合A
015459,天弘精选混合C
017424,华泰紫金先进制造混合发起A
017620,鑫元添鑫回报6个月持有期混合C
011033,南方宝恒混合A
011692,华安研究智选混合A
519657,银河灵活配置混合C
162414,华宝新机遇混合(LOF)A
001806,易方达瑞智灵活配置混合I
016548,大成盛享一年持有混合C
016709,泉果旭源三年持有期混合A
017060,兴业聚福一年持有期混合A
014514,金鹰远见优选混合C
001444,易方达瑞选灵活配置混合E
010743,南方宁悦一年持有期混合C
006532,华泰柏瑞量化阿尔法C
014803,汇安添利18个月持有混合A
550002,中信保诚精萃成长混合A
023014,南方安康混合C
004153,中信保诚新悦混合A
018636,嘉实稳健增利6个月持有混合C
004975,交银恒益灵活配置混合A
024466,万家新机遇同享混合C
022748,平安港股通红利优选混合A
024638,永赢汇达6个月持有混合A
001343,易方达新享混合C
013295,东方红智选三年持有混合C
012744,光大品质生活混合A
006243,中银双息回报混合A
013575,鹏扬品质精选混合A
003144,华宝新机遇混合(LOF)C
377010,摩根阿尔法混合A
004050,华夏新锦升混合A
010616,国金自主创新混合C
161005,富国天惠成长混合(LOF)A
010924,博时双季鑫6个月持有混合B
010861,长信企业优选一年持有混合
013260,太平睿享混合A
018455,建信开元耀享9个月持有期混合发起A
025217,永赢资源慧选混合发起C
001231,银华泰利灵活配置混合A
008640,方正富邦科技创新A
010234,华泰柏瑞量化增强混合C
010380,广发均衡优选混合C
010885,长盛优势企业精选混合A
002561,东吴安鑫量化混合A
018872,银河量化优选混合C
519157,新华行业灵活配置混合C
009199,万家价值优势一年持有期混合
004154,中信保诚新悦混合B
008421,广发招泰C
010841,华宝红利精选混合C
010905,博时双季鑫6个月持有混合C
014949,交银恒益灵活配置混合C
003805,华安新恒利混合A
501095,中银证券科技创新混合(LOF)
010065,圆信永丰兴研C
001807,易方达瑞智灵活配置混合E
001704,国投瑞银进宝灵活配置混合
006736,国投瑞银先进制造混合
012195,万家瑞泽回报一年持有混合
012332,上银鑫尚稳健回报6个月持有期混合A
001256,泓德优选成长混合
010433,广发新兴产业混合C
010845,宏利波控回报12个月持有混合
450010,国富策略回报混合A
004051,华夏新锦升混合C
014521,诺安利鑫灵活配置混合C
021364,渤海汇金新动能主题混合C
014718,富国天旭均衡混合A
014349,银华鑫锐灵活配置混合(LOF)C
024430,东方红核心价值混合C
012220,南方安泰混合C
012174,国泰兴泽优选一年持有期混合C
020062,格林宏观回报混合A
023943,天弘安和平衡混合A
002681,金鹰元和灵活配置混合A
004772,国寿安保稳泰一年定开混合A
018236,光大景气先锋混合C
001688,嘉实新起点混合A
011703,中金鑫瑞优选一年持有混合
003806,华安新恒利混合C
015768,长信内需成长混合C
024639,永赢汇达6个月持有混合C
017767,嘉实欣荣混合(LOF)C
001189,广发聚宝混合A
012148,国投瑞银产业趋势混合A
015903,博时优质精选混合C
017061,兴业聚福一年持有期混合C
017606,华泰柏瑞轮动精选混合A
018938,财通医药健康混合C
002498,兴业聚鑫灵活配置混合A
290006,泰信蓝筹精选混合
016374,华泰柏瑞新金融地产混合C
320012,诺安主题精选混合
001596,中信保诚新泽混合A
005616,东方量化成长灵活配置混合A
008664,嘉实鑫和一年持有期混合A
015769,天弘低碳经济混合A
008895,申万菱信量化对冲策略灵活配置混合发起式A
013194,华商稳健添利一年持有混合C
021655,海富通量化选股混合A
011034,南方宝恒混合C
012025,兴业聚兴混合A
000110,金鹰元安混合A
004836,国联鑫价值混合A
024661,国联鑫价值混合B
501001,财通多策略精选混合(LOF)
001327,鹏华弘华混合A
001222,鹏华外延成长混合
008809,安信民稳增长混合A
004448,博时汇智回报灵活配置混合
016710,泉果旭源三年持有期混合C
011296,汇添富优势行业一年持有混合A
001633,万家瑞祥混合A
005262,鑫元欣享灵活配置混合A
004724,先锋聚元灵活配置混合A
004128,前海联合泳隆混合A
008641,方正富邦科技创新C
014804,汇安添利18个月持有混合C
320016,诺安多策略混合A
002328,银华泰利灵活配置混合C
010821,东方红多元策略混合B
000547,建信健康民生混合A
011921,富国均衡成长三年持有期混合A
001328,鹏华弘华混合C
010902,博时成长领航混合A
002513,金鹰元安混合C
015718,财通资管均衡臻选混合A
004837,国联鑫价值混合C
009885,新华景气行业混合A
010963,信澳周期动力混合A
012758,光大品质生活混合C
002177,中信保诚新泽混合B
010541,国寿安保稳和6个月持有期混合A
010942,招商瑞乐6个月持有期混合A
023881,兴全商业模式混合(LOF)C
021925,国投瑞银弘信回报混合C
018456,建信开元耀享9个月持有期混合发起C
014348,富国趋势优先混合C
020305,信澳星煜智选混合A
021990,中加专精特新量化选股混合发起式A
360005,光大红利混合A
010886,长盛优势企业精选混合C
017836,信澳匠心回报混合C
019787,上银丰瑞一年持有期混合发起式A
014701,中欧量化动能混合A
023605,申万菱信量化对冲策略灵活配置混合发起式C
001838,国投瑞银国家安全混合A
015073,华夏复兴混合C
015153,东吴安鑫量化混合C
023944,天弘安和平衡混合C
004725,先锋聚元灵活配置混合C
002178,嘉实新起点混合C
011693,华安研究智选混合C
013517,易方达悦浦一年持有混合A
017635,银华动力领航混合A
017425,华泰紫金先进制造混合发起C
019421,华安远见慧选混合发起式A1
163809,中银蓝筹混合
009395,鑫元安鑫回报混合A
018470,国富策略回报混合C
009448,泰康申润一年持有期混合A
001634,万家瑞祥混合C
202005,南方成份精选混合A
013261,太平睿享混合C
016254,中信保诚精萃成长混合C
022282,鹏华弘华混合E
004008,国联鑫思路混合A
013914,大成红利优选一年持有混合发起A
022749,平安港股通红利优选混合C
014148,景顺长城安鼎一年持有期混合A
022702,人保核心智选混合A
070019,嘉实价值优势混合A
004738,摩根安隆回报混合A
013435,大成景气精选六个月持有混合A
012026,兴业聚兴混合C
001285,易方达新鑫混合I
002808,泓德优势领航混合
014016,中信建投品质优选一年持有A
009989,华宝研究精选混合
013616,广发睿智两年持有期混合发起式A
012149,国投瑞银产业趋势混合C
013576,鹏扬品质精选混合C
009689,易方达瑞锦混合A
690011,民生加银积极成长混合发起式
007848,广发聚宝混合C
008221,兴业聚鑫灵活配置混合C
012998,招商稳旺混合A
015637,摩根阿尔法混合C
022000,浙商汇金红利机遇混合A
000977,长城环保主题混合A
001648,工银新价值灵活配置混合A
014454,中银双息回报混合C
016322,嘉实安益混合A
004009,国联鑫思路混合C
008665,嘉实鑫和一年持有期混合C
008209,南方宝泰一年混合A
008531,惠升惠民混合A
020063,格林宏观回报混合C
010657,海富通欣睿混合A
015770,天弘低碳经济混合C
011759,平安鑫盛混合发起式A
210010,金鹰灵活配置混合A
166007,中欧互通精选混合A
005005,中金瑞安混合发起A
011708,中欧嘉益一年持有期混合A
001884,中欧互通精选混合E
217009,招商核心价值混合
016259,鑫元安鑫回报混合C
217010,招商大盘蓝筹混合
001225,中邮趋势精选灵活配置混合A
017298,汇添富添添鑫多元收益9个月持有混合A
017607,华泰柏瑞轮动精选混合C
000432,中银优秀企业混合A
008810,安信民稳增长混合C
011297,汇添富优势行业一年持有混合C
005263,鑫元欣享灵活配置混合C
007040,前海联合泳隆混合C
012333,上银鑫尚稳健回报6个月持有期混合C
001623,兴业国企改革混合A
020009,国泰金鹏蓝筹混合
009548,汇添富中盘价值精选混合A
014719,富国天旭均衡混合C
011922,富国均衡成长三年持有期混合C
020126,东方量化成长灵活配置混合C
014849,建信健康民生混合C
019788,上银丰瑞一年持有期混合发起式C
023350,诺安多策略混合C
005244,国泰聚优价值灵活配置混合A
009766,安信平稳双利3个月持有混合A
016682,天弘广盈六个月持有混合A
021656,海富通量化选股混合C
023806,招商红利量化选股混合A
001286,易方达新鑫混合E
002682,金鹰元和灵活配置混合C
012594,招商瑞享1年持有期混合A
165531,中信保诚多策略混合(LOF)A
004773,国寿安保稳泰一年定开混合C
010943,招商瑞乐6个月持有期混合C
001780,诺安改革趋势混合A
009690,易方达瑞锦混合C
011760,平安鑫盛混合发起式C
017764,大成均衡增长混合A
023244,东海启元添益6个月持有混合发起式A
012878,中信建投量化精选6个月持有混合A
003494,富国天惠成长混合(LOF)C
010239,平安瑞尚六个月持有混合A
011534,万家民瑞祥明6个月持有混合A
165508,中信保诚深度价值混合(LOF)
210011,金鹰灵活配置混合C
017494,东方红多元策略混合C
019431,永赢睿信混合A
021991,中加专精特新量化选股混合发起式C
004225,国寿安保稳诚混合A
010542,国寿安保稳和6个月持有期混合C
010728,中泰兴诚价值一年持有混合A
008576,财通碳中和一年持有混合A
005373,中加紫金灵活配置混合A
004739,摩根安隆回报混合C
550003,中信保诚盛世蓝筹混合
010658,海富通欣睿混合C
013225,景顺长城安景一年持有期混合A
001135,益民品质升级混合A
001547,兴业聚惠混合A
006013,易方达鑫转招利混合A
013518,易方达悦浦一年持有混合C
003187,嘉实安益混合C
012258,天弘鑫悦成长混合A
016169,嘉实价值优势混合C
015987,万家远见先锋一年持有期混合A
000165,国投瑞银策略精选混合
006058,民生加银新兴成长混合
009886,新华景气行业混合C
010900,中欧生益稳健一年混合A
004226,国寿安保稳诚混合C
014149,景顺长城安鼎一年持有期混合C
022703,人保核心智选混合C
010903,博时成长领航混合C
013929,中银证券恒瑞9个月持有混合A
023761,广发智选启航混合A
000314,招商瑞丰灵活配置混合发起式A
001835,易方达瑞祥混合A
014017,中信建投品质优选一年持有C
015719,财通资管均衡臻选混合C
019972,海富通产业优选混合A
310308,申万菱信盛利精选混合A
014767,景顺长城华城稳健6个月持有期混合A
013617,广发睿智两年持有期混合发起式C
009900,易方达磐固六个月持有期混合A
163409,兴全绿色投资混合(LOF)
012999,招商稳旺混合C
012387,国金ESG持续增长混合A
015455,信澳周期动力混合C
121001,国投瑞银融华债券
012132,华泰保兴价值成长A
002000,工银新生利混合
011376,华宝安享混合A
015946,兴业国企改革混合C
021973,天弘优势企业混合发起A
700003,平安策略先锋混合
519702,交银趋势混合A
002083,新华鑫动力灵活配置混合A
013067,富安达中小盘六个月持有混合发起
020306,信澳星煜智选混合C
002923,兴业聚惠混合C
008532,惠升惠民混合C
017299,汇添富添添鑫多元收益9个月持有混合C
010923,永赢鑫欣混合A
014702,中欧量化动能混合C
017636,银华动力领航混合C
017941,国投瑞银国家安全混合C
002959,汇添富盈泰混合
012880,国泰景气优选混合A
014900,兴全兴裕混合A
020970,益民品质升级混合C
005006,中金瑞安混合发起C
015633,中金景气驱动混合发起A
012435,万家招瑞回报一年持有混合A
008979,万家民丰回报一年持有混合
011535,万家民瑞祥明6个月持有混合C
004228,泰信鑫利混合C
009449,泰康申润一年持有期混合C
022001,浙商汇金红利机遇混合C
519756,交银国企改革灵活配置混合A
002803,东方红沪港深混合
006014,易方达鑫转招利混合C
015143,中欧智能制造混合A
016061,长城环保主题混合C
020653,恒生前海兴泰混合A
002084,新华鑫动力灵活配置混合C
002161,银华万物互联灵活配置混合A
013915,大成红利优选一年持有混合发起C
006969,圆信永丰高端制造A
011769,富国精诚回报12个月持有期混合A
021312,华宝安享混合C
005374,中加紫金灵活配置混合C
009767,安信平稳双利3个月持有混合C
010839,易方达瑞安灵活配置混合A
013930,中银证券恒瑞9个月持有混合C
009901,易方达磐固六个月持有期混合C
013436,大成景气精选六个月持有混合C
012595,招商瑞享1年持有期混合C
001324,华宝新价值混合
501063,汇添富悦享两年持有混合
017389,中银证券凌瑞6个月持有期混合A
200007,长城安心回报混合A
080007,长盛同鑫行业配置混合A
550001,中信保诚四季红混合A
012237,工银新价值灵活配置混合C
014558,华商品质慧选混合A
020132,中邮趋势精选灵活配置混合C
001067,鹏华弘盛混合A
002602,易方达丰惠混合
011913,华夏永泓一年持有混合A
012177,华泰保兴价值成长C
013624,嘉实价值创造三年持有期混合A
018434,嘉实均衡配置混合
023245,东海启元添益6个月持有混合发起式C
002116,广发安享混合A
001836,易方达瑞祥混合C
012879,中信建投量化精选6个月持有混合C
020695,海富通红利优选混合A
005840,富国产业驱动混合A
008210,南方宝泰一年混合C
015125,易方达悦鑫一年持有混合A
025395,圆信永丰高端制造C
002134,广发鑫裕混合A
009249,易方达磐泰一年持有期混合A
010870,汇添富稳健鑫添益六个月持有混合A
020358,东方红慧鑫甄选6个月持有混合A
002021,华夏回报二号混合
005245,国泰聚优价值灵活配置混合C
001247,华泰柏瑞新利混合A
013226,景顺长城安景一年持有期混合C
016683,天弘广盈六个月持有混合C
012259,天弘鑫悦成长混合C
008178,同泰慧盈混合A
019015,中欧国企红利混合A
001574,中海混改红利混合A
006336,泓德量化精选混合
017220,永赢合嘉一年持有混合A
006541,南方成份精选混合C
003734,万家瑞盈灵活配置混合A
003692,大成景尚灵活配置混合A
010244,平安瑞尚六个月持有混合C
010729,中泰兴诚价值一年持有混合C
009955,广发鑫裕混合C
014874,惠升惠远回报混合A
519050,海富通安颐收益混合A
009549,汇添富中盘价值精选混合C
010840,易方达瑞安灵活配置混合C
012681,永赢鑫辰混合A
014768,景顺长城华城稳健6个月持有期混合C
019973,海富通产业优选混合C
023762,广发智选启航混合C
023807,招商红利量化选股混合C
000367,国泰安康定期支付混合A
006752,天弘港股通精选A
017390,中银证券凌瑞6个月持有期混合C
018561,中信保诚多策略混合(LOF)C
001745,易方达瑞富灵活配置混合I
022733,申万菱信盛利精选混合C
008513,南方宝丰混合A
021431,景顺长城精锐成长混合A
001380,鹏华弘盛混合C
002017,招商瑞丰灵活配置混合发起式C
519127,浦银盛世A
017765,大成均衡增长混合C
015988,万家远见先锋一年持有期混合C
000804,中信建投稳利混合A
008347,中信建投甄选混合A
003693,大成景尚灵活配置混合C
013623,湘财周期轮动一年持有混合
019432,永赢睿信混合C
002006,工银新得益混合
002339,海富通安颐收益混合C
011395,博时恒元6个月持有期混合A
011192,广发恒荣三个月持有期混合A
012682,永赢鑫辰混合C
018603,永赢鑫欣混合C
519616,银河君信混合A
002792,景顺长城顺益回报混合A
002091,华泰柏瑞新利混合C
012436,万家招瑞回报一年持有混合C
014901,兴全兴裕混合C
002061,国泰安康定期支付混合C
002574,招商瑞庆混合A
011709,中欧嘉益一年持有期混合C
019521,景顺长城价值发现混合A1
004390,平安转型创新混合A
012388,国金ESG持续增长混合C
010116,民生加银新兴产业混合A
014593,西部利得聚优一年持有期混合
022259,鹏华弘盛混合E
000121,华夏永福混合A
001415,中信保诚新锐混合A
014329,国联优势产业混合A
020654,恒生前海兴泰混合C
010901,中欧生益稳健一年混合C
003735,万家瑞盈灵活配置混合C
009937,东方欣益一年持有期混合A
410001,华富竞争力优选混合A
340001,兴全可转债混合
020359,东方红慧鑫甄选6个月持有混合C
004720,华夏睿磐泰茂混合A
003697,华夏睿磐泰盛混合A
005474,泰康均衡优选混合A
012881,国泰景气优选混合C
017957,汇添富稳健鑫添益六个月持有混合C
002117,广发安享混合C
011914,华夏永泓一年持有混合C
013625,嘉实价值创造三年持有期混合C
014559,华商品质慧选混合C
020696,海富通红利优选混合C
002046,中信保诚新锐混合B
015144,中欧智能制造混合C
021974,天弘优势企业混合发起C
023232,国泰合利6个月持有混合A
519177,浦银盛世C
004227,泰信鑫利混合A
006921,南方智诚混合
009691,国泰浩益混合A
013569,天弘永利优佳混合A
013430,交银趋势混合C
001810,中欧潜力价值灵活配置混合A
011193,广发恒荣三个月持有期混合C
014160,易方达悦融一年持有混合A
014892,永赢添添欣12个月持有混合A
008577,财通碳中和一年持有混合C
003379,中信保诚至选混合A
001746,易方达瑞富灵活配置混合E
012170,华夏永顺一年持有混合A
015126,易方达悦鑫一年持有混合C
008715,景顺长城价值驱动一年持有混合
024461,宏利睿智领航混合A
008179,同泰慧盈混合C
010690,万家互联互通核心资产量化A
016265,中信建投趋势领航两年持有混合A
006753,天弘港股通精选C
009829,长城优选增强六个月持有混合A
010683,国联景颐6个月持有混合A
009232,鹏华安惠混合A
010333,华夏核心资产混合A
017221,永赢合嘉一年持有混合C
009233,鹏华安惠混合C
012475,平安优质企业混合A
017979,交银国企改革灵活配置混合C
501028,财通多策略福瑞混合发起式(LOF)A
008499,鹏扬景科混合A
014875,惠升惠远回报混合C
002388,天弘裕利灵活配置混合A
012568,天弘高端制造混合A
161727,招商增荣混合(LOF)
003380,中信保诚至选混合C
002001,华夏回报混合A
001907,国投瑞银境煊灵活配置混合A
009774,财通资管优选回报一年持有期混合
011770,富国精诚回报12个月持有期混合C
014267,华商竞争力优选混合A
004750,广发鑫和A
010176,中加新兴消费混合A
011251,华安聚嘉精选混合A
012368,大摩优享六个月持有期混合A
011027,国寿安保稳弘混合A
015133,华安鼎安优选一年持有混合A
202003,南方绩优成长混合A
003282,中信保诚至裕混合A
020779,湘财新能源量化选股混合A
001265,国泰兴益灵活配置混合A
018932,中信保诚四季红混合C
020360,中海混改红利混合C
003822,中信建投轮换混合A
010738,大成优选升级一年持有混合A
015965,长城安心回报混合C
017230,宝盈价值成长混合A
006844,中信建投稳利混合C
010072,方正富邦策略精选A
000690,前海开源大海洋混合
008348,中信建投甄选混合C
002166,华夏永福混合C
005997,天弘裕利灵活配置混合C
008274,大成行业先锋混合A
011872,中邮悦享6个月持有期混合A
012218,博时乐享混合A
023167,浦银盛世E
002197,国泰鑫策略价值灵活配置混合A
002793,景顺长城顺益回报混合C
009250,易方达磐泰一年持有期混合C
160916,大成优选混合(LOF)A
519222,海富通欣益混合A
004721,华夏睿磐泰茂混合C
009246,大摩ESG量化混合A
009266,鹏扬景合六个月混合A
011028,国寿安保稳弘混合C
014330,国联优势产业混合C
018174,富国产业驱动混合C
017464,长江楚财一年持有期混合发起A
019712,博时稳合一年持有期混合A
002664,万家瑞和灵活配置混合A
003283,中信保诚至裕混合C
001266,国投瑞银招财混合A
009653,大成丰享回报混合A
011781,泓德慧享混合A
019016,中欧国企红利混合C
022161,鹏华安惠混合E
022785,国泰鑫策略价值灵活配置混合E
000436,易方达裕惠定开混合A
003839,易方达瑞通灵活配置混合A
011746,南方誉浦一年持有混合A
000214,广发成长优选混合
005815,农银汇理睿选灵活配置混合
013980,光大恒鑫混合A
015634,中金景气驱动混合发起C
015519,安信远见稳进一年持有混合A
009391,汇添富优质成长混合A
009692,国泰浩益混合C
001817,易方达瑞兴灵活配置混合I
008488,华商恒益稳健混合
009539,兴业睿进混合A
003593,国泰景气行业灵活配置混合
010117,民生加银新兴产业混合C
012487,博时恒玺一年持有期混合A
022784,国泰鑫策略价值灵活配置混合C
002055,国泰兴益灵活配置混合C
001268,富国国家安全主题混合A
001280,银华聚利灵活配置混合A
005535,泰信竞争优选混合
021795,广发稳信六个月持有期混合A
002665,万家瑞和灵活配置混合C
519617,银河君信混合C
009950,财通资管均衡价值一年持有期混合
011396,博时恒元6个月持有期混合C
002514,招商丰益混合A
002455,民生加银鑫喜混合A
005274,中银景福回报混合A
009536,汇添富稳健增益一年持有混合A
009515,中欧真益稳健一年混合A
010073,方正富邦策略精选C
000573,天弘通利混合A
360011,光大动态优选灵活配置混合A
008514,南方宝丰混合C
010890,交银鸿福六个月持有混合A
010834,国泰同益18个月持有期混合A
012430,农银瑞康6个月持有混合
009817,红塔红土稳健精选混合A
023233,国泰合利6个月持有混合C
004845,南华瑞盈混合发起A
014627,财通多策略福瑞混合发起式(LOF)C
014693,万家兴恒回报一年持有期混合A
013570,天弘永利优佳混合C
014893,永赢添添欣12个月持有混合C
022006,中信保诚至选混合E
009938,东方欣益一年持有期混合C
021432,景顺长城精锐成长混合C
012171,华夏永顺一年持有混合C
001316,安信稳健增值混合A
519221,海富通欣益混合C
010991,长盛同鑫行业配置混合C
015134,华安鼎安优选一年持有混合C
024498,宏利睿智领航混合C
006136,广发估值优势混合A
005475,泰康均衡优选混合C
004405,国寿安保稳寿混合A
009830,长城优选增强六个月持有混合C
003840,易方达瑞通灵活配置混合C
010891,交银鸿福六个月持有混合C
010684,国联景颐6个月持有混合C
010188,中欧添益一年混合A
011086,易方达瑞康混合A
002515,招商丰益混合C
009819,嘉实鑫福一年持有期混合
002358,国投瑞银瑞祥A
008500,鹏扬景科混合C
540004,汇丰晋信2026周期混合
012569,天弘高端制造混合C
014488,国投瑞银产业升级两年持有混合A
001818,易方达瑞兴灵活配置混合E
015309,国投瑞银境煊灵活配置混合E
004751,广发鑫和C
010177,中加新兴消费混合C
010940,大成安享得利六月持有混合A
012369,大摩优享六个月持有期混合C
017966,华富竞争力优选混合C
010691,万家互联互通核心资产量化C
011945,汇添富稳健增益一年持有混合C
011989,汇安鑫泽稳健一年持有期混合A
019713,博时稳合一年持有期混合C
010215,中欧达益稳健一年混合A
020780,湘财新能源量化选股混合C
000753,华宝量化对冲混合A
003823,中信建投轮换混合C
010739,大成优选升级一年持有混合C
001570,南方利安A
008415,国泰大制造两年持有期混合
011410,中信建投量化进取A
004406,国寿安保稳寿混合C
016388,汇安均衡成长混合A
011616,国投瑞银瑞祥C
005939,工银新能源汽车混合A
501188,汇添富核心精选混合(LOF)
008275,大成行业先锋混合C
009268,创金合信稳健增利6个月持有期A
009849,安信稳健聚申一年持有期混合A
012219,博时乐享混合C
014161,易方达悦融一年持有混合C
023078,西部利得多策略优选混合A
003189,汇添富保鑫灵活配置混合A
010941,大成安享得利六月持有混合C
015258,鹏华稳享一年持有期混合A
019752,海富通悦享一年持有期混合A
070001,嘉实成长收益混合A
011782,泓德慧享混合C
012965,招商瑞泰1年持有混合A
016266,中信建投趋势领航两年持有混合C
021333,信澳国企智选混合A
009654,大成丰享回报混合C
012412,汇泉策略优选混合A
004391,平安转型创新混合C
004357,南方智慧混合
007085,招商瑞庆混合C
021543,国投瑞银招财混合C
004965,泓德致远混合A
002326,银华聚利灵活配置混合C
010835,国泰同益18个月持有期混合C
013981,光大恒鑫混合C
014771,中泰红利优选一年持有混合发起
016344,易方达裕惠定开混合C
020657,信澳红利智选混合A
003877,富国久利稳健配置混合A
001115,广发聚安混合A
001580,南方利安C
011087,易方达瑞康混合C
019370,富国久利稳健配置混合E
019894,天弘通利混合C
021919,国泰海通红利量化选股混合A
501017,国泰融丰外延增长混合(LOF)A
009820,嘉实浦惠6个月持有期混合A
011873,中邮悦享6个月持有期混合C
021796,广发稳信六个月持有期混合C
001908,国投瑞银境煊灵活配置混合C
013540,汇添富稳健睿享一年持有混合D
012277,国泰佳益混合A
012459,汇添富稳健睿享一年持有混合A
014995,中欧量化先锋混合A
014268,华商竞争力优选混合C
001110,中欧瑾泉灵活配置混合A
003344,鹏华弘惠灵活配置混合C
163810,中银价值混合A
006005,诺安鼎利混合A
011138,广发聚鸿六个月持有期混合A
011252,华安聚嘉精选混合C
011550,湘财创新成长一年持有期混合A
025049,民生加银鑫喜混合C
001111,中欧瑾泉灵活配置混合C
003343,鹏华弘惠灵活配置混合A
011249,嘉实稳裕混合A
519752,交银新回报灵活配置混合A
010334,华夏核心资产混合C
012488,博时恒玺一年持有期混合C
011050,天弘裕新混合A
015089,中银景福回报混合C
011208,泰康招享混合A
003900,交银瑞鑫六个月持有期混合A
021381,华宝量化对冲混合D
015520,安信远见稳进一年持有混合C
000894,中欧睿达6个月持有混合A
004966,泓德致远混合C
009818,红塔红土稳健精选混合C
011347,易方达宁易一年持有混合A
000639,宝盈祥瑞混合A
001139,华安新动力灵活配置混合A
180012,银华富裕主题混合A
014694,万家兴恒回报一年持有期混合C
018750,山证资管精选行业混合发起式A
620004,金元顺安价值增长混合
005764,中欧潜力价值灵活配置混合C
011762,平安鑫瑞混合C
011761,平安鑫瑞混合A
673030,西部利得多策略优选混合C
009387,嘉实稳福混合A
009540,兴业睿进混合C
012701,安信民安回报一年持有混合A
010830,国泰通利9个月持有期混合A
025116,天弘裕新混合E
003591,华泰柏瑞享利混合A
012702,安信民安回报一年持有混合C
025598,国泰海通新锐量化选股混合A
009137,嘉实瑞和两年持有期混合
009686,华夏磐利一年定开混合A
011430,广发估值优势混合C
018008,大成优选混合(LOF)C
017465,长江楚财一年持有期混合发起C
001905,华安安益灵活配置混合A
011521,鹏扬景源一年持有混合A
012943,广发稳睿六个月持有混合A
013209,金鹰大视野混合A
519760,交银新回报灵活配置混合C
001922,国泰多策略收益灵活配置混合A
011747,南方誉浦一年持有混合C
004202,华夏泰兴混合A
009392,汇添富优质成长混合C
012476,平安优质企业混合C
270001,广发聚富混合
004083,国联安鑫隆混合A
001338,安信稳健增值混合C
001073,华泰柏瑞量化绝对收益混合
003594,长盛盛崇灵活配置混合A
710002,富安达策略精选混合A
011788,工银聚益混合A
021590,兴全竞争优势混合A
001531,招商安益灵活配置混合A
166107,信澳量化多因子混合(LOF)A
009516,中欧真益稳健一年混合C
011990,汇安鑫泽稳健一年持有期混合C
012659,华安安益灵活配置混合C
012667,国联景泓一年持有混合A
008277,财通资管行业精选混合
012607,汇添富保鑫灵活配置混合C
013190,国联景惠混合A
004129,国联安鑫汇混合A
006540,南方绩优成长混合C
011411,中信建投量化进取C
017231,宝盈价值成长混合C
001164,中欧琪和灵活配置混合A
001710,安信新趋势混合A
004846,南华瑞盈混合发起C
001755,嘉实新思路混合A
014541,华安新能源主题混合A
018448,中欧琪和灵活配置混合E
519115,浦银红利精选混合A
005940,工银新能源汽车混合C
009269,创金合信稳健增利6个月持有期C
001202,东方红领先精选混合A
009648,中欧睿达6个月持有混合C
015259,鹏华稳享一年持有期混合C
020562,东方红领先精选混合C
019753,海富通悦享一年持有期混合C
023289,国泰多策略收益灵活配置混合C
003595,长盛盛崇灵活配置混合C
013044,富国国家安全主题混合C
012966,招商瑞泰1年持有混合C
018054,鹏扬景添一年持有混合A
001116,广发聚安混合C
001850,国泰安益灵活配置混合A
012123,招商金安成长严选混合
011250,嘉实稳裕混合C
011051,天弘裕新混合C
011209,泰康招享混合C
004010,华泰柏瑞鼎利灵活配置混合A
004604,富国新活力灵活配置混合A
010846,南方卓越优选3个月持有期混合A
014333,工银优势领航混合A
020803,东方红量化选股混合发起A
010189,中欧添益一年混合C
013962,华夏创新视野一年持有混合A
021920,国泰海通红利量化选股混合C
024594,财通华晟量化选股混合A
001281,长安鑫利优选混合A
016389,汇安均衡成长混合C
023606,平安鑫瑞混合F
007577,宝盈祥瑞混合C
015017,国泰融丰外延增长混合(LOF)C
023365,南华丰利量化选股混合A
009821,嘉实浦惠6个月持有期混合C
012460,汇添富稳健睿享一年持有混合C
014489,国投瑞银产业升级两年持有混合C
003495,鹏华弘尚混合A
003592,华泰柏瑞享利混合C
011140,广发聚鸿六个月持有期混合E
011936,华夏阿尔法精选混合A
270007,广发大盘成长混合
010314,大摩内需增长混合A
013657,同泰同欣混合A
011357,华泰柏瑞品质成长混合A
011530,泓德优质治理灵活配置混合
012668,国联景泓一年持有混合C
011231,光大锦弘混合A
016766,中欧行业景气一年持有混合A
450003,国富潜力组合混合A
004252,国泰安益灵活配置混合C
001349,富国改革动力混合
519068,汇添富成长焦点混合
009205,兴银丰运稳益回报混合A
012944,广发稳睿六个月持有混合C
010216,中欧达益稳健一年混合C
011532,工银聚丰混合A
002458,国泰民利策略收益混合
011527,博时恒悦6个月持有混合A
011348,易方达宁易一年持有混合C
014657,中欧融享增益一年持有期混合A
017553,交银瑞鑫六个月持有期混合C
017005,中银价值混合C
022049,国泰安益灵活配置混合E
002639,天弘价值精选混合发起A
009244,国寿安保稳丰6个月持有混合A
011095,博时恒泽混合A
011845,博时周期优选混合A
011834,大成投资严选六月持有混合A
013769,博时稳益9个月持有混合A
001711,安信新趋势混合C
519019,大成景阳领先混合A
008893,创金合信鑫利混合A
024923,招商资管智达红利优选混合发起A
001190,鹏华弘润混合A
008666,国泰鑫利一年持有期混合A
009840,东财量化精选A
016040,华安新动力灵活配置混合C
023526,凯石元鑫混合发起式A
540001,汇丰晋信2016周期混合A
009388,嘉实稳福混合C
011004,永赢鑫盛混合A
015697,华夏磐润两年定开混合A
023667,汇丰晋信2016周期混合D
003154,华宝新活力混合C
025599,国泰海通新锐量化选股混合C
410003,华富成长趋势混合A
010242,平安稳健增长混合A
011551,湘财创新成长一年持有期混合C
001331,鹏华弘信混合A
009687,华夏磐利一年定开混合C
011522,鹏扬景源一年持有混合C
011387,工银宁瑞6个月持有期混合A
013210,金鹰大视野混合C
018754,兴业均衡优选混合A
021334,信澳国企智选混合C
009206,兴银丰运稳益回报混合C
013939,汇泉策略优选混合C
020658,信澳红利智选混合C
019698,招商安泽稳利9个月持有期混合A
009475,汇丰晋信慧盈混合
008894,创金合信鑫利混合C
013041,鹏扬景浦一年持有混合A
022258,鹏华弘尚混合E
519613,银河君尚混合A
005711,永赢惠添利灵活配置混合
013969,华夏永利一年持有混合A
012256,安信丰穗一年持有混合A
004084,国联安鑫隆混合C
012949,东方红招瑞甄选18个月持有混合A
017507,东兴连众一年持有期混合A
022076,平安鑫瑞混合E
004011,华泰柏瑞鼎利灵活配置混合C
009381,汇安核心资产混合A
014094,南方誉盈一年持有混合A
001355,广发聚泰混合A
260116,景顺长城核心竞争力混合A
009423,招商瑞信稳健配置混合A
010404,博道盛利6个月持有期混合
011789,工银聚益混合C
003496,鹏华弘尚混合C
001303,银华稳利灵活配置混合A
005014,泰康景泰回报混合A
009611,兴全汇享一年持有混合A
014996,中欧量化先锋混合C
011073,鹏华安润混合A
006006,诺安鼎利混合C
009156,海富通富泽混合A
011290,前海联合添瑞一年持有混合A
008869,大成恒享混合A
690005,民生加银内需增长混合
008811,鹏华科技创新混合
002543,长城久益混合A
004130,国联安鑫汇混合C
160805,长盛同智优势混合(LOF)
010058,天弘荣创一年持有混合A
010659,民生加银质量领先混合A
011442,创金合信鑫瑞混合A
011516,嘉实浦盈一年持有期混合A
012121,华夏永润六个月持有混合A
013191,国联景惠混合C
001695,泓德泓业混合
009133,汇安嘉利混合A
010385,华安汇嘉精选混合A
015233,银华富裕主题混合C
019216,天弘价值精选混合发起C
005357,富国国企改革灵活配置混合
009716,博时恒盛持有期混合A
009260,民生加银聚利6个月混合A
013995,嘉实融惠混合A
021820,嘉实新思路混合C
017151,华夏泰兴混合C
022284,鹏华弘信混合E
010831,国泰通利9个月持有期混合C
013144,富国安诚回报12个月持有期混合C
014029,浦银红利精选混合C
001566,南方利达A
008091,中信保诚红利精选混合A
004852,广发价值回报混合A
022281,鹏华弘润混合E
519768,交银优选回报灵活配置混合A
004139,中邮军民融合灵活配置混合A
011851,天弘先进制造混合A
014199,建信沃信一年持有混合A
018055,鹏扬景添一年持有混合C
021181,中欧价值精选混合A
160323,华夏磐泰混合(LOF)A
012250,安信平衡增利混合A
160518,博时睿远
005652,国富天颐混合A
011508,易方达悦弘一年持有期混合A
012578,富国红利混合A
003126,长信易进混合A
003127,长信易进混合C
008119,鹏华金享混合A
009822,鹏华招华一年持有期混合A
001165,中欧琪和灵活配置混合C
009245,国寿安保稳丰6个月持有混合C
010916,交银臻选回报混合A
013770,博时稳益9个月持有混合C
016570,嘉实价值丰润混合A
080005,长盛量化红利混合A
012292,泰康鼎泰一年持有期混合A
015635,汇安价值先锋混合A
024595,财通华晟量化选股混合C
001191,鹏华弘润混合C
003169,长盛盛辉混合A
010981,兴全汇虹一年持有混合A
014317,广发价值领航一年持有混合A
001567,南方利达C
001657,长安鑫富领先混合A
519937,长信先锐混合A
009612,兴全汇享一年持有混合C
005901,诺安汇利混合A
013658,同泰同欣混合C
001156,申万菱信新能源汽车主题灵活配置混合A
009077,红土创新稳进混合A
011139,广发聚鸿六个月持有期混合C
012278,国泰佳益混合C
013360,华夏磐泰混合C
021591,兴全竞争优势混合C
001332,鹏华弘信混合C
002323,银华稳利灵活配置混合C
014869,大摩内需增长混合C
018946,招商安益灵活配置混合C
004100,鹏华安益增强混合D
167003,平安鼎弘混合(LOF)A
010056,平安瑞兴1年持有混合A
006624,中泰玉衡价值优选混合A
002544,长城久益混合C
161225,国投瑞银瑞盈混合(LOF)A
004605,富国新活力灵活配置混合C
014697,南方誉稳一年持有混合A
021975,创金合信红利甄选量化选股混合A
024924,招商资管智达红利优选混合发起C
002049,融通新机遇灵活配置混合
002072,长安鑫利优选混合C
002018,鹏华弘安混合A
010229,平安鼎弘混合(LOF)D
010228,平安鼎弘混合(LOF)C
011528,博时恒悦6个月持有混合C
010797,长城优选回报六个月持有混合A
014658,中欧融享增益一年持有期混合C
020804,东方红量化选股混合发起C
022578,天弘价值精选混合发起E
420005,天弘周期策略混合A
011232,光大锦弘混合C
011533,工银聚丰混合C
015564,大成弘远回报一年持有混合A
017772,大成景阳领先混合C
024596,财通成长量化选股混合A
013387,长城价值领航混合A
012257,安信丰穗一年持有混合C
014542,华安新能源主题混合C
001581,华安沪港深通精选灵活配置混合A
017508,东兴连众一年持有期混合C
023366,南华丰利量化选股混合C
005399,长信量化价值驱动混合A
002015,南方荣光A
009990,华泰柏瑞品质优选A
017998,中欧融恒平衡混合A
017617,华泰柏瑞招享6个月持有期混合A
206001,鹏华弘泰A
005015,泰康景泰回报混合C
010018,招商瑞泽一年持有期混合A
013694,弘毅远方久盈混合A
019242,汇丰晋信2016周期混合C
009078,红土创新稳进混合C
011074,鹏华安润混合C
011358,华泰柏瑞品质成长混合C
011096,博时恒泽混合C
519039,长盛同德主题混合
019660,永赢鑫盛混合C
020383,华富成长趋势混合C
024908,诺安汇利混合D
000597,中海积极收益混合
519769,交银优选回报灵活配置混合C
005371,中加心悦混合A
005949,鑫元行业轮动混合A
011388,工银宁瑞6个月持有期混合C
024455,银华成长智选混合A
002622,广发稳裕混合A
019699,招商安泽稳利9个月持有期混合C
008831,海富通安益对冲混合A
010847,南方卓越优选3个月持有期混合C
013042,鹏扬景浦一年持有混合C
015272,博时恒益稳健一年持有期混合A
009130,鹏扬景恒六个月持有混合A
022373,鹏华金享混合C
002668,兴业聚丰混合A
009984,鹏华启航混合
012950,东方红招瑞甄选18个月持有混合C
013970,华夏永利一年持有混合C
022190,鹏华金城混合C
023417,天弘荣创一年持有混合E
002016,南方荣光C
002783,东方红价值精选混合A
003170,长盛盛辉混合C
002690,前海开源恒泽混合A
009064,鹏扬景沃六个月持有期混合A
009015,泓德睿享一年持有期混合A
015731,景顺长城核心竞争力混合C
020052,博时惠泽混合发起式A1
001356,广发聚泰混合C
161232,国投瑞银瑞盛混合(LOF)A
009804,国泰研究优势混合A
013189,嘉实稳健添利一年持有混合
008456,招商瑞阳混合A
009525,广发聚荣一年持有混合A
011443,创金合信鑫瑞混合C
012010,富国泰享回报6个月持有混合A
010852,中欧内需成长混合A
015698,华夏磐润两年定开混合C
005372,中加心悦混合C
009261,民生加银聚利6个月混合C
009157,海富通富泽混合C
008870,大成恒享混合C
005664,鹏扬景欣混合A
166108,信澳量化多因子混合(LOF)C
018755,兴业均衡优选混合C
010219,汇添富稳健添益一年持有混合
011963,广发稳裕混合C
012122,华夏永润六个月持有混合C
018005,光大新增长混合C
022369,鹏华安益增强混合A
009134,汇安嘉利混合C
010057,平安瑞兴1年持有混合C
011517,嘉实浦盈一年持有期混合C
013963,华夏创新视野一年持有混合C
018465,嘉实稳健添翼一年持有混合A
011291,前海联合添瑞一年持有混合C
010543,中加科鑫混合A
010660,民生加银质量领先混合C
011572,鹏华安荣混合A
519614,银河君尚混合C
013996,嘉实融惠混合C
023770,平安鼎弘混合(LOF)E
001384,东方新思路混合A
002714,鹏华金城混合D
011846,博时周期优选混合C
002691,前海开源恒泽混合C
008667,国泰鑫利一年持有期混合C
009382,汇安核心资产混合C
009558,嘉实稳惠6个月持有期混合A
014678,永赢添添悦6个月持有混合A
023527,凯石元鑫混合发起式C
004853,广发价值回报混合C
008092,中信保诚红利精选混合C
009424,招商瑞信稳健配置混合C
000030,长城核心优选混合A
233006,大摩领先优势混合
001775,鹏华弘泰C
009717,博时恒盛持有期混合C
008757,九泰聚鑫混合A
011852,天弘先进制造混合C
011937,华夏阿尔法精选混合C
014200,建信沃信一年持有混合C
013695,弘毅远方久盈混合C
012253,鹏扬景润一年持有混合A
018212,兴银稳惠180天持有期混合A
000362,国泰聚信价值优势混合A
006424,嘉合锦程混合A
010243,平安稳健增长混合C
011576,鹏华安诚混合A
022243,中邮军民融合灵活配置混合C
007835,国泰鑫睿混合
010386,华安汇嘉精选混合C
011784,天弘招添利混合发起A
014334,工银优势领航混合C
021182,中欧价值精选混合C
014698,南方誉稳一年持有混合C
008416,鹏扬景瑞三年持有混合A
022370,鹏华安益增强混合C
002027,中加心享混合A
002019,鹏华弘安混合C
011509,易方达悦弘一年持有期混合C
024431,富国均衡配置混合A
009823,鹏华招华一年持有期混合C
018464,光大睿盈混合C
020155,长盛量化红利混合C
004436,汇添富年年泰定开混合A
005950,鑫元行业轮动混合C
012293,泰康鼎泰一年持有期混合C
014852,嘉实添惠一年持有期混合A
017224,国泰悦益六个月持有混合A
004142,招商盛合灵活混合A
011246,嘉实阿尔法优选混合A
010982,兴全汇虹一年持有混合C
014318,广发价值领航一年持有混合C
010547,博时恒进持有期混合A
004988,人保双利A
003028,安信新优选混合A
004143,招商盛合灵活混合C
008833,银华汇盈一年持有期混合A
014095,南方誉盈一年持有混合C
014462,光大汇佳混合A
005311,万家经济新动能混合A
018213,兴银稳惠180天持有期混合C
001218,国投瑞银精选收益混合A
015373,浙商智选新兴产业混合A
360006,光大新增长混合A
002135,广发鑫源混合A
004437,汇添富年年泰定开混合C
013912,中欧招益稳健一年持有混合A
016090,中泰玉衡价值优选混合C
022189,鹏华金城混合A
022739,申万菱信新能源汽车主题灵活配置混合C
011785,天弘招添利混合发起C
016767,中欧行业景气一年持有混合C
019692,信澳鑫悦智选6个月持有期混合A
012251,安信平衡增利混合C
016796,长安鑫富领先混合C
001339,兴银鼎新灵活配置A
002533,中加心享混合C
007689,国投瑞银新能源混合A
010798,长城优选回报六个月持有混合C
015273,博时恒益稳健一年持有期混合C
003456,信澳新目标灵活配置混合A
011835,大成投资严选六月持有混合C
015458,天弘周期策略混合C
004495,博时量化平衡混合A
009841,东财量化精选C
015636,汇安价值先锋混合C
017265,招商瑞成1年持有期混合A
017549,平安策略回报混合A
024597,财通成长量化选股混合C
004648,南方安睿混合A
012297,东兴宸瑞量化混合A
013747,兴业聚丰混合C
001250,天弘新活力混合发起A
003029,安信新优选混合C
008918,长信先锐混合C
008758,九泰聚鑫混合C
009669,长信量化价值驱动混合C
010019,招商瑞泽一年持有期混合C
008317,光大睿盈混合A
017618,华泰柏瑞招享6个月持有期混合C
005523,泰康颐年混合A
010545,中加聚隆持有期混合A
013393,信澳价值精选混合A
002249,招商境远灵活配置混合
002009,中欧瑾通灵活配置混合A
501022,银华鑫盛灵活配置混合(LOF)A
013367,汇添富多元价值发现混合A
018449,中欧瑾通灵活配置混合E
022194,鹏华安诚混合E
005653,国富天颐混合C
012579,富国红利混合C
501208,中欧创新未来混合(LOF)
017454,国泰慧益一年持有混合A
022047,天弘招添利混合发起E
006608,泓德研究优选混合
012833,交银鸿信一年持有期混合A
003411,鹏华弘康灵活配置混合A
009131,鹏扬景恒六个月持有混合C
008830,海富通安益对冲混合C
015565,大成弘远回报一年持有混合C
011573,鹏华安荣混合C
009377,招商瑞恒一年持有期混合A
010444,南方誉尚一年持有期混合A
001329,鹏华弘实混合A
002784,东方红价值精选混合C
009991,华泰柏瑞品质优选C
013388,长城价值领航混合C
014772,中泰红利价值一年持有混合发起
005646,中海沪港深多策略灵活配置混合
009016,泓德睿享一年持有期混合C
009065,鹏扬景沃六个月持有期混合C
011118,汇添富稳健睿选一年持有混合A
012298,东兴宸瑞量化混合C
014679,永赢添添悦6个月持有混合C
015047,富安达稳健配置6个月持有期混合
161611,融通内需驱动混合A
005902,诺安汇利混合C
009526,广发聚荣一年持有混合C
012011,富国泰享回报6个月持有混合C
022851,诺安汇利混合E
080001,长盛成长价值混合A
210007,金鹰技术领先灵活配置混合A
011855,银华长荣混合A
011408,天弘益新混合A
020354,农银瑞益一年持有混合A
024456,银华成长智选混合C
001405,东方红策略精选混合A
005665,鹏扬景欣混合C
005823,泰康颐享混合A
009005,创金合信鑫祺混合A
001609,平安鑫享混合A
160624,鹏华消费领先混合
016637,博道和瑞多元稳健6个月持有混合A
021976,创金合信红利甄选量化选股混合C
013033,泰信智选量化选股混合发起式A
007439,东海科技动力A
010544,中加科鑫混合C
003412,鹏华弘康灵活配置混合C
012826,工银聚宁9个月持有期混合A
018466,嘉实稳健添翼一年持有混合C
018546,国投瑞银瑞盈混合(LOF)C
000264,博时内需增长混合A
000646,华润元大量化优选混合A
001385,东方新思路混合C
002146,长安鑫益增强混合A
001289,银华汇利灵活配置混合A
008417,鹏扬景瑞三年持有混合C
009559,嘉实稳惠6个月持有期混合C
011160,富国质量成长6个月持有混合A
017999,中欧融恒平衡混合C
000215,广发趋势优选灵活配置混合A
001447,天弘惠利混合A
010678,中欧均衡成长混合A
010624,富国稳健增长混合A
023013,南方安睿混合C
009086,鹏华价值共赢两年持有期混合
016289,华安沪港深通精选灵活配置混合C
012254,鹏扬景润一年持有混合C
011577,鹏华安诚混合C
015729,朱雀碳中和三年持有混合发起
018638,国泰研究优势混合C
008723,永赢鑫享混合A
002133,广发鑫益混合
008138,富国龙头优势混合A
002196,金鹰技术领先灵活配置混合C
012014,工银聚润6个月持有混合A
002118,广发安盈混合A
001399,安信鑫安得利混合A
016571,嘉实价值丰润混合C
003813,泰康金泰回报3个月持有A
007827,华润元大量化优选混合C
024432,富国均衡配置混合C
002087,国富新机遇混合A
007925,平安鑫享混合E
014853,嘉实添惠一年持有期混合C
021969,兴银鼎新灵活配置C
501049,东方红睿玺三年持有混合A
011018,景顺长城安泽回报一年持有混合A
004989,人保双利C
006529,中欧匠心两年持有期混合A
010548,博时恒进持有期混合C
002120,广发安悦回报混合A
011247,嘉实阿尔法优选混合C
022224,泓德智选领航混合A
000363,国泰聚信价值优势混合C
005524,泰康颐年混合C
008834,银华汇盈一年持有期混合C
019895,天弘新活力混合发起C
008457,招商瑞阳混合C
161609,融通动力先锋混合A/B
002010,中欧瑾通灵活配置混合C
000556,国投瑞银新机遇灵活配置混合A
013913,中欧招益稳健一年持有混合C
012137,景顺长城安瑞混合A
002025,广发聚盛混合A
007463,东海科技动力C
007690,国投瑞银新能源混合C
008384,银华汇益一年持有期混合A
019693,信澳鑫悦智选6个月持有期混合C
020922,汇泉智享量化选股混合A
022285,鹏华弘实混合E
017421,天弘安康颐睿一年持有混合A
001797,国新国证新利混合A
009634,鹏华安睿两年持有期混合A
021356,信澳新目标灵活配置混合C
023978,天弘安康颐睿一年持有混合D
001330,鹏华弘实混合C
009568,浙商智多宝稳健一年持有期A
017266,招商瑞成1年持有期混合C
009618,交银启汇混合A
011061,广发安悦回报混合C
011494,华泰紫金丰和偏债混合发起A
016840,博道惠泰优选混合A
002136,广发鑫源混合C
014827,汇泉启元未来混合发起式A
730002,方正富邦红利精选混合A
012370,银华鑫利一年持有期混合
014048,银华鑫盛灵活配置混合(LOF)C
018545,国投瑞银瑞盛混合(LOF)C
019896,天弘惠利混合C
023570,浦银周期优选混合A
002584,富安达长盈灵活配置混合A
011558,天弘宁弘六个月A
015824,博时月月乐同业存单30天持有混合
005312,万家经济新动能混合C
501081,中欧科创主题混合(LOF)A
010546,中加聚隆持有期混合C
015374,浙商智选新兴产业混合C
011409,天弘益新混合C
023629,平安鑫享混合F
450004,国富深化价值混合A
005824,泰康颐享混合C
001400,安信鑫安得利混合C
009102,鹏扬红利优选混合A
012834,交银鸿信一年持有期混合C
011552,鹏华民丰盈和6个月持有混合A
013676,兴银兴慧一年持有混合A
002322,银华汇利灵活配置混合C
009378,招商瑞恒一年持有期混合C
010330,东吴兴享成长混合A
017225,国泰悦益六个月持有混合C
001468,广发改革混合
011119,汇添富稳健睿选一年持有混合C
011982,博时内需增长混合C
010853,中欧内需成长混合C
016091,汇泉匠心智选一年持有混合A
006398,宝盈祥颐定期开放混合A
003030,安信新目标混合A
020977,银华长荣混合C
010452,广发瑞福精选混合A
012715,长盛成长价值混合C
012054,鹏华安康一年持有期混合A
014463,光大汇佳混合C
017679,国投瑞银精选收益混合C
020355,农银瑞益一年持有混合C
009006,创金合信鑫祺混合C
011175,平安恒鑫混合A
013368,汇添富多元价值发现混合C
016638,博道和瑞多元稳健6个月持有混合C
002088,国富新机遇混合C
590001,中邮核心优选混合A
001150,融通互联网传媒灵活配置混合A
013677,兴银兴慧一年持有混合C
013034,泰信智选量化选股混合发起式C
001610,平安鑫享混合C
009789,富安达科技创新混合A
009977,银华招利一年持有期混合A
013101,华夏稳福六个月持有混合A
000967,华泰柏瑞创新动力混合
519175,浦银经济带崛起混合A
008127,广发趋势优选灵活配置混合C
014360,红塔红土稳健添利混合A
001203,东方红稳健精选混合A
012827,工银聚宁9个月持有期混合C
013611,工银民瑞一年持有混合A
018648,永赢鑫享混合C
023824,永赢国企机遇慧选混合发起A
002026,广发聚盛混合C
014109,融通内需驱动混合C
009635,鹏华安睿两年持有期混合C
006425,嘉合锦程混合C
009181,浙商智多兴稳健回报一年持有混合A
012015,工银聚润6个月持有混合C
001406,东方红策略精选混合C
002119,广发安盈混合C
000431,鹏华品牌传承混合
004361,摩根安通回报混合A
011393,中欧融益稳健一年混合A
010966,富国成长领航混合
011818,鹏扬景阳一年持有混合A
012299,浦银安裕回报一年持有期混合A
017455,国泰慧益一年持有混合C
014850,长信稳健成长混合A
009400,华安添瑞6个月混合A
011353,国联景盛一年持有混合A
010522,华安添禧一年持有期混合A
011017,鹏扬景明一年混合
015657,富荣研究优选混合A
002518,民生加银鑫福混合A
016214,富安达长盈灵活配置混合C
002147,长安鑫益增强混合C
217002,招商安泰平衡混合
004814,中欧红利优享混合A
009782,富国兴泉回报12个月持有期混合A
010445,南方誉尚一年持有期混合C
012683,东方红安盈甄选一年持有混合A
006530,中欧匠心两年持有期混合C
011019,景顺长城安泽回报一年持有混合C
970119,兴证资管金麒麟恒睿致远一年持有期混合A
021286,广发安盈混合E
024210,建信鑫稳回报灵活配置混合D
001254,宏利新起点混合A
004693,前海联合泳隽混合A
007570,方正富邦红利精选混合C
009683,汇添富创新增长一年定开混合A
011048,天弘恒新混合A
014151,国富鑫享价值混合A
022225,泓德智选领航混合C
022554,天弘恒新混合E
022550,平安瑞利6个月持有混合A
003031,安信新目标混合C
001358,宝盈祥泰混合A
017615,广发安颐一年持有期混合A
017886,国富安颐稳健6个月持有期混合A
019349,中信保诚瑞丰6个月混合A
002293,南方益和灵活配置混合A
005076,创金合信优选回报灵活配置混合
010775,博时恒旭持有期混合A
011562,汇添富稳健盈和一年持有混合
016641,华商稳健泓利一年持有期混合A
003845,汇安丰恒灵活配置混合A
009640,中银证券优选行业龙头混合A
010697,国联行业先锋6个月持有混合A
009499,景顺长城安鑫回报一年持有期混合A
009806,东方红招盈甄选一年混合A
014926,景顺长城安瑞混合C
008385,银华汇益一年持有期混合C
014261,摩根沃享远见一年持有期混合A
010869,汇添富稳健欣享一年持有混合
024421,华夏信选混合A
210003,金鹰行业优势混合A
012069,天弘安康颐享12个月持有A
011553,鹏华民丰盈和6个月持有混合C
020186,上银国企红利混合发起式A
017422,天弘安康颐睿一年持有混合C
519171,浦银医疗健康混合A
008110,九泰科盈价值混合A
012609,安信稳健汇利一年持有混合A
023571,浦银周期优选混合C
010506,东方红睿玺三年持有混合C
011161,富国质量成长6个月持有混合C
017575,华夏稳兴增益一年持有混合A
017550,平安策略回报混合C
024462,南方瑞享混合A
010707,安信平稳合盈一年持有混合A
011542,鹏华远见回报三年持有混合
011495,华泰紫金丰和偏债混合发起C
000414,嘉实绝对收益策略定期混合A
010625,富国稳健增长混合C
011559,天弘宁弘六个月C
013967,广发恒享一年持有期混合A
018405,朱雀产业精选混合A
003846,汇安丰恒灵活配置混合C
011105,长信稳健均衡6个月持有期混合A
011736,宝盈祥庆9个月持有混合A
000557,国投瑞银新机遇灵活配置混合C
001800,华安新乐享灵活配置混合A
013394,信澳价值精选混合C
018175,富国龙头优势混合C
004617,建信鑫稳回报灵活配置混合A
017426,国富深化价值混合C
024229,国新国证新利混合C
009103,鹏扬红利优选混合C
009621,中欧心益稳健6个月混合A
023543,平安恒鑫混合E
008116,银华沪深股通精选混合A
013831,中欧瑾尚混合C
002745,华银丰利
050008,博时第三产业混合
165526,中信保诚新旺混合(LOF)A
009569,浙商智多宝稳健一年持有期C
010515,富国天兴回报混合A
017290,中欧科创主题混合(LOF)C
019253,富安达科技创新混合C
006399,宝盈祥颐定期开放混合C
010879,南方宝升混合A
013102,华夏稳福六个月持有混合C
012951,汇添富鑫享添利六个月持有混合A
016841,博道惠泰优选混合C
010043,天弘安康颐和混合A
022551,平安瑞利6个月持有混合C
025064,民生加银鑫福混合E
012155,汇添富成长先锋六个月持有混合A
020923,汇泉智享量化选股混合C
690004,民生加银稳健成长混合
012660,华安新乐享灵活配置混合C
013665,银河成长优选一年持有混合A
014339,长江智能制造混合发起式A
018409,中欧价值回报混合A
019978,融通动力先锋混合C
011462,东吴兴享成长混合C
012119,工银核心优势混合A
004618,建信鑫稳回报灵活配置混合C
010453,广发瑞福精选混合C
012055,鹏华安康一年持有期混合C
013830,中欧瑾尚混合A
165527,中信保诚新旺混合(LOF)C
233015,大摩量化配置混合A
023549,中邮核心优选混合C
004258,国寿安保稳嘉混合A
009978,银华招利一年持有期混合C
008136,九泰科盈价值混合C
009718,招商增浩混合A
012107,泓德瑞嘉三年持有期混合A
012684,东方红安盈甄选一年持有混合C
014828,汇泉启元未来混合发起式C
012300,浦银安裕回报一年持有期混合C
024413,中欧核心价值混合发起A
008162,浦银经济带崛起混合C
014361,红塔红土稳健添利混合C
017624,农银瑞云增益6个月持有混合A
007575,宝盈祥泰混合C
010708,安信平稳合盈一年持有混合C
011049,天弘恒新混合C
013612,工银民瑞一年持有混合C
024211,建信鑫稳回报灵活配置混合F
008978,银华长丰混合发起式
012027,光大安阳一年持有期混合A
010679,中欧均衡成长混合C
017232,工银稳润一年持有混合A
004608,长信乐信灵活配置混合A
005280,安信稳健阿尔法定开混合A
011394,中欧融益稳健一年混合C
011354,国联景盛一年持有混合C
020193,天弘金融优选混合发起A
009671,平安恒泽混合A
010029,富国稳进回报12个月持有期混合A
011176,平安恒鑫混合C
011819,鹏扬景阳一年持有混合C
010523,华安添禧一年持有期混合C
010408,安信浩盈6个月持有混合A
017887,国富安颐稳健6个月持有期混合C
015658,富荣研究优选混合C
013603,易方达均衡优选一年持有混合A
001335,南方利众A
012485,建信汇益一年持有混合A
023099,金信周期价值混合A
001204,东方红稳健精选混合C
014759,中欧琪福混合A
013095,安信远见成长混合A
016092,汇泉匠心智选一年持有混合C
004259,国寿安保稳嘉混合C
007042,前海联合泳隽混合C
010044,天弘安康颐和混合C
023825,永赢国企机遇慧选混合发起C
730001,方正富邦创新动力混合A
001571,嘉合磐石A
005588,长安裕腾混合A
010776,博时恒旭持有期混合C
014752,长信稳健增长一年持有混合A
017616,广发安颐一年持有期混合C
001136,易方达裕如灵活配置混合A
009182,浙商智多兴稳健回报一年持有混合C
019350,中信保诚瑞丰6个月混合C
009135,广发恒隆一年持有混合A
009807,东方红招盈甄选一年混合C
016995,华泰紫金安恒平衡配置混合发起A
016642,华商稳健泓利一年持有期混合C
004362,摩根安通回报混合C
009401,华安添瑞6个月混合C
009755,景顺长城安鑫回报一年持有期混合C
009783,富国兴泉回报12个月持有期混合C
014216,嘉实绝对收益策略定期混合C
006022,富国大盘价值量化精选混合A
008629,大成景瑞稳健配置混合A
012070,天弘安康颐享12个月持有C
012610,安信稳健汇利一年持有混合C
000072,华安稳健回报混合A
009747,中科沃土沃鑫成长精选混合C
009428,鹏扬景沣六个月持有期混合A
013183,浦银医疗健康混合C
017576,华夏稳兴增益一年持有混合C
398031,中海蓝筹混合A
001505,南方利众C
007318,中银民丰回报混合
009725,东方红优质甄选一年持有混合A
014080,交银启汇混合C
010894,鹏华汇智优选混合A
013968,广发恒享一年持有期混合C
013243,天弘安康颐丰一年持有混合A
000870,嘉实新收益混合
008305,大摩量化配置混合C
000058,国联安安泰灵活配置混合A
011649,易方达逆向投资混合A
011737,宝盈祥庆9个月持有混合C
009136,广发恒隆一年持有混合C
009641,中银证券优选行业龙头混合C
015911,兴业致远混合A
011538,长城优选添瑞六个月持有混合A
009622,中欧心益稳健6个月混合C
017630,富国周期精选三年持有期混合A
012952,汇添富鑫享添利六个月持有混合C
013726,惠升惠诚稳健一年持有混合A
020124,银华沪深股通精选混合C
010525,富国天兴回报混合C
015268,招商瑞联1年持有混合A
000572,中银多策略混合A
004609,长信乐信灵活配置混合C
320015,诺安行业轮动混合A
009684,汇添富创新增长一年定开混合C
007725,招商瑞文混合A
008336,宝盈祥裕增强回报混合A
970121,兴证资管金麒麟恒睿致远一年持有期混合C
020168,广发信远回报混合A
014152,国富鑫享价值混合C
022556,天弘安康颐和混合E
024385,国金红利量化选股混合A
002628,招商安博灵活配置混合A
011106,长信稳健均衡6个月持有期混合C
024729,兴业先进制造混合发起式A
000743,红塔红土盛世普益混合发起式
001300,大成睿景灵活配置混合A
005592,长安裕腾混合C
014340,长江智能制造混合发起式C
013666,银河成长优选一年持有混合C
004932,招商丰拓灵活混合A
005140,华夏睿磐泰荣混合A
023542,平安恒泽混合E
013267,天弘安康颐利混合A
020187,上银国企红利混合发起式C
024422,华夏信选混合C
590006,中邮中小盘灵活配置混合A
009031,工银聚和一年定开混合A
012108,泓德瑞嘉三年持有期混合C
014210,国投瑞银竞争优势混合A
013268,天弘安康颐利混合C
005906,招商丰茂灵活混合发起式A
012377,长盛安睿一年持有混合A
019030,信澳星耀智选混合A
022237,融通央企精选混合A
161722,招商丰泰混合(LOF)
013485,尚正竞争优势混合发起A
017625,农银瑞云增益6个月持有混合C
014181,富国大盘价值量化精选混合C
001403,招商国企改革主题混合基金
002227,长城新优选混合A
007046,方正富邦创新动力混合C
024257,宏利新起点混合C
024463,南方瑞享混合C
012028,光大安阳一年持有期混合C
012156,汇添富成长先锋六个月持有混合C
009076,工银圆兴混合
015012,浦银安弘回报一年持有混合A
017233,工银稳润一年持有混合C
020194,天弘金融优选混合发起C
017669,大成卓远视野混合A
023169,兴证资管国企红利优选混合发起式A
010030,富国稳进回报12个月持有期混合C
519125,浦银消费升级混合A
016097,东吴兴弘一年持有混合A
016781,湘财研究精选一年持有期混合A
018708,交银悦信精选混合A
008770,东方红安鑫甄选一年持有混合
009719,招商增浩混合C
017540,安信稳健增益6个月持有混合A
004815,中欧红利优享混合C
010880,南方宝升混合C
012486,建信汇益一年持有混合C
013785,东方红优质甄选一年持有混合C
014760,中欧琪福混合C
012975,西部利得碳中和混合发起A
017742,中欧行业鑫选混合A
001942,前海开源沪港深汇鑫混合A
001572,嘉合磐石C
010698,国联行业先锋6个月持有混合C
014753,长信稳健增长一年持有混合C
017417,易方达裕如灵活配置混合C
000892,九泰天宝灵活配置混合A
009672,平安恒泽混合C
010706,景顺长城景骊成长混合A
012491,华商核心引力混合A
015303,鹏扬丰融价值先锋一年持有混合A
022495,嘉实红利精选混合发起式A
165512,中信保诚新机遇混合(LOF)
014262,摩根沃享远见一年持有期混合C
016844,红土创新稳益6个月持有期混合A
009429,鹏扬景沣六个月持有期混合C
010423,国投瑞银价值成长一年持有混合A
001943,前海开源沪港深汇鑫混合C
008990,东方红匠心甄选一年持有混合
013604,易方达均衡优选一年持有混合C
100026,富国天合稳健优选混合
005341,长安裕泰混合A
013096,安信远见成长混合C
016042,华安稳健回报混合C
090007,大成策略回报混合A
007726,招商瑞文混合C
018406,朱雀产业精选混合C
519176,浦银消费升级混合C
013244,天弘安康颐丰一年持有混合C
005141,华夏睿磐泰荣混合C
009624,安信稳健阿尔法定开混合C
004823,摩根安裕回报混合A
011650,易方达逆向投资混合C
010819,安信稳健回报6个月混合A
011539,长城优选添瑞六个月持有混合C
021981,安联中国精选混合A
013727,惠升惠诚稳健一年持有混合C
012052,财通资管新聚益6个月持有混合发起式A
017631,富国周期精选三年持有期混合C
003516,国泰融安多策略灵活配置混合A
005876,易方达鑫转增利混合A
013426,贝莱德中国新视野混合A
015269,招商瑞联1年持有混合C
012378,长盛安睿一年持有混合C
012287,东海启航6个月持有混合A
016978,博时均衡优选混合A
018726,广发匠心优选三年持有混合发起式A
660003,农银平衡双利混合
011710,中欧睿泽混合A
020361,中海蓝筹混合C
002028,九泰天宝灵活配置混合C
010167,中银多策略混合C
001522,博时新策略灵活配置混合A
620007,金元顺安优质精选混合A
005644,广发沪港深龙头混合
018410,中欧价值回报混合C
022555,天弘安康颐利混合F
005342,长安裕泰混合C
008337,宝盈祥裕增强回报混合C
009907,湘财长泽灵活配置混合A
012120,工银核心优势混合C
015912,兴业致远混合C
024414,中欧核心价值混合发起C
519655,银河服务混合A
021513,富国港股通红利精选混合A
008630,大成景瑞稳健配置混合C
011071,鹏华安悦一年持有期混合A
015013,浦银安弘回报一年持有混合C
001418,宏利创益混合A
017541,安信稳健增益6个月持有混合C
023175,中邮中小盘灵活配置混合C
005907,招商丰茂灵活混合发起式C
009264,泓德瑞兴三年持有期混合
019570,诺安行业轮动混合C
010605,创金合信鑫祥混合A
016863,华安招裕一年持有混合A
002629,招商安博灵活配置混合C
519093,新华钻石品质企业混合
024386,国金红利量化选股混合C
024730,兴业先进制造混合发起式C
001375,金元顺安优质精选混合C
003132,德邦新回报灵活配置混合A
010610,摩根远见两年持有期混合
016996,华泰紫金安恒平衡配置混合发起C
020303,信澳星亮智选混合A
001523,博时新策略灵活配置混合C
013867,汇安优势企业精选混合A
014809,华安沣瑞一年持有混合A
483003,工银精选平衡混合
010369,大成卓享一年持有混合A
012719,华夏新兴经济一年持有混合A
014619,财通资管稳兴增益六个月持有期混合A
023170,兴证资管国企红利优选混合发起式C
024441,汇添富均衡潜力优选混合A
001157,国联安睿祺灵活配置混合
002593,富国美丽中国混合A
016098,东吴兴弘一年持有混合C
014851,长信稳健成长混合C
016845,红土创新稳益6个月持有期混合C
160812,长盛同益成长回报(LOF)
006567,中泰星元灵活配置混合A
000849,汇丰晋信双核策略混合A
020876,中欧景气精选混合A
022238,融通央企精选混合C
008404,华泰紫金泰盈混合A
014038,交银启诚混合A
020169,广发信远回报混合C
501066,东方红恒元五年持有混合
012976,西部利得碳中和混合发起C
022157,东兴红利优选混合A
002228,长城新优选混合C
620006,金元顺安消费主题混合
003861,招商兴福混合A
003670,国联物联网主题A
012161,安信招信一年持有混合A
013377,东海启航6个月持有混合C
015094,华商300智选混合A
016504,广发核心竞争力混合A
420009,天弘安康颐养混合A
003044,东方红战略精选混合A
004933,招商丰拓灵活混合C
013938,天弘安康颐养混合E
010694,万家内需增长一年持有混合
006227,华宝科技先锋混合A
016782,湘财研究精选一年持有期混合C
019472,长江长宏混合发起A
011734,国寿安保裕丰混合A
012492,华商核心引力混合C
014211,国投瑞银竞争优势混合C
010424,国投瑞银价值成长一年持有混合C
011767,泰康合润混合A
014203,鹏扬产业趋势一年持有混合A
019031,信澳星耀智选混合C
009032,工银聚和一年定开混合C
004710,民生加银鹏程混合A
012479,汇安信泰稳健一年持有期混合A
202009,南方盛元红利混合
013486,尚正竞争优势混合发起C
010895,鹏华汇智优选混合C
024501,招商科技智选混合发起式A
002273,宏利创益混合B
017670,大成卓远视野混合C
012706,中银核心精选混合A
011190,招商瑞安1年持有期混合A
001485,华安添颐混合A
003304,前海开源沪港深核心资源混合A
012053,财通资管新聚益6个月持有混合发起式C
519062,海富通阿尔法对冲混合A
011735,国寿安保裕丰混合C
018709,交银悦信精选混合C
019291,德邦新回报灵活配置混合C
010132,南方创新成长混合A
011598,信澳医药健康混合A
014829,诺德新能源汽车混合A
010045,汇添富稳健添盈一年持有混合
021982,安联中国精选混合C
003862,招商兴福混合C
008405,华泰紫金泰盈混合C
012281,中欧精益稳健一年持有混合
001301,大成睿景灵活配置混合C
014810,华安沣瑞一年持有混合C
022891,国联物联网主题C
009308,天弘安康颐养混合C
002363,华安安康灵活配置混合A
003305,前海开源沪港深核心资源混合C
004824,摩根安裕回报混合C
010929,大成核心价值甄选混合A
012005,信澳恒盛混合A
180010,银华优质增长混合
005421,中欧嘉泽灵活配置混合
012196,招商品质生活混合A
013427,贝莱德中国新视野混合C
022496,嘉实红利精选混合发起式C
023856,景顺长城景骊成长混合C
011072,鹏华安悦一年持有期混合C
000336,农银研究精选混合
163417,兴全合宜混合(LOF)A
010820,安信稳健回报6个月混合C
660004,农银策略价值混合
010036,广发恒通六个月持有期混合A
018727,广发匠心优选三年持有混合发起式C
022372,汇安信泰稳健一年持有期混合E
010606,创金合信鑫祥混合C
016864,华安招裕一年持有混合C
018225,大成策略回报混合C
022596,华安添颐混合C
002614,中银颐利混合A
002666,前海开源沪港深创新成长混合A
012162,安信招信一年持有混合C
024442,汇添富均衡潜力优选混合C
000065,国富焦点驱动混合A
001543,宝盈新锐混合A
010480,汇添富稳进双盈一年持有混合
013358,上银高质量优选9个月持有混合A
487021,工银优质精选混合A
007303,京管泰富优势混合A
007749,民生加银鹏程混合C
010370,大成卓享一年持有混合C
023584,中欧红利智选混合A
014620,财通资管稳兴增益六个月持有期混合C
001427,招商丰泽混合A
003062,银华通利混合A
007968,华泰柏瑞研究精选A
009908,湘财长泽灵活配置混合C
012704,中银兴利稳健回报灵活配置混合A
014960,国泰融安多策略灵活配置混合C
017026,鑫元鑫领航混合A
005877,易方达鑫转增利混合C
019357,大成兴远启航混合A
169101,东方红睿丰混合
011293,中金恒远一年持有期混合
012940,中泰星元灵活配置混合C
018350,万家欣优混合A
001445,华安国企改革主题灵活配置混合A
011980,国富匠心精选混合A
017743,中欧行业鑫选混合C
020877,中欧景气精选混合C
011930,华夏时代前沿一年持有混合A
022158,东兴红利优选混合C
002667,前海开源沪港深创新成长混合C
002461,中银珍利混合A
015095,华商300智选混合C
016979,博时均衡优选混合C
013634,申万菱信双利混合A
003045,东方红战略精选混合C
001364,大成景润灵活配置混合A
010842,华宝科技先锋混合C
011097,达诚宜创精选混合A
015304,鹏扬丰融价值先锋一年持有混合C
019473,长江长宏混合发起C
213002,宝盈泛沿海增长混合
080008,长盛战略新兴产业混合A
013868,汇安优势企业精选混合C
018889,银河服务混合C
001782,九泰久益混合A
015976,光大数字经济主题混合A
016645,富国恒享回报12个月持有混合A
290005,泰信优势增长混合
000850,汇丰晋信双核策略混合C
004734,中欧瑾灵灵活配置混合A
012480,汇安信泰稳健一年持有期混合C
011798,华安宁享6个月混合A
021514,富国港股通红利精选混合C
770001,德邦优化A
002462,中银珍利混合C
002612,融通通慧混合A/B
008589,大成景润灵活配置混合C
020304,信澳星亮智选混合C
000530,招商丰盛稳定增长混合A
011191,招商瑞安1年持有期混合C
660001,农银行业成长混合
021826,国投瑞银磐睿量化选股混合A
001362,景顺长城领先回报混合A
012707,中银核心精选混合C
090013,大成竞争优势混合A
008795,海富通阿尔法对冲混合C
009956,广发恒誉混合A
011566,富国美丽中国混合C
017813,兴合安迎混合A
006007,诺安积极配置混合A
008838,德邦量化对冲混合A
001834,长盛战略新兴产业混合C
090004,大成精选增值混合A
011711,中欧睿泽混合C
018714,平安新鑫优选混合A
008269,大成睿享混合A
016505,广发核心竞争力混合C
001883,中欧新动力混合(LOF)E
002615,中银颐利混合C
018235,光大新机遇混合C
166009,中欧新动力混合(LOF)A
001844,九泰久益混合C
017211,国富焦点驱动混合C
012006,信澳恒盛混合C
012406,永赢长远价值混合A
012720,华夏新兴经济一年持有混合C
003063,银华通利混合C
270002,广发稳健增长混合A
011681,汇添富均衡精选六个月持有混合A
011189,建信智汇优选一年持有期混合(MOM)
011768,泰康合润混合C
014204,鹏扬产业趋势一年持有混合C
014241,农银均衡收益混合
009296,南方誉慧一年混合A
010038,广发恒通六个月持有期混合C
012088,东方红锦和甄选18个月持有混合A
011791,招商瑞盈9个月持有期混合A
024502,招商科技智选混合发起式C
014539,华安优势精选混合A
007304,京管泰富优势混合C
014482,华夏融盛可持续一年持有混合A
012268,浙商智多享稳健混合发起式A
011727,工银聚瑞混合A
017027,鑫元鑫领航混合C
010133,南方创新成长混合C
024171,信澳医药健康混合C
001379,景顺长城领先回报混合C
011992,汇安泓利一年持有期混合C
019498,兴全创新优势混合A
012001,中泰星宇价值成长混合A
014830,诺德新能源汽车混合C
018702,德邦优化C
014039,交银启诚混合C
007387,融通通慧混合C
013635,申万菱信双利混合C
024087,百嘉科技创新混合A
008375,中欧启航三年混合A
008839,德邦量化对冲混合C
012113,融通稳健增长一年持有期混合A
016902,鑫元欣悦混合A
001446,招商丰泽混合C
010930,大成核心价值甄选混合C
011748,华泰柏瑞景气成长混合A
002364,华安安康灵活配置混合C
010291,华泰柏瑞研究精选C
014573,东方红锦弘甄选两年持有混合
012407,永赢长远价值混合C
007109,南方沪港深核心优势混合A
016478,光大专精特新混合C
005491,兴全合宜混合(LOF)C
016646,富国恒享回报12个月持有混合C
019991,中欧红利精选混合发起A
006323,合煦智远嘉选混合A
007825,博道志远混合A
011799,华安宁享6个月混合C
015699,平安均衡成长2年持有混合A
018222,工银优质精选混合C
018356,万家欣优混合C
015977,光大数字经济主题混合C
003333,泰信智选成长灵活配置混合A
006051,鹏扬核心价值灵活配置A
008704,广发高股息优享混合A
015219,鹏扬产业智选一年持有混合A
016477,光大专精特新混合A
022119,平安产业趋势混合A
001282,华安新机遇灵活配置混合A
013359,上银高质量优选9个月持有混合C
011098,达诚宜创精选混合C
019358,大成兴远启航混合C
012705,中银兴利稳健回报灵活配置混合C
023585,中欧红利智选混合C
003751,万家瑞隆混合A
009957,广发恒誉混合C
160921,大成多策略混合(LOF)A
010676,光大新机遇混合A
016774,中信建投红利智选混合A
016834,东方红共赢甄选一年持有混合A
017564,华安产业优选混合A
010688,招商瑞德一年持有期混合A
012029,广发恒鑫一年持有期混合A
016290,华安国企改革主题灵活配置混合C
016830,广发恒裕一年持有期混合A
002417,招商丰盛稳定增长混合C
008835,富国量化对冲策略三个月持有期混合A
021827,国投瑞银磐睿量化选股混合C
013985,融通稳健增利6个月持有混合A
013266,泰信智选成长灵活配置混合C
020353,富国量化对冲策略三个月持有期混合E
008270,大成睿享混合C
019183,大成精选增值混合C
012114,融通稳健增长一年持有期混合C
014460,平安品质优选混合A
024175,中欧大盘价值混合A
257050,国联安主题驱动混合A
002456,招商安元灵活配置混合A
519033,海富通国策导向混合A
002457,招商安元灵活配置混合C
009326,广发稳健增长混合C
010503,招商稳兴混合A
002535,中银鑫利混合A
012197,招商品质生活混合C
014706,华富匠心明选一年持有混合A
000398,华富灵活配置混合A
018539,中银富利6个月持有期混合A
002582,招商丰凯混合C
002581,招商丰凯混合A
020830,东兴医药生物量化选股混合A
012030,广发恒鑫一年持有期混合C
007578,宝盈新锐混合C
012089,东方红锦和甄选18个月持有混合C
011931,华夏时代前沿一年持有混合C
011792,招商瑞盈9个月持有期混合C
006700,红土创新稳健混合A
017735,融通明锐混合A
024088,百嘉科技创新混合C
013463,大成致远优势一年持有期混合A
011682,汇添富均衡精选六个月持有混合C
011728,工银聚瑞混合C
017814,兴合安迎混合C
002536,中银鑫利混合C
017532,平安研究优选混合A
011044,中银顺泽回报一年持有期混合A
018413,大成竞争优势混合C
019470,华夏信兴回报混合A
011981,国富匠心精选混合C
011901,南方竞争优势混合A
013986,融通稳健增利6个月持有混合C
015578,南方宝祥混合A
016903,鑫元欣悦混合C
002224,中邮绝对收益策略定期开放混合
008547,博道安远6个月持有期混合
008376,中欧启航三年混合C
009190,景顺长城核心优选一年持有混合
011243,万家惠裕回报6个月持有期混合A
100056,富国低碳环保混合
005120,摩根量化多因子混合
012073,华安均衡优选混合A
011015,嘉合锦元回报混合A
014540,华安优势精选混合C
016835,东方红共赢甄选一年持有混合C
001584,国投瑞银新活力混合A
006538,东海核心价值
008705,广发高股息优享混合C
012002,中泰星宇价值成长混合C
012346,易方达港股通成长混合A
016517,华泰紫金创新成长混合发起A
004735,中欧瑾灵灵活配置混合C
009297,南方誉慧一年混合C
006052,鹏扬核心价值灵活配置C
016041,华安新机遇灵活配置混合C
014730,华富荣盛一年持有期混合A
019499,兴全创新优势混合C
017142,华宝远见回报混合A
023959,渤海汇金鑫泉平衡混合发起A
014483,华夏融盛可持续一年持有混合C
010532,广发恒信一年持有期混合A
006008,诺安积极配置混合C
016775,中信建投红利智选混合C
006324,合煦智远嘉选混合C
007826,博道志远混合C
011271,汇添富价值成长均衡投资混合A
010689,招商瑞德一年持有期混合C
001585,国投瑞银新活力混合C
015110,惠升领先优选混合A
016831,广发恒裕一年持有期混合C
018715,平安新鑫优选混合C
009334,富国融享18个月定开混合A
002767,泰康宏泰回报混合A
004236,中欧新动力混合(LOF)C
009114,鹏扬景泓回报灵活配置混合A
011128,华安精致生活混合A
010504,招商稳兴混合C
013184,广发恒阳一年持有混合A
501189,嘉实产业优选混合(LOF)A
019300,海富通国策导向混合D
024176,中欧大盘价值混合C
018540,中银富利6个月持有期混合C
014707,华富匠心明选一年持有混合C
015700,平安均衡成长2年持有混合C
022153,华泰柏瑞红利精选混合A
003125,中科沃土沃鑫成长精选混合A
400013,东方成长收益灵活配置混合A
015384,万家瑞隆混合C
017011,广发安润一年持有期混合A
019198,华富灵活配置混合C
019992,中欧红利精选混合发起C
020831,东兴医药生物量化选股混合C
007687,东方成长收益灵活配置混合C
022120,平安产业趋势混合C
010597,创金合信景雯灵活配置混合A
012765,广发大盘价值混合A
206002,鹏华精选成长混合A
012269,浙商智多享稳健混合发起式C
013464,大成致远优势一年持有期混合C
011807,平安研究精选混合A
009128,明亚价值长青混合A
002313,宏利新起点混合B
002270,东吴安盈量化混合A
260110,景顺长城精选蓝筹混合
009029,工银高质量成长混合A
017565,华安产业优选混合C
004244,东方周期优选灵活配置混合A
005974,东方红配置精选混合A
009570,鹏华匠心精选混合A
016062,大成多策略混合(LOF)C
010465,鹏扬景创混合A
017736,融通明锐混合C
002057,中银新机遇混合A
005082,诺德量化蓝筹增强混合A
011749,华泰柏瑞景气成长混合C
019299,海富通国策导向混合C
002955,融通新趋势灵活配置混合
005833,工银红利优享混合A
011244,万家惠裕回报6个月持有期混合C
014811,平安兴奕成长1年持有混合A
021147,财通华臻量化选股混合A
006302,银华行业轮动混合
006701,红土创新稳健混合C
017415,中泰元和价值精选混合A
011046,富国优质企业混合A
015220,鹏扬产业智选一年持有混合C
005083,诺德量化蓝筹增强混合C
014731,华富荣盛一年持有期混合C
011938,博时新能源汽车主题混合A
012347,易方达港股通成长混合C
160910,大成创新成长混合(LOF)A
002058,中银新机遇混合C
018381,安信红利精选混合A
010598,创金合信景雯灵活配置混合C
013783,兴银竞争优势混合A
018037,泰康宏泰回报混合C
023960,渤海汇金鑫泉平衡混合发起C
012661,广发恒益一年持有期混合A
001146,中欧瑾源灵活配置混合A
010533,广发恒信一年持有期混合C
011045,中银顺泽回报一年持有期混合C
004453,前海开源盈鑫A
001147,中欧瑾源灵活配置混合C
019471,华夏信兴回报混合C
008545,泓德丰润三年持有期混合
010336,中欧悦享生活混合A
010163,财通资管价值精选一年持有混合A
011902,南方竞争优势混合C
015111,惠升领先优选混合C
620002,金元顺安成长动力混合
015579,南方宝祥混合C
024676,万家多元价值混合发起式A
002640,中信建投睿溢混合A
004913,中银证券聚瑞混合A
009115,鹏扬景泓回报灵活配置混合C
014461,平安品质优选混合C
009129,明亚价值长青混合C
240008,华宝收益增长混合A
009223,宝盈现代服务业混合A
013185,广发恒阳一年持有混合C
004454,前海开源盈鑫C
006843,中信建投睿溢混合C
015696,农银绿色能源混合
004477,嘉实沪港深回报混合
011016,嘉合锦元回报混合C
022154,华泰柏瑞红利精选混合C
012766,广发大盘价值混合C
014598,永赢合享混合发起A
017012,广发安润一年持有期混合C
240010,华宝行业精选混合
014576,农银汇理瑞丰6个月持有混合
016518,华泰紫金创新成长混合发起C
002833,华夏新锦绣混合A
012262,华宝可持续发展混合A
019361,富国核心优势混合发起式A
003291,信澳健康中国混合A
009210,中欧嘉和三年混合A
012138,景顺长城安益回报一年持有混合A
016528,广发稳宏一年持有混合A
350001,天治财富增长混合
007016,富国睿泽回报混合
004914,中银证券聚瑞混合C
017143,华宝远见回报混合C
013776,中泰兴为价值精选混合A
019743,银华富兴央企混合发起式A
001312,华安新优选灵活配置混合A
014944,蜂巢润和六个月持有期混合A
005412,金信民长混合A
013890,国泰睿毅三年持有期混合A
519918,华夏兴和混合A
001720,工银新增利混合
008313,光大研究精选混合A
011272,汇添富价值成长均衡投资混合C
015154,东吴安盈量化混合C
002834,华夏新锦绣混合C
010466,鹏扬景创混合C
021478,东方周期优选灵活配置混合C
012533,嘉实价值驱动一年持有期混合A
018860,嘉实产业优选混合(LOF)C
020966,东吴科技创新混合A
001858,建信鑫利灵活配置混合A
008719,德邦安顺混合A
021148,财通华臻量化选股混合C
001635,万家瑞益灵活配置混合A
005834,工银红利优享混合C
002144,华安新优选灵活配置混合C
011129,华安精致生活混合C
008480,永赢股息优选A
011238,华安聚恒精选混合A
005552,国富新趋势混合A
005413,金信民长混合C
012096,鑫元鑫动力混合A
005975,东方红配置精选混合C
019208,大成创新成长混合(LOF)C
002657,招商安裕灵活配置混合A
016562,鹏华精选成长混合C
017533,平安研究优选混合C
018073,国泰产业精选混合A
009317,金信核心竞争力混合A
019497,博道明远混合A
240004,华宝动力组合混合A
013784,兴银竞争优势混合C
012662,广发恒益一年持有期混合C
673120,西部利得新富混合A
013439,嘉实产业优势混合A
660006,农银大盘蓝筹混合
017416,中泰元和价值精选混合C
018382,安信红利精选混合C
014164,富国融享18个月定开混合C
020433,金信核心竞争力混合C
001219,摩根动态多因子混合A
014591,广发瑞誉一年持有期混合A
005492,农银汇理研究驱动混合
008373,华泰柏瑞景气回报一年持有期混合A
013630,嘉实均衡臻选一年持有混合A
020117,南华丰元量化选股混合A
001636,万家瑞益灵活配置混合C
011390,华安添祥6个月持有混合A
014599,永赢合享混合发起C
015828,永赢新能源智选混合发起A
168101,九泰锐智事件驱动混合(LOF)
008481,永赢股息优选C
012473,大成成长回报六个月持有混合A
011518,嘉实价值臻选混合A
700001,平安行业先锋混合
011629,银河核心优势混合A
025352,凯石瑞鑫6个月持有混合发起A
005553,国富新趋势混合C
009121,广发招享混合A
011047,富国优质企业混合C
011939,博时新能源汽车主题混合C
016524,招商均衡成长混合A
024677,万家多元价值混合发起式C
000195,工银成长收益混合A
007251,广发睿享稳健增利混合A
012139,景顺长城安益回报一年持有混合C
012263,华宝可持续发展混合C
016529,广发稳宏一年持有混合C
013610,中信保诚前瞻优势混合
009211,中欧嘉和三年混合C
009224,宝盈现代服务业混合C
011808,平安研究精选混合C
009667,鹏华安庆混合A
011256,交银鸿光一年混合A
460005,华泰柏瑞价值增长混合A
013891,国泰睿毅三年持有期混合C
008290,华安现代生活混合
014945,蜂巢润和六个月持有期混合C
009571,鹏华匠心精选混合C
000844,南方绝对收益
019718,摩根悦享回报6个月持有期混合A
008720,德邦安顺混合C
377020,摩根内需动力混合A
019744,银华富兴央企混合发起式C
011702,广发睿享稳健增利混合C
013160,创金合信碳中和混合A
014812,平安兴奕成长1年持有混合C
020967,东吴科技创新混合C
519130,海富通新内需混合A
006595,广发港股通优质增长混合A
014606,招商高端装备混合A
015573,华宝收益增长混合C
021910,渤海汇金优选价值混合发起A
006845,中信建投聚利混合C
012074,华安均衡优选混合C
013777,中泰兴为价值精选混合C
014239,国泰产业精选混合C
019073,建信鑫利灵活配置混合C
001914,中信建投聚利混合A
090019,大成景恒混合A
011405,银华稳健增长一年持有期混合
015485,平安策略优选1年持有混合A
008374,华泰柏瑞景气回报一年持有期混合C
008271,大成优势企业混合A
015041,西部利得新富混合C
012097,鑫元鑫动力混合C
020098,万家惠诚回报平衡一年持有期混合A
009230,鹏华安和混合A
001660,富安达行业轮动混合
006109,富荣价值精选混合A
001852,融通中国风1号灵活配置混合A/B
019362,富国核心优势混合发起式C
002172,海富通新内需混合C
012408,广发恒昌一年持有混合A
001118,华宝事件驱动混合A
021911,渤海汇金优选价值混合发起C
003241,创金合信量化发现混合A
020147,兴银价值平衡混合A
010337,中欧悦享生活混合C
010164,财通资管价值精选一年持有混合C
012534,嘉实价值驱动一年持有期混合C
017766,华夏兴和混合C
019501,博道明远混合C
009872,中欧责任投资混合A
014592,广发瑞誉一年持有期混合C
018806,华安国企机遇混合A
009668,鹏华安庆混合C
011239,华安聚恒精选混合C
012409,广发恒昌一年持有混合C
015829,永赢新能源智选混合发起C
012474,大成成长回报六个月持有混合C
016181,华安添祥6个月持有混合C
009030,工银高质量成长混合C
016981,银河核心优势混合C
002658,招商安裕灵活配置混合C
010668,工银优选对冲灵活配置混合发起A
013440,嘉实产业优势混合C
013880,广发招享混合C
015208,信澳健康中国混合C
016257,华宝动力组合混合C
015989,华安碳中和混合A
020118,南华丰元量化选股混合C
519971,长信改革红利混合
001500,泓德远见回报混合
011257,交银鸿光一年混合C
009231,鹏华安和混合C
010273,嘉实价值长青混合A
019719,摩根悦享回报6个月持有期混合C
020090,万家研究领航混合A
013161,创金合信碳中和混合C
018101,贝莱德卓越远航混合A
014053,太平睿庆混合A
024068,海富通新内需混合D
013631,嘉实均衡臻选一年持有混合C
017176,摩根动态多因子混合C
023158,上银先进制造混合发起式A
020099,万家惠诚回报平衡一年持有期混合C
519113,浦银精致生活混合A
000196,工银成长收益混合B
014024,华富卓越成长一年持有期混合A
016402,摩根内需动力混合C
006110,富荣价值精选混合C
023931,嘉实价值臻选混合C
025353,凯石瑞鑫6个月持有混合发起C
000926,中信建投睿信灵活配置混合A
016525,招商均衡成长混合C
013392,广发港股通优质增长混合C
550008,中信保诚优胜精选混合A
009999,东方中国红利混合
002189,农银汇理国企改革混合
020148,兴银价值平衡混合C
020801,易方达红利混合A
009273,融通中国风1号灵活配置混合C
018620,兴全兴晨六个月持有混合A
014025,华富卓越成长一年持有期混合C
004676,中信建投睿信灵活配置混合C
010669,工银优选对冲灵活配置混合发起C
006038,大成景恒混合C
009154,海富通富盈混合A
013051,汇泉臻心致远混合A
019277,长城国企优选混合发起式A
018862,大成创优鑫选混合A
011548,九泰久慧混合A
017995,华宝事件驱动混合C
005039,鹏扬景兴混合A
010037,华泰柏瑞价值增长混合C
002497,东方盛世灵活配置混合A
002295,广发稳安灵活配置A
017216,国投瑞银策略智选混合A
019958,湘财医药健康混合A
009590,东方盛世灵活配置混合C
001357,泓德泓富混合A
010274,嘉实价值长青混合C
001306,中欧永裕混合A
001857,易方达现代服务业混合
012184,大成创新趋势混合A
000679,招商丰利灵活配置混合A
014607,招商高端装备混合C
018939,长城景气成长混合A
018807,华安国企机遇混合C
020495,建信研究精选混合A
005904,华泰保兴成长优选A
011549,九泰久慧混合C
015486,平安策略优选1年持有混合C
006250,摩根动力精选混合A
010122,华泰柏瑞优势领航混合A
023159,上银先进制造混合发起式C
008272,大成优势企业混合C
019278,长城国企优选混合发起式C
019209,浦银精致生活混合C
020015,国泰区位优势混合A
012502,银华安盛混合
020091,万家研究领航混合C
014054,太平睿庆混合C
015950,华夏蓝筹混合(LOF)C
018102,贝莱德卓越远航混合C
001004,新华稳健回报灵活配置混合发起
015990,华安碳中和混合C
021650,东方红红利量化选股混合发起A
410006,华富策略精选混合A
003242,创金合信量化发现混合C
001537,中加改革红利混合
020637,华泰紫金价值远见18个月持有混合发起A
017655,嘉实价值丰裕混合A
006039,国富估值优势混合A
006121,华安双核驱动混合A
166023,中欧瑞丰灵活配置混合(LOF)A
014150,新华鑫益灵活配置混合A
019106,南方智信混合A
000452,南方医药保健混合A
009873,中欧责任投资混合C
018621,兴全兴晨六个月持有混合C
007139,富国民裕进取沪港深成长A
004393,安信企业价值优选混合A
162212,宏利红利先锋混合A
009345,中银顺兴回报一年持有混合A
001102,前海开源国家比较优势混合A
009155,海富通富盈混合C
013052,汇泉臻心致远混合C
019727,国泰招享添利六个月持有混合发起A
020802,易方达红利混合C
005275,中欧创新成长灵活配置混合A
006557,海富通研究精选混合A
377530,摩根行业轮动混合A
004677,博时战略新兴产业混合
008819,农银汇理策略趋势混合
005521,华安红利精选混合A
005040,鹏扬景兴混合C
010906,博远优享混合A
010570,新沃创新领航混合A
012576,富国诚益回报12个月持有混合A
014585,银华心兴三年持有混合A
016255,中信保诚优胜精选混合C
019959,湘财医药健康混合C
070006,嘉实服务增值行业混合
000567,广发聚祥灵活混合
420003,天弘永定价值成长混合A
005323,前海开源泽鑫混合A
008604,广发稳安灵活配置C
018698,国投瑞银盛煊混合A
010712,中欧瑾利混合A
019610,财通数字经济智选混合发起A
020496,建信研究精选混合C
008077,九泰天奕量化价值混合A
012185,大成创新趋势混合C
017217,国投瑞银策略智选混合C
160314,华夏行业混合(LOF)
003373,大成景禄灵活配置混合A
024464,招商价值严选混合
004900,财通资管鑫锐混合A
005848,银华裕利混合发起式A
013137,摩根动力精选混合C
005324,前海开源泽鑫混合C
012640,鹏华稳健鸿利一年持有期混合A
013936,广发睿升混合A
519170,浦银增长动力混合A
008132,鹏华价值驱动混合
010357,南方阿尔法混合A
762001,国金国鑫发起A
001376,泓德泓富混合C
006132,万家智造优势混合A
010271,国富价值成长一年持有期混合A
010713,中欧瑾利混合C
003374,大成景禄灵活配置混合C
005519,银华混改红利灵活配置混合发起式A
002123,华银外延增长主题灵活配置
009700,长江添利混合A
009853,中加优势企业混合A
010081,泰康浩泽混合A
010222,大摩民丰盈和一年持有混合
019340,西部利得研究精选混合A
018863,大成创优鑫选混合C
002416,招商丰利灵活配置混合C
010425,国投瑞银开放视角精选混合A
012510,国富优质企业一年持有期混合A
017451,国富估值优势混合C
019728,国泰招享添利六个月持有混合发起C
020964,安信企业价值优选混合C
660010,农银策略精选混合
001363,长城久惠灵活配置混合A
008137,九泰天奕量化价值混合C
010764,九泰锐升混合
005905,华泰保兴成长优选C
014068,工银瑞信悦享混合A
018940,长城景气成长混合C
004901,财通资管鑫锐混合C
011556,富国民裕进取沪港深成长C
001679,前海开源中国稀缺资产混合A
012511,国富优质企业一年持有期混合C
021651,东方红红利量化选股混合发起C
004740,中欧瑞丰灵活配置混合C
000584,新华鑫益灵活配置混合C
011870,前海开源国家比较优势混合C
015594,国泰区位优势混合C
002079,前海开源中国稀缺资产混合C
000063,长盛电子信息主题混合A
560002,益民红利成长混合
009762,国金国鑫发起C
010907,博远优享混合C
019235,华富策略精选混合C
012577,富国诚益回报12个月持有混合C
008966,博时成长优选灵活配置混合A
014586,银华心兴三年持有混合C
255010,国联安稳健混合A
011570,鹏华鑫远价值一年持有期混合A
014641,摩根行业轮动混合C
015463,天弘永定价值成长混合C
008866,博时产业新趋势混合A
020638,华泰紫金价值远见18个月持有混合发起C
011203,永赢惠添益混合A
013504,华安双核驱动混合C
002282,平安安享灵活配置混合A
010027,景顺长城核心中景一年持有混合
001307,中欧永裕混合C
008308,华夏见龙精选混合
017656,嘉实价值丰裕混合C
000127,农银行业领先混合
006952,中银景元回报混合
004224,南方军工改革灵活配置混合A
013853,大成匠心卓越三年持有混合A
010571,新沃创新领航混合C
003345,安信新成长混合A
013937,广发睿升混合C
019107,南方智信混合C
020003,国泰金龙行业混合
009346,中银顺兴回报一年持有混合C
014003,浦银增长动力混合C
010123,华泰柏瑞优势领航混合C
015619,宏利红利先锋混合C
005794,银华心怡灵活配置混合A
005347,诺德量化优选6个月持有期混合
009366,浦银科技创新一年持有混合A
010272,国富价值成长一年持有期混合C
020558,工银健康产业混合A
160311,华夏蓝筹混合(LOF)A
007663,平安安享灵活配置混合C
017608,汇添富远景成长一年持有混合A
019611,财通数字经济智选混合发起C
020339,银华混改红利灵活配置混合发起式C
009630,浦银ESG责任投资混合A
009701,长江添利混合C
019341,西部利得研究精选混合C
004442,中欧康裕混合A
010082,泰康浩泽混合C
016997,创金合信产业臻选平衡混合A
001487,宝盈优势产业混合A
008037,兴银先锋成长混合A
161616,融通医疗保健行业混合A/B
010426,国投瑞银开放视角精选混合C
018699,国投瑞银盛煊混合C
014971,华安红利精选混合C
017400,贝莱德行业优选混合A
024678,东海产业优选混合发起式A
000612,华宝生态中国混合A
006133,万家智造优势混合C
019729,华夏国企红利混合发起式A
013983,中金稳健增长混合A
014933,南方医药保健混合C
016945,中泰ESG主题6个月持有混合发起
004455,中欧康裕混合C
070032,嘉实优化红利混合A
003580,泰康沪港深价值优选混合
004680,前海开源裕瑞混合A
009332,博时恒裕持有期混合A
005276,中欧创新成长灵活配置混合C
009636,华泰柏瑞景气优选A
010358,南方阿尔法混合C
014228,浦银品质优选混合A
003346,安信新成长混合C
019960,富国远见价值混合A
005481,银华瑞泰灵活配置混合A
006556,海富通研究精选混合C
021755,中欧价值品质混合发起A
001471,融通新能源灵活配置混合A
519993,长信增利动态策略混合
019628,中金成长领航混合发起A
001604,浙商汇金转型升级A
011204,永赢惠添益混合C
017626,长城久惠灵活配置混合C
000529,广发竞争优势混合A
373010,摩根双息平衡混合A
014069,工银瑞信悦享混合C
011148,南方军工改革灵活配置混合C
012641,鹏华稳健鸿利一年持有期混合C
013854,大成匠心卓越三年持有混合C
001449,华商双驱优选混合
400025,东方新兴成长混合
017261,大成成长领航一年持有混合A
673040,西部利得行业主题优选混合A
009367,浦银科技创新一年持有混合C
010996,招商品质升级混合A
009631,浦银ESG责任投资混合C
005453,前海开源医疗健康A
010347,农银策略收益一年持有混合
019352,招商精选企业混合A
017079,格林鑫利六个月持有期混合A
009854,中加优势企业混合C
673043,西部利得行业主题优选混合C
501092,交银瑞思混合(LOF)
008967,博时成长优选灵活配置混合C
004005,东方民丰回报赢安混合A
012771,宝盈优势产业混合C
162102,金鹰中小盘精选混合A
019275,浙商汇金转型升级C
002489,国泰民福策略价值混合A
024691,鑫元新兴产业睿选混合发起式A
008867,博时产业新趋势混合C
005454,前海开源医疗健康C
008063,汇添富大盘核心资产混合A
013984,中金稳健增长混合C
011843,民生加银内核驱动混合A
012616,嘉实优化红利混合C
001791,大成绝对收益策略混合A
009275,融通医疗保健行业混合C
168102,九泰锐富事件驱动混合发起式(LOF)A
017036,嘉实低碳精选混合发起式A
017401,贝莱德行业优选混合C
011454,华泰柏瑞景气优选C
014043,银华心怡灵活配置混合C
021273,摩根均衡精选混合A
020559,工银健康产业混合C
010457,广发睿鑫混合A
017609,汇添富远景成长一年持有混合C
005543,银华心诚灵活配置混合A
009312,前海联合价值优选混合A
009333,博时恒裕持有期混合C
024934,华夏臻选回报混合B
002054,中银新财富混合A
519766,交银荣鑫灵活配置混合A
013934,长江红利回报混合发起式A
519694,交银蓝筹混合
016998,创金合信产业臻选平衡混合C
019730,华夏国企红利混合发起式C
011571,鹏华鑫远价值一年持有期混合C
011755,广发竞争优势混合C
005933,前海联合先进制造混合A
024679,东海产业优选混合发起式C
002056,中银新财富混合C
016462,华宝生态中国混合C
000945,华夏医疗健康混合A
019514,交银荣鑫灵活配置混合C
006190,前海开源裕瑞混合C
011468,国富竞争优势三年持有期混合A
004006,东方民丰回报赢安混合C
006547,红塔红土盛弘混合A
012193,泓德睿诚混合A
013600,九泰锐富事件驱动混合发起式(LOF)C
017262,大成成长领航一年持有混合C
018105,中欧聚优港股通混合发起A
019961,富国远见价值混合C
005732,富国臻选成长灵活配置混合A
021756,中欧价值品质混合发起C
016345,长安行业成长混合A
017080,格林鑫利六个月持有期混合C
014948,融通新能源灵活配置混合C
024692,鑫元新兴产业睿选混合发起式C
008038,兴银先锋成长混合C
019629,中金成长领航混合发起C
006780,广发稳健策略混合A
011469,国富竞争优势三年持有期混合C
014998,国泰民福策略价值混合C
090015,大成内需增长混合A
013733,红塔红土盛丰混合A
002307,银华多元视野灵活配置混合
016274,华泰保兴鑫成优选混合A
017037,嘉实低碳精选混合发起式C
015217,鹏扬成长领航混合A
010481,汇添富高质量成长精选2年持有混合
021271,华泰紫金远见回报12个月持有混合A
003993,前海开源沪港深核心驱动混合
011844,民生加银内核驱动混合C
000423,前海开源事件驱动混合A
161706,招商优质成长混合(LOF)
005498,银华积极成长混合A
010458,广发睿鑫混合C
013958,华商鑫选回报一年持有混合A
018890,大成锐见未来混合A
001226,中邮稳健添利灵活配置混合
009313,前海联合价值优选混合C
012093,鹏华创新升级混合A
014229,浦银品质优选混合C
019353,招商精选企业混合C
003715,宝盈消费主题混合
004340,泰康兴泰回报沪港深混合A
006548,红塔红土盛弘混合C
014042,银华心诚灵活配置混合C
016803,摩根双息平衡混合C
008276,财通资管价值发现混合A
013935,长江红利回报混合发起式C
001865,前海开源事件驱动混合C
011717,浦银均衡优选6个月持有混合A
019094,金鹰中小盘精选混合C
019345,交银医疗健康混合发起A
005934,前海联合先进制造混合C
010832,国泰合益混合A
021274,摩根均衡精选混合C
015135,工银专精特新混合A
022195,汇丰晋信景气优选混合A
019430,国联安价值甄选混合
015116,汇添富大盘核心资产混合C
000410,益民服务领先混合A
020884,鹏华成长先锋混合A
010997,招商品质升级混合C
013734,红塔红土盛丰混合C
010413,财通资管宸瑞一年持有混合A
010723,中欧价值成长混合A
673071,西部利得新动力混合A
014311,大成优质精选混合A
024935,华夏臻选回报混合C
003484,金鹰鑫益混合A
000946,华夏医疗健康混合C
050012,博时策略混合
519002,华安安信消费混合A
010744,工银灵动价值混合A
010833,国泰合益混合C
519126,浦银新经济结构混合A
233009,大摩多因子策略混合A
016346,长安行业成长混合C
003485,金鹰鑫益混合C
003717,中银量化精选混合A
011956,鹏华新能源精选混合A
019110,泰康兴泰回报沪港深混合C
001792,大成绝对收益策略混合C
011733,银华瑞祥一年持有期混合
019615,益民服务领先混合C
022223,泉果消费机遇混合发起式A
024454,景顺长城成长同行混合
018106,中欧聚优港股通混合发起C
018891,大成锐见未来混合C
673073,西部利得新动力混合C
016275,华泰保兴鑫成优选混合C
005812,鹏华产业精选混合A
021649,富国臻选成长灵活配置混合C
012175,易方达稳健增利混合A
011718,浦银均衡优选6个月持有混合C
012767,财通资管价值发现混合C
009368,浦银价值精选混合A
011536,惠升惠益混合A
001287,安信优势增长混合A
011816,融通多元收益一年持有期混合
019801,华泰紫金价值甄选混合C
009169,湘财长兴灵活配置混合A
019255,大成内需增长混合C
009376,景顺长城成长领航混合
160918,大成中小盘混合(LOF)A
021272,华泰紫金远见回报12个月持有混合C
008260,长城价值优选混合A
012194,泓德睿诚混合C
014045,银华积极成长混合C
022115,鑫元致远量化选股混合A
010225,东方红启航三年持有混合B
257010,国联安小盘精选混合
010692,华夏核心价值混合A
013959,华商鑫选回报一年持有混合C
010746,富安达长三角区域主题混合A
160526,博时优势企业灵活配置混合A
022196,汇丰晋信景气优选混合C
007233,金鹰鑫益混合E
019346,交银医疗健康混合发起C
002036,安信优势增长混合C
013636,国投瑞银策略回报混合A
161605,融通蓝筹成长混合A/B
012051,申万菱信乐道三年持有期混合
450002,国富弹性市值混合A
015510,平安价值领航混合A
002271,招商晟元价值驱动混合A
025192,广发稳健策略混合C
010876,浙商智选先锋一年持有混合A
013259,浦银新经济结构混合C
015136,工银专精特新混合C
012176,易方达稳健增利混合C
010484,中银量化精选混合C
012260,广发睿明优质企业混合A
015218,鹏扬成长领航混合C
006511,博道卓远混合A
014666,工银优质发展混合A
020224,创金合信均益量化选股混合A
161131,易方达科润混合(LOF)
010745,工银灵动价值混合C
011777,易方达稳健增长混合A
010414,财通资管宸瑞一年持有混合C
015071,鑫元专精特新混合A
019740,财通资管创新医药混合A
020885,鹏华成长先锋混合C
022508,泉果消费机遇混合发起式C
012094,鹏华创新升级混合C
014312,大成优质精选混合C
009846,国富港股通远见价值混合A
011694,华泰紫金信息科技主题6个月持有混合发起A
020064,西部利得科技创新混合A
005689,中银医疗保健混合A
009369,浦银价值精选混合C
013686,华安安信消费混合C
023082,东方红慧选成长混合A
009170,湘财长兴灵活配置混合C
011932,工银战略远见混合A
013678,富国信享回报12个月持有混合A
019792,富安达长三角区域主题混合C
012003,招商价值成长混合A
501076,鹏华创新动力混合(LOF)
011159,大成中小盘混合(LOF)C
015559,长江启航混合发起式A
011537,惠升惠益混合C
022116,鑫元致远量化选股混合C
021404,长江汇智量化选股混合发起A
010724,中欧价值成长混合C
014040,民生加银金融优选混合A
019776,鹏华产业精选混合C
007493,朱雀产业臻选混合A
011531,朱雀恒心一年持有混合
160105,南方积极配置混合(LOF)
011778,易方达稳健增长混合C
015104,博道研究恒选混合A
007047,长城核心优势混合A
013637,国投瑞银策略回报混合C
009347,国联价值成长6个月持有混合A
010877,浙商智选先锋一年持有混合C
018469,国富弹性市值混合C
005117,金信价值精选混合A
011957,鹏华新能源精选混合C
007234,博时优势企业灵活配置混合C
012261,广发睿明优质企业混合C
018447,长城价值优选混合C
010887,南方消费升级混合A
012008,易方达稳健回报混合A
013824,汇丰晋信慧悦混合
015072,鑫元专精特新混合C
015102,东方红ESG可持续投资混合A
019741,财通资管创新医药混合C
005118,金信价值精选混合C
020065,西部利得科技创新混合C
019971,融通蓝筹成长混合C
006512,博道卓远混合C
017947,国富港股通远见价值混合C
010159,中银医疗保健混合C
017881,工银精选回报混合A
163503,天治核心成长混合(LOF)
019864,浦银高端装备混合A
020225,创金合信均益量化选股混合C
010693,华夏核心价值混合C
015963,汇安品质优选混合A
009960,银华多元机遇混合
013679,富国信享回报12个月持有混合C
011363,南方兴润价值一年持有混合A
015560,长江启航混合发起式C
013109,华夏优势价值一年持有混合A
014667,工银优质发展混合C
017702,鹏扬均衡成长混合A
023083,东方红慧选成长混合C
233008,大摩消费领航混合
014041,民生加银金融优选混合C
021405,长江汇智量化选股混合发起C
010393,工银健康生活混合A
010350,景顺长城品质长青混合A
400007,东方策略成长混合
012009,易方达稳健回报混合C
002708,大摩健康产业混合A
015511,平安价值领航混合C
011933,工银战略远见混合C
002340,富国价值优势混合A
015105,博道研究恒选混合C
024398,浦银港股通央企红利混合A
009011,华夏睿阳一年持有混合
017114,浦银景气优选混合A
007494,朱雀产业臻选混合C
011695,华泰紫金信息科技主题6个月持有混合发起C
019865,浦银高端装备混合C
011775,格林鑫悦一年持有期混合A
006435,景顺长城创新成长混合
011078,诺德品质消费6个月持有混合
015103,东方红ESG可持续投资混合C
012004,招商价值成长混合C
018152,长城核心优势混合C
019876,广发均衡成长混合A
009878,平安低碳经济混合A
217005,招商先锋混合
014574,鑫元清洁能源混合发起式A
010888,南方消费升级混合C
019913,华夏瑞益混合A1
015964,汇安品质优选混合C
014235,淳厚时代优选混合A
009776,中欧阿尔法混合A
015751,景顺长城品质长青混合C
010599,汇添富高质量成长30一年混合A
010410,长城品质成长混合A
012366,摩根安荣回报混合A
014030,大摩健康产业混合C
009348,国联价值成长6个月持有混合C
010922,朱雀匠心一年持有
009141,宏利价值长青混合A
005295,诺德天富灵活配置混合
017882,工银精选回报混合C
012150,诺德价值发现一年持有混合
011364,南方兴润价值一年持有混合C
022206,富国价值优势混合C
002264,华夏乐享健康混合A
000566,华泰柏瑞创新升级混合A
013767,平安价值回报混合A
260103,景顺长城动力平衡混合
024399,浦银港股通央企红利混合C
009330,鹏华成长价值混合A
006449,浙商汇金量化精选混合A
007306,华泰柏瑞基本面智选A
013110,华夏优势价值一年持有混合C
019334,大成红利汇聚混合A
001747,易方达瑞祺混合A
011776,格林鑫悦一年持有期混合C
011152,国富兴海回报混合A
590005,中邮核心主题混合A
017868,民生加银均衡优选混合A
013771,中加龙头精选混合A
005331,益民优势安享混合A
001558,天弘医疗健康混合A
001955,中欧养老产业混合A
017703,鹏扬均衡成长混合C
009142,宏利价值长青混合C
011389,国都聚成混合
014575,鑫元清洁能源混合发起式C
022336,京管泰富创新动力混合发起A
010394,工银健康生活混合C
019877,广发均衡成长混合C
005680,财通资管价值成长混合A
012367,摩根安荣回报混合C
001748,易方达瑞祺混合C
011259,汇添富高质量成长30一年混合C
003165,鹏华弘嘉混合A
007307,华泰柏瑞基本面智选C
014236,淳厚时代优选混合C
070018,嘉实回报混合
560003,益民创新优势混合A
009777,中欧阿尔法混合C
010405,惠升医药健康6个月持有期混合
011383,富安达医药创新混合A
017600,华夏行业甄选混合A
020282,益民优势安享混合C
016746,浦银光耀优选混合A
040020,华安升级主题混合A
017115,浦银景气优选混合C
012812,国富鑫颐收益混合A
010411,长城品质成长混合C
003166,鹏华弘嘉混合C
023750,国富兴海回报混合C
006049,恒越研究精选混合A/B
015065,华夏乐享健康混合C
017063,申万菱信乐成混合A
010178,大成企业能力驱动混合A
018446,工银领航三年持有混合
017869,民生加银均衡优选混合C
001559,天弘医疗健康混合C
009879,平安低碳经济混合C
021995,南华丰睿量化选股混合A
005681,财通资管价值成长混合C
530012,建信积极配置混合
022337,京管泰富创新动力混合发起C
000924,宝盈先进制造混合A
519139,海富通沪港深混合A
213001,宝盈鸿利收益灵活配置混合A
003095,中欧医疗健康混合A
006202,交银核心资产混合A
024120,中邮核心主题混合C
398051,中海环保新能源混合
019335,大成红利汇聚混合C
022174,海富通沪港深混合D
168301,东海祥龙(LOF)A
010293,华商量化优质精选混合
018329,泉果思源三年持有期混合A
011037,富国长期成长混合A
007192,恒越研究精选混合C
012813,国富鑫颐收益混合C
002190,农银新能源主题A
016747,浦银光耀优选混合C
004048,华夏新锦汇混合A
013768,平安价值回报混合C
022519,东海祥龙(LOF)C
690009,民生加银红利回报混合
160211,国泰中小盘成长混合(LOF)
009331,鹏华成长价值混合C
005270,太平改革红利精选混合
160505,博时主题行业混合(LOF)
010028,华泰柏瑞创新升级混合C
004049,华夏新锦汇混合C
004249,安信中国制造混合A
013772,中加龙头精选混合C
630015,华商大盘量化精选混合
017064,申万菱信乐成混合C
014725,广发成长动力三年持有混合A
000126,招商安润灵活配置混合A
004871,中银金融地产混合A
010179,大成企业能力驱动混合C
022492,金元顺安鑫怡混合发起式A
017601,华夏行业甄选混合C
000294,华安生态优先混合A
005583,易方达港股通红利混合A
012778,中欧养老产业混合C
017827,兴全欣越混合C
016163,万家欣远混合A
014976,华安升级主题混合C
024806,华夏稳健回报混合A
002653,泰康沪港深精选混合
021996,南华丰睿量化选股混合C
011206,创金合信竞争优势混合A
001071,华安媒体互联网混合A
018330,泉果思源三年持有期混合C
021455,农银红利甄选混合A
018484,财通资管医疗保健混合A
020816,湘财红利量化选股混合A
160611,鹏华优质治理混合(LOF)A
003284,中邮医药健康混合A
001382,易方达国企改革混合
012671,嘉实核心蓝筹混合A
012748,华泰柏瑞远见智选混合A
016494,农银新能源主题C
019949,中银价值发现混合发起A
010549,富国均衡策略混合
166801,浙商聚潮新思维混合A
020523,交银核心资产混合C
022173,海富通沪港深混合C
001798,泰康新回报灵活配置混合A
000772,景顺长城中国回报混合A
005395,泓德臻远回报混合
015780,大成ESG责任投资混合发起式A
023094,安信中国制造混合C
015691,富国长期成长混合C
010312,中银金融地产混合C
011338,兴全合远两年持有混合A
022493,金元顺安鑫怡混合发起式C
014131,华泰柏瑞聚优智选一年持有期混合A
688888,浙商聚潮产业成长混合A
000532,景顺长城优势企业混合A
001569,泰信国策驱动灵活配置混合
160106,南方高增长混合(LOF)
014726,广发成长动力三年持有混合C
011588,前海开源成份精选混合
003096,中欧医疗健康混合C
007579,宝盈先进制造混合C
016297,中欧丰泰港股通混合A
000767,华富国泰民安灵活配置混合A
011207,创金合信竞争优势混合C
006396,长信双利优选混合E
007581,宝盈鸿利收益灵活配置混合C
016164,万家欣远混合C
011333,鹏华品质优选混合A
018485,财通资管医疗保健混合C
021456,农银红利甄选混合C
519991,长信双利优选混合A
010551,淳厚欣颐一年持有期混合
006385,华泰保兴研究智选A
019478,中邮医药健康混合C
020817,湘财红利量化选股混合C
024919,易方达港股通红利混合C
023433,金元顺安乾利混合A
004895,华商鑫安灵活混合
012749,华泰柏瑞远见智选混合C
014977,华安生态优先混合C
000251,工银金融地产混合A
011336,兴全汇吉一年持有混合A
019950,中银价值发现混合发起C
001965,圆信永丰兴源灵活配置混合A
024807,华夏稳健回报混合C
006122,华安低碳生活混合A
006366,兴业安保优选混合A
014085,浙商聚潮新思维混合C
013620,华安媒体互联网混合C
001966,圆信永丰兴源灵活配置混合C
019789,鹏华优质治理混合(LOF)C
013531,浙商聚潮产业成长混合C
015398,招商安润灵活配置混合C
014970,华安低碳生活混合C
000684,长盛养老健康混合A
023434,金元顺安乾利混合C
009380,富安达科技领航混合A
020364,博时卓越成长混合A
005706,兴业龙腾双益平衡混合
007141,嘉合稳健增长混合A
013847,华泰柏瑞匠心汇选混合A
002573,建信汇利灵活配置混合
012588,南方港股通优势企业混合A
019199,华富国泰民安灵活配置混合C
163805,中银动态策略混合A
015781,大成ESG责任投资混合发起式C
018995,景顺长城中国回报混合C
002156,长盛盛世混合A
010947,中欧嘉选混合A
012672,嘉实核心蓝筹混合C
011339,兴全合远两年持有混合C
014522,汇添富低碳投资一年持有混合A
014872,嘉实品质蓝筹一年持有混合A
020107,兴业安保优选混合C
009124,华泰保兴科荣混合A
011337,兴全汇吉一年持有混合C
016754,方正富邦均衡精选混合A
006123,国联高股息混合A
009125,华泰保兴科荣混合C
011429,前海开源民裕进取
017170,景顺长城优势企业混合C
017740,鹏华睿见混合A
011431,宏利消费服务混合A
018987,富安达科技领航混合C
257040,国联安红利混合
006386,华泰保兴研究智选C
014132,华泰柏瑞聚优智选一年持有期混合C
020075,财通资管创新成长混合A
021488,长盛养老健康混合C
002157,长盛盛世混合C
020005,国泰金马稳健混合A
010696,工银金融地产混合C
016298,中欧丰泰港股通混合C
020365,博时卓越成长混合C
015365,中银动态策略混合C
018220,广发品质优选混合发起式A
001352,民生加银新战略混合A
011334,鹏华品质优选混合C
010714,东方红远见价值混合A
013993,中欧光熠一年持有混合A
519678,银河消费混合A
000706,中邮多策略灵活配置混合
014523,汇添富低碳投资一年持有混合C
013848,华泰柏瑞匠心汇选混合C
014999,华泰保兴吉年盈混合A
021204,华夏医药量化选股混合A
007880,朱雀产业智选混合A
009693,富国积极成长一年定开混合
007142,嘉合稳健增长混合C
001927,华夏消费升级灵活配置混合A
006124,国联高股息混合C
020076,财通资管创新成长混合C
040004,华安宝利配置混合
001030,天弘云端生活优选混合A
024467,鹏华共赢未来混合A
023939,泉果研究精选混合A
002003,工银新机遇灵活配置混合A
016755,方正富邦均衡精选混合C
011738,华安兴安优选一年持有混合A
022597,富国红利质选混合A
168103,九泰锐益混合(LOF)A
005400,万家潜力价值灵活配置混合A
014686,招商核心装备混合A
016174,汇丰晋信策略优选混合A
008515,国富基本面优选混合A
012075,易方达稳健添利混合A
018221,广发品质优选混合发起式C
009119,广发品质回报混合A
010948,中欧嘉选混合C
014873,嘉实品质蓝筹一年持有混合C
005043,国寿安保健康科学混合A
009649,嘉实精选平衡混合A
012178,银华富饶精选三年持有期混合
011006,工银圆丰三年持有期混合
011432,宏利消费服务混合C
009965,宝盈祥琪混合A
019008,东方红远见领航混合发起A
011460,鹏华创新成长混合A
018184,万家先进制造混合发起式A
011391,民生加银新战略混合C
015127,长城产业成长混合A
016398,九泰锐益混合(LOF)C
090016,大成消费主题混合A
090020,大成健康产业混合A
010296,万家互联互通中国优势A
013757,泰信均衡价值混合A
015589,国泰金马稳健混合C
021205,华夏医药量化选股混合C
002594,工银现代服务业混合A
017537,东方红远见价值混合C
168501,华银产业升级
011282,华夏消费龙头混合A
013886,华商新能源汽车混合A
001457,华商新常态混合A
017741,鹏华睿见混合C
014313,鹏华创新增长一年持有期混合A
017993,方正富邦远见成长混合A
001928,华夏消费升级灵活配置混合C
015462,天弘云端生活优选混合C
023940,泉果研究精选混合C
015000,华泰保兴吉年盈混合C
014615,尚正正鑫混合发起A
012076,易方达稳健添利混合C
012589,南方港股通优势企业混合C
671010,西部利得策略优选混合A
011739,华安兴安优选一年持有混合C
009966,宝盈祥琪混合C
005044,国寿安保健康科学混合C
004341,农银尖端科技混合
015668,银河消费混合C
018377,融通远见价值一年持有期混合A
024794,鑫元医药睿选混合发起式A
000986,太平灵活配置
011635,富国港股通策略精选混合A
021734,国富基本面优选混合C
160627,鹏华策略优选灵活配置混合
009120,广发品质回报混合C
013994,中欧光熠一年持有混合C
008681,鹏华价值成长混合
009650,嘉实精选平衡混合C
013334,鹏华价值远航6个月持有混合A
005401,万家潜力价值灵活配置混合C
002004,工银新机遇灵活配置混合C
024468,鹏华共赢未来混合C
006796,富国消费升级混合A
017773,大成消费主题混合C
400015,东方新能源汽车混合
005368,富国清洁能源产业混合A
007881,朱雀产业智选混合C
016175,汇丰晋信策略优选混合C
530006,建信核心精选混合
005520,国投瑞银创新医疗混合A
530003,建信优选成长混合A
011911,华夏消费优选混合A
013887,华商新能源汽车混合C
002415,融通通盈灵活配置混合
019009,东方红远见领航混合发起C
018185,万家先进制造混合发起式C
021491,中航远见领航混合发起A
080012,长盛电子信息产业混合A
016070,华商新常态混合C
022598,富国红利质选混合C
010297,万家互联互通中国优势C
013758,泰信均衡价值混合C
570006,诺德中小盘混合
162207,宏利效率优选混合(LOF)
011283,华夏消费龙头混合C
018618,中信保诚远见成长混合A
021558,工银现代服务业混合C
016060,大成健康产业混合C
015128,长城产业成长混合C
020645,南方智弘混合A
016064,建信智远先锋混合A
008997,同泰竞争优势混合A
014616,尚正正鑫混合发起C
024795,鑫元医药睿选混合发起式C
001902,前海开源沪港深隆鑫混合C
014687,招商核心装备混合C
011162,博时港股通领先趋势混合A
162607,景顺长城资源垄断混合(LOF)A
002296,长城行业轮动混合A
011461,鹏华创新成长混合C
011567,富国消费升级混合C
018549,金鹰研究驱动混合A
690003,民生加银精选混合
000755,富安达新兴成长混合A
310328,申万菱信新动力混合A
014746,贝莱德港股通远景视野混合A
014214,光大核心资产混合A
021546,国投瑞银创新医疗混合C
007202,天弘优质成长企业A
019054,富国价值成长混合A
013395,华夏新能源车龙头混合发起式A
005596,建信战略精选灵活配置混合A
021857,东方红远见精选混合A
013991,中欧港股通精选一年持有混合A
015100,华泰柏瑞低碳经济智选混合A
014114,广发沪港深医药混合A
011060,西部利得策略优选混合C
014103,富安达成长价值一年持有期混合A
014314,鹏华创新增长一年持有期混合C
017994,方正富邦远见成长混合C
011908,广发沪港深价值精选混合A
020491,万家医药量化选股混合发起式A
016065,建信智远先锋混合C
019777,鹏扬消费量化选股混合A
011127,富国清洁能源产业混合C
018378,融通远见价值一年持有期混合C
008998,同泰竞争优势混合C
001861,富安达健康人生混合A
011636,富国港股通策略精选混合C
018010,长盛电子信息产业混合C
021492,中航远见领航混合发起C
168104,九泰锐丰灵活配置混合(LOF)A
011912,华夏消费优选混合C
017034,中信建投科技主题6个月持有混合A
018619,中信保诚远见成长混合C
020646,南方智弘混合C
013335,鹏华价值远航6个月持有混合C
011479,广发诚享混合A
001801,汇添富达欣混合A
008227,宝盈研究精选混合A
000120,中银美丽中国混合A
014471,富安达新兴成长混合C
012434,银华多元回报一年持有期混合
006718,国融融盛龙头严选混合A
022734,申万菱信新动力混合C
006601,国融融泰灵活配置混合A
015460,天弘优质成长企业C
009057,博时科技创新混合A
005250,银华估值优势混合
168111,九泰锐丰灵活配置混合(LOF)C
023262,景顺长城资源垄断混合(LOF)C
008370,国泰研究精选两年持有混合
014747,贝莱德港股通远景视野混合C
014215,光大核心资产混合C
001392,国富金融地产混合A
001940,农银现代农业加
014115,广发沪港深医药混合C
021858,东方红远见精选混合C
016818,鹏华睿进一年持有期混合A
005597,建信战略精选灵活配置混合C
019328,国泰金盛回报混合A
011909,广发沪港深价值精选混合C
013484,长城行业轮动混合C
018550,金鹰研究驱动混合C
012159,财通资管健康产业混合A
006602,国融融泰灵活配置混合C
015101,华泰柏瑞低碳经济智选混合C
019055,富国价值成长混合C
004263,华安沪港深机会灵活配置混合
006719,国融融盛龙头严选混合C
206007,鹏华消费优选混合
014104,富安达成长价值一年持有期混合C
014470,富安达健康人生混合C
013396,华夏新能源车龙头混合发起式C
020492,万家医药量化选股混合发起式C
012342,广发瑞泽精选混合A
011163,博时港股通领先趋势混合C
017035,中信建投科技主题6个月持有混合C
005176,富国精准医疗混合A
011480,广发诚享混合C
019778,鹏扬消费量化选股混合C
021015,长江旭日混合A
002165,汇添富达欣混合C
001901,前海开源沪港深隆鑫混合A
012586,南方港股创新视野一年持有混合A
003238,新华外延增长主题灵活配置混合
014412,招商核心竞争力混合A
011312,东方红启瑞三年持有混合B
008228,宝盈研究精选混合C
021476,银河ESG主题混合发起式A
001056,华银健康生活主题灵活配置
012967,广发行业严选三年持有期混合A
013992,中欧港股通精选一年持有混合C
019624,泉果嘉源三年持有期混合A
519779,交银沪港深价值精选混合
011058,景顺长城成长龙头一年持有混合A
009058,博时科技创新混合C
012160,财通资管健康产业混合C
024683,东海价值臻选混合A
001393,国富金融地产混合C
519651,银河转型混合A
009880,安信成长动力一年持有混合
018309,招商社会责任混合A
014466,工银行业优选混合A
016119,华富时代锐选混合A
015285,国投瑞银产业转型一年持有混合A
021202,汇添富均衡回报混合发起式A
970067,兴证资管金麒麟消费升级混合A
011169,建信臻选混合
012343,广发瑞泽精选混合C
001448,华商双翼平衡混合A
012057,鹏华品质成长混合A
020086,鹏华智投数字经济混合A
021016,长江旭日混合C
019329,国泰金盛回报混合C
002728,华富益鑫灵活配置混合A
014754,华安景气优选混合A
012227,景顺长城港股通全球竞争力A
012968,广发行业严选三年持有期混合C
018209,富国精准医疗混合C
019625,泉果嘉源三年持有期混合C
010090,中信建投医药健康A
016819,鹏华睿进一年持有期混合C
006568,国联安行业领先混合
210002,金鹰红利价值混合A
012587,南方港股创新视野一年持有混合C
000649,长城久鑫混合A
019987,万家红利量化选股混合发起式A
016120,华富时代锐选混合C
011626,嘉实匠心回报混合A
022879,汇泉均衡智选混合A
002729,华富益鑫灵活配置混合C
021477,银河ESG主题混合发起式C
002176,华商双翼平衡混合C
016588,富国融甄混合A
018139,中金先进制造混合A
519664,银河美丽混合A
011059,景顺长城成长龙头一年持有混合C
009138,嘉实瑞成两年持有期混合A
001325,鹏华弘和混合A
005445,华宝价值发现混合A
970069,兴证资管金麒麟消费升级混合C
001068,国新国证新锐A
014413,招商核心竞争力混合C
001326,鹏华弘和混合C
530001,建信恒久价值混合
014467,工银行业优选混合C
021203,汇添富均衡回报混合发起式C
018310,招商社会责任混合C
017762,银河转型混合C
012228,景顺长城港股通全球竞争力C
015286,国投瑞银产业转型一年持有混合C
020493,富达悦享红利优选混合A
010437,嘉实竞争力优选混合A
024684,东海价值臻选混合C
020087,鹏华智投数字经济混合C
001709,华富物联世界灵活配置混合A
014755,华安景气优选混合C
022880,汇泉均衡智选混合C
012225,嘉实优势精选混合A
003513,中邮消费升级灵活配置混合A
270021,广发聚瑞混合A
012437,德邦价值优选混合A
010608,华泰柏瑞质量领先混合A
019988,万家红利量化选股混合发起式C
012058,鹏华品质成长混合C
002662,前海开源沪港深大消费混合A
009139,嘉实瑞成两年持有期混合C
350005,天治中国制造2025
012067,嘉实蓝筹优势混合A
001417,汇添富医疗服务灵活配置混合A
009664,汇添富医疗积极成长一年持有混合A
017461,长城久鑫混合C
016563,金鹰红利价值混合C
001127,中银宏观策略混合A
024224,国新国证新锐C
012888,工银兴瑞一年持有期混合A
018140,中金先进制造混合C
002663,前海开源沪港深大消费混合C
006274,圆信永丰医药健康A
016589,富国融甄混合C
010438,嘉实竞争力优选混合C
163001,长信医疗保健混合(LOF)A
011856,安信均衡成长18个月持有混合A
163801,中银中国混合(LOF)A
010091,中信建投医药健康C
019213,华富物联世界灵活配置混合C
016067,鹏华新能源汽车混合A
022693,恒生前海港股通价值混合A
015614,华宝价值发现混合C
023096,中邮消费升级灵活配置混合C
023103,圆信永丰医药健康C
011627,嘉实匠心回报混合C
010026,广发聚瑞混合C
003378,泰康策略优选混合
018204,金信优质成长混合A
519772,交银新生活力灵活配置混合A
020494,富达悦享红利优选混合C
005493,鑫元价值精选混合A
019392,嘉实匠心严选混合A
014420,中欧成长领航一年持有混合A
015807,中银宏观策略混合C
217012,招商行业领先混合A
012226,嘉实优势精选混合C
003940,银华盛世精选灵活配置混合发起式A
001694,华安沪港深外延增长灵活配置混合A
008786,长城健康生活混合A
013154,长信医疗保健混合(LOF)C
017303,华安景气领航混合A
519665,银河美丽混合C
014177,华安景气驱动一年持有混合A
014537,中银中国混合(LOF)C
012987,嘉合锦明混合A
015121,汇添富医疗服务灵活配置混合C
022694,恒生前海港股通价值混合C
050026,博时医疗保健行业混合A
012068,嘉实蓝筹优势混合C
009098,景顺长城价值领航两年持有
008353,宏利消费量化混合A
011857,安信均衡成长18个月持有混合C
210005,金鹰主题优势混合
110023,易方达医疗保健行业混合A
012438,德邦价值优选混合C
012889,工银兴瑞一年持有期混合C
010609,华泰柏瑞质量领先混合C
006879,华安智能生活混合A
013326,万家景气驱动混合A
014141,大成新能源混合发起式A
016068,鹏华新能源汽车混合C
009665,汇添富医疗积极成长一年持有混合C
010874,泰康品质生活混合A
005494,鑫元价值精选混合C
001371,富国沪港深价值混合A
014047,银华盛世精选灵活配置混合发起式C
020445,金信优质成长混合C
019393,嘉实匠心严选混合C
008891,安信价值成长混合A
002685,中欧丰泓沪港深混合A
010740,汇安核心价值混合A
008354,宏利消费量化混合C
270050,广发新经济混合A
002649,民生智造2025灵活配置混合
012234,华安聚弘精选混合A
002945,大成盛世精选混合A
017991,华泰柏瑞致远混合A
233001,大摩基础行业混合
005197,工银沪港深精选混合A
017304,华安景气领航混合C
014972,华安沪港深外延增长灵活配置混合C
000511,国泰国策驱动灵活配置混合A
014142,大成新能源混合发起式C
005198,工银沪港深精选混合C
012988,嘉合锦明混合C
019818,长城健康生活混合C
014178,华安景气驱动一年持有混合C
019020,易方达医疗保健行业混合C
014421,中欧成长领航一年持有混合C
002062,国泰国策驱动灵活配置混合C
011895,博时医疗保健行业混合C
013327,万家景气驱动混合C
000757,华富智慧城市灵活配置混合A
070011,嘉实策略混合
025022,浦银医疗创新混合A
009468,博时健康成长双周定期可赎回混合A
008861,西部利得港股通新机遇混合A
008892,安信价值成长混合C
590002,中邮核心成长混合A
005585,银河文体娱乐混合A
001209,前海开源一带一路混合A
010875,泰康品质生活混合C
013621,华安智能生活混合C
018242,万家颐德一年持有期混合A
010134,广发新经济混合C
001197,长盛转型升级主题灵活配置混合
002844,金鹰多元策略混合A
010093,西部利得港股通新机遇混合C
002408,中信建投医改混合A
014841,东方阿尔法医疗健康混合发起A
002080,前海开源一带一路混合C
019201,大成盛世精选混合C
008359,华安医疗创新混合A
002989,融通通乾研究精选灵活配置混合A
004351,汇丰晋信珠三角区域发展混合
011131,富国沪港深价值混合C
710001,富安达优势成长混合A
015514,方正富邦鑫诚12个月持有混合A
017199,广发ESG责任投资混合A
005354,富国沪港深行业精选混合A
012235,华安聚弘精选混合C
009704,南方景气驱动混合A
018159,国泰创新医疗混合发起A
020486,华富智慧城市灵活配置混合C
025023,浦银医疗创新混合C
010783,德邦沪港深龙头混合A
008371,华安汇智精选两年持有混合
004206,华商元亨混合A
011248,嘉实品质回报混合
002686,中欧丰泓沪港深混合C
010741,汇安核心价值混合C
013550,汇添富品牌价值一年持有混合A
024108,中邮核心成长混合C
001716,工银新趋势灵活配置混合A
017992,华泰柏瑞致远混合C
020022,国泰策略价值灵活配置混合
012770,光大创新生活混合A
007553,中信建投医改混合C
014327,格林新兴产业混合A
021305,中欧品质精选混合A
024667,富安达优势成长混合C
018243,万家颐德一年持有期混合C
015856,格林碳中和主题混合A
018052,鹏扬医疗健康混合A
005537,中航新起航灵活配置混合A
010784,德邦沪港深龙头混合C
260104,景顺长城内需增长混合A
003598,华商润丰灵活配置混合A
007381,国融融信消费严选混合A
011114,富国沪港深行业精选混合C
014842,东方阿尔法医疗健康混合发起C
005538,中航新起航灵活配置混合C
009825,融通通乾研究精选灵活配置混合C
007509,华商润丰灵活配置混合C
017200,广发ESG责任投资混合C
013483,华安医疗创新混合C
213006,宝盈核心优势混合A
018160,国泰创新医疗混合发起C
020162,华安睿信优选混合A
019053,华商元亨混合C
009469,博时健康成长双周定期可赎回混合C
015667,银河文体娱乐混合C
007382,国融融信消费严选混合C
018130,博时ESG量化选股混合A
021306,中欧品质精选混合C
009705,南方景气驱动混合C
010656,华商均衡30
002604,华夏新起点混合A
012086,博时健康生活混合A
025287,恒生前海匠心精选混合A
008131,景顺长城竞争优势混合
015857,格林碳中和主题混合C
001320,工银丰盈回报灵活配置混合A
014328,格林新兴产业混合C
001997,工银新趋势灵活配置混合C
013551,汇添富品牌价值一年持有混合C
016166,万家颐远均衡一年持有混合发起A
015515,方正富邦鑫诚12个月持有混合C
009007,兴全沪港深两年持有混合
012079,信澳新能源精选混合A
012526,广发盛锦混合A
013461,鹏扬成长先锋混合A
023263,景顺长城内需增长混合C
952035,国泰海通君得诚混合
007959,方正富邦天恒混合A
000241,宝盈核心优势混合C
009714,华安聚优精选混合
003581,前海联合国民健康混合A
002132,广发鑫享灵活配置混合A
020163,华安睿信优选混合C
012087,博时健康生活混合C
018053,鹏扬医疗健康混合C
007533,格林创新成长混合A
002919,东吴智慧医疗量化混合A
011201,财通优势行业轮动混合A
005701,摩根香港精选港股通混合A
008213,华夏新起点混合C
004266,招商沪港深科技创新混合A
350002,天治低碳经济混合
270041,广发消费品精选混合A
013347,工银丰盈回报灵活配置混合C
007960,方正富邦天恒混合C
025288,恒生前海匠心精选混合C
008712,景顺长城品质成长混合A
000124,华宝服务优选混合
007460,华安成长创新混合A
016167,万家颐远均衡一年持有混合发起C
016375,招商裕泰混合
004223,金信多策略精选混合A
013462,鹏扬成长先锋混合C
012527,广发盛锦混合C
014840,招商裕华混合
398001,中海优质成长混合
015289,格林高股息优选混合A
018131,博时ESG量化选股混合C
007111,前海联合国民健康混合C
010220,海富通消费核心混合A
010754,招商沪港深科技创新混合C
004211,金鹰周期优选混合A
020624,信澳新能源精选混合C
017721,华夏汽车产业混合A
024044,东方红港股通价值优选混合发起A
018551,宏利医药健康混合发起A
011948,东吴智慧医疗量化混合C
011903,南方领航优选混合A
008060,景顺长城价值边际灵活配置混合A
015322,广发鑫享灵活配置混合C
010022,广发消费品精选混合C
007481,华夏逸享健康混合A
005409,华泰柏瑞新兴产业混合A
019760,中信建投质选成长混合发起式A
017977,信澳优享生活混合A
008985,东方红启东三年持有混合
021985,财通资管先进制造混合发起式A
015290,格林高股息优选混合C
016921,摩根香港精选港股通混合C
012344,嘉实领先优势混合A
018552,宏利医药健康混合发起C
015775,景顺长城品质成长混合C
016099,华安成长创新混合C
019783,华安健康主题混合A
007534,格林创新成长混合C
020592,金信多策略精选混合C
005517,富国新趋势灵活配置混合A
011202,财通优势行业轮动混合C
009619,博时女性消费主题混合A
017181,大成至诚鑫选混合A
004260,德邦稳盈增长灵活配置混合A
014859,大成慧心优选一年持有混合A
015779,景顺长城价值边际灵活配置混合C
000083,汇添富消费行业混合
024045,东方红港股通价值优选混合发起C
017973,易方达港股通优质增长混合A
018364,银华医疗健康混合A
019748,金鹰周期优选混合C
019761,中信建投质选成长混合发起式C
002020,国都创新驱动
011904,南方领航优选混合C
002567,大成国家安全主题灵活配置混合A
021986,财通资管先进制造混合发起式C
000634,富国天盛灵活配置基金
006240,国联医疗健康混合A
017722,华夏汽车产业混合C
011335,银河医药混合A
010221,海富通消费核心混合C
015066,华夏逸享健康混合C
012345,嘉实领先优势混合C
001276,建信新经济灵活配置混合
009620,博时女性消费主题混合C
009362,招商丰盈积极配置混合A
017182,大成至诚鑫选混合C
017978,信澳优享生活混合C
014860,大成慧心优选一年持有混合C
006241,国联医疗健康混合C
005518,富国新趋势灵活配置混合C
019705,鹏扬消费主题混合发起式A
001294,新华战略新兴产业灵活配置混合
018463,德邦稳盈增长灵活配置混合C
018365,银华医疗健康混合C
010032,华泰柏瑞新兴产业混合C
019784,华安健康主题混合C
519710,交银策略回报灵活配置混合
017974,易方达港股通优质增长混合C
012143,新沃内需增长混合A
014919,银华心选一年持有期混合A
007177,浙商智能行业优选混合A
009778,长信消费升级混合A
240001,华宝宝康消费品
011690,招商品质发现混合A
020001,国泰金鹰增长混合
019224,大成国家安全主题灵活配置混合C
021524,天弘匠心臻选混合发起A
011435,中欧研究精选混合A
015010,嘉合锦鑫混合A
160421,华安智增精选混合
005847,富国沪港深业绩驱动混合型A
019780,嘉实创新动力混合发起式A1
090011,大成核心双动力混合A
019706,鹏扬消费主题混合发起式C
206013,鹏华宏观灵活配置混合
210009,金鹰核心资源混合A
013559,招商均衡回报混合A
014920,银华心选一年持有期混合C
019115,东财卓越成长A
002085,长盛互联网+混合A
015666,银河医药混合C
020430,华安景气回报混合发起式A
012144,新沃内需增长混合C
007217,浙商智能行业优选混合C
014708,天弘臻选健康混合A
020444,华西研究精选混合发起A
009092,富国新材料新能源混合A
015915,永赢医药创新智选混合发起A
020004,中欧臻选成长混合发起A
009363,招商丰盈积极配置混合C
009779,长信消费升级混合C
004099,前海开源沪港深景气行业精选混合
023674,德邦新兴产业混合发起式A
011466,兴业医疗保健混合A
021525,天弘匠心臻选混合发起C
008293,农银汇理创新医疗混合
013956,华商医药消费精选混合A
015011,嘉合锦鑫混合C
008174,国泰蓝筹精选混合A
012389,信澳品质回报6个月持有混合
011704,东方阿尔法产业先锋混合A
005911,广发双擎升级混合A
010969,华夏安阳6个月持有期混合A
001298,金鹰民族新兴混合A
011691,招商品质发现混合C
015026,鹏华增华混合A
014220,恒越医疗健康精选混合A
011314,农银创新成长混合
011117,富国沪港深业绩驱动混合型C
011643,嘉实时代先锋三年持有混合A
610005,信澳红利回报混合A
018693,大成核心双动力混合C
014709,天弘臻选健康混合C
006218,富国生物医药科技混合A
023675,德邦新兴产业混合发起式C
011436,中欧研究精选混合C
019116,东财卓越成长C
005269,华泰柏瑞港股通量化混合A
015916,永赢医药创新智选混合发起C
020431,华安景气回报混合发起式C
024802,华夏臻选价值成长混合A
024172,信澳中小盘混合C
006266,永赢智能领先混合A
021027,太平医疗创新混合发起式A
018934,长盛互联网+混合C
019092,金鹰核心资源混合C
001179,德邦大健康灵活配置混合A
017839,银华清洁能源产业混合A
011455,长城竞争优势六个月混合A
016386,永赢低碳环保智选混合发起A
018076,光大健康优加混合C
007893,平安估值精选混合A
017147,嘉实积极配置一年持有混合A
010654,天弘医药创新A
013957,华商医药消费精选混合C
017048,富安达产业优选混合A
025471,华西研究精选混合发起C
011687,易方达龙头优选两年持有混合A
004315,前海开源沪港深新硬件C
018930,湘财均衡甄选混合A
004314,前海开源沪港深新硬件A
014243,富国新材料新能源混合C
020013,中欧臻选成长混合发起C
009314,广发双擎升级混合C
006269,永赢智能领先混合C
002304,平安安心灵活配置混合A
011467,兴业医疗保健混合C
013560,招商均衡回报混合C
008175,国泰蓝筹精选混合C
011705,东方阿尔法产业先锋混合C
018690,德邦大健康灵活配置混合C
012284,光大健康优加混合A
011644,嘉实时代先锋三年持有混合C
007048,平安安心灵活配置混合C
610004,信澳中小盘混合A
018818,鑫元数字经济混合发起式A
014352,东方创新成长混合A
004868,交银股息优化混合
023581,金鹰民族新兴混合C
014221,恒越医疗健康精选混合C
021710,华泰柏瑞港股通量化混合C
017840,银华清洁能源产业混合C
024173,信澳红利回报混合C
010970,华夏安阳6个月持有期混合C
017148,嘉实积极配置一年持有混合C
016387,永赢低碳环保智选混合发起C
019143,东财景气驱动A
011308,富国生物医药科技混合C
011688,易方达龙头优选两年持有混合C
018931,湘财均衡甄选混合C
011847,易方达商业模式优选混合A
519020,国泰金泰灵活配置混合A
010655,天弘医药创新C
021028,太平医疗创新混合发起式C
024803,华夏臻选价值成长混合C
015027,鹏华增华混合C
008477,安信价值驱动三年持有混合
017049,富安达产业优选混合C
519022,国泰金泰灵活配置混合C
011155,金鹰责任投资混合A
011456,长城竞争优势六个月混合C
016075,华夏智造升级混合A
014353,东方创新成长混合C
018819,鑫元数字经济混合发起式C
000339,长城医疗保健混合A
019435,易米鑫选品质混合A
003182,华富弘鑫混合A
260109,景顺长城内需增长贰号混合A
009958,长安鑫悦消费混合A
040007,华安中小盘成长混合
019342,富国价值发现混合A
014244,鹏扬竞争力先锋一年持有混合A
007894,平安估值精选混合C
660012,农银消费主题混合A
006457,平安估值优势混合A
024693,鑫元消费睿选混合发起式A
003183,华富弘鑫混合C
011848,易方达商业模式优选混合C
001887,中欧价值智选混合E
166019,中欧价值智选混合A
019144,东财景气驱动C
024647,中欧制造升级混合发起A
011783,泓德睿源三年持有期混合
009909,嘉实动力先锋混合A
004702,南方金融主题灵活配置混合A
010298,汇添富品牌驱动六个月持有混合
006458,平安估值优势混合C
019436,易米鑫选品质混合C
398021,中海能源策略混合
009959,长安鑫悦消费混合C
016076,华夏智造升级混合C
160212,国泰估值优势混合(LOF)A
015562,长城医疗保健混合C
024694,鑫元消费睿选混合发起式C
011184,东方阿尔法招阳混合A
001252,中海进取收益混合
023264,景顺长城内需增长贰号混合C
005004,交银品质升级混合A
019343,富国价值发现混合C
011156,金鹰责任投资混合C
000727,融通健康产业灵活配置混合A/B
014560,东方汽车产业趋势混合A
009014,泓德睿泽混合
014245,鹏扬竞争力先锋一年持有混合C
024648,中欧制造升级混合发起C
001508,富国新动力灵活配置混合A
016616,国泰估值优势混合(LOF)C
012981,华夏创新医药龙头混合A
013500,南方金融主题灵活配置混合C
013175,海富通碳中和混合A
017889,东方阿尔法招阳混合E
004235,中欧价值智选混合C
160142,南方优势产业(LOF)
010949,景顺长城研究驱动三年持有混合
002802,广发成长智选混合A
240020,华宝医药生物混合A
016475,大成新兴活力混合A
024824,招商医药精选混合发起式A
519959,长信多利混合A
009910,嘉实动力先锋混合C
010213,中欧互联网先锋混合A
000878,中海医药健康产业精选混合A
016476,大成新兴活力混合C
002214,中海沪港深价值优选混合A
013489,广发成长智选混合C
009274,融通健康产业灵活配置混合C
013882,交银品质升级混合C
260108,景顺长城新兴成长混合A
005360,汇安资产轮动混合A
014561,东方汽车产业趋势混合C
001278,前海开源清洁能源混合A
013072,泰信医疗服务混合发起式A
001510,富国新动力灵活配置混合C
010795,民生价值发现一年持有混合A
002360,前海开源清洁能源混合C
010429,中欧睿见混合A
005358,东方阿尔法精选混合A
013176,海富通碳中和混合C
012982,华夏创新医药龙头混合C
024471,平安价值优享混合A
011503,建信智能生活混合
020057,银河高端装备混合发起式A
017110,景顺长城新兴成长混合C
501071,泓德丰泽混合(LOF)A
019029,华宝医药生物混合C
020362,中海沪港深价值优选混合C
010214,中欧互联网先锋混合C
004505,博时新兴消费主题混合A
024825,招商医药精选混合发起式C
022521,中欧农业产业混合发起A
015774,长信多利混合E
024261,中邮先进制造混合发起式A
013488,长信多利混合C
017213,汇安资产轮动混合C
010796,民生价值发现一年持有混合C
013073,泰信医疗服务混合发起式C
011403,融通鑫新成长混合A
004794,富荣福鑫混合A
011830,富国天恒混合A
013009,万家港股通精选混合A
005359,东方阿尔法精选混合C
006890,摩根领先优选混合A
000220,富国医疗保健行业混合A
004795,富荣福鑫混合C
006644,弘毅远方消费升级混合A
011893,易方达长期价值混合A
000551,中信保诚幸福消费混合A
002378,建信弘利灵活配置混合A
000879,中海医药健康产业精选混合C
002259,鹏华健康环保混合
009010,华夏兴阳一年持有混合
022522,中欧农业产业混合发起C
024472,平安价值优享混合C
006072,民生加银创新成长混合A
020058,银河高端装备混合发起式C
024114,泓德丰泽混合(LOF)C
007182,万家沪港深蓝筹混合A
015481,中欧睿见混合C
023623,前海开源港股通价值领航混合A
011994,国联安核心优势混合A
015004,中邮能源革新混合型发起A
019952,平安价值远见混合A
011404,融通鑫新成长混合C
024262,中邮先进制造混合发起式C
011879,博时新兴消费主题混合C
017194,建信弘利灵活配置混合C
040005,华安宏利混合A
006252,永赢消费主题A
010108,景顺长城核心招景混合A
013010,万家港股通精选混合C
023393,宝盈创新医疗混合发起式A
011894,易方达长期价值混合C
014422,弘毅远方消费升级混合C
020265,长城产业优选混合A
011831,富国天恒混合C
015553,融通价值成长混合A
015570,创金合信医药优选3个月持有混合A
017098,摩根领先优选混合C
011136,广发盛兴混合A
011151,富国医疗保健行业混合C
011273,泰信景气驱动12个月持有混合A
006253,永赢消费主题C
014929,民生加银创新成长混合C
012373,富国稳健恒盛12个月持有混合A
350009,天治研究驱动混合A
022590,中信保诚幸福消费混合C
023173,兴华景成混合A
023624,前海开源港股通价值领航混合C
010447,中邮未来成长混合A
012382,宏利新兴景气龙头混合A
023955,国金安瑞平衡A
161729,招商瑞利灵活配置混合(LOF)A
007183,万家沪港深蓝筹混合C
015752,景顺长城核心招景混合C
007084,天治转型升级混合
002547,民生加银养老服务混合
020848,尚正正泰平衡配置混合发起A
002043,天治研究驱动混合C
010914,长盛成长精选混合A
011315,永赢港股通优质成长一年混合
015005,中邮能源革新混合型发起C
019953,平安价值远见混合C
001972,前海开源沪港深智慧生活混合
010094,交银产业机遇混合
350008,天治新消费混合
011137,广发盛兴混合C
010448,中邮未来成长混合C
023394,宝盈创新医疗混合发起式C
015554,融通价值成长混合C
016294,华安宏利混合C
020071,太平先进制造混合发起式A
009527,浙商汇金新兴消费混合
022286,长城医药产业精选混合发起式A
020266,长城产业优选混合C
023174,兴华景成混合C
015571,创金合信医药优选3个月持有混合C
011274,泰信景气驱动12个月持有混合C
023956,国金安瑞平衡C
007718,中银创新医疗混合A
006689,方正富邦信泓混合A
012374,富国稳健恒盛12个月持有混合C
020849,尚正正泰平衡配置混合发起C
019575,太平科创精选混合发起式A
012383,宏利新兴景气龙头混合C
011868,中信建投远见回报混合A
018007,招商瑞利灵活配置混合(LOF)C
010562,永赢成长领航混合A
010915,长盛成长精选混合C
010554,华安新兴消费混合A
008182,方正富邦信泓混合C
000550,广发新动力混合A
019636,富国研究精选灵活配置混合D
010563,永赢成长领航混合C
010500,中银创新医疗混合C
022287,长城医药产业精选混合发起式C
020072,太平先进制造混合发起式C
005233,广发睿毅领先混合A
007412,景顺长城绩优成长混合A
016454,诺安均衡优选一年持有混合A
011869,中信建投远见回报混合C
010552,浙商智选领航三年持有混合A
005599,汇安量化优选灵活配置A
005600,汇安量化优选灵活配置C
007163,浦银环保新能源A
019574,太平科创精选混合发起式C
019587,兴业弘远回报混合发起式A
014107,博时品质生活混合A
001229,德邦福鑫灵活配置混合A
010555,华安新兴消费混合C
010553,浙商智选领航三年持有混合C
015663,易米开鑫价值优选混合A
009869,嘉实产业先锋混合A
012449,广发睿毅领先混合C
015755,景顺长城绩优成长混合C
011164,富国兴远优选12个月持有混合A
004905,华泰柏瑞生物医药混合A
162605,景顺长城鼎益混合(LOF)A
016313,富国研究精选灵活配置混合C
015400,弘毅远方甄选混合A
002106,德邦福鑫灵活配置混合C
011173,银华心享一年持有期混合
001983,中邮低碳配置混合
004317,前海开源沪港深裕鑫C
007164,浦银环保新能源C
024159,大成港股通机遇混合A
004316,前海开源沪港深裕鑫A
014157,国泰海通创新医药混合发起A
011340,博时战略新材料主题混合A
400032,东方主题精选混合
016287,大成消费机遇混合A
019588,兴业弘远回报混合发起式C
021699,汇添富远见成长混合发起式A
010595,广发成长精选混合A
012703,华夏核心成长混合A
162203,宏利稳定混合
016455,诺安均衡优选一年持有混合C
014108,博时品质生活混合C
217021,招商优势企业混合A
006408,汇添富消费升级混合A
015664,易米开鑫价值优选混合C
001900,诺安精选价值混合A
012447,华夏互联网龙头混合A
015401,弘毅远方甄选混合C
012848,大成悦享生活混合A
519690,交银稳健配置混合
006233,万家汽车新趋势混合A
021987,国泰海通创新医药混合发起C
015227,华夏创新研选混合A
016502,永赢新兴消费智选混合发起A
018600,景顺长城鼎益混合(LOF)C
011165,富国兴远优选12个月持有混合C
001837,前海开源沪港深蓝筹精选混合A
006377,广发趋势动力混合A
015343,长安优势行业混合A
024160,大成港股通机遇混合C
001706,诺安积极回报混合A
009870,嘉实产业先锋混合C
010596,广发成长精选混合C
011341,博时战略新材料主题混合C
010031,华泰柏瑞生物医药混合C
012556,长盛景气优选混合
022150,诺安精选价值混合C
016288,大成消费机遇混合C
012852,嘉实远见先锋一年持有期混合A
010536,泰康优势企业混合A
021700,汇添富远见成长混合发起式C
007110,国投瑞银港股通混合A
000763,工银新财富灵活配置混合
014765,中欧碳中和混合发起A
016503,永赢新兴消费智选混合发起C
006877,天治量化核心精选混合A
750005,安信平稳增长混合发起A
012711,前海开源沪港深蓝筹精选混合C
015187,汇添富消费升级混合C
006234,万家汽车新趋势混合C
017821,招商优势企业混合C
015228,华夏创新研选混合C
012448,华夏互联网龙头混合C
012710,华夏核心成长混合C
002035,安信平稳增长混合发起C
012849,大成悦享生活混合C
018289,广发趋势动力混合C
012847,诺安积极回报混合C
019999,国泰优质领航混合A
006878,天治量化核心精选混合C
000117,广发轮动配置混合
013270,前海开源聚利一年持有混合A
001675,江信同福A
005296,南华丰淳混合A
011081,国投瑞银港股通混合C
012853,嘉实远见先锋一年持有期混合C
010537,泰康优势企业混合C
013271,前海开源聚利一年持有混合C
001874,前海开源沪港深价值精选混合
021219,平安价值精选混合A
006759,银河乐活优萃混合A
006720,平安核心优势混合A
015344,长安优势行业混合C
005241,中欧时代智慧混合A
200006,长城消费增值混合A
011905,安信价值启航混合A
006113,汇添富创新医药混合A
610007,信澳消费优选混合A
020000,国泰优质领航混合C
180028,银华永祥灵活配置混合
014766,中欧碳中和混合发起C
006882,华泰保兴健康消费A
005297,南华丰淳混合C
180013,银华领先策略混合
001676,江信同福C
580007,东吴安享量化混合A
015838,广发招利混合A
016378,太平消费升级一年持有A
010717,前海开源优质企业6个月持有混合A
025060,国泰优质核心混合A
002683,民生加银前沿科技灵活配置混合
009507,国金鑫意医药消费A
012308,国泰价值远见混合A
021227,平安价值精选混合C
018871,银河乐活优萃混合C
005642,鹏扬景升A
008133,华安优质生活混合
005541,前海开源盛鑫混合A
019414,长城消费增值混合C
017041,富国碳中和混合A
007713,华富科技动能混合A
024344,汇添富创新医药混合C
024187,信澳消费优选混合C
000554,南方中国梦灵活配置混合A
014571,东吴安享量化混合C
005542,前海开源盛鑫混合C
006721,平安核心优势混合C
015839,广发招利混合C
024396,东兴产业升级混合发起A
001765,前海开源嘉鑫混合A
005242,中欧时代智慧混合C
006883,华泰保兴健康消费C
001770,前海开源嘉鑫混合C
011826,汇添富健康生活一年持有混合A
017719,华夏消费臻选混合发起式A
021899,融通品质优选混合A
005489,中金衡优灵活配置混合A
016379,太平消费升级一年持有C
002067,诺安精选回报混合A
006768,华安沪港深优选混合
009508,国金鑫意医药消费C
000591,中银健康生活混合A
011906,安信价值启航混合C
010110,广发医药健康混合A
025061,国泰优质核心混合C
019689,南方中国梦灵活配置混合C
012309,国泰价值远见混合C
021489,中航趋势领航混合发起A
014404,中欧多元价值三年持有混合A
010718,前海开源优质企业6个月持有混合C
001875,前海开源沪港深优势精选混合A
024397,东兴产业升级混合发起C
012354,南方新能源产业趋势混合A
003032,平安医疗健康混合A
017968,华富科技动能混合C
017042,富国碳中和混合C
011827,汇添富健康生活一年持有混合C
519001,银华价值优选混合
005643,鹏扬景升C
005490,中金衡优灵活配置混合C
006209,中信保诚新蓝筹混合
001888,中欧盛世成长混合(LOF)E
021900,融通品质优选混合C
166011,中欧盛世成长混合(LOF)A
018975,中信建投消费升级混合发起式A
010111,广发医药健康混合C
004076,国联安锐意成长混合
010041,嘉实港股优势混合A
020474,中欧产业优选混合A
017720,华夏消费臻选混合发起式C
014405,中欧多元价值三年持有混合C
011871,前海开源沪港深优势精选混合C
011288,上银医疗健康混合A
011174,中庚价值品质一年持有期混合
020137,平安医疗健康混合C
001614,东方区域发展混合
003655,信澳新财富混合A
021490,中航趋势领航混合发起C
003432,中信保诚至瑞混合A
012355,南方新能源产业趋势混合C
002564,新沃通盈灵活配置混合
010326,博时消费创新混合A
018976,中信建投消费升级混合发起式C
024238,信澳新财富混合C
007484,信澳核心科技混合A
003433,中信保诚至瑞混合C
018901,招商回报优选混合发起式A
012182,广发沪港深精选混合A
018990,兴银智选消费混合A
007861,金元顺安医疗健康混合A
011289,上银医疗健康混合C
005888,华夏新兴消费混合A
011069,工银成长精选混合A
013859,宝盈品质甄选混合A
024598,兴业医疗创新混合发起式A
020475,中欧产业优选混合C
007862,金元顺安医疗健康混合C
024599,兴业医疗创新混合发起式C
002598,平安消费精选混合A
004233,中欧盛世成长混合(LOF)C
014987,华安产业趋势混合A
012183,广发沪港深精选混合C
013023,平安均衡优选1年持有混合A
010042,嘉实港股优势混合C
012483,前海开源优质龙头6个月持有混合A
018124,永赢先进制造智选混合发起A
002212,嘉实新起航混合A
005226,山证资管改革精选混合A
012484,前海开源优质龙头6个月持有混合C
024800,华夏品质生活混合A
018991,兴银智选消费混合C
018203,信澳核心科技混合C
018902,招商回报优选混合发起式C
004456,兴银消费新趋势灵活配置A
006881,华宝大健康混合A
003446,英大睿鑫A
005889,华夏新兴消费混合C
016384,永赢消费鑫选6个月持有混合A
000056,建信消费升级混合
010327,博时消费创新混合C
011070,工银成长精选混合C
022852,中航优选领航混合发起A
501209,银华富久食品饮料精选混合(LOF)A
014408,创金合信兴选产业趋势混合A
018125,永赢先进制造智选混合发起C
018658,兴银消费新趋势灵活配置C
011177,博时汇融回报一年持有混合A
001864,中海魅力长三角混合
003447,英大睿鑫C
016264,嘉实新起航混合C
002599,平安消费精选混合C
007152,诺德策略精选
017648,信澳聚优智选混合A
017501,招商产业升级1年持有期混合A
001829,华银中国智造主题灵活配置
014988,华安产业趋势混合C
013860,宝盈品质甄选混合C
002938,中银证券健康产业混合
005504,汇添富沪港深大盘价值混合A
021427,国泰优质精选混合A
024801,华夏品质生活混合C
013024,平安均衡优选1年持有混合C
016385,永赢消费鑫选6个月持有混合C
005142,国联沪港深大消费主题A
018529,华宝大健康混合C
020510,金鹰科技致远混合A
398041,中海量化策略混合
164403,前海开源沪港深农业混合A
022853,中航优选领航混合发起C
010076,湘财长弘灵活配置混合A
011278,华夏内需驱动混合A
014409,创金合信兴选产业趋势混合C
005143,国联沪港深大消费主题C
160527,博时研究优选混合(LOF)A
017649,信澳聚优智选混合C
017502,招商产业升级1年持有期混合C
013027,银华富久食品饮料精选混合(LOF)C
377150,摩根健康品质生活混合A
021428,国泰优质精选混合C
007151,前海开源沪港深聚瑞混合
011178,博时汇融回报一年持有混合C
015118,汇添富沪港深大盘价值混合C
015210,前海开源沪港深农业混合C
010077,湘财长弘灵活配置混合C
001007,国联安鑫安灵活配置混合
002967,浙商大数据智选消费混合A
015287,永赢优质生活混合A
013220,中欧新兴价值一年持有混合A
020511,金鹰科技致远混合C
024379,平安港股通医疗创新精选混合A
161818,银华消费主题混合A
015032,国联医药消费混合A
015346,摩根健康品质生活混合C
011279,华夏内需驱动混合C
012358,汇丰晋信医疗先锋混合A
019620,汇安行业优选混合A
160528,博时研究优选混合(LOF)C
005170,华泰保兴策略精选C
005169,华泰保兴策略精选A
024380,平安港股通医疗创新精选混合C
015288,永赢优质生活混合C
019621,汇安行业优选混合C
012359,汇丰晋信医疗先锋混合C
015033,国联医药消费混合C
014346,银华消费主题混合C
005335,浙商全景消费混合A
000057,中银消费主题混合A
016307,景顺长城北交所精选两年定开混合A
013348,创金合信大健康混合A
014813,浙商大数据智选消费混合C
013221,中欧新兴价值一年持有混合C
002174,东方互联网嘉混合
003413,华泰柏瑞新经济沪港深混合A
020593,华夏软件龙头混合发起式A
013289,工银食品饮料混合A
004942,格林伯元灵活配置A
008842,同泰远见混合A
019708,中银消费主题混合C
004943,格林伯元灵活配置C
014373,浙商全景消费混合C
610002,信澳精华配置混合A
013349,创金合信大健康混合C
016308,景顺长城北交所精选两年定开混合C
011673,长城医药科技六个月持有混合A
200008,长城品牌优选混合A
008273,广发优质生活混合A
008843,同泰远见混合C
017911,华泰柏瑞新经济沪港深混合C
020594,华夏软件龙头混合发起式C
290002,泰信先行策略混合
012690,广发消费领先混合A
013290,工银食品饮料混合C
011674,长城医药科技六个月持有混合C
006231,国融融君混合A
013037,长城大健康混合A
013851,中信建投低碳成长混合A
005526,工银新生代消费混合
012691,广发消费领先混合C
001662,创金合信沪港深精选混合
019051,华泰柏瑞科技创新混合发起式A
018004,广发优质生活混合C
015732,尚正新能源产业混合A
006232,国融融君混合C
024357,东方阿尔法健康产业混合发起A
004424,汇添富文体娱乐混合A
012772,信澳精华配置混合C
001540,浙商汇金转型驱动
009564,汇安消费龙头混合A
013852,中信建投低碳成长混合C
004521,安信工业4.0灵活配置混合A
019052,华泰柏瑞科技创新混合发起式C
007132,长城港股通价值精选混合A
010594,广发睿选三年持有期混合
024632,中欧消费精选混合发起A
510081,长盛动态精选混合
008099,广发价值领先混合A
024358,东方阿尔法健康产业混合发起C
016761,嘉合锦荣混合A
002620,中邮未来新蓝筹混合
015733,尚正新能源产业混合C
022446,前海开源周期精选混合A
010104,景顺长城消费精选混合A
011153,华宝新兴消费混合A
012421,华夏优加生活混合A
013038,长城大健康混合C
004522,安信工业4.0灵活配置混合C
015183,汇添富文体娱乐混合C
009565,汇安消费龙头混合C
001518,万家瑞兴灵活配置混合A
017627,长城港股通价值精选混合C
017112,嘉实优享生活混合A
023566,德邦高端装备混合发起式A
013836,博时时代消费混合A
519915,富国消费主题混合A
022447,前海开源周期精选混合C
010105,景顺长城消费精选混合C
011154,华宝新兴消费混合C
024633,中欧消费精选混合发起C
012420,广发价值领先混合C
023567,德邦高端装备混合发起式C
019085,工银价值精选混合A
017113,嘉实优享生活混合C
015390,万家瑞兴灵活配置混合C
016762,嘉合锦荣混合C
016549,永赢消费龙头智选混合发起A
012422,华夏优加生活混合C
010701,恒越内需驱动混合A
002605,融通新消费灵活配置混合
398061,中海消费混合A
011309,富国消费主题混合C
019086,工银价值精选混合C
007291,汇丰晋信港股通双核策略混合
013837,博时时代消费混合C
016550,永赢消费龙头智选混合发起C
017915,中海消费混合C
481013,工银消费服务混合A
007811,淳厚信泽混合A
012557,中欧景气前瞻一年混合A
006526,鹏华优选回报混合A
008188,前海开源稳健增长三年混合
012390,中欧产业前瞻混合A
010702,恒越内需驱动混合C
006223,交银创新成长混合
001830,融通跨界成长灵活配置混合A
012582,交银品质增长一年混合A
022802,西部利得消费精选混合A
013356,大摩沪港深精选混合A
010454,交银内需增长一年持有混合
011475,工银消费服务混合C
020428,华安先进制造混合发起式A
000794,宝盈睿丰创新混合A/B
016635,国联安气候变化混合A
007812,淳厚信泽混合C
005067,融通逆向策略灵活配置混合A
021631,兴银聚优智选混合发起A
012997,鹏华优选回报混合C
017000,格林港股通臻选混合A
006652,富国金融地产行业混合A
014794,富国远见优选混合A
021904,中银ESG主题混合发起A
022803,西部利得消费精选混合C
006775,前海开源优质成长混合
013357,大摩沪港深精选混合C
020429,华安先进制造混合发起式C
012558,中欧景气前瞻一年混合C
519767,交银科技创新灵活配置混合A
016530,鹏华碳中和主题混合A
018681,国联安气候变化混合C
010617,兴业消费精选混合A
008424,国联品牌优选混合A
009270,融通逆向策略灵活配置混合C
012391,中欧产业前瞻混合C
021632,兴银聚优智选混合发起C
021905,中银ESG主题混合发起C
012583,交银品质增长一年混合C
017001,格林港股通臻选混合C
000796,宝盈睿丰创新混合C
011124,富国金融地产行业混合C
006216,前海开源价值成长混合A
012971,东吴消费成长混合A
005827,易方达蓝筹精选混合
014795,富国远见优选混合C
006217,前海开源价值成长混合C
003397,银华体育文化灵活配置混合A
015394,交银科技创新灵活配置混合C
016531,鹏华碳中和主题混合C
005865,浦银量化多策略混合A
010618,兴业消费精选混合C
020287,永赢红利慧选混合发起A
012972,东吴消费成长混合C
018590,银华体育文化灵活配置混合C
014938,同泰产业升级混合A
009542,银华富利精选混合A
008425,国联品牌优选混合C
162717,广发成长新动能混合A
005866,浦银量化多策略混合C
011917,山证资管品质生活混合A
020288,永赢红利慧选混合发起C
014939,同泰产业升级混合C
011918,山证资管品质生活混合C
024023,申万菱信行业精选混合A
005164,富荣福锦混合A
013711,广发成长新动能混合C
003684,汇安丰融混合A
014044,银华富利精选混合C
010483,交银启道混合
005165,富荣福锦混合C
003685,汇安丰融混合C
011287,前海开源聚慧三年持有混合
005104,富荣福康混合A
005105,富荣福康混合C
015034,泰信优势领航混合A
024024,申万菱信行业精选混合C
025017,华富医疗创新混合发起式A
006477,中邮沪港深精选混合A
007082,平安高端制造混合A
009661,平安研究睿选混合A
006537,恒生前海港股通精选混合
012255,富国高质量混合
006179,富国品质生活混合A
023602,泰信优势领航混合C
025018,华富医疗创新混合发起式C
023176,中邮沪港深精选混合C
023603,泰信优势领航混合D
008901,富国内需增长混合A
009662,平安研究睿选混合C
015927,西部利得绿色能源混合A
310388,申万菱信消费增长混合A
007083,平安高端制造混合C
013047,富国品质生活混合C
011969,建信港股通精选混合A
016590,富国汽车智选混合A
015928,西部利得绿色能源混合C
015254,申万菱信消费增长混合C
013045,富国内需增长混合C
016350,招商碳中和主题混合A
011970,建信港股通精选混合C
011099,富国价值创造混合A
014699,东方高端制造混合A
011876,景顺长城医疗健康混合A
019126,华泰柏瑞港股通医疗精选混合发起式A
012523,国联高质量成长混合A
011355,华泰柏瑞港股通时代机遇混合A
016591,富国汽车智选混合C
019127,华泰柏瑞港股通医疗精选混合发起式C
011877,景顺长城医疗健康混合C
016351,招商碳中和主题混合C
014700,东方高端制造混合C
011100,富国价值创造混合C
012524,国联高质量成长混合C
020419,鹏华科技驱动混合发起式A
011356,华泰柏瑞港股通时代机遇混合C
020397,中银港股通医药混合发起A
007393,上银未来生活灵活配置混合A
013871,招商能源转型混合A
020420,鹏华科技驱动混合发起式C
024271,恒生前海瑞丰混合A
002443,前海开源沪港深龙头精选混合A
000538,诺安优势行业混合A
012102,国寿安保低碳经济混合A
002053,诺安优势行业混合C
020398,中银港股通医药混合发起C
012103,国寿安保低碳经济混合C
018006,前海开源沪港深龙头精选混合C
540002,汇丰晋信龙腾混合A
519150,新华优选消费混合
024272,恒生前海瑞丰混合C
014113,上银未来生活灵活配置混合C
005228,汇添富港股通专注成长
013293,长城健康消费混合A
013872,招商能源转型混合C
014074,嘉实内需精选混合A
019244,汇丰晋信龙腾混合C
002303,金鹰智慧生活混合A
009983,永赢港股通品质生活慧选混合A
012506,东方品质消费一年持有期混合A
020693,长城健康消费混合C
011578,汇丰晋信核心成长A
014075,嘉实内需精选混合C
024735,永赢港股通科技智选混合发起A
012507,东方品质消费一年持有期混合C
540003,汇丰晋信动态策略混合A
003835,鹏华沪深港新兴成长混合A
019749,金鹰智慧生活混合C
011275,交银成长动力一年持有混合A
021918,永赢港股通品质生活慧选混合C
024319,永赢新兴产业智选混合发起A
011579,汇丰晋信核心成长C
011121,广发兴诚混合A
010715,财通资管消费升级一年持有A
018710,鹏华沪深港新兴成长混合C
004926,中航军民融合精选A
016335,汇丰晋信动态策略混合C
004927,中航军民融合精选C
024736,永赢港股通科技智选混合发起C
001270,英大灵活配置混合型发起式A
011276,交银成长动力一年持有混合C
010054,万家健康产业混合A
011130,广发兴诚混合C
024320,永赢新兴产业智选混合发起C
010716,财通资管消费升级一年持有C
001271,英大灵活配置混合型发起式B
010055,万家健康产业混合C
009940,格林稳健价值混合A
004549,富安达消费主题混合
009941,格林稳健价值混合C
580005,东吴进取策略混合A
016541,交银启衡混合A
010143,交银施罗德启欣混合
014917,汇丰晋信时代先锋混合A
011242,东吴进取策略混合C
001563,华富健康文娱灵活配置混合A
014918,汇丰晋信时代先锋混合C
019200,华富健康文娱灵活配置混合C
016542,交银启衡混合C
023560,富达创新驱动混合发起A
021450,富国医疗产业混合发起式A
023561,富达创新驱动混合发起C
021451,富国医疗产业混合发起式C
024737,永赢新材料智选混合发起A
005255,浦银港股通量化混合A
013224,浦银港股通量化混合C
024738,永赢新材料智选混合发起C
011924,嘉实港股互联网产业核心资产A
011925,嘉实港股互联网产业核心资产C
025172,德邦医疗创新混合发起式A
023753,永赢信息产业智选混合发起A
014423,汇丰晋信研究精选混合
017962,广发医药创新混合发起式A
025173,德邦医疗创新混合发起式C
023754,永赢信息产业智选混合发起C
017963,广发医药创新混合发起式C
580003,东吴行业轮动混合A
018362,东方阿尔法瑞丰混合发起A
023899,富达港股通精选混合发起A
011240,东吴行业轮动混合C
018363,东方阿尔法瑞丰混合发起C
019394,浦银策略优选混合A
290004,泰信优质生活混合
024388,中航智选领航混合发起A
018248,中欧致和混合A
019395,浦银策略优选混合C
023900,富达港股通精选混合发起C
290012,泰信行业精选混合A
015630,申万菱信乐融一年持有混合A
002583,泰信行业精选混合C
024389,中航智选领航混合发起C
008180,同泰慧利混合A
015631,申万菱信乐融一年持有混合C
018249,中欧致和混合C
008181,同泰慧利混合C
006181,格林伯锐灵活配置A
006182,格林伯锐灵活配置C
018438,财通资管品质消费混合发起式A
008840,德邦大消费混合A
000976,长城新兴产业混合A
004634,前海联合泳涛混合A
018439,财通资管品质消费混合发起式C
008841,德邦大消费混合C
007518,东方阿尔法优选混合A
007041,前海联合泳涛混合C
019412,长城新兴产业混合C
007519,东方阿尔法优选混合C
020026,国泰成长优选混合
006235,东方城镇消费主题混合A
011188,信澳星奕混合A
006364,招商丰韵混合A
011223,信澳星奕混合C
015150,恒越匠心优选一年持有混合A
010282,中信建投智享生活混合A
015151,恒越匠心优选一年持有混合C
006365,招商丰韵混合C
010283,中信建投智享生活混合C
007770,同泰开泰混合A
007771,同泰开泰混合C
001978,泰信互联网+主题混合A
011002,同泰大健康主题混合A
011003,同泰大健康主题混合C
008050,同泰慧择混合A
008051,同泰慧择混合C
025871,圆信永丰沪港深消费精选混合发起C
025585,光大阳光智造混合C
025568,光大阳光稳健增长混合A
025533,光大阳光优选一年持有混合A
025534,光大阳光优选一年持有混合C
025574,光大阳光混合C
025573,光大阳光混合A
025569,光大阳光稳健增长混合C
024837,中欧港股通科技混合发起C
024965,南方多元价值一年持有混合C
024836,中欧港股通科技混合发起A
023951,农银平衡价值混合A
024964,南方多元价值一年持有混合A
025077,华泰柏瑞制造业主题混合A
025078,华泰柏瑞制造业主题混合C
021194,格林科技成长混合A
021195,格林科技成长混合C
024645,平安瑞和6个月持有混合A
025074,南方瑞景混合C
025075,汇添富成长优选混合A
025076,汇添富成长优选混合C
025065,平安研究驱动混合A
025066,平安研究驱动混合C
025905,兴证资管恒睿致胜混合发起式C
025904,兴证资管恒睿致胜混合发起式A
025854,中信保诚消费机遇混合A
025861,万家泓裕成长驱动混合发起式C
024374,招商消费悦享混合发起式C
025886,鹏华新兴产业混合C
025702,惠升均衡回报混合A
025703,惠升均衡回报混合C
025527,中金优势领航一年持有混合A
025528,中金优势领航一年持有混合C
024362,中欧红利慧选混合发起C
025327,银华嘉瑞平衡混合发起式C
025326,银华嘉瑞平衡混合发起式A
025349,广发乾享核心精选混合A
025689,中金阿尔法优选混合C
025918,易方达科技先锋混合A
024480,财通品质甄选混合A
025710,汇添富价值驱动混合C
025709,汇添富价值驱动混合A
025299,交银港股通优质精选混合C
025073,南方瑞景混合A
024646,平安瑞和6个月持有混合C
025543,华夏价值精选混合C
025933,中欧价值裕享混合A
025429,东方红研究精选混合C
023839,银华甄选价值回报混合A
023840,银华甄选价值回报混合C
025694,中银港股通消费精选混合发起A
025695,中银港股通消费精选混合发起C
025908,华夏睿磐泰盛混合C
025559,光大阳光启明星创新驱动混合C
025358,鑫元锦鑫回报混合A
025359,鑫元锦鑫回报混合C
025942,广发新动力混合C
025964,广发创新成长混合A
025428,东方红研究精选混合A
025685,易方达优势进取混合C
025650,平安资源精选混合发起式A
025965,广发创新成长混合C
025392,建信红利严选混合发起A
024672,永赢价值回报混合A
023952,农银平衡价值混合C
019437,华商科创创业精选混合A
025668,申万菱信宁通六个月持有期混合
024866,圆信永丰新材料混合发起A
024476,南华科技创新混合发起A
025884,东方城镇消费主题混合C
024867,圆信永丰新材料混合发起C
025934,中欧价值裕享混合C
019438,华商科创创业精选混合C
025556,博时裕益混合C
024673,永赢价值回报混合C
025651,平安资源精选混合发起式C
025846,华安消费智选混合发起式C
025783,兴证资管金麒麟兴享优选混合D
025459,湘财科技智选混合A
025319,金元顺安乾丰稳健混合A
022672,平安产业竞争力混合C
022673,平安产业竞争力混合A
025996,大成荣享混合C
025082,摩根慧启成长混合A
025784,兴证资管金麒麟兴享优选混合E
025320,金元顺安乾丰稳健混合C
025941,浦银港股通消费混合C
025751,兴证资管金麒麟均衡优选混合E
025149,华富福盛一年持有期混合A
025150,华富福盛一年持有期混合C
025666,银华鑫禾混合A
025667,银华鑫禾混合C
025794,中欧新能源主题混合发起A
025855,中信保诚消费机遇混合C
025684,易方达优势进取混合A
025839,恒生前海成长领航混合A
025222,创金合信弘科混合发起A
025223,创金合信弘科混合发起C
025545,汇添富港股通科技精选混合发起式C
024790,鑫元产业机遇混合A
025341,鹏华制造升级混合C
025350,广发乾享核心精选混合C
025544,汇添富港股通科技精选混合发起式A
024842,信澳高端装备混合C
025581,财通消费优选混合发起C
025860,万家泓裕成长驱动混合发起式A
024819,中欧医药生物混合发起C
024818,中欧医药生物混合发起A
025674,鑫元港股通领航混合A
025750,兴证资管金麒麟均衡优选混合D
025778,东方阿尔法瑞享混合发起C
025558,光大阳光启明星创新驱动混合A
025844,兴证资管金麒麟兴睿优选混合E
025843,兴证资管金麒麟兴睿优选混合D
025656,国金智远量化选股混合A
025439,永赢启航慧选混合A
025772,中金安心回报混合C
025771,中金安心回报混合A
025792,东方阿尔法科技甄选混合发起A
025793,东方阿尔法科技甄选混合发起C
025657,国金智远量化选股混合C
026089,上银医疗创新混合发起式A
025923,平安新能源精选混合发起式A
026082,财通资管优质研选混合发起式C
025840,恒生前海成长领航混合C
025355,东海启恒混合发起式A
025829,中欧多元平衡混合C
025828,中欧多元平衡混合A
024477,南华科技创新混合发起C
025232,中信建投价值增长混合C
025845,华安消费智选混合发起式A
025231,中信建投价值增长混合A
025847,中海港股通睿选混合C
025572,银华科技创新混合C
025460,湘财科技智选混合C
024331,华夏资源精选混合发起式C
024330,华夏资源精选混合发起式A
025440,永赢启航慧选混合C
025409,兴华景明混合C
025408,兴华景明混合A
025390,平安港股通成长精选混合A
025646,平安高端装备混合发起式A
025647,平安高端装备混合发起式C
024841,信澳高端装备混合A
025688,中金阿尔法优选混合A
025580,财通消费优选混合发起A
025753,招商均衡配置混合C
025995,大成荣享混合A
024791,鑫元产业机遇混合C
025542,华夏行业景气混合C
025486,中邮新锐量化选股混合发起式A
025340,鹏华制造升级混合A
025686,国泰半导体制造精选混合发起A
025994,银华盛安六个月持有混合C
025993,银华盛安六个月持有混合A
025759,华安新兴动力混合发起式C
025758,华安新兴动力混合发起式A
025687,国泰半导体制造精选混合发起C
026004,鹏安核心优选混合发起式C
025825,易方达产业优选混合C
025830,嘉实成长共享混合A
026137,山证资管策略精选混合C
026126,山证资管改革精选混合C
025716,安联睿利6个月持有混合C
026075,恒生前海成长动力混合C
026141,财信芙璟混合C
025185,中银品质新兴混合C
025184,中银品质新兴混合A
025870,圆信永丰沪港深消费精选混合发起A
025919,易方达科技先锋混合C
025773,中金丰裕稳健一年持有混合A
025774,中金丰裕稳健一年持有混合C
025926,中信保诚医药精选混合A
025927,中信保诚医药精选混合C
024900,西部利得专精特新量化选股混合A
024901,西部利得专精特新量化选股混合C
025777,东方阿尔法瑞享混合发起A
026153,国泰海通君得明混合C
026074,恒生前海成长动力混合A
025487,中邮新锐量化选股混合发起式C
024659,国联价值均衡混合C
025928,恒生前海成长先锋混合A
024658,国联价值均衡混合A
025770,中金进取回报混合C
025769,中金进取回报混合A
025648,易方达港股通科技混合A
025649,易方达港股通科技混合C
024481,财通品质甄选混合C
025824,易方达产业优选混合A
025645,广发量化多因子混合C
025704,浙商汇金量化精选混合C
025255,鹏扬港股通精选混合A
025256,鹏扬港股通精选混合C
023871,人保均衡智选混合A
023872,人保均衡智选混合C
025203,中欧港股通大盘精选混合发起C
026068,新华低碳经济混合发起A
025881,汇添富科技领先混合C
025880,汇添富科技领先混合A
026168,国泰港股通精选混合发起C
026140,财信芙璟混合A
026245,红土创新新兴产业混合C
026700,新华大盘成长量化选股混合发起C
026699,新华大盘成长量化选股混合发起A
026282,东方红先锋锐选混合发起A
026283,东方红先锋锐选混合发起C
026278,泉果竞争优势混合C
026070,安信港股通臻选混合发起A
023187,国联安红利慧选混合发起式C
023186,国联安红利慧选混合发起式A
026757,鑫元鑫锐量化选股混合发起式C
026384,中航甄选领航混合发起A
026253,国泰产业升级混合发起A
025985,东海领航精选3个月持有混合发起式A
026269,万家消费机遇混合A
026491,天弘价值成长混合C
026490,天弘价值成长混合A
025924,平安新能源精选混合发起式C
026760,财信均衡致远混合发起式A
026761,财信均衡致远混合发起式C
026752,国泰共赢未来混合发起A
026476,西部利得创新驱动鑫选混合发起C
026472,益民创新优势混合C
024361,中欧红利慧选混合发起A
026167,国泰港股通精选混合发起A
026324,广发消费智选混合C
026328,广发乾元价值增长混合C
026327,广发乾元价值增长混合A
026538,融通科技臻选混合发起式A
026539,融通科技臻选混合发起式C
026731,富国价值回报混合C
026730,富国价值回报混合A
026069,新华低碳经济混合发起C
026270,万家消费机遇混合C
026618,万家致远动力混合发起式C
026385,中航甄选领航混合发起C
026756,鑫元鑫锐量化选股混合发起式A
026396,鹏扬科技先锋混合A
026421,大摩ESG量化混合C
025831,嘉实成长共享混合C
026252,易方达消费机遇混合C
025721,中欧价值优选混合A
025722,中欧价值优选混合C
026212,工银科技智选混合A
026875,人保新锐智选混合C
026874,人保新锐智选混合A
025761,招商均衡进取混合A
025584,光大阳光智造混合A
026333,广发盛世精选混合C
026287,华宝优势产业混合C
026286,华宝优势产业混合A
026642,富国数字经济混合A
026732,广发成长甄选混合A
026529,贝莱德富元金利混合A
026378,广发成长回报混合A
026379,广发成长回报混合C
025393,建信红利严选混合发起C
026448,大摩沪港深科技混合A
026449,大摩沪港深科技混合C
025986,东海领航精选3个月持有混合发起式C
025673,鑫元港股通领航混合C
026601,明亚远臻智选混合C
026648,易方达港股通消费混合A
026649,易方达港股通消费混合C
025356,东海启恒混合发起式C
026600,明亚远臻智选混合A
026475,西部利得创新驱动鑫选混合发起A
024812,富国消费优选混合A
024813,富国消费优选混合C
026709,景顺长城智享混合
026003,鹏安核心优选混合发起式A
026684,永赢锐见成长混合A
026685,永赢锐见成长混合C
026293,红土精选混合C
026609,工银前瞻成长混合A
026617,万家致远动力混合发起式A
026834,诺安精选回报混合C
026532,宏利优势企业混合A
026710,富国核心动力混合A
026711,富国核心动力混合C
026643,富国数字经济混合C
026680,永赢产业机遇智选混合发起A
025795,中欧新能源主题混合发起C
026837,财通资管周期研选混合发起式A
026838,财通资管周期研选混合发起式C
026188,中邮周期精选混合发起式C
026187,中邮周期精选混合发起式A
026397,鹏扬科技先锋混合C
026430,华商核心优选混合A
026525,泰信消费精选混合发起式C
026634,平安久瑞回报混合A
026635,平安久瑞回报混合C
026323,广发消费智选混合A
025083,摩根慧启成长混合C
026076,恒生前海港股通科技成长混合A
026200,大摩港股通多元成长混合C
026199,大摩港股通多元成长混合A
026524,泰信消费精选混合发起式A
026729,中信保诚科技智选混合C
026728,中信保诚科技智选混合A
026681,永赢产业机遇智选混合发起C
025930,农银致远价值混合A
025931,农银致远价值混合C
026420,大摩多因子策略混合C
026353,财通泓盛平衡混合A
026231,中银淳益混合C
026230,中银淳益混合A
026014,广发新锐智选混合C
026071,安信港股通臻选混合发起C
026072,广发研究智选混合A
026073,广发研究智选混合C
026284,东方红嘉享混合发起A
026285,东方红嘉享混合发起C
025998,永赢汇欣混合C
026687,兴华景睿混合发起C
026686,兴华景睿混合发起A
026077,恒生前海港股通科技成长混合C
026841,华安创新动能混合A
026872,汇添富消费新机遇混合发起式A
026822,长盛电子信息主题混合C
026254,国泰产业升级混合发起C
026440,永赢价值核心混合A
025749,招商医药量化选股混合发起式C
026079,中航卓越领航混合发起C
026078,中航卓越领航混合发起A
026211,平安科技精选混合发起式C
026067,易方达成长驱动混合C
026066,易方达成长驱动混合A
025929,恒生前海成长先锋混合C
026480,农银消费启航混合C
026479,农银消费启航混合A
026238,广发平衡精选混合E
025838,中海港股通睿选混合A
026139,汇安均衡优选混合C
026227,恒越优势精选混合C
026960,惠升添益混合A
026961,惠升添益混合C
025090,百嘉百裕成长混合发起式A
025091,百嘉百裕成长混合发起式C
026090,上银医疗创新混合发起式C
026762,广发医疗创新精选混合发起式A
026763,广发医疗创新精选混合发起式C
026268,兴业臻选回报混合C
026177,华商品质甄选混合A
026178,华商品质甄选混合C
026213,工银科技智选混合C
026237,广发平衡精选混合D
026561,国泰海通低碳经济睿选混合发起C
026840,万家医疗创新混合发起式C
026431,华商核心优选混合C
021779,东方红成长先锋混合A
026530,贝莱德富元金利混合C
025848,西部利得红利鑫选混合发起A
025849,西部利得红利鑫选混合发起C
026383,中航洞见领航混合C
026262,银华智享混合C
026857,富安达医药创新混合C
026856,富安达策略精选混合C
025547,财通周期优选混合C
026673,长江医药健康精选混合发起A
026603,国泰产业机遇混合发起C
026947,东方红周期研选混合发起A
026948,东方红周期研选混合发起C
026467,西部利得智享量化选股混合C
025785,中金科创优选混合发起A
025786,中金科创优选混合发起C
026864,苏新韵启混合A
026865,苏新韵启混合C
025637,泰信互联网+主题混合C
024826,东兴低碳经济混合发起A
026470,泓德医药精选混合发起式A
026202,上银丰泽混合发起式A
026203,上银丰泽混合发起式C
026942,中加量化选股混合C
027013,广发港股通医疗创新精选混合C
026842,华安创新动能混合C
026556,摩根均衡成长混合A
026804,宏利消费主题精选混合C
026803,宏利消费主题精选混合A
026471,泓德医药精选混合发起式C
026839,万家医疗创新混合发起式A
026825,中银健康生活混合C
026645,易方达成长领航混合C
026887,财通资管消费研选混合发起式C
026890,兴合产业优选混合发起式A
026891,兴合产业优选混合发起式C
026541,鹏华成长进取混合C
026658,中银先锋半导体混合发起A
026081,财通资管优质研选混合发起式A
026659,中银先锋半导体混合发起C
026261,银华智享混合A
026563,国泰海通制造升级睿选混合发起C
026560,国泰海通低碳经济睿选混合发起A
026886,财通资管消费研选混合发起式A
026733,广发成长甄选混合C
026267,兴业臻选回报混合A
026901,华安沣泽6个月持有混合A
026902,华安沣泽6个月持有混合C
026258,平安新锐量化选股混合发起式C
026257,平安新锐量化选股混合发起式A
025957,新华科技优选混合发起C
025956,新华科技优选混合发起A
026251,易方达消费机遇混合A
026273,平安数字经济精选混合发起式A
026274,平安数字经济精选混合发起式C
025368,东财启和混合A
025369,东财启和混合C
026382,中航洞见领航混合A
026496,东方红消费研选混合发起C
026196,易方达港股通医药混合C
026210,平安科技精选混合发起式A
026195,易方达港股通医药混合A
026495,东方红消费研选混合发起A
026678,恒越嘉润量化选股混合A
026679,恒越嘉润量化选股混合C
027000,泓德周期臻选混合发起式A
027001,泓德周期臻选混合发起式C
026441,永赢价值核心混合C
025360,中加均衡回报混合A
025361,中加均衡回报混合C
026602,国泰产业机遇混合发起A
025997,永赢汇欣混合A
025391,平安港股通成长精选混合C
026633,平安半导体领航精选混合发起式C
026632,平安半导体领航精选混合发起式A
026821,南方医疗精选混合发起C
025202,中欧港股通大盘精选混合发起A
024827,东兴低碳经济混合发起C
025748,招商医药量化选股混合发起式A
026674,长江医药健康精选混合发起C
026562,国泰海通制造升级睿选混合发起A
026354,财通泓盛平衡混合C
026610,工银前瞻成长混合C
026638,新华医疗创新混合发起A
026639,新华医疗创新混合发起C
025546,财通周期优选混合A
026271,上银消费机遇混合发起式A
026272,上银消费机遇混合发起式C
026465,人保睿逸智选混合C
026464,人保睿逸智选混合A
026850,泓德价值智选混合A
026851,泓德价值智选混合C
025715,安联睿利6个月持有混合A
026332,广发盛世精选混合A
027740,中欧恒益稳健180天混合C
027050,融通医疗创新臻选混合C
027049,融通医疗创新臻选混合A
026868,广发汇智量化选股混合C
026510,广发优选回报混合A
027385,汇添富价值智选混合发起式A
027312,富国消费服务混合发起式C
027311,富国消费服务混合发起式A
026367,永赢致远成长混合A
026368,永赢致远成长混合C
027591,安联中国港股通精选混合C
027700,万家港股通科技智选混合发起式C
027498,国联周期优选混合发起A
027570,银华嘉盈混合A
027571,银华嘉盈混合C
027085,英大产业精选混合发起C
027084,英大产业精选混合发起A
027036,长城智悦均衡混合C
027035,长城智悦均衡混合A
025762,招商均衡进取混合C
027331,大成天享3个月持有期混合C
027042,富国港股通医药优选混合C
027263,宝盈数字经济混合发起式A
026993,东方阿尔法瑞利混合发起A
027699,万家港股通科技智选混合发起式A
027750,瑞达优选配置混合型发起式C
027257,融通数字经济臻选混合发起式C
026867,广发汇智量化选股混合A
027052,诺安科技智选混合C
027131,弘毅远方睿选混合A
026904,融通消费臻选混合发起式C
026986,汇泉科创创业量化选股混合A
026987,汇泉科创创业量化选股混合C
027201,华泰柏瑞嘉锐量化选股混合A
027202,华泰柏瑞嘉锐量化选股混合C
026897,华夏港股通消费精选混合A
026898,华夏港股通消费精选混合C
027792,汇添富资源精选混合A
027097,财通资管科技研选混合发起式A
027098,财通资管科技研选混合发起式C
027698,富国核心智选混合发起式C
027681,富国核心智选混合发起式A
025872,鑫元浦鑫回报混合A
025873,鑫元浦鑫回报混合C
026366,招商周期精选混合C
027069,中加科技先锋智选混合发起式C
027225,富国新能源混合发起式A
027252,融通新材料混合发起式A
027253,融通新材料混合发起式C
027674,上银丰荣混合发起式C
027046,弘毅远方医疗创新混合C
026924,富国港股通成长精选混合C
027041,富国港股通医药优选混合A
027329,浦银半导体产业混合C
027382,浦银产业机遇混合C
027381,浦银产业机遇混合A
027912,财通可持续混合C
026511,广发优选回报混合C
026939,南方智汇量化选股混合A
026557,摩根均衡成长混合C
027403,长盛生态环境混合C
026661,广发成长慧选混合C
026660,广发成长慧选混合A
027244,鑫元星航混合发起式C
027243,鑫元星航混合发起式A
027051,诺安科技智选混合A
027297,南方消费启航混合发起A
027298,南方消费启航混合发起C
027709,鑫元新材料睿选混合发起式C
027062,新华科技甄选混合发起C
027012,广发港股通医疗创新精选混合A
027673,上银丰荣混合发起式A
027301,苏新睿哲量化选股混合A
027302,苏新睿哲量化选股混合C
027300,富国电子信息产业混合发起式C
025988,鹏华创新未来混合(LOF)A
027132,弘毅远方睿选混合C
027207,路博迈卓越优选混合A
027208,路博迈卓越优选混合C
027045,弘毅远方医疗创新混合A
026923,富国港股通成长精选混合A
027328,浦银半导体产业混合A
026934,鑫元周期睿选混合发起式C
026933,鑫元周期睿选混合发起式A
026991,国泰产业智选混合发起C
026990,国泰产业智选混合发起A
026873,汇添富消费新机遇混合发起式C
027187,国泰鑫澄混合A
027188,国泰鑫澄混合C
026941,中加量化选股混合A
026329,长盛品质成长混合A
026968,创金合信文利1个月持有期混合A
027781,国泰海通新能源睿选混合发起C
027854,浦银资源精选混合A
026533,宏利优势企业混合C
027270,财信价值精选混合发起式A
027271,财信价值精选混合发起式C
027061,新华科技甄选混合发起A
026940,南方智汇量化选股混合C
021780,东方红成长先锋混合C
026944,兴全悦加混合C
027939,财通科创主题灵活配置混合(LOF)C
027343,中邮尊享混合发起式C
027568,中邮嘉享混合发起式A
027793,汇添富资源精选混合C
026903,融通消费臻选混合发起式A
027749,瑞达优选配置混合型发起式A
028265,新华中小市值优选混合C
027991,融通互联网传媒灵活配置混合C
026918,大成启元价值混合A
027149,平安周期精选混合发起式A
026753,国泰共赢未来混合发起C
027129,泉果科技领航混合发起式A
027130,泉果科技领航混合发起式C
026988,海富通沪港深医疗创新混合A
026989,海富通沪港深医疗创新混合C
027377,鹏扬周期优选混合发起式A
027421,东方红恒悦精选混合发起C
027420,东方红恒悦精选混合发起A
027057,南方科技领航混合发起A
027058,南方科技领航混合发起C
026694,易方达港股通周期精选混合A
027184,平安新鑫智选混合A
027185,平安新鑫智选混合C
026486,大成竞先成长混合A
026487,大成竞先成长混合C
026870,鹏华卓越成长混合A
026871,鹏华卓越成长混合C
027063,鹏华创新驱动混合C
027378,鹏扬周期优选混合发起式C
027369,万家港股通价值混合发起式A
026365,招商周期精选混合A
027226,富国新能源混合发起式C
027158,中欧景气回报混合A
027370,万家港股通价值混合发起式C
026473,西部利得周期鑫选混合发起A
027116,兴业沪港深成长先锋混合发起式C
027115,兴业沪港深成长先锋混合发起式A
027156,鑫元启航混合发起式A
027157,鑫元启航混合发起式C
026695,易方达港股通周期精选混合C
027264,宝盈数字经济混合发起式C
027558,东方红恒信精选混合发起C
026330,长盛品质成长混合C
026907,金鹰恒荣混合C
026905,金鹰恒荣混合A
027557,东方红恒信精选混合发起A
027547,东方红智弘价值混合发起A
028053,新华科技创新主题灵活配置混合C
026644,易方达成长领航混合A
027342,中邮尊享混合发起式A
027530,招商金融严选混合发起式A
027386,汇添富价值智选混合发起式C
027203,兴业创新驱动混合发起式A
027204,兴业创新驱动混合发起式C
027798,华夏优享回报混合C
027531,招商金融严选混合发起式C
027229,万家价值回报混合发起式A
027230,万家价值回报混合发起式C
022576,人保民鸿混合C
022575,人保民鸿混合A
027118,东财新兴产业C
027117,东财新兴产业A
027499,国联周期优选混合发起C
027299,富国电子信息产业混合发起式A
027074,鹏安核心科技混合发起式A
027075,鹏安核心科技混合发起式C
027245,汇添富医疗创新混合发起式A
027246,汇添富医疗创新混合发起式C
026466,西部利得智享量化选股混合A
027708,鑫元新材料睿选混合发起式A
027769,国泰海通医疗创新睿选混合发起A
027780,国泰海通新能源睿选混合发起A
027855,浦银资源精选混合C
027215,中加科技视野智选混合发起式A
027684,华安远见回报混合A
027562,兴合动力领航混合发起式A
027563,兴合动力领航混合发起式C
026919,大成启元价值混合C
026997,易方达成长景明混合A
026998,易方达成长景明混合C
026474,西部利得周期鑫选混合发起C
026994,东方阿尔法瑞利混合发起C
027330,大成天享3个月持有期混合A
027582,兴业周期睿选混合发起式A
027583,兴业周期睿选混合发起式C
027447,兴银新锐量化选股混合C
027446,兴银新锐量化选股混合A
027590,安联中国港股通精选混合A
027770,国泰海通医疗创新睿选混合发起C
027216,中加科技视野智选混合发起式C
026969,创金合信文利1个月持有期混合C
027437,富国消费睿选混合发起式C
027436,富国消费睿选混合发起式A
027444,中信保诚新能源混合发起式A
027445,中信保诚新能源混合发起式C
027190,新华数字经济混合发起C
027189,新华数字经济混合发起A
026540,鹏华成长进取混合A
027194,华夏成长发现混合C
027193,华夏成长发现混合A
027425,招商新能源严选混合发起式C
027424,招商新能源严选混合发起式A
027011,汇添富港股通周期精选混合C
027010,汇添富港股通周期精选混合A
027363,中加睿新智选混合发起式C
027362,中加睿新智选混合发起式A
027685,华安远见回报混合C
027481,泓德智选远航混合C
027361,中加领航智选混合发起式C
017543,中银美丽中国混合C
027105,中银优秀企业混合C
026277,泉果竞争优势混合A
027664,湘财新材料混合A
027665,湘财新材料混合C
028766,银河稳健混合C
028789,银华瑞泰灵活配置混合C
028652,融通跨界成长灵活配置混合C
027848,招商瑞华回报6个月持有期混合A
027849,招商瑞华回报6个月持有期混合C
027905,万家资源主题混合发起式A
027906,万家资源主题混合发起式C
027480,泓德智选远航混合A
027256,融通数字经济臻选混合发起式A
028291,泰信周期轮动锐选混合发起式A
028292,泰信周期轮动锐选混合发起式C
028847,长城久祥混合D
026745,交银红利量化选股混合C
016436,泰信新能源锐选混合发起式C
016435,泰信新能源锐选混合发起式A
027221,长城均衡回报混合发起A
028723,诺安恒鑫混合C
028678,诺安进取回报混合C
028760,明亚远航智选混合A
027159,中欧景气回报混合C
027222,长城均衡回报混合发起C
028761,明亚远航智选混合C
027714,华宝质量量化选股混合C
028729,融通通鑫灵活配置混合C
028814,国泰海通消费服务睿选混合发起C
028813,国泰海通消费服务睿选混合发起A
027760,工银新兴制造混合D
027797,华夏优享回报混合A
028462,财通多策略福享混合(LOF)C
027739,中欧恒益稳健180天混合A
027569,中邮嘉享混合发起式C
027150,平安周期精选混合发起式C
027068,中加科技先锋智选混合发起式A
026984,京管泰富京享混合A
027650,东财农业智选混合发起式A
027777,圆信永丰沣泰C
027776,鹏扬量化选股混合C
027775,鹏扬量化选股混合A
028232,长城资源精选混合发起C
028357,平安鼎越混合C
028564,光大保德信行业轮动混合C
028369,易方达新常态混合C
026820,南方医疗精选混合发起A
028231,长城资源精选混合发起A
026985,京管泰富京享混合C
027548,东方红智弘价值混合发起C
027360,中加领航智选混合发起式A
028706,诺安灵活配置混合C
028230,长城安瑞混合发起C
028229,长城安瑞混合发起A
028755,国联安新科技混合C
028548,国联安优选行业混合C
020792,诺安改革趋势混合C
028475,泰康安泰回报混合C
028653,南方益和灵活配置混合C
027526,鑫元医疗创新睿选混合发起式A
027527,鑫元医疗创新睿选混合发起式C
025940,浦银港股通消费混合A
028979,海富通领先成长混合C
028737,银河收益混合C
027956,长盛新兴成长混合C
027651,东财农业智选混合发起式C
027713,华宝质量量化选股混合A
028439,银华中小盘混合C
028790,银华裕利混合发起式C
027273,招商价值慧选混合发起式A
027280,招商价值慧选混合发起式C
028786,银华和谐主题混合C
028897,银华内需精选混合(LOF)C
028984,银华万物互联灵活配置混合C
028374,泰信资源睿选混合发起式A
028375,泰信资源睿选混合发起式C
028468,银华多元动力灵活配置混合C
028785,银华成长先锋混合C
028488,中信保诚瑞丰6个月混合D
028537,南方新兴龙头灵活配置混合C
028637,银华科创主题灵活配置混合(LOF)C
